project,run_id,suite,exit_code,line_number,fingerprint,occurrences,keyword,is_pipeline_issue,confidence,env_subsystem,labeled_at
spreed,1614787935_d575013901ec8e83adc4d190597526ba92ac9338,vue-cli-service,1,293,26cbf216835ce90f,25,  ● LeftSidebar.vue › search results › not found caption › displays all types minus circles when nothing was found but c,False,0.9100,none,2026-10-03T09:23:30.534865+00:00
spreed,1614787935_d575013901ec8e83adc4d190597526ba92ac9338,vue-cli-service,1,311,1df771c37d256105,25,  ● LeftSidebar.vue › search results › not found caption › displays caption for users and groups not found,False,0.9000,none,2026-10-03T09:23:30.640728+00:00
spreed,1614787935_d575013901ec8e83adc4d190597526ba92ac9338,vue-cli-service,1,329,b99b25ae2f3f5051,25,  ● LeftSidebar.vue › search results › not found caption › displays caption for users not found,False,0.9000,none,2026-10-03T09:23:30.728912+00:00
spreed,1614787935_d575013901ec8e83adc4d190597526ba92ac9338,vue-cli-service,1,347,b9f8cf2eaed73b9f,25,  ● LeftSidebar.vue › search results › not found caption › displays caption for groups not found,False,0.9000,none,2026-10-03T09:23:30.859307+00:00
spreed,1614787935_d575013901ec8e83adc4d190597526ba92ac9338,vue-cli-service,1,275,98f0d350e234c4bb,25,  ● LeftSidebar.vue › search results › not found caption › displays all types in caption when nothing was found,False,0.8900,none,2026-10-03T09:23:30.903615+00:00
spreed,1614787935_d575013901ec8e83adc4d190597526ba92ac9338,vue-cli-service,1,365,5a40c6dafdba7034,25,  ● LeftSidebar.vue › search results › not found caption › displays caption for groups and circles not found,False,0.9000,none,2026-10-03T09:23:31.043085+00:00
spreed,1614787935_d575013901ec8e83adc4d190597526ba92ac9338,vue-cli-service,1,383,af2f700ae24904e5,25,  ● LeftSidebar.vue › search results › not found caption › displays caption for users and circles not found,False,0.9000,none,2026-10-03T09:23:31.171480+00:00
spreed,1617179771_a2385777571dac714ac65a603aabc1533d0d1db4,vue-cli-service,1,303,59f8c8506df625ab,14,  ● Conversation.vue › renders conversation entry,False,0.8800,none,2026-10-03T09:23:31.312671+00:00
spreed,1617179771_a2385777571dac714ac65a603aabc1533d0d1db4,vue-cli-service,1,320,430f5c2554241022,2,  ● Conversation.vue › displayed subtitle › display joining conversation message when not joined yet,False,0.8500,none,2026-10-03T09:23:31.470505+00:00
spreed,1617179771_a2385777571dac714ac65a603aabc1533d0d1db4,vue-cli-service,1,335,b4801d191972bb69,2,  ● Conversation.vue › displayed subtitle › displays nothing when there is no last chat message,False,0.8800,none,2026-10-03T09:23:31.599684+00:00
spreed,1617179771_a2385777571dac714ac65a603aabc1533d0d1db4,vue-cli-service,1,350,9b61280d558b8188,4,  ● Conversation.vue › displayed subtitle › author name › displays last chat message with shortened author name,False,0.8600,none,2026-10-03T09:23:31.763804+00:00
spreed,1617179771_a2385777571dac714ac65a603aabc1533d0d1db4,vue-cli-service,1,365,e630928105718085,4,  ● Conversation.vue › displayed subtitle › author name › displays last chat message with author name if no space in nam,False,0.8500,none,2026-10-03T09:23:31.976773+00:00
spreed,1617179771_a2385777571dac714ac65a603aabc1533d0d1db4,vue-cli-service,1,380,00ef2ab82a39fad8,4,"  ● Conversation.vue › displayed subtitle › author name › displays own last chat message with ""You"" as author",False,0.8600,none,2026-10-03T09:23:32.047743+00:00
spreed,1617179771_a2385777571dac714ac65a603aabc1533d0d1db4,vue-cli-service,1,395,4ce3b9318cc51e08,4,  ● Conversation.vue › displayed subtitle › author name › displays last system message without author,False,0.8500,none,2026-10-03T09:23:32.190694+00:00
spreed,1617179771_a2385777571dac714ac65a603aabc1533d0d1db4,vue-cli-service,1,410,979e2d24959300bf,4,  ● Conversation.vue › displayed subtitle › author name › displays last message without author in one to one conversatio,False,0.8500,none,2026-10-03T09:23:32.347335+00:00
spreed,1617179771_a2385777571dac714ac65a603aabc1533d0d1db4,vue-cli-service,1,425,f0e50a00f9e0d058,4,"  ● Conversation.vue › displayed subtitle › author name › displays own last message with ""You"" author in one to one conv",False,0.8600,none,2026-10-03T09:23:32.531380+00:00
spreed,1617179771_a2385777571dac714ac65a603aabc1533d0d1db4,vue-cli-service,1,440,9683865816bd3914,4,  ● Conversation.vue › displayed subtitle › author name › displays last guest message with default author when none set,False,0.8700,none,2026-10-03T09:23:32.633036+00:00
spreed,1617179771_a2385777571dac714ac65a603aabc1533d0d1db4,vue-cli-service,1,455,0acd409d2c32608b,7,  ● Conversation.vue › displayed subtitle › author name › displays last message for search results,False,0.8700,none,2026-10-03T09:23:32.799287+00:00
spreed,1617179771_a2385777571dac714ac65a603aabc1533d0d1db4,vue-cli-service,1,486,163025e3491433f1,4,  ● Conversation.vue › displayed subtitle › replaces placeholders in rich object of last message,False,0.8600,none,2026-10-03T09:23:32.951130+00:00
spreed,1617179771_a2385777571dac714ac65a603aabc1533d0d1db4,vue-cli-service,1,501,5b57ee323d301dde,3,  ● Conversation.vue › displayed subtitle › last message from messages store › displays store message when more recent,False,0.8400,none,2026-10-03T09:23:33.123234+00:00
spreed,1617179771_a2385777571dac714ac65a603aabc1533d0d1db4,vue-cli-service,1,516,de379838f4f5c1f4,3,  ● Conversation.vue › displayed subtitle › last message from messages store › displays conversation message when last o,False,0.8500,none,2026-10-03T09:23:33.258651+00:00
spreed,1617179771_a2385777571dac714ac65a603aabc1533d0d1db4,vue-cli-service,1,531,ebcf12b49576a37e,3,  ● Conversation.vue › displayed subtitle › last message from messages store › displays conversation message when last o,False,0.8600,none,2026-10-03T09:23:33.397357+00:00
spreed,1617179771_a2385777571dac714ac65a603aabc1533d0d1db4,vue-cli-service,1,546,94d9f2185a7535b7,3,  ● Conversation.vue › displayed subtitle › last message from messages store › displays store message when last one is a,False,0.8600,none,2026-10-03T09:23:33.582806+00:00
spreed,1617179771_a2385777571dac714ac65a603aabc1533d0d1db4,vue-cli-service,1,561,52d87b6e1530977c,9,  ● Conversation.vue › unread messages counter › renders unread messages counter,False,0.8600,none,2026-10-03T09:23:33.745186+00:00
spreed,1617179771_a2385777571dac714ac65a603aabc1533d0d1db4,vue-cli-service,1,579,4833cd2de57d0394,9,  ● Conversation.vue › unread messages counter › renders unread mentions highlighted for non one-to-one conversations,False,0.8800,none,2026-10-03T09:23:33.838887+00:00
spreed,1617179771_a2385777571dac714ac65a603aabc1533d0d1db4,vue-cli-service,1,615,f277f3080a5dd520,5,  ● Conversation.vue › unread messages counter › does not render counter when no unread messages,False,0.8600,none,2026-10-03T09:23:34.202898+00:00
spreed,1617179771_a2385777571dac714ac65a603aabc1533d0d1db4,vue-cli-service,1,597,cfc8568104a16a57,9,  ● Conversation.vue › unread messages counter › renders unread mentions always highlighted for one-to-one conversations,False,0.8800,none,2026-10-03T09:23:34.278066+00:00
spreed,1617179771_a2385777571dac714ac65a603aabc1533d0d1db4,vue-cli-service,1,632,a3fb81cff4ee609b,3,  ● Conversation.vue › actions › forwards click event on list item,False,0.8600,none,2026-10-03T09:23:34.295367+00:00
spreed,1617179771_a2385777571dac714ac65a603aabc1533d0d1db4,vue-cli-service,1,649,c43214ccc10bb4c7,2,  ● Conversation.vue › actions › notification level › sets notification to all messages,False,0.8600,none,2026-10-03T09:23:34.464123+00:00
spreed,1617179771_a2385777571dac714ac65a603aabc1533d0d1db4,vue-cli-service,1,668,22fc8a87d33e8237,2,  ● Conversation.vue › actions › notification level › sets notification to at-mentions only,False,0.8600,none,2026-10-03T09:23:34.623400+00:00
spreed,1617179771_a2385777571dac714ac65a603aabc1533d0d1db4,vue-cli-service,1,687,b7138a517cb3d7fb,2,  ● Conversation.vue › actions › notification level › sets notification to off,False,0.8400,none,2026-10-03T09:23:34.800526+00:00
spreed,1617179771_a2385777571dac714ac65a603aabc1533d0d1db4,vue-cli-service,1,706,93f967deaec7d7ff,2,  ● Conversation.vue › actions › leaving conversation › leaves conversation,False,0.8400,none,2026-10-03T09:23:34.917467+00:00
spreed,1617179771_a2385777571dac714ac65a603aabc1533d0d1db4,vue-cli-service,1,724,3db0d99ccf977b82,2,"  ● Conversation.vue › actions › leaving conversation › hides ""leave conversation"" action when not allowed",False,0.8500,none,2026-10-03T09:23:35.163303+00:00
spreed,1617179771_a2385777571dac714ac65a603aabc1533d0d1db4,vue-cli-service,1,742,9ec3bb7b83aa17d5,3,  ● Conversation.vue › actions › leaving conversation › errors with notification when a new moderator is required before,False,0.8600,none,2026-10-03T09:23:35.229550+00:00
spreed,1617179771_a2385777571dac714ac65a603aabc1533d0d1db4,vue-cli-service,1,760,5379bf69a9e12475,2,  ● Conversation.vue › actions › deleting conversation › deletes conversation when confirmed,False,0.8500,none,2026-10-03T09:23:35.350359+00:00
spreed,1617179771_a2385777571dac714ac65a603aabc1533d0d1db4,vue-cli-service,1,778,6b1e7b6232a30d15,2,  ● Conversation.vue › actions › deleting conversation › does not delete conversation when not confirmed,False,0.8600,none,2026-10-03T09:23:35.493064+00:00
spreed,1617179771_a2385777571dac714ac65a603aabc1533d0d1db4,vue-cli-service,1,796,eb9a771f662e2e77,2,"  ● Conversation.vue › actions › deleting conversation › hides ""delete conversation"" action when not allowed",False,0.8500,none,2026-10-03T09:23:35.668442+00:00
spreed,1617179771_a2385777571dac714ac65a603aabc1533d0d1db4,vue-cli-service,1,814,b3821fbc4905d94c,3,  ● Conversation.vue › actions › copies link conversation,False,0.8600,none,2026-10-03T09:23:35.824038+00:00
spreed,1617179771_a2385777571dac714ac65a603aabc1533d0d1db4,vue-cli-service,1,831,7225450222c78f71,2,  ● Conversation.vue › actions › sets favorite,False,0.8600,none,2026-10-03T09:23:36.067737+00:00
spreed,1617179771_a2385777571dac714ac65a603aabc1533d0d1db4,vue-cli-service,1,848,e353ebcf766fb307,2,  ● Conversation.vue › actions › unsets favorite,False,0.8600,none,2026-10-03T09:23:36.109475+00:00
spreed,1617179771_a2385777571dac714ac65a603aabc1533d0d1db4,vue-cli-service,1,865,54bba9ae6958397b,2,  ● Conversation.vue › actions › marks conversation as read,False,0.8900,none,2026-10-03T09:23:36.243895+00:00
spreed,1617179771_a2385777571dac714ac65a603aabc1533d0d1db4,vue-cli-service,1,883,b0e1aa4c03ce08dd,7,  ● Conversation.vue › actions › does not show actions for search result,False,0.9100,none,2026-10-03T09:23:36.581085+00:00
spreed,1617179771_a2385777571dac714ac65a603aabc1533d0d1db4,vue-cli-service,1,1660,18775778ad5163fd,13,  ● LeftSidebar.vue › search results › clicking search results › joins listed conversation from search result,False,0.8700,none,2026-10-03T09:23:36.621740+00:00
spreed,1620655310_fce24ef7ac58b90c7f34b7766d2f747b185bd8a5,vue-cli-service,1,202,9989a4a926ffd537,101,  ● Test suite failed to run,True,0.6800,runner_env_config,2026-10-03T09:23:36.709821+00:00
spreed,1623311028_632ce3673d35fb2be5bc6da917a77a274149c33f,vue-cli-service,1,210,7aa07016d08d1dc9,122,  ● Test suite failed to run,True,0.6800,runner_env_config,2026-10-03T09:23:36.891276+00:00
spreed,1623753465_c167a1a3fd25c8e2fb83cd40406cf26d6e5b633e,vue-cli-service,1,198,f0a92c1026b29dd5,7,  ● messagesStore › look for new messages › looks for new messages,False,0.9000,none,2026-10-03T09:23:37.008024+00:00
spreed,1623753465_c167a1a3fd25c8e2fb83cd40406cf26d6e5b633e,vue-cli-service,1,214,876a8137c9509cc1,7,  ● messagesStore › look for new messages › looks for new messages does not update last message if lower,False,0.9200,none,2026-10-03T09:23:37.129073+00:00
spreed,1624040871_51b24cc9b5d5241c1b97615c2f2b9f0374d82754,vue-cli-service,1,212,a881efa7f94ed0da,52,  ● Test suite failed to run,True,0.7700,node_runtime_syntax,2026-10-03T09:23:37.292934+00:00
spreed,1624040871_51b24cc9b5d5241c1b97615c2f2b9f0374d82754,vue-cli-service,1,260,51e83d1eddd6555b,28,  ● Test suite failed to run,True,0.7300,node_runtime_syntax,2026-10-03T09:23:37.453416+00:00
spreed,1624040871_51b24cc9b5d5241c1b97615c2f2b9f0374d82754,vue-cli-service,1,284,7317ad94b73bef76,52,  ● Test suite failed to run,True,0.7100,node_runtime_syntax,2026-10-03T09:23:37.622600+00:00
spreed,1624040871_51b24cc9b5d5241c1b97615c2f2b9f0374d82754,vue-cli-service,1,308,008e3e21e720dbd9,25,  ● Test suite failed to run,True,0.7300,node_runtime_syntax,2026-10-03T09:23:37.756329+00:00
spreed,1624040871_51b24cc9b5d5241c1b97615c2f2b9f0374d82754,vue-cli-service,1,356,c5ca765233ef5d88,102,  ● Test suite failed to run,True,0.7100,node_runtime_syntax,2026-10-03T09:23:38.087586+00:00
spreed,1624040871_51b24cc9b5d5241c1b97615c2f2b9f0374d82754,vue-cli-service,1,332,033634d7e16a9aa7,100,  ● Test suite failed to run,True,0.7400,node_runtime_syntax,2026-10-03T09:23:38.092913+00:00
spreed,1624040871_51b24cc9b5d5241c1b97615c2f2b9f0374d82754,vue-cli-service,1,380,c0f9e514bf31123a,55,  ● Test suite failed to run,True,0.7200,node_runtime_syntax,2026-10-03T09:23:38.266198+00:00
spreed,1625500848_cc4f44364a3b8d4d11558e393d7aa676da2d4951,vue-cli-service,1,204,fba7cc7cc72b3c88,2,  ● AvatarWrapper.vue › Renders guests icons properly,False,0.8900,none,2026-10-03T09:23:38.335907+00:00
spreed,1626765814_773d24f1ddfaaf65c9aed0c8148f1a0fffb9b2a8,vue-cli-service,1,308,52d47a5223719599,36,  ● Test suite failed to run,True,0.6700,runner_env_config,2026-10-03T09:23:38.500686+00:00
spreed,1634908830_fb7ba9e7a394e652cc7233f33c0d2d46bda9f61f,vue-cli-service,1,212,76fdd28a047454f6,3,  ● conversationsStore › sets default permissions for a conversation,False,0.8900,none,2026-10-03T09:23:38.669812+00:00
spreed,1634908830_fb7ba9e7a394e652cc7233f33c0d2d46bda9f61f,vue-cli-service,1,230,8729b4cd06477d90,3,  ● conversationsStore › sets default permissions for a call,False,0.8700,none,2026-10-03T09:23:38.834613+00:00
spreed,1635247428_91bbdb6026b1770db55a4adebb8d4be2ec00fb31,vue-cli-service,1,242,4720903a14e609d3,16,  ● ParticipantPermissionsEditor.vue › Properly renders the checkboxes when mounted › Properly renders the call start ch,False,0.8400,none,2026-10-03T09:23:38.970065+00:00
spreed,1635247428_91bbdb6026b1770db55a4adebb8d4be2ec00fb31,vue-cli-service,1,256,a4d3c44bea492d5d,2,  ● ParticipantPermissionsEditor.vue › Properly renders the checkboxes when mounted › Properly renders the lobby Ignore ,False,0.8300,none,2026-10-03T09:23:39.098568+00:00
spreed,1635247428_91bbdb6026b1770db55a4adebb8d4be2ec00fb31,vue-cli-service,1,270,a91bbc7d789f5a45,16,  ● ParticipantPermissionsEditor.vue › Properly renders the checkboxes when mounted › Properly renders the publish audio,False,0.8500,none,2026-10-03T09:23:39.259681+00:00
spreed,1635247428_91bbdb6026b1770db55a4adebb8d4be2ec00fb31,vue-cli-service,1,284,a58ee9ffcf351ce7,16,  ● ParticipantPermissionsEditor.vue › Properly renders the checkboxes when mounted › Properly renders the publish video,False,0.8300,none,2026-10-03T09:23:39.445746+00:00
spreed,1635247428_91bbdb6026b1770db55a4adebb8d4be2ec00fb31,vue-cli-service,1,298,762a86ae3c44de29,2,  ● ParticipantPermissionsEditor.vue › Properly renders the checkboxes when mounted › Properly renders the publish scree,False,0.8500,none,2026-10-03T09:23:39.582349+00:00
spreed,1635247428_91bbdb6026b1770db55a4adebb8d4be2ec00fb31,vue-cli-service,1,312,a6de8d702742f551,16,  ● ParticipantPermissionsEditor.vue › Dispatches the aciton to set the right permissions › Dispatches setPermissions wi,False,0.8900,none,2026-10-03T09:23:39.687808+00:00
spreed,1635247428_91bbdb6026b1770db55a4adebb8d4be2ec00fb31,vue-cli-service,1,328,a1f399654495bf69,15,  ● ParticipantPermissionsEditor.vue › Dispatches the aciton to set the right permissions › Dispatches setPermissions wi,False,0.8700,none,2026-10-03T09:23:39.840792+00:00
spreed,1635492021_0ad342d12ff4682202089d2ff7bd01e7d83d4c2d,vue-cli-service,1,349,4490be97f305574d,4,  ● Test suite failed to run,True,0.7700,runner_env_config,2026-10-03T09:23:39.998662+00:00
spreed,1642417109_864200b9d0fbd05e5c27d05152064ada5ec66aa3,vue-cli-service,1,286,bcf3653f6126bd44,2,  ● Message.vue › actions › actions become visible on mouse over,False,0.7600,runner_env_config,2026-10-03T09:23:40.168673+00:00
spreed,1643892193_b3ea65f6d10cfc0dfc726f30782121689cdb20f1,vue-cli-service,1,549,1d8265b67294098a,27,  ● MessageButtonsBar.vue › actions › private reply action › hides private reply action for own messages,False,0.9000,none,2026-10-03T09:23:40.298375+00:00
spreed,1643892193_b3ea65f6d10cfc0dfc726f30782121689cdb20f1,vue-cli-service,1,574,4a3b21580a0ba7be,24,  ● MessageButtonsBar.vue › actions › delete action › deletes message,False,0.9000,none,2026-10-03T09:23:40.491854+00:00
spreed,1643892193_b3ea65f6d10cfc0dfc726f30782121689cdb20f1,vue-cli-service,1,612,8b58d43135c25893,30,  ● MessageButtonsBar.vue › actions › renders clickable custom actions,False,0.9100,none,2026-10-03T09:23:40.618658+00:00
spreed,1643986126_1f6bf9c3848d4ef84dde083a9b91440ee396b293,vue-cli-service,1,276,24048a8f691aeffb,24,  ● MessageButtonsBar.vue › actions › reply action › replies to message,False,0.8600,none,2026-10-03T09:23:40.767482+00:00
spreed,1645441716_7f1d2e1e060d18847613f458fe097d0a70162f11,vue-cli-service,1,198,dda1a5a8062cbbae,41,  ● Test suite failed to run,False,0.6500,none,2026-10-03T09:23:40.994015+00:00
spreed,1645441716_7f1d2e1e060d18847613f458fe097d0a70162f11,vue-cli-service,1,374,a72ca8c1bda983e5,23,  ● Test suite failed to run,False,0.7200,none,2026-10-03T09:23:41.038066+00:00
spreed,1645441716_7f1d2e1e060d18847613f458fe097d0a70162f11,vue-cli-service,1,476,d1b32584ca6b8adf,56,  ● Test suite failed to run,False,0.7000,none,2026-10-03T09:23:41.225465+00:00
spreed,1646234666_dff5d31602ef81257a56dcb08872a7ccbe4d6385,vue-cli-service,1,200,2780462a82d66239,5,  ● messagesStore › temporary messages › creates temporary message,False,0.9000,none,2026-10-03T09:23:41.389007+00:00
spreed,1646234666_dff5d31602ef81257a56dcb08872a7ccbe4d6385,vue-cli-service,1,237,4296c1a9b72e5357,5,  ● messagesStore › temporary messages › creates temporary message with message to be replied,False,0.9000,none,2026-10-03T09:23:41.505665+00:00
spreed,1646234666_dff5d31602ef81257a56dcb08872a7ccbe4d6385,vue-cli-service,1,274,01f400385b28885c,5,  ● messagesStore › temporary messages › creates temporary message with file,False,0.8700,none,2026-10-03T09:23:41.698087+00:00
spreed,1646234666_dff5d31602ef81257a56dcb08872a7ccbe4d6385,vue-cli-service,1,331,0ec37763b3d640d0,8,  ● messagesStore › temporary messages › adds temporary message to the list,False,0.9100,none,2026-10-03T09:23:41.811626+00:00
spreed,1646234666_dff5d31602ef81257a56dcb08872a7ccbe4d6385,vue-cli-service,1,368,d387ac632224770b,8,  ● messagesStore › temporary messages › marks temporary message as failed,False,0.9100,none,2026-10-03T09:23:41.940293+00:00
spreed,1646234666_dff5d31602ef81257a56dcb08872a7ccbe4d6385,vue-cli-service,1,405,2097720b7d3c4a59,8,  ● messagesStore › temporary messages › gets temporary message by reference,False,0.9100,none,2026-10-03T09:23:42.111377+00:00
spreed,1646421663_08379c696a13a0c3a3eb46f216e1f1cad2e8264d,vue-cli-service,1,206,c440bd5dd298b12a,1,  ● RoomSelector.vue › emits select event on select,False,0.8600,none,2026-10-03T09:23:42.288079+00:00
spreed,1647516941_68f41bdb64c0469f58b158c0b0546f6be47913e3,vue-cli-service,1,1028,6e2a0d5496bd3bdb,5,  ● MessageButtonsBar.vue › actions › private reply action › creates a new conversation when replying to message private,False,0.8900,none,2026-10-03T09:23:42.426623+00:00
spreed,1647516941_68f41bdb64c0469f58b158c0b0546f6be47913e3,vue-cli-service,1,1105,e80c84391dba6417,5,  ● MessageButtonsBar.vue › actions › private reply action › hides private reply action for guest messages,False,0.8900,none,2026-10-03T09:23:42.582191+00:00
spreed,1647516941_68f41bdb64c0469f58b158c0b0546f6be47913e3,vue-cli-service,1,1144,24b48c769409b765,5,  ● MessageButtonsBar.vue › actions › private reply action › hides private reply action when current user is a guest,False,0.8900,none,2026-10-03T09:23:42.737647+00:00
spreed,1647516941_68f41bdb64c0469f58b158c0b0546f6be47913e3,vue-cli-service,1,1253,e572fe2cf9db96d2,1,  ● MessageButtonsBar.vue › actions › delete action › hides delete action when the conversation is read-only,False,0.8700,none,2026-10-03T09:23:43.004888+00:00
spreed,1647516941_68f41bdb64c0469f58b158c0b0546f6be47913e3,vue-cli-service,1,1221,d3daaaf1cbd003a1,1,  ● MessageButtonsBar.vue › actions › delete action › hides delete action when message is older than 6 hours,False,0.8700,none,2026-10-03T09:23:43.088352+00:00
spreed,1647516941_68f41bdb64c0469f58b158c0b0546f6be47913e3,vue-cli-service,1,1285,6c2054dff15713b2,1,  ● MessageButtonsBar.vue › actions › delete action › hides delete action for file messages,False,0.8700,none,2026-10-03T09:23:43.162243+00:00
spreed,1647516941_68f41bdb64c0469f58b158c0b0546f6be47913e3,vue-cli-service,1,1317,40f75253cd397c90,1,  ● MessageButtonsBar.vue › actions › delete action › hides delete action on other people messages for non-moderators,False,0.8800,none,2026-10-03T09:23:43.307895+00:00
spreed,1647516941_68f41bdb64c0469f58b158c0b0546f6be47913e3,vue-cli-service,1,1349,5c185c24909b7059,2,  ● MessageButtonsBar.vue › actions › delete action › shows delete action on other people messages for moderators,False,0.9000,none,2026-10-03T09:23:43.483049+00:00
spreed,1647516941_68f41bdb64c0469f58b158c0b0546f6be47913e3,vue-cli-service,1,1381,6923be6ff94a0939,2,  ● MessageButtonsBar.vue › actions › delete action › shows delete action on other people messages for owner,False,0.8800,none,2026-10-03T09:23:43.620689+00:00
spreed,1647516941_68f41bdb64c0469f58b158c0b0546f6be47913e3,vue-cli-service,1,1413,b50d7b67a10d332f,1,  ● MessageButtonsBar.vue › actions › delete action › does not show delete action even for guest moderators,False,0.8800,none,2026-10-03T09:23:43.743601+00:00
spreed,1647516941_68f41bdb64c0469f58b158c0b0546f6be47913e3,vue-cli-service,1,1445,a1530970cc002d36,5,  ● MessageButtonsBar.vue › actions › marks message as unread,False,0.9000,none,2026-10-03T09:23:43.901219+00:00
spreed,1647516941_68f41bdb64c0469f58b158c0b0546f6be47913e3,vue-cli-service,1,1483,0f9c827b729abd3d,7,  ● MessageButtonsBar.vue › actions › copies message link,False,0.9000,none,2026-10-03T09:23:44.035340+00:00
spreed,1648655986_0b081554ceba2f2e59a6e83827ebb11acead38b3,vue-cli-service,1,213,98f6774c1c11b2e9,46,  ● Test suite failed to run,False,0.6600,none,2026-10-03T09:23:44.355318+00:00
spreed,1648220718_17eadda25be7773210df3b543a9dbb9e051fa7c9,vue-cli-service,1,322,8c2351efe94f96da,5,  ● Message.vue › reactions › shows reaction buttons with the right emoji count,False,0.8900,none,2026-10-03T09:23:44.521118+00:00
spreed,1650389801_bfdca047821bd836edd478c1f430437daec397a6,vue-cli-service,1,886,83766acafd99de07,6,  ● Message.vue › reactions › dispatches store action to remove an emoji upon clicking reaction button,False,0.9000,none,2026-10-03T09:23:44.531180+00:00
spreed,1652490114_29398f4db93cac61930609d408fc7aac46ec5a71,vue-cli-service,1,382,b98ab35a78978488,6,  ● Message.vue › message rendering › renders date,False,0.8200,none,2026-10-03T09:23:44.654505+00:00
spreed,1652490114_29398f4db93cac61930609d408fc7aac46ec5a71,vue-cli-service,1,407,f54a7efc6d0f894c,6,  ● MessagesList.vue › message grouping › displays a date separator between days,False,0.8600,none,2026-10-03T09:23:44.786200+00:00
spreed,1658307034_10c4925e4d24feab6290fd4cd1ed0ce6ea88eff8,vue-cli-service,1,417,2560a2cbd387c07c,1,  ● Test suite failed to run,False,0.7500,none,2026-10-03T09:23:44.946941+00:00
spreed,1660141837_dc0a85115c5208f0df4e2a2421d514f2c903d56a,vue-cli-service,1,1043,16231e49b26479e5,7,  ● Message.vue › status › lets user retry sending a timed out message,False,0.8200,none,2026-10-03T09:23:45.164030+00:00
spreed,1660210427_4562f7991f776354e44440a1cb22a85dda28a2d4,vue-cli-service,1,211,bcaeeca7579ea982,11,  ● Test suite failed to run,True,0.6000,module_resolution,2026-10-03T09:23:45.253236+00:00
spreed,1660825967_0b51f0558322996fb06588d87a6f4b3fc67ded11,vue-cli-service,1,443,76f25eee892d0014,7,  ● FilePreview.vue › file preview rendering › triggering viewer › opens viewer when clicking if viewer available,False,0.8900,none,2026-10-03T09:23:45.412090+00:00
spreed,1660837939_5bceccef75416d5f46f66217568e21b440f3dea0,vue-cli-service,1,316,e481f8e60d2af66b,38,  ● Test suite failed to run,True,0.7100,module_resolution,2026-10-03T09:23:45.545728+00:00
spreed,1660837952_02e83a61dc246c3130a6ed8bd2e969996b96d0b8,vue-cli-service,1,485,95278d137b90788c,2,  ● AvatarWrapper.vue › Renders user avatars properly,False,0.8700,none,2026-10-03T09:23:45.687380+00:00
spreed,1663086308_015277152870dd65e254a44511dde2ce9dac7eb6,jest,1,613,835df8d0f64f11cd,3,  ● FilePreview.vue › file preview rendering › gif rendering › renders static preview for big GIF files,False,0.8200,none,2026-10-03T09:23:45.842449+00:00
spreed,1663910501_43fc99c7a252c8a63d210eed7268e7b67e4a738c,jest,1,1009,2692d45805c9875f,4,  ● Message.vue › reactions › shows reaction buttons with the right emoji count but without emoji placeholder when no ch,False,0.9000,none,2026-10-03T09:23:46.006262+00:00
spreed,1667557873_fbf20d217d9f32bb8d832189feca5abb1bc85e0b,jest,1,219,74fc8e715a494a67,31,  ● Test suite failed to run,False,0.8600,none,2026-10-03T09:23:46.129569+00:00
spreed,1667567747_fcc4a83c1e36f6f537a1052b890dded1fd3d771b,jest,1,224,6d9fd7c19d80fd21,2,  ● messagesStore › message list,False,0.8700,none,2026-10-03T09:23:46.287724+00:00
spreed,1667836568_6850fcbdb3c8c1c031b25ad20ab5a5410aff7c34,jest,1,216,c4494a7aee376675,1,  ● messagesService › fetchMessages calls the chat API endpoint excluding last known,False,0.9300,none,2026-10-03T09:23:46.458529+00:00
spreed,1667836568_6850fcbdb3c8c1c031b25ad20ab5a5410aff7c34,jest,1,247,73ddf6f3c05ed814,1,  ● messagesService › fetchMessages calls the chat API endpoint including last known,False,0.9400,none,2026-10-03T09:23:46.580863+00:00
spreed,1667836568_6850fcbdb3c8c1c031b25ad20ab5a5410aff7c34,jest,1,299,1face9ce90487d07,1,  ● messagesStore › fetchMessages › fetches messages from server including last known,False,0.8900,none,2026-10-03T09:23:46.765472+00:00
spreed,1667836568_6850fcbdb3c8c1c031b25ad20ab5a5410aff7c34,jest,1,318,2ba51e650960e40e,1,  ● messagesStore › fetchMessages › fetches messages from server excluding last known,False,0.8100,none,2026-10-03T09:23:46.895278+00:00
spreed,1669116586_900899ded864caf88ca508d700232d45ae967323,jest,1,1225,c0666382236dc008,7,  ● MessagesList.vue › message grouping › groups consecutive messages by author,False,0.8800,none,2026-10-03T09:23:47.095854+00:00
spreed,1669116586_900899ded864caf88ca508d700232d45ae967323,jest,1,1263,4f05ed919d925491,5,  ● MessagesList.vue › message grouping › groups system messages with each other,False,0.8900,none,2026-10-03T09:23:47.200300+00:00
spreed,1669116586_900899ded864caf88ca508d700232d45ae967323,jest,1,1282,d23d05a8444ea78d,3,  ● MessagesList.vue › message grouping › skips deleted messages when grouping,False,0.8700,none,2026-10-03T09:23:47.348553+00:00
spreed,1674756100_e989fc1e3b670a3700aeed93c05e9ab01387968d,jest,1,4238,03b0287f987b1c54,4,  ● Conversation.vue › unread messages counter › renders group mentions outlined for non one-to-one conversations,False,0.8400,none,2026-10-03T09:23:47.498784+00:00
spreed,1674756100_e989fc1e3b670a3700aeed93c05e9ab01387968d,jest,1,14348,0c722c521d3c38af,6,  ● LeftSidebar.vue › conversation list › fetches and renders conversation list initially,False,0.8500,none,2026-10-03T09:23:47.632811+00:00
spreed,1674756100_e989fc1e3b670a3700aeed93c05e9ab01387968d,jest,1,14383,433e7b6e8507471b,4,  ● LeftSidebar.vue › conversation list › re-fetches conversations every 30 seconds,False,0.8500,none,2026-10-03T09:23:47.804306+00:00
spreed,1674756100_e989fc1e3b670a3700aeed93c05e9ab01387968d,jest,1,14418,4e9f507683f7510d,5,  ● LeftSidebar.vue › conversation list › re-fetches conversations when receiving bus event,False,0.8600,none,2026-10-03T09:23:47.941670+00:00
spreed,1674756100_e989fc1e3b670a3700aeed93c05e9ab01387968d,jest,1,14453,c1b1694a502037a9,22,  ● LeftSidebar.vue › search results › displaying search results › displays search results when search is active,False,0.8500,none,2026-10-03T09:23:48.087318+00:00
spreed,1674756100_e989fc1e3b670a3700aeed93c05e9ab01387968d,jest,1,14498,7c98bd1950585053,22,  ● LeftSidebar.vue › search results › displaying search results › only shows user search results when cannot create con,False,0.8600,none,2026-10-03T09:23:48.260967+00:00
spreed,1674756100_e989fc1e3b670a3700aeed93c05e9ab01387968d,jest,1,14542,235468a3d4de0862,22,  ● LeftSidebar.vue › search results › displaying search results › does not show circles results when circles are disabl,False,0.8600,none,2026-10-03T09:23:48.394518+00:00
spreed,1674756100_e989fc1e3b670a3700aeed93c05e9ab01387968d,jest,1,14640,bf2baf4b0caf46e1,22,  ● LeftSidebar.vue › search results › not found caption › displays all types in caption when only listed conversations ,False,0.8600,none,2026-10-03T09:23:48.554385+00:00
spreed,1674756100_e989fc1e3b670a3700aeed93c05e9ab01387968d,jest,1,15055,fbd2f201efa127e0,19,  ● LeftSidebar.vue › search results › clicking search results › creates one to one conversation from user search result,False,0.8600,none,2026-10-03T09:23:48.736596+00:00
spreed,1674756100_e989fc1e3b670a3700aeed93c05e9ab01387968d,jest,1,15099,aabe1f294d921944,20,  ● LeftSidebar.vue › search results › clicking search results › shows group conversation dialog when clicking search re,False,0.8400,none,2026-10-03T09:23:48.873437+00:00
spreed,1674756100_e989fc1e3b670a3700aeed93c05e9ab01387968d,jest,1,15143,e8e33e42c16b4ebc,20,  ● LeftSidebar.vue › search results › clicking search results › shows circles conversation dialog when clicking search ,False,0.8500,none,2026-10-03T09:23:49.007531+00:00
spreed,1674756100_e989fc1e3b670a3700aeed93c05e9ab01387968d,jest,1,15187,a519c2b8f12acce3,19,  ● LeftSidebar.vue › search results › clicking search results › clears search results when joining user chat,False,0.8500,none,2026-10-03T09:23:49.159588+00:00
spreed,1674756100_e989fc1e3b670a3700aeed93c05e9ab01387968d,jest,1,15231,dda7dfa7a83c41bd,19,  ● LeftSidebar.vue › search results › clicking search results › does not clear search results when clicking group chat,False,0.8600,none,2026-10-03T09:23:49.313766+00:00
spreed,1680248588_f191ab890bc9a3ab0bdfda683bbffbe31a0262fa,jest,1,382,fdb4f4977edec196,1,  ● AvatarWrapper.vue › Renders email icons properly,False,0.9300,none,2026-10-03T09:23:49.447847+00:00
spreed,1683086163_c9cd937ba7891866b1b4ba956696b57d4e1d032b,jest,1,232,554adb687bea57cb,6,  ● SignalingTypingHandler › start typing › when room is not joined yet,False,0.8600,none,2026-10-03T09:23:49.644807+00:00
spreed,1683086163_c9cd937ba7891866b1b4ba956696b57d4e1d032b,jest,1,248,ffdac006e1b871c4,6,  ● SignalingTypingHandler › stop typing › when room is not joined yet,False,0.8700,none,2026-10-03T09:23:49.789450+00:00
spreed,1689018376_59c5432a7e47c1fcb711f26694255b6d37c079e5,jest,1,295,60eb40c029d57d8d,9,  ● Test suite failed to run,True,0.6500,runner_env_config,2026-10-03T09:23:50.206650+00:00
spreed,1689018376_59c5432a7e47c1fcb711f26694255b6d37c079e5,jest,1,330,bd922056bba12752,2,  ● Test suite failed to run,True,0.6300,none,2026-10-03T09:23:50.363853+00:00
spreed,1692723242_73bbc55099b7ab95b479293619f8c4e92ab365fa,jest,1,346,0b6396faa21f6ba2,3,  ● messagesStore › processMessage › adds message with its parent to the list,False,0.9300,none,2026-10-03T09:23:50.505092+00:00
spreed,1694020967_520914722dde9c6326c62f3efaae7aaea4dc3d72,jest,1,394,c3cd55c66af96849,1,  ● guestNameStore › sets guest name if empty,False,0.8900,none,2026-10-03T09:23:50.626705+00:00
spreed,1694020967_520914722dde9c6326c62f3efaae7aaea4dc3d72,jest,1,408,52acbe14ef1edff4,1,  ● guestNameStore › does not override guest name if not empty,False,0.8600,none,2026-10-03T09:23:50.795495+00:00
spreed,1694020967_520914722dde9c6326c62f3efaae7aaea4dc3d72,jest,1,422,14b0c991fe760528,1,  ● guestNameStore › force override guest name,False,0.8900,none,2026-10-03T09:23:50.965767+00:00
spreed,1694020967_520914722dde9c6326c62f3efaae7aaea4dc3d72,jest,1,436,61d4d8ad67ef1647,1,  ● guestNameStore › clear guest name,False,0.9000,none,2026-10-03T09:23:51.091181+00:00
spreed,1694020967_520914722dde9c6326c62f3efaae7aaea4dc3d72,jest,1,450,adf8633c919ce340,1,  ● guestNameStore › translates default guest name,False,0.6300,none,2026-10-03T09:23:51.247097+00:00
spreed,1694955340_00cbbdd59f1d2a5cf89c06f344a610f761c2fc79,jest,1,303,b1da084777e54f29,3,  ● participantsStore › fetch participants › updates conversation if fail to fetch participants,False,0.9100,none,2026-10-03T09:23:51.395612+00:00
spreed,1696520490_32e0d806fa2d125156f62ed1cd56284c7861fa8c,jest,1,269,61a1664a3d31c7a0,6,  ● participantsStore › call handling › joins call,False,0.9100,none,2026-10-03T09:23:51.611072+00:00
spreed,1696529101_c6a09b4d5a4d8e6aedaa530b2a0e04b34c33b586,jest,1,467,cc182d129d124bdd,4,  ● messagesStore › Forward a message › forwards a message with mentions and remove the latter,False,0.9300,none,2026-10-03T09:23:51.695982+00:00
spreed,1697639832_3615c73513063521ca07d834dc39f2910fa19856,jest,1,262,fafb698bedcba7b3,1,  ● fileUploadStore › uploading › performs upload by uploading then sharing,False,0.9100,none,2026-10-03T09:23:51.867563+00:00
spreed,1697639832_3615c73513063521ca07d834dc39f2910fa19856,jest,1,280,ed2efea0f98740fb,2,  ● fileUploadStore › uploading › marks temporary message as failed in case of upload error,False,0.9000,none,2026-10-03T09:23:52.011879+00:00
spreed,1697639832_3615c73513063521ca07d834dc39f2910fa19856,jest,1,298,2d4ab60f7e9c7c9a,2,  ● fileUploadStore › uploading › marks temporary message as failed in case of sharing error,False,0.8900,none,2026-10-03T09:23:52.171356+00:00
spreed,1698926722_27b1044eb79f92437dcf9409ce74c99d4303450c,jest,1,295,233409f231b7198a,33,  ● Test suite failed to run,True,0.7900,module_resolution,2026-10-03T09:23:52.288710+00:00
spreed,1698926722_27b1044eb79f92437dcf9409ce74c99d4303450c,jest,1,349,6cb58bbb15fb635a,32,  ● Test suite failed to run,True,0.7800,module_resolution,2026-10-03T09:23:52.516977+00:00
spreed,1700237025_95b5091798e9c98905d703f4924acc69b35dec75,jest,1,221,589a306686593f8f,1,  ● fileUpload › getFileSuffix › should return the file suffix when it exists in the path,False,0.8900,none,2026-10-03T09:23:52.605592+00:00
spreed,1700237025_95b5091798e9c98905d703f4924acc69b35dec75,jest,1,235,a0a405f0fc8962b3,1,  ● fileUpload › getFileSuffix › should return 1 when no file suffix exists in the path,False,0.9000,none,2026-10-03T09:23:52.783558+00:00
spreed,1700237025_95b5091798e9c98905d703f4924acc69b35dec75,jest,1,249,bc5b1685e3f98311,1,  ● fileUpload › findUniquePath › should look for unique path starting from a known suffix when the input path already e,False,0.9300,none,2026-10-03T09:23:52.951286+00:00
spreed,1702913329_f91d7941248c6323cdecbe63855d77b6ecdd011e,jest,1,3254,2a20220cec7b310c,8,  ● Message.vue › actions › Buttons bar is rendered on mouse over,False,0.8300,none,2026-10-03T09:23:53.054072+00:00
spreed,1702913329_f91d7941248c6323cdecbe63855d77b6ecdd011e,jest,1,3281,641327bd21b8680b,8,  ● Message.vue › delete action › deletes message,False,0.8600,none,2026-10-03T09:23:53.203170+00:00
spreed,1702913329_f91d7941248c6323cdecbe63855d77b6ecdd011e,jest,1,3308,0e57e2d1e43dd0a1,10,  ● Message.vue › reactions › shows reaction buttons with count and emoji picker,False,0.8600,none,2026-10-03T09:23:53.411432+00:00
spreed,1702913329_f91d7941248c6323cdecbe63855d77b6ecdd011e,jest,1,3326,410889f7204f3331,10,  ● Message.vue › reactions › shows reaction buttons with count but without emoji picker when no chat permission,False,0.8700,none,2026-10-03T09:23:53.481462+00:00
spreed,1702913329_f91d7941248c6323cdecbe63855d77b6ecdd011e,jest,1,3344,340c7487e6ff6b01,10,  ● Message.vue › reactions › dispatches store actions upon picking an emoji from the emojipicker,False,0.8400,none,2026-10-03T09:23:53.648071+00:00
spreed,1702913329_f91d7941248c6323cdecbe63855d77b6ecdd011e,jest,1,3358,c0dddd3ffde5975e,10,  ● Message.vue › reactions › dispatches store actions upon clicking a reaction buttons,False,0.8300,none,2026-10-03T09:23:53.793090+00:00
spreed,1702988065_864771e15d9406b3c2d6e1761a250be77c10c5ab,jest,1,479,7ebbe5c621370d78,2,  ●  Cannot log after tests are done. Did you forget to wait for something async in your test?,False,0.6200,none,2026-10-03T09:23:53.967389+00:00
spreed,1703668858_bb03d896488bc83ebce19a3de75c4421a57ea727,jest,1,534,1e81ca65e15a3f53,10,  ● messagesStore › processMessage › doesn't add specific messages to the store,False,0.8800,none,2026-10-03T09:23:54.155785+00:00
spreed,1703668858_bb03d896488bc83ebce19a3de75c4421a57ea727,jest,1,557,d983624130548ab6,10,  ● messagesStore › delete message › deletes from server and replaces deleted message with response,False,0.8900,none,2026-10-03T09:23:54.230139+00:00
spreed,1703668858_bb03d896488bc83ebce19a3de75c4421a57ea727,jest,1,578,37c5375a247747f5,10,  ● messagesStore › delete message › deletes from server but doesn't replace if deleted message is not in the store,False,0.8900,none,2026-10-03T09:23:54.420479+00:00
spreed,1703708511_c6b094abd69f3f749d7c64f3db0147baea648c6d,jest,1,273,68bbe0da11189fbb,7,  ● reactionsStore › error handling › does not add a reaction when the API call fails,False,0.9000,none,2026-10-03T09:23:54.559156+00:00
spreed,1703708511_c6b094abd69f3f749d7c64f3db0147baea648c6d,jest,1,287,0a8de410aa7952ea,7,  ● reactionsStore › error handling › does not remove a reaction when the API call fails,False,0.9200,none,2026-10-03T09:23:54.726241+00:00
spreed,1703803605_0fe30c74cc01fcbcc1b069d9f4a98d8df38df6c4,jest,1,940,bad641d65998696f,32,  ● Test suite failed to run,True,0.7100,runner_env_config,2026-10-03T09:23:54.866713+00:00
spreed,1704664234_c0a57bc4abac98129c13caaced6fdb82abc17d0b,jest,1,672,39c5ebf0c6c5a02a,5,  ● Message.vue › message rendering › renders rich text message,False,0.8300,none,2026-10-03T09:23:55.001698+00:00
spreed,1704664234_c0a57bc4abac98129c13caaced6fdb82abc17d0b,jest,1,688,778247c4a1868116,5,  ● Message.vue › message rendering › renders emoji as single plain text,False,0.8400,none,2026-10-03T09:23:55.151016+00:00
spreed,1704664234_c0a57bc4abac98129c13caaced6fdb82abc17d0b,jest,1,704,2391e5d2630d53cd,5,  ● Message.vue › message rendering › call button › shows join call button on last message when a call is in progress,False,0.8600,none,2026-10-03T09:23:55.340123+00:00
spreed,1704664234_c0a57bc4abac98129c13caaced6fdb82abc17d0b,jest,1,720,e844f9dec451280e,5,  ● Message.vue › message rendering › renders deleted system message,False,0.8900,none,2026-10-03T09:23:55.448787+00:00
spreed,1704664234_c0a57bc4abac98129c13caaced6fdb82abc17d0b,jest,1,753,25ff05a1e0af0242,5,  ● Message.vue › message rendering › renders quote block,False,0.8600,none,2026-10-03T09:23:55.596148+00:00
spreed,1704664234_c0a57bc4abac98129c13caaced6fdb82abc17d0b,jest,1,770,50c2ea3149f35e97,5,  ● Message.vue › message rendering › rich objects › renders mentions,False,0.8300,none,2026-10-03T09:23:55.741111+00:00
spreed,1704664234_c0a57bc4abac98129c13caaced6fdb82abc17d0b,jest,1,787,2ca10891ea169dca,5,  ● Message.vue › message rendering › rich objects › renders single file preview,False,0.8300,none,2026-10-03T09:23:55.880014+00:00
spreed,1704664234_c0a57bc4abac98129c13caaced6fdb82abc17d0b,jest,1,804,ea8cc79e0537c050,6,  ● Message.vue › message rendering › rich objects › renders single file preview with caption,False,0.8400,none,2026-10-03T09:23:56.175218+00:00
spreed,1704664234_c0a57bc4abac98129c13caaced6fdb82abc17d0b,jest,1,821,f49a8de66d8f58cf,5,  ● Message.vue › message rendering › rich objects › renders deck cards,False,0.8500,none,2026-10-03T09:23:56.201161+00:00
spreed,1704664234_c0a57bc4abac98129c13caaced6fdb82abc17d0b,jest,1,838,45b513c2b84adb03,5,  ● Message.vue › message rendering › rich objects › renders geo locations,False,0.7600,none,2026-10-03T09:23:56.357763+00:00
spreed,1704664234_c0a57bc4abac98129c13caaced6fdb82abc17d0b,jest,1,855,3ae5719664c3b41c,5,  ● Message.vue › message rendering › rich objects › renders other rich objects,False,0.7700,none,2026-10-03T09:23:56.497988+00:00
spreed,1704664234_c0a57bc4abac98129c13caaced6fdb82abc17d0b,jest,1,889,de6761bb5654d335,5,  ● Message.vue › status › displays the message already with a spinner while sending it,False,0.8800,none,2026-10-03T09:23:56.645799+00:00
spreed,1704664234_c0a57bc4abac98129c13caaced6fdb82abc17d0b,jest,1,905,cd5e78ca453c1880,5,  ● Message.vue › status › displays icon when message was read by everyone,False,0.9100,none,2026-10-03T09:23:56.799654+00:00
spreed,1704664234_c0a57bc4abac98129c13caaced6fdb82abc17d0b,jest,1,922,5994d21fd8cb341f,5,  ● Message.vue › status › displays sent icon when own message was sent,False,0.8900,none,2026-10-03T09:23:56.981653+00:00
spreed,1705699582_412a13d8a139a099510b43a2419492653423841e,jest,1,545,1e664491ef85cecf,6,  ● fileUploadStore › uploading › performs silent upload and sharing of single file with caption,False,0.8600,none,2026-10-03T09:23:57.129282+00:00
spreed,1705699582_412a13d8a139a099510b43a2419492653423841e,jest,1,564,fd4d63d5ca21290b,6,  ● fileUploadStore › uploading › performs upload and sharing of multiple files with caption,False,0.8900,none,2026-10-03T09:23:57.225736+00:00
spreed,1706335907_48d144283117d1ea912fe240ee189128d3e784e9,jest,1,486,614d04fc4fe7a1db,2,  ● FilePreview.vue › file preview rendering › renders file preview,False,0.7900,none,2026-10-03T09:23:57.440648+00:00
spreed,1706335907_48d144283117d1ea912fe240ee189128d3e784e9,jest,1,503,b40a42f71df292ce,2,  ● FilePreview.vue › file preview rendering › renders file preview for guests,False,0.7900,none,2026-10-03T09:23:57.553592+00:00
spreed,1706335907_48d144283117d1ea912fe240ee189128d3e784e9,jest,1,726,ff11925cc2dfbece,1,  ● Conversation.vue › actions (mock router) › copies link conversation,False,0.8600,none,2026-10-03T09:23:57.723794+00:00
spreed,1706793177_953239927624933839c1bde351874ba18d751bc6,jest,1,674,814beffaea90cd8e,4,  ● Reactions.vue › reactions buttons › shows reaction buttons with count but without emoji picker when no react permiss,False,0.8800,none,2026-10-03T09:23:57.844397+00:00
spreed,1706793177_953239927624933839c1bde351874ba18d751bc6,jest,1,691,e92bf9d654148ad8,4,  ● Reactions.vue › reactions buttons › dispatches store actions upon clicking a reaction buttons,False,0.8600,none,2026-10-03T09:23:58.039235+00:00
spreed,1707903485_7d5853d92b64e3345b8121c2211823adffaf4f3d,jest,1,390,a132ede062a7206d,2,  ● Reactions.vue › reactions buttons › dispatches store actions upon picking an emoji from the emojipicker,False,0.9000,none,2026-10-03T09:23:58.147407+00:00
spreed,1708087249_b814cf2060d6cef757e2709a6578ad6ba80ae5e7,jest,1,368,e0b477c4f66a1fbd,2,  ● MessagesList.vue › message grouping › does not group system messages with regular messages from the same author,False,0.9000,none,2026-10-03T09:23:58.298479+00:00
spreed,1708087249_b814cf2060d6cef757e2709a6578ad6ba80ae5e7,jest,1,385,671c4be7eb431d61,1,  ● MessagesList.vue › message grouping › does not group messages of changelog bot,False,0.8800,none,2026-10-03T09:23:58.490472+00:00
spreed,1708087249_b814cf2060d6cef757e2709a6578ad6ba80ae5e7,jest,1,402,df28bfe1a1825c04,2,  ● MessagesList.vue › message grouping › does not group messages with different actor types,False,0.8700,none,2026-10-03T09:23:58.615123+00:00
spreed,1710235481_f65db249631ecb4c8f9fb2fd86e831fd711340e7,jest,1,290,bc7495d1a8742c7d,7,  ● Test suite failed to run,False,0.9100,none,2026-10-03T09:23:58.865765+00:00
spreed,1710438497_0caa8f229be2769e64bbd0145002ccbe858522ae,jest,1,271,33ed15c8a7e8223c,36,  ● Test suite failed to run,False,0.7200,none,2026-10-03T09:23:58.888721+00:00
spreed,1710438497_0caa8f229be2769e64bbd0145002ccbe858522ae,jest,1,657,6efdeb91665a1646,33,  ● Test suite failed to run,False,0.6700,module_resolution,2026-10-03T09:23:59.056114+00:00
spreed,1710438497_0caa8f229be2769e64bbd0145002ccbe858522ae,jest,1,792,3f2f8bf24ce813a8,30,  ● Test suite failed to run,False,0.7000,module_resolution,2026-10-03T09:23:59.185794+00:00
spreed,1714154983_f2a24769f2c7807cd53e1c95d418f235d30dce4f,jest,1,383,ff4d9d19460a2351,5,  ● MessageButtonsBar.vue › actions › delete action › emits delete event,False,0.8800,none,2026-10-03T09:23:59.338991+00:00
spreed,1714154983_f2a24769f2c7807cd53e1c95d418f235d30dce4f,jest,1,400,4e90e6c7261f061f,1,  ● MessageButtonsBar.vue › actions › delete action › show delete action for file messages,False,0.8800,none,2026-10-03T09:23:59.523532+00:00
spreed,1714394193_b4545c04fb79b61e9ca2450ad3521e0f88e26c56,jest,1,2719,e0cb16bb93ad8d61,4,  ● Conversation.vue › displayed subname › displays nothing when there is no last chat message,False,0.9200,none,2026-10-03T09:23:59.660138+00:00
spreed,1715079967_d047542269a93ec2cd30c001533f9b73d3c88ce9,jest,1,299,6794c4317ba68015,5,  ● callViewStore › call view mode and presentation › switching modes during presentation does not resets it after it en,False,0.9100,none,2026-10-03T09:23:59.829983+00:00
spreed,1715079967_d047542269a93ec2cd30c001533f9b73d3c88ce9,jest,1,316,930532eedd5f49f9,5,  ● callViewStore › call view mode and presentation › starting presentation twice does not mess up remembered state,False,0.9000,none,2026-10-03T09:23:59.986791+00:00
spreed,1715672557_3a88ce4311abb183726ccd0838b935acf6eaf863,jest,1,213,bc9b6def96dfcc9a,8,  ● Test suite failed to run,True,0.7500,module_resolution,2026-10-03T09:24:00.081429+00:00
spreed,1715672557_3a88ce4311abb183726ccd0838b935acf6eaf863,jest,1,289,c2bdf1f6921e24a2,15,  ● Test suite failed to run,True,0.7700,module_resolution,2026-10-03T09:24:00.307576+00:00
spreed,1719220976_d5e910ffa9bbdb546840a9056640017d8585a0a0,jest,1,242,5782fc0e5a5e799a,10,  ● Test suite failed to run,False,0.8800,none,2026-10-03T09:24:00.550469+00:00
spreed,1719903300_2edddcc2ceadde4c37d75db15892779369105cd3,jest,1,503,95bae1b74ddf11e7,33,  ● Test suite failed to run,False,0.8600,none,2026-10-03T09:24:00.708132+00:00
spreed,1719942773_1d76f7852ed0e525e308d388116a7c52d4ab1c2d,jest,1,284,03928a5e9ffb2c79,6,  ● messagesStore › delete message › deletes from server and replaces deleted message as parent with response,False,0.9300,none,2026-10-03T09:24:00.881987+00:00
spreed,1721717475_e2c013a9a99ddeb19ca687332727c96c5c5d6e89,jest,1,211,0da78e3ba7156bbc,7,  ● Test suite failed to run,False,0.8600,none,2026-10-03T09:24:00.996936+00:00
spreed,1721717475_e2c013a9a99ddeb19ca687332727c96c5c5d6e89,jest,1,580,8e6d74d1b2733311,31,  ● Test suite failed to run,False,0.8500,none,2026-10-03T09:24:01.150051+00:00
spreed,1721742528_78f40092f306959a8c762b5d79ea65a25c63e317,jest,1,554,16a8d53047acd4e8,65,  ● messagesStore › Forward a message › generates Note to self when it does not exist,True,0.5600,runner_env_config,2026-10-03T09:24:01.296662+00:00
spreed,1722871091_cde0889ee86f9f5e9b3cafb2a3195749032af33c,jest,1,545,53826a715983de85,3,  ● Participant.vue › user name › renders plain user name for regular user,False,0.8700,none,2026-10-03T09:24:01.467775+00:00
spreed,1719220976_d5e910ffa9bbdb546840a9056640017d8585a0a0,jest,1,212,c71137b90cff59e9,6,  ● Test suite failed to run,False,0.8900,none,2026-10-03T09:24:01.470646+00:00
spreed,1722871091_cde0889ee86f9f5e9b3cafb2a3195749032af33c,jest,1,562,158c9f742253624f,3,  ● Participant.vue › user name › renders guest suffix for guests,False,0.8700,none,2026-10-03T09:24:01.601071+00:00
spreed,1722871091_cde0889ee86f9f5e9b3cafb2a3195749032af33c,jest,1,579,5adf957239a7aaf4,3,  ● Participant.vue › user name › renders moderator suffix for moderators,False,0.8800,none,2026-10-03T09:24:01.767960+00:00
spreed,1722871091_cde0889ee86f9f5e9b3cafb2a3195749032af33c,jest,1,596,694da04368f0cdc1,3,  ● Participant.vue › user name › renders guest moderator suffix for guest moderators,False,0.8600,none,2026-10-03T09:24:01.891230+00:00
spreed,1722871091_cde0889ee86f9f5e9b3cafb2a3195749032af33c,jest,1,613,11687271417469f5,3,  ● Participant.vue › user name › renders bot suffix for bots,False,0.8700,none,2026-10-03T09:24:02.090380+00:00
spreed,1722871091_cde0889ee86f9f5e9b3cafb2a3195749032af33c,jest,1,630,7280a80416934889,3,  ● Participant.vue › user status › renders user status,False,0.8900,none,2026-10-03T09:24:02.220957+00:00
spreed,1722871091_cde0889ee86f9f5e9b3cafb2a3195749032af33c,jest,1,646,933f413ece1a1793,3,  ● Participant.vue › user status › renders dnd status,False,0.8800,none,2026-10-03T09:24:02.379310+00:00
spreed,1722871091_cde0889ee86f9f5e9b3cafb2a3195749032af33c,jest,1,662,d1d5d17236a35304,3,  ● Participant.vue › user status › renders away status,False,0.8700,none,2026-10-03T09:24:02.519431+00:00
spreed,1722871091_cde0889ee86f9f5e9b3cafb2a3195749032af33c,jest,1,678,196cd7bf1a8fc792,8,  ● Participant.vue › call icons › renders video call icon,False,0.8800,none,2026-10-03T09:24:02.771397+00:00
spreed,1722871091_cde0889ee86f9f5e9b3cafb2a3195749032af33c,jest,1,695,a956ddc13a9b4b45,8,  ● Participant.vue › call icons › renders audio call icon,False,0.8800,none,2026-10-03T09:24:02.795836+00:00
spreed,1722871091_cde0889ee86f9f5e9b3cafb2a3195749032af33c,jest,1,712,bdf337a08ce1e782,8,  ● Participant.vue › call icons › renders phone call icon,False,0.8800,none,2026-10-03T09:24:02.925713+00:00
spreed,1722871091_cde0889ee86f9f5e9b3cafb2a3195749032af33c,jest,1,729,9a003a2c347f0ed8,8,  ● Participant.vue › call icons › renders hand raised icon,False,0.8900,none,2026-10-03T09:24:03.142501+00:00
spreed,1722871091_cde0889ee86f9f5e9b3cafb2a3195749032af33c,jest,1,746,fe9518154e05babb,8,  ● Participant.vue › call icons › renders video call icon when joined with multiple,False,0.8400,none,2026-10-03T09:24:03.242345+00:00
spreed,1724337995_2f055d0bb9b3b6afb02448517010ce9fd9ba9e7d,jest,1,271,5fbe1aa60446f931,2,  ● FilePreview.vue › file preview rendering › renders spinner while loading,False,0.8500,none,2026-10-03T09:24:03.472576+00:00
spreed,1726329148_ed669ccac8909318e40b7f87dd274a678865e71b,jest,1,214,c773cd8f2e40e0b3,3,  ● Test suite failed to run,False,0.7500,none,2026-10-03T09:24:03.560793+00:00
spreed,1726329148_ed669ccac8909318e40b7f87dd274a678865e71b,jest,1,316,fa4c94d7a1052b7f,4,  ● FilePreview.vue › file preview rendering › triggering viewer › does not open viewer when clicking if no mime handler,False,0.8200,none,2026-10-03T09:24:03.811641+00:00
spreed,1726329148_ed669ccac8909318e40b7f87dd274a678865e71b,jest,1,330,5ffc20472b2b5568,4,  ● FilePreview.vue › file preview rendering › triggering viewer › does not open viewer when clicking if viewer is not a,False,0.8500,none,2026-10-03T09:24:03.853011+00:00
spreed,1726329148_ed669ccac8909318e40b7f87dd274a678865e71b,jest,1,344,708243be6844a6a4,4,  ● FilePreview.vue › file preview rendering › triggering viewer › play icon for video › renders play icon for video pre,False,0.8400,none,2026-10-03T09:24:04.048019+00:00
spreed,1726329148_ed669ccac8909318e40b7f87dd274a678865e71b,jest,1,358,a6eb6eb588d77a1a,4,  ● FilePreview.vue › file preview rendering › triggering viewer › play icon for video › does not render play icon for d,False,0.8200,none,2026-10-03T09:24:04.165872+00:00
spreed,1726329148_ed669ccac8909318e40b7f87dd274a678865e71b,jest,1,372,bcb05e07ac41d95f,4,  ● FilePreview.vue › file preview rendering › triggering viewer › play icon for video › render play icon gif previews w,False,0.8500,none,2026-10-03T09:24:04.325975+00:00
spreed,1726329148_ed669ccac8909318e40b7f87dd274a678865e71b,jest,1,386,779894216e7207fe,4,  ● FilePreview.vue › file preview rendering › triggering viewer › play icon for video › does not render play icon for s,False,0.8300,none,2026-10-03T09:24:04.457493+00:00
spreed,1726329148_ed669ccac8909318e40b7f87dd274a678865e71b,jest,1,400,98af258440adc70d,4,  ● FilePreview.vue › file preview rendering › triggering viewer › play icon for video › does not render play icon for f,False,0.8300,none,2026-10-03T09:24:04.609462+00:00
spreed,1726329148_ed669ccac8909318e40b7f87dd274a678865e71b,jest,1,414,9f77ed6e01b9e21b,4,  ● FilePreview.vue › file preview rendering › triggering viewer › play icon for video › does not render play icon if vi,False,0.8500,none,2026-10-03T09:24:04.811043+00:00
spreed,1726329148_ed669ccac8909318e40b7f87dd274a678865e71b,jest,1,428,732729f65f9e5e55,4,  ● FilePreview.vue › file preview rendering › triggering viewer › play icon for video › does not render play icon for n,False,0.8100,none,2026-10-03T09:24:04.974670+00:00
spreed,1726561286_2e74e611c99b5f9a108eb27279e08573ada856f1,jest,1,283,201a81ca7ad9475a,8,  ● participantsStore › leaving conversation › leaves conversation while in call,False,0.9000,none,2026-10-03T09:24:05.050339+00:00
spreed,1726561359_609c1b8b91d476b69b7d8386acdf1c0da545f523,jest,1,283,caf34bc08459b231,5,  ● participantsStore › call handling › leaves call,False,0.9100,none,2026-10-03T09:24:05.198666+00:00
spreed,1727776716_1fbb4a876d900c2d10777732eb52554f879063e0,jest,1,621,efbf9a5677ff0125,2,  ● callViewStore › raised hand › get whether participants raised hands with single session id,False,0.8900,none,2026-10-03T09:24:05.339704+00:00
spreed,1727776716_1fbb4a876d900c2d10777732eb52554f879063e0,jest,1,635,4337cc78afaa9096,2,  ● callViewStore › raised hand › get raised hands after lowering,False,0.8800,none,2026-10-03T09:24:05.527287+00:00
spreed,1727776716_1fbb4a876d900c2d10777732eb52554f879063e0,jest,1,649,9d5548d87389dc0e,2,  ● callViewStore › raised hand › clears raised hands state after leaving call,False,0.8800,none,2026-10-03T09:24:05.667644+00:00
spreed,1727776716_1fbb4a876d900c2d10777732eb52554f879063e0,jest,1,663,bae3b394fe24b541,2,  ● callViewStore › raised hand › get raised hands with multiple session ids only returns first found,False,0.8800,none,2026-10-03T09:24:05.950605+00:00
spreed,1727776716_1fbb4a876d900c2d10777732eb52554f879063e0,jest,1,677,2896121062fe4cb8,4,  ● callViewStore › call view mode and presentation › restores grid state when joining call (true),False,0.8700,none,2026-10-03T09:24:05.984078+00:00
spreed,1727776716_1fbb4a876d900c2d10777732eb52554f879063e0,jest,1,694,f4ee9cbc029b892e,4,  ● callViewStore › call view mode and presentation › restores grid state when joining call (false),False,0.8800,none,2026-10-03T09:24:06.174323+00:00
spreed,1727776716_1fbb4a876d900c2d10777732eb52554f879063e0,jest,1,711,3e0ad2e9b6ace3fb,4,  ● callViewStore › call view mode and presentation › sets default grid state when joining call in group conversation,False,0.8800,none,2026-10-03T09:24:06.394641+00:00
spreed,1727776716_1fbb4a876d900c2d10777732eb52554f879063e0,jest,1,729,45d4d7a6f7215be9,4,  ● callViewStore › call view mode and presentation › sets default grid state when joining call in public conversation,False,0.8800,none,2026-10-03T09:24:06.483718+00:00
spreed,1727776716_1fbb4a876d900c2d10777732eb52554f879063e0,jest,1,747,3c731631b47e7648,4,  ● callViewStore › call view mode and presentation › sets default grid state when joining call in one to one conversati,False,0.8800,none,2026-10-03T09:24:06.570838+00:00
spreed,1727776716_1fbb4a876d900c2d10777732eb52554f879063e0,jest,1,765,6dc187c08c8e2319,4,  ● callViewStore › call view mode and presentation › switching call view mode saves in local storage,False,0.9000,none,2026-10-03T09:24:06.772765+00:00
spreed,1727776716_1fbb4a876d900c2d10777732eb52554f879063e0,jest,1,782,44a8e4655116613e,4,  ● callViewStore › call view mode and presentation › start presentation switches off grid view and restores when it end,False,0.9000,none,2026-10-03T09:24:06.857131+00:00
spreed,1727776716_1fbb4a876d900c2d10777732eb52554f879063e0,jest,1,835,07dd3ef777ea44c5,4,  ● callViewStore › call view mode and presentation › stopping presentation twice does not mess up remembered state,False,0.8500,none,2026-10-03T09:24:07.015887+00:00
spreed,1727776716_1fbb4a876d900c2d10777732eb52554f879063e0,jest,1,853,653fe3f086881551,4,  ● VideoBottomBar.vue › unit tests › render component › component renders properly,False,0.8700,none,2026-10-03T09:24:07.149921+00:00
spreed,1727776716_1fbb4a876d900c2d10777732eb52554f879063e0,jest,1,867,4a075700b90dfe84,4,"  ● VideoBottomBar.vue › unit tests › render component › component has class ""wrapper--big"" for main view",False,0.8400,none,2026-10-03T09:24:07.294786+00:00
spreed,1727776716_1fbb4a876d900c2d10777732eb52554f879063e0,jest,1,881,49b32d520e370ee7,4,  ● VideoBottomBar.vue › unit tests › render component › component renders all indicators by default,False,0.8200,none,2026-10-03T09:24:07.524637+00:00
spreed,1727776716_1fbb4a876d900c2d10777732eb52554f879063e0,jest,1,895,42ef473aa4064bd3,4,  ● VideoBottomBar.vue › unit tests › render component › component does not render indicators for Screen.vue component,False,0.8400,none,2026-10-03T09:24:07.608105+00:00
spreed,1727776716_1fbb4a876d900c2d10777732eb52554f879063e0,jest,1,923,839eed0b21b4d3c4,4,  ● VideoBottomBar.vue › unit tests › render component › component does not render anything when used in sidebar,False,0.8600,none,2026-10-03T09:24:07.967031+00:00
spreed,1727776716_1fbb4a876d900c2d10777732eb52554f879063e0,jest,1,937,29a5df43816ef55d,4,  ● VideoBottomBar.vue › unit tests › render participant name › name is shown by default,False,0.8500,none,2026-10-03T09:24:08.180901+00:00
spreed,1727776716_1fbb4a876d900c2d10777732eb52554f879063e0,jest,1,951,89b2b106610ea75d,4,  ● VideoBottomBar.vue › unit tests › render participant name › name is not shown if all checks are falsy,False,0.8300,none,2026-10-03T09:24:08.284664+00:00
spreed,1727776716_1fbb4a876d900c2d10777732eb52554f879063e0,jest,1,909,c1bdc716e0d23676,4,  ● VideoBottomBar.vue › unit tests › render component › component does not show indicators after video overlay is off,False,0.8100,none,2026-10-03T09:24:08.374026+00:00
spreed,1727776716_1fbb4a876d900c2d10777732eb52554f879063e0,jest,1,965,c79a47685e55fda2,4,  ● VideoBottomBar.vue › unit tests › render indicators › connection failed indicator › indicator is not shown by defaul,False,0.8200,none,2026-10-03T09:24:08.379751+00:00
spreed,1727776716_1fbb4a876d900c2d10777732eb52554f879063e0,jest,1,979,c0131e6b7f0185fd,4,  ● VideoBottomBar.vue › unit tests › render indicators › connection failed indicator › indicator is shown when model pr,False,0.8300,none,2026-10-03T09:24:08.515672+00:00
spreed,1727776716_1fbb4a876d900c2d10777732eb52554f879063e0,jest,1,1007,16c8c193249e62b0,4,  ● VideoBottomBar.vue › unit tests › render indicators › raise hand indicator › indicator is shown when model prop is t,False,0.8300,none,2026-10-03T09:24:08.828640+00:00
spreed,1727776716_1fbb4a876d900c2d10777732eb52554f879063e0,jest,1,993,2809a3ac0bfbe985,4,  ● VideoBottomBar.vue › unit tests › render indicators › raise hand indicator › indicator is not shown by default,False,0.8200,none,2026-10-03T09:24:08.884443+00:00
spreed,1727776716_1fbb4a876d900c2d10777732eb52554f879063e0,jest,1,1021,6430cfa61739f63d,4,  ● VideoBottomBar.vue › unit tests › render buttons › audio indicator › button is rendered properly,False,0.8500,none,2026-10-03T09:24:09.053953+00:00
spreed,1727776716_1fbb4a876d900c2d10777732eb52554f879063e0,jest,1,1035,3182b3e6b61ea860,4,  ● VideoBottomBar.vue › unit tests › render buttons › audio indicator › button is visible for moderators when audio is ,False,0.8300,none,2026-10-03T09:24:09.111649+00:00
spreed,1727776716_1fbb4a876d900c2d10777732eb52554f879063e0,jest,1,1049,b1834c5a3eb3ccd7,4,  ● VideoBottomBar.vue › unit tests › render buttons › audio indicator › button is not rendered for non-moderators when ,False,0.8200,none,2026-10-03T09:24:09.249160+00:00
spreed,1727776716_1fbb4a876d900c2d10777732eb52554f879063e0,jest,1,1063,e3a5e17664bee442,4,  ● VideoBottomBar.vue › unit tests › render buttons › audio indicator › button is visible for everyone when audio is un,False,0.8400,none,2026-10-03T09:24:09.422279+00:00
spreed,1727776716_1fbb4a876d900c2d10777732eb52554f879063e0,jest,1,1077,34ddc29fda09bd6c,4,  ● VideoBottomBar.vue › unit tests › render buttons › audio indicator › button is enabled for moderators,False,0.8400,none,2026-10-03T09:24:09.607556+00:00
spreed,1727776716_1fbb4a876d900c2d10777732eb52554f879063e0,jest,1,1091,601d53be2e7d0f99,4,  ● VideoBottomBar.vue › unit tests › render buttons › audio indicator › button is disabled when audio is unavailable,False,0.8500,none,2026-10-03T09:24:09.702542+00:00
spreed,1727776716_1fbb4a876d900c2d10777732eb52554f879063e0,jest,1,1105,9e711efba26f1763,4,  ● VideoBottomBar.vue › unit tests › render buttons › audio indicator › method is called after click,False,0.8500,none,2026-10-03T09:24:09.841698+00:00
spreed,1727776716_1fbb4a876d900c2d10777732eb52554f879063e0,jest,1,1119,43d8628c9fcb5893,4,  ● VideoBottomBar.vue › unit tests › render buttons › video indicator › button is rendered properly,False,0.8400,none,2026-10-03T09:24:09.995773+00:00
spreed,1727776716_1fbb4a876d900c2d10777732eb52554f879063e0,jest,1,1133,f709d6d8a5906474,4,  ● VideoBottomBar.vue › unit tests › render buttons › video indicator › button is visible when video is available,False,0.8600,none,2026-10-03T09:24:10.197152+00:00
spreed,1727776716_1fbb4a876d900c2d10777732eb52554f879063e0,jest,1,1147,f1aeee0e321d8138,4,  ● VideoBottomBar.vue › unit tests › render buttons › video indicator › button is not rendered when video is unavailabl,False,0.8400,none,2026-10-03T09:24:10.350989+00:00
spreed,1727776716_1fbb4a876d900c2d10777732eb52554f879063e0,jest,1,1161,f74f66e1b55eaf72,4,  ● VideoBottomBar.vue › unit tests › render buttons › video indicator › button shows proper icon if video is enabled,False,0.8600,none,2026-10-03T09:24:10.508982+00:00
spreed,1727776716_1fbb4a876d900c2d10777732eb52554f879063e0,jest,1,1175,dc7f0df1f1854da8,4,  ● VideoBottomBar.vue › unit tests › render buttons › video indicator › button shows proper icon if video is blocked,False,0.8500,none,2026-10-03T09:24:10.608657+00:00
spreed,1727776716_1fbb4a876d900c2d10777732eb52554f879063e0,jest,1,1189,53d7333b8d703462,4,  ● VideoBottomBar.vue › unit tests › render buttons › video indicator › method is called after click,False,0.8400,none,2026-10-03T09:24:10.779390+00:00
spreed,1727776716_1fbb4a876d900c2d10777732eb52554f879063e0,jest,1,1203,26a38012830b5a49,4,  ● VideoBottomBar.vue › unit tests › render buttons › screen sharing indicator › button is rendered properly,False,0.8500,none,2026-10-03T09:24:10.918148+00:00
spreed,1727776716_1fbb4a876d900c2d10777732eb52554f879063e0,jest,1,1231,778877446c8bfc52,4,  ● VideoBottomBar.vue › unit tests › render buttons › screen sharing indicator › button is not rendered when screen is ,False,0.8400,none,2026-10-03T09:24:11.234636+00:00
spreed,1727776716_1fbb4a876d900c2d10777732eb52554f879063e0,jest,1,1217,b1ae1ed9db3dc796,4,  ● VideoBottomBar.vue › unit tests › render buttons › screen sharing indicator › button is visible when screen is avail,False,0.8600,none,2026-10-03T09:24:11.288728+00:00
spreed,1727776716_1fbb4a876d900c2d10777732eb52554f879063e0,jest,1,1245,633b6b449e4b3b9e,4,  ● VideoBottomBar.vue › unit tests › render buttons › screen sharing indicator › component emits peer id after click,False,0.8400,none,2026-10-03T09:24:11.349929+00:00
spreed,1727776716_1fbb4a876d900c2d10777732eb52554f879063e0,jest,1,1259,af946a3c42c96aa1,4,  ● VideoBottomBar.vue › unit tests › render buttons › following button › button is not rendered for participants by def,False,0.8300,none,2026-10-03T09:24:11.496213+00:00
spreed,1727776716_1fbb4a876d900c2d10777732eb52554f879063e0,jest,1,1273,e1ff4170314826e3,4,  ● VideoBottomBar.vue › unit tests › render buttons › following button › button is not rendered for main speaker by def,False,0.8300,none,2026-10-03T09:24:11.685045+00:00
spreed,1727776716_1fbb4a876d900c2d10777732eb52554f879063e0,jest,1,1287,d0f95e875ac6d27d,4,  ● VideoBottomBar.vue › unit tests › render buttons › following button › button is rendered when source is selected,False,0.8400,none,2026-10-03T09:24:11.815140+00:00
spreed,1727776716_1fbb4a876d900c2d10777732eb52554f879063e0,jest,1,1301,cd9ed82b31d6c482,4,  ● VideoBottomBar.vue › unit tests › render buttons › following button › method is called after click,False,0.8100,none,2026-10-03T09:24:11.935626+00:00
spreed,1727776716_1fbb4a876d900c2d10777732eb52554f879063e0,jest,1,1320,157855ad684a1844,6,  ● Participant.vue › call icons › does not renders call icon and hand raised icon when disconnected,False,0.8700,none,2026-10-03T09:24:12.115137+00:00
spreed,1727777107_da9b0f455517653e2e8e1a80a5481bf4b0b5e4c8,jest,1,17127,a9c92fee69925e8f,5,  ● Participant.vue › avatar › renders avatar,False,0.8600,none,2026-10-03T09:24:12.307808+00:00
spreed,1727777107_da9b0f455517653e2e8e1a80a5481bf4b0b5e4c8,jest,1,17165,2d96317938b9986c,5,  ● Participant.vue › avatar › renders avatar with enabled status,False,0.8600,none,2026-10-03T09:24:12.424622+00:00
spreed,1727777107_da9b0f455517653e2e8e1a80a5481bf4b0b5e4c8,jest,1,17241,dec71d03a264d75a,5,  ● Participant.vue › avatar › renders avatar with unknown name when empty,False,0.8500,none,2026-10-03T09:24:12.695695+00:00
spreed,1727777107_da9b0f455517653e2e8e1a80a5481bf4b0b5e4c8,jest,1,17203,01c66afb0ee4dabe,5,  ● Participant.vue › avatar › renders avatar with guest name when empty,False,0.8500,none,2026-10-03T09:24:12.734110+00:00
spreed,1727777107_da9b0f455517653e2e8e1a80a5481bf4b0b5e4c8,jest,1,17279,7fe092c17a69d4be,5,  ● Participant.vue › avatar › renders offline avatar when no sessions exist,False,0.8500,none,2026-10-03T09:24:12.845219+00:00
spreed,1727777107_da9b0f455517653e2e8e1a80a5481bf4b0b5e4c8,jest,1,17551,8618724eb9ae340f,1,  ● Participant.vue › user status › does not render user status when not set,False,0.8000,none,2026-10-03T09:24:12.995834+00:00
spreed,1727777107_da9b0f455517653e2e8e1a80a5481bf4b0b5e4c8,jest,1,17752,da0c656a2fae3393,5,  ● Participant.vue › actions › demoting participant › allows a moderator to demote a moderator,False,0.8500,none,2026-10-03T09:24:13.139334+00:00
spreed,1727777107_da9b0f455517653e2e8e1a80a5481bf4b0b5e4c8,jest,1,17791,9cf19d1afbb435b9,5,  ● Participant.vue › actions › demoting participant › allows a moderator to demote a guest moderator,False,0.8300,none,2026-10-03T09:24:13.322654+00:00
spreed,1727777107_da9b0f455517653e2e8e1a80a5481bf4b0b5e4c8,jest,1,17830,4de65c3607829940,5,  ● Participant.vue › actions › demoting participant › allows a guest moderator to demote a moderator,False,0.8200,none,2026-10-03T09:24:13.490739+00:00
spreed,1727777107_da9b0f455517653e2e8e1a80a5481bf4b0b5e4c8,jest,1,17869,9c55d025ac32908e,5,  ● Participant.vue › actions › demoting participant › allows a guest moderator to demote a guest moderator,False,0.8100,none,2026-10-03T09:24:13.651387+00:00
spreed,1727777107_da9b0f455517653e2e8e1a80a5481bf4b0b5e4c8,jest,1,17908,c30b27ef49a17d7d,5,  ● Participant.vue › actions › demoting participant › does not allow to demote an owner,False,0.8000,none,2026-10-03T09:24:13.757538+00:00
spreed,1727777107_da9b0f455517653e2e8e1a80a5481bf4b0b5e4c8,jest,1,17947,9d24d83541c81034,5,  ● Participant.vue › actions › demoting participant › does not allow demoting groups,False,0.7700,none,2026-10-03T09:24:13.928943+00:00
spreed,1727777107_da9b0f455517653e2e8e1a80a5481bf4b0b5e4c8,jest,1,17986,dde4447df4f10072,5,  ● Participant.vue › actions › demoting participant › does not allow demoting self,False,0.8100,none,2026-10-03T09:24:14.103363+00:00
spreed,1727777107_da9b0f455517653e2e8e1a80a5481bf4b0b5e4c8,jest,1,18025,128708853be10a58,5,  ● Participant.vue › actions › demoting participant › does not allow demoting self as guest,False,0.7900,none,2026-10-03T09:24:14.252479+00:00
spreed,1727777107_da9b0f455517653e2e8e1a80a5481bf4b0b5e4c8,jest,1,18064,873f692bc220c9f1,5,  ● Participant.vue › actions › demoting participant › does not allow a non-moderator to demote,False,0.8200,none,2026-10-03T09:24:14.378088+00:00
spreed,1727777107_da9b0f455517653e2e8e1a80a5481bf4b0b5e4c8,jest,1,18103,9b4c176e80335244,5,  ● Participant.vue › actions › promoting participant › allows a moderator to promote a user to moderator,False,0.8100,none,2026-10-03T09:24:14.491192+00:00
spreed,1727777107_da9b0f455517653e2e8e1a80a5481bf4b0b5e4c8,jest,1,18142,4817c67dfaea1eeb,5,  ● Participant.vue › actions › promoting participant › allows a moderator to promote a self-joined user to moderator,False,0.8200,none,2026-10-03T09:24:14.748932+00:00
spreed,1727777107_da9b0f455517653e2e8e1a80a5481bf4b0b5e4c8,jest,1,18181,3db5a7010dfbc6ea,5,  ● Participant.vue › actions › promoting participant › allows a moderator to promote a guest to moderator,False,0.8200,none,2026-10-03T09:24:14.840830+00:00
spreed,1727777107_da9b0f455517653e2e8e1a80a5481bf4b0b5e4c8,jest,1,18220,6eb88949f28c45e7,5,  ● Participant.vue › actions › promoting participant › allows a guest moderator to promote a user to moderator,False,0.8000,none,2026-10-03T09:24:15.024490+00:00
spreed,1727777107_da9b0f455517653e2e8e1a80a5481bf4b0b5e4c8,jest,1,18259,6b19fadf48d02116,5,  ● Participant.vue › actions › promoting participant › allows a guest moderator to promote a guest to moderator,False,0.8000,none,2026-10-03T09:24:15.105374+00:00
spreed,1727777107_da9b0f455517653e2e8e1a80a5481bf4b0b5e4c8,jest,1,18298,7c886218c635942d,5,  ● Participant.vue › actions › promoting participant › does not allow to promote a moderator,False,0.7900,none,2026-10-03T09:24:15.289690+00:00
spreed,1727777107_da9b0f455517653e2e8e1a80a5481bf4b0b5e4c8,jest,1,18337,4bcf3dfbf6cfa3ba,5,  ● Participant.vue › actions › promoting participant › does not allow to promote a guest moderator,False,0.7700,none,2026-10-03T09:24:15.462063+00:00
spreed,1727777107_da9b0f455517653e2e8e1a80a5481bf4b0b5e4c8,jest,1,18376,79efa568d13d4e94,5,  ● Participant.vue › actions › promoting participant › does not allow promoting groups,False,0.8000,none,2026-10-03T09:24:15.693274+00:00
spreed,1727777107_da9b0f455517653e2e8e1a80a5481bf4b0b5e4c8,jest,1,18415,91b07342cf00af20,5,  ● Participant.vue › actions › promoting participant › does not allow promoting the bridge bot,False,0.8000,none,2026-10-03T09:24:15.703627+00:00
spreed,1727777107_da9b0f455517653e2e8e1a80a5481bf4b0b5e4c8,jest,1,18454,2f992c6b175ad43a,5,  ● Participant.vue › actions › promoting participant › does not allow a non-moderator to promote,False,0.8000,none,2026-10-03T09:24:15.890262+00:00
spreed,1727777107_da9b0f455517653e2e8e1a80a5481bf4b0b5e4c8,jest,1,18493,17506681192c8a40,5,  ● Participant.vue › actions › resending invitations › allows moderators to resend invitations for email participants,False,0.8300,none,2026-10-03T09:24:16.080532+00:00
spreed,1727777107_da9b0f455517653e2e8e1a80a5481bf4b0b5e4c8,jest,1,18531,4efec99002d387a7,5,  ● Participant.vue › actions › resending invitations › does not allow non-moderators to resend invitations,False,0.8300,none,2026-10-03T09:24:16.192708+00:00
spreed,1727777107_da9b0f455517653e2e8e1a80a5481bf4b0b5e4c8,jest,1,18569,f994445fdb71b730,5,  ● Participant.vue › actions › resending invitations › does not display resend invitations action when not an email act,False,0.8400,none,2026-10-03T09:24:16.295281+00:00
spreed,1727777107_da9b0f455517653e2e8e1a80a5481bf4b0b5e4c8,jest,1,18607,1092ce963a2a0011,5,  ● Participant.vue › actions › removing participant › allows a moderator to remove a moderator,False,0.8500,none,2026-10-03T09:24:16.446926+00:00
spreed,1727777107_da9b0f455517653e2e8e1a80a5481bf4b0b5e4c8,jest,1,18646,27d8aa8ebac72848,5,  ● Participant.vue › actions › removing participant › allows a moderator to remove a guest moderator,False,0.8100,none,2026-10-03T09:24:16.626067+00:00
spreed,1727777107_da9b0f455517653e2e8e1a80a5481bf4b0b5e4c8,jest,1,18685,b4c677b1d30d35bd,5,  ● Participant.vue › actions › removing participant › allows a guest moderator to remove a moderator,False,0.8200,none,2026-10-03T09:24:16.821092+00:00
spreed,1727777107_da9b0f455517653e2e8e1a80a5481bf4b0b5e4c8,jest,1,18724,9e6fb1561c377942,5,  ● Participant.vue › actions › removing participant › allows a guest moderator to remove a guest moderator,False,0.8200,none,2026-10-03T09:24:16.989959+00:00
spreed,1727777107_da9b0f455517653e2e8e1a80a5481bf4b0b5e4c8,jest,1,18763,8914b9c83727eed5,5,  ● Participant.vue › actions › removing participant › allows a moderator to remove groups,False,0.8200,none,2026-10-03T09:24:17.125175+00:00
spreed,1727777107_da9b0f455517653e2e8e1a80a5481bf4b0b5e4c8,jest,1,18802,efeecbb94ac30a98,5,  ● Participant.vue › actions › removing participant › does not allow to remove an owner,False,0.8100,none,2026-10-03T09:24:17.256443+00:00
spreed,1727777107_da9b0f455517653e2e8e1a80a5481bf4b0b5e4c8,jest,1,18841,3b77cb1ca3002c6e,5,  ● Participant.vue › actions › removing participant › does not allow removing self,False,0.8300,none,2026-10-03T09:24:17.419011+00:00
spreed,1727777107_da9b0f455517653e2e8e1a80a5481bf4b0b5e4c8,jest,1,18880,6b607608f289e98b,5,  ● Participant.vue › actions › removing participant › does not allow removing self as guest,False,0.7800,none,2026-10-03T09:24:17.497341+00:00
spreed,1727777107_da9b0f455517653e2e8e1a80a5481bf4b0b5e4c8,jest,1,18919,5135b15c4f2eb6aa,5,  ● Participant.vue › actions › removing participant › does not allow a non-moderator to remove,False,0.7900,none,2026-10-03T09:24:17.663195+00:00
spreed,1727777107_da9b0f455517653e2e8e1a80a5481bf4b0b5e4c8,jest,1,18958,cca9c6defe01b3dd,5,  ● Participant.vue › actions › removing participant › allows a moderator to ban a user,False,0.8300,none,2026-10-03T09:24:17.834961+00:00
spreed,1727777107_da9b0f455517653e2e8e1a80a5481bf4b0b5e4c8,jest,1,19036,a00b7674da8db78e,5,  ● Participant.vue › actions › removing participant › allows a moderator to ban a guest,False,0.7900,none,2026-10-03T09:24:18.118626+00:00
spreed,1727777107_da9b0f455517653e2e8e1a80a5481bf4b0b5e4c8,jest,1,18997,93c16677ab5c12c9,5,  ● Participant.vue › actions › removing participant › doesn not allow a moderator to ban a federated user,False,0.8000,none,2026-10-03T09:24:18.243663+00:00
spreed,1727777107_da9b0f455517653e2e8e1a80a5481bf4b0b5e4c8,jest,1,19075,c8ab816777decaa4,5,  ● Participant.vue › actions › removing participant › does not allow a moderator to ban a moderator,False,0.8000,none,2026-10-03T09:24:18.262369+00:00
spreed,1727777107_da9b0f455517653e2e8e1a80a5481bf4b0b5e4c8,jest,1,19114,c5ac852bbf3e48d9,5,  ● Participant.vue › actions › removing participant › does not allow a moderator to ban a group,False,0.8000,none,2026-10-03T09:24:18.424363+00:00
spreed,1727777107_da9b0f455517653e2e8e1a80a5481bf4b0b5e4c8,jest,1,19153,6782bbcd6afc8132,5,  ● Participant.vue › actions › dial-in PIN › allows moderators to see dial-in PIN when available,False,0.8300,none,2026-10-03T09:24:18.548778+00:00
spreed,1727777107_da9b0f455517653e2e8e1a80a5481bf4b0b5e4c8,jest,1,19192,ae5d51b0bddfc42b,5,  ● Participant.vue › actions › dial-in PIN › allows guest moderators to see dial-in PIN when available,False,0.8000,none,2026-10-03T09:24:18.718091+00:00
spreed,1727777107_da9b0f455517653e2e8e1a80a5481bf4b0b5e4c8,jest,1,19231,1f59622f3e446917,5,  ● Participant.vue › actions › dial-in PIN › does not allow non-moderators to see dial-in PIN,False,0.8100,none,2026-10-03T09:24:18.898074+00:00
spreed,1727777107_da9b0f455517653e2e8e1a80a5481bf4b0b5e4c8,jest,1,19269,ecf127e88276eceb,5,  ● Participant.vue › actions › dial-in PIN › does not show PIN field when not set,False,0.8400,none,2026-10-03T09:24:18.994154+00:00
spreed,1728322742_59349e73b6ef56ef48821f27d4757ef44ab267e7,jest,1,227,0cd0970e88ca909b,8,  ● Test suite failed to run,False,0.7100,none,2026-10-03T09:24:19.205206+00:00
spreed,1729678121_9220c65cd00e47207c020c79305b51d481601abe,jest,1,265,2003a3186d99bcb4,1,  ● fileUploadStore › uploading › initialises upload for given files,False,0.9100,none,2026-10-03T09:24:19.291680+00:00
spreed,1730197034_64622149776d62b088a4b64145d5a4b4901921fa,jest,1,274,cfbd542dc795355a,23,  ● Test suite failed to run,True,0.7600,module_resolution,2026-10-03T09:24:19.454093+00:00
spreed,1730289887_b6cb2d9d5d713bf337b1c45e01215bedbc6d234f,jest,1,232,97911c79cf562b20,5,  ● Test suite failed to run,False,0.8400,none,2026-10-03T09:24:19.589612+00:00
spreed,1730289887_b6cb2d9d5d713bf337b1c45e01215bedbc6d234f,jest,1,246,fc09c33e5a615637,14,  ● Test suite failed to run,False,0.8500,none,2026-10-03T09:24:19.772238+00:00
spreed,1730289887_b6cb2d9d5d713bf337b1c45e01215bedbc6d234f,jest,1,274,379958820473fd7e,5,  ● Test suite failed to run,False,0.8400,none,2026-10-03T09:24:19.911192+00:00
spreed,1730289887_b6cb2d9d5d713bf337b1c45e01215bedbc6d234f,jest,1,344,f76a47e68255195e,5,  ● Test suite failed to run,False,0.8600,none,2026-10-03T09:24:20.052612+00:00
spreed,1730289887_b6cb2d9d5d713bf337b1c45e01215bedbc6d234f,jest,1,358,0c562756f8bd887a,5,  ● Test suite failed to run,False,0.8500,none,2026-10-03T09:24:20.203374+00:00
spreed,1730289887_b6cb2d9d5d713bf337b1c45e01215bedbc6d234f,jest,1,372,537ca367bc481547,7,  ● Test suite failed to run,False,0.8500,none,2026-10-03T09:24:20.385902+00:00
spreed,1730289887_b6cb2d9d5d713bf337b1c45e01215bedbc6d234f,jest,1,470,c487a45269376b93,6,  ● Test suite failed to run,False,0.8600,none,2026-10-03T09:24:20.520502+00:00
spreed,1730289887_b6cb2d9d5d713bf337b1c45e01215bedbc6d234f,jest,1,484,612b25e379c064f1,5,  ● Test suite failed to run,False,0.8400,none,2026-10-03T09:24:20.654502+00:00
spreed,1730289887_b6cb2d9d5d713bf337b1c45e01215bedbc6d234f,jest,1,526,37f3dba73983fabd,7,  ● Test suite failed to run,False,0.8500,none,2026-10-03T09:24:20.810275+00:00
spreed,1730289887_b6cb2d9d5d713bf337b1c45e01215bedbc6d234f,jest,1,554,14001bdde420d00c,5,  ● Test suite failed to run,False,0.8600,none,2026-10-03T09:24:20.954774+00:00
spreed,1730289887_b6cb2d9d5d713bf337b1c45e01215bedbc6d234f,jest,1,610,27098a0d0bd433e6,7,  ● Test suite failed to run,False,0.8400,none,2026-10-03T09:24:21.111551+00:00
spreed,1730289887_b6cb2d9d5d713bf337b1c45e01215bedbc6d234f,jest,1,624,24f255d4e76563ff,5,  ● Test suite failed to run,False,0.8300,none,2026-10-03T09:24:21.282979+00:00
spreed,1730289887_b6cb2d9d5d713bf337b1c45e01215bedbc6d234f,jest,1,638,1f3d45d249ff64cf,5,  ● Test suite failed to run,False,0.8400,none,2026-10-03T09:24:21.390426+00:00
spreed,1730289887_b6cb2d9d5d713bf337b1c45e01215bedbc6d234f,jest,1,666,a18388268432f28a,5,  ● Test suite failed to run,False,0.8500,none,2026-10-03T09:24:21.561954+00:00
spreed,1730289887_b6cb2d9d5d713bf337b1c45e01215bedbc6d234f,jest,1,694,ec3f1dbf0080b225,5,  ● Test suite failed to run,False,0.8500,none,2026-10-03T09:24:21.715321+00:00
spreed,1730289887_b6cb2d9d5d713bf337b1c45e01215bedbc6d234f,jest,1,722,7bbc5af651dd439f,5,  ● Test suite failed to run,False,0.8600,none,2026-10-03T09:24:21.989769+00:00
spreed,1730289887_b6cb2d9d5d713bf337b1c45e01215bedbc6d234f,jest,1,750,68164fc2ea2b7154,5,  ● Test suite failed to run,False,0.8600,none,2026-10-03T09:24:22.062402+00:00
spreed,1730289887_b6cb2d9d5d713bf337b1c45e01215bedbc6d234f,jest,1,806,a1789274e6aa932d,5,  ● Test suite failed to run,False,0.8500,none,2026-10-03T09:24:22.167040+00:00
spreed,1730289887_b6cb2d9d5d713bf337b1c45e01215bedbc6d234f,jest,1,834,d46d2609959f0477,5,  ● Test suite failed to run,False,0.8600,none,2026-10-03T09:24:22.351818+00:00
spreed,1730289887_b6cb2d9d5d713bf337b1c45e01215bedbc6d234f,jest,1,876,54deec680b99d2ef,5,  ● Test suite failed to run,False,0.8600,none,2026-10-03T09:24:22.474085+00:00
spreed,1730289887_b6cb2d9d5d713bf337b1c45e01215bedbc6d234f,jest,1,904,a15b94dba452b2fd,5,  ● Test suite failed to run,False,0.8500,none,2026-10-03T09:24:22.609209+00:00
spreed,1730289887_b6cb2d9d5d713bf337b1c45e01215bedbc6d234f,jest,1,918,7b64c0c59be2dc16,5,  ● Test suite failed to run,False,0.8400,none,2026-10-03T09:24:22.749368+00:00
spreed,1730289887_b6cb2d9d5d713bf337b1c45e01215bedbc6d234f,jest,1,932,73630c00428b8d7d,5,  ● Test suite failed to run,False,0.8400,none,2026-10-03T09:24:22.903280+00:00
spreed,1730289887_b6cb2d9d5d713bf337b1c45e01215bedbc6d234f,jest,1,946,5fbcd03aabdb8d75,5,  ● Test suite failed to run,False,0.8600,none,2026-10-03T09:24:23.056813+00:00
spreed,1730289887_b6cb2d9d5d713bf337b1c45e01215bedbc6d234f,jest,1,960,437b6975ab2e7be0,5,  ● Test suite failed to run,False,0.8700,none,2026-10-03T09:24:23.270509+00:00
spreed,1730289887_b6cb2d9d5d713bf337b1c45e01215bedbc6d234f,jest,1,974,25178df31c6f9abc,5,  ● Test suite failed to run,False,0.8600,none,2026-10-03T09:24:23.379685+00:00
spreed,1730401834_a4564240b947a894e97a2c1144868367436e27e5,jest,1,261,e8a6485856016d5f,1,  ● settingsStore › media settings dialog › shows correct stored values for conversations,False,0.8800,none,2026-10-03T09:24:23.683091+00:00
spreed,1730401834_a4564240b947a894e97a2c1144868367436e27e5,jest,1,295,7c553a0406e0178b,1,  ● settingsStore › media settings dialog › updates values correctly,False,0.9000,none,2026-10-03T09:24:23.833394+00:00
spreed,1730401834_a4564240b947a894e97a2c1144868367436e27e5,jest,1,278,956035b440c13b53,1,  ● settingsStore › media settings dialog › shows correct values received from BrowserStorage,False,0.8800,none,2026-10-03T09:24:23.883530+00:00
spreed,1730482068_6cb7b45a83d1e6e48d9315516fd1eafdbeeee0a1,jest,1,263,7506e71ac668b793,9,  ● RoomSelector › rendering › filters conversations by displayName,False,0.8900,none,2026-10-03T09:24:24.008162+00:00
spreed,1730482068_6cb7b45a83d1e6e48d9315516fd1eafdbeeee0a1,jest,1,281,e4526aba95d2bb80,6,  ● RoomSelector › rendering › shows empty content if no conversations matches,False,0.9100,none,2026-10-03T09:24:24.128890+00:00
spreed,1730482068_6cb7b45a83d1e6e48d9315516fd1eafdbeeee0a1,jest,1,299,84c0c2bee967ae07,6,  ● RoomSelector › rendering › shows empty content if no open conversations matches,False,0.9100,none,2026-10-03T09:24:24.267738+00:00
spreed,1730485009_9925e41cc6d897c64809ff2e126f92b8a5de7de5,jest,1,422,39ba211f7f5558e0,1,  ● ParticipantPermissionsEditor.vue › Properly renders the checkboxes when mounted › Properly renders the checkboxes wi,False,0.8900,none,2026-10-03T09:24:24.414084+00:00
spreed,1730991214_f21bef3a0865c8c57f0dbcee1ad48ff4ba59b19c,jest,1,635,cc83a788e01f68df,1,  ● MessagesGroup.vue › renders grouped messages,False,0.9100,none,2026-10-03T09:24:24.635096+00:00
spreed,1730991214_f21bef3a0865c8c57f0dbcee1ad48ff4ba59b19c,jest,1,674,3d40ef36db909232,1,  ● MessagesGroup.vue › renders guest display name,False,0.9100,none,2026-10-03T09:24:24.776827+00:00
spreed,1730991214_f21bef3a0865c8c57f0dbcee1ad48ff4ba59b19c,jest,1,713,b90e1d5748d9ca5a,1,  ● MessagesGroup.vue › renders deleted guest display name,False,0.9200,none,2026-10-03T09:24:24.964100+00:00
spreed,1732788756_91fd4b98fc031b0d6c3b5944b32f2bf2e1d854e2,jest,1,235,cf2fd6d74aa66645,5,  ● Test suite failed to run,False,0.8400,none,2026-10-03T09:24:25.017330+00:00
spreed,1732815330_6aedd02a23310b5429eb173902ad09579a64662d,jest,1,271,afa3f5a879c4380f,6,  ● conversationsStore › conversation settings › make public,False,0.9300,none,2026-10-03T09:24:25.198736+00:00
spreed,1734099734_003b2f90c95db6d096eb307087fdf8a7eefd8799,jest,1,1134,9b0184f5bd152ef2,3,  ● Test suite failed to run,False,0.8800,none,2026-10-03T09:24:25.298662+00:00
spreed,1734099734_003b2f90c95db6d096eb307087fdf8a7eefd8799,jest,1,1151,85b3e802335337f5,4,  ● Test suite failed to run,False,0.8800,none,2026-10-03T09:24:25.475314+00:00
spreed,1738323330_3fff20c3af8f01efd1149f41a7e21726b9259bab,jest,1,3565,dc69a0300e4c2f13,1,  ● MessagesList.vue › message grouping › groups messages of changelog bot,True,0.6100,runner_env_config,2026-10-03T09:24:25.624683+00:00
spreed,1738323330_3fff20c3af8f01efd1149f41a7e21726b9259bab,jest,1,3623,533c4b4a2b5c5498,1,  ● MessagesList.vue › message grouping › does not group edited messages,True,0.6700,runner_env_config,2026-10-03T09:24:25.773154+00:00
spreed,1738323330_3fff20c3af8f01efd1149f41a7e21726b9259bab,jest,1,3652,c8ae041cad8b3765,1,  ● MessagesList.vue › message rendering › renders a placeholder while loading,True,0.6100,runner_env_config,2026-10-03T09:24:25.901318+00:00
spreed,1738323330_3fff20c3af8f01efd1149f41a7e21726b9259bab,jest,1,3680,1904a06ee898d5be,1,  ● MessagesList.vue › message rendering › renders an empty content after loading,True,0.6600,runner_env_config,2026-10-03T09:24:26.049633+00:00
spreed,1738323330_3fff20c3af8f01efd1149f41a7e21726b9259bab,jest,1,3708,8861d54d52a94792,1,  ● MessagesList.vue › message rendering › renders initial group of messages,True,0.6300,runner_env_config,2026-10-03T09:24:26.234721+00:00
spreed,1738323330_3fff20c3af8f01efd1149f41a7e21726b9259bab,jest,1,3737,b73a00b6961ade63,1,  ● MessagesList.vue › message rendering › updates rendered list of messages (add new group),True,0.6300,runner_env_config,2026-10-03T09:24:26.406235+00:00
spreed,1738323330_3fff20c3af8f01efd1149f41a7e21726b9259bab,jest,1,3766,92fdf0359c447ac4,1,  ● MessagesList.vue › message rendering › updates rendered list of messages (add messages to existing groups),True,0.6100,runner_env_config,2026-10-03T09:24:26.513466+00:00
spreed,1738323330_3fff20c3af8f01efd1149f41a7e21726b9259bab,jest,1,3795,f556472e90af7d87,1,  ● MessagesList.vue › message rendering › updates rendered list of messages (replace temporary message in separate grou,True,0.6500,runner_env_config,2026-10-03T09:24:26.629889+00:00
spreed,1738323330_3fff20c3af8f01efd1149f41a7e21726b9259bab,jest,1,3824,d7f137d421722e8a,1,  ● MessagesList.vue › message rendering › updates rendered list of messages (replace temporary message in same group),True,0.6200,runner_env_config,2026-10-03T09:24:26.804101+00:00
spreed,1738323330_3fff20c3af8f01efd1149f41a7e21726b9259bab,jest,1,3853,52a29122a591e3ff,1,  ● MessagesList.vue › message rendering › updates rendered list of messages (clear history),True,0.6400,runner_env_config,2026-10-03T09:24:27.003566+00:00
spreed,1738323330_3fff20c3af8f01efd1149f41a7e21726b9259bab,jest,1,3882,f0509a9b2cb433e3,1,  ● MessagesList.vue › message rendering › updates rendered list of messages (remove messages from existing groups),True,0.6100,runner_env_config,2026-10-03T09:24:27.089542+00:00
spreed,1738342294_ab350f31c3199dcfcdedb49fbf89210d703a6bfe,jest,1,1872,8e8e68574e36d2a3,1,  ● chatExtrasStore › text parsing › should render mentions properly when editing message,False,0.9300,none,2026-10-03T09:24:27.261603+00:00
spreed,1741347323_49390edd1c1f5ebc4b0cc60a00bd5a46eb566d76,jest,1,1892,2d3754819b41abc0,6,  ● RoomSelector › rendering › renders sorted conversations list fetched from server,False,0.9100,none,2026-10-03T09:24:27.453268+00:00
spreed,1742823874_e3bae87f5b0656877c0e3ed3b66e75a2be6dac36,jest,1,4710,f7a29f2b4d646eeb,5,  ● RoomSelector › rendering › renders open conversations list fetched from server,False,0.8600,none,2026-10-03T09:24:27.597920+00:00
spreed,1742823874_e3bae87f5b0656877c0e3ed3b66e75a2be6dac36,jest,1,4728,96edc6b0df1905df,5,  ● RoomSelector › rendering › excludes non-postable conversations,False,0.8800,none,2026-10-03T09:24:27.749498+00:00
spreed,1742823874_e3bae87f5b0656877c0e3ed3b66e75a2be6dac36,jest,1,4764,e925c518a12b8a1a,5,  ● RoomSelector › actions › clears input field,False,0.8800,none,2026-10-03T09:24:27.875771+00:00
spreed,1742823874_e3bae87f5b0656877c0e3ed3b66e75a2be6dac36,jest,1,5570,518d92a65b432973,3,  ● Conversation.vue › displayed subname › author name › displays last chat message with shortened author name,False,0.8800,none,2026-10-03T09:24:28.060557+00:00
spreed,1742823874_e3bae87f5b0656877c0e3ed3b66e75a2be6dac36,jest,1,5587,2a7e14112dfcf79c,3,  ● Conversation.vue › displayed subname › author name › displays last chat message with author name if no space in name,False,0.8700,none,2026-10-03T09:24:28.254693+00:00
spreed,1742823874_e3bae87f5b0656877c0e3ed3b66e75a2be6dac36,jest,1,5604,1215c9c1e1d94987,3,"  ● Conversation.vue › displayed subname › author name › displays own last chat message with ""You"" as author",False,0.8800,none,2026-10-03T09:24:28.296251+00:00
spreed,1742823874_e3bae87f5b0656877c0e3ed3b66e75a2be6dac36,jest,1,5621,e13017e7eec9d5be,3,  ● Conversation.vue › displayed subname › author name › displays last system message without author,False,0.8800,none,2026-10-03T09:24:28.470129+00:00
spreed,1742823874_e3bae87f5b0656877c0e3ed3b66e75a2be6dac36,jest,1,5638,a519bac7349257aa,3,  ● Conversation.vue › displayed subname › author name › displays last message without author in one to one conversation,False,0.8800,none,2026-10-03T09:24:28.594746+00:00
spreed,1742823874_e3bae87f5b0656877c0e3ed3b66e75a2be6dac36,jest,1,5655,99a620abb9d810df,3,"  ● Conversation.vue › displayed subname › author name › displays own last message with ""You"" author in one to one conve",False,0.8700,none,2026-10-03T09:24:28.775117+00:00
spreed,1742823874_e3bae87f5b0656877c0e3ed3b66e75a2be6dac36,jest,1,5672,3acebb0c076cdb5b,3,  ● Conversation.vue › displayed subname › author name › displays last guest message with default author when none set,False,0.8600,none,2026-10-03T09:24:28.911539+00:00
spreed,1742823874_e3bae87f5b0656877c0e3ed3b66e75a2be6dac36,jest,1,5689,18b964b091c8eb4c,3,  ● Conversation.vue › displayed subname › author name › displays description for search results,False,0.8600,none,2026-10-03T09:24:29.048945+00:00
spreed,1742823874_e3bae87f5b0656877c0e3ed3b66e75a2be6dac36,jest,1,5706,87d1e74e33207f88,3,  ● Conversation.vue › displayed subname › replaces placeholders in rich object of last message,False,0.8900,none,2026-10-03T09:24:29.211927+00:00
spreed,1744443851_c724efe28f543dabcf71ec5e0e6787a55e5912fd,jest,1,787,b9a9848adaa8121f,14,  ● Test suite failed to run,False,0.9200,none,2026-10-03T09:24:29.500045+00:00
spreed,1742823874_e3bae87f5b0656877c0e3ed3b66e75a2be6dac36,jest,1,5907,d2e840a593f33bd3,3,  ● Conversation.vue › actions (real router) › change route on click event,False,0.9100,none,2026-10-03T09:24:29.531614+00:00
spreed,1745591817_b1c444896a838f5f1339ee2d49cd08a5852629fa,jest,1,410,9b3b36766a461c1c,2,  ● Test suite failed to run,False,0.8500,none,2026-10-03T09:24:29.648921+00:00
spreed,1747238134_1a613c099b886036520ba587944b821bdac9901b,jest,1,786,c780bffe0ec4172b,4,  ● participantsStore › call handling › joins call with internal signaling,False,0.9200,none,2026-10-03T09:24:29.784997+00:00
spreed,1747238134_1a613c099b886036520ba587944b821bdac9901b,jest,1,806,591096e6b345d202,4,  ● participantsStore › call handling › joins call with external signaling,False,0.9200,none,2026-10-03T09:24:29.947400+00:00
spreed,1747238134_1a613c099b886036520ba587944b821bdac9901b,jest,1,826,84b0f2996eb6591c,4,  ● participantsStore › call handling › joins call but it fails,False,0.9200,none,2026-10-03T09:24:30.094528+00:00
spreed,1747238134_1a613c099b886036520ba587944b821bdac9901b,jest,1,846,59dddde743cfc681,4,  ● participantsStore › call handling › joins call but it does not receive participants list,False,0.9200,none,2026-10-03T09:24:30.224645+00:00
spreed,1747903696_edb998a7c20eec65d1f6709aba017108149540b5,jest,1,36314,ea56e391402874a1,3,  ● LeftSidebar.vue › new conversation button › shows new conversation button if user can start conversations,False,0.9000,none,2026-10-03T09:24:30.404294+00:00
spreed,1747903696_edb998a7c20eec65d1f6709aba017108149540b5,jest,1,36406,71db33749d63d0c3,3,  ● LeftSidebar.vue › new conversation button › does not show new conversation button if user cannot start conversations,False,0.9100,none,2026-10-03T09:24:30.573593+00:00
spreed,1747903696_edb998a7c20eec65d1f6709aba017108149540b5,jest,1,36498,0b316ccd3d25b31d,3,  ● LeftSidebar.vue › shows settings when clicking the settings button,False,0.9200,none,2026-10-03T09:24:30.683980+00:00
spreed,1749212515_1b36c79d96b408cc7ec51e0dc6a59768cc8a348b,jest,1,825,c3f9cf5130f713a8,4,  ● participantsStore › joining conversation › joins conversation,False,0.9000,none,2026-10-03T09:24:30.846200+00:00
spreed,1749212515_1b36c79d96b408cc7ec51e0dc6a59768cc8a348b,jest,1,843,e710b50750d7f451,4,  ● participantsStore › joining conversation › force join conversation,False,0.9100,none,2026-10-03T09:24:31.032019+00:00
spreed,1749212515_1b36c79d96b408cc7ec51e0dc6a59768cc8a348b,jest,1,918,02eff38e1233387b,1,  ● guestNameStore › stores the display name when guest submits it,False,0.8900,none,2026-10-03T09:24:31.287170+00:00
spreed,1749212515_1b36c79d96b408cc7ec51e0dc6a59768cc8a348b,jest,1,934,5fda3aea52fbe6a4,1,  ● guestNameStore › removes display name from local storage when user sumbits an empty new name,False,0.8800,none,2026-10-03T09:24:31.295773+00:00
spreed,1749212515_1b36c79d96b408cc7ec51e0dc6a59768cc8a348b,jest,1,950,67de8e5e0e9f663a,1,  ● guestNameStore › resets to previous display name if there is an error in setting the new one,False,0.9300,none,2026-10-03T09:24:31.558145+00:00
spreed,1749212515_1b36c79d96b408cc7ec51e0dc6a59768cc8a348b,jest,1,1673,c1f17a36361b1bfb,4,  ● SignalingTypingHandler › start typing › when there are no other participants in the room,False,0.8700,none,2026-10-03T09:24:31.649753+00:00
spreed,1749212515_1b36c79d96b408cc7ec51e0dc6a59768cc8a348b,jest,1,1689,d56eb83c74c46623,4,  ● SignalingTypingHandler › start typing › when there is another participant in the room,False,0.8800,none,2026-10-03T09:24:31.748149+00:00
spreed,1749212515_1b36c79d96b408cc7ec51e0dc6a59768cc8a348b,jest,1,1705,ffab98717862ce76,4,  ● SignalingTypingHandler › start typing › when there are other participants in the room,False,0.8800,none,2026-10-03T09:24:31.933144+00:00
spreed,1749212515_1b36c79d96b408cc7ec51e0dc6a59768cc8a348b,jest,1,1721,259d0035d0b5da3a,4,  ● SignalingTypingHandler › start typing › when signaling is not set yet,False,0.8700,none,2026-10-03T09:24:32.046306+00:00
spreed,1749212515_1b36c79d96b408cc7ec51e0dc6a59768cc8a348b,jest,1,1753,41da058a09f2ce2e,4,  ● SignalingTypingHandler › stop typing › when there are no other participants in the room,False,0.8600,none,2026-10-03T09:24:32.216216+00:00
spreed,1749212515_1b36c79d96b408cc7ec51e0dc6a59768cc8a348b,jest,1,1769,e13a7c8376e688da,4,  ● SignalingTypingHandler › stop typing › when there is another participant in the room,False,0.8700,none,2026-10-03T09:24:32.372479+00:00
spreed,1749212515_1b36c79d96b408cc7ec51e0dc6a59768cc8a348b,jest,1,1785,ba7386348f5d6585,4,  ● SignalingTypingHandler › stop typing › when there are other participants in the room,False,0.8700,none,2026-10-03T09:24:32.671981+00:00
spreed,1749212515_1b36c79d96b408cc7ec51e0dc6a59768cc8a348b,jest,1,1801,0a15237ee0dec9d2,4,  ● SignalingTypingHandler › stop typing › when signaling is not set yet,False,0.8500,none,2026-10-03T09:24:32.678889+00:00
spreed,1749212515_1b36c79d96b408cc7ec51e0dc6a59768cc8a348b,jest,1,1849,ef8bf27a1e986fe4,4,  ● SignalingTypingHandler › other participants start typing › in another room,False,0.8600,none,2026-10-03T09:24:33.005784+00:00
spreed,1749212515_1b36c79d96b408cc7ec51e0dc6a59768cc8a348b,jest,1,1833,2854bcf3fd2b23fe,4,  ● SignalingTypingHandler › other participants start typing › in the current room,False,0.8800,none,2026-10-03T09:24:33.016350+00:00
spreed,1749212515_1b36c79d96b408cc7ec51e0dc6a59768cc8a348b,jest,1,1865,1a3c25e396b639e8,4,  ● SignalingTypingHandler › other participants stop typing › in the current room,False,0.8700,none,2026-10-03T09:24:33.118210+00:00
spreed,1749212515_1b36c79d96b408cc7ec51e0dc6a59768cc8a348b,jest,1,1881,86da6f897afb181d,4,  ● SignalingTypingHandler › other participants stop typing › in another room,False,0.8500,none,2026-10-03T09:24:33.226555+00:00
spreed,1749212515_1b36c79d96b408cc7ec51e0dc6a59768cc8a348b,jest,1,1897,64d77935f5c27a8a,4,  ● SignalingTypingHandler › current participant leaves when typing,False,0.8800,none,2026-10-03T09:24:33.405687+00:00
spreed,1749212515_1b36c79d96b408cc7ec51e0dc6a59768cc8a348b,jest,1,1913,9f7fa804812e724c,4,  ● SignalingTypingHandler › other participants join when current participant is typing,False,0.8700,none,2026-10-03T09:24:33.548589+00:00
spreed,1749212515_1b36c79d96b408cc7ec51e0dc6a59768cc8a348b,jest,1,1929,778f8b4307b21eef,4,  ● SignalingTypingHandler › other participants join when current participant is no longer typing,False,0.8700,none,2026-10-03T09:24:33.695820+00:00
spreed,1749212515_1b36c79d96b408cc7ec51e0dc6a59768cc8a348b,jest,1,1945,4fefe36112f98ede,4,  ● SignalingTypingHandler › other participants leave when they were typing,False,0.8600,none,2026-10-03T09:24:33.849786+00:00
spreed,1749212515_1b36c79d96b408cc7ec51e0dc6a59768cc8a348b,jest,1,1961,b31b4f31e36ee643,4,  ● SignalingTypingHandler › other participants leave when they were not typing,False,0.8400,none,2026-10-03T09:24:34.027519+00:00
spreed,1749212515_1b36c79d96b408cc7ec51e0dc6a59768cc8a348b,jest,1,1977,442cc321d9b43247,4,  ● SignalingTypingHandler › destroy › prevents start typing in the current room,False,0.8200,none,2026-10-03T09:24:34.175050+00:00
spreed,1749212515_1b36c79d96b408cc7ec51e0dc6a59768cc8a348b,jest,1,1993,1ffbe4535013abc8,4,  ● SignalingTypingHandler › destroy › prevents other participants start typing in the current room,False,0.8600,none,2026-10-03T09:24:34.336045+00:00
spreed,1749212515_1b36c79d96b408cc7ec51e0dc6a59768cc8a348b,jest,1,2091,d708ae7998e1b225,1,  ● FilePreview.vue › file preview rendering › calculates preview size based on window pixel ratio,False,0.8000,none,2026-10-03T09:24:34.461829+00:00
spreed,1749212515_1b36c79d96b408cc7ec51e0dc6a59768cc8a348b,jest,1,2105,1870d22cfcb22127,1,  ● FilePreview.vue › file preview rendering › renders small previews when requested,False,0.8200,none,2026-10-03T09:24:34.654959+00:00
spreed,1749212515_1b36c79d96b408cc7ec51e0dc6a59768cc8a348b,jest,1,2119,67598af65030ba21,1,  ● FilePreview.vue › file preview rendering › uploading › renders progress bar while uploading,False,0.8200,none,2026-10-03T09:24:34.745887+00:00
spreed,1749212515_1b36c79d96b408cc7ec51e0dc6a59768cc8a348b,jest,1,2147,a07b7da753f06427,1,  ● FilePreview.vue › file preview rendering › renders default mime icon on load error,False,0.8200,none,2026-10-03T09:24:34.956983+00:00
spreed,1749212515_1b36c79d96b408cc7ec51e0dc6a59768cc8a348b,jest,1,2161,f5d085f0f1571f24,1,  ● FilePreview.vue › file preview rendering › renders generic mime type icon for unknown mime types,False,0.8100,none,2026-10-03T09:24:35.061418+00:00
spreed,1749212515_1b36c79d96b408cc7ec51e0dc6a59768cc8a348b,jest,1,2175,c190bb00ec766825,1,  ● FilePreview.vue › file preview rendering › gif rendering › directly renders small GIF files,False,0.8400,none,2026-10-03T09:24:35.191403+00:00
spreed,1749212515_1b36c79d96b408cc7ec51e0dc6a59768cc8a348b,jest,1,2189,8e5b3cdccbfc3895,1,  ● FilePreview.vue › file preview rendering › gif rendering › directly renders small GIF files (absolute path),False,0.8100,none,2026-10-03T09:24:35.341115+00:00
spreed,1749212515_1b36c79d96b408cc7ec51e0dc6a59768cc8a348b,jest,1,2203,d5421db13cda6cc9,1,  ● FilePreview.vue › file preview rendering › gif rendering › directly renders small GIF files for guests,False,0.8300,none,2026-10-03T09:24:35.500415+00:00
spreed,1749212515_1b36c79d96b408cc7ec51e0dc6a59768cc8a348b,jest,1,2371,ed12867a8dc670ef,1,  ● FilePreview.vue › in upload editor › emits event when clicking remove button when inside upload editor,False,0.7900,none,2026-10-03T09:24:35.701566+00:00
spreed,1749212515_1b36c79d96b408cc7ec51e0dc6a59768cc8a348b,jest,1,2963,06b34a5e827fda8a,4,"  ● conversationsStore › conversation list › adds conversation to the store, with current user as participant",False,0.8600,none,2026-10-03T09:24:35.810812+00:00
spreed,1749212515_1b36c79d96b408cc7ec51e0dc6a59768cc8a348b,jest,1,2979,3f16b52900bfdf77,4,"  ● conversationsStore › conversation list › adds conversation to the store, with empty user id for guests",False,0.8600,none,2026-10-03T09:24:35.933596+00:00
spreed,1749212515_1b36c79d96b408cc7ec51e0dc6a59768cc8a348b,jest,1,2995,7f94b463584d6ff2,3,  ● conversationsStore › conversation list › deletes messages with conversation,False,0.8500,none,2026-10-03T09:24:36.138160+00:00
spreed,1749212515_1b36c79d96b408cc7ec51e0dc6a59768cc8a348b,jest,1,3011,cf6abcccb8b57945,3,  ● conversationsStore › read marker › marks conversation as read by clearing unread counters,False,0.8600,none,2026-10-03T09:24:36.238152+00:00
spreed,1749212515_1b36c79d96b408cc7ec51e0dc6a59768cc8a348b,jest,1,3027,0f3bb98ca0495962,3,  ● conversationsStore › read marker › marks conversation as unread,False,0.8500,none,2026-10-03T09:24:36.461626+00:00
spreed,1749212515_1b36c79d96b408cc7ec51e0dc6a59768cc8a348b,jest,1,3043,f1db463f0a48b930,3,  ● conversationsStore › read marker › updates last common read message,False,0.8600,none,2026-10-03T09:24:36.590720+00:00
spreed,1749212515_1b36c79d96b408cc7ec51e0dc6a59768cc8a348b,jest,1,3059,827f06bfca8b5254,3,  ● conversationsStore › read marker › updates last activity,False,0.8600,none,2026-10-03T09:24:36.708187+00:00
spreed,1749212515_1b36c79d96b408cc7ec51e0dc6a59768cc8a348b,jest,1,3078,419e021b1e6e7c7a,1,  ● Reactions.vue › reactions buttons › shows reaction buttons with count and emoji picker,False,0.8700,none,2026-10-03T09:24:36.830805+00:00
spreed,1749212515_1b36c79d96b408cc7ec51e0dc6a59768cc8a348b,jest,1,3106,547627d75b8bbb66,1,  ● Reactions.vue › reactions buttons › doesn't mount emoji picker when there are no reactions,False,0.8600,none,2026-10-03T09:24:37.080211+00:00
spreed,1749212515_1b36c79d96b408cc7ec51e0dc6a59768cc8a348b,jest,1,3148,a4819e2eb7ca4fd3,1,  ● Reactions.vue › reactions fetching › fetches reactions details when they are not available,False,0.8700,none,2026-10-03T09:24:37.167623+00:00
spreed,1749212515_1b36c79d96b408cc7ec51e0dc6a59768cc8a348b,jest,1,3164,2f941f525808564d,1,  ● message actions › file message is deleteable,False,0.8800,none,2026-10-03T09:24:37.508650+00:00
spreed,1749212515_1b36c79d96b408cc7ec51e0dc6a59768cc8a348b,jest,1,3181,9edb22d88c57a75f,1,  ● message actions › can edit own message,False,0.9100,none,2026-10-03T09:24:37.513766+00:00
spreed,1749212515_1b36c79d96b408cc7ec51e0dc6a59768cc8a348b,jest,1,3198,3e597f5a1c5fd13f,1,  ● message actions › can edit own message in note to self,False,0.9000,none,2026-10-03T09:24:37.877304+00:00
spreed,1749212515_1b36c79d96b408cc7ec51e0dc6a59768cc8a348b,jest,1,3215,b8cca72d1bb807f7,1,  ● message actions › return value is reactive,False,0.8900,none,2026-10-03T09:24:37.892788+00:00
spreed,1749212515_1b36c79d96b408cc7ec51e0dc6a59768cc8a348b,jest,1,3232,7c00235d66461f69,1,  ● message actions › edited messages › return edited by you when the editor is the current user,False,0.8800,none,2026-10-03T09:24:37.930047+00:00
spreed,1749212515_1b36c79d96b408cc7ec51e0dc6a59768cc8a348b,jest,1,3250,0e4313a9571aec2a,4,  ● messagesStore › processMessage › adds message to the store by token,False,0.8800,none,2026-10-03T09:24:38.038582+00:00
spreed,1749212515_1b36c79d96b408cc7ec51e0dc6a59768cc8a348b,jest,1,3278,8054f097bdf055fc,3,  ● messagesStore › processMessage › adds user's message with included parent to the store,False,0.8400,none,2026-10-03T09:24:38.193153+00:00
spreed,1749212515_1b36c79d96b408cc7ec51e0dc6a59768cc8a348b,jest,1,3292,1cda9b74f6c6c637,4,  ● messagesStore › processMessage › deletes matching temporary message when referenced,False,0.8500,none,2026-10-03T09:24:38.343087+00:00
spreed,1749212515_1b36c79d96b408cc7ec51e0dc6a59768cc8a348b,jest,1,3306,6e52dbea013045f9,4,  ● messagesStore › processMessage › updates last read message when replacing matching temporary message,False,0.8300,none,2026-10-03T09:24:38.504273+00:00
spreed,1749212515_1b36c79d96b408cc7ec51e0dc6a59768cc8a348b,jest,1,3320,7f523b2ceaaa2029,3,  ● messagesStore › processMessage › replaces existing message,False,0.8500,none,2026-10-03T09:24:38.658561+00:00
spreed,1749212515_1b36c79d96b408cc7ec51e0dc6a59768cc8a348b,jest,1,3334,ff59008396a6548c,3,"  ● messagesStore › processMessage › replaces existing message from system message and drops outdated properties, apart ",False,0.8400,none,2026-10-03T09:24:38.800932+00:00
spreed,1749212515_1b36c79d96b408cc7ec51e0dc6a59768cc8a348b,jest,1,3348,e550fe2c3af9777a,3,  ● messagesStore › messages list › returns messages list,False,0.8600,none,2026-10-03T09:24:39.068988+00:00
spreed,1749212515_1b36c79d96b408cc7ec51e0dc6a59768cc8a348b,jest,1,3362,87b90c6006b34f8c,3,  ● messagesStore › messages list › eases list from [1 - 200] to [1 - 200] (length: 200) with lastReadMessage undefined,False,0.8500,none,2026-10-03T09:24:39.126129+00:00
spreed,1749212515_1b36c79d96b408cc7ec51e0dc6a59768cc8a348b,jest,1,3376,71ec3805e593e61a,3,  ● messagesStore › messages list › eases list from [1 - 400] to [201 - 400] (length: 200) with lastReadMessage undefine,False,0.8300,none,2026-10-03T09:24:39.251523+00:00
spreed,1749212515_1b36c79d96b408cc7ec51e0dc6a59768cc8a348b,jest,1,3390,7fcb95ca1d6dcdaa,3,  ● messagesStore › messages list › eases list from [201 - 600] to [401 - 600] (length: 200) with lastReadMessage 200,False,0.8300,none,2026-10-03T09:24:39.404093+00:00
spreed,1749212515_1b36c79d96b408cc7ec51e0dc6a59768cc8a348b,jest,1,3404,e9ac88959cd3bc88,3,  ● messagesStore › messages list › eases list from [1 - 400] to [101 - 300] (length: 200) with lastReadMessage 200,False,0.8300,none,2026-10-03T09:24:39.597173+00:00
spreed,1749212515_1b36c79d96b408cc7ec51e0dc6a59768cc8a348b,jest,1,3418,2169a5090d49cc1e,3,  ● messagesStore › messages list › eases list from [1 - 400] to [201 - 400] (length: 200) with lastReadMessage 300,False,0.8300,none,2026-10-03T09:24:39.707763+00:00
spreed,1749212515_1b36c79d96b408cc7ec51e0dc6a59768cc8a348b,jest,1,3432,c9e5191decab9e61,3,  ● messagesStore › messages list › eases list from [1 - 400] to [1 - 101] (length: 101) with lastReadMessage 1,False,0.8300,none,2026-10-03T09:24:39.881043+00:00
spreed,1749212515_1b36c79d96b408cc7ec51e0dc6a59768cc8a348b,jest,1,3460,e3f53deb71e690a1,3,  ● messagesStore › messages list › eases list from [1 - 400] to [1 - 199] (length: 199) with lastReadMessage 99,False,0.8300,none,2026-10-03T09:24:40.134875+00:00
spreed,1749212515_1b36c79d96b408cc7ec51e0dc6a59768cc8a348b,jest,1,3446,f517a7a7edbe9bf3,3,  ● messagesStore › messages list › eases list from [1 - 400] to [301 - 400] (length: 100) with lastReadMessage 400,False,0.8300,none,2026-10-03T09:24:40.157219+00:00
spreed,1749212515_1b36c79d96b408cc7ec51e0dc6a59768cc8a348b,jest,1,3474,d2f70b17c3f4df7e,3,  ● messagesStore › messages list › eases list from [1 - 400] to [1 - 200] (length: 200) with lastReadMessage 100,False,0.8300,none,2026-10-03T09:24:40.298566+00:00
spreed,1749212515_1b36c79d96b408cc7ec51e0dc6a59768cc8a348b,jest,1,3488,5e97ebdb7f0bc295,3,  ● messagesStore › messages list › eases list from [1 - 400] to [2 - 201] (length: 200) with lastReadMessage 101,False,0.8200,none,2026-10-03T09:24:40.427987+00:00
spreed,1749212515_1b36c79d96b408cc7ec51e0dc6a59768cc8a348b,jest,1,3502,224a2d45565cc54a,3,  ● messagesStore › messages list › eases list from [1 - 400] to [202 - 400] (length: 199) with lastReadMessage 301,False,0.8400,none,2026-10-03T09:24:40.609591+00:00
spreed,1749212515_1b36c79d96b408cc7ec51e0dc6a59768cc8a348b,jest,1,3530,816ca5cef38b63c3,3,  ● messagesStore › messages list › eases list from [1 - 400] to [200 - 399] (length: 200) with lastReadMessage 299,False,0.8300,none,2026-10-03T09:24:40.743571+00:00
spreed,1749212515_1b36c79d96b408cc7ec51e0dc6a59768cc8a348b,jest,1,3586,7d96b5611e19391f,3,  ● messagesStore › delete message › keeps message in list if an error status comes from server,False,0.8400,none,2026-10-03T09:24:40.907758+00:00
spreed,1749212515_1b36c79d96b408cc7ec51e0dc6a59768cc8a348b,jest,1,3600,c4b14f42738ffebb,3,  ● messagesStore › delete message › shows placeholder while deletion is in progress,False,0.8600,none,2026-10-03T09:24:41.066550+00:00
spreed,1749212515_1b36c79d96b408cc7ec51e0dc6a59768cc8a348b,jest,1,3614,254d872838e17b5e,3,  ● messagesStore › edit message › edits at server and replaces edited message with response,False,0.8400,none,2026-10-03T09:24:41.204435+00:00
spreed,1749212515_1b36c79d96b408cc7ec51e0dc6a59768cc8a348b,jest,1,3628,28d991717523a475,3,  ● messagesStore › edit message › edits at server and replaces edited message as parent with response,False,0.8600,none,2026-10-03T09:24:41.363507+00:00
spreed,1749212515_1b36c79d96b408cc7ec51e0dc6a59768cc8a348b,jest,1,3642,f4b3b53096a39a75,4,  ● messagesStore › deletes messages by token from store only,False,0.8400,none,2026-10-03T09:24:41.555371+00:00
spreed,1749212515_1b36c79d96b408cc7ec51e0dc6a59768cc8a348b,jest,1,3684,cacfaef8db8f5b9e,3,  ● messagesStore › temporary messages › removeTemporaryMessageFromStore,False,0.8500,none,2026-10-03T09:24:41.661251+00:00
spreed,1749212515_1b36c79d96b408cc7ec51e0dc6a59768cc8a348b,jest,1,3712,1e9b5cdc4bd5819d,3,  ● messagesStore › stores first and last known message ids by token,False,0.8400,none,2026-10-03T09:24:41.846588+00:00
spreed,1749212515_1b36c79d96b408cc7ec51e0dc6a59768cc8a348b,jest,1,3726,24291ad9939a98a1,3,  ● messagesStore › last read message markers › stores visual last read message id per token,False,0.8400,none,2026-10-03T09:24:41.954960+00:00
spreed,1749212515_1b36c79d96b408cc7ec51e0dc6a59768cc8a348b,jest,1,3740,7bd4b3d31134465a,3,  ● messagesStore › last read message markers › clears last read message,False,0.8400,none,2026-10-03T09:24:42.106649+00:00
spreed,1749212515_1b36c79d96b408cc7ec51e0dc6a59768cc8a348b,jest,1,3754,0b345dc9aa85e6d6,3,  ● messagesStore › last read message markers › clears last read message for federated conversation,False,0.8400,none,2026-10-03T09:24:42.396579+00:00
spreed,1749212515_1b36c79d96b408cc7ec51e0dc6a59768cc8a348b,jest,1,3768,4ba5076690f7d602,3,  ● messagesStore › last read message markers › clears last read message and update visually,False,0.8600,none,2026-10-03T09:24:42.400903+00:00
spreed,1749212515_1b36c79d96b408cc7ec51e0dc6a59768cc8a348b,jest,1,3782,cf2026924fdc57e8,3,  ● messagesStore › last read message markers › clears last read message for guests,False,0.8500,none,2026-10-03T09:24:42.557814+00:00
spreed,1749212515_1b36c79d96b408cc7ec51e0dc6a59768cc8a348b,jest,1,3796,c6661da5bd531a35,3,  ● messagesStore › last read message markers › updates last read message,False,0.8500,none,2026-10-03T09:24:42.723323+00:00
spreed,1749212515_1b36c79d96b408cc7ec51e0dc6a59768cc8a348b,jest,1,3810,b25b21b94a076166,3,  ● messagesStore › last read message markers › updates last read message and update visually,False,0.8500,none,2026-10-03T09:24:42.839243+00:00
spreed,1749212515_1b36c79d96b408cc7ec51e0dc6a59768cc8a348b,jest,1,3824,ae248e17c060868c,3,  ● messagesStore › last read message markers › updates last read message for guests,False,0.8300,none,2026-10-03T09:24:42.982100+00:00
spreed,1749212515_1b36c79d96b408cc7ec51e0dc6a59768cc8a348b,jest,1,3838,5194dc76785be546,3,"  ● messagesStore › fetchMessages › fetches messages from server: including last known - true, look into future - 0",False,0.8600,none,2026-10-03T09:24:43.193357+00:00
spreed,1749212515_1b36c79d96b408cc7ec51e0dc6a59768cc8a348b,jest,1,3852,f7e508ebe71762ad,3,"  ● messagesStore › fetchMessages › fetches messages from server: including last known - false, look into future - 0",False,0.8600,none,2026-10-03T09:24:43.308037+00:00
spreed,1749212515_1b36c79d96b408cc7ec51e0dc6a59768cc8a348b,jest,1,3866,bb2f809734d2fcb0,3,"  ● messagesStore › fetchMessages › fetches messages from server: including last known - true, look into future - 1",False,0.8500,none,2026-10-03T09:24:43.454389+00:00
spreed,1749212515_1b36c79d96b408cc7ec51e0dc6a59768cc8a348b,jest,1,3880,6f42f6941226ce4a,3,"  ● messagesStore › fetchMessages › fetches messages from server: including last known - false, look into future - 1",False,0.8500,none,2026-10-03T09:24:43.606548+00:00
spreed,1749212515_1b36c79d96b408cc7ec51e0dc6a59768cc8a348b,jest,1,3894,c295288c07e7340f,3,  ● messagesStore › fetchMessages › cancels fetching messages,False,0.8500,none,2026-10-03T09:24:43.740507+00:00
spreed,1749212515_1b36c79d96b408cc7ec51e0dc6a59768cc8a348b,jest,1,3908,a43a261f6ecba52e,3,  ● messagesStore › fetchMessages › cancels fetching messages when fetching again,False,0.8400,none,2026-10-03T09:24:43.932369+00:00
spreed,1749212515_1b36c79d96b408cc7ec51e0dc6a59768cc8a348b,jest,1,3922,f7c338f64cbb08ec,3,  ● messagesStore › get message context › get context around specified message id,False,0.8500,none,2026-10-03T09:24:44.043884+00:00
spreed,1749212515_1b36c79d96b408cc7ec51e0dc6a59768cc8a348b,jest,1,3978,000ef3c81e5665b4,3,  ● messagesStore › look for new messages › does not look for new messages if lastKnownMessageId is falsy,False,0.8300,none,2026-10-03T09:24:44.353569+00:00
spreed,1749212515_1b36c79d96b408cc7ec51e0dc6a59768cc8a348b,jest,1,3936,93357120d9f2832e,3,  ● messagesStore › get message context › fetch additional messages around context,False,0.8600,none,2026-10-03T09:24:44.407180+00:00
spreed,1749212515_1b36c79d96b408cc7ec51e0dc6a59768cc8a348b,jest,1,3992,85fe7cbf2957cf4b,3,  ● messagesStore › look for new messages › cancels look for new messages,False,0.8600,none,2026-10-03T09:24:44.495168+00:00
spreed,1749212515_1b36c79d96b408cc7ec51e0dc6a59768cc8a348b,jest,1,4006,ab16deae8d77b1f1,3,  ● messagesStore › look for new messages › cancels look for new messages when called again,False,0.8300,none,2026-10-03T09:24:44.636689+00:00
spreed,1749212515_1b36c79d96b408cc7ec51e0dc6a59768cc8a348b,jest,1,4020,bbd5bbf225932536,3,  ● messagesStore › look for new messages › cancels look for new messages call individually,False,0.8300,none,2026-10-03T09:24:44.862184+00:00
spreed,1749212515_1b36c79d96b408cc7ec51e0dc6a59768cc8a348b,jest,1,4034,7eab5ac341565432,3,  ● messagesStore › look for new messages › updates unread counters immediately › updating unread messages counter › upd,False,0.8400,none,2026-10-03T09:24:44.961125+00:00
spreed,1749212515_1b36c79d96b408cc7ec51e0dc6a59768cc8a348b,jest,1,4048,9e9cfec807e58789,3,  ● messagesStore › look for new messages › updates unread counters immediately › updating unread messages counter › ski,False,0.8100,none,2026-10-03T09:24:45.102077+00:00
spreed,1749212515_1b36c79d96b408cc7ec51e0dc6a59768cc8a348b,jest,1,4062,272e15b3940e40a6,3,  ● messagesStore › look for new messages › updates unread counters immediately › updating unread messages counter › onl,False,0.8300,none,2026-10-03T09:24:45.262477+00:00
spreed,1749212515_1b36c79d96b408cc7ec51e0dc6a59768cc8a348b,jest,1,4076,955ace6ddd847633,3,  ● messagesStore › look for new messages › updates unread counters immediately › updating unread messages counter › doe,False,0.8400,none,2026-10-03T09:24:45.392615+00:00
spreed,1749212515_1b36c79d96b408cc7ec51e0dc6a59768cc8a348b,jest,1,4090,0a98d997164bcec1,3,  ● messagesStore › look for new messages › updates unread counters immediately › updating unread messages counter › doe,False,0.8500,none,2026-10-03T09:24:45.548845+00:00
spreed,1749212515_1b36c79d96b408cc7ec51e0dc6a59768cc8a348b,jest,1,4104,a42e6febba543880,3,  ● messagesStore › look for new messages › updates unread counters immediately › updating unread mention flag › updates,False,0.8400,none,2026-10-03T09:24:45.686800+00:00
spreed,1749212515_1b36c79d96b408cc7ec51e0dc6a59768cc8a348b,jest,1,4118,e8366d36e5fd916a,3,  ● messagesStore › look for new messages › updates unread counters immediately › updating unread mention flag › updates,False,0.8200,none,2026-10-03T09:24:45.863822+00:00
spreed,1749212515_1b36c79d96b408cc7ec51e0dc6a59768cc8a348b,jest,1,4132,48ef97dd99a75c5c,3,  ● messagesStore › look for new messages › updates unread counters immediately › updating unread mention flag › does no,False,0.8300,none,2026-10-03T09:24:46.005028+00:00
spreed,1749212515_1b36c79d96b408cc7ec51e0dc6a59768cc8a348b,jest,1,4146,70588673720a9d1d,3,  ● messagesStore › look for new messages › updates unread counters immediately › updating unread mention flag › updates,False,0.8300,none,2026-10-03T09:24:46.138166+00:00
spreed,1749212515_1b36c79d96b408cc7ec51e0dc6a59768cc8a348b,jest,1,4160,93274fadb8fbd158,3,  ● messagesStore › look for new messages › updates unread counters immediately › updating unread mention flag › does no,False,0.8500,none,2026-10-03T09:24:46.311905+00:00
spreed,1749212515_1b36c79d96b408cc7ec51e0dc6a59768cc8a348b,jest,1,4174,ceb5399f3c0fdb3d,3,  ● messagesStore › look for new messages › updates unread counters immediately › updating unread mention flag › does no,False,0.8500,none,2026-10-03T09:24:46.453652+00:00
spreed,1749212515_1b36c79d96b408cc7ec51e0dc6a59768cc8a348b,jest,1,4188,34994868f37fe5b7,3,  ● messagesStore › look for new messages › updates unread counters immediately › updating unread mention flag › does no,False,0.8300,none,2026-10-03T09:24:46.601446+00:00
spreed,1749212515_1b36c79d96b408cc7ec51e0dc6a59768cc8a348b,jest,1,4202,f6e097a4c83576a1,3,  ● messagesStore › look for new messages › updates unread counters immediately › updating unread mention flag › does no,False,0.8200,none,2026-10-03T09:24:46.758621+00:00
spreed,1749212515_1b36c79d96b408cc7ec51e0dc6a59768cc8a348b,jest,1,4216,b084891528d5b94f,3,  ● messagesStore › look for new messages › updates unread counters immediately › updating unread mention flag › does no,False,0.8100,none,2026-10-03T09:24:46.892952+00:00
spreed,1749212515_1b36c79d96b408cc7ec51e0dc6a59768cc8a348b,jest,1,4230,06769d507a2a7b97,4,  ● messagesStore › posting new message › posts new message,False,0.8700,none,2026-10-03T09:24:47.059160+00:00
spreed,1749212515_1b36c79d96b408cc7ec51e0dc6a59768cc8a348b,jest,1,4244,db80a8d612dc77da,3,  ● messagesStore › posting new message › cancels posting new messages individually,False,0.8600,none,2026-10-03T09:24:47.195483+00:00
spreed,1749212515_1b36c79d96b408cc7ec51e0dc6a59768cc8a348b,jest,1,4258,a2b0a38e601455a9,3,  ● messagesStore › posting new message › marks message as failed on permission denied,False,0.8500,none,2026-10-03T09:24:47.359426+00:00
spreed,1749212515_1b36c79d96b408cc7ec51e0dc6a59768cc8a348b,jest,1,4272,645de53f97db52ec,3,  ● messagesStore › posting new message › marks message as failed when lobby enabled,False,0.8600,none,2026-10-03T09:24:47.496188+00:00
spreed,1749212515_1b36c79d96b408cc7ec51e0dc6a59768cc8a348b,jest,1,4286,11bb84c0c90f2628,3,  ● messagesStore › posting new message › marks message as failed with generic error,False,0.8600,none,2026-10-03T09:24:47.645226+00:00
spreed,1749212515_1b36c79d96b408cc7ec51e0dc6a59768cc8a348b,jest,1,4300,f6eeb752764267ab,3,  ● messagesStore › posting new message › cancels after timeout,False,0.8400,none,2026-10-03T09:24:47.802159+00:00
spreed,1749212515_1b36c79d96b408cc7ec51e0dc6a59768cc8a348b,jest,1,4314,8e2bf2412fbd4129,3,  ● messagesStore › posting new message › does not timeout after request returns,False,0.8700,none,2026-10-03T09:24:47.991767+00:00
spreed,1749212515_1b36c79d96b408cc7ec51e0dc6a59768cc8a348b,jest,1,4328,0a1e6ab42ef8701a,3,  ● messagesStore › hasMoreMessagesToLoad › returns true if more messages are available on the server,False,0.8400,none,2026-10-03T09:24:48.101263+00:00
spreed,1749212515_1b36c79d96b408cc7ec51e0dc6a59768cc8a348b,jest,1,4342,ed1ba387a2a9c72f,3,  ● messagesStore › hasMoreMessagesToLoad › returns false if no more messages are available on the server,False,0.8400,none,2026-10-03T09:24:48.242036+00:00
spreed,1749212515_1b36c79d96b408cc7ec51e0dc6a59768cc8a348b,jest,1,4356,c1348a913a9d9140,3,  ● messagesStore › hasMoreMessagesToLoad › returns false if known last message id is past the one from known conversati,False,0.8200,none,2026-10-03T09:24:48.399134+00:00
spreed,1749212515_1b36c79d96b408cc7ec51e0dc6a59768cc8a348b,jest,1,4370,5ff30fc47f93e4a1,3,  ● messagesStore › Forward a message › forwards a message to the conversation when a token is given,False,0.8500,none,2026-10-03T09:24:48.555810+00:00
spreed,1749212515_1b36c79d96b408cc7ec51e0dc6a59768cc8a348b,jest,1,4384,d617972433a823f6,3,  ● messagesStore › Forward a message › forwards a message to Note to self when no token is given,False,0.8400,none,2026-10-03T09:24:48.793046+00:00
spreed,1749212515_1b36c79d96b408cc7ec51e0dc6a59768cc8a348b,jest,1,4412,f816e1d36954fb2a,3,  ● messagesStore › Forward a message › removes parent message,False,0.8500,none,2026-10-03T09:24:48.872947+00:00
spreed,1749212515_1b36c79d96b408cc7ec51e0dc6a59768cc8a348b,jest,1,4526,c9aadc71405a9259,4,  ● Participant.vue › user name › renders name and badges for participant 'Alice' - 'alice' - 'users' - '3',False,0.8300,none,2026-10-03T09:24:49.205392+00:00
spreed,1749212515_1b36c79d96b408cc7ec51e0dc6a59768cc8a348b,jest,1,4426,1a15e400cc2ee4c5,3,  ● messagesStore › Forward a message › forwards an object message,False,0.8100,none,2026-10-03T09:24:49.246335+00:00
spreed,1749212515_1b36c79d96b408cc7ec51e0dc6a59768cc8a348b,jest,1,4540,9a2c3b959207df49,4,  ● Participant.vue › user name › renders name and badges for participant 'Alice' - 'guest-id' - 'guests' - '4',False,0.8200,none,2026-10-03T09:24:49.303927+00:00
spreed,1749212515_1b36c79d96b408cc7ec51e0dc6a59768cc8a348b,jest,1,4554,0d526ca97fe68960,4,  ● Participant.vue › user name › renders name and badges for participant 'Alice' - 'guest-id' - 'emails' - '4',False,0.8200,none,2026-10-03T09:24:49.445397+00:00
spreed,1749212515_1b36c79d96b408cc7ec51e0dc6a59768cc8a348b,jest,1,4568,9772ee94c639c155,4,  ● Participant.vue › user name › renders name and badges for participant '' - 'guest-id' - 'guests' - '4',False,0.8500,none,2026-10-03T09:24:49.609572+00:00
spreed,1749212515_1b36c79d96b408cc7ec51e0dc6a59768cc8a348b,jest,1,4582,f2027f6819b5e949,4,  ● Participant.vue › user name › renders name and badges for participant 'Alice' - 'alice' - 'users' - '2',False,0.8200,none,2026-10-03T09:24:49.818418+00:00
spreed,1749212515_1b36c79d96b408cc7ec51e0dc6a59768cc8a348b,jest,1,4596,3c3ac97ff4c62258,4,  ● Participant.vue › user name › renders name and badges for participant 'Alice' - 'guest-id' - 'guests' - '6',False,0.8100,none,2026-10-03T09:24:49.908714+00:00
spreed,1749212515_1b36c79d96b408cc7ec51e0dc6a59768cc8a348b,jest,1,4610,16a8d09df1f1008d,4,  ● Participant.vue › user name › renders name and badges for participant 'Bot' - 'bridge-bot' - 'users' - '3',False,0.8200,none,2026-10-03T09:24:50.061930+00:00
spreed,1749212515_1b36c79d96b408cc7ec51e0dc6a59768cc8a348b,jest,1,4624,2494a6c65ae6f329,4,  ● Participant.vue › user name › renders name and badges for participant 'Alice' - 'alice' - 'users' - '3' with lobby e,False,0.8300,none,2026-10-03T09:24:50.219323+00:00
spreed,1749212515_1b36c79d96b408cc7ec51e0dc6a59768cc8a348b,jest,1,4638,4ddace43c03ba06e,4,  ● Participant.vue › user name › renders name and badges for participant 'Alice' - 'guest-id' - 'guests' - '4' with lob,False,0.8200,none,2026-10-03T09:24:50.342171+00:00
spreed,1749212515_1b36c79d96b408cc7ec51e0dc6a59768cc8a348b,jest,1,4652,c04e87b4b632b7f1,4,  ● Participant.vue › user name › renders name and badges for participant 'Alice' - 'guest-id' - 'emails' - '4' with lob,False,0.8200,none,2026-10-03T09:24:50.564557+00:00
spreed,1749212515_1b36c79d96b408cc7ec51e0dc6a59768cc8a348b,jest,1,4666,539024677264448f,4,  ● Participant.vue › user name › renders name and badges for participant '' - 'guest-id' - 'guests' - '4' with lobby en,False,0.8300,none,2026-10-03T09:24:50.666187+00:00
spreed,1749212515_1b36c79d96b408cc7ec51e0dc6a59768cc8a348b,jest,1,4680,72a902156e8ec421,4,  ● Participant.vue › user name › renders name and badges for participant 'Alice' - 'alice' - 'users' - '2' with lobby e,False,0.8000,none,2026-10-03T09:24:50.828143+00:00
spreed,1749212515_1b36c79d96b408cc7ec51e0dc6a59768cc8a348b,jest,1,4694,c25652100ac83b1b,4,  ● Participant.vue › user name › renders name and badges for participant 'Alice' - 'guest-id' - 'guests' - '6' with lob,False,0.8300,none,2026-10-03T09:24:50.976484+00:00
spreed,1749212515_1b36c79d96b408cc7ec51e0dc6a59768cc8a348b,jest,1,4708,a6d206ad21d10eb3,4,"  ● Participant.vue › user status › renders status for participant 'online', '', '' - 'undefined'",False,0.8200,none,2026-10-03T09:24:51.235056+00:00
spreed,1749212515_1b36c79d96b408cc7ec51e0dc6a59768cc8a348b,jest,1,4722,8576624c75149050,4,"  ● Participant.vue › user status › renders status for participant 'online', '🌧️', 'Rainy' - '🌧️ Rainy'",False,0.8100,none,2026-10-03T09:24:51.251482+00:00
spreed,1749212515_1b36c79d96b408cc7ec51e0dc6a59768cc8a348b,jest,1,4736,12439720bda5937d,4,"  ● Participant.vue › user status › renders status for participant 'dnd', '🌧️', 'Rainy' - '🌧️ Rainy'",False,0.8200,none,2026-10-03T09:24:51.402540+00:00
spreed,1749212515_1b36c79d96b408cc7ec51e0dc6a59768cc8a348b,jest,1,4750,cd11a33a584ed2c8,4,"  ● Participant.vue › user status › renders status for participant 'dnd', '🌧️', '' - '🌧️ Do not disturb'",False,0.8200,none,2026-10-03T09:24:51.533557+00:00
spreed,1749212515_1b36c79d96b408cc7ec51e0dc6a59768cc8a348b,jest,1,4764,08fce9fa774390fb,4,"  ● Participant.vue › user status › renders status for participant 'away', '🌧️', '' - '🌧️ Away'",False,0.7700,none,2026-10-03T09:24:51.705411+00:00
spreed,1749212515_1b36c79d96b408cc7ec51e0dc6a59768cc8a348b,jest,1,4778,24a04078a7d2dd85,4,  ● Participant.vue › user status › renders email as status for email guest,False,0.8100,none,2026-10-03T09:24:51.901089+00:00
spreed,1749212515_1b36c79d96b408cc7ec51e0dc6a59768cc8a348b,jest,1,5466,1b2f27f140aefce1,4,  ● MessageButtonsBar.vue › actions › reply action › hides reply button when not replyable,False,0.8400,none,2026-10-03T09:24:52.004975+00:00
spreed,1749212515_1b36c79d96b408cc7ec51e0dc6a59768cc8a348b,jest,1,5494,f4bb4c3ebc26f1b2,4,  ● MessageButtonsBar.vue › actions › reply action › hides reply button when no chat permission,False,0.8300,none,2026-10-03T09:24:52.160002+00:00
spreed,1749212515_1b36c79d96b408cc7ec51e0dc6a59768cc8a348b,jest,1,5578,542e63b193da039a,4,  ● MessageButtonsBar.vue › actions › private reply action › hides private reply action for one to one conversation type,False,0.8300,none,2026-10-03T09:24:52.337833+00:00
spreed,1749212515_1b36c79d96b408cc7ec51e0dc6a59768cc8a348b,jest,1,5690,b43e86e37580d973,4,  ● MessageButtonsBar.vue › actions › delete action › hides delete action when it cannot be deleted,False,0.8300,none,2026-10-03T09:24:52.465256+00:00
spreed,1749212515_1b36c79d96b408cc7ec51e0dc6a59768cc8a348b,jest,1,5718,ffa8b19b74e0e690,4,  ● MessageButtonsBar.vue › actions › delete action › show delete action when it can be deleted,False,0.8300,none,2026-10-03T09:24:52.615198+00:00
spreed,1749212515_1b36c79d96b408cc7ec51e0dc6a59768cc8a348b,jest,1,5873,90a75e3b22a308b5,4,  ● Message.vue › message rendering › call button › does not show join call button on non-last message when a call is in,False,0.7900,none,2026-10-03T09:24:52.744292+00:00
spreed,1749212515_1b36c79d96b408cc7ec51e0dc6a59768cc8a348b,jest,1,5887,cab1ab0cec09c224,4,  ● Message.vue › message rendering › call button › does not show join call button when no call is in progress,False,0.8200,none,2026-10-03T09:24:52.973769+00:00
spreed,1749212515_1b36c79d96b408cc7ec51e0dc6a59768cc8a348b,jest,1,5901,e9064a34c9121e34,4,  ● Message.vue › message rendering › call button › does not show join call button when self is in call,False,0.8100,none,2026-10-03T09:24:53.075943+00:00
spreed,1749212515_1b36c79d96b408cc7ec51e0dc6a59768cc8a348b,jest,1,6041,eb724491776dd0cc,4,  ● Message.vue › message rendering › displays unread message marker that marks the message seen when visible,False,0.8100,none,2026-10-03T09:24:53.196502+00:00
spreed,1749212515_1b36c79d96b408cc7ec51e0dc6a59768cc8a348b,jest,1,6055,1e99822ebc80b368,4,  ● Message.vue › message rendering › does not display read marker on the very last message,False,0.8400,none,2026-10-03T09:24:53.441850+00:00
spreed,1749212515_1b36c79d96b408cc7ec51e0dc6a59768cc8a348b,jest,1,6069,64c3b1dd9108c956,4,  ● Message.vue › actions › does not render actions for system messages are available,False,0.8500,none,2026-10-03T09:24:53.601712+00:00
spreed,1749212515_1b36c79d96b408cc7ec51e0dc6a59768cc8a348b,jest,1,6083,177f3ac4a48c2b4e,4,  ● Message.vue › actions › does not render actions for temporary messages,False,0.8200,none,2026-10-03T09:24:53.648823+00:00
spreed,1749212515_1b36c79d96b408cc7ec51e0dc6a59768cc8a348b,jest,1,6097,7285543e044edee9,4,  ● Message.vue › actions › does not render actions for deleted messages,False,0.8100,none,2026-10-03T09:24:53.787846+00:00
spreed,1749212515_1b36c79d96b408cc7ec51e0dc6a59768cc8a348b,jest,1,6195,569836b1a381a4b1,4,  ● Message.vue › status › does not displays check icon for other people's messages,False,0.8000,none,2026-10-03T09:24:53.965670+00:00
spreed,1749212515_1b36c79d96b408cc7ec51e0dc6a59768cc8a348b,jest,1,6210,87a377a5bac3abb8,1,  ● MessagesGroup.vue › renders grouped messages for user,False,0.8200,none,2026-10-03T09:24:54.107836+00:00
spreed,1749212515_1b36c79d96b408cc7ec51e0dc6a59768cc8a348b,jest,1,6224,603fe641db859053,1,  ● MessagesGroup.vue › renders grouped messages for user (with temporary),False,0.8400,none,2026-10-03T09:24:54.244174+00:00
spreed,1749212515_1b36c79d96b408cc7ec51e0dc6a59768cc8a348b,jest,1,6238,00aa33fc28626c6b,1,  ● MessagesGroup.vue › renders grouped messages for guest with custom name,False,0.8200,none,2026-10-03T09:24:54.406020+00:00
spreed,1749212515_1b36c79d96b408cc7ec51e0dc6a59768cc8a348b,jest,1,6252,731455f8a871e0df,1,  ● MessagesGroup.vue › renders grouped messages for guest with default name,False,0.8100,none,2026-10-03T09:24:54.615837+00:00
spreed,1749212515_1b36c79d96b408cc7ec51e0dc6a59768cc8a348b,jest,1,6266,fe1a5ef0d52e2a25,1,  ● MessagesGroup.vue › renders grouped messages for deleted user,False,0.8100,none,2026-10-03T09:24:54.749257+00:00
spreed,1749212515_1b36c79d96b408cc7ec51e0dc6a59768cc8a348b,jest,1,6280,5e68053fc1d2e4ec,1,  ● MessagesGroup.vue › renders grouped messages for federated user,False,0.8200,none,2026-10-03T09:24:54.878868+00:00
spreed,1749212515_1b36c79d96b408cc7ec51e0dc6a59768cc8a348b,jest,1,9627,6dd1d804e4571520,4,"  ● Participant.vue › user status › renders status for participant 'online', '��️', 'Rainy' - '��️ Rainy'",False,0.8000,none,2026-10-03T09:24:55.041124+00:00
spreed,1749212515_1b36c79d96b408cc7ec51e0dc6a59768cc8a348b,jest,1,9641,fa18a3d774d75623,4,"  ● Participant.vue › user status › renders status for participant 'dnd', '��️', 'Rainy' - '��️ Rainy'",False,0.8000,none,2026-10-03T09:24:55.179347+00:00
spreed,1749212515_1b36c79d96b408cc7ec51e0dc6a59768cc8a348b,jest,1,9669,948dd6b7f3b117d6,4,"  ● Participant.vue › user status › renders status for participant 'away', '��️', '' - '��️ Away'",False,0.7900,none,2026-10-03T09:24:55.466457+00:00
spreed,1749212515_1b36c79d96b408cc7ec51e0dc6a59768cc8a348b,jest,1,9655,740c560c4b0ac031,4,"  ● Participant.vue › user status › renders status for participant 'dnd', '��️', '' - '��️ Do not disturb'",False,0.8100,none,2026-10-03T09:24:55.485757+00:00
spreed,1749216132_415a5217aa0bf5ff49a4492d5acd5cca9bc2123b,jest,1,275,2e5373d64af93fc4,1,  ● actorStore › setDisplayName updates all relevant attributes,False,0.9400,none,2026-10-03T09:24:55.593288+00:00
spreed,1749236927_688592e938d39d765da157d01248040e7a14ee36,jest,1,347,6bceaf208ee08f50,3,  ● Test suite failed to run,True,0.5900,runner_env_config,2026-10-03T09:24:55.744345+00:00
spreed,1749724026_5f8b1d3e09742a2cba629397193201dc202e83e3,jest,1,4030,cc1baa3694a7c8cf,3,  ● Conversation.vue › actions (mock router) › deleting conversation › deletes conversation when confirmed,False,0.8800,none,2026-10-03T09:24:55.933365+00:00
spreed,1749724026_5f8b1d3e09742a2cba629397193201dc202e83e3,jest,1,4044,ce31c0f7fda2ebef,3,  ● Conversation.vue › actions (mock router) › deleting conversation › does not delete conversation when not confirmed,False,0.8900,none,2026-10-03T09:24:56.116309+00:00
spreed,1749724026_5f8b1d3e09742a2cba629397193201dc202e83e3,jest,1,4058,3d43250cbb77ea71,3,"  ● Conversation.vue › actions (mock router) › deleting conversation › hides ""delete conversation"" action when not allow",False,0.8900,none,2026-10-03T09:24:56.282300+00:00
spreed,1749724026_5f8b1d3e09742a2cba629397193201dc202e83e3,jest,1,7395,437376de7790e99e,3,  ● ParticipantPermissionsEditor.vue › checkboxes render on mount › render checkboxes with custom permissions,False,0.8600,none,2026-10-03T09:24:56.387498+00:00
spreed,1749724026_5f8b1d3e09742a2cba629397193201dc202e83e3,jest,1,7409,4aede23333614177,3,  ● ParticipantPermissionsEditor.vue › checkboxes render on mount › render checkboxes with default permissions,False,0.8400,none,2026-10-03T09:24:56.639744+00:00
spreed,1749724026_5f8b1d3e09742a2cba629397193201dc202e83e3,jest,1,7423,6103eec6ebfb9a97,3,  ● ParticipantPermissionsEditor.vue › checkboxes render on mount › render checkboxes with all permissions,False,0.8200,none,2026-10-03T09:24:56.696440+00:00
spreed,1749724026_5f8b1d3e09742a2cba629397193201dc202e83e3,jest,1,7437,127b80eed920253a,3,  ● ParticipantPermissionsEditor.vue › checkboxes render on mount › render checkboxes with restricted permissions,False,0.8500,none,2026-10-03T09:24:56.814433+00:00
spreed,1749724026_5f8b1d3e09742a2cba629397193201dc202e83e3,jest,1,7451,8e69bc409cb814c5,3,  ● ParticipantPermissionsEditor.vue › Dispatches the action to set the right permissions › Dispatches setPermissions wi,False,0.8400,none,2026-10-03T09:24:56.963596+00:00
spreed,1749724026_5f8b1d3e09742a2cba629397193201dc202e83e3,jest,1,7465,6a5e0cf0ea191664,3,  ● ParticipantPermissionsEditor.vue › Dispatches the action to set the right permissions › Dispatches setPermissions wi,False,0.8600,none,2026-10-03T09:24:57.124808+00:00
spreed,1749724278_b18c1f162b0430481dd5e2b628545b182e163a78,jest,1,1625,c45d9b9ed9f1f946,2,  ● RoomSelector › actions › emits select event on select,False,0.8900,none,2026-10-03T09:24:57.305433+00:00
spreed,1749724278_b18c1f162b0430481dd5e2b628545b182e163a78,jest,1,1667,1b5d8e8ca80624b3,2,  ● RoomSelector › actions › emits close event,False,0.8900,none,2026-10-03T09:24:57.400822+00:00
spreed,1750512646_aac3be13fac45273a1f8087a96cee5c464a03d43,jest,1,733,97b69daa00d6bdf0,1,  ● Test suite failed to run,True,0.8000,module_resolution,2026-10-03T09:24:57.605661+00:00
spreed,1750783768_6c9c670e0be5b53543da7f6e75dceffa0110cb15,jest,1,226,cee402c72750a6b1,2,  ● participantsStore › participant list › adds participant,False,0.5800,none,2026-10-03T09:24:57.694085+00:00
spreed,1750783768_6c9c670e0be5b53543da7f6e75dceffa0110cb15,jest,1,240,7f10a5642374cac4,2,  ● participantsStore › participant list › adds participant once,False,0.5100,none,2026-10-03T09:24:57.847345+00:00
spreed,1750783768_6c9c670e0be5b53543da7f6e75dceffa0110cb15,jest,1,254,9b106377ea78545b,2,  ● participantsStore › participant list › does nothing when removing non-existing participant,True,0.5300,none,2026-10-03T09:24:58.007495+00:00
spreed,1750783768_6c9c670e0be5b53543da7f6e75dceffa0110cb15,jest,1,268,d20b7f5177f00b40,2,  ● participantsStore › participant list › removes participant,False,0.5400,none,2026-10-03T09:24:58.167584+00:00
spreed,1750783768_6c9c670e0be5b53543da7f6e75dceffa0110cb15,jest,1,282,6e3282d7b80e0521,2,  ● participantsStore › participant list › purges participant list,False,0.5300,none,2026-10-03T09:24:58.361055+00:00
spreed,1750783768_6c9c670e0be5b53543da7f6e75dceffa0110cb15,jest,1,296,4b62e62e8e442c7a,3,  ● participantsStore › participant list › find participant by attendee id,False,0.5300,none,2026-10-03T09:24:58.462482+00:00
spreed,1750783768_6c9c670e0be5b53543da7f6e75dceffa0110cb15,jest,1,310,23434c6177a93749,3,  ● participantsStore › participant list › find participant by actor,False,0.5200,none,2026-10-03T09:24:58.734138+00:00
spreed,1750783768_6c9c670e0be5b53543da7f6e75dceffa0110cb15,jest,1,324,651ed8d34d8d9417,3,  ● participantsStore › participant list › find participant by session,False,0.5300,none,2026-10-03T09:24:58.737591+00:00
spreed,1750783768_6c9c670e0be5b53543da7f6e75dceffa0110cb15,jest,1,338,c01a60ff240fdd85,2,  ● participantsStore › participant list › updates participant data,False,0.5600,none,2026-10-03T09:24:58.905662+00:00
spreed,1750783768_6c9c670e0be5b53543da7f6e75dceffa0110cb15,jest,1,352,172bd29b4c7d9f5a,2,  ● participantsStore › participant list › updates participant session id,True,0.5100,none,2026-10-03T09:24:59.039366+00:00
spreed,1750783768_6c9c670e0be5b53543da7f6e75dceffa0110cb15,jest,1,366,cb0e05ef4f2872f9,2,  ● participantsStore › participant list › promote to moderator › does nothing when promoting not found attendee,True,0.5500,none,2026-10-03T09:24:59.214656+00:00
spreed,1750783768_6c9c670e0be5b53543da7f6e75dceffa0110cb15,jest,1,380,8849bb360254ecc2,2,  ● participantsStore › participant list › promote to moderator › promotes given user to moderator,True,0.5100,none,2026-10-03T09:24:59.416778+00:00
spreed,1750783768_6c9c670e0be5b53543da7f6e75dceffa0110cb15,jest,1,394,6286e73a1958869e,2,  ● participantsStore › participant list › promote to moderator › promotes given guest to guest moderator,True,0.5300,none,2026-10-03T09:24:59.527924+00:00
spreed,1750783768_6c9c670e0be5b53543da7f6e75dceffa0110cb15,jest,1,408,07b11c840a79b2a9,2,  ● participantsStore › participant list › demotes from moderator › does nothing when demoting not found attendee,True,0.5500,none,2026-10-03T09:24:59.666571+00:00
spreed,1750783768_6c9c670e0be5b53543da7f6e75dceffa0110cb15,jest,1,436,908a2b6005f9c301,2,  ● participantsStore › participant list › demotes from moderator › promotes given guest to guest moderator,True,0.5100,none,2026-10-03T09:24:59.954465+00:00
spreed,1750783768_6c9c670e0be5b53543da7f6e75dceffa0110cb15,jest,1,422,f322d08bb16384db,2,  ● participantsStore › participant list › demotes from moderator › demotes given moderator to user,True,0.5100,none,2026-10-03T09:24:59.959273+00:00
spreed,1750783768_6c9c670e0be5b53543da7f6e75dceffa0110cb15,jest,1,450,76c22cc84b3eb01f,2,  ● participantsStore › peers list › adds peer,False,0.5400,none,2026-10-03T09:25:00.155523+00:00
spreed,1750783768_6c9c670e0be5b53543da7f6e75dceffa0110cb15,jest,1,464,99c078bac2e1cadc,2,  ● participantsStore › peers list › purges peers store,True,0.5100,none,2026-10-03T09:25:00.272634+00:00
spreed,1750783768_6c9c670e0be5b53543da7f6e75dceffa0110cb15,jest,1,478,103084fdc293ba34,2,  ● participantsStore › fetch participants › populates store for the fetched conversation,False,0.6200,none,2026-10-03T09:25:00.496767+00:00
spreed,1750783768_6c9c670e0be5b53543da7f6e75dceffa0110cb15,jest,1,506,76fbcdddf11dd4a1,2,  ● participantsStore › fetch participants › saves a guest name from response,True,0.5100,none,2026-10-03T09:25:00.556839+00:00
spreed,1750783768_6c9c670e0be5b53543da7f6e75dceffa0110cb15,jest,1,520,1dceb2e91b52882d,2,  ● participantsStore › fetch participants › emits an user status update,False,0.5300,none,2026-10-03T09:25:00.697947+00:00
spreed,1750783768_6c9c670e0be5b53543da7f6e75dceffa0110cb15,jest,1,604,2fb634515dab9ac0,2,  ● participantsStore › call handling › trying to join call but it fails,False,0.5600,none,2026-10-03T09:25:01.017348+00:00
spreed,1750783768_6c9c670e0be5b53543da7f6e75dceffa0110cb15,jest,1,548,653abf54e7ffa93f,2,  ● participantsStore › fetch participants › cancels old request,False,0.5200,none,2026-10-03T09:25:01.025283+00:00
spreed,1750783768_6c9c670e0be5b53543da7f6e75dceffa0110cb15,jest,1,632,4df0e36b0dca171d,2,  ● participantsStore › call handling › joins call but it has already received participants list from internal signaling,True,0.5500,runner_env_config,2026-10-03T09:25:01.212401+00:00
spreed,1750783768_6c9c670e0be5b53543da7f6e75dceffa0110cb15,jest,1,646,56450336aa0a8c25,2,  ● participantsStore › call handling › joins call but it has already received participants list from external signaling,True,0.5800,runner_env_config,2026-10-03T09:25:01.376667+00:00
spreed,1750783768_6c9c670e0be5b53543da7f6e75dceffa0110cb15,jest,1,674,819888597a355371,2,  ● participantsStore › call handling › raised hand › get whether participants raised hands with single session id,False,0.5300,none,2026-10-03T09:25:01.471076+00:00
spreed,1750783768_6c9c670e0be5b53543da7f6e75dceffa0110cb15,jest,1,688,1165335a6113746e,2,  ● participantsStore › call handling › raised hand › get raised hands after lowering,True,0.5000,none,2026-10-03T09:25:01.680684+00:00
spreed,1750783768_6c9c670e0be5b53543da7f6e75dceffa0110cb15,jest,1,702,208a5f3d8f223a7e,2,  ● participantsStore › call handling › raised hand › clears raised hands state after leaving call,True,0.5500,none,2026-10-03T09:25:01.811745+00:00
spreed,1750783768_6c9c670e0be5b53543da7f6e75dceffa0110cb15,jest,1,716,05b60cbbe6a77b8a,2,  ● participantsStore › call handling › raised hand › get raised hands with multiple session ids only returns first foun,True,0.6000,module_resolution,2026-10-03T09:25:01.935295+00:00
spreed,1750783768_6c9c670e0be5b53543da7f6e75dceffa0110cb15,jest,1,730,c3b0727a9ee3b562,2,  ● participantsStore › resends invitations,False,0.5200,none,2026-10-03T09:25:02.145928+00:00
spreed,1750783768_6c9c670e0be5b53543da7f6e75dceffa0110cb15,jest,1,772,0ebdff8499da9360,2,  ● participantsStore › joining conversation › force join on error › when not in call › forces join when max ping age > ,False,0.5200,runner_env_config,2026-10-03T09:25:02.248060+00:00
spreed,1750783768_6c9c670e0be5b53543da7f6e75dceffa0110cb15,jest,1,804,17c6b882324b1fce,2,  ● participantsStore › joining conversation › force join on error › when not in call › shows force when max ping age <=,True,0.5200,none,2026-10-03T09:25:02.439670+00:00
spreed,1750783768_6c9c670e0be5b53543da7f6e75dceffa0110cb15,jest,1,836,0c9b8eab98a37284,2,  ● participantsStore › joining conversation › force join on error › when in call › forces join when max ping age > 60s,False,0.5100,none,2026-10-03T09:25:02.501202+00:00
spreed,1750783768_6c9c670e0be5b53543da7f6e75dceffa0110cb15,jest,1,868,783105dcd36fc562,2,  ● participantsStore › joining conversation › force join on error › when in call › shows force when max ping age <= 60s,True,0.5400,runner_env_config,2026-10-03T09:25:02.706677+00:00
spreed,1750783768_6c9c670e0be5b53543da7f6e75dceffa0110cb15,jest,1,900,51078c86b2a66ef0,2,  ● participantsStore › leaving conversation › leaves conversation,False,0.5500,none,2026-10-03T09:25:02.809875+00:00
spreed,1750783768_6c9c670e0be5b53543da7f6e75dceffa0110cb15,jest,1,928,85820c76958f8c5f,2,  ● participantsStore › leaving conversation › removes current user from conversation,False,0.5800,none,2026-10-03T09:25:02.978931+00:00
spreed,1750783768_6c9c670e0be5b53543da7f6e75dceffa0110cb15,jest,1,942,ef2753da0c2a65d2,2,  ● participantsStore › participant permissions › grants all permissions to a participant,False,0.5500,none,2026-10-03T09:25:03.119049+00:00
spreed,1750783768_6c9c670e0be5b53543da7f6e75dceffa0110cb15,jest,1,956,4992ed475a3ecef5,2,  ● participantsStore › participant permissions › removes all permissions to a participant,False,0.5100,none,2026-10-03T09:25:03.303974+00:00
spreed,1750783768_6c9c670e0be5b53543da7f6e75dceffa0110cb15,jest,1,1018,c1049184898995f7,2,  ● conversationsStore › conversation list › restores conversations cached in BrowserStorage,False,0.6100,none,2026-10-03T09:25:03.477154+00:00
spreed,1750783768_6c9c670e0be5b53543da7f6e75dceffa0110cb15,jest,1,1032,6f8a606326beafc6,2,  ● conversationsStore › conversation list › deletes conversation from server,False,0.5700,none,2026-10-03T09:25:03.552655+00:00
spreed,1750783768_6c9c670e0be5b53543da7f6e75dceffa0110cb15,jest,1,1060,0cd4ab943268b10b,2,  ● conversationsStore › conversation list › fetches all conversations and set initial,False,0.5700,none,2026-10-03T09:25:03.883153+00:00
spreed,1750783768_6c9c670e0be5b53543da7f6e75dceffa0110cb15,jest,1,1046,7308968704e632bf,2,  ● conversationsStore › conversation list › fetches a single conversation,False,0.6000,none,2026-10-03T09:25:03.907622+00:00
spreed,1750783768_6c9c670e0be5b53543da7f6e75dceffa0110cb15,jest,1,1074,bb3c663a77838e0d,2,  ● conversationsStore › conversation list › sets fetched conversations to BrowserStorage,False,0.6100,none,2026-10-03T09:25:04.020898+00:00
spreed,1750783768_6c9c670e0be5b53543da7f6e75dceffa0110cb15,jest,1,1088,2d7c5012fb1adb8e,2,  ● conversationsStore › conversation list › fetches all conversations and add new received conversations,False,0.5800,none,2026-10-03T09:25:04.196762+00:00
spreed,1750783768_6c9c670e0be5b53543da7f6e75dceffa0110cb15,jest,1,1102,321672899844d04d,2,  ● conversationsStore › conversation list › fetches all conversations and emit user status update for new 1-1 conversat,False,0.5700,none,2026-10-03T09:25:04.288607+00:00
spreed,1750783768_6c9c670e0be5b53543da7f6e75dceffa0110cb15,jest,1,1116,5f60ecfa0e6efdcd,2,  ● conversationsStore › conversation list › fetches all conversations and emit user status update for changed statuses ,False,0.6100,none,2026-10-03T09:25:04.494938+00:00
spreed,1750783768_6c9c670e0be5b53543da7f6e75dceffa0110cb15,jest,1,1130,15942c2a32871596,2,  ● conversationsStore › conversation list › fetches all conversations and re-set conversations with new lastActivity,False,0.5800,none,2026-10-03T09:25:04.605629+00:00
spreed,1750783768_6c9c670e0be5b53543da7f6e75dceffa0110cb15,jest,1,1144,7a63f783f6131585,2,  ● conversationsStore › conversation list › fetches all conversations and re-set conversations when it has any property,False,0.5600,none,2026-10-03T09:25:04.831046+00:00
spreed,1750783768_6c9c670e0be5b53543da7f6e75dceffa0110cb15,jest,1,1158,71cb4bc174983649,2,  ● conversationsStore › conversation list › fetches all conversations and remove deleted conversations if without modif,True,0.5000,none,2026-10-03T09:25:04.895705+00:00
spreed,1750783768_6c9c670e0be5b53543da7f6e75dceffa0110cb15,jest,1,1186,f01871f2208bd3ea,2,  ● conversationsStore › conversation list › fetch conversation failure checks for maintenance mode,False,0.5800,none,2026-10-03T09:25:05.231767+00:00
spreed,1750783768_6c9c670e0be5b53543da7f6e75dceffa0110cb15,jest,1,1172,f604078ad1456e9c,2,  ● conversationsStore › conversation list › fetches all conversations without purging not revieved conversations when m,True,0.5000,none,2026-10-03T09:25:05.306434+00:00
spreed,1750783768_6c9c670e0be5b53543da7f6e75dceffa0110cb15,jest,1,1200,b8c9e3114f125651,2,  ● conversationsStore › conversation list › fetch conversations failure checks for maintenance mode,False,0.5200,module_resolution,2026-10-03T09:25:05.359515+00:00
spreed,1750783768_6c9c670e0be5b53543da7f6e75dceffa0110cb15,jest,1,1214,52484a28983727a4,2,  ● conversationsStore › conversation list › fetch conversations should update talkVersion,False,0.5200,none,2026-10-03T09:25:05.496420+00:00
spreed,1750783768_6c9c670e0be5b53543da7f6e75dceffa0110cb15,jest,1,1242,fa9f900b08fec815,2,  ● conversationsStore › conversation settings › make non-public,False,0.6100,none,2026-10-03T09:25:05.688196+00:00
spreed,1750783768_6c9c670e0be5b53543da7f6e75dceffa0110cb15,jest,1,1256,380feb35f24ce6ba,2,  ● conversationsStore › conversation settings › set favorite,False,0.6200,none,2026-10-03T09:25:05.853684+00:00
spreed,1750783768_6c9c670e0be5b53543da7f6e75dceffa0110cb15,jest,1,1270,dfa78ebe2fdde1b1,2,  ● conversationsStore › conversation settings › unset favorite,False,0.6000,none,2026-10-03T09:25:05.994257+00:00
spreed,1750783768_6c9c670e0be5b53543da7f6e75dceffa0110cb15,jest,1,1284,244ab15f31492b7c,2,  ● conversationsStore › conversation settings › enable lobby,False,0.5900,none,2026-10-03T09:25:06.166302+00:00
spreed,1750783768_6c9c670e0be5b53543da7f6e75dceffa0110cb15,jest,1,1298,6333d46535965526,2,  ● conversationsStore › conversation settings › disable lobby,False,0.5800,none,2026-10-03T09:25:06.368655+00:00
spreed,1750783768_6c9c670e0be5b53543da7f6e75dceffa0110cb15,jest,1,1312,457644a3ea0e0f96,2,  ● conversationsStore › conversation settings › set conversation name,False,0.5500,none,2026-10-03T09:25:06.417253+00:00
spreed,1750783768_6c9c670e0be5b53543da7f6e75dceffa0110cb15,jest,1,1326,e59673262932cfa6,2,  ● conversationsStore › conversation settings › set conversation description,False,0.5700,none,2026-10-03T09:25:06.574584+00:00
spreed,1750783768_6c9c670e0be5b53543da7f6e75dceffa0110cb15,jest,1,1340,24119d624bc1687c,2,  ● conversationsStore › conversation settings › enable read-only,False,0.6200,none,2026-10-03T09:25:06.732704+00:00
spreed,1750783768_6c9c670e0be5b53543da7f6e75dceffa0110cb15,jest,1,1354,1ba29a0830500091,2,  ● conversationsStore › conversation settings › disable read-only,False,0.5700,none,2026-10-03T09:25:06.906264+00:00
spreed,1750783768_6c9c670e0be5b53543da7f6e75dceffa0110cb15,jest,1,1368,da3cf09c0e996955,2,  ● conversationsStore › conversation settings › set listable flag,False,0.5800,none,2026-10-03T09:25:07.036923+00:00
spreed,1750783768_6c9c670e0be5b53543da7f6e75dceffa0110cb15,jest,1,1382,8649f2fcae5336aa,2,  ● conversationsStore › conversation settings › set lobby timer,False,0.5600,none,2026-10-03T09:25:07.161709+00:00
spreed,1750783768_6c9c670e0be5b53543da7f6e75dceffa0110cb15,jest,1,1396,e2661142a89006e7,2,  ● conversationsStore › conversation settings › set SIP enabled,False,0.5600,none,2026-10-03T09:25:07.312663+00:00
spreed,1750783768_6c9c670e0be5b53543da7f6e75dceffa0110cb15,jest,1,1410,c5b6398e6b2434f9,2,  ● conversationsStore › conversation settings › set SIP enabled no individual PIN,True,0.5100,none,2026-10-03T09:25:07.494252+00:00
spreed,1750783768_6c9c670e0be5b53543da7f6e75dceffa0110cb15,jest,1,1424,a34e780a041fbc21,2,  ● conversationsStore › conversation settings › set notification level,False,0.5700,none,2026-10-03T09:25:07.655197+00:00
spreed,1750783768_6c9c670e0be5b53543da7f6e75dceffa0110cb15,jest,1,1494,68f1f07f594c24cf,3,  ● conversationsStore › update last message › successful update from user,False,0.5600,none,2026-10-03T09:25:07.771011+00:00
spreed,1750783768_6c9c670e0be5b53543da7f6e75dceffa0110cb15,jest,1,1508,91017c0b0b5df95e,3,  ● conversationsStore › update last message › ignore update from bot,True,0.5000,none,2026-10-03T09:25:07.897532+00:00
spreed,1750783768_6c9c670e0be5b53543da7f6e75dceffa0110cb15,jest,1,1536,f6151c1c4ad5e928,3,  ● conversationsStore › update last message › ignore update reactions,False,0.5300,none,2026-10-03T09:25:08.206142+00:00
spreed,1750783768_6c9c670e0be5b53543da7f6e75dceffa0110cb15,jest,1,1550,951c42faeb93b26a,3,  ● conversationsStore › update last message › ignore update from the action of deleting reactions,True,0.5300,module_resolution,2026-10-03T09:25:08.350236+00:00
spreed,1750783768_6c9c670e0be5b53543da7f6e75dceffa0110cb15,jest,1,1522,f7e6d8a18ccb61ab,3,  ● conversationsStore › update last message › ignore update from bot but not from changelog,False,0.5200,none,2026-10-03T09:25:08.409666+00:00
spreed,1750783768_6c9c670e0be5b53543da7f6e75dceffa0110cb15,jest,1,1564,3cd52c52891b85a4,3,  ● conversationsStore › update last message › ignore update deleted reactions (only theory as the action of deleting wo,True,0.5400,module_resolution,2026-10-03T09:25:08.493961+00:00
spreed,1750783768_6c9c670e0be5b53543da7f6e75dceffa0110cb15,jest,1,1578,cea66205089aa195,3,  ● conversationsStore › update last message › ignore update from deleting a message,False,0.5100,none,2026-10-03T09:25:08.664961+00:00
spreed,1750783768_6c9c670e0be5b53543da7f6e75dceffa0110cb15,jest,1,1592,7e1f2aae05b21a0d,3,  ● conversationsStore › update last message › successfully update temporary messages,False,0.6000,none,2026-10-03T09:25:08.837523+00:00
spreed,1750783768_6c9c670e0be5b53543da7f6e75dceffa0110cb15,jest,1,1606,d5a98ef2e94973c1,3,  ● conversationsStore › update last message › successfully update also posted messages which start with a slash,True,0.5400,none,2026-10-03T09:25:08.967752+00:00
spreed,1750783768_6c9c670e0be5b53543da7f6e75dceffa0110cb15,jest,1,1620,0592e45231f80131,2,  ● conversationsStore › creating conversations › creates one to one conversation,False,0.5700,none,2026-10-03T09:25:09.149173+00:00
spreed,1750783768_6c9c670e0be5b53543da7f6e75dceffa0110cb15,jest,1,1663,bbb00de804aa4e8f,2,  ● reactionsStore › fetches reactions from the store,False,0.6000,none,2026-10-03T09:25:09.262343+00:00
spreed,1750783768_6c9c670e0be5b53543da7f6e75dceffa0110cb15,jest,1,1677,86224e525d902c7a,2,  ● reactionsStore › does not update reactions in the store twice,True,0.5000,none,2026-10-03T09:25:09.424785+00:00
spreed,1750783768_6c9c670e0be5b53543da7f6e75dceffa0110cb15,jest,1,1691,988da010d8016557,2,  ● reactionsStore › resets the store when there is no reaction,False,0.5100,none,2026-10-03T09:25:09.569074+00:00
spreed,1750783768_6c9c670e0be5b53543da7f6e75dceffa0110cb15,jest,1,1705,a2a073c41c6f4c49,2,  ● reactionsStore › adds reaction from system messages,False,0.5400,none,2026-10-03T09:25:09.698311+00:00
spreed,1750783768_6c9c670e0be5b53543da7f6e75dceffa0110cb15,jest,1,1719,1d5821f9be30caf6,2,  ● reactionsStore › does not add a reaction actor when it already exists,True,0.5400,none,2026-10-03T09:25:09.864970+00:00
spreed,1750783768_6c9c670e0be5b53543da7f6e75dceffa0110cb15,jest,1,1733,7964b92f8d9d4d96,2,  ● reactionsStore › removes a reaction from the store,False,0.5600,none,2026-10-03T09:25:10.028017+00:00
spreed,1750783768_6c9c670e0be5b53543da7f6e75dceffa0110cb15,jest,1,1747,fdb7846a9d7f4018,2,  ● reactionsStore › purges the reactions store,False,0.5900,none,2026-10-03T09:25:10.199122+00:00
spreed,1750783768_6c9c670e0be5b53543da7f6e75dceffa0110cb15,jest,1,1761,79d125b426de98ac,2,  ● reactionsStore › does not fetch reactions when receiving a reaction_deleted system message,True,0.5200,none,2026-10-03T09:25:10.316586+00:00
spreed,1750783768_6c9c670e0be5b53543da7f6e75dceffa0110cb15,jest,1,1803,ef57386cd10d5d7a,2,  ● reactionsStore › error handling › shows an error when the API call of fetching reactions fails,False,0.5300,none,2026-10-03T09:25:10.438565+00:00
spreed,1753091950_943f8c88a8e3d3697a777a1d3c776bb3009c2060,jest,1,234,4f62e7447996a23b,1,  ● chatStore › get a list of messages › returns an array if both messages and blocks present,False,0.9100,none,2026-10-03T09:25:10.618354+00:00
spreed,1753091950_943f8c88a8e3d3697a777a1d3c776bb3009c2060,jest,1,248,c50a5bd7d4a9770b,1,  ● chatStore › get a list of messages › returns an empty array if no messages or blocks present,False,0.6900,none,2026-10-03T09:25:10.800549+00:00
spreed,1753523018_384be0dea18873238f194d88a1b2bcacb96212fe,jest,1,380,b88dbffd806073b3,2,  ● Test suite failed to run,False,0.9000,none,2026-10-03T09:25:10.911418+00:00
