project,run_id,suite,exit_code,failure_index,line_number,keyword,label,labeled_at,fingerprint,occurrences,auto_rule_id
spreed,1614787935_d575013901ec8e83adc4d190597526ba92ac9338,vue_cli_service,1,1,275,  ● LeftSidebar.vue › search results › not found caption › displays all types in caption when nothing was found,acceptable,2026-09-21T18:04:00.568219+00:00,98f0d350e234c4bb,25,
spreed,1614787935_d575013901ec8e83adc4d190597526ba92ac9338,vue_cli_service,1,2,293,  ● LeftSidebar.vue › search results › not found caption › displays all types minus circles when nothing was found but circles is disabled,acceptable,2026-09-21T18:04:00.569376+00:00,26cbf216835ce90f,25,d893c99aab9e
spreed,1614787935_d575013901ec8e83adc4d190597526ba92ac9338,vue_cli_service,1,3,311,  ● LeftSidebar.vue › search results › not found caption › displays caption for users and groups not found,acceptable,2026-09-21T18:04:00.569578+00:00,1df771c37d256105,25,d893c99aab9e
spreed,1614787935_d575013901ec8e83adc4d190597526ba92ac9338,vue_cli_service,1,4,329,  ● LeftSidebar.vue › search results › not found caption › displays caption for users not found,acceptable,2026-09-21T18:04:00.569767+00:00,b99b25ae2f3f5051,25,d893c99aab9e
spreed,1614787935_d575013901ec8e83adc4d190597526ba92ac9338,vue_cli_service,1,5,347,  ● LeftSidebar.vue › search results › not found caption › displays caption for groups not found,acceptable,2026-09-21T18:04:00.569992+00:00,b9f8cf2eaed73b9f,25,d893c99aab9e
spreed,1614787935_d575013901ec8e83adc4d190597526ba92ac9338,vue_cli_service,1,6,365,  ● LeftSidebar.vue › search results › not found caption › displays caption for groups and circles not found,acceptable,2026-09-21T18:04:00.570182+00:00,5a40c6dafdba7034,25,d893c99aab9e
spreed,1614787935_d575013901ec8e83adc4d190597526ba92ac9338,vue_cli_service,1,7,383,  ● LeftSidebar.vue › search results › not found caption › displays caption for users and circles not found,acceptable,2026-09-21T18:04:00.570376+00:00,af2f700ae24904e5,25,d893c99aab9e
spreed,1617179771_a2385777571dac714ac65a603aabc1533d0d1db4,vue_cli_service,1,8,303,  ● Conversation.vue › renders conversation entry,acceptable,2026-09-21T18:04:00.570568+00:00,59f8c8506df625ab,14,d893c99aab9e
spreed,1617179771_a2385777571dac714ac65a603aabc1533d0d1db4,vue_cli_service,1,9,320,  ● Conversation.vue › displayed subtitle › display joining conversation message when not joined yet,acceptable,2026-09-21T18:04:07.875657+00:00,430f5c2554241022,2,
spreed,1617179771_a2385777571dac714ac65a603aabc1533d0d1db4,vue_cli_service,1,10,335,  ● Conversation.vue › displayed subtitle › displays nothing when there is no last chat message,acceptable,2026-09-21T18:04:07.877316+00:00,b4801d191972bb69,2,9cfaf5f0e1fa
spreed,1617179771_a2385777571dac714ac65a603aabc1533d0d1db4,vue_cli_service,1,11,350,  ● Conversation.vue › displayed subtitle › author name › displays last chat message with shortened author name,acceptable,2026-09-21T18:04:07.877898+00:00,9b61280d558b8188,4,9cfaf5f0e1fa
spreed,1617179771_a2385777571dac714ac65a603aabc1533d0d1db4,vue_cli_service,1,12,365,  ● Conversation.vue › displayed subtitle › author name › displays last chat message with author name if no space in name,acceptable,2026-09-21T18:04:07.878431+00:00,e630928105718085,4,9cfaf5f0e1fa
spreed,1617179771_a2385777571dac714ac65a603aabc1533d0d1db4,vue_cli_service,1,13,380,"  ● Conversation.vue › displayed subtitle › author name › displays own last chat message with ""You"" as author",acceptable,2026-09-21T18:04:07.878975+00:00,00ef2ab82a39fad8,4,9cfaf5f0e1fa
spreed,1617179771_a2385777571dac714ac65a603aabc1533d0d1db4,vue_cli_service,1,14,395,  ● Conversation.vue › displayed subtitle › author name › displays last system message without author,acceptable,2026-09-21T18:04:07.879704+00:00,4ce3b9318cc51e08,4,9cfaf5f0e1fa
spreed,1617179771_a2385777571dac714ac65a603aabc1533d0d1db4,vue_cli_service,1,15,410,  ● Conversation.vue › displayed subtitle › author name › displays last message without author in one to one conversations,acceptable,2026-09-21T18:04:07.880300+00:00,979e2d24959300bf,4,9cfaf5f0e1fa
spreed,1617179771_a2385777571dac714ac65a603aabc1533d0d1db4,vue_cli_service,1,16,425,"  ● Conversation.vue › displayed subtitle › author name › displays own last message with ""You"" author in one to one conversations",acceptable,2026-09-21T18:04:07.880901+00:00,f0e50a00f9e0d058,4,9cfaf5f0e1fa
spreed,1617179771_a2385777571dac714ac65a603aabc1533d0d1db4,vue_cli_service,1,17,440,  ● Conversation.vue › displayed subtitle › author name › displays last guest message with default author when none set,acceptable,2026-09-21T18:04:07.881524+00:00,9683865816bd3914,4,9cfaf5f0e1fa
spreed,1617179771_a2385777571dac714ac65a603aabc1533d0d1db4,vue_cli_service,1,18,455,  ● Conversation.vue › displayed subtitle › author name › displays last message for search results,reevaluated_acceptable,2026-09-21T18:04:12.147929+00:00,0acd409d2c32608b,7,
spreed,1617179771_a2385777571dac714ac65a603aabc1533d0d1db4,vue_cli_service,1,19,486,  ● Conversation.vue › displayed subtitle › replaces placeholders in rich object of last message,acceptable,2026-09-21T18:04:12.150067+00:00,163025e3491433f1,4,9cfaf5f0e1fa
spreed,1617179771_a2385777571dac714ac65a603aabc1533d0d1db4,vue_cli_service,1,20,501,  ● Conversation.vue › displayed subtitle › last message from messages store › displays store message when more recent,acceptable,2026-09-21T18:04:12.150781+00:00,5b57ee323d301dde,3,9cfaf5f0e1fa
spreed,1617179771_a2385777571dac714ac65a603aabc1533d0d1db4,vue_cli_service,1,21,516,  ● Conversation.vue › displayed subtitle › last message from messages store › displays conversation message when last one is a temporary command message,acceptable,2026-09-21T18:04:12.151474+00:00,de379838f4f5c1f4,3,9cfaf5f0e1fa
spreed,1617179771_a2385777571dac714ac65a603aabc1533d0d1db4,vue_cli_service,1,22,531,  ● Conversation.vue › displayed subtitle › last message from messages store › displays conversation message when last one is a bot message,acceptable,2026-09-21T18:04:12.152206+00:00,ebcf12b49576a37e,3,9cfaf5f0e1fa
spreed,1617179771_a2385777571dac714ac65a603aabc1533d0d1db4,vue_cli_service,1,23,546,  ● Conversation.vue › displayed subtitle › last message from messages store › displays store message when last one is a changelog bot message,acceptable,2026-09-21T18:04:12.152880+00:00,94d9f2185a7535b7,3,9cfaf5f0e1fa
spreed,1617179771_a2385777571dac714ac65a603aabc1533d0d1db4,vue_cli_service,1,24,561,  ● Conversation.vue › unread messages counter › renders unread messages counter,acceptable,2026-09-21T18:04:12.153543+00:00,52d87b6e1530977c,9,d893c99aab9e
spreed,1617179771_a2385777571dac714ac65a603aabc1533d0d1db4,vue_cli_service,1,25,579,  ● Conversation.vue › unread messages counter › renders unread mentions highlighted for non one-to-one conversations,acceptable,2026-09-21T18:04:12.154233+00:00,4833cd2de57d0394,9,d893c99aab9e
spreed,1617179771_a2385777571dac714ac65a603aabc1533d0d1db4,vue_cli_service,1,26,597,  ● Conversation.vue › unread messages counter › renders unread mentions always highlighted for one-to-one conversations,acceptable,2026-09-21T18:04:12.154941+00:00,cfc8568104a16a57,9,d893c99aab9e
spreed,1617179771_a2385777571dac714ac65a603aabc1533d0d1db4,vue_cli_service,1,27,615,  ● Conversation.vue › unread messages counter › does not render counter when no unread messages,acceptable,2026-09-21T18:04:12.155630+00:00,f277f3080a5dd520,5,d893c99aab9e
spreed,1617179771_a2385777571dac714ac65a603aabc1533d0d1db4,vue_cli_service,1,28,632,  ● Conversation.vue › actions › forwards click event on list item,acceptable,2026-09-21T18:04:12.156343+00:00,a3fb81cff4ee609b,3,d893c99aab9e
spreed,1617179771_a2385777571dac714ac65a603aabc1533d0d1db4,vue_cli_service,1,29,649,  ● Conversation.vue › actions › notification level › sets notification to all messages,acceptable,2026-09-21T18:04:12.157042+00:00,c43214ccc10bb4c7,2,d893c99aab9e
spreed,1617179771_a2385777571dac714ac65a603aabc1533d0d1db4,vue_cli_service,1,30,668,  ● Conversation.vue › actions › notification level › sets notification to at-mentions only,acceptable,2026-09-21T18:04:12.157736+00:00,22fc8a87d33e8237,2,d893c99aab9e
spreed,1617179771_a2385777571dac714ac65a603aabc1533d0d1db4,vue_cli_service,1,31,687,  ● Conversation.vue › actions › notification level › sets notification to off,acceptable,2026-09-21T18:04:12.158558+00:00,b7138a517cb3d7fb,2,d893c99aab9e
spreed,1617179771_a2385777571dac714ac65a603aabc1533d0d1db4,vue_cli_service,1,32,706,  ● Conversation.vue › actions › leaving conversation › leaves conversation,acceptable,2026-09-21T18:04:12.159548+00:00,93f967deaec7d7ff,2,d893c99aab9e
spreed,1617179771_a2385777571dac714ac65a603aabc1533d0d1db4,vue_cli_service,1,33,724,"  ● Conversation.vue › actions › leaving conversation › hides ""leave conversation"" action when not allowed",acceptable,2026-09-21T18:04:12.160511+00:00,3db0d99ccf977b82,2,d893c99aab9e
spreed,1617179771_a2385777571dac714ac65a603aabc1533d0d1db4,vue_cli_service,1,34,742,  ● Conversation.vue › actions › leaving conversation › errors with notification when a new moderator is required before leaving,acceptable,2026-09-21T18:04:12.161297+00:00,9ec3bb7b83aa17d5,3,d893c99aab9e
spreed,1617179771_a2385777571dac714ac65a603aabc1533d0d1db4,vue_cli_service,1,35,760,  ● Conversation.vue › actions › deleting conversation › deletes conversation when confirmed,acceptable,2026-09-21T18:04:12.162084+00:00,5379bf69a9e12475,2,d893c99aab9e
spreed,1617179771_a2385777571dac714ac65a603aabc1533d0d1db4,vue_cli_service,1,36,778,  ● Conversation.vue › actions › deleting conversation › does not delete conversation when not confirmed,acceptable,2026-09-21T18:04:12.162851+00:00,6b1e7b6232a30d15,2,d893c99aab9e
spreed,1617179771_a2385777571dac714ac65a603aabc1533d0d1db4,vue_cli_service,1,37,796,"  ● Conversation.vue › actions › deleting conversation › hides ""delete conversation"" action when not allowed",acceptable,2026-09-21T18:04:12.163663+00:00,eb9a771f662e2e77,2,d893c99aab9e
spreed,1617179771_a2385777571dac714ac65a603aabc1533d0d1db4,vue_cli_service,1,38,814,  ● Conversation.vue › actions › copies link conversation,acceptable,2026-09-21T18:04:12.164482+00:00,b3821fbc4905d94c,3,d893c99aab9e
spreed,1617179771_a2385777571dac714ac65a603aabc1533d0d1db4,vue_cli_service,1,39,831,  ● Conversation.vue › actions › sets favorite,acceptable,2026-09-21T18:04:12.165319+00:00,7225450222c78f71,2,d893c99aab9e
spreed,1617179771_a2385777571dac714ac65a603aabc1533d0d1db4,vue_cli_service,1,40,848,  ● Conversation.vue › actions › unsets favorite,acceptable,2026-09-21T18:04:12.166218+00:00,e353ebcf766fb307,2,d893c99aab9e
spreed,1617179771_a2385777571dac714ac65a603aabc1533d0d1db4,vue_cli_service,1,41,865,  ● Conversation.vue › actions › marks conversation as read,acceptable,2026-09-21T18:04:12.167151+00:00,54bba9ae6958397b,2,d893c99aab9e
spreed,1617179771_a2385777571dac714ac65a603aabc1533d0d1db4,vue_cli_service,1,42,883,  ● Conversation.vue › actions › does not show actions for search result,reevaluated_acceptable,2026-09-21T18:04:12.168333+00:00,b0e1aa4c03ce08dd,7,745618bd6e49
spreed,1617179771_a2385777571dac714ac65a603aabc1533d0d1db4,vue_cli_service,1,43,1660,  ● LeftSidebar.vue › search results › clicking search results › joins listed conversation from search result,acceptable,2026-09-21T18:04:18.653847+00:00,18775778ad5163fd,13,
spreed,1620655310_fce24ef7ac58b90c7f34b7766d2f747b185bd8a5,vue_cli_service,1,44,202,  ● Test suite failed to run,reevaluated_acceptable,2026-09-21T18:04:22.641914+00:00,9989a4a926ffd537,101,
spreed,1623311028_632ce3673d35fb2be5bc6da917a77a274149c33f,vue_cli_service,1,45,210,  ● Test suite failed to run,reevaluated_acceptable,2026-09-21T18:04:22.644088+00:00,7aa07016d08d1dc9,122,f3df147df273
spreed,1623753465_c167a1a3fd25c8e2fb83cd40406cf26d6e5b633e,vue_cli_service,1,46,198,  ● messagesStore › look for new messages › looks for new messages,acceptable,2026-09-21T18:04:30.311995+00:00,f0a92c1026b29dd5,7,
spreed,1623753465_c167a1a3fd25c8e2fb83cd40406cf26d6e5b633e,vue_cli_service,1,47,214,  ● messagesStore › look for new messages › looks for new messages does not update last message if lower,acceptable,2026-09-21T18:04:30.315373+00:00,876a8137c9509cc1,7,983b701b3d5e
spreed,1624040871_51b24cc9b5d5241c1b97615c2f2b9f0374d82754,vue_cli_service,1,48,212,  ● Test suite failed to run,reevaluated_acceptable,2026-09-21T18:04:34.636517+00:00,a881efa7f94ed0da,52,
spreed,1624040871_51b24cc9b5d5241c1b97615c2f2b9f0374d82754,vue_cli_service,1,49,260,  ● Test suite failed to run,reevaluated_acceptable,2026-09-21T18:04:34.638116+00:00,51e83d1eddd6555b,28,a471a3a7e0c3
spreed,1624040871_51b24cc9b5d5241c1b97615c2f2b9f0374d82754,vue_cli_service,1,50,284,  ● Test suite failed to run,reevaluated_acceptable,2026-09-21T18:04:34.638760+00:00,7317ad94b73bef76,52,a471a3a7e0c3
spreed,1624040871_51b24cc9b5d5241c1b97615c2f2b9f0374d82754,vue_cli_service,1,51,308,  ● Test suite failed to run,reevaluated_acceptable,2026-09-21T18:04:34.639405+00:00,008e3e21e720dbd9,25,a471a3a7e0c3
spreed,1624040871_51b24cc9b5d5241c1b97615c2f2b9f0374d82754,vue_cli_service,1,52,332,  ● Test suite failed to run,reevaluated_acceptable,2026-09-21T18:04:34.640047+00:00,033634d7e16a9aa7,100,a471a3a7e0c3
spreed,1624040871_51b24cc9b5d5241c1b97615c2f2b9f0374d82754,vue_cli_service,1,53,356,  ● Test suite failed to run,reevaluated_acceptable,2026-09-21T18:04:34.640672+00:00,c5ca765233ef5d88,102,a471a3a7e0c3
spreed,1624040871_51b24cc9b5d5241c1b97615c2f2b9f0374d82754,vue_cli_service,1,54,380,  ● Test suite failed to run,reevaluated_acceptable,2026-09-21T18:04:34.641320+00:00,c0f9e514bf31123a,55,a471a3a7e0c3
spreed,1625500848_cc4f44364a3b8d4d11558e393d7aa676da2d4951,vue_cli_service,1,55,204,  ● AvatarWrapper.vue › Renders guests icons properly,acceptable,2026-09-21T18:04:38.464060+00:00,fba7cc7cc72b3c88,2,
spreed,1626765814_773d24f1ddfaaf65c9aed0c8148f1a0fffb9b2a8,vue_cli_service,1,56,308,  ● Test suite failed to run,reevaluated_acceptable,2026-09-21T18:04:48.862222+00:00,52d47a5223719599,36,
spreed,1634908830_fb7ba9e7a394e652cc7233f33c0d2d46bda9f61f,vue_cli_service,1,57,212,  ● conversationsStore › sets default permissions for a conversation,acceptable,2026-09-21T18:04:57.338458+00:00,76fdd28a047454f6,3,
spreed,1634908830_fb7ba9e7a394e652cc7233f33c0d2d46bda9f61f,vue_cli_service,1,58,230,  ● conversationsStore › sets default permissions for a call,acceptable,2026-09-21T18:04:57.341518+00:00,8729b4cd06477d90,3,c132b3f9be5e
spreed,1635247428_91bbdb6026b1770db55a4adebb8d4be2ec00fb31,vue_cli_service,1,59,242,  ● ParticipantPermissionsEditor.vue › Properly renders the checkboxes when mounted › Properly renders the call start checkbox,acceptable,2026-09-21T18:05:06.088620+00:00,4720903a14e609d3,16,
spreed,1635247428_91bbdb6026b1770db55a4adebb8d4be2ec00fb31,vue_cli_service,1,60,256,  ● ParticipantPermissionsEditor.vue › Properly renders the checkboxes when mounted › Properly renders the lobby Ignore checkbox,acceptable,2026-09-21T18:05:06.090621+00:00,a4d3c44bea492d5d,2,01410eb4b1f6
spreed,1635247428_91bbdb6026b1770db55a4adebb8d4be2ec00fb31,vue_cli_service,1,61,270,  ● ParticipantPermissionsEditor.vue › Properly renders the checkboxes when mounted › Properly renders the publish audio checkbox,acceptable,2026-09-21T18:05:06.091255+00:00,a91bbc7d789f5a45,16,01410eb4b1f6
spreed,1635247428_91bbdb6026b1770db55a4adebb8d4be2ec00fb31,vue_cli_service,1,62,284,  ● ParticipantPermissionsEditor.vue › Properly renders the checkboxes when mounted › Properly renders the publish video checkbox,acceptable,2026-09-21T18:05:06.091884+00:00,a58ee9ffcf351ce7,16,01410eb4b1f6
spreed,1635247428_91bbdb6026b1770db55a4adebb8d4be2ec00fb31,vue_cli_service,1,63,298,  ● ParticipantPermissionsEditor.vue › Properly renders the checkboxes when mounted › Properly renders the publish screen checkbox,acceptable,2026-09-21T18:05:06.092595+00:00,762a86ae3c44de29,2,01410eb4b1f6
spreed,1635247428_91bbdb6026b1770db55a4adebb8d4be2ec00fb31,vue_cli_service,1,64,312,  ● ParticipantPermissionsEditor.vue › Dispatches the aciton to set the right permissions › Dispatches setPermissions with the correct permissions value when a permission is subtracted,acceptable,2026-09-21T18:05:19.198932+00:00,a6de8d702742f551,16,01410eb4b1f6
spreed,1635247428_91bbdb6026b1770db55a4adebb8d4be2ec00fb31,vue_cli_service,1,65,328,  ● ParticipantPermissionsEditor.vue › Dispatches the aciton to set the right permissions › Dispatches setPermissions with the correct permissions value when a permission is added,acceptable,2026-09-21T18:05:19.201138+00:00,a1f399654495bf69,15,01410eb4b1f6
spreed,1635492021_0ad342d12ff4682202089d2ff7bd01e7d83d4c2d,vue_cli_service,1,66,274,  ● Test suite failed to run,problematic,2026-09-21T18:05:31.124311+00:00,4490be97f305574d,4,51279d9fe99a
spreed,1642417109_864200b9d0fbd05e5c27d05152064ada5ec66aa3,vue_cli_service,1,67,286,  ● Message.vue › actions › actions become visible on mouse over,acceptable,2026-09-21T18:05:39.643151+00:00,bcf3653f6126bd44,2,
spreed,1643892193_b3ea65f6d10cfc0dfc726f30782121689cdb20f1,vue_cli_service,1,68,549,  ● MessageButtonsBar.vue › actions › private reply action › hides private reply action for own messages,acceptable,2026-09-21T18:05:39.646124+00:00,1d8265b67294098a,27,d893c99aab9e
spreed,1643892193_b3ea65f6d10cfc0dfc726f30782121689cdb20f1,vue_cli_service,1,69,574,  ● MessageButtonsBar.vue › actions › delete action › deletes message,acceptable,2026-09-21T18:05:45.159381+00:00,4a3b21580a0ba7be,24,
spreed,1643892193_b3ea65f6d10cfc0dfc726f30782121689cdb20f1,vue_cli_service,1,70,612,  ● MessageButtonsBar.vue › actions › renders clickable custom actions,acceptable,2026-09-21T18:05:45.162993+00:00,8b58d43135c25893,30,da23232117d3
spreed,1643986126_1f6bf9c3848d4ef84dde083a9b91440ee396b293,vue_cli_service,1,71,276,  ● MessageButtonsBar.vue › actions › reply action › replies to message,acceptable,2026-09-21T18:05:45.164800+00:00,24048a8f691aeffb,24,c132b3f9be5e
spreed,1645441716_7f1d2e1e060d18847613f458fe097d0a70162f11,vue_cli_service,1,72,198,  ● Test suite failed to run,acceptable,2026-09-21T18:05:54.770495+00:00,dda1a5a8062cbbae,41,
spreed,1645441716_7f1d2e1e060d18847613f458fe097d0a70162f11,vue_cli_service,1,73,374,  ● Test suite failed to run,acceptable,2026-09-21T18:05:54.773305+00:00,a72ca8c1bda983e5,23,3205baffb57f
spreed,1645441716_7f1d2e1e060d18847613f458fe097d0a70162f11,vue_cli_service,1,74,476,  ● Test suite failed to run,acceptable,2026-09-21T18:05:54.774881+00:00,d1b32584ca6b8adf,56,3205baffb57f
spreed,1646234666_dff5d31602ef81257a56dcb08872a7ccbe4d6385,vue_cli_service,1,75,200,  ● messagesStore › temporary messages › creates temporary message,acceptable,2026-09-21T18:06:00.750088+00:00,2780462a82d66239,5,
spreed,1646234666_dff5d31602ef81257a56dcb08872a7ccbe4d6385,vue_cli_service,1,76,237,  ● messagesStore › temporary messages › creates temporary message with message to be replied,acceptable,2026-09-21T18:06:00.752955+00:00,4296c1a9b72e5357,5,b52f9b1562d7
spreed,1646234666_dff5d31602ef81257a56dcb08872a7ccbe4d6385,vue_cli_service,1,77,274,  ● messagesStore › temporary messages › creates temporary message with file,acceptable,2026-09-21T18:06:00.754532+00:00,01f400385b28885c,5,b52f9b1562d7
spreed,1646234666_dff5d31602ef81257a56dcb08872a7ccbe4d6385,vue_cli_service,1,78,331,  ● messagesStore › temporary messages › adds temporary message to the list,acceptable,2026-09-21T18:06:00.756085+00:00,0ec37763b3d640d0,8,b52f9b1562d7
spreed,1646234666_dff5d31602ef81257a56dcb08872a7ccbe4d6385,vue_cli_service,1,79,368,  ● messagesStore › temporary messages › marks temporary message as failed,acceptable,2026-09-21T18:06:00.757616+00:00,d387ac632224770b,8,b52f9b1562d7
spreed,1646234666_dff5d31602ef81257a56dcb08872a7ccbe4d6385,vue_cli_service,1,80,405,  ● messagesStore › temporary messages › gets temporary message by reference,acceptable,2026-09-21T18:06:00.759161+00:00,2097720b7d3c4a59,8,b52f9b1562d7
spreed,1646421663_08379c696a13a0c3a3eb46f216e1f1cad2e8264d,vue_cli_service,1,81,206,  ● RoomSelector.vue › emits select event on select,acceptable,2026-09-21T18:06:17.728977+00:00,c440bd5dd298b12a,1,22517a6c3e87
spreed,1647516941_68f41bdb64c0469f58b158c0b0546f6be47913e3,vue_cli_service,1,82,1028,  ● MessageButtonsBar.vue › actions › private reply action › creates a new conversation when replying to message privately,reevaluated_acceptable,2026-09-21T18:06:27.110261+00:00,6e2a0d5496bd3bdb,5,
spreed,1647516941_68f41bdb64c0469f58b158c0b0546f6be47913e3,vue_cli_service,1,83,1105,  ● MessageButtonsBar.vue › actions › private reply action › hides private reply action for guest messages,reevaluated_acceptable,2026-09-21T18:06:27.114042+00:00,e80c84391dba6417,5,3b81ccd718b0
spreed,1647516941_68f41bdb64c0469f58b158c0b0546f6be47913e3,vue_cli_service,1,84,1144,  ● MessageButtonsBar.vue › actions › private reply action › hides private reply action when current user is a guest,reevaluated_acceptable,2026-09-21T18:06:27.116196+00:00,24b48c769409b765,5,3b81ccd718b0
spreed,1647516941_68f41bdb64c0469f58b158c0b0546f6be47913e3,vue_cli_service,1,85,1221,  ● MessageButtonsBar.vue › actions › delete action › hides delete action when message is older than 6 hours,reevaluated_acceptable,2026-09-21T18:06:27.118089+00:00,d3daaaf1cbd003a1,1,3b81ccd718b0
spreed,1647516941_68f41bdb64c0469f58b158c0b0546f6be47913e3,vue_cli_service,1,86,1253,  ● MessageButtonsBar.vue › actions › delete action › hides delete action when the conversation is read-only,reevaluated_acceptable,2026-09-21T18:06:27.120235+00:00,e572fe2cf9db96d2,1,3b81ccd718b0
spreed,1647516941_68f41bdb64c0469f58b158c0b0546f6be47913e3,vue_cli_service,1,87,1285,  ● MessageButtonsBar.vue › actions › delete action › hides delete action for file messages,reevaluated_acceptable,2026-09-21T18:06:27.122469+00:00,6c2054dff15713b2,1,3b81ccd718b0
spreed,1647516941_68f41bdb64c0469f58b158c0b0546f6be47913e3,vue_cli_service,1,88,1317,  ● MessageButtonsBar.vue › actions › delete action › hides delete action on other people messages for non-moderators,reevaluated_acceptable,2026-09-21T18:06:27.127354+00:00,40f75253cd397c90,1,3b81ccd718b0
spreed,1647516941_68f41bdb64c0469f58b158c0b0546f6be47913e3,vue_cli_service,1,89,1349,  ● MessageButtonsBar.vue › actions › delete action › shows delete action on other people messages for moderators,reevaluated_acceptable,2026-09-21T18:06:27.129899+00:00,5c185c24909b7059,2,3b81ccd718b0
spreed,1647516941_68f41bdb64c0469f58b158c0b0546f6be47913e3,vue_cli_service,1,90,1381,  ● MessageButtonsBar.vue › actions › delete action › shows delete action on other people messages for owner,reevaluated_acceptable,2026-09-21T18:06:27.132416+00:00,6923be6ff94a0939,2,3b81ccd718b0
spreed,1647516941_68f41bdb64c0469f58b158c0b0546f6be47913e3,vue_cli_service,1,91,1413,  ● MessageButtonsBar.vue › actions › delete action › does not show delete action even for guest moderators,reevaluated_acceptable,2026-09-21T18:06:27.134881+00:00,b50d7b67a10d332f,1,3b81ccd718b0
spreed,1647516941_68f41bdb64c0469f58b158c0b0546f6be47913e3,vue_cli_service,1,92,1445,  ● MessageButtonsBar.vue › actions › marks message as unread,reevaluated_acceptable,2026-09-21T18:06:27.137389+00:00,a1530970cc002d36,5,3b81ccd718b0
spreed,1647516941_68f41bdb64c0469f58b158c0b0546f6be47913e3,vue_cli_service,1,93,1483,  ● MessageButtonsBar.vue › actions › copies message link,reevaluated_acceptable,2026-09-21T18:06:27.139761+00:00,0f9c827b729abd3d,7,3b81ccd718b0
spreed,1648220718_17eadda25be7773210df3b543a9dbb9e051fa7c9,vue_cli_service,1,94,322,  ● Message.vue › reactions › shows reaction buttons with the right emoji count,acceptable,2026-09-21T18:06:27.141939+00:00,8c2351efe94f96da,5,d893c99aab9e
spreed,1648655986_0b081554ceba2f2e59a6e83827ebb11acead38b3,vue_cli_service,1,95,213,  ● Test suite failed to run,reevaluated_acceptable,2026-09-21T18:06:32.638181+00:00,98f6774c1c11b2e9,46,
spreed,1650389801_bfdca047821bd836edd478c1f430437daec397a6,vue_cli_service,1,96,886,  ● Message.vue › reactions › dispatches store action to remove an emoji upon clicking reaction button,acceptable,2026-09-21T18:06:32.641811+00:00,83766acafd99de07,6,c132b3f9be5e
spreed,1652490114_29398f4db93cac61930609d408fc7aac46ec5a71,vue_cli_service,1,97,382,  ● Message.vue › message rendering › renders date,acceptable,2026-09-21T18:06:32.643795+00:00,b98ab35a78978488,6,d893c99aab9e
spreed,1652490114_29398f4db93cac61930609d408fc7aac46ec5a71,vue_cli_service,1,98,407,  ● MessagesList.vue › message grouping › displays a date separator between days,acceptable,2026-09-21T18:06:32.645679+00:00,f54a7efc6d0f894c,6,d893c99aab9e
spreed,1658307034_10c4925e4d24feab6290fd4cd1ed0ce6ea88eff8,vue_cli_service,1,99,417,  ● Test suite failed to run,reevaluated_acceptable,2026-09-21T18:06:48.172848+00:00,2560a2cbd387c07c,1,f7b45d754f38
spreed,1660141837_dc0a85115c5208f0df4e2a2421d514f2c903d56a,vue_cli_service,1,100,1043,  ● Message.vue › status › lets user retry sending a timed out message,acceptable,2026-09-21T18:06:48.174146+00:00,16231e49b26479e5,7,d893c99aab9e
spreed,1660210427_4562f7991f776354e44440a1cb22a85dda28a2d4,vue_cli_service,1,101,211,  ● Test suite failed to run,reevaluated_acceptable,2026-09-21T18:06:48.175395+00:00,bcaeeca7579ea982,11,f7b45d754f38
spreed,1660825967_0b51f0558322996fb06588d87a6f4b3fc67ded11,vue_cli_service,1,102,443,  ● FilePreview.vue › file preview rendering › triggering viewer › opens viewer when clicking if viewer available,acceptable,2026-09-21T18:06:48.176546+00:00,76f25eee892d0014,7,c132b3f9be5e
spreed,1660837939_5bceccef75416d5f46f66217568e21b440f3dea0,vue_cli_service,1,103,316,  ● Test suite failed to run,reevaluated_acceptable,2026-09-21T18:06:48.177801+00:00,e481f8e60d2af66b,38,f7b45d754f38
spreed,1660837952_02e83a61dc246c3130a6ed8bd2e969996b96d0b8,vue_cli_service,1,104,485,  ● AvatarWrapper.vue › Renders user avatars properly,acceptable,2026-09-21T18:06:48.178510+00:00,95278d137b90788c,2,d893c99aab9e
spreed,1663086308_015277152870dd65e254a44511dde2ce9dac7eb6,jest,1,105,613,  ● FilePreview.vue › file preview rendering › gif rendering › renders static preview for big GIF files,acceptable,2026-09-21T18:06:48.179305+00:00,835df8d0f64f11cd,3,d893c99aab9e
spreed,1663910501_43fc99c7a252c8a63d210eed7268e7b67e4a738c,jest,1,106,1009,  ● Message.vue › reactions › shows reaction buttons with the right emoji count but without emoji placeholder when no chat permission,acceptable,2026-09-21T18:06:48.180221+00:00,2692d45805c9875f,4,d893c99aab9e
spreed,1667557873_fbf20d217d9f32bb8d832189feca5abb1bc85e0b,jest,1,107,219,  ● Test suite failed to run,reevaluated_acceptable,2026-09-21T18:06:48.181226+00:00,74fc8e715a494a67,31,f7b45d754f38
spreed,1667567747_fcc4a83c1e36f6f537a1052b890dded1fd3d771b,jest,1,108,224,  ● messagesStore › message list,acceptable,2026-09-21T18:07:03.031946+00:00,6d9fd7c19d80fd21,2,
spreed,1667836568_6850fcbdb3c8c1c031b25ad20ab5a5410aff7c34,jest,1,109,216,  ● messagesService › fetchMessages calls the chat API endpoint excluding last known,acceptable,2026-09-21T18:07:03.035897+00:00,c4494a7aee376675,1,c132b3f9be5e
spreed,1667836568_6850fcbdb3c8c1c031b25ad20ab5a5410aff7c34,jest,1,110,247,  ● messagesService › fetchMessages calls the chat API endpoint including last known,acceptable,2026-09-21T18:07:03.038381+00:00,73ddf6f3c05ed814,1,c132b3f9be5e
spreed,1667836568_6850fcbdb3c8c1c031b25ad20ab5a5410aff7c34,jest,1,111,299,  ● messagesStore › fetchMessages › fetches messages from server including last known,acceptable,2026-09-21T18:07:03.040899+00:00,1face9ce90487d07,1,01410eb4b1f6
spreed,1667836568_6850fcbdb3c8c1c031b25ad20ab5a5410aff7c34,jest,1,112,318,  ● messagesStore › fetchMessages › fetches messages from server excluding last known,acceptable,2026-09-21T18:07:03.043122+00:00,2ba51e650960e40e,1,01410eb4b1f6
spreed,1669116586_900899ded864caf88ca508d700232d45ae967323,jest,1,113,1225,  ● MessagesList.vue › message grouping › groups consecutive messages by author,acceptable,2026-09-21T18:07:03.045787+00:00,c0666382236dc008,7,c132b3f9be5e
spreed,1669116586_900899ded864caf88ca508d700232d45ae967323,jest,1,114,1263,  ● MessagesList.vue › message grouping › groups system messages with each other,acceptable,2026-09-21T18:07:03.048352+00:00,4f05ed919d925491,5,c132b3f9be5e
spreed,1669116586_900899ded864caf88ca508d700232d45ae967323,jest,1,115,1282,  ● MessagesList.vue › message grouping › skips deleted messages when grouping,acceptable,2026-09-21T18:07:03.050886+00:00,d23d05a8444ea78d,3,c132b3f9be5e
spreed,1674756100_e989fc1e3b670a3700aeed93c05e9ab01387968d,jest,1,116,4238,  ● Conversation.vue › unread messages counter › renders group mentions outlined for non one-to-one conversations,acceptable,2026-09-21T18:07:12.137803+00:00,03b0287f987b1c54,4,
spreed,1674756100_e989fc1e3b670a3700aeed93c05e9ab01387968d,jest,1,117,14348,  ● LeftSidebar.vue › conversation list › fetches and renders conversation list initially,acceptable,2026-09-21T18:07:12.140237+00:00,0c722c521d3c38af,6,789093adb760
spreed,1674756100_e989fc1e3b670a3700aeed93c05e9ab01387968d,jest,1,118,14383,  ● LeftSidebar.vue › conversation list › re-fetches conversations every 30 seconds,acceptable,2026-09-21T18:07:12.141678+00:00,433e7b6e8507471b,4,789093adb760
spreed,1674756100_e989fc1e3b670a3700aeed93c05e9ab01387968d,jest,1,119,14418,  ● LeftSidebar.vue › conversation list › re-fetches conversations when receiving bus event,acceptable,2026-09-21T18:07:12.143091+00:00,4e9f507683f7510d,5,789093adb760
spreed,1674756100_e989fc1e3b670a3700aeed93c05e9ab01387968d,jest,1,120,14453,  ● LeftSidebar.vue › search results › displaying search results › displays search results when search is active,acceptable,2026-09-21T18:07:12.144477+00:00,c1b1694a502037a9,22,789093adb760
spreed,1674756100_e989fc1e3b670a3700aeed93c05e9ab01387968d,jest,1,121,14498,  ● LeftSidebar.vue › search results › displaying search results › only shows user search results when cannot create conversations,acceptable,2026-09-21T18:07:12.145912+00:00,7c98bd1950585053,22,789093adb760
spreed,1674756100_e989fc1e3b670a3700aeed93c05e9ab01387968d,jest,1,122,14542,  ● LeftSidebar.vue › search results › displaying search results › does not show circles results when circles are disabled,acceptable,2026-09-21T18:07:12.147233+00:00,235468a3d4de0862,22,789093adb760
spreed,1674756100_e989fc1e3b670a3700aeed93c05e9ab01387968d,jest,1,123,14640,  ● LeftSidebar.vue › search results › not found caption › displays all types in caption when only listed conversations were found,acceptable,2026-09-21T18:07:12.148600+00:00,bf2baf4b0caf46e1,22,789093adb760
spreed,1674756100_e989fc1e3b670a3700aeed93c05e9ab01387968d,jest,1,124,15055,  ● LeftSidebar.vue › search results › clicking search results › creates one to one conversation from user search result,acceptable,2026-09-21T18:07:12.149975+00:00,fbd2f201efa127e0,19,789093adb760
spreed,1674756100_e989fc1e3b670a3700aeed93c05e9ab01387968d,jest,1,125,15099,  ● LeftSidebar.vue › search results › clicking search results › shows group conversation dialog when clicking search result,acceptable,2026-09-21T18:07:12.151392+00:00,aabe1f294d921944,20,789093adb760
spreed,1674756100_e989fc1e3b670a3700aeed93c05e9ab01387968d,jest,1,126,15143,  ● LeftSidebar.vue › search results › clicking search results › shows circles conversation dialog when clicking search result,acceptable,2026-09-21T18:07:12.152764+00:00,e8e33e42c16b4ebc,20,789093adb760
spreed,1674756100_e989fc1e3b670a3700aeed93c05e9ab01387968d,jest,1,127,15187,  ● LeftSidebar.vue › search results › clicking search results › clears search results when joining user chat,acceptable,2026-09-21T18:07:12.154155+00:00,a519c2b8f12acce3,19,789093adb760
spreed,1674756100_e989fc1e3b670a3700aeed93c05e9ab01387968d,jest,1,128,15231,  ● LeftSidebar.vue › search results › clicking search results › does not clear search results when clicking group chat,acceptable,2026-09-21T18:07:12.155566+00:00,dda7dfa7a83c41bd,19,789093adb760
spreed,1680248588_f191ab890bc9a3ab0bdfda683bbffbe31a0262fa,jest,1,129,382,  ● AvatarWrapper.vue › Renders email icons properly,acceptable,2026-09-21T18:07:12.156909+00:00,fdb4f4977edec196,1,6db34b09ea9b
spreed,1683086163_c9cd937ba7891866b1b4ba956696b57d4e1d032b,jest,1,130,232,  ● SignalingTypingHandler › start typing › when room is not joined yet,acceptable,2026-09-21T18:07:22.017938+00:00,554adb687bea57cb,6,
spreed,1683086163_c9cd937ba7891866b1b4ba956696b57d4e1d032b,jest,1,131,248,  ● SignalingTypingHandler › stop typing › when room is not joined yet,acceptable,2026-09-21T18:07:22.020719+00:00,ffdac006e1b871c4,6,cf66920e7040
spreed,1688775443_3bbf3808848582676f63fea2a2b8fd275c97952a,jest,1,132,347,  ● Test suite failed to run,reevaluated_acceptable,2026-09-21T18:07:22.022106+00:00,b93fbd6e51ac1925,43,f3df147df273
spreed,1688775443_3bbf3808848582676f63fea2a2b8fd275c97952a,jest,1,133,574,  ● Test suite failed to run,reevaluated_acceptable,2026-09-21T18:07:22.023499+00:00,efc1f1f12f720905,36,f3df147df273
spreed,1689018376_59c5432a7e47c1fcb711f26694255b6d37c079e5,jest,1,134,295,  ● Test suite failed to run,reevaluated_acceptable,2026-09-21T18:07:28.382088+00:00,60eb40c029d57d8d,9,
spreed,1689018376_59c5432a7e47c1fcb711f26694255b6d37c079e5,jest,1,135,330,  ● Test suite failed to run,reevaluated_acceptable,2026-09-21T18:07:28.384695+00:00,bd922056bba12752,2,2b9c272a2a68
spreed,1692723242_73bbc55099b7ab95b479293619f8c4e92ab365fa,jest,1,136,346,  ● messagesStore › processMessage › adds message with its parent to the list,acceptable,2026-09-21T18:07:28.386013+00:00,0b6396faa21f6ba2,3,d893c99aab9e
spreed,1694020967_520914722dde9c6326c62f3efaae7aaea4dc3d72,jest,1,137,394,  ● guestNameStore › sets guest name if empty,acceptable,2026-09-21T18:07:40.687766+00:00,c3cd55c66af96849,1,ac9795123283
spreed,1694020967_520914722dde9c6326c62f3efaae7aaea4dc3d72,jest,1,138,408,  ● guestNameStore › does not override guest name if not empty,acceptable,2026-09-21T18:07:40.691669+00:00,52acbe14ef1edff4,1,ac9795123283
spreed,1694020967_520914722dde9c6326c62f3efaae7aaea4dc3d72,jest,1,139,422,  ● guestNameStore › force override guest name,acceptable,2026-09-21T18:07:40.694850+00:00,14b0c991fe760528,1,ac9795123283
spreed,1694020967_520914722dde9c6326c62f3efaae7aaea4dc3d72,jest,1,140,436,  ● guestNameStore › clear guest name,acceptable,2026-09-21T18:07:40.698148+00:00,61d4d8ad67ef1647,1,ac9795123283
spreed,1694020967_520914722dde9c6326c62f3efaae7aaea4dc3d72,jest,1,141,450,  ● guestNameStore › translates default guest name,acceptable,2026-09-21T18:07:40.701761+00:00,adf8633c919ce340,1,ac9795123283
spreed,1694955340_00cbbdd59f1d2a5cf89c06f344a610f761c2fc79,jest,1,142,303,  ● participantsStore › fetch participants › updates conversation if fail to fetch participants,acceptable,2026-09-21T18:07:56.158029+00:00,b1da084777e54f29,3,
spreed,1696520490_32e0d806fa2d125156f62ed1cd56284c7861fa8c,jest,1,143,269,  ● participantsStore › call handling › joins call,acceptable,2026-09-21T18:07:56.163106+00:00,61a1664a3d31c7a0,6,c132b3f9be5e
spreed,1696529101_c6a09b4d5a4d8e6aedaa530b2a0e04b34c33b586,jest,1,144,467,  ● messagesStore › Forward a message › forwards a message with mentions and remove the latter,acceptable,2026-09-21T18:07:56.166219+00:00,cc182d129d124bdd,4,c132b3f9be5e
spreed,1697639832_3615c73513063521ca07d834dc39f2910fa19856,jest,1,145,262,  ● fileUploadStore › uploading › performs upload by uploading then sharing,acceptable,2026-09-21T18:07:56.169411+00:00,fafb698bedcba7b3,1,01410eb4b1f6
spreed,1697639832_3615c73513063521ca07d834dc39f2910fa19856,jest,1,146,280,  ● fileUploadStore › uploading › marks temporary message as failed in case of upload error,acceptable,2026-09-21T18:07:56.172554+00:00,ed2efea0f98740fb,2,01410eb4b1f6
spreed,1697639832_3615c73513063521ca07d834dc39f2910fa19856,jest,1,147,298,  ● fileUploadStore › uploading › marks temporary message as failed in case of sharing error,acceptable,2026-09-21T18:07:56.175617+00:00,2d4ab60f7e9c7c9a,2,01410eb4b1f6
spreed,1698926722_27b1044eb79f92437dcf9409ce74c99d4303450c,jest,1,148,295,  ● Test suite failed to run,reevaluated_acceptable,2026-09-21T18:07:56.178709+00:00,233409f231b7198a,33,f7b45d754f38
spreed,1698926722_27b1044eb79f92437dcf9409ce74c99d4303450c,jest,1,149,349,  ● Test suite failed to run,reevaluated_acceptable,2026-09-21T18:07:56.181872+00:00,6cb58bbb15fb635a,32,f7b45d754f38
spreed,1700237025_95b5091798e9c98905d703f4924acc69b35dec75,jest,1,150,221,  ● fileUpload › getFileSuffix › should return the file suffix when it exists in the path,acceptable,2026-09-21T18:08:02.527970+00:00,589a306686593f8f,1,
spreed,1700237025_95b5091798e9c98905d703f4924acc69b35dec75,jest,1,151,235,  ● fileUpload › getFileSuffix › should return 1 when no file suffix exists in the path,acceptable,2026-09-21T18:08:02.533108+00:00,a0a405f0fc8962b3,1,296542a2b317
spreed,1700237025_95b5091798e9c98905d703f4924acc69b35dec75,jest,1,152,249,  ● fileUpload › findUniquePath › should look for unique path starting from a known suffix when the input path already exists in the destination folder,acceptable,2026-09-21T18:08:02.536138+00:00,bc5b1685e3f98311,1,d893c99aab9e
spreed,1702913329_f91d7941248c6323cdecbe63855d77b6ecdd011e,jest,1,153,3254,  ● Message.vue › actions › Buttons bar is rendered on mouse over,acceptable,2026-09-21T18:08:02.539004+00:00,2a20220cec7b310c,8,01410eb4b1f6
spreed,1702913329_f91d7941248c6323cdecbe63855d77b6ecdd011e,jest,1,154,3281,  ● Message.vue › delete action › deletes message,acceptable,2026-09-21T18:08:02.541331+00:00,641327bd21b8680b,8,01410eb4b1f6
spreed,1702913329_f91d7941248c6323cdecbe63855d77b6ecdd011e,jest,1,155,3308,  ● Message.vue › reactions › shows reaction buttons with count and emoji picker,acceptable,2026-09-21T18:08:05.732162+00:00,0e57e2d1e43dd0a1,10,
spreed,1702913329_f91d7941248c6323cdecbe63855d77b6ecdd011e,jest,1,156,3326,  ● Message.vue › reactions › shows reaction buttons with count but without emoji picker when no chat permission,acceptable,2026-09-21T18:08:05.734123+00:00,410889f7204f3331,10,9466107efd30
spreed,1702913329_f91d7941248c6323cdecbe63855d77b6ecdd011e,jest,1,157,3344,  ● Message.vue › reactions › dispatches store actions upon picking an emoji from the emojipicker,acceptable,2026-09-21T18:08:05.735129+00:00,340c7487e6ff6b01,10,01410eb4b1f6
spreed,1702913329_f91d7941248c6323cdecbe63855d77b6ecdd011e,jest,1,158,3358,  ● Message.vue › reactions › dispatches store actions upon clicking a reaction buttons,acceptable,2026-09-21T18:08:51.959847+00:00,c0dddd3ffde5975e,10,
spreed,1702988065_864771e15d9406b3c2d6e1761a250be77c10c5ab,jest,1,159,479,  ●  Cannot log after tests are done. Did you forget to wait for something async in your test?,reevaluated_acceptable,2026-09-21T18:09:06.091627+00:00,7ebbe5c621370d78,2,
spreed,1703668858_bb03d896488bc83ebce19a3de75c4421a57ea727,jest,1,160,534,  ● messagesStore › processMessage › doesn't add specific messages to the store,acceptable,2026-09-21T18:09:06.096147+00:00,1e81ca65e15a3f53,10,01410eb4b1f6
spreed,1703668858_bb03d896488bc83ebce19a3de75c4421a57ea727,jest,1,161,557,  ● messagesStore › delete message › deletes from server and replaces deleted message with response,acceptable,2026-09-21T18:09:06.098507+00:00,d983624130548ab6,10,01410eb4b1f6
spreed,1703668858_bb03d896488bc83ebce19a3de75c4421a57ea727,jest,1,162,578,  ● messagesStore › delete message › deletes from server but doesn't replace if deleted message is not in the store,acceptable,2026-09-21T18:09:06.100805+00:00,37c5375a247747f5,10,01410eb4b1f6
spreed,1703708511_c6b094abd69f3f749d7c64f3db0147baea648c6d,jest,1,163,273,  ● reactionsStore › error handling › does not add a reaction when the API call fails,reevaluated_acceptable,2026-09-21T18:13:37.246477+00:00,68bbe0da11189fbb,7,
spreed,1703708511_c6b094abd69f3f749d7c64f3db0147baea648c6d,jest,1,164,287,  ● reactionsStore › error handling › does not remove a reaction when the API call fails,reevaluated_acceptable,2026-09-21T18:13:46.125189+00:00,0a8de410aa7952ea,7,cfb4299b2e5e
spreed,1703803605_0fe30c74cc01fcbcc1b069d9f4a98d8df38df6c4,jest,1,165,979,  ● Test suite failed to run,problematic,2026-09-21T18:13:57.568243+00:00,bad641d65998696f,32,5852fdd2fdf2
spreed,1704664234_c0a57bc4abac98129c13caaced6fdb82abc17d0b,jest,1,166,672,  ● Message.vue › message rendering › renders rich text message,acceptable,2026-09-21T18:13:57.571084+00:00,39c5ebf0c6c5a02a,5,22517a6c3e87
spreed,1704664234_c0a57bc4abac98129c13caaced6fdb82abc17d0b,jest,1,167,688,  ● Message.vue › message rendering › renders emoji as single plain text,acceptable,2026-09-21T18:13:57.572719+00:00,778247c4a1868116,5,22517a6c3e87
spreed,1704664234_c0a57bc4abac98129c13caaced6fdb82abc17d0b,jest,1,168,704,  ● Message.vue › message rendering › call button › shows join call button on last message when a call is in progress,acceptable,2026-09-21T18:13:57.574352+00:00,2391e5d2630d53cd,5,22517a6c3e87
spreed,1704664234_c0a57bc4abac98129c13caaced6fdb82abc17d0b,jest,1,169,720,  ● Message.vue › message rendering › renders deleted system message,acceptable,2026-09-21T18:13:57.576043+00:00,e844f9dec451280e,5,22517a6c3e87
spreed,1704664234_c0a57bc4abac98129c13caaced6fdb82abc17d0b,jest,1,170,753,  ● Message.vue › message rendering › renders quote block,acceptable,2026-09-21T18:13:57.577608+00:00,25ff05a1e0af0242,5,d893c99aab9e
spreed,1704664234_c0a57bc4abac98129c13caaced6fdb82abc17d0b,jest,1,171,770,  ● Message.vue › message rendering › rich objects › renders mentions,acceptable,2026-09-21T18:13:57.579323+00:00,50c2ea3149f35e97,5,22517a6c3e87
spreed,1704664234_c0a57bc4abac98129c13caaced6fdb82abc17d0b,jest,1,172,787,  ● Message.vue › message rendering › rich objects › renders single file preview,acceptable,2026-09-21T18:13:57.581035+00:00,2ca10891ea169dca,5,22517a6c3e87
spreed,1704664234_c0a57bc4abac98129c13caaced6fdb82abc17d0b,jest,1,173,804,  ● Message.vue › message rendering › rich objects › renders single file preview with caption,acceptable,2026-09-21T18:13:57.582925+00:00,ea8cc79e0537c050,6,22517a6c3e87
spreed,1704664234_c0a57bc4abac98129c13caaced6fdb82abc17d0b,jest,1,174,821,  ● Message.vue › message rendering › rich objects › renders deck cards,acceptable,2026-09-21T18:13:57.584612+00:00,f49a8de66d8f58cf,5,22517a6c3e87
spreed,1704664234_c0a57bc4abac98129c13caaced6fdb82abc17d0b,jest,1,175,838,  ● Message.vue › message rendering › rich objects › renders geo locations,acceptable,2026-09-21T18:13:57.586206+00:00,45b513c2b84adb03,5,22517a6c3e87
spreed,1704664234_c0a57bc4abac98129c13caaced6fdb82abc17d0b,jest,1,176,855,  ● Message.vue › message rendering › rich objects › renders other rich objects,acceptable,2026-09-21T18:13:57.587814+00:00,3ae5719664c3b41c,5,22517a6c3e87
spreed,1704664234_c0a57bc4abac98129c13caaced6fdb82abc17d0b,jest,1,177,889,  ● Message.vue › status › displays the message already with a spinner while sending it,acceptable,2026-09-21T18:13:57.589453+00:00,de6761bb5654d335,5,22517a6c3e87
spreed,1704664234_c0a57bc4abac98129c13caaced6fdb82abc17d0b,jest,1,178,905,  ● Message.vue › status › displays icon when message was read by everyone,acceptable,2026-09-21T18:13:57.590941+00:00,cd5e78ca453c1880,5,d893c99aab9e
spreed,1704664234_c0a57bc4abac98129c13caaced6fdb82abc17d0b,jest,1,179,922,  ● Message.vue › status › displays sent icon when own message was sent,acceptable,2026-09-21T18:13:57.592438+00:00,5994d21fd8cb341f,5,d893c99aab9e
spreed,1705699582_412a13d8a139a099510b43a2419492653423841e,jest,1,180,545,  ● fileUploadStore › uploading › performs silent upload and sharing of single file with caption,acceptable,2026-09-21T18:13:57.594058+00:00,1e664491ef85cecf,6,c132b3f9be5e
spreed,1705699582_412a13d8a139a099510b43a2419492653423841e,jest,1,181,564,  ● fileUploadStore › uploading › performs upload and sharing of multiple files with caption,acceptable,2026-09-21T18:14:08.858681+00:00,fd4d63d5ca21290b,6,
spreed,1706335907_48d144283117d1ea912fe240ee189128d3e784e9,jest,1,182,486,  ● FilePreview.vue › file preview rendering › renders file preview,acceptable,2026-09-21T18:14:08.860618+00:00,614d04fc4fe7a1db,2,d893c99aab9e
spreed,1706335907_48d144283117d1ea912fe240ee189128d3e784e9,jest,1,183,503,  ● FilePreview.vue › file preview rendering › renders file preview for guests,acceptable,2026-09-21T18:14:08.861631+00:00,b40a42f71df292ce,2,d893c99aab9e
spreed,1706335907_48d144283117d1ea912fe240ee189128d3e784e9,jest,1,184,726,  ● Conversation.vue › actions (mock router) › copies link conversation,acceptable,2026-09-21T18:14:08.862692+00:00,ff11925cc2dfbece,1,c132b3f9be5e
spreed,1706793177_953239927624933839c1bde351874ba18d751bc6,jest,1,185,674,  ● Reactions.vue › reactions buttons › shows reaction buttons with count but without emoji picker when no react permission,acceptable,2026-09-21T18:14:08.863843+00:00,814beffaea90cd8e,4,63732f5bf408
spreed,1706793177_953239927624933839c1bde351874ba18d751bc6,jest,1,186,691,  ● Reactions.vue › reactions buttons › dispatches store actions upon clicking a reaction buttons,acceptable,2026-09-21T18:14:08.864898+00:00,e92bf9d654148ad8,4,c132b3f9be5e
spreed,1707903485_7d5853d92b64e3345b8121c2211823adffaf4f3d,jest,1,187,390,  ● Reactions.vue › reactions buttons › dispatches store actions upon picking an emoji from the emojipicker,acceptable,2026-09-21T18:14:08.865968+00:00,a132ede062a7206d,2,01410eb4b1f6
spreed,1708087249_b814cf2060d6cef757e2709a6578ad6ba80ae5e7,jest,1,188,368,  ● MessagesList.vue › message grouping › does not group system messages with regular messages from the same author,acceptable,2026-09-21T18:14:13.215091+00:00,e0b477c4f66a1fbd,2,
spreed,1708087249_b814cf2060d6cef757e2709a6578ad6ba80ae5e7,jest,1,189,385,  ● MessagesList.vue › message grouping › does not group messages of changelog bot,acceptable,2026-09-21T18:14:13.219486+00:00,671c4be7eb431d61,1,31ae7bd6ebbe
spreed,1708087249_b814cf2060d6cef757e2709a6578ad6ba80ae5e7,jest,1,190,402,  ● MessagesList.vue › message grouping › does not group messages with different actor types,acceptable,2026-09-21T18:14:13.222499+00:00,df28bfe1a1825c04,2,31ae7bd6ebbe
spreed,1710235481_f65db249631ecb4c8f9fb2fd86e831fd711340e7,jest,1,191,290,  ● Test suite failed to run,reevaluated_acceptable,2026-09-21T18:14:20.184275+00:00,bc7495d1a8742c7d,7,
spreed,1710438497_0caa8f229be2769e64bbd0145002ccbe858522ae,jest,1,192,271,  ● Test suite failed to run,reevaluated_acceptable,2026-09-21T18:14:20.188902+00:00,33ed15c8a7e8223c,36,f7b45d754f38
spreed,1710438497_0caa8f229be2769e64bbd0145002ccbe858522ae,jest,1,193,657,  ● Test suite failed to run,reevaluated_acceptable,2026-09-21T18:14:20.191754+00:00,6efdeb91665a1646,33,f7b45d754f38
spreed,1710438497_0caa8f229be2769e64bbd0145002ccbe858522ae,jest,1,194,792,  ● Test suite failed to run,reevaluated_acceptable,2026-09-21T18:14:20.194585+00:00,3f2f8bf24ce813a8,30,f7b45d754f38
spreed,1714154983_f2a24769f2c7807cd53e1c95d418f235d30dce4f,jest,1,195,383,  ● MessageButtonsBar.vue › actions › delete action › emits delete event,acceptable,2026-09-21T18:14:20.197101+00:00,ff4d9d19460a2351,5,d893c99aab9e
spreed,1714154983_f2a24769f2c7807cd53e1c95d418f235d30dce4f,jest,1,196,400,  ● MessageButtonsBar.vue › actions › delete action › show delete action for file messages,acceptable,2026-09-21T18:14:20.199995+00:00,4e90e6c7261f061f,1,d893c99aab9e
spreed,1714394193_b4545c04fb79b61e9ca2450ad3521e0f88e26c56,jest,1,197,2719,  ● Conversation.vue › displayed subname › displays nothing when there is no last chat message,acceptable,2026-09-21T18:14:20.202561+00:00,e0cb16bb93ad8d61,4,d893c99aab9e
spreed,1715079967_d047542269a93ec2cd30c001533f9b73d3c88ce9,jest,1,198,299,  ● callViewStore › call view mode and presentation › switching modes during presentation does not resets it after it ends,acceptable,2026-09-21T18:15:14.470755+00:00,6794c4317ba68015,5,
spreed,1715079967_d047542269a93ec2cd30c001533f9b73d3c88ce9,jest,1,199,316,  ● callViewStore › call view mode and presentation › starting presentation twice does not mess up remembered state,acceptable,2026-09-21T18:15:14.478253+00:00,930532eedd5f49f9,5,713a67623bc4
spreed,1715672557_3a88ce4311abb183726ccd0838b935acf6eaf863,jest,1,200,213,  ● Test suite failed to run,reevaluated_acceptable,2026-09-21T18:15:14.483587+00:00,bc9b6def96dfcc9a,8,f7b45d754f38
spreed,1715672557_3a88ce4311abb183726ccd0838b935acf6eaf863,jest,1,201,289,  ● Test suite failed to run,reevaluated_acceptable,2026-09-21T18:15:14.487661+00:00,c2bdf1f6921e24a2,15,f7b45d754f38
spreed,1719220976_d5e910ffa9bbdb546840a9056640017d8585a0a0,jest,1,202,212,  ● Test suite failed to run,reevaluated_acceptable,2026-09-21T18:15:14.490875+00:00,c71137b90cff59e9,6,76280d6861c6
spreed,1719220976_d5e910ffa9bbdb546840a9056640017d8585a0a0,jest,1,203,242,  ● Test suite failed to run,reevaluated_acceptable,2026-09-21T18:15:14.494050+00:00,5782fc0e5a5e799a,10,76280d6861c6
spreed,1719903300_2edddcc2ceadde4c37d75db15892779369105cd3,jest,1,204,503,  ● Test suite failed to run,reevaluated_acceptable,2026-09-21T18:15:28.861940+00:00,95bae1b74ddf11e7,33,
spreed,1719942773_1d76f7852ed0e525e308d388116a7c52d4ab1c2d,jest,1,205,284,  ● messagesStore › delete message › deletes from server and replaces deleted message as parent with response,acceptable,2026-09-21T18:15:28.866547+00:00,03928a5e9ffb2c79,6,01410eb4b1f6
spreed,1721717475_e2c013a9a99ddeb19ca687332727c96c5c5d6e89,jest,1,206,211,  ● Test suite failed to run,reevaluated_acceptable,2026-09-21T18:15:28.869756+00:00,0da78e3ba7156bbc,7,76280d6861c6
spreed,1721717475_e2c013a9a99ddeb19ca687332727c96c5c5d6e89,jest,1,207,580,  ● Test suite failed to run,reevaluated_acceptable,2026-09-21T18:15:47.117357+00:00,8e6d74d1b2733311,31,
spreed,1721742528_78f40092f306959a8c762b5d79ea65a25c63e317,jest,1,208,554,  ● messagesStore › Forward a message › generates Note to self when it does not exist,acceptable,2026-09-21T18:16:13.533934+00:00,16a8d53047acd4e8,65,
spreed,1722871091_cde0889ee86f9f5e9b3cafb2a3195749032af33c,jest,1,209,545,  ● Participant.vue › user name › renders plain user name for regular user,acceptable,2026-09-21T18:16:13.536011+00:00,53826a715983de85,3,d893c99aab9e
spreed,1722871091_cde0889ee86f9f5e9b3cafb2a3195749032af33c,jest,1,210,562,  ● Participant.vue › user name › renders guest suffix for guests,acceptable,2026-09-21T18:16:13.537185+00:00,158c9f742253624f,3,d893c99aab9e
spreed,1722871091_cde0889ee86f9f5e9b3cafb2a3195749032af33c,jest,1,211,579,  ● Participant.vue › user name › renders moderator suffix for moderators,acceptable,2026-09-21T18:16:13.538330+00:00,5adf957239a7aaf4,3,d893c99aab9e
spreed,1722871091_cde0889ee86f9f5e9b3cafb2a3195749032af33c,jest,1,212,596,  ● Participant.vue › user name › renders guest moderator suffix for guest moderators,acceptable,2026-09-21T18:16:13.539437+00:00,694da04368f0cdc1,3,d893c99aab9e
spreed,1722871091_cde0889ee86f9f5e9b3cafb2a3195749032af33c,jest,1,213,613,  ● Participant.vue › user name › renders bot suffix for bots,acceptable,2026-09-21T18:16:13.540581+00:00,11687271417469f5,3,d893c99aab9e
spreed,1722871091_cde0889ee86f9f5e9b3cafb2a3195749032af33c,jest,1,214,630,  ● Participant.vue › user status › renders user status,acceptable,2026-09-21T18:16:13.541913+00:00,7280a80416934889,3,22517a6c3e87
spreed,1722871091_cde0889ee86f9f5e9b3cafb2a3195749032af33c,jest,1,215,646,  ● Participant.vue › user status › renders dnd status,acceptable,2026-09-21T18:16:13.543150+00:00,933f413ece1a1793,3,22517a6c3e87
spreed,1722871091_cde0889ee86f9f5e9b3cafb2a3195749032af33c,jest,1,216,662,  ● Participant.vue › user status › renders away status,acceptable,2026-09-21T18:16:13.544353+00:00,d1d5d17236a35304,3,22517a6c3e87
spreed,1722871091_cde0889ee86f9f5e9b3cafb2a3195749032af33c,jest,1,217,678,  ● Participant.vue › call icons › renders video call icon,acceptable,2026-09-21T18:16:13.545499+00:00,196cd7bf1a8fc792,8,d893c99aab9e
spreed,1722871091_cde0889ee86f9f5e9b3cafb2a3195749032af33c,jest,1,218,695,  ● Participant.vue › call icons › renders audio call icon,acceptable,2026-09-21T18:16:13.547247+00:00,a956ddc13a9b4b45,8,d893c99aab9e
spreed,1722871091_cde0889ee86f9f5e9b3cafb2a3195749032af33c,jest,1,219,712,  ● Participant.vue › call icons › renders phone call icon,acceptable,2026-09-21T18:16:13.548722+00:00,bdf337a08ce1e782,8,d893c99aab9e
spreed,1722871091_cde0889ee86f9f5e9b3cafb2a3195749032af33c,jest,1,220,729,  ● Participant.vue › call icons › renders hand raised icon,acceptable,2026-09-21T18:16:13.549871+00:00,9a003a2c347f0ed8,8,d893c99aab9e
spreed,1722871091_cde0889ee86f9f5e9b3cafb2a3195749032af33c,jest,1,221,746,  ● Participant.vue › call icons › renders video call icon when joined with multiple,acceptable,2026-09-21T18:16:13.551047+00:00,fe9518154e05babb,8,d893c99aab9e
spreed,1724337995_2f055d0bb9b3b6afb02448517010ce9fd9ba9e7d,jest,1,222,271,  ● FilePreview.vue › file preview rendering › renders spinner while loading,acceptable,2026-09-21T18:16:13.552189+00:00,5fbe1aa60446f931,2,d893c99aab9e
spreed,1726329148_ed669ccac8909318e40b7f87dd274a678865e71b,jest,1,223,214,  ● Test suite failed to run,reevaluated_acceptable,2026-09-21T18:16:13.553455+00:00,c773cd8f2e40e0b3,3,f7b45d754f38
spreed,1726329148_ed669ccac8909318e40b7f87dd274a678865e71b,jest,1,224,316,  ● FilePreview.vue › file preview rendering › triggering viewer › does not open viewer when clicking if no mime handler available,acceptable,2026-09-21T18:16:13.554697+00:00,fa4c94d7a1052b7f,4,01410eb4b1f6
spreed,1726329148_ed669ccac8909318e40b7f87dd274a678865e71b,jest,1,225,330,  ● FilePreview.vue › file preview rendering › triggering viewer › does not open viewer when clicking if viewer is not available,acceptable,2026-09-21T18:16:13.555937+00:00,5ffc20472b2b5568,4,01410eb4b1f6
spreed,1726329148_ed669ccac8909318e40b7f87dd274a678865e71b,jest,1,226,344,  ● FilePreview.vue › file preview rendering › triggering viewer › play icon for video › renders play icon for video previews,acceptable,2026-09-21T18:16:13.557231+00:00,708243be6844a6a4,4,01410eb4b1f6
spreed,1726329148_ed669ccac8909318e40b7f87dd274a678865e71b,jest,1,227,358,  ● FilePreview.vue › file preview rendering › triggering viewer › play icon for video › does not render play icon for direct renders,acceptable,2026-09-21T18:16:13.560082+00:00,a6eb6eb588d77a1a,4,01410eb4b1f6
spreed,1726329148_ed669ccac8909318e40b7f87dd274a678865e71b,jest,1,228,372,  ● FilePreview.vue › file preview rendering › triggering viewer › play icon for video › render play icon gif previews with big size,acceptable,2026-09-21T18:16:13.561406+00:00,bcb05e07ac41d95f,4,01410eb4b1f6
spreed,1726329148_ed669ccac8909318e40b7f87dd274a678865e71b,jest,1,229,386,  ● FilePreview.vue › file preview rendering › triggering viewer › play icon for video › does not render play icon for small previews,acceptable,2026-09-21T18:16:13.562681+00:00,779894216e7207fe,4,01410eb4b1f6
spreed,1726329148_ed669ccac8909318e40b7f87dd274a678865e71b,jest,1,230,400,  ● FilePreview.vue › file preview rendering › triggering viewer › play icon for video › does not render play icon for failed videos,acceptable,2026-09-21T18:16:13.563938+00:00,98af258440adc70d,4,01410eb4b1f6
spreed,1726329148_ed669ccac8909318e40b7f87dd274a678865e71b,jest,1,231,414,  ● FilePreview.vue › file preview rendering › triggering viewer › play icon for video › does not render play icon if viewer not available,acceptable,2026-09-21T18:16:13.565191+00:00,9f77ed6e01b9e21b,4,01410eb4b1f6
spreed,1726329148_ed669ccac8909318e40b7f87dd274a678865e71b,jest,1,232,428,  ● FilePreview.vue › file preview rendering › triggering viewer › play icon for video › does not render play icon for non-videos,acceptable,2026-09-21T18:16:13.566443+00:00,732729f65f9e5e55,4,01410eb4b1f6
spreed,1726561286_2e74e611c99b5f9a108eb27279e08573ada856f1,jest,1,233,283,  ● participantsStore › leaving conversation › leaves conversation while in call,acceptable,2026-09-21T18:16:13.567625+00:00,201a81ca7ad9475a,8,d893c99aab9e
spreed,1726561359_609c1b8b91d476b69b7d8386acdf1c0da545f523,jest,1,234,283,  ● participantsStore › call handling › leaves call,acceptable,2026-09-21T18:16:13.568822+00:00,caf34bc08459b231,5,d893c99aab9e
spreed,1727776716_1fbb4a876d900c2d10777732eb52554f879063e0,jest,1,235,621,  ● callViewStore › raised hand › get whether participants raised hands with single session id,acceptable,2026-09-21T18:16:13.570144+00:00,efbf9a5677ff0125,2,ac9795123283
spreed,1727776716_1fbb4a876d900c2d10777732eb52554f879063e0,jest,1,236,635,  ● callViewStore › raised hand › get raised hands after lowering,acceptable,2026-09-21T18:16:13.571549+00:00,4337cc78afaa9096,2,ac9795123283
spreed,1727776716_1fbb4a876d900c2d10777732eb52554f879063e0,jest,1,237,649,  ● callViewStore › raised hand › clears raised hands state after leaving call,acceptable,2026-09-21T18:16:13.572881+00:00,9d5548d87389dc0e,2,ac9795123283
spreed,1727776716_1fbb4a876d900c2d10777732eb52554f879063e0,jest,1,238,663,  ● callViewStore › raised hand › get raised hands with multiple session ids only returns first found,acceptable,2026-09-21T18:16:13.574211+00:00,bae3b394fe24b541,2,ac9795123283
spreed,1727776716_1fbb4a876d900c2d10777732eb52554f879063e0,jest,1,239,677,  ● callViewStore › call view mode and presentation › restores grid state when joining call (true),acceptable,2026-09-21T18:16:13.575672+00:00,2896121062fe4cb8,4,63732f5bf408
spreed,1727776716_1fbb4a876d900c2d10777732eb52554f879063e0,jest,1,240,694,  ● callViewStore › call view mode and presentation › restores grid state when joining call (false),acceptable,2026-09-21T18:16:13.577070+00:00,f4ee9cbc029b892e,4,63732f5bf408
spreed,1727776716_1fbb4a876d900c2d10777732eb52554f879063e0,jest,1,241,711,  ● callViewStore › call view mode and presentation › sets default grid state when joining call in group conversation,acceptable,2026-09-21T18:16:13.578450+00:00,3e0ad2e9b6ace3fb,4,63732f5bf408
spreed,1727776716_1fbb4a876d900c2d10777732eb52554f879063e0,jest,1,242,729,  ● callViewStore › call view mode and presentation › sets default grid state when joining call in public conversation,acceptable,2026-09-21T18:16:13.579840+00:00,45d4d7a6f7215be9,4,63732f5bf408
spreed,1727776716_1fbb4a876d900c2d10777732eb52554f879063e0,jest,1,243,747,  ● callViewStore › call view mode and presentation › sets default grid state when joining call in one to one conversation,acceptable,2026-09-21T18:16:13.581247+00:00,3c731631b47e7648,4,63732f5bf408
spreed,1727776716_1fbb4a876d900c2d10777732eb52554f879063e0,jest,1,244,765,  ● callViewStore › call view mode and presentation › switching call view mode saves in local storage,acceptable,2026-09-21T18:16:13.582838+00:00,6dc187c08c8e2319,4,713a67623bc4
spreed,1727776716_1fbb4a876d900c2d10777732eb52554f879063e0,jest,1,245,782,  ● callViewStore › call view mode and presentation › start presentation switches off grid view and restores when it ends,acceptable,2026-09-21T18:16:13.584364+00:00,44a8e4655116613e,4,713a67623bc4
spreed,1727776716_1fbb4a876d900c2d10777732eb52554f879063e0,jest,1,246,835,  ● callViewStore › call view mode and presentation › stopping presentation twice does not mess up remembered state,acceptable,2026-09-21T18:16:13.585620+00:00,07dd3ef777ea44c5,4,d893c99aab9e
spreed,1727776716_1fbb4a876d900c2d10777732eb52554f879063e0,jest,1,247,853,  ● VideoBottomBar.vue › unit tests › render component › component renders properly,acceptable,2026-09-21T18:16:13.586981+00:00,653fe3f086881551,4,01410eb4b1f6
spreed,1727776716_1fbb4a876d900c2d10777732eb52554f879063e0,jest,1,248,867,"  ● VideoBottomBar.vue › unit tests › render component › component has class ""wrapper--big"" for main view",acceptable,2026-09-21T18:16:13.588336+00:00,4a075700b90dfe84,4,01410eb4b1f6
spreed,1727776716_1fbb4a876d900c2d10777732eb52554f879063e0,jest,1,249,881,  ● VideoBottomBar.vue › unit tests › render component › component renders all indicators by default,acceptable,2026-09-21T18:16:13.589846+00:00,49b32d520e370ee7,4,01410eb4b1f6
spreed,1727776716_1fbb4a876d900c2d10777732eb52554f879063e0,jest,1,250,895,  ● VideoBottomBar.vue › unit tests › render component › component does not render indicators for Screen.vue component,acceptable,2026-09-21T18:16:13.591234+00:00,42ef473aa4064bd3,4,01410eb4b1f6
spreed,1727776716_1fbb4a876d900c2d10777732eb52554f879063e0,jest,1,251,909,  ● VideoBottomBar.vue › unit tests › render component › component does not show indicators after video overlay is off,acceptable,2026-09-21T18:16:13.592587+00:00,c1bdc716e0d23676,4,01410eb4b1f6
spreed,1727776716_1fbb4a876d900c2d10777732eb52554f879063e0,jest,1,252,923,  ● VideoBottomBar.vue › unit tests › render component › component does not render anything when used in sidebar,acceptable,2026-09-21T18:16:13.594029+00:00,839eed0b21b4d3c4,4,01410eb4b1f6
spreed,1727776716_1fbb4a876d900c2d10777732eb52554f879063e0,jest,1,253,937,  ● VideoBottomBar.vue › unit tests › render participant name › name is shown by default,acceptable,2026-09-21T18:16:13.595427+00:00,29a5df43816ef55d,4,01410eb4b1f6
spreed,1727776716_1fbb4a876d900c2d10777732eb52554f879063e0,jest,1,254,951,  ● VideoBottomBar.vue › unit tests › render participant name › name is not shown if all checks are falsy,acceptable,2026-09-21T18:16:13.596794+00:00,89b2b106610ea75d,4,01410eb4b1f6
spreed,1727776716_1fbb4a876d900c2d10777732eb52554f879063e0,jest,1,255,965,"  ● VideoBottomBar.vue › unit tests › render indicators › connection failed indicator › indicator is not shown by default, other indicators are visible",acceptable,2026-09-21T18:16:13.598166+00:00,c79a47685e55fda2,4,01410eb4b1f6
spreed,1727776716_1fbb4a876d900c2d10777732eb52554f879063e0,jest,1,256,979,"  ● VideoBottomBar.vue › unit tests › render indicators › connection failed indicator › indicator is shown when model prop is true, other indicators are hidden",acceptable,2026-09-21T18:16:13.599572+00:00,c0131e6b7f0185fd,4,01410eb4b1f6
spreed,1727776716_1fbb4a876d900c2d10777732eb52554f879063e0,jest,1,257,993,  ● VideoBottomBar.vue › unit tests › render indicators › raise hand indicator › indicator is not shown by default,acceptable,2026-09-21T18:16:13.600972+00:00,2809a3ac0bfbe985,4,01410eb4b1f6
spreed,1727776716_1fbb4a876d900c2d10777732eb52554f879063e0,jest,1,258,1007,  ● VideoBottomBar.vue › unit tests › render indicators › raise hand indicator › indicator is shown when model prop is true,acceptable,2026-09-21T18:16:13.602355+00:00,16c8c193249e62b0,4,01410eb4b1f6
spreed,1727776716_1fbb4a876d900c2d10777732eb52554f879063e0,jest,1,259,1021,  ● VideoBottomBar.vue › unit tests › render buttons › audio indicator › button is rendered properly,acceptable,2026-09-21T18:16:13.603748+00:00,6430cfa61739f63d,4,01410eb4b1f6
spreed,1727776716_1fbb4a876d900c2d10777732eb52554f879063e0,jest,1,260,1035,  ● VideoBottomBar.vue › unit tests › render buttons › audio indicator › button is visible for moderators when audio is available,acceptable,2026-09-21T18:16:13.605188+00:00,3182b3e6b61ea860,4,01410eb4b1f6
spreed,1727776716_1fbb4a876d900c2d10777732eb52554f879063e0,jest,1,261,1049,  ● VideoBottomBar.vue › unit tests › render buttons › audio indicator › button is not rendered for non-moderators when audio is available,acceptable,2026-09-21T18:16:13.606657+00:00,b1834c5a3eb3ccd7,4,01410eb4b1f6
spreed,1727776716_1fbb4a876d900c2d10777732eb52554f879063e0,jest,1,262,1063,  ● VideoBottomBar.vue › unit tests › render buttons › audio indicator › button is visible for everyone when audio is unavailable,acceptable,2026-09-21T18:16:13.608059+00:00,e3a5e17664bee442,4,01410eb4b1f6
spreed,1727776716_1fbb4a876d900c2d10777732eb52554f879063e0,jest,1,263,1077,  ● VideoBottomBar.vue › unit tests › render buttons › audio indicator › button is enabled for moderators,acceptable,2026-09-21T18:16:13.609468+00:00,34ddc29fda09bd6c,4,01410eb4b1f6
spreed,1727776716_1fbb4a876d900c2d10777732eb52554f879063e0,jest,1,264,1091,  ● VideoBottomBar.vue › unit tests › render buttons › audio indicator › button is disabled when audio is unavailable,acceptable,2026-09-21T18:16:13.610885+00:00,601d53be2e7d0f99,4,01410eb4b1f6
spreed,1727776716_1fbb4a876d900c2d10777732eb52554f879063e0,jest,1,265,1105,  ● VideoBottomBar.vue › unit tests › render buttons › audio indicator › method is called after click,acceptable,2026-09-21T18:16:13.612299+00:00,9e711efba26f1763,4,01410eb4b1f6
spreed,1727776716_1fbb4a876d900c2d10777732eb52554f879063e0,jest,1,266,1119,  ● VideoBottomBar.vue › unit tests › render buttons › video indicator › button is rendered properly,acceptable,2026-09-21T18:16:13.613723+00:00,43d8628c9fcb5893,4,01410eb4b1f6
spreed,1727776716_1fbb4a876d900c2d10777732eb52554f879063e0,jest,1,267,1133,  ● VideoBottomBar.vue › unit tests › render buttons › video indicator › button is visible when video is available,acceptable,2026-09-21T18:16:13.615148+00:00,f709d6d8a5906474,4,01410eb4b1f6
spreed,1727776716_1fbb4a876d900c2d10777732eb52554f879063e0,jest,1,268,1147,  ● VideoBottomBar.vue › unit tests › render buttons › video indicator › button is not rendered when video is unavailable,acceptable,2026-09-21T18:16:13.616596+00:00,f1aeee0e321d8138,4,01410eb4b1f6
spreed,1727776716_1fbb4a876d900c2d10777732eb52554f879063e0,jest,1,269,1161,  ● VideoBottomBar.vue › unit tests › render buttons › video indicator › button shows proper icon if video is enabled,acceptable,2026-09-21T18:16:13.618203+00:00,f74f66e1b55eaf72,4,01410eb4b1f6
spreed,1727776716_1fbb4a876d900c2d10777732eb52554f879063e0,jest,1,270,1175,  ● VideoBottomBar.vue › unit tests › render buttons › video indicator › button shows proper icon if video is blocked,acceptable,2026-09-21T18:16:13.619676+00:00,dc7f0df1f1854da8,4,01410eb4b1f6
spreed,1727776716_1fbb4a876d900c2d10777732eb52554f879063e0,jest,1,271,1189,  ● VideoBottomBar.vue › unit tests › render buttons › video indicator › method is called after click,acceptable,2026-09-21T18:16:13.621136+00:00,53d7333b8d703462,4,01410eb4b1f6
spreed,1727776716_1fbb4a876d900c2d10777732eb52554f879063e0,jest,1,272,1203,  ● VideoBottomBar.vue › unit tests › render buttons › screen sharing indicator › button is rendered properly,acceptable,2026-09-21T18:16:13.622642+00:00,26a38012830b5a49,4,01410eb4b1f6
spreed,1727776716_1fbb4a876d900c2d10777732eb52554f879063e0,jest,1,273,1217,  ● VideoBottomBar.vue › unit tests › render buttons › screen sharing indicator › button is visible when screen is available,acceptable,2026-09-21T18:16:13.624110+00:00,b1ae1ed9db3dc796,4,01410eb4b1f6
spreed,1727776716_1fbb4a876d900c2d10777732eb52554f879063e0,jest,1,274,1231,  ● VideoBottomBar.vue › unit tests › render buttons › screen sharing indicator › button is not rendered when screen is unavailable,acceptable,2026-09-21T18:16:13.625569+00:00,778877446c8bfc52,4,01410eb4b1f6
spreed,1727776716_1fbb4a876d900c2d10777732eb52554f879063e0,jest,1,275,1245,  ● VideoBottomBar.vue › unit tests › render buttons › screen sharing indicator › component emits peer id after click,acceptable,2026-09-21T18:16:13.627086+00:00,633b6b449e4b3b9e,4,01410eb4b1f6
spreed,1727776716_1fbb4a876d900c2d10777732eb52554f879063e0,jest,1,276,1259,  ● VideoBottomBar.vue › unit tests › render buttons › following button › button is not rendered for participants by default,acceptable,2026-09-21T18:16:13.628554+00:00,af946a3c42c96aa1,4,01410eb4b1f6
spreed,1727776716_1fbb4a876d900c2d10777732eb52554f879063e0,jest,1,277,1273,  ● VideoBottomBar.vue › unit tests › render buttons › following button › button is not rendered for main speaker by default,acceptable,2026-09-21T18:16:13.630083+00:00,e1ff4170314826e3,4,01410eb4b1f6
spreed,1727776716_1fbb4a876d900c2d10777732eb52554f879063e0,jest,1,278,1287,  ● VideoBottomBar.vue › unit tests › render buttons › following button › button is rendered when source is selected,acceptable,2026-09-21T18:16:13.631579+00:00,d0f95e875ac6d27d,4,01410eb4b1f6
spreed,1727776716_1fbb4a876d900c2d10777732eb52554f879063e0,jest,1,279,1301,  ● VideoBottomBar.vue › unit tests › render buttons › following button › method is called after click,acceptable,2026-09-21T18:16:13.633098+00:00,cd9ed82b31d6c482,4,01410eb4b1f6
spreed,1727776716_1fbb4a876d900c2d10777732eb52554f879063e0,jest,1,280,1320,  ● Participant.vue › call icons › does not renders call icon and hand raised icon when disconnected,acceptable,2026-09-21T18:16:13.634772+00:00,157855ad684a1844,6,01410eb4b1f6
spreed,1727777107_da9b0f455517653e2e8e1a80a5481bf4b0b5e4c8,jest,1,281,17127,  ● Participant.vue › avatar › renders avatar,reevaluated_acceptable,2026-09-21T18:17:16.574836+00:00,a9c92fee69925e8f,5,
spreed,1727777107_da9b0f455517653e2e8e1a80a5481bf4b0b5e4c8,jest,1,282,17165,  ● Participant.vue › avatar › renders avatar with enabled status,reevaluated_acceptable,2026-09-21T18:17:16.580119+00:00,2d96317938b9986c,5,04f3e87dfd76
spreed,1727777107_da9b0f455517653e2e8e1a80a5481bf4b0b5e4c8,jest,1,283,17203,  ● Participant.vue › avatar › renders avatar with guest name when empty,reevaluated_acceptable,2026-09-21T18:17:16.582966+00:00,01c66afb0ee4dabe,5,04f3e87dfd76
spreed,1727777107_da9b0f455517653e2e8e1a80a5481bf4b0b5e4c8,jest,1,284,17241,  ● Participant.vue › avatar › renders avatar with unknown name when empty,reevaluated_acceptable,2026-09-21T18:17:16.585318+00:00,dec71d03a264d75a,5,04f3e87dfd76
spreed,1727777107_da9b0f455517653e2e8e1a80a5481bf4b0b5e4c8,jest,1,285,17279,  ● Participant.vue › avatar › renders offline avatar when no sessions exist,reevaluated_acceptable,2026-09-21T18:17:16.587062+00:00,7fe092c17a69d4be,5,04f3e87dfd76
spreed,1727777107_da9b0f455517653e2e8e1a80a5481bf4b0b5e4c8,jest,1,286,17551,  ● Participant.vue › user status › does not render user status when not set,reevaluated_acceptable,2026-09-21T18:17:16.588769+00:00,8618724eb9ae340f,1,04f3e87dfd76
spreed,1727777107_da9b0f455517653e2e8e1a80a5481bf4b0b5e4c8,jest,1,287,17752,  ● Participant.vue › actions › demoting participant › allows a moderator to demote a moderator,reevaluated_acceptable,2026-09-21T18:17:16.590474+00:00,da0c656a2fae3393,5,04f3e87dfd76
spreed,1727777107_da9b0f455517653e2e8e1a80a5481bf4b0b5e4c8,jest,1,288,17791,  ● Participant.vue › actions › demoting participant › allows a moderator to demote a guest moderator,reevaluated_acceptable,2026-09-21T18:17:16.592195+00:00,9cf19d1afbb435b9,5,04f3e87dfd76
spreed,1727777107_da9b0f455517653e2e8e1a80a5481bf4b0b5e4c8,jest,1,289,17830,  ● Participant.vue › actions › demoting participant › allows a guest moderator to demote a moderator,reevaluated_acceptable,2026-09-21T18:17:16.594313+00:00,4de65c3607829940,5,04f3e87dfd76
spreed,1727777107_da9b0f455517653e2e8e1a80a5481bf4b0b5e4c8,jest,1,290,17869,  ● Participant.vue › actions › demoting participant › allows a guest moderator to demote a guest moderator,reevaluated_acceptable,2026-09-21T18:17:16.596978+00:00,9c55d025ac32908e,5,04f3e87dfd76
spreed,1727777107_da9b0f455517653e2e8e1a80a5481bf4b0b5e4c8,jest,1,291,17908,  ● Participant.vue › actions › demoting participant › does not allow to demote an owner,reevaluated_acceptable,2026-09-21T18:17:16.599661+00:00,c30b27ef49a17d7d,5,04f3e87dfd76
spreed,1727777107_da9b0f455517653e2e8e1a80a5481bf4b0b5e4c8,jest,1,292,17947,  ● Participant.vue › actions › demoting participant › does not allow demoting groups,reevaluated_acceptable,2026-09-21T18:17:16.602475+00:00,9d24d83541c81034,5,04f3e87dfd76
spreed,1727777107_da9b0f455517653e2e8e1a80a5481bf4b0b5e4c8,jest,1,293,17986,  ● Participant.vue › actions › demoting participant › does not allow demoting self,reevaluated_acceptable,2026-09-21T18:17:16.605421+00:00,dde4447df4f10072,5,04f3e87dfd76
spreed,1727777107_da9b0f455517653e2e8e1a80a5481bf4b0b5e4c8,jest,1,294,18025,  ● Participant.vue › actions › demoting participant › does not allow demoting self as guest,reevaluated_acceptable,2026-09-21T18:17:16.607735+00:00,128708853be10a58,5,04f3e87dfd76
spreed,1727777107_da9b0f455517653e2e8e1a80a5481bf4b0b5e4c8,jest,1,295,18064,  ● Participant.vue › actions › demoting participant › does not allow a non-moderator to demote,reevaluated_acceptable,2026-09-21T18:17:16.609497+00:00,873f692bc220c9f1,5,04f3e87dfd76
spreed,1727777107_da9b0f455517653e2e8e1a80a5481bf4b0b5e4c8,jest,1,296,18103,  ● Participant.vue › actions › promoting participant › allows a moderator to promote a user to moderator,reevaluated_acceptable,2026-09-21T18:17:16.611662+00:00,9b4c176e80335244,5,04f3e87dfd76
spreed,1727777107_da9b0f455517653e2e8e1a80a5481bf4b0b5e4c8,jest,1,297,18142,  ● Participant.vue › actions › promoting participant › allows a moderator to promote a self-joined user to moderator,reevaluated_acceptable,2026-09-21T18:17:16.613451+00:00,4817c67dfaea1eeb,5,04f3e87dfd76
spreed,1727777107_da9b0f455517653e2e8e1a80a5481bf4b0b5e4c8,jest,1,298,18181,  ● Participant.vue › actions › promoting participant › allows a moderator to promote a guest to moderator,reevaluated_acceptable,2026-09-21T18:17:16.615600+00:00,3db5a7010dfbc6ea,5,04f3e87dfd76
spreed,1727777107_da9b0f455517653e2e8e1a80a5481bf4b0b5e4c8,jest,1,299,18220,  ● Participant.vue › actions › promoting participant › allows a guest moderator to promote a user to moderator,reevaluated_acceptable,2026-09-21T18:17:16.618442+00:00,6eb88949f28c45e7,5,04f3e87dfd76
spreed,1727777107_da9b0f455517653e2e8e1a80a5481bf4b0b5e4c8,jest,1,300,18259,  ● Participant.vue › actions › promoting participant › allows a guest moderator to promote a guest to moderator,reevaluated_acceptable,2026-09-21T18:17:16.621429+00:00,6b19fadf48d02116,5,04f3e87dfd76
spreed,1727777107_da9b0f455517653e2e8e1a80a5481bf4b0b5e4c8,jest,1,301,18298,  ● Participant.vue › actions › promoting participant › does not allow to promote a moderator,reevaluated_acceptable,2026-09-21T18:17:16.624454+00:00,7c886218c635942d,5,04f3e87dfd76
spreed,1727777107_da9b0f455517653e2e8e1a80a5481bf4b0b5e4c8,jest,1,302,18337,  ● Participant.vue › actions › promoting participant › does not allow to promote a guest moderator,reevaluated_acceptable,2026-09-21T18:17:16.627427+00:00,4bcf3dfbf6cfa3ba,5,04f3e87dfd76
spreed,1727777107_da9b0f455517653e2e8e1a80a5481bf4b0b5e4c8,jest,1,303,18376,  ● Participant.vue › actions › promoting participant › does not allow promoting groups,reevaluated_acceptable,2026-09-21T18:17:16.629542+00:00,79efa568d13d4e94,5,04f3e87dfd76
spreed,1727777107_da9b0f455517653e2e8e1a80a5481bf4b0b5e4c8,jest,1,304,18415,  ● Participant.vue › actions › promoting participant › does not allow promoting the bridge bot,reevaluated_acceptable,2026-09-21T18:17:16.631393+00:00,91b07342cf00af20,5,04f3e87dfd76
spreed,1727777107_da9b0f455517653e2e8e1a80a5481bf4b0b5e4c8,jest,1,305,18454,  ● Participant.vue › actions › promoting participant › does not allow a non-moderator to promote,reevaluated_acceptable,2026-09-21T18:17:16.633811+00:00,2f992c6b175ad43a,5,04f3e87dfd76
spreed,1727777107_da9b0f455517653e2e8e1a80a5481bf4b0b5e4c8,jest,1,306,18493,  ● Participant.vue › actions › resending invitations › allows moderators to resend invitations for email participants,reevaluated_acceptable,2026-09-21T18:17:16.637112+00:00,17506681192c8a40,5,04f3e87dfd76
spreed,1727777107_da9b0f455517653e2e8e1a80a5481bf4b0b5e4c8,jest,1,307,18531,  ● Participant.vue › actions › resending invitations › does not allow non-moderators to resend invitations,reevaluated_acceptable,2026-09-21T18:17:16.639069+00:00,4efec99002d387a7,5,04f3e87dfd76
spreed,1727777107_da9b0f455517653e2e8e1a80a5481bf4b0b5e4c8,jest,1,308,18569,  ● Participant.vue › actions › resending invitations › does not display resend invitations action when not an email actor,reevaluated_acceptable,2026-09-21T18:17:16.640938+00:00,f994445fdb71b730,5,04f3e87dfd76
spreed,1727777107_da9b0f455517653e2e8e1a80a5481bf4b0b5e4c8,jest,1,309,18607,  ● Participant.vue › actions › removing participant › allows a moderator to remove a moderator,reevaluated_acceptable,2026-09-21T18:17:16.643290+00:00,1092ce963a2a0011,5,04f3e87dfd76
spreed,1727777107_da9b0f455517653e2e8e1a80a5481bf4b0b5e4c8,jest,1,310,18646,  ● Participant.vue › actions › removing participant › allows a moderator to remove a guest moderator,reevaluated_acceptable,2026-09-21T18:17:16.645795+00:00,27d8aa8ebac72848,5,04f3e87dfd76
spreed,1727777107_da9b0f455517653e2e8e1a80a5481bf4b0b5e4c8,jest,1,311,18685,  ● Participant.vue › actions › removing participant › allows a guest moderator to remove a moderator,reevaluated_acceptable,2026-09-21T18:17:16.647667+00:00,b4c677b1d30d35bd,5,04f3e87dfd76
spreed,1727777107_da9b0f455517653e2e8e1a80a5481bf4b0b5e4c8,jest,1,312,18724,  ● Participant.vue › actions › removing participant › allows a guest moderator to remove a guest moderator,reevaluated_acceptable,2026-09-21T18:17:16.649491+00:00,9e6fb1561c377942,5,04f3e87dfd76
spreed,1727777107_da9b0f455517653e2e8e1a80a5481bf4b0b5e4c8,jest,1,313,18763,  ● Participant.vue › actions › removing participant › allows a moderator to remove groups,reevaluated_acceptable,2026-09-21T18:17:16.651311+00:00,8914b9c83727eed5,5,04f3e87dfd76
spreed,1727777107_da9b0f455517653e2e8e1a80a5481bf4b0b5e4c8,jest,1,314,18802,  ● Participant.vue › actions › removing participant › does not allow to remove an owner,reevaluated_acceptable,2026-09-21T18:17:16.653124+00:00,efeecbb94ac30a98,5,04f3e87dfd76
spreed,1727777107_da9b0f455517653e2e8e1a80a5481bf4b0b5e4c8,jest,1,315,18841,  ● Participant.vue › actions › removing participant › does not allow removing self,reevaluated_acceptable,2026-09-21T18:17:16.655002+00:00,3b77cb1ca3002c6e,5,04f3e87dfd76
spreed,1727777107_da9b0f455517653e2e8e1a80a5481bf4b0b5e4c8,jest,1,316,18880,  ● Participant.vue › actions › removing participant › does not allow removing self as guest,reevaluated_acceptable,2026-09-21T18:17:16.656871+00:00,6b607608f289e98b,5,04f3e87dfd76
spreed,1727777107_da9b0f455517653e2e8e1a80a5481bf4b0b5e4c8,jest,1,317,18919,  ● Participant.vue › actions › removing participant › does not allow a non-moderator to remove,reevaluated_acceptable,2026-09-21T18:17:16.658704+00:00,5135b15c4f2eb6aa,5,04f3e87dfd76
spreed,1727777107_da9b0f455517653e2e8e1a80a5481bf4b0b5e4c8,jest,1,318,18958,  ● Participant.vue › actions › removing participant › allows a moderator to ban a user,reevaluated_acceptable,2026-09-21T18:17:16.660538+00:00,cca9c6defe01b3dd,5,04f3e87dfd76
spreed,1727777107_da9b0f455517653e2e8e1a80a5481bf4b0b5e4c8,jest,1,319,18997,  ● Participant.vue › actions › removing participant › doesn not allow a moderator to ban a federated user,reevaluated_acceptable,2026-09-21T18:17:16.662412+00:00,93c16677ab5c12c9,5,04f3e87dfd76
spreed,1727777107_da9b0f455517653e2e8e1a80a5481bf4b0b5e4c8,jest,1,320,19036,  ● Participant.vue › actions › removing participant › allows a moderator to ban a guest,reevaluated_acceptable,2026-09-21T18:17:16.664711+00:00,a00b7674da8db78e,5,04f3e87dfd76
spreed,1727777107_da9b0f455517653e2e8e1a80a5481bf4b0b5e4c8,jest,1,321,19075,  ● Participant.vue › actions › removing participant › does not allow a moderator to ban a moderator,reevaluated_acceptable,2026-09-21T18:17:16.667537+00:00,c8ab816777decaa4,5,04f3e87dfd76
spreed,1727777107_da9b0f455517653e2e8e1a80a5481bf4b0b5e4c8,jest,1,322,19114,  ● Participant.vue › actions › removing participant › does not allow a moderator to ban a group,reevaluated_acceptable,2026-09-21T18:17:16.669600+00:00,c5ac852bbf3e48d9,5,04f3e87dfd76
spreed,1727777107_da9b0f455517653e2e8e1a80a5481bf4b0b5e4c8,jest,1,323,19153,  ● Participant.vue › actions › dial-in PIN › allows moderators to see dial-in PIN when available,reevaluated_acceptable,2026-09-21T18:17:16.671905+00:00,6782bbcd6afc8132,5,04f3e87dfd76
spreed,1727777107_da9b0f455517653e2e8e1a80a5481bf4b0b5e4c8,jest,1,324,19192,  ● Participant.vue › actions › dial-in PIN › allows guest moderators to see dial-in PIN when available,reevaluated_acceptable,2026-09-21T18:17:16.674714+00:00,ae5d51b0bddfc42b,5,04f3e87dfd76
spreed,1727777107_da9b0f455517653e2e8e1a80a5481bf4b0b5e4c8,jest,1,325,19231,  ● Participant.vue › actions › dial-in PIN › does not allow non-moderators to see dial-in PIN,reevaluated_acceptable,2026-09-21T18:17:16.676886+00:00,1f59622f3e446917,5,04f3e87dfd76
spreed,1727777107_da9b0f455517653e2e8e1a80a5481bf4b0b5e4c8,jest,1,326,19269,  ● Participant.vue › actions › dial-in PIN › does not show PIN field when not set,reevaluated_acceptable,2026-09-21T18:17:16.678885+00:00,ecf127e88276eceb,5,04f3e87dfd76
spreed,1728322742_59349e73b6ef56ef48821f27d4757ef44ab267e7,jest,1,327,227,  ● Test suite failed to run,reevaluated_acceptable,2026-09-21T18:17:16.680562+00:00,0cd0970e88ca909b,8,f3df147df273
spreed,1729678121_9220c65cd00e47207c020c79305b51d481601abe,jest,1,328,265,  ● fileUploadStore › uploading › initialises upload for given files,acceptable,2026-09-21T18:17:22.814285+00:00,2003a3186d99bcb4,1,
spreed,1730197034_64622149776d62b088a4b64145d5a4b4901921fa,jest,1,329,274,  ● Test suite failed to run,reevaluated_acceptable,2026-09-21T18:17:27.311356+00:00,cfbd542dc795355a,23,
spreed,1730289887_b6cb2d9d5d713bf337b1c45e01215bedbc6d234f,jest,1,330,232,  ● Test suite failed to run,reevaluated_acceptable,2026-09-21T18:17:27.317802+00:00,97911c79cf562b20,5,76280d6861c6
spreed,1730289887_b6cb2d9d5d713bf337b1c45e01215bedbc6d234f,jest,1,331,246,  ● Test suite failed to run,reevaluated_acceptable,2026-09-21T18:17:27.322501+00:00,fc09c33e5a615637,14,76280d6861c6
spreed,1730289887_b6cb2d9d5d713bf337b1c45e01215bedbc6d234f,jest,1,332,274,  ● Test suite failed to run,reevaluated_acceptable,2026-09-21T18:17:27.327411+00:00,379958820473fd7e,5,76280d6861c6
spreed,1730289887_b6cb2d9d5d713bf337b1c45e01215bedbc6d234f,jest,1,333,344,  ● Test suite failed to run,reevaluated_acceptable,2026-09-21T18:17:27.332064+00:00,f76a47e68255195e,5,76280d6861c6
spreed,1730289887_b6cb2d9d5d713bf337b1c45e01215bedbc6d234f,jest,1,334,358,  ● Test suite failed to run,reevaluated_acceptable,2026-09-21T18:17:27.336684+00:00,0c562756f8bd887a,5,76280d6861c6
spreed,1730289887_b6cb2d9d5d713bf337b1c45e01215bedbc6d234f,jest,1,335,372,  ● Test suite failed to run,reevaluated_acceptable,2026-09-21T18:17:27.341437+00:00,537ca367bc481547,7,76280d6861c6
spreed,1730289887_b6cb2d9d5d713bf337b1c45e01215bedbc6d234f,jest,1,336,470,  ● Test suite failed to run,reevaluated_acceptable,2026-09-21T18:17:27.346106+00:00,c487a45269376b93,6,76280d6861c6
spreed,1730289887_b6cb2d9d5d713bf337b1c45e01215bedbc6d234f,jest,1,337,484,  ● Test suite failed to run,reevaluated_acceptable,2026-09-21T18:17:27.350799+00:00,612b25e379c064f1,5,76280d6861c6
spreed,1730289887_b6cb2d9d5d713bf337b1c45e01215bedbc6d234f,jest,1,338,526,  ● Test suite failed to run,reevaluated_acceptable,2026-09-21T18:17:27.354404+00:00,37f3dba73983fabd,7,76280d6861c6
spreed,1730289887_b6cb2d9d5d713bf337b1c45e01215bedbc6d234f,jest,1,339,554,  ● Test suite failed to run,reevaluated_acceptable,2026-09-21T18:17:27.357792+00:00,14001bdde420d00c,5,76280d6861c6
spreed,1730289887_b6cb2d9d5d713bf337b1c45e01215bedbc6d234f,jest,1,340,610,  ● Test suite failed to run,reevaluated_acceptable,2026-09-21T18:17:27.361091+00:00,27098a0d0bd433e6,7,76280d6861c6
spreed,1730289887_b6cb2d9d5d713bf337b1c45e01215bedbc6d234f,jest,1,341,624,  ● Test suite failed to run,reevaluated_acceptable,2026-09-21T18:17:27.364422+00:00,24f255d4e76563ff,5,76280d6861c6
spreed,1730289887_b6cb2d9d5d713bf337b1c45e01215bedbc6d234f,jest,1,342,638,  ● Test suite failed to run,reevaluated_acceptable,2026-09-21T18:17:27.367822+00:00,1f3d45d249ff64cf,5,76280d6861c6
spreed,1730289887_b6cb2d9d5d713bf337b1c45e01215bedbc6d234f,jest,1,343,666,  ● Test suite failed to run,reevaluated_acceptable,2026-09-21T18:17:27.371235+00:00,a18388268432f28a,5,76280d6861c6
spreed,1730289887_b6cb2d9d5d713bf337b1c45e01215bedbc6d234f,jest,1,344,694,  ● Test suite failed to run,reevaluated_acceptable,2026-09-21T18:17:27.374151+00:00,ec3f1dbf0080b225,5,76280d6861c6
spreed,1730289887_b6cb2d9d5d713bf337b1c45e01215bedbc6d234f,jest,1,345,722,  ● Test suite failed to run,reevaluated_acceptable,2026-09-21T18:17:27.376084+00:00,7bbc5af651dd439f,5,76280d6861c6
spreed,1730289887_b6cb2d9d5d713bf337b1c45e01215bedbc6d234f,jest,1,346,750,  ● Test suite failed to run,reevaluated_acceptable,2026-09-21T18:17:27.378022+00:00,68164fc2ea2b7154,5,76280d6861c6
spreed,1730289887_b6cb2d9d5d713bf337b1c45e01215bedbc6d234f,jest,1,347,806,  ● Test suite failed to run,reevaluated_acceptable,2026-09-21T18:17:27.380013+00:00,a1789274e6aa932d,5,76280d6861c6
spreed,1730289887_b6cb2d9d5d713bf337b1c45e01215bedbc6d234f,jest,1,348,834,  ● Test suite failed to run,reevaluated_acceptable,2026-09-21T18:17:27.381993+00:00,d46d2609959f0477,5,76280d6861c6
spreed,1730289887_b6cb2d9d5d713bf337b1c45e01215bedbc6d234f,jest,1,349,876,  ● Test suite failed to run,reevaluated_acceptable,2026-09-21T18:17:27.383953+00:00,54deec680b99d2ef,5,76280d6861c6
spreed,1730289887_b6cb2d9d5d713bf337b1c45e01215bedbc6d234f,jest,1,350,904,  ● Test suite failed to run,reevaluated_acceptable,2026-09-21T18:17:27.385935+00:00,a15b94dba452b2fd,5,76280d6861c6
spreed,1730289887_b6cb2d9d5d713bf337b1c45e01215bedbc6d234f,jest,1,351,918,  ● Test suite failed to run,reevaluated_acceptable,2026-09-21T18:17:27.387876+00:00,7b64c0c59be2dc16,5,76280d6861c6
spreed,1730289887_b6cb2d9d5d713bf337b1c45e01215bedbc6d234f,jest,1,352,932,  ● Test suite failed to run,reevaluated_acceptable,2026-09-21T18:17:27.389826+00:00,73630c00428b8d7d,5,76280d6861c6
spreed,1730289887_b6cb2d9d5d713bf337b1c45e01215bedbc6d234f,jest,1,353,946,  ● Test suite failed to run,reevaluated_acceptable,2026-09-21T18:17:27.391822+00:00,5fbcd03aabdb8d75,5,76280d6861c6
spreed,1730289887_b6cb2d9d5d713bf337b1c45e01215bedbc6d234f,jest,1,354,960,  ● Test suite failed to run,reevaluated_acceptable,2026-09-21T18:17:27.393831+00:00,437b6975ab2e7be0,5,76280d6861c6
spreed,1730289887_b6cb2d9d5d713bf337b1c45e01215bedbc6d234f,jest,1,355,974,  ● Test suite failed to run,reevaluated_acceptable,2026-09-21T18:17:27.395830+00:00,25178df31c6f9abc,5,76280d6861c6
spreed,1730401834_a4564240b947a894e97a2c1144868367436e27e5,jest,1,356,261,  ● settingsStore › media settings dialog › shows correct stored values for conversations,acceptable,2026-09-21T18:17:58.509142+00:00,e8a6485856016d5f,1,
spreed,1730401834_a4564240b947a894e97a2c1144868367436e27e5,jest,1,357,278,  ● settingsStore › media settings dialog › shows correct values received from BrowserStorage,acceptable,2026-09-21T18:17:58.514434+00:00,956035b440c13b53,1,20cdf91ac1e4
spreed,1730401834_a4564240b947a894e97a2c1144868367436e27e5,jest,1,358,295,  ● settingsStore › media settings dialog › updates values correctly,acceptable,2026-09-21T18:17:58.517987+00:00,7c553a0406e0178b,1,20cdf91ac1e4
spreed,1730482068_6cb7b45a83d1e6e48d9315516fd1eafdbeeee0a1,jest,1,359,263,  ● RoomSelector › rendering › filters conversations by displayName,acceptable,2026-09-21T18:17:58.521264+00:00,7506e71ac668b793,9,9466107efd30
spreed,1730482068_6cb7b45a83d1e6e48d9315516fd1eafdbeeee0a1,jest,1,360,281,  ● RoomSelector › rendering › shows empty content if no conversations matches,acceptable,2026-09-21T18:17:58.524566+00:00,e4526aba95d2bb80,6,9466107efd30
spreed,1730482068_6cb7b45a83d1e6e48d9315516fd1eafdbeeee0a1,jest,1,361,299,  ● RoomSelector › rendering › shows empty content if no open conversations matches,acceptable,2026-09-21T18:17:58.527917+00:00,84c0c2bee967ae07,6,9466107efd30
spreed,1730485009_9925e41cc6d897c64809ff2e126f92b8a5de7de5,jest,1,362,422,  ● ParticipantPermissionsEditor.vue › Properly renders the checkboxes when mounted › Properly renders the checkboxes with default permissions,acceptable,2026-09-21T18:17:58.530908+00:00,39ba211f7f5558e0,1,d893c99aab9e
spreed,1730991214_f21bef3a0865c8c57f0dbcee1ad48ff4ba59b19c,jest,1,363,635,  ● MessagesGroup.vue › renders grouped messages,acceptable,2026-09-21T18:17:58.534201+00:00,cc83a788e01f68df,1,01410eb4b1f6
spreed,1730991214_f21bef3a0865c8c57f0dbcee1ad48ff4ba59b19c,jest,1,364,674,  ● MessagesGroup.vue › renders guest display name,acceptable,2026-09-21T18:17:58.537319+00:00,3d40ef36db909232,1,01410eb4b1f6
spreed,1730991214_f21bef3a0865c8c57f0dbcee1ad48ff4ba59b19c,jest,1,365,713,  ● MessagesGroup.vue › renders deleted guest display name,acceptable,2026-09-21T18:17:58.540606+00:00,b90e1d5748d9ca5a,1,01410eb4b1f6
spreed,1732788756_91fd4b98fc031b0d6c3b5944b32f2bf2e1d854e2,jest,1,366,235,  ● Test suite failed to run,reevaluated_acceptable,2026-09-21T18:18:02.739569+00:00,cf2fd6d74aa66645,5,
spreed,1732815330_6aedd02a23310b5429eb173902ad09579a64662d,jest,1,367,271,  ● conversationsStore › conversation settings › make public,acceptable,2026-09-21T18:18:02.745929+00:00,afa3f5a879c4380f,6,c132b3f9be5e
spreed,1734099734_003b2f90c95db6d096eb307087fdf8a7eefd8799,jest,1,368,1134,  ● Test suite failed to run,reevaluated_acceptable,2026-09-21T18:19:02.932408+00:00,9b0184f5bd152ef2,3,d5fd8f23e5eb3
spreed,1734099734_003b2f90c95db6d096eb307087fdf8a7eefd8799,jest,1,369,1151,  ● Test suite failed to run,reevaluated_acceptable,2026-09-21T18:19:02.935212+00:00,85b3e802335337f5,4,d5fd8f23e5eb3
spreed,1738323330_3fff20c3af8f01efd1149f41a7e21726b9259bab,jest,1,370,3565,  ● MessagesList.vue › message grouping › groups messages of changelog bot,acceptable,2026-09-21T18:19:08.471063+00:00,dc69a0300e4c2f13,1,
spreed,1738323330_3fff20c3af8f01efd1149f41a7e21726b9259bab,jest,1,371,3623,  ● MessagesList.vue › message grouping › does not group edited messages,acceptable,2026-09-21T18:19:08.475396+00:00,533c4b4a2b5c5498,1,a201bce7f066
spreed,1738323330_3fff20c3af8f01efd1149f41a7e21726b9259bab,jest,1,372,3652,  ● MessagesList.vue › message rendering › renders a placeholder while loading,acceptable,2026-09-21T18:19:08.477465+00:00,c8ae041cad8b3765,1,a201bce7f066
spreed,1738323330_3fff20c3af8f01efd1149f41a7e21726b9259bab,jest,1,373,3680,  ● MessagesList.vue › message rendering › renders an empty content after loading,acceptable,2026-09-21T18:19:08.479516+00:00,1904a06ee898d5be,1,a201bce7f066
spreed,1738323330_3fff20c3af8f01efd1149f41a7e21726b9259bab,jest,1,374,3708,  ● MessagesList.vue › message rendering › renders initial group of messages,acceptable,2026-09-21T18:19:08.481574+00:00,8861d54d52a94792,1,a201bce7f066
spreed,1738323330_3fff20c3af8f01efd1149f41a7e21726b9259bab,jest,1,375,3737,  ● MessagesList.vue › message rendering › updates rendered list of messages (add new group),acceptable,2026-09-21T18:19:08.483650+00:00,b73a00b6961ade63,1,a201bce7f066
spreed,1738323330_3fff20c3af8f01efd1149f41a7e21726b9259bab,jest,1,376,3766,  ● MessagesList.vue › message rendering › updates rendered list of messages (add messages to existing groups),acceptable,2026-09-21T18:19:08.485702+00:00,92fdf0359c447ac4,1,a201bce7f066
spreed,1738323330_3fff20c3af8f01efd1149f41a7e21726b9259bab,jest,1,377,3795,  ● MessagesList.vue › message rendering › updates rendered list of messages (replace temporary message in separate group),acceptable,2026-09-21T18:19:08.487941+00:00,f556472e90af7d87,1,a201bce7f066
spreed,1738323330_3fff20c3af8f01efd1149f41a7e21726b9259bab,jest,1,378,3824,  ● MessagesList.vue › message rendering › updates rendered list of messages (replace temporary message in same group),acceptable,2026-09-21T18:19:08.489989+00:00,d7f137d421722e8a,1,a201bce7f066
spreed,1738323330_3fff20c3af8f01efd1149f41a7e21726b9259bab,jest,1,379,3853,  ● MessagesList.vue › message rendering › updates rendered list of messages (clear history),acceptable,2026-09-21T18:19:08.492039+00:00,52a29122a591e3ff,1,a201bce7f066
spreed,1738323330_3fff20c3af8f01efd1149f41a7e21726b9259bab,jest,1,380,3882,  ● MessagesList.vue › message rendering › updates rendered list of messages (remove messages from existing groups),acceptable,2026-09-21T18:19:08.494104+00:00,f0509a9b2cb433e3,1,a201bce7f066
spreed,1738342294_ab350f31c3199dcfcdedb49fbf89210d703a6bfe,jest,1,381,1872,  ● chatExtrasStore › text parsing › should render mentions properly when editing message,acceptable,2026-09-21T18:19:08.495909+00:00,8e8e68574e36d2a3,1,d893c99aab9e
spreed,1741347323_49390edd1c1f5ebc4b0cc60a00bd5a46eb566d76,jest,1,382,1892,  ● RoomSelector › rendering › renders sorted conversations list fetched from server,acceptable,2026-09-21T18:19:08.497775+00:00,2d3754819b41abc0,6,c132b3f9be5e
spreed,1742823874_e3bae87f5b0656877c0e3ed3b66e75a2be6dac36,jest,1,383,4710,  ● RoomSelector › rendering › renders open conversations list fetched from server,acceptable,2026-09-21T18:19:08.499796+00:00,f7a29f2b4d646eeb,5,9466107efd30
spreed,1742823874_e3bae87f5b0656877c0e3ed3b66e75a2be6dac36,jest,1,384,4728,  ● RoomSelector › rendering › excludes non-postable conversations,acceptable,2026-09-21T18:19:08.501765+00:00,96edc6b0df1905df,5,9466107efd30
spreed,1742823874_e3bae87f5b0656877c0e3ed3b66e75a2be6dac36,jest,1,385,4764,  ● RoomSelector › actions › clears input field,acceptable,2026-09-21T18:19:08.503780+00:00,e925c518a12b8a1a,5,9466107efd30
spreed,1742823874_e3bae87f5b0656877c0e3ed3b66e75a2be6dac36,jest,1,386,5570,  ● Conversation.vue › displayed subname › author name › displays last chat message with shortened author name,acceptable,2026-09-21T18:19:08.505680+00:00,518d92a65b432973,3,22517a6c3e87
spreed,1742823874_e3bae87f5b0656877c0e3ed3b66e75a2be6dac36,jest,1,387,5587,  ● Conversation.vue › displayed subname › author name › displays last chat message with author name if no space in name,acceptable,2026-09-21T18:19:08.507592+00:00,2a7e14112dfcf79c,3,22517a6c3e87
spreed,1742823874_e3bae87f5b0656877c0e3ed3b66e75a2be6dac36,jest,1,388,5604,"  ● Conversation.vue › displayed subname › author name › displays own last chat message with ""You"" as author",acceptable,2026-09-21T18:19:08.509496+00:00,1215c9c1e1d94987,3,22517a6c3e87
spreed,1742823874_e3bae87f5b0656877c0e3ed3b66e75a2be6dac36,jest,1,389,5621,  ● Conversation.vue › displayed subname › author name › displays last system message without author,acceptable,2026-09-21T18:19:08.511751+00:00,e13017e7eec9d5be,3,22517a6c3e87
spreed,1742823874_e3bae87f5b0656877c0e3ed3b66e75a2be6dac36,jest,1,390,5638,  ● Conversation.vue › displayed subname › author name › displays last message without author in one to one conversations,acceptable,2026-09-21T18:19:08.513817+00:00,a519bac7349257aa,3,22517a6c3e87
spreed,1742823874_e3bae87f5b0656877c0e3ed3b66e75a2be6dac36,jest,1,391,5655,"  ● Conversation.vue › displayed subname › author name › displays own last message with ""You"" author in one to one conversations",acceptable,2026-09-21T18:19:08.515847+00:00,99a620abb9d810df,3,22517a6c3e87
spreed,1742823874_e3bae87f5b0656877c0e3ed3b66e75a2be6dac36,jest,1,392,5672,  ● Conversation.vue › displayed subname › author name › displays last guest message with default author when none set,acceptable,2026-09-21T18:19:08.517808+00:00,3acebb0c076cdb5b,3,22517a6c3e87
spreed,1742823874_e3bae87f5b0656877c0e3ed3b66e75a2be6dac36,jest,1,393,5689,  ● Conversation.vue › displayed subname › author name › displays description for search results,acceptable,2026-09-21T18:19:08.519757+00:00,18b964b091c8eb4c,3,22517a6c3e87
spreed,1742823874_e3bae87f5b0656877c0e3ed3b66e75a2be6dac36,jest,1,394,5706,  ● Conversation.vue › displayed subname › replaces placeholders in rich object of last message,acceptable,2026-09-21T18:19:08.521709+00:00,87d1e74e33207f88,3,22517a6c3e87
spreed,1742823874_e3bae87f5b0656877c0e3ed3b66e75a2be6dac36,jest,1,395,5907,  ● Conversation.vue › actions (real router) › change route on click event,acceptable,2026-09-21T18:19:08.523690+00:00,d2e840a593f33bd3,3,01410eb4b1f6
spreed,1744443851_c724efe28f543dabcf71ec5e0e6787a55e5912fd,jest,1,396,787,  ● Test suite failed to run,reevaluated_acceptable,2026-09-21T18:19:08.525793+00:00,b9a9848adaa8121f,14,76280d6861c6
spreed,1745591817_b1c444896a838f5f1339ee2d49cd08a5852629fa,jest,1,397,410,  ● Test suite failed to run,reevaluated_acceptable,2026-09-21T18:19:08.527929+00:00,9b3b36766a461c1c,2,76280d6861c6
spreed,1747238134_1a613c099b886036520ba587944b821bdac9901b,jest,1,398,786,  ● participantsStore › call handling › joins call with internal signaling,acceptable,2026-09-21T18:19:08.529930+00:00,c780bffe0ec4172b,4,c132b3f9be5e
spreed,1747238134_1a613c099b886036520ba587944b821bdac9901b,jest,1,399,806,  ● participantsStore › call handling › joins call with external signaling,acceptable,2026-09-21T18:19:08.531902+00:00,591096e6b345d202,4,c132b3f9be5e
spreed,1747238134_1a613c099b886036520ba587944b821bdac9901b,jest,1,400,826,  ● participantsStore › call handling › joins call but it fails,acceptable,2026-09-21T18:19:08.534043+00:00,84b0f2996eb6591c,4,c132b3f9be5e
spreed,1747238134_1a613c099b886036520ba587944b821bdac9901b,jest,1,401,846,  ● participantsStore › call handling › joins call but it does not receive participants list,acceptable,2026-09-21T18:19:08.536041+00:00,59dddde743cfc681,4,c132b3f9be5e
spreed,1747903696_edb998a7c20eec65d1f6709aba017108149540b5,jest,1,402,36314,  ● LeftSidebar.vue › new conversation button › shows new conversation button if user can start conversations,acceptable,2026-09-21T18:19:16.167429+00:00,ea56e391402874a1,3,
spreed,1747903696_edb998a7c20eec65d1f6709aba017108149540b5,jest,1,403,36406,  ● LeftSidebar.vue › new conversation button › does not show new conversation button if user cannot start conversations,acceptable,2026-09-21T18:19:16.170958+00:00,71db33749d63d0c3,3,165945712fa9
spreed,1747903696_edb998a7c20eec65d1f6709aba017108149540b5,jest,1,404,36498,  ● LeftSidebar.vue › shows settings when clicking the settings button,acceptable,2026-09-21T18:19:16.173212+00:00,0b316ccd3d25b31d,3,165945712fa9
spreed,1749212515_1b36c79d96b408cc7ec51e0dc6a59768cc8a348b,jest,1,405,825,  ● participantsStore › joining conversation › joins conversation,acceptable,2026-09-21T18:19:16.175197+00:00,c3f9cf5130f713a8,4,c132b3f9be5e
spreed,1749212515_1b36c79d96b408cc7ec51e0dc6a59768cc8a348b,jest,1,406,843,  ● participantsStore › joining conversation › force join conversation,acceptable,2026-09-21T18:19:16.177193+00:00,e710b50750d7f451,4,c132b3f9be5e
spreed,1749212515_1b36c79d96b408cc7ec51e0dc6a59768cc8a348b,jest,1,407,918,  ● guestNameStore › stores the display name when guest submits it,acceptable,2026-09-21T18:19:20.384272+00:00,02eff38e1233387b,1,
spreed,1749212515_1b36c79d96b408cc7ec51e0dc6a59768cc8a348b,jest,1,408,934,  ● guestNameStore › removes display name from local storage when user sumbits an empty new name,acceptable,2026-09-21T18:19:20.391973+00:00,5fda3aea52fbe6a4,1,573c371f7c3e
spreed,1749212515_1b36c79d96b408cc7ec51e0dc6a59768cc8a348b,jest,1,409,950,  ● guestNameStore › resets to previous display name if there is an error in setting the new one,acceptable,2026-09-21T18:19:25.229531+00:00,67de8e5e0e9f663a,1,
spreed,1749212515_1b36c79d96b408cc7ec51e0dc6a59768cc8a348b,jest,1,410,1673,  ● SignalingTypingHandler › start typing › when there are no other participants in the room,acceptable,2026-09-21T18:19:28.734843+00:00,c1f17a36361b1bfb,4,
spreed,1749212515_1b36c79d96b408cc7ec51e0dc6a59768cc8a348b,jest,1,411,1689,  ● SignalingTypingHandler › start typing › when there is another participant in the room,acceptable,2026-09-21T18:19:28.742590+00:00,d56eb83c74c46623,4,6491e8bcfd17
spreed,1749212515_1b36c79d96b408cc7ec51e0dc6a59768cc8a348b,jest,1,412,1705,  ● SignalingTypingHandler › start typing › when there are other participants in the room,acceptable,2026-09-21T18:19:28.748299+00:00,ffab98717862ce76,4,6491e8bcfd17
spreed,1749212515_1b36c79d96b408cc7ec51e0dc6a59768cc8a348b,jest,1,413,1721,  ● SignalingTypingHandler › start typing › when signaling is not set yet,acceptable,2026-09-21T18:19:28.754197+00:00,259d0035d0b5da3a,4,6491e8bcfd17
spreed,1749212515_1b36c79d96b408cc7ec51e0dc6a59768cc8a348b,jest,1,414,1753,  ● SignalingTypingHandler › stop typing › when there are no other participants in the room,acceptable,2026-09-21T18:19:28.761721+00:00,41da058a09f2ce2e,4,6491e8bcfd17
spreed,1749212515_1b36c79d96b408cc7ec51e0dc6a59768cc8a348b,jest,1,415,1769,  ● SignalingTypingHandler › stop typing › when there is another participant in the room,acceptable,2026-09-21T18:19:28.767441+00:00,e13a7c8376e688da,4,6491e8bcfd17
spreed,1749212515_1b36c79d96b408cc7ec51e0dc6a59768cc8a348b,jest,1,416,1785,  ● SignalingTypingHandler › stop typing › when there are other participants in the room,acceptable,2026-09-21T18:19:28.773383+00:00,ba7386348f5d6585,4,6491e8bcfd17
spreed,1749212515_1b36c79d96b408cc7ec51e0dc6a59768cc8a348b,jest,1,417,1801,  ● SignalingTypingHandler › stop typing › when signaling is not set yet,acceptable,2026-09-21T18:19:28.779885+00:00,0a15237ee0dec9d2,4,6491e8bcfd17
spreed,1749212515_1b36c79d96b408cc7ec51e0dc6a59768cc8a348b,jest,1,418,1833,  ● SignalingTypingHandler › other participants start typing › in the current room,acceptable,2026-09-21T18:19:28.783841+00:00,2854bcf3fd2b23fe,4,6491e8bcfd17
spreed,1749212515_1b36c79d96b408cc7ec51e0dc6a59768cc8a348b,jest,1,419,1849,  ● SignalingTypingHandler › other participants start typing › in another room,acceptable,2026-09-21T18:19:28.789161+00:00,ef8bf27a1e986fe4,4,6491e8bcfd17
spreed,1749212515_1b36c79d96b408cc7ec51e0dc6a59768cc8a348b,jest,1,420,1865,  ● SignalingTypingHandler › other participants stop typing › in the current room,acceptable,2026-09-21T18:19:28.795982+00:00,1a3c25e396b639e8,4,6491e8bcfd17
spreed,1749212515_1b36c79d96b408cc7ec51e0dc6a59768cc8a348b,jest,1,421,1881,  ● SignalingTypingHandler › other participants stop typing › in another room,acceptable,2026-09-21T18:19:28.802559+00:00,86da6f897afb181d,4,6491e8bcfd17
spreed,1749212515_1b36c79d96b408cc7ec51e0dc6a59768cc8a348b,jest,1,422,1897,  ● SignalingTypingHandler › current participant leaves when typing,acceptable,2026-09-21T18:19:28.806059+00:00,64d77935f5c27a8a,4,6491e8bcfd17
spreed,1749212515_1b36c79d96b408cc7ec51e0dc6a59768cc8a348b,jest,1,423,1913,  ● SignalingTypingHandler › other participants join when current participant is typing,acceptable,2026-09-21T18:19:28.808389+00:00,9f7fa804812e724c,4,6491e8bcfd17
spreed,1749212515_1b36c79d96b408cc7ec51e0dc6a59768cc8a348b,jest,1,424,1929,  ● SignalingTypingHandler › other participants join when current participant is no longer typing,acceptable,2026-09-21T18:19:28.810702+00:00,778f8b4307b21eef,4,6491e8bcfd17
spreed,1749212515_1b36c79d96b408cc7ec51e0dc6a59768cc8a348b,jest,1,425,1945,  ● SignalingTypingHandler › other participants leave when they were typing,acceptable,2026-09-21T18:19:28.813127+00:00,4fefe36112f98ede,4,6491e8bcfd17
spreed,1749212515_1b36c79d96b408cc7ec51e0dc6a59768cc8a348b,jest,1,426,1961,  ● SignalingTypingHandler › other participants leave when they were not typing,acceptable,2026-09-21T18:19:28.815459+00:00,b31b4f31e36ee643,4,6491e8bcfd17
spreed,1749212515_1b36c79d96b408cc7ec51e0dc6a59768cc8a348b,jest,1,427,1977,  ● SignalingTypingHandler › destroy › prevents start typing in the current room,acceptable,2026-09-21T18:19:28.817809+00:00,442cc321d9b43247,4,6491e8bcfd17
spreed,1749212515_1b36c79d96b408cc7ec51e0dc6a59768cc8a348b,jest,1,428,1993,  ● SignalingTypingHandler › destroy › prevents other participants start typing in the current room,acceptable,2026-09-21T18:19:28.820226+00:00,1ffbe4535013abc8,4,6491e8bcfd17
spreed,1749212515_1b36c79d96b408cc7ec51e0dc6a59768cc8a348b,jest,1,429,2091,  ● FilePreview.vue › file preview rendering › calculates preview size based on window pixel ratio,acceptable,2026-09-21T18:19:28.823682+00:00,d708ae7998e1b225,1,01410eb4b1f6
spreed,1749212515_1b36c79d96b408cc7ec51e0dc6a59768cc8a348b,jest,1,430,2105,  ● FilePreview.vue › file preview rendering › renders small previews when requested,acceptable,2026-09-21T18:19:28.826324+00:00,1870d22cfcb22127,1,01410eb4b1f6
spreed,1749212515_1b36c79d96b408cc7ec51e0dc6a59768cc8a348b,jest,1,431,2119,  ● FilePreview.vue › file preview rendering › uploading › renders progress bar while uploading,acceptable,2026-09-21T18:19:28.828461+00:00,67598af65030ba21,1,01410eb4b1f6
spreed,1749212515_1b36c79d96b408cc7ec51e0dc6a59768cc8a348b,jest,1,432,2147,  ● FilePreview.vue › file preview rendering › renders default mime icon on load error,acceptable,2026-09-21T18:19:28.830610+00:00,a07b7da753f06427,1,01410eb4b1f6
spreed,1749212515_1b36c79d96b408cc7ec51e0dc6a59768cc8a348b,jest,1,433,2161,  ● FilePreview.vue › file preview rendering › renders generic mime type icon for unknown mime types,acceptable,2026-09-21T18:19:28.832734+00:00,f5d085f0f1571f24,1,01410eb4b1f6
spreed,1749212515_1b36c79d96b408cc7ec51e0dc6a59768cc8a348b,jest,1,434,2175,  ● FilePreview.vue › file preview rendering › gif rendering › directly renders small GIF files,acceptable,2026-09-21T18:19:28.834848+00:00,c190bb00ec766825,1,01410eb4b1f6
spreed,1749212515_1b36c79d96b408cc7ec51e0dc6a59768cc8a348b,jest,1,435,2189,  ● FilePreview.vue › file preview rendering › gif rendering › directly renders small GIF files (absolute path),acceptable,2026-09-21T18:19:28.837020+00:00,8e5b3cdccbfc3895,1,01410eb4b1f6
spreed,1749212515_1b36c79d96b408cc7ec51e0dc6a59768cc8a348b,jest,1,436,2203,  ● FilePreview.vue › file preview rendering › gif rendering › directly renders small GIF files for guests,acceptable,2026-09-21T18:19:28.840193+00:00,d5421db13cda6cc9,1,01410eb4b1f6
spreed,1749212515_1b36c79d96b408cc7ec51e0dc6a59768cc8a348b,jest,1,437,2371,  ● FilePreview.vue › in upload editor › emits event when clicking remove button when inside upload editor,acceptable,2026-09-21T18:19:28.843153+00:00,ed12867a8dc670ef,1,01410eb4b1f6
spreed,1749212515_1b36c79d96b408cc7ec51e0dc6a59768cc8a348b,jest,1,438,2963,"  ● conversationsStore › conversation list › adds conversation to the store, with current user as participant",acceptable,2026-09-21T18:19:28.845559+00:00,06b34a5e827fda8a,4,573c371f7c3e
spreed,1749212515_1b36c79d96b408cc7ec51e0dc6a59768cc8a348b,jest,1,439,2979,"  ● conversationsStore › conversation list › adds conversation to the store, with empty user id for guests",acceptable,2026-09-21T18:19:28.848003+00:00,3f16b52900bfdf77,4,6491e8bcfd17
spreed,1749212515_1b36c79d96b408cc7ec51e0dc6a59768cc8a348b,jest,1,440,2995,  ● conversationsStore › conversation list › deletes messages with conversation,acceptable,2026-09-21T18:19:28.850354+00:00,7f94b463584d6ff2,3,573c371f7c3e
spreed,1749212515_1b36c79d96b408cc7ec51e0dc6a59768cc8a348b,jest,1,441,3011,  ● conversationsStore › read marker › marks conversation as read by clearing unread counters,acceptable,2026-09-21T18:19:31.696734+00:00,cf6abcccb8b57945,3,
spreed,1749212515_1b36c79d96b408cc7ec51e0dc6a59768cc8a348b,jest,1,442,3027,  ● conversationsStore › read marker › marks conversation as unread,acceptable,2026-09-21T18:19:31.700640+00:00,0f3bb98ca0495962,3,ea8d63b29a3a
spreed,1749212515_1b36c79d96b408cc7ec51e0dc6a59768cc8a348b,jest,1,443,3043,  ● conversationsStore › read marker › updates last common read message,acceptable,2026-09-21T18:19:31.703080+00:00,f1db463f0a48b930,3,ea8d63b29a3a
spreed,1749212515_1b36c79d96b408cc7ec51e0dc6a59768cc8a348b,jest,1,444,3059,  ● conversationsStore › read marker › updates last activity,acceptable,2026-09-21T18:19:31.705470+00:00,827f06bfca8b5254,3,ea8d63b29a3a
spreed,1749212515_1b36c79d96b408cc7ec51e0dc6a59768cc8a348b,jest,1,445,3078,  ● Reactions.vue › reactions buttons › shows reaction buttons with count and emoji picker,acceptable,2026-09-21T18:19:31.707635+00:00,419e021b1e6e7c7a,1,01410eb4b1f6
spreed,1749212515_1b36c79d96b408cc7ec51e0dc6a59768cc8a348b,jest,1,446,3106,  ● Reactions.vue › reactions buttons › doesn't mount emoji picker when there are no reactions,acceptable,2026-09-21T18:19:31.709791+00:00,547627d75b8bbb66,1,01410eb4b1f6
spreed,1749212515_1b36c79d96b408cc7ec51e0dc6a59768cc8a348b,jest,1,447,3148,  ● Reactions.vue › reactions fetching › fetches reactions details when they are not available,acceptable,2026-09-21T18:19:31.712167+00:00,a4819e2eb7ca4fd3,1,01410eb4b1f6
spreed,1749212515_1b36c79d96b408cc7ec51e0dc6a59768cc8a348b,jest,1,448,3164,  ● message actions › file message is deleteable,acceptable,2026-09-21T18:19:31.714345+00:00,2f941f525808564d,1,d893c99aab9e
spreed,1749212515_1b36c79d96b408cc7ec51e0dc6a59768cc8a348b,jest,1,449,3181,  ● message actions › can edit own message,acceptable,2026-09-21T18:19:31.716620+00:00,9edb22d88c57a75f,1,d893c99aab9e
spreed,1749212515_1b36c79d96b408cc7ec51e0dc6a59768cc8a348b,jest,1,450,3198,  ● message actions › can edit own message in note to self,acceptable,2026-09-21T18:19:31.718755+00:00,3e597f5a1c5fd13f,1,d893c99aab9e
spreed,1749212515_1b36c79d96b408cc7ec51e0dc6a59768cc8a348b,jest,1,451,3215,  ● message actions › return value is reactive,acceptable,2026-09-21T18:19:31.720894+00:00,b8cca72d1bb807f7,1,d893c99aab9e
spreed,1749212515_1b36c79d96b408cc7ec51e0dc6a59768cc8a348b,jest,1,452,3232,  ● message actions › edited messages › return edited by you when the editor is the current user,acceptable,2026-09-21T18:19:31.723008+00:00,7c00235d66461f69,1,d893c99aab9e
spreed,1749212515_1b36c79d96b408cc7ec51e0dc6a59768cc8a348b,jest,1,453,3250,  ● messagesStore › processMessage › adds message to the store by token,acceptable,2026-09-21T18:19:31.725282+00:00,0e4313a9571aec2a,4,01410eb4b1f6
spreed,1749212515_1b36c79d96b408cc7ec51e0dc6a59768cc8a348b,jest,1,454,3278,  ● messagesStore › processMessage › adds user's message with included parent to the store,acceptable,2026-09-21T18:19:31.727465+00:00,8054f097bdf055fc,3,01410eb4b1f6
spreed,1749212515_1b36c79d96b408cc7ec51e0dc6a59768cc8a348b,jest,1,455,3292,  ● messagesStore › processMessage › deletes matching temporary message when referenced,acceptable,2026-09-21T18:19:31.729656+00:00,1cda9b74f6c6c637,4,01410eb4b1f6
spreed,1749212515_1b36c79d96b408cc7ec51e0dc6a59768cc8a348b,jest,1,456,3306,  ● messagesStore › processMessage › updates last read message when replacing matching temporary message,acceptable,2026-09-21T18:19:31.731837+00:00,6e52dbea013045f9,4,01410eb4b1f6
spreed,1749212515_1b36c79d96b408cc7ec51e0dc6a59768cc8a348b,jest,1,457,3320,  ● messagesStore › processMessage › replaces existing message,acceptable,2026-09-21T18:19:31.734082+00:00,7f523b2ceaaa2029,3,01410eb4b1f6
spreed,1749212515_1b36c79d96b408cc7ec51e0dc6a59768cc8a348b,jest,1,458,3334,"  ● messagesStore › processMessage › replaces existing message from system message and drops outdated properties, apart from parent",acceptable,2026-09-21T18:19:31.737609+00:00,ff59008396a6548c,3,01410eb4b1f6
spreed,1749212515_1b36c79d96b408cc7ec51e0dc6a59768cc8a348b,jest,1,459,3348,  ● messagesStore › messages list › returns messages list,acceptable,2026-09-21T18:19:31.739929+00:00,e550fe2c3af9777a,3,01410eb4b1f6
spreed,1749212515_1b36c79d96b408cc7ec51e0dc6a59768cc8a348b,jest,1,460,3362,  ● messagesStore › messages list › eases list from [1 - 200] to [1 - 200] (length: 200) with lastReadMessage undefined,acceptable,2026-09-21T18:19:31.742351+00:00,87b90c6006b34f8c,3,01410eb4b1f6
spreed,1749212515_1b36c79d96b408cc7ec51e0dc6a59768cc8a348b,jest,1,461,3376,  ● messagesStore › messages list › eases list from [1 - 400] to [201 - 400] (length: 200) with lastReadMessage undefined,acceptable,2026-09-21T18:19:31.745209+00:00,71ec3805e593e61a,3,01410eb4b1f6
spreed,1749212515_1b36c79d96b408cc7ec51e0dc6a59768cc8a348b,jest,1,462,3390,  ● messagesStore › messages list › eases list from [201 - 600] to [401 - 600] (length: 200) with lastReadMessage 200,acceptable,2026-09-21T18:19:31.747465+00:00,7fcb95ca1d6dcdaa,3,01410eb4b1f6
spreed,1749212515_1b36c79d96b408cc7ec51e0dc6a59768cc8a348b,jest,1,463,3404,  ● messagesStore › messages list › eases list from [1 - 400] to [101 - 300] (length: 200) with lastReadMessage 200,acceptable,2026-09-21T18:19:31.749756+00:00,e9ac88959cd3bc88,3,01410eb4b1f6
spreed,1749212515_1b36c79d96b408cc7ec51e0dc6a59768cc8a348b,jest,1,464,3418,  ● messagesStore › messages list › eases list from [1 - 400] to [201 - 400] (length: 200) with lastReadMessage 300,acceptable,2026-09-21T18:19:31.752055+00:00,2169a5090d49cc1e,3,01410eb4b1f6
spreed,1749212515_1b36c79d96b408cc7ec51e0dc6a59768cc8a348b,jest,1,465,3432,  ● messagesStore › messages list › eases list from [1 - 400] to [1 - 101] (length: 101) with lastReadMessage 1,acceptable,2026-09-21T18:19:31.754305+00:00,c9e5191decab9e61,3,01410eb4b1f6
spreed,1749212515_1b36c79d96b408cc7ec51e0dc6a59768cc8a348b,jest,1,466,3446,  ● messagesStore › messages list › eases list from [1 - 400] to [301 - 400] (length: 100) with lastReadMessage 400,acceptable,2026-09-21T18:19:31.756552+00:00,f517a7a7edbe9bf3,3,01410eb4b1f6
spreed,1749212515_1b36c79d96b408cc7ec51e0dc6a59768cc8a348b,jest,1,467,3460,  ● messagesStore › messages list › eases list from [1 - 400] to [1 - 199] (length: 199) with lastReadMessage 99,acceptable,2026-09-21T18:19:31.758825+00:00,e3f53deb71e690a1,3,01410eb4b1f6
spreed,1749212515_1b36c79d96b408cc7ec51e0dc6a59768cc8a348b,jest,1,468,3474,  ● messagesStore › messages list › eases list from [1 - 400] to [1 - 200] (length: 200) with lastReadMessage 100,acceptable,2026-09-21T18:19:31.762008+00:00,d2f70b17c3f4df7e,3,01410eb4b1f6
spreed,1749212515_1b36c79d96b408cc7ec51e0dc6a59768cc8a348b,jest,1,469,3488,  ● messagesStore › messages list › eases list from [1 - 400] to [2 - 201] (length: 200) with lastReadMessage 101,acceptable,2026-09-21T18:19:31.765850+00:00,5e97ebdb7f0bc295,3,01410eb4b1f6
spreed,1749212515_1b36c79d96b408cc7ec51e0dc6a59768cc8a348b,jest,1,470,3502,  ● messagesStore › messages list › eases list from [1 - 400] to [202 - 400] (length: 199) with lastReadMessage 301,acceptable,2026-09-21T18:19:31.769350+00:00,224a2d45565cc54a,3,01410eb4b1f6
spreed,1749212515_1b36c79d96b408cc7ec51e0dc6a59768cc8a348b,jest,1,471,3530,  ● messagesStore › messages list › eases list from [1 - 400] to [200 - 399] (length: 200) with lastReadMessage 299,acceptable,2026-09-21T18:19:31.771640+00:00,816ca5cef38b63c3,3,01410eb4b1f6
spreed,1749212515_1b36c79d96b408cc7ec51e0dc6a59768cc8a348b,jest,1,472,3586,  ● messagesStore › delete message › keeps message in list if an error status comes from server,acceptable,2026-09-21T18:19:31.773921+00:00,7d96b5611e19391f,3,01410eb4b1f6
spreed,1749212515_1b36c79d96b408cc7ec51e0dc6a59768cc8a348b,jest,1,473,3600,  ● messagesStore › delete message › shows placeholder while deletion is in progress,acceptable,2026-09-21T18:19:31.776246+00:00,c4b14f42738ffebb,3,01410eb4b1f6
spreed,1749212515_1b36c79d96b408cc7ec51e0dc6a59768cc8a348b,jest,1,474,3614,  ● messagesStore › edit message › edits at server and replaces edited message with response,acceptable,2026-09-21T18:19:31.778531+00:00,254d872838e17b5e,3,01410eb4b1f6
spreed,1749212515_1b36c79d96b408cc7ec51e0dc6a59768cc8a348b,jest,1,475,3628,  ● messagesStore › edit message › edits at server and replaces edited message as parent with response,acceptable,2026-09-21T18:19:31.780831+00:00,28d991717523a475,3,01410eb4b1f6
spreed,1749212515_1b36c79d96b408cc7ec51e0dc6a59768cc8a348b,jest,1,476,3642,  ● messagesStore › deletes messages by token from store only,acceptable,2026-09-21T18:19:31.783116+00:00,f4b3b53096a39a75,4,01410eb4b1f6
spreed,1749212515_1b36c79d96b408cc7ec51e0dc6a59768cc8a348b,jest,1,477,3684,  ● messagesStore › temporary messages › removeTemporaryMessageFromStore,acceptable,2026-09-21T18:19:31.785390+00:00,cacfaef8db8f5b9e,3,01410eb4b1f6
spreed,1749212515_1b36c79d96b408cc7ec51e0dc6a59768cc8a348b,jest,1,478,3712,  ● messagesStore › stores first and last known message ids by token,acceptable,2026-09-21T18:19:31.787672+00:00,1e9b5cdc4bd5819d,3,01410eb4b1f6
spreed,1749212515_1b36c79d96b408cc7ec51e0dc6a59768cc8a348b,jest,1,479,3726,  ● messagesStore › last read message markers › stores visual last read message id per token,acceptable,2026-09-21T18:19:31.789970+00:00,24291ad9939a98a1,3,01410eb4b1f6
spreed,1749212515_1b36c79d96b408cc7ec51e0dc6a59768cc8a348b,jest,1,480,3740,  ● messagesStore › last read message markers › clears last read message,acceptable,2026-09-21T18:19:31.792880+00:00,7bd4b3d31134465a,3,01410eb4b1f6
spreed,1749212515_1b36c79d96b408cc7ec51e0dc6a59768cc8a348b,jest,1,481,3754,  ● messagesStore › last read message markers › clears last read message for federated conversation,acceptable,2026-09-21T18:19:31.795738+00:00,0b345dc9aa85e6d6,3,01410eb4b1f6
spreed,1749212515_1b36c79d96b408cc7ec51e0dc6a59768cc8a348b,jest,1,482,3768,  ● messagesStore › last read message markers › clears last read message and update visually,acceptable,2026-09-21T18:19:31.799025+00:00,4ba5076690f7d602,3,01410eb4b1f6
spreed,1749212515_1b36c79d96b408cc7ec51e0dc6a59768cc8a348b,jest,1,483,3782,  ● messagesStore › last read message markers › clears last read message for guests,acceptable,2026-09-21T18:19:31.801724+00:00,cf2026924fdc57e8,3,01410eb4b1f6
spreed,1749212515_1b36c79d96b408cc7ec51e0dc6a59768cc8a348b,jest,1,484,3796,  ● messagesStore › last read message markers › updates last read message,acceptable,2026-09-21T18:19:31.804067+00:00,c6661da5bd531a35,3,01410eb4b1f6
spreed,1749212515_1b36c79d96b408cc7ec51e0dc6a59768cc8a348b,jest,1,485,3810,  ● messagesStore › last read message markers › updates last read message and update visually,acceptable,2026-09-21T18:19:31.806409+00:00,b25b21b94a076166,3,01410eb4b1f6
spreed,1749212515_1b36c79d96b408cc7ec51e0dc6a59768cc8a348b,jest,1,486,3824,  ● messagesStore › last read message markers › updates last read message for guests,acceptable,2026-09-21T18:19:31.809101+00:00,ae248e17c060868c,3,01410eb4b1f6
spreed,1749212515_1b36c79d96b408cc7ec51e0dc6a59768cc8a348b,jest,1,487,3838,"  ● messagesStore › fetchMessages › fetches messages from server: including last known - true, look into future - 0",acceptable,2026-09-21T18:19:31.813111+00:00,5194dc76785be546,3,01410eb4b1f6
spreed,1749212515_1b36c79d96b408cc7ec51e0dc6a59768cc8a348b,jest,1,488,3852,"  ● messagesStore › fetchMessages › fetches messages from server: including last known - false, look into future - 0",acceptable,2026-09-21T18:19:31.816566+00:00,f7e508ebe71762ad,3,01410eb4b1f6
spreed,1749212515_1b36c79d96b408cc7ec51e0dc6a59768cc8a348b,jest,1,489,3866,"  ● messagesStore › fetchMessages › fetches messages from server: including last known - true, look into future - 1",acceptable,2026-09-21T18:19:31.820470+00:00,bb2f809734d2fcb0,3,01410eb4b1f6
spreed,1749212515_1b36c79d96b408cc7ec51e0dc6a59768cc8a348b,jest,1,490,3880,"  ● messagesStore › fetchMessages › fetches messages from server: including last known - false, look into future - 1",acceptable,2026-09-21T18:19:31.822839+00:00,6f42f6941226ce4a,3,01410eb4b1f6
spreed,1749212515_1b36c79d96b408cc7ec51e0dc6a59768cc8a348b,jest,1,491,3894,  ● messagesStore › fetchMessages › cancels fetching messages,acceptable,2026-09-21T18:19:31.826071+00:00,c295288c07e7340f,3,01410eb4b1f6
spreed,1749212515_1b36c79d96b408cc7ec51e0dc6a59768cc8a348b,jest,1,492,3908,  ● messagesStore › fetchMessages › cancels fetching messages when fetching again,acceptable,2026-09-21T18:19:31.830127+00:00,a43a261f6ecba52e,3,01410eb4b1f6
spreed,1749212515_1b36c79d96b408cc7ec51e0dc6a59768cc8a348b,jest,1,493,3922,  ● messagesStore › get message context › get context around specified message id,acceptable,2026-09-21T18:19:31.834092+00:00,f7c338f64cbb08ec,3,01410eb4b1f6
spreed,1749212515_1b36c79d96b408cc7ec51e0dc6a59768cc8a348b,jest,1,494,3936,  ● messagesStore › get message context › fetch additional messages around context,acceptable,2026-09-21T18:19:31.836527+00:00,93357120d9f2832e,3,01410eb4b1f6
spreed,1749212515_1b36c79d96b408cc7ec51e0dc6a59768cc8a348b,jest,1,495,3978,  ● messagesStore › look for new messages › does not look for new messages if lastKnownMessageId is falsy,acceptable,2026-09-21T18:19:31.838986+00:00,000ef3c81e5665b4,3,01410eb4b1f6
spreed,1749212515_1b36c79d96b408cc7ec51e0dc6a59768cc8a348b,jest,1,496,3992,  ● messagesStore › look for new messages › cancels look for new messages,acceptable,2026-09-21T18:19:31.841379+00:00,85fe7cbf2957cf4b,3,01410eb4b1f6
spreed,1749212515_1b36c79d96b408cc7ec51e0dc6a59768cc8a348b,jest,1,497,4006,  ● messagesStore › look for new messages › cancels look for new messages when called again,acceptable,2026-09-21T18:19:31.843776+00:00,ab16deae8d77b1f1,3,01410eb4b1f6
spreed,1749212515_1b36c79d96b408cc7ec51e0dc6a59768cc8a348b,jest,1,498,4020,  ● messagesStore › look for new messages › cancels look for new messages call individually,acceptable,2026-09-21T18:19:31.847314+00:00,bbd5bbf225932536,3,01410eb4b1f6
spreed,1749212515_1b36c79d96b408cc7ec51e0dc6a59768cc8a348b,jest,1,499,4034,  ● messagesStore › look for new messages › updates unread counters immediately › updating unread messages counter › updates unread message counter for regular messages,acceptable,2026-09-21T18:19:31.850498+00:00,7eab5ac341565432,3,01410eb4b1f6
spreed,1749212515_1b36c79d96b408cc7ec51e0dc6a59768cc8a348b,jest,1,500,4048,  ● messagesStore › look for new messages › updates unread counters immediately › updating unread messages counter › skips system messages when counting unread messages,acceptable,2026-09-21T18:19:31.853690+00:00,9e9cfec807e58789,3,01410eb4b1f6
spreed,1749212515_1b36c79d96b408cc7ec51e0dc6a59768cc8a348b,jest,1,501,4062,  ● messagesStore › look for new messages › updates unread counters immediately › updating unread messages counter › only counts unread messages from the last unread message,acceptable,2026-09-21T18:19:31.857837+00:00,272e15b3940e40a6,3,01410eb4b1f6
spreed,1749212515_1b36c79d96b408cc7ec51e0dc6a59768cc8a348b,jest,1,502,4076,  ● messagesStore › look for new messages › updates unread counters immediately › updating unread messages counter › does not update counter if no new messages were found,acceptable,2026-09-21T18:19:31.862028+00:00,955ace6ddd847633,3,01410eb4b1f6
spreed,1749212515_1b36c79d96b408cc7ec51e0dc6a59768cc8a348b,jest,1,503,4090,  ● messagesStore › look for new messages › updates unread counters immediately › updating unread messages counter › does not update counter if the conversation store is already in sync,acceptable,2026-09-21T18:19:31.865254+00:00,0a98d997164bcec1,3,01410eb4b1f6
spreed,1749212515_1b36c79d96b408cc7ec51e0dc6a59768cc8a348b,jest,1,504,4104,  ● messagesStore › look for new messages › updates unread counters immediately › updating unread mention flag › updates unread mention flag for global message,acceptable,2026-09-21T18:19:31.867677+00:00,a42e6febba543880,3,01410eb4b1f6
spreed,1749212515_1b36c79d96b408cc7ec51e0dc6a59768cc8a348b,jest,1,505,4118,  ● messagesStore › look for new messages › updates unread counters immediately › updating unread mention flag › updates unread mention flag for guest mention,acceptable,2026-09-21T18:19:31.870104+00:00,e8366d36e5fd916a,3,01410eb4b1f6
spreed,1749212515_1b36c79d96b408cc7ec51e0dc6a59768cc8a348b,jest,1,506,4132,  ● messagesStore › look for new messages › updates unread counters immediately › updating unread mention flag › does not update unread mention flag for a different guest mention,acceptable,2026-09-21T18:19:31.872525+00:00,48ef97dd99a75c5c,3,01410eb4b1f6
spreed,1749212515_1b36c79d96b408cc7ec51e0dc6a59768cc8a348b,jest,1,507,4146,  ● messagesStore › look for new messages › updates unread counters immediately › updating unread mention flag › updates unread mention flag for user mention,acceptable,2026-09-21T18:19:31.874981+00:00,70588673720a9d1d,3,01410eb4b1f6
spreed,1749212515_1b36c79d96b408cc7ec51e0dc6a59768cc8a348b,jest,1,508,4160,  ● messagesStore › look for new messages › updates unread counters immediately › updating unread mention flag › does not update unread mention flag for another user mention,acceptable,2026-09-21T18:19:31.877493+00:00,93274fadb8fbd158,3,01410eb4b1f6
spreed,1749212515_1b36c79d96b408cc7ec51e0dc6a59768cc8a348b,jest,1,509,4174,  ● messagesStore › look for new messages › updates unread counters immediately › updating unread mention flag › does not update unread mention flag when no params,acceptable,2026-09-21T18:19:31.880613+00:00,ceb5399f3c0fdb3d,3,01410eb4b1f6
spreed,1749212515_1b36c79d96b408cc7ec51e0dc6a59768cc8a348b,jest,1,510,4188,  ● messagesStore › look for new messages › updates unread counters immediately › updating unread mention flag › does not update unread mention flag when already set,acceptable,2026-09-21T18:19:31.884545+00:00,34994868f37fe5b7,3,01410eb4b1f6
spreed,1749212515_1b36c79d96b408cc7ec51e0dc6a59768cc8a348b,jest,1,511,4202,  ● messagesStore › look for new messages › updates unread counters immediately › updating unread mention flag › does not update unread mention flag for non-mention parameter,acceptable,2026-09-21T18:19:31.887130+00:00,f6e097a4c83576a1,3,01410eb4b1f6
spreed,1749212515_1b36c79d96b408cc7ec51e0dc6a59768cc8a348b,jest,1,512,4216,  ● messagesStore › look for new messages › updates unread counters immediately › updating unread mention flag › does not update unread mention flag for previously read messages,acceptable,2026-09-21T18:19:31.889606+00:00,b084891528d5b94f,3,01410eb4b1f6
spreed,1749212515_1b36c79d96b408cc7ec51e0dc6a59768cc8a348b,jest,1,513,4230,  ● messagesStore › posting new message › posts new message,acceptable,2026-09-21T18:19:31.892069+00:00,06769d507a2a7b97,4,01410eb4b1f6
spreed,1749212515_1b36c79d96b408cc7ec51e0dc6a59768cc8a348b,jest,1,514,4244,  ● messagesStore › posting new message › cancels posting new messages individually,acceptable,2026-09-21T18:19:31.894538+00:00,db80a8d612dc77da,3,01410eb4b1f6
spreed,1749212515_1b36c79d96b408cc7ec51e0dc6a59768cc8a348b,jest,1,515,4258,  ● messagesStore › posting new message › marks message as failed on permission denied,acceptable,2026-09-21T18:19:31.897031+00:00,a2b0a38e601455a9,3,01410eb4b1f6
spreed,1749212515_1b36c79d96b408cc7ec51e0dc6a59768cc8a348b,jest,1,516,4272,  ● messagesStore › posting new message › marks message as failed when lobby enabled,acceptable,2026-09-21T18:19:31.900151+00:00,645de53f97db52ec,3,01410eb4b1f6
spreed,1749212515_1b36c79d96b408cc7ec51e0dc6a59768cc8a348b,jest,1,517,4286,  ● messagesStore › posting new message › marks message as failed with generic error,acceptable,2026-09-21T18:19:31.902639+00:00,11bb84c0c90f2628,3,01410eb4b1f6
spreed,1749212515_1b36c79d96b408cc7ec51e0dc6a59768cc8a348b,jest,1,518,4300,  ● messagesStore › posting new message › cancels after timeout,acceptable,2026-09-21T18:19:31.905127+00:00,f6eeb752764267ab,3,01410eb4b1f6
spreed,1749212515_1b36c79d96b408cc7ec51e0dc6a59768cc8a348b,jest,1,519,4314,  ● messagesStore › posting new message › does not timeout after request returns,acceptable,2026-09-21T18:19:31.907616+00:00,8e2bf2412fbd4129,3,01410eb4b1f6
spreed,1749212515_1b36c79d96b408cc7ec51e0dc6a59768cc8a348b,jest,1,520,4328,  ● messagesStore › hasMoreMessagesToLoad › returns true if more messages are available on the server,acceptable,2026-09-21T18:19:31.910120+00:00,0a1e6ab42ef8701a,3,01410eb4b1f6
spreed,1749212515_1b36c79d96b408cc7ec51e0dc6a59768cc8a348b,jest,1,521,4342,  ● messagesStore › hasMoreMessagesToLoad › returns false if no more messages are available on the server,acceptable,2026-09-21T18:19:31.912612+00:00,ed1ba387a2a9c72f,3,01410eb4b1f6
spreed,1749212515_1b36c79d96b408cc7ec51e0dc6a59768cc8a348b,jest,1,522,4356,  ● messagesStore › hasMoreMessagesToLoad › returns false if known last message id is past the one from known conversation,acceptable,2026-09-21T18:19:31.915112+00:00,c1348a913a9d9140,3,01410eb4b1f6
spreed,1749212515_1b36c79d96b408cc7ec51e0dc6a59768cc8a348b,jest,1,523,4370,  ● messagesStore › Forward a message › forwards a message to the conversation when a token is given,acceptable,2026-09-21T18:19:31.917599+00:00,5ff30fc47f93e4a1,3,01410eb4b1f6
spreed,1749212515_1b36c79d96b408cc7ec51e0dc6a59768cc8a348b,jest,1,524,4384,  ● messagesStore › Forward a message › forwards a message to Note to self when no token is given,acceptable,2026-09-21T18:19:31.920128+00:00,d617972433a823f6,3,01410eb4b1f6
spreed,1749212515_1b36c79d96b408cc7ec51e0dc6a59768cc8a348b,jest,1,525,4412,  ● messagesStore › Forward a message › removes parent message,acceptable,2026-09-21T18:19:31.922712+00:00,f816e1d36954fb2a,3,01410eb4b1f6
spreed,1749212515_1b36c79d96b408cc7ec51e0dc6a59768cc8a348b,jest,1,526,4426,  ● messagesStore › Forward a message › forwards an object message,acceptable,2026-09-21T18:19:31.925218+00:00,1a15e400cc2ee4c5,3,01410eb4b1f6
spreed,1749212515_1b36c79d96b408cc7ec51e0dc6a59768cc8a348b,jest,1,527,4526,  ● Participant.vue › user name › renders name and badges for participant 'Alice' - 'alice' - 'users' - '3',acceptable,2026-09-21T18:19:31.928186+00:00,c9aadc71405a9259,4,01410eb4b1f6
spreed,1749212515_1b36c79d96b408cc7ec51e0dc6a59768cc8a348b,jest,1,528,4540,  ● Participant.vue › user name › renders name and badges for participant 'Alice' - 'guest-id' - 'guests' - '4',acceptable,2026-09-21T18:19:31.930709+00:00,9a2c3b959207df49,4,01410eb4b1f6
spreed,1749212515_1b36c79d96b408cc7ec51e0dc6a59768cc8a348b,jest,1,529,4554,  ● Participant.vue › user name › renders name and badges for participant 'Alice' - 'guest-id' - 'emails' - '4',acceptable,2026-09-21T18:19:31.933220+00:00,0d526ca97fe68960,4,01410eb4b1f6
spreed,1749212515_1b36c79d96b408cc7ec51e0dc6a59768cc8a348b,jest,1,530,4568,  ● Participant.vue › user name › renders name and badges for participant '' - 'guest-id' - 'guests' - '4',acceptable,2026-09-21T18:19:31.935818+00:00,9772ee94c639c155,4,01410eb4b1f6
spreed,1749212515_1b36c79d96b408cc7ec51e0dc6a59768cc8a348b,jest,1,531,4582,  ● Participant.vue › user name › renders name and badges for participant 'Alice' - 'alice' - 'users' - '2',acceptable,2026-09-21T18:19:31.938369+00:00,f2027f6819b5e949,4,01410eb4b1f6
spreed,1749212515_1b36c79d96b408cc7ec51e0dc6a59768cc8a348b,jest,1,532,4596,  ● Participant.vue › user name › renders name and badges for participant 'Alice' - 'guest-id' - 'guests' - '6',acceptable,2026-09-21T18:19:31.942169+00:00,3c3ac97ff4c62258,4,01410eb4b1f6
spreed,1749212515_1b36c79d96b408cc7ec51e0dc6a59768cc8a348b,jest,1,533,4610,  ● Participant.vue › user name › renders name and badges for participant 'Bot' - 'bridge-bot' - 'users' - '3',acceptable,2026-09-21T18:19:31.954026+00:00,16a8d09df1f1008d,4,01410eb4b1f6
spreed,1749212515_1b36c79d96b408cc7ec51e0dc6a59768cc8a348b,jest,1,534,4624,  ● Participant.vue › user name › renders name and badges for participant 'Alice' - 'alice' - 'users' - '3' with lobby enabled,acceptable,2026-09-21T18:19:31.956700+00:00,2494a6c65ae6f329,4,01410eb4b1f6
spreed,1749212515_1b36c79d96b408cc7ec51e0dc6a59768cc8a348b,jest,1,535,4638,  ● Participant.vue › user name › renders name and badges for participant 'Alice' - 'guest-id' - 'guests' - '4' with lobby enabled,acceptable,2026-09-21T18:19:31.959275+00:00,4ddace43c03ba06e,4,01410eb4b1f6
spreed,1749212515_1b36c79d96b408cc7ec51e0dc6a59768cc8a348b,jest,1,536,4652,  ● Participant.vue › user name › renders name and badges for participant 'Alice' - 'guest-id' - 'emails' - '4' with lobby enabled,acceptable,2026-09-21T18:19:31.961870+00:00,c04e87b4b632b7f1,4,01410eb4b1f6
spreed,1749212515_1b36c79d96b408cc7ec51e0dc6a59768cc8a348b,jest,1,537,4666,  ● Participant.vue › user name › renders name and badges for participant '' - 'guest-id' - 'guests' - '4' with lobby enabled,acceptable,2026-09-21T18:19:31.964708+00:00,539024677264448f,4,01410eb4b1f6
spreed,1749212515_1b36c79d96b408cc7ec51e0dc6a59768cc8a348b,jest,1,538,4680,  ● Participant.vue › user name › renders name and badges for participant 'Alice' - 'alice' - 'users' - '2' with lobby enabled,acceptable,2026-09-21T18:19:31.967462+00:00,72a902156e8ec421,4,01410eb4b1f6
spreed,1749212515_1b36c79d96b408cc7ec51e0dc6a59768cc8a348b,jest,1,539,4694,  ● Participant.vue › user name › renders name and badges for participant 'Alice' - 'guest-id' - 'guests' - '6' with lobby enabled,acceptable,2026-09-21T18:19:31.971850+00:00,c25652100ac83b1b,4,01410eb4b1f6
spreed,1749212515_1b36c79d96b408cc7ec51e0dc6a59768cc8a348b,jest,1,540,4708,"  ● Participant.vue › user status › renders status for participant 'online', '', '' - 'undefined'",acceptable,2026-09-21T18:19:31.976246+00:00,a6d206ad21d10eb3,4,01410eb4b1f6
spreed,1749212515_1b36c79d96b408cc7ec51e0dc6a59768cc8a348b,jest,1,541,4722,"  ● Participant.vue › user status › renders status for participant 'online', '🌧️', 'Rainy' - '🌧️ Rainy'",acceptable,2026-09-21T18:19:31.980001+00:00,8576624c75149050,4,01410eb4b1f6
spreed,1749212515_1b36c79d96b408cc7ec51e0dc6a59768cc8a348b,jest,1,542,4736,"  ● Participant.vue › user status › renders status for participant 'dnd', '🌧️', 'Rainy' - '🌧️ Rainy'",acceptable,2026-09-21T18:19:31.984486+00:00,12439720bda5937d,4,01410eb4b1f6
spreed,1749212515_1b36c79d96b408cc7ec51e0dc6a59768cc8a348b,jest,1,543,4750,"  ● Participant.vue › user status › renders status for participant 'dnd', '🌧️', '' - '🌧️ Do not disturb'",acceptable,2026-09-21T18:19:31.988003+00:00,cd11a33a584ed2c8,4,01410eb4b1f6
spreed,1749212515_1b36c79d96b408cc7ec51e0dc6a59768cc8a348b,jest,1,544,4764,"  ● Participant.vue › user status › renders status for participant 'away', '🌧️', '' - '🌧️ Away'",acceptable,2026-09-21T18:19:31.991044+00:00,08fce9fa774390fb,4,01410eb4b1f6
spreed,1749212515_1b36c79d96b408cc7ec51e0dc6a59768cc8a348b,jest,1,545,4778,  ● Participant.vue › user status › renders email as status for email guest,acceptable,2026-09-21T18:19:31.993711+00:00,24a04078a7d2dd85,4,01410eb4b1f6
spreed,1749212515_1b36c79d96b408cc7ec51e0dc6a59768cc8a348b,jest,1,546,5466,  ● MessageButtonsBar.vue › actions › reply action › hides reply button when not replyable,acceptable,2026-09-21T18:19:31.996413+00:00,1b2f27f140aefce1,4,01410eb4b1f6
spreed,1749212515_1b36c79d96b408cc7ec51e0dc6a59768cc8a348b,jest,1,547,5494,  ● MessageButtonsBar.vue › actions › reply action › hides reply button when no chat permission,acceptable,2026-09-21T18:19:31.999144+00:00,f4bb4c3ebc26f1b2,4,01410eb4b1f6
spreed,1749212515_1b36c79d96b408cc7ec51e0dc6a59768cc8a348b,jest,1,548,5578,  ● MessageButtonsBar.vue › actions › private reply action › hides private reply action for one to one conversation type,acceptable,2026-09-21T18:19:32.001777+00:00,542e63b193da039a,4,01410eb4b1f6
spreed,1749212515_1b36c79d96b408cc7ec51e0dc6a59768cc8a348b,jest,1,549,5690,  ● MessageButtonsBar.vue › actions › delete action › hides delete action when it cannot be deleted,acceptable,2026-09-21T18:19:32.004478+00:00,b43e86e37580d973,4,01410eb4b1f6
spreed,1749212515_1b36c79d96b408cc7ec51e0dc6a59768cc8a348b,jest,1,550,5718,  ● MessageButtonsBar.vue › actions › delete action › show delete action when it can be deleted,acceptable,2026-09-21T18:19:32.007165+00:00,ffa8b19b74e0e690,4,01410eb4b1f6
spreed,1749212515_1b36c79d96b408cc7ec51e0dc6a59768cc8a348b,jest,1,551,5873,  ● Message.vue › message rendering › call button › does not show join call button on non-last message when a call is in progress,acceptable,2026-09-21T18:19:32.010055+00:00,90a75e3b22a308b5,4,01410eb4b1f6
spreed,1749212515_1b36c79d96b408cc7ec51e0dc6a59768cc8a348b,jest,1,552,5887,  ● Message.vue › message rendering › call button › does not show join call button when no call is in progress,acceptable,2026-09-21T18:19:32.012841+00:00,cab1ab0cec09c224,4,01410eb4b1f6
spreed,1749212515_1b36c79d96b408cc7ec51e0dc6a59768cc8a348b,jest,1,553,5901,  ● Message.vue › message rendering › call button › does not show join call button when self is in call,acceptable,2026-09-21T18:19:32.015520+00:00,e9064a34c9121e34,4,01410eb4b1f6
spreed,1749212515_1b36c79d96b408cc7ec51e0dc6a59768cc8a348b,jest,1,554,6041,  ● Message.vue › message rendering › displays unread message marker that marks the message seen when visible,acceptable,2026-09-21T18:19:32.018247+00:00,eb724491776dd0cc,4,01410eb4b1f6
spreed,1749212515_1b36c79d96b408cc7ec51e0dc6a59768cc8a348b,jest,1,555,6055,  ● Message.vue › message rendering › does not display read marker on the very last message,acceptable,2026-09-21T18:19:32.020989+00:00,1e99822ebc80b368,4,01410eb4b1f6
spreed,1749212515_1b36c79d96b408cc7ec51e0dc6a59768cc8a348b,jest,1,556,6069,  ● Message.vue › actions › does not render actions for system messages are available,acceptable,2026-09-21T18:19:32.023700+00:00,64c3b1dd9108c956,4,01410eb4b1f6
spreed,1749212515_1b36c79d96b408cc7ec51e0dc6a59768cc8a348b,jest,1,557,6083,  ● Message.vue › actions › does not render actions for temporary messages,acceptable,2026-09-21T18:19:32.026654+00:00,177f3ac4a48c2b4e,4,01410eb4b1f6
spreed,1749212515_1b36c79d96b408cc7ec51e0dc6a59768cc8a348b,jest,1,558,6097,  ● Message.vue › actions › does not render actions for deleted messages,acceptable,2026-09-21T18:19:32.030733+00:00,7285543e044edee9,4,01410eb4b1f6
spreed,1749212515_1b36c79d96b408cc7ec51e0dc6a59768cc8a348b,jest,1,559,6195,  ● Message.vue › status › does not displays check icon for other people's messages,acceptable,2026-09-21T18:19:32.033538+00:00,569836b1a381a4b1,4,01410eb4b1f6
spreed,1749212515_1b36c79d96b408cc7ec51e0dc6a59768cc8a348b,jest,1,560,6210,  ● MessagesGroup.vue › renders grouped messages for user,acceptable,2026-09-21T18:19:32.036347+00:00,87a377a5bac3abb8,1,01410eb4b1f6
spreed,1749212515_1b36c79d96b408cc7ec51e0dc6a59768cc8a348b,jest,1,561,6224,  ● MessagesGroup.vue › renders grouped messages for user (with temporary),acceptable,2026-09-21T18:19:32.039047+00:00,603fe641db859053,1,01410eb4b1f6
spreed,1749212515_1b36c79d96b408cc7ec51e0dc6a59768cc8a348b,jest,1,562,6238,  ● MessagesGroup.vue › renders grouped messages for guest with custom name,acceptable,2026-09-21T18:19:32.042776+00:00,00aa33fc28626c6b,1,01410eb4b1f6
spreed,1749212515_1b36c79d96b408cc7ec51e0dc6a59768cc8a348b,jest,1,563,6252,  ● MessagesGroup.vue › renders grouped messages for guest with default name,acceptable,2026-09-21T18:19:32.045879+00:00,731455f8a871e0df,1,01410eb4b1f6
spreed,1749212515_1b36c79d96b408cc7ec51e0dc6a59768cc8a348b,jest,1,564,6266,  ● MessagesGroup.vue › renders grouped messages for deleted user,acceptable,2026-09-21T18:19:32.048656+00:00,fe1a5ef0d52e2a25,1,01410eb4b1f6
spreed,1749212515_1b36c79d96b408cc7ec51e0dc6a59768cc8a348b,jest,1,565,6280,  ● MessagesGroup.vue › renders grouped messages for federated user,acceptable,2026-09-21T18:19:32.051384+00:00,5e68053fc1d2e4ec,1,01410eb4b1f6
spreed,1749212515_1b36c79d96b408cc7ec51e0dc6a59768cc8a348b,jest,1,566,9627,"  ● Participant.vue › user status › renders status for participant 'online', '��️', 'Rainy' - '��️ Rainy'",acceptable,2026-09-21T18:19:32.054171+00:00,6dd1d804e4571520,4,01410eb4b1f6
spreed,1749212515_1b36c79d96b408cc7ec51e0dc6a59768cc8a348b,jest,1,567,9641,"  ● Participant.vue › user status › renders status for participant 'dnd', '��️', 'Rainy' - '��️ Rainy'",acceptable,2026-09-21T18:19:32.056908+00:00,fa18a3d774d75623,4,01410eb4b1f6
spreed,1749212515_1b36c79d96b408cc7ec51e0dc6a59768cc8a348b,jest,1,568,9655,"  ● Participant.vue › user status › renders status for participant 'dnd', '��️', '' - '��️ Do not disturb'",acceptable,2026-09-21T18:19:32.059650+00:00,740c560c4b0ac031,4,01410eb4b1f6
spreed,1749212515_1b36c79d96b408cc7ec51e0dc6a59768cc8a348b,jest,1,569,9669,"  ● Participant.vue › user status › renders status for participant 'away', '��️', '' - '��️ Away'",acceptable,2026-09-21T18:19:32.062444+00:00,948dd6b7f3b117d6,4,01410eb4b1f6
spreed,1749216132_415a5217aa0bf5ff49a4492d5acd5cca9bc2123b,jest,1,570,275,  ● actorStore › setDisplayName updates all relevant attributes,acceptable,2026-09-21T18:19:37.694975+00:00,2e5373d64af93fc4,1,
spreed,1749236927_688592e938d39d765da157d01248040e7a14ee36,jest,1,571,347,  ● Test suite failed to run,acceptable,2026-09-21T18:19:55.497377+00:00,6bceaf208ee08f50,3,
spreed,1749724026_5f8b1d3e09742a2cba629397193201dc202e83e3,jest,1,572,1815,  ● ParticipantPermissionsEditor.vue › checkboxes render on mount › render checkboxes with custom permissions,acceptable,2026-09-21T18:19:55.503706+00:00,437376de7790e99e,3,01410eb4b1f6
spreed,1749724026_5f8b1d3e09742a2cba629397193201dc202e83e3,jest,1,573,1829,  ● ParticipantPermissionsEditor.vue › checkboxes render on mount › render checkboxes with default permissions,acceptable,2026-09-21T18:19:55.507669+00:00,4aede23333614177,3,01410eb4b1f6
spreed,1749724026_5f8b1d3e09742a2cba629397193201dc202e83e3,jest,1,574,1843,  ● ParticipantPermissionsEditor.vue › checkboxes render on mount › render checkboxes with all permissions,acceptable,2026-09-21T18:19:55.512358+00:00,6103eec6ebfb9a97,3,01410eb4b1f6
spreed,1749724026_5f8b1d3e09742a2cba629397193201dc202e83e3,jest,1,575,1857,  ● ParticipantPermissionsEditor.vue › checkboxes render on mount › render checkboxes with restricted permissions,acceptable,2026-09-21T18:19:55.517516+00:00,127b80eed920253a,3,01410eb4b1f6
spreed,1749724026_5f8b1d3e09742a2cba629397193201dc202e83e3,jest,1,576,1871,  ● ParticipantPermissionsEditor.vue › Dispatches the action to set the right permissions › Dispatches setPermissions with the correct permissions value when a permission is added,acceptable,2026-09-21T18:19:55.522572+00:00,8e69bc409cb814c5,3,01410eb4b1f6
spreed,1749724026_5f8b1d3e09742a2cba629397193201dc202e83e3,jest,1,577,1885,  ● ParticipantPermissionsEditor.vue › Dispatches the action to set the right permissions › Dispatches setPermissions with the correct permissions value when a permission is substracted,acceptable,2026-09-21T18:19:55.527447+00:00,6a5e0cf0ea191664,3,01410eb4b1f6
spreed,1749724026_5f8b1d3e09742a2cba629397193201dc202e83e3,jest,1,578,3482,  ● Conversation.vue › actions (mock router) › deleting conversation › deletes conversation when confirmed,acceptable,2026-09-21T18:19:55.532487+00:00,cc1baa3694a7c8cf,3,01410eb4b1f6
spreed,1749724026_5f8b1d3e09742a2cba629397193201dc202e83e3,jest,1,579,3496,  ● Conversation.vue › actions (mock router) › deleting conversation › does not delete conversation when not confirmed,acceptable,2026-09-21T18:19:55.537549+00:00,ce31c0f7fda2ebef,3,01410eb4b1f6
spreed,1749724026_5f8b1d3e09742a2cba629397193201dc202e83e3,jest,1,580,3510,"  ● Conversation.vue › actions (mock router) › deleting conversation › hides ""delete conversation"" action when not allowed",acceptable,2026-09-21T18:19:55.542528+00:00,3d43250cbb77ea71,3,01410eb4b1f6
spreed,1749724278_b18c1f162b0430481dd5e2b628545b182e163a78,jest,1,581,1625,  ● RoomSelector › actions › emits select event on select,acceptable,2026-09-21T18:20:00.567118+00:00,c45d9b9ed9f1f946,2,
spreed,1749724278_b18c1f162b0430481dd5e2b628545b182e163a78,jest,1,582,1667,  ● RoomSelector › actions › emits close event,acceptable,2026-09-21T18:20:00.574022+00:00,1b5d8e8ca80624b3,2,f0e338f936c9
spreed,1750512646_aac3be13fac45273a1f8087a96cee5c464a03d43,jest,1,583,733,  ● Test suite failed to run,reevaluated_acceptable,2026-09-21T18:20:00.579008+00:00,97b69daa00d6bdf0,1,f7b45d754f38
spreed,1750783768_6c9c670e0be5b53543da7f6e75dceffa0110cb15,jest,1,584,226,  ● participantsStore › participant list › adds participant,acceptable,2026-09-21T18:20:04.322980+00:00,cee402c72750a6b1,2,
spreed,1750783768_6c9c670e0be5b53543da7f6e75dceffa0110cb15,jest,1,585,240,  ● participantsStore › participant list › adds participant once,acceptable,2026-09-21T18:20:04.333538+00:00,7f10a5642374cac4,2,da873f9b7fc9
spreed,1750783768_6c9c670e0be5b53543da7f6e75dceffa0110cb15,jest,1,586,254,  ● participantsStore › participant list › does nothing when removing non-existing participant,acceptable,2026-09-21T18:20:04.341461+00:00,9b106377ea78545b,2,da873f9b7fc9
spreed,1750783768_6c9c670e0be5b53543da7f6e75dceffa0110cb15,jest,1,587,268,  ● participantsStore › participant list › removes participant,acceptable,2026-09-21T18:20:04.349183+00:00,d20b7f5177f00b40,2,da873f9b7fc9
spreed,1750783768_6c9c670e0be5b53543da7f6e75dceffa0110cb15,jest,1,588,282,  ● participantsStore › participant list › purges participant list,acceptable,2026-09-21T18:20:04.356808+00:00,6e3282d7b80e0521,2,da873f9b7fc9
spreed,1750783768_6c9c670e0be5b53543da7f6e75dceffa0110cb15,jest,1,589,296,  ● participantsStore › participant list › find participant by attendee id,acceptable,2026-09-21T18:20:04.364369+00:00,4b62e62e8e442c7a,3,da873f9b7fc9
spreed,1750783768_6c9c670e0be5b53543da7f6e75dceffa0110cb15,jest,1,590,310,  ● participantsStore › participant list › find participant by actor,acceptable,2026-09-21T18:20:04.370111+00:00,23434c6177a93749,3,da873f9b7fc9
spreed,1750783768_6c9c670e0be5b53543da7f6e75dceffa0110cb15,jest,1,591,324,  ● participantsStore › participant list › find participant by session,acceptable,2026-09-21T18:20:04.375402+00:00,651ed8d34d8d9417,3,da873f9b7fc9
spreed,1750783768_6c9c670e0be5b53543da7f6e75dceffa0110cb15,jest,1,592,338,  ● participantsStore › participant list › updates participant data,acceptable,2026-09-21T18:20:04.381077+00:00,c01a60ff240fdd85,2,da873f9b7fc9
spreed,1750783768_6c9c670e0be5b53543da7f6e75dceffa0110cb15,jest,1,593,352,  ● participantsStore › participant list › updates participant session id,acceptable,2026-09-21T18:20:04.388410+00:00,172bd29b4c7d9f5a,2,da873f9b7fc9
spreed,1750783768_6c9c670e0be5b53543da7f6e75dceffa0110cb15,jest,1,594,366,  ● participantsStore › participant list › promote to moderator › does nothing when promoting not found attendee,acceptable,2026-09-21T18:20:04.392147+00:00,cb0e05ef4f2872f9,2,da873f9b7fc9
spreed,1750783768_6c9c670e0be5b53543da7f6e75dceffa0110cb15,jest,1,595,380,  ● participantsStore › participant list › promote to moderator › promotes given user to moderator,acceptable,2026-09-21T18:20:04.396490+00:00,8849bb360254ecc2,2,da873f9b7fc9
spreed,1750783768_6c9c670e0be5b53543da7f6e75dceffa0110cb15,jest,1,596,394,  ● participantsStore › participant list › promote to moderator › promotes given guest to guest moderator,acceptable,2026-09-21T18:20:04.399649+00:00,6286e73a1958869e,2,da873f9b7fc9
spreed,1750783768_6c9c670e0be5b53543da7f6e75dceffa0110cb15,jest,1,597,408,  ● participantsStore › participant list › demotes from moderator › does nothing when demoting not found attendee,acceptable,2026-09-21T18:20:04.402845+00:00,07b11c840a79b2a9,2,da873f9b7fc9
spreed,1750783768_6c9c670e0be5b53543da7f6e75dceffa0110cb15,jest,1,598,422,  ● participantsStore › participant list › demotes from moderator › demotes given moderator to user,acceptable,2026-09-21T18:20:04.405956+00:00,f322d08bb16384db,2,da873f9b7fc9
spreed,1750783768_6c9c670e0be5b53543da7f6e75dceffa0110cb15,jest,1,599,436,  ● participantsStore › participant list › demotes from moderator › promotes given guest to guest moderator,acceptable,2026-09-21T18:20:04.409070+00:00,908a2b6005f9c301,2,da873f9b7fc9
spreed,1750783768_6c9c670e0be5b53543da7f6e75dceffa0110cb15,jest,1,600,450,  ● participantsStore › peers list › adds peer,acceptable,2026-09-21T18:20:04.412254+00:00,76c22cc84b3eb01f,2,da873f9b7fc9
spreed,1750783768_6c9c670e0be5b53543da7f6e75dceffa0110cb15,jest,1,601,464,  ● participantsStore › peers list › purges peers store,acceptable,2026-09-21T18:20:04.415479+00:00,99c078bac2e1cadc,2,da873f9b7fc9
spreed,1750783768_6c9c670e0be5b53543da7f6e75dceffa0110cb15,jest,1,602,478,  ● participantsStore › fetch participants › populates store for the fetched conversation,acceptable,2026-09-21T18:20:04.418671+00:00,103084fdc293ba34,2,da873f9b7fc9
spreed,1750783768_6c9c670e0be5b53543da7f6e75dceffa0110cb15,jest,1,603,506,  ● participantsStore › fetch participants › saves a guest name from response,acceptable,2026-09-21T18:20:04.421968+00:00,76fbcdddf11dd4a1,2,da873f9b7fc9
spreed,1750783768_6c9c670e0be5b53543da7f6e75dceffa0110cb15,jest,1,604,520,  ● participantsStore › fetch participants › emits an user status update,acceptable,2026-09-21T18:20:04.425392+00:00,1dceb2e91b52882d,2,da873f9b7fc9
spreed,1750783768_6c9c670e0be5b53543da7f6e75dceffa0110cb15,jest,1,605,548,  ● participantsStore › fetch participants › cancels old request,acceptable,2026-09-21T18:20:04.428599+00:00,653abf54e7ffa93f,2,da873f9b7fc9
spreed,1750783768_6c9c670e0be5b53543da7f6e75dceffa0110cb15,jest,1,606,604,  ● participantsStore › call handling › trying to join call but it fails,acceptable,2026-09-21T18:20:04.431797+00:00,2fb634515dab9ac0,2,da873f9b7fc9
spreed,1750783768_6c9c670e0be5b53543da7f6e75dceffa0110cb15,jest,1,607,632,  ● participantsStore › call handling › joins call but it has already received participants list from internal signaling,acceptable,2026-09-21T18:20:04.434982+00:00,4df0e36b0dca171d,2,da873f9b7fc9
spreed,1750783768_6c9c670e0be5b53543da7f6e75dceffa0110cb15,jest,1,608,646,  ● participantsStore › call handling › joins call but it has already received participants list from external signaling,acceptable,2026-09-21T18:20:04.438219+00:00,56450336aa0a8c25,2,da873f9b7fc9
spreed,1750783768_6c9c670e0be5b53543da7f6e75dceffa0110cb15,jest,1,609,674,  ● participantsStore › call handling › raised hand › get whether participants raised hands with single session id,acceptable,2026-09-21T18:20:04.441367+00:00,819888597a355371,2,da873f9b7fc9
spreed,1750783768_6c9c670e0be5b53543da7f6e75dceffa0110cb15,jest,1,610,688,  ● participantsStore › call handling › raised hand › get raised hands after lowering,acceptable,2026-09-21T18:20:04.444517+00:00,1165335a6113746e,2,da873f9b7fc9
spreed,1750783768_6c9c670e0be5b53543da7f6e75dceffa0110cb15,jest,1,611,702,  ● participantsStore › call handling › raised hand › clears raised hands state after leaving call,acceptable,2026-09-21T18:20:04.447668+00:00,208a5f3d8f223a7e,2,da873f9b7fc9
spreed,1750783768_6c9c670e0be5b53543da7f6e75dceffa0110cb15,jest,1,612,716,  ● participantsStore › call handling › raised hand › get raised hands with multiple session ids only returns first found,acceptable,2026-09-21T18:20:04.450884+00:00,05b60cbbe6a77b8a,2,da873f9b7fc9
spreed,1750783768_6c9c670e0be5b53543da7f6e75dceffa0110cb15,jest,1,613,730,  ● participantsStore › resends invitations,acceptable,2026-09-21T18:20:04.454020+00:00,c3b0727a9ee3b562,2,da873f9b7fc9
spreed,1750783768_6c9c670e0be5b53543da7f6e75dceffa0110cb15,jest,1,614,772,  ● participantsStore › joining conversation › force join on error › when not in call › forces join when max ping age > 40s,acceptable,2026-09-21T18:20:04.457228+00:00,0ebdff8499da9360,2,da873f9b7fc9
spreed,1750783768_6c9c670e0be5b53543da7f6e75dceffa0110cb15,jest,1,615,804,  ● participantsStore › joining conversation › force join on error › when not in call › shows force when max ping age <= 40s,acceptable,2026-09-21T18:20:04.460393+00:00,17c6b882324b1fce,2,da873f9b7fc9
spreed,1750783768_6c9c670e0be5b53543da7f6e75dceffa0110cb15,jest,1,616,836,  ● participantsStore › joining conversation › force join on error › when in call › forces join when max ping age > 60s,acceptable,2026-09-21T18:20:04.463608+00:00,0c9b8eab98a37284,2,da873f9b7fc9
spreed,1750783768_6c9c670e0be5b53543da7f6e75dceffa0110cb15,jest,1,617,868,  ● participantsStore › joining conversation › force join on error › when in call › shows force when max ping age <= 60s,acceptable,2026-09-21T18:20:04.466814+00:00,783105dcd36fc562,2,da873f9b7fc9
spreed,1750783768_6c9c670e0be5b53543da7f6e75dceffa0110cb15,jest,1,618,900,  ● participantsStore › leaving conversation › leaves conversation,acceptable,2026-09-21T18:20:04.470064+00:00,51078c86b2a66ef0,2,da873f9b7fc9
spreed,1750783768_6c9c670e0be5b53543da7f6e75dceffa0110cb15,jest,1,619,928,  ● participantsStore › leaving conversation › removes current user from conversation,acceptable,2026-09-21T18:20:04.473242+00:00,85820c76958f8c5f,2,da873f9b7fc9
spreed,1750783768_6c9c670e0be5b53543da7f6e75dceffa0110cb15,jest,1,620,942,  ● participantsStore › participant permissions › grants all permissions to a participant,acceptable,2026-09-21T18:20:04.476634+00:00,ef2753da0c2a65d2,2,da873f9b7fc9
spreed,1750783768_6c9c670e0be5b53543da7f6e75dceffa0110cb15,jest,1,621,956,  ● participantsStore › participant permissions › removes all permissions to a participant,acceptable,2026-09-21T18:20:04.480633+00:00,4992ed475a3ecef5,2,da873f9b7fc9
spreed,1750783768_6c9c670e0be5b53543da7f6e75dceffa0110cb15,jest,1,622,1018,  ● conversationsStore › conversation list › restores conversations cached in BrowserStorage,acceptable,2026-09-21T18:20:04.483891+00:00,c1049184898995f7,2,da873f9b7fc9
spreed,1750783768_6c9c670e0be5b53543da7f6e75dceffa0110cb15,jest,1,623,1032,  ● conversationsStore › conversation list › deletes conversation from server,acceptable,2026-09-21T18:20:04.487158+00:00,6f8a606326beafc6,2,da873f9b7fc9
spreed,1750783768_6c9c670e0be5b53543da7f6e75dceffa0110cb15,jest,1,624,1046,  ● conversationsStore › conversation list › fetches a single conversation,acceptable,2026-09-21T18:20:04.490390+00:00,7308968704e632bf,2,da873f9b7fc9
spreed,1750783768_6c9c670e0be5b53543da7f6e75dceffa0110cb15,jest,1,625,1060,  ● conversationsStore › conversation list › fetches all conversations and set initial,acceptable,2026-09-21T18:20:04.493615+00:00,0cd4ab943268b10b,2,da873f9b7fc9
spreed,1750783768_6c9c670e0be5b53543da7f6e75dceffa0110cb15,jest,1,626,1074,  ● conversationsStore › conversation list › sets fetched conversations to BrowserStorage,acceptable,2026-09-21T18:20:04.496897+00:00,bb3c663a77838e0d,2,da873f9b7fc9
spreed,1750783768_6c9c670e0be5b53543da7f6e75dceffa0110cb15,jest,1,627,1088,  ● conversationsStore › conversation list › fetches all conversations and add new received conversations,acceptable,2026-09-21T18:20:04.500123+00:00,2d7c5012fb1adb8e,2,da873f9b7fc9
spreed,1750783768_6c9c670e0be5b53543da7f6e75dceffa0110cb15,jest,1,628,1102,  ● conversationsStore › conversation list › fetches all conversations and emit user status update for new 1-1 conversations,acceptable,2026-09-21T18:20:04.503403+00:00,321672899844d04d,2,da873f9b7fc9
spreed,1750783768_6c9c670e0be5b53543da7f6e75dceffa0110cb15,jest,1,629,1116,  ● conversationsStore › conversation list › fetches all conversations and emit user status update for changed statuses of 1-1 conversations,acceptable,2026-09-21T18:20:04.506675+00:00,5f60ecfa0e6efdcd,2,da873f9b7fc9
spreed,1750783768_6c9c670e0be5b53543da7f6e75dceffa0110cb15,jest,1,630,1130,  ● conversationsStore › conversation list › fetches all conversations and re-set conversations with new lastActivity,acceptable,2026-09-21T18:20:04.509990+00:00,15942c2a32871596,2,da873f9b7fc9
spreed,1750783768_6c9c670e0be5b53543da7f6e75dceffa0110cb15,jest,1,631,1144,  ● conversationsStore › conversation list › fetches all conversations and re-set conversations when it has any property changed,acceptable,2026-09-21T18:20:04.513216+00:00,7a63f783f6131585,2,da873f9b7fc9
spreed,1750783768_6c9c670e0be5b53543da7f6e75dceffa0110cb15,jest,1,632,1158,  ● conversationsStore › conversation list › fetches all conversations and remove deleted conversations if without modifiedSince,acceptable,2026-09-21T18:20:04.516941+00:00,71cb4bc174983649,2,da873f9b7fc9
spreed,1750783768_6c9c670e0be5b53543da7f6e75dceffa0110cb15,jest,1,633,1172,  ● conversationsStore › conversation list › fetches all conversations without purging not revieved conversations when modifiedSince is present,acceptable,2026-09-21T18:20:04.520209+00:00,f604078ad1456e9c,2,da873f9b7fc9
spreed,1750783768_6c9c670e0be5b53543da7f6e75dceffa0110cb15,jest,1,634,1186,  ● conversationsStore › conversation list › fetch conversation failure checks for maintenance mode,acceptable,2026-09-21T18:20:04.523544+00:00,f01871f2208bd3ea,2,da873f9b7fc9
spreed,1750783768_6c9c670e0be5b53543da7f6e75dceffa0110cb15,jest,1,635,1200,  ● conversationsStore › conversation list › fetch conversations failure checks for maintenance mode,acceptable,2026-09-21T18:20:04.526844+00:00,b8c9e3114f125651,2,da873f9b7fc9
spreed,1750783768_6c9c670e0be5b53543da7f6e75dceffa0110cb15,jest,1,636,1214,  ● conversationsStore › conversation list › fetch conversations should update talkVersion,acceptable,2026-09-21T18:20:04.530161+00:00,52484a28983727a4,2,da873f9b7fc9
spreed,1750783768_6c9c670e0be5b53543da7f6e75dceffa0110cb15,jest,1,637,1242,  ● conversationsStore › conversation settings › make non-public,acceptable,2026-09-21T18:20:04.533719+00:00,fa9f900b08fec815,2,da873f9b7fc9
spreed,1750783768_6c9c670e0be5b53543da7f6e75dceffa0110cb15,jest,1,638,1256,  ● conversationsStore › conversation settings › set favorite,acceptable,2026-09-21T18:20:04.537023+00:00,380feb35f24ce6ba,2,da873f9b7fc9
spreed,1750783768_6c9c670e0be5b53543da7f6e75dceffa0110cb15,jest,1,639,1270,  ● conversationsStore › conversation settings › unset favorite,acceptable,2026-09-21T18:20:04.540294+00:00,dfa78ebe2fdde1b1,2,da873f9b7fc9
spreed,1750783768_6c9c670e0be5b53543da7f6e75dceffa0110cb15,jest,1,640,1284,  ● conversationsStore › conversation settings › enable lobby,acceptable,2026-09-21T18:20:04.543619+00:00,244ab15f31492b7c,2,da873f9b7fc9
spreed,1750783768_6c9c670e0be5b53543da7f6e75dceffa0110cb15,jest,1,641,1298,  ● conversationsStore › conversation settings › disable lobby,acceptable,2026-09-21T18:20:04.547630+00:00,6333d46535965526,2,da873f9b7fc9
spreed,1750783768_6c9c670e0be5b53543da7f6e75dceffa0110cb15,jest,1,642,1312,  ● conversationsStore › conversation settings › set conversation name,acceptable,2026-09-21T18:20:04.551020+00:00,457644a3ea0e0f96,2,da873f9b7fc9
spreed,1750783768_6c9c670e0be5b53543da7f6e75dceffa0110cb15,jest,1,643,1326,  ● conversationsStore › conversation settings › set conversation description,acceptable,2026-09-21T18:20:04.554341+00:00,e59673262932cfa6,2,da873f9b7fc9
spreed,1750783768_6c9c670e0be5b53543da7f6e75dceffa0110cb15,jest,1,644,1340,  ● conversationsStore › conversation settings › enable read-only,acceptable,2026-09-21T18:20:04.557700+00:00,24119d624bc1687c,2,da873f9b7fc9
spreed,1750783768_6c9c670e0be5b53543da7f6e75dceffa0110cb15,jest,1,645,1354,  ● conversationsStore › conversation settings › disable read-only,acceptable,2026-09-21T18:20:04.561023+00:00,1ba29a0830500091,2,da873f9b7fc9
spreed,1750783768_6c9c670e0be5b53543da7f6e75dceffa0110cb15,jest,1,646,1368,  ● conversationsStore › conversation settings › set listable flag,acceptable,2026-09-21T18:20:04.564330+00:00,da3cf09c0e996955,2,da873f9b7fc9
spreed,1750783768_6c9c670e0be5b53543da7f6e75dceffa0110cb15,jest,1,647,1382,  ● conversationsStore › conversation settings › set lobby timer,acceptable,2026-09-21T18:20:04.567621+00:00,8649f2fcae5336aa,2,da873f9b7fc9
spreed,1750783768_6c9c670e0be5b53543da7f6e75dceffa0110cb15,jest,1,648,1396,  ● conversationsStore › conversation settings › set SIP enabled,acceptable,2026-09-21T18:20:04.571039+00:00,e2661142a89006e7,2,da873f9b7fc9
spreed,1750783768_6c9c670e0be5b53543da7f6e75dceffa0110cb15,jest,1,649,1410,  ● conversationsStore › conversation settings › set SIP enabled no individual PIN,acceptable,2026-09-21T18:20:04.574366+00:00,c5b6398e6b2434f9,2,da873f9b7fc9
spreed,1750783768_6c9c670e0be5b53543da7f6e75dceffa0110cb15,jest,1,650,1424,  ● conversationsStore › conversation settings › set notification level,acceptable,2026-09-21T18:20:04.577689+00:00,a34e780a041fbc21,2,da873f9b7fc9
spreed,1750783768_6c9c670e0be5b53543da7f6e75dceffa0110cb15,jest,1,651,1494,  ● conversationsStore › update last message › successful update from user,acceptable,2026-09-21T18:20:04.581018+00:00,68f1f07f594c24cf,3,da873f9b7fc9
spreed,1750783768_6c9c670e0be5b53543da7f6e75dceffa0110cb15,jest,1,652,1508,  ● conversationsStore › update last message › ignore update from bot,acceptable,2026-09-21T18:20:04.586180+00:00,91017c0b0b5df95e,3,da873f9b7fc9
spreed,1750783768_6c9c670e0be5b53543da7f6e75dceffa0110cb15,jest,1,653,1522,  ● conversationsStore › update last message › ignore update from bot but not from changelog,acceptable,2026-09-21T18:20:04.589659+00:00,f7e6d8a18ccb61ab,3,da873f9b7fc9
spreed,1750783768_6c9c670e0be5b53543da7f6e75dceffa0110cb15,jest,1,654,1536,  ● conversationsStore › update last message › ignore update reactions,acceptable,2026-09-21T18:20:04.593046+00:00,f6151c1c4ad5e928,3,da873f9b7fc9
spreed,1750783768_6c9c670e0be5b53543da7f6e75dceffa0110cb15,jest,1,655,1550,  ● conversationsStore › update last message › ignore update from the action of deleting reactions,acceptable,2026-09-21T18:20:04.596380+00:00,951c42faeb93b26a,3,da873f9b7fc9
spreed,1750783768_6c9c670e0be5b53543da7f6e75dceffa0110cb15,jest,1,656,1564,  ● conversationsStore › update last message › ignore update deleted reactions (only theory as the action of deleting would come after it anyway),acceptable,2026-09-21T18:20:04.600293+00:00,3cd52c52891b85a4,3,da873f9b7fc9
spreed,1750783768_6c9c670e0be5b53543da7f6e75dceffa0110cb15,jest,1,657,1578,  ● conversationsStore › update last message › ignore update from deleting a message,acceptable,2026-09-21T18:20:04.604012+00:00,cea66205089aa195,3,da873f9b7fc9
spreed,1750783768_6c9c670e0be5b53543da7f6e75dceffa0110cb15,jest,1,658,1592,  ● conversationsStore › update last message › successfully update temporary messages,acceptable,2026-09-21T18:20:04.607470+00:00,7e1f2aae05b21a0d,3,da873f9b7fc9
spreed,1750783768_6c9c670e0be5b53543da7f6e75dceffa0110cb15,jest,1,659,1606,  ● conversationsStore › update last message › successfully update also posted messages which start with a slash,acceptable,2026-09-21T18:20:04.610959+00:00,d5a98ef2e94973c1,3,da873f9b7fc9
spreed,1750783768_6c9c670e0be5b53543da7f6e75dceffa0110cb15,jest,1,660,1620,  ● conversationsStore › creating conversations › creates one to one conversation,acceptable,2026-09-21T18:20:04.614350+00:00,0592e45231f80131,2,da873f9b7fc9
spreed,1750783768_6c9c670e0be5b53543da7f6e75dceffa0110cb15,jest,1,661,1663,  ● reactionsStore › fetches reactions from the store,acceptable,2026-09-21T18:20:04.617778+00:00,bbb00de804aa4e8f,2,da873f9b7fc9
spreed,1750783768_6c9c670e0be5b53543da7f6e75dceffa0110cb15,jest,1,662,1677,  ● reactionsStore › does not update reactions in the store twice,acceptable,2026-09-21T18:20:04.621181+00:00,86224e525d902c7a,2,da873f9b7fc9
spreed,1750783768_6c9c670e0be5b53543da7f6e75dceffa0110cb15,jest,1,663,1691,  ● reactionsStore › resets the store when there is no reaction,acceptable,2026-09-21T18:20:04.625394+00:00,988da010d8016557,2,da873f9b7fc9
spreed,1750783768_6c9c670e0be5b53543da7f6e75dceffa0110cb15,jest,1,664,1705,  ● reactionsStore › adds reaction from system messages,acceptable,2026-09-21T18:20:04.629037+00:00,a2a073c41c6f4c49,2,da873f9b7fc9
spreed,1750783768_6c9c670e0be5b53543da7f6e75dceffa0110cb15,jest,1,665,1719,  ● reactionsStore › does not add a reaction actor when it already exists,acceptable,2026-09-21T18:20:04.632428+00:00,1d5821f9be30caf6,2,da873f9b7fc9
spreed,1750783768_6c9c670e0be5b53543da7f6e75dceffa0110cb15,jest,1,666,1733,  ● reactionsStore › removes a reaction from the store,acceptable,2026-09-21T18:20:04.635881+00:00,7964b92f8d9d4d96,2,da873f9b7fc9
spreed,1750783768_6c9c670e0be5b53543da7f6e75dceffa0110cb15,jest,1,667,1747,  ● reactionsStore › purges the reactions store,acceptable,2026-09-21T18:20:04.639274+00:00,fdb7846a9d7f4018,2,da873f9b7fc9
spreed,1750783768_6c9c670e0be5b53543da7f6e75dceffa0110cb15,jest,1,668,1761,  ● reactionsStore › does not fetch reactions when receiving a reaction_deleted system message,acceptable,2026-09-21T18:20:04.642761+00:00,79d125b426de98ac,2,da873f9b7fc9
spreed,1750783768_6c9c670e0be5b53543da7f6e75dceffa0110cb15,jest,1,669,1803,  ● reactionsStore › error handling › shows an error when the API call of fetching reactions fails,acceptable,2026-09-21T18:20:04.646205+00:00,ef57386cd10d5d7a,2,da873f9b7fc9
spreed,1753091950_943f8c88a8e3d3697a777a1d3c776bb3009c2060,jest,1,670,234,  ● chatStore › get a list of messages › returns an array if both messages and blocks present,reevaluated_acceptable,2026-09-21T18:20:10.266967+00:00,4f62e7447996a23b,1,
spreed,1753091950_943f8c88a8e3d3697a777a1d3c776bb3009c2060,jest,1,671,248,  ● chatStore › get a list of messages › returns an empty array if no messages or blocks present,reevaluated_acceptable,2026-09-21T18:20:10.272687+00:00,c50a5bd7d4a9770b,1,af6ce2947141
spreed,1753523018_384be0dea18873238f194d88a1b2bcacb96212fe,jest,1,672,380,  ● Test suite failed to run,reevaluated_acceptable,2026-09-21T18:20:23.781532+00:00,b88dbffd806073b3,2,
spreed,1755009608_9a72c863d7b53f3b2326ec648c45765c31a224c2,vitest,1,673,289, FAIL  src/stores/__tests__/chat.spec.js > chatStore > check for existence > returns boolean whether thread message is known by the store,acceptable,2026-09-21T18:20:39.001117+00:00,465659be5ce37544,1,
spreed,1755009608_9a72c863d7b53f3b2326ec648c45765c31a224c2,vitest,1,674,308, FAIL  src/stores/__tests__/chat.spec.js > chatStore > get a list of messages > returns an array of thread messages only,acceptable,2026-09-21T18:20:46.366145+00:00,f0b9029bec6ac31f,1,
spreed,1755009608_9a72c863d7b53f3b2326ec648c45765c31a224c2,vitest,1,675,334, FAIL  src/stores/__tests__/chat.spec.js > chatStore > get first and last known messages > returns thread id of containing block if thread id was given and message is in the store,acceptable,2026-09-21T18:20:46.376903+00:00,4929ec1d9d995fe2,1,01410eb4b1f6
spreed,1755009608_9a72c863d7b53f3b2326ec648c45765c31a224c2,vitest,1,676,348, FAIL  src/stores/__tests__/chat.spec.js > chatStore > get first and last known messages > returns first / last known id of containing thread block if message id was given,acceptable,2026-09-21T18:20:48.159206+00:00,f8614488e91579fb,1,
spreed,1756192612_176c837c8e95504a6de0b16aa347b80710a5bce1,vitest,1,677,195, FAIL  src/store/conversationsStore.spec.js [ src/store/conversationsStore.spec.js ],reevaluated_acceptable,2026-09-21T18:21:07.020853+00:00,835b8f2d808bf5f1,1,
spreed,1756192612_176c837c8e95504a6de0b16aa347b80710a5bce1,vitest,1,678,201, FAIL  src/services/__tests__/CapabilitiesManager.spec.js [ src/services/__tests__/CapabilitiesManager.spec.js ],reevaluated_acceptable,2026-09-21T18:21:43.393075+00:00,1df2457145fbd357,1,70d540829e16
spreed,1756192612_176c837c8e95504a6de0b16aa347b80710a5bce1,vitest,1,679,207, FAIL  src/services/__tests__/messagesService.spec.js [ src/services/__tests__/messagesService.spec.js ],reevaluated_acceptable,2026-09-21T18:21:43.403310+00:00,f95cb5e1c13681ca,1,70d540829e16
spreed,1756192612_176c837c8e95504a6de0b16aa347b80710a5bce1,vitest,1,680,213, FAIL  src/stores/__tests__/federation.spec.js [ src/stores/__tests__/federation.spec.js ],reevaluated_acceptable,2026-09-21T18:21:43.413850+00:00,0448b35e96ceab82,1,70d540829e16
spreed,1756192612_176c837c8e95504a6de0b16aa347b80710a5bce1,vitest,1,681,219, FAIL  src/stores/__tests__/session.spec.js [ src/stores/__tests__/session.spec.js ],reevaluated_acceptable,2026-09-21T18:21:43.426373+00:00,423036c51ff7ee82,1,70d540829e16
spreed,1756192612_176c837c8e95504a6de0b16aa347b80710a5bce1,vitest,1,682,225, FAIL  src/utils/__tests__/fileUpload.spec.js [ src/utils/__tests__/fileUpload.spec.js ],reevaluated_acceptable,2026-09-21T18:21:43.434092+00:00,bca949e36799168e,1,70d540829e16
spreed,1756192612_176c837c8e95504a6de0b16aa347b80710a5bce1,vitest,1,683,231, FAIL  src/utils/__tests__/satisfyVersion.spec.js [ src/utils/__tests__/satisfyVersion.spec.js ],reevaluated_acceptable,2026-09-21T18:21:43.440613+00:00,b5ee447260b29385,1,70d540829e16
spreed,1756192612_176c837c8e95504a6de0b16aa347b80710a5bce1,vitest,1,684,237, FAIL  src/utils/media/pipeline/TrackEnabler.spec.js [ src/utils/media/pipeline/TrackEnabler.spec.js ],reevaluated_acceptable,2026-09-21T18:21:43.448126+00:00,43d06e19dae4ac91,2,70d540829e16
spreed,1756306580_b656a50f45f3d2cd85f39ab6983e2a5b8d45c7ff,vitest,1,685,329, FAIL  src/store/messagesStore.spec.js > messagesStore > get message context > fetch additional messages around context,acceptable,2026-09-21T18:21:52.209803+00:00,deede04d70a6cf71,1,
spreed,1756481443_fb3136a115bc6fa030f32eb24be478210a6d8c64,vitest,1,686,936, FAIL  src/components/LeftSidebar/LeftSidebar.spec.js [ src/components/LeftSidebar/LeftSidebar.spec.js ],reevaluated_acceptable,2026-09-21T18:21:52.219120+00:00,a2c2bf0920ab810a,3,70d540829e16
spreed,1756481443_fb3136a115bc6fa030f32eb24be478210a6d8c64,vitest,1,687,953, FAIL  src/components/RoomSelector.spec.js > RoomSelector > rendering > renders sorted conversations list fetched from server,acceptable,2026-09-21T18:22:03.279632+00:00,dc39bc1f17f0f126,2,
spreed,1756481443_fb3136a115bc6fa030f32eb24be478210a6d8c64,vitest,1,688,972, FAIL  src/components/RoomSelector.spec.js > RoomSelector > rendering > excludes current conversation if mounted inside of Talk,reevaluated_acceptable,2026-09-21T18:22:10.730776+00:00,a3ecf8512b6c6bb5,2,
spreed,1756481443_fb3136a115bc6fa030f32eb24be478210a6d8c64,vitest,1,689,993, FAIL  src/components/RoomSelector.spec.js > RoomSelector > rendering > renders open conversations list fetched from server,acceptable,2026-09-21T18:22:10.739208+00:00,8eee09bd5f608044,2,01410eb4b1f6
spreed,1756481443_fb3136a115bc6fa030f32eb24be478210a6d8c64,vitest,1,690,999, FAIL  src/components/RoomSelector.spec.js > RoomSelector > actions > emits select event on select,acceptable,2026-09-21T18:22:10.745346+00:00,d6ead61a44954b67,2,01410eb4b1f6
spreed,1756481443_fb3136a115bc6fa030f32eb24be478210a6d8c64,vitest,1,691,1021, FAIL  src/components/RoomSelector.spec.js > RoomSelector > actions > emits close event on $root as plugin,reevaluated_acceptable,2026-09-21T18:22:17.534361+00:00,79cc21897a0d3d48,2,
spreed,1756481443_fb3136a115bc6fa030f32eb24be478210a6d8c64,vitest,1,693,1054, FAIL  src/store/fileUploadStore.spec.js > fileUploadStore > uploading > performs silent upload and sharing of single file with caption,acceptable,2026-09-21T18:22:26.588504+00:00,8842a2aa975b385c,2,01410eb4b1f6
spreed,1756481443_fb3136a115bc6fa030f32eb24be478210a6d8c64,vitest,1,694,1071, FAIL  src/store/fileUploadStore.spec.js > fileUploadStore > uploading > performs upload and sharing of multiple files with caption,acceptable,2026-09-21T18:22:26.599151+00:00,98fe657ee97f7a3d,2,01410eb4b1f6
spreed,1756481443_fb3136a115bc6fa030f32eb24be478210a6d8c64,vitest,1,695,1088, FAIL  src/store/fileUploadStore.spec.js > fileUploadStore > uploading > marks temporary message as failed in case of upload error,acceptable,2026-09-21T18:22:26.610869+00:00,5b5c007121d7867b,2,01410eb4b1f6
spreed,1756481443_fb3136a115bc6fa030f32eb24be478210a6d8c64,vitest,1,696,1105, FAIL  src/store/fileUploadStore.spec.js > fileUploadStore > uploading > marks temporary message as failed in case of sharing error,acceptable,2026-09-21T18:22:26.620464+00:00,ca2296ba35f9971c,2,01410eb4b1f6
spreed,1756481443_fb3136a115bc6fa030f32eb24be478210a6d8c64,vitest,1,697,1122, FAIL  src/store/fileUploadStore.spec.js > fileUploadStore > uploading > removes file from selection,acceptable,2026-09-21T18:22:26.628472+00:00,d1236a0236d28446,2,01410eb4b1f6
spreed,1756481443_fb3136a115bc6fa030f32eb24be478210a6d8c64,vitest,1,698,1139, FAIL  src/store/fileUploadStore.spec.js > fileUploadStore > uploading > discard an entire upload,acceptable,2026-09-21T18:22:26.635076+00:00,bb5274f4bd07b710,2,01410eb4b1f6
spreed,1756481443_fb3136a115bc6fa030f32eb24be478210a6d8c64,vitest,1,699,1156, FAIL  src/store/fileUploadStore.spec.js > fileUploadStore > uploading > autorenames files using timestamps when requested,acceptable,2026-09-21T18:22:26.641777+00:00,6d7316b5d8d064b7,2,01410eb4b1f6
spreed,1756481443_fb3136a115bc6fa030f32eb24be478210a6d8c64,vitest,1,692,1033, FAIL  src/store/fileUploadStore.spec.js > fileUploadStore > uploading > initialises upload for given files,reevaluated_acceptable,2026-09-21T18:22:43.986726+00:00,69f7db643c8fe9d8,2,
spreed,1756481443_fb3136a115bc6fa030f32eb24be478210a6d8c64,vitest,1,700,1173, FAIL  src/components/AvatarWrapper/AvatarWrapper.spec.js > AvatarWrapper.vue > render user avatar > component pass props to NcAvatar correctly,acceptable,2026-09-21T18:23:07.982139+00:00,d4be335105e50d72,2,
spreed,1756481443_fb3136a115bc6fa030f32eb24be478210a6d8c64,vitest,1,701,1194, FAIL  src/components/MessagesList/MessagesList.spec.js > MessagesList.vue > message grouping > groups consecutive messages by author,reevaluated_acceptable,2026-09-21T18:23:13.484240+00:00,8d58a2b9b45b30fb,10,
spreed,1756481443_fb3136a115bc6fa030f32eb24be478210a6d8c64,vitest,1,702,1215, FAIL  src/components/MessagesList/MessagesList.spec.js > MessagesList.vue > message grouping > displays a date separator between days,reevaluated_acceptable,2026-09-21T18:23:34.509412+00:00,4b2dfaa014edd453,1,
spreed,1756481443_fb3136a115bc6fa030f32eb24be478210a6d8c64,vitest,1,703,1221, FAIL  src/components/MessagesList/MessagesList.spec.js > MessagesList.vue > message rendering > renders a placeholder while loading,reevaluated_acceptable,2026-09-21T18:23:55.025171+00:00,031b5b4a38039df5,1,bd515f3cc190
spreed,1756481443_fb3136a115bc6fa030f32eb24be478210a6d8c64,vitest,1,704,1227, FAIL  src/components/MessagesList/MessagesList.spec.js > MessagesList.vue > message rendering > updates rendered list of messages (replace temporary message in same group),reevaluated_acceptable,2026-09-21T18:23:55.034698+00:00,a9fb655e7818ce99,1,bd515f3cc190
spreed,1756481443_fb3136a115bc6fa030f32eb24be478210a6d8c64,vitest,1,705,1250, FAIL  src/components/CallView/shared/VideoBottomBar.spec.js > VideoBottomBar.vue > unit tests > render component > component renders all indicators by default,acceptable,2026-09-21T18:25:10.186910+00:00,27cef5a3b975bd21,2,868cf855a788
spreed,1756481443_fb3136a115bc6fa030f32eb24be478210a6d8c64,vitest,1,706,1269, FAIL  src/components/CallView/shared/VideoBottomBar.spec.js > VideoBottomBar.vue > unit tests > render component > component does not show indicators after video overlay is off,acceptable,2026-09-21T18:25:10.195189+00:00,d3e1dce85e4b5101,2,01410eb4b1f6
spreed,1756481443_fb3136a115bc6fa030f32eb24be478210a6d8c64,vitest,1,707,1281, FAIL  src/components/CallView/shared/VideoBottomBar.spec.js > VideoBottomBar.vue > unit tests > render participant name > name is shown by default,reevaluated_acceptable,2026-09-21T18:25:19.777263+00:00,0beaa58e7b75bd63,2,
spreed,1756481443_fb3136a115bc6fa030f32eb24be478210a6d8c64,vitest,1,708,1294, FAIL  src/components/CallView/shared/VideoBottomBar.spec.js > VideoBottomBar.vue > unit tests > render participant name > name is not shown if all checks are falsy,reevaluated_acceptable,2026-09-21T18:25:19.788806+00:00,5ea434bde868ed11,2,5f70de3a8a97
spreed,1756481443_fb3136a115bc6fa030f32eb24be478210a6d8c64,vitest,1,709,1307," FAIL  src/components/CallView/shared/VideoBottomBar.spec.js > VideoBottomBar.vue > unit tests > render indicators > connection failed indicator > indicator is not shown by default, other indicators are visible",acceptable,2026-09-21T18:25:19.798004+00:00,7ca44ebc9f9af987,2,d90c266c761e
spreed,1756481443_fb3136a115bc6fa030f32eb24be478210a6d8c64,vitest,1,710,1326," FAIL  src/components/CallView/shared/VideoBottomBar.spec.js > VideoBottomBar.vue > unit tests > render indicators > connection failed indicator > indicator is shown when model prop is true, other indicators are hidden",acceptable,2026-09-21T18:25:19.806911+00:00,f4081686fea2217d,2,d90c266c761e
spreed,1756481443_fb3136a115bc6fa030f32eb24be478210a6d8c64,vitest,1,711,1345, FAIL  src/components/CallView/shared/VideoBottomBar.spec.js > VideoBottomBar.vue > unit tests > render indicators > raise hand indicator > indicator is shown when model prop is true,acceptable,2026-09-21T18:25:19.815750+00:00,6a47dcb40c2db48d,2,d90c266c761e
spreed,1756481443_fb3136a115bc6fa030f32eb24be478210a6d8c64,vitest,1,712,1364, FAIL  src/components/CallView/shared/VideoBottomBar.spec.js > VideoBottomBar.vue > unit tests > render buttons > audio indicator > button is rendered properly,acceptable,2026-09-21T18:25:19.824112+00:00,f07281a57131a4b3,2,d90c266c761e
spreed,1756481443_fb3136a115bc6fa030f32eb24be478210a6d8c64,vitest,1,713,1383, FAIL  src/components/CallView/shared/VideoBottomBar.spec.js > VideoBottomBar.vue > unit tests > render buttons > audio indicator > button is visible for moderators when audio is available,reevaluated_acceptable,2026-09-21T18:25:39.991077+00:00,d50a3cc46d222a53,2,5f70de3a8a97
spreed,1756481443_fb3136a115bc6fa030f32eb24be478210a6d8c64,vitest,1,714,1396, FAIL  src/components/CallView/shared/VideoBottomBar.spec.js > VideoBottomBar.vue > unit tests > render buttons > audio indicator > button is visible for everyone when audio is unavailable,reevaluated_acceptable,2026-09-21T18:25:40.000133+00:00,ba9490a4532571e8,2,5f70de3a8a97
spreed,1756481443_fb3136a115bc6fa030f32eb24be478210a6d8c64,vitest,1,715,1409, FAIL  src/components/CallView/shared/VideoBottomBar.spec.js > VideoBottomBar.vue > unit tests > render buttons > audio indicator > button is enabled for moderators,reevaluated_acceptable,2026-09-21T18:25:48.031351+00:00,73f73d2eadc6ad06,2,5f70de3a8a97
spreed,1756481443_fb3136a115bc6fa030f32eb24be478210a6d8c64,vitest,1,716,1422, FAIL  src/components/CallView/shared/VideoBottomBar.spec.js > VideoBottomBar.vue > unit tests > render buttons > audio indicator > button is disabled when audio is unavailable,reevaluated_acceptable,2026-09-21T18:25:48.038716+00:00,06c41397b8b74689,2,5f70de3a8a97
spreed,1756481443_fb3136a115bc6fa030f32eb24be478210a6d8c64,vitest,1,717,1435, FAIL  src/components/CallView/shared/VideoBottomBar.spec.js > VideoBottomBar.vue > unit tests > render buttons > audio indicator > method is called after click,reevaluated_acceptable,2026-09-21T18:25:48.045527+00:00,c25df805a1ca934c,2,5f70de3a8a97
spreed,1756481443_fb3136a115bc6fa030f32eb24be478210a6d8c64,vitest,1,718,1448, FAIL  src/components/CallView/shared/VideoBottomBar.spec.js > VideoBottomBar.vue > unit tests > render buttons > video indicator > button is rendered properly,acceptable,2026-09-21T18:25:48.052107+00:00,d1a19b1812aa4331,2,d90c266c761e
spreed,1756481443_fb3136a115bc6fa030f32eb24be478210a6d8c64,vitest,1,719,1467, FAIL  src/components/CallView/shared/VideoBottomBar.spec.js > VideoBottomBar.vue > unit tests > render buttons > video indicator > button is visible when video is available,reevaluated_acceptable,2026-09-21T18:25:48.058880+00:00,47acdae8c607e210,2,5f70de3a8a97
spreed,1756481443_fb3136a115bc6fa030f32eb24be478210a6d8c64,vitest,1,720,1480, FAIL  src/components/CallView/shared/VideoBottomBar.spec.js > VideoBottomBar.vue > unit tests > render buttons > video indicator > button shows proper icon if video is enabled,acceptable,2026-09-21T18:25:48.065361+00:00,1ff9f3a351dba6a1,2,d90c266c761e
spreed,1756481443_fb3136a115bc6fa030f32eb24be478210a6d8c64,vitest,1,721,1499, FAIL  src/components/CallView/shared/VideoBottomBar.spec.js > VideoBottomBar.vue > unit tests > render buttons > video indicator > button shows proper icon if video is blocked,acceptable,2026-09-21T18:25:48.071851+00:00,ed60cc4ffa44a515,2,d90c266c761e
spreed,1756481443_fb3136a115bc6fa030f32eb24be478210a6d8c64,vitest,1,722,1518, FAIL  src/components/CallView/shared/VideoBottomBar.spec.js > VideoBottomBar.vue > unit tests > render buttons > video indicator > method is called after click,reevaluated_acceptable,2026-09-21T18:25:48.076220+00:00,abf6177500609b65,2,5f70de3a8a97
spreed,1756481443_fb3136a115bc6fa030f32eb24be478210a6d8c64,vitest,1,723,1531, FAIL  src/components/CallView/shared/VideoBottomBar.spec.js > VideoBottomBar.vue > unit tests > render buttons > screen sharing indicator > button is rendered properly,acceptable,2026-09-21T18:25:48.079935+00:00,186fbb4f09cd9f43,2,d90c266c761e
spreed,1756481443_fb3136a115bc6fa030f32eb24be478210a6d8c64,vitest,1,724,1550, FAIL  src/components/CallView/shared/VideoBottomBar.spec.js > VideoBottomBar.vue > unit tests > render buttons > screen sharing indicator > button is visible when screen is available,reevaluated_acceptable,2026-09-21T18:25:48.083726+00:00,15975dbc1528b258,2,5f70de3a8a97
spreed,1756481443_fb3136a115bc6fa030f32eb24be478210a6d8c64,vitest,1,725,1563, FAIL  src/components/CallView/shared/VideoBottomBar.spec.js > VideoBottomBar.vue > unit tests > render buttons > screen sharing indicator > component emits peer id after click,reevaluated_acceptable,2026-09-21T18:25:48.087599+00:00,964798c23205a668,2,5f70de3a8a97
spreed,1756481443_fb3136a115bc6fa030f32eb24be478210a6d8c64,vitest,1,726,1576, FAIL  src/components/CallView/shared/VideoBottomBar.spec.js > VideoBottomBar.vue > unit tests > render buttons > following button > button is rendered when source is selected,acceptable,2026-09-21T18:25:48.091335+00:00,7d2a39ddf494c248,2,d90c266c761e
spreed,1756481443_fb3136a115bc6fa030f32eb24be478210a6d8c64,vitest,1,727,1595, FAIL  src/components/CallView/shared/VideoVue.spec.js > VideoVue.vue > connection state feedback > participant just created,acceptable,2026-09-21T18:25:55.660555+00:00,b3a0977eb71b4f37,2,
spreed,1756481443_fb3136a115bc6fa030f32eb24be478210a6d8c64,vitest,1,728,1615, FAIL  src/components/CallView/shared/VideoVue.spec.js > VideoVue.vue > connection state feedback > original connection > peer just set,acceptable,2026-09-21T18:25:55.666266+00:00,bddb0d68469fcc56,2,aebaf5f01b53
spreed,1756481443_fb3136a115bc6fa030f32eb24be478210a6d8c64,vitest,1,729,1635, FAIL  src/components/CallView/shared/VideoVue.spec.js > VideoVue.vue > connection state feedback > original connection > sending offer,acceptable,2026-09-21T18:25:55.670164+00:00,df46e331161cd33b,2,aebaf5f01b53
spreed,1756481443_fb3136a115bc6fa030f32eb24be478210a6d8c64,vitest,1,730,1655, FAIL  src/components/CallView/shared/VideoVue.spec.js > VideoVue.vue > connection state feedback > original connection > receiving offer,acceptable,2026-09-21T18:25:55.678093+00:00,95b43103e31f767f,2,aebaf5f01b53
spreed,1756481443_fb3136a115bc6fa030f32eb24be478210a6d8c64,vitest,1,731,1675, FAIL  src/components/CallView/shared/VideoVue.spec.js > VideoVue.vue > connection state feedback > original connection > negotiation finished,acceptable,2026-09-21T18:25:55.684613+00:00,46657620f93453ce,2,aebaf5f01b53
spreed,1756481443_fb3136a115bc6fa030f32eb24be478210a6d8c64,vitest,1,732,1695, FAIL  src/components/CallView/shared/VideoVue.spec.js > VideoVue.vue > connection state feedback > original connection > establishing connection,acceptable,2026-09-21T18:25:55.691165+00:00,50831e87769f5227,2,aebaf5f01b53
spreed,1756481443_fb3136a115bc6fa030f32eb24be478210a6d8c64,vitest,1,733,1715, FAIL  src/components/CallView/shared/VideoVue.spec.js > VideoVue.vue > connection state feedback > original connection > disconnected,acceptable,2026-09-21T18:25:55.697663+00:00,bc30c8dcd0a2f30e,2,aebaf5f01b53
spreed,1756481443_fb3136a115bc6fa030f32eb24be478210a6d8c64,vitest,1,734,1735, FAIL  src/components/CallView/shared/VideoVue.spec.js > VideoVue.vue > connection state feedback > original connection > disconnected without ever connecting,acceptable,2026-09-21T18:25:55.704217+00:00,5a664cda48b3f289,2,aebaf5f01b53
spreed,1756481443_fb3136a115bc6fa030f32eb24be478210a6d8c64,vitest,1,735,1755, FAIL  src/components/CallView/shared/VideoVue.spec.js > VideoVue.vue > connection state feedback > original connection > disconnected long,acceptable,2026-09-21T18:25:55.710735+00:00,63b58915755f2e4c,2,aebaf5f01b53
spreed,1756481443_fb3136a115bc6fa030f32eb24be478210a6d8c64,vitest,1,736,1775, FAIL  src/components/CallView/shared/VideoVue.spec.js > VideoVue.vue > connection state feedback > original connection > disconnected long without ever connecting,acceptable,2026-09-21T18:25:55.714511+00:00,c7cfc29a07d03df0,2,aebaf5f01b53
spreed,1756481443_fb3136a115bc6fa030f32eb24be478210a6d8c64,vitest,1,737,1795, FAIL  src/components/CallView/shared/VideoVue.spec.js > VideoVue.vue > connection state feedback > original connection > failed,acceptable,2026-09-21T18:25:55.718328+00:00,6f24f21077b77570,2,aebaf5f01b53
spreed,1756481443_fb3136a115bc6fa030f32eb24be478210a6d8c64,vitest,1,738,1815, FAIL  src/components/CallView/shared/VideoVue.spec.js > VideoVue.vue > connection state feedback > original connection > failed without ever connecting,acceptable,2026-09-21T18:25:55.722160+00:00,3c401a1770c2a048,2,aebaf5f01b53
spreed,1756481443_fb3136a115bc6fa030f32eb24be478210a6d8c64,vitest,1,739,1835, FAIL  src/components/CallView/shared/VideoVue.spec.js > VideoVue.vue > connection state feedback > renegotiation > started before disconnected,acceptable,2026-09-21T18:25:55.725921+00:00,5e6662006ed7b3be,2,aebaf5f01b53
spreed,1756481443_fb3136a115bc6fa030f32eb24be478210a6d8c64,vitest,1,740,1855, FAIL  src/components/CallView/shared/VideoVue.spec.js > VideoVue.vue > connection state feedback > renegotiation > started before disconnected and then finished,acceptable,2026-09-21T18:25:55.729759+00:00,6f51e5f468f7d841,2,aebaf5f01b53
spreed,1756481443_fb3136a115bc6fa030f32eb24be478210a6d8c64,vitest,1,741,1875, FAIL  src/components/CallView/shared/VideoVue.spec.js > VideoVue.vue > connection state feedback > renegotiation > started after disconnected,acceptable,2026-09-21T18:25:55.733581+00:00,5c0c0d91d5928488,2,aebaf5f01b53
spreed,1756481443_fb3136a115bc6fa030f32eb24be478210a6d8c64,vitest,1,742,1895, FAIL  src/components/CallView/shared/VideoVue.spec.js > VideoVue.vue > connection state feedback > renegotiation > started after disconnected and then finished,acceptable,2026-09-21T18:25:55.737396+00:00,ff3cd18b21bfd68c,2,aebaf5f01b53
spreed,1756481443_fb3136a115bc6fa030f32eb24be478210a6d8c64,vitest,1,743,1915, FAIL  src/components/CallView/shared/VideoVue.spec.js > VideoVue.vue > connection state feedback > reconnection after no original connection > peer just set,acceptable,2026-09-21T18:25:55.741245+00:00,26b96eb8a2267885,2,aebaf5f01b53
spreed,1756481443_fb3136a115bc6fa030f32eb24be478210a6d8c64,vitest,1,744,1935, FAIL  src/components/CallView/shared/VideoVue.spec.js > VideoVue.vue > connection state feedback > reconnection after no original connection > sending offer,acceptable,2026-09-21T18:25:55.745156+00:00,7bc4310aedb4a4f9,2,aebaf5f01b53
spreed,1756481443_fb3136a115bc6fa030f32eb24be478210a6d8c64,vitest,1,745,1955, FAIL  src/components/CallView/shared/VideoVue.spec.js > VideoVue.vue > connection state feedback > reconnection after no original connection > receiving offer,acceptable,2026-09-21T18:25:55.748958+00:00,72af16e7a0bac7e8,2,aebaf5f01b53
spreed,1756481443_fb3136a115bc6fa030f32eb24be478210a6d8c64,vitest,1,746,1975, FAIL  src/components/CallView/shared/VideoVue.spec.js > VideoVue.vue > connection state feedback > reconnection after no original connection > negotiation finished,acceptable,2026-09-21T18:25:55.752741+00:00,b88d033fdcb4463d,2,aebaf5f01b53
spreed,1756481443_fb3136a115bc6fa030f32eb24be478210a6d8c64,vitest,1,747,1995, FAIL  src/components/CallView/shared/VideoVue.spec.js > VideoVue.vue > connection state feedback > reconnection after no original connection > establishing connection,acceptable,2026-09-21T18:25:55.756581+00:00,3cb343186ed543f1,2,aebaf5f01b53
spreed,1756481443_fb3136a115bc6fa030f32eb24be478210a6d8c64,vitest,1,748,2015, FAIL  src/components/CallView/shared/VideoVue.spec.js > VideoVue.vue > connection state feedback > reconnection after no original connection > disconnected,acceptable,2026-09-21T18:25:55.760432+00:00,708851b52dc40129,2,aebaf5f01b53
spreed,1756481443_fb3136a115bc6fa030f32eb24be478210a6d8c64,vitest,1,749,2035, FAIL  src/components/CallView/shared/VideoVue.spec.js > VideoVue.vue > connection state feedback > reconnection after no original connection > disconnected without ever connecting,acceptable,2026-09-21T18:25:55.764303+00:00,a184c3ce543602a5,2,aebaf5f01b53
spreed,1756481443_fb3136a115bc6fa030f32eb24be478210a6d8c64,vitest,1,750,2055, FAIL  src/components/CallView/shared/VideoVue.spec.js > VideoVue.vue > connection state feedback > reconnection after no original connection > disconnected long,acceptable,2026-09-21T18:25:55.768172+00:00,856a149784d6230a,2,aebaf5f01b53
spreed,1756481443_fb3136a115bc6fa030f32eb24be478210a6d8c64,vitest,1,751,2075, FAIL  src/components/CallView/shared/VideoVue.spec.js > VideoVue.vue > connection state feedback > reconnection after no original connection > disconnected long without ever connecting,acceptable,2026-09-21T18:25:55.772005+00:00,1d6c1ccab2178580,2,aebaf5f01b53
spreed,1756481443_fb3136a115bc6fa030f32eb24be478210a6d8c64,vitest,1,752,2095, FAIL  src/components/CallView/shared/VideoVue.spec.js > VideoVue.vue > connection state feedback > reconnection after no original connection > failed,acceptable,2026-09-21T18:25:55.775817+00:00,0811a71262ec677d,2,aebaf5f01b53
spreed,1756481443_fb3136a115bc6fa030f32eb24be478210a6d8c64,vitest,1,753,2115, FAIL  src/components/CallView/shared/VideoVue.spec.js > VideoVue.vue > connection state feedback > reconnection after no original connection > failed without ever connecting,acceptable,2026-09-21T18:25:55.779671+00:00,ed7a2c03658be5b7,2,aebaf5f01b53
spreed,1756481443_fb3136a115bc6fa030f32eb24be478210a6d8c64,vitest,1,754,2135, FAIL  src/components/CallView/shared/VideoVue.spec.js > VideoVue.vue > connection state feedback > reconnection > without having been connected > peer just set,acceptable,2026-09-21T18:25:55.783510+00:00,59e19917600c8517,2,aebaf5f01b53
spreed,1756481443_fb3136a115bc6fa030f32eb24be478210a6d8c64,vitest,1,755,2155, FAIL  src/components/CallView/shared/VideoVue.spec.js > VideoVue.vue > connection state feedback > reconnection > without having been connected > sending offer,acceptable,2026-09-21T18:25:55.787405+00:00,209a6feac02f710f,2,aebaf5f01b53
spreed,1756481443_fb3136a115bc6fa030f32eb24be478210a6d8c64,vitest,1,756,2175, FAIL  src/components/CallView/shared/VideoVue.spec.js > VideoVue.vue > connection state feedback > reconnection > without having been connected > receiving offer,acceptable,2026-09-21T18:25:55.791259+00:00,71c95a405d4569cf,2,aebaf5f01b53
spreed,1756481443_fb3136a115bc6fa030f32eb24be478210a6d8c64,vitest,1,757,2195, FAIL  src/components/CallView/shared/VideoVue.spec.js > VideoVue.vue > connection state feedback > reconnection > without having been connected > negotiation finished,acceptable,2026-09-21T18:25:55.795115+00:00,b701e97cb4db7fce,2,aebaf5f01b53
spreed,1756481443_fb3136a115bc6fa030f32eb24be478210a6d8c64,vitest,1,758,2215, FAIL  src/components/CallView/shared/VideoVue.spec.js > VideoVue.vue > connection state feedback > reconnection > without having been connected > establishing connection,acceptable,2026-09-21T18:25:55.798967+00:00,4de55c2dc8aca622,2,aebaf5f01b53
spreed,1756481443_fb3136a115bc6fa030f32eb24be478210a6d8c64,vitest,1,759,2235, FAIL  src/components/CallView/shared/VideoVue.spec.js > VideoVue.vue > connection state feedback > reconnection > without having been connected > disconnected,acceptable,2026-09-21T18:25:55.802876+00:00,6c847620ee8106b0,2,aebaf5f01b53
spreed,1756481443_fb3136a115bc6fa030f32eb24be478210a6d8c64,vitest,1,760,2255, FAIL  src/components/CallView/shared/VideoVue.spec.js > VideoVue.vue > connection state feedback > reconnection > without having been connected > disconnected without ever connecting,acceptable,2026-09-21T18:25:55.806734+00:00,0225bd439f7cfc01,2,aebaf5f01b53
spreed,1756481443_fb3136a115bc6fa030f32eb24be478210a6d8c64,vitest,1,761,2275, FAIL  src/components/CallView/shared/VideoVue.spec.js > VideoVue.vue > connection state feedback > reconnection > without having been connected > disconnected long,acceptable,2026-09-21T18:25:55.810654+00:00,0517cb232c1ba414,2,aebaf5f01b53
spreed,1756481443_fb3136a115bc6fa030f32eb24be478210a6d8c64,vitest,1,762,2295, FAIL  src/components/CallView/shared/VideoVue.spec.js > VideoVue.vue > connection state feedback > reconnection > without having been connected > disconnected long without ever connecting,acceptable,2026-09-21T18:25:55.814588+00:00,f3c80ffc9e5e4881,2,aebaf5f01b53
spreed,1756481443_fb3136a115bc6fa030f32eb24be478210a6d8c64,vitest,1,763,2315, FAIL  src/components/CallView/shared/VideoVue.spec.js > VideoVue.vue > connection state feedback > reconnection > without having been connected > failed,acceptable,2026-09-21T18:25:55.818500+00:00,f6288ba657dcdec0,2,aebaf5f01b53
spreed,1756481443_fb3136a115bc6fa030f32eb24be478210a6d8c64,vitest,1,764,2335, FAIL  src/components/CallView/shared/VideoVue.spec.js > VideoVue.vue > connection state feedback > reconnection > without having been connected > failed without ever connecting,acceptable,2026-09-21T18:25:55.822406+00:00,3608149aa89a66e0,2,aebaf5f01b53
spreed,1756481443_fb3136a115bc6fa030f32eb24be478210a6d8c64,vitest,1,765,2355, FAIL  src/components/CallView/shared/VideoVue.spec.js > VideoVue.vue > connection state feedback > reconnection > after having been connected > without HPB > ICE restarted after disconnected long (no HPB),acceptable,2026-09-21T18:25:55.826311+00:00,97a75945e320d1be,2,aebaf5f01b53
spreed,1756481443_fb3136a115bc6fa030f32eb24be478210a6d8c64,vitest,1,766,2375, FAIL  src/components/CallView/shared/VideoVue.spec.js > VideoVue.vue > connection state feedback > reconnection > after having been connected > without HPB > ICE restarted after failed (no HPB),acceptable,2026-09-21T18:25:55.830216+00:00,17eb988d156be696,2,aebaf5f01b53
spreed,1756481443_fb3136a115bc6fa030f32eb24be478210a6d8c64,vitest,1,767,2395, FAIL  src/components/CallView/shared/VideoVue.spec.js > VideoVue.vue > connection state feedback > reconnection > after having been connected > without HPB > negotiation finished,acceptable,2026-09-21T18:25:55.834160+00:00,ac63d120fa918429,2,aebaf5f01b53
spreed,1756481443_fb3136a115bc6fa030f32eb24be478210a6d8c64,vitest,1,768,2415, FAIL  src/components/CallView/shared/VideoVue.spec.js > VideoVue.vue > connection state feedback > reconnection > after having been connected > without HPB > establishing connection,acceptable,2026-09-21T18:25:55.838115+00:00,4306baa6946be6b2,2,aebaf5f01b53
spreed,1756481443_fb3136a115bc6fa030f32eb24be478210a6d8c64,vitest,1,769,2435, FAIL  src/components/CallView/shared/VideoVue.spec.js > VideoVue.vue > connection state feedback > reconnection > after having been connected > without HPB > disconnected,acceptable,2026-09-21T18:25:55.842036+00:00,3d110ecacfd7d422,2,aebaf5f01b53
spreed,1756481443_fb3136a115bc6fa030f32eb24be478210a6d8c64,vitest,1,770,2455, FAIL  src/components/CallView/shared/VideoVue.spec.js > VideoVue.vue > connection state feedback > reconnection > after having been connected > without HPB > disconnected without connecting the second time,acceptable,2026-09-21T18:25:55.846057+00:00,479de07ec124a3b8,2,aebaf5f01b53
spreed,1756481443_fb3136a115bc6fa030f32eb24be478210a6d8c64,vitest,1,771,2475, FAIL  src/components/CallView/shared/VideoVue.spec.js > VideoVue.vue > connection state feedback > reconnection > after having been connected > without HPB > disconnected long,acceptable,2026-09-21T18:25:55.850065+00:00,a370afdd4838c3aa,2,aebaf5f01b53
spreed,1756481443_fb3136a115bc6fa030f32eb24be478210a6d8c64,vitest,1,772,2495, FAIL  src/components/CallView/shared/VideoVue.spec.js > VideoVue.vue > connection state feedback > reconnection > after having been connected > without HPB > disconnected long without connecting the second time,acceptable,2026-09-21T18:25:55.854052+00:00,b09b12fcd93945d5,2,aebaf5f01b53
spreed,1756481443_fb3136a115bc6fa030f32eb24be478210a6d8c64,vitest,1,773,2515, FAIL  src/components/CallView/shared/VideoVue.spec.js > VideoVue.vue > connection state feedback > reconnection > after having been connected > without HPB > failed,acceptable,2026-09-21T18:25:55.857982+00:00,74640977ad7880e8,2,aebaf5f01b53
spreed,1756481443_fb3136a115bc6fa030f32eb24be478210a6d8c64,vitest,1,774,2535, FAIL  src/components/CallView/shared/VideoVue.spec.js > VideoVue.vue > connection state feedback > reconnection > after having been connected > without HPB > failed without connecting the second time,acceptable,2026-09-21T18:25:55.861960+00:00,204be68af35be032,2,aebaf5f01b53
spreed,1756481443_fb3136a115bc6fa030f32eb24be478210a6d8c64,vitest,1,775,2555, FAIL  src/components/CallView/shared/VideoVue.spec.js > VideoVue.vue > connection state feedback > reconnection > after having been connected > with HPB > requested renegotiation after connection failed,acceptable,2026-09-21T18:25:55.865934+00:00,0ec623648e31ceed,2,aebaf5f01b53
spreed,1756481443_fb3136a115bc6fa030f32eb24be478210a6d8c64,vitest,1,776,2575, FAIL  src/components/CallView/shared/VideoVue.spec.js > VideoVue.vue > connection state feedback > reconnection > after having been connected > with HPB > negotiation finished,acceptable,2026-09-21T18:25:55.869909+00:00,49700238b3e0d170,2,aebaf5f01b53
spreed,1756481443_fb3136a115bc6fa030f32eb24be478210a6d8c64,vitest,1,777,2595, FAIL  src/components/CallView/shared/VideoVue.spec.js > VideoVue.vue > connection state feedback > reconnection > after having been connected > with HPB > establishing connection,acceptable,2026-09-21T18:25:55.873852+00:00,c0d46edc6d233a40,2,aebaf5f01b53
spreed,1756481443_fb3136a115bc6fa030f32eb24be478210a6d8c64,vitest,1,778,2615, FAIL  src/components/CallView/shared/VideoVue.spec.js > VideoVue.vue > connection state feedback > reconnection > after having been connected > with HPB > disconnected,acceptable,2026-09-21T18:25:55.877815+00:00,9cad1a7e9974acae,2,aebaf5f01b53
spreed,1756481443_fb3136a115bc6fa030f32eb24be478210a6d8c64,vitest,1,779,2635, FAIL  src/components/CallView/shared/VideoVue.spec.js > VideoVue.vue > connection state feedback > reconnection > after having been connected > with HPB > disconnected without connecting the second time,acceptable,2026-09-21T18:25:55.881775+00:00,7adb1afd1b8a9ba7,2,aebaf5f01b53
spreed,1756481443_fb3136a115bc6fa030f32eb24be478210a6d8c64,vitest,1,780,2655, FAIL  src/components/CallView/shared/VideoVue.spec.js > VideoVue.vue > connection state feedback > reconnection > after having been connected > with HPB > failed,acceptable,2026-09-21T18:25:55.885780+00:00,0dc5b70888a9ed0d,2,aebaf5f01b53
spreed,1756481443_fb3136a115bc6fa030f32eb24be478210a6d8c64,vitest,1,781,2675, FAIL  src/components/CallView/shared/VideoVue.spec.js > VideoVue.vue > connection state feedback > reconnection > after having been connected > with HPB > failed without connecting the second time,acceptable,2026-09-21T18:25:55.889763+00:00,18cacf95fcf5d83b,2,aebaf5f01b53
spreed,1756481443_fb3136a115bc6fa030f32eb24be478210a6d8c64,vitest,1,782,2695, FAIL  src/components/LeftSidebar/ConversationsList/Conversation.spec.js > Conversation.vue > renders conversation entry,acceptable,2026-09-21T18:31:07.380125+00:00,3b55921931580569,1,
spreed,1756481443_fb3136a115bc6fa030f32eb24be478210a6d8c64,vitest,1,783,2716, FAIL  src/components/LeftSidebar/ConversationsList/Conversation.spec.js > Conversation.vue > displayed subname > display joining conversation message when not joined yet,reevaluated_acceptable,2026-09-21T18:31:07.386759+00:00,1afa2c3aac85e6bd,1,5f70de3a8a97
spreed,1756481443_fb3136a115bc6fa030f32eb24be478210a6d8c64,vitest,1,784,2730, FAIL  src/components/LeftSidebar/ConversationsList/Conversation.spec.js > Conversation.vue > displayed subname > displays nothing when there is no last chat message,reevaluated_acceptable,2026-09-21T18:31:07.392834+00:00,f2d71ab0e4044e66,1,5f70de3a8a97
spreed,1756481443_fb3136a115bc6fa030f32eb24be478210a6d8c64,vitest,1,785,2744, FAIL  src/components/LeftSidebar/ConversationsList/Conversation.spec.js > Conversation.vue > displayed subname > author name > displays last chat message with shortened author name,reevaluated_acceptable,2026-09-21T18:31:07.397386+00:00,179124916f963987,1,5f70de3a8a97
spreed,1756481443_fb3136a115bc6fa030f32eb24be478210a6d8c64,vitest,1,786,2758, FAIL  src/components/LeftSidebar/ConversationsList/Conversation.spec.js > Conversation.vue > displayed subname > author name > displays last chat message with author name if no space in name,reevaluated_acceptable,2026-09-21T18:31:07.401643+00:00,dcdd573f4f63d1d9,1,5f70de3a8a97
spreed,1756481443_fb3136a115bc6fa030f32eb24be478210a6d8c64,vitest,1,787,2772," FAIL  src/components/LeftSidebar/ConversationsList/Conversation.spec.js > Conversation.vue > displayed subname > author name > displays own last chat message with ""You"" as author",reevaluated_acceptable,2026-09-21T18:31:07.405827+00:00,c67843c22799ec42,1,5f70de3a8a97
spreed,1756481443_fb3136a115bc6fa030f32eb24be478210a6d8c64,vitest,1,788,2786, FAIL  src/components/LeftSidebar/ConversationsList/Conversation.spec.js > Conversation.vue > displayed subname > author name > displays last system message without author,reevaluated_acceptable,2026-09-21T18:31:07.409953+00:00,01a6216375bf6cd7,1,5f70de3a8a97
spreed,1756481443_fb3136a115bc6fa030f32eb24be478210a6d8c64,vitest,1,789,2800, FAIL  src/components/LeftSidebar/ConversationsList/Conversation.spec.js > Conversation.vue > displayed subname > author name > displays last message without author in one to one conversations,reevaluated_acceptable,2026-09-21T18:31:07.416257+00:00,9a6629b5f54d9efb,1,5f70de3a8a97
spreed,1756481443_fb3136a115bc6fa030f32eb24be478210a6d8c64,vitest,1,790,2814," FAIL  src/components/LeftSidebar/ConversationsList/Conversation.spec.js > Conversation.vue > displayed subname > author name > displays own last message with ""You"" author in one to one conversations",reevaluated_acceptable,2026-09-21T18:31:07.420594+00:00,a212c78e205ddb64,1,5f70de3a8a97
spreed,1756481443_fb3136a115bc6fa030f32eb24be478210a6d8c64,vitest,1,791,2828, FAIL  src/components/LeftSidebar/ConversationsList/Conversation.spec.js > Conversation.vue > displayed subname > author name > displays last guest message with default author when none set,reevaluated_acceptable,2026-09-21T18:31:07.425048+00:00,967b07aee4e0eba0,1,5f70de3a8a97
spreed,1756481443_fb3136a115bc6fa030f32eb24be478210a6d8c64,vitest,1,792,2842, FAIL  src/components/LeftSidebar/ConversationsList/Conversation.spec.js > Conversation.vue > displayed subname > author name > displays description for search results,reevaluated_acceptable,2026-09-21T18:31:07.430472+00:00,80ed14604ae39d43,1,5f70de3a8a97
spreed,1756481443_fb3136a115bc6fa030f32eb24be478210a6d8c64,vitest,1,793,2856, FAIL  src/components/LeftSidebar/ConversationsList/Conversation.spec.js > Conversation.vue > displayed subname > replaces placeholders in rich object of last message,reevaluated_acceptable,2026-09-21T18:31:07.438115+00:00,af7d2bc3b4d82d8b,1,5f70de3a8a97
spreed,1756481443_fb3136a115bc6fa030f32eb24be478210a6d8c64,vitest,1,794,2870, FAIL  src/components/LeftSidebar/ConversationsList/Conversation.spec.js > Conversation.vue > actions (real router) > change route on click event,acceptable,2026-09-21T18:31:27.101609+00:00,d300d05ff825ef1e,1,aebaf5f01b53
spreed,1756481443_fb3136a115bc6fa030f32eb24be478210a6d8c64,vitest,1,795,2889, FAIL  src/components/LeftSidebar/ConversationsList/Conversation.spec.js > Conversation.vue > actions (mock router) > leaving conversation > leaves conversation when confirmed,acceptable,2026-09-21T18:31:52.286802+00:00,f31ad6a80a07fda6,1,
spreed,1756481443_fb3136a115bc6fa030f32eb24be478210a6d8c64,vitest,1,796,2903," FAIL  src/components/LeftSidebar/ConversationsList/Conversation.spec.js > Conversation.vue > actions (mock router) > leaving conversation > hides ""leave conversation"" action when not allowed",acceptable,2026-09-21T18:31:52.296691+00:00,538a84db8e3b9351,1,f7018897147e
spreed,1756481443_fb3136a115bc6fa030f32eb24be478210a6d8c64,vitest,1,797,2917, FAIL  src/components/LeftSidebar/ConversationsList/Conversation.spec.js > Conversation.vue > actions (mock router) > leaving conversation > errors with notification when a new moderator is required before leaving,acceptable,2026-09-21T18:31:52.304302+00:00,318b9d9471f0b815,1,f7018897147e
spreed,1756481443_fb3136a115bc6fa030f32eb24be478210a6d8c64,vitest,1,798,2931, FAIL  src/components/LeftSidebar/ConversationsList/Conversation.spec.js > Conversation.vue > actions (mock router) > leaving conversation > does not leave conversation when not confirmed,acceptable,2026-09-21T18:31:52.311722+00:00,8af2c689103eb241,1,f7018897147e
spreed,1756481443_fb3136a115bc6fa030f32eb24be478210a6d8c64,vitest,1,799,2945, FAIL  src/components/LeftSidebar/ConversationsList/Conversation.spec.js > Conversation.vue > actions (mock router) > leaving conversation > archives conversation when selected,acceptable,2026-09-21T18:31:52.319244+00:00,aa4a75f4daeb2113,1,f7018897147e
spreed,1756481443_fb3136a115bc6fa030f32eb24be478210a6d8c64,vitest,1,800,2959, FAIL  src/components/LeftSidebar/ConversationsList/Conversation.spec.js > Conversation.vue > actions (mock router) > deleting conversation > deletes conversation when confirmed,acceptable,2026-09-21T18:31:52.326748+00:00,18d5e9d6a8cc466c,1,f7018897147e
spreed,1756481443_fb3136a115bc6fa030f32eb24be478210a6d8c64,vitest,1,801,2973, FAIL  src/components/LeftSidebar/ConversationsList/Conversation.spec.js > Conversation.vue > actions (mock router) > deleting conversation > does not delete conversation when not confirmed,acceptable,2026-09-21T18:31:52.334131+00:00,b2b19de288dbb3e9,1,f7018897147e
spreed,1756481443_fb3136a115bc6fa030f32eb24be478210a6d8c64,vitest,1,802,2987," FAIL  src/components/LeftSidebar/ConversationsList/Conversation.spec.js > Conversation.vue > actions (mock router) > deleting conversation > hides ""delete conversation"" action when not allowed",acceptable,2026-09-21T18:31:52.338662+00:00,2075c5c9d1ef65ba,1,f7018897147e
spreed,1756481443_fb3136a115bc6fa030f32eb24be478210a6d8c64,vitest,1,803,3001, FAIL  src/components/LeftSidebar/ConversationsList/Conversation.spec.js > Conversation.vue > actions (mock router) > copies link conversation,acceptable,2026-09-21T18:31:52.342892+00:00,bb95622055bbd68b,1,f7018897147e
spreed,1756481443_fb3136a115bc6fa030f32eb24be478210a6d8c64,vitest,1,804,3014, FAIL  src/components/LeftSidebar/ConversationsList/Conversation.spec.js > Conversation.vue > actions (mock router) > sets favorite,acceptable,2026-09-21T18:31:52.347067+00:00,b639f5896e5c358d,1,f7018897147e
spreed,1756481443_fb3136a115bc6fa030f32eb24be478210a6d8c64,vitest,1,805,3027, FAIL  src/components/LeftSidebar/ConversationsList/Conversation.spec.js > Conversation.vue > actions (mock router) > unsets favorite,acceptable,2026-09-21T18:31:52.351238+00:00,60e7d3384ee5847a,1,f7018897147e
spreed,1756481443_fb3136a115bc6fa030f32eb24be478210a6d8c64,vitest,1,806,3040, FAIL  src/components/LeftSidebar/ConversationsList/Conversation.spec.js > Conversation.vue > actions (mock router) > marks conversation as unread,acceptable,2026-09-21T18:31:52.355431+00:00,94eab4dd2ccd1a94,1,f7018897147e
spreed,1756481443_fb3136a115bc6fa030f32eb24be478210a6d8c64,vitest,1,807,3054, FAIL  src/components/LeftSidebar/ConversationsList/Conversation.spec.js > Conversation.vue > actions (mock router) > marks conversation as read,acceptable,2026-09-21T18:31:52.359662+00:00,24a046df3ce57f44,1,f7018897147e
spreed,1756481443_fb3136a115bc6fa030f32eb24be478210a6d8c64,vitest,1,808,3068, FAIL  src/components/LeftSidebar/ConversationsList/Conversation.spec.js > Conversation.vue > actions (mock router) > does not show all actions for search result (open conversations),acceptable,2026-09-21T18:32:03.851521+00:00,7bc168ee3674352d,1,f7018897147e
spreed,1756481443_fb3136a115bc6fa030f32eb24be478210a6d8c64,vitest,1,809,3080, FAIL  src/components/RightSidebar/Participants/Participant.spec.js > Participant.vue > avatar > renders avatar,reevaluated_acceptable,2026-09-21T18:32:03.856153+00:00,d1ff69d413bf9bca,2,eb9fb225ada2
spreed,1756481443_fb3136a115bc6fa030f32eb24be478210a6d8c64,vitest,1,810,3102, FAIL  src/components/RightSidebar/Participants/Participant.spec.js > Participant.vue > avatar > renders avatar with enabled status,acceptable,2026-09-21T18:32:03.861525+00:00,4da15fbf27b4bba7,2,aebaf5f01b53
spreed,1756481443_fb3136a115bc6fa030f32eb24be478210a6d8c64,vitest,1,811,3121, FAIL  src/components/RightSidebar/Participants/Participant.spec.js > Participant.vue > avatar > renders avatar with guest name when empty,acceptable,2026-09-21T18:32:03.865817+00:00,31945acd06a2ac92,2,aebaf5f01b53
spreed,1756481443_fb3136a115bc6fa030f32eb24be478210a6d8c64,vitest,1,812,3140, FAIL  src/components/RightSidebar/Participants/Participant.spec.js > Participant.vue > avatar > renders avatar with unknown name when empty,acceptable,2026-09-21T18:32:03.870127+00:00,4342bf46b7c5018c,2,aebaf5f01b53
spreed,1756481443_fb3136a115bc6fa030f32eb24be478210a6d8c64,vitest,1,813,3159, FAIL  src/components/RightSidebar/Participants/Participant.spec.js > Participant.vue > avatar > renders offline avatar when no sessions exist,acceptable,2026-09-21T18:32:03.874367+00:00,385ecb256adbb167,2,aebaf5f01b53
spreed,1756481443_fb3136a115bc6fa030f32eb24be478210a6d8c64,vitest,1,814,3178, FAIL  src/components/RightSidebar/Participants/Participant.spec.js > Participant.vue > user name > renders name and badges for participant 'Alice' - 'alice' - 'users' - '3',acceptable,2026-09-21T18:32:03.878613+00:00,6985318b7b7731d8,2,d90c266c761e
spreed,1756481443_fb3136a115bc6fa030f32eb24be478210a6d8c64,vitest,1,815,3184, FAIL  src/components/RightSidebar/Participants/Participant.spec.js > Participant.vue > user name > renders name and badges for participant 'Bot' - 'bridge-bot' - 'users' - '3',acceptable,2026-09-21T18:32:03.882773+00:00,989f7bf51fa1d71a,2,d90c266c761e
spreed,1756481443_fb3136a115bc6fa030f32eb24be478210a6d8c64,vitest,1,816,3204, FAIL  src/components/RightSidebar/Participants/Participant.spec.js > Participant.vue > user name > renders name and badges for participant 'Alice' - 'alice' - 'users' - '3' with lobby enabled,acceptable,2026-09-21T18:32:03.886942+00:00,75c027882dff6aee,2,d90c266c761e
spreed,1756481443_fb3136a115bc6fa030f32eb24be478210a6d8c64,vitest,1,817,3229, FAIL  src/components/RightSidebar/Participants/Participant.spec.js > Participant.vue > user status > renders email as status for email guest,acceptable,2026-09-21T18:32:03.890987+00:00,df66772826531127,2,d90c266c761e
spreed,1756481443_fb3136a115bc6fa030f32eb24be478210a6d8c64,vitest,1,818,3249, FAIL  src/components/RightSidebar/Participants/Participant.spec.js > Participant.vue > call icons > renders video call icon,acceptable,2026-09-21T18:32:03.895053+00:00,aa3476f7b0c2b085,2,d90c266c761e
spreed,1756481443_fb3136a115bc6fa030f32eb24be478210a6d8c64,vitest,1,819,3269, FAIL  src/components/RightSidebar/Participants/Participant.spec.js > Participant.vue > call icons > renders audio call icon,acceptable,2026-09-21T18:32:03.899108+00:00,1c6c286108e3d200,2,d90c266c761e
spreed,1756481443_fb3136a115bc6fa030f32eb24be478210a6d8c64,vitest,1,820,3289, FAIL  src/components/RightSidebar/Participants/Participant.spec.js > Participant.vue > call icons > renders phone call icon,acceptable,2026-09-21T18:32:03.903193+00:00,0ba25caa9aa15211,2,d90c266c761e
spreed,1756481443_fb3136a115bc6fa030f32eb24be478210a6d8c64,vitest,1,821,3309, FAIL  src/components/RightSidebar/Participants/Participant.spec.js > Participant.vue > call icons > renders hand raised icon,acceptable,2026-09-21T18:32:03.907268+00:00,a655ec20ff15be97,2,d90c266c761e
spreed,1756481443_fb3136a115bc6fa030f32eb24be478210a6d8c64,vitest,1,822,3329, FAIL  src/components/RightSidebar/Participants/Participant.spec.js > Participant.vue > call icons > renders video call icon when joined with multiple,acceptable,2026-09-21T18:32:03.911383+00:00,f24ba1363d8d089e,2,d90c266c761e
spreed,1756481443_fb3136a115bc6fa030f32eb24be478210a6d8c64,vitest,1,823,3349, FAIL  src/components/RightSidebar/Participants/Participant.spec.js > Participant.vue > actions > demoting participant > allows a moderator to demote a moderator,acceptable,2026-09-21T18:32:03.915708+00:00,f5e588def248f669,2,aebaf5f01b53
spreed,1756481443_fb3136a115bc6fa030f32eb24be478210a6d8c64,vitest,1,824,3369, FAIL  src/components/RightSidebar/Participants/Participant.spec.js > Participant.vue > actions > demoting participant > allows a moderator to demote a guest moderator,acceptable,2026-09-21T18:32:03.919904+00:00,b694e4c27db8fa9e,2,aebaf5f01b53
spreed,1756481443_fb3136a115bc6fa030f32eb24be478210a6d8c64,vitest,1,825,3389, FAIL  src/components/RightSidebar/Participants/Participant.spec.js > Participant.vue > actions > demoting participant > allows a guest moderator to demote a moderator,acceptable,2026-09-21T18:32:03.924067+00:00,3b2e95166c338c56,2,aebaf5f01b53
spreed,1756481443_fb3136a115bc6fa030f32eb24be478210a6d8c64,vitest,1,826,3409, FAIL  src/components/RightSidebar/Participants/Participant.spec.js > Participant.vue > actions > demoting participant > allows a guest moderator to demote a guest moderator,acceptable,2026-09-21T18:32:03.928228+00:00,e1d9b2e2547ae223,2,aebaf5f01b53
spreed,1756481443_fb3136a115bc6fa030f32eb24be478210a6d8c64,vitest,1,827,3429, FAIL  src/components/RightSidebar/Participants/Participant.spec.js > Participant.vue > actions > promoting participant > allows a moderator to promote a user to moderator,acceptable,2026-09-21T18:32:03.932446+00:00,b9986f256305a0e1,2,aebaf5f01b53
spreed,1756481443_fb3136a115bc6fa030f32eb24be478210a6d8c64,vitest,1,828,3449, FAIL  src/components/RightSidebar/Participants/Participant.spec.js > Participant.vue > actions > promoting participant > allows a moderator to promote a self-joined user to moderator,acceptable,2026-09-21T18:32:03.936648+00:00,0035ee6c59376ef0,2,aebaf5f01b53
spreed,1756481443_fb3136a115bc6fa030f32eb24be478210a6d8c64,vitest,1,829,3469, FAIL  src/components/RightSidebar/Participants/Participant.spec.js > Participant.vue > actions > promoting participant > allows a moderator to promote a guest to moderator,acceptable,2026-09-21T18:32:03.940829+00:00,07109270bf4a4261,2,aebaf5f01b53
spreed,1756481443_fb3136a115bc6fa030f32eb24be478210a6d8c64,vitest,1,830,3489, FAIL  src/components/RightSidebar/Participants/Participant.spec.js > Participant.vue > actions > promoting participant > allows a guest moderator to promote a user to moderator,acceptable,2026-09-21T18:32:03.945072+00:00,209379f3a04a3669,2,aebaf5f01b53
spreed,1756481443_fb3136a115bc6fa030f32eb24be478210a6d8c64,vitest,1,831,3509, FAIL  src/components/RightSidebar/Participants/Participant.spec.js > Participant.vue > actions > promoting participant > allows a guest moderator to promote a guest to moderator,acceptable,2026-09-21T18:32:03.949258+00:00,ae6273a91e90cdef,2,aebaf5f01b53
spreed,1756481443_fb3136a115bc6fa030f32eb24be478210a6d8c64,vitest,1,832,3529, FAIL  src/components/RightSidebar/Participants/Participant.spec.js > Participant.vue > actions > resending invitations > allows moderators to resend invitations for email participants,acceptable,2026-09-21T18:32:03.953487+00:00,ce144b573914b4c6,2,aebaf5f01b53
spreed,1756481443_fb3136a115bc6fa030f32eb24be478210a6d8c64,vitest,1,833,3548, FAIL  src/components/RightSidebar/Participants/Participant.spec.js > Participant.vue > actions > removing participant > allows a moderator to remove a moderator,acceptable,2026-09-21T18:32:03.957713+00:00,29ec87694696095a,2,aebaf5f01b53
spreed,1756481443_fb3136a115bc6fa030f32eb24be478210a6d8c64,vitest,1,834,3568, FAIL  src/components/RightSidebar/Participants/Participant.spec.js > Participant.vue > actions > removing participant > allows a moderator to remove a guest moderator,acceptable,2026-09-21T18:32:03.961896+00:00,ea4459548f2c9f45,2,aebaf5f01b53
spreed,1756481443_fb3136a115bc6fa030f32eb24be478210a6d8c64,vitest,1,835,3588, FAIL  src/components/RightSidebar/Participants/Participant.spec.js > Participant.vue > actions > removing participant > allows a guest moderator to remove a moderator,acceptable,2026-09-21T18:32:03.966086+00:00,efdefbf4c51bc242,2,aebaf5f01b53
spreed,1756481443_fb3136a115bc6fa030f32eb24be478210a6d8c64,vitest,1,836,3608, FAIL  src/components/RightSidebar/Participants/Participant.spec.js > Participant.vue > actions > removing participant > allows a guest moderator to remove a guest moderator,acceptable,2026-09-21T18:32:03.970285+00:00,5c384a4b248ebe10,2,aebaf5f01b53
spreed,1756481443_fb3136a115bc6fa030f32eb24be478210a6d8c64,vitest,1,837,3628, FAIL  src/components/RightSidebar/Participants/Participant.spec.js > Participant.vue > actions > removing participant > allows a moderator to remove groups,acceptable,2026-09-21T18:32:03.974516+00:00,3b848c9ff9d00653,2,aebaf5f01b53
spreed,1756481443_fb3136a115bc6fa030f32eb24be478210a6d8c64,vitest,1,838,3648, FAIL  src/components/RightSidebar/Participants/Participant.spec.js > Participant.vue > actions > removing participant > allows a moderator to ban a user,acceptable,2026-09-21T18:32:03.978745+00:00,743b2faf708b3a53,2,aebaf5f01b53
spreed,1756481443_fb3136a115bc6fa030f32eb24be478210a6d8c64,vitest,1,839,3668, FAIL  src/components/RightSidebar/Participants/Participant.spec.js > Participant.vue > actions > removing participant > doesn not allow a moderator to ban a federated user,acceptable,2026-09-21T18:32:03.982986+00:00,29cb0f6dc1674dff,2,aebaf5f01b53
spreed,1756481443_fb3136a115bc6fa030f32eb24be478210a6d8c64,vitest,1,840,3688, FAIL  src/components/RightSidebar/Participants/Participant.spec.js > Participant.vue > actions > removing participant > allows a moderator to ban a guest,acceptable,2026-09-21T18:32:03.987208+00:00,5a42c20152ad7a40,2,aebaf5f01b53
spreed,1756481443_fb3136a115bc6fa030f32eb24be478210a6d8c64,vitest,1,841,3708, FAIL  src/components/RightSidebar/Participants/Participant.spec.js > Participant.vue > actions > removing participant > does not allow a moderator to ban a moderator,acceptable,2026-09-21T18:32:03.991428+00:00,40e93a3f00ce1ea8,2,aebaf5f01b53
spreed,1756481443_fb3136a115bc6fa030f32eb24be478210a6d8c64,vitest,1,842,3728, FAIL  src/components/RightSidebar/Participants/Participant.spec.js > Participant.vue > actions > removing participant > does not allow a moderator to ban a group,acceptable,2026-09-21T18:32:03.995646+00:00,2bd586ac0cdccf34,2,aebaf5f01b53
spreed,1756481443_fb3136a115bc6fa030f32eb24be478210a6d8c64,vitest,1,843,3748, FAIL  src/components/RightSidebar/Participants/Participant.spec.js > Participant.vue > actions > dial-in PIN > allows moderators to see dial-in PIN when available,acceptable,2026-09-21T18:32:03.999936+00:00,73ec400cd4256343,2,f7018897147e
spreed,1756481443_fb3136a115bc6fa030f32eb24be478210a6d8c64,vitest,1,844,3761, FAIL  src/components/RightSidebar/Participants/Participant.spec.js > Participant.vue > actions > dial-in PIN > allows guest moderators to see dial-in PIN when available,acceptable,2026-09-21T18:32:04.004216+00:00,d75a8ec357b80ed1,2,f7018897147e
spreed,1756481443_fb3136a115bc6fa030f32eb24be478210a6d8c64,vitest,1,845,3774, FAIL  src/components/RightSidebar/Participants/Participant.spec.js > Participant.vue > actions > dial-in PIN > does not allow non-moderators to see dial-in PIN,acceptable,2026-09-21T18:32:04.008482+00:00,e1c1b4dc16a795f5,2,f7018897147e
spreed,1756481443_fb3136a115bc6fa030f32eb24be478210a6d8c64,vitest,1,846,3786, FAIL  src/components/RightSidebar/Participants/Participant.spec.js > Participant.vue > actions > dial-in PIN > does not show PIN field when not set,acceptable,2026-09-21T18:32:04.012818+00:00,3bafab360ad53de3,2,f7018897147e
spreed,1756481443_fb3136a115bc6fa030f32eb24be478210a6d8c64,vitest,1,847,3798, FAIL  src/components/MessagesList/MessagesGroup/Message/Message.spec.js > Message.vue > message rendering > renders rich text message,reevaluated_acceptable,2026-09-21T18:32:04.017093+00:00,24143c7932461d1b,1,eb9fb225ada2
spreed,1756481443_fb3136a115bc6fa030f32eb24be478210a6d8c64,vitest,1,848,3819, FAIL  src/components/MessagesList/MessagesGroup/Message/Message.spec.js > Message.vue > message rendering > renders emoji as single plain text,acceptable,2026-09-21T18:32:11.002701+00:00,b034098b0a87bf5a,1,
spreed,1756481443_fb3136a115bc6fa030f32eb24be478210a6d8c64,vitest,1,849,3839, FAIL  src/components/MessagesList/MessagesGroup/Message/MessageButtonsBar/MessageButtonsBar.spec.js > MessageButtonsBar.vue > actions > reply action > replies to message,reevaluated_acceptable,2026-09-21T18:32:11.010058+00:00,663831f9e9bf119a,1,eb9fb225ada2
spreed,1756481443_fb3136a115bc6fa030f32eb24be478210a6d8c64,vitest,1,850,3860, FAIL  src/components/MessagesList/MessagesGroup/Message/MessageButtonsBar/MessageButtonsBar.spec.js > MessageButtonsBar.vue > actions > reply action > hides reply button when not replyable,acceptable,2026-09-21T18:32:20.581375+00:00,6d3aebeffe952a22,1,
spreed,1756481443_fb3136a115bc6fa030f32eb24be478210a6d8c64,vitest,1,851,3866, FAIL  src/components/MessagesList/MessagesGroup/Message/MessageButtonsBar/MessageButtonsBar.spec.js > MessageButtonsBar.vue > actions > private reply action > hides private reply action when current user is a guest,acceptable,2026-09-21T18:32:36.876943+00:00,500d0473ebe70f61,1,5da126a75688
spreed,1756481443_fb3136a115bc6fa030f32eb24be478210a6d8c64,vitest,1,852,3872, FAIL  src/components/MessagesList/MessagesGroup/Message/MessageButtonsBar/MessageButtonsBar.spec.js > MessageButtonsBar.vue > actions > renders clickable custom actions,acceptable,2026-09-21T18:32:36.888384+00:00,ec2f252560503505,1,5da126a75688
spreed,1756481443_fb3136a115bc6fa030f32eb24be478210a6d8c64,vitest,1,853,3893, FAIL  src/components/MessagesList/MessagesGroup/Message/MessagePart/FilePreview.spec.js > FilePreview.vue > file preview rendering > renders small previews when requested,acceptable,2026-09-21T18:32:36.901319+00:00,f903f024d221b6af,2,aebaf5f01b53
spreed,1756481443_fb3136a115bc6fa030f32eb24be478210a6d8c64,vitest,1,854,3909, FAIL  src/components/MessagesList/MessagesGroup/Message/MessagePart/FilePreview.spec.js > FilePreview.vue > file preview rendering > renders spinner while loading,acceptable,2026-09-21T18:32:36.912465+00:00,74959ac619662148,2,aebaf5f01b53
spreed,1756481443_fb3136a115bc6fa030f32eb24be478210a6d8c64,vitest,1,855,3928, FAIL  src/components/MessagesList/MessagesGroup/Message/MessagePart/FilePreview.spec.js > FilePreview.vue > file preview rendering > triggering viewer > opens viewer when clicking if viewer available,acceptable,2026-09-21T18:33:05.743345+00:00,c526093f6c604cbf,2,35b39bfc9214
spreed,1756481443_fb3136a115bc6fa030f32eb24be478210a6d8c64,vitest,1,856,3943, FAIL  src/components/MessagesList/MessagesGroup/Message/MessagePart/FilePreview.spec.js > FilePreview.vue > in upload editor > emits event when clicking remove button when inside upload editor,acceptable,2026-09-21T18:33:19.320762+00:00,53d20e893e3a102a,2,
spreed,1756481443_fb3136a115bc6fa030f32eb24be478210a6d8c64,vitest,1,857,3966, FAIL  src/components/MessagesList/MessagesGroup/Message/MessagePart/Reactions.spec.js > Reactions.vue > reactions buttons > shows reaction buttons with count and emoji picker,acceptable,2026-09-21T18:33:19.330423+00:00,c3c29d101ad597c8,2,aebaf5f01b53
spreed,1756481443_fb3136a115bc6fa030f32eb24be478210a6d8c64,vitest,1,858,3984, FAIL  src/components/MessagesList/MessagesGroup/Message/MessagePart/Reactions.spec.js > Reactions.vue > reactions buttons > shows reaction buttons with count but without emoji picker when no react permission,acceptable,2026-09-21T18:33:19.337455+00:00,9696966dfc468cb2,2,01410eb4b1f6
spreed,1756481443_fb3136a115bc6fa030f32eb24be478210a6d8c64,vitest,1,859,3996, FAIL  src/components/MessagesList/MessagesGroup/Message/MessagePart/Reactions.spec.js > Reactions.vue > reactions buttons > doesn't mount emoji picker when there are no reactions,reevaluated_acceptable,2026-09-21T18:33:19.345456+00:00,1caca863e1e7c192,2,5f70de3a8a97
spreed,1756481443_fb3136a115bc6fa030f32eb24be478210a6d8c64,vitest,1,860,4009, FAIL  src/components/MessagesList/MessagesGroup/Message/MessagePart/Reactions.spec.js > Reactions.vue > reactions buttons > dispatches store actions upon clicking a reaction buttons,acceptable,2026-09-21T18:33:19.352443+00:00,acd3bafe763bf330,2,01410eb4b1f6
spreed,1756481443_fb3136a115bc6fa030f32eb24be478210a6d8c64,vitest,1,861,4021, FAIL  src/components/MessagesList/MessagesGroup/Message/MessagePart/Reactions.spec.js > Reactions.vue > reactions fetching > fetches reactions details when they are not available,acceptable,2026-09-21T18:34:05.896712+00:00,9332ce0eb9f724dc,2,
spreed,1756715197_028dd0fa84f172a592cd39043ba22828a89d1ded,vitest,1,862,745, FAIL  src/components/MessagesList/MessagesList.spec.js [ src/components/MessagesList/MessagesList.spec.js ],reevaluated_acceptable,2026-09-21T18:34:05.904852+00:00,50a64af0e9b8712d,1,70d540829e16
spreed,1756715197_028dd0fa84f172a592cd39043ba22828a89d1ded,vitest,1,863,766, FAIL  src/components/LeftSidebar/ConversationsList/Conversation.spec.js [ src/components/LeftSidebar/ConversationsList/Conversation.spec.js ],reevaluated_acceptable,2026-09-21T18:34:05.912452+00:00,5d210cf2862536d4,1,70d540829e16
spreed,1756715197_028dd0fa84f172a592cd39043ba22828a89d1ded,vitest,1,864,1163, FAIL  src/components/CallView/shared/VideoBottomBar.spec.js > VideoBottomBar.vue > unit tests > render buttons > audio indicator > button is not rendered for non-moderators when audio is available,acceptable,2026-09-21T18:34:05.920015+00:00,2deb5e0f2c4d0970,1,f7018897147e
spreed,1756715197_028dd0fa84f172a592cd39043ba22828a89d1ded,vitest,1,865,1254, FAIL  src/components/CallView/shared/VideoBottomBar.spec.js > VideoBottomBar.vue > unit tests > render buttons > video indicator > button is not rendered when video is unavailable,acceptable,2026-09-21T18:34:05.928164+00:00,6372f7b5f386fa14,1,f7018897147e
spreed,1756715197_028dd0fa84f172a592cd39043ba22828a89d1ded,vitest,1,866,1344, FAIL  src/components/CallView/shared/VideoBottomBar.spec.js > VideoBottomBar.vue > unit tests > render buttons > screen sharing indicator > button is not rendered when screen is unavailable,acceptable,2026-09-21T18:34:05.936300+00:00,50d362a04fe5e973,1,f7018897147e
spreed,1756715197_028dd0fa84f172a592cd39043ba22828a89d1ded,vitest,1,867,1370, FAIL  src/components/CallView/shared/VideoBottomBar.spec.js > VideoBottomBar.vue > unit tests > render buttons > following button > button is not rendered for participants by default,acceptable,2026-09-21T18:34:05.944089+00:00,97c033d20427eeb4,1,f7018897147e
spreed,1756715197_028dd0fa84f172a592cd39043ba22828a89d1ded,vitest,1,868,1383, FAIL  src/components/CallView/shared/VideoBottomBar.spec.js > VideoBottomBar.vue > unit tests > render buttons > following button > button is not rendered for main speaker by default,acceptable,2026-09-21T18:34:05.951964+00:00,749fbe2446280ca0,1,f7018897147e
spreed,1756715197_028dd0fa84f172a592cd39043ba22828a89d1ded,vitest,1,869,1409, FAIL  src/components/CallView/shared/VideoBottomBar.spec.js > VideoBottomBar.vue > unit tests > render buttons > following button > method is called after click,acceptable,2026-09-21T18:34:05.957155+00:00,5ec6b220cd8dd2ad,1,f7018897147e
spreed,1756715197_028dd0fa84f172a592cd39043ba22828a89d1ded,vitest,1,870,2847, FAIL  src/components/RightSidebar/Participants/Participant.spec.js > Participant.vue > actions > demoting participant > does not allow to demote an owner,acceptable,2026-09-21T18:34:05.961684+00:00,b4f32635da639660,1,f7018897147e
spreed,1756715197_028dd0fa84f172a592cd39043ba22828a89d1ded,vitest,1,871,2861, FAIL  src/components/RightSidebar/Participants/Participant.spec.js > Participant.vue > actions > demoting participant > does not allow demoting groups,acceptable,2026-09-21T18:34:05.966240+00:00,2fa25e1b8979bbf6,1,f7018897147e
spreed,1756715197_028dd0fa84f172a592cd39043ba22828a89d1ded,vitest,1,872,2875, FAIL  src/components/RightSidebar/Participants/Participant.spec.js > Participant.vue > actions > demoting participant > does not allow demoting self,acceptable,2026-09-21T18:34:05.970776+00:00,57745373ea2d8054,1,f7018897147e
spreed,1756715197_028dd0fa84f172a592cd39043ba22828a89d1ded,vitest,1,873,2889, FAIL  src/components/RightSidebar/Participants/Participant.spec.js > Participant.vue > actions > demoting participant > does not allow demoting self as guest,acceptable,2026-09-21T18:34:05.975327+00:00,88992388cbf6a2e8,1,f7018897147e
spreed,1756715197_028dd0fa84f172a592cd39043ba22828a89d1ded,vitest,1,874,2903, FAIL  src/components/RightSidebar/Participants/Participant.spec.js > Participant.vue > actions > demoting participant > does not allow a non-moderator to demote,acceptable,2026-09-21T18:34:05.980207+00:00,e6a0b50ac3932271,1,f7018897147e
spreed,1756715197_028dd0fa84f172a592cd39043ba22828a89d1ded,vitest,1,875,2987, FAIL  src/components/RightSidebar/Participants/Participant.spec.js > Participant.vue > actions > promoting participant > does not allow to promote a moderator,acceptable,2026-09-21T18:34:05.984955+00:00,a040088724083858,1,f7018897147e
spreed,1756715197_028dd0fa84f172a592cd39043ba22828a89d1ded,vitest,1,876,3001, FAIL  src/components/RightSidebar/Participants/Participant.spec.js > Participant.vue > actions > promoting participant > does not allow to promote a guest moderator,acceptable,2026-09-21T18:34:05.989531+00:00,c1db0b26082ae165,1,f7018897147e
spreed,1756715197_028dd0fa84f172a592cd39043ba22828a89d1ded,vitest,1,877,3015, FAIL  src/components/RightSidebar/Participants/Participant.spec.js > Participant.vue > actions > promoting participant > does not allow promoting groups,acceptable,2026-09-21T18:34:05.994099+00:00,98a43a9e883781e9,1,f7018897147e
spreed,1756715197_028dd0fa84f172a592cd39043ba22828a89d1ded,vitest,1,878,3029, FAIL  src/components/RightSidebar/Participants/Participant.spec.js > Participant.vue > actions > promoting participant > does not allow promoting the bridge bot,acceptable,2026-09-21T18:34:05.998922+00:00,40f2a837d2c2342f,1,f7018897147e
spreed,1756715197_028dd0fa84f172a592cd39043ba22828a89d1ded,vitest,1,879,3043, FAIL  src/components/RightSidebar/Participants/Participant.spec.js > Participant.vue > actions > promoting participant > does not allow a non-moderator to promote,acceptable,2026-09-21T18:34:06.003490+00:00,4faa84fac22465e7,1,f7018897147e
spreed,1756715197_028dd0fa84f172a592cd39043ba22828a89d1ded,vitest,1,880,3070, FAIL  src/components/RightSidebar/Participants/Participant.spec.js > Participant.vue > actions > resending invitations > does not allow non-moderators to resend invitations,acceptable,2026-09-21T18:34:06.008021+00:00,d10eaf42ae4b4c1d,1,f7018897147e
spreed,1756715197_028dd0fa84f172a592cd39043ba22828a89d1ded,vitest,1,881,3083, FAIL  src/components/RightSidebar/Participants/Participant.spec.js > Participant.vue > actions > resending invitations > does not display resend invitations action when not an email actor,acceptable,2026-09-21T18:34:06.012618+00:00,5ff9fa962a0204ea,1,f7018897147e
spreed,1756715197_028dd0fa84f172a592cd39043ba22828a89d1ded,vitest,1,882,3166, FAIL  src/components/RightSidebar/Participants/Participant.spec.js > Participant.vue > actions > removing participant > does not allow to remove an owner,acceptable,2026-09-21T18:34:06.017235+00:00,cbc34b595c78c1f7,1,f7018897147e
spreed,1756715197_028dd0fa84f172a592cd39043ba22828a89d1ded,vitest,1,883,3180, FAIL  src/components/RightSidebar/Participants/Participant.spec.js > Participant.vue > actions > removing participant > does not allow removing self,acceptable,2026-09-21T18:34:06.021806+00:00,79dc86a7c6ad62d1,1,f7018897147e
spreed,1756715197_028dd0fa84f172a592cd39043ba22828a89d1ded,vitest,1,884,3194, FAIL  src/components/RightSidebar/Participants/Participant.spec.js > Participant.vue > actions > removing participant > does not allow removing self as guest,acceptable,2026-09-21T18:34:06.026518+00:00,43fc42a23d76029d,1,f7018897147e
spreed,1756715197_028dd0fa84f172a592cd39043ba22828a89d1ded,vitest,1,885,3208, FAIL  src/components/RightSidebar/Participants/Participant.spec.js > Participant.vue > actions > removing participant > does not allow a non-moderator to remove,acceptable,2026-09-21T18:34:06.031214+00:00,9c43105de77ec228,1,f7018897147e
spreed,1760012280_1248c8f559cb89c5bb40b503d1d22f96e2352e50,vitest,1,886,315, FAIL  src/components/AvatarWrapper/AvatarWrapper.spec.js > AvatarWrapper.vue > render user avatar > component does not render NcAvatar for non-users,acceptable,2026-09-21T18:34:26.150231+00:00,b3368c97773f2d19,2,
spreed,1760012280_1248c8f559cb89c5bb40b503d1d22f96e2352e50,vitest,1,887,334," FAIL  src/components/AvatarWrapper/AvatarWrapper.spec.js > AvatarWrapper.vue > render specific icons > renders for token 'null', id 'changelog', name 'Talk updates' and source 'bots' icon 'icon-changelog'",acceptable,2026-09-21T18:34:26.156537+00:00,4054628dad638ca9,2,d90c266c761e
spreed,1760012280_1248c8f559cb89c5bb40b503d1d22f96e2352e50,vitest,1,888,340," FAIL  src/components/AvatarWrapper/AvatarWrapper.spec.js > AvatarWrapper.vue > render specific icons > renders for token 'null', id 'deleted_users', name '' and source 'deleted_users' icon 'icon-user'",acceptable,2026-09-21T18:34:26.161405+00:00,b68dbd3deb92c027,2,d90c266c761e
spreed,1760012280_1248c8f559cb89c5bb40b503d1d22f96e2352e50,vitest,1,889,363," FAIL  src/components/AvatarWrapper/AvatarWrapper.spec.js > AvatarWrapper.vue > render specific symbols > renders for id 'guest/id', name 'John Doe' and source 'guests' symbol 'J'",acceptable,2026-09-21T18:34:26.166343+00:00,961852135a66e04d,2,aebaf5f01b53
spreed,1761916598_e3ee7454ec4e35148dfcb981af87f005cd938f3c,vitest,1,890,439, FAIL  src/components/MessagesList/MessagesGroup/MessagesGroup.spec.js > MessagesGroup.vue > renders grouped messages for user,reevaluated_acceptable,2026-09-21T18:34:26.171217+00:00,3af91bbd38180d31,12,5f70de3a8a97
spreed,1761916598_e3ee7454ec4e35148dfcb981af87f005cd938f3c,vitest,1,891,453, FAIL  src/components/MessagesList/MessagesGroup/MessagesGroup.spec.js > MessagesGroup.vue > renders grouped messages for user (with temporary),reevaluated_acceptable,2026-09-21T18:34:26.176183+00:00,d88e475865f3033d,12,5f70de3a8a97
spreed,1762379054_910466c0af760eb323aed540709079be83519384,vitest,1,892,384, FAIL  src/components/LeftSidebar/LeftSidebar.spec.js > LeftSidebar.vue > conversation list > fetches and renders conversation list initially,reevaluated_acceptable,2026-09-21T18:34:32.643837+00:00,98de3ade39782559,1,
spreed,1762379054_910466c0af760eb323aed540709079be83519384,vitest,1,893,397, FAIL  src/components/LeftSidebar/ConversationsList/Conversation.spec.js > ConversationItem.vue > displayed subname > author name > displays last chat message with author name if no space in name,reevaluated_acceptable,2026-09-21T18:34:32.652077+00:00,5511d26c423f0ecc,1,7291c7d39107
spreed,1762567473_2959184315cce936c0c2a390ff5223289eb3cc03,vitest,1,894,378, FAIL  src/components/LeftSidebar/ConversationsList/Conversation.spec.js > ConversationItem.vue > actions and routing > leaving conversation > leaves conversation when confirmed,acceptable,2026-09-21T18:34:32.658197+00:00,bbd7782fb2e2d23f,2,d90c266c761e
spreed,1762567473_2959184315cce936c0c2a390ff5223289eb3cc03,vitest,1,895,398, FAIL  src/components/LeftSidebar/ConversationsList/Conversation.spec.js > ConversationItem.vue > actions and routing > leaving conversation > errors with notification when a new moderator is required before leaving,acceptable,2026-09-21T18:34:32.664386+00:00,fe206023a62732d2,2,d90c266c761e
spreed,1762567473_2959184315cce936c0c2a390ff5223289eb3cc03,vitest,1,896,418, FAIL  src/components/LeftSidebar/ConversationsList/Conversation.spec.js > ConversationItem.vue > actions and routing > leaving conversation > does not leave conversation when not confirmed,acceptable,2026-09-21T18:34:32.669932+00:00,7f81a9c5ea891d50,2,d90c266c761e
spreed,1762567473_2959184315cce936c0c2a390ff5223289eb3cc03,vitest,1,897,438, FAIL  src/components/LeftSidebar/ConversationsList/Conversation.spec.js > ConversationItem.vue > actions and routing > leaving conversation > archives conversation when selected,acceptable,2026-09-21T18:34:32.675735+00:00,41a4c1627fbbaab9,2,d90c266c761e
spreed,1762567473_2959184315cce936c0c2a390ff5223289eb3cc03,vitest,1,898,458, FAIL  src/components/LeftSidebar/ConversationsList/Conversation.spec.js > ConversationItem.vue > actions and routing > deleting conversation > deletes conversation when confirmed,acceptable,2026-09-21T18:34:32.681452+00:00,08f0122829f2c617,2,d90c266c761e
spreed,1762567473_2959184315cce936c0c2a390ff5223289eb3cc03,vitest,1,899,478, FAIL  src/components/LeftSidebar/ConversationsList/Conversation.spec.js > ConversationItem.vue > actions and routing > deleting conversation > does not delete conversation when not confirmed,acceptable,2026-09-21T18:34:32.687323+00:00,2511b4c96008fb88,2,d90c266c761e
spreed,1762567473_2959184315cce936c0c2a390ff5223289eb3cc03,vitest,1,900,498, FAIL  src/components/LeftSidebar/ConversationsList/Conversation.spec.js > ConversationItem.vue > actions and routing > copies link conversation,acceptable,2026-09-21T18:34:32.693141+00:00,75f007a9f4edea3a,2,aebaf5f01b53
spreed,1762567473_2959184315cce936c0c2a390ff5223289eb3cc03,vitest,1,901,517, FAIL  src/components/LeftSidebar/ConversationsList/Conversation.spec.js > ConversationItem.vue > actions and routing > sets favorite,acceptable,2026-09-21T18:34:32.699064+00:00,68793ccfa74381dc,2,aebaf5f01b53
spreed,1762567473_2959184315cce936c0c2a390ff5223289eb3cc03,vitest,1,902,536, FAIL  src/components/LeftSidebar/ConversationsList/Conversation.spec.js > ConversationItem.vue > actions and routing > unsets favorite,acceptable,2026-09-21T18:34:32.704871+00:00,47e06f214591d5ee,2,aebaf5f01b53
spreed,1762567473_2959184315cce936c0c2a390ff5223289eb3cc03,vitest,1,903,555, FAIL  src/components/LeftSidebar/ConversationsList/Conversation.spec.js > ConversationItem.vue > actions and routing > marks conversation as unread,acceptable,2026-09-21T18:34:32.710688+00:00,41f5c91f139887dd,2,aebaf5f01b53
spreed,1762567473_2959184315cce936c0c2a390ff5223289eb3cc03,vitest,1,904,574, FAIL  src/components/LeftSidebar/ConversationsList/Conversation.spec.js > ConversationItem.vue > actions and routing > marks conversation as read,acceptable,2026-09-21T18:34:32.716598+00:00,a7bacf34c584b699,2,aebaf5f01b53
spreed,1762567473_2959184315cce936c0c2a390ff5223289eb3cc03,vitest,1,905,593, FAIL  src/components/LeftSidebar/ConversationsList/Conversation.spec.js > ConversationItem.vue > actions and routing > does not show all actions for search result (open conversations),acceptable,2026-09-21T18:34:32.722318+00:00,54607f429dbf7899,2,aebaf5f01b53
spreed,1763172355_55089f0f8abff021b7bb0234e24d1acba3c073ca,vitest,1,906,337, FAIL  src/components/RoomSelector.spec.js [ src/components/RoomSelector.spec.js ],reevaluated_acceptable,2026-09-21T18:34:32.728067+00:00,5b6b7b14dc356629,2,70d540829e16
spreed,1763172355_55089f0f8abff021b7bb0234e24d1acba3c073ca,vitest,1,907,343, FAIL  src/composables/__tests__/useMessageInfo.spec.js [ src/composables/__tests__/useMessageInfo.spec.js ],reevaluated_acceptable,2026-09-21T18:34:32.733705+00:00,57eb1660951cb859,2,70d540829e16
spreed,1763172355_55089f0f8abff021b7bb0234e24d1acba3c073ca,vitest,1,908,349, FAIL  src/stores/__tests__/groupware.spec.js [ src/stores/__tests__/groupware.spec.js ],reevaluated_acceptable,2026-09-21T18:34:32.739597+00:00,ae8471f64fb2fb05,1,70d540829e16
spreed,1763172355_55089f0f8abff021b7bb0234e24d1acba3c073ca,vitest,1,909,355, FAIL  src/utils/webrtc/CallParticipantsAudioPlayer.spec.js [ src/utils/webrtc/CallParticipantsAudioPlayer.spec.js ],reevaluated_acceptable,2026-09-21T18:34:32.745220+00:00,22d3e4db1df7ee1f,1,70d540829e16
spreed,1763172355_55089f0f8abff021b7bb0234e24d1acba3c073ca,vitest,1,910,373, FAIL  src/components/AvatarWrapper/AvatarWrapper.spec.js [ src/components/AvatarWrapper/AvatarWrapper.spec.js ],reevaluated_acceptable,2026-09-21T18:34:32.750885+00:00,453fffb2de9261df,1,70d540829e16
spreed,1763205875_b00a55bcb5e09c3380f820f490ee295be335ece8,vitest,1,911,406, FAIL  src/stores/__tests__/chat.spec.js [ src/stores/__tests__/chat.spec.js ],reevaluated_acceptable,2026-09-21T18:34:32.756525+00:00,1e19eb5dc7f63d03,1,70d540829e16
spreed,1763205875_b00a55bcb5e09c3380f820f490ee295be335ece8,vitest,1,912,412, FAIL  src/stores/__tests__/talkHash.spec.js [ src/stores/__tests__/talkHash.spec.js ],reevaluated_acceptable,2026-09-21T18:34:32.762559+00:00,711e56a6555b6de0,1,70d540829e16
spreed,1763205875_b00a55bcb5e09c3380f820f490ee295be335ece8,vitest,1,913,424, FAIL  src/components/MessagesList/MessagesGroup/Message/MessageButtonsBar/MessageButtonsBar.spec.js [ src/components/MessagesList/MessagesGroup/Message/MessageButtonsBar/MessageButtonsBar.spec.js ],reevaluated_acceptable,2026-09-21T18:34:32.768543+00:00,d657b7d1dc841549,1,70d540829e16
spreed,1763205875_b00a55bcb5e09c3380f820f490ee295be335ece8,vitest,1,914,442, FAIL  src/components/CallView/shared/TranscriptBlock.spec.js > TranscriptBlock.vue > remove last chunk from lines > no lines,acceptable,2026-09-21T18:34:46.331676+00:00,f5836c456d602866,1,5da126a75688
spreed,1763205875_b00a55bcb5e09c3380f820f490ee295be335ece8,vitest,1,915,448, FAIL  src/components/CallView/shared/TranscriptBlock.spec.js > TranscriptBlock.vue > remove last chunk from lines > several lines with several chunks > last chunk partially in last line,acceptable,2026-09-21T18:34:46.338273+00:00,1dea8cea8431d8a9,1,5da126a75688
spreed,1764062362_be61304f094eeeb0fd97a5962d3da41c40819e86,vitest,1,916,363, FAIL  src/components/MessagesList/MessagesGroup/Message/MessageItem.spec.js > MessageItem.vue > status > displays icon when message was read by everyone,acceptable,2026-09-21T18:34:46.344623+00:00,af6ce261b45b247d,1,aebaf5f01b53
spreed,1764062362_be61304f094eeeb0fd97a5962d3da41c40819e86,vitest,1,917,382, FAIL  src/components/MessagesList/MessagesGroup/Message/MessageItem.spec.js > MessageItem.vue > status > displays sent icon when own message was sent,acceptable,2026-09-21T18:34:46.350941+00:00,ce3e9c7c07f1cb98,1,aebaf5f01b53
spreed,1765200598_aec0afe266e2343d56ea46f61523f97ae7d90b4f,vitest,1,918,393, FAIL  src/store/conversationsStore.spec.js > conversationsStore > conversation list > deletes messages with conversation,reevaluated_acceptable,2026-09-21T18:34:46.357215+00:00,522e65d5a2dc1213,5,8426af09a58f
spreed,1765472982_c4fe41b5054dd345e84bedc43f8cb0d81a6a9995,vitest,1,919,417, FAIL  src/stores/__tests__/sharedItems.spec.js > sharedItemsStore > server requests > processes a general response from server,acceptable,2026-09-21T18:35:03.171807+00:00,8cb95e94cd87dafe,1,
spreed,1765472982_c4fe41b5054dd345e84bedc43f8cb0d81a6a9995,vitest,1,920,453, FAIL  src/stores/__tests__/sharedItems.spec.js > sharedItemsStore > server requests > processes an empty general response from server,acceptable,2026-09-21T18:35:03.178366+00:00,05382d470d7736f6,1,fd85b4f4b41e
spreed,1765791830_f6c29880f2dc9169592f289647322c54aabfb131,vitest,1,921,294, FAIL  src/components/RightSidebar/Participants/ParticipantPermissionsEditor.spec.js > ParticipantPermissionsEditor.vue > Dispatches the action to set the right permissions > Dispatches setPermissions with the correct permissions value when a permission is added,reevaluated_acceptable,2026-09-21T18:35:03.183300+00:00,fa7e8d82786940dd,1,5f70de3a8a97
spreed,1765791830_f6c29880f2dc9169592f289647322c54aabfb131,vitest,1,922,307, FAIL  src/components/RightSidebar/Participants/ParticipantPermissionsEditor.spec.js > ParticipantPermissionsEditor.vue > Dispatches the action to set the right permissions > Dispatches setPermissions with the correct permissions value when a permission is substracted,reevaluated_acceptable,2026-09-21T18:35:03.189207+00:00,81fd6d6239ff0d65,1,5f70de3a8a97
