commit_hash,timestamp,node_version,node_version_source,pm_version,pm_version_source,coverage_tools,repo_root
a91f825668d54dd634ac567389f123e53ec40882,1578492920,12,.nvmrc,npm,package-lock.json,[],projects/govuk-frontend/repo
66299e016cbc2ab94af25db086180b388ce51cb1,1578502648,12,.nvmrc,npm,package-lock.json,[],projects/govuk-frontend/repo
7c26db1a06ad320d62aa5bfa06c08c4e42e113f6,1578564775,12,.nvmrc,npm,package-lock.json,[],projects/govuk-frontend/repo
898f3685402f777e17347d5a5fa462f3eb17851a,1578565244,12,.nvmrc,npm,package-lock.json,[],projects/govuk-frontend/repo
2112fa6a4635ac7132aa3274b47fe698ee916985,1578566181,12,.nvmrc,npm,package-lock.json,[],projects/govuk-frontend/repo
43302648742995db9979c6bba8977b91a26978d0,1579182520,12,.nvmrc,npm,package-lock.json,[],projects/govuk-frontend/repo
5a3e7719d7b44505c9a8389e20948a33ac32d0ee,1579524402,12,.nvmrc,npm,package-lock.json,[],projects/govuk-frontend/repo
fa3d51b2c0fdc1c75b90156334d9792e41c32554,1579530127,12,.nvmrc,npm,package-lock.json,[],projects/govuk-frontend/repo
cfabd7dcbe883e8a0950d5434c4dd45795433e37,1579535490,12,.nvmrc,npm,package-lock.json,[],projects/govuk-frontend/repo
bdf68ca766165a2281f08c10e56c643408f02c6f,1579535490,12,.nvmrc,npm,package-lock.json,[],projects/govuk-frontend/repo
c4897c47db6d230cd593c6c5776ac63f3abb23ee,1579535520,12,.nvmrc,npm,package-lock.json,[],projects/govuk-frontend/repo
39a35f03afe9ff778b14c8c08ab66e76d6940289,1579536526,12,.nvmrc,npm,package-lock.json,[],projects/govuk-frontend/repo
30d6ca7e3fec22f547fc76126b91391a8483082d,1579599308,12,.nvmrc,npm,package-lock.json,[],projects/govuk-frontend/repo
0f70e909d75be3f4633651a5e885b970ffffc69c,1579599524,12,.nvmrc,npm,package-lock.json,[],projects/govuk-frontend/repo
26857180647548981f139fdd0ebe9031af8b85aa,1579600750,12,.nvmrc,npm,package-lock.json,[],projects/govuk-frontend/repo
534b3527234ed93a6d0f92d215cf8869a417614c,1579602224,12,.nvmrc,npm,package-lock.json,[],projects/govuk-frontend/repo
1db8c3db37463569dc539991d660c38707cfedb9,1579603335,12,.nvmrc,npm,package-lock.json,[],projects/govuk-frontend/repo
1d2fcb655361b52efcd851b7b9da3b0e77f05c83,1579613612,12,.nvmrc,npm,package-lock.json,[],projects/govuk-frontend/repo
c1db8352d70ea96d27e8b0d8acbe4de71a1ae0dc,1579872354,12,.nvmrc,npm,package-lock.json,[],projects/govuk-frontend/repo
7278efe3d085fab1b637c509cf9262e4d51a4b5d,1580915873,12,.nvmrc,npm,package-lock.json,[],projects/govuk-frontend/repo
f64102c8983e51e6715e6c84142fb4f93722ad12,1580916140,12,.nvmrc,npm,package-lock.json,[],projects/govuk-frontend/repo
8947fe150ec251fb905e6e5f5ff61b9e79c64371,1581332209,12,.nvmrc,npm,package-lock.json,[],projects/govuk-frontend/repo
c03b70e78f1ac1381420269bc161e07088bb8baf,1581337373,12,.nvmrc,npm,package-lock.json,[],projects/govuk-frontend/repo
0af4741ba1bec5c302228236b9097542f6cdf878,1581339679,12,.nvmrc,npm,package-lock.json,[],projects/govuk-frontend/repo
2787ca080cfe1e412106684c369ed268e82ef901,1581339782,12,.nvmrc,npm,package-lock.json,[],projects/govuk-frontend/repo
f843493b47c318e2cd8843fa9e2518b6e0c35b7c,1581340475,12,.nvmrc,npm,package-lock.json,[],projects/govuk-frontend/repo
fd8d093b4475917edeb4d4378853cb6aec09bd39,1581341852,12,.nvmrc,npm,package-lock.json,[],projects/govuk-frontend/repo
89e2f110884fc37f5e8357f1a01be90e7eecd64a,1581341913,12,.nvmrc,npm,package-lock.json,[],projects/govuk-frontend/repo
6455d638d828874e6bef6ee020a257ec7370b43e,1581343759,12,.nvmrc,npm,package-lock.json,[],projects/govuk-frontend/repo
08bd3c4ef5133d622607bcbcac1145d031a40d36,1581514900,12,.nvmrc,npm,package-lock.json,[],projects/govuk-frontend/repo
3ce2eeab1194be3151087baaff00d466ef9ac99f,1582105680,12,.nvmrc,npm,package-lock.json,[],projects/govuk-frontend/repo
d3d02d25c9f108bbb24e832192743610eaf20457,1582105995,12,.nvmrc,npm,package-lock.json,[],projects/govuk-frontend/repo
30627e0a9944f20469b1e5ac4643d72a8462f54e,1582292316,12,.nvmrc,npm,package-lock.json,[],projects/govuk-frontend/repo
db5b32bef6ad166009b0f97c485bc238513e74b4,1582297506,12,.nvmrc,npm,package-lock.json,[],projects/govuk-frontend/repo
018f7ea585ae0f9a8ba89cce6f4373d5fbe346e2,1582297600,12,.nvmrc,npm,package-lock.json,[],projects/govuk-frontend/repo
d43a42278c47116871d2447c38dfc8bc4a337327,1582302004,12,.nvmrc,npm,package-lock.json,[],projects/govuk-frontend/repo
f0c0f8f6b79497dbe05111cc2330587c6cf10bd8,1582304160,12,.nvmrc,npm,package-lock.json,[],projects/govuk-frontend/repo
acaa6ddbcf65fa04a1352dd378245664675a94c8,1582622721,12,.nvmrc,npm,package-lock.json,[],projects/govuk-frontend/repo
2231bd1f8ac41ed6bb2384ff21aee77845492d17,1582622736,12,.nvmrc,npm,package-lock.json,[],projects/govuk-frontend/repo
a4072f2bae88f4dc885ebfc0ed28dd4c04aa3a4a,1582622978,12,.nvmrc,npm,package-lock.json,[],projects/govuk-frontend/repo
bafeee7bd2cb94609dc752cb4c044c87980e9631,1582637315,12,.nvmrc,npm,package-lock.json,[],projects/govuk-frontend/repo
17fa57fed4123b110943204a521c2226f51365ca,1582638164,12,.nvmrc,npm,package-lock.json,[],projects/govuk-frontend/repo
235a4c0758a70d5b19c2b1f233f445ec5dd04fae,1582638432,12,.nvmrc,npm,package-lock.json,[],projects/govuk-frontend/repo
59218a088293632ce112b0800a73c2dd325dfd6e,1582638825,12,.nvmrc,npm,package-lock.json,[],projects/govuk-frontend/repo
ae0ea6988be0e40e97c6e95c9b914d037d03efdf,1582639335,12,.nvmrc,npm,package-lock.json,[],projects/govuk-frontend/repo
894d7ecbeeeeacdf50d31a7697daa42b810e01a8,1582716942,12,.nvmrc,npm,package-lock.json,[],projects/govuk-frontend/repo
b1a9652a69ce1fb148e4793f5823e4b9124c3ff2,1582718167,12,.nvmrc,npm,package-lock.json,[],projects/govuk-frontend/repo
4491011be09873fdcc3c6f345996c9c0c18030cf,1582718999,12,.nvmrc,npm,package-lock.json,[],projects/govuk-frontend/repo
86c85a1fa03c5130ab4132b9f3492bd47d23cbaf,1582721192,12,.nvmrc,npm,package-lock.json,[],projects/govuk-frontend/repo
4b5a54f9c42fb8811c92e2efacc0d35a542e98d7,1582723019,12,.nvmrc,npm,package-lock.json,[],projects/govuk-frontend/repo
0ddb9154138c17392b57f791c56be422ff5fc2b7,1582723050,12,.nvmrc,npm,package-lock.json,[],projects/govuk-frontend/repo
51f01128d52aa508c73ed35ddc42705abdff8eb1,1582723238,12,.nvmrc,npm,package-lock.json,[],projects/govuk-frontend/repo
7154fe404fcedcd86d8400e98a19293bc4d72c26,1582801263,12,.nvmrc,npm,package-lock.json,[],projects/govuk-frontend/repo
b9aec5d9a55bc0b3ee83d7b6c2e01ebc8eb55623,1582809183,12,.nvmrc,npm,package-lock.json,[],projects/govuk-frontend/repo
2b3f2a3e4b4bdd732cab97d4b35ed85f86bb4ab2,1582809435,12,.nvmrc,npm,package-lock.json,[],projects/govuk-frontend/repo
bc76fff58b14cbe8964f767cc73a253396df2956,1583167564,12,.nvmrc,npm,package-lock.json,[],projects/govuk-frontend/repo
0cc8f368bc6238ef819f154cc10377764508f16c,1583232220,12,.nvmrc,npm,package-lock.json,[],projects/govuk-frontend/repo
915d7cef5dba129798937c92b7378521ed77d21d,1583317054,12,.nvmrc,npm,package-lock.json,[],projects/govuk-frontend/repo
b7d0fa18a1e78415b47760e5a150c256714e324d,1583324272,12,.nvmrc,npm,package-lock.json,[],projects/govuk-frontend/repo
ed8534b156ad53c32dd71240b81a12b243f747a5,1583327290,12,.nvmrc,npm,package-lock.json,[],projects/govuk-frontend/repo
b25246ae6a4ea99fe1fe364da1159bede6052e49,1583334933,12,.nvmrc,npm,package-lock.json,[],projects/govuk-frontend/repo
6cdbaf8db4bdc707cde6a99d1b1658df1a50b32d,1583403303,12,.nvmrc,npm,package-lock.json,[],projects/govuk-frontend/repo
886b472c8a64cd63213e67f89bb56a8681f09b91,1583429955,12,.nvmrc,npm,package-lock.json,[],projects/govuk-frontend/repo
83d86af8321a38ad6bbd8b84f776bd4388b61417,1583431501,12,.nvmrc,npm,package-lock.json,[],projects/govuk-frontend/repo
2d4c642ac15581bfb011d6e74b0fdf98755dc4e5,1583501613,12,.nvmrc,npm,package-lock.json,[],projects/govuk-frontend/repo
d25815e2a62f616930bd876936204bcfc1b03c54,1583502479,12,.nvmrc,npm,package-lock.json,[],projects/govuk-frontend/repo
ce2a7172a630c179384b1087ff1f35cbe790592b,1583504420,12,.nvmrc,npm,package-lock.json,[],projects/govuk-frontend/repo
7e3f39b82f081e008ed9006c5811270f2b857b5e,1584354364,12,.nvmrc,npm,package-lock.json,[],projects/govuk-frontend/repo
87a37c7b20746ad4a918d7ac393d4e9eb2895483,1584354428,12,.nvmrc,npm,package-lock.json,[],projects/govuk-frontend/repo
415a3ded297e52f6087ccda39a83e674fd1f9dc1,1585130199,12,.nvmrc,npm,package-lock.json,[],projects/govuk-frontend/repo
ea6eacd5fee8b2c07f7b73af0e758f33c45769f4,1585572422,12,.nvmrc,npm,package-lock.json,[],projects/govuk-frontend/repo
5fcf41bc32df9f892f4df938994067c13433f041,1585574122,12,.nvmrc,npm,package-lock.json,[],projects/govuk-frontend/repo
3bed6527471aa7bfea6b649a9abd5a8c396426b5,1585659410,12,.nvmrc,npm,package-lock.json,[],projects/govuk-frontend/repo
4b81e5ab5500e1933368ae4081e2f7d0660a676b,1585668115,12,.nvmrc,npm,package-lock.json,[],projects/govuk-frontend/repo
0aa5d51cf2a5d908449a339a7033d2f55cb4f62c,1585668257,12,.nvmrc,npm,package-lock.json,[],projects/govuk-frontend/repo
da18710f49c775747509e4108bbb463eebd4e1c2,1585670414,12,.nvmrc,npm,package-lock.json,[],projects/govuk-frontend/repo
319fb44f7a71c92a4583a7da2ba4c933ec19e72b,1585670754,12,.nvmrc,npm,package-lock.json,[],projects/govuk-frontend/repo
bcdafae3c3eab8a08832cf880743250847da5c68,1586420161,12,.nvmrc,npm,package-lock.json,[],projects/govuk-frontend/repo
778bdf4494027e99eac19b0c01af045dfb4b3999,1586420509,12,.nvmrc,npm,package-lock.json,[],projects/govuk-frontend/repo
96e909ccc0da33f1ae252f2c383215812035d2db,1587047783,12,.nvmrc,npm,package-lock.json,[],projects/govuk-frontend/repo
479c22635ebf7ac9bae35d841ad72fb24fc96cbc,1587118804,12,.nvmrc,npm,package-lock.json,[],projects/govuk-frontend/repo
098743e031f7791f8602bc3a56bd2f3694b9aa7c,1587126359,12,.nvmrc,npm,package-lock.json,[],projects/govuk-frontend/repo
4d7ca6f8950de0bef856c6d371b16cff2be536f4,1587388906,12,.nvmrc,npm,package-lock.json,[],projects/govuk-frontend/repo
677014edea5aa624f424b6a63d241d083e78717a,1587389517,12,.nvmrc,npm,package-lock.json,[],projects/govuk-frontend/repo
48c2a2ab76c68f032ce2558d42a5cb165f2e4495,1587390262,12,.nvmrc,npm,package-lock.json,[],projects/govuk-frontend/repo
e0b504253bf653a0f0fbea6bcef726cdcf88ba60,1587997626,12,.nvmrc,npm,package-lock.json,[],projects/govuk-frontend/repo
b7a65f4f41875ff0c8dcf3cbcf2305888feac4b2,1587997626,12,.nvmrc,npm,package-lock.json,[],projects/govuk-frontend/repo
ad141f4f994cacc8116858b6d30b7290dc5dcfb7,1587997626,12,.nvmrc,npm,package-lock.json,[],projects/govuk-frontend/repo
f95b4c80e081953fddc3e6f50516e114bd750135,1588001082,12,.nvmrc,npm,package-lock.json,[],projects/govuk-frontend/repo
42742381f5f231b6d6a9962f6baddfcf15710efb,1588001675,12,.nvmrc,npm,package-lock.json,[],projects/govuk-frontend/repo
15d12d682f80ff30af8637df0de574cb97fc89bd,1588081219,12,.nvmrc,npm,package-lock.json,[],projects/govuk-frontend/repo
418117a2e32d34f308671452816ede4ee0c93261,1588086906,12,.nvmrc,npm,package-lock.json,[],projects/govuk-frontend/repo
c64ddd322aa39031b921d337e531f744358c1781,1588671242,12,.nvmrc,npm,package-lock.json,[],projects/govuk-frontend/repo
97c498b065825584fb0d591244e0b24f9fcd3d8d,1588674506,12,.nvmrc,npm,package-lock.json,[],projects/govuk-frontend/repo
b9e71ae6c97b92cf615482fe4f7aa6b1e9bb66c5,1588674638,12,.nvmrc,npm,package-lock.json,[],projects/govuk-frontend/repo
0c5671f92235d11b92a88c86c590f8eb00ea5ef2,1588677352,12,.nvmrc,npm,package-lock.json,[],projects/govuk-frontend/repo
fdf2ebe44d9a0065702dac101fe2c69790806056,1588677386,12,.nvmrc,npm,package-lock.json,[],projects/govuk-frontend/repo
4fbe3793d51af2c67ecf82011f2d1960e33dbf41,1588754967,12,.nvmrc,npm,package-lock.json,[],projects/govuk-frontend/repo
8dbc0aa3baa56bf9b411d4975faa116af1636759,1588755023,12,.nvmrc,npm,package-lock.json,[],projects/govuk-frontend/repo
3b203cbef0ecbaaeeb11ede954d6bb98ff9b84be,1588755513,12,.nvmrc,npm,package-lock.json,[],projects/govuk-frontend/repo
1c1a28d7c132bf7aa52381c2844920731508fbda,1588760240,12,.nvmrc,npm,package-lock.json,[],projects/govuk-frontend/repo
223ef1cd757a1c4d823ab22fa99df339a7b44f4c,1588858831,12,.nvmrc,npm,package-lock.json,[],projects/govuk-frontend/repo
3e471f83b321ddc03466990e1af800c912697d28,1589271227,12,.nvmrc,npm,package-lock.json,[],projects/govuk-frontend/repo
f8ce595f07727808b4437343c05d68d193a4ed4c,1589273509,12,.nvmrc,npm,package-lock.json,[],projects/govuk-frontend/repo
22bbe47925f3d2db720afc72791e9f2863e1478a,1589297210,12,.nvmrc,npm,package-lock.json,[],projects/govuk-frontend/repo
7557564ecc8dbf6fbaf6b63c28dbc29e57239b77,1589297997,12,.nvmrc,npm,package-lock.json,[],projects/govuk-frontend/repo
387c33d5280745523a9ee0fd1da961be584137e6,1589380300,12,.nvmrc,npm,package-lock.json,[],projects/govuk-frontend/repo
e8d4600aa21f518b5e5f828246c1a74cf8d1fd1d,1589791566,12,.nvmrc,npm,package-lock.json,[],projects/govuk-frontend/repo
11c0f39eb67cd26eaef1dbbe5db9ba1ea8ec80d9,1589791566,12,.nvmrc,npm,package-lock.json,[],projects/govuk-frontend/repo
2f96f0d2cf088058d2beac7112167605c815b4df,1589791815,12,.nvmrc,npm,package-lock.json,[],projects/govuk-frontend/repo
7e3a56ab8948f8921ad1eee2cf02089f2a5a165b,1589875626,12,.nvmrc,npm,package-lock.json,[],projects/govuk-frontend/repo
cfda627abaac0145b0120fc4063ae642d133b6ec,1589892614,12,.nvmrc,npm,package-lock.json,[],projects/govuk-frontend/repo
711359b0c5d4c690861988883877761ac411656f,1589892614,12,.nvmrc,npm,package-lock.json,[],projects/govuk-frontend/repo
ac66066150d80d0b3de9bade41da94097f02aa96,1589903586,12,.nvmrc,npm,package-lock.json,[],projects/govuk-frontend/repo
7d9d69543624907753227ba34071a5b10a1bb709,1589964007,12,.nvmrc,npm,package-lock.json,[],projects/govuk-frontend/repo
6c8d30bd03806f9e2d5c27322d25a57e706c68bd,1589964060,12,.nvmrc,npm,package-lock.json,[],projects/govuk-frontend/repo
c401dc9e22c173bf69f87526bd168eb78f24a859,1589964282,12,.nvmrc,npm,package-lock.json,[],projects/govuk-frontend/repo
be16c2e525f8145bc5bf3d1576dcabf5240acfec,1589964420,12,.nvmrc,npm,package-lock.json,[],projects/govuk-frontend/repo
4f8e86e15d034ec10a70f99a2aa922f6df786b59,1589977110,12,.nvmrc,npm,package-lock.json,[],projects/govuk-frontend/repo
10ec3d1f8c5b26f7c7c5a25c23a53d1d60647139,1589988569,12,.nvmrc,npm,package-lock.json,[],projects/govuk-frontend/repo
4af7daab6deffdc7d0e1f860b30e010b0d87fc83,1589988604,12,.nvmrc,npm,package-lock.json,[],projects/govuk-frontend/repo
1f19db3ecbd6d2e0d8806f6ba596cbb0e67a6a4d,1590047352,12,.nvmrc,npm,package-lock.json,[],projects/govuk-frontend/repo
c585394fea45705f8c19939daaacad18a70b1314,1590053238,12,.nvmrc,npm,package-lock.json,[],projects/govuk-frontend/repo
e248b4027102b2684f592a0501630075bdfa1fab,1590059590,12,.nvmrc,npm,package-lock.json,[],projects/govuk-frontend/repo
3ae906646edbaa0c048a63467342581eaca665d8,1590575969,12,.nvmrc,npm,package-lock.json,[],projects/govuk-frontend/repo
9dc2cfb064fb49e421d5a73be6a241506e1414b8,1590576452,12,.nvmrc,npm,package-lock.json,[],projects/govuk-frontend/repo
f6a9042e355459bfc9bb045eeeedcc79b285328f,1590578124,12,.nvmrc,npm,package-lock.json,[],projects/govuk-frontend/repo
9cd6c8c10b778345277ed8e47c4c393780cef0e3,1590578124,12,.nvmrc,npm,package-lock.json,[],projects/govuk-frontend/repo
9a77beeac392fa5bc63cf409bef971b935d2dc7c,1590653535,12,.nvmrc,npm,package-lock.json,[],projects/govuk-frontend/repo
e7a677ea96d8e6557f6be32c4379039376d21405,1590655400,12,.nvmrc,npm,package-lock.json,[],projects/govuk-frontend/repo
f5dbdafec1c96bf4d7f4f39872f10ac506ccc969,1590664822,12,.nvmrc,npm,package-lock.json,[],projects/govuk-frontend/repo
e4121d09c0e487aa757158129f420910c6234dc2,1590666186,12,.nvmrc,npm,package-lock.json,[],projects/govuk-frontend/repo
9d043590003188a13ec2d7a91f994f4817a12df7,1590674280,12,.nvmrc,npm,package-lock.json,[],projects/govuk-frontend/repo
f8c57e96eb46255b59618914372e600b7f60288f,1590674690,12,.nvmrc,npm,package-lock.json,[],projects/govuk-frontend/repo
ab99f030d50f73da973f4cc179ae34a85f3fb470,1590674695,12,.nvmrc,npm,package-lock.json,[],projects/govuk-frontend/repo
2e2e82c110bc15a7a18ab75d30857c9b70c06684,1590675218,12,.nvmrc,npm,package-lock.json,[],projects/govuk-frontend/repo
5810249e40e2f764fb6fdb98d8f5c559b6c66857,1590675957,12,.nvmrc,npm,package-lock.json,[],projects/govuk-frontend/repo
abd8887eb21454409db5a03a0287ba272efa67dd,1591005374,12,.nvmrc,npm,package-lock.json,[],projects/govuk-frontend/repo
7e7a8ce22a6b8a196c9ec8e0f1eb881cf8767d67,1591005691,12,.nvmrc,npm,package-lock.json,[],projects/govuk-frontend/repo
2cc288d3318b4ca6499e63ece240d15d0a67b926,1591016526,12,.nvmrc,npm,package-lock.json,[],projects/govuk-frontend/repo
ba56dc2bcc1b20d7489be613bb625071de96096a,1591016750,12,.nvmrc,npm,package-lock.json,[],projects/govuk-frontend/repo
2852360b7a3617bf304185e8c7636308e3a6cd26,1591017023,12,.nvmrc,npm,package-lock.json,[],projects/govuk-frontend/repo
9b73de199d7199c0c6f6c6432d4e9622086a7b17,1591020930,12,.nvmrc,npm,package-lock.json,[],projects/govuk-frontend/repo
9cc3871c3fba0ffb186df6ab1d88cd97f4409449,1591022841,12,.nvmrc,npm,package-lock.json,[],projects/govuk-frontend/repo
3932f5d2addf0e8d3908a64110fd949abd88dd26,1591023232,12,.nvmrc,npm,package-lock.json,[],projects/govuk-frontend/repo
b9eca6a59fe46446e83763fba2d2d00a39198a24,1591084785,12,.nvmrc,npm,package-lock.json,[],projects/govuk-frontend/repo
eb280ccaab92f107a311c52d6498dfaf0d7eb198,1591180968,12,.nvmrc,npm,package-lock.json,[],projects/govuk-frontend/repo
6b00f367197423f6c8c368a84e117377f9b8280c,1592397195,12,.nvmrc,npm,package-lock.json,[],projects/govuk-frontend/repo
b32793147f3bdffbd30e9de49a4718db877eae4d,1592397477,12,.nvmrc,npm,package-lock.json,[],projects/govuk-frontend/repo
a6d313155c2eb3f9a14b030c4b8370d9261c549f,1592397724,12,.nvmrc,npm,package-lock.json,[],projects/govuk-frontend/repo
4bf97cca677344deb832d8f8d5bee65e777c372e,1592397855,12,.nvmrc,npm,package-lock.json,[],projects/govuk-frontend/repo
4a9d392a11ad89bde25f45bac880a0a37814f7ef,1592470116,12,.nvmrc,npm,package-lock.json,[],projects/govuk-frontend/repo
6d331914a001b5243ab5006e1a6a3a1bf2e6373d,1592901631,12,.nvmrc,npm,package-lock.json,[],projects/govuk-frontend/repo
aaff8f94aefbb796b34ee5645f0847bf4164d09e,1592909692,12,.nvmrc,npm,package-lock.json,[],projects/govuk-frontend/repo
44ecae6007704170c96d3998580a5756dfb2e432,1593080212,12,.nvmrc,npm,package-lock.json,[],projects/govuk-frontend/repo
d29b20018e0e61f404596e700c4950fbfd2d9d48,1593081428,12,.nvmrc,npm,package-lock.json,[],projects/govuk-frontend/repo
82c5bf010b920d3771a8f30007173f179a43edbc,1593087526,12,.nvmrc,npm,package-lock.json,[],projects/govuk-frontend/repo
efa0b848df3fea1b05b6cc675d15921edc66a180,1593175451,12,.nvmrc,npm,package-lock.json,[],projects/govuk-frontend/repo
d6dd1f05c383a2ced9ab9c285f67c6ece893b7c1,1593175451,12,.nvmrc,npm,package-lock.json,[],projects/govuk-frontend/repo
ffc30f47e52315d719c870796495aefdb1f35944,1593513604,12,.nvmrc,npm,package-lock.json,[],projects/govuk-frontend/repo
3544d81adf1e04d18f3ebae9ed14ed75467cf621,1593590990,12,.nvmrc,npm,package-lock.json,[],projects/govuk-frontend/repo
e48b58c91a73969b04d869d7e57038e6835c1380,1593591105,12,.nvmrc,npm,package-lock.json,[],projects/govuk-frontend/repo
3153c2cef203967c94da06a544b4bd716f362f00,1593591564,12,.nvmrc,npm,package-lock.json,[],projects/govuk-frontend/repo
0311781abcbe95f7224754b196568eb3afd6afbd,1593619263,12,.nvmrc,npm,package-lock.json,[],projects/govuk-frontend/repo
f92358b233c69d68cd69f543fd621f92978c0ac5,1593700694,12,.nvmrc,npm,package-lock.json,[],projects/govuk-frontend/repo
b532a69d4c696d65bbbcb66ea34fd9f916cded54,1594027642,12,.nvmrc,npm,package-lock.json,[],projects/govuk-frontend/repo
7680cb300ffdab8cf5ae7b2e4fdf01fcdcc08d09,1594036682,12,.nvmrc,npm,package-lock.json,[],projects/govuk-frontend/repo
48644c12f944499d9ead39ba122e05a67b4788d9,1594111446,12,.nvmrc,npm,package-lock.json,[],projects/govuk-frontend/repo
3e7a4352361fcdd8495291bd7f4cfce5fb077942,1594112171,12,.nvmrc,npm,package-lock.json,[],projects/govuk-frontend/repo
d7551568f08f40f72d33dd7eb9463bb829f9b51f,1594112301,12,.nvmrc,npm,package-lock.json,[],projects/govuk-frontend/repo
cdb1cfd3a44de5bcbc3c9fa0809d05019918e67b,1594201689,12,.nvmrc,npm,package-lock.json,[],projects/govuk-frontend/repo
2ab624bff5b0e03408511849fc3a91a516ed607e,1594213878,12,.nvmrc,npm,package-lock.json,[],projects/govuk-frontend/repo
266f0910f02ed02e7e8550e9d7dfe4b4ac2f5c3d,1594216030,12,.nvmrc,npm,package-lock.json,[],projects/govuk-frontend/repo
843754c7be811dc15b136f0ee0fd86f035fed0bb,1594216030,12,.nvmrc,npm,package-lock.json,[],projects/govuk-frontend/repo
d92d3c8a990730213430b686d239fc7b278530a9,1594216030,12,.nvmrc,npm,package-lock.json,[],projects/govuk-frontend/repo
6e3a9920ba1785c0f5cfaf4d70c8626f1836a109,1594218987,12,.nvmrc,npm,package-lock.json,[],projects/govuk-frontend/repo
537369622f2fcccc142e01ada5552ca5dbddb157,1594284255,12,.nvmrc,npm,package-lock.json,[],projects/govuk-frontend/repo
44875889ec836626a570c2208ef811967359b785,1594286831,12,.nvmrc,npm,package-lock.json,[],projects/govuk-frontend/repo
3e5a7b030264caea1f8bd5eedf8585541860be24,1594300874,12,.nvmrc,npm,package-lock.json,[],projects/govuk-frontend/repo
579a7c5a8d51d7debf4a2082fbeed908d641ba30,1594301040,12,.nvmrc,npm,package-lock.json,[],projects/govuk-frontend/repo
2f73bd6d639db10c61d3b0da6f79f08150a4e530,1594302721,12,.nvmrc,npm,package-lock.json,[],projects/govuk-frontend/repo
69c9e650e0ad31b0cc1b5974a35c77fda7792eac,1594375275,12,.nvmrc,npm,package-lock.json,[],projects/govuk-frontend/repo
1f566fef9621a97553e8102bb6e48209754edce2,1594375276,12,.nvmrc,npm,package-lock.json,[],projects/govuk-frontend/repo
9a8b9f0b4c4c77ae3b8bba7762041dffb9d64eba,1594375276,12,.nvmrc,npm,package-lock.json,[],projects/govuk-frontend/repo
5a062f11c671a0834fbf22ce818e2aee1e764a59,1594375457,12,.nvmrc,npm,package-lock.json,[],projects/govuk-frontend/repo
717d0545af4f1f22a2f9aacc6e47636d49ef2bc9,1594712842,12,.nvmrc,npm,package-lock.json,[],projects/govuk-frontend/repo
5960b6ac5ccfac17dd6fa923a873e27210846b63,1594714059,12,.nvmrc,npm,package-lock.json,[],projects/govuk-frontend/repo
b6b5da3ea67adc6e2b3694b8b16b853364ac3961,1594714115,12,.nvmrc,npm,package-lock.json,[],projects/govuk-frontend/repo
56543d07d08504e18ce487ad7b66cd59a92bc608,1594715215,12,.nvmrc,npm,package-lock.json,[],projects/govuk-frontend/repo
7aac5d581375445bbf0ec7fd33b17e0958d57ec8,1594715582,12,.nvmrc,npm,package-lock.json,[],projects/govuk-frontend/repo
ed7533952743997a3503dd8302d0de9a9fcca3db,1594716124,12,.nvmrc,npm,package-lock.json,[],projects/govuk-frontend/repo
44cf43491307cd27e597e3bcba368a07e036ad23,1594716216,12,.nvmrc,npm,package-lock.json,[],projects/govuk-frontend/repo
436a5995e0cab9a4c6832134cdbd8a9065b55ab0,1594717394,12,.nvmrc,npm,package-lock.json,[],projects/govuk-frontend/repo
c3b7d01865a0818713df00fa60929405b69c53d6,1594719171,12,.nvmrc,npm,package-lock.json,[],projects/govuk-frontend/repo
ecbdede057e0463faaf474ebd1e53df2b457d72c,1594719316,12,.nvmrc,npm,package-lock.json,[],projects/govuk-frontend/repo
c804c16ceab7630f2895c952016308fa8e204534,1594719434,12,.nvmrc,npm,package-lock.json,[],projects/govuk-frontend/repo
a2c573f52a716366a869f8c2e3013383929083eb,1594719541,12,.nvmrc,npm,package-lock.json,[],projects/govuk-frontend/repo
ffcfc57ec62a6fcba236160cb3da132a593bc4ba,1594720337,12,.nvmrc,npm,package-lock.json,[],projects/govuk-frontend/repo
2a8990229d3ca00a97cd055ba1dab7882915972e,1594720345,12,.nvmrc,npm,package-lock.json,[],projects/govuk-frontend/repo
36edb2f5eb9447a82e195bbbc0ee31c2f6ee7bff,1594802247,12,.nvmrc,npm,package-lock.json,[],projects/govuk-frontend/repo
a3415656c1ba19bd233bc95cb5efa1a8282aecd1,1594804423,12,.nvmrc,npm,package-lock.json,[],projects/govuk-frontend/repo
0cf3375ebb845309e23c7d5dda7b81e36670ea3b,1594805596,12,.nvmrc,npm,package-lock.json,[],projects/govuk-frontend/repo
f57d338633ef8d9a5c077eeb4657e60ee741d486,1594913275,12,.nvmrc,npm,package-lock.json,[],projects/govuk-frontend/repo
d425b298419e8494b1bbb59141713380e308e745,1594913488,12,.nvmrc,npm,package-lock.json,[],projects/govuk-frontend/repo
317e339084efd010210e9258ce46852d4f20bc3e,1594913513,12,.nvmrc,npm,package-lock.json,[],projects/govuk-frontend/repo
75c3ddcd93f0f682f958cdd980a4430a7f03171b,1594913713,12,.nvmrc,npm,package-lock.json,[],projects/govuk-frontend/repo
3fd67be69371ca1525dfb63c9513769a1d65fee4,1594913736,12,.nvmrc,npm,package-lock.json,[],projects/govuk-frontend/repo
5a344b36c056356715544f01366526959c3ffa59,1594913778,12,.nvmrc,npm,package-lock.json,[],projects/govuk-frontend/repo
ce8e22355e32af4d8f3c876779acd26128401842,1594913966,12,.nvmrc,npm,package-lock.json,[],projects/govuk-frontend/repo
6bdca06635702927c274547efd295655b3cf1412,1594989833,12,.nvmrc,npm,package-lock.json,[],projects/govuk-frontend/repo
2bde81d1bee2608aff24f4641d4479e2aec365ed,1594989861,12,.nvmrc,npm,package-lock.json,[],projects/govuk-frontend/repo
e5e2b5bc57867b3094bc56b70f68ece2eeb7710f,1594989893,12,.nvmrc,npm,package-lock.json,[],projects/govuk-frontend/repo
a12c384397dc8bc94f1e3afb37e100a4d3bec3f7,1594996773,12,.nvmrc,npm,package-lock.json,[],projects/govuk-frontend/repo
2ee481001f23889451b233bb383930786dbc8cb5,1594996773,12,.nvmrc,npm,package-lock.json,[],projects/govuk-frontend/repo
80bc9168d1932a923550588d89ed7f2d69a7fc9d,1594997095,12,.nvmrc,npm,package-lock.json,[],projects/govuk-frontend/repo
bc89e1731915c38adadd4386f0d6322177c7f71f,1595255729,12,.nvmrc,npm,package-lock.json,[],projects/govuk-frontend/repo
416de5ec1d14d7304cdc98cd032fe2c2ef8979a0,1595258456,12,.nvmrc,npm,package-lock.json,[],projects/govuk-frontend/repo
6c9a5e24d8b31f00b19f872e388f78967d7efaa5,1595324759,12,.nvmrc,npm,package-lock.json,[],projects/govuk-frontend/repo
891552c3ebce928af4e4690c6eb5d965eeb0b043,1595325040,12,.nvmrc,npm,package-lock.json,[],projects/govuk-frontend/repo
cea9996e1b73ae58479ea13e40ece0886f34f248,1595325262,12,.nvmrc,npm,package-lock.json,[],projects/govuk-frontend/repo
3b6a9b94551c913acaa712c8bc40fda4f6a247e2,1595493333,12,.nvmrc,npm,package-lock.json,[],projects/govuk-frontend/repo
d2044ab38fc740a9dbd2de58115409857224c0e2,1595494358,12,.nvmrc,npm,package-lock.json,[],projects/govuk-frontend/repo
2339e8a1c13ad5eaa532d5b6e87a65de3405d78e,1595494612,12,.nvmrc,npm,package-lock.json,[],projects/govuk-frontend/repo
93bb1dbee34d0552d2a409eb9528a988e4002fa1,1595510773,12,.nvmrc,npm,package-lock.json,[],projects/govuk-frontend/repo
63f2b23ebde258cedd5f19dde03e307dec6bbe59,1595574604,12,.nvmrc,npm,package-lock.json,[],projects/govuk-frontend/repo
a243385074e7cb65611bef3fb9167a6ebd2d12dc,1595593835,12,.nvmrc,npm,package-lock.json,[],projects/govuk-frontend/repo
228b8bfb5104041b57f21b57e274b45155644b3b,1595846349,12,.nvmrc,npm,package-lock.json,[],projects/govuk-frontend/repo
158c112a0accfaafae87e1008b5ea7475c0deaa3,1595846863,12,.nvmrc,npm,package-lock.json,[],projects/govuk-frontend/repo
9892ac3f43dd7c3496f8472d2be0c528751af37f,1595861673,12,.nvmrc,npm,package-lock.json,[],projects/govuk-frontend/repo
02bebd779916d44ed8c623785cfcf44f947529e1,1595864164,12,.nvmrc,npm,package-lock.json,[],projects/govuk-frontend/repo
5e2cf67a06243d0898eecee0495778a72d7a019d,1596024897,12,.nvmrc,npm,package-lock.json,[],projects/govuk-frontend/repo
3e0da06ceda992c0175b212a19de3be5ad362d42,1596025904,12,.nvmrc,npm,package-lock.json,[],projects/govuk-frontend/repo
35c8ffc29d02c4e5ecbe6fbfe67492184466f8ea,1596028516,12,.nvmrc,npm,package-lock.json,[],projects/govuk-frontend/repo
ca354fab31c09a80cd35f46db4ecfb26d51887ca,1596113184,12,.nvmrc,npm,package-lock.json,[],projects/govuk-frontend/repo
b5733913ddf1e8468359a3da4bfee331a0386e49,1596117620,12,.nvmrc,npm,package-lock.json,[],projects/govuk-frontend/repo
b3078626d7b1435035bbebf77d4132bb35984475,1596207365,12,.nvmrc,npm,package-lock.json,[],projects/govuk-frontend/repo
e7ad98010502f87c6e8e93eea17dfd595069f1fe,1596461014,12,.nvmrc,npm,package-lock.json,[],projects/govuk-frontend/repo
2d739bdfce3d8473c6f23986d72469cebeb5fa69,1596461133,12,.nvmrc,npm,package-lock.json,[],projects/govuk-frontend/repo
c6d101c77f09c7c6a8551574bd2d5396d8801f58,1596461238,12,.nvmrc,npm,package-lock.json,[],projects/govuk-frontend/repo
54cac196c205501867a53b8771037ee9843400f3,1596467313,12,.nvmrc,npm,package-lock.json,[],projects/govuk-frontend/repo
b8eecc5e813b9891d1aeb63e497951b46e5a0f11,1596533787,12,.nvmrc,npm,package-lock.json,[],projects/govuk-frontend/repo
844a51e07c643cec84c6425a8cbda568261c78c5,1596534264,12,.nvmrc,npm,package-lock.json,[],projects/govuk-frontend/repo
306e49f6cae07ed5bd7258b70456d66ce9dec974,1596642956,12,.nvmrc,npm,package-lock.json,[],projects/govuk-frontend/repo
7f6a45e7f14009793b80ae79fdbbbff13ad0095a,1597057138,12,.nvmrc,npm,package-lock.json,[],projects/govuk-frontend/repo
868d13cd397fe6bc7fee0cbc1e3a5efd32ce49f1,1597310108,12,.nvmrc,npm,package-lock.json,[],projects/govuk-frontend/repo
4d63b84c4efc5eb294edbecb4ef2aa1ad300eeb9,1597310568,12,.nvmrc,npm,package-lock.json,[],projects/govuk-frontend/repo
bd2f03de6e6ccecf125ac852811337d3c19a2303,1597315847,12,.nvmrc,npm,package-lock.json,[],projects/govuk-frontend/repo
3f0f76dae3bd879ed68cc61b3a64f8f0ab08307f,1597316890,12,.nvmrc,npm,package-lock.json,[],projects/govuk-frontend/repo
eca33551f1fa6f94468235ec7eae50497584b0fe,1597321477,12,.nvmrc,npm,package-lock.json,[],projects/govuk-frontend/repo
4572d62e0f57dae4b7642aa8bcf8b7125e713ec0,1597324906,12,.nvmrc,npm,package-lock.json,[],projects/govuk-frontend/repo
0c8c5eadd86049e2c4e40acfeb8ccaea0f4a7b46,1597325157,12,.nvmrc,npm,package-lock.json,[],projects/govuk-frontend/repo
e519d0162073fe010cb1327dc74e0ef7771986f4,1597325413,12,.nvmrc,npm,package-lock.json,[],projects/govuk-frontend/repo
04023943b366de707caa96b60ad9650568385680,1597740215,12,.nvmrc,npm,package-lock.json,[],projects/govuk-frontend/repo
22c6cd408fcc34c806b034603c72a1e323d30b12,1598003925,12,.nvmrc,npm,package-lock.json,[],projects/govuk-frontend/repo
4ac55cff0b0e7706591bada337c1f673ec7b7eb1,1598003925,12,.nvmrc,npm,package-lock.json,[],projects/govuk-frontend/repo
d1b60fc3297a90ac550f942dcb188d730c32bac3,1598003925,12,.nvmrc,npm,package-lock.json,[],projects/govuk-frontend/repo
38f708c62a1899f69f6bf41421ca99b2a85583ed,1598003925,12,.nvmrc,npm,package-lock.json,[],projects/govuk-frontend/repo
2b7a162b0f915483190ad56b5b15c543b8cd36c9,1598024179,12,.nvmrc,npm,package-lock.json,[],projects/govuk-frontend/repo
86ef1ae91065ad1bee7b2ed3f99bcdaeba42baf0,1598517384,12,.nvmrc,npm,package-lock.json,[],projects/govuk-frontend/repo
cbebae665a1b5d88c111d0a5f042e668b179d985,1598517443,12,.nvmrc,npm,package-lock.json,[],projects/govuk-frontend/repo
8c1f2d9ea10f290cb854165b9ef148b870e7effa,1598517592,12,.nvmrc,npm,package-lock.json,[],projects/govuk-frontend/repo
08679789995cca20a4d0a1eb90f1f9e700626a24,1598538688,12,.nvmrc,npm,package-lock.json,[],projects/govuk-frontend/repo
24fa55059ada7a0e95cd4e1085a57eab740c9c46,1598538688,12,.nvmrc,npm,package-lock.json,[],projects/govuk-frontend/repo
bbfea16a2912d7419abf356786eb2d3a3e5cc646,1598538689,12,.nvmrc,npm,package-lock.json,[],projects/govuk-frontend/repo
0f23d85d6ef6d21f223214000be5a8137e9fd7ef,1598538689,12,.nvmrc,npm,package-lock.json,[],projects/govuk-frontend/repo
80480a59face2b26dba1cdca57dc950dc39807d4,1598538689,12,.nvmrc,npm,package-lock.json,[],projects/govuk-frontend/repo
d0bd57d427ce598a8ef672d5cf8bdd0ef5d355da,1598538689,12,.nvmrc,npm,package-lock.json,[],projects/govuk-frontend/repo
5a8e42afbc77a37f631430e07b378eccb1cc4fdf,1598538689,12,.nvmrc,npm,package-lock.json,[],projects/govuk-frontend/repo
d10b00347cafa11f42971b80c1ba24a178c82ddc,1598538689,12,.nvmrc,npm,package-lock.json,[],projects/govuk-frontend/repo
67d8f21fc5feb01fc5025f0052aa305cdf3ef165,1598538689,12,.nvmrc,npm,package-lock.json,[],projects/govuk-frontend/repo
4e9a88b5b8549962ae7b59a3ade9ae026b55af64,1598538689,12,.nvmrc,npm,package-lock.json,[],projects/govuk-frontend/repo
d356e6d3c80dcb04779f6d06a38cd9d34c369092,1598538689,12,.nvmrc,npm,package-lock.json,[],projects/govuk-frontend/repo
5b6fd7b6ab066319d9bb0662716f78243166f553,1598538689,12,.nvmrc,npm,package-lock.json,[],projects/govuk-frontend/repo
34e56fd66455661f661563ef58c50c0ef5db0d54,1598538689,12,.nvmrc,npm,package-lock.json,[],projects/govuk-frontend/repo
9bbee1e8f7898db3526e53144f607e9b5f08158c,1598538689,12,.nvmrc,npm,package-lock.json,[],projects/govuk-frontend/repo
754b1ebc530949ba0f89d7da31fb03c954b6ff3d,1598538689,12,.nvmrc,npm,package-lock.json,[],projects/govuk-frontend/repo
6e720a9a1420993eb94d61dda416d9b92b372b62,1598538689,12,.nvmrc,npm,package-lock.json,[],projects/govuk-frontend/repo
e17c0a89bc48234a2d9839e18422ba3f97bf00aa,1598538689,12,.nvmrc,npm,package-lock.json,[],projects/govuk-frontend/repo
f0dc286cbd4d9af7b5633841528a4431f7852495,1598538689,12,.nvmrc,npm,package-lock.json,[],projects/govuk-frontend/repo
f5c7e876ec8b4548ca07b9fd20cc960dd9000a0d,1598538689,12,.nvmrc,npm,package-lock.json,[],projects/govuk-frontend/repo
2ae642d6e47b829c7b31f2f5c59f4fe1996c70d0,1598538689,12,.nvmrc,npm,package-lock.json,[],projects/govuk-frontend/repo
ceb6767c7fa3a3836dc65a8454b54bb093cf2215,1598538689,12,.nvmrc,npm,package-lock.json,[],projects/govuk-frontend/repo
6aa6b40b00a3d2c42fb689f6bdff08a889807976,1598538689,12,.nvmrc,npm,package-lock.json,[],projects/govuk-frontend/repo
bcc2ce3a51568a856d8ab7968b46f287951ffc01,1598538689,12,.nvmrc,npm,package-lock.json,[],projects/govuk-frontend/repo
e50c84d004a7efec453ef7aaa4023a57f6528716,1598538689,12,.nvmrc,npm,package-lock.json,[],projects/govuk-frontend/repo
c7e72721c3d55a9f8efb4edf28824b91395c6d64,1598538689,12,.nvmrc,npm,package-lock.json,[],projects/govuk-frontend/repo
be08f018d6ea5087cea5e82a2fe1c0d4a3368424,1598538689,12,.nvmrc,npm,package-lock.json,[],projects/govuk-frontend/repo
c953d40c267f1b952f8ed39867fadde7a337688e,1598538689,12,.nvmrc,npm,package-lock.json,[],projects/govuk-frontend/repo
0bd7652751e4c78d4686bfd4624a0c54074cce5a,1598538690,12,.nvmrc,npm,package-lock.json,[],projects/govuk-frontend/repo
55aadb591221c1717126b64461b059052088b3ff,1598538690,12,.nvmrc,npm,package-lock.json,[],projects/govuk-frontend/repo
b08080e3691dce97cef6849c010387c546d94761,1598539266,12,.nvmrc,npm,package-lock.json,[],projects/govuk-frontend/repo
4dca6731980b031262c535f456aad3dc53a46f6e,1598953543,12,.nvmrc,npm,package-lock.json,[],projects/govuk-frontend/repo
d5b8575c526dce4bcb265cdb0415190e702bd003,1599034498,12,.nvmrc,npm,package-lock.json,[],projects/govuk-frontend/repo
176d3a17da6abaa8185199a72caab617ddb509e6,1599035270,12,.nvmrc,npm,package-lock.json,[],projects/govuk-frontend/repo
b58ca367ccc718cb50d8f35bde56dcb0a2300767,1599043637,12,.nvmrc,npm,package-lock.json,[],projects/govuk-frontend/repo
b87c0265a310a80768eba8860642b329120b44f2,1599053753,12,.nvmrc,npm,package-lock.json,[],projects/govuk-frontend/repo
07236aacd25773fa156a3a6086d9365d963c909e,1599054803,12,.nvmrc,npm,package-lock.json,[],projects/govuk-frontend/repo
333373064536a47f47edaf1e7826b6279906c4af,1599054803,12,.nvmrc,npm,package-lock.json,[],projects/govuk-frontend/repo
39a638a55e0bb2417e5d7ddc130e3b56a66e1178,1599054852,12,.nvmrc,npm,package-lock.json,[],projects/govuk-frontend/repo
3daa24516aa61f193ab365334112857eecc30c3f,1599055054,12,.nvmrc,npm,package-lock.json,[],projects/govuk-frontend/repo
9128ad3ba431db5855d7f3117fbd413e74d43c8c,1599055362,12,.nvmrc,npm,package-lock.json,[],projects/govuk-frontend/repo
9621c934364e87b6f914bd11b94bc266dc9de6a0,1599055941,12,.nvmrc,npm,package-lock.json,[],projects/govuk-frontend/repo
142395a19b4bd9cc93dcc387255e32c4303fc021,1599069101,12,.nvmrc,npm,package-lock.json,[],projects/govuk-frontend/repo
2cb944207840c070de95e716c7c5e05dc93fe7ad,1599142522,12,.nvmrc,npm,package-lock.json,[],projects/govuk-frontend/repo
41e25bf33013dcab11eb7edbc65bd4fba1267604,1599145962,12,.nvmrc,npm,package-lock.json,[],projects/govuk-frontend/repo
f3d5aaf2a44556b6bd3391aba49caa4f3650bc13,1599145962,12,.nvmrc,npm,package-lock.json,[],projects/govuk-frontend/repo
01c9c9cbe5b7a84088581a8b20c195dbe819655a,1599146967,12,.nvmrc,npm,package-lock.json,[],projects/govuk-frontend/repo
f56b03d5bd895051e0ce7961fff36c88e2b01d0d,1599147400,12,.nvmrc,npm,package-lock.json,[],projects/govuk-frontend/repo
5672a08bbd0fc6c0642efe8ee9fb614b8f2e2718,1599147475,12,.nvmrc,npm,package-lock.json,[],projects/govuk-frontend/repo
a35849b5c4b124e626316a9b01ff7894b0d66140,1599207759,12,.nvmrc,npm,package-lock.json,[],projects/govuk-frontend/repo
790c2eb46ab22f708826736579bec669c9bd2d6b,1599207759,12,.nvmrc,npm,package-lock.json,[],projects/govuk-frontend/repo
760ad181cd15cc908a9a6aa06635fa81174f1828,1599207759,12,.nvmrc,npm,package-lock.json,[],projects/govuk-frontend/repo
18771ce405032414bb1d3bfb322590f72fe367f2,1599207759,12,.nvmrc,npm,package-lock.json,[],projects/govuk-frontend/repo
453c47cff60e0bf1fe4e0208b89be7e2c1c1ef79,1599207759,12,.nvmrc,npm,package-lock.json,[],projects/govuk-frontend/repo
4e770596354f4c1011e021af972e29a060097c66,1599207789,12,.nvmrc,npm,package-lock.json,[],projects/govuk-frontend/repo
befc348ab6aec7c25c61c71ebf363a6b3bb36949,1599473143,12,.nvmrc,npm,package-lock.json,[],projects/govuk-frontend/repo
6472ca53ad6cfd6c5013a1fb0aebe383209d09a1,1599481216,12,.nvmrc,npm,package-lock.json,[],projects/govuk-frontend/repo
02eaf042a8123563697bb57c7717a60a97d4846a,1599481216,12,.nvmrc,npm,package-lock.json,[],projects/govuk-frontend/repo
0430f7c7e3df94dacf6a3379492330c84ee3a022,1599481216,12,.nvmrc,npm,package-lock.json,[],projects/govuk-frontend/repo
e86c00c663269f3a65873d1eccf5617f7e9a5e3f,1599481216,12,.nvmrc,npm,package-lock.json,[],projects/govuk-frontend/repo
111cc2e83d74fb9aa1f207a971f77f6d3b1e34c3,1599481297,12,.nvmrc,npm,package-lock.json,[],projects/govuk-frontend/repo
d70af32a3f2b6d4d158c4c0c606772ae03f1afc6,1599481297,12,.nvmrc,npm,package-lock.json,[],projects/govuk-frontend/repo
f011cbba2d0c13d5cd08e07d19f187af2d88f547,1599481297,12,.nvmrc,npm,package-lock.json,[],projects/govuk-frontend/repo
0a31856213e332c9e36846cd13caf6f91a129a29,1599482076,12,.nvmrc,npm,package-lock.json,[],projects/govuk-frontend/repo
e23594f0641b8cac8c572f2ef500bd89f37a5a16,1599482076,12,.nvmrc,npm,package-lock.json,[],projects/govuk-frontend/repo
b2447151694a97ddca876c883904ebbf2ff81790,1599489812,12,.nvmrc,npm,package-lock.json,[],projects/govuk-frontend/repo
95044b1440dc2f76824fa931c8d0576adace2e6d,1599490233,12,.nvmrc,npm,package-lock.json,[],projects/govuk-frontend/repo
dc5e752a3e20dc4ef40c6898bec0096a6feff108,1599495741,12,.nvmrc,npm,package-lock.json,[],projects/govuk-frontend/repo
9aa0ca2b9905f77f864ffde32a140284f6081c1b,1599551912,12,.nvmrc,npm,package-lock.json,[],projects/govuk-frontend/repo
b92172b06afaef0396bf076bc35d809611be4324,1599573288,12,.nvmrc,npm,package-lock.json,[],projects/govuk-frontend/repo
4f710e690c906bea45da2c023439765d2e09dfbf,1599573462,12,.nvmrc,npm,package-lock.json,[],projects/govuk-frontend/repo
8e55dfc27d9728c50964d424318df36cb40a563e,1599576461,12,.nvmrc,npm,package-lock.json,[],projects/govuk-frontend/repo
56edb1740717aaebfaae36ab44f4c777d1945fce,1599755154,12,.nvmrc,npm,package-lock.json,[],projects/govuk-frontend/repo
6dd1b3fc5521010f70165c89c2cbbf72368cf8c8,1600073114,12,.nvmrc,npm,package-lock.json,[],projects/govuk-frontend/repo
ecac37138d7a5164309881fc6e85d4673b446ea1,1600074543,12,.nvmrc,npm,package-lock.json,[],projects/govuk-frontend/repo
56c59ae5623261879adf0872bf03d641b96f9158,1600074703,12,.nvmrc,npm,package-lock.json,[],projects/govuk-frontend/repo
3c5ab3f54f4e9bf392bea3657d250c6654ada4ea,1600074705,12,.nvmrc,npm,package-lock.json,[],projects/govuk-frontend/repo
bc8f7977619dd3d5214244e8b7202f61ee26cbd7,1600074705,12,.nvmrc,npm,package-lock.json,[],projects/govuk-frontend/repo
d8cd9809efd52e5d29beb7d7d54e09e32d4d27a7,1600074705,12,.nvmrc,npm,package-lock.json,[],projects/govuk-frontend/repo
68b3915ef8edec18252762faa320ca1c9f92ede3,1600074705,12,.nvmrc,npm,package-lock.json,[],projects/govuk-frontend/repo
ba6641d05db94a5812c55cea6449018ba81e4e02,1600074706,12,.nvmrc,npm,package-lock.json,[],projects/govuk-frontend/repo
f3c14a55ad87c2dcc0c6c7374390cf7b427627ff,1600074706,12,.nvmrc,npm,package-lock.json,[],projects/govuk-frontend/repo
149dc46c47da8749e589217400db395d5e24588a,1600074706,12,.nvmrc,npm,package-lock.json,[],projects/govuk-frontend/repo
e69eb81aa789ea07cfcbe174c2cd3daf9c399797,1600074706,12,.nvmrc,npm,package-lock.json,[],projects/govuk-frontend/repo
7b8dee756f0ab38968e6f784a6a5ce4a4739c6e5,1600074706,12,.nvmrc,npm,package-lock.json,[],projects/govuk-frontend/repo
e922a645bf7c28b6d3e523dd1c3672a54e3557eb,1600074707,12,.nvmrc,npm,package-lock.json,[],projects/govuk-frontend/repo
b3a6fefd7b96d94c03bada563d4f453f42e78740,1600074707,12,.nvmrc,npm,package-lock.json,[],projects/govuk-frontend/repo
96d1943f78bdd48036e97cbdb3dbcd5a10527f34,1600074707,12,.nvmrc,npm,package-lock.json,[],projects/govuk-frontend/repo
8a1ce73d3b87b1aa937d4d8f3c3065d093e722b7,1600074707,12,.nvmrc,npm,package-lock.json,[],projects/govuk-frontend/repo
22b7dd4f22dfcec6e56eb5ec8599bd52eddb80e8,1600074707,12,.nvmrc,npm,package-lock.json,[],projects/govuk-frontend/repo
0da26f565b6458a5be190c45cd162716953b592d,1600074708,12,.nvmrc,npm,package-lock.json,[],projects/govuk-frontend/repo
4402115cb58ffb80a9cebc30d955aa52ca183095,1600074708,12,.nvmrc,npm,package-lock.json,[],projects/govuk-frontend/repo
af9899f3d308de31c55096df035f655d11cd3a26,1600074708,12,.nvmrc,npm,package-lock.json,[],projects/govuk-frontend/repo
d66c28e3b7cb9cf75dc1dcc27326c5818490b9a3,1600074708,12,.nvmrc,npm,package-lock.json,[],projects/govuk-frontend/repo
4943329a3a7526f4ce5baf2c212518692342fe67,1600074708,12,.nvmrc,npm,package-lock.json,[],projects/govuk-frontend/repo
2d587fdd92a2cbf169fa897f88ebc6bf8c763984,1600074709,12,.nvmrc,npm,package-lock.json,[],projects/govuk-frontend/repo
09ef79d2e4ed5ea824d1f09526f902a4c8edc643,1600074709,12,.nvmrc,npm,package-lock.json,[],projects/govuk-frontend/repo
4a2c66b114296ce160b2267502d18041ea2fdc46,1600074709,12,.nvmrc,npm,package-lock.json,[],projects/govuk-frontend/repo
dabd0a40f8fe6109a1e8e66b63646f8695dfc6d8,1600074709,12,.nvmrc,npm,package-lock.json,[],projects/govuk-frontend/repo
880b660a271f702027e9c947e4a7c76e1c55bfcc,1600074709,12,.nvmrc,npm,package-lock.json,[],projects/govuk-frontend/repo
6d1b0b7a4f99fe0e2cd37e940f7209a7aff4eeab,1600084983,12,.nvmrc,npm,package-lock.json,[],projects/govuk-frontend/repo
756a48bd2e1d14b202b4523566485b80a43df1e1,1600089142,12,.nvmrc,npm,package-lock.json,[],projects/govuk-frontend/repo
0bd7651348f2ec6e6582b25dac13e9c4e08ff2d6,1600089947,12,.nvmrc,npm,package-lock.json,[],projects/govuk-frontend/repo
316b4291f8a738bdf2232c12daf267c6a8e48541,1600089947,12,.nvmrc,npm,package-lock.json,[],projects/govuk-frontend/repo
22c814eb673ab4ea0b764b99b9de595e4d3e6c64,1600089947,12,.nvmrc,npm,package-lock.json,[],projects/govuk-frontend/repo
df451170be317c8832fd07433be54ca2c91ec74f,1600089947,12,.nvmrc,npm,package-lock.json,[],projects/govuk-frontend/repo
6c925438b8bcfc3a04116c15789d9c2c6aa19080,1600089947,12,.nvmrc,npm,package-lock.json,[],projects/govuk-frontend/repo
f5b4ce4b699293405e99d99ffc0ad241e632361a,1600089947,12,.nvmrc,npm,package-lock.json,[],projects/govuk-frontend/repo
cf5be781776d7bb24394dd9211f672588ae081f6,1600090974,12,.nvmrc,npm,package-lock.json,[],projects/govuk-frontend/repo
af2e947107b53dee2dec0cceac16248ea53a463a,1600160378,12,.nvmrc,npm,package-lock.json,[],projects/govuk-frontend/repo
3f0d09d777fb97b339a02c34fa365a53956a1066,1600192091,12,.nvmrc,npm,package-lock.json,[],projects/govuk-frontend/repo
1d0d4db251c030df064b5f45b16a4c03ac2696a6,1600344901,12,.nvmrc,npm,package-lock.json,[],projects/govuk-frontend/repo
3a7d188f4c6fc2c30bd7191a290087c8d81a5cb9,1600345194,12,.nvmrc,npm,package-lock.json,[],projects/govuk-frontend/repo
1c483eed4cfc09aea86c03cb208132c0d7c3b14d,1600351411,12,.nvmrc,npm,package-lock.json,[],projects/govuk-frontend/repo
98ccef39a701f89f9395e4ac93654f74ea1d89f5,1600779179,12,.nvmrc,npm,package-lock.json,[],projects/govuk-frontend/repo
b7856f95f972158ba0acee5700d0be52c9ba1b36,1600779933,12,.nvmrc,npm,package-lock.json,[],projects/govuk-frontend/repo
8d7eeb8c418b0337a41f9b14a8eef7c2c2a18a06,1600781304,12,.nvmrc,npm,package-lock.json,[],projects/govuk-frontend/repo
e7c34fcce72d34617ce0fcb56af2e55c03d03ec8,1600781556,12,.nvmrc,npm,package-lock.json,[],projects/govuk-frontend/repo
abe1672b68fe08a55fb3562a684b408a5d452bb0,1600785371,12,.nvmrc,npm,package-lock.json,[],projects/govuk-frontend/repo
8f1544f6ad05fb2f37c6e158062d8bf1ea3b2f9f,1601647991,12,.nvmrc,npm,package-lock.json,[],projects/govuk-frontend/repo
3644bb07a553ea6dfa38395e997a92540914e8a9,1602084289,12,.nvmrc,npm,package-lock.json,[],projects/govuk-frontend/repo
758eb8dca47060461d28a5db6dda708f2cc3fee6,1602084431,12,.nvmrc,npm,package-lock.json,[],projects/govuk-frontend/repo
f3749152150a3390c9f5fb0e23bfb72b43ee83dd,1602084680,12,.nvmrc,npm,package-lock.json,[],projects/govuk-frontend/repo
606d41b3a585ee3372e388097bca241cf849f2cc,1602084755,12,.nvmrc,npm,package-lock.json,[],projects/govuk-frontend/repo
d653076cbc5640c4609c3af61bf66f052682c932,1602084823,12,.nvmrc,npm,package-lock.json,[],projects/govuk-frontend/repo
d77fc46eab7070245a808a361e21cd037799a850,1602084870,12,.nvmrc,npm,package-lock.json,[],projects/govuk-frontend/repo
5eb6eb58d655c5a58eb9296bb6474ce9cf61e881,1602168603,12,.nvmrc,npm,package-lock.json,[],projects/govuk-frontend/repo
c39cb0c7808e143601556aabc291452a2e7f0f55,1602168603,12,.nvmrc,npm,package-lock.json,[],projects/govuk-frontend/repo
4a834cc68245aee2f7070e04b5cd35f865780544,1602168603,12,.nvmrc,npm,package-lock.json,[],projects/govuk-frontend/repo
f59dd22d5bd49b285389658c461aafcfd4315df4,1602168603,12,.nvmrc,npm,package-lock.json,[],projects/govuk-frontend/repo
8d94c44a80137dabaa0f0b564dc063cfdf67c6d5,1602168603,12,.nvmrc,npm,package-lock.json,[],projects/govuk-frontend/repo
d3f09829bb225ef5ea909bc566ca02cd79c72557,1602168603,12,.nvmrc,npm,package-lock.json,[],projects/govuk-frontend/repo
d52f62ff1a3a37e017c62e6f1ee019503e243c18,1602231935,12,.nvmrc,npm,package-lock.json,[],projects/govuk-frontend/repo
803da2c92d1a73401ac506b2dc8a393fae940508,1602233335,12,.nvmrc,npm,package-lock.json,[],projects/govuk-frontend/repo
b4b0e2b40efb92343ef6e49c8b6d877a16023671,1602499455,12,.nvmrc,npm,package-lock.json,[],projects/govuk-frontend/repo
61aabca3d440edee6bdecdd20ea54a241c7bbdd5,1602680143,12,.nvmrc,npm,package-lock.json,[],projects/govuk-frontend/repo
8e6f0044e990556227794e77cd3d176f78b350a3,1602763965,12,.nvmrc,npm,package-lock.json,[],projects/govuk-frontend/repo
94d1f7a79cb73061874d4bc0448c89a0a09e5307,1602839999,12,.nvmrc,npm,package-lock.json,[],projects/govuk-frontend/repo
67c89b377255dbdb49f4bb33ad602b70ee26dbc7,1602840157,12,.nvmrc,npm,package-lock.json,[],projects/govuk-frontend/repo
1b90b347543cc5fa2d40066e0e1e835b2a34bb6d,1602840228,12,.nvmrc,npm,package-lock.json,[],projects/govuk-frontend/repo
fa580c235c364c05eed67991203e8384a5b090f4,1602840455,12,.nvmrc,npm,package-lock.json,[],projects/govuk-frontend/repo
be4c4bec60694228a36e3264a2da68efbef5ecc2,1602841854,12,.nvmrc,npm,package-lock.json,[],projects/govuk-frontend/repo
deef1e3289b16a7e587b8ec7b4866d4eaa8cee0f,1602854507,12,.nvmrc,npm,package-lock.json,[],projects/govuk-frontend/repo
c55fa4f6eab7282d48d97c17b1ae2ecc49866da7,1602861751,12,.nvmrc,npm,package-lock.json,[],projects/govuk-frontend/repo
2183583c32f47d7d2d0d1b0a439863b9e583f092,1602861751,12,.nvmrc,npm,package-lock.json,[],projects/govuk-frontend/repo
33f337e28c9abdb486ef53c261336282864189b0,1602861751,12,.nvmrc,npm,package-lock.json,[],projects/govuk-frontend/repo
2f59c13463a22df32fe3a34ad6b7b0e4c1e92db1,1602861751,12,.nvmrc,npm,package-lock.json,[],projects/govuk-frontend/repo
db2cd3dfd48987408f5e0c818986950d02da1395,1602861751,12,.nvmrc,npm,package-lock.json,[],projects/govuk-frontend/repo
82b194a72bbb1e9818ec6e46456419f28339e111,1602861752,12,.nvmrc,npm,package-lock.json,[],projects/govuk-frontend/repo
66eb960575369f668a55b39f126c269ca8659c92,1602861765,12,.nvmrc,npm,package-lock.json,[],projects/govuk-frontend/repo
d775e0551fb99150fa6d7946e8966e1dbd7f4fb3,1602861765,12,.nvmrc,npm,package-lock.json,[],projects/govuk-frontend/repo
cd32bbb03bb4b9c3ee55e10c3f3c749355825025,1602861765,12,.nvmrc,npm,package-lock.json,[],projects/govuk-frontend/repo
33907518e696f22b69d26e04d3f28a24e71b094b,1602861766,12,.nvmrc,npm,package-lock.json,[],projects/govuk-frontend/repo
8dd6a4006da1acb63809e18eb820cd0e63f38b86,1602861766,12,.nvmrc,npm,package-lock.json,[],projects/govuk-frontend/repo
2b325df5f1593a3c898808bb9b703a6350dfb963,1602861766,12,.nvmrc,npm,package-lock.json,[],projects/govuk-frontend/repo
6e3f4a9217e0023d194709cc7f3a2c8cfbcda000,1602861766,12,.nvmrc,npm,package-lock.json,[],projects/govuk-frontend/repo
1f3c11619869462c21ff71e29e43bf8410409ae0,1602861766,12,.nvmrc,npm,package-lock.json,[],projects/govuk-frontend/repo
c5f438253877a46164cbf200fdfc34ee55d38a7e,1602861766,12,.nvmrc,npm,package-lock.json,[],projects/govuk-frontend/repo
7f808073015850717ac5646968299996b9f692bd,1602861766,12,.nvmrc,npm,package-lock.json,[],projects/govuk-frontend/repo
3f0bc3d696b6a74fbf474c8787bfb57c04939501,1602861766,12,.nvmrc,npm,package-lock.json,[],projects/govuk-frontend/repo
a7d310b0df6224c87edecbe05ea58c4dbe02712c,1602861766,12,.nvmrc,npm,package-lock.json,[],projects/govuk-frontend/repo
eb02b2561737ddfc90c4ca135137868fe0b28744,1602861766,12,.nvmrc,npm,package-lock.json,[],projects/govuk-frontend/repo
d7e4a0977fe8bec201c1d81ee84968d9061f81f8,1603380758,12,.nvmrc,npm,package-lock.json,[],projects/govuk-frontend/repo
a448d18c27bad46bbe131f14577e969dd9477751,1603380758,12,.nvmrc,npm,package-lock.json,[],projects/govuk-frontend/repo
d974267a89bb34d79a5aec30c73d5a4d89c51571,1603380758,12,.nvmrc,npm,package-lock.json,[],projects/govuk-frontend/repo
e3ca1a2843f493b7eb7f4fc79637055656ab9fd4,1603380758,12,.nvmrc,npm,package-lock.json,[],projects/govuk-frontend/repo
0fd6bdf7b42c33fddef87f9727dbeeb57799e1ea,1603381148,12,.nvmrc,npm,package-lock.json,[],projects/govuk-frontend/repo
eccd1058a6c89ea069d1327682f01e977d4020d3,1603382244,12,.nvmrc,npm,package-lock.json,[],projects/govuk-frontend/repo
4fd46bad8a3231983ab11ba1dc7c5438d0ecb070,1603445423,12,.nvmrc,npm,package-lock.json,[],projects/govuk-frontend/repo
264fb920479407cb129f7a9a43dae0a6e2df60bb,1603445614,12,.nvmrc,npm,package-lock.json,[],projects/govuk-frontend/repo
1da9b9ad8cd5d439ff18f65a11552268c6b3c9f5,1603445737,12,.nvmrc,npm,package-lock.json,[],projects/govuk-frontend/repo
22827eb846b80dfa1ca4433d672c83a587f92d7b,1603445739,12,.nvmrc,npm,package-lock.json,[],projects/govuk-frontend/repo
013f7183ef0b5dae8da1cc4929e6b2728a9d337f,1603447118,12,.nvmrc,npm,package-lock.json,[],projects/govuk-frontend/repo
4ab8631ef00ca2c413e99286465a4f853ad5c3b8,1603447118,12,.nvmrc,npm,package-lock.json,[],projects/govuk-frontend/repo
e47ccf07a897c8ce402c1b3d4552060eaf0b1bb1,1603447432,12,.nvmrc,npm,package-lock.json,[],projects/govuk-frontend/repo
830f2584b0c9516183479ae23ed8507014847c7c,1603731038,12,.nvmrc,npm,package-lock.json,[],projects/govuk-frontend/repo
c599f9c82fe7710165dba7bc68ff0516be0159d1,1603731517,12,.nvmrc,npm,package-lock.json,[],projects/govuk-frontend/repo
d0d625ad8eaea1421887eb422f0e64f5b5a56726,1603817648,12,.nvmrc,npm,package-lock.json,[],projects/govuk-frontend/repo
da7b4f6369886dfe4f8e31e6095789ef88e0238a,1603877501,12,.nvmrc,npm,package-lock.json,[],projects/govuk-frontend/repo
49c530882a7379bd87315faf5332bb0f36910c26,1603878913,12,.nvmrc,npm,package-lock.json,[],projects/govuk-frontend/repo
63a3f54cb590119aaffed614c1bc839615f0d1e3,1603891869,12,.nvmrc,npm,package-lock.json,[],projects/govuk-frontend/repo
d9cc60aad8c9f0746e10413f6febb402cd66920e,1603990389,12,.nvmrc,npm,package-lock.json,[],projects/govuk-frontend/repo
5cf522d829e4f266a820598e00ac53ebe2813560,1603990389,12,.nvmrc,npm,package-lock.json,[],projects/govuk-frontend/repo
52e001f5b66e4e2daa74ae2ab30d61d4b5202747,1603990861,12,.nvmrc,npm,package-lock.json,[],projects/govuk-frontend/repo
2eb4f6422b5fbe61c13f766ad87cb47099809ed4,1604052512,12,.nvmrc,npm,package-lock.json,[],projects/govuk-frontend/repo
bdeecc219bf9b0d11a39b340c5937d886727b79e,1604068708,12,.nvmrc,npm,package-lock.json,[],projects/govuk-frontend/repo
eff7d4a57106e6e03d5e69ef86cc5dc59328d2f8,1604487490,12,.nvmrc,npm,package-lock.json,[],projects/govuk-frontend/repo
53e76f036eddd62aa33069c1d8a71a166c7f50ba,1604915067,12,.nvmrc,npm,package-lock.json,[],projects/govuk-frontend/repo
012db8dc73ee58e41add7f4f4c1e5ac1210b0701,1604998526,12,.nvmrc,npm,package-lock.json,[],projects/govuk-frontend/repo
e699b8393b51d2c962278e263eaf7e4b9caff614,1605113099,12,.nvmrc,npm,package-lock.json,[],projects/govuk-frontend/repo
f7e9b8f8a887a76cd998f69782fbe1343df7352f,1605523342,12,.nvmrc,npm,package-lock.json,[],projects/govuk-frontend/repo
1c5b7e384b7381dc599438e32c78735a52a6c6f1,1605523575,12,.nvmrc,npm,package-lock.json,[],projects/govuk-frontend/repo
590e3aec286d0b4097f826a64a9eaf6ffd3ae2ad,1605544139,12,.nvmrc,npm,package-lock.json,[],projects/govuk-frontend/repo
defaa9ff8df9b6b9d29c99104c8fafebdac1b67f,1605606404,12,.nvmrc,npm,package-lock.json,[],projects/govuk-frontend/repo
6db2e479d9c4c94f4c2113ef38082a3de7d3e3ef,1605696041,12,.nvmrc,npm,package-lock.json,[],projects/govuk-frontend/repo
09f76ffc80e297a7b172fc6e77ecef38e4b0967e,1605700781,12,.nvmrc,npm,package-lock.json,[],projects/govuk-frontend/repo
2af50d7e08ed2f26847f3762e6f565bc4ea55b42,1605703868,12,.nvmrc,npm,package-lock.json,[],projects/govuk-frontend/repo
0d11b36762327f0125a4454dcb4b48a3216cdd7a,1605719357,12,.nvmrc,npm,package-lock.json,[],projects/govuk-frontend/repo
3dc02ebb15c6c9bba91f5fb61abe7ded22d61270,1605776828,12,.nvmrc,npm,package-lock.json,[],projects/govuk-frontend/repo
a5da918fb52551104980732982e692fc76eb9cc5,1605776918,12,.nvmrc,npm,package-lock.json,[],projects/govuk-frontend/repo
742cfe66095d446f71a0d256bbc3c25fdee6dc40,1605779629,12,.nvmrc,npm,package-lock.json,[],projects/govuk-frontend/repo
de6d896802956bd9b23053e2f2b8de41cc54f2ae,1605795220,12,.nvmrc,npm,package-lock.json,[],projects/govuk-frontend/repo
ec057ddbe4d6cf87bb6a516a9f8e0aa23ae54193,1605797725,12,.nvmrc,npm,package-lock.json,[],projects/govuk-frontend/repo
578a2241eb87cc559e2ef11b05f0e9ecb2a53ff9,1605800925,12,.nvmrc,npm,package-lock.json,[],projects/govuk-frontend/repo
baed99b36335b4bb38b03f57a2d0f2ecb53551e4,1605801339,12,.nvmrc,npm,package-lock.json,[],projects/govuk-frontend/repo
105a1cc14297b8f7bdd728a0da3777f782f3507b,1605801370,12,.nvmrc,npm,package-lock.json,[],projects/govuk-frontend/repo
037a16c9deaaba8cdfb9e033bd81492bca2b2120,1605801622,12,.nvmrc,npm,package-lock.json,[],projects/govuk-frontend/repo
7dbdd94f3f1f666c94731b8c9aa2914830429571,1605802595,12,.nvmrc,npm,package-lock.json,[],projects/govuk-frontend/repo
222c6481e3a72775c2695f770f0e52f3db98b949,1605802829,12,.nvmrc,npm,package-lock.json,[],projects/govuk-frontend/repo
ecfe5e9cb66662730f14dcba8a2fdf96248305ca,1605870541,12,.nvmrc,npm,package-lock.json,[],projects/govuk-frontend/repo
2c2cd4bdd583b950dfb88c69ff84c31aba720c53,1605871792,12,.nvmrc,npm,package-lock.json,[],projects/govuk-frontend/repo
0ac715b6298b53b444242e46b107ee2efb1d8c35,1605888118,12,.nvmrc,npm,package-lock.json,[],projects/govuk-frontend/repo
67eb1b8f18b83aad73b1d6e665793be0d4721dd7,1606124858,12,.nvmrc,npm,package-lock.json,[],projects/govuk-frontend/repo
0c06c307a22c25003f0c04fa5e6430fa3190afe8,1606125024,12,.nvmrc,npm,package-lock.json,[],projects/govuk-frontend/repo
0ec483fd0ec165e702c2af32ee7fa74f65d7fc68,1606128674,12,.nvmrc,npm,package-lock.json,[],projects/govuk-frontend/repo
a2ea55c5754ab0bcf738e67567f67da15257b45c,1606214901,12,.nvmrc,npm,package-lock.json,[],projects/govuk-frontend/repo
5510c1a971745a32e921ddbc6e1bc21f33ee1162,1606216803,12,.nvmrc,npm,package-lock.json,[],projects/govuk-frontend/repo
678318e93c6c3a2a94c6bbe345606f29d8cabdfd,1606216803,12,.nvmrc,npm,package-lock.json,[],projects/govuk-frontend/repo
c46e9d3f1ac69b54712514e2fce509956acdc6d8,1606216803,12,.nvmrc,npm,package-lock.json,[],projects/govuk-frontend/repo
02859b70e103d53abd59e77769d95a978d953594,1606218476,12,.nvmrc,npm,package-lock.json,[],projects/govuk-frontend/repo
fd497c6d3ac2031d854e3d7ee6a7d08586e6a902,1606301005,12,.nvmrc,npm,package-lock.json,[],projects/govuk-frontend/repo
06c155ab71c7b1fafda9f32dd491c780e19f42be,1606306060,12,.nvmrc,npm,package-lock.json,[],projects/govuk-frontend/repo
612b2b4e2dfeb48d47221240853506492d8f037c,1606306493,12,.nvmrc,npm,package-lock.json,[],projects/govuk-frontend/repo
4a350d96a30730fe76e16f381efbf7bf8ba79acb,1606306938,12,.nvmrc,npm,package-lock.json,[],projects/govuk-frontend/repo
7073ad7f4d129d789adb656285415e9aba196355,1606310808,12,.nvmrc,npm,package-lock.json,[],projects/govuk-frontend/repo
ed1d8458b2bab69aa32ee645deb7bc52139e74a0,1606311321,12,.nvmrc,npm,package-lock.json,[],projects/govuk-frontend/repo
ff5b69867374939523f71e29eba8d49dddbf9d34,1606315691,12,.nvmrc,npm,package-lock.json,[],projects/govuk-frontend/repo
9fc38d58e356c9188a16071ae0e3580a94bbd608,1606316532,12,.nvmrc,npm,package-lock.json,[],projects/govuk-frontend/repo
ffb892d09d2dac8a8ed9e538af8cf970525340f4,1606323434,12,.nvmrc,npm,package-lock.json,[],projects/govuk-frontend/repo
f67cd281e7f18beb7e4f28eb1b228eddb492bc8b,1606387204,12,.nvmrc,npm,package-lock.json,[],projects/govuk-frontend/repo
fadfa11d3e6ae23a6196fd8551ddc74ea37a2170,1606391772,12,.nvmrc,npm,package-lock.json,[],projects/govuk-frontend/repo
6deb199f1bceecc8d9e7fb171b75769da94f3071,1606394344,12,.nvmrc,npm,package-lock.json,[],projects/govuk-frontend/repo
d824b009a22839daf5f9a61b8dcd30ea681320d7,1606394510,12,.nvmrc,npm,package-lock.json,[],projects/govuk-frontend/repo
5ce3905bfba6a6e18980b4b54c49b37333543035,1606396973,12,.nvmrc,npm,package-lock.json,[],projects/govuk-frontend/repo
9a6eb482ebf582aa5ff6ac8d02975c729f9e8172,1606400719,12,.nvmrc,npm,package-lock.json,[],projects/govuk-frontend/repo
54ca621561401bd87ae7df07a2b4e371793c8cab,1606476415,12,.nvmrc,npm,package-lock.json,[],projects/govuk-frontend/repo
cd157fd3c60a19fdd47182b4dbc865903a4270fc,1606477193,12,.nvmrc,npm,package-lock.json,[],projects/govuk-frontend/repo
1b29a4ac9b49149a27b8a538ad635a29ba3d4854,1606478189,12,.nvmrc,npm,package-lock.json,[],projects/govuk-frontend/repo
af22755c4483e9ebe49b5d533dbe85f714d14ec1,1606820436,12,.nvmrc,npm,package-lock.json,[],projects/govuk-frontend/repo
ebd961325f614d2abf2b9c476bb56a3d2177610f,1606822034,12,.nvmrc,npm,package-lock.json,[],projects/govuk-frontend/repo
50e5fdaf2c7488422f78c8b150b20d843bee6562,1606823975,12,.nvmrc,npm,package-lock.json,[],projects/govuk-frontend/repo
915b0becbf11e3beeff4e31fe5be72a397116444,1606902778,12,.nvmrc,npm,package-lock.json,[],projects/govuk-frontend/repo
9b320cece2177f3a9749d8150e250fe8978e7eef,1606903120,12,.nvmrc,npm,package-lock.json,[],projects/govuk-frontend/repo
2b83472b7e05574d37de203500d6700c3b950bb9,1607612402,12,.nvmrc,npm,package-lock.json,[],projects/govuk-frontend/repo
6613c59ee850e1ad3eade81a15c051473680c81b,1607790729,12,.nvmrc,npm,package-lock.json,[],projects/govuk-frontend/repo
a3a574240f4ffedf1780e11f2ecc1fbf6bd05f26,1607939838,12,.nvmrc,npm,package-lock.json,[],projects/govuk-frontend/repo
110c9414b3884cdecbf4a9e5b7be3b160a3bc0ad,1607940647,12,.nvmrc,npm,package-lock.json,[],projects/govuk-frontend/repo
beb0e6da17f392e0c9ecf2876cf8dfa9d2fd02c7,1607965008,12,.nvmrc,npm,package-lock.json,[],projects/govuk-frontend/repo
57bd522fa87e08877b4fb1be2cc51fdc145efae9,1608033113,12,.nvmrc,npm,package-lock.json,[],projects/govuk-frontend/repo
a6c878d57ecb21c76f99efc12ef96fa5a689b814,1608037688,12,.nvmrc,npm,package-lock.json,[],projects/govuk-frontend/repo
e3c4b8123eaa92ba5dd5b751cb90ce6c2563e666,1608037935,12,.nvmrc,npm,package-lock.json,[],projects/govuk-frontend/repo
b74e48e3646bd237c157fb3e00c918e34996228c,1608042636,12,.nvmrc,npm,package-lock.json,[],projects/govuk-frontend/repo
a8a3dcd6a24129b98a0efa03e0e3fc88315b13b6,1608043072,12,.nvmrc,npm,package-lock.json,[],projects/govuk-frontend/repo
77ff06e1c5b32861a6c197f068c4a9c711627468,1608043129,12,.nvmrc,npm,package-lock.json,[],projects/govuk-frontend/repo
49ad231eb0165381cde13043fe2dfa6d3156cf11,1608043129,12,.nvmrc,npm,package-lock.json,[],projects/govuk-frontend/repo
04097d8035dad72b0301d605e1bed4888574ee40,1608130260,12,.nvmrc,npm,package-lock.json,[],projects/govuk-frontend/repo
ae201ebb9db18a9eb9c3735c4a7336de14107b0f,1608130856,12,.nvmrc,npm,package-lock.json,[],projects/govuk-frontend/repo
156f29b7e7b924903456f6b5836c6ff8a041be91,1608131393,12,.nvmrc,npm,package-lock.json,[],projects/govuk-frontend/repo
485367ca6539b0f25db5cabf41c21dbefa59c8b7,1608196963,12,.nvmrc,npm,package-lock.json,[],projects/govuk-frontend/repo
ae5006e3d19196a6a5a84ef1ccae8b4a593f0580,1608198930,12,.nvmrc,npm,package-lock.json,[],projects/govuk-frontend/repo
d5a3fa8c5e61dbc7ca0f7a8429cc8e6716ee7c32,1608210165,12,.nvmrc,npm,package-lock.json,[],projects/govuk-frontend/repo
3539cc82fcf4fed13afa2ee2c8fae15750f75364,1608213572,12,.nvmrc,npm,package-lock.json,[],projects/govuk-frontend/repo
89c34002ea75200f3c413df30ab086cc5bc09a32,1608298392,12,.nvmrc,npm,package-lock.json,[],projects/govuk-frontend/repo
ac7a5fe63fcc622a6a76aa67d4b4e652c761b936,1608298459,12,.nvmrc,npm,package-lock.json,[],projects/govuk-frontend/repo
c205e1b6988e7b57aec97683030b3372ce3443d6,1608299199,12,.nvmrc,npm,package-lock.json,[],projects/govuk-frontend/repo
a481aeb519ac9cf238eb5d4e2d030b11e4016e1e,1608299609,12,.nvmrc,npm,package-lock.json,[],projects/govuk-frontend/repo
b1a78b5f92f7177d7cb350dcf29fa7c1c478be57,1608632557,12,.nvmrc,npm,package-lock.json,[],projects/govuk-frontend/repo
5cdd18f01a9233a237f3fbbddbdf8fc7191bd5cc,1608632619,12,.nvmrc,npm,package-lock.json,[],projects/govuk-frontend/repo
34a5fd97a72896e847d4b268e9c6b318c7882c95,1608637750,12,.nvmrc,npm,package-lock.json,[],projects/govuk-frontend/repo
2cdc825d4b56929141d5fb536c5578157d0a6265,1608718656,12,.nvmrc,npm,package-lock.json,[],projects/govuk-frontend/repo
c76966c8657a6b02430e0d7e50a92ec426c74e32,1609750287,12,.nvmrc,npm,package-lock.json,[],projects/govuk-frontend/repo
f2f5fb11cef80307dbdc537736fc69e82db156ff,1609758050,12,.nvmrc,npm,package-lock.json,[],projects/govuk-frontend/repo
a91c46f56026914f679c6316be3440ad54144657,1609840337,12,.nvmrc,npm,package-lock.json,[],projects/govuk-frontend/repo
8d0c4d1609a48b465d462f9c06a96e784b684fde,1609840337,12,.nvmrc,npm,package-lock.json,[],projects/govuk-frontend/repo
ad8a85af5789d81eb211969a203f17db10fc86c4,1609840338,12,.nvmrc,npm,package-lock.json,[],projects/govuk-frontend/repo
36cc5d416defa0a1117ce4db3e9c96b21bb74b07,1609840338,12,.nvmrc,npm,package-lock.json,[],projects/govuk-frontend/repo
ada2ea7b2f7042dec86d7083a5f15563dd2739a7,1609840338,12,.nvmrc,npm,package-lock.json,[],projects/govuk-frontend/repo
33882e47379308ffa61df564c0a7ac18321b0e53,1609840338,12,.nvmrc,npm,package-lock.json,[],projects/govuk-frontend/repo
4eaa4d79a2546aaff966933f8268f65dc1a84937,1609844852,12,.nvmrc,npm,package-lock.json,[],projects/govuk-frontend/repo
b1df4deaffab398ff7b72585ac5f4d4ac7730888,1609845488,12,.nvmrc,npm,package-lock.json,[],projects/govuk-frontend/repo
efbf0e3834cad9b7e6432be7505f990a94802cb8,1609846292,12,.nvmrc,npm,package-lock.json,[],projects/govuk-frontend/repo
62b4f8710f53c87db2f677166b0aa9c89c250522,1609846301,12,.nvmrc,npm,package-lock.json,[],projects/govuk-frontend/repo
5b45d20fbea37e143c37d80d01dbc16a1efc9c1f,1610012370,12,.nvmrc,npm,package-lock.json,[],projects/govuk-frontend/repo
e55a4e39ec16e91058231a5ca622695218b93dfb,1610042954,12,.nvmrc,npm,package-lock.json,[],projects/govuk-frontend/repo
7e75d73edd29599047ac7acc6fb30334bacf1561,1610108624,12,.nvmrc,npm,package-lock.json,[],projects/govuk-frontend/repo
8e337b676bb3b77146f47254b300a37769ac74d2,1610111411,12,.nvmrc,npm,package-lock.json,[],projects/govuk-frontend/repo
a20ffa8954820f5507715cb9ef676318d0cce3af,1610119199,12,.nvmrc,npm,package-lock.json,[],projects/govuk-frontend/repo
dc30c3ea76d994aa076a75fd4bc4404edd8cb91d,1610366216,12,.nvmrc,npm,package-lock.json,[],projects/govuk-frontend/repo
6434b50e21ebc0e879d229a765ca46011806c179,1610367969,12,.nvmrc,npm,package-lock.json,[],projects/govuk-frontend/repo
a67311413ec59885d0a39d9872c2d714d0d778f6,1611224633,12,.nvmrc,npm,package-lock.json,[],projects/govuk-frontend/repo
d9e9a384495bc576923e318ca7effe4754966809,1611224633,12,.nvmrc,npm,package-lock.json,[],projects/govuk-frontend/repo
ed6f9f023356a073f94d5ca262e0732d1754448e,1611224669,12,.nvmrc,npm,package-lock.json,[],projects/govuk-frontend/repo
f0910ae1d95108d28e47f78c37720cb008f9c5ec,1611224669,12,.nvmrc,npm,package-lock.json,[],projects/govuk-frontend/repo
b5473243db9985fcee6dfd5d8a0e12bfaff4d02b,1611246254,12,.nvmrc,npm,package-lock.json,[],projects/govuk-frontend/repo
a4db64363bb5e702794614b666d412c8b34ff2a1,1611246317,12,.nvmrc,npm,package-lock.json,[],projects/govuk-frontend/repo
4434857de33ae64235f7b58f935a2af754d3bc7f,1611246370,12,.nvmrc,npm,package-lock.json,[],projects/govuk-frontend/repo
1982ad20ada8da3f709dc9d8853e05916436e7c0,1611308364,12,.nvmrc,npm,package-lock.json,[],projects/govuk-frontend/repo
b8a738c8f09363125af8b9f0e72bd21ae6a14b2d,1611332054,12,.nvmrc,npm,package-lock.json,[],projects/govuk-frontend/repo
e5f50d77d829c7ebdd90b902301d3f656c4bac13,1611681902,12,.nvmrc,npm,package-lock.json,[],projects/govuk-frontend/repo
b650d2dfc30e65268928d44bea4e6e85fb92dccc,1611681902,12,.nvmrc,npm,package-lock.json,[],projects/govuk-frontend/repo
4c17b6d9f7ad4e7e814d21c1dc7ef58f6162bd4a,1611681902,12,.nvmrc,npm,package-lock.json,[],projects/govuk-frontend/repo
fa765bb8ea279f9a36244f37c20487c0c824ce3d,1611755765,12,.nvmrc,npm,package-lock.json,[],projects/govuk-frontend/repo
ad1b89c947ce42de76c3bcd6745a163a39f26a5c,1611756342,12,.nvmrc,npm,package-lock.json,[],projects/govuk-frontend/repo
fd2c60e6328542c8f95549310b7ffb5d51e0e576,1611756419,12,.nvmrc,npm,package-lock.json,[],projects/govuk-frontend/repo
6d53d094b34435473339b45146b74124d4a1bc8f,1611761258,12,.nvmrc,npm,package-lock.json,[],projects/govuk-frontend/repo
5fc8ee61382eb13bf555549cf133f6f929988640,1611761695,12,.nvmrc,npm,package-lock.json,[],projects/govuk-frontend/repo
857e9f77a8de0c7ca033143a138c62e04a62e3d4,1611827361,12,.nvmrc,npm,package-lock.json,[],projects/govuk-frontend/repo
29c62c5718a2b12ca878141729d3c24c9acd1d8d,1611827361,12,.nvmrc,npm,package-lock.json,[],projects/govuk-frontend/repo
8ffeb08cf82b84de124b153e8eb6a76235a71b41,1611827361,12,.nvmrc,npm,package-lock.json,[],projects/govuk-frontend/repo
b26f2a9fbed3c920c6e9f26e955c4f4909acd87b,1611827361,12,.nvmrc,npm,package-lock.json,[],projects/govuk-frontend/repo
834be0ac8fd25461c9a280ce50b6f716d37759d3,1611827361,12,.nvmrc,npm,package-lock.json,[],projects/govuk-frontend/repo
8f2fe2ea7929c4f15ccb5112d4a109137b70b773,1611827361,12,.nvmrc,npm,package-lock.json,[],projects/govuk-frontend/repo
9f2b146704a133cd6e641b3c5f1610549c2ff21e,1611827361,12,.nvmrc,npm,package-lock.json,[],projects/govuk-frontend/repo
8d2ea3528d0dd9c513a4d5e17c946c36ed9e0d68,1611827361,12,.nvmrc,npm,package-lock.json,[],projects/govuk-frontend/repo
f4c23040a3b8de0d9baefb86a66ca4346c857666,1611832488,12,.nvmrc,npm,package-lock.json,[],projects/govuk-frontend/repo
4de49d9e4fca9ed51cc3e67fc7d1dcfdfa06e9b8,1611832488,12,.nvmrc,npm,package-lock.json,[],projects/govuk-frontend/repo
f62421391b879bc3cd74d6292a7fff304f796f68,1611840314,12,.nvmrc,npm,package-lock.json,[],projects/govuk-frontend/repo
edd188353ba5cac729d29f6ea3bc81f0468abc22,1611850087,12,.nvmrc,npm,package-lock.json,[],projects/govuk-frontend/repo
649cfb8e2aa466933cbc4b520ba6fd6760ddf302,1611850292,12,.nvmrc,npm,package-lock.json,[],projects/govuk-frontend/repo
2e5741887a8df025c19a7e9b11a985ced57688e6,1611850742,12,.nvmrc,npm,package-lock.json,[],projects/govuk-frontend/repo
82e51e2a0a0e21e9fedf74b928432f00b848feab,1611850742,12,.nvmrc,npm,package-lock.json,[],projects/govuk-frontend/repo
5acfef659d7f5add5f9ad18d5f1dfbb0174189a7,1611850742,12,.nvmrc,npm,package-lock.json,[],projects/govuk-frontend/repo
0e549a5551a013a8b88fe89cdd46c35171a00aab,1611850742,12,.nvmrc,npm,package-lock.json,[],projects/govuk-frontend/repo
ed868423016b11306693adf9f403f4e5d2bb12ea,1611851019,12,.nvmrc,npm,package-lock.json,[],projects/govuk-frontend/repo
d05d418d985b158343ce84ed1ef2edbb2cdfa52e,1611916187,12,.nvmrc,npm,package-lock.json,[],projects/govuk-frontend/repo
3803f5960fe0f5b10566c3abd085a06d60e936cb,1611990697,12,.nvmrc,npm,package-lock.json,[],projects/govuk-frontend/repo
f76cc4ac9db6c7c737363eb8a70c2ab0e14a73ae,1612174333,12,.nvmrc,npm,package-lock.json,[],projects/govuk-frontend/repo
6cef872a1bef42abe59301ec79744ac1413f56c5,1612174974,12,.nvmrc,npm,package-lock.json,[],projects/govuk-frontend/repo
46febc7a647bb87823c1b933f2cb081462bc21cc,1612185162,12,.nvmrc,npm,package-lock.json,[],projects/govuk-frontend/repo
0136450bd3903265f1991d46696c448df1bad1b5,1612194234,12,.nvmrc,npm,package-lock.json,[],projects/govuk-frontend/repo
5f89afe301666bb653bf7fc726fd8fb5da6d06e1,1612259013,12,.nvmrc,npm,package-lock.json,[],projects/govuk-frontend/repo
794368060c1fb916f2ee40bdcea12713e7a76c62,1612259176,12,.nvmrc,npm,package-lock.json,[],projects/govuk-frontend/repo
ca6f92dde16fb25068fb5d686c927e02ece815b7,1612260333,12,.nvmrc,npm,package-lock.json,[],projects/govuk-frontend/repo
0657faefa576234dfae8b9318715a43313532eda,1612260333,12,.nvmrc,npm,package-lock.json,[],projects/govuk-frontend/repo
f72a571fa7b0e9943f03f9366220180c65a33d23,1612265727,12,.nvmrc,npm,package-lock.json,[],projects/govuk-frontend/repo
44e542105befcf0b9462c404cf608334ba769368,1612266007,12,.nvmrc,npm,package-lock.json,[],projects/govuk-frontend/repo
497b59477d7bc6eb0f1acd053abe9b7767076fd1,1612272184,12,.nvmrc,npm,package-lock.json,[],projects/govuk-frontend/repo
40a1b45eb4121784729b0460963e75e3f52df7e9,1612281538,12,.nvmrc,npm,package-lock.json,[],projects/govuk-frontend/repo
d1f805751dbc783d9ac1c8113a1fd408be2507fc,1612281538,12,.nvmrc,npm,package-lock.json,[],projects/govuk-frontend/repo
f77c2f6d661b1aa373402ad31189cbcd0ea34396,1612281836,12,.nvmrc,npm,package-lock.json,[],projects/govuk-frontend/repo
a57f2b2c8024503e50948791c9962a7586e2f06d,1612283797,12,.nvmrc,npm,package-lock.json,[],projects/govuk-frontend/repo
1a7d64db787cda17d90c05439513e6d0bf9ea9d1,1612372832,12,.nvmrc,npm,package-lock.json,[],projects/govuk-frontend/repo
8607945d08b7add56c88d2f77db85d464b97b064,1612517411,12,.nvmrc,npm,package-lock.json,[],projects/govuk-frontend/repo
8529a49321b9cc5f5e4d1feaa55996ee2ea9f934,1612518304,12,.nvmrc,npm,package-lock.json,[],projects/govuk-frontend/repo
153cec9d7f7d303e31304ae7bd8ee5097eb74b3c,1612533535,12,.nvmrc,npm,package-lock.json,[],projects/govuk-frontend/repo
8ba3e2b65033d17af611e8ccf82ac77f6c9522fa,1612539601,12,.nvmrc,npm,package-lock.json,[],projects/govuk-frontend/repo
ef4a761e8c9addbbbf8bb5ffffc5fa9544dadd6f,1612791619,12,.nvmrc,npm,package-lock.json,[],projects/govuk-frontend/repo
286c6c15378b1f811307b791e10bd8a9be52e227,1612793282,12,.nvmrc,npm,package-lock.json,[],projects/govuk-frontend/repo
97e6a0976cc430ffa8e1e568633c03593813c808,1612793476,12,.nvmrc,npm,package-lock.json,[],projects/govuk-frontend/repo
4b744bde3245b9b9f4da0c4ae49733c101d60688,1612793537,12,.nvmrc,npm,package-lock.json,[],projects/govuk-frontend/repo
209ddfc21fb8033243f0a38bc0eff880817f9cdf,1612793910,12,.nvmrc,npm,package-lock.json,[],projects/govuk-frontend/repo
cb11ec8df25e672705065993afb25c6d208f6f42,1612794091,12,.nvmrc,npm,package-lock.json,[],projects/govuk-frontend/repo
9e1b8c185ff4767c32701f94e940b0d933b49ed2,1612796788,12,.nvmrc,npm,package-lock.json,[],projects/govuk-frontend/repo
30a329c2293cf552c9dbc76d8d4cf0a9585cf57a,1612797258,12,.nvmrc,npm,package-lock.json,[],projects/govuk-frontend/repo
80abcf0aaac91fd3597456f5f2762f9e1be29a1b,1612821700,12,.nvmrc,npm,package-lock.json,[],projects/govuk-frontend/repo
5efe73291bd03c2d0c44e8a903dbf1ac96de7a68,1612860995,12,.nvmrc,npm,package-lock.json,[],projects/govuk-frontend/repo
b8389a92f4c568de0f3021e6bbe1c687e40bb94c,1612861064,12,.nvmrc,npm,package-lock.json,[],projects/govuk-frontend/repo
7496ef7ca1ef1f68cac9fc181479c053b8e4b768,1612861607,12,.nvmrc,npm,package-lock.json,[],projects/govuk-frontend/repo
b906c7e17898cd4108eabe73735f7b081336f22a,1612862157,12,.nvmrc,npm,package-lock.json,[],projects/govuk-frontend/repo
8748418071b7e753a2085b409d10e1c2fb40990e,1612890188,12,.nvmrc,npm,package-lock.json,[],projects/govuk-frontend/repo
c2e361c223ced6f902a76330abaa13b0d2b166db,1614068697,12,.nvmrc,npm,package-lock.json,[],projects/govuk-frontend/repo
ff22c3d503cfd52da810b289def0d4e1a8deaab8,1614183449,12,.nvmrc,npm,package-lock.json,[],projects/govuk-frontend/repo
0a69a84282da8fe5477f90bfd8c83b787df8ae95,1614348651,12,.nvmrc,npm,package-lock.json,[],projects/govuk-frontend/repo
0a7206e689f30e1b081ee06666b841755a18aaa1,1614348845,12,.nvmrc,npm,package-lock.json,[],projects/govuk-frontend/repo
dc44da8cfb17e200167acf0874f736ab4ba1d431,1614349123,12,.nvmrc,npm,package-lock.json,[],projects/govuk-frontend/repo
aecd7c9cc962b3c15e8c3632303930a61934e308,1614350504,12,.nvmrc,npm,package-lock.json,[],projects/govuk-frontend/repo
131c55aecb4f8f97687d13ce4aa8d096ca62ff34,1614687668,12,.nvmrc,npm,package-lock.json,[],projects/govuk-frontend/repo
3e3553f731c8d4fbc7ce201f69b874b68af860f3,1614764763,12,.nvmrc,npm,package-lock.json,[],projects/govuk-frontend/repo
c2ab789de2593bb156b83dae64e91324b220b3e0,1614852297,12,.nvmrc,npm,package-lock.json,[],projects/govuk-frontend/repo
35f2a1d841c55c8b079a85c7b5c501206b8468ae,1614943224,12,.nvmrc,npm,package-lock.json,[],projects/govuk-frontend/repo
a903b9d3144b66261c30e6ad479e87839e013b5c,1614946637,12,.nvmrc,npm,package-lock.json,[],projects/govuk-frontend/repo
e9021b5890f83f42c2a47888e7fc8e0b593a7a12,1615208406,12,.nvmrc,npm,package-lock.json,[],projects/govuk-frontend/repo
59c11ee8267930c34a85cbbf7cfd621a57360ed3,1615208631,12,.nvmrc,npm,package-lock.json,[],projects/govuk-frontend/repo
33f7af359a8639056bf98839f3f9c9d4ce4963db,1615230414,12,.nvmrc,npm,package-lock.json,[],projects/govuk-frontend/repo
975c9c1f2c20a16d7a6b07818a934a4400c6d9cd,1615230414,12,.nvmrc,npm,package-lock.json,[],projects/govuk-frontend/repo
2c645890d916a2a59e1305d27bfe6ddfaf4d0136,1615397891,12,.nvmrc,npm,package-lock.json,[],projects/govuk-frontend/repo
aafdd457350c92ec8695e1f60dcd65da230a635a,1615398222,12,.nvmrc,npm,package-lock.json,[],projects/govuk-frontend/repo
90be3e195088ebf1a115b0b2ff8feb958afe54a4,1615399655,12,.nvmrc,npm,package-lock.json,[],projects/govuk-frontend/repo
2ffad88dbf7f39269b439cf7b59e1836eced59f4,1615399670,12,.nvmrc,npm,package-lock.json,[],projects/govuk-frontend/repo
375ae15c2e708d7818335e9af1a424f121fc53e9,1615399690,12,.nvmrc,npm,package-lock.json,[],projects/govuk-frontend/repo
f023e60bc4e9588e719d93d9f5b93ef0f8de58f9,1615400213,12,.nvmrc,npm,package-lock.json,[],projects/govuk-frontend/repo
5fb321195b344a241f723d30a2357a7f95ecdc0e,1615454712,12,.nvmrc,npm,package-lock.json,[],projects/govuk-frontend/repo
f30239c3383c1a6384e1bc877c5819dbfc69d7e9,1615898103,12,.nvmrc,npm,package-lock.json,[],projects/govuk-frontend/repo
c4fbe3dc7ff67741f7a07a2fe70ee9cd91b94cfe,1615901706,12,.nvmrc,npm,package-lock.json,[],projects/govuk-frontend/repo
8276c0d5fe035dd19af00f42923308707a8cccfb,1617093428,12,.nvmrc,npm,package-lock.json,[],projects/govuk-frontend/repo
bdfb19861dd8afb49a5bd9721b6c79a639a53531,1617093862,12,.nvmrc,npm,package-lock.json,[],projects/govuk-frontend/repo
65823aa910324a55b30daae7f5fe7211f238af5f,1617093900,12,.nvmrc,npm,package-lock.json,[],projects/govuk-frontend/repo
5c85d01c477f4d4f88a400f96d928b144619aa62,1617178800,12,.nvmrc,npm,package-lock.json,[],projects/govuk-frontend/repo
ffe4d894cfd7d4e0a7fe52dfa7e5f83da587e2da,1617186558,12,.nvmrc,npm,package-lock.json,[],projects/govuk-frontend/repo
435b37e8df8af5ca558d683ccb8f94455d2cf7bd,1617268151,12,.nvmrc,npm,package-lock.json,[],projects/govuk-frontend/repo
df98981214d069ab78428257d8ca6e667dcbc95a,1617700253,12,.nvmrc,npm,package-lock.json,[],projects/govuk-frontend/repo
f1ef377013398bd861a6e804d720ecacec690019,1617700316,12,.nvmrc,npm,package-lock.json,[],projects/govuk-frontend/repo
056db451212aede2ad5ca2a9b60889e809d7687a,1617703272,12,.nvmrc,npm,package-lock.json,[],projects/govuk-frontend/repo
311a18ddde1f1fa2410947b09b76d3c826f63975,1617706597,12,.nvmrc,npm,package-lock.json,[],projects/govuk-frontend/repo
7d9a3c4dfa5a016ba3a730c6104382fa174fa975,1617955120,12,.nvmrc,npm,package-lock.json,[],projects/govuk-frontend/repo
34806961fffb5e3b43de9fbda5f9a08f376ec196,1617955331,12,.nvmrc,npm,package-lock.json,[],projects/govuk-frontend/repo
5fd24a775f2bb983cff7c06e6637e6972b3f95a3,1618302385,12,.nvmrc,npm,package-lock.json,[],projects/govuk-frontend/repo
31f78f90435b1c1c8aef437d4657589e8c866d99,1618398086,12,.nvmrc,npm,package-lock.json,[],projects/govuk-frontend/repo
ffe72e5daba72901362c187934d1fae1d58f33e4,1618401591,12,.nvmrc,npm,package-lock.json,[],projects/govuk-frontend/repo
8a379f7765161c0802bdfeed00771d2b89d8ee3e,1618842991,12,.nvmrc,npm,package-lock.json,[],projects/govuk-frontend/repo
d3226ce5064d1c72e146b6d710e1a3a9babfda46,1618842991,12,.nvmrc,npm,package-lock.json,[],projects/govuk-frontend/repo
c4ef8b5183fe1615e68b97daa867bfd73888a645,1618842991,12,.nvmrc,npm,package-lock.json,[],projects/govuk-frontend/repo
522a4890627b49b67ca0cdfe713a014f4c6e271b,1618844151,12,.nvmrc,npm,package-lock.json,[],projects/govuk-frontend/repo
7d8ec698268aab7951eb7af481dc09526687be49,1619179682,12,.nvmrc,npm,package-lock.json,[],projects/govuk-frontend/repo
6997d577ae7ceb385a4c9893fd638ef9589d0837,1619430136,12,.nvmrc,npm,package-lock.json,[],projects/govuk-frontend/repo
62ec28926dc3ce4be8244d116df9be2d3171e74b,1619430136,12,.nvmrc,npm,package-lock.json,[],projects/govuk-frontend/repo
a42f4ae904e4d7b35a7ee533da5f67ae5c156864,1619433220,12,.nvmrc,npm,package-lock.json,[],projects/govuk-frontend/repo
9d903ca330075589ec67154015a0bb5c7af9f0fc,1619433920,12,.nvmrc,npm,package-lock.json,[],projects/govuk-frontend/repo
dab30a4e5434ce07f1f9ebd2bc2c504f67b3a756,1619514997,12,.nvmrc,npm,package-lock.json,[],projects/govuk-frontend/repo
bdef7357c69bd12ff7b0db2f57df6c39fda83d83,1619515155,12,.nvmrc,npm,package-lock.json,[],projects/govuk-frontend/repo
c8d2deddc2cf7fa6d116f2af320b322f23856689,1619517895,12,.nvmrc,npm,package-lock.json,[],projects/govuk-frontend/repo
8b6721946772123af89cb61d0e44da86059e1414,1619714037,12,.nvmrc,npm,package-lock.json,[],projects/govuk-frontend/repo
0a905ce0252619ebe2bb27e313118d8beaed6a24,1619714506,12,.nvmrc,npm,package-lock.json,[],projects/govuk-frontend/repo
62d299328a0b9613203f055383835fdbc5d079b9,1619715096,12,.nvmrc,npm,package-lock.json,[],projects/govuk-frontend/repo
d597d85941042e8a65c1b5541665bea171e837ef,1619715575,12,.nvmrc,npm,package-lock.json,[],projects/govuk-frontend/repo
b76bfaf414e07ef53f9b948e6a352588fa330766,1619715619,12,.nvmrc,npm,package-lock.json,[],projects/govuk-frontend/repo
ee1f3a08ee37baa3ddf1e7c334d5293938cb435a,1619771817,12,.nvmrc,npm,package-lock.json,[],projects/govuk-frontend/repo
8bc9ebccb5c8c1c01d80ffeb49e0134de5d6738f,1619779384,12,.nvmrc,npm,package-lock.json,[],projects/govuk-frontend/repo
1c2d64cd85af946a92e8944bfd17d96e61328f70,1619779512,12,.nvmrc,npm,package-lock.json,[],projects/govuk-frontend/repo
0eca8a158d1636da65890b8794ce801401f184dc,1619779533,12,.nvmrc,npm,package-lock.json,[],projects/govuk-frontend/repo
e91922bc2dea6d3e6e9fc4a0695cae9d300008ff,1619779854,12,.nvmrc,npm,package-lock.json,[],projects/govuk-frontend/repo
a3cc2d4cf1001687b2504b64db80a8ee06f5a090,1619779925,12,.nvmrc,npm,package-lock.json,[],projects/govuk-frontend/repo
ff0f3282d43285f41720288bc6415daf4b626012,1619780218,12,.nvmrc,npm,package-lock.json,[],projects/govuk-frontend/repo
964604d2ff2df0fcd7ad8bad9d91a05d4cb8386b,1619780432,12,.nvmrc,npm,package-lock.json,[],projects/govuk-frontend/repo
57d6bb923dfbef5ff5b01b63013c30cb0d06254d,1619786034,12,.nvmrc,npm,package-lock.json,[],projects/govuk-frontend/repo
182e1e8c5e36f066a3f3a615f703994efe2652e2,1619786336,12,.nvmrc,npm,package-lock.json,[],projects/govuk-frontend/repo
2dbff2b1fed68b675c033466f7bff25417d08c62,1619786339,12,.nvmrc,npm,package-lock.json,[],projects/govuk-frontend/repo
32216bf294544444e7188091356e8ce0718ee94b,1619786509,12,.nvmrc,npm,package-lock.json,[],projects/govuk-frontend/repo
bcd1f1bba3993217648ad8dbb596a2bf5ffb3d88,1619786631,12,.nvmrc,npm,package-lock.json,[],projects/govuk-frontend/repo
57b3a72d365a8e1a1855896c7f18ae809beda4ce,1619786631,12,.nvmrc,npm,package-lock.json,[],projects/govuk-frontend/repo
5ff88cf559c52eecf62517e374d4029948959901,1619786631,12,.nvmrc,npm,package-lock.json,[],projects/govuk-frontend/repo
cdc50ec44ac82581304956b82d5c238cf469e4da,1619789886,12,.nvmrc,npm,package-lock.json,[],projects/govuk-frontend/repo
f429cf0460093b88415ecf12ccbb062c0c20b355,1619789886,12,.nvmrc,npm,package-lock.json,[],projects/govuk-frontend/repo
1c8cb3c10bdbc401f9a54d5b7f2e991b5c47da03,1619789886,12,.nvmrc,npm,package-lock.json,[],projects/govuk-frontend/repo
abf1fe55a76bc5a780ad09bb642299207eaf5b49,1619789887,12,.nvmrc,npm,package-lock.json,[],projects/govuk-frontend/repo
683591e5980fcc706caf21a9c7fe9bfe46fe85cf,1619789887,12,.nvmrc,npm,package-lock.json,[],projects/govuk-frontend/repo
ef421f6dc3b4e34fdba998e108e29a2d16db659c,1619798163,12,.nvmrc,npm,package-lock.json,[],projects/govuk-frontend/repo
90a3457e41888adf6cf128ca8d6bca6291eaed18,1619798188,12,.nvmrc,npm,package-lock.json,[],projects/govuk-frontend/repo
471c817dcfc043971e8b48872b9dd8992a1eeae1,1619798508,12,.nvmrc,npm,package-lock.json,[],projects/govuk-frontend/repo
8187b5733a767dfee5bff474010d8572abadac1b,1619798999,12,.nvmrc,npm,package-lock.json,[],projects/govuk-frontend/repo
6f90027654774f89f029c6b494da78af2f18d919,1619798999,12,.nvmrc,npm,package-lock.json,[],projects/govuk-frontend/repo
934a684b21b65b8308663d74b45b3b000f7aa991,1619798999,12,.nvmrc,npm,package-lock.json,[],projects/govuk-frontend/repo
f0a62dba1a86109b27b3ec053d4f62b9ddc032b7,1619798999,12,.nvmrc,npm,package-lock.json,[],projects/govuk-frontend/repo
6a43ce8bd453afd0866813ef193e7c28831c2077,1619798999,12,.nvmrc,npm,package-lock.json,[],projects/govuk-frontend/repo
8494fd9b02ee50f2508ab88c0d456d160cf15930,1620216524,12,.nvmrc,npm,package-lock.json,[],projects/govuk-frontend/repo
1768c01a46daadab4e008b0700d999311506cc10,1620216545,12,.nvmrc,npm,package-lock.json,[],projects/govuk-frontend/repo
3ced1381cfc109cfb8cc8be3f54c91f8733cfbdc,1620324658,12,.nvmrc,npm,package-lock.json,[],projects/govuk-frontend/repo
a4c057d49be5ed380fdcc0f455bd63119858ff1a,1620377988,12,.nvmrc,npm,package-lock.json,[],projects/govuk-frontend/repo
ee563bd35d3e55415ad79090a305994efc1bcd33,1620399021,12,.nvmrc,npm,package-lock.json,[],projects/govuk-frontend/repo
e9014d646fa20b63c38ce2a3aa58c5ef4784f923,1620639728,12,.nvmrc,npm,package-lock.json,[],projects/govuk-frontend/repo
8699cb1d9832408c796246f1c5813ee4fdabc481,1620641104,12,.nvmrc,npm,package-lock.json,[],projects/govuk-frontend/repo
91cf855f01b69b4e525ab1e2c41115691aa25f44,1620641834,12,.nvmrc,npm,package-lock.json,[],projects/govuk-frontend/repo
943408aa384a65a89f40b441a48a9e7a6a580253,1620648988,12,.nvmrc,npm,package-lock.json,[],projects/govuk-frontend/repo
a48b382ff6c3781306885558e1d32aa4614add54,1620649466,12,.nvmrc,npm,package-lock.json,[],projects/govuk-frontend/repo
4b5ed0ada3b64722ae2074dfa0db5d4d3a45cb79,1620652974,12,.nvmrc,npm,package-lock.json,[],projects/govuk-frontend/repo
87730c42ae516e71a0008b0f51c4462ec3ada051,1620744084,12,.nvmrc,npm,package-lock.json,[],projects/govuk-frontend/repo
56340ca3198def705350add719930584de6f15d4,1620810641,12,.nvmrc,npm,package-lock.json,[],projects/govuk-frontend/repo
2831c6a9da553cd9dbd03c868b858ad59bc7e839,1620810891,12,.nvmrc,npm,package-lock.json,[],projects/govuk-frontend/repo
df3b45a1f9b5b200deccf99ce63a87af013b0c31,1620898399,12,.nvmrc,npm,package-lock.json,[],projects/govuk-frontend/repo
52232d69e0e84224e30535858261574afaddc29e,1620900221,12,.nvmrc,npm,package-lock.json,[],projects/govuk-frontend/repo
619e6e8c9f322d7d9bda8f830d0fb0d0d2f54208,1620909428,12,.nvmrc,npm,package-lock.json,[],projects/govuk-frontend/repo
e527a8f4f1e25a0be1c670c3dd09a82e39a65a8e,1620910813,12,.nvmrc,npm,package-lock.json,[],projects/govuk-frontend/repo
b1134b70389897e195e6e3d7f54fc869a41a4170,1620916950,12,.nvmrc,npm,package-lock.json,[],projects/govuk-frontend/repo
c1acde2037520a635739ce27ca432225e83ed992,1620919170,12,.nvmrc,npm,package-lock.json,[],projects/govuk-frontend/repo
47ca4e9937d899ddea98aba93c26a08837b611b3,1620919438,12,.nvmrc,npm,package-lock.json,[],projects/govuk-frontend/repo
dedf43e38fef7ac596dc7911fd2c84ca260dfe81,1620986299,12,.nvmrc,npm,package-lock.json,[],projects/govuk-frontend/repo
7d046a0a2a45c3af0b19fa3b1157cc86d2f69b3a,1621243304,12,.nvmrc,npm,package-lock.json,[],projects/govuk-frontend/repo
c14d6c96addca556664ac697e92c051e5efb5e09,1621247891,12,.nvmrc,npm,package-lock.json,[],projects/govuk-frontend/repo
f084ce6202b4a953966d4e97deabe8e9edfdef0a,1621261131,12,.nvmrc,npm,package-lock.json,[],projects/govuk-frontend/repo
cf4790bc57da93c5c7e11052d54505440135ed90,1621261131,12,.nvmrc,npm,package-lock.json,[],projects/govuk-frontend/repo
8ff8819d5ac76282c5d52a7ae93b7e5c791ddd02,1621410818,12,.nvmrc,npm,package-lock.json,[],projects/govuk-frontend/repo
ce5622a1f0be149012cbddbdfa6a71d20ae101fe,1621411652,12,.nvmrc,npm,package-lock.json,[],projects/govuk-frontend/repo
299d1fad13fc8fb925ea78dbab5be39e19b0443f,1621593457,12,.nvmrc,npm,package-lock.json,[],projects/govuk-frontend/repo
4f71da655cab81cacded150d87e112c86c4ca277,1621599241,12,.nvmrc,npm,package-lock.json,[],projects/govuk-frontend/repo
bf8992e220b9328ab86096a44ea1e576d5abba63,1621956476,12,.nvmrc,npm,package-lock.json,[],projects/govuk-frontend/repo
1b4ae119f192d9c9906cc716622516db1c827c3e,1622641906,12,.nvmrc,npm,package-lock.json,[],projects/govuk-frontend/repo
c2caa62f381926523520faee6947effe39c3a355,1622641906,12,.nvmrc,npm,package-lock.json,[],projects/govuk-frontend/repo
cf53b6745c133f898589efd82fca6aeba3eb8d16,1622641906,12,.nvmrc,npm,package-lock.json,[],projects/govuk-frontend/repo
b65af0070ee1a551d8f3aca6d0ee84de75f37087,1622650497,12,.nvmrc,npm,package-lock.json,[],projects/govuk-frontend/repo
78af83512c53b584a6e573a97fa9ebbf8f2348ba,1622795942,12,.nvmrc,npm,package-lock.json,[],projects/govuk-frontend/repo
491f35b8fb5396698cbc2404427b59b23b939b04,1622796003,12,.nvmrc,npm,package-lock.json,[],projects/govuk-frontend/repo
781f0a7a59833a4a0c2d532d5aa1aa914d6a8dca,1622811382,12,.nvmrc,npm,package-lock.json,[],projects/govuk-frontend/repo
dfa2bc05629714b6575e9507ea917d4cec6b1799,1622815368,12,.nvmrc,npm,package-lock.json,[],projects/govuk-frontend/repo
8f26b79cabe4c2722774965f5abb31694fc4d9b5,1622819408,12,.nvmrc,npm,package-lock.json,[],projects/govuk-frontend/repo
74162168a681df3a0304a433035beea7f499a09d,1622819796,12,.nvmrc,npm,package-lock.json,[],projects/govuk-frontend/repo
54f1c467ef790010dda5cd402bfffc0e1175bd32,1623067930,12,.nvmrc,npm,package-lock.json,[],projects/govuk-frontend/repo
130920158245d72b2f02877b94a77e85b41d8502,1623067970,12,.nvmrc,npm,package-lock.json,[],projects/govuk-frontend/repo
c8037941c75da8c968f06c20a6b6bfe77a479041,1623067972,12,.nvmrc,npm,package-lock.json,[],projects/govuk-frontend/repo
7f004ada847fdb9430fbecf850ceeba2367c205e,1623067972,12,.nvmrc,npm,package-lock.json,[],projects/govuk-frontend/repo
94f4c1771333d974ae6fd3adbd24649bde2c5e77,1623067972,12,.nvmrc,npm,package-lock.json,[],projects/govuk-frontend/repo
d970d1d7dbe53cfb034509b82932279830babf73,1623067972,12,.nvmrc,npm,package-lock.json,[],projects/govuk-frontend/repo
61ff4e5cd3ddea7a9935067056f512059c2b598f,1623067972,12,.nvmrc,npm,package-lock.json,[],projects/govuk-frontend/repo
6eed24cf47b3ab73873bf11ae2363de558b85bae,1623067972,12,.nvmrc,npm,package-lock.json,[],projects/govuk-frontend/repo
a41b398debcb35a1448943fae951c3c6cd678706,1623147410,12,.nvmrc,npm,package-lock.json,[],projects/govuk-frontend/repo
6ddc3e54761b7c201c539af31ad02d159c10d975,1623147731,12,.nvmrc,npm,package-lock.json,[],projects/govuk-frontend/repo
90dd9db0e140f33f48fcee3a1943841b0e7335f6,1623149937,12,.nvmrc,npm,package-lock.json,[],projects/govuk-frontend/repo
86959c5ddfbac51bc1c0d66934970c008b3fe253,1623153540,14,.nvmrc,npm,package-lock.json,[],projects/govuk-frontend/repo
2e40d744af6e6e4213ebc47644982d4eb94422d4,1623334736,12,.nvmrc,npm,package-lock.json,[],projects/govuk-frontend/repo
279606d39342167193a92aac79bdfc4238aa6489,1623405797,12,.nvmrc,npm,package-lock.json,[],projects/govuk-frontend/repo
e873ed553991676b73666f6338a5a0f16eca9ffc,1623677662,12,.nvmrc,npm,package-lock.json,[],projects/govuk-frontend/repo
208711ceec4aae0dae825004b47b747ef4be55fd,1623684046,12,.nvmrc,npm,package-lock.json,[],projects/govuk-frontend/repo
c4cd99388caef6849075f950d431b0851e89ed8c,1623749696,12,.nvmrc,npm,package-lock.json,[],projects/govuk-frontend/repo
857afd4cda4b6d56b0bb5b1a4c529e053da0bd8f,1623839534,14,.nvmrc,npm,package-lock.json,[],projects/govuk-frontend/repo
c9b18c5b13a5375661a1e53eb0248dfda391ecdb,1623840396,14,.nvmrc,npm,package-lock.json,[],projects/govuk-frontend/repo
fa0a3854cc48df2b66914de0fb2d7f094124e937,1623943387,14,.nvmrc,npm,package-lock.json,[],projects/govuk-frontend/repo
f3598704a740d6935897fe00fb13b5acdbc28ad6,1623944569,14,.nvmrc,npm,package-lock.json,[],projects/govuk-frontend/repo
4abfcd8657ac19eca5e3ca4045046a2fe23330d5,1624015721,12,.nvmrc,npm,package-lock.json,[],projects/govuk-frontend/repo
7e746b4670e10349a3e678f4bbd6e7d85e8b771d,1624015770,12,.nvmrc,npm,package-lock.json,[],projects/govuk-frontend/repo
fad5263cc54941acc708e495d6cb72006c3c2640,1624015815,12,.nvmrc,npm,package-lock.json,[],projects/govuk-frontend/repo
90d7f266b9648869949167383d5769c10ea95bee,1624016485,12,.nvmrc,npm,package-lock.json,[],projects/govuk-frontend/repo
1042a8e182a87a9616c366c1caefa9f7bd7af233,1624016494,12,.nvmrc,npm,package-lock.json,[],projects/govuk-frontend/repo
93ab1d4bd90ad6d5a45e660a6893d992dc60a82e,1624020853,14,.nvmrc,npm,package-lock.json,[],projects/govuk-frontend/repo
8f2eb9eab6b2e0b35f82dc04d6d379f41fc104ca,1624527723,14,.nvmrc,npm,package-lock.json,[],projects/govuk-frontend/repo
a100f4a5c8e0c79314ef7d4554d702846fbb8347,1624529513,14,.nvmrc,npm,package-lock.json,[],projects/govuk-frontend/repo
4e8d92e50c90d883b53db4c2c88585abad8166cb,1624529882,14,.nvmrc,npm,package-lock.json,[],projects/govuk-frontend/repo
d86739ea1bd5a2e866209bba3863a5820224db78,1624530186,14,.nvmrc,npm,package-lock.json,[],projects/govuk-frontend/repo
84c0669e22b58e6c60cdbbd731868a398505ce89,1624530254,14,.nvmrc,npm,package-lock.json,[],projects/govuk-frontend/repo
4b7702d46c1d413df05e5c4a47f9970057270245,1624536477,14,.nvmrc,npm,package-lock.json,[],projects/govuk-frontend/repo
b2687fe47f3eb37d8790f422edb520fc24b4e0cd,1624538355,14,.nvmrc,npm,package-lock.json,[],projects/govuk-frontend/repo
7dcba7d60cffba802e48f32d2c6f2349d0f450eb,1625156864,14,.nvmrc,npm,package-lock.json,[],projects/govuk-frontend/repo
775d940bee0afeecccb553ace83f9237b7d45748,1625223640,14,.nvmrc,npm,package-lock.json,[],projects/govuk-frontend/repo
ecd839c3fcfb0468d8cecdb09cfb9f7f158c5fb8,1625233397,14,.nvmrc,npm,package-lock.json,[],projects/govuk-frontend/repo
853fbf8ae32a977e36b77b9aed0d5b31c88ca9ba,1625584367,14,.nvmrc,npm,package-lock.json,[],projects/govuk-frontend/repo
a71bfc65a8c5d910559c8eeac21ad7c78edaa5b0,1625660810,14,.nvmrc,npm,package-lock.json,[],projects/govuk-frontend/repo
ef037104629d75901ae42c99f5f522ef06b214a8,1625758231,14,.nvmrc,npm,package-lock.json,[],projects/govuk-frontend/repo
a7e1c849ba6736f5876970d94e620f65b0577e58,1625827015,14,.nvmrc,npm,package-lock.json,[],projects/govuk-frontend/repo
d0f6f0815b74da6a9704a251b510b321193ad8e5,1625827059,14,.nvmrc,npm,package-lock.json,[],projects/govuk-frontend/repo
8a749aa621b9a245df3113b650812ef0b1f0419d,1625827852,14,.nvmrc,npm,package-lock.json,[],projects/govuk-frontend/repo
850c0b74cd6f589bd1f9847efcb09b241bee76cf,1625827908,14,.nvmrc,npm,package-lock.json,[],projects/govuk-frontend/repo
b82ca21d0820731a5de00d8ae69850756e453529,1625827931,14,.nvmrc,npm,package-lock.json,[],projects/govuk-frontend/repo
6cf094045edb4293fcc9531a955787f08ff8f8a4,1625833801,14,.nvmrc,npm,package-lock.json,[],projects/govuk-frontend/repo
0de1be5430201f5f2db93195726f3db82b6a85dc,1626168423,14,.nvmrc,npm,package-lock.json,[],projects/govuk-frontend/repo
ab705fc71721452c4cc76840c4d051ef483c4aba,1626170322,14,.nvmrc,npm,package-lock.json,[],projects/govuk-frontend/repo
b0e673201c9bd5faeb9887d9f88a606e50e567af,1626359215,14,.nvmrc,npm,package-lock.json,[],projects/govuk-frontend/repo
c20c78de19c29ff40baac1a52ec6a935e2756929,1626429121,14,.nvmrc,npm,package-lock.json,[],projects/govuk-frontend/repo
a71781adfba6545ed00b2c901135efcbf6e69389,1626429246,14,.nvmrc,npm,package-lock.json,[],projects/govuk-frontend/repo
168c1aa3646c59e69262c21c8c8419c8f6c5e60f,1626429467,14,.nvmrc,npm,package-lock.json,[],projects/govuk-frontend/repo
72e9d6e43cffa7db79477343a2cf931812f9b7c7,1626690254,14,.nvmrc,npm,package-lock.json,[],projects/govuk-frontend/repo
8101a2cf6127c2c3e9488e6ad16862fadc213243,1627381955,14,.nvmrc,npm,package-lock.json,[],projects/govuk-frontend/repo
6a9cc277edbcce211736eaaa323a8b0d30d3ff54,1627384572,14,.nvmrc,npm,package-lock.json,[],projects/govuk-frontend/repo
a4b0cac456a20405cd8d59ab4b94a293058ebc40,1627402043,14,.nvmrc,npm,package-lock.json,[],projects/govuk-frontend/repo
7b8b28413eee09d5b4913b2c5821cdc673af32c4,1627402231,14,.nvmrc,npm,package-lock.json,[],projects/govuk-frontend/repo
5571ded433c290ea3b2e4db09e3201f4175ec44c,1627467132,14,.nvmrc,npm,package-lock.json,[],projects/govuk-frontend/repo
406f4035a46a253bbd208c454576236b88e0b66b,1627549544,14,.nvmrc,npm,package-lock.json,[],projects/govuk-frontend/repo
1ad33bdb93f5c8c40518617c3c88b632cfbcc795,1627646339,14,.nvmrc,npm,package-lock.json,[],projects/govuk-frontend/repo
d140effdaf8ad40b53527f6fea5e2cffc211a7ba,1627646731,14,.nvmrc,npm,package-lock.json,[],projects/govuk-frontend/repo
ed0467b7a6c26c5918a556d6a9dd5f3d57763de1,1627647529,14,.nvmrc,npm,package-lock.json,[],projects/govuk-frontend/repo
bdf505967e94d789b230f0821a684afe9199e76d,1627988843,14,.nvmrc,npm,package-lock.json,[],projects/govuk-frontend/repo
b34bac41d9972525b8c1dc82c38ed435c8a3d8bc,1628094430,14,.nvmrc,npm,package-lock.json,[],projects/govuk-frontend/repo
1c57eab2f74c4873ee5685cc6ad822a36f824352,1628095837,14,.nvmrc,npm,package-lock.json,[],projects/govuk-frontend/repo
181f435512d895594c9e6b6248c29a9e47da68f7,1628497469,14,.nvmrc,npm,package-lock.json,[],projects/govuk-frontend/repo
e64a8e44050a6b591440c52e7039beb215bd240c,1628498124,14,.nvmrc,npm,package-lock.json,[],projects/govuk-frontend/repo
27c5e8703dc476276779414f45e9572455484db1,1628592090,14,.nvmrc,npm,package-lock.json,[],projects/govuk-frontend/repo
1198bda2a207b20e9265496b1e22e79f63a251fa,1628603871,14,.nvmrc,npm,package-lock.json,[],projects/govuk-frontend/repo
f86488ec8195813a0833d7db126d604e0cf300ec,1628604143,14,.nvmrc,npm,package-lock.json,[],projects/govuk-frontend/repo
aaca74992758a18ec758bd079aa9a0069ef51b53,1628672764,14,.nvmrc,npm,package-lock.json,[],projects/govuk-frontend/repo
ce81ef5f40d50bbe8c9b8b750cfd0805b1e86862,1628674487,14,.nvmrc,npm,package-lock.json,[],projects/govuk-frontend/repo
a15a6b96415d1f259a97cda952d48491ef4b5b58,1628685759,14,.nvmrc,npm,package-lock.json,[],projects/govuk-frontend/repo
6b40a78cc25842de8d194f8fb49c35929d878e1a,1628686007,14,.nvmrc,npm,package-lock.json,[],projects/govuk-frontend/repo
ea212378306ba8e294beafdbcfecf6c8bf400373,1628761519,14,.nvmrc,npm,package-lock.json,[],projects/govuk-frontend/repo
d844f36b7cc904f22242c54c1f88a5beb207d4e4,1628775778,14,.nvmrc,npm,package-lock.json,[],projects/govuk-frontend/repo
87017132a1d8fc6281fdbf18e6f04473c90cd142,1628776904,14,.nvmrc,npm,package-lock.json,[],projects/govuk-frontend/repo
3c3902e48b73e049a3b165d40e18104c1fda049a,1628842770,14,.nvmrc,npm,package-lock.json,[],projects/govuk-frontend/repo
d8796e8226c9a8ab446378b37fea399400287ff4,1629109054,14,.nvmrc,npm,package-lock.json,[],projects/govuk-frontend/repo
2b4158606f7f7ec6eeecbf3576530a278babd78d,1629120689,14,.nvmrc,npm,package-lock.json,[],projects/govuk-frontend/repo
e618857f5d3c9d5592a137fe56810a98d3ab24c3,1629214540,14,.nvmrc,npm,package-lock.json,[],projects/govuk-frontend/repo
44c9213422daa26d3842d4cd21680cf75e5ed02a,1629370192,14,.nvmrc,npm,package-lock.json,[],projects/govuk-frontend/repo
53ca3eb7421b73e832de6bed488619491f44384b,1629473339,14,.nvmrc,npm,package-lock.json,[],projects/govuk-frontend/repo
4b42bc2294a56ef72ea34a85a770492de7fd8d39,1629473732,14,.nvmrc,npm,package-lock.json,[],projects/govuk-frontend/repo
94a5f85b85e572cb3dd25050f0e5041faec70797,1629811929,14,.nvmrc,npm,package-lock.json,[],projects/govuk-frontend/repo
8e0e56dfae57aad8f0cd945961b2fcda23d07d15,1629811954,14,.nvmrc,npm,package-lock.json,[],projects/govuk-frontend/repo
450252d0d8b0ab30d133c2b56057471b2571b107,1629812210,14,.nvmrc,npm,package-lock.json,[],projects/govuk-frontend/repo
33b388941ddb474a2a8436f12a021d2db202c999,1629981972,14,.nvmrc,npm,package-lock.json,[],projects/govuk-frontend/repo
859d85605f5dfce6fed6b8a78f731d703ce958f8,1629981992,14,.nvmrc,npm,package-lock.json,[],projects/govuk-frontend/repo
2a7b638a34375957744962c4416e9715aa411027,1629983781,14,.nvmrc,npm,package-lock.json,[],projects/govuk-frontend/repo
b9226ed22aa9d003f28569674205c696a0290ac3,1630486197,14,.nvmrc,npm,package-lock.json,[],projects/govuk-frontend/repo
c9fe1474dd60a94263fe5fd043067a6d68dbba9a,1630513463,14,.nvmrc,npm,package-lock.json,[],projects/govuk-frontend/repo
0099e63c4f7a39d3cafc83d7cee2c4dc209a9af1,1630515170,14,.nvmrc,npm,package-lock.json,[],projects/govuk-frontend/repo
3fa5680d55d7a801af5ced827ff4c71753352c1f,1630578824,14,.nvmrc,npm,package-lock.json,[],projects/govuk-frontend/repo
133ea4f097ffb5b280357f7f8d75a8fff87a4d64,1630587567,14,.nvmrc,npm,package-lock.json,[],projects/govuk-frontend/repo
56457d033cd1c99864ee63bf848613f532353e35,1631010483,14,.nvmrc,npm,package-lock.json,[],projects/govuk-frontend/repo
68d76c5e18e95d83369f037a4edcfe321f57bcb1,1631011393,14,.nvmrc,npm,package-lock.json,[],projects/govuk-frontend/repo
e87f1cfee32e5c194f8c19cf444a881f019b3447,1631016904,14,.nvmrc,npm,package-lock.json,[],projects/govuk-frontend/repo
0130e1a2caf46abc8358ee428568867751c0606e,1631023150,14,.nvmrc,npm,package-lock.json,[],projects/govuk-frontend/repo
d174375c3417fc40f94ca51ad603754df2fe90d0,1631023406,14,.nvmrc,npm,package-lock.json,[],projects/govuk-frontend/repo
45695f3dff5f818ff7c06f0a5b1fb4baa7a9f61f,1631088935,14,.nvmrc,npm,package-lock.json,[],projects/govuk-frontend/repo
a0c2df3605743535caad8c3020aa56988fe020c6,1631178847,14,.nvmrc,npm,package-lock.json,[],projects/govuk-frontend/repo
1b0a0fe82a17000a903cd254760a9db4f008a979,1631182055,14,.nvmrc,npm,package-lock.json,[],projects/govuk-frontend/repo
fba063ae66ec8d6f219601369947f6db63d6f201,1631184661,14,.nvmrc,npm,package-lock.json,[],projects/govuk-frontend/repo
9bfe67b9309f2a605709cee28b5251aede1f9721,1631191384,14,.nvmrc,npm,package-lock.json,[],projects/govuk-frontend/repo
e33561f8596f70d685a56b5a0cf243bbde9e97bf,1631196024,14,.nvmrc,npm,package-lock.json,[],projects/govuk-frontend/repo
e8bbaf58c81dd9c07c459e0312b38e829f763d45,1631196091,14,.nvmrc,npm,package-lock.json,[],projects/govuk-frontend/repo
d98f9ab4cafd23da317165e17685060f5fe6d596,1631639319,14,.nvmrc,npm,package-lock.json,[],projects/govuk-frontend/repo
4b3c6563a4cffa5b50763231b007b30b60623ea1,1631639544,14,.nvmrc,npm,package-lock.json,[],projects/govuk-frontend/repo
a679a64d29ae5cbe35473029629e2c6d5f4aabc3,1631813381,14,.nvmrc,npm,package-lock.json,[],projects/govuk-frontend/repo
bd29c2268287660b05825507f9805fbc6e607074,1631813381,14,.nvmrc,npm,package-lock.json,[],projects/govuk-frontend/repo
d46debe9566691123ea28cf3b12e839c6041e820,1632130473,14,.nvmrc,npm,package-lock.json,[],projects/govuk-frontend/repo
c8c0692f13d23fc395838a3f2767e3e10b47f770,1632234113,14,.nvmrc,npm,package-lock.json,[],projects/govuk-frontend/repo
75cb4d376f717fc410c7386d3c8614725b204316,1632234128,14,.nvmrc,npm,package-lock.json,[],projects/govuk-frontend/repo
f7f168868c51db2ed04a6f327da2d90729fc0b8c,1632259394,14,.nvmrc,npm,package-lock.json,[],projects/govuk-frontend/repo
d4ad68fc835cdb3d35b1f06317f3ae21bff27572,1632327735,14,.nvmrc,npm,package-lock.json,[],projects/govuk-frontend/repo
1ada6db137032cabec1a7d65295ddc61c91a3b12,1632329396,14,.nvmrc,npm,package-lock.json,[],projects/govuk-frontend/repo
0853f703690ac9e31b73d82fa72aad52134abe1f,1632386750,14,.nvmrc,npm,package-lock.json,[],projects/govuk-frontend/repo
093cfe8dad077e22eedfdb6de0067c7972f93761,1632410621,14,.nvmrc,npm,package-lock.json,[],projects/govuk-frontend/repo
3744be7793944643e0fe332918b22167104c8486,1632729734,14,.nvmrc,npm,package-lock.json,[],projects/govuk-frontend/repo
ca7a126f82af9a736cc581c18d6f2f711b70e759,1632729734,14,.nvmrc,npm,package-lock.json,[],projects/govuk-frontend/repo
664b84b314e4f514865a8bb69fea2aef02c88f7c,1632729998,14,.nvmrc,npm,package-lock.json,[],projects/govuk-frontend/repo
7ea40f9e7e0cce1e8ff94ea32400f2fc78507354,1632732324,14,.nvmrc,npm,package-lock.json,[],projects/govuk-frontend/repo
bfa7d149745e534b74bf2db572e24f941557dc61,1632734565,14,.nvmrc,npm,package-lock.json,[],projects/govuk-frontend/repo
9d7cf0820eb5733e5f0fca21b09fb4d81c0679ee,1632734565,14,.nvmrc,npm,package-lock.json,[],projects/govuk-frontend/repo
d3fe2427b9ebbfa820b5c0b1368071384b489a75,1632734742,14,.nvmrc,npm,package-lock.json,[],projects/govuk-frontend/repo
016d31f643d9280b02c70f01024c94e0721b187a,1632734989,14,.nvmrc,npm,package-lock.json,[],projects/govuk-frontend/repo
8eecf8aa6490b2c288e3334ca642563d18ae463e,1632753500,14,.nvmrc,npm,package-lock.json,[],projects/govuk-frontend/repo
376a1ed036fe09491b27bcc37d4f6aa6ee88db26,1632921495,14,.nvmrc,npm,package-lock.json,[],projects/govuk-frontend/repo
5077645c096b83612c8c670e55b78faf3fbebdc0,1633016389,14,.nvmrc,npm,package-lock.json,[],projects/govuk-frontend/repo
e9049179cb975a13053b6398c0514f88d408d15d,1633016619,14,.nvmrc,npm,package-lock.json,[],projects/govuk-frontend/repo
c9e50c53d00c218526a8c00b88c75769ee1f0a21,1633357388,14,.nvmrc,npm,package-lock.json,[],projects/govuk-frontend/repo
7f5eff4abbc0d9a9079edcf6ffed5c4502bf2717,1633362820,14,.nvmrc,npm,package-lock.json,[],projects/govuk-frontend/repo
d1fa91295f1e45c63307f2daa78bfa0ebb53fbe2,1633362898,14,.nvmrc,npm,package-lock.json,[],projects/govuk-frontend/repo
1ad445392adc4d4116857ba872750261e1e48a41,1633428273,14,.nvmrc,npm,package-lock.json,[],projects/govuk-frontend/repo
15487fdadca0c58e683f07cb256ffc8cf1d0330e,1633436796,14,.nvmrc,npm,package-lock.json,[],projects/govuk-frontend/repo
98a0437f32605602c1e3823e0667679432820c12,1633438110,14,.nvmrc,npm,package-lock.json,[],projects/govuk-frontend/repo
b2016f7f67ed809109401cd38c5e1cbf6fba434f,1633438870,14,.nvmrc,npm,package-lock.json,[],projects/govuk-frontend/repo
9fc2275da1bc14a76236afce8a312812e53986d6,1633443241,14,.nvmrc,npm,package-lock.json,[],projects/govuk-frontend/repo
8f05114b3b774ed22f24feefc317ccb6c7d20c6b,1633443242,14,.nvmrc,npm,package-lock.json,[],projects/govuk-frontend/repo
e83afab865705e68bd1516099efe7a9b286beab3,1633443242,14,.nvmrc,npm,package-lock.json,[],projects/govuk-frontend/repo
7e8f0e2acc80595d3a6b7e6f18f8906cf8940ed2,1633443242,14,.nvmrc,npm,package-lock.json,[],projects/govuk-frontend/repo
2076c6a6497611835358cdab35912b871d72bb75,1633443242,14,.nvmrc,npm,package-lock.json,[],projects/govuk-frontend/repo
8d9ce9865297f5e5ef7e5200751f01273e5d7bae,1633443418,14,.nvmrc,npm,package-lock.json,[],projects/govuk-frontend/repo
5d051f43e00e35b2ecbebf5231f3f038a6deb58a,1634119450,14,.nvmrc,npm,package-lock.json,[],projects/govuk-frontend/repo
b4d0e1a1c2fd316f77bc98398fd7dd0e1b0692c1,1634208036,14,.nvmrc,npm,package-lock.json,[],projects/govuk-frontend/repo
792e27b293d2a9144bc85ea1bca882630e6bc07e,1634218646,14,.nvmrc,npm,package-lock.json,[],projects/govuk-frontend/repo
6ad9b59b198819faf74f85cb477928896b9bf038,1634218646,14,.nvmrc,npm,package-lock.json,[],projects/govuk-frontend/repo
c3759f7062863687bf4c6cfd41b1e4c8f2b0875c,1634218646,14,.nvmrc,npm,package-lock.json,[],projects/govuk-frontend/repo
d70db372014a5a06e3c5ee18c22f44eff3744c69,1634218646,14,.nvmrc,npm,package-lock.json,[],projects/govuk-frontend/repo
29358635a77efa5a81b923ad644e42bc8481ce45,1634218647,14,.nvmrc,npm,package-lock.json,[],projects/govuk-frontend/repo
8edcd6590873ae3138293f581ac5f92d53328917,1634223980,14,.nvmrc,npm,package-lock.json,[],projects/govuk-frontend/repo
0a5b7d101a387e9c8942eb8d2369600d6a35a097,1634226139,14,.nvmrc,npm,package-lock.json,[],projects/govuk-frontend/repo
266f8772857ca9afc60ded16279ea4b2c9595462,1634226211,14,.nvmrc,npm,package-lock.json,[],projects/govuk-frontend/repo
559437069bff49511413019149b046e73cbd198f,1634226211,14,.nvmrc,npm,package-lock.json,[],projects/govuk-frontend/repo
4b1451b2bc4dba195614b8256c616e291b942f27,1634226259,14,.nvmrc,npm,package-lock.json,[],projects/govuk-frontend/repo
dbbd04aba94a7f9cc68cf7cc47de60a258a2d058,1634226651,14,.nvmrc,npm,package-lock.json,[],projects/govuk-frontend/repo
813171e56b4020b76139e8a2a51c7acc1cf14374,1634302175,14,.nvmrc,npm,package-lock.json,[],projects/govuk-frontend/repo
f873e6cb2b5ee18bec3574d36fc8e63866342a58,1634548176,14,.nvmrc,npm,package-lock.json,[],projects/govuk-frontend/repo
d6339a2729fcd0d2cb83f0f935ac0fb71f4a4565,1634570083,14,.nvmrc,npm,package-lock.json,[],projects/govuk-frontend/repo
c0a81d193f0b4beff7c7f23b3b9b9701f7223cab,1634647932,14,.nvmrc,npm,package-lock.json,[],projects/govuk-frontend/repo
2acbfbfaa5a66edcf8ab173c18674aedc93b0f38,1634648536,14,.nvmrc,npm,package-lock.json,[],projects/govuk-frontend/repo
a2111dc726d815b87007fad0c169e3397704aec0,1635155324,14,.nvmrc,npm,package-lock.json,[],projects/govuk-frontend/repo
8753d1c788133b1a121652fca9626eb462b896e7,1635164372,14,.nvmrc,npm,package-lock.json,[],projects/govuk-frontend/repo
aaef7df424c6851de5f03512f121935f901dfc26,1635165012,14,.nvmrc,npm,package-lock.json,[],projects/govuk-frontend/repo
f9ddbfec6aaf29a04ea8751b616ee6ffc08be731,1635167708,14,.nvmrc,npm,package-lock.json,[],projects/govuk-frontend/repo
d361af306721ac3ff68f852604ceabdd673e4d56,1635243556,14,.nvmrc,npm,package-lock.json,[],projects/govuk-frontend/repo
102d62893dc54634a1b46315d67f26cf65df1087,1635245957,14,.nvmrc,npm,package-lock.json,[],projects/govuk-frontend/repo
792adc76463cedc57c595c64e05dd6a06564ad61,1635331553,14,.nvmrc,npm,package-lock.json,[],projects/govuk-frontend/repo
c115926e1ef55cbff03eb925a702c6b217b890d6,1635349478,14,.nvmrc,npm,package-lock.json,[],projects/govuk-frontend/repo
a7ac97e35e23228ad21d6c7e3f974b72ef1f96b0,1635349478,14,.nvmrc,npm,package-lock.json,[],projects/govuk-frontend/repo
a792a961646b6ea8f337de5a02003ad8c41f302d,1635409282,14,.nvmrc,npm,package-lock.json,[],projects/govuk-frontend/repo
29008c517d52d4583b74870d9ad64e999ee867ce,1635409320,14,.nvmrc,npm,package-lock.json,[],projects/govuk-frontend/repo
65ba7fbf0fcdce4fab971e3dfbbc00b0af087cc9,1635409320,14,.nvmrc,npm,package-lock.json,[],projects/govuk-frontend/repo
4bde98a44d6299b9aaad92be40422cd99357b0f4,1635409372,14,.nvmrc,npm,package-lock.json,[],projects/govuk-frontend/repo
e0d5aad300e84e66b42bffa98fa310d630301099,1635409745,14,.nvmrc,npm,package-lock.json,[],projects/govuk-frontend/repo
cc5619b158cdeeb0d39c98803b0220da37f40c1c,1635506623,14,.nvmrc,npm,package-lock.json,[],projects/govuk-frontend/repo
b89bd1db4b479eab652b382ee8011bf381dc2254,1635759373,14,.nvmrc,npm,package-lock.json,[],projects/govuk-frontend/repo
f234143fa3003858be62f0313a9d71a86af2ef0f,1635762363,14,.nvmrc,npm,package-lock.json,[],projects/govuk-frontend/repo
b81477862ac949a9b9f67f8ec8b77e1887db386f,1635762363,14,.nvmrc,npm,package-lock.json,[],projects/govuk-frontend/repo
5913591cc35b73a1d83ae555628b15e30ebfb116,1635762363,14,.nvmrc,npm,package-lock.json,[],projects/govuk-frontend/repo
2f21b91dbb37812ebadc6f439edae928086a1b64,1635762363,14,.nvmrc,npm,package-lock.json,[],projects/govuk-frontend/repo
8f2624a92ae3fbfb7c92d251c56e5903bf8caa38,1635762363,14,.nvmrc,npm,package-lock.json,[],projects/govuk-frontend/repo
0b83e6061f1a47dd5d43c6ce0c9dbfd3d19b30e6,1635762363,14,.nvmrc,npm,package-lock.json,[],projects/govuk-frontend/repo
e60e37af32a731bf7262cbd7101fb6f8ba92dfed,1635762363,14,.nvmrc,npm,package-lock.json,[],projects/govuk-frontend/repo
6791ee85ff3afaeaf193a7d91d3998f3a183ce16,1635762363,14,.nvmrc,npm,package-lock.json,[],projects/govuk-frontend/repo
f9084a38464da3f2ad06d7e10af9c415aa658d61,1635762363,14,.nvmrc,npm,package-lock.json,[],projects/govuk-frontend/repo
bcfff9d27dd1aec5d14c5b079b946057a37a1b57,1635762364,14,.nvmrc,npm,package-lock.json,[],projects/govuk-frontend/repo
80b97f1a105dfbfe7974375fab28f023f81b6cb7,1635762364,14,.nvmrc,npm,package-lock.json,[],projects/govuk-frontend/repo
c6e01aa3926e192ca2869ec2129cf58af267109b,1635762364,14,.nvmrc,npm,package-lock.json,[],projects/govuk-frontend/repo
9e5ce1844129a6b8d3cf9caa1cef398eff3ca57a,1635762364,14,.nvmrc,npm,package-lock.json,[],projects/govuk-frontend/repo
b5ceb5a7d30492c8b082bc7ae69498d563cb737a,1635762364,14,.nvmrc,npm,package-lock.json,[],projects/govuk-frontend/repo
e01024c812fe37687ae189a3bd4661766ce7a8ff,1635762364,14,.nvmrc,npm,package-lock.json,[],projects/govuk-frontend/repo
a57ac15881c431ffddd5ada72be04476aa7d2782,1635762364,14,.nvmrc,npm,package-lock.json,[],projects/govuk-frontend/repo
c50fe90e66e8e9ed575357ec0f6a6083390e0837,1635762364,14,.nvmrc,npm,package-lock.json,[],projects/govuk-frontend/repo
879e37c85e4ff1156e1febb609afacc4df9de1bd,1635762364,14,.nvmrc,npm,package-lock.json,[],projects/govuk-frontend/repo
910be82d5febfc08eaccfc653c7759290cca4701,1635762364,14,.nvmrc,npm,package-lock.json,[],projects/govuk-frontend/repo
d0bff8d3728ac5ddc99065afe66853119cddaefd,1635762364,14,.nvmrc,npm,package-lock.json,[],projects/govuk-frontend/repo
496d1b07a8c6c81a63e3b6c8c40e5c2267799ecf,1635762400,14,.nvmrc,npm,package-lock.json,[],projects/govuk-frontend/repo
795bda7da27b8141a6c79bbf018c7bd10ef28482,1635762400,14,.nvmrc,npm,package-lock.json,[],projects/govuk-frontend/repo
67d21e92a6d8089974d2a0a3d9905f4a7d515cd4,1635762400,14,.nvmrc,npm,package-lock.json,[],projects/govuk-frontend/repo
ef3255a46afef31210cac9da563b30cc1d3c76fb,1635762400,14,.nvmrc,npm,package-lock.json,[],projects/govuk-frontend/repo
e7479c96fbbf37d4a3a875f51163e4584c503375,1635762400,14,.nvmrc,npm,package-lock.json,[],projects/govuk-frontend/repo
54fa69d6ab8babf13dada66b80639671ef1e7139,1635762400,14,.nvmrc,npm,package-lock.json,[],projects/govuk-frontend/repo
aad28a4b567352594f5981cc6066e58ca96388eb,1635762400,14,.nvmrc,npm,package-lock.json,[],projects/govuk-frontend/repo
1712824592814646ef849f1e4f7480c36f548eae,1635762400,14,.nvmrc,npm,package-lock.json,[],projects/govuk-frontend/repo
fab33445c0b2b066a90ae2879054e15770858773,1635762400,14,.nvmrc,npm,package-lock.json,[],projects/govuk-frontend/repo
9f87dcce10b7a4818887b5b6209aca7783669904,1635762400,14,.nvmrc,npm,package-lock.json,[],projects/govuk-frontend/repo
9250d282f664ba48e29e87da87cfe5c2be2f51b8,1635762400,14,.nvmrc,npm,package-lock.json,[],projects/govuk-frontend/repo
766b5ca0b6259ef90e0174c6f74580b93ac447cd,1635762400,14,.nvmrc,npm,package-lock.json,[],projects/govuk-frontend/repo
524a2d06dc8e8bd74e2a536f77ed92f910a9355d,1635762400,14,.nvmrc,npm,package-lock.json,[],projects/govuk-frontend/repo
08629a2a826d14af5b79026de2bcca561a19214f,1635762400,14,.nvmrc,npm,package-lock.json,[],projects/govuk-frontend/repo
9e15ea046987b610a9f8832174d27693604626ee,1635762400,14,.nvmrc,npm,package-lock.json,[],projects/govuk-frontend/repo
c6dbd91a204cb595d41e476041893c90696b631c,1635762400,14,.nvmrc,npm,package-lock.json,[],projects/govuk-frontend/repo
75c8a2b0e362887144f26c63f05cd0e9f828c020,1635762400,14,.nvmrc,npm,package-lock.json,[],projects/govuk-frontend/repo
17435ab1818ece2652c666dfc54f5f4b0df9a926,1635762400,14,.nvmrc,npm,package-lock.json,[],projects/govuk-frontend/repo
e30bb9251632faeaf7023878ab9ac75e0dd75561,1635762400,14,.nvmrc,npm,package-lock.json,[],projects/govuk-frontend/repo
dec139bb3d79a052d51719e6a722cdab181e14ca,1635762400,14,.nvmrc,npm,package-lock.json,[],projects/govuk-frontend/repo
b6f37a051b5eb92060cf2d7b21ff3ffc6b6fcf62,1635763208,14,.nvmrc,npm,package-lock.json,[],projects/govuk-frontend/repo
284f169887c7b66e996bb3746430d5f9bf94300a,1635967229,14,.nvmrc,npm,package-lock.json,[],projects/govuk-frontend/repo
29fc04fa6a7cd951b2df2e261e4711f6300028fd,1636021135,14,.nvmrc,npm,package-lock.json,[],projects/govuk-frontend/repo
5d2fa1ea6911c0033125cf79c4c2ab49525c9107,1636021161,14,.nvmrc,npm,package-lock.json,[],projects/govuk-frontend/repo
8922e4e676d1ea01cc2ab9a2a9205799810672bc,1636361843,14,.nvmrc,npm,package-lock.json,[],projects/govuk-frontend/repo
0c4485b969aa727e1dd9643ad37a73ce782a1c32,1636364495,14,.nvmrc,npm,package-lock.json,[],projects/govuk-frontend/repo
33de1753ea7a0f03be164725f50bf115647b7d00,1636366789,14,.nvmrc,npm,package-lock.json,[],projects/govuk-frontend/repo
a88f032e5b41192b5721ba0a7d104e2fae48284f,1636391719,14,.nvmrc,npm,package-lock.json,[],projects/govuk-frontend/repo
b6049179d2c8d172ff319ddd05cea3bd674cafec,1636450518,14,.nvmrc,npm,package-lock.json,[],projects/govuk-frontend/repo
2e76fb46aed626725fcd2eb0ef834ccf5249ecc7,1636618219,14,.nvmrc,npm,package-lock.json,[],projects/govuk-frontend/repo
4f118563515b7425bb40db48e00dca59cba5bfe4,1636625997,14,.nvmrc,npm,package-lock.json,[],projects/govuk-frontend/repo
3a1b813d0ce1190294fb228eea78b896a74f0e40,1636649419,14,.nvmrc,npm,package-lock.json,[],projects/govuk-frontend/repo
f281cd247c6b3b4f1ca689a0e92d14c31aa95519,1636649956,14,.nvmrc,npm,package-lock.json,[],projects/govuk-frontend/repo
38bd5b960f2e6a879fa5f186d45ef0f63f07cc3f,1637066478,14,.nvmrc,npm,package-lock.json,[],projects/govuk-frontend/repo
3f45672608a8bb8886f0d10c1f9eaff69d2adbb8,1637066896,14,.nvmrc,npm,package-lock.json,[],projects/govuk-frontend/repo
f67668466dbadaf7ebc68f3b865af490cd6dcaed,1637141080,14,.nvmrc,npm,package-lock.json,[],projects/govuk-frontend/repo
81de3eebd654370a64ff73741a810fe86d9ab03b,1637141080,14,.nvmrc,npm,package-lock.json,[],projects/govuk-frontend/repo
cb460ee665f2d118ef6f69fd504c40f3c753e669,1637141288,14,.nvmrc,npm,package-lock.json,[],projects/govuk-frontend/repo
4cc3b84b11a7cd72812b31df780e7cae43543c0d,1637146257,14,.nvmrc,npm,package-lock.json,[],projects/govuk-frontend/repo
409a3fb4813d9b34c45d9d55312f95f0664de16a,1637146332,14,.nvmrc,npm,package-lock.json,[],projects/govuk-frontend/repo
1a17e4d39fe87b2d5da61f71b2d94e31d3cb992e,1637149089,14,.nvmrc,npm,package-lock.json,[],projects/govuk-frontend/repo
51aa942745ee63d9c804d5f8709be871e892362b,1637155534,14,.nvmrc,npm,package-lock.json,[],projects/govuk-frontend/repo
3c30a141ff69227a2111d235f9d53f029e61cdb4,1637161175,14,.nvmrc,npm,package-lock.json,[],projects/govuk-frontend/repo
4abb8ab447e8e2893aacbb1eef5bcf794f5e14d5,1637314073,14,.nvmrc,npm,package-lock.json,[],projects/govuk-frontend/repo
f8b03f236a8d4e98f2f9bba0c43c9c8ee72d08e4,1637314073,14,.nvmrc,npm,package-lock.json,[],projects/govuk-frontend/repo
30f581b47ccd8c2510d9e98cc71ae7116b49c676,1637314073,14,.nvmrc,npm,package-lock.json,[],projects/govuk-frontend/repo
952c4f79f1a8d75c97fcc9e591b29fe91de73356,1637314176,14,.nvmrc,npm,package-lock.json,[],projects/govuk-frontend/repo
ad45adf346cc34522928a7167d80df3a6b18ea7a,1637314178,14,.nvmrc,npm,package-lock.json,[],projects/govuk-frontend/repo
693ff651fb8e8a44395ffc790bb5a70ccea19db7,1637314420,14,.nvmrc,npm,package-lock.json,[],projects/govuk-frontend/repo
2af1950b27686c2438a76344ccaeeec7ed12fbc3,1637665932,14,.nvmrc,npm,package-lock.json,[],projects/govuk-frontend/repo
cd6db6cb4cab12ba9e00433c690a4564edf67466,1637667143,14,.nvmrc,npm,package-lock.json,[],projects/govuk-frontend/repo
001e75641569b105b7f746c9873a607a0aba55c9,1637667339,14,.nvmrc,npm,package-lock.json,[],projects/govuk-frontend/repo
fdaf57b5d4cd78787175fd9613b16eb311def8a2,1637748271,14,.nvmrc,npm,package-lock.json,[],projects/govuk-frontend/repo
0b76d47b59e68e4074f31e0f34dcf8924d8f45e8,1637749031,14,.nvmrc,npm,package-lock.json,[],projects/govuk-frontend/repo
a4b5dac50d9b50b71e93f417ab64c3cfb42d0918,1637752213,14,.nvmrc,npm,package-lock.json,[],projects/govuk-frontend/repo
66ea6e3d1e48089d623362bf1a6a86780e48731a,1637760421,14,.nvmrc,npm,package-lock.json,[],projects/govuk-frontend/repo
0dcf65ea640bf327a939094f28a653829c75ae1a,1637760620,14,.nvmrc,npm,package-lock.json,[],projects/govuk-frontend/repo
77b1a55f668a6700529960bf067b35364d50b82a,1637770229,14,.nvmrc,npm,package-lock.json,[],projects/govuk-frontend/repo
3c84c920c4fc5c060ef82fe042f737f180e6540d,1637770229,14,.nvmrc,npm,package-lock.json,[],projects/govuk-frontend/repo
08005383b00383019b1dfb9ff62c43a5b69b5dc8,1637770775,14,.nvmrc,npm,package-lock.json,[],projects/govuk-frontend/repo
254c31e9e2454679ff2d78f5394bdb35c95514a3,1638173415,14,.nvmrc,npm,package-lock.json,[],projects/govuk-frontend/repo
0f5da73f8397d11a859b5cd46ad6902646896f65,1638173635,14,.nvmrc,npm,package-lock.json,[],projects/govuk-frontend/repo
6c81203f2ceb89e3633d0ec9072c53555a0ea7ec,1638174537,14,.nvmrc,npm,package-lock.json,[],projects/govuk-frontend/repo
c3f9df264a52e51bf5b07a3095374672f57d5971,1638179057,14,.nvmrc,npm,package-lock.json,[],projects/govuk-frontend/repo
d2ce903bc10dac8a25dac7dc74d721edac94a12e,1638179812,14,.nvmrc,npm,package-lock.json,[],projects/govuk-frontend/repo
e45f414a40b98a9306618446bd5826cb1e7f6d3f,1638180272,14,.nvmrc,npm,package-lock.json,[],projects/govuk-frontend/repo
f4dd961c537959bee95c128da9ab0c6a7d41b862,1638194305,14,.nvmrc,npm,package-lock.json,[],projects/govuk-frontend/repo
d57143a6809567557aeaf8544441d4d879eac3c6,1638195981,14,.nvmrc,npm,package-lock.json,[],projects/govuk-frontend/repo
b394505e208eab17bf7bd81f327587b0628cbf3f,1638357517,14,.nvmrc,npm,package-lock.json,[],projects/govuk-frontend/repo
a3ce360046850e38603bce20c537b9b0426cb31d,1638357587,14,.nvmrc,npm,package-lock.json,[],projects/govuk-frontend/repo
aed4b3e60f991d47595f4af7a7d03c8ff7f22455,1638358052,14,.nvmrc,npm,package-lock.json,[],projects/govuk-frontend/repo
0f812d8dd926744f0e379df9791c31a606c5fd96,1638358052,14,.nvmrc,npm,package-lock.json,[],projects/govuk-frontend/repo
53a6c00f44a9ca6fed4bb77888a0ce4c902eb312,1638359416,14,.nvmrc,npm,package-lock.json,[],projects/govuk-frontend/repo
54c6638e32119ab633c31dac247502cced726528,1638360011,14,.nvmrc,npm,package-lock.json,[],projects/govuk-frontend/repo
ccdce2e181116c336d99480e6dcb5fb3aa2ca0bc,1638372764,14,.nvmrc,npm,package-lock.json,[],projects/govuk-frontend/repo
922c66347744f851531bfdd312c6e11286c93206,1638372981,14,.nvmrc,npm,package-lock.json,[],projects/govuk-frontend/repo
ccb619e5d7e87701e1a9fc70a6c3be09c657bddc,1638374121,14,.nvmrc,npm,package-lock.json,[],projects/govuk-frontend/repo
94ed9b178849c745c1816bfb5a48bf749251775f,1638378084,14,.nvmrc,npm,package-lock.json,[],projects/govuk-frontend/repo
7fce84ca3bf20abf26430191be145482fcfda56a,1638380593,14,.nvmrc,npm,package-lock.json,[],projects/govuk-frontend/repo
0421cf54551834600c99d5a69b45fb39c6c804a8,1638436129,14,.nvmrc,npm,package-lock.json,[],projects/govuk-frontend/repo
555d3e0c754e9c8c16b69cf9719862dea6d3ea31,1638445589,14,.nvmrc,npm,package-lock.json,[],projects/govuk-frontend/repo
fc0ef05dc98554dc61704343f07f67176b9cfe82,1638466927,14,.nvmrc,npm,package-lock.json,[],projects/govuk-frontend/repo
445432ada610251e3a327b779b3df916cc3349cb,1638466928,14,.nvmrc,npm,package-lock.json,[],projects/govuk-frontend/repo
34a08cb386322fb8eb9112b9cf555a3bd8b4534b,1638530323,14,.nvmrc,npm,package-lock.json,[],projects/govuk-frontend/repo
e0e4731b6bdd9b1f72eca507d85c4ded2e93ba4a,1638531006,14,.nvmrc,npm,package-lock.json,[],projects/govuk-frontend/repo
0cccd5737f8f612a7b7fca5ce12b9c994923e4bb,1638533541,14,.nvmrc,npm,package-lock.json,[],projects/govuk-frontend/repo
0d7165626312ddb105a6514d7e98322c92c538a5,1638537427,14,.nvmrc,npm,package-lock.json,[],projects/govuk-frontend/repo
acdaa1f1bea5017eae1071aef8f96ca7a2eaad33,1638544339,14,.nvmrc,npm,package-lock.json,[],projects/govuk-frontend/repo
3d7699ec004733a819b7f38e6decd2380fea3106,1638544339,14,.nvmrc,npm,package-lock.json,[],projects/govuk-frontend/repo
84b08055ddeaefc070832f0bfeaeced61f8a551e,1638544339,14,.nvmrc,npm,package-lock.json,[],projects/govuk-frontend/repo
8c3ede755ee6cfab76dd8c3a562c8097a6d394f5,1638544339,14,.nvmrc,npm,package-lock.json,[],projects/govuk-frontend/repo
d085e96d72fe9264c50f52d8b9415087acb31e1f,1638550143,14,.nvmrc,npm,package-lock.json,[],projects/govuk-frontend/repo
bbd485062d471b903433b723d699712567e5e19a,1638550574,14,.nvmrc,npm,package-lock.json,[],projects/govuk-frontend/repo
6a755e73082fabb3bf4d6b1f94d7e47ef4ecf3ef,1638550768,14,.nvmrc,npm,package-lock.json,[],projects/govuk-frontend/repo
aa5a3458ee2e73f300e5ecb3235b56c7750b26df,1638794545,14,.nvmrc,npm,package-lock.json,[],projects/govuk-frontend/repo
ebf57184ac94b4a3bf8f1eca715d05028739f714,1638794586,14,.nvmrc,npm,package-lock.json,[],projects/govuk-frontend/repo
c558ad10e0fe375bdf890173b6c4c7006e83a4c3,1638794718,14,.nvmrc,npm,package-lock.json,[],projects/govuk-frontend/repo
5050b3ffefd858b01824dcb38145cb7b64bc958e,1638808886,14,.nvmrc,npm,package-lock.json,[],projects/govuk-frontend/repo
873cc06e07c2b629cfb0eed28b886059da86626f,1638810008,14,.nvmrc,npm,package-lock.json,[],projects/govuk-frontend/repo
291066469f248b696d26e6baea02ff5f76e17e93,1638876048,14,.nvmrc,npm,package-lock.json,[],projects/govuk-frontend/repo
f370df2ceefe04caa49eddca67ad277e3461f357,1638876048,14,.nvmrc,npm,package-lock.json,[],projects/govuk-frontend/repo
c6befaffe9586e4acc1f77457eeb229fef437625,1638876049,14,.nvmrc,npm,package-lock.json,[],projects/govuk-frontend/repo
907a0cc44f69be2b55061d80461c696505d8d8d1,1638876382,14,.nvmrc,npm,package-lock.json,[],projects/govuk-frontend/repo
caa729cc3c18d955dab76ef17a5d03e99dfe121b,1638877849,14,.nvmrc,npm,package-lock.json,[],projects/govuk-frontend/repo
1f0bf00030ed181b16b1786b279723375800c3b4,1638892139,14,.nvmrc,npm,package-lock.json,[],projects/govuk-frontend/repo
484c6d1524ec440224c1b226361ebf891856acb4,1638892139,14,.nvmrc,npm,package-lock.json,[],projects/govuk-frontend/repo
13b40ce7b8dfbe504b8f73ddace434d56fc261a8,1638892201,14,.nvmrc,npm,package-lock.json,[],projects/govuk-frontend/repo
4f81ad90a92487fa8f7edc896abab46b8ec1489a,1638892455,14,.nvmrc,npm,package-lock.json,[],projects/govuk-frontend/repo
a8bcd1379aedf3e057ea3eb7d606b91695b37c2a,1638956734,14,.nvmrc,npm,package-lock.json,[],projects/govuk-frontend/repo
fd9e9b1a0d1938f91a7639bec5ecaa2d8cdd71c8,1638962421,14,.nvmrc,npm,package-lock.json,[],projects/govuk-frontend/repo
2ffea25fa0c7a167d944da80ed0f8374bcd6f9a8,1638962421,14,.nvmrc,npm,package-lock.json,[],projects/govuk-frontend/repo
8195f01bdbb9e1f26cd6a9465318a3cc3dc27f18,1638975025,14,.nvmrc,npm,package-lock.json,[],projects/govuk-frontend/repo
7fa6b307a857e52432a06fb3ff03a74b655c7a00,1638976757,14,.nvmrc,npm,package-lock.json,[],projects/govuk-frontend/repo
d4b179a8e88e2f48b8e8cbfc3c173cb0cb7af6f5,1638979845,14,.nvmrc,npm,package-lock.json,[],projects/govuk-frontend/repo
8bc54571577e6eddf0aba2965c9222a33f8a9311,1638979845,14,.nvmrc,npm,package-lock.json,[],projects/govuk-frontend/repo
19992345c5af4b4a8445ba22cb5880b5e6098fdf,1638979845,14,.nvmrc,npm,package-lock.json,[],projects/govuk-frontend/repo
6840a0adfd3c2312262b50dbd65f2aaff9f2a661,1638979845,14,.nvmrc,npm,package-lock.json,[],projects/govuk-frontend/repo
83b173f167dfa08260a092362df8d2a3c1292111,1638979845,14,.nvmrc,npm,package-lock.json,[],projects/govuk-frontend/repo
e745aa6bd361ab9c2eab5a07de528d4201701472,1638981959,14,.nvmrc,npm,package-lock.json,[],projects/govuk-frontend/repo
be34d0269065748e33c7fff506522c82a7b98a72,1638981959,14,.nvmrc,npm,package-lock.json,[],projects/govuk-frontend/repo
69dc47607844ee4786bacfa6a6afcc8742fa6ed5,1638981959,14,.nvmrc,npm,package-lock.json,[],projects/govuk-frontend/repo
9191d18184f7fae2f07cd282c602511db7369fc2,1638982060,14,.nvmrc,npm,package-lock.json,[],projects/govuk-frontend/repo
31175fd61fd7c69552a2ae3bf198e0eb4d2b8697,1638983412,14,.nvmrc,npm,package-lock.json,[],projects/govuk-frontend/repo
9ffd3e9f6f32952e0f09f82a9326b80416064b1c,1639044834,14,.nvmrc,npm,package-lock.json,[],projects/govuk-frontend/repo
d108f0ba0100b575fa5ce09e1dc64470dd195072,1639044851,14,.nvmrc,npm,package-lock.json,[],projects/govuk-frontend/repo
429af6119018b0829af37e90085641568c0a5c02,1639047803,14,.nvmrc,npm,package-lock.json,[],projects/govuk-frontend/repo
73ac6835ddd36939b7f030a8679c7417cf16233d,1639070817,14,.nvmrc,npm,package-lock.json,[],projects/govuk-frontend/repo
893549ba91a75e2cd82f9b9d6b1c263e1e0d9e7c,1639071143,14,.nvmrc,npm,package-lock.json,[],projects/govuk-frontend/repo
fe421ddb5b894d0b2059a817dd6d3cfa5b09e998,1639128281,14,.nvmrc,npm,package-lock.json,[],projects/govuk-frontend/repo
c09bc39e282cfd4968ad47ebc62b259b8857d0af,1639135073,14,.nvmrc,npm,package-lock.json,[],projects/govuk-frontend/repo
fb00a9e010568c181f4524e185f0320eb937be0f,1639149399,14,.nvmrc,npm,package-lock.json,[],projects/govuk-frontend/repo
94385de8111d91572c3c42b77372d03482ca89e0,1639150314,14,.nvmrc,npm,package-lock.json,[],projects/govuk-frontend/repo
cf7e9ad90178e82290150fe024abc71ceb8ae7aa,1639502621,14,.nvmrc,npm,package-lock.json,[],projects/govuk-frontend/repo
70e3d318243c5ef4830aefa1b88fff7dc3cec3aa,1639502889,14,.nvmrc,npm,package-lock.json,[],projects/govuk-frontend/repo
5b1a294da0587e85875e170552d96f5b5d6cafa1,1639576115,14,.nvmrc,npm,package-lock.json,[],projects/govuk-frontend/repo
6eb6b2de94d6378a98a3ca0d6668e23af052ead7,1639576629,14,.nvmrc,npm,package-lock.json,[],projects/govuk-frontend/repo
35f120ebfa4d59badff4cbe2ce38c9266279adea,1639579131,14,.nvmrc,npm,package-lock.json,[],projects/govuk-frontend/repo
3230bc395960dfbb11e6910320b20330a0aaee6c,1639580853,14,.nvmrc,npm,package-lock.json,[],projects/govuk-frontend/repo
3905c14f87ed9019bbe7e92f57be68138c65b51a,1639580946,14,.nvmrc,npm,package-lock.json,[],projects/govuk-frontend/repo
2695c08c60d18ee808a73018ab5153260a9c30cb,1639581875,14,.nvmrc,npm,package-lock.json,[],projects/govuk-frontend/repo
1a76a6cccd60df79dbd0b3912dad6e992dcb4360,1639996356,14,.nvmrc,npm,package-lock.json,[],projects/govuk-frontend/repo
14d6536b05f17ac366d9afac8bd84463760bd0c8,1639997164,14,.nvmrc,npm,package-lock.json,[],projects/govuk-frontend/repo
d2ab3085f37d706d58241433c2ab660e6329c7fa,1640106260,14,.nvmrc,npm,package-lock.json,[],projects/govuk-frontend/repo
5e72b3febe21e060fbed55e0b1f2faad2f4c5c9f,1640106261,14,.nvmrc,npm,package-lock.json,[],projects/govuk-frontend/repo
df937b8cbd4e3fab802a0b6fa87ee91827a6d985,1640165303,14,.nvmrc,npm,package-lock.json,[],projects/govuk-frontend/repo
8c341c0a4267eb62301acdeb4e625255addd4665,1640165385,14,.nvmrc,npm,package-lock.json,[],projects/govuk-frontend/repo
a725c560759d18732dcb5766b610caadbaf0c38e,1640165405,14,.nvmrc,npm,package-lock.json,[],projects/govuk-frontend/repo
de237af1f61e008be7fecd790bcd8e361b3a6960,1640165941,14,.nvmrc,npm,package-lock.json,[],projects/govuk-frontend/repo
38d53598482e60e4ba5d762e5309f81b551a33a6,1641312742,14,.nvmrc,npm,package-lock.json,[],projects/govuk-frontend/repo
e134052536fddc2473810990eafc3b2e9d823411,1641313516,14,.nvmrc,npm,package-lock.json,[],projects/govuk-frontend/repo
a4d310acfe93c7a02afd502b1879bd23f2a0d9b3,1641387718,14,.nvmrc,npm,package-lock.json,[],projects/govuk-frontend/repo
1deb3a5f416e6fe75ff4e1fa696eb296af3e82af,1641389646,14,.nvmrc,npm,package-lock.json,[],projects/govuk-frontend/repo
e1b17e0af8da11d9db72cbd99020444d69d9c4cc,1641400359,14,.nvmrc,npm,package-lock.json,[],projects/govuk-frontend/repo
b268037aaceb8dbabd5764b9104e59ac9407d8e4,1641400569,14,.nvmrc,npm,package-lock.json,[],projects/govuk-frontend/repo
ffe1e04f2e071fb05ea5e0a09455165e29b05982,1641562793,14,.nvmrc,npm,package-lock.json,[],projects/govuk-frontend/repo
246fbab861f5edd4a8daf61aae426989c62db648,1641562986,14,.nvmrc,npm,package-lock.json,[],projects/govuk-frontend/repo
8efd6f692bf99ac925685869115af35f8f251358,1641835559,14,.nvmrc,npm,package-lock.json,[],projects/govuk-frontend/repo
f609d2508712274a8f83965a93c91bd5f2b06ec7,1642157926,14,.nvmrc,npm,package-lock.json,[],projects/govuk-frontend/repo
974482f96dfb1c2cdf732e70272f233190ef9839,1642158106,14,.nvmrc,npm,package-lock.json,[],projects/govuk-frontend/repo
b551a965a2651eb25bc15d3610e5cddd9be5a3ce,1642213454,14,.nvmrc,npm,package-lock.json,[],projects/govuk-frontend/repo
bf78d76ca329bca94c89aa80a7ddbb59417347de,1642248522,14,.nvmrc,npm,package-lock.json,[],projects/govuk-frontend/repo
3500779eef537c8bce8af0cf2e58a26dc85e9bf0,1642407382,14,.nvmrc,npm,package-lock.json,[],projects/govuk-frontend/repo
b9df69003f8ba8adfb85035bd6f08c5bbe708a53,1642412093,14,.nvmrc,npm,package-lock.json,[],projects/govuk-frontend/repo
fe29c9229e61e168381b9d851b7556038f2dd311,1642498126,14,.nvmrc,npm,package-lock.json,[],projects/govuk-frontend/repo
9570a999e65000d982531c222c84b8be4d78bd48,1642499229,14,.nvmrc,npm,package-lock.json,[],projects/govuk-frontend/repo
f644294ba17c6384353cf0be02fa5b23fc9c3306,1642499294,14,.nvmrc,npm,package-lock.json,[],projects/govuk-frontend/repo
469674ac8dc2d8177deef2d7e019f7b7aec3f65a,1642672238,14,.nvmrc,npm,package-lock.json,[],projects/govuk-frontend/repo
0c3c51027f11c1df9622c6521d658988a31792bf,1642672417,14,.nvmrc,npm,package-lock.json,[],projects/govuk-frontend/repo
f9112b3887b0f64d3cad3c076ddd063eacaa9fe4,1642783550,14,.nvmrc,npm,package-lock.json,[],projects/govuk-frontend/repo
c43743ec29017c144f1a31c1e916fe20b0ab6b9a,1643053390,14,.nvmrc,npm,package-lock.json,[],projects/govuk-frontend/repo
a14b66128e068d44b911e50d650668bd8734eb30,1643053473,14,.nvmrc,npm,package-lock.json,[],projects/govuk-frontend/repo
3479710aeff49b4ccd0e68e9dd5e1b202c368bcf,1643053984,14,.nvmrc,npm,package-lock.json,[],projects/govuk-frontend/repo
b11b683a2b86538284915b11f2dcfcbc8badf867,1643104197,14,.nvmrc,npm,package-lock.json,[],projects/govuk-frontend/repo
50ff076fe4a62cfca5df8efc8e926aaecdd30225,1643109696,14,.nvmrc,npm,package-lock.json,[],projects/govuk-frontend/repo
7eecbc6cb50e5500088bbc3fae47dfeba8031238,1643111973,14,.nvmrc,npm,package-lock.json,[],projects/govuk-frontend/repo
cb6d9f05b920b2141e6c01c55934747e283720da,1643142565,14,.nvmrc,npm,package-lock.json,[],projects/govuk-frontend/repo
a4ec7b78b5bf9dd91e6c98d0c0733cad266e0179,1643142582,14,.nvmrc,npm,package-lock.json,[],projects/govuk-frontend/repo
2f9d8c18a67f576e79c44dc25de60130f14bc8b8,1643188641,14,.nvmrc,npm,package-lock.json,[],projects/govuk-frontend/repo
03140e1ea6e910558316c62108d38a0165c54f7b,1643210155,14,.nvmrc,npm,package-lock.json,[],projects/govuk-frontend/repo
d5249619303498a8afca666658318094cdc0eea1,1643282237,14,.nvmrc,npm,package-lock.json,[],projects/govuk-frontend/repo
4b7e3f79afeb04e1017e0f19943bd70d8225c1f3,1643283688,14,.nvmrc,npm,package-lock.json,[],projects/govuk-frontend/repo
48c6ef361fb5d70d0eaaef6cf94c4b6d0bc283a9,1643293687,14,.nvmrc,npm,package-lock.json,[],projects/govuk-frontend/repo
93c8ac238a0cdd015048cdfbe299bd60db930c2f,1643293758,14,.nvmrc,npm,package-lock.json,[],projects/govuk-frontend/repo
cffa8a935d659a61b12a4b935190845bec644b27,1643295413,14,.nvmrc,npm,package-lock.json,[],projects/govuk-frontend/repo
fc301537388b0d47d612f22f66239f5e2caff503,1643295446,14,.nvmrc,npm,package-lock.json,[],projects/govuk-frontend/repo
777dc67f7d76756750b0344f0bfb7f9fb22a32cd,1643301644,14,.nvmrc,npm,package-lock.json,[],projects/govuk-frontend/repo
a19b0ea22ec9552177a7d2f3cfd20b69380c26b3,1643646291,14,.nvmrc,npm,package-lock.json,[],projects/govuk-frontend/repo
7640e91c28a07c1932ef9bb44cf1ac16929cd5a4,1643646487,14,.nvmrc,npm,package-lock.json,[],projects/govuk-frontend/repo
1a16828deed20843cd40615f4e84cae8e716acef,1643650505,14,.nvmrc,npm,package-lock.json,[],projects/govuk-frontend/repo
df4c81f1c7d533867947d0016bde9013a1d3ee59,1643709669,14,.nvmrc,npm,package-lock.json,[],projects/govuk-frontend/repo
506b858e3871c8b2a5b724499153852d68dfd2f4,1643723947,14,.nvmrc,npm,package-lock.json,[],projects/govuk-frontend/repo
2a9107945d88fac0050b5de2e16a141225fecbcc,1643723947,14,.nvmrc,npm,package-lock.json,[],projects/govuk-frontend/repo
1a73a936b33e837f3d49d754791589a727bdc5bc,1643724262,14,.nvmrc,npm,package-lock.json,[],projects/govuk-frontend/repo
50501457b7204b217f00f12fe93ea0fd722f970a,1643724617,14,.nvmrc,npm,package-lock.json,[],projects/govuk-frontend/repo
962a2e21e18c22de8906d4169efd14fec5781058,1643724619,14,.nvmrc,npm,package-lock.json,[],projects/govuk-frontend/repo
2ad289e4608f876b11bb4894cc97f1d12675bc0b,1643732821,14,.nvmrc,npm,package-lock.json,[],projects/govuk-frontend/repo
db53ed985a7b4774c69f311d35a5ce8039df6060,1643735211,14,.nvmrc,npm,package-lock.json,[],projects/govuk-frontend/repo
94e6fe7431e2d0dbe459d2c308a0cb7ecc973997,1643736345,14,.nvmrc,npm,package-lock.json,[],projects/govuk-frontend/repo
e048c5fc338f57c36f0542bb74da02da79d358de,1643893972,14,.nvmrc,npm,package-lock.json,[],projects/govuk-frontend/repo
4b9b9201f7ce57ea50649ed19687e227567b87f4,1643894271,14,.nvmrc,npm,package-lock.json,[],projects/govuk-frontend/repo
03430df332a5c0cb56d17d315578b7d53aecffc6,1644246955,14,.nvmrc,npm,package-lock.json,[],projects/govuk-frontend/repo
a547713802cfa19dceb374abd203950d32c6cffd,1644248798,14,.nvmrc,npm,package-lock.json,[],projects/govuk-frontend/repo
5fe494c1e0ab001cca828e980b71ef6ae4f5e3d9,1644333336,14,.nvmrc,npm,package-lock.json,[],projects/govuk-frontend/repo
9d11da4a7101b03f90d1c9fac9fee1de3c757bff,1644333814,14,.nvmrc,npm,package-lock.json,[],projects/govuk-frontend/repo
e92434143e3e45fc4ec6067db638bf1a65bc6422,1644333915,14,.nvmrc,npm,package-lock.json,[],projects/govuk-frontend/repo
3ce9de26da714b1e50c2a2053d4af4a34331060f,1644334280,14,.nvmrc,npm,package-lock.json,[],projects/govuk-frontend/repo
98ce9e95c32548561fc5041e281c45ec356d9895,1644334708,14,.nvmrc,npm,package-lock.json,[],projects/govuk-frontend/repo
74221f03399249d4f99b577a4e8da4e162e23dfc,1644401022,14,.nvmrc,npm,package-lock.json,[],projects/govuk-frontend/repo
baa279241f0de40e5ffde1791f8e2ebbc2dfaf8b,1644402581,14,.nvmrc,npm,package-lock.json,[],projects/govuk-frontend/repo
f18dddc0f16c05e6f6bc3a03ceec173dde61d057,1644402738,14,.nvmrc,npm,package-lock.json,[],projects/govuk-frontend/repo
4c5da7b1866794d01369f7eed8a5accd46a5adba,1644488862,14,.nvmrc,npm,package-lock.json,[],projects/govuk-frontend/repo
e1612b13771fb7ca9a58ee85393aec94a1849335,1644493362,14,.nvmrc,npm,package-lock.json,[],projects/govuk-frontend/repo
8da1d58f93434c0564adb49aa08a4d981c2cb8e4,1644531781,14,.nvmrc,npm,package-lock.json,[],projects/govuk-frontend/repo
0d77e53687c6ed898c56364ec8c14a22fdaa7c28,1644841584,14,.nvmrc,npm,package-lock.json,[],projects/govuk-frontend/repo
e3e0ad170553adcd53cfea790cdfacd511e6dad2,1644930493,14,.nvmrc,npm,package-lock.json,[],projects/govuk-frontend/repo
90d14d1118ce01860d658fa795e57af9519dae3a,1645008530,14,.nvmrc,npm,package-lock.json,[],projects/govuk-frontend/repo
bf74b4cc49f49ab87785099bee69d4ca73568a8d,1645009867,14,.nvmrc,npm,package-lock.json,[],projects/govuk-frontend/repo
49e382531b5723bdd15b54859b71ffab3ba9eb00,1645011008,14,.nvmrc,npm,package-lock.json,[],projects/govuk-frontend/repo
aae9da43707e9f4f7ef8a397cb8a55ef95780854,1645011555,14,.nvmrc,npm,package-lock.json,[],projects/govuk-frontend/repo
7d033df74012c41c77d04a84fd3a2769a3fe0088,1645023461,14,.nvmrc,npm,package-lock.json,[],projects/govuk-frontend/repo
3e4cb11278f0923265a946d75ff9f31cbc44e02b,1645106603,14,.nvmrc,npm,package-lock.json,[],projects/govuk-frontend/repo
48d1a5230b470a49888d6e14ef7cef550a280e47,1645106785,14,.nvmrc,npm,package-lock.json,[],projects/govuk-frontend/repo
978a5d35f7f57f7356bbd9209821c17e99d36466,1645698421,14,.nvmrc,npm,package-lock.json,[],projects/govuk-frontend/repo
b7e1d1979940704360cf46162ccdcbad45daff7c,1645698445,14,.nvmrc,npm,package-lock.json,[],projects/govuk-frontend/repo
d246a0900bc6e6214ea84fe987ee3762e4880cd6,1645698446,14,.nvmrc,npm,package-lock.json,[],projects/govuk-frontend/repo
8b09a33cb794f38bd218e40c410a8b55393a95f7,1645698447,14,.nvmrc,npm,package-lock.json,[],projects/govuk-frontend/repo
c35fb2cd73447f16d450d726efa5aa009bb32305,1645698447,14,.nvmrc,npm,package-lock.json,[],projects/govuk-frontend/repo
a2fc893649d1ad4dbd7bfc3e3906efc893492157,1645710276,14,.nvmrc,npm,package-lock.json,[],projects/govuk-frontend/repo
fd4952f1c02c79056e09fc9c9ebae5c078140e49,1645710693,14,.nvmrc,npm,package-lock.json,[],projects/govuk-frontend/repo
30e791e96493cc8ba72da7b5732eeb5efc59f456,1646845076,14,.nvmrc,npm,package-lock.json,[],projects/govuk-frontend/repo
fcce09a03636e2cbc87170ff19a76b5f8d1ab97a,1646845763,14,.nvmrc,npm,package-lock.json,[],projects/govuk-frontend/repo
68de55cf61e542a746e967cc697bb3d4e52c02b0,1647201732,14,.nvmrc,npm,package-lock.json,[],projects/govuk-frontend/repo
cc5e134d2cd11121f0c743156f148d0f7b310c29,1647204007,14,.nvmrc,npm,package-lock.json,[],projects/govuk-frontend/repo
1b047c93044c5aa456dec2a68c84711f3e2f2785,1647261442,14,.nvmrc,npm,package-lock.json,[],projects/govuk-frontend/repo
d212ec1d22cbe4275c547f7725df96c75eea7e2b,1647262067,14,.nvmrc,npm,package-lock.json,[],projects/govuk-frontend/repo
34de34aa07480d0f1ed86a8f60be8f6a8755d20e,1647511884,14,.nvmrc,npm,package-lock.json,[],projects/govuk-frontend/repo
6d80a53055074e8e757acde966bf0a0331d4bf97,1647512118,14,.nvmrc,npm,package-lock.json,[],projects/govuk-frontend/repo
571824008585fcbc5155139fe9958fc28608312f,1648481739,14,.nvmrc,npm,package-lock.json,[],projects/govuk-frontend/repo
09f8120d11a129be0b0c5692d8abf28affb8092a,1648482452,14,.nvmrc,npm,package-lock.json,[],projects/govuk-frontend/repo
7727cebe5995953c330d663a3bdcc9bbb065df5a,1648487690,14,.nvmrc,npm,package-lock.json,[],projects/govuk-frontend/repo
9f79130562e300ae1b2b9960bbeab48f1c4af99c,1648487691,14,.nvmrc,npm,package-lock.json,[],projects/govuk-frontend/repo
309fda1fe0e2d9dc311b0b331c378b9873f5c74e,1648487691,14,.nvmrc,npm,package-lock.json,[],projects/govuk-frontend/repo
0a7f2531797fa97742178651b1323f1ea0cacc60,1648487691,14,.nvmrc,npm,package-lock.json,[],projects/govuk-frontend/repo
bf45f66189d062dde7080ce32177c41248a75864,1648487691,14,.nvmrc,npm,package-lock.json,[],projects/govuk-frontend/repo
217f88d95a2096ad4eaa3368b039eddc05d1df34,1648487692,14,.nvmrc,npm,package-lock.json,[],projects/govuk-frontend/repo
2fa4e2023448e9910556acd19f0a4ece27a24208,1648487692,14,.nvmrc,npm,package-lock.json,[],projects/govuk-frontend/repo
35b962e7e37589d1b5a6bea0bf317c4312ea3579,1648551529,14,.nvmrc,npm,package-lock.json,[],projects/govuk-frontend/repo
c725b123a51d134389a5b420c901e316fba85621,1648551611,14,.nvmrc,npm,package-lock.json,[],projects/govuk-frontend/repo
651ad62d3a90c73b7a2e08b1729f831177d85e7d,1648553108,14,.nvmrc,npm,package-lock.json,[],projects/govuk-frontend/repo
cae2f228cc190f7cc3fc68c16d99ef5eeeb16d46,1648558243,14,.nvmrc,npm,package-lock.json,[],projects/govuk-frontend/repo
a364b872eb0d1567ec8be1ce852646a9314ab463,1649256972,14,.nvmrc,npm,package-lock.json,[],projects/govuk-frontend/repo
c8f3fe2038508131eddf2972d59e7f2d6e034753,1649408828,14,.nvmrc,npm,package-lock.json,[],projects/govuk-frontend/repo
7c2ce9dc11f8a6c862585d1610785088b31b4b66,1649408828,14,.nvmrc,npm,package-lock.json,[],projects/govuk-frontend/repo
0ced84a1260fbe82730a1ad55ab3493fafa26d3e,1649408828,14,.nvmrc,npm,package-lock.json,[],projects/govuk-frontend/repo
8d06ceef8286ae16f8cd7e4655ddbd06cbeba73d,1649408828,14,.nvmrc,npm,package-lock.json,[],projects/govuk-frontend/repo
9a90f01164352f8218b635e24a0362a05405847d,1649408828,14,.nvmrc,npm,package-lock.json,[],projects/govuk-frontend/repo
77bf218b6462f8f00f167c418f9d92f50f227539,1649411965,14,.nvmrc,npm,package-lock.json,[],projects/govuk-frontend/repo
378562489d9447d3fff0c988e02bb0ec077b6a51,1649422266,14,.nvmrc,npm,package-lock.json,[],projects/govuk-frontend/repo
dd564e3138dc47d2cd8989dfae72bace632e0b8b,1649429736,14,.nvmrc,npm,package-lock.json,[],projects/govuk-frontend/repo
174c4d0b464af5c421b5b3f7142b4d3217be0e98,1649665726,14,.nvmrc,npm,package-lock.json,[],projects/govuk-frontend/repo
22be7cb2487719e8901c416ac2c23a84e02923f4,1649665834,14,.nvmrc,npm,package-lock.json,[],projects/govuk-frontend/repo
fe725e64da1fcf9f3cfa3217727c7ac9a10511c4,1649666682,14,.nvmrc,npm,package-lock.json,[],projects/govuk-frontend/repo
a876f418f22cdbf5e2252695fd0d2760615941d5,1649756516,14,.nvmrc,npm,package-lock.json,[],projects/govuk-frontend/repo
95c4209ec3c23def36fa576240444eb909132ed7,1649760280,14,.nvmrc,npm,package-lock.json,[],projects/govuk-frontend/repo
b83607025b9c68afb7d24b2c55048e6df8268a17,1650388287,14,.nvmrc,npm,package-lock.json,[],projects/govuk-frontend/repo
28711ec3cd0bb60031d80e763d03b0dda8fc3032,1650388295,14,.nvmrc,npm,package-lock.json,[],projects/govuk-frontend/repo
dd43474a43cef6c579f9b1c0d51e13420ad8cab1,1650388366,14,.nvmrc,npm,package-lock.json,[],projects/govuk-frontend/repo
2ec4c147eee04a01dd92144ba4661027f88a4f8a,1650388370,14,.nvmrc,npm,package-lock.json,[],projects/govuk-frontend/repo
cea32331eca6f6e23fd21ba2fbb3e346b7a0b18b,1650445733,14,.nvmrc,npm,package-lock.json,[],projects/govuk-frontend/repo
f9ec90ce88f5e82c1db0e296e04ddf4f379e906f,1650533349,14,.nvmrc,npm,package-lock.json,[],projects/govuk-frontend/repo
fe9bb2b99d2b545b185cb6414cf3fd652ffe7ab7,1650533349,14,.nvmrc,npm,package-lock.json,[],projects/govuk-frontend/repo
c803d641428af63f14c75d043e670a66be2c4037,1650533349,14,.nvmrc,npm,package-lock.json,[],projects/govuk-frontend/repo
acafa4ffabdaa91e4e8b74117c097b601a6ab66f,1650636669,14,.nvmrc,npm,package-lock.json,[],projects/govuk-frontend/repo
35bba8e4b8603b9c27c1fc7008026767a0e12922,1650636669,14,.nvmrc,npm,package-lock.json,[],projects/govuk-frontend/repo
1519bc0ac5c1cbf16ad230497590f79f1fe0e888,1650639776,14,.nvmrc,npm,package-lock.json,[],projects/govuk-frontend/repo
5c35a6a0fbd914b0442acd63228fe6da5382dad8,1650641235,14,.nvmrc,npm,package-lock.json,[],projects/govuk-frontend/repo
56dbbf05a9b30f3e03608cb0e6cb2acbfb1e8144,1650871486,16,.nvmrc,npm,package-lock.json,[],projects/govuk-frontend/repo
f119c8f3d44dcd65a25036050c477d09b5bbc201,1650871486,16,.nvmrc,npm,package-lock.json,[],projects/govuk-frontend/repo
288c69d8d3af2f2d423d80ee30da08f3294119f5,1650871932,16,.nvmrc,npm,package-lock.json,[],projects/govuk-frontend/repo
b969e07197faae097e166b7fb5f339eb8c12a18c,1650871990,16,.nvmrc,npm,package-lock.json,[],projects/govuk-frontend/repo
e6963b51ac990047e40d341b10325c315ebb9ac2,1650878770,14,.nvmrc,npm,package-lock.json,[],projects/govuk-frontend/repo
0e8082739fc31140b9af33e977215e510d80c3e8,1650878771,14,.nvmrc,npm,package-lock.json,[],projects/govuk-frontend/repo
3c3b798991305ca30e0752ec52dbea47f7142240,1650878771,14,.nvmrc,npm,package-lock.json,[],projects/govuk-frontend/repo
9b2db8d5cf65e586e750609502764e48e132964c,1650878771,14,.nvmrc,npm,package-lock.json,[],projects/govuk-frontend/repo
828ee9c5918df1ed9e0888ca74d2e94315d97ce8,1650880241,14,.nvmrc,npm,package-lock.json,[],projects/govuk-frontend/repo
cd849ad03009bbee9360c2fd143a175dadd64c86,1650880566,16,.nvmrc,npm,package-lock.json,[],projects/govuk-frontend/repo
3924240ea2e90523630a41a7cfab33026ce9018e,1650881144,16,.nvmrc,npm,package-lock.json,[],projects/govuk-frontend/repo
767a87342c6145fefa779d4ab3d5eaae76892eb7,1650883589,16,.nvmrc,npm,package-lock.json,[],projects/govuk-frontend/repo
3ef31fc2301cfa24c75c347c864b6e4aabd7a297,1650893069,16,.nvmrc,npm,package-lock.json,[],projects/govuk-frontend/repo
bda053c011f69c8c483227c73355b518ad61746c,1650894019,16,.nvmrc,npm,package-lock.json,[],projects/govuk-frontend/repo
3e94ae2722aa6a61aa048d989b11c4c1184d11b7,1650899377,14,.nvmrc,npm,package-lock.json,[],projects/govuk-frontend/repo
a50d7834b2496aa3bcbca46e60719d79320d183a,1650899817,16,.nvmrc,npm,package-lock.json,[],projects/govuk-frontend/repo
f0d9a9b0571154e24b20f9c4f378d24a08538adc,1650899918,16,.nvmrc,npm,package-lock.json,[],projects/govuk-frontend/repo
e582b803d930c69e4e01da552857e4330ec0d18e,1650900953,16,.nvmrc,npm,package-lock.json,[],projects/govuk-frontend/repo
080b166044ac595d36fee4350acaacac4117d80f,1650964810,16,.nvmrc,npm,package-lock.json,[],projects/govuk-frontend/repo
3c939cca259950df2ee217dfabeb4eefd7a3fa81,1651574131,16,.nvmrc,npm,package-lock.json,[],projects/govuk-frontend/repo
b8a0177bb30b18ea33c7c566550d30c6d0870a49,1651574414,16,.nvmrc,npm,package-lock.json,[],projects/govuk-frontend/repo
effcfa7eb894295454b9277036d98217f0bb5d46,1652171839,16,.nvmrc,npm,package-lock.json,[],projects/govuk-frontend/repo
8de7ddce61ed61fc4c88c05d1d620cc73632c29b,1652176639,16,.nvmrc,npm,package-lock.json,[],projects/govuk-frontend/repo
b8076ec9f9a8a85812068d603e2f5f9d99ce5d8c,1652264297,16,.nvmrc,npm,package-lock.json,[],projects/govuk-frontend/repo
b92c318a6462997f7fb6258abda7fe5de4af0a5e,1652264732,16,.nvmrc,npm,package-lock.json,[],projects/govuk-frontend/repo
a7855af6e09bf3de5bdfc0dcf9150aecc4341da1,1652372606,16,.nvmrc,npm,package-lock.json,[],projects/govuk-frontend/repo
73de84c76586bcbd9952ebbac7a18fcd6f5db96f,1652372606,16,.nvmrc,npm,package-lock.json,[],projects/govuk-frontend/repo
09743134445c03f5276c8ba119f96bb353b8dce5,1652372767,16,.nvmrc,npm,package-lock.json,[],projects/govuk-frontend/repo
3cdea58640891412d691e5f4af9cf79d34e64051,1652438667,16,.nvmrc,npm,package-lock.json,[],projects/govuk-frontend/repo
4016b28f4d5a41857a3f1fb7a2a74fe29fa19e31,1652689990,16,.nvmrc,npm,package-lock.json,[],projects/govuk-frontend/repo
d922e6ec66113c6f7e25794bcdf5df3dba8362d3,1652690354,16,.nvmrc,npm,package-lock.json,[],projects/govuk-frontend/repo
3637e33b8fb13f74fdb09004fc7c03421da690ab,1652710422,16,.nvmrc,npm,package-lock.json,[],projects/govuk-frontend/repo
83458556516ece14daf11586deba448a581648fa,1652710912,16,.nvmrc,npm,package-lock.json,[],projects/govuk-frontend/repo
88cfa817ada911313dab56f45a027ff0f1bef612,1652715495,16,.nvmrc,npm,package-lock.json,[],projects/govuk-frontend/repo
a39c04a774d3355859a8f8bafabb1928dbe0e965,1652716399,16,.nvmrc,npm,package-lock.json,[],projects/govuk-frontend/repo
f2bd57c8c446ba2ef7eda5348c348045ee0f2865,1652862240,16,.nvmrc,npm,package-lock.json,[],projects/govuk-frontend/repo
137b806d7c308f98f75f8c78ecfdb7f760b27d39,1652875120,16,.nvmrc,npm,package-lock.json,[],projects/govuk-frontend/repo
3e152c938ac225e2053974edd29e326b76769dd9,1653048767,16,.nvmrc,npm,package-lock.json,[],projects/govuk-frontend/repo
dba7a7e82c7bfd2b25985fff1a84ca7016b41da2,1653054542,16,.nvmrc,npm,package-lock.json,[],projects/govuk-frontend/repo
5eb4d68724db2606724b643cc4a40d505cd262ab,1653057100,16,.nvmrc,npm,package-lock.json,[],projects/govuk-frontend/repo
b616dc494e9a79d5ae275460058dc812df7cb278,1653057151,16,.nvmrc,npm,package-lock.json,[],projects/govuk-frontend/repo
01ce0ef9d19467f59cf6766129b1b60d0c1c2c17,1653058088,16,.nvmrc,npm,package-lock.json,[],projects/govuk-frontend/repo
2fb7589cf01c83d285b6d9c3870eeea2639c980d,1653313098,16,.nvmrc,npm,package-lock.json,[],projects/govuk-frontend/repo
272e2028139add8b48a22a1e7ff2dd0c0b5e1fcd,1653313978,16,.nvmrc,npm,package-lock.json,[],projects/govuk-frontend/repo
57eafbaa840c62c8827f44b909b5fe6bb0499b71,1653382579,16,.nvmrc,npm,package-lock.json,[],projects/govuk-frontend/repo
c9da8dbbf9b33037d3441eb2655f924b9e7833e7,1653397451,16,.nvmrc,npm,package-lock.json,[],projects/govuk-frontend/repo
68885024278a45875284fe731027bc1220b410fe,1653399726,16,.nvmrc,npm,package-lock.json,[],projects/govuk-frontend/repo
caa8918a42a794d75380ba99808dd7e1f70a9890,1653401329,16,.nvmrc,npm,package-lock.json,[],projects/govuk-frontend/repo
204306279e93e456215eafa0480c65fb828a9e05,1653404168,16,.nvmrc,npm,package-lock.json,[],projects/govuk-frontend/repo
4b57eac5a9d1d658725e341021782a0b7f86924f,1653404169,16,.nvmrc,npm,package-lock.json,[],projects/govuk-frontend/repo
8d9e47a71c4de2d31e959edd7d983eb43cf11a0a,1653404169,16,.nvmrc,npm,package-lock.json,[],projects/govuk-frontend/repo
0b372f91cccc2f24d7b803eca6c3d9fc299f3454,1653474117,16,.nvmrc,npm,package-lock.json,[],projects/govuk-frontend/repo
a24bc1daf441841f03261a4648b13d9cb0682bd5,1653478169,16,.nvmrc,npm,package-lock.json,[],projects/govuk-frontend/repo
25ee1664ac931fa05b457ba7af8d41b2d105a136,1653578552,16,.nvmrc,npm,package-lock.json,[],projects/govuk-frontend/repo
76cc8b312550fbe85c00ce1936b601c0d0792a33,1653578580,16,.nvmrc,npm,package-lock.json,[],projects/govuk-frontend/repo
f321a1c50e2f10e0149b1de9e5aa5e104866a675,1653578580,16,.nvmrc,npm,package-lock.json,[],projects/govuk-frontend/repo
5bea0b60d6dc2500884210a4c825f7bcd545aac4,1653644277,16,.nvmrc,npm,package-lock.json,[],projects/govuk-frontend/repo
23741f5f77ab6f90808c9e7c2d51d5014f606987,1653644415,16,.nvmrc,npm,package-lock.json,[],projects/govuk-frontend/repo
05e340a3f233c60c39477f6d3161379792793342,1653904935,16,.nvmrc,npm,package-lock.json,[],projects/govuk-frontend/repo
e094dc17724bd55e7422fa93356717ec61dd324b,1653906280,16,.nvmrc,npm,package-lock.json,[],projects/govuk-frontend/repo
a4cbe07267aa7e5da336db8646c9c90d09c60b2f,1653991069,16,.nvmrc,npm,package-lock.json,[],projects/govuk-frontend/repo
ddd2efa55e06aa20dce4fac86b353083e6298ea1,1653994180,16,.nvmrc,npm,package-lock.json,[],projects/govuk-frontend/repo
7dc105066e731350af570b4899796ea0aa130914,1654595174,16,.nvmrc,npm,package-lock.json,[],projects/govuk-frontend/repo
89b4d21b595916cc477f4f1b12f7509a54735ded,1654762733,16,.nvmrc,npm,package-lock.json,[],projects/govuk-frontend/repo
4bc26344938c796e4bcad53032786922a967c3f3,1654869537,16,.nvmrc,npm,package-lock.json,[],projects/govuk-frontend/repo
237a2d05ef22229a7cae25472d983ae21fb1b028,1654869931,16,.nvmrc,npm,package-lock.json,[],projects/govuk-frontend/repo
150f1d2cd0467ae4e4cb273912b3e8e61f291e3c,1655135287,16,.nvmrc,npm,package-lock.json,[],projects/govuk-frontend/repo
7de1ecf02c6cac8efd3c64ddf5f4e5ea23efed96,1655136497,16,.nvmrc,npm,package-lock.json,[],projects/govuk-frontend/repo
b17cb8d8062447848a0969286fd43a12686a5e71,1655136497,16,.nvmrc,npm,package-lock.json,[],projects/govuk-frontend/repo
b188b8267fd9f10958d8c3feaa0226e28d324c31,1655136497,16,.nvmrc,npm,package-lock.json,[],projects/govuk-frontend/repo
c6e81cf80ce8634cb1a53a0354b8fa64416bff1d,1655202006,16,.nvmrc,npm,package-lock.json,[],projects/govuk-frontend/repo
d1b24d72651311aa4951555b1511da7dd33dcf47,1655202557,16,.nvmrc,npm,package-lock.json,[],projects/govuk-frontend/repo
475d47733207f68d306da526c90ae8cedee84771,1655716697,16,.nvmrc,npm,package-lock.json,[],projects/govuk-frontend/repo
503c41016381bd540986a3e02873f39813fbb83e,1655716697,16,.nvmrc,npm,package-lock.json,[],projects/govuk-frontend/repo
8928ddf580bc6d802eb4320a3ec8d374e071535f,1655736256,16,.nvmrc,npm,package-lock.json,[],projects/govuk-frontend/repo
30e94223b8aec60be39ef0ab7260d04529b10433,1655736647,16,.nvmrc,npm,package-lock.json,[],projects/govuk-frontend/repo
da32bb0e9700da1aeb020f83a94d28f3393bfbcb,1655736941,16,.nvmrc,npm,package-lock.json,[],projects/govuk-frontend/repo
9d4e438c85497a4a13fdd87ff061816ac9ed9391,1655740729,16,.nvmrc,npm,package-lock.json,[],projects/govuk-frontend/repo
80441bef23a1e02f8ea1889197231a16a6b8997d,1655740729,16,.nvmrc,npm,package-lock.json,[],projects/govuk-frontend/repo
3a05340d855745b76cb3a81893f45898e08ab7fb,1655740729,16,.nvmrc,npm,package-lock.json,[],projects/govuk-frontend/repo
b4e1dec9febdba98b0f71430969a0f2fa77c09c5,1655740803,16,.nvmrc,npm,package-lock.json,[],projects/govuk-frontend/repo
9a091c39f79fbadb2701f519d9d1710a7621b4d8,1655741266,16,.nvmrc,npm,package-lock.json,[],projects/govuk-frontend/repo
1d96fc50ad7cb22e2cf605806e30c7b5f8696d9c,1655890779,16,.nvmrc,npm,package-lock.json,[],projects/govuk-frontend/repo
5d6fcd13fec8717bff769ef0066459cb081cca40,1655891765,16,.nvmrc,npm,package-lock.json,[],projects/govuk-frontend/repo
15eab77f00ae397a01c9fb35504f4f4626411bdb,1655893073,16,.nvmrc,npm,package-lock.json,[],projects/govuk-frontend/repo
80b997424979269331fca09016be48558b747e12,1655894909,16,.nvmrc,npm,package-lock.json,[],projects/govuk-frontend/repo
bebe52ca60f719c80894417c4390a8255cab3dde,1655902635,16,.nvmrc,npm,package-lock.json,[],projects/govuk-frontend/repo
f556723e078e5bad1a896d6b6bb6daadd3943437,1655992778,16,.nvmrc,npm,package-lock.json,[],projects/govuk-frontend/repo
746292ad19c816f8d34db5e2c4b6bf675df53243,1655997644,16,.nvmrc,npm,package-lock.json,[],projects/govuk-frontend/repo
7c14c47de0157edcc16815b77b04f6ddf6a8c4f3,1655999633,16,.nvmrc,npm,package-lock.json,[],projects/govuk-frontend/repo
06308a362c0094c17ac855d1b7e0813da82fe350,1656002714,16,.nvmrc,npm,package-lock.json,[],projects/govuk-frontend/repo
e9c2b14a343e6a34df6f57cd35977a42e25d464d,1656314439,16,.nvmrc,npm,package-lock.json,[],projects/govuk-frontend/repo
601defec1bc857e173d8a14d07f552906d124761,1656315043,16,.nvmrc,npm,package-lock.json,[],projects/govuk-frontend/repo
9afc0bf95a860909b9c6c05eda127f5e37d63010,1656318326,16,.nvmrc,npm,package-lock.json,[],projects/govuk-frontend/repo
536edad83edcfe012aac550ce96b7823a1f5a582,1656318326,16,.nvmrc,npm,package-lock.json,[],projects/govuk-frontend/repo
58a6edd1abdd461ab5a5e952daa921c5ebd1ce75,1656331452,16,.nvmrc,npm,package-lock.json,[],projects/govuk-frontend/repo
b956a9b54c613fc0dd3cc7eb4c8a6a3314de7de6,1656331568,16,.nvmrc,npm,package-lock.json,[],projects/govuk-frontend/repo
28c6c0d646a4c35b0d5e221b9d153b584ee38178,1656331929,16,.nvmrc,npm,package-lock.json,[],projects/govuk-frontend/repo
827646235d4f55df975098defad39ebae2db7e8c,1656428015,16,.nvmrc,npm,package-lock.json,[],projects/govuk-frontend/repo
b9f79e8ade9625ed39db7cf6775cb5013f83a6eb,1656428015,16,.nvmrc,npm,package-lock.json,[],projects/govuk-frontend/repo
8dbdbbf8876e759cba96e2dbedd5150d64c14598,1656428015,16,.nvmrc,npm,package-lock.json,[],projects/govuk-frontend/repo
1df31ba7a6c97d6cb05edf05ce1f3c3af558cd21,1656428015,16,.nvmrc,npm,package-lock.json,[],projects/govuk-frontend/repo
db427579a767c940ecb5b30a46c43d0059b624fc,1656433694,16,.nvmrc,npm,package-lock.json,[],projects/govuk-frontend/repo
aa42627d7bf260af82da082bdd19e948e6b3c6d4,1656511819,16,.nvmrc,npm,package-lock.json,[],projects/govuk-frontend/repo
8456499d3d7b08953e2abb092b17f020e0f4c29b,1656668461,16,.nvmrc,npm,package-lock.json,[],projects/govuk-frontend/repo
8e7382837a43cd14f135b67fec42e86bfb534da0,1657526538,16,.nvmrc,npm,package-lock.json,[],projects/govuk-frontend/repo
e7e5655ed56d8a7d69b617ff2967dcead273b358,1657527261,16,.nvmrc,npm,package-lock.json,[],projects/govuk-frontend/repo
9ffed11085ed9509bfd80a377f54e1b83d22e4de,1657615093,16,.nvmrc,npm,package-lock.json,[],projects/govuk-frontend/repo
e7b60dfebf50be959373eccf5711fede1456ed2c,1657624142,16,.nvmrc,npm,package-lock.json,[],projects/govuk-frontend/repo
cb108f2e4881949fcb80686e861fc8956190395b,1657627374,16,.nvmrc,npm,package-lock.json,[],projects/govuk-frontend/repo
cc4ce0d3d54af5da5a74b60d552a933d189d94c4,1657628788,16,.nvmrc,npm,package-lock.json,[],projects/govuk-frontend/repo
f12b04a741980d8ce0895278e539004bcdb60c58,1657704446,16,.nvmrc,npm,package-lock.json,[],projects/govuk-frontend/repo
b35ea244a531b782b246bdb75a2e1571dc32faab,1657704708,16,.nvmrc,npm,package-lock.json,[],projects/govuk-frontend/repo
1c2395d71f19ac7b6293b39ececfac825ff2a9cc,1657722626,16,.nvmrc,npm,package-lock.json,[],projects/govuk-frontend/repo
1a52cb302faae0deea6fae1307ae19eff26173ce,1657798316,16,.nvmrc,npm,package-lock.json,[],projects/govuk-frontend/repo
6a9caa8fd7b2b27bdd9be950870da408a4cf1cd1,1657802220,16,.nvmrc,npm,package-lock.json,[],projects/govuk-frontend/repo
bcae00c7c57119b7c5da32de3c26762331b59643,1657802220,16,.nvmrc,npm,package-lock.json,[],projects/govuk-frontend/repo
53e6d38c7c967e754027fb41e2ad4df7d332f8c7,1657802274,16,.nvmrc,npm,package-lock.json,[],projects/govuk-frontend/repo
2c31e478974917c3e4b21086f8621b0133f13b8c,1657878823,16,.nvmrc,npm,package-lock.json,[],projects/govuk-frontend/repo
4d438dbd18323fa602a251c1cb48659bae19807c,1657879624,16,.nvmrc,npm,package-lock.json,[],projects/govuk-frontend/repo
23c8e6809f8f675f5d49cdbdb2d0614691fb53d0,1657880589,16,.nvmrc,npm,package-lock.json,[],projects/govuk-frontend/repo
4bf347e8678ab35563accc569d9df27483c3a4a4,1657888471,16,.nvmrc,npm,package-lock.json,[],projects/govuk-frontend/repo
61fd4621d0141ddff6d76862cac1d5a4ac5773bc,1657889800,16,.nvmrc,npm,package-lock.json,[],projects/govuk-frontend/repo
c15810791ce0c40596ab4a563b7410f8b6293bf3,1658217429,16,.nvmrc,npm,package-lock.json,[],projects/govuk-frontend/repo
4e6687c41263fd6cfedf46b3d79ab9b42e29d111,1658220775,16,.nvmrc,npm,package-lock.json,[],projects/govuk-frontend/repo
4c1eb421fcd8004edea13f7182970eda3d3595de,1658235353,16,.nvmrc,npm,package-lock.json,[],projects/govuk-frontend/repo
99ea32f4cc1cf87b1aa3d097c3a83fec2c4d953b,1658235757,16,.nvmrc,npm,package-lock.json,[],projects/govuk-frontend/repo
86fa699c4f40dc55f5b413b24f8e826ccdee5af2,1658236452,16,.nvmrc,npm,package-lock.json,[],projects/govuk-frontend/repo
88471283f0236a151e3eaee774ec64dc07517308,1658236531,16,.nvmrc,npm,package-lock.json,[],projects/govuk-frontend/repo
866a2cea002e0c6819b3bc06024677e9360489ab,1658242394,16,.nvmrc,npm,package-lock.json,[],projects/govuk-frontend/repo
8649332b17612256c50e78c3d2eefeeac2cb7472,1658244677,16,.nvmrc,npm,package-lock.json,[],projects/govuk-frontend/repo
80ce36e382b6d04643048f4f7f9fe70cc9b0193a,1658311435,16,.nvmrc,npm,package-lock.json,[],projects/govuk-frontend/repo
cfe6c201be97e5d0ad4c5c36b8914c7e03f90b5e,1658392527,16,.nvmrc,npm,package-lock.json,[],projects/govuk-frontend/repo
dbe4b0b1a4a8b7c834ea0ba0b8f973e487229c26,1658393117,16,.nvmrc,npm,package-lock.json,[],projects/govuk-frontend/repo
ed363621e152f5b5441d151d9e55ee6f9a8d710e,1658397246,16,.nvmrc,npm,package-lock.json,[],projects/govuk-frontend/repo
cdd027bef7fbbea83756e514808cbde00f46aa2e,1658397951,16,.nvmrc,npm,package-lock.json,[],projects/govuk-frontend/repo
e544b523b98b13c865e1ccd1aba0649d64115155,1658408027,16,.nvmrc,npm,package-lock.json,[],projects/govuk-frontend/repo
3cb51d37d862fa4c0d726ece9da0d2ee81df4ad8,1658481574,16,.nvmrc,npm,package-lock.json,[],projects/govuk-frontend/repo
1ccf9d022c6e53e70554019a78336a27773b3cbd,1658483913,16,.nvmrc,npm,package-lock.json,[],projects/govuk-frontend/repo
3c178d44e30a2efec52dee45fc4b38137b8769f5,1658483913,16,.nvmrc,npm,package-lock.json,[],projects/govuk-frontend/repo
52bf8654a237c835e87045f0c4619b82f3342f0d,1658483913,16,.nvmrc,npm,package-lock.json,[],projects/govuk-frontend/repo
db26a3ad0c23e35b76fc850d04f2e055766f557d,1658484474,16,.nvmrc,npm,package-lock.json,[],projects/govuk-frontend/repo
29355bebd8ad9c0299eb3de3453d73f13e30b509,1658485209,16,.nvmrc,npm,package-lock.json,[],projects/govuk-frontend/repo
e6aa87a14302c1fae741b39757c367f2f48a43df,1658485636,16,.nvmrc,npm,package-lock.json,[],projects/govuk-frontend/repo
4edac0de0cc00f511ad91e45811f54931366b4ab,1658493384,16,.nvmrc,npm,package-lock.json,[],projects/govuk-frontend/repo
f70d765ee5a7fa9b3cfd621f016cc2155f74f14f,1658493384,16,.nvmrc,npm,package-lock.json,[],projects/govuk-frontend/repo
18760447ff2241ca786806fffc021e0ef8a0eea5,1658493870,16,.nvmrc,npm,package-lock.json,[],projects/govuk-frontend/repo
f6dad98154ccd98e515bf01e3354f2f5eb1c3402,1658504174,16,.nvmrc,npm,package-lock.json,[],projects/govuk-frontend/repo
d6fac628870cc43f3bdafd4404ec0b4db57470c4,1658505417,16,.nvmrc,npm,package-lock.json,[],projects/govuk-frontend/repo
553d2e63445e35f358eb0cd161737407e623b6d4,1658826807,16,.nvmrc,npm,package-lock.json,[],projects/govuk-frontend/repo
bb58b9e4ee9d8af21759e60a03f094f8e85b3330,1658829394,16,.nvmrc,npm,package-lock.json,[],projects/govuk-frontend/repo
a95a2a91ed3d88277f3b038440aac87dc8f75d8e,1658835837,16,.nvmrc,npm,package-lock.json,[],projects/govuk-frontend/repo
e0397b655adcd9033d9725efad0aa1e4b7c86462,1658835857,16,.nvmrc,npm,package-lock.json,[],projects/govuk-frontend/repo
9aa5e77e91cd75d932c7f8a40e99a120b8949b2d,1658838010,16,.nvmrc,npm,package-lock.json,[],projects/govuk-frontend/repo
aceb8d9798d8d2fc28357f1dda62d1a5e4a2eb98,1658839305,16,.nvmrc,npm,package-lock.json,[],projects/govuk-frontend/repo
7d3cd788fc8b9cf77e355e28156d7ddeff14e2d5,1658850716,16,.nvmrc,npm,package-lock.json,[],projects/govuk-frontend/repo
73c66489bbb8d92622053d483eb9245aa44dfd90,1658850910,16,.nvmrc,npm,package-lock.json,[],projects/govuk-frontend/repo
d716dafb26388198d0d78927bbd8998182362beb,1658852234,16,.nvmrc,npm,package-lock.json,[],projects/govuk-frontend/repo
c3ebb8f7adec56cbe77f2b0add46bba97fb214d9,1658932120,16,.nvmrc,npm,package-lock.json,[],projects/govuk-frontend/repo
99694b5ea9cc9bca3315ff13404397ab4eff2631,1658935114,16,.nvmrc,npm,package-lock.json,[],projects/govuk-frontend/repo
5b5e733601e2e180c4675fe9e0043edbf5bd9158,1659001250,16,.nvmrc,npm,package-lock.json,[],projects/govuk-frontend/repo
b752028b9221b98417a4ee3fcc59c952594c0f2c,1659016457,16,.nvmrc,npm,package-lock.json,[],projects/govuk-frontend/repo
8672ea151770ff6550fb15837dbd07e68b9cee80,1659016873,16,.nvmrc,npm,package-lock.json,[],projects/govuk-frontend/repo
005085353e5dcb542b4c1db9a56101689d92acaf,1659016873,16,.nvmrc,npm,package-lock.json,[],projects/govuk-frontend/repo
adc651679da532f60e3dc178093472d82bac7da8,1659026442,16,.nvmrc,npm,package-lock.json,[],projects/govuk-frontend/repo
49d89865ad18adacaa621c7a439b743eddcd3838,1659356121,16,.nvmrc,npm,package-lock.json,[],projects/govuk-frontend/repo
54ac1e9732b5527a254c1aaafc941f72dc451480,1659356161,16,.nvmrc,npm,package-lock.json,[],projects/govuk-frontend/repo
f465da819d922299a8e075cd0e7d250bc740662c,1659356414,16,.nvmrc,npm,package-lock.json,[],projects/govuk-frontend/repo
46958c22e580a4e112d6c03ebccd18eeec834fec,1659357332,16,.nvmrc,npm,package-lock.json,[],projects/govuk-frontend/repo
9fc06138fca9bdb16350910360234441c79d3c10,1659361436,16,.nvmrc,npm,package-lock.json,[],projects/govuk-frontend/repo
aab5d333ee3990db934f9282ad5b19f2a5c50be5,1659362230,16,.nvmrc,npm,package-lock.json,[],projects/govuk-frontend/repo
e3ae74250ab304a9b182b815bff588d2e5a1d3b9,1659370158,16,.nvmrc,npm,package-lock.json,[],projects/govuk-frontend/repo
9c447a9abb45df2765a8878237c97e44dc103a3e,1659431143,16,.nvmrc,npm,package-lock.json,[],projects/govuk-frontend/repo
959aa4debd78e2648c454b33fc741f638dd39e0d,1659431184,16,.nvmrc,npm,package-lock.json,[],projects/govuk-frontend/repo
6b282b839d8b3e2a636b4a383b2568944d69e161,1659432067,16,.nvmrc,npm,package-lock.json,[],projects/govuk-frontend/repo
8a19d88dfd14459053f67f7dc31eec9fb1955f0d,1659456780,16,.nvmrc,npm,package-lock.json,[],projects/govuk-frontend/repo
c9d331c2a155de6244c8fb240c22923e074a8099,1659457326,16,.nvmrc,npm,package-lock.json,[],projects/govuk-frontend/repo
43e0a85b244f27b20c05bea89726e7beba81a443,1659519269,16,.nvmrc,npm,package-lock.json,[],projects/govuk-frontend/repo
159455d6c049f99242569afc87302337308ee8ff,1659531175,16,.nvmrc,npm,package-lock.json,[],projects/govuk-frontend/repo
14e1661eed31160b9cabf76d0c5fba1052525114,1659532368,16,.nvmrc,npm,package-lock.json,[],projects/govuk-frontend/repo
c59f0d2e039f0aba9170f03427dc6051017132cf,1659609181,16,.nvmrc,npm,package-lock.json,[],projects/govuk-frontend/repo
7217a7f2000194349096ac3480123f0affb1eec7,1659609181,16,.nvmrc,npm,package-lock.json,[],projects/govuk-frontend/repo
d97a486ed523bb20aa1568067e23afae0f55af7d,1659611040,16,.nvmrc,npm,package-lock.json,[],projects/govuk-frontend/repo
f217eef237d3c02cc50e9d180b0cc1a05726f326,1659612860,16,.nvmrc,npm,package-lock.json,[],projects/govuk-frontend/repo
af7ce8578a13df2a11c768f1175aebc7b1e48c70,1659613166,16,.nvmrc,npm,package-lock.json,[],projects/govuk-frontend/repo
23124177750e8824103af059a3deb9b42c5ae723,1659629578,16,.nvmrc,npm,package-lock.json,[],projects/govuk-frontend/repo
5594bd808acf9c88e4ba072ced56387f01bc062f,1660038899,16,.nvmrc,npm,package-lock.json,[],projects/govuk-frontend/repo
4f50bcb26f4398cfa506149ea2a3f458fd6a9ebc,1660039355,16,.nvmrc,npm,package-lock.json,[],projects/govuk-frontend/repo
987a5ae3315b2eec95aa66e59b207950f8cf73ef,1660039724,16,.nvmrc,npm,package-lock.json,[],projects/govuk-frontend/repo
e319f83cc2496e6814e0eb8f341ae658b05b415d,1660040120,16,.nvmrc,npm,package-lock.json,[],projects/govuk-frontend/repo
5a34dbffc11812db32971bd7f8bd59dea39282da,1660042540,16,.nvmrc,npm,package-lock.json,[],projects/govuk-frontend/repo
0d670628923a5b4756f5c60daf92166dabb7122e,1660042882,16,.nvmrc,npm,package-lock.json,[],projects/govuk-frontend/repo
f1ab99e79ab0931315f221b085b1563c5b50909c,1660129263,16,.nvmrc,npm,package-lock.json,[],projects/govuk-frontend/repo
cbb7094e17229a0ee48c7f38243b917221cba56c,1660129599,16,.nvmrc,npm,package-lock.json,[],projects/govuk-frontend/repo
1b03efd0b4c3b6b20ee311225dd12f98fe8fa588,1660311174,16,.nvmrc,npm,package-lock.json,[],projects/govuk-frontend/repo
8fd787e636717bedcd069047d4bb4960d2fba0e4,1660311323,16,.nvmrc,npm,package-lock.json,[],projects/govuk-frontend/repo
0f68168623d719a1d5ca6b1f4523cb88010b57dd,1660558556,16,.nvmrc,npm,package-lock.json,[],projects/govuk-frontend/repo
8f1f351c195902c5c5363060a0390ea88ed70f23,1660559604,16,.nvmrc,npm,package-lock.json,[],projects/govuk-frontend/repo
93cb85e2dffdd3987d82691bfe3f3f7918c14441,1660562669,16,.nvmrc,npm,package-lock.json,[],projects/govuk-frontend/repo
e888d34a8562c38a551ea6e40540528c62153af3,1660568691,16,.nvmrc,npm,package-lock.json,[],projects/govuk-frontend/repo
0488b8977249b9c31cdcff834ffa7e3c5b02f1e6,1660571341,16,.nvmrc,npm,package-lock.json,[],projects/govuk-frontend/repo
11e8ca9a026480c831c3b58062b7a22c983ed5e9,1660571341,16,.nvmrc,npm,package-lock.json,[],projects/govuk-frontend/repo
cc24d90fe88cfffc257b01cc9954f5f9b272e943,1660572386,16,.nvmrc,npm,package-lock.json,[],projects/govuk-frontend/repo
7712c9a3ae671ccfc77efedae16f989fb7c1f36b,1660575581,16,.nvmrc,npm,package-lock.json,[],projects/govuk-frontend/repo
942a687a21bfd2c5492baff0af5f99a48bfe21c0,1660576309,16,.nvmrc,npm,package-lock.json,[],projects/govuk-frontend/repo
0a096c092438d64127d9b5c4e94bb8a4fd259e9b,1660593560,16,.nvmrc,npm,package-lock.json,[],projects/govuk-frontend/repo
af385b80df1bd64e2f3b9bdca095167deab2f962,1660596293,16,.nvmrc,npm,package-lock.json,[],projects/govuk-frontend/repo
8a20d1b60e663eb5e5064c6a55382fb54eeb331b,1660596621,16,.nvmrc,npm,package-lock.json,[],projects/govuk-frontend/repo
e68856d12854c2bb56fc64fec83047dcb9af107b,1660596621,16,.nvmrc,npm,package-lock.json,[],projects/govuk-frontend/repo
9fdbeb6608fe71287f5ab27ae798c807288a10d8,1660666815,16,.nvmrc,npm,package-lock.json,[],projects/govuk-frontend/repo
87e0c5d9a7490a444a7134c25cb1dee8a243fe05,1660728956,16,.nvmrc,npm,package-lock.json,[],projects/govuk-frontend/repo
3ac74ea7940aeb2b0ae5a5bbf639b22a7d5600a5,1660729576,16,.nvmrc,npm,package-lock.json,[],projects/govuk-frontend/repo
2eb58cf1610fa7d763a06b888fed3fd7a263a513,1660731466,16,.nvmrc,npm,package-lock.json,[],projects/govuk-frontend/repo
615adc166cea701516942906ce9f14ae3258a7a5,1660731534,16,.nvmrc,npm,package-lock.json,[],projects/govuk-frontend/repo
8ac8213bff4d7f5ff75f73ef3f0ad089b84c5ef0,1660741078,16,.nvmrc,npm,package-lock.json,[],projects/govuk-frontend/repo
3da57a38f30513b3eaba03ed05dcfb8fd2df1d02,1660832053,16,.nvmrc,npm,package-lock.json,[],projects/govuk-frontend/repo
1cc0a075f575719798f74a7935421e1e155bb99b,1660832476,16,.nvmrc,npm,package-lock.json,[],projects/govuk-frontend/repo
380fcab675385a8552dbdb3faec2254ede958c55,1660833910,16,.nvmrc,npm,package-lock.json,[],projects/govuk-frontend/repo
5a364bb5b711b8cff9939778bb779c805d743ef3,1660833910,16,.nvmrc,npm,package-lock.json,[],projects/govuk-frontend/repo
368a4043c337f558ac5834f4a8ca127cb77a30b9,1660833938,16,.nvmrc,npm,package-lock.json,[],projects/govuk-frontend/repo
c31c4bebba9a464116033ff5cd03772bf3aa79f5,1660834639,16,.nvmrc,npm,package-lock.json,[],projects/govuk-frontend/repo
f301765d7c485a2b92e0a42717f0767a4db284eb,1660835285,16,.nvmrc,npm,package-lock.json,[],projects/govuk-frontend/repo
54ccfaf318eb812c85c5e6c92457df846de93d47,1660835285,16,.nvmrc,npm,package-lock.json,[],projects/govuk-frontend/repo
cada8cc2efa6a4d47cbeccac0c991ccc7be28125,1660835346,16,.nvmrc,npm,package-lock.json,[],projects/govuk-frontend/repo
30e5824fb8e0d135445881bd4ab432f0dd9b9a6f,1660835595,16,.nvmrc,npm,package-lock.json,[],projects/govuk-frontend/repo
c24387e52c5fcef397ab26e367fccfe75ed6011c,1660836488,16,.nvmrc,npm,package-lock.json,[],projects/govuk-frontend/repo
a0dc6e18504ff4e27d052a2a16fd6321c38fc280,1660836745,16,.nvmrc,npm,package-lock.json,[],projects/govuk-frontend/repo
dc892e5ef90b25703acfa474ae21d785690e25d9,1660836745,16,.nvmrc,npm,package-lock.json,[],projects/govuk-frontend/repo
6ce53b18c8313f9915455dbd3224e8300b6db3d3,1660836745,16,.nvmrc,npm,package-lock.json,[],projects/govuk-frontend/repo
90b024d1b9dc9a934700e0f3bdccddc7ec7864bd,1660836745,16,.nvmrc,npm,package-lock.json,[],projects/govuk-frontend/repo
cbdbe254d42fd6165f65b08ad731219a16e52c34,1660836809,16,.nvmrc,npm,package-lock.json,[],projects/govuk-frontend/repo
eb89931a859453ed22bc61b54939f1a807911445,1660837908,16,.nvmrc,npm,package-lock.json,[],projects/govuk-frontend/repo
25ffbc992c84aa1017753e33442d7758a0887c7f,1660914217,16,.nvmrc,npm,package-lock.json,[],projects/govuk-frontend/repo
f3ef6e9b4e99fcf308eb062a406515f2a4ac3f62,1660920031,16,.nvmrc,npm,package-lock.json,[],projects/govuk-frontend/repo
80b47c3b5bf0cf2f9e2a91d5e1ff7eefc45a9176,1660920789,16,.nvmrc,npm,package-lock.json,[],projects/govuk-frontend/repo
1ce9c694a955900d2885a92c33869767fb1786ee,1661202606,16,.nvmrc,npm,package-lock.json,[],projects/govuk-frontend/repo
4f51e6c086a10a375cb75568bebda77f230981d3,1661243259,16,.nvmrc,npm,package-lock.json,[],projects/govuk-frontend/repo
e180698512df03160d958da26d53ed24658b3ab5,1661328198,16,.nvmrc,npm,package-lock.json,[],projects/govuk-frontend/repo
b8a3921fd9d7a495205cc3daab6b6ad689e67569,1661328911,16,.nvmrc,npm,package-lock.json,[],projects/govuk-frontend/repo
abd5a8465d45144b3486ebdd10f55fe0291eedb9,1661418883,16,.nvmrc,npm,package-lock.json,[],projects/govuk-frontend/repo
91cffa720f9ef7cfec6352f575c8cc8207ad0e4d,1661418883,16,.nvmrc,npm,package-lock.json,[],projects/govuk-frontend/repo
ca3f0322d90935edfe828014f29cc30c7d0fde0b,1661441769,16,.nvmrc,npm,package-lock.json,[],projects/govuk-frontend/repo
486e2ec0bbce5c6e1e3b0ac1ed2ca6142b46e039,1661441769,16,.nvmrc,npm,package-lock.json,[],projects/govuk-frontend/repo
a2236f8edea992ce78cb5b151907334ca9aa3ec5,1661441769,16,.nvmrc,npm,package-lock.json,[],projects/govuk-frontend/repo
67ef4a1c3f0e92b638086bd9687485908d226aac,1661441769,16,.nvmrc,npm,package-lock.json,[],projects/govuk-frontend/repo
3c561aff58e33b69fe0bc26b2fb28c18caf6a876,1661441886,16,.nvmrc,npm,package-lock.json,[],projects/govuk-frontend/repo
eda2af02a1ab0b6586326d2c31a8a57a6d1050e8,1661441886,16,.nvmrc,npm,package-lock.json,[],projects/govuk-frontend/repo
a54981db4e5f113bab97c33205be2ed4a9f7d816,1661507762,16,.nvmrc,npm,package-lock.json,[],projects/govuk-frontend/repo
ad369a449767e8248334ef91429fa1e6c138eb82,1661508502,16,.nvmrc,npm,package-lock.json,[],projects/govuk-frontend/repo
a4d0d0dcb4a606d9bde03d9bbd2fc88e50eb586c,1661508572,16,.nvmrc,npm,package-lock.json,[],projects/govuk-frontend/repo
f846c05570f413164f45403be333c3f3eba3b744,1661508600,16,.nvmrc,npm,package-lock.json,[],projects/govuk-frontend/repo
50bdf4e9235640618ab31dab4aabf003a9dd3733,1661510827,16,.nvmrc,npm,package-lock.json,[],projects/govuk-frontend/repo
9b0f01a03e9c40a8941e43aaee9a13b31f8c675d,1661514951,16,.nvmrc,npm,package-lock.json,[],projects/govuk-frontend/repo
354db5d0994e62617a556d9bb6bf7816e62517ba,1661514951,16,.nvmrc,npm,package-lock.json,[],projects/govuk-frontend/repo
04c7153f0224acd47d8543861e02ce6262250aba,1661514951,16,.nvmrc,npm,package-lock.json,[],projects/govuk-frontend/repo
5d34065381980a031fb364b5f3d082293c592180,1661514951,16,.nvmrc,npm,package-lock.json,[],projects/govuk-frontend/repo
f5a48663eebb863fa340a1b717c55c22f068a239,1661514951,16,.nvmrc,npm,package-lock.json,[],projects/govuk-frontend/repo
1af6e4a3cc07c0107233a70b0231073357951eeb,1661516145,16,.nvmrc,npm,package-lock.json,[],projects/govuk-frontend/repo
9829c8bac8b9dc96e8233133331b86423908923b,1661516715,16,.nvmrc,npm,package-lock.json,[],projects/govuk-frontend/repo
aafbb16079a53730ba9a8a0e2cc0aed647237fe8,1661517059,16,.nvmrc,npm,package-lock.json,[],projects/govuk-frontend/repo
33a29a8ed6a8c1d625c24650574690066b172169,1661528087,16,.nvmrc,npm,package-lock.json,[],projects/govuk-frontend/repo
11467693ffec10fa2984e74e64ff34b482ebc5df,1661529294,16,.nvmrc,npm,package-lock.json,[],projects/govuk-frontend/repo
21620980fff1eb5ff2c25676012c7cceefe89d8a,1661529304,16,.nvmrc,npm,package-lock.json,[],projects/govuk-frontend/repo
3bf4fa3928d0c28eb5c2429f8411e8152ab2f9b7,1661847160,16,.nvmrc,npm,package-lock.json,[],projects/govuk-frontend/repo
68568a2ab61c5d21d41df1593d24e7e27381fd41,1661853871,16,.nvmrc,npm,package-lock.json,[],projects/govuk-frontend/repo
e7a872293f3436a5d0b4f6704b1392f06b16cf45,1661861126,16,.nvmrc,npm,package-lock.json,[],projects/govuk-frontend/repo
dc6fc67d4dca1574194b8337ff0e3cfa07b14dd1,1661861613,16,.nvmrc,npm,package-lock.json,[],projects/govuk-frontend/repo
88ec63967287da3a0393c9851a06700b656c4983,1661865337,16,.nvmrc,npm,package-lock.json,[],projects/govuk-frontend/repo
8bdc08b19376aa10b9aa6d211b1c9e9b2ed18721,1661865386,16,.nvmrc,npm,package-lock.json,[],projects/govuk-frontend/repo
6825ec3ea9733ceb91e00f3bf00f95f8a4cb9d9d,1661868982,16,.nvmrc,npm,package-lock.json,[],projects/govuk-frontend/repo
345e8cd13232cb0833e505af82cb5f17fb85f93a,1661869145,16,.nvmrc,npm,package-lock.json,[],projects/govuk-frontend/repo
2500081af1d72c3ab3ab715a4c903422ef2c95ad,1661869240,16,.nvmrc,npm,package-lock.json,[],projects/govuk-frontend/repo
5c9aaa63d21a3de974fceaabe6432644babafbef,1661869700,16,.nvmrc,npm,package-lock.json,[],projects/govuk-frontend/repo
dc55e43ca49f8ee7faf02cb9d445a7bdec4019d0,1661870825,16,.nvmrc,npm,package-lock.json,[],projects/govuk-frontend/repo
3ff4a464944c1a48083d220427d7898e1ac95be4,1661875269,16,.nvmrc,npm,package-lock.json,[],projects/govuk-frontend/repo
3d27b6764b1e9a72fce8fde367c1bcf00af05fbe,1661875269,16,.nvmrc,npm,package-lock.json,[],projects/govuk-frontend/repo
1abe3e3efb38aad972cc0644387b130dbea8f86f,1661875868,16,.nvmrc,npm,package-lock.json,[],projects/govuk-frontend/repo
11cd1ba84effe69408edf6b1ae676dcfc47fcfdc,1662028762,16,.nvmrc,npm,package-lock.json,[],projects/govuk-frontend/repo
b8d64b290fca2ada008409c8856ed57c38c0f6f1,1662029360,16,.nvmrc,npm,package-lock.json,[],projects/govuk-frontend/repo
8f949e4b6fdc3d7d56e421b5d28845a6af038f3e,1662038442,16,.nvmrc,npm,package-lock.json,[],projects/govuk-frontend/repo
03d4fcc41235dc693fbde48dc62c9cde77c08732,1662038455,16,.nvmrc,npm,package-lock.json,[],projects/govuk-frontend/repo
e2e9b9889ba9d493890770404f57d49defd812a2,1662038455,16,.nvmrc,npm,package-lock.json,[],projects/govuk-frontend/repo
99d6135318bcdd0223f81d8de9400f379b98dff7,1662038493,16,.nvmrc,npm,package-lock.json,[],projects/govuk-frontend/repo
6ce08cc167dc34a8a55461153b6be43abc337791,1662038495,16,.nvmrc,npm,package-lock.json,[],projects/govuk-frontend/repo
040db6d9f7639136730cc05cc0a99ef893523594,1662038938,16,.nvmrc,npm,package-lock.json,[],projects/govuk-frontend/repo
8f8fa6f9a64753f4bc3c36328c6fdb0539cbb52c,1662039917,16,.nvmrc,npm,package-lock.json,[],projects/govuk-frontend/repo
cd9c4eaacb5527a263bd5c0fa8b70dae9cb51414,1662113677,16,.nvmrc,npm,package-lock.json,[],projects/govuk-frontend/repo
9b673cea9c0ee06487954e0cf670f7dca53de48c,1662114229,16,.nvmrc,npm,package-lock.json,[],projects/govuk-frontend/repo
6a1f9b3d28eab221f44fa53678f56dba15ba4f1d,1662118405,16,.nvmrc,npm,package-lock.json,[],projects/govuk-frontend/repo
9c81644411384e6f7ac654cf8bc67db6e3ae6bd9,1662134207,16,.nvmrc,npm,package-lock.json,[],projects/govuk-frontend/repo
54272096c11bf73c6e1fa5dd992e01c5e42a8a93,1662373361,16,.nvmrc,npm,package-lock.json,[],projects/govuk-frontend/repo
3c29db6f856cf358bb767453694575b6fb6fa529,1662383089,16,.nvmrc,npm,package-lock.json,[],projects/govuk-frontend/repo
0b554efb65309ceaefe69aef2bf8fc4433f5ed64,1662383146,16,.nvmrc,npm,package-lock.json,[],projects/govuk-frontend/repo
f85818476d826cb5eba4ca0e803b0acaea8ab070,1662383559,16,.nvmrc,npm,package-lock.json,[],projects/govuk-frontend/repo
741d646c757d2ec10ca5487f1861c47254f42265,1662384177,16,.nvmrc,npm,package-lock.json,[],projects/govuk-frontend/repo
05e426fbed564f9ddb51340120a36e1e23e44a5a,1662384178,16,.nvmrc,npm,package-lock.json,[],projects/govuk-frontend/repo
25e52ff28435a39b7cbf00c1fb7a2c25a023d442,1662384345,16,.nvmrc,npm,package-lock.json,[],projects/govuk-frontend/repo
b0c1d0e132e14865b4496f9f5e58edffa5c508ae,1662394521,16,.nvmrc,npm,package-lock.json,[],projects/govuk-frontend/repo
3f264256fa01c8d5b5d4e8121756e50d866eda7d,1662452497,16,.nvmrc,npm,package-lock.json,[],projects/govuk-frontend/repo
9a8b65c5a31480c4455cdb871c20587cc6924fef,1662458066,16,.nvmrc,npm,package-lock.json,[],projects/govuk-frontend/repo
32f270b9f32054bee8492d909aad6a6f3e92d94f,1662537509,16,.nvmrc,npm,package-lock.json,[],projects/govuk-frontend/repo
61e0aa71265da23ce9d37f0cea897aa1cbac979f,1662540875,16,.nvmrc,npm,package-lock.json,[],projects/govuk-frontend/repo
500a02fd2768270726c0658a1ac5608977445ade,1662547951,16,.nvmrc,npm,package-lock.json,[],projects/govuk-frontend/repo
e79e22d1f932a60dc983cf0950f62ff7ac5a0300,1662547979,16,.nvmrc,npm,package-lock.json,[],projects/govuk-frontend/repo
a5c3758db502822daed4009a2da635676499f8b9,1662548003,16,.nvmrc,npm,package-lock.json,[],projects/govuk-frontend/repo
19f6567de37c3a1e75c5e9722852308af807ce9a,1662548015,16,.nvmrc,npm,package-lock.json,[],projects/govuk-frontend/repo
f2ea5b6e0d98b508f098bab48d5e524b41d62f05,1662548050,16,.nvmrc,npm,package-lock.json,[],projects/govuk-frontend/repo
58d9a70aab0c21425183d2c11ae738c00b7244d6,1662548050,16,.nvmrc,npm,package-lock.json,[],projects/govuk-frontend/repo
be18cce428ae542cb5ea490326e8f5142ff96489,1662548050,16,.nvmrc,npm,package-lock.json,[],projects/govuk-frontend/repo
6c510b2e930f201e62a5718b936f621fd9a092f3,1662548050,16,.nvmrc,npm,package-lock.json,[],projects/govuk-frontend/repo
56da6a53e73dcf1ff331a0cef57231d1c1b645d4,1662548050,16,.nvmrc,npm,package-lock.json,[],projects/govuk-frontend/repo
7f02760ac7deb1a8f0564d2524003039f9bf2364,1662548050,16,.nvmrc,npm,package-lock.json,[],projects/govuk-frontend/repo
093d561061bd6d2960a4ed419d39aacdda11c9aa,1662548050,16,.nvmrc,npm,package-lock.json,[],projects/govuk-frontend/repo
e1f4b323bf9bfa4a62eb5372322bbebb367049a4,1662548050,16,.nvmrc,npm,package-lock.json,[],projects/govuk-frontend/repo
0ea70e63f2d53c5437050bd589d9d362549119e8,1662548050,16,.nvmrc,npm,package-lock.json,[],projects/govuk-frontend/repo
5182147be6e28c8fc8c53d4b977611bc6f9d7b90,1662548050,16,.nvmrc,npm,package-lock.json,[],projects/govuk-frontend/repo
3ff31a7de89f9952f4c66cd43723049d10f56424,1662566610,16,.nvmrc,npm,package-lock.json,[],projects/govuk-frontend/repo
1a48fbd1405dfff9d399b6c9cfc8a9f3cb22a324,1662567836,16,.nvmrc,npm,package-lock.json,[],projects/govuk-frontend/repo
9b968bb324b5edc43fabccbc011dab15be720d0b,1662629046,16,.nvmrc,npm,package-lock.json,[],projects/govuk-frontend/repo
40d3357f4aaa789151c5de2a5a72be4686961b1c,1662632066,16,.nvmrc,npm,package-lock.json,[],projects/govuk-frontend/repo
9e4d2bf72b791e2114797e1b0daa57e83e98606f,1662995456,16,.nvmrc,npm,package-lock.json,[],projects/govuk-frontend/repo
c3b5ddb19caf16a7175018627d02f9a9a47792ca,1662995587,16,.nvmrc,npm,package-lock.json,[],projects/govuk-frontend/repo
728c625ad5fdcdcdd3229645db9be9755171c5c4,1662995587,16,.nvmrc,npm,package-lock.json,[],projects/govuk-frontend/repo
7ae3cf715f3d1243f082e8254cddccc1dbc12761,1662995744,16,.nvmrc,npm,package-lock.json,[],projects/govuk-frontend/repo
9020ac682b8d081a64cf8766db92de4f8b14c5ce,1663001388,16,.nvmrc,npm,package-lock.json,[],projects/govuk-frontend/repo
faefdf314da9653cf089cf0b54bcaccc324fc3c9,1663058711,16,.nvmrc,npm,package-lock.json,[],projects/govuk-frontend/repo
ebdaa03d3e9af69634084a8f983387ddfeab7008,1663066924,16,.nvmrc,npm,package-lock.json,[],projects/govuk-frontend/repo
bc843a3e0e90191838ac4471d7ccfe58491a2085,1663073431,16,.nvmrc,npm,package-lock.json,[],projects/govuk-frontend/repo
062946035cf9d105b6ce045f4866927605d42675,1663073772,16,.nvmrc,npm,package-lock.json,[],projects/govuk-frontend/repo
f096cf6b0e4a1bb85ab456b1f81911cad3379674,1663085702,16,.nvmrc,npm,package-lock.json,[],projects/govuk-frontend/repo
3728917bad67ec5f8d8fb22675e7fd29b8043582,1663088226,16,.nvmrc,npm,package-lock.json,[],projects/govuk-frontend/repo
ed1dceb68943bb4ba7b8d18bfe3ef70b11fb1aa2,1663143664,16,.nvmrc,npm,package-lock.json,[],projects/govuk-frontend/repo
962d587eba56f236ae3454bab624b48954d14b6e,1663144467,16,.nvmrc,npm,package-lock.json,[],projects/govuk-frontend/repo
da1799b3860708ee63e541884ca08ffd6f87db40,1663151312,16,.nvmrc,npm,package-lock.json,[],projects/govuk-frontend/repo
99558e1f6fef50d58d20284dd1185c04b661bb35,1663151312,16,.nvmrc,npm,package-lock.json,[],projects/govuk-frontend/repo
29e1a9f16a6a897899c8402ccd0c2485a94046cf,1663151312,16,.nvmrc,npm,package-lock.json,[],projects/govuk-frontend/repo
2510e0c9f32b3b3a9095849fc6db82ee76b6fa81,1663152272,16,.nvmrc,npm,package-lock.json,[],projects/govuk-frontend/repo
54afba60a10c6a364ae89e9fb199f4d7b75a5942,1663156326,16,.nvmrc,npm,package-lock.json,[],projects/govuk-frontend/repo
54220b9c98e5afb3c142df0f8b44b0f6effadc1f,1663161656,16,.nvmrc,npm,package-lock.json,[],projects/govuk-frontend/repo
246e90a922127a4ff4c1ebb245d67eaba7c147f6,1663163130,16,.nvmrc,npm,package-lock.json,[],projects/govuk-frontend/repo
4fb2d91b86a0d807902b09d070ffc38f16442f97,1663164250,16,.nvmrc,npm,package-lock.json,[],projects/govuk-frontend/repo
e57cf9915729d0065c1ec6e55ef555821caa9e93,1663164712,16,.nvmrc,npm,package-lock.json,[],projects/govuk-frontend/repo
574f696feb3bf227d4083924735662308cda95fb,1663168989,16,.nvmrc,npm,package-lock.json,[],projects/govuk-frontend/repo
137f731abfd2bc76b58ca89eba9467c492bc54f3,1663170121,16,.nvmrc,npm,package-lock.json,[],projects/govuk-frontend/repo
4afbcba97042766a36a94094fa91b3b6b8d8a0d5,1663170225,16,.nvmrc,npm,package-lock.json,[],projects/govuk-frontend/repo
e0353e9cb5adf9bfb9b73c6ee7f9d80fe50cbf45,1663170317,16,.nvmrc,npm,package-lock.json,[],projects/govuk-frontend/repo
8bbce5863b674394f4df5fcd308a2728cd1048c6,1663170983,16,.nvmrc,npm,package-lock.json,[],projects/govuk-frontend/repo
4d32a98b4647f5290eaee4e36c664f4204e3157c,1663171364,16,.nvmrc,npm,package-lock.json,[],projects/govuk-frontend/repo
d45f013aebe744fd328dc07f6620c37cbef5cc60,1663172353,16,.nvmrc,npm,package-lock.json,[],projects/govuk-frontend/repo
2b53d49a986998fe878f4b89fde31cef5b58ceb2,1663230476,16,.nvmrc,npm,package-lock.json,[],projects/govuk-frontend/repo
a4c0c3c6776d1a19d93f0f376ed3161832a91c2f,1663234464,16,.nvmrc,npm,package-lock.json,[],projects/govuk-frontend/repo
7ef0c751dc90fe43bcd440357cf964b987ea867f,1663234464,16,.nvmrc,npm,package-lock.json,[],projects/govuk-frontend/repo
92cd6e5edf4527f855b81282fc3b44fa0746203c,1663235655,16,.nvmrc,npm,package-lock.json,[],projects/govuk-frontend/repo
d1146badff25e5ed1c9bb25d0853c7ab40b6b25f,1663235802,16,.nvmrc,npm,package-lock.json,[],projects/govuk-frontend/repo
4b89df3f3a177d9da463c6b46394864d761abef7,1663236533,16,.nvmrc,npm,package-lock.json,[],projects/govuk-frontend/repo
1cbc990803c0c27696b90ea96dd5f707fbcae910,1663236760,16,.nvmrc,npm,package-lock.json,[],projects/govuk-frontend/repo
d712af548e5d7f6e79cbc5aa295f8a660532b0b1,1663237536,16,package.json,npm@8.5.0,package.json,[],projects/govuk-frontend/repo
8c4fb8cfa326814cbd91cbc64a590919e1eff112,1663238391,16,.nvmrc,npm,package-lock.json,[],projects/govuk-frontend/repo
ed6afbe753a2795f80ca9d0f5a55bf6a7d687dac,1663238847,16,.nvmrc,npm,package-lock.json,[],projects/govuk-frontend/repo
f739f513f467292745f6732c3801d3fad28a3c85,1663239330,16,.nvmrc,npm,package-lock.json,[],projects/govuk-frontend/repo
8a9b84a53b3e952f7cd7ee40ef96f80765fb94bb,1663242305,16,package.json,npm@8.5.0,package.json,[],projects/govuk-frontend/repo
c84641f74496cf0995b55d712ae8153b70ecf504,1663245920,16,package.json,npm@8.5.0,package.json,[],projects/govuk-frontend/repo
fd324049aacc22192e8f690db7d85467a482a07d,1663245920,16,package.json,npm@8.5.0,package.json,[],projects/govuk-frontend/repo
81eeca82ac7bebca494cfb1aad9f384cbbcd1ab1,1663245921,16,package.json,npm@8.5.0,package.json,[],projects/govuk-frontend/repo
06a0e1ccc6c4f0ad9f271c04c99cd41e3a72f079,1663246723,16,.nvmrc,npm,package-lock.json,[],projects/govuk-frontend/repo
b9f31cc355048c29268680752144b163b2e38f6e,1663248141,16,.nvmrc,npm,package-lock.json,[],projects/govuk-frontend/repo
97615bf82b8d41dd89714f6ef2162c217bb38acc,1663249228,16,.nvmrc,npm,package-lock.json,[],projects/govuk-frontend/repo
a4956a62d7ee648297d5d85d956c787b3a70b6a4,1663251038,16,package.json,npm@8.5.0,package.json,[],projects/govuk-frontend/repo
d4afba87d8d872c5217cad752c7c076e1c01a8cb,1663252676,16,package.json,npm@8.5.0,package.json,[],projects/govuk-frontend/repo
cd2e1a7dbca67bc15af2fffcc22e3ef7a030adac,1663259701,16,package.json,npm@8.5.0,package.json,[],projects/govuk-frontend/repo
c0880f09724714bfd2e22f19ab688349eb4cf737,1663259811,16,package.json,npm@8.5.0,package.json,[],projects/govuk-frontend/repo
146edc57ff2a279ea69e96193c692a3d4639d3ae,1663313214,16,package.json,npm@8.5.0,package.json,[],projects/govuk-frontend/repo
bdd019b1171f8b26faa3a356bd00fd772b049135,1663316216,16,package.json,npm@8.5.0,package.json,[],projects/govuk-frontend/repo
3bd24d4f8aa9375419b3b398ec8aa67ee6476045,1663326107,16,package.json,npm@8.5.0,package.json,[],projects/govuk-frontend/repo
c68163a6eb79a97d59a0a036cff8d0e37f82ecec,1663327905,16,package.json,npm@8.5.0,package.json,[],projects/govuk-frontend/repo
a1a1944b174910dc76032bc9e9318a7cfc0173f6,1663328987,16,package.json,npm@8.5.0,package.json,[],projects/govuk-frontend/repo
6af2b30fe32736fb00e1e0bf9ff4cf8c5ae4d8b3,1663455735,16,package.json,npm@8.5.0,package.json,[],projects/govuk-frontend/repo
6ef60dea6cffe5e51589bb782352f92a7e4d9472,1663455736,16,package.json,npm@8.5.0,package.json,[],projects/govuk-frontend/repo
697b9ee0088c8aedab897a8db5c3613da39b8127,1663663796,16,.nvmrc,npm,package-lock.json,[],projects/govuk-frontend/repo
8bc8973bb136451bbf6369fed425951d8802b03b,1663664291,16,package.json,npm@8.5.0,package.json,[],projects/govuk-frontend/repo
496cc386817e8360420bf9b590e08bbecabb4e60,1663664293,16,package.json,npm@8.5.0,package.json,[],projects/govuk-frontend/repo
045499d7fdf658a6e869925e16fa59ffd8dc11f0,1663664293,16,package.json,npm@8.5.0,package.json,[],projects/govuk-frontend/repo
fa89e577d01a047b21c897a23caf3961acca1aa0,1663664293,16,package.json,npm@8.5.0,package.json,[],projects/govuk-frontend/repo
5e550d861bdc54c0895aec63acf250c200a99534,1663664322,16,package.json,npm@8.5.0,package.json,[],projects/govuk-frontend/repo
bf9e54cc7349be044c681b632439bb1e7b748555,1663665094,16,package.json,npm@8.5.0,package.json,[],projects/govuk-frontend/repo
033e5c4f10954a85096f8d5d0dab70e246482214,1663688598,16,package.json,npm@8.5.0,package.json,[],projects/govuk-frontend/repo
8d4fab79e233d27867958902140099c616b151a3,1663689213,16,package.json,npm@8.5.0,package.json,[],projects/govuk-frontend/repo
305b2a3a25c663bca3300385b7dcd923c38ffb09,1663689883,16,package.json,npm@8.5.0,package.json,[],projects/govuk-frontend/repo
5d651040e7712bd52b34c6e5d3d6f2794c9cd4ec,1663689887,16,package.json,npm@8.5.0,package.json,[],projects/govuk-frontend/repo
08abe72278ed9cc9a50da78b17c8c37b0e204a0a,1663689887,16,package.json,npm@8.5.0,package.json,[],projects/govuk-frontend/repo
789011f00bf78898bab5619e3abe119c0aaf6d77,1663689887,16,package.json,npm@8.5.0,package.json,[],projects/govuk-frontend/repo
e72c6dbe4a981ba5c0e5c445b488e4a17342fc9b,1663689887,16,package.json,npm@8.5.0,package.json,[],projects/govuk-frontend/repo
06d89497dd970a400f19cf1ef0d1a9dc13e914d1,1663689887,16,package.json,npm@8.5.0,package.json,[],projects/govuk-frontend/repo
812ad37fc9cd3b79e80c957dbefa862448dece76,1663689939,16,package.json,npm@8.5.0,package.json,[],projects/govuk-frontend/repo
583c7fe42809a0ec3065ab05d3ba92f735ea186d,1663689940,16,package.json,npm@8.5.0,package.json,[],projects/govuk-frontend/repo
8d5577a43d6ac667bc1856ca8c18ca5105ceb789,1663689957,16,package.json,npm@8.5.0,package.json,[],projects/govuk-frontend/repo
86292d709ce14c4e297fee765ce4ba1ab04fa691,1663689959,16,package.json,npm@8.5.0,package.json,[],projects/govuk-frontend/repo
413248d96c8bef9c1ba5b00f544c969b9a4548ba,1663689959,16,package.json,npm@8.5.0,package.json,[],projects/govuk-frontend/repo
01d2304cc5147de3797db015fccc5005b16841fb,1663689959,16,package.json,npm@8.5.0,package.json,[],projects/govuk-frontend/repo
878cb7e14461ad8b05e126b8ff52f95f2887210d,1663690965,16,package.json,npm@8.5.0,package.json,[],projects/govuk-frontend/repo
f4e88682ebcc83293e62a3f9dc0c4cee0a87a409,1663691260,16,package.json,npm@8.5.0,package.json,[],projects/govuk-frontend/repo
c9445ca367221c68475d6ec9889bbde880b8b157,1663746011,16,.nvmrc,npm,package-lock.json,[],projects/govuk-frontend/repo
cb20d06ce55ba22bf9cf85facc880f17cc6a667e,1663755288,16,package.json,npm@8.5.0,package.json,[],projects/govuk-frontend/repo
c41472e9ff81f015ff6e97624e2fdd9e94270712,1663756075,16,package.json,npm@8.5.0,package.json,[],projects/govuk-frontend/repo
31473ef709036e80aa7b4859e7d69d02c3f6846a,1663757651,16,package.json,npm@8.5.0,package.json,[],projects/govuk-frontend/repo
016f7fe54c419f9d1a694aa80d8aeff20d74f01b,1663757651,16,package.json,npm@8.5.0,package.json,[],projects/govuk-frontend/repo
ae65389da5fe83c3b0bb7c1d5cc40ff655a464ec,1663757651,16,package.json,npm@8.5.0,package.json,[],projects/govuk-frontend/repo
515a04ffab92f26e13864cddd949939ac2db3fd2,1663761515,16,package.json,npm@8.5.0,package.json,[],projects/govuk-frontend/repo
45752333732e6793e1e2f2a6883222aa99d17e0f,1663762396,16,package.json,npm@8.5.0,package.json,[],projects/govuk-frontend/repo
0b5497641092840a1f2a231fe558d37965afa7ce,1663762397,16,package.json,npm@8.5.0,package.json,[],projects/govuk-frontend/repo
64418c826d3596f892ae9eac6608a9f3288fefe0,1663762960,16,package.json,npm@8.5.0,package.json,[],projects/govuk-frontend/repo
8cc19e493687493712ad8dccfbbe2a3caae681b1,1663835917,16,package.json,npm@8.5.0,package.json,[],projects/govuk-frontend/repo
699a9492d2c991f081647e09c350d36750a90d4a,1663837532,16,package.json,npm@8.5.0,package.json,[],projects/govuk-frontend/repo
16e7cd125f42a6a42530d0d30d11c40630cc45b2,1663842764,16,package.json,npm@8.5.0,package.json,[],projects/govuk-frontend/repo
b5d56309e128d26a4f54134540114e353da799db,1663888434,16,package.json,npm@8.5.0,package.json,[],projects/govuk-frontend/repo
a9c6143a2a92915c6ac15124723b77e4338c60f5,1664186648,16,package.json,npm@8.5.0,package.json,[],projects/govuk-frontend/repo
a28e6eccc7bab36b5874d89b4baf4865c4c8c93d,1664188148,16,package.json,npm@8.5.0,package.json,[],projects/govuk-frontend/repo
56d6985303ace3c148fdec0ced191a49844d3620,1664190478,16,package.json,npm@8.5.0,package.json,[],projects/govuk-frontend/repo
3d37598317d9d899e9dbe3931a54fede623a276a,1664190478,16,package.json,npm@8.5.0,package.json,[],projects/govuk-frontend/repo
6512c192a957fe38bf4148336f8848d574f4308f,1664190478,16,package.json,npm@8.5.0,package.json,[],projects/govuk-frontend/repo
2ccbba474ce4dbf8373f77075e8fde06aa4a6ceb,1664190478,16,package.json,npm@8.5.0,package.json,[],projects/govuk-frontend/repo
9884210a0f4b3bcb4f0ed4fad855e3a3f7a2f684,1664190478,16,package.json,npm@8.5.0,package.json,[],projects/govuk-frontend/repo
9b8ef3953d6ea3bb6e4cee820960ee56feb0eb87,1664190478,16,package.json,npm@8.5.0,package.json,[],projects/govuk-frontend/repo
69e5c327730e98a191565d2e2c0c0e25696f5bef,1664190834,16,package.json,npm@8.5.0,package.json,[],projects/govuk-frontend/repo
120cb4cc9de4856c69edf62b32b4825a7c8db0d9,1664191287,16,package.json,npm@8.5.0,package.json,[],projects/govuk-frontend/repo
7c619679d1048b766e3139ed2d11fd947aee425f,1664191287,16,package.json,npm@8.5.0,package.json,[],projects/govuk-frontend/repo
79ae89532cf478d0849cd3a05347e3064a064c7c,1664191288,16,package.json,npm@8.5.0,package.json,[],projects/govuk-frontend/repo
5369f8ea295024ff8a99a5a2c9590a16c349d4c5,1664198212,16,package.json,npm@8.5.0,package.json,[],projects/govuk-frontend/repo
dfe47a5fe0e95f4196a600fdfd4fc7142e5f11e9,1664198901,16,package.json,npm@8.5.0,package.json,[],projects/govuk-frontend/repo
30dd18404e950b9cca1bfff9a63781598d19343b,1664199027,16,package.json,npm@8.5.0,package.json,[],projects/govuk-frontend/repo
a450ec26099688d567b72da06e61dd25bc32592a,1664205679,16,package.json,npm@8.5.0,package.json,[],projects/govuk-frontend/repo
4dfc159b261e5f125ceec354752d9ef27d9235e2,1664205989,16,package.json,npm@8.5.0,package.json,[],projects/govuk-frontend/repo
d20718043e5b775032ec76b219fad12828833e7c,1664267841,16,package.json,npm@8.5.0,package.json,[],projects/govuk-frontend/repo
e4f4b1be381cb4dcf760ecb1ee7b02af06753da4,1664267892,16,package.json,npm@8.5.0,package.json,[],projects/govuk-frontend/repo
83f910646fd29f251a5a4c74483896236ffea628,1664267892,16,package.json,npm@8.5.0,package.json,[],projects/govuk-frontend/repo
10d45814dfa6ef487ee08f0ccb77abac20b4f52a,1664267892,16,package.json,npm@8.5.0,package.json,[],projects/govuk-frontend/repo
e6fd81759c0b499d06f52b36ff83c4374c637f84,1664267892,16,package.json,npm@8.5.0,package.json,[],projects/govuk-frontend/repo
8e919002a06bf534153f997c830be4d5fe1819d2,1664267892,16,package.json,npm@8.5.0,package.json,[],projects/govuk-frontend/repo
4c11f65570ccc438a73d44de22016bd89f79e394,1664267892,16,package.json,npm@8.5.0,package.json,[],projects/govuk-frontend/repo
b403b51556394a2b175bafd910c3e6b8dc115472,1664269649,16,package.json,npm@8.5.0,package.json,[],projects/govuk-frontend/repo
7a08cbb03b7a604a7ffb2db478783a87b542d6b3,1664269649,16,package.json,npm@8.5.0,package.json,[],projects/govuk-frontend/repo
c70ba55b865675953ee751da609e41621aa6a0a7,1664269649,16,package.json,npm@8.5.0,package.json,[],projects/govuk-frontend/repo
3a312de69db818ba399bdb303ea4e107d924e1d6,1664275525,16,package.json,npm@8.5.0,package.json,[],projects/govuk-frontend/repo
f6b8e8a46ca0fe16df67f5bca6a0e8ac1c2563ea,1664278097,16,package.json,npm@8.5.0,package.json,[],projects/govuk-frontend/repo
8f370c295415a97190e7660953d49caee6dd666a,1664279180,16,package.json,npm@8.5.0,package.json,[],projects/govuk-frontend/repo
1bd3a2e896047870d97984bebd911d3e84ea87b5,1664298483,16,package.json,npm@8.5.0,package.json,[],projects/govuk-frontend/repo
e2d19217f317fdc28b608ed294ecb46423cbd65e,1664298522,16,package.json,npm@8.5.0,package.json,[],projects/govuk-frontend/repo
14b84af27f6b8d2a9999fd53677352f914862f69,1664298524,16,package.json,npm@8.5.0,package.json,[],projects/govuk-frontend/repo
5813b12c94fd1e9c6c160d19f4c3761dc517ee2d,1664298524,16,package.json,npm@8.5.0,package.json,[],projects/govuk-frontend/repo
4bf28e07704fe6fd90dd0a5cd7463c4255201ba2,1664298524,16,package.json,npm@8.5.0,package.json,[],projects/govuk-frontend/repo
5a849ba97143fe8f733674dd7c98a102e9e9a059,1664298524,16,package.json,npm@8.5.0,package.json,[],projects/govuk-frontend/repo
1b8083a0735f6693b99f19254e2943384f36ce41,1664372589,16,package.json,npm@8.5.0,package.json,[],projects/govuk-frontend/repo
2c64642f24e40b1ea5660e5bc754f1f7c93ad720,1664449034,16,package.json,npm@8.5.0,package.json,[],projects/govuk-frontend/repo
0cbe83f53e60b67ce1da0b476fca2c6ad2c941eb,1664458378,16,package.json,npm@8.5.0,package.json,[],projects/govuk-frontend/repo
2253f259b50a73aa9bc71add0c23bd38a6ed100a,1664459856,16,package.json,npm@8.5.0,package.json,[],projects/govuk-frontend/repo
4690934fac627eedeb79208569719fb99a4953a8,1664459857,16,package.json,npm@8.5.0,package.json,[],projects/govuk-frontend/repo
9e9f041e391a92dfdf8ca86f4d6686ac207010bf,1664459857,16,package.json,npm@8.5.0,package.json,[],projects/govuk-frontend/repo
926c130ee50fa2cbeb6bb0118dd0f3f4bcdb1b4c,1664479628,16,package.json,npm@8.5.0,package.json,[],projects/govuk-frontend/repo
7e4e0e20564012811072f0215db2f3f8e1b56795,1664479740,16,package.json,npm@8.5.0,package.json,[],projects/govuk-frontend/repo
ae12a00bb8718b059684a6050b325f49ab89a9a9,1664479741,16,package.json,npm@8.5.0,package.json,[],projects/govuk-frontend/repo
a1ed529af3e10fe6f8ab3934ffe6b2ef2a899535,1664480402,16,package.json,npm@8.5.0,package.json,[],projects/govuk-frontend/repo
0d723d6672386282926afbf10cb4eb9089b0e309,1664529284,16,package.json,npm@8.5.0,package.json,[],projects/govuk-frontend/repo
406ed64a7fe167927ef63e1b5f407318cd73d4da,1664530009,16,package.json,npm@8.5.0,package.json,[],projects/govuk-frontend/repo
679fe5e6f24c5ea2fa8b1f3a370149dae6ddf6a0,1664530010,16,package.json,npm@8.5.0,package.json,[],projects/govuk-frontend/repo
ec72442e68e0956f6269e367ba2ad5327c744106,1664530010,16,package.json,npm@8.5.0,package.json,[],projects/govuk-frontend/repo
88fa416efb4ac5025f52d8685f61a373d884faa1,1664530010,16,package.json,npm@8.5.0,package.json,[],projects/govuk-frontend/repo
f3aaafce733b2ff8dd3517d1147393dfa3829974,1664530010,16,package.json,npm@8.5.0,package.json,[],projects/govuk-frontend/repo
64dc1b955d970ee191b53de91c3145ab3d06bf83,1664530010,16,package.json,npm@8.5.0,package.json,[],projects/govuk-frontend/repo
83736b780c8741db805d84f64dff65622619012f,1664530011,16,package.json,npm@8.5.0,package.json,[],projects/govuk-frontend/repo
b2f95c41a5bcb7a19424c951a04e5286c4c8351c,1664533331,16,package.json,npm@8.5.0,package.json,[],projects/govuk-frontend/repo
db392a4dc6ab74b4a1c62306d6a964c2c0f76145,1664533755,16,package.json,npm@8.5.0,package.json,[],projects/govuk-frontend/repo
63dce70cb15520f943d358acdc2c0478d284c30d,1664533755,16,package.json,npm@8.5.0,package.json,[],projects/govuk-frontend/repo
0b07a7faa35ab68a029663e2ace82af293cabb93,1664551100,16,package.json,npm@8.5.0,package.json,[],projects/govuk-frontend/repo
03557de2de97a3bc777090454dc45b0fd458c4e7,1664791497,16,package.json,npm@8.5.0,package.json,[],projects/govuk-frontend/repo
3111eecbcaad2793418ffb5ce8cd4c85b932f3b5,1664995274,16,package.json,npm@8.5.0,package.json,[],projects/govuk-frontend/repo
6e87d801af0f6aef0b3703470e5a5f92bef09939,1664995275,16,package.json,npm@8.5.0,package.json,[],projects/govuk-frontend/repo
2a6dd3045a534e2a6bca2f0c4ff7942deb96f0b4,1664998688,16,package.json,npm@8.5.0,package.json,[],projects/govuk-frontend/repo
a1fe2ca632d6fbc3580e1c53e34bed2812f1cfe2,1665001909,16,package.json,npm@8.5.0,package.json,[],projects/govuk-frontend/repo
acf8e0f6d73a88227d97bf899a21354807ffcb6a,1665001910,16,package.json,npm@8.5.0,package.json,[],projects/govuk-frontend/repo
31c637347423bda9e35bdfcc5d11e1d8071ffcf7,1665001910,16,package.json,npm@8.5.0,package.json,[],projects/govuk-frontend/repo
7d825d4663de17fd136f81b44be9411c980356c2,1665001910,16,package.json,npm@8.5.0,package.json,[],projects/govuk-frontend/repo
0d865ec0c79913ad544c65844c0d43118a8f0063,1665001911,16,package.json,npm@8.5.0,package.json,[],projects/govuk-frontend/repo
759eaa39f47519618566b9a51dc0252a5388cb42,1665001911,16,package.json,npm@8.5.0,package.json,[],projects/govuk-frontend/repo
079ef17d21b5b82526a50be04653216398ce9d1f,1665040044,16,package.json,npm@8.5.0,package.json,[],projects/govuk-frontend/repo
28e1c88e567f9b3c00e7d6a6136786d798d1d8e9,1665040235,16,package.json,npm@8.5.0,package.json,[],projects/govuk-frontend/repo
3d885e7b81d4e1a6e5fe60a9368bc6440f995ad4,1665040235,16,package.json,npm@8.5.0,package.json,[],projects/govuk-frontend/repo
7e353d3b736e038c418e58dd51f471ec9bf74263,1665040235,16,package.json,npm@8.5.0,package.json,[],projects/govuk-frontend/repo
1f11f3230f5861fde718522019a228d90016e678,1665044545,16,package.json,npm@8.5.0,package.json,[],projects/govuk-frontend/repo
33d9d57bb24a4a15d568105c94a8e6fbee1644d5,1665052764,16,package.json,npm@8.5.0,package.json,[],projects/govuk-frontend/repo
7ba818f44ce98c80e801c202b81a409eb8c9d830,1665052931,16,package.json,npm@8.5.0,package.json,[],projects/govuk-frontend/repo
c06f0aaef1e68f004131ec21578aaec8f4ba17c3,1665052931,16,package.json,npm@8.5.0,package.json,[],projects/govuk-frontend/repo
bf645823b6fca290bb950220b4d969c455c83442,1665052932,16,package.json,npm@8.5.0,package.json,[],projects/govuk-frontend/repo
5b6d8282dad20cb87a2e7cb7aa097701bcfdbfad,1665052932,16,package.json,npm@8.5.0,package.json,[],projects/govuk-frontend/repo
b6804d7e13d7ca361fc87a24c55da45f755abdf8,1665052932,16,package.json,npm@8.5.0,package.json,[],projects/govuk-frontend/repo
c1028065a76f99bd305ee7ee63278c5a002079a0,1665052932,16,package.json,npm@8.5.0,package.json,[],projects/govuk-frontend/repo
357db102a4f00ff50b2d8b1d254f50019fc98936,1665052932,16,package.json,npm@8.5.0,package.json,[],projects/govuk-frontend/repo
7b0d2f25ae628e779d26878c9a430dfe36263713,1665053255,16,package.json,npm@8.5.0,package.json,[],projects/govuk-frontend/repo
f0904eb5bf34e8fc238825870998336470b5499a,1665054608,16,package.json,npm@8.5.0,package.json,[],projects/govuk-frontend/repo
aeccfb75d0ac27482c0e06746cd62a242af6a7a7,1665134044,16,package.json,npm@8.5.0,package.json,[],projects/govuk-frontend/repo
eacf6f1162b1d5f4cd4ee5ce1320fdb6813ae68b,1665134350,16,package.json,npm@8.5.0,package.json,[],projects/govuk-frontend/repo
cf7b06ceb19236a9afeb5399158b35391219cf99,1665136118,16,package.json,npm@8.5.0,package.json,[],projects/govuk-frontend/repo
36b2a7bc35a45dd29af10b4e19c3f72609f0cfc0,1665416201,16,package.json,npm@8.5.0,package.json,[],projects/govuk-frontend/repo
6810f2470f4e07f7da02c54daedc56f0ccc814fc,1665418382,16,package.json,npm@8.5.0,package.json,[],projects/govuk-frontend/repo
277aab12146c7dc319aefae030fbe8a58a5637ab,1665418562,16,package.json,npm@8.5.0,package.json,[],projects/govuk-frontend/repo
eebe25f1f9e33f65aab733b5b6226b092a597a7a,1665477620,16,package.json,npm@8.5.0,package.json,[],projects/govuk-frontend/repo
f199990b12e53df85b5deb810e4d03cd36d8c71a,1665477634,16,package.json,npm@8.5.0,package.json,[],projects/govuk-frontend/repo
7a5faff3d6f1a23196739e1026a92861bd1e75e3,1665485714,16,package.json,npm@8.5.0,package.json,[],projects/govuk-frontend/repo
033ae68da463b850cdd27e9199370a3a2e891586,1665485714,16,package.json,npm@8.5.0,package.json,[],projects/govuk-frontend/repo
492d07a102d50cd408d734c392ee343fed8ae68b,1665485714,16,package.json,npm@8.5.0,package.json,[],projects/govuk-frontend/repo
26c075d783e7a9855419ec62e3c1a3f4b13a32a4,1665485714,16,package.json,npm@8.5.0,package.json,[],projects/govuk-frontend/repo
ed827848717bce9f1f9da0f663a121f8db3d8b63,1665498124,16,package.json,npm@8.5.0,package.json,[],projects/govuk-frontend/repo
9e8e2d1296796655cb48c9436b9f155b264fdb10,1665498124,16,package.json,npm@8.5.0,package.json,[],projects/govuk-frontend/repo
fcd3ec1357d49579885a3e2b8a1fb66711b440de,1665498124,16,package.json,npm@8.5.0,package.json,[],projects/govuk-frontend/repo
88fcbc3a3b92bf6ce824c1819824cfb3dbcf05b9,1665498124,16,package.json,npm@8.5.0,package.json,[],projects/govuk-frontend/repo
04008109b8bc32c39780c191fba95da304cc0cda,1665498124,16,package.json,npm@8.5.0,package.json,[],projects/govuk-frontend/repo
71b7a3bac9945227390bb96b10b2474266602edf,1665498124,16,package.json,npm@8.5.0,package.json,[],projects/govuk-frontend/repo
66d8a1b13495d7e2066f33b689bd33c87779c6e5,1665498162,16,package.json,npm@8.5.0,package.json,[],projects/govuk-frontend/repo
5fe3fc5fa28abf34464dc7fff85b258f90cddaf2,1665498164,16,package.json,npm@8.5.0,package.json,[],projects/govuk-frontend/repo
74d3b94af2e155e83145a881ba365bbad24a2992,1665498164,16,package.json,npm@8.5.0,package.json,[],projects/govuk-frontend/repo
10d6bc21a5bb260dbf2dd4b08ff3e8542a96324c,1665498164,16,package.json,npm@8.5.0,package.json,[],projects/govuk-frontend/repo
152c56288502d90944a4e9c68cb996dd2b81a126,1665498164,16,package.json,npm@8.5.0,package.json,[],projects/govuk-frontend/repo
a2a4934e3a5b0c6717865f51b5244ff4bee6bc9a,1665498164,16,package.json,npm@8.5.0,package.json,[],projects/govuk-frontend/repo
4dcdeae8c776fdc1eb6d75b1871e4739fceac327,1665501177,16,package.json,npm@8.5.0,package.json,[],projects/govuk-frontend/repo
a5ed6065c2039584724b33043abbaaac41f29dbb,1665501177,16,package.json,npm@8.5.0,package.json,[],projects/govuk-frontend/repo
d7993a0c6e1e1086ee36f7c5aa744951b9cd2712,1665501235,16,package.json,npm@8.5.0,package.json,[],projects/govuk-frontend/repo
7a4d712e758568b3447f2f134b732cd8e05a296e,1665501235,16,package.json,npm@8.5.0,package.json,[],projects/govuk-frontend/repo
87f5314225b98249b1dba09d4f3668fc455b8bb1,1665502204,16,package.json,npm@8.5.0,package.json,[],projects/govuk-frontend/repo
a08815acedc0f52f2dec967eb4e6514375eb9b02,1665563771,16,package.json,npm@8.5.0,package.json,[],projects/govuk-frontend/repo
15dd32b50df2c3017acb6bcb1a5f72aff106527b,1665660024,16,package.json,npm@8.5.0,package.json,[],projects/govuk-frontend/repo
c36e1890f6762a69e5b19be3438f4e789d78e5ee,1665660080,16,package.json,npm@8.5.0,package.json,[],projects/govuk-frontend/repo
677d05172593d5b1d24a1c93eb810c521a0c606c,1665660521,16,package.json,npm@8.5.0,package.json,[],projects/govuk-frontend/repo
afd565e502835b7c3d9514c148d16cc26c1a43e2,1665660731,16,package.json,npm@8.5.0,package.json,[],projects/govuk-frontend/repo
37f12cc8122d645acc61650a6db3223301b18b41,1665667538,16,package.json,npm@8.5.0,package.json,[],projects/govuk-frontend/repo
e3a889eeddbaa7d2e6f6bcc85ed4e3e02b207def,1665673881,16,package.json,npm@8.5.0,package.json,[],projects/govuk-frontend/repo
d88f1fa8585dd1db3dca26e7f8d9a994df86fc1b,1665673883,16,package.json,npm@8.5.0,package.json,[],projects/govuk-frontend/repo
75d65276f4828126828236c91f2c6da26f854cc2,1665673883,16,package.json,npm@8.5.0,package.json,[],projects/govuk-frontend/repo
5a01101d41e9773137f618d02cb2a3aeab1a58bf,1665674035,16,package.json,npm@8.5.0,package.json,[],projects/govuk-frontend/repo
cd414074f202266fe3f28fb1f5eee0e06b4386be,1665674063,16,package.json,npm@8.5.0,package.json,[],projects/govuk-frontend/repo
7fac761795d528ccec71f940af69b1c33342bbb1,1665674911,16,package.json,npm@8.5.0,package.json,[],projects/govuk-frontend/repo
bdda2eb2a87e0b5551f8f6ac06ed708a3a9a53c7,1665677077,16,package.json,npm@8.5.0,package.json,[],projects/govuk-frontend/repo
cc08ac170349f9477887d83f11e11d66088be576,1665677111,16,package.json,npm@8.5.0,package.json,[],projects/govuk-frontend/repo
26611f596d9e766ce6748336c92348ccc6ea7afb,1665677111,16,package.json,npm@8.5.0,package.json,[],projects/govuk-frontend/repo
b082be7894864636c121762f46fbd707b9ac487f,1665739859,16,package.json,npm@8.5.0,package.json,[],projects/govuk-frontend/repo
eec78d4c4a5a5d66617f1e9ec34b9995bb8d6c4b,1665759339,16,package.json,npm@8.5.0,package.json,[],projects/govuk-frontend/repo
4547d525bdd7f8b60c075730b1db418b673a7048,1665759603,16,package.json,npm@8.5.0,package.json,[],projects/govuk-frontend/repo
db8a51fc188875bd72a9461b4c5c715d9cf3d55b,1665763178,16,package.json,npm@8.5.0,package.json,[],projects/govuk-frontend/repo
c16fa497c4571fd0cfc874dba47ffdd7a31ec315,1665763178,16,package.json,npm@8.5.0,package.json,[],projects/govuk-frontend/repo
cd15d29b2c4f05d8056fd476962ac4c7bc5044a4,1665763178,16,package.json,npm@8.5.0,package.json,[],projects/govuk-frontend/repo
1376462361c7b9f88651176fbc68eeaa5bb697bb,1665763178,16,package.json,npm@8.5.0,package.json,[],projects/govuk-frontend/repo
ee5882dd0e322317577f1a0fe0d8c333bd0f3672,1665763178,16,package.json,npm@8.5.0,package.json,[],projects/govuk-frontend/repo
c79ea2a23814c39ff202a4c70ea2c05256c25b62,1665763178,16,package.json,npm@8.5.0,package.json,[],projects/govuk-frontend/repo
bfccd7e9c31e1a051f576c2d7f191d478bb7f9f6,1665763700,16,package.json,npm@8.5.0,package.json,[],projects/govuk-frontend/repo
023c3bfa60470c9b614d0e34eaf23a2eba119529,1665997295,16,package.json,npm@8.5.0,package.json,[],projects/govuk-frontend/repo
bb316fa4c8c91cf320a2b6d0f17f617690ee9d37,1666030143,16,package.json,npm@8.5.0,package.json,[],projects/govuk-frontend/repo
0f89c56ab2162b14904b29d0bb5bfcf245d4902c,1666093161,16,package.json,npm@8.5.0,package.json,[],projects/govuk-frontend/repo
28d622ee25e7dd7d3acad634561053b83e2e28c9,1666093161,16,package.json,npm@8.5.0,package.json,[],projects/govuk-frontend/repo
c2b50c55816ea4f1634553a65e7f5e4f3d04f22f,1666093162,16,package.json,npm@8.5.0,package.json,[],projects/govuk-frontend/repo
f38e2917000b9bc701fa423d0db44f40bf16004d,1666102582,16,package.json,npm@8.5.0,package.json,[],projects/govuk-frontend/repo
b6e8efba6007fb6f2e29230e61a9d829a1660c09,1666102662,16,package.json,npm@8.5.0,package.json,[],projects/govuk-frontend/repo
a4061af37cb1314c18919310866e9deed4c9b275,1666102663,16,package.json,npm@8.5.0,package.json,[],projects/govuk-frontend/repo
4a624835974eaaef2ec888c624c2e82d2e88dc4c,1666103014,16,package.json,npm@8.5.0,package.json,[],projects/govuk-frontend/repo
67b62e951c2eaa4c1159315fce262ef79fb0dca4,1666104132,16,package.json,npm@8.5.0,package.json,[],projects/govuk-frontend/repo
5e3a6dee6be7b37cf5b44d4c3a7c65e2593e3f84,1666104181,16,package.json,npm@8.5.0,package.json,[],projects/govuk-frontend/repo
4389d71d422a8407a25c70cdd4bf22a1eeca5194,1666104847,16,package.json,npm@8.5.0,package.json,[],projects/govuk-frontend/repo
b4c50659eb7677c1660e118ee1014aed2b9bb428,1666169412,16,package.json,npm@8.5.0,package.json,[],projects/govuk-frontend/repo
cef117db642b4d08098cd169c58ab274e3d05ace,1666172403,16,package.json,npm@8.5.0,package.json,[],projects/govuk-frontend/repo
ec4c3d1451c118178bedb213b2883cdcd3b45ff5,1666173026,16,package.json,npm@8.5.0,package.json,[],projects/govuk-frontend/repo
9ee4ccb2bcd428821cd2cd7bd2188a8ade066f0b,1666189947,16,package.json,npm@8.5.0,package.json,[],projects/govuk-frontend/repo
41c543158a7d081e3bd657b6e7377f7e97ea28e3,1666189947,16,package.json,npm@8.5.0,package.json,[],projects/govuk-frontend/repo
90959d04b1795728e8ebcbf64894b7908e1d168e,1666189947,16,package.json,npm@8.5.0,package.json,[],projects/govuk-frontend/repo
3c007083ce42827bb3b740b3dc87aaabc03ab424,1666189948,16,package.json,npm@8.5.0,package.json,[],projects/govuk-frontend/repo
bc25c99a23e2beef9fdcc218d6c9067b0def50dc,1666189948,16,package.json,npm@8.5.0,package.json,[],projects/govuk-frontend/repo
b8841e0095c5171460d72802ff67885e28e44cf8,1666189948,16,package.json,npm@8.5.0,package.json,[],projects/govuk-frontend/repo
c27b1b5f10fc5c1ae4ee31064c39940cb925fe47,1666189948,16,package.json,npm@8.5.0,package.json,[],projects/govuk-frontend/repo
c359ab8bf82c0f6ff9be3a25d968d4f5aa09df2d,1666192453,16,package.json,npm@8.5.0,package.json,[],projects/govuk-frontend/repo
7f2d4774aeed1f6cbaa3fe316aa172bfa0374c2e,1666192454,16,package.json,npm@8.5.0,package.json,[],projects/govuk-frontend/repo
e125a940922f1475941d7d6bbac99e752a155861,1666192454,16,package.json,npm@8.5.0,package.json,[],projects/govuk-frontend/repo
83bedba2f12d7dfdb398a2d164e72aa846f6749d,1666192521,16,package.json,npm@8.5.0,package.json,[],projects/govuk-frontend/repo
ffec4a0c57891c2b85d71312559abc4e48371bad,1666192521,16,package.json,npm@8.5.0,package.json,[],projects/govuk-frontend/repo
b9c262d4f30e354cbf717d29027bb19d6afc0adc,1666192521,16,package.json,npm@8.5.0,package.json,[],projects/govuk-frontend/repo
1a9cadf46aee1bdb968c8229013b419a61d0320e,1666192521,16,package.json,npm@8.5.0,package.json,[],projects/govuk-frontend/repo
6ccc0ea3a3fc549ec7975dce454a06d3a5c8db70,1666192537,16,package.json,npm@8.5.0,package.json,[],projects/govuk-frontend/repo
60258e8790b7d4c36d13459983dfcc78b31bd419,1666192537,16,package.json,npm@8.5.0,package.json,[],projects/govuk-frontend/repo
6a0f5f0a7e1affc872bccb7c309f7170f46d33cc,1666192538,16,package.json,npm@8.5.0,package.json,[],projects/govuk-frontend/repo
807f5338dc972ffade1f1d0f62585f86c1c5be94,1666192538,16,package.json,npm@8.5.0,package.json,[],projects/govuk-frontend/repo
f8c44702e368d634914adb70e711815789195db3,1666192538,16,package.json,npm@8.5.0,package.json,[],projects/govuk-frontend/repo
04e03e62bc35ff0fb9ef86e54303b5c472f24ba5,1666193511,16,package.json,npm@8.5.0,package.json,[],projects/govuk-frontend/repo
ffe4cd91b3317872f19d08f494175c9f750ea033,1666193512,16,package.json,npm@8.5.0,package.json,[],projects/govuk-frontend/repo
2514146f81fd0905181d937b612c450e6d9a49cd,1666193512,16,package.json,npm@8.5.0,package.json,[],projects/govuk-frontend/repo
07070edf3575db88fcd5fb27ad58303c3b1ddc10,1666195365,16,package.json,npm@8.5.0,package.json,[],projects/govuk-frontend/repo
686099a7cff1dc14503e6f9a233459b5a7124d3c,1666196034,16,package.json,npm@8.5.0,package.json,[],projects/govuk-frontend/repo
31941293a5bcf8a72d69656679978f835e109dbf,1666196171,16,package.json,npm@8.5.0,package.json,[],projects/govuk-frontend/repo
bdceecafe7fab063ed5c8fe25ab7499d7a61a7dd,1666196222,16,package.json,npm@8.5.0,package.json,[],projects/govuk-frontend/repo
71483a7643f9e83b1d1568f0426f5c9b7a78b3b8,1666253900,16,package.json,npm@8.5.0,package.json,[],projects/govuk-frontend/repo
c082fd362ab0efad2c765fa662fe3fcd920e08bd,1666253900,16,package.json,npm@8.5.0,package.json,[],projects/govuk-frontend/repo
643ce543e2ecec824fc9f2b97f9da03c9522dbd9,1666253901,16,package.json,npm@8.5.0,package.json,[],projects/govuk-frontend/repo
588d027beef5146fd62f2c9ee90f5b11f890d434,1666253985,16,package.json,npm@8.5.0,package.json,[],projects/govuk-frontend/repo
91d52c451b2c6f4bb072f18e8340794e08a8dfd2,1666254033,16,package.json,npm@8.5.0,package.json,[],projects/govuk-frontend/repo
99f72aec435fe6c6c2d73f9f9ad4027364a404c1,1666254033,16,package.json,npm@8.5.0,package.json,[],projects/govuk-frontend/repo
1a760cd5195dac082f7b1538cd5839c26039cd90,1666254329,16,package.json,npm@8.5.0,package.json,[],projects/govuk-frontend/repo
191d5a06b2c2f28a3e7eb704f7458e74d0f4c054,1666274833,16,package.json,npm@8.5.0,package.json,[],projects/govuk-frontend/repo
8c2d74668a87c25480e4d1f113c7efe58510a29a,1666282391,16,package.json,npm@8.5.0,package.json,[],projects/govuk-frontend/repo
8bb95b803763a50d6fd8e2dc59bb1c0d00b9cde9,1666284484,16,package.json,npm@8.5.0,package.json,[],projects/govuk-frontend/repo
324dd66c233851b6a6fb14f288ce08f3cd74fac4,1666338561,16,package.json,npm@8.5.0,package.json,[],projects/govuk-frontend/repo
54a1fa1a9844805a4c6b5d8cab954386335c2849,1666339807,16,package.json,npm@8.5.0,package.json,[],projects/govuk-frontend/repo
0233729d124230b1c48fd11091a83d26b539b5cf,1666343818,16,package.json,npm@8.5.0,package.json,[],projects/govuk-frontend/repo
ee3a4e9c73ec99bb17225a4c838b23ef97bf869d,1666343843,16,package.json,npm@8.5.0,package.json,[],projects/govuk-frontend/repo
5b4c96463b92bc5436f699fda07f45c3d6330730,1666351003,16,package.json,npm@8.5.0,package.json,[],projects/govuk-frontend/repo
0cfbfd9d3c7494a671b361d988c6d3c6014a1d04,1666351004,16,package.json,npm@8.5.0,package.json,[],projects/govuk-frontend/repo
778cf030b1171a9d70d582060c695c92f366a710,1666351004,16,package.json,npm@8.5.0,package.json,[],projects/govuk-frontend/repo
427551e1db2b7124f9fa93542634cfadf667f22f,1666351004,16,package.json,npm@8.5.0,package.json,[],projects/govuk-frontend/repo
b492cdc6041f97c3beea18a01f7169183627a8d8,1666351005,16,package.json,npm@8.5.0,package.json,[],projects/govuk-frontend/repo
d6acd90c74e9927a5c6163d7fedc0acf1f62ffee,1666351005,16,package.json,npm@8.5.0,package.json,[],projects/govuk-frontend/repo
5b41d719529a5af48570f0517e71ccc4b41abb16,1666371390,16,package.json,npm@8.5.0,package.json,[],projects/govuk-frontend/repo
81d9ef08726b43104bc6e2012da75e3d54976dd3,1666601670,16,package.json,npm@8.5.0,package.json,[],projects/govuk-frontend/repo
b793497c2b1292e621e383d019ccd7712a52a0b4,1666606138,16,package.json,npm@8.5.0,package.json,[],projects/govuk-frontend/repo
6cc9d77da773653bc6c84c3e0551f841deb6882e,1666610164,16,package.json,npm@8.5.0,postprocessing fix,[],projects/govuk-frontend/repo
46d0462b69d612cfcaa47364f35d5f556d2a98d5,1666615534,16,package.json,npm@8.5.0,postprocessing fix,[],projects/govuk-frontend/repo
c41889f3fca1492492414688d082b58ff1ed1391,1666615691,16,package.json,npm@8.5.0,postprocessing fix,[],projects/govuk-frontend/repo
a4ed4f3970715d892e7f0c5096ceb3a50f3cd18d,1666615692,16,package.json,npm@8.5.0,postprocessing fix,[],projects/govuk-frontend/repo
7bbc33234ad431e88e526f1b698355022e68e74d,1666615692,16,package.json,npm@8.5.0,postprocessing fix,[],projects/govuk-frontend/repo
58f6a03c8b7cbb05065ea079ee244bcad822a514,1666616271,16,package.json,npm@8.5.0,postprocessing fix,[],projects/govuk-frontend/repo
011c731d14cbd2331f7b7cb6f08272267a42ad1d,1666616271,16,package.json,npm@8.5.0,postprocessing fix,[],projects/govuk-frontend/repo
6d144b03503c4ec06c21ef38cc161667baddc024,1666616271,16,package.json,npm@8.5.0,postprocessing fix,[],projects/govuk-frontend/repo
95f7efa798262fefc02088ac5b9b66bdccac7299,1666616272,16,package.json,npm@8.5.0,postprocessing fix,[],projects/govuk-frontend/repo
8ad00849a0350a2e8752c223bbdea3be7e493329,1666616272,16,package.json,npm@8.5.0,postprocessing fix,[],projects/govuk-frontend/repo
877bd412063363837d5e7786306adfd0467a7c8c,1666616272,16,package.json,npm@8.5.0,postprocessing fix,[],projects/govuk-frontend/repo
7dc7ae940be070a5a4ee4141f91a777c4cf5de85,1666616272,16,package.json,npm@8.5.0,postprocessing fix,[],projects/govuk-frontend/repo
57edd7736b8204f88604fa7ff42e542719266d91,1666622473,16,package.json,npm@8.5.0,postprocessing fix,[],projects/govuk-frontend/repo
5d7f086d5dbb283b1c107992020dcce57dbbd94d,1666626365,16,package.json,npm@8.5.0,package.json,[],projects/govuk-frontend/repo
3d979d46d6aa1d720af1739e61117d0b9f1dea86,1666627204,16,package.json,npm@8.5.0,postprocessing fix,[],projects/govuk-frontend/repo
c7e44cc8c9f1837a407c0d75e818b3f1d6e1c507,1666627204,16,package.json,npm@8.5.0,postprocessing fix,[],projects/govuk-frontend/repo
bc446da5ee69fc4dd638f34156bbd83e09abe174,1666628864,16,package.json,npm@8.5.0,postprocessing fix,[],projects/govuk-frontend/repo
df56a7426e4203056b20334640d510ffeda109e8,1666629808,16,package.json,npm@8.5.0,postprocessing fix,[],projects/govuk-frontend/repo
6a879f551433d92964a6b6aca03b1fd70e843270,1666629951,16,package.json,npm@8.5.0,postprocessing fix,[],projects/govuk-frontend/repo
a17064164adc636e0e589faea7c5028077a0bf24,1666629952,16,package.json,npm@8.5.0,postprocessing fix,[],projects/govuk-frontend/repo
fec88bd2d6a11299c01ed60e96695d858233681d,1666629952,16,package.json,npm@8.5.0,postprocessing fix,[],projects/govuk-frontend/repo
f16ceec97e19237f1b0d6b02ac79a645e86e0cff,1666629952,16,package.json,npm@8.5.0,postprocessing fix,[],projects/govuk-frontend/repo
8fe9f11be5234395859f1c43c8ff45eb7727e9f8,1666630274,16,package.json,npm@8.5.0,postprocessing fix,[],projects/govuk-frontend/repo
4b660ef5d54734bcbc2b7d54dfdc96561f1ab216,1666686674,16,package.json,npm@8.5.0,postprocessing fix,[],projects/govuk-frontend/repo
be23ae7ab4a67920bf3bd0b7e59e390c13018039,1666692343,16,package.json,npm@8.5.0,postprocessing fix,[],projects/govuk-frontend/repo
62b5b38b49ccda0c7927304345222050d3dd2b09,1666692343,16,package.json,npm@8.5.0,postprocessing fix,[],projects/govuk-frontend/repo
920e11f74f110c06856c2cee335e001b85c0daa6,1666692343,16,package.json,npm@8.5.0,postprocessing fix,[],projects/govuk-frontend/repo
2adf42f6e5b0be0750acea08bf4a1578def3353f,1666692343,16,package.json,npm@8.5.0,postprocessing fix,[],projects/govuk-frontend/repo
8b70f69547d525e7b83c90eeae87b3ec4da5650b,1666692343,16,package.json,npm@8.5.0,postprocessing fix,[],projects/govuk-frontend/repo
b36fc690c6a2d7b8b776b35faa71a0cd72d60efd,1666696611,16,package.json,npm@8.5.0,postprocessing fix,[],projects/govuk-frontend/repo
0de3dd2f713b3e9bf6b25b3a5b13aa3d0f74ff5c,1666696615,16,package.json,npm@8.5.0,postprocessing fix,[],projects/govuk-frontend/repo
b6ba6ed8a6dd62722ccae5d25d999b6e3f79ccf0,1666709504,16,package.json,npm@8.5.0,postprocessing fix,[],projects/govuk-frontend/repo
1fb62f34eac4f815e94a356f353cf51762fbce8b,1666709504,16,package.json,npm@8.5.0,postprocessing fix,[],projects/govuk-frontend/repo
166089b9da8a7c5d282be4ab67faa11afa17c6aa,1666715915,16,package.json,npm@8.5.0,postprocessing fix,[],projects/govuk-frontend/repo
a9adca68efbe04d09e49e2fe31186c798dd2afa5,1666715915,16,package.json,npm@8.5.0,postprocessing fix,[],projects/govuk-frontend/repo
5e0746848368760a1a263057b4957369e922a82d,1666777933,16,package.json,npm@8.5.0,postprocessing fix,[],projects/govuk-frontend/repo
60d90a74825288d9d48a97cd3f253d88b397c960,1666802893,16,package.json,npm@8.5.0,postprocessing fix,[],projects/govuk-frontend/repo
dfc79805cf4c6d3d5967c9e2b1db20e167c17c43,1666884721,16,package.json,npm@8.5.0,postprocessing fix,[],projects/govuk-frontend/repo
eaa71a0cf215fa9189e1ecf0a83bcf22d1d44ff9,1667220144,16,package.json,npm@8.5.0,postprocessing fix,[],projects/govuk-frontend/repo
f5946abe6445250a3c155dd08d73b2630c1d34c1,1667305393,16,package.json,npm@8.5.0,postprocessing fix,[],projects/govuk-frontend/repo
aef1e88742693a993db8c67304dcfbccc44be01b,1667309411,16,package.json,npm@8.5.0,postprocessing fix,[],projects/govuk-frontend/repo
96442fdf60c0082b1b24f82af3e793fb07c79c2e,1667313405,16,package.json,npm@8.5.0,postprocessing fix,[],projects/govuk-frontend/repo
8224e71593c5bcd5b3c50b111e5d10be89b00c9c,1667313799,16,package.json,npm@8.5.0,postprocessing fix,[],projects/govuk-frontend/repo
134add56ad9a6d72d600466d456f0f382f2cd2b6,1667313800,16,package.json,npm@8.5.0,postprocessing fix,[],projects/govuk-frontend/repo
023c8a036d4471f4b5649756216f9f970f9ce1b7,1667313800,16,package.json,npm@8.5.0,postprocessing fix,[],projects/govuk-frontend/repo
41e9f9bde6b8c264a66a73f98c6cb74502f61205,1667313822,16,package.json,npm@8.5.0,postprocessing fix,[],projects/govuk-frontend/repo
2bcd44afdae2c0f438d33943f043ff9264fec162,1667313822,16,package.json,npm@8.5.0,postprocessing fix,[],projects/govuk-frontend/repo
7242e70a10fabe456966d787cc049bd8ca5ead77,1667314707,16,package.json,npm@8.5.0,postprocessing fix,[],projects/govuk-frontend/repo
db75de8306de93e72cf3855ad7d1410f30a01ca3,1667314775,16,package.json,npm@8.5.0,postprocessing fix,[],projects/govuk-frontend/repo
9710bafe2859e692265ef2c057b74699f9d7d775,1667314939,16,package.json,npm@8.5.0,postprocessing fix,[],projects/govuk-frontend/repo
92f220c6bdd5454e26d62208be5b9bf95fe0e0ba,1667317912,16,package.json,npm@8.5.0,postprocessing fix,[],projects/govuk-frontend/repo
e94ff6de1deb30106db6cc59ef446f7456a10858,1667318580,16,package.json,npm@8.5.0,postprocessing fix,[],projects/govuk-frontend/repo
5ee4389f857f70da4946d5c1e2d3b5da69ccd2fd,1667319428,16,package.json,npm@8.5.0,postprocessing fix,[],projects/govuk-frontend/repo
5f19ff4db05348d6e7d5454cc0b24e22d2aa935a,1667321436,16,package.json,npm@8.5.0,postprocessing fix,[],projects/govuk-frontend/repo
09135a8eb9d15c0c6c6f3782851255ff557b08d3,1667322903,16,package.json,npm@8.5.0,postprocessing fix,[],projects/govuk-frontend/repo
c4696fc7109f930b1b6a139231525c74199623e9,1667382465,16,package.json,npm@8.5.0,postprocessing fix,[],projects/govuk-frontend/repo
d4ce73d08102521e53d5ff487913a9eb5ad32f13,1667382466,16,package.json,npm@8.5.0,postprocessing fix,[],projects/govuk-frontend/repo
f7ec4a8c7af5ac7e71f43e544d4a0b2f01172756,1667382466,16,package.json,npm@8.5.0,postprocessing fix,[],projects/govuk-frontend/repo
701379c36e522b8606d6389a373c6557cd74649c,1667382467,16,package.json,npm@8.5.0,postprocessing fix,[],projects/govuk-frontend/repo
a53d6ca7b42bc77936423d4c0e6dd03ee3bf28cc,1667382467,16,package.json,npm@8.5.0,postprocessing fix,[],projects/govuk-frontend/repo
d5ded21d7e7eab6aa181a4776264457d84bec6c0,1667382467,16,package.json,npm@8.5.0,postprocessing fix,[],projects/govuk-frontend/repo
4201d4ef88bfcca65b7334d5e5eef718f7e836cd,1667382891,16,package.json,npm@8.5.0,postprocessing fix,[],projects/govuk-frontend/repo
0254be2377372c78216c8a95f857d40ffa397d63,1667383042,16,package.json,npm@8.5.0,postprocessing fix,[],projects/govuk-frontend/repo
d891ed28e824ac7f00a75cecb3778e7f695b61b4,1667383045,16,package.json,npm@8.5.0,postprocessing fix,[],projects/govuk-frontend/repo
506e4f05101e71c9df3f358a3ada323281a014c3,1667386593,16,package.json,npm@8.5.0,postprocessing fix,[],projects/govuk-frontend/repo
a0af35cdccc6b1e160a58280206a563416208b70,1667390834,16,package.json,npm@8.5.0,postprocessing fix,[],projects/govuk-frontend/repo
96d095febbe7fa790a530ea2048cdbd601a5fb59,1667390835,16,package.json,npm@8.5.0,postprocessing fix,[],projects/govuk-frontend/repo
dc825430a6d1c3764cfd7a2ab77f51fb013fc612,1667390835,16,package.json,npm@8.5.0,postprocessing fix,[],projects/govuk-frontend/repo
befed90a55088ae010ec1e603aae5029cd1d1bfa,1667390946,16,package.json,npm@8.5.0,postprocessing fix,[],projects/govuk-frontend/repo
105491376e2417dc3026b6d3d1dd34c8ba313258,1667390948,16,package.json,npm@8.5.0,postprocessing fix,[],projects/govuk-frontend/repo
3b8c3e3ac24244b6a9ad4299340f0fd88431ecc7,1667390988,16,package.json,npm@8.5.0,postprocessing fix,[],projects/govuk-frontend/repo
d237435a7745a53f36ad1651821d2d44eeaebff7,1667407963,16,package.json,npm@8.5.0,postprocessing fix,[],projects/govuk-frontend/repo
a4ce8be3c77f2114adfe1c7ab4b7f5eb37a5be70,1667407963,16,package.json,npm@8.5.0,postprocessing fix,[],projects/govuk-frontend/repo
79831eb6dcee43da0dcf9d1fa4cf3f3f0aa32a9e,1667407963,16,package.json,npm@8.5.0,postprocessing fix,[],projects/govuk-frontend/repo
8b65fa641ed0ac6c653398486edaa150c0d3c1cd,1667423450,16,package.json,npm@8.5.0,postprocessing fix,[],projects/govuk-frontend/repo
6e724719f3a9dc4cccf18f9f77d7ea3ae2eabfdf,1667423450,16,package.json,npm@8.5.0,postprocessing fix,[],projects/govuk-frontend/repo
1d58417236034847983f578345b385c29a2d6253,1667423451,16,package.json,npm@8.5.0,postprocessing fix,[],projects/govuk-frontend/repo
ffd2f3f4aed8e642206176444f78283025ef96a8,1667426815,16,package.json,npm@8.5.0,postprocessing fix,[],projects/govuk-frontend/repo
8ee1b1dd0253efb05d8abc2745cad1d7c3e7d54b,1667426816,16,package.json,npm@8.5.0,postprocessing fix,[],projects/govuk-frontend/repo
c89f0ffc94c15ea56057307cc4f554c04198beca,1667426816,16,package.json,npm@8.5.0,postprocessing fix,[],projects/govuk-frontend/repo
2e1de868d891ed2a80f595da61a56829aa348f56,1667482059,16,package.json,npm@8.5.0,postprocessing fix,[],projects/govuk-frontend/repo
c144ba2da15cf0ec4068eec4d52e4658d1470a9d,1667482080,16,package.json,npm@8.5.0,postprocessing fix,[],projects/govuk-frontend/repo
bc5e9bc7c0831f61ade21c48735d954e700bd653,1667482100,16,package.json,npm@8.5.0,postprocessing fix,[],projects/govuk-frontend/repo
2178031d054d7dfa4a16537b89d1dac9babcb744,1667482861,16,package.json,npm@8.5.0,postprocessing fix,[],projects/govuk-frontend/repo
4c915e3427ba1d0802c37a5bfccd3de07d7f936b,1667482905,16,package.json,npm@8.5.0,postprocessing fix,[],projects/govuk-frontend/repo
6929d019502d1ee58e5cf6f2b20ba22565f57781,1667486184,16,package.json,npm@8.5.0,postprocessing fix,[],projects/govuk-frontend/repo
a546fb2c5e21b7b6fcbe557c8b0c1dd17c336edd,1667488510,16,package.json,npm@8.5.0,postprocessing fix,[],projects/govuk-frontend/repo
866286a79248b0ebfa4bf277a9a71a5a76193b4b,1667492514,16,package.json,npm@8.5.0,postprocessing fix,[],projects/govuk-frontend/repo
1e234c81c04e9727d34a151000a2342519f4a8e0,1667492514,16,package.json,npm@8.5.0,postprocessing fix,[],projects/govuk-frontend/repo
41da3f7b5b841b4bdeea93d927fad59a8ebb2253,1667495475,16,package.json,npm@8.5.0,postprocessing fix,[],projects/govuk-frontend/repo
73c7da831e0b4c5bd1b5584593276359469c56ee,1667561331,16,package.json,npm@8.5.0,postprocessing fix,[],projects/govuk-frontend/repo
00f4f95f5e780018d5236226233c2f6da981eab2,1667819214,16,package.json,npm@8.5.0,postprocessing fix,[],projects/govuk-frontend/repo
3487a1e6dbb567274f512bf7a2f9f9d555fcef6a,1667819290,16,package.json,npm@8.5.0,postprocessing fix,[],projects/govuk-frontend/repo
68d18c568926e24051ab282b0b86a3959d71a7ab,1667819475,16,package.json,npm@8.5.0,postprocessing fix,[],projects/govuk-frontend/repo
21f91e884c082feb8608e3aab0d2a266e44a7f67,1667819595,16,package.json,npm@8.5.0,postprocessing fix,[],projects/govuk-frontend/repo
7302fd269188c2bbece16476daf21f80ce31829c,1667819690,16,package.json,npm@8.5.0,postprocessing fix,[],projects/govuk-frontend/repo
c1366c0c44ee68105abbe6b5be9baae6a4a0b7f3,1667819729,16,package.json,npm@8.5.0,postprocessing fix,[],projects/govuk-frontend/repo
08d3647f291f1a601c16e2d0cb094839facc1c84,1667820882,16,package.json,npm@8.5.0,postprocessing fix,[],projects/govuk-frontend/repo
e0681991743e5e53bbfadc3ef5a3f4151fe668a4,1667821037,16,package.json,npm@8.5.0,postprocessing fix,[],projects/govuk-frontend/repo
7e4ca72094ba09b4afd0e1ef102cb8f20838578f,1667821095,16,package.json,npm@8.5.0,postprocessing fix,[],projects/govuk-frontend/repo
62c457d49aee759928335d375f4b4bcde26aa518,1667821818,16,package.json,npm@8.5.0,postprocessing fix,[],projects/govuk-frontend/repo
1317b705538a1fa75900b4b80b5c0429949edfc9,1667828051,16,package.json,npm@8.5.0,postprocessing fix,[],projects/govuk-frontend/repo
511a2ef81cd9b140ad7c7267d67d977bce9818d7,1667828051,16,package.json,npm@8.5.0,postprocessing fix,[],projects/govuk-frontend/repo
ba5172187fd4fa8c0b624d32d16f57512e906f60,1667828051,16,package.json,npm@8.5.0,postprocessing fix,[],projects/govuk-frontend/repo
b4f4e3cd753882b4c9360b6f119ced6f7a6cd259,1667828052,16,package.json,npm@8.5.0,postprocessing fix,[],projects/govuk-frontend/repo
05101d8bd6fefe7bd2844721ba8ac3254085ff57,1667831943,16,package.json,npm@8.5.0,postprocessing fix,[],projects/govuk-frontend/repo
7dd00b1da3f4a72096b808a2ae014d3baccb9508,1667831944,16,package.json,npm@8.5.0,postprocessing fix,[],projects/govuk-frontend/repo
f73b754f55becc4c4f8643fa7b083f0841712a02,1667833495,16,package.json,npm@8.5.0,postprocessing fix,[],projects/govuk-frontend/repo
0a87bbf1eb54a636e9fdfaaa7d7a5b992c06583e,1667839771,16,package.json,npm@8.5.0,postprocessing fix,[],projects/govuk-frontend/repo
9c32b4742178a5dfadce44251cfe2515d467cd40,1667842525,16,package.json,npm@8.5.0,postprocessing fix,[],projects/govuk-frontend/repo
e14eab1a82aaf2c60e20c2c6ba38383033fbdddf,1667898137,16,package.json,npm@8.5.0,postprocessing fix,[],projects/govuk-frontend/repo
71b43f2f87b4082b080c2d557b7ae2a5af94168c,1667898167,16,package.json,npm@8.5.0,postprocessing fix,[],projects/govuk-frontend/repo
f97939274685f418d8dc1152c3f4cd799879268d,1667901175,16,package.json,npm@8.5.0,postprocessing fix,[],projects/govuk-frontend/repo
f2e5c3c7e898a62182201b3d461a5242f0a938c2,1667901321,16,package.json,npm@8.5.0,postprocessing fix,[],projects/govuk-frontend/repo
8e91ea2391aec45074c35dfd488dd3b7873ea109,1667902678,16,package.json,npm@8.5.0,postprocessing fix,[],projects/govuk-frontend/repo
884f37ebef9def1d584a1648e7b43d21415ab89c,1667902722,16,package.json,npm@8.5.0,postprocessing fix,[],projects/govuk-frontend/repo
5b79563182c7c2c8b2c1ae6180bafa5944c3ce97,1667903641,16,package.json,npm@8.5.0,postprocessing fix,[],projects/govuk-frontend/repo
cdaaf416f7eb8a91afdd1de38ae6af28c1b4f05f,1667903694,16,package.json,npm@8.5.0,postprocessing fix,[],projects/govuk-frontend/repo
0821058e5689b23cf258f3da2b18d28b954013f6,1667903736,16,package.json,npm@8.5.0,postprocessing fix,[],projects/govuk-frontend/repo
5558974108a31d262c75e93e87eb39655577df55,1667904128,16,package.json,npm@8.5.0,postprocessing fix,[],projects/govuk-frontend/repo
02f3014a8f491062defdafc5be7840aeedd01e7b,1667904744,16,package.json,npm@8.5.0,postprocessing fix,[],projects/govuk-frontend/repo
a2d19bc709d3b926a026d2ce53a63d3a4db8706f,1667912247,16,package.json,npm@8.5.0,postprocessing fix,[],projects/govuk-frontend/repo
33479d9aee0e82e905b1f061257f73ba7c46ff4b,1667914541,16,package.json,npm@8.5.0,postprocessing fix,[],projects/govuk-frontend/repo
42fda12934fc63d0f0cbe02353a0ebcaa65641d9,1667915133,16,package.json,npm@8.5.0,postprocessing fix,[],projects/govuk-frontend/repo
4c3f79924f1cbd75c977b66ab4cf3901f7354022,1667916254,16,package.json,npm@8.5.0,postprocessing fix,[],projects/govuk-frontend/repo
8695e57265d302e69e4c3a8be086d6ede657226f,1667918603,16,package.json,npm@8.5.0,postprocessing fix,[],projects/govuk-frontend/repo
5ad89d13eb0e99333744ea53785fa4c30e429000,1667925621,16,package.json,npm@8.5.0,postprocessing fix,[],projects/govuk-frontend/repo
31231bcada4b5486b19f50a7ead037cd431e6419,1667927058,16,package.json,npm@8.5.0,postprocessing fix,[],projects/govuk-frontend/repo
0d801d12b05b5546b65e30abcfa279196273c3ce,1667927275,16,package.json,npm@8.5.0,postprocessing fix,[],projects/govuk-frontend/repo
80d5a69255610b565fc313cc6983b04ce24db194,1667927455,16,package.json,npm@8.5.0,postprocessing fix,[],projects/govuk-frontend/repo
e6c3708716ab59f3ccb3db68c969128cf42d0564,1667927455,16,package.json,npm@8.5.0,postprocessing fix,[],projects/govuk-frontend/repo
ecb00944395c4307765618cef42d9712b710868d,1667927455,16,package.json,npm@8.5.0,postprocessing fix,[],projects/govuk-frontend/repo
c0cebef1c80f3511db07d2857d599c74b35c4032,1667928113,16,package.json,npm@8.5.0,postprocessing fix,[],projects/govuk-frontend/repo
4650b78471b55fa7dc6f50d6aa50faf8d8acfbee,1667928156,16,package.json,npm@8.5.0,postprocessing fix,[],projects/govuk-frontend/repo
75e6a8b9c2581387202caadcba64121d9aa56977,1667928226,16,package.json,npm@8.5.0,postprocessing fix,[],projects/govuk-frontend/repo
50b7daca778fbc43ac1f87312558fc1413cff76b,1667985002,16,package.json,npm@8.5.0,postprocessing fix,[],projects/govuk-frontend/repo
0b9c90401725a13e6f80ec2bbea444468ef64ec5,1667986511,16,package.json,npm@8.5.0,postprocessing fix,[],projects/govuk-frontend/repo
d7eb618149a0f059db513b8cb92086b3953e9463,1667986543,16,package.json,npm@8.5.0,postprocessing fix,[],projects/govuk-frontend/repo
f81fb5b5219059227eca4e3dec595fa96904e1d0,1667986700,16,package.json,npm@8.5.0,postprocessing fix,[],projects/govuk-frontend/repo
8f83b9f805b5d67fe772d7c4e2162884da290fdb,1667988041,16,package.json,npm@8.5.0,postprocessing fix,[],projects/govuk-frontend/repo
59be94439751dc451617fbfd8b10f4c162d797b2,1667988389,16,package.json,npm@8.5.0,postprocessing fix,[],projects/govuk-frontend/repo
dceaa7af22853d396cc16c240aa57f39693b5bc5,1667991064,16,package.json,npm@8.5.0,postprocessing fix,[],projects/govuk-frontend/repo
f940d4042cafdd05c88701c25b205b0a41d6bce1,1667991312,16,package.json,npm@8.5.0,postprocessing fix,[],projects/govuk-frontend/repo
0195d7ef48f34c5adc1a0eb5b7c50348d3b71b38,1667991336,16,package.json,npm@8.5.0,postprocessing fix,[],projects/govuk-frontend/repo
d4b6a6b45a6292ff53e55e847b1da77c1b4df033,1668014311,16,package.json,npm@8.5.0,postprocessing fix,[],projects/govuk-frontend/repo
8e15372fa2a3b820880eebfc8e772fff2f48d993,1668071005,16,package.json,npm@8.5.0,postprocessing fix,[],projects/govuk-frontend/repo
9a03984b40d188b3c3e911ed37cde57f78a34afd,1668072249,16,package.json,npm@8.5.0,postprocessing fix,[],projects/govuk-frontend/repo
ec5bf009a1558d929fe224728c782105ff9ae86d,1668073335,16,package.json,npm@8.5.0,postprocessing fix,[],projects/govuk-frontend/repo
1b4ded1bb5e6b5059e060618db6fdb9d1257019d,1668073506,16,package.json,npm@8.5.0,postprocessing fix,[],projects/govuk-frontend/repo
fefdb3069ac4b980f09c128ffd77bc1a0043e70e,1668073804,16,package.json,npm@8.5.0,postprocessing fix,[],projects/govuk-frontend/repo
f60b999ce4825b3e83415224a6940478ffd389ad,1668088338,16,package.json,npm@8.5.0,postprocessing fix,[],projects/govuk-frontend/repo
adcc8a2ca318cf83c50ff30dcf5e7956bb6c34f6,1668088340,16,package.json,npm@8.5.0,postprocessing fix,[],projects/govuk-frontend/repo
cab5c362904ea16f1340f8fc8568db5be979ae1c,1668090579,16,package.json,npm@8.5.0,postprocessing fix,[],projects/govuk-frontend/repo
006f5129eb987b9f26a88fa3dfa9eec0131edce0,1668090579,16,package.json,npm@8.5.0,postprocessing fix,[],projects/govuk-frontend/repo
ddc6c1ed09b700c8b39b00bf5a6535d916a990be,1668090579,16,package.json,npm@8.5.0,postprocessing fix,[],projects/govuk-frontend/repo
a80ecdec9052f2a5b2bbe0777b61be611d471d60,1668092528,16,package.json,npm@8.5.0,postprocessing fix,[],projects/govuk-frontend/repo
180d09cf0d14c90875228277a796ed05ae59a265,1668095284,16,package.json,npm@8.5.0,postprocessing fix,[],projects/govuk-frontend/repo
4ec2ebd2157bb7a1af7cfc4fb4ffa5094fa4d1ec,1668098745,16,package.json,npm@8.5.0,postprocessing fix,[],projects/govuk-frontend/repo
cbbac0baa05f1430c6afd8af1bd2d926f30f1715,1668416526,16,package.json,npm@8.5.0,postprocessing fix,[],projects/govuk-frontend/repo
51f8dc8972e61b11f0398c27b0a875705f718012,1668417766,16,package.json,npm@8.5.0,postprocessing fix,[],projects/govuk-frontend/repo
2f68ebc9d52af65f790bbedadcc25d4ea932380d,1668418526,16,package.json,npm@8.5.0,postprocessing fix,[],projects/govuk-frontend/repo
65bf0acd5465ba000df751fb5f3ce10a6565f882,1668434610,16,package.json,npm@8.5.0,postprocessing fix,[],projects/govuk-frontend/repo
fc2793236844f68c67920d7058f6bb207e42e540,1668435568,16,package.json,npm@8.5.0,postprocessing fix,[],projects/govuk-frontend/repo
38dd73aec74b6dc245dac0342cf71a93d8148738,1668439723,16,package.json,npm@8.5.0,postprocessing fix,[],projects/govuk-frontend/repo
ac6e6dbd40e025acde97a6d03765fac22fb4d6b3,1668439800,16,package.json,npm@8.5.0,postprocessing fix,[],projects/govuk-frontend/repo
98ddec16b73de8b99be0f477e71ce20cab8307a6,1668439833,16,package.json,npm@8.5.0,postprocessing fix,[],projects/govuk-frontend/repo
63818dac4703d6039fc76046ffd2fb9f1313cd00,1668440036,16,package.json,npm@8.5.0,postprocessing fix,[],projects/govuk-frontend/repo
9554663aff1dab769786ede6972c9ecba2ab4be2,1668441436,16,package.json,npm@8.5.0,postprocessing fix,[],projects/govuk-frontend/repo
5cb46cfd69f8a8c76ad1961d7dbd101c97c6b32f,1668444474,16,package.json,npm@8.5.0,postprocessing fix,[],projects/govuk-frontend/repo
e41c56923b0cb2df92bad8eda40a55e80db1bc5c,1668444832,16,package.json,npm@8.5.0,postprocessing fix,[],projects/govuk-frontend/repo
0db238f14c461db2deb9c101ec979e3e127cda4a,1668504493,16,package.json,npm@8.5.0,postprocessing fix,[],projects/govuk-frontend/repo
ee2f1c84689f67b981156a541fe70c3cf6059cfb,1668505025,16,package.json,npm@8.5.0,postprocessing fix,[],projects/govuk-frontend/repo
65fc6b8454ea3faa4e04a8a290dfe15ed40694c1,1668529647,16,package.json,npm@8.5.0,postprocessing fix,[],projects/govuk-frontend/repo
31ccf5d98b2d8c431826d55c9ad48496f1e7ec8a,1668529686,16,package.json,npm@8.5.0,postprocessing fix,[],projects/govuk-frontend/repo
4f983662518f3eb7fae0b7e4b6e4f9bf642ddebf,1668590601,16,package.json,npm@8.5.0,postprocessing fix,[],projects/govuk-frontend/repo
75b1e4e58347e7642efb733b77a34feabafebc28,1668590628,16,package.json,npm@8.5.0,postprocessing fix,[],projects/govuk-frontend/repo
6d41719109a91c63ed50dd3a698423bdc3dc66c0,1668599750,16,package.json,npm@8.5.0,postprocessing fix,[],projects/govuk-frontend/repo
6fd23e00fb1db540217fdda04317ecd1ccb660e3,1668675084,16,package.json,npm@8.5.0,postprocessing fix,[],projects/govuk-frontend/repo
860bcc53cb879310ed01b1a0527d16220c9d61c1,1668675084,16,package.json,npm@8.5.0,postprocessing fix,[],projects/govuk-frontend/repo
65312b78f0ca556996fe6ad85d79a1c8b01e3a84,1668689415,16,package.json,npm@8.5.0,postprocessing fix,[],projects/govuk-frontend/repo
e57a7c81e5fa5baf89a4cb62e72457152a7bb91a,1668689435,16,package.json,npm@8.5.0,postprocessing fix,[],projects/govuk-frontend/repo
e389f2da825ec4cc088aa580ae9bd7882f495181,1668689437,16,package.json,npm@8.5.0,postprocessing fix,[],projects/govuk-frontend/repo
7f1d215d29d3b65c55530fbec367bc35c3d56710,1668690342,16,package.json,npm@8.5.0,postprocessing fix,[],projects/govuk-frontend/repo
e3e6fddb245cc063456995c7d5de8ac934f97778,1668692898,16,package.json,npm@8.5.0,postprocessing fix,[],projects/govuk-frontend/repo
0d6597db5f145d63702577cdc33e203d42a7a536,1668692938,16,package.json,npm@8.5.0,postprocessing fix,[],projects/govuk-frontend/repo
97ef82d8e9db9431aee8248ad92d6a49bbd63ef1,1668695907,16,package.json,npm@8.5.0,postprocessing fix,[],projects/govuk-frontend/repo
f54842466a87161d007c299b547c3aeba6222200,1668695978,16,package.json,npm@8.5.0,postprocessing fix,[],projects/govuk-frontend/repo
8a13d16cf619fc7fc515cc6d2e57909e7cf2e904,1668698615,16,package.json,npm@8.5.0,postprocessing fix,[],projects/govuk-frontend/repo
6135fea909f4d98ce8b4cb60d3e8bb2a2afb6e93,1668698616,16,package.json,npm@8.5.0,postprocessing fix,[],projects/govuk-frontend/repo
8519d873b7bb6fc2bf4cfff96226e3cc0dbb8f6b,1668762117,16,package.json,npm@8.5.0,postprocessing fix,[],projects/govuk-frontend/repo
c17ce0599e2896a0e9c7072a618dff9355e185dc,1668767061,16,package.json,npm@8.5.0,postprocessing fix,[],projects/govuk-frontend/repo
ed89224a13dc6f480b95fff989a5b96a91907470,1668768205,16,package.json,npm@8.5.0,postprocessing fix,[],projects/govuk-frontend/repo
b22fbf1f4b621dfa6b8ce968a5d9080ea83974fd,1668768227,16,package.json,npm@8.5.0,postprocessing fix,[],projects/govuk-frontend/repo
bc22fdaf5ca001669b605e0673001770c01204c1,1668770271,16,package.json,npm@8.5.0,postprocessing fix,[],projects/govuk-frontend/repo
fd46daa033b081d1e9da73431a89249d4e1a9374,1668773005,16,package.json,npm@8.5.0,postprocessing fix,[],projects/govuk-frontend/repo
93cde6f7cf11450ea1cb635dc1fe99915b13939d,1668773006,16,package.json,npm@8.5.0,postprocessing fix,[],projects/govuk-frontend/repo
cdfc281bebf0afb6ea121ee8f52eb332dfc40615,1668773641,16,package.json,npm@8.5.0,postprocessing fix,[],projects/govuk-frontend/repo
a5c3b32c2f426a4b49c16546fa83692b0821ebc3,1669033866,16,package.json,npm@8.5.0,postprocessing fix,[],projects/govuk-frontend/repo
f0590566091cfe4587afcd2acf383dc18aac79fb,1669040313,16,package.json,npm@8.5.0,postprocessing fix,[],projects/govuk-frontend/repo
e4ebf7acf96c37ce9bfe2d33668443adca06909c,1669040335,16,package.json,npm@8.5.0,postprocessing fix,[],projects/govuk-frontend/repo
7a81c8c2e6ddb16536acab1d8312f6564e9eade3,1669046771,16,package.json,npm@8.5.0,postprocessing fix,[],projects/govuk-frontend/repo
49aff041eece5cfabfb80581b53752b9aa94f90a,1669046771,16,package.json,npm@8.5.0,postprocessing fix,[],projects/govuk-frontend/repo
2bb03d5954880119fa1e16e7a7f9161901d77df5,1669047492,16,package.json,npm@8.5.0,postprocessing fix,[],projects/govuk-frontend/repo
d25e9f831009b43dcafecd1d703a54a2acc049ae,1669050327,16,package.json,npm@8.5.0,postprocessing fix,[],projects/govuk-frontend/repo
59a220c1fa6baee06593672d63bdb5cb9980e086,1669050646,16,package.json,npm@8.5.0,postprocessing fix,[],projects/govuk-frontend/repo
210bb55c6755ed69ff65d64948ded67c97723654,1669050685,16,package.json,npm@8.5.0,postprocessing fix,[],projects/govuk-frontend/repo
2f0b3615125dbbc964323f777c247aa0bd874444,1669051018,16,package.json,npm@8.5.0,postprocessing fix,[],projects/govuk-frontend/repo
03a0772de243defb62e201042168a524941d6fa5,1669051866,16,package.json,npm@8.5.0,postprocessing fix,[],projects/govuk-frontend/repo
2fbdeeb8863beffd3f5a41782455fee62ca95731,1669052114,16,package.json,npm@8.5.0,postprocessing fix,[],projects/govuk-frontend/repo
e72c9b026ac5441253851dedce5d86b52c6253fa,1669052115,16,package.json,npm@8.5.0,postprocessing fix,[],projects/govuk-frontend/repo
39d7329fb48bb648d83ce517e466cb971ee53cbb,1669053058,16,package.json,npm@8.5.0,postprocessing fix,[],projects/govuk-frontend/repo
ec5fa30f3489623ec716dffa3a6c559d961f2e8e,1669053383,16,package.json,npm@8.5.0,postprocessing fix,[],projects/govuk-frontend/repo
2a851f8d0f0584f5a7a168d453290d08c4fe9c8b,1669053459,18,package.json,npm@9.1.0,package.json,[],projects/govuk-frontend/repo
c2361a72009720c3dfbba5684b70da23d4bbdab9,1669053459,18,package.json,npm@9.1.0,package.json,[],projects/govuk-frontend/repo
53251bc51b3bfb2dd2cc98d46f6b95028cec8c01,1669112814,18,package.json,npm@9.1.0,package.json,[],projects/govuk-frontend/repo
66a29d53e3e0d52191b0deb941b1dca3f1072eb6,1669129551,18,package.json,npm@9.1.0,package.json,[],projects/govuk-frontend/repo
4278e85426c5ea88399a90f5a7d92bcab9a04a28,1669129552,18,package.json,npm@9.1.0,package.json,[],projects/govuk-frontend/repo
fe12b83a36ff413ef30706012d3a84a9489c672b,1669129552,18,package.json,npm@9.1.0,package.json,[],projects/govuk-frontend/repo
3cdff8569ea692ca14722193bd3650e3d1e4228c,1669129552,18,package.json,npm@9.1.0,package.json,[],projects/govuk-frontend/repo
5872e5e06740070f5e0f5da46d4eb53e702673ba,1669129553,18,package.json,npm@9.1.0,package.json,[],projects/govuk-frontend/repo
f31b8f1c62f89df0c8f92cad7017b6a7e3508623,1669134166,18,package.json,npm@9.1.0,package.json,[],projects/govuk-frontend/repo
c4260f5ac32083ed8d07af7829514cc68849e082,1669137960,18,package.json,npm@9.1.0,package.json,[],projects/govuk-frontend/repo
d3b3f4a747dd876921d39ae2b68998c8df85d648,1669137963,18,package.json,npm@9.1.0,package.json,[],projects/govuk-frontend/repo
5455031c9253279236afe20fc0d4b59c22315e05,1669137963,18,package.json,npm@9.1.0,package.json,[],projects/govuk-frontend/repo
38e68cbec492706381a2f3e98b4f8a6f3e424342,1669137963,18,package.json,npm@9.1.0,package.json,[],projects/govuk-frontend/repo
d43339a6e9a18f46c4abdb6519414379aa0e461d,1669137963,18,package.json,npm@9.1.0,package.json,[],projects/govuk-frontend/repo
b6687a8dd329f1fefeb7fc0cbaef3aadce1b8726,1669137963,18,package.json,npm@9.1.0,package.json,[],projects/govuk-frontend/repo
03c4d20c90ab00b4294802f506e59c163d2d373f,1669137963,18,package.json,npm@9.1.0,package.json,[],projects/govuk-frontend/repo
715a5c5aa4c359fe39e44b0495b4fd686c0d5f66,1669137964,18,package.json,npm@9.1.0,package.json,[],projects/govuk-frontend/repo
a626fa6037ee6e45f8a5f033a5901a0f44ce0cbd,1669137964,18,package.json,npm@9.1.0,package.json,[],projects/govuk-frontend/repo
320114e243710463c47c2945bd081b5e23a5d70e,1669137964,18,package.json,npm@9.1.0,package.json,[],projects/govuk-frontend/repo
38ff731c02c07624973a208fc93ff7edcfdfd28d,1669194094,18,package.json,npm@9.1.0,package.json,[],projects/govuk-frontend/repo
1088fca9fe8dcbbde495fb101c87e441fc8959f1,1669195260,18,package.json,npm@9.1.0,package.json,[],projects/govuk-frontend/repo
9a7ffdf3d39133fa022e61823b901f867755ee37,1669201055,18,package.json,npm@9.1.0,package.json,[],projects/govuk-frontend/repo
83f8806f24acd425c110e603dc3d3bccd0f06099,1669209986,18,package.json,npm@9.1.0,package.json,[],projects/govuk-frontend/repo
9dc3b6ad5c92197240fe5e287c5911c464358dca,1669224233,18,package.json,npm@9.1.0,package.json,[],projects/govuk-frontend/repo
e3665b43b9394874da2fa8e677ff286a483e1464,1669227614,18,package.json,npm@9.1.0,package.json,[],projects/govuk-frontend/repo
d9bd3e9b87d2253f3a24f0530099ff6078756c85,1669228956,18,package.json,npm@9.1.0,package.json,[],projects/govuk-frontend/repo
3318d781909edeebdd9285808a2bd40082372874,1669280500,18,package.json,npm@9.1.0,package.json,[],projects/govuk-frontend/repo
79f64df9b7205dc63bb9434b7c53ab5ec7b83f0b,1669629041,18,package.json,npm@9.1.0,package.json,[],projects/govuk-frontend/repo
5c315036041fc1921a0e18a06c6b6c17e102a3b7,1669633740,18,package.json,npm@9.1.0,package.json,[],projects/govuk-frontend/repo
932c8a23ef51803998e701a7c8d87454788f5c3d,1669633892,18,package.json,npm@9.1.0,package.json,[],projects/govuk-frontend/repo
337e4445ecc37917ddcc7fb398fc16770a9efce5,1669645981,18,package.json,npm@9.1.0,package.json,[],projects/govuk-frontend/repo
421500b10e927c1dff594f14d994808f5e7c2039,1669646458,18,package.json,npm@9.1.0,package.json,[],projects/govuk-frontend/repo
3703211ace0bf1aac167fa581ec2518f530febcd,1669646581,18,package.json,npm@9.1.0,package.json,[],projects/govuk-frontend/repo
db4f50d343af0b68091aae8ce1fa07b43a2619a1,1669647099,18,package.json,npm@9.1.0,package.json,[],projects/govuk-frontend/repo
5d560713aaebe4e1e15d26355b57d567b560c624,1669655770,18,package.json,npm@9.1.0,package.json,[],projects/govuk-frontend/repo
a5c111ec3d8de1bd65cafb84a8be5fd9ee6b7518,1669655811,18,package.json,npm@9.1.0,package.json,[],projects/govuk-frontend/repo
933b742c5a9af684ee5b729ac808c59890a5d684,1669655811,18,package.json,npm@9.1.0,package.json,[],projects/govuk-frontend/repo
5ffe552d5a39694191d7be51c84328918df0eb8c,1669655811,18,package.json,npm@9.1.0,package.json,[],projects/govuk-frontend/repo
374a8d7f5378d2b89ab209660039a3bda2d8bf7e,1669655812,18,package.json,npm@9.1.0,package.json,[],projects/govuk-frontend/repo
fca1536308414a7bd93ecd5b6fbf100c28f5a01f,1669656407,18,package.json,npm@9.1.0,package.json,[],projects/govuk-frontend/repo
e764f1a7d7bfcc06c2a12fe55c58ee57ecc5574f,1669656701,18,package.json,npm@9.1.0,package.json,[],projects/govuk-frontend/repo
35a4fb0ded7f0778e0e30c40876e8f3817add83b,1669656702,18,package.json,npm@9.1.0,package.json,[],projects/govuk-frontend/repo
e04389daa855ab67b4ac445098cebd3977bf1498,1669656702,18,package.json,npm@9.1.0,package.json,[],projects/govuk-frontend/repo
b64d8aaa55a50f37de981c83db1707abbd52fe97,1669656975,18,package.json,npm@9.1.0,package.json,[],projects/govuk-frontend/repo
77ff2b58ac9d0d56cf48dde4610db1aa2398dc6e,1669662594,18,package.json,npm@9.1.0,package.json,[],projects/govuk-frontend/repo
77c373d9bbbc669df8f76688325fd7c7762612c3,1669662759,18,package.json,npm@9.1.0,package.json,[],projects/govuk-frontend/repo
0203e1623ea312bf7bdcfd7b701e376b5996cae8,1669665157,18,package.json,npm@9.1.0,package.json,[],projects/govuk-frontend/repo
c5ac7e397fd6ee735985ed581e532ea1a76194cd,1669713630,18,package.json,npm@9.1.0,package.json,[],projects/govuk-frontend/repo
db0067d8aa1715ca783c05394a88284693d1d861,1669713792,18,package.json,npm@9.1.0,package.json,[],projects/govuk-frontend/repo
07fc6531b6ada54ae61bb41c8d6566984a0fa683,1669714241,18,package.json,npm@9.1.0,package.json,[],projects/govuk-frontend/repo
70d8387f5d0b239b2ff18aefa591b08b366832eb,1669714579,18,package.json,npm@9.1.0,package.json,[],projects/govuk-frontend/repo
6509ba5565f3e19832657a540b1188aa665a7a26,1669724204,18,package.json,npm@9.1.0,package.json,[],projects/govuk-frontend/repo
8c9dae7edbf836c373cc5cbdbc46495112096c8f,1669724205,18,package.json,npm@9.1.0,package.json,[],projects/govuk-frontend/repo
1fbc982977a75669d3ebd42807f791557ac42c10,1669724748,18,package.json,npm@9.1.0,package.json,[],projects/govuk-frontend/repo
94951716e65702594ecd5acd9b55b71b8a19b93d,1669725110,18,package.json,npm@9.1.0,package.json,[],projects/govuk-frontend/repo
e5a7e3045c73207fbf3f7dd7d1ece7b6cf9667be,1669726065,18,package.json,npm@9.1.0,package.json,[],projects/govuk-frontend/repo
2079481f44c5510b7353f0a85e84f701afae64ea,1669726065,18,package.json,npm@9.1.0,package.json,[],projects/govuk-frontend/repo
253d4878c147c9ca614847777d28eef593ffd073,1669726066,18,package.json,npm@9.1.0,package.json,[],projects/govuk-frontend/repo
b0d4ee7ff9e73fbc1536ba30952abd638c756177,1669726066,18,package.json,npm@9.1.0,package.json,[],projects/govuk-frontend/repo
767f13e1fa77310cf7e156a5168d741c6f606f96,1669726066,18,package.json,npm@9.1.0,package.json,[],projects/govuk-frontend/repo
ab937f4aa3cdfc93659eda313e15e7ee76722d10,1669726066,18,package.json,npm@9.1.0,package.json,[],projects/govuk-frontend/repo
33d69cbeacd9654312aa578c0e3e0d42603f2512,1669726153,18,package.json,npm@9.1.0,package.json,[],projects/govuk-frontend/repo
45c5f2f2f5dc6a63e048b604f30ea25498d3e53b,1669726183,18,package.json,npm@9.1.0,package.json,[],projects/govuk-frontend/repo
394b181b4c376425d004804b9e7e9b09a08ace3d,1669729001,18,package.json,npm@9.1.0,package.json,[],projects/govuk-frontend/repo
8251854492e23f2c84ab32287f02eb4a65920aef,1669738299,18,package.json,npm@9.1.0,package.json,[],projects/govuk-frontend/repo
14d3c645223dad050132a6635aaf0e0172bd1de2,1669743402,18,package.json,npm@9.1.0,package.json,[],projects/govuk-frontend/repo
410c4a7ead1063a5581dd0392f12caa4f1298df9,1669798884,18,package.json,npm@9.1.0,package.json,[],projects/govuk-frontend/repo
9255295363e4840bf71aca90aab4a09c9f2961af,1669798940,18,package.json,npm@9.1.0,package.json,[],projects/govuk-frontend/repo
db21a29b1f269f04d6c264a00f46c1258d07a272,1669798971,18,package.json,npm@9.1.0,package.json,[],projects/govuk-frontend/repo
10e8a964f79c96e44c0f10507ed9a452e4be2360,1669800743,18,package.json,npm@9.1.0,package.json,[],projects/govuk-frontend/repo
e89ce9be5447baa0b8bd3d5ca58eff1df1dfe1c3,1669801747,18,package.json,npm@9.1.0,package.json,[],projects/govuk-frontend/repo
9ae8b54f6d39af8a69bb41032fc08bc7913c8141,1669804396,18,package.json,npm@9.1.0,package.json,[],projects/govuk-frontend/repo
fa20e33deabc5867d8806b766bf075a99a68c5e0,1669807777,18,package.json,npm@9.1.0,package.json,[],projects/govuk-frontend/repo
b61395a7ae30d796f42da3ac326ca802ffa76e4c,1669814187,18,package.json,npm@9.1.0,package.json,[],projects/govuk-frontend/repo
129e5db8011e67fc3991f27dcd2fbcf37ec2c922,1669814549,18,package.json,npm@9.1.0,package.json,[],projects/govuk-frontend/repo
29c9810bf8f9c84a4763130557c4b47c324d7f10,1669814549,18,package.json,npm@9.1.0,package.json,[],projects/govuk-frontend/repo
271aa53c4e4e579856241756045fa172cf003390,1669814549,18,package.json,npm@9.1.0,package.json,[],projects/govuk-frontend/repo
42b26e147ba17ae949e82a86af0e83dcb529b054,1669818076,18,package.json,npm@9.1.0,package.json,[],projects/govuk-frontend/repo
a48f5e1bce81acae2ee483a958bb25abe093afce,1669880114,18,package.json,npm@9.1.0,package.json,[],projects/govuk-frontend/repo
9bfdd719b99ae1dddbe8078c36630d3c2e9ec708,1669880189,18,package.json,npm@9.1.0,package.json,[],projects/govuk-frontend/repo
5760d9ee22c583a9b04e07e0823cadb9f41afbc6,1669880436,18,package.json,npm@9.1.0,package.json,[],projects/govuk-frontend/repo
7f1ea01f11e41b357085d1bc26d1277844dd4a4d,1669880527,18,package.json,npm@9.1.0,package.json,[],projects/govuk-frontend/repo
4ec090c72c46686471ae02528a0b5e23d76f4f3c,1669880746,18,package.json,npm@9.1.0,package.json,[],projects/govuk-frontend/repo
19015c3df291db1653ea94793bfcbd95cbdd4063,1669890181,18,package.json,npm@9.1.0,package.json,[],projects/govuk-frontend/repo
fe734f93c19fcc934dbd837fc1400c2143046f1f,1670230896,18,package.json,npm@9.1.0,package.json,[],projects/govuk-frontend/repo
363a8defcc4482629116cfa156bc47613f69fc24,1670230921,18,package.json,npm@9.1.0,package.json,[],projects/govuk-frontend/repo
284db45df8d8c580386845a5b0acacf277848373,1670230985,18,package.json,npm@9.1.0,package.json,[],projects/govuk-frontend/repo
4836f89d1b0de3b1fd127a74c11511d6999135d3,1670233211,18,package.json,npm@9.1.0,package.json,[],projects/govuk-frontend/repo
8b8ea9eeaaf9d956592581637f8eb546ee9b7468,1670234160,18,package.json,npm@9.1.0,package.json,[],projects/govuk-frontend/repo
b8227f70fb784b393717064d8b3c97752b9ddca5,1670236549,18,package.json,npm@9.1.0,package.json,[],projects/govuk-frontend/repo
ab01ef82e9e0170da29756b76b2de335ac09fa48,1670236605,18,package.json,npm@9.1.0,package.json,[],projects/govuk-frontend/repo
28254969269d489d34c3b24cf81c5da6241e6948,1670237583,18,package.json,npm@9.1.0,package.json,[],projects/govuk-frontend/repo
b15bdf75706e33fbf1c4f47d15859e2cafa8b0ed,1670237640,18,package.json,npm@9.1.0,package.json,[],projects/govuk-frontend/repo
e75c10f98ea7c7d27d236335907fb053906b4bf7,1670238999,18,package.json,npm@9.1.0,package.json,[],projects/govuk-frontend/repo
bb7c449db10f7ccf957d98d6b925df49a14662fc,1670265215,18,package.json,npm@9.1.0,package.json,[],projects/govuk-frontend/repo
de378ee46708bd59b3ed78bd5801960eb7f91982,1670265509,18,package.json,npm@9.1.0,package.json,[],projects/govuk-frontend/repo
eef86bb56f7bb140b567233a4034c5c8b0c69523,1670321822,18,package.json,npm@9.1.0,package.json,[],projects/govuk-frontend/repo
2098b4be9abc9dfae9c5534bbedf7e60c1431ced,1670322360,18,package.json,npm@9.1.0,package.json,[],projects/govuk-frontend/repo
f24637b0abad6c821ff96d1a378af7b5581acc7f,1670323472,18,package.json,npm@9.1.0,package.json,[],projects/govuk-frontend/repo
78a7f0f8719c9d5818ad5d0cf0f6cb78f58665f6,1670402697,18,package.json,npm@9.1.0,package.json,[],projects/govuk-frontend/repo
007c7c56c0a1513ab9667da76c05914959d0a3dc,1670404033,18,package.json,npm@9.1.0,package.json,[],projects/govuk-frontend/repo
ffbe006f6bec806939aec516b69a604efdced924,1670404033,18,package.json,npm@9.1.0,package.json,[],projects/govuk-frontend/repo
e0c7034ef0511102c4ebf22410009b7fdad28bbf,1670404219,18,package.json,npm@9.1.0,package.json,[],projects/govuk-frontend/repo
8b0f6d5fb659526cef5247862b0f5c2ff22f746a,1670405081,18,package.json,npm@9.1.0,package.json,[],projects/govuk-frontend/repo
52ad51d5f394f07106f8c51a370fc86e4d39aca6,1670405162,18,package.json,npm@9.1.0,package.json,[],projects/govuk-frontend/repo
14222398090b78b98c20a40e857bca5a5a3e93ba,1670405991,18,package.json,npm@9.1.0,package.json,[],projects/govuk-frontend/repo
605faea00b454c88e143fe93431c7658f2e0028f,1670433052,18,package.json,npm@9.1.0,package.json,[],projects/govuk-frontend/repo
83e2a6722157e63797db12f1d15b917a0da32e95,1670491988,18,package.json,npm@9.1.0,package.json,[],projects/govuk-frontend/repo
f2d3eacadd45b00b5264a0ee39f25b1bd33f79f0,1670500101,18,package.json,npm@9.1.0,package.json,[],projects/govuk-frontend/repo
68e771568e886bb30799935515ffa414d7f998ba,1670500102,18,package.json,npm@9.1.0,package.json,[],projects/govuk-frontend/repo
af91aae868d86f149952ed8736d13193753deaa7,1670500592,18,package.json,npm@9.1.0,package.json,[],projects/govuk-frontend/repo
8fd93155f03ea235f7fe89ddec2dcc01ecc00b15,1670578720,18,package.json,npm@9.1.0,package.json,[],projects/govuk-frontend/repo
05ed7c9cfd95611905464f414603101e3bc47f60,1670582149,18,package.json,npm@9.1.0,package.json,[],projects/govuk-frontend/repo
67c99f6c7401de6831cfc172700baec676a03167,1670586391,18,package.json,npm@9.1.0,package.json,[],projects/govuk-frontend/repo
d92a05aeea22236c00760feb5289f450ab9035c6,1670586813,18,package.json,npm@9.1.0,package.json,[],projects/govuk-frontend/repo
d69e3bfedd1ce8dbbbceaa0c21ca51ded71032f0,1670835671,18,package.json,npm@9.1.0,package.json,[],projects/govuk-frontend/repo
5c1904f15c797021096327a18cb6284824519433,1670835702,18,package.json,npm@9.1.0,package.json,[],projects/govuk-frontend/repo
7792ba816f8283a43d2242f94530b93671b5ad78,1670835723,18,package.json,npm@9.1.0,package.json,[],projects/govuk-frontend/repo
10e72ae8669b994d9fe5430bdf2950c36b380dd9,1670839464,18,package.json,npm@9.1.0,package.json,[],projects/govuk-frontend/repo
e270b50004f9ae69914fe1994ae64363bcd8b4d3,1670842355,18,package.json,npm@9.1.0,package.json,[],projects/govuk-frontend/repo
98a13ab5538f75de3b8747893540a0602355813e,1670842861,18,package.json,npm@9.1.0,package.json,[],projects/govuk-frontend/repo
68c6b41dea4029d0c0462cefc4541e97465f6355,1670842951,18,package.json,npm@9.1.0,package.json,[],projects/govuk-frontend/repo
16ed95d9c00242f8344b22153434f79750090e89,1670843767,18,package.json,npm@9.1.0,package.json,[],projects/govuk-frontend/repo
f633a0b5ff19404466b6fede6e97c150adc2f430,1670843789,18,package.json,npm@9.1.0,package.json,[],projects/govuk-frontend/repo
599abf62c3a7c271989929195b0df2f324276cfc,1670849731,18,package.json,npm@9.1.0,package.json,[],projects/govuk-frontend/repo
523823e7f774c9a66e2aaa9f870600dcb0a8d194,1670852035,18,package.json,npm@9.1.0,package.json,[],projects/govuk-frontend/repo
9dacf136e9f48801cf3a33f0353362ca6122535c,1670852036,18,package.json,npm@9.1.0,package.json,[],projects/govuk-frontend/repo
84e7049eaafe0fce09a46006f0eeab9e37ae4be0,1670852036,18,package.json,npm@9.1.0,package.json,[],projects/govuk-frontend/repo
cbb31fc8fe22db043705b3eee48341535d5346d5,1670852036,18,package.json,npm@9.1.0,package.json,[],projects/govuk-frontend/repo
8a9e006b60327366d157d2d1a5e0f5c16a428391,1670860108,18,package.json,npm@9.1.0,package.json,[],projects/govuk-frontend/repo
9e7d19d6ea2b7bcdbb3b24d6550a212da4e1a663,1670942940,18,package.json,npm@9.1.0,package.json,[],projects/govuk-frontend/repo
a44596f69ff00c2e11b18780aee122ac4d32c9fa,1671091118,18,package.json,npm@9.1.0,package.json,[],projects/govuk-frontend/repo
b43805e08c01877c196fcc2a2423446f04b78871,1671103693,18,package.json,npm@9.1.0,package.json,[],projects/govuk-frontend/repo
b509f326eabc62cdcf9cb063b20265d09f6cc39c,1671104177,18,package.json,npm@9.1.0,package.json,[],projects/govuk-frontend/repo
c891491792f314225c8b7f88473b025822117099,1671124045,18,package.json,npm@9.1.0,package.json,[],projects/govuk-frontend/repo
62f14f69f049ccf21f34612ef6845f101f1a5189,1671182965,18,package.json,npm@9.1.0,package.json,[],projects/govuk-frontend/repo
adf41a928de3e23da1eeb435cd6906a5d6a181e6,1671185587,18,package.json,npm@9.1.0,package.json,[],projects/govuk-frontend/repo
ddeeb82d9237569d0d8a2f2bf3498d78c00e47bf,1671185777,18,package.json,npm@9.1.0,package.json,[],projects/govuk-frontend/repo
b4c4a6e7049a4e34f70bcf06c2aeb28d769c1040,1671185780,18,package.json,npm@9.1.0,package.json,[],projects/govuk-frontend/repo
393145a9f47bc8d0bf3a2720f9c04e7f7c62abc9,1671187475,18,package.json,npm@9.1.0,package.json,[],projects/govuk-frontend/repo
fcc7a66176d8f1f4306d905dfde1e8776417b3b8,1671201614,18,package.json,npm@9.1.0,package.json,[],projects/govuk-frontend/repo
9616e7ee690a3dee72c9c600297c3ca1f27b59fb,1671202208,18,package.json,npm@9.1.0,package.json,[],projects/govuk-frontend/repo
0a1478e5ad71d9d94101d8ecc3d442fd082cff81,1671202310,18,package.json,npm@9.1.0,package.json,[],projects/govuk-frontend/repo
0014e4d423bb2370a7a344dae4cce17c24fa8dde,1671203018,18,package.json,npm@9.1.0,package.json,[],projects/govuk-frontend/repo
44ebe8c60fa3b8c46013d4ccbe79431f2ab73b26,1671203195,18,package.json,npm@9.1.0,package.json,[],projects/govuk-frontend/repo
56634e6052c61506610e1f789a1c93991cfb83fa,1671209193,18,package.json,npm@9.1.0,package.json,[],projects/govuk-frontend/repo
fba56916cedbaa03374e1d7f2dcfea281beb6b78,1671209193,18,package.json,npm@9.1.0,package.json,[],projects/govuk-frontend/repo
e2ba2c4469a341a915fe3e6d428a92096a9834a7,1671209785,18,package.json,npm@9.1.0,package.json,[],projects/govuk-frontend/repo
b5a143bd4df8d82e88c784f27712e260d216a9d7,1671440474,18,package.json,npm@9.1.0,package.json,[],projects/govuk-frontend/repo
eefcfaae34b2d65d544ef45a65f2dca04d2a5a9a,1671440496,18,package.json,npm@9.1.0,package.json,[],projects/govuk-frontend/repo
54260347848d822c20076d66a7409bad3889ce72,1671440523,18,package.json,npm@9.1.0,package.json,[],projects/govuk-frontend/repo
377178189d017634f34a39a106ee07a1957c08c5,1671441016,18,package.json,npm@9.1.0,package.json,[],projects/govuk-frontend/repo
caf5f90ff8c31254864712ba2d3a5dd2902db647,1671441261,18,package.json,npm@9.1.0,package.json,[],projects/govuk-frontend/repo
e1d7e3edd14b7d3da633fafb401e4abacf1142e3,1671442133,18,package.json,npm@9.1.0,package.json,[],projects/govuk-frontend/repo
5a41e34cbc2328d920eeda84e383403806495e40,1671442156,18,package.json,npm@9.1.0,package.json,[],projects/govuk-frontend/repo
8895a41d6db771017cedbb0f173938499a17fd8a,1671442184,18,package.json,npm@9.1.0,package.json,[],projects/govuk-frontend/repo
c513591066458192f3e224642ca371493df748fb,1671442230,18,package.json,npm@9.1.0,package.json,[],projects/govuk-frontend/repo
8cfafd0d5862521330e3cd437414504eaaa71e47,1671442231,18,package.json,npm@9.1.0,package.json,[],projects/govuk-frontend/repo
3e22f84f44aeaea63e16708ce4cd0491459e09c4,1671442467,18,package.json,npm@9.1.0,package.json,[],projects/govuk-frontend/repo
c1e57e74390ab27a7084f81d2320610d9c646384,1671442840,18,package.json,npm@9.1.0,package.json,[],projects/govuk-frontend/repo
28fde96d97ff18d9bdb3b6aa754f98acd177bbdd,1671470653,18,package.json,npm@9.1.0,package.json,[],projects/govuk-frontend/repo
1be87f29249c0f0fb9979b21f4fd47150c33cc7e,1671479427,18,package.json,npm@9.1.0,package.json,[],projects/govuk-frontend/repo
7db7826b06ad9242db7042b3c1ce43ed7e08aebd,1671479428,18,package.json,npm@9.1.0,package.json,[],projects/govuk-frontend/repo
eb268362c50516d0f2b2318dbd088154463ff4e5,1671479428,18,package.json,npm@9.1.0,package.json,[],projects/govuk-frontend/repo
d20a325a40a506a5c26a6a94d34309657b06598f,1671479428,18,package.json,npm@9.1.0,package.json,[],projects/govuk-frontend/repo
1300c4bfebf04ec73409fc8ee688754fb48e3214,1671479428,18,package.json,npm@9.1.0,package.json,[],projects/govuk-frontend/repo
eb905b93f182bdf8535a915af56db5a419f3fdd5,1671479428,18,package.json,npm@9.1.0,package.json,[],projects/govuk-frontend/repo
e7f1d4c8bd3d421046667b6bc6616e419598d229,1671526861,18,package.json,npm@9.1.0,package.json,[],projects/govuk-frontend/repo
6d18d4e9389343723941f0da7f29c7c06f2ab399,1671529354,18,package.json,npm@9.1.0,package.json,[],projects/govuk-frontend/repo
2a656878a14fe961dde24d763737a28d6fdb85ab,1671530629,18,package.json,npm@9.1.0,package.json,[],projects/govuk-frontend/repo
70bee4cfefc6d0bd858ae7f1cd98ea961e9edda8,1671532881,18,package.json,npm@9.1.0,package.json,[],projects/govuk-frontend/repo
68daa42f06233911b60b107d5d75d54f786b52c2,1671533032,18,package.json,npm@9.1.0,package.json,[],projects/govuk-frontend/repo
499c66467e8bd54497a455cf9ea9e99a7bdcdb75,1671542615,18,package.json,npm@9.1.0,package.json,[],projects/govuk-frontend/repo
4d4922f31a87fc4b0d01d4cb74d5c76554726a50,1671544249,18,package.json,npm@9.1.0,package.json,[],projects/govuk-frontend/repo
92df7c96fe8326e939062e377f26e854d2fa2290,1671544249,18,package.json,npm@9.1.0,package.json,[],projects/govuk-frontend/repo
37f0bcb9f4f01ef061d5d21a4e80e8822c14eb8a,1671544249,18,package.json,npm@9.1.0,package.json,[],projects/govuk-frontend/repo
55e0ac0c854b25a0bbc92226a1b7ce235d158270,1671544249,18,package.json,npm@9.1.0,package.json,[],projects/govuk-frontend/repo
0b6fe8f17763c0c0cfff7666d1afd8c0afac1bfe,1671544250,18,package.json,npm@9.1.0,package.json,[],projects/govuk-frontend/repo
7765b4ac76125d787630b9756e10a77561db9084,1671544250,18,package.json,npm@9.1.0,package.json,[],projects/govuk-frontend/repo
d2808c04a93c5e2a2dd64b38921481620dcdf231,1671544250,18,package.json,npm@9.1.0,package.json,[],projects/govuk-frontend/repo
ee794e0d9e4e25debd31c0269a24ab8868745d7d,1671546864,18,package.json,npm@9.1.0,package.json,[],projects/govuk-frontend/repo
b486e1b16ea9b6b15f9ec0c454d780072eb21b18,1671555515,18,package.json,npm@9.1.0,package.json,[],projects/govuk-frontend/repo
5980a10f02523d2030cd4e0328496abe89d229cc,1671555529,18,package.json,npm@9.1.0,package.json,[],projects/govuk-frontend/repo
26f279b75fda3f64705d1d4c8bbc1b18e4ea7b12,1671556012,18,package.json,npm@9.1.0,package.json,[],projects/govuk-frontend/repo
f7b0f1d8c9aeda715168047323eaa70de075cdb5,1671556012,18,package.json,npm@9.1.0,package.json,[],projects/govuk-frontend/repo
82d926412d33cb2a51f96692c201072f7bc9fb93,1671556012,18,package.json,npm@9.1.0,package.json,[],projects/govuk-frontend/repo
f7b1f037f679ecfa1d92b9e2a2efd58c8c8acd76,1671613293,18,package.json,npm@9.1.0,package.json,[],projects/govuk-frontend/repo
1e1d83254179b2c3c84fe6ced0b4f27124863392,1671619721,18,package.json,npm@9.1.0,package.json,[],projects/govuk-frontend/repo
a58d5e5427fb7dea31dd02659e0bc84b9979f254,1671619721,18,package.json,npm@9.1.0,package.json,[],projects/govuk-frontend/repo
85909791e8e28586d2094cdeb5d25268a13a640a,1671620546,18,package.json,npm@9.1.0,package.json,[],projects/govuk-frontend/repo
a901fbc6b21b797ce5b4bf34ac3d18b96ea4fd98,1671620995,18,package.json,npm@9.1.0,package.json,[],projects/govuk-frontend/repo
cd8ee679934b7e30a0a6a3b7345b4fcd7149dcd9,1671623214,18,package.json,npm@9.1.0,package.json,[],projects/govuk-frontend/repo
8986fb20f0a5a5023082d6e70bfe1b832505c6e0,1671627623,18,package.json,npm@9.1.0,package.json,[],projects/govuk-frontend/repo
6bfbf66f8b6dbe624b59f26fcfa9a0d09c6dbbe5,1671630245,18,package.json,npm@9.1.0,package.json,[],projects/govuk-frontend/repo
71dde86bceda773ac50f00293c4e837759214962,1671630358,18,package.json,npm@9.1.0,package.json,[],projects/govuk-frontend/repo
a930cb046de955b6a5d8f893f5f1314f2aa77228,1671634912,18,package.json,npm@9.1.0,package.json,[],projects/govuk-frontend/repo
8d10beb72c24fbc60ffc0539d039bb9953f2f3c4,1671637694,18,package.json,npm@9.1.0,package.json,[],projects/govuk-frontend/repo
2020cf25a1fa6ded197b456b955d4c3f2100189f,1671637744,18,package.json,npm@9.1.0,package.json,[],projects/govuk-frontend/repo
30083a753ed4ea5ed36a037c31300e05365f6e30,1671642155,18,package.json,npm@9.1.0,package.json,[],projects/govuk-frontend/repo
a938095c24abeaa34e500d9ecec6ed23e089be84,1671699663,18,package.json,npm@9.1.0,package.json,[],projects/govuk-frontend/repo
81e3933aa0d479904a38790ba70d526c4828ab1d,1671700313,18,package.json,npm@9.1.0,package.json,[],projects/govuk-frontend/repo
4fc37dc56e3b1ee86d421241c5c3a8ca0384aff1,1671724806,18,package.json,npm@9.1.0,package.json,[],projects/govuk-frontend/repo
050731744626c93fc121453d0c90fd0040eedc6d,1671786080,18,package.json,npm@9.1.0,package.json,[],projects/govuk-frontend/repo
4021b6129e57becf0bfe5c21d30412ccd7200f23,1671792583,18,package.json,npm@9.1.0,package.json,[],projects/govuk-frontend/repo
876746b4f9ad435a5104994e9b11ad6ab3e801df,1671792888,18,package.json,npm@9.1.0,package.json,[],projects/govuk-frontend/repo
8df33f4e1568d55fe44fdcf0c46903039880945e,1671796676,18,package.json,npm@9.1.0,package.json,[],projects/govuk-frontend/repo
5bd23662778643d1f90eab09a735c8eacd257405,1671796676,18,package.json,npm@9.1.0,package.json,[],projects/govuk-frontend/repo
4033971647ffb8fefaa33f0c7a0ee6824e641763,1671796676,18,package.json,npm@9.1.0,package.json,[],projects/govuk-frontend/repo
356a30c9f84c1b0b31d2147c9d00305e14b0b0d4,1671796677,18,package.json,npm@9.1.0,package.json,[],projects/govuk-frontend/repo
a6f0493248c60ff30ff679bbec22adaae14a02dc,1671801747,18,package.json,npm@9.1.0,package.json,[],projects/govuk-frontend/repo
91c393b417e6e3621160e4425f3fa696db59e027,1672045291,18,package.json,npm@9.1.0,package.json,[],projects/govuk-frontend/repo
aeba39acce77a985e31203a5da169285e44b1a04,1672304482,18,package.json,npm@9.1.0,package.json,[],projects/govuk-frontend/repo
d799aa7ce3faa454a2824bfdf7439307c05dcda3,1672736464,18,package.json,npm@9.1.0,package.json,[],projects/govuk-frontend/repo
80aa827efe1db535d204504a323d36b4258e33e1,1672737267,18,package.json,npm@9.1.0,package.json,[],projects/govuk-frontend/repo
467bf3088c3ef972aa2c52c6c61300d96eafb168,1672737400,18,package.json,npm@9.1.0,package.json,[],projects/govuk-frontend/repo
8c71b295a5439f86a71c1e30a009826e07bda7bb,1672737441,18,package.json,npm@9.1.0,package.json,[],projects/govuk-frontend/repo
4150961509902d480980d3ff5e900089cb3acb00,1672738322,18,package.json,npm@9.1.0,package.json,[],projects/govuk-frontend/repo
e7f4bafe0c0d1be5dc86ce02565ac8e249697d78,1672743442,18,package.json,npm@9.1.0,package.json,[],projects/govuk-frontend/repo
1e344756aded9e42da9f2876c38c70212e5a07db,1672743523,18,package.json,npm@9.1.0,package.json,[],projects/govuk-frontend/repo
fa8e18939fb70e5587eb14a5afdcdba225010d41,1672763755,18,package.json,npm@9.1.0,package.json,[],projects/govuk-frontend/repo
1aed9511cc7b15d327df186b01b29ecbb6f8f83b,1672764866,18,package.json,npm@9.1.0,package.json,[],projects/govuk-frontend/repo
e9a904f01bd1633a332d23307717912b82a61f93,1672764913,18,package.json,npm@9.1.0,package.json,[],projects/govuk-frontend/repo
d23539a93f60aa22b03845829b8ac68beb418087,1672824848,18,package.json,npm@9.1.0,package.json,[],projects/govuk-frontend/repo
ccf8a31bc69310967d4318e26b22799f63340a42,1672909301,18,package.json,npm@9.1.0,package.json,[],projects/govuk-frontend/repo
407681f4e7c347d2d10bae092f08be1afda53a0d,1672909340,18,package.json,npm@9.1.0,package.json,[],projects/govuk-frontend/repo
a879bf7f32e14366ffd7f46fa6aa1946f52d024a,1672909369,18,package.json,npm@9.1.0,package.json,[],projects/govuk-frontend/repo
3cfaa940ef703fd5375fb5d525798b74f924e7ea,1672911659,18,package.json,npm@9.1.0,package.json,[],projects/govuk-frontend/repo
a937e9403c71fb850f0e8a7a934b10e20fee8a0c,1672912533,18,package.json,npm@9.1.0,package.json,[],projects/govuk-frontend/repo
7c185253bed9497d7dbc557a13e37a03f4c072af,1672912585,18,package.json,npm@9.1.0,package.json,[],projects/govuk-frontend/repo
ceca23d47f5c402cba69d5aa37c13e0246dfa283,1672995664,18,package.json,npm@9.1.0,package.json,[],projects/govuk-frontend/repo
9805d5231e0e2e824ff4ccab6456433c19db84d0,1673001990,18,package.json,npm@9.1.0,package.json,[],projects/govuk-frontend/repo
cb769f8fc3c2b283b2b910f9032f3f51588737bf,1673254903,18,package.json,npm@9.1.0,package.json,[],projects/govuk-frontend/repo
0bc3e7a945de58c929c4b33414ccc7ce5639d742,1673254948,18,package.json,npm@9.1.0,package.json,[],projects/govuk-frontend/repo
1123166c34f8143351bdb795b78ee85ccdc2e280,1673256945,18,package.json,npm@9.1.0,package.json,[],projects/govuk-frontend/repo
22b1e7a9f9331830b69821aacbfc179f73e91759,1673256967,18,package.json,npm@9.1.0,package.json,[],projects/govuk-frontend/repo
28bc4d1252ea258f4ef9628b723a1c7758b642f0,1673272277,18,package.json,npm@9.1.0,package.json,[],projects/govuk-frontend/repo
e937fcb6ddcb6fe133471b4906b4265f324a4007,1673272295,18,package.json,npm@9.1.0,package.json,[],projects/govuk-frontend/repo
a71d42aa23553c2399129e03f280277af5b6a58d,1673279388,18,package.json,npm@9.1.0,package.json,[],projects/govuk-frontend/repo
f10ad301b49c326f05af278c32d7bce737725353,1673280648,18,package.json,npm@9.1.0,package.json,[],projects/govuk-frontend/repo
340b4a962bcec845de7006d599fd29379a95ac84,1673280648,18,package.json,npm@9.1.0,package.json,[],projects/govuk-frontend/repo
ecca61d4934c567338c8700043e4f2e01436a7d9,1673280677,18,package.json,npm@9.1.0,package.json,[],projects/govuk-frontend/repo
95fe11461169c9b9fad0de73bf13baf26f170845,1673341307,18,package.json,npm@9.1.0,package.json,[],projects/govuk-frontend/repo
92af3754eb6117efebbb5c1ab22366d7ceefe831,1673344279,18,package.json,npm@9.1.0,package.json,[],projects/govuk-frontend/repo
86a9e0e9ba56f56d2f6b05f4078e84caf9f60bf5,1673346237,18,package.json,npm@9.1.0,package.json,[],projects/govuk-frontend/repo
3a65e06806255e320caa5c4c98e531a8941e9cb0,1673349642,18,package.json,npm@9.1.0,package.json,[],projects/govuk-frontend/repo
4ebf494f91059e49e49407025c5073e5781de17f,1673427699,18,package.json,npm@9.1.0,package.json,[],projects/govuk-frontend/repo
eaf75db5d2f4c0e11bbdca7d166110ce3e5d92a9,1673448123,18,package.json,npm@9.1.0,package.json,[],projects/govuk-frontend/repo
e5a489072c999e8c8575644b1ddf88b0ba0234f6,1673448467,18,package.json,npm@9.1.0,package.json,[],projects/govuk-frontend/repo
db2bd73412d8233e3ae12aa1366f29fbee44b439,1673451621,18,package.json,npm@9.1.0,package.json,[],projects/govuk-frontend/repo
e4af2c4efefb652c0745534f345f61ad53a0135d,1673457106,18,package.json,npm@9.1.0,package.json,[],projects/govuk-frontend/repo
b09ea90c9be5673c04aad4dd9bc415d022f09d47,1673457386,18,package.json,npm@9.1.0,package.json,[],projects/govuk-frontend/repo
6ea0331acd8d353f72dcc0e625a41d6cdcbc8711,1673459792,18,package.json,npm@9.1.0,package.json,[],projects/govuk-frontend/repo
00d3522f7b54f4577519c433662cb8a7451b4b0f,1673460093,18,package.json,npm@9.1.0,package.json,[],projects/govuk-frontend/repo
92a7619d374826ecb2ad88ee3e9218060b4eb655,1673514182,18,package.json,npm@9.1.0,package.json,[],projects/govuk-frontend/repo
6ee05d0f003829c9636c673cd1378844bf07ea5b,1673520859,18,package.json,npm@9.1.0,package.json,[],projects/govuk-frontend/repo
1bdb3541f7ab28d6c8dbc454657845c5f72a147d,1673520956,18,package.json,npm@9.1.0,package.json,[],projects/govuk-frontend/repo
3d3cdb6b4b6c4033281d11f0fd5a65ce10bb1b2a,1673521280,18,package.json,npm@9.1.0,package.json,[],projects/govuk-frontend/repo
ee70c986597a753488f8987cb18f4391249270e1,1673521385,18,package.json,npm@9.1.0,package.json,[],projects/govuk-frontend/repo
4130f008551787659a28bea0ce6b29b7194449bd,1673523988,18,package.json,npm@9.1.0,package.json,[],projects/govuk-frontend/repo
06f5561d0015a6e3aad3aa1e2d14ccb97c4112b1,1673525659,18,package.json,npm@9.1.0,package.json,[],projects/govuk-frontend/repo
9ff063304d870ab1c056f41a49ee8653b17b5cad,1673526257,18,package.json,npm@9.1.0,package.json,[],projects/govuk-frontend/repo
4ec8c2392df8551ca35770e708b3dd35fbbdebdd,1673526342,18,package.json,npm@9.1.0,package.json,[],projects/govuk-frontend/repo
9e90e432e11c61c16001c4a1945745cc1103b80c,1673529932,18,package.json,npm@9.1.0,package.json,[],projects/govuk-frontend/repo
63cc49f19114ac1f249bad35500ab41094f27af7,1673601726,18,package.json,npm@9.1.0,package.json,[],projects/govuk-frontend/repo
a404b9bdebb154d8613c3420e5e64bca2c9e8044,1673859804,18,package.json,npm@9.1.0,package.json,[],projects/govuk-frontend/repo
bdc0e40bb2e93e260235519398570b6eeac89bc2,1673859842,18,package.json,npm@9.1.0,package.json,[],projects/govuk-frontend/repo
daeba3ce3f88207b41d0940358101361dd69cd51,1673859884,18,package.json,npm@9.1.0,package.json,[],projects/govuk-frontend/repo
a39b77f577550fc3ad1c146f1ff0e52c88de1e8b,1673867946,18,package.json,npm@9.1.0,package.json,[],projects/govuk-frontend/repo
e8a7bac0b0e13d445ff087bd1e7279603bf9bea8,1673870960,18,package.json,npm@9.1.0,package.json,[],projects/govuk-frontend/repo
d3bd0faf542d0a6674a5ba0bffc2c336cba89b50,1673871380,18,package.json,npm@9.1.0,package.json,[],projects/govuk-frontend/repo
9d7d5e5576daba9aa47fb9382e2bb8b7e162d32d,1673871470,18,package.json,npm@9.1.0,package.json,[],projects/govuk-frontend/repo
154a03cc97b12fa0db62f07c4484c65354a6f3d9,1673871534,18,package.json,npm@9.1.0,package.json,[],projects/govuk-frontend/repo
f66b07b01b2f372074e9029dacd3c640d10b994e,1673872920,18,package.json,npm@9.1.0,package.json,[],projects/govuk-frontend/repo
8676272ce70d3c61390e2e45086eac52f54b14b6,1673873372,18,package.json,npm@9.1.0,package.json,[],projects/govuk-frontend/repo
db79b4a832fca163e0d532e8240e95d14b5c46a1,1673874096,18,package.json,npm@9.1.0,package.json,[],projects/govuk-frontend/repo
6280b88713b85ed28ebb58c80e5169fb3b3738fc,1673874197,18,package.json,npm@9.1.0,package.json,[],projects/govuk-frontend/repo
3d4b85f3e623f9f7d5acb50e177568657457d849,1673874761,18,package.json,npm@9.1.0,package.json,[],projects/govuk-frontend/repo
04a66698d3fb53f8bafb2fb7b663af3e13bef55a,1673874762,18,package.json,npm@9.1.0,package.json,[],projects/govuk-frontend/repo
c5fc0e39a70fada4ec527f912ea6fb86aad71150,1673885128,18,package.json,npm@9.1.0,package.json,[],projects/govuk-frontend/repo
03db1f52ee0390039ebe3ae25b5fbbe23bc25d6f,1673946102,18,package.json,npm@9.1.0,package.json,[],projects/govuk-frontend/repo
52e5815b5b4472da90bbaa773fea3f9ca6785b26,1673946164,18,package.json,npm@9.1.0,package.json,[],projects/govuk-frontend/repo
b1be4a0197853d6920c290d54fc7ed6f8ef95cfb,1673948041,18,package.json,npm@9.1.0,package.json,[],projects/govuk-frontend/repo
18bf7735fcbf80969de919cee69247c50c6d67f4,1673948181,18,package.json,npm@9.1.0,package.json,[],projects/govuk-frontend/repo
995072e49709b92ec0906d550de7f7a0be17e604,1673950089,18,package.json,npm@9.1.0,package.json,[],projects/govuk-frontend/repo
922aeca753a4ef20d9ca98c5960f03ce3a324c0e,1673950089,18,package.json,npm@9.1.0,package.json,[],projects/govuk-frontend/repo
6410bd0dcd573c1ade18d6d30699615ee5ff3745,1673951260,18,package.json,npm@9.1.0,package.json,[],projects/govuk-frontend/repo
c7be1e3828d974d21d042e2aab4b2874bce1c51c,1673975239,18,package.json,npm@9.1.0,package.json,[],projects/govuk-frontend/repo
28bfb3bf8ac9180143fb433e00baccc4e9ce3826,1673977201,18,package.json,npm@9.1.0,package.json,[],projects/govuk-frontend/repo
abe215a81a35bc4ff03a130b216265cc9fe37e67,1673977205,18,package.json,npm@9.1.0,package.json,[],projects/govuk-frontend/repo
eb107d3bff3cae597c18eb2bae5460837124858d,1674032483,18,package.json,npm@9.1.0,package.json,[],projects/govuk-frontend/repo
f9eb7255ba23ba12d5f452bf4407f470f3cb40b0,1674034481,18,package.json,npm@9.1.0,package.json,[],projects/govuk-frontend/repo
8850e53c6f852117bf3a8e32fa883e8f629f659f,1674035054,18,package.json,npm@9.1.0,package.json,[],projects/govuk-frontend/repo
accc7612cecedd850d77847e9805b4bbae0e947a,1674041145,18,package.json,npm@9.1.0,package.json,[],projects/govuk-frontend/repo
d2dab9c2d3eb0b260b205314c1bec60e0dc2cb45,1674059456,18,package.json,npm@9.1.0,package.json,[],projects/govuk-frontend/repo
262522070248e75ba7815ac6e7a6b147e42fbe96,1674060322,18,package.json,npm@9.1.0,package.json,[],projects/govuk-frontend/repo
6f7e1d68acd55711c1fa793a007f6e447fa0c377,1674067968,18,package.json,npm@9.1.0,package.json,[],projects/govuk-frontend/repo
6c624b0b73ca1bc1c6ff68605c7df7009c44574c,1674118902,18,package.json,npm@9.1.0,package.json,[],projects/govuk-frontend/repo
d25c6de93e2dff4d98031b159294a98c3a711988,1674121441,18,package.json,npm@9.1.0,package.json,[],projects/govuk-frontend/repo
730f3fde1098e85c830e26022d40c76ad4db1c99,1674124390,18,package.json,npm@9.1.0,package.json,[],projects/govuk-frontend/repo
6fd00c401800a31ddc673bff817f72214ae4ec25,1674127562,18,package.json,npm@9.1.0,package.json,[],projects/govuk-frontend/repo
e37f173e3da5267535d7734eb7c8b68030bb514f,1674127562,18,package.json,npm@9.1.0,package.json,[],projects/govuk-frontend/repo
d5903b3a52a1518606124698777841925e254f97,1674127589,18,package.json,npm@9.1.0,package.json,[],projects/govuk-frontend/repo
650fe79ced36d9922fe0a9cd6f8e369daa748faf,1674127821,18,package.json,npm@9.1.0,package.json,[],projects/govuk-frontend/repo
8f6734f72becf3f8b324f6b9075f7605a6449050,1674129306,18,package.json,npm@9.1.0,package.json,[],projects/govuk-frontend/repo
2d4e1dcc18b39e0c0f99a296a25b477ff354fe22,1674148155,18,package.json,npm@9.1.0,package.json,[],projects/govuk-frontend/repo
6c6748777981397bb720d2d5735037c86772e6f3,1674205290,18,package.json,npm@9.1.0,package.json,[],projects/govuk-frontend/repo
b8d40cc71bb3ef4f728097bd3cacd76733a9e6bb,1674214123,18,package.json,npm@9.1.0,package.json,[],projects/govuk-frontend/repo
c433caec104ba010ff16296aad17efd16bf3dc3b,1674464486,18,package.json,npm@9.1.0,package.json,[],projects/govuk-frontend/repo
42a955ee0c7b768980b48f1f5cdd2bfbc290be3f,1674464548,18,package.json,npm@9.1.0,package.json,[],projects/govuk-frontend/repo
f9ed71b87b9a5340cbd05c3b6b2841c3b7573ac2,1674466911,18,package.json,npm@9.1.0,package.json,[],projects/govuk-frontend/repo
bf1ceba875961ea47a67cb0894e9e6efcf164ac6,1674467009,18,package.json,npm@9.1.0,package.json,[],projects/govuk-frontend/repo
744c8b8000d644b585c14075255c7990126d2960,1674467907,18,package.json,npm@9.1.0,package.json,[],projects/govuk-frontend/repo
0fc3703648f456a0c4e493d15f3316946b4795cb,1674474188,18,package.json,npm@9.1.0,package.json,[],projects/govuk-frontend/repo
8aa4778f0ab66b9e40ece5e6e4f95f493307856e,1674486869,18,package.json,npm@9.1.0,package.json,[],projects/govuk-frontend/repo
8485c8508b264ea78f275f2e987694efe1c2bb52,1674550905,18,package.json,npm@9.1.0,package.json,[],projects/govuk-frontend/repo
456fb822db15783a60079776a49a3ec54902838c,1674554090,18,package.json,npm@9.1.0,package.json,[],projects/govuk-frontend/repo
1a1662ca2d9ad701fdc14f1c0cfac36ddf2af0d1,1674572778,18,package.json,npm@9.1.0,package.json,[],projects/govuk-frontend/repo
e54736243b9fee769f387699eab1421465e8248e,1674572778,18,package.json,npm@9.1.0,package.json,[],projects/govuk-frontend/repo
6a69658dc56515a7000d6b4c7b0ba101cca7ad7b,1674572778,18,package.json,npm@9.1.0,package.json,[],projects/govuk-frontend/repo
8529dba0dbba7b90d56b1bfcb6cd41431223a0c6,1674573535,18,package.json,npm@9.1.0,package.json,[],projects/govuk-frontend/repo
6af472b75ea791d136ffb4e1d6f691df0d61f938,1674637437,18,package.json,npm@9.1.0,package.json,[],projects/govuk-frontend/repo
e48bd313916f829ce012f01e5bb39ae20f7dd242,1674641059,18,package.json,npm@9.1.0,package.json,[],projects/govuk-frontend/repo
41a1d2ed9ffaa95268ccf5889fdb200df6ce6cc4,1674641117,18,package.json,npm@9.1.0,package.json,[],projects/govuk-frontend/repo
c0568e6cb523f58a133ea550941853aa84cca2ef,1674641243,18,package.json,npm@9.1.0,package.json,[],projects/govuk-frontend/repo
fb97e8b578b8645a882eb143aff33a901574b71b,1674646128,18,package.json,npm@9.1.0,package.json,[],projects/govuk-frontend/repo
853403db206aa2fad1daef33e517bdc1c4a61d9a,1674725969,18,package.json,npm@9.1.0,package.json,[],projects/govuk-frontend/repo
74772ddd50eb9db5624970f93835133bd14007ee,1674810488,18,package.json,npm@9.1.0,package.json,[],projects/govuk-frontend/repo
4da28fa518876d02123c025aa7e5956605d14c93,1674813836,18,package.json,npm@9.1.0,package.json,[],projects/govuk-frontend/repo
2cc6d1597c8d39e251f92c80751ad1047397a0b4,1674814366,18,package.json,npm@9.1.0,package.json,[],projects/govuk-frontend/repo
54180bce53c7127103e7ac9f810ed03fdb307004,1674814400,18,package.json,npm@9.1.0,package.json,[],projects/govuk-frontend/repo
175c43536ad1f399e6fe99ab31567523f6b5886d,1674818273,18,package.json,npm@9.1.0,package.json,[],projects/govuk-frontend/repo
5aeca7415e6ac974c4cf74011c05ce8fb6db6fcf,1674820347,18,package.json,npm@9.1.0,package.json,[],projects/govuk-frontend/repo
09d774c6a88c7576b24a51e50682e2c74ecbfffb,1675083856,18,package.json,npm@9.1.0,package.json,[],projects/govuk-frontend/repo
8c27694b35e8d34bae94bbe40c6bf082191689be,1675083990,18,package.json,npm@9.1.0,package.json,[],projects/govuk-frontend/repo
31703e2c058ff7569f187c0e158cf812cc329b40,1675083990,18,package.json,npm@9.1.0,package.json,[],projects/govuk-frontend/repo
193646771b2f89c0f9171f0b01696a55f16e9df3,1675085031,18,package.json,npm@9.1.0,package.json,[],projects/govuk-frontend/repo
7428ab3dd9143d888a04cc83edcbba1add0b4942,1675085179,18,package.json,npm@9.1.0,package.json,[],projects/govuk-frontend/repo
6135a2ac752259b8485b7412e86aa78c774a0196,1675086460,18,package.json,npm@9.1.0,package.json,[],projects/govuk-frontend/repo
947005f74553821202bb5a0900876144cf3eebef,1675094027,18,package.json,npm@9.1.0,package.json,[],projects/govuk-frontend/repo
c343aa829d0420390de57e011c2c53ef1ceabab6,1675111097,18,package.json,npm@9.1.0,package.json,[],projects/govuk-frontend/repo
3e0ba21998c2c2660464b8d028feac696f74b769,1675155696,18,package.json,npm@9.1.0,package.json,[],projects/govuk-frontend/repo
86b8b25c7762cd8e4386d51117d0d50f3122b648,1675156724,18,package.json,npm@9.1.0,package.json,[],projects/govuk-frontend/repo
5bc602a85e6f7b890c93d989575996475cecacec,1675166157,18,package.json,npm@9.1.0,package.json,[],projects/govuk-frontend/repo
d208b01b3c11bd04f534e465b6ece87089029a80,1675167212,18,package.json,npm@9.1.0,package.json,[],projects/govuk-frontend/repo
399311381f9bb59770d1d16878284ed6aa62fa28,1675177981,18,package.json,npm@9.1.0,package.json,[],projects/govuk-frontend/repo
3e135a8455be28fc78b7f380636cbaa8094fad7a,1675242129,18,package.json,npm@9.1.0,package.json,[],projects/govuk-frontend/repo
615dbbb5c00db446daa2a515a42e967650e820e2,1675242197,18,package.json,npm@9.1.0,package.json,[],projects/govuk-frontend/repo
0055ae87f3420a272ef64f52c252e48677d56612,1675328511,18,package.json,npm@9.1.0,package.json,[],projects/govuk-frontend/repo
286342bb0ef2e0519ba50cd21198652e0fa684ef,1675328586,18,package.json,npm@9.1.0,package.json,[],projects/govuk-frontend/repo
6cafa16daf5d41d063889ac446aec77c320c70fb,1675328663,18,package.json,npm@9.1.0,package.json,[],projects/govuk-frontend/repo
1e297e1a59e718bcf970c08a073932cf178cc7bf,1675330217,18,package.json,npm@9.1.0,package.json,[],projects/govuk-frontend/repo
5ae38e0cc5ce820393db7f23314644c92d41960d,1675330315,18,package.json,npm@9.1.0,package.json,[],projects/govuk-frontend/repo
838fd03c7e33e4bbd6871296a870ce7d7c86dd15,1675330325,18,package.json,npm@9.1.0,package.json,[],projects/govuk-frontend/repo
dcdb3f4c2f1a98ca79f7fe7bb628a5060a9ff173,1675330385,18,package.json,npm@9.1.0,package.json,[],projects/govuk-frontend/repo
b800040251fa927870886b30b879560a7dc3e748,1675330933,18,package.json,npm@9.1.0,package.json,[],projects/govuk-frontend/repo
2c3ffe5a89bcf5bc2fbb283542780855975e0348,1675331388,18,package.json,npm@9.1.0,package.json,[],projects/govuk-frontend/repo
57f6eacba6bf9a5376ef988f88a1ebbd8111b35b,1675331405,18,package.json,npm@9.1.0,package.json,[],projects/govuk-frontend/repo
cf70160c3edc7ad8f188501b417779de43490634,1675674093,18,package.json,npm@9.1.0,package.json,[],projects/govuk-frontend/repo
a6a571f79728247e4824fe72fb6978d1b5040654,1675674234,18,package.json,npm@9.1.0,package.json,[],projects/govuk-frontend/repo
fd34250923db31e7587b1199640fa52a8806ab04,1675676041,18,package.json,npm@9.1.0,package.json,[],projects/govuk-frontend/repo
62693fa8d5109fa362261bc1c0048686df91c50d,1675677527,18,package.json,npm@9.1.0,package.json,[],projects/govuk-frontend/repo
d449a56fed41c6a29b91e00389f3d70256ba7b4d,1675677622,18,package.json,npm@9.1.0,package.json,[],projects/govuk-frontend/repo
394c67abdd06895a7d05f70f5fc0dd549d178790,1675679747,18,package.json,npm@9.1.0,package.json,[],projects/govuk-frontend/repo
01a3a3373aa35501ddfd64a5d10850b8bebf64a7,1675701789,18,package.json,npm@9.1.0,package.json,[],projects/govuk-frontend/repo
27deff0c7bd9c1461d56b61a5b1abcee14fac439,1675703579,18,package.json,npm@9.1.0,package.json,[],projects/govuk-frontend/repo
5f3cc7a583c9edc7f9d5d0d7140932bd7edaf8f6,1675703580,18,package.json,npm@9.1.0,package.json,[],projects/govuk-frontend/repo
d48170062016e559cf905644ed5b8eb4a1e65cb7,1675703580,18,package.json,npm@9.1.0,package.json,[],projects/govuk-frontend/repo
d68b694c1a307a0ca292ca89a3299e1d6ee10c00,1675703580,18,package.json,npm@9.1.0,package.json,[],projects/govuk-frontend/repo
b694c4b72ed479e07b1e52cfdfbcc32eabba8b5f,1675703580,18,package.json,npm@9.1.0,package.json,[],projects/govuk-frontend/repo
503e04fd9ed6c3b1551ad4389671202e85bc614b,1675703580,18,package.json,npm@9.1.0,package.json,[],projects/govuk-frontend/repo
247d086c7157477596b26f99cdc117ff0e63efd7,1675703581,18,package.json,npm@9.1.0,package.json,[],projects/govuk-frontend/repo
d085607f72f5e0b6cfeffab4dcf0bdea82a70c46,1675703581,18,package.json,npm@9.1.0,package.json,[],projects/govuk-frontend/repo
be9aca78bb60dd88335b45df5f9f65f7b1cebefb,1675703581,18,package.json,npm@9.1.0,package.json,[],projects/govuk-frontend/repo
149b1330ffc0f40c62f3274304de2a32687eb440,1675703581,18,package.json,npm@9.1.0,package.json,[],projects/govuk-frontend/repo
4d6762bee7abbda7e2f9625acf350fdafb5c3151,1675703771,18,package.json,npm@9.1.0,package.json,[],projects/govuk-frontend/repo
c418bbea308b94454e8f10057445c9dd4377b8e4,1675703789,18,package.json,npm@9.1.0,package.json,[],projects/govuk-frontend/repo
0718c67a26694f8d6254a9c8a65317ad24c74496,1675703790,18,package.json,npm@9.1.0,package.json,[],projects/govuk-frontend/repo
478f642cf76363694d57c20b1c71d7ed72d53c8a,1675703790,18,package.json,npm@9.1.0,package.json,[],projects/govuk-frontend/repo
0663ab3373736943e1b29fcf95473205ec382d17,1675703790,18,package.json,npm@9.1.0,package.json,[],projects/govuk-frontend/repo
448355f2d55de80046bc65c87be4dd8b568a9e9a,1675704352,18,package.json,npm@9.1.0,package.json,[],projects/govuk-frontend/repo
a323c918fe6ec49eeec3fa8e7fcd9aa9a3dc7c0f,1675704842,18,package.json,npm@9.1.0,package.json,[],projects/govuk-frontend/repo
375a55eb4977ddb0dbd26bdf432fa5d265fc3555,1675706931,18,package.json,npm@9.1.0,package.json,[],projects/govuk-frontend/repo
eba5e5d30585b948c50ac93c91eff5578959ce23,1675706932,18,package.json,npm@9.1.0,package.json,[],projects/govuk-frontend/repo
54d4f754c2eecde7441ad96a0d1d7a2093337c3c,1675706932,18,package.json,npm@9.1.0,package.json,[],projects/govuk-frontend/repo
1ae2bf648d41d4ff10116478bccc990e31103de3,1675706964,18,package.json,npm@9.1.0,package.json,[],projects/govuk-frontend/repo
d67642546d852a27c594cf2a05c78c6ed14d3648,1675709299,18,package.json,npm@9.1.0,package.json,[],projects/govuk-frontend/repo
38d8d14dcbcfe9112556682c3417cb9081ff51de,1675711805,18,package.json,npm@9.1.0,package.json,[],projects/govuk-frontend/repo
4fcba78436936244b410aadc5e1d5eae32fdfb1b,1675712220,18,package.json,npm@9.1.0,package.json,[],projects/govuk-frontend/repo
a80adf05c015b9a431ebfe837e76bef98982e049,1675714591,18,package.json,npm@9.1.0,package.json,[],projects/govuk-frontend/repo
5dce626e87f26dfbac762ff3e6a9181717e416b2,1675714591,18,package.json,npm@9.1.0,package.json,[],projects/govuk-frontend/repo
fa58360a991faec692ab45cea2d570e1b7161543,1675714591,18,package.json,npm@9.1.0,package.json,[],projects/govuk-frontend/repo
1ce60e6cfd02882ed639f6cc2ab1ce9cf66a7a06,1675714592,18,package.json,npm@9.1.0,package.json,[],projects/govuk-frontend/repo
ce9c99e8e5f17c57acf349d0505ac9566bd4dbf9,1675714592,18,package.json,npm@9.1.0,package.json,[],projects/govuk-frontend/repo
54835098ac773df3526f44d119ab7ee77c8538fa,1675760509,18,package.json,npm@9.1.0,package.json,[],projects/govuk-frontend/repo
8faf62ed1647388ce8fc8083da61364827bcf55d,1675761489,18,package.json,npm@9.1.0,package.json,[],projects/govuk-frontend/repo
3d82f01d7dabcc44a5671c25271b095295b90ca1,1675762072,18,package.json,npm@9.1.0,package.json,[],projects/govuk-frontend/repo
dbc1eea9f6aa585229880f4239e22bba76078f52,1675762316,18,package.json,npm@9.1.0,package.json,[],projects/govuk-frontend/repo
c6652322be81a9d29524523f7f3d6856207f2d11,1675762608,18,package.json,npm@9.1.0,package.json,[],projects/govuk-frontend/repo
2427abb1927317aca419be6876959b53f64e41b3,1675763376,18,package.json,npm@9.1.0,package.json,[],projects/govuk-frontend/repo
bab964edfb09000da1aad9620f3248e978ed5d0e,1675847010,18,package.json,npm@9.1.0,package.json,[],projects/govuk-frontend/repo
7c8dee607fda39e65e8a60205a4af5084fd56472,1675847876,18,package.json,npm@9.1.0,package.json,[],projects/govuk-frontend/repo
e14fbab2caceb8ed22ebd0067bef948ba1c8726d,1675847914,18,package.json,npm@9.1.0,package.json,[],projects/govuk-frontend/repo
be842834e9dd5c6bf81327206feb84c60d6e4390,1675848265,18,package.json,npm@9.1.0,package.json,[],projects/govuk-frontend/repo
a6572a5b36f905c5beda1b5a63d0d3c81de93e08,1675848698,18,package.json,npm@9.1.0,package.json,[],projects/govuk-frontend/repo
214efc407493cfa537af45b1a3dae624da11e189,1675852651,18,package.json,npm@9.1.0,package.json,[],projects/govuk-frontend/repo
5331f6339be71af85cf87c652c06538da1a7f41a,1675899088,18,package.json,npm@9.1.0,package.json,[],projects/govuk-frontend/repo
9a4a087d808bbf923e7b963968018ff4d1e69e72,1675933363,18,package.json,npm@9.1.0,package.json,[],projects/govuk-frontend/repo
64351a7fd18221fb8b17e43c7c0fea79c4b45504,1675941168,18,package.json,npm@9.1.0,package.json,[],projects/govuk-frontend/repo
bd7bb549c92744f92a98990d1f66c2cbc21f2461,1675941169,18,package.json,npm@9.1.0,package.json,[],projects/govuk-frontend/repo
525ed614ea534e288f523337bb35c1f988e9043b,1675941169,18,package.json,npm@9.1.0,package.json,[],projects/govuk-frontend/repo
735eb7d5c6a3e0512d3489e9b7d4d94716dd82a5,1675943550,18,package.json,npm@9.1.0,package.json,[],projects/govuk-frontend/repo
fc2e1ceb3df34d8ae98bdc66d65b82208811a6ac,1675947675,18,package.json,npm@9.1.0,package.json,[],projects/govuk-frontend/repo
b901c121c12e8eb90dc1c3345ab71cc7c616f107,1675947757,18,package.json,npm@9.1.0,package.json,[],projects/govuk-frontend/repo
d0e4e859ca88bc7edb0ecb932b7db64e433ac371,1675947768,18,package.json,npm@9.1.0,package.json,[],projects/govuk-frontend/repo
af60d39a4c554a7fd81961b2bfc1eabf20c9ce13,1675947780,18,package.json,npm@9.1.0,package.json,[],projects/govuk-frontend/repo
64928fa576938dc4c21cb2a883258065c2546b3b,1675947790,18,package.json,npm@9.1.0,package.json,[],projects/govuk-frontend/repo
8620a4f203ead0458585ec525fca7fa2311d9ba3,1675948312,18,package.json,npm@9.1.0,package.json,[],projects/govuk-frontend/repo
b87133a5d7c0da5aad46710cf879b7a3083e3d5b,1675949353,18,package.json,npm@9.1.0,package.json,[],projects/govuk-frontend/repo
effef6fa85fad94018ed51c79fb63bc444c5013c,1675953484,18,package.json,npm@9.1.0,package.json,[],projects/govuk-frontend/repo
5c134f9252913b11bc2a43e20dce7e53a5ac078b,1676021119,18,package.json,npm@9.1.0,package.json,[],projects/govuk-frontend/repo
7565ff383bd3719de12d402f1ca78dae53bc1d85,1676021119,18,package.json,npm@9.1.0,package.json,[],projects/govuk-frontend/repo
0d8c0d6dccf3510442fe1188d187a964f85c186d,1676021119,18,package.json,npm@9.1.0,package.json,[],projects/govuk-frontend/repo
e807f30bdea37fcd4d8309cb18045217093a679c,1676023111,18,package.json,npm@9.1.0,package.json,[],projects/govuk-frontend/repo
916e3d97a98ae175dbfe2bbf166fe453fc01d66e,1676023603,18,package.json,npm@9.1.0,package.json,[],projects/govuk-frontend/repo
53e0b27f5603244ce8efd53916231f0b109c3330,1676024916,18,package.json,npm@9.1.0,package.json,[],projects/govuk-frontend/repo
418b3fff832e337688615537311bb16842fd56a9,1676028074,18,package.json,npm@9.1.0,package.json,[],projects/govuk-frontend/repo
99db4f541ab1d248c47b81002515a555e5979fb4,1676029586,18,package.json,npm@9.1.0,package.json,[],projects/govuk-frontend/repo
3537c60f8e05a1f566c14a242e7e97ba6c3fd2a9,1676029586,18,package.json,npm@9.1.0,package.json,[],projects/govuk-frontend/repo
fc789de730592d627ea7fdbd829d96db55fbc4ac,1676029587,18,package.json,npm@9.1.0,package.json,[],projects/govuk-frontend/repo
8b6aea469e6644a6ba02b1d3739c5f8a2a3b3c50,1676029587,18,package.json,npm@9.1.0,package.json,[],projects/govuk-frontend/repo
f3064a1b159689c5305c3d8fb9a563b063dba79a,1676029738,18,package.json,npm@9.1.0,package.json,[],projects/govuk-frontend/repo
31f7f0671190042a59048a6313de88d95319e01d,1676030187,18,package.json,npm@9.1.0,package.json,[],projects/govuk-frontend/repo
cb43f013a3568e1ca9c047da2243afbb1fccc6e8,1676030187,18,package.json,npm@9.1.0,package.json,[],projects/govuk-frontend/repo
197b74b5d376be903ec24e1660e5bc38af456a1f,1676030188,18,package.json,npm@9.1.0,package.json,[],projects/govuk-frontend/repo
f2c39f060bab221f3ae42dc8c123c2bdcb892e5d,1676030231,18,package.json,npm@9.1.0,package.json,[],projects/govuk-frontend/repo
67f43249e2d5e846ed22885da52b098003d3c376,1676030231,18,package.json,npm@9.1.0,package.json,[],projects/govuk-frontend/repo
a6ec5552a99b660398f08a1a2309efe2db2a082f,1676030231,18,package.json,npm@9.1.0,package.json,[],projects/govuk-frontend/repo
b0edefcb8573effe9670473777cbeeda68fac373,1676030231,18,package.json,npm@9.1.0,package.json,[],projects/govuk-frontend/repo
bf919f63d28340b8ad5e7022e0b70d014d384121,1676030231,18,package.json,npm@9.1.0,package.json,[],projects/govuk-frontend/repo
c2088475cf5649146aed4e3813dafccf24302bd0,1676039868,18,package.json,npm@9.1.0,package.json,[],projects/govuk-frontend/repo
40e276b536b82a397a22ae43cc04fb66df9d5612,1676040065,18,package.json,npm@9.1.0,package.json,[],projects/govuk-frontend/repo
ef040f4411cbc04a6144f0122a02e8e80a9a111e,1676040220,18,package.json,npm@9.1.0,package.json,[],projects/govuk-frontend/repo
f8367a47a21cb4ed8210213b8b0b39391a6fe40e,1676040221,18,package.json,npm@9.1.0,package.json,[],projects/govuk-frontend/repo
7b92f92bf5d6771ee172c3f1c91a1ec271e32b01,1676040221,18,package.json,npm@9.1.0,package.json,[],projects/govuk-frontend/repo
4b1a3695f2eaac3f3ef6ed8448440281a988ee38,1676040239,18,package.json,npm@9.1.0,package.json,[],projects/govuk-frontend/repo
1888414ea4967b0c6f381981e3495ba7f717e7ff,1676040239,18,package.json,npm@9.1.0,package.json,[],projects/govuk-frontend/repo
a811631ead0c032c436dbdf8a0de81cc7541a526,1676040239,18,package.json,npm@9.1.0,package.json,[],projects/govuk-frontend/repo
a3b7874281ee09c94be549c4f01f0ffd2e890b5a,1676040239,18,package.json,npm@9.1.0,package.json,[],projects/govuk-frontend/repo
6b7e4314eb72877163b3debc4a75710a47c2c876,1676040240,18,package.json,npm@9.1.0,package.json,[],projects/govuk-frontend/repo
e7cf0b2ce5b2ca6c7d76258ee7ea6b4b518c58a8,1676040240,18,package.json,npm@9.1.0,package.json,[],projects/govuk-frontend/repo
22d6ec304515ab08e88ceefc8900a8ca2dc0ce3c,1676040534,18,package.json,npm@9.1.0,package.json,[],projects/govuk-frontend/repo
8f702fdf08b57d962af3319ae84dd192e85bb85c,1676048899,18,package.json,npm@9.1.0,package.json,[],projects/govuk-frontend/repo
cabcc55525be310693a5536babc0076ea3d4f75e,1676048900,18,package.json,npm@9.1.0,package.json,[],projects/govuk-frontend/repo
c9b22a1a1b072490f6753020bb7dfa7becb2cac8,1676049459,18,package.json,npm@9.1.0,package.json,[],projects/govuk-frontend/repo
b9d5580c8907c6a25085d58e0c5f34f1712bcf84,1676281631,18,package.json,npm@9.1.0,package.json,[],projects/govuk-frontend/repo
0653f1d876fc043a701a9c65b2d6f0f6732caa3d,1676281631,18,package.json,npm@9.1.0,package.json,[],projects/govuk-frontend/repo
021f0c3585b49b4631ae9736cb167f77f3f68cb9,1676281795,18,package.json,npm@9.1.0,package.json,[],projects/govuk-frontend/repo
1f988626f5b7b084f855226a4d49d4c3f06936ac,1676281796,18,package.json,npm@9.1.0,package.json,[],projects/govuk-frontend/repo
6fdf8b4ca9ef8dacff6407442a2bb574e65bd062,1676282257,18,package.json,npm@9.1.0,package.json,[],projects/govuk-frontend/repo
964385c75c6a520255136ea5bc21611ca905487d,1676282395,18,package.json,npm@9.1.0,package.json,[],projects/govuk-frontend/repo
bb9ada52e6d77031a93837222b2152c709a59ba9,1676282500,18,package.json,npm@9.1.0,package.json,[],projects/govuk-frontend/repo
4829e7a4b3faeb45e54ed7bc4ef1a78d88418fa6,1676285052,18,package.json,npm@9.1.0,package.json,[],projects/govuk-frontend/repo
f427a208d8247ddcf06b8e0662dbfbaf7a8ddcb9,1676286292,18,package.json,npm@9.1.0,package.json,[],projects/govuk-frontend/repo
1ff4d3215103d8c5ddfc6bdd8b0846dae650ac84,1676286645,18,package.json,npm@9.1.0,package.json,[],projects/govuk-frontend/repo
e808858f3174351ef8436f4255a09cfcb8ccf0e0,1676286685,18,package.json,npm@9.1.0,package.json,[],projects/govuk-frontend/repo
33202397c227fc40b2391c01dc14154cc04e284e,1676293242,18,package.json,npm@9.1.0,package.json,[],projects/govuk-frontend/repo
d97806a4e0b50578c84bf0a67307ea856df74ece,1676293645,18,package.json,npm@9.1.0,package.json,[],projects/govuk-frontend/repo
38f3c4f87b7cc7df189d9e95d9a0ae3603cf4d8c,1676293714,18,package.json,npm@9.1.0,package.json,[],projects/govuk-frontend/repo
503e076e5d9242fd9c5a7c843dcc470a6965d24a,1676295171,18,package.json,npm@9.1.0,package.json,[],projects/govuk-frontend/repo
1179bc693aab04ee2529ea50e3302b08b05b18ab,1676368781,18,package.json,npm@9.1.0,package.json,[],projects/govuk-frontend/repo
11bb1b889c6b283d92993bb53f65e0cf6f950e7f,1676371753,18,package.json,npm@9.1.0,package.json,[],projects/govuk-frontend/repo
47ae77d79ffb2814aee9351a81e70893454d5e83,1676371841,18,package.json,npm@9.1.0,package.json,[],projects/govuk-frontend/repo
8f4eff2612ab36b4d27312f4deb60ea7fb466e90,1676371914,18,package.json,npm@9.1.0,package.json,[],projects/govuk-frontend/repo
a5694270a40aea53f4ab4b1587374ef3017c3f30,1676372562,18,package.json,npm@9.1.0,package.json,[],projects/govuk-frontend/repo
73567015209e10e0b613a9af4ee69f3d88062d6e,1676373749,18,package.json,npm@9.1.0,package.json,[],projects/govuk-frontend/repo
0cbc51bf779a51bea0bc4c4c27e4a4d88c75506b,1676373832,18,package.json,npm@9.1.0,package.json,[],projects/govuk-frontend/repo
cc99a7fc7fa60667799a997c1d25c6b3f85517e3,1676373833,18,package.json,npm@9.1.0,package.json,[],projects/govuk-frontend/repo
adfc78b3c4d25cf0e5930bdd338efe0cf408c717,1676373875,18,package.json,npm@9.1.0,package.json,[],projects/govuk-frontend/repo
a1709a05575cdcaa9fb2342afd516e1faef0512f,1676385804,18,package.json,npm@9.1.0,package.json,[],projects/govuk-frontend/repo
1e2a148a6338dbc9f7f0a9b6fa2150615ebce0da,1676385889,18,package.json,npm@9.1.0,package.json,[],projects/govuk-frontend/repo
189eee1807bd36a1aeb5ed846d68b97101bf9dd3,1676454716,18,package.json,npm@9.1.0,package.json,[],projects/govuk-frontend/repo
a268d993e587f6923189e25c1d10e340f99a3c1f,1676463302,18,package.json,npm@9.1.0,package.json,[],projects/govuk-frontend/repo
f3df841aec9a586d2b805401ada6c55f20f339d2,1676475910,18,package.json,npm@9.1.0,package.json,[],projects/govuk-frontend/repo
ad61d190290b061b72973dd4bca760f34d05c152,1676475929,18,package.json,npm@9.1.0,package.json,[],projects/govuk-frontend/repo
873bd93b50347690518fc67b0e5392f813e4389b,1676475972,18,package.json,npm@9.1.0,package.json,[],projects/govuk-frontend/repo
0e774dbdf36b573b92dd5d039d9dc480a2a893d6,1676475973,18,package.json,npm@9.1.0,package.json,[],projects/govuk-frontend/repo
575925179771f8d64ca40cc56f7cb3b950f413fe,1676476007,18,package.json,npm@9.1.0,package.json,[],projects/govuk-frontend/repo
e5d00bfecf8379e13934817e4c38811101ecdaec,1676476562,18,package.json,npm@9.1.0,package.json,[],projects/govuk-frontend/repo
cb7dd334f3d67118e07716bb52efbf571ad3950f,1676541453,18,package.json,npm@9.1.0,package.json,[],projects/govuk-frontend/repo
53f8e36d566de4ee5ec0122e2fca3f2b68e6ae55,1676541509,18,package.json,npm@9.1.0,package.json,[],projects/govuk-frontend/repo
5c58ae2cd6e4640f180c635c7520dbb4fa0d8819,1676541592,18,package.json,npm@9.1.0,package.json,[],projects/govuk-frontend/repo
9cde978d0c1be660c0d2d238d8851148e255d9ea,1676541683,18,package.json,npm@9.1.0,package.json,[],projects/govuk-frontend/repo
ecbb3331822c23952ebecd046b12c5e77f4d441f,1676554973,18,package.json,npm@9.1.0,package.json,[],projects/govuk-frontend/repo
8b493538a644a68c0916c656c624c0a352ff6e7c,1676555835,18,package.json,npm@9.1.0,package.json,[],projects/govuk-frontend/repo
12729a308503b1b6e16ea531d6d7ca9266688009,1676559514,18,package.json,npm@9.1.0,package.json,[],projects/govuk-frontend/repo
7005fd7cabe146e9b3ec0aadbff38d2af4b440fe,1676561471,18,package.json,npm@9.1.0,package.json,[],projects/govuk-frontend/repo
d27153e89f65cc2628868f64e8496f8e8da92599,1676561512,18,package.json,npm@9.1.0,package.json,[],projects/govuk-frontend/repo
1e164eb3e80d17377ae20050d0e30ebaffc465e5,1676561579,18,package.json,npm@9.1.0,package.json,[],projects/govuk-frontend/repo
0bb5810e07f88beccf87a7d452e74365f016c549,1676627969,18,package.json,npm@9.1.0,package.json,[],projects/govuk-frontend/repo
95fc1cc977c707371829127e12085091e34a07f3,1676636865,18,package.json,npm@9.1.0,package.json,[],projects/govuk-frontend/repo
e8c92e94b21fa83e0292610349e17be744c3876f,1676640723,18,package.json,npm@9.1.0,package.json,[],projects/govuk-frontend/repo
2c043abaf2fb7bf9d2a606ca982ca7f29d7c05d2,1676644396,18,package.json,npm@9.1.0,package.json,[],projects/govuk-frontend/repo
2ea72931edc9741b6c0941823497bc32268f5572,1676646863,18,package.json,npm@9.1.0,package.json,[],projects/govuk-frontend/repo
7a3fa4c893fd06d40c41bbae935fcfe479c7b466,1676654088,18,package.json,npm@9.1.0,package.json,[],projects/govuk-frontend/repo
2e50d83641a9ed9e45d8a7f2db99d54f0e438178,1676654088,18,package.json,npm@9.1.0,package.json,[],projects/govuk-frontend/repo
3098ccab1ed417176160aea80c2427b7360fa52b,1676654088,18,package.json,npm@9.1.0,package.json,[],projects/govuk-frontend/repo
e17ee798554cde40bd5d5ebb3800227ced250514,1676887256,18,package.json,npm@9.1.0,package.json,[],projects/govuk-frontend/repo
8423784e247cb1f826961b09b6686607a63bda50,1676887459,18,package.json,npm@9.1.0,package.json,[],projects/govuk-frontend/repo
e29aa85b0244fa69a4c286af1186c7c44c6b85c8,1676916226,18,package.json,npm@9.1.0,package.json,[],projects/govuk-frontend/repo
12c2673b3d07d5d6af4acac550a20aba328d1002,1676972195,18,package.json,npm@9.1.0,package.json,[],projects/govuk-frontend/repo
d8787e6d4c48125ed3d26b83a2c69f6c4db03ec2,1676972287,18,package.json,npm@9.1.0,package.json,[],projects/govuk-frontend/repo
143ab047fddd6c8f7aec63b0250c38b365310fbd,1676972667,18,package.json,npm@9.1.0,package.json,[],projects/govuk-frontend/repo
d2db9fd4837f27717761bc3a40aa4f3ecc371b0e,1676972901,18,package.json,npm@9.1.0,package.json,[],projects/govuk-frontend/repo
7a3df8e5f0e7a6032dd1ed2dd0bb92b7ab169856,1676972969,18,package.json,npm@9.1.0,package.json,[],projects/govuk-frontend/repo
163afce61420c6bdf0b0bf5dc99b7063c8917969,1676973493,18,package.json,npm@9.1.0,package.json,[],projects/govuk-frontend/repo
eab683145a45e0089b5d9b33c5df5da13648ea40,1676973598,18,package.json,npm@9.1.0,package.json,[],projects/govuk-frontend/repo
1d6c0a87a52e6fa91cd8b3511a94c4febcbccb63,1676973667,18,package.json,npm@9.1.0,package.json,[],projects/govuk-frontend/repo
138d91f83ed9a1688bb5c14cb23e03e2941ad5ec,1676984251,18,package.json,npm@9.1.0,package.json,[],projects/govuk-frontend/repo
1920d9a7152194beff8f4954a8b4660313239c85,1676987527,18,package.json,npm@9.1.0,package.json,[],projects/govuk-frontend/repo
31ca7a751432a4b7fb6cd316cdbe93c6520a3105,1676998567,18,package.json,npm@9.1.0,package.json,[],projects/govuk-frontend/repo
5394eca886e3637dde51cf513b205654d6e87ac7,1676998766,18,package.json,npm@9.1.0,package.json,[],projects/govuk-frontend/repo
2a6d9ea40e8195711650f6f28b4405b83ebb6df7,1676998815,18,package.json,npm@9.1.0,package.json,[],projects/govuk-frontend/repo
cf4b644815e7c82f31d8a43fcb03f949efd1f28e,1677057367,18,package.json,npm@9.1.0,package.json,[],projects/govuk-frontend/repo
1e007f47e3bf01048701a2c1e2c8043d0c3f7756,1677057474,18,package.json,npm@9.1.0,package.json,[],projects/govuk-frontend/repo
cc63c3444318543aaea98503994fed24546f91ab,1677058408,18,package.json,npm@9.1.0,package.json,[],projects/govuk-frontend/repo
6c0671c78f5d27f419ad79213297358e6f18f1f5,1677058586,18,package.json,npm@9.1.0,package.json,[],projects/govuk-frontend/repo
5e8837203db6076435c1bb65c55b928aa4b2fe41,1677058759,18,package.json,npm@9.1.0,package.json,[],projects/govuk-frontend/repo
893b5e45010ab9ed15f16b43b9bc0b3b81c4b9aa,1677058830,18,package.json,npm@9.1.0,package.json,[],projects/govuk-frontend/repo
bbe64c0591b3c9e110d6f16cd0e5dbaa9d584d75,1677058859,18,package.json,npm@9.1.0,package.json,[],projects/govuk-frontend/repo
0b0e18cca2650dca5abe49313bd1d0aa783bfbaa,1677059021,18,package.json,npm@9.1.0,package.json,[],projects/govuk-frontend/repo
1f13a8ce4e71e9e648d909732db9ec5a7cf06920,1677059033,18,package.json,npm@9.1.0,package.json,[],projects/govuk-frontend/repo
2e411490ea99bd88c7822141cbd4b01c67e81a09,1677059575,18,package.json,npm@9.1.0,package.json,[],projects/govuk-frontend/repo
efc8a68e2ed6e37adfed577a70eb555820e63ecf,1677059681,18,package.json,npm@9.1.0,package.json,[],projects/govuk-frontend/repo
e8fe31d2f156b6f9e335849b0c742d40f54f373f,1677062286,18,package.json,npm@9.1.0,package.json,[],projects/govuk-frontend/repo
ccc7f5e1eec1160ea93042b58bc80fbe97550b0f,1677062486,18,package.json,npm@9.1.0,package.json,[],projects/govuk-frontend/repo
69de75dcc83fd9e89784a92760a760e0ca8ea648,1677062549,18,package.json,npm@9.1.0,package.json,[],projects/govuk-frontend/repo
88e0adbf899c427d31ce0a1e8e43244bd751d067,1677062675,18,package.json,npm@9.1.0,package.json,[],projects/govuk-frontend/repo
419999b3fab09ee5c4af2b3bf712d36cc2e9c1a6,1677062760,18,package.json,npm@9.1.0,package.json,[],projects/govuk-frontend/repo
56bd42d93ca653bfc6e62fac5dd5499f7e2aee10,1677062986,18,package.json,npm@9.1.0,package.json,[],projects/govuk-frontend/repo
67293287e1cc301f35e7003055d112d67f0cd7e7,1677064862,18,package.json,npm@9.1.0,package.json,[],projects/govuk-frontend/repo
94884c1e9d39a01e8ea9425b1ce7c40074c82c1e,1677067036,18,package.json,npm@9.1.0,package.json,[],projects/govuk-frontend/repo
3c4d543d0b9602a60d68ffe186af76ff5807c557,1677067036,18,package.json,npm@9.1.0,package.json,[],projects/govuk-frontend/repo
dab7c78d34d94457e5f505862c40a63b6f523b46,1677069231,18,package.json,npm@9.1.0,package.json,[],projects/govuk-frontend/repo
775be0d011819514451c4557799a46915f0b6e6e,1677069685,18,package.json,npm@9.1.0,package.json,[],projects/govuk-frontend/repo
2927d9d88528c708fd07a43a0b87b61d9fa502e5,1677069797,18,package.json,npm@9.1.0,package.json,[],projects/govuk-frontend/repo
160c1130350a1e158d17d3abf513bb402dff023a,1677069801,18,package.json,npm@9.1.0,package.json,[],projects/govuk-frontend/repo
cb60df1ef4d80e037f016d326ab4ec4363565ee9,1677069801,18,package.json,npm@9.1.0,package.json,[],projects/govuk-frontend/repo
fcce09ca9da25ac2decb203c70de8076c9de4f23,1677069801,18,package.json,npm@9.1.0,package.json,[],projects/govuk-frontend/repo
4624409e271318ff5fa8205067b63085fc6870fc,1677069801,18,package.json,npm@9.1.0,package.json,[],projects/govuk-frontend/repo
6500bf23210ea2e23eaccf3376cabc154a4e520c,1677070240,18,package.json,npm@9.1.0,package.json,[],projects/govuk-frontend/repo
f7536a67fae0b4db4e3c44b852ac095caa1eb5ca,1677070240,18,package.json,npm@9.1.0,package.json,[],projects/govuk-frontend/repo
73a706a07b70bdf3c31b876dcb0fbfd6f1bc31e4,1677070303,18,package.json,npm@9.1.0,package.json,[],projects/govuk-frontend/repo
abdf182d782002e31cf8f36c6a6f949b671fb729,1677070359,18,package.json,npm@9.1.0,package.json,[],projects/govuk-frontend/repo
f0331c709f713b2d33b3c6f1588996dd9ab5bdc5,1677070417,18,package.json,npm@9.1.0,package.json,[],projects/govuk-frontend/repo
13e49bf29fb402abc9c95c85c35ec7b77726b01b,1677070454,18,package.json,npm@9.1.0,package.json,[],projects/govuk-frontend/repo
4c7efc27f3ec22f6876b0d90d49b3c3b94b812e9,1677070455,18,package.json,npm@9.1.0,package.json,[],projects/govuk-frontend/repo
fe2a0f72712ea6836a1cb4401fc4783329fd3037,1677070561,18,package.json,npm@9.1.0,package.json,[],projects/govuk-frontend/repo
43a0e2f287eda7cf2c1edd50db3a9e427181ea99,1677070562,18,package.json,npm@9.1.0,package.json,[],projects/govuk-frontend/repo
db32a2cdeeeef05511a4918bf38ac66c00b1b843,1677072114,18,package.json,npm@9.1.0,package.json,[],projects/govuk-frontend/repo
56b083f5b4734983041c863be86b955c3af59f9e,1677078295,18,package.json,npm@9.1.0,package.json,[],projects/govuk-frontend/repo
3c5c6b2b957268e4158c6087f0f19e14dd27fd5e,1677079096,18,package.json,npm@9.1.0,package.json,[],projects/govuk-frontend/repo
de471b460f70d854de8f8b8db3acf1853efccb5f,1677143670,18,package.json,npm@9.1.0,package.json,[],projects/govuk-frontend/repo
c20907bfdc39faaab76a61aa9ee51636a3bc971c,1677144412,18,package.json,npm@9.1.0,package.json,[],projects/govuk-frontend/repo
0b5c72d1ab1f38215e946db7ee6bee3c922fba4f,1677144612,18,package.json,npm@9.1.0,package.json,[],projects/govuk-frontend/repo
41cf0844b375c5b6c9e434319c0fa751d1186139,1677144698,18,package.json,npm@9.1.0,package.json,[],projects/govuk-frontend/repo
6bf24f1837daa44e764bac63cdfd3a27e6cb3067,1677144861,18,package.json,npm@9.1.0,package.json,[],projects/govuk-frontend/repo
e72de59db1e618d4caff69f3d30b787443e6176c,1677145135,18,package.json,npm@9.1.0,package.json,[],projects/govuk-frontend/repo
d179202c9e3c94a8dab915b16e1c28362435c7ef,1677146103,18,package.json,npm@9.1.0,package.json,[],projects/govuk-frontend/repo
a7d7b011404376c80196f86948037202cbc5c2da,1677146984,18,package.json,npm@9.1.0,package.json,[],projects/govuk-frontend/repo
8d17c5c4348c72d4978552df696e73ca16275c3d,1677149701,18,package.json,npm@9.1.0,package.json,[],projects/govuk-frontend/repo
3f5543f57217d4c3840a9cdb1c7d40e613e11d37,1677150773,18,package.json,npm@9.1.0,package.json,[],projects/govuk-frontend/repo
721aa5c095fdd638eeb71024778b2e1a5364bfba,1677154767,18,package.json,npm@9.1.0,package.json,[],projects/govuk-frontend/repo
266e2dd49838aea578f8b0decd5cdb8c20b2df1a,1677158963,18,package.json,npm@9.1.0,package.json,[],projects/govuk-frontend/repo
27203d25f859b4e49afb229f3394df9f770799bc,1677166570,18,package.json,npm@9.1.0,package.json,[],projects/govuk-frontend/repo
f2a645d214c303906abc067f09ec00493ab38e40,1677232734,18,package.json,npm@9.1.0,package.json,[],projects/govuk-frontend/repo
47e7a2c061d9d1c0bd53b5cc16dba3005860afac,1677493468,18,package.json,npm@9.1.0,package.json,[],projects/govuk-frontend/repo
3910d25e2b1fefb2a825d2469c83b45617556828,1677494094,18,package.json,npm@9.1.0,package.json,[],projects/govuk-frontend/repo
fb70b51adeb46fef142225da925ea79097db73f9,1677494258,18,package.json,npm@9.1.0,package.json,[],projects/govuk-frontend/repo
45906441820b00c2e6f983249d7a266dedb41b44,1677494338,18,package.json,npm@9.1.0,package.json,[],projects/govuk-frontend/repo
80cb5a7f72c544086bd3181b3660e2e0e7c46fca,1677494368,18,package.json,npm@9.1.0,package.json,[],projects/govuk-frontend/repo
9277b1dce85758576d4973aee002b8e734a61c87,1677494369,18,package.json,npm@9.1.0,package.json,[],projects/govuk-frontend/repo
9baf92303e69a633bc8b7b228577e2b32f352a7d,1677495041,18,package.json,npm@9.1.0,package.json,[],projects/govuk-frontend/repo
552e90ad41d27fb59cda6763d870b9f7be1d02e4,1677499146,18,package.json,npm@9.1.0,package.json,[],projects/govuk-frontend/repo
9d4e88377b4fddf413b1ad12b4c398d7e8270f92,1677499224,18,package.json,npm@9.1.0,package.json,[],projects/govuk-frontend/repo
88325bb5cb77dcffde831290203a28976d3c81b4,1677500156,18,package.json,npm@9.1.0,package.json,[],projects/govuk-frontend/repo
cc18b7450b8749559579f1847ae61b8afa506427,1677500409,18,package.json,npm@9.1.0,package.json,[],projects/govuk-frontend/repo
f993afac033e0d8c941af19843a700ffa173b614,1677507614,18,package.json,npm@9.1.0,package.json,[],projects/govuk-frontend/repo
75ae82686866735423aa859d054a80d8a4d3340b,1677514070,18,package.json,npm@9.1.0,package.json,[],projects/govuk-frontend/repo
e540c6079131a4e6f4f543f8f8a501476d7ddda6,1677516208,18,package.json,npm@9.1.0,package.json,[],projects/govuk-frontend/repo
0ae4636abac282891d50484766cf7d4a70b295a0,1677516208,18,package.json,npm@9.1.0,package.json,[],projects/govuk-frontend/repo
8415670f225445480c31455b24d3344890e45200,1677543305,18,package.json,npm@9.1.0,package.json,[],projects/govuk-frontend/repo
85a3629c6c9e7381fc090b77a7999de0da83fda2,1677578223,18,package.json,npm@9.1.0,package.json,[],projects/govuk-frontend/repo
3178fd94123fbc2fe68d483ca2b3250442ade865,1677578255,18,package.json,npm@9.1.0,package.json,[],projects/govuk-frontend/repo
3625621fd02d12ca3520113b6700a3e1526d10fa,1677581819,18,package.json,npm@9.1.0,package.json,[],projects/govuk-frontend/repo
266775cbcd4357c5c48224ad487b871f0f95bf19,1677587032,18,package.json,npm@9.1.0,package.json,[],projects/govuk-frontend/repo
cf0a576992572a4187503b8c7f6607fe82ed6440,1677594516,18,package.json,npm@9.1.0,package.json,[],projects/govuk-frontend/repo
01a61121b69f062551681b90e974c719526d1dcb,1677594582,18,package.json,npm@9.1.0,package.json,[],projects/govuk-frontend/repo
92bd2592aef58e75f6ef77088d5c125e04731024,1677596808,18,package.json,npm@9.1.0,package.json,[],projects/govuk-frontend/repo
fcdd57294231884c338b9b28d9e10438d90e2faa,1677597077,18,package.json,npm@9.1.0,package.json,[],projects/govuk-frontend/repo
512fbdb10b6e5c0181855ae0e4a74ec1e5232891,1677605896,18,package.json,npm@9.1.0,package.json,[],projects/govuk-frontend/repo
b8005b90cd8e766c931525c1cf87a62a9d0112cc,1677606820,18,package.json,npm@9.1.0,package.json,[],projects/govuk-frontend/repo
99f29495f66a15bd00379fe6c5b812ecffb644d0,1677663504,18,package.json,npm@9.1.0,package.json,[],projects/govuk-frontend/repo
09f0ed6210a34c3d750b22a1618cc1a67c148de0,1677681185,18,package.json,npm@9.1.0,package.json,[],projects/govuk-frontend/repo
20197a2ff0635eeba91efa7bb971d92d1f107973,1677716480,18,package.json,npm@9.1.0,package.json,[],projects/govuk-frontend/repo
c1072d39092446ae71e79a8515d0b9ea6d6af660,1677716907,18,package.json,npm@9.1.0,package.json,[],projects/govuk-frontend/repo
abd79ce73eff33fd2b2669d9251da8ee62d59346,1677750060,18,package.json,npm@9.1.0,package.json,[],projects/govuk-frontend/repo
6bd631dfa90ba02a24a640959e47974d23525964,1677750199,18,package.json,npm@9.1.0,package.json,[],projects/govuk-frontend/repo
37c6abe6a741796e6e9c843f59822dfb2382216d,1677751145,18,package.json,npm@9.1.0,package.json,[],projects/govuk-frontend/repo
55c1e2b5acec9201c7b34100eebbebe595273e6a,1677752565,18,package.json,npm@9.1.0,package.json,[],projects/govuk-frontend/repo
84b2e6dd9dddebcee35684448294671b79f5c659,1677753443,18,package.json,npm@9.1.0,package.json,[],projects/govuk-frontend/repo
adb89f6c52492df91c5e37e0b2a2a5ffdccc09af,1677753444,18,package.json,npm@9.1.0,package.json,[],projects/govuk-frontend/repo
46c8e1c67f7bdb772508415e65b9443c89224724,1677754273,18,package.json,npm@9.1.0,package.json,[],projects/govuk-frontend/repo
df6f18178bde0e32e0be91d6d162b2c11e00f7bb,1677754274,18,package.json,npm@9.1.0,package.json,[],projects/govuk-frontend/repo
81f59d98a3cf41dc8cd2b6d413a055da9e220199,1677754292,18,package.json,npm@9.1.0,package.json,[],projects/govuk-frontend/repo
ec547be12507518b53870cb547f1f12af24f19c5,1677754292,18,package.json,npm@9.1.0,package.json,[],projects/govuk-frontend/repo
c1c4c13f837fce37bf7eedffb197f315e8da441b,1677754292,18,package.json,npm@9.1.0,package.json,[],projects/govuk-frontend/repo
dbab9e23ae097e8b35ef85d3308e5f8ee37a3d9e,1677756270,18,package.json,npm@9.1.0,package.json,[],projects/govuk-frontend/repo
bb1c206c33652e235b123e86818bcdfb1050c933,1677772961,18,package.json,npm@9.1.0,package.json,[],projects/govuk-frontend/repo
4651dcae8f637acfba481ddc8af141362105ce55,1677773102,18,package.json,npm@9.1.0,package.json,[],projects/govuk-frontend/repo
786a449823fce4493f26fb39cd867f88daa39928,1677776931,18,package.json,npm@9.1.0,package.json,[],projects/govuk-frontend/repo
3f3b7401c0127d554ae9def309b7238e50f3ee79,1677776931,18,package.json,npm@9.1.0,package.json,[],projects/govuk-frontend/repo
ed218176e1541618d2492aad6b3b5e84cb61268d,1677777810,18,package.json,npm@9.1.0,package.json,[],projects/govuk-frontend/repo
62c5472465146d5d1603ade9e15cdae96b6b1310,1677778100,18,package.json,npm@9.1.0,package.json,[],projects/govuk-frontend/repo
5e70c3f622399531130fd3f7ec40524c429aba15,1678094861,18,package.json,npm@9.1.0,package.json,[],projects/govuk-frontend/repo
932a2a51ecf97b3f1de379585b9169bfc462b4d5,1678094909,18,package.json,npm@9.1.0,package.json,[],projects/govuk-frontend/repo
e35fed47689686617ce03287afec119c385d4de0,1678100287,18,package.json,npm@9.1.0,package.json,[],projects/govuk-frontend/repo
e8a1a839409d5d99bc126b98eaa9e7b7a59e0a49,1678100500,18,package.json,npm@9.1.0,package.json,[],projects/govuk-frontend/repo
c28a670cc9bc3a07fda8f8d1d9b5d4ea5f559a57,1678113339,18,package.json,npm@9.1.0,package.json,[],projects/govuk-frontend/repo
e3767b44bece56dec962befbef45bc3acee97b62,1678113780,18,package.json,npm@9.1.0,package.json,[],projects/govuk-frontend/repo
7271b289befd248d06404ce63fda5ae3fa00c5b3,1678203250,18,package.json,npm@9.1.0,package.json,[],projects/govuk-frontend/repo
468496e8a958e2eef581a512d9e13d6024453b02,1678219906,18,package.json,npm@9.1.0,package.json,[],projects/govuk-frontend/repo
b0dfc3c1fc9bfbe09e1614db081ab8dc007f907b,1678375117,18,package.json,npm@9.1.0,package.json,[],projects/govuk-frontend/repo
41447b71914a9330adf3be4b96200084df014c80,1678375663,18,package.json,npm@9.1.0,package.json,[],projects/govuk-frontend/repo
03ec64b6697fa5c6c43966a58168031eb4f6530a,1678375664,18,package.json,npm@9.1.0,package.json,[],projects/govuk-frontend/repo
04f2fd4ee6890f7e7767dc39e3f058a6bf2ccd3c,1678375986,18,package.json,npm@9.1.0,package.json,[],projects/govuk-frontend/repo
b98ea8af72d32436d06fa5952a10b9728f4a8cac,1678376019,18,package.json,npm@9.1.0,package.json,[],projects/govuk-frontend/repo
b550e0e282a93f355afd73977315e6a9f97ac551,1678376587,18,package.json,npm@9.1.0,package.json,[],projects/govuk-frontend/repo
c8ae9f3ee6e351e909d436eb4f4c1f7c1c244600,1678441443,18,package.json,npm@9.1.0,package.json,[],projects/govuk-frontend/repo
0db5915fcc1b3b18e96a6f10e7dfcaabc8344a22,1678441706,18,package.json,npm@9.1.0,package.json,[],projects/govuk-frontend/repo
12c2dd018453f758d9ad0ff0739cde4a7ddc13b5,1678451335,18,package.json,npm@9.1.0,package.json,[],projects/govuk-frontend/repo
256420f917e9860699d29331a3eb78b4b9fa61b9,1678463432,18,package.json,npm@9.1.0,package.json,[],projects/govuk-frontend/repo
05597624a5840e21effd945cbac159e33133ce68,1678713754,18,package.json,npm@9.1.0,package.json,[],projects/govuk-frontend/repo
38031a8055b2ab698b63a3ca3779b4f9536ae4b3,1678714358,18,package.json,npm@9.1.0,package.json,[],projects/govuk-frontend/repo
3e56e312a76c134ac1b4bfbc9ab4c92ab8ff2bc1,1678715206,18,package.json,npm@9.1.0,package.json,[],projects/govuk-frontend/repo
f282d3fe0e306e4054017c78ac408b838998821d,1678868287,18,package.json,npm@9.1.0,package.json,[],projects/govuk-frontend/repo
9376bfaa47d74834867f87158450d4bfe90cbc24,1678962341,18,package.json,npm@9.1.0,package.json,[],projects/govuk-frontend/repo
3349d165141b3a6b46eca7706b5b52799d32084d,1678981331,18,package.json,npm@9.1.0,package.json,[],projects/govuk-frontend/repo
d34b8289d7e08846e9b8e52c0ba17c3adf074ed0,1679044678,18,package.json,npm@9.1.0,package.json,[],projects/govuk-frontend/repo
9459e96af1cb5f5426cd772774aa38eba7ca7b88,1679046421,18,package.json,npm@9.1.0,package.json,[],projects/govuk-frontend/repo
5c567e0790a2f04ff87011cb26121680ea826c47,1679054501,18,package.json,npm@9.1.0,package.json,[],projects/govuk-frontend/repo
f14899f6a2ea7ac9f5f5d635c763c26f57b178c4,1679054671,18,package.json,npm@9.1.0,package.json,[],projects/govuk-frontend/repo
60b1d3230233a88f7955673a27136442651d3ea0,1679054706,18,package.json,npm@9.1.0,package.json,[],projects/govuk-frontend/repo
67386ca8b9714dc2d3bb1031286969bc3ea975ed,1679054706,18,package.json,npm@9.1.0,package.json,[],projects/govuk-frontend/repo
45888893671eddd82d18a280c1a9c53362d8b2e0,1679054706,18,package.json,npm@9.1.0,package.json,[],projects/govuk-frontend/repo
a1d8e03bc3d95701f34cdb478d4d26e9d55b1860,1679054706,18,package.json,npm@9.1.0,package.json,[],projects/govuk-frontend/repo
34d6293de1ce8deb72caebf0853632c0d144ca86,1679054706,18,package.json,npm@9.1.0,package.json,[],projects/govuk-frontend/repo
251a8a52241893842c4ac8e8c6a3576c24ba740f,1679054707,18,package.json,npm@9.1.0,package.json,[],projects/govuk-frontend/repo
a0109c1968ad1c3dc1381266dd73942f3b7861fc,1679055514,18,package.json,npm@9.1.0,package.json,[],projects/govuk-frontend/repo
e7b3f07cc3ecebd7cb52e157b8b9069faef97b74,1679058904,18,package.json,npm@9.1.0,package.json,[],projects/govuk-frontend/repo
207fc7db685db8238de910f0b6e90159b4dc9deb,1679059193,18,package.json,npm@9.1.0,package.json,[],projects/govuk-frontend/repo
35a2af1896dea9eea0e876cb7a49817d9a1f4958,1679317757,18,package.json,npm@9.1.0,package.json,[],projects/govuk-frontend/repo
97543f959dc584acc597ae346775946769113699,1679407305,18,package.json,npm@9.1.0,package.json,[],projects/govuk-frontend/repo
20f427f422528f68dbeeb9e908d82b4260e74978,1679413034,18,package.json,npm@9.1.0,package.json,[],projects/govuk-frontend/repo
f5f6b092f36be530268284937239e7a1ee6a06ba,1679481170,18,package.json,npm@9.1.0,package.json,[],projects/govuk-frontend/repo
57868c408f1186d48a685ff9ad1640a278a79b3e,1679481473,18,package.json,npm@9.1.0,package.json,[],projects/govuk-frontend/repo
163b4e6ccb26aeb0c09a1fb88bee1c4361f684c2,1679481473,18,package.json,npm@9.1.0,package.json,[],projects/govuk-frontend/repo
0de4a19c1d4416a8f5ba04d851c9a86a4844c4f9,1679481473,18,package.json,npm@9.1.0,package.json,[],projects/govuk-frontend/repo
2373957ade969924c417d124c060328ba484f49b,1679481473,18,package.json,npm@9.1.0,package.json,[],projects/govuk-frontend/repo
8c668ce7e931e46e02dc30a399263296ec71da71,1679481995,18,package.json,npm@9.1.0,package.json,[],projects/govuk-frontend/repo
33fcf894bafbf9e5d29286493ab394ad34a75897,1679484049,18,package.json,npm@9.1.0,package.json,[],projects/govuk-frontend/repo
557aca7ac063a64816540986006dff28ef962c8d,1679484087,18,package.json,npm@9.1.0,package.json,[],projects/govuk-frontend/repo
e2302c6c04e7c1ae0f070f83727ff654573b3dc4,1679484088,18,package.json,npm@9.1.0,package.json,[],projects/govuk-frontend/repo
2dcc9d95b4c8c9370cc8f75eb886c16ed74d0a72,1679484088,18,package.json,npm@9.1.0,package.json,[],projects/govuk-frontend/repo
b7026bfe0898332df55b1439106f3b08a68b2ce8,1679484106,18,package.json,npm@9.1.0,package.json,[],projects/govuk-frontend/repo
70198b4a966807939a7f256e85dc20921caaf247,1679484106,18,package.json,npm@9.1.0,package.json,[],projects/govuk-frontend/repo
05052cc837708fac153b9b2d372d86c1f19d1efa,1679484106,18,package.json,npm@9.1.0,package.json,[],projects/govuk-frontend/repo
b5517aabdacb1e5f4d57ca2bc481d76f0d973d58,1679484317,18,package.json,npm@9.1.0,package.json,[],projects/govuk-frontend/repo
b700b4f0efdaaac7c5a4b8ff81fcb057eb80011f,1679502179,18,package.json,npm@9.1.0,package.json,[],projects/govuk-frontend/repo
9d32a0dc77f1d14c8b368ca0acab7e66f7340b83,1679502371,18,package.json,npm@9.1.0,package.json,[],projects/govuk-frontend/repo
8ec678a167e5ed05e5bd6854e8e83bc7e4d01b44,1679502371,18,package.json,npm@9.1.0,package.json,[],projects/govuk-frontend/repo
1eb4ecb29f736e9bde8108f966f5df4b2608c567,1679502371,18,package.json,npm@9.1.0,package.json,[],projects/govuk-frontend/repo
9dfb6dd6987ae5a6fe73abc16ac3f22ac4300891,1679502371,18,package.json,npm@9.1.0,package.json,[],projects/govuk-frontend/repo
a1538432b38de34fb2e939ed548be2eaa2ad17a4,1679502371,18,package.json,npm@9.1.0,package.json,[],projects/govuk-frontend/repo
f7d70918642c17a2d87638f0164223e2fe0641e0,1679502371,18,package.json,npm@9.1.0,package.json,[],projects/govuk-frontend/repo
9658fb2f5e52dd3f52923d5684cc4661990587ea,1679502372,18,package.json,npm@9.1.0,package.json,[],projects/govuk-frontend/repo
a8076912ec45329065b2104478acaabea3189560,1679502372,18,package.json,npm@9.1.0,package.json,[],projects/govuk-frontend/repo
e8b9328924e8fa8e647afd3e326edf6e47e77e9c,1679502372,18,package.json,npm@9.1.0,package.json,[],projects/govuk-frontend/repo
19a6a984f403b1ba458bba1383562bf014b29b2a,1679502372,18,package.json,npm@9.1.0,package.json,[],projects/govuk-frontend/repo
f0aca84ebdb5de7a86d56667f85f639dee6178bf,1679502401,18,package.json,npm@9.1.0,package.json,[],projects/govuk-frontend/repo
9bc52c320bbe8f1a896218a0d59ab60a0b21be8b,1679502401,18,package.json,npm@9.1.0,package.json,[],projects/govuk-frontend/repo
e30cd7884d638ca242a9dc70c5c8e8ed878eff84,1679502803,18,package.json,npm@9.1.0,package.json,[],projects/govuk-frontend/repo
680104258b9546b48f49cee6dac8968a0ac5e3f6,1679503105,18,package.json,npm@9.1.0,package.json,[],projects/govuk-frontend/repo
2347d33defb5244ad1d0524e1fc07c4cabdb46f6,1679569822,18,package.json,npm@9.1.0,package.json,[],projects/govuk-frontend/repo
186ffe9867fe7aaad031bff412feb78953f7a4d3,1679571932,18,package.json,npm@9.1.0,package.json,[],projects/govuk-frontend/repo
2658fc70353382e89ed2bcdfbf5390c723bb9f68,1679573653,18,package.json,npm@9.1.0,package.json,[],projects/govuk-frontend/repo
ca6cc77545729757e60cbb4629a477e46d5631a9,1679574225,18,package.json,npm@9.1.0,package.json,[],projects/govuk-frontend/repo
1d068d5c2fa4344b17660296e3c29d18425cdd75,1679575162,18,package.json,npm@9.1.0,package.json,[],projects/govuk-frontend/repo
712fa613ff45b6744d2c8f5db427799ff4bac1c2,1679583466,18,package.json,npm@9.1.0,package.json,[],projects/govuk-frontend/repo
c07e756e45be24cd92aca76df85e13b9a64b0a94,1679583502,18,package.json,npm@9.1.0,package.json,[],projects/govuk-frontend/repo
8edda314842332f4c11200b379f4de516ce9d45d,1679583502,18,package.json,npm@9.1.0,package.json,[],projects/govuk-frontend/repo
2051717b9c2341f5502e42cfd06abd0c0b021e63,1679583502,18,package.json,npm@9.1.0,package.json,[],projects/govuk-frontend/repo
6bc43fd37eda2eee8c736fadc99a8c39351d6bda,1679585346,18,package.json,npm@9.1.0,package.json,[],projects/govuk-frontend/repo
a6129575e69c15e75bad4713ecca7d1017ea8414,1679585418,18,package.json,npm@9.1.0,package.json,[],projects/govuk-frontend/repo
40e89d32fb13742aa875cab3a3c7faaa48cc4031,1679586438,18,package.json,npm@9.1.0,package.json,[],projects/govuk-frontend/repo
2a9199236d983c7ea144cbebf52dd986f6457dba,1679594088,18,package.json,npm@9.1.0,package.json,[],projects/govuk-frontend/repo
50c1f170d80dff88f8bcd2972b98a9c52de2c8b2,1679594107,18,package.json,npm@9.1.0,package.json,[],projects/govuk-frontend/repo
85036c72f9f4090982ed9ad9dc1246c07fc54301,1679673179,18,package.json,npm@9.1.0,package.json,[],projects/govuk-frontend/repo
c0789069951789f2f6e130028b1d850cf2d52b61,1679674659,18,package.json,npm@9.1.0,package.json,[],projects/govuk-frontend/repo
db8f5fa89daa8299d01812e7d61a590a24b2acf0,1679674749,18,package.json,npm@9.1.0,package.json,[],projects/govuk-frontend/repo
d831a4d66cf343cdd6e7a45e9356a7e1549c9b08,1679675509,18,package.json,npm@9.1.0,package.json,[],projects/govuk-frontend/repo
098b9a5a2e28fd59a03555c15e673113f1486d06,1679675593,18,package.json,npm@9.1.0,package.json,[],projects/govuk-frontend/repo
23b76900bb0e5b533d3d10c59efb534c08d1b9e9,1679676032,18,package.json,npm@9.1.0,package.json,[],projects/govuk-frontend/repo
9003509e7c09e98d9eebda563d916cb9fe85dec1,1679676053,18,package.json,npm@9.1.0,package.json,[],projects/govuk-frontend/repo
8ad7c42095072c74e9b7592c9e7727d33199b150,1679676131,18,package.json,npm@9.1.0,package.json,[],projects/govuk-frontend/repo
432c8e6708bdb7ed20f2f65214a94fb98037a8d7,1679676644,18,package.json,npm@9.1.0,package.json,[],projects/govuk-frontend/repo
40b67937666c98574f1e4cb15b63582872b7a922,1679676775,18,package.json,npm@9.1.0,package.json,[],projects/govuk-frontend/repo
a1d39f4f938a0abf2fef2dfd5f69dc28c8485268,1679676858,18,package.json,npm@9.1.0,package.json,[],projects/govuk-frontend/repo
55afde29931ffc99b8da76300c6bcf47cf40a546,1679676897,18,package.json,npm@9.1.0,package.json,[],projects/govuk-frontend/repo
c186899405eca360068ca1233d7f8cedaee80fd9,1679677797,18,package.json,npm@9.1.0,package.json,[],projects/govuk-frontend/repo
e1c57fa466093855c08a2f5d2ea2eb75a1561cde,1679678126,18,package.json,npm@9.1.0,package.json,[],projects/govuk-frontend/repo
bcbba6095ad005a0198d908f322d662743befee0,1679678210,18,package.json,npm@9.1.0,package.json,[],projects/govuk-frontend/repo
931b4083d3bc4cee3fb81233c359600a96edfe9a,1679678989,18,package.json,npm@9.1.0,package.json,[],projects/govuk-frontend/repo
8b8906348addb2248837e7b3d9ac1785847e3937,1679679634,18,package.json,npm@9.1.0,package.json,[],projects/govuk-frontend/repo
688d458c7380d1200b2705f3627fbe61afa5915a,1679679743,18,package.json,npm@9.1.0,package.json,[],projects/govuk-frontend/repo
eaa021c2d478b27d727c7bd6eae818597141c6f5,1679680168,18,package.json,npm@9.1.0,package.json,[],projects/govuk-frontend/repo
60d3ae84a602a22430c940450c50e8423e87f6fa,1679680471,18,package.json,npm@9.1.0,package.json,[],projects/govuk-frontend/repo
7d75ac76a404f8266b53012dddecddb33d63e82b,1679680472,18,package.json,npm@9.1.0,package.json,[],projects/govuk-frontend/repo
c6cee48445a6c67182bab6ab49eacaf0ccb3d4bd,1679680516,18,package.json,npm@9.1.0,package.json,[],projects/govuk-frontend/repo
5a6205d908089b4657acc854372b0e8a9fd636f4,1679680596,18,package.json,npm@9.1.0,package.json,[],projects/govuk-frontend/repo
c971b665a731ac072313d26992a9333ac944736a,1679680641,18,package.json,npm@9.1.0,package.json,[],projects/govuk-frontend/repo
83debba19ec0d88cbc6f47b124b1b95e97075195,1679911212,18,package.json,npm@9.1.0,package.json,[],projects/govuk-frontend/repo
43d40aeca3c240a10a7b8631cd33a757773d4b99,1679923390,18,package.json,npm@9.1.0,package.json,[],projects/govuk-frontend/repo
205a5b35b7528b664a7f66e30b54508a3d6fc61c,1679923432,18,package.json,npm@9.1.0,package.json,[],projects/govuk-frontend/repo
66fdb72c039e9d5bfe67ed209fcdf279148632d3,1679923663,18,package.json,npm@9.1.0,package.json,[],projects/govuk-frontend/repo
bef12165a18d0843e2c2a4a5c7d12b3cbdf2be4d,1679930629,18,package.json,npm@9.1.0,package.json,[],projects/govuk-frontend/repo
0a88e194cfcfbccfe41449bca9ba78519ff4c4df,1679932028,18,package.json,npm@9.1.0,package.json,[],projects/govuk-frontend/repo
0f4ae2341b0f5344fb616042fe69018e15d93236,1679936505,18,package.json,npm@9.1.0,package.json,[],projects/govuk-frontend/repo
10d16921ce83185a743ff4f833883b76de6d2227,1679938443,18,package.json,npm@9.1.0,package.json,[],projects/govuk-frontend/repo
995412ce925eab80dfd35f67cfbf810c031633d4,1680005693,18,package.json,npm@9.1.0,package.json,[],projects/govuk-frontend/repo
294971dc629fd89a619c57a337081275984454af,1680014044,18,package.json,npm@9.1.0,package.json,[],projects/govuk-frontend/repo
b6c9794beda481392dd35460f4430109da634443,1680020497,18,package.json,npm@9.1.0,package.json,[],projects/govuk-frontend/repo
6c64f44343b3933dfd9f100ade1e1824235d7918,1680021754,18,package.json,npm@9.1.0,package.json,[],projects/govuk-frontend/repo
0d13bf4c228d12834e26d3e746120ce36f75b2ff,1680084013,18,package.json,npm@9.1.0,package.json,[],projects/govuk-frontend/repo
ff8ef89606674f51a224fb47d6d8970ef3337987,1680084089,18,package.json,npm@9.1.0,package.json,[],projects/govuk-frontend/repo
9084423ecc8d0d6ef55c0af370adc0b79c522066,1680085131,18,package.json,npm@9.1.0,package.json,[],projects/govuk-frontend/repo
74603de269a35c36dd61fd15b322a7c6dc7b4edd,1680085224,18,package.json,npm@9.1.0,package.json,[],projects/govuk-frontend/repo
83528ad74720c2a7c3cf7aef3ad2e05d8cc5e098,1680085368,18,package.json,npm@9.1.0,package.json,[],projects/govuk-frontend/repo
6d306224b7eafa36661c4bdd117f0833482835d2,1680086161,18,package.json,npm@9.1.0,package.json,[],projects/govuk-frontend/repo
d8b72cbfe0061c3fc69b1fda939db2e4cfc71b1d,1680086247,18,package.json,npm@9.1.0,package.json,[],projects/govuk-frontend/repo
95954e75740fd974bd553ed8de68de2285a7a387,1680086748,18,package.json,npm@9.1.0,package.json,[],projects/govuk-frontend/repo
6b0e2f953a4ec1cff253cf9aecec67971821582b,1680086830,18,package.json,npm@9.1.0,package.json,[],projects/govuk-frontend/repo
07d35122d110705833d094c42274163e18c603ac,1680088909,18,package.json,npm@9.1.0,package.json,[],projects/govuk-frontend/repo
74bfaf62d5ddf7db62fdff79c2c777f8d731ca17,1680089014,18,package.json,npm@9.1.0,package.json,[],projects/govuk-frontend/repo
f73ac4db524ce4d2973dad48d35afada27e30da6,1680089103,18,package.json,npm@9.1.0,package.json,[],projects/govuk-frontend/repo
f6a41f970f993a09238768146e3051cbd977eaf8,1680089138,18,package.json,npm@9.1.0,package.json,[],projects/govuk-frontend/repo
c54c11b6811a12cf59f0911f5af9bc0d9f421f97,1680094363,18,package.json,npm@9.1.0,package.json,[],projects/govuk-frontend/repo
69eb70f256cf752f785ba50208fc673e99443031,1680096880,18,package.json,npm@9.1.0,package.json,[],projects/govuk-frontend/repo
9de1ceeffe7ce45ff135876c4b032d8c6404e51e,1680097117,18,package.json,npm@9.1.0,package.json,[],projects/govuk-frontend/repo
141c80f4deaaa0f4de1257a63247438ca8d5cc5d,1680097187,18,package.json,npm@9.1.0,package.json,[],projects/govuk-frontend/repo
eddc274423070b2041f60e9c80425a3d644bc10b,1680097418,18,package.json,npm@9.1.0,package.json,[],projects/govuk-frontend/repo
4592caf3052b962c65886ffa6fed2c9e761652c3,1680098163,18,package.json,npm@9.1.0,package.json,[],projects/govuk-frontend/repo
d48b7fe63ccdca6b2e38dffedb045eea91955f6b,1680098201,18,package.json,npm@9.1.0,package.json,[],projects/govuk-frontend/repo
20f1d89b9a901cd49bd7251a45b14d0723b3de5c,1680102767,18,package.json,npm@9.1.0,package.json,[],projects/govuk-frontend/repo
958be13c023757897ab8b815d4c07cc182f81c06,1680104706,18,package.json,npm@9.1.0,package.json,[],projects/govuk-frontend/repo
2fdc64f594fc6166e328d6f75d567c0c3de72080,1680106878,18,package.json,npm@9.1.0,package.json,[],projects/govuk-frontend/repo
4fb6f6e855e009f57a2ca6e6df8ea29850dfcb92,1680108964,18,package.json,npm@9.1.0,package.json,[],projects/govuk-frontend/repo
9fc9c60be5cba3bc54af733e6a4e57c6e211bccf,1680123839,18,package.json,npm@9.1.0,package.json,[],projects/govuk-frontend/repo
db31c4949144ed0f74938d5cc2725aa2550f8620,1680123926,18,package.json,npm@9.1.0,package.json,[],projects/govuk-frontend/repo
159b50af6bfe1c154425ef3627be5ead1c9ad5fd,1680124039,18,package.json,npm@9.1.0,package.json,[],projects/govuk-frontend/repo
aa8c5e28042a3031968e4ce41386c2eb685daaf3,1680156267,18,package.json,npm@9.1.0,package.json,[],projects/govuk-frontend/repo
818078b920bcf8b3fff13e8a6d1697496a585c55,1680156317,18,package.json,npm@9.1.0,package.json,[],projects/govuk-frontend/repo
d10447a6f80aab6d5ef82b97856507f81e04b422,1680156502,18,package.json,npm@9.1.0,package.json,[],projects/govuk-frontend/repo
f6c09e8b50dd8532e04cd81a08ccc13395b75f85,1680157505,18,package.json,npm@9.1.0,package.json,[],projects/govuk-frontend/repo
46ee809664312f9f6cf38f87cf4bf46f12a80dba,1680157567,18,package.json,npm@9.1.0,package.json,[],projects/govuk-frontend/repo
b5f53c242be946a2e30f6f55b6778a14ed15d5ef,1680157881,18,package.json,npm@9.1.0,package.json,[],projects/govuk-frontend/repo
da0cf8747f08c5056b67c1b8551c2f05a22d0ab4,1680157966,18,package.json,npm@9.1.0,package.json,[],projects/govuk-frontend/repo
6e1ab8b4f7fe1756806ddc51c26cec971481b569,1680157977,18,package.json,npm@9.1.0,package.json,[],projects/govuk-frontend/repo
3440e19718e1b2e3683b84eafbdd21ad5d4be75c,1680158405,18,package.json,npm@9.1.0,package.json,[],projects/govuk-frontend/repo
7a8475f949c9f2e86de2e9495ccdeb6f8c4dba7b,1680158530,18,package.json,npm@9.1.0,package.json,[],projects/govuk-frontend/repo
944758e56a6f70e85870bc570e84528fc3c8deb9,1680158627,18,package.json,npm@9.1.0,package.json,[],projects/govuk-frontend/repo
9777429e7b60193085cb8a5b303dbdb20ffcf121,1680165298,18,package.json,npm@9.1.0,package.json,[],projects/govuk-frontend/repo
392d37d514b94c8624a8d09f6273d6e8fc054dff,1680165560,18,package.json,npm@9.1.0,package.json,[],projects/govuk-frontend/repo
13efcc71b3960c4991fe5bee1e1f19ea7d676a46,1680167861,18,package.json,npm@9.1.0,package.json,[],projects/govuk-frontend/repo
4560103e1087e491d5d97acba061a641b042f2a4,1680167946,18,package.json,npm@9.1.0,package.json,[],projects/govuk-frontend/repo
0fbaf635dbb1d80748e71245411f02367b682463,1680168453,18,package.json,npm@9.1.0,package.json,[],projects/govuk-frontend/repo
835d0744492d3743066874a9695ebde1e7220baa,1680174142,18,package.json,npm@9.1.0,package.json,[],projects/govuk-frontend/repo
7b01dcdd33d2db567c154fab29f031530adf9a4f,1680175418,18,package.json,npm@9.1.0,package.json,[],projects/govuk-frontend/repo
ef7ab351fd62809c2aa8c4e1c299991886220598,1680176454,18,package.json,npm@9.1.0,package.json,[],projects/govuk-frontend/repo
326033111bebb37f02468e08912c516ad6efeef7,1680188655,18,package.json,npm@9.1.0,package.json,[],projects/govuk-frontend/repo
a4588e01f14ee3df0d570740827e14e3550fea47,1680188840,18,package.json,npm@9.1.0,package.json,[],projects/govuk-frontend/repo
75ff6a337d86ee221f49534c7896cc3a19c1b598,1680203175,18,package.json,npm@9.1.0,package.json,[],projects/govuk-frontend/repo
248db0a6d0ed63d992254fc566a980cf01a0f97d,1680203176,18,package.json,npm@9.1.0,package.json,[],projects/govuk-frontend/repo
4f755b960f897d2491bc0d0dd75b4a507ada89a1,1680203176,18,package.json,npm@9.1.0,package.json,[],projects/govuk-frontend/repo
6fbf4d5028a8e285b5d1e5d2e745ff0780167a44,1680203176,18,package.json,npm@9.1.0,package.json,[],projects/govuk-frontend/repo
a1407f5dded391ebb74b74beb0ef7ee5d962d111,1680203249,18,package.json,npm@9.1.0,package.json,[],projects/govuk-frontend/repo
924b7ba8b460acff3e3a1c50177674a9814e68f7,1680203249,18,package.json,npm@9.1.0,package.json,[],projects/govuk-frontend/repo
8b360c46a4d0e68bb45e2589606da22f7a9fbaf8,1680203249,18,package.json,npm@9.1.0,package.json,[],projects/govuk-frontend/repo
a3a964ebd1053de61184b8dfe174f9a0f30caae0,1680203250,18,package.json,npm@9.1.0,package.json,[],projects/govuk-frontend/repo
69b3f08fed3f9287d50c3ccde76c95524f06dbba,1680203250,18,package.json,npm@9.1.0,package.json,[],projects/govuk-frontend/repo
fe38010be24f81af8be17a481a8d50b78c837b71,1680203594,18,package.json,npm@9.1.0,package.json,[],projects/govuk-frontend/repo
b1af2b3f489936b40cb28329633dd8053eb1e6de,1680281024,18,package.json,npm@9.1.0,package.json,[],projects/govuk-frontend/repo
f8a3a2016eed7d0c15aa593a05ce90853218359c,1680281178,18,package.json,npm@9.1.0,package.json,[],projects/govuk-frontend/repo
dc928cc68b1d8e32400ef5a74a798ccb162d7941,1680281209,18,package.json,npm@9.1.0,package.json,[],projects/govuk-frontend/repo
e0d252b56ae16fb84c4f2c3d7cc3cda1d783d014,1680281209,18,package.json,npm@9.1.0,package.json,[],projects/govuk-frontend/repo
6717ed1c0e58718e31002e86bf5d28185be40594,1680281486,18,package.json,npm@9.1.0,package.json,[],projects/govuk-frontend/repo
0b182c6592e08f3b20fdcd3a47f32de54d73a31d,1680281574,18,package.json,npm@9.1.0,package.json,[],projects/govuk-frontend/repo
3326e32c48a353ee7027cae8a6e94b526be03091,1680519341,18,package.json,npm@9.1.0,package.json,[],projects/govuk-frontend/repo
6f64efba83354f54827d0923ae0ee33b9feffebe,1680526176,18,package.json,npm@9.1.0,package.json,[],projects/govuk-frontend/repo
cd793cda9e78ab840752a4bd3e4958ea05de1e02,1680526259,18,package.json,npm@9.1.0,package.json,[],projects/govuk-frontend/repo
87e1f40a9ef64e02a8562adedf3890f642530a0e,1680526272,18,package.json,npm@9.1.0,package.json,[],projects/govuk-frontend/repo
6a66551ed307c8b6bc358937d2fe00a4094a5436,1680526277,18,package.json,npm@9.1.0,package.json,[],projects/govuk-frontend/repo
09d8051c9bd04b64a378ce0766b2b34417bd8702,1680530163,18,package.json,npm@9.1.0,package.json,[],projects/govuk-frontend/repo
1b62ea04c2121eaa7493a98cc45dfd37a0147bc8,1680532225,18,package.json,npm@9.1.0,package.json,[],projects/govuk-frontend/repo
dfe30f9e1e29b7808e6fe0f239f7f1a15fe5bbd1,1680532919,18,package.json,npm@9.1.0,package.json,[],projects/govuk-frontend/repo
0ff1154ad980905b2626333f0010528bfccefcfa,1680546430,18,package.json,npm@9.1.0,package.json,[],projects/govuk-frontend/repo
6604dbdd885bd6046038fbebd618440d2d073f16,1680546504,18,package.json,npm@9.1.0,package.json,[],projects/govuk-frontend/repo
e89684a5fbe7593f4cd00fe8fb11fa37be5d416b,1680546562,18,package.json,npm@9.1.0,package.json,[],projects/govuk-frontend/repo
7f2c8d3709dc99bf91572f182b184f2d7d3a66f2,1680546627,18,package.json,npm@9.1.0,package.json,[],projects/govuk-frontend/repo
a9e3a023b006ad9380076d744c3cc9506a3d7ae8,1680551960,18,package.json,npm@9.1.0,package.json,[],projects/govuk-frontend/repo
9bf3faa4c9703cd34ecbde6d33662009bf5b47f7,1680552360,18,package.json,npm@9.1.0,package.json,[],projects/govuk-frontend/repo
c355ed5152dc45d1e1bc30cd636aa0ad49ce6ea8,1680552684,18,package.json,npm@9.1.0,package.json,[],projects/govuk-frontend/repo
41d7cbc719e5642e57c72deb6601ecc64c85f7e5,1680552882,18,package.json,npm@9.1.0,package.json,[],projects/govuk-frontend/repo
959a1a2e132dff218cfe895c91ef22049374b84c,1680552914,18,package.json,npm@9.1.0,package.json,[],projects/govuk-frontend/repo
58dec3358304eeb7a684dd0558d520eaa9b7a78a,1680552939,18,package.json,npm@9.1.0,package.json,[],projects/govuk-frontend/repo
69d6c1d366d720e2af1e35c129a80fb161f6fb8a,1680552980,18,package.json,npm@9.1.0,package.json,[],projects/govuk-frontend/repo
88fccc12a791a5b3de313addc16cff4d6d9a7b45,1680553353,18,package.json,npm@9.1.0,package.json,[],projects/govuk-frontend/repo
3d99d9d3ed220a87c3eccc7a74e2d3adacf4de6f,1681202227,18,package.json,npm@9.1.0,package.json,[],projects/govuk-frontend/repo
d8bee9f7606b3e7e984e66ad2c8a5ee5800572c5,1681202285,18,package.json,npm@9.1.0,package.json,[],projects/govuk-frontend/repo
aa9324a8f05afc2424826b9f2a002b2ee0bdb737,1681202988,18,package.json,npm@9.1.0,package.json,[],projects/govuk-frontend/repo
1c9fd1204e7da0344f5bb19f797df3e797af8c35,1681203230,18,package.json,npm@9.1.0,package.json,[],projects/govuk-frontend/repo
f2d77a055283ae294d58bcda5e83d524af96e04d,1681203323,18,package.json,npm@9.1.0,package.json,[],projects/govuk-frontend/repo
b67be58fcdbad3ef5a0a0f6778ec4f0b4830019d,1681203384,18,package.json,npm@9.1.0,package.json,[],projects/govuk-frontend/repo
b569589ca2df43d8964758d9d07347224d36909b,1681205952,18,package.json,npm@9.1.0,package.json,[],projects/govuk-frontend/repo
0034520b43e93e17c50cea71d62eac1b03e40126,1681206353,18,package.json,npm@9.1.0,package.json,[],projects/govuk-frontend/repo
5f85bfcf6d4d131f994fc26241f293b658aadb3e,1681210793,18,package.json,npm@9.1.0,package.json,[],projects/govuk-frontend/repo
e5bf3a9615882bdeedd6e7e0a8ea73f2bc72be40,1681210794,18,package.json,npm@9.1.0,package.json,[],projects/govuk-frontend/repo
1dc79d9a7945830ef84f8c02ae3f6d5fcb7ca3d1,1681210824,18,package.json,npm@9.1.0,package.json,[],projects/govuk-frontend/repo
9d6e7d1f5d2b3c785e7dc167832641fb66c96c7f,1681210886,18,package.json,npm@9.1.0,package.json,[],projects/govuk-frontend/repo
98d395b5245ecf87738bb2dca4decf40d3a1e48f,1681210922,18,package.json,npm@9.1.0,package.json,[],projects/govuk-frontend/repo
57f0961546af6f3af4d5cc5ab1e9f97f3cc23931,1681210923,18,package.json,npm@9.1.0,package.json,[],projects/govuk-frontend/repo
639a45aa295b65f2741e40a689cc8058c1aa855c,1681210923,18,package.json,npm@9.1.0,package.json,[],projects/govuk-frontend/repo
c625e1bb7f39ce9c5e285735a1c2ddef2ad6ca18,1681210924,18,package.json,npm@9.1.0,package.json,[],projects/govuk-frontend/repo
e9b3c9be9e4917865aae7911cacdc120603836f0,1681210924,18,package.json,npm@9.1.0,package.json,[],projects/govuk-frontend/repo
2518178643724b331239a9069837fb529b6cfca3,1681210924,18,package.json,npm@9.1.0,package.json,[],projects/govuk-frontend/repo
d9e3fdb40c532e13f43b679f620efe308a93e7c9,1681210924,18,package.json,npm@9.1.0,package.json,[],projects/govuk-frontend/repo
fddcaf39e71b18112e42d62d74fc245991a58301,1681210925,18,package.json,npm@9.1.0,package.json,[],projects/govuk-frontend/repo
0f3bd9bf5e1c98d668a0d4ca24e6bfb8d8d1a6bf,1681216494,18,package.json,npm@9.1.0,package.json,[],projects/govuk-frontend/repo
cebc0821e6a5138833459e1f39da2c78b614a48d,1681226367,18,package.json,npm@9.1.0,package.json,[],projects/govuk-frontend/repo
c628dd114adf3062aa0e169cf02754a8396abc4c,1681227696,18,package.json,npm@9.1.0,package.json,[],projects/govuk-frontend/repo
124ca2db9de74d28f822796df13caca1e0c9eb5f,1681295719,18,package.json,npm@9.1.0,package.json,[],projects/govuk-frontend/repo
2fe95dc8f28393e681a36d6aaef480e1814b058e,1681309771,18,package.json,npm@9.1.0,package.json,[],projects/govuk-frontend/repo
0a78d7ddaff35d127b50942787d452974d79b5b9,1681309822,18,package.json,npm@9.1.0,package.json,[],projects/govuk-frontend/repo
c9ca0510c4c243875f99c64e3c0f215ccd26aa01,1681310957,18,package.json,npm@9.1.0,package.json,[],projects/govuk-frontend/repo
b5f53ab2757a6febd2ff71972b08f1426669495d,1681333993,18,package.json,npm@9.1.0,package.json,[],projects/govuk-frontend/repo
5fd8e516bb3c463dddc37787c943f507ff8688e6,1681395990,18,package.json,npm@9.1.0,package.json,[],projects/govuk-frontend/repo
21e0ac5b2b7d24f21e3ec7ad7c5399dcc859ad73,1681395990,18,package.json,npm@9.1.0,package.json,[],projects/govuk-frontend/repo
a728223bdcff818f65f27e10f7155d01fc987bbc,1681396299,18,package.json,npm@9.1.0,package.json,[],projects/govuk-frontend/repo
93fbf29fd9cab4f294d0ad4f7bd98b83dfa3fc63,1681404654,18,package.json,npm@9.1.0,package.json,[],projects/govuk-frontend/repo
d71623b7c95e15bb46e4ef0fa17206c4eb7df085,1681483844,18,package.json,npm@9.1.0,package.json,[],projects/govuk-frontend/repo
d58229d6ea9511c693a98e8894aa1a9de095a7d0,1681483923,18,package.json,npm@9.1.0,package.json,[],projects/govuk-frontend/repo
af6ab255836582e95d1056c935ec5fa0465964de,1681484046,18,package.json,npm@9.1.0,package.json,[],projects/govuk-frontend/repo
59f70c9291148d63490dae52a93bee1347a8e35d,1681484046,18,package.json,npm@9.1.0,package.json,[],projects/govuk-frontend/repo
4449306f9da108e3e90c3f4c11ff536faf3a1f85,1681484046,18,package.json,npm@9.1.0,package.json,[],projects/govuk-frontend/repo
83fd225a98fdf636b7f1c42470ad3dc117298fa6,1681484076,18,package.json,npm@9.1.0,package.json,[],projects/govuk-frontend/repo
da9dfc6b2edfb93133b22cd4a00c6b95e76335fe,1681486024,18,package.json,npm@9.1.0,package.json,[],projects/govuk-frontend/repo
9a08a406359e8c761e23fd449b9c96ab097bff95,1681486076,18,package.json,npm@9.1.0,package.json,[],projects/govuk-frontend/repo
7dbff83bf2e3ec31ab3b03dc6f756c50cbf62206,1681486089,18,package.json,npm@9.1.0,package.json,[],projects/govuk-frontend/repo
e6b022d7d905a65d21dee35863039acf1f47ace1,1681726641,18,package.json,npm@9.1.0,package.json,[],projects/govuk-frontend/repo
f4ad51a4b89000decac0c42f9c06f97a8d1ebf38,1681747704,18,package.json,npm@9.1.0,package.json,[],projects/govuk-frontend/repo
9c46325dfc53b044ee5fdb14e922926d050c8ffc,1681763649,18,package.json,npm@9.1.0,package.json,[],projects/govuk-frontend/repo
1df7607603fd9c0ebd96e541ab59395601b25c53,1681763657,18,package.json,npm@9.1.0,package.json,[],projects/govuk-frontend/repo
ac8bdc4452e47ebd3dbf5f6f1aba0437da23a89a,1681763657,18,package.json,npm@9.1.0,package.json,[],projects/govuk-frontend/repo
677c6f702be56b69194c9092cd3b27145eaa4b09,1681807457,18,package.json,npm@9.1.0,package.json,[],projects/govuk-frontend/repo
eebda29c65e9128060a80a8b7f858b890c874cea,1681807846,18,package.json,npm@9.1.0,package.json,[],projects/govuk-frontend/repo
ed335d6314e6cf41a9a8e4fa5cfc4f43559885d9,1681817632,18,package.json,npm@9.1.0,package.json,[],projects/govuk-frontend/repo
e77814aa3419abdd0cd6fa7b124443594d35c94a,1681823153,18,package.json,npm@9.1.0,package.json,[],projects/govuk-frontend/repo
6b16c0ece2d14332bddd97b5412bebabd885ea23,1681823178,18,package.json,npm@9.1.0,package.json,[],projects/govuk-frontend/repo
b0680ac28a24bbdd2bf4befed362a72a82d84803,1681823178,18,package.json,npm@9.1.0,package.json,[],projects/govuk-frontend/repo
ed3f083bf6493469f25268e509d529d4bad84f8d,1681831760,18,package.json,npm@9.1.0,package.json,[],projects/govuk-frontend/repo
fbe0dd33b743ec9920b1fe791e4b6d6314933fb0,1681996632,18,package.json,npm@9.1.0,package.json,[],projects/govuk-frontend/repo
73c957917a193c61957e889808cc7ba6de479187,1681998015,18,package.json,npm@9.1.0,package.json,[],projects/govuk-frontend/repo
1c7af0e361baee97e37405b850c23f841785ee7c,1681998126,18,package.json,npm@9.1.0,package.json,[],projects/govuk-frontend/repo
447ad6d66c18650e72cdb18403cbf336b1472b32,1681998127,18,package.json,npm@9.1.0,package.json,[],projects/govuk-frontend/repo
2b7dd084bcd02d5fe38dd62442fed43ee65debda,1681998127,18,package.json,npm@9.1.0,package.json,[],projects/govuk-frontend/repo
8ccff697b98e5dd825f33ed23fe0747e80bae8f8,1682092845,18,package.json,npm@9.1.0,package.json,[],projects/govuk-frontend/repo
9e72c9c7b07a4be71ab29b1fce88d95750d225d0,1682092908,18,package.json,npm@9.1.0,package.json,[],projects/govuk-frontend/repo
df2c4760bcf2e63b9845ade143ad2d8d9982042c,1682092908,18,package.json,npm@9.1.0,package.json,[],projects/govuk-frontend/repo
0abed5082dfe0bb465b3abca1de7f3c604cd3c2e,1682094642,18,package.json,npm@9.1.0,package.json,[],projects/govuk-frontend/repo
4ae44a3e2fd47fc3a7920c762dcaf64bf803ddc3,1682094642,18,package.json,npm@9.1.0,package.json,[],projects/govuk-frontend/repo
ebb9e4e11485bd39bf6d0141c445f1f29039af3e,1682094642,18,package.json,npm@9.1.0,package.json,[],projects/govuk-frontend/repo
02616a1c7c363ea952359b4cd05f2580bdee6ba0,1682094642,18,package.json,npm@9.1.0,package.json,[],projects/govuk-frontend/repo
a29df2f33ff31a0901e406034ce07c765c1a69ec,1682094643,18,package.json,npm@9.1.0,package.json,[],projects/govuk-frontend/repo
e877ae3fdb2bd2c597608acb5a2b76ba5cc5e541,1682094643,18,package.json,npm@9.1.0,package.json,[],projects/govuk-frontend/repo
2b13f01be06d418cff884a4000c3af4799a6d890,1682094789,18,package.json,npm@9.1.0,package.json,[],projects/govuk-frontend/repo
4f0e2577134d8f88aec34ca35a3a4056b3968f4e,1682094793,18,package.json,npm@9.1.0,package.json,[],projects/govuk-frontend/repo
6233eaa9cfb6c0dd44ed8341e0ac5e0afe339f84,1682095258,18,package.json,npm@9.1.0,package.json,[],projects/govuk-frontend/repo
b53a4cbcbd62c40506cbc2623f010eb12b723401,1682097592,18,package.json,npm@9.1.0,package.json,[],projects/govuk-frontend/repo
b4b5671b250291cb1147e615540b620c10bcf048,1682097592,18,package.json,npm@9.1.0,package.json,[],projects/govuk-frontend/repo
1d6e719f257f28449008c6c52dad7a605ff3f73e,1682097592,18,package.json,npm@9.1.0,package.json,[],projects/govuk-frontend/repo
3e18ac26eee06ee610db26291a54b95e03de58e4,1682097592,18,package.json,npm@9.1.0,package.json,[],projects/govuk-frontend/repo
79df8f04572ee13b24cb2ef10335806717995576,1682097613,18,package.json,npm@9.1.0,package.json,[],projects/govuk-frontend/repo
264ed3fbb540fc42e47169e2111c35bd4408b262,1682097614,18,package.json,npm@9.1.0,package.json,[],projects/govuk-frontend/repo
7c1f1972e0c6a5def4468750e76f4e466286f0ee,1682097636,18,package.json,npm@9.1.0,package.json,[],projects/govuk-frontend/repo
ba08ee9c98297762004eade0ce94f80366032ef0,1682097636,18,package.json,npm@9.1.0,package.json,[],projects/govuk-frontend/repo
865af368867d7d34a48b0e163a1e19a7683ce916,1682097636,18,package.json,npm@9.1.0,package.json,[],projects/govuk-frontend/repo
0ec548efcace888769df9fa5a74727f86b08f355,1682097636,18,package.json,npm@9.1.0,package.json,[],projects/govuk-frontend/repo
ca1993090137f4b3cc427e75b40ad58628b1e7b7,1682097787,18,package.json,npm@9.1.0,package.json,[],projects/govuk-frontend/repo
f49189950298e8f238316aab229386551fbbed5d,1682183033,18,package.json,npm@9.1.0,package.json,[],projects/govuk-frontend/repo
04e43bbf84bac572973eb4131c50128784dd1328,1682324997,18,package.json,npm@9.1.0,package.json,[],projects/govuk-frontend/repo
72cc3b3bb7539906d94f468afe342822fa439f34,1682325100,18,package.json,npm@9.1.0,package.json,[],projects/govuk-frontend/repo
ca81e227ee7ad7efa4480ca7f211e691b9d1a5bb,1682326010,18,package.json,npm@9.1.0,package.json,[],projects/govuk-frontend/repo
bc4aa562fba3afed862b660f079394eb16bcba15,1682326070,18,package.json,npm@9.1.0,package.json,[],projects/govuk-frontend/repo
9264b8be41b53db5d08b5675b09f5b3191dba6eb,1682330071,18,package.json,npm@9.1.0,package.json,[],projects/govuk-frontend/repo
4394f881c5d8ff16275412806422d48e9d245359,1682330259,18,package.json,npm@9.1.0,package.json,[],projects/govuk-frontend/repo
71864792ee952b76ca575d21fe9eeca2cb9d38f5,1682333505,18,package.json,npm@9.1.0,package.json,[],projects/govuk-frontend/repo
fd0a818d8d95d28a5fe4889a4c799c831d238255,1682334661,18,package.json,npm@9.1.0,package.json,[],projects/govuk-frontend/repo
bb417c2c25554d17ac89824870af18182ec29798,1682336214,18,package.json,npm@9.1.0,package.json,[],projects/govuk-frontend/repo
9979a67dd0aff306eb32d138283e67bf72cc5832,1682336214,18,package.json,npm@9.1.0,package.json,[],projects/govuk-frontend/repo
eb2a1320685caa94dc20d182024950f46c228d09,1682336241,18,package.json,npm@9.1.0,package.json,[],projects/govuk-frontend/repo
587200e6a81355275fd56069626db049961cb626,1682336242,18,package.json,npm@9.1.0,package.json,[],projects/govuk-frontend/repo
29d51ccdfb7d074b25fe2fb099aca28aa9b459ed,1682336242,18,package.json,npm@9.1.0,package.json,[],projects/govuk-frontend/repo
73e46a818c94180b4860c8660f5b2318ade0bb32,1682336692,18,package.json,npm@9.1.0,package.json,[],projects/govuk-frontend/repo
b3f968f9e721d9972baa575726d3d5eee86dac06,1682337028,18,package.json,npm@9.1.0,package.json,[],projects/govuk-frontend/repo
ea8a8430fbec0d6ebe20b1d27123cc7959b16623,1682337096,18,package.json,npm@9.1.0,package.json,[],projects/govuk-frontend/repo
b6ca59e34cc0ba77d39ac1cdd0ede2f2e0a2adec,1682337646,18,package.json,npm@9.1.0,package.json,[],projects/govuk-frontend/repo
759bbb2d6d5079a654cb8a3e196c1512a70782ed,1682337991,18,package.json,npm@9.1.0,package.json,[],projects/govuk-frontend/repo
6f4ba3b5c516f25becb08e644c7e725aa9274cd3,1682338141,18,package.json,npm@9.1.0,package.json,[],projects/govuk-frontend/repo
a854b08710247222e55ae672a0d6371fd1252a18,1682338280,18,package.json,npm@9.1.0,package.json,[],projects/govuk-frontend/repo
d3f04c6660fcff604e236205e8f92f5e5600de16,1682339311,18,package.json,npm@9.1.0,package.json,[],projects/govuk-frontend/repo
d1e2c0b4be1c8bb29e5367fa78091e2121a8fcfc,1682339381,18,package.json,npm@9.1.0,package.json,[],projects/govuk-frontend/repo
2bae1a0d12764ae07f900d8b1984fd5b519df173,1682344482,18,package.json,npm@9.1.0,package.json,[],projects/govuk-frontend/repo
5241c8dac0585219e127c8cdb7a83c9b597debd2,1682344875,18,package.json,npm@9.1.0,package.json,[],projects/govuk-frontend/repo
f22b75750970ec3ddb20d27d02bdb2c02bcb258d,1682345795,18,package.json,npm@9.1.0,package.json,[],projects/govuk-frontend/repo
e70d7270efe4e865bd47c5758bedee4217b9a566,1682346704,18,package.json,npm@9.1.0,package.json,[],projects/govuk-frontend/repo
d513b97636220ed4a5061a236f9162eb2ea5c30c,1682347278,18,package.json,npm@9.1.0,package.json,[],projects/govuk-frontend/repo
5e9b2d4dd8a47ff4c3fd4e9b74a8cfd10bde787f,1682347347,18,package.json,npm@9.1.0,package.json,[],projects/govuk-frontend/repo
4b1eb6ea2b604f15ed1fc0421cdeb34e899422f7,1682349244,18,package.json,npm@9.1.0,package.json,[],projects/govuk-frontend/repo
9a16037450b05fc29041446cb0222cb8666ffbfd,1682356289,18,package.json,npm@9.1.0,package.json,[],projects/govuk-frontend/repo
fd3e63e6c65b3d32661236c7a2d0fe8fc23a9452,1682411872,18,package.json,npm@9.1.0,package.json,[],projects/govuk-frontend/repo
3bf3db56bdbc97e7c1605d3891ac3379a6d87c67,1682411955,18,package.json,npm@9.1.0,package.json,[],projects/govuk-frontend/repo
63cf5fade5f3c4a465637c6664f45e1d970d4d24,1682412212,18,package.json,npm@9.1.0,package.json,[],projects/govuk-frontend/repo
905edee662464492e7729c06eb187678b4db34c0,1682412379,18,package.json,npm@9.1.0,package.json,[],projects/govuk-frontend/repo
ddb9275284d033d8d0446e4ab2ff84a3dedc7dd9,1682413366,18,package.json,npm@9.1.0,package.json,[],projects/govuk-frontend/repo
269634b78597bc31edb2e888b0c69811de9d128f,1682415563,18,package.json,npm@9.1.0,package.json,[],projects/govuk-frontend/repo
c8c8f5a21072f6925a0ab5cba62606bc2d4bd64d,1682416492,18,package.json,npm@9.1.0,package.json,[],projects/govuk-frontend/repo
719ccf8e4a1d2150dd70bfc14551a391ef036f53,1682432107,18,package.json,npm@9.1.0,package.json,[],projects/govuk-frontend/repo
562172d257e908e10d336308b0999630d514b92f,1682457297,18,package.json,npm@9.1.0,package.json,[],projects/govuk-frontend/repo
eed94f8b29072325542f2ca4c4d0ffec6c4c543d,1682495269,18,package.json,npm@9.1.0,package.json,[],projects/govuk-frontend/repo
0c96ed0f58afb7d82e22d14eec31f2af7609906e,1682495626,18,package.json,npm@9.1.0,package.json,[],projects/govuk-frontend/repo
a71152fe11eb50eb670595922c36b411e7497cdd,1682495780,18,package.json,npm@9.1.0,package.json,[],projects/govuk-frontend/repo
b815522894e1f841f019ef61d91e6e690eb768af,1682498996,18,package.json,npm@9.1.0,package.json,[],projects/govuk-frontend/repo
f3bfca8aeb900c591139017d884cf9cf2accbc65,1682517610,18,package.json,npm@9.1.0,package.json,[],projects/govuk-frontend/repo
3fe21cf5cbcff924e8f3f1c7981a2414b545bfc9,1682518231,18,package.json,npm@9.1.0,package.json,[],projects/govuk-frontend/repo
3cd5a663c34d21a71e0238f0de14cbd656237e4f,1682523325,18,package.json,npm@9.1.0,package.json,[],projects/govuk-frontend/repo
31cec7c764b30a4a8b8eae7d0ecb7ad69b450baa,1682524677,18,package.json,npm@9.1.0,package.json,[],projects/govuk-frontend/repo
065195fe7aea7338277e6bda6aecb97367b667ef,1682525563,18,package.json,npm@9.1.0,package.json,[],projects/govuk-frontend/repo
4b7355f51612466b197f4fea9427b37ce2de67bf,1682585479,18,package.json,npm@9.1.0,package.json,[],projects/govuk-frontend/repo
704a6175a7c5c2e32ba89ca5641152713221716c,1682585631,18,package.json,npm@9.1.0,package.json,[],projects/govuk-frontend/repo
a8d4ae56e9d1b5f6bc3ad3c0881a5f0b528a4bc2,1682589248,18,package.json,npm@9.1.0,package.json,[],projects/govuk-frontend/repo
a53c6a46ccb47fb20533f526f092bb1db703f754,1682589734,18,package.json,npm@9.1.0,package.json,[],projects/govuk-frontend/repo
e401100290fad4281bf5e534609ddae5ec054042,1682610894,18,package.json,npm@9.1.0,package.json,[],projects/govuk-frontend/repo
88bb0eb4fcac64b1996afc9f5eb5a69e6a1eb5a4,1682611518,18,package.json,npm@9.1.0,package.json,[],projects/govuk-frontend/repo
3216b748160f8be96441b1fae5895cc3205c53f3,1682612471,18,package.json,npm@9.1.0,package.json,[],projects/govuk-frontend/repo
fdb5b4f9041325d212ee2a129d54479d68df41aa,1682612559,18,package.json,npm@9.1.0,package.json,[],projects/govuk-frontend/repo
a32b3e5ef1a35205fa1bf01381e7cec4b241abca,1682612803,18,package.json,npm@9.1.0,package.json,[],projects/govuk-frontend/repo
e6351f64dc5e214e473d53f17e0948eb38a32608,1682613165,18,package.json,npm@9.1.0,package.json,[],projects/govuk-frontend/repo
55fc76578df903501bbea6de166b0ed3f6794524,1682935031,18,package.json,npm@9.1.0,package.json,[],projects/govuk-frontend/repo
efef4aae030af00021953db49ed88969f9abd8ac,1682935086,18,package.json,npm@9.1.0,package.json,[],projects/govuk-frontend/repo
9f26853e719497c4aab0b16b910a316c2230e922,1683013305,18,package.json,npm@9.1.0,package.json,[],projects/govuk-frontend/repo
308ace407028516ba31574ead57d4d8fbdda1866,1683013355,18,package.json,npm@9.1.0,package.json,[],projects/govuk-frontend/repo
b511de124184299bf2bc3725af085b78883762d4,1683013414,18,package.json,npm@9.1.0,package.json,[],projects/govuk-frontend/repo
9eb688df938ecd99109e1f0a061272d12ff910af,1683021545,18,package.json,npm@9.1.0,package.json,[],projects/govuk-frontend/repo
53d24f415e96a82466b051b58ae195fd703ea16d,1683021919,18,package.json,npm@9.1.0,package.json,[],projects/govuk-frontend/repo
0e39a489a3630ad9ca7e9e34d383c453de18277b,1683021987,18,package.json,npm@9.1.0,package.json,[],projects/govuk-frontend/repo
4302f4e8c48f6f3d46a9d2259638c3d479be79c0,1683022378,18,package.json,npm@9.1.0,package.json,[],projects/govuk-frontend/repo
df0715dae9694b8e2f78bf8ce4c974e95f59c262,1683024913,18,package.json,npm@9.1.0,package.json,[],projects/govuk-frontend/repo
2da630346da36ab3c7d7c8f414ca457b7cf91379,1683025440,18,package.json,npm@9.1.0,package.json,[],projects/govuk-frontend/repo
a2f7a1e394a3b00056861f7261a7e302c5a2de3b,1683025440,18,package.json,npm@9.1.0,package.json,[],projects/govuk-frontend/repo
6ad6a83b42397ac16607de8ca31099dcd3fb1a14,1683025441,18,package.json,npm@9.1.0,package.json,[],projects/govuk-frontend/repo
6549e579f6bd9792781cba0e9346cc99e55dadca,1683025441,18,package.json,npm@9.1.0,package.json,[],projects/govuk-frontend/repo
765d2e522641d5bf5eaca0314cd47cfcbe128d2f,1683025441,18,package.json,npm@9.1.0,package.json,[],projects/govuk-frontend/repo
cb8c16aaef1dcf2a670e6d1fc1fe180165d44170,1683025441,18,package.json,npm@9.1.0,package.json,[],projects/govuk-frontend/repo
7dbe5dcb0897fbc062b818b8bbc0d3bd09a69e42,1683028027,18,package.json,npm@9.1.0,package.json,[],projects/govuk-frontend/repo
11491007ec8208408237822843434e0a69e3c164,1683028053,18,package.json,npm@9.1.0,package.json,[],projects/govuk-frontend/repo
42a4643040f29ef31280184ab4e0989895704c4b,1683028053,18,package.json,npm@9.1.0,package.json,[],projects/govuk-frontend/repo
ce1b69e33b69807211bd4caaea13e26a7d54e83e,1683028053,18,package.json,npm@9.1.0,package.json,[],projects/govuk-frontend/repo
ce75dd6819d61225bfe2682bd111149dc8bddceb,1683028053,18,package.json,npm@9.1.0,package.json,[],projects/govuk-frontend/repo
a1403ce4e5763800705dbf170bb0d2a1ac066283,1683028053,18,package.json,npm@9.1.0,package.json,[],projects/govuk-frontend/repo
f0a1e261553ce68bb2873a1232ec80b0380c5878,1683028053,18,package.json,npm@9.1.0,package.json,[],projects/govuk-frontend/repo
ebe3811e23aa1e8c6c30c65bd493ff2363e773f5,1683028054,18,package.json,npm@9.1.0,package.json,[],projects/govuk-frontend/repo
c68a4a8c3591611aad65f10b3a2eaf511bc5d9b3,1683028054,18,package.json,npm@9.1.0,package.json,[],projects/govuk-frontend/repo
14887eee1c00782db57ea33afb8ccb9041c3cea0,1683028054,18,package.json,npm@9.1.0,package.json,[],projects/govuk-frontend/repo
3b87ee7386305102b221c8319cf29e6507392c1a,1683028054,18,package.json,npm@9.1.0,package.json,[],projects/govuk-frontend/repo
021b047b2e3c4c0a0bdbbf5ce94d99777542f8c3,1683028054,18,package.json,npm@9.1.0,package.json,[],projects/govuk-frontend/repo
e81138d8a83f7407db3d169528dc47b7abd277c9,1683028255,18,package.json,npm@9.1.0,package.json,[],projects/govuk-frontend/repo
3509a38e1b866bf9134e7615e788884bc30b16bf,1683033298,18,package.json,npm@9.1.0,package.json,[],projects/govuk-frontend/repo
0b7e45b872897ff484b735c3c66b2ce3091f3489,1683122678,18,package.json,npm@9.1.0,package.json,[],projects/govuk-frontend/repo
713847c2967eedcd05f74718472b13aa0dea8d09,1683128497,18,package.json,npm@9.1.0,package.json,[],projects/govuk-frontend/repo
acf53d96860fd1668f285ded5b812acfd1d521cb,1683132184,18,package.json,npm@9.1.0,package.json,[],projects/govuk-frontend/repo
46f8e10599d6d63ef8b71ef4eeec95660fe79e5e,1683132185,18,package.json,npm@9.1.0,package.json,[],projects/govuk-frontend/repo
4b690372a0d11609e8680caf607a7800155fb39b,1683132185,18,package.json,npm@9.1.0,package.json,[],projects/govuk-frontend/repo
0a315d2fe60a26fb9626097cc40d55853ebb0242,1683188741,18,package.json,npm@9.1.0,package.json,[],projects/govuk-frontend/repo
ba999ce5b2c5fd13f5d86c837c6c467aa06f954f,1683194729,18,package.json,npm@9.1.0,package.json,[],projects/govuk-frontend/repo
b6c7416345f751847b0f5a74fb363560b96bb93f,1683198345,18,package.json,npm@9.1.0,package.json,[],projects/govuk-frontend/repo
d5d7f5d80d2dfc71e01ef2273d3c45b973f7eb26,1683198367,18,package.json,npm@9.1.0,package.json,[],projects/govuk-frontend/repo
ebe3101d2672940ded4e12df8eec1e26dfbb57dd,1683198367,18,package.json,npm@9.1.0,package.json,[],projects/govuk-frontend/repo
c3044f8a195b6cf8d5a6af6a6be5ccd71dea3e23,1683198367,18,package.json,npm@9.1.0,package.json,[],projects/govuk-frontend/repo
d311d5c44df1db43e37cefe9841f50c5148448de,1683198367,18,package.json,npm@9.1.0,package.json,[],projects/govuk-frontend/repo
723abb5d980150a6df78fd630ea996312fdd2b6e,1683198367,18,package.json,npm@9.1.0,package.json,[],projects/govuk-frontend/repo
cc0b77af1ea3cdd48fe75de6c49d532a3eed39e0,1683198368,18,package.json,npm@9.1.0,package.json,[],projects/govuk-frontend/repo
102601ec1d7a7294b601e7f0c1141e785c0207dd,1683199752,18,package.json,npm@9.1.0,package.json,[],projects/govuk-frontend/repo
6d9eb1a70584beda6a0d8b20424be986fa5f9d9c,1683199782,18,package.json,npm@9.1.0,package.json,[],projects/govuk-frontend/repo
392c62e115929f77811573f405e163519ec0299d,1683199907,18,package.json,npm@9.1.0,package.json,[],projects/govuk-frontend/repo
046b113105e791a424c1ec1e064e5f10238e702b,1683199907,18,package.json,npm@9.1.0,package.json,[],projects/govuk-frontend/repo
49f8545be29f99a3d3465ae13f8b55e71e6578d7,1683199907,18,package.json,npm@9.1.0,package.json,[],projects/govuk-frontend/repo
aa07d0f980910bf2c013d3691210dcb53ba10f7c,1683199907,18,package.json,npm@9.1.0,package.json,[],projects/govuk-frontend/repo
a53c42b2b60979811c0322c76d1b755df273f056,1683199908,18,package.json,npm@9.1.0,package.json,[],projects/govuk-frontend/repo
a5880f648a7dcb4f0557333a6304315a6afe3ee7,1683199908,18,package.json,npm@9.1.0,package.json,[],projects/govuk-frontend/repo
f9c7ff0cfa5466076870275827d96e0554e4337d,1683199935,18,package.json,npm@9.1.0,package.json,[],projects/govuk-frontend/repo
b64df8e9957199d1db6fe614751a165fe43ff26b,1683199935,18,package.json,npm@9.1.0,package.json,[],projects/govuk-frontend/repo
60743300bb16fff060c6a457b8c6df7e948dc06a,1683199935,18,package.json,npm@9.1.0,package.json,[],projects/govuk-frontend/repo
b1e10e7e99cd7792ca4bf32025fe76b865cba99d,1683199935,18,package.json,npm@9.1.0,package.json,[],projects/govuk-frontend/repo
9862a1e9279ba96fee1ef5a9c3f4d6ac2203d978,1683199936,18,package.json,npm@9.1.0,package.json,[],projects/govuk-frontend/repo
96dd9b1fa53e51b1c53b9b73fd2238b419df1766,1683200075,18,package.json,npm@9.1.0,package.json,[],projects/govuk-frontend/repo
bdfd740d72576529ba2b41ca97a035b9cd82d71d,1683200076,18,package.json,npm@9.1.0,package.json,[],projects/govuk-frontend/repo
5fac4813a7609effd6bb3c1732a945df2040eb56,1683200109,18,package.json,npm@9.1.0,package.json,[],projects/govuk-frontend/repo
9943030cdf4bb6e4008d8ce85951a545bb75badc,1683200110,18,package.json,npm@9.1.0,package.json,[],projects/govuk-frontend/repo
025871d89c7203a5f16a2931bb761f4e5d3ccd3e,1683200110,18,package.json,npm@9.1.0,package.json,[],projects/govuk-frontend/repo
9939ce973ebf92ce80daad5053ed07c1fdf05e0f,1683200110,18,package.json,npm@9.1.0,package.json,[],projects/govuk-frontend/repo
efb5160cdb7b6f08a4b2e1f2daa3758fbc58e79a,1683200110,18,package.json,npm@9.1.0,package.json,[],projects/govuk-frontend/repo
a6e561b75f29e3f7392f7ea6edab07ffaebe4d1a,1683200111,18,package.json,npm@9.1.0,package.json,[],projects/govuk-frontend/repo
1df7e0e66b8c4bfe854a31cc8894bef6905acfdb,1683200111,18,package.json,npm@9.1.0,package.json,[],projects/govuk-frontend/repo
ef3a079dc48abb4a01b0731b7a66f9a1a7cd7617,1683200111,18,package.json,npm@9.1.0,package.json,[],projects/govuk-frontend/repo
3f137650cc89923882a6f1af9ee153619516df0f,1683200232,18,package.json,npm@9.1.0,package.json,[],projects/govuk-frontend/repo
1101e6c28bf07016f17443bf715c76c54e6c762c,1683200232,18,package.json,npm@9.1.0,package.json,[],projects/govuk-frontend/repo
dc875b73a4a635057e6b8151e75211212c06ca67,1683200233,18,package.json,npm@9.1.0,package.json,[],projects/govuk-frontend/repo
30ac47baa3906dd78d81ada541eaad8601ddcfa1,1683204081,18,package.json,npm@9.1.0,package.json,[],projects/govuk-frontend/repo
7ca01782f6de8101ec3ec9675481b85639f4483f,1683204108,18,package.json,npm@9.1.0,package.json,[],projects/govuk-frontend/repo
2a0a53908682d2b04f1e3660f63e766f67bd6515,1683204305,18,package.json,npm@9.1.0,package.json,[],projects/govuk-frontend/repo
d6558a2082cd7b14a3d6c502c492e86a11c63f79,1683204425,18,package.json,npm@9.1.0,package.json,[],projects/govuk-frontend/repo
794ccf80423a413295908b4f3cd2cedfd1b187a6,1683207808,18,package.json,npm@9.1.0,package.json,[],projects/govuk-frontend/repo
3133a07453a5706134d33e0ae2ee0c1219fa9084,1683208679,18,package.json,npm@9.1.0,package.json,[],projects/govuk-frontend/repo
fb2f0923acaeeb52db79e9d06b7acdbd34737ca2,1683209081,18,package.json,npm@9.1.0,package.json,[],projects/govuk-frontend/repo
f6701bd9d18f532d68194d024182f92578b8db2b,1683209116,18,package.json,npm@9.1.0,package.json,[],projects/govuk-frontend/repo
6642806d3eaf66b091ef72ff8d5a46ae29e6fc42,1683209150,18,package.json,npm@9.1.0,package.json,[],projects/govuk-frontend/repo
f55e848b9882b2b3de6f882cb56ebb0536166886,1683209158,18,package.json,npm@9.1.0,package.json,[],projects/govuk-frontend/repo
a7f1e579b91d86b2de6bb6aaaab78ff4184b8959,1683209728,18,package.json,npm@9.1.0,package.json,[],projects/govuk-frontend/repo
ba5b2d218f552be369da974aa5b6048e159a0cc3,1683209794,18,package.json,npm@9.1.0,package.json,[],projects/govuk-frontend/repo
33d6be589e087ba03acb1669e8a2f7543b1420db,1683214341,18,package.json,npm@9.1.0,package.json,[],projects/govuk-frontend/repo
dc5d5fa6c95e90b447aaa3d595957965cff3d14b,1683214924,18,package.json,npm@9.1.0,package.json,[],projects/govuk-frontend/repo
fc8a0c679509028eebbb711ad3f12757442de1de,1683218625,18,package.json,npm@9.1.0,package.json,[],projects/govuk-frontend/repo
63df7cd0e1c3888359ac1b92196ae79e1fc1f3f5,1683218849,18,package.json,npm@9.1.0,package.json,[],projects/govuk-frontend/repo
55f7fb65e49e5b17d6d19dc9bc4bf0ad11988875,1683218895,18,package.json,npm@9.1.0,package.json,[],projects/govuk-frontend/repo
f4cd8657001b1af7c97be62aa650a561bc585cef,1683219080,18,package.json,npm@9.1.0,package.json,[],projects/govuk-frontend/repo
a5477196017e63973a1f2a0e781e2f1e605558c5,1683219594,18,package.json,npm@9.1.0,package.json,[],projects/govuk-frontend/repo
a2139dcdc7cd5c75b571b12a3da03a87bbf7fcb0,1683219699,18,package.json,npm@9.1.0,package.json,[],projects/govuk-frontend/repo
465c1e668f5f5cb129e225b588557152c9f1aae6,1683279531,18,package.json,npm@9.1.0,package.json,[],projects/govuk-frontend/repo
6f9156dccf16e83eb2cde811f412e7698971af0d,1683279560,18,package.json,npm@9.1.0,package.json,[],projects/govuk-frontend/repo
2398bd6718b8a0bf55042d4067eba3616a1d31da,1683288575,18,package.json,npm@9.1.0,package.json,[],projects/govuk-frontend/repo
911483950a17ef64adb9a3f993b8726997262976,1683301021,18,package.json,npm@9.1.0,package.json,[],projects/govuk-frontend/repo
4fd51c67b685791192fe6d8e15d6fdd5953db024,1683301174,18,package.json,npm@9.1.0,package.json,[],projects/govuk-frontend/repo
1d61bdab5b793aa80a55e2afc5bdc0faf35a84cc,1683301682,18,package.json,npm@9.1.0,package.json,[],projects/govuk-frontend/repo
dc2d5a556dbb327db1448fc3965f09230f880031,1683303050,18,package.json,npm@9.1.0,package.json,[],projects/govuk-frontend/repo
07ee1cdbbce23ecd222c885a1bcd53017f4f6840,1683303419,18,package.json,npm@9.1.0,package.json,[],projects/govuk-frontend/repo
15a78ed446ffcb549d17c269b1b98ed871a608de,1683303914,18,package.json,npm@9.1.0,package.json,[],projects/govuk-frontend/repo
4b2ced32664edf37dd318107bdc7d23886acd4e5,1683539837,18,package.json,npm@9.1.0,package.json,[],projects/govuk-frontend/repo
c281d13088af33557cfe4d37d47871debac7ae38,1683539879,18,package.json,npm@9.1.0,package.json,[],projects/govuk-frontend/repo
4b1ff57e9eae6727a7f6737120e82c62cd7fe5d9,1683539978,18,package.json,npm@9.1.0,package.json,[],projects/govuk-frontend/repo
4f679eeef3fc7242e7e915323db6b312bbe80b87,1683622710,18,package.json,npm@9.1.0,package.json,[],projects/govuk-frontend/repo
a95859a61b727af9bb4e1a76af6c9748c515e614,1683622768,18,package.json,npm@9.1.0,package.json,[],projects/govuk-frontend/repo
f1f978d40336b3d3694fede06411f531fe094c93,1683629960,18,package.json,npm@9.1.0,package.json,[],projects/govuk-frontend/repo
3462066a1a9139a67f7a3a705b2dcc50d4513cf3,1683630417,18,package.json,npm@9.1.0,package.json,[],projects/govuk-frontend/repo
2318975e128b22be092e1e1b8bf4d6b2ea349acf,1683636369,18,package.json,npm@9.1.0,package.json,[],projects/govuk-frontend/repo
3da7e598e9f608295f791112a49b1ce2a8745892,1683645084,18,package.json,npm@9.1.0,package.json,[],projects/govuk-frontend/repo
40b74d19b822a5bfa0fa427f8f908a20b0a86a19,1683646088,18,package.json,npm@9.1.0,package.json,[],projects/govuk-frontend/repo
fb90605fe2cc63769b48d687d500aab0f29a74f2,1683650640,18,package.json,npm@9.1.0,package.json,[],projects/govuk-frontend/repo
c9d851720f81c34170e8c67eb4f0f0d6947edec7,1683650751,18,package.json,npm@9.1.0,package.json,[],projects/govuk-frontend/repo
1865177270bb2f97b99c119e2743bb3f1e3cc70c,1683650785,18,package.json,npm@9.1.0,package.json,[],projects/govuk-frontend/repo
e90a395b81d561e71ab96d77b2b30d06c3017e26,1683651107,18,package.json,npm@9.1.0,package.json,[],projects/govuk-frontend/repo
d4aac9d4b16c4e1d5d2f7d1d49c637c57759fdbb,1683707389,18,package.json,npm@9.1.0,package.json,[],projects/govuk-frontend/repo
33fc54c76de6ad063af3815908fd067383983758,1683708594,18,package.json,npm@9.1.0,package.json,[],projects/govuk-frontend/repo
7647591acd7ca4bef9487256980e81cbd987b624,1683709826,18,package.json,npm@9.1.0,package.json,[],projects/govuk-frontend/repo
e28fa1a92f9271166c9a1473aba7c8eab783205b,1683709826,18,package.json,npm@9.1.0,package.json,[],projects/govuk-frontend/repo
77d7866a593137751d895b668b0e423b3f3b26fc,1683710914,18,package.json,npm@9.1.0,package.json,[],projects/govuk-frontend/repo
7798cfaa78b844234a3521246f13640dfdcc48f3,1683711076,18,package.json,npm@9.1.0,package.json,[],projects/govuk-frontend/repo
1e7b7e2aaa234b3b76cb092007dbd48f19711918,1683711188,18,package.json,npm@9.1.0,package.json,[],projects/govuk-frontend/repo
43319877dcb5d8fb58aebbcb7201b4caca815b52,1683718733,18,package.json,npm@9.1.0,package.json,[],projects/govuk-frontend/repo
f4d0533d77df59dc9a52c874e3b773e7832d89c2,1683795602,18,package.json,npm@9.1.0,package.json,[],projects/govuk-frontend/repo
3fd9534632fa9ab161e9f81a8da46cd849d405f9,1683795674,18,package.json,npm@9.1.0,package.json,[],projects/govuk-frontend/repo
a859245cc677cd03ccbf252e859a5c7cb412c638,1683795675,18,package.json,npm@9.1.0,package.json,[],projects/govuk-frontend/repo
cc512d83e7fb9eb7b4b874d04e534b48d8ac4a42,1683799687,18,package.json,npm@9.1.0,package.json,[],projects/govuk-frontend/repo
56bad684706f11d6504d8ef5f16b30dfbdcee869,1683799959,18,package.json,npm@9.1.0,package.json,[],projects/govuk-frontend/repo
5c8f49265b6358c92c50cc11f6a2b692303d0664,1683799960,18,package.json,npm@9.1.0,package.json,[],projects/govuk-frontend/repo
947ed212918a29d1339cdba39e2d6463eded1646,1683799961,18,package.json,npm@9.1.0,package.json,[],projects/govuk-frontend/repo
24c275c189415d43f406e7925acd1775c0160f0c,1683800225,18,package.json,npm@9.1.0,package.json,[],projects/govuk-frontend/repo
8638e4c6b74adaa5328b3e586f9374b698b8c6b8,1683800226,18,package.json,npm@9.1.0,package.json,[],projects/govuk-frontend/repo
d915dfccbe178d76ddeee288b565320a91549074,1683800286,18,package.json,npm@9.1.0,package.json,[],projects/govuk-frontend/repo
09290fc4c0d6586f637040181e386afed11a2679,1683801957,18,package.json,npm@9.1.0,package.json,[],projects/govuk-frontend/repo
366057db1495cab321414d1d3aefe10495d662d8,1683802214,18,package.json,npm@9.1.0,package.json,[],projects/govuk-frontend/repo
624efdc3d150e56aa4ae7dc027dfd1d94fdb49df,1683803352,18,package.json,npm@9.1.0,package.json,[],projects/govuk-frontend/repo
326362b93eb4c7fadeb724598e9a3dca5b1947c1,1683803411,18,package.json,npm@9.1.0,package.json,[],projects/govuk-frontend/repo
55812d6794d95776a051777023640638272d3f2b,1683803455,18,package.json,npm@9.1.0,package.json,[],projects/govuk-frontend/repo
d694d278d84b1fff39373c52ac26abe346ad97b9,1683803493,18,package.json,npm@9.1.0,package.json,[],projects/govuk-frontend/repo
1279f02d9b37ea90cc7969864933685182b624ab,1683803530,18,package.json,npm@9.1.0,package.json,[],projects/govuk-frontend/repo
ac667d3e792a685355a3da12c6f2492e8b36ad94,1683804762,18,package.json,npm@9.1.0,package.json,[],projects/govuk-frontend/repo
525aeff64708bc05e21e72265212dfaf7c100776,1683804967,18,package.json,npm@9.1.0,package.json,[],projects/govuk-frontend/repo
a5b558d3268389cc1d61f5b40c55631ec0581f2e,1683805398,18,package.json,npm@9.1.0,package.json,[],projects/govuk-frontend/repo
d6bf9bd701597f895f14bf44e4d6dfc4140f40ac,1683805599,18,package.json,npm@9.1.0,package.json,[],projects/govuk-frontend/repo
063cccb1c1e7ab0c0f734617f623e63902596081,1683810326,18,package.json,npm@9.1.0,package.json,[],projects/govuk-frontend/repo
9995f5e7f281c03f974d29e82bccc7d74d132479,1683811108,18,package.json,npm@9.1.0,package.json,[],projects/govuk-frontend/repo
c217562f50497140cfdb2e14c197a67d259a2c0b,1683811141,18,package.json,npm@9.1.0,package.json,[],projects/govuk-frontend/repo
0153e10dadade4f1892261177102dcddb3b660da,1683811173,18,package.json,npm@9.1.0,package.json,[],projects/govuk-frontend/repo
a5af7d2af37794473a7daee69750e874d4d7424b,1683811196,18,package.json,npm@9.1.0,package.json,[],projects/govuk-frontend/repo
2d85ce3e84fab73dd4dbd8042a8e1c2b6d4197fe,1683815309,18,package.json,npm@9.1.0,package.json,[],projects/govuk-frontend/repo
e289b7a3486378311e824981f3a1da8e471e46b0,1683818473,18,package.json,npm@9.1.0,package.json,[],projects/govuk-frontend/repo
add46ce60baa125b49a183ca6e2f2377eb1cf69b,1683818736,18,package.json,npm@9.1.0,package.json,[],projects/govuk-frontend/repo
66c34a8aae7eefd14b76685844bf6b574511a461,1683818955,18,package.json,npm@9.1.0,package.json,[],projects/govuk-frontend/repo
b159e03da82e4f95f83f4b258ba3ac1776d108bc,1683819195,18,package.json,npm@9.1.0,package.json,[],projects/govuk-frontend/repo
7b407ff810ded5a51896282efd1b65fe8d167886,1683819247,18,package.json,npm@9.1.0,package.json,[],projects/govuk-frontend/repo
1552ec33afc8eadaa86b97b3a4f1c319866f8c54,1683819891,18,package.json,npm@9.1.0,package.json,[],projects/govuk-frontend/repo
7251688f3ffaa8282d1e85b5bf985e7448f7b794,1683819935,18,package.json,npm@9.1.0,package.json,[],projects/govuk-frontend/repo
b4043bd7b24730605104fb67e6e0cf258eec2ae6,1683819961,18,package.json,npm@9.1.0,package.json,[],projects/govuk-frontend/repo
b77aaa3998dcc12b23c13bbc7dffa4edcbac7ffd,1683820556,18,package.json,npm@9.1.0,package.json,[],projects/govuk-frontend/repo
fc1872835b953a1d49017ea8454b92a54e1edc09,1683820818,18,package.json,npm@9.1.0,package.json,[],projects/govuk-frontend/repo
42806cc89d8cae35a72dd52a2238c2b2eabfcdff,1683820887,18,package.json,npm@9.1.0,package.json,[],projects/govuk-frontend/repo
a19418165e8e80544a16674e7476ffb28682eb80,1683820925,18,package.json,npm@9.1.0,package.json,[],projects/govuk-frontend/repo
13b85e3c6f8fe717a1290cbcf8de0f04aa8910ed,1683821563,18,package.json,npm@9.1.0,package.json,[],projects/govuk-frontend/repo
d9cf1db857889f6b260325035d3af0ae40e9591a,1683821652,18,package.json,npm@9.1.0,package.json,[],projects/govuk-frontend/repo
bb4e63982b6fe67ad0f962a761eae358e2850f2f,1683822252,18,package.json,npm@9.1.0,package.json,[],projects/govuk-frontend/repo
be5b0ec20ac7a1caad712ce2ce60082e60e744b7,1683822252,18,package.json,npm@9.1.0,package.json,[],projects/govuk-frontend/repo
98b2d233037b4191b9c3a25da9770bf6a19ef8f1,1683822252,18,package.json,npm@9.1.0,package.json,[],projects/govuk-frontend/repo
91d1879e68bbc8df95938a8e61e81b24f347711e,1683822252,18,package.json,npm@9.1.0,package.json,[],projects/govuk-frontend/repo
65ba0f01f46204ca6291d81bd5af51e5bcaa1814,1683822252,18,package.json,npm@9.1.0,package.json,[],projects/govuk-frontend/repo
a6f486f891b15c60cd067b80111caa745c2df6ab,1683822263,18,package.json,npm@9.1.0,package.json,[],projects/govuk-frontend/repo
e923767103b9873b4b56617e60b8de434c891d9b,1683822835,18,package.json,npm@9.1.0,package.json,[],projects/govuk-frontend/repo
66a20de5776d762431e56be36ed1fbde0f70fbf3,1683823168,18,package.json,npm@9.1.0,package.json,[],projects/govuk-frontend/repo
42ca1b493aaeacc7acd97bd70ade14e4433fdc70,1683823217,18,package.json,npm@9.1.0,package.json,[],projects/govuk-frontend/repo
42186c78b14662f935e10f3d96cb50f86654a9e4,1683823720,18,package.json,npm@9.1.0,package.json,[],projects/govuk-frontend/repo
2639ea0194a407ade70bbc5c9d69ad52350dbfef,1683898483,18,package.json,npm@9.1.0,package.json,[],projects/govuk-frontend/repo
fa2916d97a2c5492f54af1b0842f505a1d31118f,1683899018,18,package.json,npm@9.1.0,package.json,[],projects/govuk-frontend/repo
85fb64021116386dcefc38897a27156681d8567d,1683900619,18,package.json,npm@9.1.0,package.json,[],projects/govuk-frontend/repo
2374462cefdd8926255c6308a8bea7b25f72b05f,1684135545,18,package.json,npm@9.1.0,package.json,[],projects/govuk-frontend/repo
d9b86c4e91549b72b8eae699fc399b33f2e154ea,1684135573,18,package.json,npm@9.1.0,package.json,[],projects/govuk-frontend/repo
5cd38ffc656796dd5cd197b556ded004221718dd,1684135604,18,package.json,npm@9.1.0,package.json,[],projects/govuk-frontend/repo
3055a8b7be5c54bfa390ff87e5bce07a7b82fc5b,1684135630,18,package.json,npm@9.1.0,package.json,[],projects/govuk-frontend/repo
46378cd39a3de1d176a23ce97f6ab0800cb85ae7,1684137077,18,package.json,npm@9.1.0,package.json,[],projects/govuk-frontend/repo
80e53edbe71e503d6f192d9b2f089eb1d239bdf7,1684137141,18,package.json,npm@9.1.0,package.json,[],projects/govuk-frontend/repo
b66f32dbd35810e1c4d255baf39789c058efbe4c,1684137574,18,package.json,npm@9.1.0,package.json,[],projects/govuk-frontend/repo
6c191fc252bb5711810ddd9413883692b745b594,1684140394,18,package.json,npm@9.1.0,package.json,[],projects/govuk-frontend/repo
f9326f6624ab2fb41e790f45f619824fdd584856,1684140605,18,package.json,npm@9.1.0,package.json,[],projects/govuk-frontend/repo
288a77812f7e88372aeb3762c163faac0cd6053f,1684140767,18,package.json,npm@9.1.0,package.json,[],projects/govuk-frontend/repo
b8f0e6ba8f5e98ba657eb3f443786ca573fa8ff9,1684143614,18,package.json,npm@9.1.0,package.json,[],projects/govuk-frontend/repo
83c55e126bd86ef38fbb2f50ae4c479b1414fead,1684144008,18,package.json,npm@9.1.0,package.json,[],projects/govuk-frontend/repo
511d4ba2ee7de1f3ca6ef73a4fc7bd340b021ae0,1684144142,18,package.json,npm@9.1.0,package.json,[],projects/govuk-frontend/repo
dec23fb0fb7512309790c41c39003868882d40eb,1684144191,18,package.json,npm@9.1.0,package.json,[],projects/govuk-frontend/repo
86c06998d22b3036560996a67b2f5b1c4e5989f3,1684144696,18,package.json,npm@9.1.0,package.json,[],projects/govuk-frontend/repo
b42ff81239cefb8e0d6eb050bb646bfe13f1ed5d,1684144813,18,package.json,npm@9.1.0,package.json,[],projects/govuk-frontend/repo
85aa3e76aa82cfefead6c8fea955ea376b1f1402,1684145978,18,package.json,npm@9.1.0,package.json,[],projects/govuk-frontend/repo
e0e352f6badb603262fffef73bdb679898236810,1684154673,18,package.json,npm@9.1.0,package.json,[],projects/govuk-frontend/repo
35a4f2b2917f4daa1ab33df81a0cdb6ac4c2b390,1684155008,18,package.json,npm@9.1.0,package.json,[],projects/govuk-frontend/repo
d808dc54bdf28e790ac6a8055f0bfed287e7375c,1684166045,18,package.json,npm@9.1.0,package.json,[],projects/govuk-frontend/repo
1a798aa2066e0dd07dc047611346830814c8db7c,1684166626,18,package.json,npm@9.1.0,package.json,[],projects/govuk-frontend/repo
a5391e570f2af0297e4ac997c69c227dfd6f7b19,1684242161,18,package.json,npm@9.1.0,package.json,[],projects/govuk-frontend/repo
360654011e162fbe5c3f26ec4178e0c55b9cbd68,1684242277,18,package.json,npm@9.1.0,package.json,[],projects/govuk-frontend/repo
488c41900aa5c84be2368935cfab8cb68d302d69,1684242417,18,package.json,npm@9.1.0,package.json,[],projects/govuk-frontend/repo
656fa049d017ef125a663623090beaf3fb230b5e,1684242663,18,package.json,npm@9.1.0,package.json,[],projects/govuk-frontend/repo
09180cb081fec33cfaf68dc438ebb377974d1df9,1684243392,18,package.json,npm@9.1.0,package.json,[],projects/govuk-frontend/repo
828001bd52e14c53289ace112cd0700113110efe,1684243418,18,package.json,npm@9.1.0,package.json,[],projects/govuk-frontend/repo
c84d2b052f84fc7f86eafa74ed40b6b868e8ee60,1684244195,18,package.json,npm@9.1.0,package.json,[],projects/govuk-frontend/repo
2d2275883ad6768f4e7a3dd463c633fe56fb9f8b,1684244195,18,package.json,npm@9.1.0,package.json,[],projects/govuk-frontend/repo
d214055c18bc61564cc8a68eb13f05564a9ddc2b,1684244846,18,package.json,npm@9.1.0,package.json,[],projects/govuk-frontend/repo
f006a25a3b7d38e19b875079c0caa1f1282a2c77,1684244877,18,package.json,npm@9.1.0,package.json,[],projects/govuk-frontend/repo
12a2cc7a27fd3a5e0211dc708093488a1d049d70,1684244878,18,package.json,npm@9.1.0,package.json,[],projects/govuk-frontend/repo
60c5a20baaec4ff5c91798e7bb95be27c45249b0,1684244878,18,package.json,npm@9.1.0,package.json,[],projects/govuk-frontend/repo
9099e829d5a5032937b5991793aaa6ddf81ae9cf,1684244878,18,package.json,npm@9.1.0,package.json,[],projects/govuk-frontend/repo
7cb9414b849c08375f4d6e4b8cb604e36400e0a9,1684244879,18,package.json,npm@9.1.0,package.json,[],projects/govuk-frontend/repo
c11d7418bfa6bb115eacd4777cba9b65746f3f56,1684334410,18,package.json,npm@9.1.0,package.json,[],projects/govuk-frontend/repo
25750fcbc17a194393f8dce6abf586228d76f23c,1684336668,18,package.json,npm@9.1.0,package.json,[],projects/govuk-frontend/repo
55eff041a9acc8919c7a3e5ceb2dd3cb0b1982e8,1684339386,18,package.json,npm@9.1.0,package.json,[],projects/govuk-frontend/repo
1f370645e8fc0b9a678f4ffe83a06188c9aed4f8,1684410543,18,package.json,npm@9.1.0,package.json,[],projects/govuk-frontend/repo
01fb2500666cb7f11f15dd23cef0af3c624a4985,1684415441,18,package.json,npm@9.1.0,package.json,[],projects/govuk-frontend/repo
b260a6ccb46c040072cc33a6b496cdb863cd48ef,1684415479,18,package.json,npm@9.1.0,package.json,[],projects/govuk-frontend/repo
fdb8c2bb830e15efa539423bccf1284432e75bc8,1684415493,18,package.json,npm@9.1.0,package.json,[],projects/govuk-frontend/repo
0d34664113c81f70c1909c5c60a837429ac23492,1684415493,18,package.json,npm@9.1.0,package.json,[],projects/govuk-frontend/repo
9d37f9c0ef0ce961af897a19edb6fb6110361d10,1684415493,18,package.json,npm@9.1.0,package.json,[],projects/govuk-frontend/repo
60174e1c98ee62c45903e9b8bfa64aac9d7a610f,1684415493,18,package.json,npm@9.1.0,package.json,[],projects/govuk-frontend/repo
3f0db82f9cdeb8c0f1d2296753ebf51ee02b8d08,1684415493,18,package.json,npm@9.1.0,package.json,[],projects/govuk-frontend/repo
cb64d8597792df45e67cde8f71d6f7f22c5d2011,1684415494,18,package.json,npm@9.1.0,package.json,[],projects/govuk-frontend/repo
683d146fc70112ce09dd9668f33c8e9422e0917a,1684415494,18,package.json,npm@9.1.0,package.json,[],projects/govuk-frontend/repo
24d29e7ad3772b6259825ac5d6b0fc10574fa6cb,1684415494,18,package.json,npm@9.1.0,package.json,[],projects/govuk-frontend/repo
eb546c78eef18f2a9c9a832df5d60a837e120ac0,1684415495,18,package.json,npm@9.1.0,package.json,[],projects/govuk-frontend/repo
f4a7bf20dcccde3f7e16ae590b334001406caebf,1684415495,18,package.json,npm@9.1.0,package.json,[],projects/govuk-frontend/repo
1a0b18a865b620500e66880c3a65c1fd4441f9f4,1684415495,18,package.json,npm@9.1.0,package.json,[],projects/govuk-frontend/repo
5e2bcd1292b91cf3b6bc6d02c22fb4f79b2d75d4,1684415495,18,package.json,npm@9.1.0,package.json,[],projects/govuk-frontend/repo
ba4e3238487e58c696e9c0ea2837123628917b40,1684415921,18,package.json,npm@9.1.0,package.json,[],projects/govuk-frontend/repo
b351178e20d6cba7bb299df8281052a4c7f8614b,1684417393,18,package.json,npm@9.1.0,package.json,[],projects/govuk-frontend/repo
0f423916b951e83bb50895e9635316b3c7b10b28,1684417776,18,package.json,npm@9.1.0,package.json,[],projects/govuk-frontend/repo
4aa7ff65dac3401b022990d9c3112af0d0824317,1684418635,18,package.json,npm@9.1.0,package.json,[],projects/govuk-frontend/repo
cc3504901a0413c18c8c29c17ca9c31dd93abf1e,1684420052,18,package.json,npm@9.1.0,package.json,[],projects/govuk-frontend/repo
6c78117c281a69b471a79acd03dabe64c7cd737c,1684424591,18,package.json,npm@9.1.0,package.json,[],projects/govuk-frontend/repo
3d68cbe4e2609ac22f9b0c9e88d18e8313c5de8a,1684425024,18,package.json,npm@9.1.0,package.json,[],projects/govuk-frontend/repo
07309841d5a4a3d2ab5f9419e2b732dfe0bfb5c9,1684428126,18,package.json,npm@9.1.0,package.json,[],projects/govuk-frontend/repo
489eda34800b7e7facff49dd5f6f3a3ba2584b13,1684498737,18,package.json,npm@9.1.0,package.json,[],projects/govuk-frontend/repo
b4d3ee8fa68cf272dfdc3b78c1bffecb6f98132f,1684499322,18,package.json,npm@9.1.0,package.json,[],projects/govuk-frontend/repo
81f842162643c86be3b29a2cc204aa4a168b72bf,1684499891,18,package.json,npm@9.1.0,package.json,[],projects/govuk-frontend/repo
1518cdbf98a7e87057758a2bde1e81da497bb4cc,1684499892,18,package.json,npm@9.1.0,package.json,[],projects/govuk-frontend/repo
aebb4a5b50e729590331782371c053d073f4f71e,1684500128,18,package.json,npm@9.1.0,package.json,[],projects/govuk-frontend/repo
b464d624bdac5c416d048bc2895d2d1dd8964eaa,1684500128,18,package.json,npm@9.1.0,package.json,[],projects/govuk-frontend/repo
aed596e315ae4fa9e891ba2fc3efaa1bf975ef51,1684500128,18,package.json,npm@9.1.0,package.json,[],projects/govuk-frontend/repo
4b9044aeef07e8535c208296a069e91b1d167377,1684500128,18,package.json,npm@9.1.0,package.json,[],projects/govuk-frontend/repo
591311d3650fd7f1003b071d58fe0c2cb6bb6a14,1684500129,18,package.json,npm@9.1.0,package.json,[],projects/govuk-frontend/repo
48f2b10d9ac30ff2e6d1bd5c5e721474a04d5eeb,1684500140,18,package.json,npm@9.1.0,package.json,[],projects/govuk-frontend/repo
ab15994587de14d6ff9541a3789a98eca5f90ddb,1684500140,18,package.json,npm@9.1.0,package.json,[],projects/govuk-frontend/repo
4a35cb304451c88e13d7e3985a1043e9b7b112b6,1684500186,18,package.json,npm@9.1.0,package.json,[],projects/govuk-frontend/repo
3508b048be2f867fe4dbc26d2202fc07b08c23db,1684503413,18,package.json,npm@9.1.0,package.json,[],projects/govuk-frontend/repo
2f63da6327cd22df5a1321a78710ad76c4d4d2a0,1684503765,18,package.json,npm@9.1.0,package.json,[],projects/govuk-frontend/repo
c8759bd3dceb5392e2b363d53640889703580293,1684506369,18,package.json,npm@9.1.0,package.json,[],projects/govuk-frontend/repo
4c5712ecf1071335a7169ad66e366d02ba87fe80,1684506375,18,package.json,npm@9.1.0,package.json,[],projects/govuk-frontend/repo
b5657a7b2be6cc6ebf05a42d87971c247ba76eb6,1684506375,18,package.json,npm@9.1.0,package.json,[],projects/govuk-frontend/repo
f463aeec2ccbf70197b250c73732ccc41153c45f,1684510037,18,package.json,npm@9.1.0,package.json,[],projects/govuk-frontend/repo
acde1bccffd2785ca43b174e93b6a6966b9f4207,1684510133,18,package.json,npm@9.1.0,package.json,[],projects/govuk-frontend/repo
3450bd7dbd06f7958dd0ae36b435775b90d31e0e,1684510133,18,package.json,npm@9.1.0,package.json,[],projects/govuk-frontend/repo
1c373e37c70a8cbeec16438d84477cb2a87e96b1,1684510164,18,package.json,npm@9.1.0,package.json,[],projects/govuk-frontend/repo
649437e2cbf3416a0dceb4ac7804a106a9d0c1e7,1684513400,18,package.json,npm@9.1.0,package.json,[],projects/govuk-frontend/repo
b74b0e998484673a2f3c82b9c326d3d1c7659be0,1684513607,18,package.json,npm@9.1.0,package.json,[],projects/govuk-frontend/repo
3335d780d1543038634a768fbbe1b064f03988b7,1684737488,18,package.json,npm@9.1.0,package.json,[],projects/govuk-frontend/repo
bab0137bf2770f78d89d14c81251f92496f01ad6,1684749420,18,package.json,npm@9.1.0,package.json,[],projects/govuk-frontend/repo
5502af2ed05cd81579a2fe8d175fc9427b2627b5,1684749447,18,package.json,npm@9.1.0,package.json,[],projects/govuk-frontend/repo
eb15a5318ede219cf58b4978d1c0837760da8daf,1684749634,18,package.json,npm@9.1.0,package.json,[],projects/govuk-frontend/repo
bd118ca4602308c6a1bacad034f15c9f83565801,1684749699,18,package.json,npm@9.1.0,package.json,[],projects/govuk-frontend/repo
fea0191f144cb4a924eb6a2703bc83c1b0110164,1684749787,18,package.json,npm@9.1.0,package.json,[],projects/govuk-frontend/repo
e46680553b3ee1aa783233f99d6576e67b963994,1684749875,18,package.json,npm@9.1.0,package.json,[],projects/govuk-frontend/repo
c64e271175873307cc1282f47c8c79a732da8b9b,1684750090,18,package.json,npm@9.1.0,package.json,[],projects/govuk-frontend/repo
29f36e23de91b42095ecc6fdaa07549821973a87,1684751000,18,package.json,npm@9.1.0,package.json,[],projects/govuk-frontend/repo
5006fe44a6ea48b660707d994db07112f876ee01,1684751659,18,package.json,npm@9.1.0,package.json,[],projects/govuk-frontend/repo
0b2d6cc6682bb8f766df65f3a341fcadd8723885,1684751659,18,package.json,npm@9.1.0,package.json,[],projects/govuk-frontend/repo
6aff16898883e910783a951df686fa7d4f2747e8,1684752061,18,package.json,npm@9.1.0,package.json,[],projects/govuk-frontend/repo
127e616c8257dd14d70536701641c7b6b35554dd,1684752127,18,package.json,npm@9.1.0,package.json,[],projects/govuk-frontend/repo
0d6309b60064ace2811eac87f44809e1c502323b,1684752201,18,package.json,npm@9.1.0,package.json,[],projects/govuk-frontend/repo
7dd8d9d2fe2fdbf12038312a75fe77885cca01c7,1684752710,18,package.json,npm@9.1.0,package.json,[],projects/govuk-frontend/repo
95ba4f238f3a8862ce37190e283998f3d69173e2,1684752724,18,package.json,npm@9.1.0,package.json,[],projects/govuk-frontend/repo
89019a62f7af61c36ffffcb4f3814a4494d0a00b,1684752811,18,package.json,npm@9.1.0,package.json,[],projects/govuk-frontend/repo
71c25b16ce41044fa8f5fbb33bd0e4316a99169e,1684752874,18,package.json,npm@9.1.0,package.json,[],projects/govuk-frontend/repo
afe50134e4565faee4789fa3b11dccab1f747fc1,1684752924,18,package.json,npm@9.1.0,package.json,[],projects/govuk-frontend/repo
83005b39d7b6ce6df52033e116af62c557a43d1a,1684752928,18,package.json,npm@9.1.0,package.json,[],projects/govuk-frontend/repo
ede8967945ef99f5188711b2a52484e22b2ac449,1684752985,18,package.json,npm@9.1.0,package.json,[],projects/govuk-frontend/repo
3796d75632fd8b9b93bf332261d042114a32e747,1684752990,18,package.json,npm@9.1.0,package.json,[],projects/govuk-frontend/repo
dbecbc8093f5f790aec8f3d18c40371a5eae9542,1684753313,18,package.json,npm@9.1.0,package.json,[],projects/govuk-frontend/repo
cc5df8185b5793d540a789a0e8344f42197e885f,1684753386,18,package.json,npm@9.1.0,package.json,[],projects/govuk-frontend/repo
6f0e8fb3425cfb93a6e00969e68c2f37317736d4,1684754282,18,package.json,npm@9.1.0,package.json,[],projects/govuk-frontend/repo
77af59c0373b536f591a172dbf3eb0f5f983e5df,1684754400,18,package.json,npm@9.1.0,package.json,[],projects/govuk-frontend/repo
e02e69d9aa43369fbb64c67b471b258cfd82dd7a,1684756109,18,package.json,npm@9.1.0,package.json,[],projects/govuk-frontend/repo
e8648e7ec9cb24b39e31d91aea25a909c208383f,1684756801,18,package.json,npm@9.1.0,package.json,[],projects/govuk-frontend/repo
d82b144ccac338bc1093e027cf8c4ddb47ef4a29,1684764041,18,package.json,npm@9.1.0,package.json,[],projects/govuk-frontend/repo
b320be309cfcaa41e075b1e310b304ad23848308,1684767040,18,package.json,npm@9.1.0,package.json,[],projects/govuk-frontend/repo
b6794176fcff9fbf652e16cee981fda6d56191e8,1684767080,18,package.json,npm@9.1.0,package.json,[],projects/govuk-frontend/repo
076c678e8e90c7894af79d17a8f5a4d2c8ac30e1,1684767147,18,package.json,npm@9.1.0,package.json,[],projects/govuk-frontend/repo
75d047d46e721ee34e05a7b90d9bed3fa424c59d,1684767667,18,package.json,npm@9.1.0,package.json,[],projects/govuk-frontend/repo
ff438dbb13d4028ed4ed134c25f80267241a2d8a,1684767668,18,package.json,npm@9.1.0,package.json,[],projects/govuk-frontend/repo
ce5609bd1b1c022574d65eaef171e705d1c0790c,1684767696,18,package.json,npm@9.1.0,package.json,[],projects/govuk-frontend/repo
084327c3d8e950f4b2bb20d66a70502cd39e2708,1684768179,18,package.json,npm@9.1.0,package.json,[],projects/govuk-frontend/repo
b1a603efd533270787c8d75a493afef7fbfcaaaf,1684768796,18,package.json,npm@9.1.0,package.json,[],projects/govuk-frontend/repo
a9b7f9e1a0d76b439c1f7e528c01e8334569d81e,1684768856,18,package.json,npm@9.1.0,package.json,[],projects/govuk-frontend/repo
fe3024ca9bd79a55fe2c6db7f2e87ee9e013a12f,1684768866,18,package.json,npm@9.1.0,package.json,[],projects/govuk-frontend/repo
aad5058e55bc0226396fdae91fdd4bc35594db1f,1684769102,18,package.json,npm@9.1.0,package.json,[],projects/govuk-frontend/repo
1996a12dca8628b50cbbebad2d8d3c15a8e2040d,1684769124,18,package.json,npm@9.1.0,package.json,[],projects/govuk-frontend/repo
18e76132a72a1be07d443130196b786a4f1b00e5,1684769787,18,package.json,npm@9.1.0,package.json,[],projects/govuk-frontend/repo
4d2830272093ff0dbcd7880b62f2bd94f2ab71f5,1684769968,18,package.json,npm@9.1.0,package.json,[],projects/govuk-frontend/repo
8c6a93491d2c8ceafbc73b4f650f9a8a4f466707,1684770034,18,package.json,npm@9.1.0,package.json,[],projects/govuk-frontend/repo
3d6fa80d7ffcfe6c94020382b2c17e7c8527de4c,1684770097,18,package.json,npm@9.1.0,package.json,[],projects/govuk-frontend/repo
25f602a15548b0a67bb289f1f616e938681ce6b7,1684772340,18,package.json,npm@9.1.0,package.json,[],projects/govuk-frontend/repo
000602ed2d4cfed727f9234a53db686c3c7fa44e,1684772989,18,package.json,npm@9.1.0,package.json,[],projects/govuk-frontend/repo
839adc06ad36aeb1a982d8fd778b39c3c1ee2bae,1684773367,18,package.json,npm@9.1.0,package.json,[],projects/govuk-frontend/repo
976535e3d94c0a2016d866c8ce7a365b45aebea5,1684851669,18,package.json,npm@9.1.0,package.json,[],projects/govuk-frontend/repo
625532fdf5fb4100c26d7fe66087d8b088b79d4f,1684853497,18,package.json,npm@9.1.0,package.json,[],projects/govuk-frontend/repo
e2c03b3851f6b00d82e53be85d5225d9b24c72f1,1684858023,18,package.json,npm@9.1.0,package.json,[],projects/govuk-frontend/repo
aeff8f1295c523e3450cd9ecba2c7edd8648d666,1684926548,18,package.json,npm@9.1.0,package.json,[],projects/govuk-frontend/repo
adae9fd02f788a1d70e095211c6e5f8ab1f4c70c,1684931433,18,package.json,npm@9.1.0,package.json,[],projects/govuk-frontend/repo
f860f783347e6b040652bebb693fd13735737e79,1684931803,18,package.json,npm@9.1.0,package.json,[],projects/govuk-frontend/repo
675062a7a13d54c1de424061361fe2a6de948548,1684936304,18,package.json,npm@9.1.0,package.json,[],projects/govuk-frontend/repo
e323600b8b8e6df2df25e677f5165651fa3c68df,1684938683,18,package.json,npm@9.1.0,package.json,[],projects/govuk-frontend/repo
2da6e01ab7faa9fcb1f5f0c1546f6f7e38f58536,1684939096,18,package.json,npm@9.1.0,package.json,[],projects/govuk-frontend/repo
7d65f8db15f5c61bc54b059d79315b74b6a91fd8,1684939129,18,package.json,npm@9.1.0,package.json,[],projects/govuk-frontend/repo
0d2c671804d00c6b134a27b579446e575e30aa64,1684939137,18,package.json,npm@9.1.0,package.json,[],projects/govuk-frontend/repo
b625c16cd2105dee0e1c23b348efde5d293a2612,1684939138,18,package.json,npm@9.1.0,package.json,[],projects/govuk-frontend/repo
78247e6895bc4264ce6f8aa0468eed20d8178600,1684939702,18,package.json,npm@9.1.0,package.json,[],projects/govuk-frontend/repo
d0335efc2fba6e6c0f334ff2ea08c74689d0196c,1684942466,18,package.json,npm@9.1.0,package.json,[],projects/govuk-frontend/repo
01169199015a28fe9779bb814db36bc6f3bb1139,1684942994,18,package.json,npm@9.1.0,package.json,[],projects/govuk-frontend/repo
13bc0323b871dd89427d212fc97b3aee7cd217e3,1685008172,18,package.json,npm@9.1.0,package.json,[],projects/govuk-frontend/repo
437e2d168ac062f967f038d34e1328344f831b4d,1685023163,18,package.json,npm@9.1.0,package.json,[],projects/govuk-frontend/repo
8fc16c8b2e2b9e5bacfe4cf74aabe62a98edbc37,1685023163,18,package.json,npm@9.1.0,package.json,[],projects/govuk-frontend/repo
8b5f908ad80229bb945334ae89d8e5acbaf4beba,1685023164,18,package.json,npm@9.1.0,package.json,[],projects/govuk-frontend/repo
53612be9fc9ac8c4150f411d0adb4c63828725a8,1685026792,18,package.json,npm@9.1.0,package.json,[],projects/govuk-frontend/repo
669a1484eae0a49345c97bb9e39c9bffc1386ee0,1685034069,18,package.json,npm@9.1.0,package.json,[],projects/govuk-frontend/repo
e67f6ff99f470100d4b5cfe9b0bfcba12bab59a5,1685034069,18,package.json,npm@9.1.0,package.json,[],projects/govuk-frontend/repo
d05327b51d95af93de07c5ca54d90c0b32e5646b,1685034069,18,package.json,npm@9.1.0,package.json,[],projects/govuk-frontend/repo
efad0658a4cd936ff5bb9d597d651ca0ad523b13,1685034069,18,package.json,npm@9.1.0,package.json,[],projects/govuk-frontend/repo
9cc32c637dd310d2f7a612aeb8faa31b6ddec72f,1685034070,18,package.json,npm@9.1.0,package.json,[],projects/govuk-frontend/repo
4b6363037268e06a83f2417dea8382f9449de243,1685034070,18,package.json,npm@9.1.0,package.json,[],projects/govuk-frontend/repo
c9444559ef5c044fa14623e04fb86e542ceb989b,1685034070,18,package.json,npm@9.1.0,package.json,[],projects/govuk-frontend/repo
1f25c1616abb369a547a42dbd9d65201e8328840,1685034070,18,package.json,npm@9.1.0,package.json,[],projects/govuk-frontend/repo
6d44f54debdf967637f8b2b8c8d71e8d059f512f,1685034070,18,package.json,npm@9.1.0,package.json,[],projects/govuk-frontend/repo
0ca6ef38324df6f4ce0429dc708da0ba6eda1b01,1685090994,18,package.json,npm@9.1.0,package.json,[],projects/govuk-frontend/repo
42e0312fa45a36ab1184f148bb7126277d73b661,1685093239,18,package.json,npm@9.1.0,package.json,[],projects/govuk-frontend/repo
2f9af6e130040bdaed725ba914438ceb1229b360,1685110684,18,package.json,npm@9.1.0,package.json,[],projects/govuk-frontend/repo
e20b08e0501878f83f1e9fb358406167c73dc040,1685114963,18,package.json,npm@9.1.0,package.json,[],projects/govuk-frontend/repo
7fc5a897cad98366d6bc129262be8015ccfe9c44,1685354365,18,package.json,npm@9.1.0,package.json,[],projects/govuk-frontend/repo
a25e6c3e429fd8168a7f5d6912cb8a6794d39e40,1685354510,18,package.json,npm@9.1.0,package.json,[],projects/govuk-frontend/repo
23aa1c61f002e71b61e9ae3c26799a8bffc940b0,1685354865,18,package.json,npm@9.1.0,package.json,[],projects/govuk-frontend/repo
d5cb02aac19d4b7d1ef5558b1882371a400f8b88,1685437504,18,package.json,npm@9.1.0,package.json,[],projects/govuk-frontend/repo
b68c3ecd56c6713a25746434bd60af1007928ce4,1685437574,18,package.json,npm@9.1.0,package.json,[],projects/govuk-frontend/repo
a82d8f9a9670dac32ed90869a102f73954566b58,1685440024,18,package.json,npm@9.1.0,package.json,[],projects/govuk-frontend/repo
cf5fdfbcfca1e285b1dbd34c1b02aaf237e8c21d,1685440088,18,package.json,npm@9.1.0,package.json,[],projects/govuk-frontend/repo
17389ec2ea69ebe5366903ac326a1df3e9732eae,1685440479,18,package.json,npm@9.1.0,package.json,[],projects/govuk-frontend/repo
5edd772852fde6fba16f66badc6ad7747c1de384,1685440545,18,package.json,npm@9.1.0,package.json,[],projects/govuk-frontend/repo
0d765a2230dc184a6a8c0cc026c2a446bb1ff94f,1685441383,18,package.json,npm@9.1.0,package.json,[],projects/govuk-frontend/repo
c9379a042122883327627bbf87ecfb001e5c094c,1685441455,18,package.json,npm@9.1.0,package.json,[],projects/govuk-frontend/repo
d7ab78f5ae6e21490d737908bbe709a2e01bbe94,1685441498,18,package.json,npm@9.1.0,package.json,[],projects/govuk-frontend/repo
1901bde03b7ec7cd6f40822ae32a6e212b62c057,1685441499,18,package.json,npm@9.1.0,package.json,[],projects/govuk-frontend/repo
85a43e05dde8f994e707d213fbdf8697f7ba1a42,1685444075,18,package.json,npm@9.1.0,package.json,[],projects/govuk-frontend/repo
7229891e5d3f53e9b9fc6441a3818985dd6bada1,1685444149,18,package.json,npm@9.1.0,package.json,[],projects/govuk-frontend/repo
37d0c7bbb63411ec28f263d318ec8a60fadabe36,1685444674,18,package.json,npm@9.1.0,package.json,[],projects/govuk-frontend/repo
b59cca2ab283ca7c83ea8394fab120a9d13729cc,1685444898,18,package.json,npm@9.1.0,package.json,[],projects/govuk-frontend/repo
84fef803d7fc2cd215c3077661d92dbbfbf6e6a8,1685444947,18,package.json,npm@9.1.0,package.json,[],projects/govuk-frontend/repo
4a16700635c8b50e2c6bb524c0c49851946dde5d,1685444988,18,package.json,npm@9.1.0,package.json,[],projects/govuk-frontend/repo
8d414101f26878867e4ea3070903977bb0f6a7f3,1685445052,18,package.json,npm@9.1.0,package.json,[],projects/govuk-frontend/repo
1056780e5ea9a49d841878cbfb820b943aed3cfa,1685446817,18,package.json,npm@9.1.0,package.json,[],projects/govuk-frontend/repo
14a78bbfc30bacf64c01f4cd24ed9c7b4ed512d7,1685447318,18,package.json,npm@9.1.0,package.json,[],projects/govuk-frontend/repo
ddc5f6fac07438f68481809b9ee1f82a5ab166ed,1685447372,18,package.json,npm@9.1.0,package.json,[],projects/govuk-frontend/repo
d48c8bc46d0d36bffd52fee85d89a2752b8fb390,1685447526,18,package.json,npm@9.1.0,package.json,[],projects/govuk-frontend/repo
1cc0979299ba6f7f427781c9a4007d3ffddb6fba,1685447560,18,package.json,npm@9.1.0,package.json,[],projects/govuk-frontend/repo
00805beb9cddd274b22b14eba9cc54ff7c04a8fb,1685447642,18,package.json,npm@9.1.0,package.json,[],projects/govuk-frontend/repo
55394103431a2ad4d019ce223f858ab63a1ae883,1685447659,18,package.json,npm@9.1.0,package.json,[],projects/govuk-frontend/repo
97026cd3be343a85bf80bd1dd0e5f18d7786244b,1685448024,18,package.json,npm@9.1.0,package.json,[],projects/govuk-frontend/repo
5b70829ea66b59f522c6e65bf51874cd13867e23,1685448024,18,package.json,npm@9.1.0,package.json,[],projects/govuk-frontend/repo
478af395c7b18e27be79183acff6afd497c084c2,1685448024,18,package.json,npm@9.1.0,package.json,[],projects/govuk-frontend/repo
070b0a4559c63db6935cb55fc4a2f0fb7c20f57b,1685448216,18,package.json,npm@9.1.0,package.json,[],projects/govuk-frontend/repo
46c381c017a628a52b78d53fd6670b6126dc2ce9,1685448286,18,package.json,npm@9.1.0,package.json,[],projects/govuk-frontend/repo
7d915228baccd8f645b17afce096b1dcbca91d9e,1685448469,18,package.json,npm@9.1.0,package.json,[],projects/govuk-frontend/repo
89f4c4a69725bc78fd2f868730b6a3525702847c,1685448474,18,package.json,npm@9.1.0,package.json,[],projects/govuk-frontend/repo
a6cf48f5b9e0a625641c11a8435b075e78d96a56,1685448546,18,package.json,npm@9.1.0,package.json,[],projects/govuk-frontend/repo
5f722274058a95a3833538aff0bf7db38c405e0c,1685448632,18,package.json,npm@9.1.0,package.json,[],projects/govuk-frontend/repo
069aba7f753be73b7a799aaaa111a99aa7afe917,1685449156,18,package.json,npm@9.1.0,package.json,[],projects/govuk-frontend/repo
2c96f0e8d72f4d6332b0f9f75268920baa651488,1685449181,18,package.json,npm@9.1.0,package.json,[],projects/govuk-frontend/repo
510db057a070081091e41f84f19763fbae11afd0,1685449233,18,package.json,npm@9.1.0,package.json,[],projects/govuk-frontend/repo
dc0252cf451c2deaf6092115e8d8aca98457f132,1685460087,18,package.json,npm@9.1.0,package.json,[],projects/govuk-frontend/repo
22175d7ad20a66486c6e2c7be7a5387383f55769,1685462113,18,package.json,npm@9.1.0,package.json,[],projects/govuk-frontend/repo
c36e5b9e635fcaf8aa373a0f0116257bff4026b4,1685464488,18,package.json,npm@9.1.0,package.json,[],projects/govuk-frontend/repo
3272ca042f996980e858582312353c2bcd7996ea,1685465416,18,package.json,npm@9.1.0,package.json,[],projects/govuk-frontend/repo
b8a06ac8b87378b35576fcc40f50924024e764ca,1685465451,18,package.json,npm@9.1.0,package.json,[],projects/govuk-frontend/repo
001cefda049d84b6a9b3d67e1224e187f103db82,1685465531,18,package.json,npm@9.1.0,package.json,[],projects/govuk-frontend/repo
3dca2cda1af6dc16d536695edf2253f24c5bd531,1685519984,18,package.json,npm@9.1.0,package.json,[],projects/govuk-frontend/repo
188ad751fa9e9c1db5eaa62e556483adec2b2ff8,1685522915,18,package.json,npm@9.1.0,package.json,[],projects/govuk-frontend/repo
bc9694a34a0ca23aabf689b4bacb9d8e7bdb494b,1685524531,18,package.json,npm@9.1.0,package.json,[],projects/govuk-frontend/repo
b18ffaf7532585108f2c8517c38a106599f04f3b,1685532826,18,package.json,npm@9.1.0,package.json,[],projects/govuk-frontend/repo
36ca07d292f953cc99033cfcb89717bb014ac3c5,1685547249,18,package.json,npm@9.1.0,package.json,[],projects/govuk-frontend/repo
ae75de186bebc4cae0be78de26ee4c102db56504,1685547249,18,package.json,npm@9.1.0,package.json,[],projects/govuk-frontend/repo
2756911a04c5db89ce88aedfc79153a951cdb2ee,1685547650,18,package.json,npm@9.1.0,package.json,[],projects/govuk-frontend/repo
8419d303292b47fb687205ade1eb69a7c601b3f8,1685607487,18,package.json,npm@9.1.0,package.json,[],projects/govuk-frontend/repo
adbf821dbb9084c1b1568ae1891d792534e81c5e,1685609542,18,package.json,npm@9.1.0,package.json,[],projects/govuk-frontend/repo
209c0ece76a98b8d8610bcf98e97c349d3f66d34,1685609546,18,package.json,npm@9.1.0,package.json,[],projects/govuk-frontend/repo
f76fdbc155b39c4e63f54ef42e5b5d6f9aa1a35f,1685609779,18,package.json,npm@9.1.0,package.json,[],projects/govuk-frontend/repo
494fda5e1d98399fe42e2ce514d01b7b509f960e,1685609779,18,package.json,npm@9.1.0,package.json,[],projects/govuk-frontend/repo
716d1543523f9a66876846b9a24e5076c9e99547,1685609800,18,package.json,npm@9.1.0,package.json,[],projects/govuk-frontend/repo
596b797d943257a903d1ea94527266aee5d82034,1685609800,18,package.json,npm@9.1.0,package.json,[],projects/govuk-frontend/repo
6900a6872154e8f07cf0fa9686ddc534cfc0c05e,1685609800,18,package.json,npm@9.1.0,package.json,[],projects/govuk-frontend/repo
e5bed28c9382c604ae9d5b89c1b66fbeba34bc46,1685618225,18,package.json,npm@9.1.0,package.json,[],projects/govuk-frontend/repo
28b14e26b52c9183d7d36ca5bd791e9b0838b1fe,1685618304,18,package.json,npm@9.1.0,package.json,[],projects/govuk-frontend/repo
88c4eddfca4bd68028812135f43bf35b62afa54c,1685626388,18,package.json,npm@9.1.0,package.json,[],projects/govuk-frontend/repo
f98c65bec1ef4e9606c70be1372dd1da9b6362ac,1685628671,18,package.json,npm@9.1.0,package.json,[],projects/govuk-frontend/repo
10b4f2701c394ba3eddf9272952ef0217651e916,1685634943,18,package.json,npm@9.1.0,package.json,[],projects/govuk-frontend/repo
107f28af3bff4a93a410407ed45cdfa1202f4fc4,1685644402,18,package.json,npm@9.1.0,package.json,[],projects/govuk-frontend/repo
fe6f4902674dc2f5db24b84895cceee1b504321c,1685645310,18,package.json,npm@9.1.0,package.json,[],projects/govuk-frontend/repo
dc272d6e0815967e16da8205a70e15be0ad5c74b,1685645310,18,package.json,npm@9.1.0,package.json,[],projects/govuk-frontend/repo
e275d1189d7178161a5a438b8ac8cdb696fee09b,1685648197,18,package.json,npm@9.1.0,package.json,[],projects/govuk-frontend/repo
f96559830ca4c98b6899a9c2b84f5fdd9e0455e5,1685648198,18,package.json,npm@9.1.0,package.json,[],projects/govuk-frontend/repo
3dcefb357ce6d9bc0b3455b6a7ce40b98da25fd1,1685648198,18,package.json,npm@9.1.0,package.json,[],projects/govuk-frontend/repo
51615b711608e0f91d08ba6397a113b6de9af246,1685648198,18,package.json,npm@9.1.0,package.json,[],projects/govuk-frontend/repo
a41223cfdc2527b6e7ac2191b9b62a227dd4f742,1685648674,18,package.json,npm@9.1.0,package.json,[],projects/govuk-frontend/repo
0558c806319f0dad4bbf568ad38e101429cdf649,1685691097,18,package.json,npm@9.1.0,package.json,[],projects/govuk-frontend/repo
737552e4683cfd6a57f81c761a6d25fbe0840e7c,1685692158,18,package.json,npm@9.1.0,package.json,[],projects/govuk-frontend/repo
663ce96b3f74dbc53b6e766dc7fabb3990b97f47,1685696699,18,package.json,npm@9.1.0,package.json,[],projects/govuk-frontend/repo
dceec2ff1aa6532535f91cda7314d048acb8f53e,1685696700,18,package.json,npm@9.1.0,package.json,[],projects/govuk-frontend/repo
bca09498468d81a17a30eab0ea5453597661f58d,1685696700,18,package.json,npm@9.1.0,package.json,[],projects/govuk-frontend/repo
4132f5dfc962c8482ca8bbffef83e7f190dec039,1685696700,18,package.json,npm@9.1.0,package.json,[],projects/govuk-frontend/repo
85209c116945a6a36d948cbc4daaf1012cc9fb36,1685696701,18,package.json,npm@9.1.0,package.json,[],projects/govuk-frontend/repo
d3cba160afbc79c0061d1c8d9f4daf383c22513a,1685696701,18,package.json,npm@9.1.0,package.json,[],projects/govuk-frontend/repo
2b8c940486008b3f498fb526d399ea2402fca706,1685696701,18,package.json,npm@9.1.0,package.json,[],projects/govuk-frontend/repo
fc2d9b17d0bb801630cbf1493cd13fe20443c062,1685696702,18,package.json,npm@9.1.0,package.json,[],projects/govuk-frontend/repo
32c77398c68a9721b7fea4dbf667aada5d15c6cb,1685696702,18,package.json,npm@9.1.0,package.json,[],projects/govuk-frontend/repo
f17b8374a26e7c4152dcf0e0e43405d4ed8e8874,1685696702,18,package.json,npm@9.1.0,package.json,[],projects/govuk-frontend/repo
1835feedccd45a86b8884d0f231470d76d8d5875,1685696702,18,package.json,npm@9.1.0,package.json,[],projects/govuk-frontend/repo
5fe66990ba62735b9d37ed8c7757080759b1ce91,1685703775,18,package.json,npm@9.1.0,package.json,[],projects/govuk-frontend/repo
326a0d273a9b609d81a96f22babaf5b1d0292c6c,1685706900,18,package.json,npm@9.1.0,package.json,[],projects/govuk-frontend/repo
1400c6b1678b20ad841d1b33c2304b995decbdd3,1685908764,18,package.json,npm@9.1.0,package.json,[],projects/govuk-frontend/repo
85f7cb1fcc298064f59aa7278748df8929542b09,1685950861,18,package.json,npm@9.1.0,package.json,[],projects/govuk-frontend/repo
45e110fa017e2ca87c99ec171bb6fc24ada790bd,1685959003,18,package.json,npm@9.1.0,package.json,[],projects/govuk-frontend/repo
4f566b13e4c3ebad4a1f4a3d29c172fb0161bc5c,1685959069,18,package.json,npm@9.1.0,package.json,[],projects/govuk-frontend/repo
aef58b1c5a52213087740e7f744ad6db648e61eb,1685959129,18,package.json,npm@9.1.0,package.json,[],projects/govuk-frontend/repo
b9c4cb8cc05e6c0dbbcaff36364a07441fc64f39,1685959161,18,package.json,npm@9.1.0,package.json,[],projects/govuk-frontend/repo
e220f9f9fe08363c8cf9a6f64316b07cdf876eab,1685959271,18,package.json,npm@9.1.0,package.json,[],projects/govuk-frontend/repo
412f54eced726d7b6037657d52e2aa96d43b20fd,1685959320,18,package.json,npm@9.1.0,package.json,[],projects/govuk-frontend/repo
f958814364413a915ec06d72bad1db639580beed,1685962183,18,package.json,npm@9.1.0,package.json,[],projects/govuk-frontend/repo
fbe3caad0bfe4ac100bb363796e0c8694fb07b3a,1685962251,18,package.json,npm@9.1.0,package.json,[],projects/govuk-frontend/repo
fe83283e0208edabcf0b2de3934f643961dc059e,1685962732,18,package.json,npm@9.1.0,package.json,[],projects/govuk-frontend/repo
8af01db160703b75131da748687c8fffe210064d,1685962864,18,package.json,npm@9.1.0,package.json,[],projects/govuk-frontend/repo
e4996561a3f880ae0e5380ab298c03042418f02a,1685963204,18,package.json,npm@9.1.0,package.json,[],projects/govuk-frontend/repo
d7aebe4c1a47d819e4a6f3dd8d22335ca527aa33,1685963255,18,package.json,npm@9.1.0,package.json,[],projects/govuk-frontend/repo
06bad062aed896b66d711fab7770598df740d054,1685964441,18,package.json,npm@9.1.0,package.json,[],projects/govuk-frontend/repo
7062d259c3d400ece675f50cfb06812f42e9e7be,1685964518,18,package.json,npm@9.1.0,package.json,[],projects/govuk-frontend/repo
aef76a54799af5651f3b4f420f2f49e704bd3cd3,1685967010,18,package.json,npm@9.1.0,package.json,[],projects/govuk-frontend/repo
2e7d0d5d9770cd6613760e13688efad093c79b8c,1685968335,18,package.json,npm@9.1.0,package.json,[],projects/govuk-frontend/repo
0e5c19cf74d705aab6dca5eba5063ce324d41a67,1685968390,18,package.json,npm@9.1.0,package.json,[],projects/govuk-frontend/repo
aadf386c56064c268115514a05e8e5501cc538de,1686038665,18,package.json,npm@9.1.0,package.json,[],projects/govuk-frontend/repo
3ea5f94732fff0199ea7f3875dbf624dc73584c8,1686038817,18,package.json,npm@9.1.0,package.json,[],projects/govuk-frontend/repo
b7897e3ef360db7ee70f662a13f4421a8edeaaec,1686038917,18,package.json,npm@9.1.0,package.json,[],projects/govuk-frontend/repo
440992faebf36bdd899f652223a77be167c0a960,1686038971,18,package.json,npm@9.1.0,package.json,[],projects/govuk-frontend/repo
54c1b5f9fdf813038c6bd673a8aec1fbc675d47c,1686039017,18,package.json,npm@9.1.0,package.json,[],projects/govuk-frontend/repo
7f9f2fadb434ba923b6a588cbc71ebb8daebdfaa,1686039077,18,package.json,npm@9.1.0,package.json,[],projects/govuk-frontend/repo
e319d13a447e3bb6b32074e0b430c71cf7190901,1686039161,18,package.json,npm@9.1.0,package.json,[],projects/govuk-frontend/repo
92d3e1322334b4c9a384663af265979f9cab1dba,1686039206,18,package.json,npm@9.1.0,package.json,[],projects/govuk-frontend/repo
99add6d27fe128ca5504b6b3ccf0ee073d305650,1686041145,18,package.json,npm@9.1.0,package.json,[],projects/govuk-frontend/repo
8b7937368a53c47c17beff634011cc206a4569d4,1686041229,18,package.json,npm@9.1.0,package.json,[],projects/govuk-frontend/repo
b104b32ffe6a424a53aa0c1b28c5d0de689216af,1686043885,18,package.json,npm@9.1.0,package.json,[],projects/govuk-frontend/repo
4fa1492787ee792ff94222d237e387fd84918eba,1686049860,18,package.json,npm@9.1.0,package.json,[],projects/govuk-frontend/repo
5cb85429b14a2da62e5f7ca6c938d4c3cf62a8d6,1686050571,18,package.json,npm@9.1.0,package.json,[],projects/govuk-frontend/repo
b5f627d41f938fac44be007b5c9e414dccfc4595,1686050640,18,package.json,npm@9.1.0,package.json,[],projects/govuk-frontend/repo
747137e66e2a8e798bc18f69cb501190bd376a4c,1686056483,18,package.json,npm@9.1.0,package.json,[],projects/govuk-frontend/repo
74083c72c6d35d21bd4566367af292d1f61dd808,1686125306,18,package.json,npm@9.1.0,package.json,[],projects/govuk-frontend/repo
5d5b97b58829fbc54b1d60b6d0e492b7152a5694,1686127584,18,package.json,npm@9.1.0,package.json,[],projects/govuk-frontend/repo
3a3842eb7cb55b1a60679f26363a3c6aa2a39e0f,1686130619,18,package.json,npm@9.1.0,package.json,[],projects/govuk-frontend/repo
6f911bdd0c2d17d65f970f867d441771e8d43cd9,1686131868,18,package.json,npm@9.1.0,package.json,[],projects/govuk-frontend/repo
cc120d545fb560f817b41ceb13c4647d987c7f1a,1686133685,18,package.json,npm@9.1.0,package.json,[],projects/govuk-frontend/repo
fd539aa81aabc9151a49b2946109505c5119002c,1686134116,18,package.json,npm@9.1.0,package.json,[],projects/govuk-frontend/repo
cf43b29bd6f0762a299351b8a64cc901e8eb1cb1,1686134290,18,package.json,npm@9.1.0,package.json,[],projects/govuk-frontend/repo
bf6fe80b107eb5c7e2f1d8303f3dd5d6b2d8a4da,1686134307,18,package.json,npm@9.1.0,package.json,[],projects/govuk-frontend/repo
014d4e9f0de669502a605445fda6ed4130a86185,1686134727,18,package.json,npm@9.1.0,package.json,[],projects/govuk-frontend/repo
4f6a747ce3b25e7a5323b772fd4ca47a8049780b,1686135048,18,package.json,npm@9.1.0,package.json,[],projects/govuk-frontend/repo
d2f280764170fb72769857c5f1409354b08eecae,1686135048,18,package.json,npm@9.1.0,package.json,[],projects/govuk-frontend/repo
90af77da67aad80ffc888eeaad30b316ded065c3,1686135048,18,package.json,npm@9.1.0,package.json,[],projects/govuk-frontend/repo
589b6442f58090ba1fa7314133c3af0ce321ec5d,1686135049,18,package.json,npm@9.1.0,package.json,[],projects/govuk-frontend/repo
53d78841611f55a0a6e74a150d8888f1873953a6,1686135049,18,package.json,npm@9.1.0,package.json,[],projects/govuk-frontend/repo
02a13399fec7b81b5077c774cd1a3dd1dd68a062,1686135049,18,package.json,npm@9.1.0,package.json,[],projects/govuk-frontend/repo
c43036e272b630a478adbbacc2b1dcca9d3bea5f,1686135049,18,package.json,npm@9.1.0,package.json,[],projects/govuk-frontend/repo
fe57a4f060bee95c70a94da76c908b43f2253387,1686135151,18,package.json,npm@9.1.0,package.json,[],projects/govuk-frontend/repo
77d485d679c5e891ba237bd126737d0eaea623a2,1686135213,18,package.json,npm@9.1.0,package.json,[],projects/govuk-frontend/repo
cc3641f79c148a6d19f65263bc567938efdf1a58,1686136489,18,package.json,npm@9.1.0,package.json,[],projects/govuk-frontend/repo
3f725f0e3a4d5d087733a29799a17627ee76167c,1686136784,18,package.json,npm@9.1.0,package.json,[],projects/govuk-frontend/repo
0d37c6c5d19d2513d54fa8e0987e87a79ed0d562,1686138337,18,package.json,npm@9.1.0,package.json,[],projects/govuk-frontend/repo
e7564bb073d3ac015d5e35495598abb1061dd417,1686138419,18,package.json,npm@9.1.0,package.json,[],projects/govuk-frontend/repo
28b4a37183084c9aa168c463cbb1a63ff06cbe21,1686140664,18,package.json,npm@9.1.0,package.json,[],projects/govuk-frontend/repo
d938550f30f4a35dce77b017bf0ed17278638d32,1686140709,18,package.json,npm@9.1.0,package.json,[],projects/govuk-frontend/repo
a4ae21949293cdb86eda32c1383fd5ec78835e70,1686142456,18,package.json,npm@9.1.0,package.json,[],projects/govuk-frontend/repo
698bfa3cb58a5527a8fd01cde733c2341bc6678c,1686147297,18,package.json,npm@9.1.0,package.json,[],projects/govuk-frontend/repo
ebe8f2a30dcae04dedd4f9d5ad87eb651a5f0d1c,1686148057,18,package.json,npm@9.1.0,package.json,[],projects/govuk-frontend/repo
e0d8d94484350586ab32f4d304e80e9fe0ab6db8,1686148481,18,package.json,npm@9.1.0,package.json,[],projects/govuk-frontend/repo
8f51ab26e140bc71fff256166af8c53a193863c6,1686156956,18,package.json,npm@9.1.0,package.json,[],projects/govuk-frontend/repo
d909bd0ff75ed188f6fb532e2dad0b9fe099958f,1686156957,18,package.json,npm@9.1.0,package.json,[],projects/govuk-frontend/repo
4f9e87a30dbfbec06e2b1e7dc1f20825a5ab9496,1686156981,18,package.json,npm@9.1.0,package.json,[],projects/govuk-frontend/repo
d73f3aadbdadebc5587cd857544488ccf952f828,1686166555,18,package.json,npm@9.1.0,package.json,[],projects/govuk-frontend/repo
1a851bbb254b8f0be27b7d35b4f682b619bfc24d,1686213331,18,package.json,npm@9.1.0,package.json,[],projects/govuk-frontend/repo
bbd18b86611492c13eba7854fa1dca1dc7b84848,1686214878,18,package.json,npm@9.1.0,package.json,[],projects/govuk-frontend/repo
2fb052c0ecb98198afb6bd21612da78086c6cd11,1686214878,18,package.json,npm@9.1.0,package.json,[],projects/govuk-frontend/repo
4678075097ad41bfee445c4a12055854e8935bca,1686214879,18,package.json,npm@9.1.0,package.json,[],projects/govuk-frontend/repo
e2432d5b0cd97564fe57e83daba8b41845a51a1c,1686214879,18,package.json,npm@9.1.0,package.json,[],projects/govuk-frontend/repo
3bf546f1285d4925e68a733124f6cb89a8344156,1686216699,18,package.json,npm@9.1.0,package.json,[],projects/govuk-frontend/repo
6a23a5ddc8b384b368bfb76e11bc66224f02b33d,1686216772,18,package.json,npm@9.1.0,package.json,[],projects/govuk-frontend/repo
5e990739600d3d344654a3d7098e3edd17ba32f1,1686228660,18,package.json,npm@9.1.0,package.json,[],projects/govuk-frontend/repo
79f5117384bfadabe906fc0e27f34b938fa7729b,1686229298,18,package.json,npm@9.1.0,package.json,[],projects/govuk-frontend/repo
d71a803bc9504d18beb62dea1a6ba15d01bad3af,1686231131,18,package.json,npm@9.1.0,package.json,[],projects/govuk-frontend/repo
876e88647807cfb48cdffdba5bb4e52d8c989971,1686231265,18,package.json,npm@9.1.0,package.json,[],projects/govuk-frontend/repo
0305cf6b42fae8e46ab4e180028308e290980bcf,1686231508,18,package.json,npm@9.1.0,package.json,[],projects/govuk-frontend/repo
0093a2533b48361238a6844ec6729893f144cd3f,1686231508,18,package.json,npm@9.1.0,package.json,[],projects/govuk-frontend/repo
a1e187a7b5b6e9fc57aa7a8ee0f48216a73a618d,1686231529,18,package.json,npm@9.1.0,package.json,[],projects/govuk-frontend/repo
6f4eff544166f62f499c045aaa684f436bccf8cd,1686232817,18,package.json,npm@9.1.0,package.json,[],projects/govuk-frontend/repo
310f6a0493c5d9e4dca2360439b82d298ca6dee1,1686232825,18,package.json,npm@9.1.0,package.json,[],projects/govuk-frontend/repo
96b19ad4fb0705a6887e3eacc665938d7c1cbff4,1686233174,18,package.json,npm@9.1.0,package.json,[],projects/govuk-frontend/repo
f0879130b2f0fd3f71b04a35ee094165926808e8,1686242222,18,package.json,npm@9.1.0,package.json,[],projects/govuk-frontend/repo
c11dfc044c9e66690f66e53047830480336820d9,1686242278,18,package.json,npm@9.1.0,package.json,[],projects/govuk-frontend/repo
ea2c78c7bf6a503d0d6b43951c2c21df9d8f3faf,1686243316,18,package.json,npm@9.1.0,package.json,[],projects/govuk-frontend/repo
a7a7870a27638fb5ae1233c3cf7b1fd10a6ba342,1686303760,18,package.json,npm@9.1.0,package.json,[],projects/govuk-frontend/repo
3f93850cf75edc89f88ed14a5d18a88f6d3fc028,1686303765,18,package.json,npm@9.1.0,package.json,[],projects/govuk-frontend/repo
c599ed5dee6984afc91cf956d25d6c41e0aa8f98,1686303765,18,package.json,npm@9.1.0,package.json,[],projects/govuk-frontend/repo
72b9c7109fad8399504d2bda33dbd6c598b9bed3,1686306473,18,package.json,npm@9.1.0,package.json,[],projects/govuk-frontend/repo
28d2ab8f5f7a854bad641fc6bdd7057424bc7e02,1686308152,18,package.json,npm@9.1.0,package.json,[],projects/govuk-frontend/repo
2e7f92d7a8ff167d232f114e095e5f6251a3ff6c,1686308363,18,package.json,npm@9.1.0,package.json,[],projects/govuk-frontend/repo
e9f533b9218c40b23c425e7d06adb32b50ac8970,1686308973,18,package.json,npm@9.1.0,package.json,[],projects/govuk-frontend/repo
d8222a662c128627a28cc6d6faa6c6e403276034,1686313151,18,package.json,npm@9.1.0,package.json,[],projects/govuk-frontend/repo
e1bab47321616770fd4e68e1d21e9ee39d146d41,1686313151,18,package.json,npm@9.1.0,package.json,[],projects/govuk-frontend/repo
873d11005d0058caaa0becb669fe8ba37d9c1783,1686316529,18,package.json,npm@9.1.0,package.json,[],projects/govuk-frontend/repo
55f8a14bf705b09e9edeaa63f6091b185aae3647,1686317001,18,package.json,npm@9.1.0,package.json,[],projects/govuk-frontend/repo
e75fc4227510930cd2fa48e1727b3b352501efa5,1686325983,18,package.json,npm@9.1.0,package.json,[],projects/govuk-frontend/repo
0ee34ed33b9c1b9a41b142a39ba31e52c771c5e2,1686326194,18,package.json,npm@9.1.0,package.json,[],projects/govuk-frontend/repo
05161ca9b8344370920961c55b3fd5b7240f56ba,1686327215,18,package.json,npm@9.1.0,package.json,[],projects/govuk-frontend/repo
33bdde8744c36e42ad7ee4d8bbe11806ba305ca3,1686327215,18,package.json,npm@9.1.0,package.json,[],projects/govuk-frontend/repo
9278d1e35ac4e79c0a0f82189c30027e04c134f8,1686327216,18,package.json,npm@9.1.0,package.json,[],projects/govuk-frontend/repo
c3eaff64261a7373588a3133a6204a0ce1d3cf1d,1686327216,18,package.json,npm@9.1.0,package.json,[],projects/govuk-frontend/repo
137c74a471cbab8249103e8968b974d5e2d7b5b2,1686327216,18,package.json,npm@9.1.0,package.json,[],projects/govuk-frontend/repo
efd80f7c5076012532403ecfb2c52ba2f7f19b09,1686327216,18,package.json,npm@9.1.0,package.json,[],projects/govuk-frontend/repo
bd5b3be45baa4d293f61cce77b59e534bc04f466,1686327267,18,package.json,npm@9.1.0,package.json,[],projects/govuk-frontend/repo
4f7d19352be9bbb2fcfdfbfd9710eae584292871,1686327558,18,package.json,npm@9.1.0,package.json,[],projects/govuk-frontend/repo
296959378ff4bbad1ba449e795503b0e1d511bd1,1686328271,18,package.json,npm@9.1.0,package.json,[],projects/govuk-frontend/repo
dc24b724bf9d0592a23ad599bcf9ec98432de2ec,1686329125,18,package.json,npm@9.1.0,package.json,[],projects/govuk-frontend/repo
1f39c1ca2be7018d0b37074c88e63d7626ab8354,1686329133,18,package.json,npm@9.1.0,package.json,[],projects/govuk-frontend/repo
7bf36007003b830bf562e4d4644e56da725e81b0,1686329676,18,package.json,npm@9.1.0,package.json,[],projects/govuk-frontend/repo
eac5b1cc787439265a1acf48478188f76cea7d56,1686557022,18,package.json,npm@9.1.0,package.json,[],projects/govuk-frontend/repo
345f3021a4a1797787a609363c9715d664d70897,1686557022,18,package.json,npm@9.1.0,package.json,[],projects/govuk-frontend/repo
b858964359096788c6b7831459a4709a868da167,1686557022,18,package.json,npm@9.1.0,package.json,[],projects/govuk-frontend/repo
d9d6f32fcb66466cf4a200c89d433063ab2f95e0,1686557022,18,package.json,npm@9.1.0,package.json,[],projects/govuk-frontend/repo
b94e8127dfcb8f3363092ecbd9d995d89eb12314,1686557023,18,package.json,npm@9.1.0,package.json,[],projects/govuk-frontend/repo
13255bf76b5721a6d1554b36da301af03fe41b81,1686557087,18,package.json,npm@9.1.0,package.json,[],projects/govuk-frontend/repo
c70ea16f2a516dfe91f4cd0c960cd5c8d96f4860,1686557158,18,package.json,npm@9.1.0,package.json,[],projects/govuk-frontend/repo
f16f23db6c5b47aca54b583d32dcabff9457c5a3,1686557158,18,package.json,npm@9.1.0,package.json,[],projects/govuk-frontend/repo
5b2688e1e5c321a6051056ed1fb08c54cbb23e13,1686557158,18,package.json,npm@9.1.0,package.json,[],projects/govuk-frontend/repo
5daef4818d3f0bc3470c8152585a882ea508d0e6,1686558964,18,package.json,npm@9.1.0,package.json,[],projects/govuk-frontend/repo
d5a0658e75b8823ded54a6653928376763bdf326,1686563809,18,package.json,npm@9.1.0,package.json,[],projects/govuk-frontend/repo
5ee9c60a626bb505b57e2bcd36c36811fa836926,1686563830,18,package.json,npm@9.1.0,package.json,[],projects/govuk-frontend/repo
2f26cee72e237ca5081392dc3a4f4e9ead730902,1686563851,18,package.json,npm@9.1.0,package.json,[],projects/govuk-frontend/repo
4d4f61f2e0aee2b32874f49f036b8e645b24df07,1686563898,18,package.json,npm@9.1.0,package.json,[],projects/govuk-frontend/repo
a82135b881ee76f68e7f3c1068574bbd159ce8aa,1686563918,18,package.json,npm@9.1.0,package.json,[],projects/govuk-frontend/repo
30ae207c266c38432f6f65b96367718b49fb7b0e,1686564073,18,package.json,npm@9.1.0,package.json,[],projects/govuk-frontend/repo
2835bbc6e4c4c4367fb3d166206214c49a6a2fbc,1686570622,18,package.json,npm@9.1.0,package.json,[],projects/govuk-frontend/repo
c42a7d1cf6ae4a6b260028361ae699fe73188220,1686572407,18,package.json,npm@9.1.0,package.json,[],projects/govuk-frontend/repo
c369899ee2d5aeab42c9ea9c226dba24125e64e5,1686573058,18,package.json,npm@9.1.0,package.json,[],projects/govuk-frontend/repo
0b682a41dbb49310ccdcd14cc80d34f9e712e7e9,1686573125,18,package.json,npm@9.1.0,package.json,[],projects/govuk-frontend/repo
101bcdfeb3774dd399931667c6a8f5ef53b5c241,1686573176,18,package.json,npm@9.1.0,package.json,[],projects/govuk-frontend/repo
08d5ae956545a0b645360e3613f801b07e0e4484,1686573177,18,package.json,npm@9.1.0,package.json,[],projects/govuk-frontend/repo
58a95db106a768de35d9e6addd7238134516b26a,1686573229,18,package.json,npm@9.1.0,package.json,[],projects/govuk-frontend/repo
149f08a3e52d21f324bada34a3d3224988ed569a,1686573297,18,package.json,npm@9.1.0,package.json,[],projects/govuk-frontend/repo
6683867e10a240a3cf8737b8f8f5ef3c70cf5ef9,1686573371,18,package.json,npm@9.1.0,package.json,[],projects/govuk-frontend/repo
9d596c8d1ebc2ea4e13c492fd28ed34db4b7b119,1686573449,18,package.json,npm@9.1.0,package.json,[],projects/govuk-frontend/repo
71f740bae505ae0cce94f7ebc6345c79121b74b6,1686575853,18,package.json,npm@9.1.0,package.json,[],projects/govuk-frontend/repo
63cf5025077a50a19ce83b9e651773d501a46e17,1686575985,18,package.json,npm@9.1.0,package.json,[],projects/govuk-frontend/repo
d35682d51fed3ae1b373f06ee7a137b906289829,1686576035,18,package.json,npm@9.1.0,package.json,[],projects/govuk-frontend/repo
beed8debf98c94424e0b6243f27a2dd0ec689aac,1686576783,18,package.json,npm@9.1.0,package.json,[],projects/govuk-frontend/repo
6cc1d30e2264628a1f69a8ef828388b6d230ad93,1686576834,18,package.json,npm@9.1.0,package.json,[],projects/govuk-frontend/repo
986bf0fad8b9e9520eb6b4e67bb998809393e184,1686577453,18,package.json,npm@9.1.0,package.json,[],projects/govuk-frontend/repo
378b9eb5403d4f2d2539a69e36f975dad55e7bcb,1686577505,18,package.json,npm@9.1.0,package.json,[],projects/govuk-frontend/repo
e93629a72506c11f9db612536d14da0bc1fe41af,1686577521,18,package.json,npm@9.1.0,package.json,[],projects/govuk-frontend/repo
6f3b744cf54bc603ae114aee4a9454af82619bd8,1686577646,18,package.json,npm@9.1.0,package.json,[],projects/govuk-frontend/repo
517daca9e8943e2b1ca6b5ec0bac10e740995604,1686577668,18,package.json,npm@9.1.0,package.json,[],projects/govuk-frontend/repo
438e6328b779a08319987bc2a41c110662013564,1686578894,18,package.json,npm@9.1.0,package.json,[],projects/govuk-frontend/repo
209052844615baa978c9ce22d8145b92813fdcb1,1686579034,18,package.json,npm@9.1.0,package.json,[],projects/govuk-frontend/repo
cbc2dcb468469d3d208a1350948b6b0b1b851a70,1686579205,18,package.json,npm@9.1.0,package.json,[],projects/govuk-frontend/repo
b4979428db1dfdb9201b41b3bd39a5991f39a1cb,1686579336,18,package.json,npm@9.1.0,package.json,[],projects/govuk-frontend/repo
abc902e557f2cf38c99ccce253a090ffe6149ce3,1686579785,18,package.json,npm@9.1.0,package.json,[],projects/govuk-frontend/repo
cd248bb14ee48aad36655b74a77058a9fb31c896,1686580084,18,package.json,npm@9.1.0,package.json,[],projects/govuk-frontend/repo
b53ccbf82ebbd5bc42cda641eee404398db63f3e,1686580175,18,package.json,npm@9.1.0,package.json,[],projects/govuk-frontend/repo
b12ec877d09aea4c02703f152c05547fb9d4d453,1686580208,18,package.json,npm@9.1.0,package.json,[],projects/govuk-frontend/repo
b1fa9c75b7bec788dd48c2ee5741eb0e82a751d1,1686580262,18,package.json,npm@9.1.0,package.json,[],projects/govuk-frontend/repo
f56242250092c29505d6724f893c09bc98609d8f,1686581048,18,package.json,npm@9.1.0,package.json,[],projects/govuk-frontend/repo
654a76659f3f57b5b499c4a897aa03b977507058,1686644693,18,package.json,npm@9.1.0,package.json,[],projects/govuk-frontend/repo
830b9e69239feedc3e1269daa30c1c0fa69282d3,1686644726,18,package.json,npm@9.1.0,package.json,[],projects/govuk-frontend/repo
143defd087de37c312ad0ec42feb5f8819211f91,1686644757,18,package.json,npm@9.1.0,package.json,[],projects/govuk-frontend/repo
eb0e689b9ab894fe1d8a2be987079c34dbccda04,1686644811,18,package.json,npm@9.1.0,package.json,[],projects/govuk-frontend/repo
fbed2b59889aff35fd1c65f1cd5ad368a5e4ddfe,1686645903,18,package.json,npm@9.1.0,package.json,[],projects/govuk-frontend/repo
7e9c4299d0aabc8b5855895588ebafea9f0fa810,1686645959,18,package.json,npm@9.1.0,package.json,[],projects/govuk-frontend/repo
41cf6a26b9dd8556ba3fb4d6fac5ba6eb63ed463,1686668964,18,package.json,npm@9.1.0,package.json,[],projects/govuk-frontend/repo
0a8cdb8a48dae2fe195418ecec9c0f74a0619507,1686669082,18,package.json,npm@9.1.0,package.json,[],projects/govuk-frontend/repo
6acd89de18b0e36ac27d68980ea0d9af382e5b7c,1686669132,18,package.json,npm@9.1.0,package.json,[],projects/govuk-frontend/repo
872a8f997dbf8c836fd8f0cfc9817348bb6f5b48,1686669160,18,package.json,npm@9.1.0,package.json,[],projects/govuk-frontend/repo
4ad27b02e2398891bbe04b88ae2278e444028923,1686737686,18,package.json,npm@9.1.0,package.json,[],projects/govuk-frontend/repo
eb7d24b3a7d70a0c770db552b6ec6017d2b1e612,1686738253,18,package.json,npm@9.1.0,package.json,[],projects/govuk-frontend/repo
aa2792bc8117c058028d58caeb1dd14786f43c93,1686740181,18,package.json,npm@9.1.0,package.json,[],projects/govuk-frontend/repo
9e3f7ab1c37c3e1c9d69f2003768fcb28eb188d2,1686743528,18,package.json,npm@9.1.0,package.json,[],projects/govuk-frontend/repo
7ce0340bc89378ab3c45e19260774a0d3ac4087b,1686814574,18,package.json,npm@9.1.0,package.json,[],projects/govuk-frontend/repo
ae50bc4c1fe1bf44a7324e244c01abac6cf7afb5,1686814608,18,package.json,npm@9.1.0,package.json,[],projects/govuk-frontend/repo
d6b59c07964b6f02a540e2b9ec97af52e7039e8b,1686817970,18,package.json,npm@9.1.0,package.json,[],projects/govuk-frontend/repo
da548a2864b4ff7bd358457c01c2558ccd368204,1686834582,18,package.json,npm@9.1.0,package.json,[],projects/govuk-frontend/repo
45f60ab2f273240d1198e36af5956a592e6e435e,1687168932,18,package.json,npm@9.1.0,package.json,[],projects/govuk-frontend/repo
7c3f3eef56770d20321a8452744a3ac637ccbdf8,1687174860,18,package.json,npm@9.1.0,package.json,[],projects/govuk-frontend/repo
edfe98b6e5a041545a74e3df7b0d4a90685e82b3,1687174909,18,package.json,npm@9.1.0,package.json,[],projects/govuk-frontend/repo
af819acad4d1a617109d8079527f5375ed024be8,1687174927,18,package.json,npm@9.1.0,package.json,[],projects/govuk-frontend/repo
b58e58b1b9f4de62f7b7ddba13cde3c8b9f401d6,1687174927,18,package.json,npm@9.1.0,package.json,[],projects/govuk-frontend/repo
b1e7c7ddc344ee032733ac90532599a67086c10e,1687184431,18,package.json,npm@9.1.0,package.json,[],projects/govuk-frontend/repo
be71a7a61b439a351c626e9503a8078b88f53ad1,1687187634,18,package.json,npm@9.1.0,package.json,[],projects/govuk-frontend/repo
e7c6b46a2bca847fa8b268ce5918334fb08f0eaa,1687187835,18,package.json,npm@9.1.0,package.json,[],projects/govuk-frontend/repo
fe0ab9674132b49b02924fc1944a7cf178e190d2,1687187946,18,package.json,npm@9.1.0,package.json,[],projects/govuk-frontend/repo
1c1da3caec428e698a98f6357c796d48895ebcab,1687189977,18,package.json,npm@9.1.0,package.json,[],projects/govuk-frontend/repo
3a1102ede41127de9b49645f0ea37a8aee12bf2b,1687190056,18,package.json,npm@9.1.0,package.json,[],projects/govuk-frontend/repo
c18c061202cddf1a8d202023bdebf303c3df8041,1687190662,18,package.json,npm@9.1.0,package.json,[],projects/govuk-frontend/repo
1716906ab04e8add36c208500a29a12138505424,1687192064,18,package.json,npm@9.1.0,package.json,[],projects/govuk-frontend/repo
00dcfd9768366c86a0b9353cc3fe0758cdcc1388,1687192067,18,package.json,npm@9.1.0,package.json,[],projects/govuk-frontend/repo
e614b418aa21edf2d5d044fc7b87d3cc6c6dd2a4,1687192728,18,package.json,npm@9.1.0,package.json,[],projects/govuk-frontend/repo
8b6bf304b9fc891f64459c25a08f3d623f3fea72,1687193167,18,package.json,npm@9.1.0,package.json,[],projects/govuk-frontend/repo
b9cbe1691f7022fac4d2a5ce7763cacfa4a084f2,1687193167,18,package.json,npm@9.1.0,package.json,[],projects/govuk-frontend/repo
7e1d0f4bfdcfc5e6866c62aa230a8320a8bd2fb5,1687193168,18,package.json,npm@9.1.0,package.json,[],projects/govuk-frontend/repo
3975de3006c78a4379788b96801980edd5f8b5fa,1687195631,18,package.json,npm@9.1.0,package.json,[],projects/govuk-frontend/repo
87e44f250a96b4f708773f3f28c72658d9db1cdc,1687196430,18,package.json,npm@9.1.0,package.json,[],projects/govuk-frontend/repo
96056ac6c57439823ff168c7656bac1d2478b59b,1687196451,18,package.json,npm@9.1.0,package.json,[],projects/govuk-frontend/repo
cdbecfbbd62bb858afefb0fffaa01bdafa4dd192,1687196506,18,package.json,npm@9.1.0,package.json,[],projects/govuk-frontend/repo
8014ad2c875f0bf1b2db5e898da6ad90c5aa4dea,1687250883,18,package.json,npm@9.1.0,package.json,[],projects/govuk-frontend/repo
fd381a93dccfb51fd37dff5f228c710e811a1f54,1687250934,18,package.json,npm@9.1.0,package.json,[],projects/govuk-frontend/repo
701b6e32b433f965ce31c4f9e9481c03d770d397,1687251250,18,package.json,npm@9.1.0,package.json,[],projects/govuk-frontend/repo
cc6c91a4372fd10e9da26b42ee0f9e1c3b6f1b05,1687251315,18,package.json,npm@9.1.0,package.json,[],projects/govuk-frontend/repo
27693d53df93b7c3ff59be0f5bfff6fc8177f004,1687253355,18,package.json,npm@9.1.0,package.json,[],projects/govuk-frontend/repo
77b3edb5c23236ac1c069ef8ba6b58feb4b5b7e7,1687263324,18,package.json,npm@9.1.0,package.json,[],projects/govuk-frontend/repo
fbd82b327a4203dae8ac5871eb9dbacee8936911,1687264713,18,package.json,npm@9.1.0,package.json,[],projects/govuk-frontend/repo
e87c01864937dd6e8bab367427dccda6c964c1ee,1687266516,18,package.json,npm@9.1.0,package.json,[],projects/govuk-frontend/repo
4b996c95e121e015d138e882d32d0f9467129a75,1687266516,18,package.json,npm@9.1.0,package.json,[],projects/govuk-frontend/repo
39ac6e4582a65bae6789c649ce25ca04d605024f,1687268607,18,package.json,npm@9.1.0,package.json,[],projects/govuk-frontend/repo
93f7c8a984ff7a8ec6c596a33d2536393b6641d9,1687268609,18,package.json,npm@9.1.0,package.json,[],projects/govuk-frontend/repo
4d6a8b05c9ab6a4a04731adca15847397fb116c4,1687268609,18,package.json,npm@9.1.0,package.json,[],projects/govuk-frontend/repo
bc276496f36d2fec27ed08f1e51d13712f77198a,1687268609,18,package.json,npm@9.1.0,package.json,[],projects/govuk-frontend/repo
7413d930ec89b9a52412a5f965666a0add412940,1687268609,18,package.json,npm@9.1.0,package.json,[],projects/govuk-frontend/repo
0d35415fee89c97a17ab31acafaae93ddc76a3b5,1687268609,18,package.json,npm@9.1.0,package.json,[],projects/govuk-frontend/repo
c8f57d06780a32254156179cc0da31f65f287223,1687271646,18,package.json,npm@9.1.0,package.json,[],projects/govuk-frontend/repo
0ba4e0980e3256930530b8925da318d59f4f02a8,1687271961,18,package.json,npm@9.1.0,package.json,[],projects/govuk-frontend/repo
c06f21aa92319be9c7dd07fef160e861d1278e2e,1687279050,18,package.json,npm@9.1.0,package.json,[],projects/govuk-frontend/repo
cae901b3eb589c483bb3ed1b0d9ae98ceaab1f12,1687359420,18,package.json,npm@9.1.0,package.json,[],projects/govuk-frontend/repo
ffe4b4e1d9c1d2667ce2911b41b09c6813f27a3f,1687439780,18,package.json,npm@9.1.0,package.json,[],projects/govuk-frontend/repo
73a6a3914883a9e8f1d6cf7143ad226c9971c3bd,1687449278,18,package.json,npm@9.1.0,package.json,[],projects/govuk-frontend/repo
c558637fdf2f36fda5212951f13aaf2b621c3b33,1687452132,18,package.json,npm@9.1.0,package.json,[],projects/govuk-frontend/repo
e5399f93859bfec55cae16586513eb1574aeeaef,1687452132,18,package.json,npm@9.1.0,package.json,[],projects/govuk-frontend/repo
129d30b5fa89609282863ac823d71ff7101b19ae,1687452570,18,package.json,npm@9.1.0,package.json,[],projects/govuk-frontend/repo
f1a0637111cb7cbda29dd6cf5a66228ac8504b29,1687452595,18,package.json,npm@9.1.0,package.json,[],projects/govuk-frontend/repo
dadba0f227578824784cdf29500556f5a9924f7a,1687452595,18,package.json,npm@9.1.0,package.json,[],projects/govuk-frontend/repo
51461de9cdfb5f903e1cc8ac26f3a56d450977b0,1687453676,18,package.json,npm@9.1.0,package.json,[],projects/govuk-frontend/repo
312cb161412c46ae78f6b7e04c12d4dc9dbcc689,1687517618,18,package.json,npm@9.1.0,package.json,[],projects/govuk-frontend/repo
2c2215228069c3cd900853b0a55e5edd00155d8f,1687532759,18,package.json,npm@9.1.0,package.json,[],projects/govuk-frontend/repo
48fce0a8809484a187372cd72230d89e0a211b28,1687532792,18,package.json,npm@9.1.0,package.json,[],projects/govuk-frontend/repo
9b9a008eadbc94b7255c75ea433eeee8308e29a0,1687773471,18,package.json,npm@9.1.0,package.json,[],projects/govuk-frontend/repo
9747e59c748c9757bfd241c250a7df6ef31c0116,1687773690,18,package.json,npm@9.1.0,package.json,[],projects/govuk-frontend/repo
8606a7c9d3914c3de72e2e50f0db4e704e1792a8,1687773936,18,package.json,npm@9.1.0,package.json,[],projects/govuk-frontend/repo
0fc394d771c051152e89bd44395ec54d11ae7d59,1687774033,18,package.json,npm@9.1.0,package.json,[],projects/govuk-frontend/repo
266f2580ba717ee315fc95acd066c57146b96635,1687774132,18,package.json,npm@9.1.0,package.json,[],projects/govuk-frontend/repo
a821aa9dca198469a29e26efb3d03c4351c8f87b,1687779888,18,package.json,npm@9.1.0,package.json,[],projects/govuk-frontend/repo
aed23fbd9775bdd3c09abcf6b1082be9976d4736,1687779914,18,package.json,npm@9.1.0,package.json,[],projects/govuk-frontend/repo
d812f578647dbcce1bf70900d47d4120ca2437c4,1687779974,18,package.json,npm@9.1.0,package.json,[],projects/govuk-frontend/repo
7d010a08ca184b8dae9d6939acd5ce1c603b487a,1687779985,18,package.json,npm@9.1.0,package.json,[],projects/govuk-frontend/repo
6ea6b61a51f310ff6ac8bdb1d794cef19c0e302b,1687779987,18,package.json,npm@9.1.0,package.json,[],projects/govuk-frontend/repo
c2e76e53c35b9edb328c7c21be311c98163d21ee,1687780042,18,package.json,npm@9.1.0,package.json,[],projects/govuk-frontend/repo
f5049ce70e1cfcd7b575ad0a5c22155f4f4c37f0,1687780383,18,package.json,npm@9.1.0,package.json,[],projects/govuk-frontend/repo
f4558e0898e9aaac8e8850598d4d7a3e5928aef3,1687780450,18,package.json,npm@9.1.0,package.json,[],projects/govuk-frontend/repo
2f872760d78f446f1985a47ab476874c4b68b1a2,1687780523,18,package.json,npm@9.1.0,package.json,[],projects/govuk-frontend/repo
a1ca046ed723fa782e7181a7da4dad12b3e848cf,1687780633,18,package.json,npm@9.1.0,package.json,[],projects/govuk-frontend/repo
6cf24ed83dc67dbcc1ba0f4d13645b55399e3282,1687780659,18,package.json,npm@9.1.0,package.json,[],projects/govuk-frontend/repo
b1c808ae7cba81348571dd7ed3a75d355235c742,1687781004,18,package.json,npm@9.1.0,package.json,[],projects/govuk-frontend/repo
5846421b0f922fad7faaf9354c1580ca7d186fc8,1687781056,18,package.json,npm@9.1.0,package.json,[],projects/govuk-frontend/repo
e47035f5bfc261e0e4e32e7636dceb1fb938092b,1687781342,18,package.json,npm@9.1.0,package.json,[],projects/govuk-frontend/repo
4cd727600607c7b97c4f8183f7c3f8e501b66e77,1687785824,18,package.json,npm@9.1.0,package.json,[],projects/govuk-frontend/repo
2d8b5d347b7b4127063269e7851ce9aa777b6a8e,1687788341,18,package.json,npm@9.1.0,package.json,[],projects/govuk-frontend/repo
87b2519e22c6201e337e21d3b0e65f7062bb4d22,1687788828,18,package.json,npm@9.1.0,package.json,[],projects/govuk-frontend/repo
797b65b2eb37dc0bbb9ac240765e92df5e8cf066,1687789373,18,package.json,npm@9.1.0,package.json,[],projects/govuk-frontend/repo
ae842a8d2f6b2cf7cd41adff830681171dbc202b,1687790123,18,package.json,npm@9.1.0,package.json,[],projects/govuk-frontend/repo
b97850a123465b6346006d24e85a56643b8e4353,1687790123,18,package.json,npm@9.1.0,package.json,[],projects/govuk-frontend/repo
6106aa0562d0ea4a414526dbfe73059fc595a733,1687791444,18,package.json,npm@9.1.0,package.json,[],projects/govuk-frontend/repo
d2fdf07274e00e665904f87d8aa542a7eca7fca1,1687791449,18,package.json,npm@9.1.0,package.json,[],projects/govuk-frontend/repo
6ef18647ba94e571c0a099466c1e63e6b643c396,1687791449,18,package.json,npm@9.1.0,package.json,[],projects/govuk-frontend/repo
87e4b2c32acff8a2046c7c2cb118c8b7b5459d1e,1687791449,18,package.json,npm@9.1.0,package.json,[],projects/govuk-frontend/repo
ea9eb035d3232a5b19b4f4be90cb49a7fcb18364,1687791449,18,package.json,npm@9.1.0,package.json,[],projects/govuk-frontend/repo
02f1c68637c10712f4db0bd0401ea9627505b56c,1687792173,18,package.json,npm@9.1.0,package.json,[],projects/govuk-frontend/repo
d51c0079ff27c40446c9d549044c542de5a91026,1687792747,18,package.json,npm@9.1.0,package.json,[],projects/govuk-frontend/repo
15ba68662023f93a0ed59e9ea257f88f37603c28,1687874603,18,package.json,npm@9.1.0,package.json,[],projects/govuk-frontend/repo
f0ed42c080df24228afbab68c8704df766e4953e,1688032807,18,package.json,npm@9.1.0,package.json,[],projects/govuk-frontend/repo
6a24f166eaddb9c2981775d04c404043962f836a,1688033523,18,package.json,npm@9.1.0,package.json,[],projects/govuk-frontend/repo
946bf9958b034a6f764bac8266911e7235def388,1688038895,18,package.json,npm@9.1.0,package.json,[],projects/govuk-frontend/repo
e88bd4449a115983bb8e1a1128f2c63d0b383da6,1688038895,18,package.json,npm@9.1.0,package.json,[],projects/govuk-frontend/repo
c2a6c7e152d18456fbad09638afe16eb8ccfa0c3,1688039866,18,package.json,npm@9.1.0,package.json,[],projects/govuk-frontend/repo
e24db1adcbf3e06b853ba997f495109ce7c32e2d,1688039866,18,package.json,npm@9.1.0,package.json,[],projects/govuk-frontend/repo
40c8de5dda913e439364d647868a62a65a0dfa01,1688039866,18,package.json,npm@9.1.0,package.json,[],projects/govuk-frontend/repo
c525c29840835055404b67404048068669faaba0,1688039867,18,package.json,npm@9.1.0,package.json,[],projects/govuk-frontend/repo
41c4d47f6ffa95d6ea83e5034d2f7b9970363c8b,1688053127,18,package.json,npm@9.1.0,package.json,[],projects/govuk-frontend/repo
6e85ce09db7976107adce766944ec6f11e8c6d25,1688056951,18,package.json,npm@9.1.0,package.json,[],projects/govuk-frontend/repo
ffb4b58381a39dc13ac21801c21017aed2bff802,1688120730,18,package.json,npm@9.1.0,package.json,[],projects/govuk-frontend/repo
da638ed7097e0ade75b08a105e6293ece0b654d0,1688138801,18,package.json,npm@9.1.0,package.json,[],projects/govuk-frontend/repo
a76059b0828728407a1ed153da7971b469bab496,1688139081,18,package.json,npm@9.1.0,package.json,[],projects/govuk-frontend/repo
37506da0cc86bce7a369daa585b021e16006336c,1688139086,18,package.json,npm@9.1.0,package.json,[],projects/govuk-frontend/repo
df210908b1f710c6fbb239f74213160343fe6397,1688139086,18,package.json,npm@9.1.0,package.json,[],projects/govuk-frontend/repo
a30bbe15e842138066907b7af1fdb06cbdeac223,1688139087,18,package.json,npm@9.1.0,package.json,[],projects/govuk-frontend/repo
05d6bb02d9806825d264a2a52bb3714dc09b5421,1688139087,18,package.json,npm@9.1.0,package.json,[],projects/govuk-frontend/repo
70cd15549bf11467bee9de281190dbcd95b176e3,1688143467,18,package.json,npm@9.1.0,package.json,[],projects/govuk-frontend/repo
eb37454a37ec9f0ac155b276d1dbafc971d895c2,1688367162,18,package.json,npm@9.1.0,package.json,[],projects/govuk-frontend/repo
29341f3173bc30c03de6e53e7eba3b566046cd78,1688367181,18,package.json,npm@9.1.0,package.json,[],projects/govuk-frontend/repo
3f95c4fc852972cad0fdeb892b2c825b6b1927a4,1688374325,18,package.json,npm@9.1.0,package.json,[],projects/govuk-frontend/repo
193951f5a83b29d4c050820d89c21aa92e6751a3,1688374736,18,package.json,npm@9.1.0,package.json,[],projects/govuk-frontend/repo
4025569b934140c54054bde822afd116d6966895,1688374781,18,package.json,npm@9.1.0,package.json,[],projects/govuk-frontend/repo
df8340ec52ef1513c6dfb4d7ed47595bdfbc5a77,1688374808,18,package.json,npm@9.1.0,package.json,[],projects/govuk-frontend/repo
4b27e4fb70e343de54521bfc2a07fa97a66264c0,1688374828,18,package.json,npm@9.1.0,package.json,[],projects/govuk-frontend/repo
f3102572a96c424d49e1229db62975f7f7cd4ef1,1688377341,18,package.json,npm@9.1.0,package.json,[],projects/govuk-frontend/repo
334af42d137341d7a7663d0a054fa40a8bdd87d2,1688377381,18,package.json,npm@9.1.0,package.json,[],projects/govuk-frontend/repo
d06f005426003e277aa9b8204f7971737d9a1666,1688377449,18,package.json,npm@9.1.0,package.json,[],projects/govuk-frontend/repo
94f0915440c484a8270de9becd1243a9e81977f2,1688377477,18,package.json,npm@9.1.0,package.json,[],projects/govuk-frontend/repo
a5d9c5c4dfa932bf521cf201533215f4dbcfb397,1688377883,18,package.json,npm@9.1.0,package.json,[],projects/govuk-frontend/repo
954476335087801e2f9c84893d3717e76c30623f,1688378045,18,package.json,npm@9.1.0,package.json,[],projects/govuk-frontend/repo
261b7e7f4b1c52b490ba3a626c46126278e3fdbf,1688378389,18,package.json,npm@9.1.0,package.json,[],projects/govuk-frontend/repo
ce78a65ddad2d701ce7d296079ab6c7fe51499ea,1688378416,18,package.json,npm@9.1.0,package.json,[],projects/govuk-frontend/repo
659e8526d84940be883a4efd3d86e54d9b37c6c2,1688378468,18,package.json,npm@9.1.0,package.json,[],projects/govuk-frontend/repo
5053e9525c9c3bacf0f2ac94b7ba61de7b9ae5f6,1688378961,18,package.json,npm@9.1.0,package.json,[],projects/govuk-frontend/repo
d7a56ccde89de612a90e1ee5b232f35c924e8150,1688396789,18,package.json,npm@9.1.0,package.json,[],projects/govuk-frontend/repo
fb1085b9c216b57497c8a6b09b49d5e0203e64dd,1688398314,18,package.json,npm@9.1.0,package.json,[],projects/govuk-frontend/repo
c2b5f34aeb7878d5c42236a1937a7cea279e85a3,1688398314,18,package.json,npm@9.1.0,package.json,[],projects/govuk-frontend/repo
47357411de904d1b8e98ee3ed4af9a171ea312f2,1688398790,18,package.json,npm@9.1.0,package.json,[],projects/govuk-frontend/repo
c0aae6245e91fc57b0d684b05ee246b50c3785fa,1688399386,18,package.json,npm@9.1.0,package.json,[],projects/govuk-frontend/repo
a02f611b214607d1cd9c4b04cfae8f8874389f31,1688401804,18,package.json,npm@9.1.0,package.json,[],projects/govuk-frontend/repo
b3e72187a341732c7e60ad8198f618a702152246,1688401971,18,package.json,npm@9.1.0,package.json,[],projects/govuk-frontend/repo
0de6fa2b0e9b0cb522aeafea026a6744b527f894,1688402035,18,package.json,npm@9.1.0,package.json,[],projects/govuk-frontend/repo
aad6f92e28b433211e5aa22402ef062420189967,1688402652,18,package.json,npm@9.1.0,package.json,[],projects/govuk-frontend/repo
a8eb93eec625214deaa0d9ec279a619d3e325a32,1688459240,18,package.json,npm@9.1.0,package.json,[],projects/govuk-frontend/repo
2e0ac10f1fd92f08ccec41314568357a8eb714e7,1688459241,18,package.json,npm@9.1.0,package.json,[],projects/govuk-frontend/repo
e925f2a081a6d74c3230968cefe261ad9669d987,1688477846,18,package.json,npm@9.1.0,package.json,[],projects/govuk-frontend/repo
95ad22da35b49eae5b1e7e647af3834f0831a850,1688563754,18,package.json,npm@9.1.0,package.json,[],projects/govuk-frontend/repo
174de406fa59bd003efd0df5681bdb4733a15fa4,1688563754,18,package.json,npm@9.1.0,package.json,[],projects/govuk-frontend/repo
cca5870651520e597a6f3ba040776d7bdfdc0d0b,1688563754,18,package.json,npm@9.1.0,package.json,[],projects/govuk-frontend/repo
f71de1611d435a3612a2a23896d7fb9280a030e4,1688563755,18,package.json,npm@9.1.0,package.json,[],projects/govuk-frontend/repo
4fb7ca1e482cefe0d61942c12d47baf1bd7af9e5,1688563755,18,package.json,npm@9.1.0,package.json,[],projects/govuk-frontend/repo
bd3f24a783f93e4d31b1dd1a4faeccaa5985fde2,1688563755,18,package.json,npm@9.1.0,package.json,[],projects/govuk-frontend/repo
dfc0084fcc9124d857f4a2fe245d59ffa708d597,1688563755,18,package.json,npm@9.1.0,package.json,[],projects/govuk-frontend/repo
05894557633c4f7fcc5bc3d8545ec170fccdf4d2,1688563755,18,package.json,npm@9.1.0,package.json,[],projects/govuk-frontend/repo
2ef3da301036ad346ab3af13edc2fa0d4966f744,1688563755,18,package.json,npm@9.1.0,package.json,[],projects/govuk-frontend/repo
b7f5e9c184a3043fab1b6f9d3a1c32491b2c5fec,1688573051,18,package.json,npm@9.1.0,package.json,[],projects/govuk-frontend/repo
fe91ffd0a4670294db712e79c8021a163cf053a2,1688573223,18,package.json,npm@9.1.0,package.json,[],projects/govuk-frontend/repo
140f6d0016bb6657dee734634cb7dc04225ad7b1,1688573223,18,package.json,npm@9.1.0,package.json,[],projects/govuk-frontend/repo
f8335d91610bbcb52d47b0613bd80bcb22ef99c4,1688573223,18,package.json,npm@9.1.0,package.json,[],projects/govuk-frontend/repo
abe163b4644ea0d74e8bb3a501a276cdabc5152a,1688573224,18,package.json,npm@9.1.0,package.json,[],projects/govuk-frontend/repo
8231bff0a9f9ac2a95eb72b03ff8893111c8a2cb,1688573224,18,package.json,npm@9.1.0,package.json,[],projects/govuk-frontend/repo
8f37f43202cd22cdc173577f046e4e37ed73a375,1688573224,18,package.json,npm@9.1.0,package.json,[],projects/govuk-frontend/repo
1ab3c802d8d5ca64157d7e045409dce01bdb5d4a,1688573224,18,package.json,npm@9.1.0,package.json,[],projects/govuk-frontend/repo
c76740390c31ce467b1a95c16c4ed125a7e096c4,1688573225,18,package.json,npm@9.1.0,package.json,[],projects/govuk-frontend/repo
ed6bd19d2b0273e43d52393426ca4b52c41d1394,1688573225,18,package.json,npm@9.1.0,package.json,[],projects/govuk-frontend/repo
5ddbf4ccfa58153d5f5d638a30112cfb5966d678,1688573225,18,package.json,npm@9.1.0,package.json,[],projects/govuk-frontend/repo
f9079c6a3e7a45de12ecea2b9208fbd8b9a28de7,1688573226,18,package.json,npm@9.1.0,package.json,[],projects/govuk-frontend/repo
754315c07a96c2b0a8f51a2143d2dbe4ec109c8d,1688573226,18,package.json,npm@9.1.0,package.json,[],projects/govuk-frontend/repo
7c028253be355f22ab4a1d115acb644d01edc138,1688573226,18,package.json,npm@9.1.0,package.json,[],projects/govuk-frontend/repo
6a8fb79a82d8c6f5de964e829c589ba917550139,1688574689,18,package.json,npm@9.1.0,package.json,[],projects/govuk-frontend/repo
a2b5b2c967e86c06e822240e3cb3b4e246367250,1688574759,18,package.json,npm@9.1.0,package.json,[],projects/govuk-frontend/repo
c6f7d42a25aca5fb10f4c45342e2d4b9bcb5c130,1688574776,18,package.json,npm@9.1.0,package.json,[],projects/govuk-frontend/repo
1a04a39394bad9637e978a8366931280bc9b7040,1688641233,18,package.json,npm@9.1.0,package.json,[],projects/govuk-frontend/repo
bb550bb1b539079a1e7fa82c9807b22f62ac07d3,1688651840,18,package.json,npm@9.1.0,package.json,[],projects/govuk-frontend/repo
932b8b2b0c46ea53927a88e09fefde62cf4d6949,1688652101,18,package.json,npm@9.1.0,package.json,[],projects/govuk-frontend/repo
635bb3cb65f83ea4056353e276270595b4443add,1688653799,18,package.json,npm@9.1.0,package.json,[],projects/govuk-frontend/repo
e4b3a62e23210edd72923c78a443d3487a91f9a8,1688656305,18,package.json,npm@9.1.0,package.json,[],projects/govuk-frontend/repo
49d63886f3a3735817bc87371edf608a76e03249,1688656704,18,package.json,npm@9.1.0,package.json,[],projects/govuk-frontend/repo
e81f55d601148eb41fe6e2f86ae95ecc7cf91cb0,1688656799,18,package.json,npm@9.1.0,package.json,[],projects/govuk-frontend/repo
9b0648d29bf82e64ddea9e7f7285387933398ffc,1688659587,18,package.json,npm@9.1.0,package.json,[],projects/govuk-frontend/repo
0d676a4a6c5ea4aceca55bfd437e501cc8632596,1688660200,18,package.json,npm@9.1.0,package.json,[],projects/govuk-frontend/repo
be5024afc8e0fb83437b1a0276a510fc0f4e0fd1,1688720539,18,package.json,npm@9.1.0,package.json,[],projects/govuk-frontend/repo
16ca3e3a62474c7463abe0ff23f5b4fb43d1967e,1688724879,18,package.json,npm@9.1.0,package.json,[],projects/govuk-frontend/repo
42255f5774b8612fb5d907c37306c5b37288fc93,1688725722,18,package.json,npm@9.1.0,package.json,[],projects/govuk-frontend/repo
e5f5ce508f47dbf167216fb7bf21f1dd85bbccae,1688775427,18,package.json,npm@9.1.0,package.json,[],projects/govuk-frontend/repo
dd7c767e5a75646c06bfdf7d6beaecac81152069,1688981428,18,package.json,npm@9.1.0,package.json,[],projects/govuk-frontend/repo
d6a6f4c71ef08eed0c759f9026dde1a09b4288bb,1689069270,18,package.json,npm@9.1.0,package.json,[],projects/govuk-frontend/repo
01010e05ac9d7ecaa24684ce5f5cb029052b5fd4,1689069310,18,package.json,npm@9.1.0,package.json,[],projects/govuk-frontend/repo
3316c7551bb6ff91f983ad4780085acec65c6674,1689069747,18,package.json,npm@9.1.0,package.json,[],projects/govuk-frontend/repo
9e76f416baf9086a7265b8b5229c5b01b2c6b1f2,1689069911,18,package.json,npm@9.1.0,package.json,[],projects/govuk-frontend/repo
baf82c5ec51b00245cd807972ca78bfb176b6b23,1689070588,18,package.json,npm@9.1.0,package.json,[],projects/govuk-frontend/repo
7be2a4efb483dce20c84c5d2cdc612d6d78c3660,1689071619,18,package.json,npm@9.1.0,package.json,[],projects/govuk-frontend/repo
7322eff86a7cbef6266f16945131e47d3d305ea3,1689071688,18,package.json,npm@9.1.0,package.json,[],projects/govuk-frontend/repo
6dcbf57ac8e8831bfaef1d7d7aef30da5b807d5e,1689071698,18,package.json,npm@9.1.0,package.json,[],projects/govuk-frontend/repo
32abe30f58990fc625c70dd98c2838ec901746a9,1689071717,18,package.json,npm@9.1.0,package.json,[],projects/govuk-frontend/repo
64399c836911a28f06b7985c41a31318e664447d,1689072734,18,package.json,npm@9.1.0,package.json,[],projects/govuk-frontend/repo
bfc7d36e7be8dba58da049aad31b6f9398369a0b,1689073119,18,package.json,npm@9.1.0,package.json,[],projects/govuk-frontend/repo
872d178dc22e6baff395881715910cbc1e22a02f,1689073271,18,package.json,npm@9.1.0,package.json,[],projects/govuk-frontend/repo
bd7977126da24f8899c6b08534c7f7d3884a0aa6,1689073318,18,package.json,npm@9.1.0,package.json,[],projects/govuk-frontend/repo
c3fb7bffb98daf2ce54bdeca416bb25378dfa983,1689075873,18,package.json,npm@9.1.0,package.json,[],projects/govuk-frontend/repo
fe3b1c47e6856fc2c40fe224f4395bee258b9c8d,1689076020,18,package.json,npm@9.1.0,package.json,[],projects/govuk-frontend/repo
70091870952f9412f2c23315d1c67c63e0f3db27,1689077167,18,package.json,npm@9.1.0,package.json,[],projects/govuk-frontend/repo
6ada60b0eb986f5096e9e489a32a7928e97672b7,1689077886,18,package.json,npm@9.1.0,package.json,[],projects/govuk-frontend/repo
38d320a2886358ea725546ce2517b58f3b1c1ce5,1689078377,18,package.json,npm@9.1.0,package.json,[],projects/govuk-frontend/repo
6304553c603873ae1cbad2261bfdace8d579068f,1689078515,18,package.json,npm@9.1.0,package.json,[],projects/govuk-frontend/repo
c380399907fe085e2dbcdd8cc5e1956829b8fa31,1689078524,18,package.json,npm@9.1.0,package.json,[],projects/govuk-frontend/repo
20cea723e3de26e37002a23c881bdf97bfdd1129,1689078589,18,package.json,npm@9.1.0,package.json,[],projects/govuk-frontend/repo
36afe612ac3c5ec6b137518aec0a76dc4d6ffb89,1689079139,18,package.json,npm@9.1.0,package.json,[],projects/govuk-frontend/repo
70e8824c177ce685f4a08504fe22a77ef4ae8d65,1689079196,18,package.json,npm@9.1.0,package.json,[],projects/govuk-frontend/repo
c9fde65ced8baea15516155b84247084baab4317,1689079224,18,package.json,npm@9.1.0,package.json,[],projects/govuk-frontend/repo
46ab646dceeb841ef0d64416cae562a937bc64a0,1689079237,18,package.json,npm@9.1.0,package.json,[],projects/govuk-frontend/repo
4fd9483681cdc18bd1d0743bbae124d97ac208c6,1689080265,18,package.json,npm@9.1.0,package.json,[],projects/govuk-frontend/repo
0b26528eed0dd66ae3aa5b083214a01e6b82291d,1689080780,18,package.json,npm@9.1.0,package.json,[],projects/govuk-frontend/repo
ab84feba2a089bccc222fadc8d24c5e795b6fbf0,1689080859,18,package.json,npm@9.1.0,package.json,[],projects/govuk-frontend/repo
4f70636e62dd6f9dcb9f5d6f08f8409cb09f4d70,1689082076,18,package.json,npm@9.1.0,package.json,[],projects/govuk-frontend/repo
945f069e497822507ebba05a539121bd96759f9e,1689087268,18,package.json,npm@9.1.0,package.json,[],projects/govuk-frontend/repo
3ff51a32904c782a4faa0c00f3d9d1e952d3d24e,1689087412,18,package.json,npm@9.1.0,package.json,[],projects/govuk-frontend/repo
8b213c659877784a88522ee5d45078d555afceb9,1689087672,18,package.json,npm@9.1.0,package.json,[],projects/govuk-frontend/repo
78a01117f0094b2f7828778736f56983793d8a45,1689092203,18,package.json,npm@9.1.0,package.json,[],projects/govuk-frontend/repo
d66ca8c0dd598698bea79bbf839e252061dfec60,1689094427,18,package.json,npm@9.1.0,package.json,[],projects/govuk-frontend/repo
d917187d505095c333eb446fbffaf71787091a5c,1689094428,18,package.json,npm@9.1.0,package.json,[],projects/govuk-frontend/repo
56249153b577b59837192d366162656d4b25c4a9,1689172967,18,package.json,npm@9.1.0,package.json,[],projects/govuk-frontend/repo
19fd5d3f46d5de3ec9293458566850117c3c7153,1689173144,18,package.json,npm@9.1.0,package.json,[],projects/govuk-frontend/repo
88fea750b5eb9c9d9f661405e68bfb59e59754b2,1689175273,18,package.json,npm@9.1.0,package.json,[],projects/govuk-frontend/repo
5d5ddb0f69898e05ba961222892c692171553aab,1689236696,18,package.json,npm@9.1.0,package.json,[],projects/govuk-frontend/repo
ffcd1443f05375a3c16521ac605da4b9f4447909,1689236696,18,package.json,npm@9.1.0,package.json,[],projects/govuk-frontend/repo
aa885b5d85fb36f097cfaba059d9df72a8b02d77,1689236696,18,package.json,npm@9.1.0,package.json,[],projects/govuk-frontend/repo
e9d621897d4040b16ed9e052666daa7035bbe0ba,1689236696,18,package.json,npm@9.1.0,package.json,[],projects/govuk-frontend/repo
c48f9e18a824ed3db2f9c8fd09a3bbfdb89723e0,1689236696,18,package.json,npm@9.1.0,package.json,[],projects/govuk-frontend/repo
06eba5c72d1f6965ec3290847344e7b66fee55bc,1689236696,18,package.json,npm@9.1.0,package.json,[],projects/govuk-frontend/repo
11ae879a759a430caca86a018bdeafe5f92e7da1,1689236696,18,package.json,npm@9.1.0,package.json,[],projects/govuk-frontend/repo
381e2f55d6c796772f4b7d2285123065113c3f68,1689236696,18,package.json,npm@9.1.0,package.json,[],projects/govuk-frontend/repo
f92aa5b8d698f7639177356bd6764f4bc5d2b91f,1689236697,18,package.json,npm@9.1.0,package.json,[],projects/govuk-frontend/repo
3811af2ce91b06ab061133eeab937f4b26db773d,1689236697,18,package.json,npm@9.1.0,package.json,[],projects/govuk-frontend/repo
14a9198d61d156b053aa13adb5aaacc6f9ef5bcb,1689236697,18,package.json,npm@9.1.0,package.json,[],projects/govuk-frontend/repo
087d6807c96c14908b5933d3fa6936060d9197d7,1689237396,18,package.json,npm@9.1.0,package.json,[],projects/govuk-frontend/repo
715da6e421935276fc3b879b4f2b8b82533ef339,1689247655,18,package.json,npm@9.1.0,package.json,[],projects/govuk-frontend/repo
65965b2968e678cdadbe3ca8f8f486c815b4c560,1689247655,18,package.json,npm@9.1.0,package.json,[],projects/govuk-frontend/repo
b8165f9c53bfb8303cdc506df2e424ac03d89980,1689247656,18,package.json,npm@9.1.0,package.json,[],projects/govuk-frontend/repo
6b531f6bc3ebdf6083dbdac6999e2ff1d96d7f38,1689247676,18,package.json,npm@9.1.0,package.json,[],projects/govuk-frontend/repo
46254e939ea3cf1c1f0eee6ac47b15e171827db5,1689247676,18,package.json,npm@9.1.0,package.json,[],projects/govuk-frontend/repo
454aa5a0d4b06d0d385c16373ba92aff461961a1,1689331745,18,package.json,npm@9.1.0,package.json,[],projects/govuk-frontend/repo
58c0da10a4dc6a7aac5be6b5d75db13ea91ed387,1689331939,18,package.json,npm@9.1.0,package.json,[],projects/govuk-frontend/repo
85db6e3594972180d16ca6351abbae99845cd995,1689331943,18,package.json,npm@9.1.0,package.json,[],projects/govuk-frontend/repo
de56ca2a0192c48195028c49a9760fca44f0d3b0,1689331943,18,package.json,npm@9.1.0,package.json,[],projects/govuk-frontend/repo
f1ebfc97589d0d3587840b9b2af4461a7d9cce77,1689332605,18,package.json,npm@9.1.0,package.json,[],projects/govuk-frontend/repo
4d39817aee0d17aceadb347481c4736f13cfd7f7,1689335111,18,package.json,npm@9.1.0,package.json,[],projects/govuk-frontend/repo
31c161caa1bdee4a7c3c3fc8fd2358cd19ae2d0f,1689339728,18,package.json,npm@9.1.0,package.json,[],projects/govuk-frontend/repo
d7923180b4d9ec4c8f609cd4f577e209600db3ac,1689341403,18,package.json,npm@9.1.0,package.json,[],projects/govuk-frontend/repo
b232aa3c85678c2bfe470cba76b22012af76b384,1689346210,18,package.json,npm@9.1.0,package.json,[],projects/govuk-frontend/repo
a97c54f794777ab2ccde431cc36f0543be9a5e01,1689347780,18,package.json,npm@9.1.0,package.json,[],projects/govuk-frontend/repo
4db0b5f7487e8d342f5f6dc8dc3d028f258a5d03,1689347780,18,package.json,npm@9.1.0,package.json,[],projects/govuk-frontend/repo
a99c0b83830dfa1b059f8b08814451bd79068b1c,1689348497,18,package.json,npm@9.1.0,package.json,[],projects/govuk-frontend/repo
35f6f6ad40e35248bc80fdd3c17b79654f1341f7,1689348735,18,package.json,npm@9.1.0,package.json,[],projects/govuk-frontend/repo
d2c4e2e504c7c052c8deb48aae57303ca8c07a01,1689349456,18,package.json,npm@9.1.0,package.json,[],projects/govuk-frontend/repo
dfedc61f99979c3b2bcf2c6e763fbf8872e1dab1,1689349456,18,package.json,npm@9.1.0,package.json,[],projects/govuk-frontend/repo
2b1c7d540d51a3502a03ae4c391f270ee038da2d,1689349456,18,package.json,npm@9.1.0,package.json,[],projects/govuk-frontend/repo
66a46be67f1629e9db8158bc9f936a35dff94fa2,1689349456,18,package.json,npm@9.1.0,package.json,[],projects/govuk-frontend/repo
ac7bdf59a438d759a5836f182f9537eb81c16ee1,1689350698,18,package.json,npm@9.1.0,package.json,[],projects/govuk-frontend/repo
26158f4c59dbdfe98a99db87a69097996bd27d42,1689350698,18,package.json,npm@9.1.0,package.json,[],projects/govuk-frontend/repo
570012cb01665e95020e90342767d14cc38594cb,1689350698,18,package.json,npm@9.1.0,package.json,[],projects/govuk-frontend/repo
61fa8bbaa912a890db3c25b30699ef1af3177f38,1689350699,18,package.json,npm@9.1.0,package.json,[],projects/govuk-frontend/repo
7e412feb3216d9011a0abd2eb807f7da034c5ab9,1689350699,18,package.json,npm@9.1.0,package.json,[],projects/govuk-frontend/repo
bb9e80fa55d5c85562368cddb5c98ee99048d931,1689350699,18,package.json,npm@9.1.0,package.json,[],projects/govuk-frontend/repo
0e445f0c0efb5bf14ec4ce407f90aed02d86c4de,1689351812,18,package.json,npm@9.1.0,package.json,[],projects/govuk-frontend/repo
968f9a6083a5be80f99270bdf3421103f2827d8a,1689580709,18,package.json,npm@9.1.0,package.json,[],projects/govuk-frontend/repo
5b5d364477d1f2b3472dcd0a2df565c95c092373,1689581669,18,package.json,npm@9.1.0,package.json,[],projects/govuk-frontend/repo
e7130ccb3bf53edd45e8302db9ad18e1de8d78c4,1689581669,18,package.json,npm@9.1.0,package.json,[],projects/govuk-frontend/repo
9a9f69a66c0751daf7c4f962743b444eb7826101,1689581669,18,package.json,npm@9.1.0,package.json,[],projects/govuk-frontend/repo
f7edef794a15a34ac490f8f9390d5783960cdaee,1689584089,18,package.json,npm@9.1.0,package.json,[],projects/govuk-frontend/repo
9cce1fae62b13d34015d930107398f63ecd99016,1689584277,18,package.json,npm@9.1.0,package.json,[],projects/govuk-frontend/repo
23808d5b8f72ad78b1ced02083e9b1bdb30c0de8,1689586508,18,package.json,npm@9.1.0,package.json,[],projects/govuk-frontend/repo
26fc93f14aa4175d4a802bea5f59cdb1000c7a35,1689587874,18,package.json,npm@9.1.0,package.json,[],projects/govuk-frontend/repo
79896173e72642bd9ae01fb3405c18d691e1d8aa,1689588325,18,package.json,npm@9.1.0,package.json,[],projects/govuk-frontend/repo
cd71e09998e39333b358100fcd369c8985a6fd57,1689588562,18,package.json,npm@9.1.0,package.json,[],projects/govuk-frontend/repo
a119cb567b6a35bcbbc17315b58387ecb61baa03,1689592101,18,package.json,npm@9.1.0,package.json,[],projects/govuk-frontend/repo
af52203af1f49136dc710018f6f6107247c37048,1689593459,18,package.json,npm@9.1.0,package.json,[],projects/govuk-frontend/repo
c997211dd5c54a89c30e6255146e0a24d9e4203d,1689597033,18,package.json,npm@9.1.0,package.json,[],projects/govuk-frontend/repo
d1eaae8a73c12e1a85dca317a5125cec63c43449,1689601152,18,package.json,npm@9.1.0,package.json,[],projects/govuk-frontend/repo
8de3bb183415dcbae2be3e8d05783fffdf401e5d,1689610805,18,package.json,npm@9.1.0,package.json,[],projects/govuk-frontend/repo
31226366d06b1b58dd4ac0a0e17fdc93b2601de8,1689610805,18,package.json,npm@9.1.0,package.json,[],projects/govuk-frontend/repo
58890a2a9f1492923fe04a4b1ee7e25b9a34dc1a,1689610805,18,package.json,npm@9.1.0,package.json,[],projects/govuk-frontend/repo
bb8269cccd29b9b7c32faabd19c98de8c2668a59,1689611954,18,package.json,npm@9.1.0,package.json,[],projects/govuk-frontend/repo
ec7a81c97557834ee3432ada35ed4d6ed1ffd838,1689623732,18,package.json,npm@9.1.0,package.json,[],projects/govuk-frontend/repo
9708fc1484f63b9bc72855e621986339e516f205,1689624015,18,package.json,npm@9.1.0,package.json,[],projects/govuk-frontend/repo
4beca25a03469a1b9e3bbf79856d61c1dfbf74f0,1689624141,18,package.json,npm@9.1.0,package.json,[],projects/govuk-frontend/repo
49a3eb389eec89e004873ddfeb8c1f9aa1d572e4,1689624910,18,package.json,npm@9.1.0,package.json,[],projects/govuk-frontend/repo
7536b0e3e6bc95f3f759672d6d6e274299b377ad,1689673054,18,package.json,npm@9.1.0,package.json,[],projects/govuk-frontend/repo
5c67d41a37d3b7502659a2a10905178143ab6478,1689673607,18,package.json,npm@9.1.0,package.json,[],projects/govuk-frontend/repo
72a7fa30c666e7ac4235c007ea4ff74b8cde3c1a,1689689564,18,package.json,npm@9.1.0,package.json,[],projects/govuk-frontend/repo
65c40fc303f8ff0e82cc5c09d1167f91e9a2a312,1689691682,18,package.json,npm@9.1.0,package.json,[],projects/govuk-frontend/repo
0d8382eec507c0ebddfbecc73179404d1070e8a3,1689691723,18,package.json,npm@9.1.0,package.json,[],projects/govuk-frontend/repo
593698e55e814f535a99f7e5245b9f612d0da47e,1689691758,18,package.json,npm@9.1.0,package.json,[],projects/govuk-frontend/repo
fa02ecfbd2c21fdfc4a96b361f1a4488c95b7442,1689699802,18,package.json,npm@9.1.0,package.json,[],projects/govuk-frontend/repo
11ce88d6478865513f0377e27192216d3cfc5295,1689717726,18,package.json,npm@9.1.0,package.json,[],projects/govuk-frontend/repo
4e6ef2a3bfc0e8f56929fe899aea5fa07d05bc6c,1689749858,18,package.json,npm@9.1.0,package.json,[],projects/govuk-frontend/repo
42c34c8f2b936d811ac898c6d965453b5b543294,1689750044,18,package.json,npm@9.1.0,package.json,[],projects/govuk-frontend/repo
a3baba49594f39b79d0a9c8f6127a14c034ba8a6,1689750095,18,package.json,npm@9.1.0,package.json,[],projects/govuk-frontend/repo
273cf6253ebc24e1a2405cbc9aa1689b579be9c1,1689750095,18,package.json,npm@9.1.0,package.json,[],projects/govuk-frontend/repo
df1f338bf48290389c41f77bacf78c4579375e9c,1689760428,18,package.json,npm@9.1.0,package.json,[],projects/govuk-frontend/repo
b1c4e9ff9dab3a15b7baa2411bd9ddfe1309c30f,1689767583,18,package.json,npm@9.1.0,package.json,[],projects/govuk-frontend/repo
03a6ab0dea7226f1f8508384753694417078be0c,1689783611,18,package.json,npm@9.1.0,package.json,[],projects/govuk-frontend/repo
de9bd97b48564eca53a5c2fcb4e3a6b7d01d62b3,1689783969,18,package.json,npm@9.1.0,package.json,[],projects/govuk-frontend/repo
4de004c93055aa23b81bca2637fab0b0f1dd595f,1689842750,18,package.json,npm@9.1.0,package.json,[],projects/govuk-frontend/repo
cf1eaf0423d304fdb47f34ffa152659b6ff6275d,1689843363,18,package.json,npm@9.1.0,package.json,[],projects/govuk-frontend/repo
41805b3ed5d8f30e202341c6f5373ce4d133b4f0,1689843383,18,package.json,npm@9.1.0,package.json,[],projects/govuk-frontend/repo
f5c96285c3a7e836d3ed2929e99012fbfff5cf3b,1689843596,18,package.json,npm@9.1.0,package.json,[],projects/govuk-frontend/repo
a323e917bd82168c2f6aae84a3919f257d6ff484,1689843729,18,package.json,npm@9.1.0,package.json,[],projects/govuk-frontend/repo
8626d02cd84bdda1f4677ee45e641d422f9718bf,1689843992,18,package.json,npm@9.1.0,package.json,[],projects/govuk-frontend/repo
db50b5f8ba22a1663f996649330a925b3685ba24,1689844070,18,package.json,npm@9.1.0,package.json,[],projects/govuk-frontend/repo
a3129345ab22f105678919a3e13177f3ec99e07d,1689844121,18,package.json,npm@9.1.0,package.json,[],projects/govuk-frontend/repo
4fbe772a768d2c05fb595fb4a3eb206d87fab06d,1689844410,18,package.json,npm@9.1.0,package.json,[],projects/govuk-frontend/repo
5639873250bf91e69451a0ade192ef7d2ce9a241,1689845043,18,package.json,npm@9.1.0,package.json,[],projects/govuk-frontend/repo
9a98fe3c4e191c25cbacf462421717dc01526ef8,1689845103,18,package.json,npm@9.1.0,package.json,[],projects/govuk-frontend/repo
338de0a21a410812e49767fd0fc1eeb418e3b375,1689849230,18,package.json,npm@9.1.0,package.json,[],projects/govuk-frontend/repo
01bf8a00cd53e3d689809e5feb0b06a8ecfb1755,1689856491,18,package.json,npm@9.1.0,package.json,[],projects/govuk-frontend/repo
80e1b90caed2f91f1c2f34540ee606409924483b,1689860902,18,package.json,npm@9.1.0,package.json,[],projects/govuk-frontend/repo
375707c6ff505e531288428c13352bfb7b10b520,1689863375,18,package.json,npm@9.1.0,package.json,[],projects/govuk-frontend/repo
e192d6b4999b787526271661878b874435da441c,1689863378,18,package.json,npm@9.1.0,package.json,[],projects/govuk-frontend/repo
55080159530d65aee5241067b726c6083a9a12bd,1689864696,18,package.json,npm@9.1.0,package.json,[],projects/govuk-frontend/repo
cd328a5df9cce9bf30221079ca3ff38bda7b58ea,1689925269,18,package.json,npm@9.1.0,package.json,[],projects/govuk-frontend/repo
1c0e80d1638ef8c9e2a1aada4bced31a0fce2f47,1689925342,18,package.json,npm@9.1.0,package.json,[],projects/govuk-frontend/repo
a9a08afcb390540866b294be10e8ce152ee11691,1689925351,18,package.json,npm@9.1.0,package.json,[],projects/govuk-frontend/repo
37ed921e0a99bbe9ddaf6862ddd99e82b8747d73,1689925351,18,package.json,npm@9.1.0,package.json,[],projects/govuk-frontend/repo
0497e0abfeea48b63556ce0b1a53c1dd33458d22,1689936509,18,package.json,npm@9.1.0,package.json,[],projects/govuk-frontend/repo
cf59e3615875365a3d3231717cec07084d74b4ad,1689936556,18,package.json,npm@9.1.0,package.json,[],projects/govuk-frontend/repo
ece5e971025da104ba958f47e44dd1c6a03ad36c,1689938395,18,package.json,npm@9.1.0,package.json,[],projects/govuk-frontend/repo
d4dbf729366138454b80c34e09c15295faccd599,1689938494,18,package.json,npm@9.1.0,package.json,[],projects/govuk-frontend/repo
66c713dd3f96bd3d677deac87d39e72bb83e16ab,1690187732,18,package.json,npm@9.1.0,package.json,[],projects/govuk-frontend/repo
b252d5d868a51c231acf57f6ed55676759087d96,1690188442,18,package.json,npm@9.1.0,package.json,[],projects/govuk-frontend/repo
16cef3083a54f9b66664c6d31cb57b92e4860f09,1690188540,18,package.json,npm@9.1.0,package.json,[],projects/govuk-frontend/repo
d24fa594e3e96f09dba9f4f5cd692f106ea407d1,1690189234,18,package.json,npm@9.1.0,package.json,[],projects/govuk-frontend/repo
968cd75f65ab191f44b5dbd8162c208caba44553,1690192205,18,package.json,npm@9.1.0,package.json,[],projects/govuk-frontend/repo
a36b0de582d5472970ae5949d48addfaca57d83e,1690196733,18,package.json,npm@9.1.0,package.json,[],projects/govuk-frontend/repo
c64ca7e55f753834d6ddbe455d685d5f422ee891,1690196915,18,package.json,npm@9.1.0,package.json,[],projects/govuk-frontend/repo
aa1c500df5fb7779eff18756673d2ed9592e73dc,1690196955,18,package.json,npm@9.1.0,package.json,[],projects/govuk-frontend/repo
f68a875352be4ab9c6a48a0bc28e73edbda8aaaa,1690198894,18,package.json,npm@9.1.0,package.json,[],projects/govuk-frontend/repo
d9f593322e1722a6d6b80443f9829ad4e38bfe4c,1690198922,18,package.json,npm@9.1.0,package.json,[],projects/govuk-frontend/repo
2c6b7329cc05220e192465a4fd4e1a6b3c34d44e,1690199005,18,package.json,npm@9.1.0,package.json,[],projects/govuk-frontend/repo
cef3603403e14e64ca09b1b741c20d91244d3f97,1690202065,18,package.json,npm@9.1.0,package.json,[],projects/govuk-frontend/repo
5a5dacd56248d2158c6501f0beabbebdddb215f1,1690202073,18,package.json,npm@9.1.0,package.json,[],projects/govuk-frontend/repo
9c2aba7ad10a37c67d6e644472295047e58824ae,1690202200,18,package.json,npm@9.1.0,package.json,[],projects/govuk-frontend/repo
b4bdf14cdb90baac716fd57ab48d8b29e884f1ce,1690207684,18,package.json,npm@9.1.0,package.json,[],projects/govuk-frontend/repo
a353c830a6bb81ec993232cbd008b74c0e5ef21d,1690211971,18,package.json,npm@9.1.0,package.json,[],projects/govuk-frontend/repo
8bb087cc02f98c77b0f2e9603550bdf3e5151079,1690211989,18,package.json,npm@9.1.0,package.json,[],projects/govuk-frontend/repo
c9dee249de814b99993fac7ecca58d2e5cb6ee93,1690213686,18,package.json,npm@9.1.0,package.json,[],projects/govuk-frontend/repo
4dc4b053748a6032fe11efc622d3f7f90d9b7ed8,1690213820,18,package.json,npm@9.1.0,package.json,[],projects/govuk-frontend/repo
18100f4c1dbe50e557d4adedc535af66af6a63f8,1690214852,18,package.json,npm@9.1.0,package.json,[],projects/govuk-frontend/repo
5e3ae52adfe50e2a1d6bb94f1b3d83a6043ae6e1,1690222088,18,package.json,npm@9.1.0,package.json,[],projects/govuk-frontend/repo
2781a68acba836ac1d5a039bcf84fd077344448c,1690380877,18,package.json,npm@9.1.0,package.json,[],projects/govuk-frontend/repo
139f6623ab759435999f078684881208462fa14c,1690381043,18,package.json,npm@9.1.0,package.json,[],projects/govuk-frontend/repo
506cd46f9cfb5c2a6b2f351f9af0a97b4173d012,1690381043,18,package.json,npm@9.1.0,package.json,[],projects/govuk-frontend/repo
ecd4f71cd88ad749a00a25558a7a9f12333761c9,1690381043,18,package.json,npm@9.1.0,package.json,[],projects/govuk-frontend/repo
153dbe2f34819cde4c6ad7df7e0e7fb1faabe6a3,1690381043,18,package.json,npm@9.1.0,package.json,[],projects/govuk-frontend/repo
dcc78a71dcad6cb4523fa189b760f68b5c57d69d,1690381717,18,package.json,npm@9.1.0,package.json,[],projects/govuk-frontend/repo
ba9a6caf25a085a5a35df9ee024373c9eb90fc95,1690384851,18,package.json,npm@9.1.0,package.json,[],projects/govuk-frontend/repo
e573ae6c812a2d0a0fb28f23f9093f03cac6b879,1690386463,18,package.json,npm@9.1.0,package.json,[],projects/govuk-frontend/repo
b09b24d5cb91297afc2c877d4db330a10c9da9aa,1690460411,18,package.json,npm@9.1.0,package.json,[],projects/govuk-frontend/repo
29928fbff8a544aa95989a532b3660bf15c4a6de,1690461679,18,package.json,npm@9.1.0,package.json,[],projects/govuk-frontend/repo
fdff8c532692ee73f43e64a4a2ce9b9b62046264,1690463452,18,package.json,npm@9.1.0,package.json,[],projects/govuk-frontend/repo
075980fd27f66bab32106e13f27e84b067249ad1,1690471657,18,package.json,npm@9.1.0,package.json,[],projects/govuk-frontend/repo
fd7af09386f1ecd84de9171c5e7d0b17c4b8ef28,1690473349,18,package.json,npm@9.1.0,package.json,[],projects/govuk-frontend/repo
a0a59ac06684f8bacf4d9b422537a1342d09ca89,1690478714,18,package.json,npm@9.1.0,package.json,[],projects/govuk-frontend/repo
7393b5b416cf8723f532cb12e140d4dc3edbba92,1690532936,18,package.json,npm@9.1.0,package.json,[],projects/govuk-frontend/repo
889ab8705c3d553b3d373a245102b4826a59252b,1690548560,18,package.json,npm@9.1.0,package.json,[],projects/govuk-frontend/repo
0876176ad149eb584d9c2fe682a05b041c0fbb02,1690551048,18,package.json,npm@9.1.0,package.json,[],projects/govuk-frontend/repo
10e75c117c3ca92e9bab0cd68ec2ab3b5600fa8a,1690559509,18,package.json,npm@9.1.0,package.json,[],projects/govuk-frontend/repo
70aede2d08c81945eee7588c4e0af533ba4dd310,1690559545,18,package.json,npm@9.1.0,package.json,[],projects/govuk-frontend/repo
88642970c5a4fa2424036d9998185804dc8a43a8,1690561573,18,package.json,npm@9.1.0,package.json,[],projects/govuk-frontend/repo
ce82cabf99dd6c909f25ca18ec549d3e2973de33,1690796166,18,package.json,npm@9.1.0,package.json,[],projects/govuk-frontend/repo
43968b896284ff9f7763b56f18a5c3f2e2ded492,1690798165,18,package.json,npm@9.1.0,package.json,[],projects/govuk-frontend/repo
2d24e73ebc11b16e1c2a8dba2d9b3a6aef994c11,1690808177,18,package.json,npm@9.1.0,package.json,[],projects/govuk-frontend/repo
b28f809ccba174f5cffc0053d8619a7e646ff9af,1690808177,18,package.json,npm@9.1.0,package.json,[],projects/govuk-frontend/repo
d5456e01e9aeb7167db542fb2e12cebc8a7fc374,1690809453,18,package.json,npm@9.1.0,package.json,[],projects/govuk-frontend/repo
91d0a5d8b694875b34eb4be52ecf155f8b3701d0,1690901346,18,package.json,npm@9.1.0,package.json,[],projects/govuk-frontend/repo
ba70a074de6c8cbefc1aa0e57365c1a49cf992db,1690902398,18,package.json,npm@9.1.0,package.json,[],projects/govuk-frontend/repo
c3cf8d36b167b195184fddf95346b976b2f97fb0,1690902399,18,package.json,npm@9.1.0,package.json,[],projects/govuk-frontend/repo
bf02bb8de13c51009978f6408e948c5a0e3bad0f,1690902400,18,package.json,npm@9.1.0,package.json,[],projects/govuk-frontend/repo
cc79eda904b52da9966851139d9599591242a13d,1690902400,18,package.json,npm@9.1.0,package.json,[],projects/govuk-frontend/repo
dc66bb6dab73a5419a7d5b0b3ac9d26350600ad8,1690902400,18,package.json,npm@9.1.0,package.json,[],projects/govuk-frontend/repo
b6798feca7c2c2966075685b3d5a21548ac2fddf,1690902400,18,package.json,npm@9.1.0,package.json,[],projects/govuk-frontend/repo
62337977527fb176e6365ae72ab28f2c989d83f7,1690902401,18,package.json,npm@9.1.0,package.json,[],projects/govuk-frontend/repo
f48b9238de12b1b8e1d666363a7832650a9f0606,1690963625,18,package.json,npm@9.1.0,package.json,[],projects/govuk-frontend/repo
64171adcdcd45983aa4fa2698e699c3b7bd7934c,1691147850,18,package.json,npm@9.1.0,package.json,[],projects/govuk-frontend/repo
3d9429a755c79de734b6bf60ee8e7b41f0e6233f,1691147854,18,package.json,npm@9.1.0,package.json,[],projects/govuk-frontend/repo
b56bd919f4a8201e66aa441dd9a8357a4d65916b,1691148864,18,package.json,npm@9.1.0,package.json,[],projects/govuk-frontend/repo
8274eeafd7f533e9847c90f9492ca0f3fa7f0b1a,1691150006,18,package.json,npm@9.1.0,package.json,[],projects/govuk-frontend/repo
1ac159a3f234133814c2d0b21a85c65abbd7da40,1691150037,18,package.json,npm@9.1.0,package.json,[],projects/govuk-frontend/repo
21ef051b9564bdbb614d7cef4cee6a1ec9834b9f,1691150079,18,package.json,npm@9.1.0,package.json,[],projects/govuk-frontend/repo
f1e5244863fb8b71daccaf4c5d42fc0fdeac3721,1691150118,18,package.json,npm@9.1.0,package.json,[],projects/govuk-frontend/repo
5c722e294364f01d60e945895e203b5e4225fc21,1691155334,18,package.json,npm@9.1.0,package.json,[],projects/govuk-frontend/repo
f9012d4c769d72ff3583bf41b290ebcae2d8ba9f,1691157341,18,package.json,npm@9.1.0,package.json,[],projects/govuk-frontend/repo
9f0347b2e55e8d7d3010d3153bd78f6120ff9786,1691157491,18,package.json,npm@9.1.0,package.json,[],projects/govuk-frontend/repo
9cdf509124bbb9bc4a2099c06806534b9e5cca52,1691162061,18,package.json,npm@9.1.0,package.json,[],projects/govuk-frontend/repo
a38f59cf19843c7bc6df53df54af8705dc2c2213,1691164719,18,package.json,npm@9.1.0,package.json,[],projects/govuk-frontend/repo
dbe6d93c28cc025c26b63ecafa7c9724035f3aea,1691400139,18,package.json,npm@9.1.0,package.json,[],projects/govuk-frontend/repo
bacc34048612ffbcac33e86ed9537ec7b1b0d82d,1691400369,18,package.json,npm@9.1.0,package.json,[],projects/govuk-frontend/repo
67820bfa8ed79a667b0b49d1a9543d9c9b94316d,1691400411,18,package.json,npm@9.1.0,package.json,[],projects/govuk-frontend/repo
93b04f05ec2e5dde6c85c448e32d1aa9d08b55f8,1691408797,18,package.json,npm@9.1.0,package.json,[],projects/govuk-frontend/repo
ff2499a94469cd986ae30c75189ec6f06aa3f8d2,1691408914,18,package.json,npm@9.1.0,package.json,[],projects/govuk-frontend/repo
999cc07932d3c503c164e61bf9d2ab7f389b30a2,1691409324,18,package.json,npm@9.1.0,package.json,[],projects/govuk-frontend/repo
8ca2054ee8e53f2ffe2dfa2b0c7834a5035fe98a,1691409358,18,package.json,npm@9.1.0,package.json,[],projects/govuk-frontend/repo
924bc8286119c18e17fc2100b3021842148cc15e,1691409444,18,package.json,npm@9.1.0,package.json,[],projects/govuk-frontend/repo
775cbf4d627324e4a0464ef31ebb02a34816005f,1691409906,18,package.json,npm@9.1.0,package.json,[],projects/govuk-frontend/repo
db36d65d1d3834e306aceafc68b8ee1e00ee9132,1691427701,18,package.json,npm@9.1.0,package.json,[],projects/govuk-frontend/repo
4b84358b51c47746985ccfa40816424da6404ed2,1691427944,18,package.json,npm@9.1.0,package.json,[],projects/govuk-frontend/repo
0d16d5c1f4e072fe9d22f784f0ab13668ab36e1b,1691427946,18,package.json,npm@9.1.0,package.json,[],projects/govuk-frontend/repo
9a1c9c04ab495f94a27c4197f77c86c8bb129c4f,1691427947,18,package.json,npm@9.1.0,package.json,[],projects/govuk-frontend/repo
7c764ab3ff67ea349bcf60143886d0c1ed74e60a,1691427947,18,package.json,npm@9.1.0,package.json,[],projects/govuk-frontend/repo
6924f46e405d5a5a490d6e73a44632662f02190f,1691427947,18,package.json,npm@9.1.0,package.json,[],projects/govuk-frontend/repo
ed59f7f577907864550205b838a705fdf4147046,1691427947,18,package.json,npm@9.1.0,package.json,[],projects/govuk-frontend/repo
0bb01c60d98810ee8966d2ff4b1a97547eb96c14,1691427948,18,package.json,npm@9.1.0,package.json,[],projects/govuk-frontend/repo
9bc8c33d637ea112ff4bfc944ecdf28249a3fd6d,1691427948,18,package.json,npm@9.1.0,package.json,[],projects/govuk-frontend/repo
fdf38110216efd44aece2307baad237c28b08afc,1691427948,18,package.json,npm@9.1.0,package.json,[],projects/govuk-frontend/repo
b44022f0ddb62268ee608c699670bc93529140fc,1691427949,18,package.json,npm@9.1.0,package.json,[],projects/govuk-frontend/repo
362c623ccb8b5373cb1e85457c29f5d8de8ca9fb,1691428865,18,package.json,npm@9.1.0,package.json,[],projects/govuk-frontend/repo
38eee2bc6e91451353e8e72370ae2d0427acaa86,1691429237,18,package.json,npm@9.1.0,package.json,[],projects/govuk-frontend/repo
c092893de3046dbec30a019d205aaccd2dea6cb3,1691430118,18,package.json,npm@9.1.0,package.json,[],projects/govuk-frontend/repo
848fcbd4b985fe35323aea35b8bcb30d5431fdb5,1691430996,18,package.json,npm@9.1.0,package.json,[],projects/govuk-frontend/repo
1fbbbb9699194d63a6c20661b7cc288da5f9cd30,1691478802,18,package.json,npm@9.1.0,package.json,[],projects/govuk-frontend/repo
a16691ce22838b104901cab4442ed6843b3754de,1691483661,18,package.json,npm@9.1.0,package.json,[],projects/govuk-frontend/repo
9a3a43be4485ff7dceff6fc263a31fdbf1efb372,1691485706,18,package.json,npm@9.1.0,package.json,[],projects/govuk-frontend/repo
07fcbc590010c6f6baba6849d8a5e27e5af6ee6c,1691491327,18,package.json,npm@9.1.0,package.json,[],projects/govuk-frontend/repo
3f4ba4f6cfc0f88422f607b94bae364f0366953d,1691491372,18,package.json,npm@9.1.0,package.json,[],projects/govuk-frontend/repo
c014f50e2664fe01e17a2a134072babe1023e37d,1691491433,18,package.json,npm@9.1.0,package.json,[],projects/govuk-frontend/repo
75bab576031afc648d8d523da0042bfa1874e347,1691491434,18,package.json,npm@9.1.0,package.json,[],projects/govuk-frontend/repo
9abc950639e46cb06b10774c8ce4a6db0aee40ba,1691491434,18,package.json,npm@9.1.0,package.json,[],projects/govuk-frontend/repo
a43510724b0bb6e79fa55d248b09881aec6b5092,1691499240,18,package.json,npm@9.1.0,package.json,[],projects/govuk-frontend/repo
4dcc654955b996059e2938c2018c5685da42a64d,1691500552,18,package.json,npm@9.1.0,package.json,[],projects/govuk-frontend/repo
bf8213b7da45b2feaf053aca23c8b879909edfc0,1691501152,18,package.json,npm@9.1.0,package.json,[],projects/govuk-frontend/repo
251c89d4a9c97b169604bf8100ebcf626d4fe6e9,1691501775,18,package.json,npm@9.1.0,package.json,[],projects/govuk-frontend/repo
6487f9ed1652a195845ba3a7bf2e60652f74c12e,1691501904,18,package.json,npm@9.1.0,package.json,[],projects/govuk-frontend/repo
7a2d1386e10c5e11969b7f3b9fdc4bda7d6e4dcc,1691501904,18,package.json,npm@9.1.0,package.json,[],projects/govuk-frontend/repo
00cbe242c2f76ba7a7b5044b5518a0ac2e29a842,1691505198,18,package.json,npm@9.1.0,package.json,[],projects/govuk-frontend/repo
d440378c6fbf75aa3ec914c2e86f6d62732a990f,1691505223,18,package.json,npm@9.1.0,package.json,[],projects/govuk-frontend/repo
7a56bcee2bc70e62eb5f41ef0aecabd667ff6972,1691505251,18,package.json,npm@9.1.0,package.json,[],projects/govuk-frontend/repo
fdf80575ded1810fc11a34528b75906a24c4bdb4,1691505280,18,package.json,npm@9.1.0,package.json,[],projects/govuk-frontend/repo
389472bf9d919293f033073f7ff95ab8050cd4dc,1691505288,18,package.json,npm@9.1.0,package.json,[],projects/govuk-frontend/repo
31e81d40058a54380459b354a2ace88980f7fa62,1691505288,18,package.json,npm@9.1.0,package.json,[],projects/govuk-frontend/repo
1be2036893cba947ebe2647175edca247b8234cc,1691505288,18,package.json,npm@9.1.0,package.json,[],projects/govuk-frontend/repo
7f668a56f691bd91c0eac21d09526231aed7168d,1691505289,18,package.json,npm@9.1.0,package.json,[],projects/govuk-frontend/repo
3e8f1014c356302d32eada2b8995d6761bab3f9f,1691573503,18,package.json,npm@9.1.0,package.json,[],projects/govuk-frontend/repo
0b26e17e109681910ba3cc160f742013a33b4de2,1691573503,18,package.json,npm@9.1.0,package.json,[],projects/govuk-frontend/repo
1c7be2405f4de45b5c4a537f07d045df2e7d8f27,1691573801,18,package.json,npm@9.1.0,package.json,[],projects/govuk-frontend/repo
468b4196a904e733768a2801bb50525763a4838f,1691574642,18,package.json,npm@9.1.0,package.json,[],projects/govuk-frontend/repo
02b5e05d1810091395e74dbad39fa32c25d32cab,1691575560,18,package.json,npm@9.1.0,package.json,[],projects/govuk-frontend/repo
c14f2c5171893d430e34b00368a035fbd05f6cc4,1691582699,18,package.json,npm@9.1.0,package.json,[],projects/govuk-frontend/repo
c2cb81b62ac5fa0f469ad5b99d3edabeae021e0f,1691591186,18,package.json,npm@9.1.0,package.json,[],projects/govuk-frontend/repo
4226a63652231c933e67b02c62f39ecb41076b93,1691683133,18,package.json,npm@9.1.0,package.json,[],projects/govuk-frontend/repo
8c404d5490cb41af49e8f3f1f854367e00ef5614,1691683138,18,package.json,npm@9.1.0,package.json,[],projects/govuk-frontend/repo
b5b8fc92886cf547a8c3c8f48db7dc903fafb5e4,1691683138,18,package.json,npm@9.1.0,package.json,[],projects/govuk-frontend/repo
8b3d6f35b1c202ecb1808788e84df93ed56596ed,1691683160,18,package.json,npm@9.1.0,package.json,[],projects/govuk-frontend/repo
46dce974859e209163d7e2a1b142b22ff7d20d82,1691684008,18,package.json,npm@9.1.0,package.json,[],projects/govuk-frontend/repo
460a8b115487c82f955670c8e9ab0a15af69e157,1691696336,18,package.json,npm@9.1.0,package.json,[],projects/govuk-frontend/repo
e6501776afaabfa1f5388f968aba31a974a1994e,1691740489,18,package.json,npm@9.1.0,package.json,[],projects/govuk-frontend/repo
b5528761a799967b4d8aaa7fcab12e9e94cc6855,1691745643,18,package.json,npm@9.1.0,package.json,[],projects/govuk-frontend/repo
143dc77ecd83904d9f0299c9abf051c0c2159e87,1691745643,18,package.json,npm@9.1.0,package.json,[],projects/govuk-frontend/repo
b544d5340d1c87e01df846b4197077d900077799,1691745691,18,package.json,npm@9.1.0,package.json,[],projects/govuk-frontend/repo
a64c0f5759cf7c423da790dbe12d997d81eb4eec,1691745853,18,package.json,npm@9.1.0,package.json,[],projects/govuk-frontend/repo
98eaecac312cfbf856d094d9c4ba8c01c5865fe6,1691745856,18,package.json,npm@9.1.0,package.json,[],projects/govuk-frontend/repo
dc1d5c972df01ddf1b52194d2d3fff41977257d0,1691747436,18,package.json,npm@9.1.0,package.json,[],projects/govuk-frontend/repo
20ef74b19aa83799889d65a3bed0b83c399a6c09,1691779157,18,package.json,npm@9.1.0,package.json,[],projects/govuk-frontend/repo
af6ef1ba46b0905964ac1bce9bd496f80cdda0d4,1692007395,18,package.json,npm@9.1.0,package.json,[],projects/govuk-frontend/repo
ff7d318146c79368588d1fc8b847470507d28453,1692007488,18,package.json,npm@9.1.0,package.json,[],projects/govuk-frontend/repo
7c09675155acb33b206158e412a783815b7a57e0,1692007793,18,package.json,npm@9.1.0,package.json,[],projects/govuk-frontend/repo
64b0b61e9cc4589e3cfa17df2408a1c10cce6da2,1692007886,18,package.json,npm@9.1.0,package.json,[],projects/govuk-frontend/repo
08c8478e1d1c9df8db57c83d98daa8e1ea158fff,1692013553,18,package.json,npm@9.1.0,package.json,[],projects/govuk-frontend/repo
c7fda23207f2efa36799228e72d768785f226d80,1692014871,18,package.json,npm@9.1.0,package.json,[],projects/govuk-frontend/repo
a1744a9331322d07328aa53b3f6bb56ee3a7fce5,1692014891,18,package.json,npm@9.1.0,package.json,[],projects/govuk-frontend/repo
a03177e7cc880035b89a72f66e495236719e4ead,1692014891,18,package.json,npm@9.1.0,package.json,[],projects/govuk-frontend/repo
1bb6712fa97ed24cfae24af2283c1b15fa6ab4bd,1692014892,18,package.json,npm@9.1.0,package.json,[],projects/govuk-frontend/repo
c356b31e0f5baf47b2f910aa3d04df96418ed6d5,1692014892,18,package.json,npm@9.1.0,package.json,[],projects/govuk-frontend/repo
cd1dd30bd4917d5f3c37cb42bbc98416b0e5c306,1692014892,18,package.json,npm@9.1.0,package.json,[],projects/govuk-frontend/repo
8c4d74b29ba7a4002908053fe44b1b87274726b8,1692014892,18,package.json,npm@9.1.0,package.json,[],projects/govuk-frontend/repo
5bf44606d674f0bda61489ea01006a267eb39191,1692014893,18,package.json,npm@9.1.0,package.json,[],projects/govuk-frontend/repo
5dc8422fc9cc746d0602f093ad6efd9bd419a4cd,1692014893,18,package.json,npm@9.1.0,package.json,[],projects/govuk-frontend/repo
b762b5a82e467a5a56cdae28b38ac41c2fbab5ca,1692014893,18,package.json,npm@9.1.0,package.json,[],projects/govuk-frontend/repo
2b1a5ee49eb2720b874a41717fcc9fa74d8f410d,1692014893,18,package.json,npm@9.1.0,package.json,[],projects/govuk-frontend/repo
86962073a3ce9353863bd0d13f75321ee1b7ba5e,1692014893,18,package.json,npm@9.1.0,package.json,[],projects/govuk-frontend/repo
27c0ba7b3837f9fd4b79f9588a151208e46cb5c4,1692021516,18,package.json,npm@9.1.0,package.json,[],projects/govuk-frontend/repo
f93e00b4443bf1f6590f07e0bef75aeb15b304db,1692021720,18,package.json,npm@9.1.0,package.json,[],projects/govuk-frontend/repo
27df79b4a2cfbf408876b91d5aa7ec8772e3ccfd,1692022375,18,package.json,npm@9.1.0,package.json,[],projects/govuk-frontend/repo
ff7c25c68230509e48d15808d974f3900ca92aca,1692022480,18,package.json,npm@9.1.0,package.json,[],projects/govuk-frontend/repo
1440d74bfce649e36aeacfad1440d38884583a1c,1692089668,18,package.json,npm@9.1.0,package.json,[],projects/govuk-frontend/repo
3b7c6316e707da13a8c47e997940bea7c625377d,1692089715,18,package.json,npm@9.1.0,package.json,[],projects/govuk-frontend/repo
b3293e18484d11881dfc2f5b4e38dcdf6a7b5db7,1692089758,18,package.json,npm@9.1.0,package.json,[],projects/govuk-frontend/repo
f22b592608332549b8587a602e577b6fa43ca8b4,1692089835,18,package.json,npm@9.1.0,package.json,[],projects/govuk-frontend/repo
925033911e4a43cb9c5048c9ad79efeb2c9f85d1,1692093333,18,package.json,npm@9.1.0,package.json,[],projects/govuk-frontend/repo
da81e807ba4e51f12c6872b77c57d8d2ea4b618b,1692095073,18,package.json,npm@9.1.0,package.json,[],projects/govuk-frontend/repo
3ecdac074cc562114e5c12082d7ae42bfb3d8708,1692095172,18,package.json,npm@9.1.0,package.json,[],projects/govuk-frontend/repo
be8ce07bbe9bed370e200554ed5e6a3944c8ca48,1692095242,18,package.json,npm@9.1.0,package.json,[],projects/govuk-frontend/repo
cbf2e23ebea214ceeddc996f3c89ec8d722f3c6c,1692095993,18,package.json,npm@9.1.0,package.json,[],projects/govuk-frontend/repo
b3e2bd491943f514d5cda0344b81b3f2dcef7770,1692096075,18,package.json,npm@9.1.0,package.json,[],projects/govuk-frontend/repo
ad03969a98ad2e0ed97d24de37db216503bf5fd7,1692098256,18,package.json,npm@9.1.0,package.json,[],projects/govuk-frontend/repo
8e008997d3592f0eea31f6d0d4a7e1ca36d51d0a,1692105011,18,package.json,npm@9.1.0,package.json,[],projects/govuk-frontend/repo
0e9ab6bb0ff112f5e489209a246dfbde3e03a8ea,1692105090,18,package.json,npm@9.1.0,package.json,[],projects/govuk-frontend/repo
0ac4a5914d0317ef365ee77ff4bab9a115ac7f56,1692105143,18,package.json,npm@9.1.0,package.json,[],projects/govuk-frontend/repo
6bc5bb2edd5429c430e9a7dfcbbf226e2fe5db6e,1692106810,18,package.json,npm@9.1.0,package.json,[],projects/govuk-frontend/repo
551b95c1f4dc611b58f1893830f48c8a6d337ebc,1692106938,18,package.json,npm@9.1.0,package.json,[],projects/govuk-frontend/repo
44a9a96f11ef69f04e3a1649df898dc2605eeb7b,1692107125,18,package.json,npm@9.1.0,package.json,[],projects/govuk-frontend/repo
6374075581c8e3907d8467c44685cbc676a0124c,1692107808,18,package.json,npm@9.1.0,package.json,[],projects/govuk-frontend/repo
1b6a95e17eb4e6f213a5e6186e0e6f36b1c0d4be,1692107927,18,package.json,npm@9.1.0,package.json,[],projects/govuk-frontend/repo
e1bc5b5dc1cd1ebaea8706e51905a9932e6c99b3,1692108034,18,package.json,npm@9.1.0,package.json,[],projects/govuk-frontend/repo
147175791ba83bcd55b181aa99a18fb5337ba512,1692108090,18,package.json,npm@9.1.0,package.json,[],projects/govuk-frontend/repo
3cca17272d19a547951134fa95234a224a713216,1692108134,18,package.json,npm@9.1.0,package.json,[],projects/govuk-frontend/repo
0f3f885235856447514504c9be1d2cc6e407238c,1692108209,18,package.json,npm@9.1.0,package.json,[],projects/govuk-frontend/repo
6f20c5efd58ab30b2a46f1ecc8e07c7f9aa84329,1692110501,18,package.json,npm@9.1.0,package.json,[],projects/govuk-frontend/repo
fcce7f3a1f14d94bb485b4db079206d40c662a8f,1692111053,18,package.json,npm@9.1.0,package.json,[],projects/govuk-frontend/repo
15cfdb2f0a46a9d72ea23b30c1811dc25c2770d5,1692176898,18,package.json,npm@9.1.0,package.json,[],projects/govuk-frontend/repo
5858a507190784d589b7edf41b40e0f5d0d55358,1692192325,18,package.json,npm@9.1.0,package.json,[],projects/govuk-frontend/repo
69f3ffb47473ca29cb71fefc656e724970e75a6c,1692192325,18,package.json,npm@9.1.0,package.json,[],projects/govuk-frontend/repo
bfe590b82679861f9a3ff5f5425fff9ce3c2f7ff,1692192326,18,package.json,npm@9.1.0,package.json,[],projects/govuk-frontend/repo
effed9f8cc57d2cf599d0336c48062bb252d21dd,1692192326,18,package.json,npm@9.1.0,package.json,[],projects/govuk-frontend/repo
7ff20d32d9064de7097d84a5977c685508db7ec3,1692192326,18,package.json,npm@9.1.0,package.json,[],projects/govuk-frontend/repo
a58e4b83e1f8b3e7ed2458056788c54d0849a069,1692193802,18,package.json,npm@9.1.0,package.json,[],projects/govuk-frontend/repo
e765363b48e7e5b37d7d079e9907186d86ae7410,1692260309,18,package.json,npm@9.1.0,package.json,[],projects/govuk-frontend/repo
33316d643ff5f6670a88360701929fb2e1c65d45,1692261212,18,package.json,npm@9.1.0,package.json,[],projects/govuk-frontend/repo
43467c7ec02e434e8ead44b420c7ab35a8103711,1692261213,18,package.json,npm@9.1.0,package.json,[],projects/govuk-frontend/repo
bafd26244e866dfaad609c6a20633cd20489a4f1,1692261213,18,package.json,npm@9.1.0,package.json,[],projects/govuk-frontend/repo
904ec06698541a5710290810dea371fd4b187ea6,1692261213,18,package.json,npm@9.1.0,package.json,[],projects/govuk-frontend/repo
6179978bec351d2ffa1a5fdc823b3181391fe7a3,1692261213,18,package.json,npm@9.1.0,package.json,[],projects/govuk-frontend/repo
8b20a4d6b01f9e51fca072062d9c88211476f0c2,1692261213,18,package.json,npm@9.1.0,package.json,[],projects/govuk-frontend/repo
f1ed40e24005ff2c30a3e235950a2459a23505c7,1692261339,18,package.json,npm@9.1.0,package.json,[],projects/govuk-frontend/repo
bf5c6d552855bdcd124fbe718222e1b183f8b85b,1692261339,18,package.json,npm@9.1.0,package.json,[],projects/govuk-frontend/repo
61b52794090a736d7689c27c6d51292e183c4c1b,1692261339,18,package.json,npm@9.1.0,package.json,[],projects/govuk-frontend/repo
03bc3fe56b9af786f14b0762399a8aa7770c86bd,1692261339,18,package.json,npm@9.1.0,package.json,[],projects/govuk-frontend/repo
260bac57308e703582ea850bfe8ec1833fad944e,1692266876,18,package.json,npm@9.1.0,package.json,[],projects/govuk-frontend/repo
cc75cc4dcd15f045cb681fc57585d774e9559d40,1692269766,18,package.json,npm@9.1.0,package.json,[],projects/govuk-frontend/repo
9f05cea739d14d4cbf18e79b17228045ca84b3ba,1692270625,18,package.json,npm@9.1.0,package.json,[],projects/govuk-frontend/repo
9f4685b5da19dc871170fea5cc839851b4130485,1692459725,18,package.json,npm@9.1.0,package.json,[],projects/govuk-frontend/repo
7acf3c391c61c38aca71bc0a14ff47e7aaa289ed,1692606429,18,package.json,npm@9.1.0,package.json,[],projects/govuk-frontend/repo
e17d17f11aef2690dc8e18fe715d539da38027df,1692609724,18,package.json,npm@9.1.0,package.json,[],projects/govuk-frontend/repo
54a5531b3d553a9b3eeaf4a90bcae5313e3074ff,1692609946,18,package.json,npm@9.1.0,package.json,[],projects/govuk-frontend/repo
f12d2a81d066ed298a504141ea620fd9e80434c8,1692610021,18,package.json,npm@9.1.0,package.json,[],projects/govuk-frontend/repo
27d7856d51395a4e53255d482996d6869d97a21e,1692610137,18,package.json,npm@9.1.0,package.json,[],projects/govuk-frontend/repo
68a92841628a33cdd2dd2e6a9b74f6ef7d0c9d05,1692610221,18,package.json,npm@9.1.0,package.json,[],projects/govuk-frontend/repo
43b41e55f05c6e172c8ea6179106924ae57db935,1692610755,18,package.json,npm@9.1.0,package.json,[],projects/govuk-frontend/repo
ab2cdaba41cacc09fbba2e7f67e8aa7b969ab54b,1692610785,18,package.json,npm@9.1.0,package.json,[],projects/govuk-frontend/repo
587c9830f124ea734d0edf1bca79104c6070e252,1692611184,18,package.json,npm@9.1.0,package.json,[],projects/govuk-frontend/repo
f6b0c3ea4bd14e2abad6a2fd1bd6162b7625d58a,1692611414,18,package.json,npm@9.1.0,package.json,[],projects/govuk-frontend/repo
e0c761fe83b5316e211c19415e4cfe22948b6536,1692611807,18,package.json,npm@9.1.0,package.json,[],projects/govuk-frontend/repo
133e4731b0b8d083b0e91ff30c2c1445198ff33c,1692611922,18,package.json,npm@9.1.0,package.json,[],projects/govuk-frontend/repo
f260cb6403184cd86374646e2adf79fad6d10f91,1692633985,18,package.json,npm@9.1.0,package.json,[],projects/govuk-frontend/repo
bfaddfcb53b080334b4980d4653ae673a04691a8,1692695283,18,package.json,npm@9.1.0,package.json,[],projects/govuk-frontend/repo
6f23911eb325c4cea5775345d3177f89e5854fef,1692705270,18,package.json,npm@9.1.0,package.json,[],projects/govuk-frontend/repo
a4ef2ba2a7833e87fe525906a9c109d576f5ec35,1692705697,18,package.json,npm@9.1.0,package.json,[],projects/govuk-frontend/repo
c0aa275a42d239d4bd9f76cfcb6c694959e4069e,1692707186,18,package.json,npm@9.1.0,package.json,[],projects/govuk-frontend/repo
6e541365b7aebd2ac3752757b6c0a76586c73d6d,1692797571,18,package.json,npm@9.1.0,package.json,[],projects/govuk-frontend/repo
aa5e8a3a1eeff7cd083599dcf0a91ea32454db37,1692797957,18,package.json,npm@9.1.0,package.json,[],projects/govuk-frontend/repo
c2376b010f847de4eb0f00c48e03054c2ec10e5d,1692798404,18,package.json,npm@9.1.0,package.json,[],projects/govuk-frontend/repo
a826c1f696a5888e985967b3d812a8b1b42ca9a4,1692798700,18,package.json,npm@9.1.0,package.json,[],projects/govuk-frontend/repo
7ee45969eedf768be9ca4fa1f37156c30d87a821,1692805841,18,package.json,npm@9.1.0,package.json,[],projects/govuk-frontend/repo
f60213af94c2b2543e53bddc148cfbf404b3d969,1692805841,18,package.json,npm@9.1.0,package.json,[],projects/govuk-frontend/repo
85d49ed7fb009b24f75338d33beb1caebf6e19ce,1692806429,18,package.json,npm@9.1.0,package.json,[],projects/govuk-frontend/repo
bfa26412fb5f92773c8a6b22427ccdceed520146,1692807433,18,package.json,npm@9.1.0,package.json,[],projects/govuk-frontend/repo
eec606d914de143222402bf34a368715862cf64b,1692808118,18,package.json,npm@9.1.0,package.json,[],projects/govuk-frontend/repo
ab2032dbf50ac0ea5e3a729962523d7835dd3e7f,1692873345,18,package.json,npm@9.1.0,package.json,[],projects/govuk-frontend/repo
c8eb86f14733a9138817b475ff937eecf53bc06e,1692874233,18,package.json,npm@9.1.0,package.json,[],projects/govuk-frontend/repo
275a24ed8f054f467a333e58db314c940caa53ab,1692889395,18,package.json,npm@9.1.0,package.json,[],projects/govuk-frontend/repo
380ddc634e410f41edee44dadd76c93fa7fec3c0,1692890040,18,package.json,npm@9.1.0,package.json,[],projects/govuk-frontend/repo
5f2f83582dc3c9369e1c773a38e3eed3bbdb44a8,1692890310,18,package.json,npm@9.1.0,package.json,[],projects/govuk-frontend/repo
af6acc51989376934bcfdb22ff2a0673f2208273,1692890310,18,package.json,npm@9.1.0,package.json,[],projects/govuk-frontend/repo
0f9275d36ebf3b8b301ccccf378705be2d446f01,1692890310,18,package.json,npm@9.1.0,package.json,[],projects/govuk-frontend/repo
fc73a6a963e9bf50b72386845811dfa338096acb,1692890310,18,package.json,npm@9.1.0,package.json,[],projects/govuk-frontend/repo
5262fb9d394324815c4e3bca21218e8b073e4917,1693214009,18,package.json,npm@9.1.0,package.json,[],projects/govuk-frontend/repo
43e9d652900902a03ecfaa98ca4d09d34dcf6439,1693215618,18,package.json,npm@9.1.0,package.json,[],projects/govuk-frontend/repo
90171b2a86a45e21111c748fc8a599d3c70085d6,1693215784,18,package.json,npm@9.1.0,package.json,[],projects/govuk-frontend/repo
c3daf897522fb4fbd9ec588b66bd5699eb69890a,1693216026,18,package.json,npm@9.1.0,package.json,[],projects/govuk-frontend/repo
81b32a0d97be5dd1f51c4eb0dc3a14faf5959a22,1693216168,18,package.json,npm@9.1.0,package.json,[],projects/govuk-frontend/repo
adca1db020f5e729e59558b4eaa6f97d96edfa9a,1693292785,18,package.json,npm@9.1.0,package.json,[],projects/govuk-frontend/repo
ce89de2addc263c2dd32803cff87891d4f375781,1693292978,18,package.json,npm@9.1.0,package.json,[],projects/govuk-frontend/repo
3b5570651813bc2a04db657730b908d8c7a8d733,1693293431,18,package.json,npm@9.1.0,package.json,[],projects/govuk-frontend/repo
1483100b14e6cda48f4b6bb587e7a4058f5a12e7,1693293515,18,package.json,npm@9.1.0,package.json,[],projects/govuk-frontend/repo
8ebae2f0b56c93dd0d8908b01eebde5c8f22cf6a,1693325682,18,package.json,npm@9.1.0,package.json,[],projects/govuk-frontend/repo
febbc72e5739cefcbba348292c4a3d924665b73b,1693326024,18,package.json,npm@9.1.0,package.json,[],projects/govuk-frontend/repo
a470f508a027c3a62af633376319e69e4bb7cf6b,1693393686,18,package.json,npm@9.1.0,package.json,[],projects/govuk-frontend/repo
9e735c69ef64d60576592877509e8456091d08d5,1693393687,18,package.json,npm@9.1.0,package.json,[],projects/govuk-frontend/repo
9dde456bf8aac58bdc9a79a1bd8577a6ea223fcc,1693393690,18,package.json,npm@9.1.0,package.json,[],projects/govuk-frontend/repo
fa83143a39da91a575bf538904060c3e0d84a64c,1693393736,18,package.json,npm@9.1.0,package.json,[],projects/govuk-frontend/repo
37b6de46027e185a68121e4b4913fddf871c2646,1693400455,18,package.json,npm@9.1.0,package.json,[],projects/govuk-frontend/repo
00a612f91820bc372fb623bc1498edec376053a8,1693400640,18,package.json,npm@9.1.0,package.json,[],projects/govuk-frontend/repo
d71e45f3438868017fddd85fdec97116fbce1f5e,1693404146,18,package.json,npm@9.1.0,package.json,[],projects/govuk-frontend/repo
a32e3228b8fc35700aafa076b4c224582c62fbb9,1693404226,18,package.json,npm@9.1.0,package.json,[],projects/govuk-frontend/repo
07b11b37c0af3ebe2551879c1c2ee02db87d39f5,1693404330,18,package.json,npm@9.1.0,package.json,[],projects/govuk-frontend/repo
e403b72fb2ed61d8dbbd2f5b7770199255e2d702,1693411382,18,package.json,npm@9.1.0,package.json,[],projects/govuk-frontend/repo
d4e24d8a32f5dea0cf6edfd2823ec4488b0b57f6,1693411430,18,package.json,npm@9.1.0,package.json,[],projects/govuk-frontend/repo
17d3e49693720bfce8920da79a500c3dd40b7532,1693413068,18,package.json,npm@9.1.0,package.json,[],projects/govuk-frontend/repo
92dcf798fe218141882c1c32878997ba0818e0b2,1693417544,18,package.json,npm@9.1.0,package.json,[],projects/govuk-frontend/repo
15c848ac09be3b31e9e568fccb3bd036d04bad3f,1693487582,18,package.json,npm@9.1.0,package.json,[],projects/govuk-frontend/repo
01f3005f7b9d1122d5035240dd8d44a8928ad967,1693487582,18,package.json,npm@9.1.0,package.json,[],projects/govuk-frontend/repo
5a86bc8ed95257efa5db9507bc30aa77e5b0ea20,1693487582,18,package.json,npm@9.1.0,package.json,[],projects/govuk-frontend/repo
596d96227f90cef1243f9dda38f469f1858798df,1693490079,18,package.json,npm@9.1.0,package.json,[],projects/govuk-frontend/repo
ac0e8ea42effa755eecdfa9a7db981f8785e10e1,1693490865,18,package.json,npm@9.1.0,package.json,[],projects/govuk-frontend/repo
95366f725cdff64696cfb02bde6050c793ed0264,1693492849,18,package.json,npm@9.1.0,package.json,[],projects/govuk-frontend/repo
4f06a147f1a7379a5e2a6f98c4be01976d63446b,1693496628,18,package.json,npm@9.1.0,package.json,[],projects/govuk-frontend/repo
59390ff50521cc0b3a8aa7ad26f646b9a14611c0,1693498827,18,package.json,npm@9.1.0,package.json,[],projects/govuk-frontend/repo
8fcd64688425798709999ddf37d7f4be3a71e66d,1693498827,18,package.json,npm@9.1.0,package.json,[],projects/govuk-frontend/repo
df723cf79011c27a2be097b413552771adc738a5,1693498880,18,package.json,npm@9.1.0,package.json,[],projects/govuk-frontend/repo
c9820b6b5e5970a39987009f4d612b41cccd70e0,1693498880,18,package.json,npm@9.1.0,package.json,[],projects/govuk-frontend/repo
d372cfb8d0bdb06b88655a3b3f35cd298f5e9ecc,1693498880,18,package.json,npm@9.1.0,package.json,[],projects/govuk-frontend/repo
7cc2e3c1d09d1cc698e7b35b84df055486e8969b,1693500313,18,package.json,npm@9.1.0,package.json,[],projects/govuk-frontend/repo
de655b0cd1f0cc9fc9856c80b93b07cef26b909c,1693500676,18,package.json,npm@9.1.0,package.json,[],projects/govuk-frontend/repo
2ea8377a9b101a7c07fb98c80c75d2ceec8ec84e,1693502462,18,package.json,npm@9.1.0,package.json,[],projects/govuk-frontend/repo
5930fcd43d32d4cbec19d98618df903e847f6e0a,1693578524,18,package.json,npm@9.1.0,package.json,[],projects/govuk-frontend/repo
8897bbe6dfdba9b5fe119a85fff1be9b9429eedc,1693816702,18,package.json,npm@9.1.0,package.json,[],projects/govuk-frontend/repo
c86c2ecc59a838d644fbc2720357edd14d05e3ce,1693820495,18,package.json,npm@9.1.0,package.json,[],projects/govuk-frontend/repo
d11ba8bae53a10cfe0f41fe8e1fb1f4dd92c295e,1693820820,18,package.json,npm@9.1.0,package.json,[],projects/govuk-frontend/repo
6661a5d421ebe4052817c5c91c737b2c83c3b2d3,1693822982,18,package.json,npm@9.1.0,package.json,[],projects/govuk-frontend/repo
69d896445201121e774e34896259fe66a61cbf9d,1693823053,18,package.json,npm@9.1.0,package.json,[],projects/govuk-frontend/repo
64e6d1ad5cf730bd50af1793c4bafc657d6a2bef,1693823741,18,package.json,npm@9.1.0,package.json,[],projects/govuk-frontend/repo
e2a3c6d433266e804687147aaa5e753ac70cf869,1693823989,18,package.json,npm@9.1.0,package.json,[],projects/govuk-frontend/repo
f6b559a08778daacb06b220217e629552f60e2bd,1693824219,18,package.json,npm@9.1.0,package.json,[],projects/govuk-frontend/repo
c36e4a81f450086f3ed832225a81b2e476b0c0ae,1693825666,18,package.json,npm@9.1.0,package.json,[],projects/govuk-frontend/repo
f2ab5957a6872842b7620335153176ed8e7227e7,1693826003,18,package.json,npm@9.1.0,package.json,[],projects/govuk-frontend/repo
7a33714d5a0d48a7805877330cce96954dddcfcf,1693826554,18,package.json,npm@9.1.0,package.json,[],projects/govuk-frontend/repo
d6d0fef0e3a5a506494ce7f2e1b47757306332a2,1693826678,18,package.json,npm@9.1.0,package.json,[],projects/govuk-frontend/repo
0297f759b6e3cd6095fddd076833fa2d415db7df,1693827700,18,package.json,npm@9.1.0,package.json,[],projects/govuk-frontend/repo
ce6eacd2a7b0802c8789b34818402122e6f082b7,1693827892,18,package.json,npm@9.1.0,package.json,[],projects/govuk-frontend/repo
5eeb05c70d678dbb74d2a0c2c01690b1cca1ec2a,1693828036,18,package.json,npm@9.1.0,package.json,[],projects/govuk-frontend/repo
a0d75eabac55c9e73cfba5ad8ed18d66a644cad0,1693833910,18,package.json,npm@9.1.0,package.json,[],projects/govuk-frontend/repo
87073ebbf6d10f5af1af6c28886cf83c9fd71980,1693833949,18,package.json,npm@9.1.0,package.json,[],projects/govuk-frontend/repo
de9c811ec0ed5e9d07175af277cc7221aab24aac,1693835473,18,package.json,npm@9.1.0,package.json,[],projects/govuk-frontend/repo
afc15582eb16ead20488aaf223c7ec216645b171,1693839937,18,package.json,npm@9.1.0,package.json,[],projects/govuk-frontend/repo
8a02916c075196f9aa1597bff939347ce7172fb4,1693840065,18,package.json,npm@9.1.0,package.json,[],projects/govuk-frontend/repo
7a0ef842684518cd9888e68b5e8d2f62c79ce611,1693840835,18,package.json,npm@9.1.0,package.json,[],projects/govuk-frontend/repo
c0abf0074cdc8f1dadedc821b41f7834471fe533,1693843312,18,package.json,npm@9.1.0,package.json,[],projects/govuk-frontend/repo
128d97aa3c79374d2ced7ae76695f86ccb588026,1693844920,18,package.json,npm@9.1.0,package.json,[],projects/govuk-frontend/repo
e4cdb196b457c7b41d6e404985c7289393933344,1693845181,18,package.json,npm@9.1.0,package.json,[],projects/govuk-frontend/repo
9e4728866c83dae9468a3667060d727cbd8127aa,1693845461,18,package.json,npm@9.1.0,package.json,[],projects/govuk-frontend/repo
486660ad526ac40740e5ec6e9de835e431bfa216,1693845518,18,package.json,npm@9.1.0,package.json,[],projects/govuk-frontend/repo
507d59d402aa898e60bcb5d516a8d0a016a55f0d,1693845673,18,package.json,npm@9.1.0,package.json,[],projects/govuk-frontend/repo
8a3c2255764e5f01712adf77fba5a6023ff19739,1693906189,18,package.json,npm@9.1.0,package.json,[],projects/govuk-frontend/repo
dc8916ca932f77a6c29669a73b1ddd5d8ef20019,1693915264,18,package.json,npm@9.1.0,package.json,[],projects/govuk-frontend/repo
cabede69e408de806bf4dd32d2529e6478eff9f3,1693915307,18,package.json,npm@9.1.0,package.json,[],projects/govuk-frontend/repo
b78b7af5c997b74e6718c8a5a89083049b4f2a3b,1693915400,18,package.json,npm@9.1.0,package.json,[],projects/govuk-frontend/repo
432c8fc14142a91c6b0720dabf0893b334503d8a,1693916075,18,package.json,npm@9.1.0,package.json,[],projects/govuk-frontend/repo
462146aa6add369b92527a264a8f8ff27517a1d0,1693920128,18,package.json,npm@9.1.0,package.json,[],projects/govuk-frontend/repo
b56cebf6fbea96532abc4ebb2f3a635422c415df,1693920162,18,package.json,npm@9.1.0,package.json,[],projects/govuk-frontend/repo
c61fb5ac400eee69e95d5818d0cb369394b100f4,1694090319,18,package.json,npm@9.1.0,package.json,[],projects/govuk-frontend/repo
e1eff1451d70921e7659cfec41c35d430920e83f,1694096971,18,package.json,npm@9.1.0,package.json,[],projects/govuk-frontend/repo
1d1fb0a535062128556a669b7ae391e509f030d6,1694097700,18,package.json,npm@9.1.0,package.json,[],projects/govuk-frontend/repo
0443c375979978fb2321267774151b4806a81fb5,1694163088,18,package.json,npm@9.1.0,package.json,[],projects/govuk-frontend/repo
072453f4e139a00076de3ed5ffcd0dae97ef322b,1694163175,18,package.json,npm@9.1.0,package.json,[],projects/govuk-frontend/repo
7a16b2d24fc4c12920dacaf0c5a39d142f668941,1694164493,18,package.json,npm@9.1.0,package.json,[],projects/govuk-frontend/repo
009f077c637e34a85f1a0f6cfa6919f86455ba6a,1694165030,18,package.json,npm@9.1.0,package.json,[],projects/govuk-frontend/repo
552260dc0bfa9dcce0d34bc05072b7c4523bed68,1694166479,18,package.json,npm@9.1.0,package.json,[],projects/govuk-frontend/repo
01981fa9f05b59c5bca16672c4c688984e62c35d,1694170343,18,package.json,npm@9.1.0,package.json,[],projects/govuk-frontend/repo
65e845cf1e864134fba0334484a963307cb6b491,1694179944,18,package.json,npm@9.1.0,package.json,[],projects/govuk-frontend/repo
010528ab94a7d68c5ef9d7e238388bf9755f9cb7,1694179944,18,package.json,npm@9.1.0,package.json,[],projects/govuk-frontend/repo
98d9f231d3326637c05b356b567eb8cc7127404b,1694179944,18,package.json,npm@9.1.0,package.json,[],projects/govuk-frontend/repo
d28f57f17a268a7c1bded04d8c4628da3950b42e,1694180544,18,package.json,npm@9.1.0,package.json,[],projects/govuk-frontend/repo
55a54b7edd4311ace02ec08d1362dbe91f47ceee,1694180549,18,package.json,npm@9.1.0,package.json,[],projects/govuk-frontend/repo
d15474c50feda425c9d02360099e02ea010a1410,1694182787,18,package.json,npm@9.1.0,package.json,[],projects/govuk-frontend/repo
0b0b64ee06226c9720c4501de3dbc2d5be1f8512,1694415120,18,package.json,npm@9.1.0,package.json,[],projects/govuk-frontend/repo
a24c8b850a137c119a51c5c65477a391adaf9d85,1694424922,18,package.json,npm@9.1.0,package.json,[],projects/govuk-frontend/repo
5dfb0d67a2391a63c29a3b7eacc6520232678e30,1694425284,18,package.json,npm@9.1.0,package.json,[],projects/govuk-frontend/repo
1a6fa95bc8f37aa4c522d52050bdc30d671b01d6,1694425317,18,package.json,npm@9.1.0,package.json,[],projects/govuk-frontend/repo
9d5bbb45d9f113c7f160d87fba21ea1bfebb5bbe,1694425406,18,package.json,npm@9.1.0,package.json,[],projects/govuk-frontend/repo
94251510d403d99de15fbe94f2451a190ff42bf8,1694425821,18,package.json,npm@9.1.0,package.json,[],projects/govuk-frontend/repo
20c0bc084fd3967c2b01bcd495d8f1c57b375ac4,1694426154,18,package.json,npm@9.1.0,package.json,[],projects/govuk-frontend/repo
b03057888ac70d2f30b5777f031d2e5da37a4b1b,1694427124,18,package.json,npm@9.1.0,package.json,[],projects/govuk-frontend/repo
a1f1651c5f3cf00fe2d1a617e620244f655b5935,1694427967,18,package.json,npm@9.1.0,package.json,[],projects/govuk-frontend/repo
0336c107b577f7d12dbe0a9703ff9801e3e460c2,1694427992,18,package.json,npm@9.1.0,package.json,[],projects/govuk-frontend/repo
a54d927319fc14898bde39ed020aaef244caf519,1694430399,18,package.json,npm@9.1.0,package.json,[],projects/govuk-frontend/repo
8c4bf7d60d7be6a438cb559c9864787c512b8d2d,1694430826,18,package.json,npm@9.1.0,package.json,[],projects/govuk-frontend/repo
ac6986b7ed6871768101eea37e3dd3b974ee3cce,1694431089,18,package.json,npm@9.1.0,package.json,[],projects/govuk-frontend/repo
ebc9c04856cf4ec48f58905556642f34f7ca0bc1,1694431799,18,package.json,npm@9.1.0,package.json,[],projects/govuk-frontend/repo
00c79a9c983487c41a2f064079e23c876a679a26,1694432134,18,package.json,npm@9.1.0,package.json,[],projects/govuk-frontend/repo
45294f4126ffd65557afe8edc4d3e7ea84c1da64,1694432203,18,package.json,npm@9.1.0,package.json,[],projects/govuk-frontend/repo
9ceffe6b2d63414d4ead824ac42c5913dd816679,1694432893,18,package.json,npm@9.1.0,package.json,[],projects/govuk-frontend/repo
13ffce09c7031da9d5427396343495d96a0cdbe9,1694434681,18,package.json,npm@9.1.0,package.json,[],projects/govuk-frontend/repo
19f6b7a37fed3cac83fd4ecbbf089b3c621db0f8,1694434681,18,package.json,npm@9.1.0,package.json,[],projects/govuk-frontend/repo
c404ed9b01c474f2d1e0fb7c5b4834190bcd3005,1694435490,18,package.json,npm@9.1.0,package.json,[],projects/govuk-frontend/repo
d2600125993a7f27b6b76ca8a2d029962a726fb6,1694435744,18,package.json,npm@9.1.0,package.json,[],projects/govuk-frontend/repo
f566e68f15c9fb227306982bca99b3c1eb84acff,1694457436,18,package.json,npm@9.1.0,package.json,[],projects/govuk-frontend/repo
16e874b2fbc1789afc6434e3fbba9fda3b3f38a2,1694517787,18,package.json,npm@9.1.0,package.json,[],projects/govuk-frontend/repo
8f74d0265903b199b91f21425e7bb357d55bee39,1694533871,18,package.json,npm@9.1.0,package.json,[],projects/govuk-frontend/repo
92b51e69acaa6ea218903c42f47f008c81fd408a,1694534825,18,package.json,npm@9.1.0,package.json,[],projects/govuk-frontend/repo
79ce449768640395e537363e366c4d951e0c5b1a,1694537774,18,package.json,npm@9.1.0,package.json,[],projects/govuk-frontend/repo
66d75278fc4d460bd18c638d464dbde24c662b19,1694538502,18,package.json,npm@9.1.0,package.json,[],projects/govuk-frontend/repo
2d4ca84cbf9c255559019971c5012cbcda2e99cc,1694538534,18,package.json,npm@9.1.0,package.json,[],projects/govuk-frontend/repo
249008ceaf79aec7d92d6511c2843eee0c191de0,1694595089,18,package.json,npm@9.1.0,package.json,[],projects/govuk-frontend/repo
d9e466edcbae50a4ba885ff80d9c63118ee088d4,1694595268,18,package.json,npm@9.1.0,package.json,[],projects/govuk-frontend/repo
928670803de09df6b7bfbe7b6ce1898c74157121,1694598959,18,package.json,npm@9.1.0,package.json,[],projects/govuk-frontend/repo
30e5223102ed824f6a111a9101a7dc3c74371180,1694602963,18,package.json,npm@9.1.0,package.json,[],projects/govuk-frontend/repo
be9f3eeb014793d9b11a780b786c7863405abace,1694621957,18,package.json,npm@9.1.0,package.json,[],projects/govuk-frontend/repo
f26d60d06ec3442a76122a11cfe7073e6c8ebfd4,1694622115,18,package.json,npm@9.1.0,package.json,[],projects/govuk-frontend/repo
b357a89cbf2945fbe5ca3bbfac48f95b1e7091fe,1694622123,18,package.json,npm@9.1.0,package.json,[],projects/govuk-frontend/repo
03e5371c7a07d7278680566111895aac8e6ba70e,1694622123,18,package.json,npm@9.1.0,package.json,[],projects/govuk-frontend/repo
c397f768655167337f93d09f320a194adede6f78,1694622123,18,package.json,npm@9.1.0,package.json,[],projects/govuk-frontend/repo
2ad331924779ed1ff17cc19c261e299410ae7671,1694622123,18,package.json,npm@9.1.0,package.json,[],projects/govuk-frontend/repo
1dce9188e1c35dcbbbe6a19de84d56bb8e76e9c3,1694622123,18,package.json,npm@9.1.0,package.json,[],projects/govuk-frontend/repo
3b12c9834508f6825634f7eadfc6a01066176c0a,1694622123,18,package.json,npm@9.1.0,package.json,[],projects/govuk-frontend/repo
c90cb6b85fe0f4349a7db6393bff9215313b5911,1694622123,18,package.json,npm@9.1.0,package.json,[],projects/govuk-frontend/repo
560119ae39f982a313d73006d76333458a3fadb7,1695027557,18,package.json,npm@9.1.0,package.json,[],projects/govuk-frontend/repo
0b28533872914bc731b24f253e2231e246a21069,1695027717,18,package.json,npm@9.1.0,package.json,[],projects/govuk-frontend/repo
6156c9d367c988ee6b8202ed1c0278a4c3664dda,1695028138,18,package.json,npm@9.1.0,package.json,[],projects/govuk-frontend/repo
62d17ca65402f6fe2379d1f3b053539e402f389c,1695028779,18,package.json,npm@9.1.0,package.json,[],projects/govuk-frontend/repo
7590f72a2c7a8ad5d8d288b9b2e894db50dd6f01,1695040809,18,package.json,npm@9.1.0,package.json,[],projects/govuk-frontend/repo
4c84608e3a4b3e69fba021b80319ac280b5dfa8e,1695040809,18,package.json,npm@9.1.0,package.json,[],projects/govuk-frontend/repo
70e1277a5a782250d8a67fc4482b7c607b88e24b,1695040809,18,package.json,npm@9.1.0,package.json,[],projects/govuk-frontend/repo
1deaeb0004a28dea75c7e8072256ee5b23eeaba5,1695040810,18,package.json,npm@9.1.0,package.json,[],projects/govuk-frontend/repo
14da0c25c7f6aab8e4d76e46dbeb7d16070efc90,1695042496,18,package.json,npm@9.1.0,package.json,[],projects/govuk-frontend/repo
e81c34ae696a81716bfa88faf77a299880f02682,1695043355,18,package.json,npm@9.1.0,package.json,[],projects/govuk-frontend/repo
f77e1d790d3924d7a4ad3e6b497d584ec246430d,1695043540,18,package.json,npm@9.1.0,package.json,[],projects/govuk-frontend/repo
655af8f379288d701ad58d9d5aff4df5d745bb2f,1695043619,18,package.json,npm@9.1.0,package.json,[],projects/govuk-frontend/repo
403b521edce7a75984b05910c89140653a6361b6,1695043883,18,package.json,npm@9.1.0,package.json,[],projects/govuk-frontend/repo
79c2a2111ec127e610752a28d57f7b14b4d0411d,1695045316,18,package.json,npm@9.1.0,package.json,[],projects/govuk-frontend/repo
798c75c44f508fa7733fa69ef93673834f7ad7be,1695045983,18,package.json,npm@9.1.0,package.json,[],projects/govuk-frontend/repo
b124edf5e6513ceb4ff6bc9f1a8c757f00ece87e,1695047226,18,package.json,npm@9.1.0,package.json,[],projects/govuk-frontend/repo
c18a30eb874ae590c205adf6fd7dea679af6c6c6,1695047860,18,package.json,npm@9.1.0,package.json,[],projects/govuk-frontend/repo
26a179a8f2ff0d5b08f33f5cecd426b3badb0d6f,1695049242,18,package.json,npm@9.1.0,package.json,[],projects/govuk-frontend/repo
b1f93c149c6ad38e4291170816771fd8be0178f4,1695053554,18,package.json,npm@9.1.0,package.json,[],projects/govuk-frontend/repo
d149281cec84d42eb8d40d26c27f3e6193ab3fab,1695053660,18,package.json,npm@9.1.0,package.json,[],projects/govuk-frontend/repo
35cf906f9ab3e01fd415217743651e4d577e0629,1695055753,18,package.json,npm@9.1.0,package.json,[],projects/govuk-frontend/repo
8965564d8c087ada039adf008276da99668bd8c0,1695111578,18,package.json,npm@9.1.0,package.json,[],projects/govuk-frontend/repo
fd7a8ed7e10d0dc8f4a362f0e7482839d0a43534,1695111810,18,package.json,npm@9.1.0,package.json,[],projects/govuk-frontend/repo
70265f15802a4a9f599e4f7b71e15632d10d62ee,1695111820,18,package.json,npm@9.1.0,package.json,[],projects/govuk-frontend/repo
261987d5a8deb42e9ed5405adec14bebf59955a7,1695129463,18,package.json,npm@9.1.0,package.json,[],projects/govuk-frontend/repo
1d85f11b749fcdbe3c6f05f0d546a0540f6c1cf5,1695139687,18,package.json,npm@9.1.0,package.json,[],projects/govuk-frontend/repo
8607af3c685d3eb7bfecbd63311982ac6c6257b3,1695139687,18,package.json,npm@9.1.0,package.json,[],projects/govuk-frontend/repo
294520488cfdf65049da6e530a9461ead7b6209d,1695139751,18,package.json,npm@9.1.0,package.json,[],projects/govuk-frontend/repo
e29ffd990a7c5925b46dfaa90dc71e1762466666,1695139752,18,package.json,npm@9.1.0,package.json,[],projects/govuk-frontend/repo
39a19dd10f1e1d2d5450d1ad1dbe402557bfb701,1695139752,18,package.json,npm@9.1.0,package.json,[],projects/govuk-frontend/repo
8b9d33e6e3031b380b1810808d31e5a300c33cac,1695139752,18,package.json,npm@9.1.0,package.json,[],projects/govuk-frontend/repo
ee82fd3c2f1311fc37d0610de85c2b57456edc8e,1695141975,18,package.json,npm@9.1.0,package.json,[],projects/govuk-frontend/repo
c1c751b6fdcf0e2b4a875bccf2a8988ebc20eb60,1695201799,18,package.json,npm@9.1.0,package.json,[],projects/govuk-frontend/repo
ff13dfd74e666b67479f62a3580f4d7b4ba26f33,1695201893,18,package.json,npm@9.1.0,package.json,[],projects/govuk-frontend/repo
9ebe9f4d68ffc55e18a947a6d92946f31ef19ddb,1695206846,18,package.json,npm@9.1.0,package.json,[],projects/govuk-frontend/repo
1011e8482cd2d29293866e16016f81544193a7ef,1695206889,18,package.json,npm@9.1.0,package.json,[],projects/govuk-frontend/repo
4b0b0e53ffb9d1b1232de57782918c91be91c778,1695207015,18,package.json,npm@9.1.0,package.json,[],projects/govuk-frontend/repo
2464f5795eb69a704247ff41511ac0855a8bc508,1695209193,18,package.json,npm@9.1.0,package.json,[],projects/govuk-frontend/repo
3a73e8ce94c9399087bf92a15428b312c7207614,1695215895,18,package.json,npm@9.1.0,package.json,[],projects/govuk-frontend/repo
27b82a0e9c1b441cbf187a76cb61a22acb1689ff,1695216936,18,package.json,npm@9.1.0,package.json,[],projects/govuk-frontend/repo
2720d68cf446d6d0fde0284aa47f2aa166c03bb4,1695216961,18,package.json,npm@9.1.0,package.json,[],projects/govuk-frontend/repo
ac986dd5e21152658163a250c18e449b0895ef36,1695227060,18,package.json,npm@9.1.0,package.json,[],projects/govuk-frontend/repo
343ffe7c6dfdf2939fd4f4134b95b3fc78aef40a,1695227060,18,package.json,npm@9.1.0,package.json,[],projects/govuk-frontend/repo
acaea1d02a324f8662455f05afef49fbf849b800,1695227060,18,package.json,npm@9.1.0,package.json,[],projects/govuk-frontend/repo
48903c565f608129040723e2e51c1b0c4303f135,1695227060,18,package.json,npm@9.1.0,package.json,[],projects/govuk-frontend/repo
298d35cc3087880a58d23cbf4217125c585c1f05,1695229785,18,package.json,npm@9.1.0,package.json,[],projects/govuk-frontend/repo
c4bf27865a5fc8dafc665881bd4b4b06a92dfec2,1695233218,18,package.json,npm@9.1.0,package.json,[],projects/govuk-frontend/repo
784302f20cb7f0449e13da635a586717164519a2,1695233218,18,package.json,npm@9.1.0,package.json,[],projects/govuk-frontend/repo
0032c338d134d58b33370217a70f7f84b89664ac,1695282550,18,package.json,npm@9.1.0,package.json,[],projects/govuk-frontend/repo
089b2802b738e8b16d3bfb819c0b96486e60856c,1695300550,18,package.json,npm@9.1.0,package.json,[],projects/govuk-frontend/repo
10b5b6957f4a3fa894a00b2344b27b8153bf98c7,1695302009,18,package.json,npm@9.1.0,package.json,[],projects/govuk-frontend/repo
61c94b921575b45fa9f9791eb781888e09da795b,1695376874,18,package.json,npm@9.1.0,package.json,[],projects/govuk-frontend/repo
d15946f3b6e65d0f2f87f16d4474d0944eb6332c,1695377252,18,package.json,npm@9.1.0,package.json,[],projects/govuk-frontend/repo
9b7b370e79da8c4395d785c80b31300abd802082,1695378336,18,package.json,npm@9.1.0,package.json,[],projects/govuk-frontend/repo
d41d9137fd241799891dddecdf079f0129b1f5f6,1695379061,18,package.json,npm@9.1.0,package.json,[],projects/govuk-frontend/repo
889470e2814eddb21a2cf6d969b235e76b995ef8,1695385274,18,package.json,npm@9.1.0,package.json,[],projects/govuk-frontend/repo
9a4ddb6e08115918cc4ef006c8022d81d9c325b6,1695385592,18,package.json,npm@9.1.0,package.json,[],projects/govuk-frontend/repo
50d333078951ac3862940fae85f06e344d7c2717,1695386711,18,package.json,npm@9.1.0,package.json,[],projects/govuk-frontend/repo
827ba900bf23baa0f107ea48accf51dc29634784,1695395975,18,package.json,npm@9.1.0,package.json,[],projects/govuk-frontend/repo
fff4f701520b1d2fe44891663c4b6509fc178916,1695397469,18,package.json,npm@9.1.0,package.json,[],projects/govuk-frontend/repo
a9cf21a2460bfa8f904205bec8d4fb584966f237,1695621440,18,package.json,npm@9.1.0,package.json,[],projects/govuk-frontend/repo
b83a8941d2c63f1af9bde89190288ccf0ed7e513,1695621440,18,package.json,npm@9.1.0,package.json,[],projects/govuk-frontend/repo
8d0a463679353ac2527657b0e3a5ac7931824f58,1695621440,18,package.json,npm@9.1.0,package.json,[],projects/govuk-frontend/repo
4dd1bbcba00aca8e26a26d870250173930301032,1695621463,18,package.json,npm@9.1.0,package.json,[],projects/govuk-frontend/repo
4073a2478a990a8b320d764d136500f355b4c73d,1695621463,18,package.json,npm@9.1.0,package.json,[],projects/govuk-frontend/repo
03933440125c5ae46e9cb2a2f4196538bca43e38,1695621463,18,package.json,npm@9.1.0,package.json,[],projects/govuk-frontend/repo
ca9d382f6459bc2f9264b6c366f8a6ebc333e6f1,1695633680,18,package.json,npm@9.1.0,package.json,[],projects/govuk-frontend/repo
74e56707aa121a96665b7d1177617ca3d5031a1e,1695634242,18,package.json,npm@9.1.0,package.json,[],projects/govuk-frontend/repo
f7d2ae0d514ed5e50b467b44226de29c6529de05,1695634362,18,package.json,npm@9.1.0,package.json,[],projects/govuk-frontend/repo
26b49a7f1c2c11fa7de33266ccb5a88eb10af35a,1695634952,18,package.json,npm@9.1.0,package.json,[],projects/govuk-frontend/repo
f3eaecd383928e5ae87d45e907761b93b0ed175b,1695635133,18,package.json,npm@9.1.0,package.json,[],projects/govuk-frontend/repo
6de1bd0728d71c8b9102b7a63f006ed1b40e7b12,1695635222,18,package.json,npm@9.1.0,package.json,[],projects/govuk-frontend/repo
c7d041d526f4a7ce6a7b825bd8e7ff979563f73f,1695635386,18,package.json,npm@9.1.0,package.json,[],projects/govuk-frontend/repo
ff3576551ca0c2072881152afdee79364f20ec68,1695635999,18,package.json,npm@9.1.0,package.json,[],projects/govuk-frontend/repo
28e39e3dc80fe21bfd370b6b86c4dcc6f0a366da,1695636220,18,package.json,npm@9.1.0,package.json,[],projects/govuk-frontend/repo
5f7ee62c5d3b84849ce9cd1ffd9b6e210549f535,1695638251,18,package.json,npm@9.1.0,package.json,[],projects/govuk-frontend/repo
e7ecd064ebfd92f45f603da098ac3552924de2a1,1695638447,18,package.json,npm@9.1.0,package.json,[],projects/govuk-frontend/repo
be08169fd76974099d36248db8e95ce8baabbfbc,1695638463,18,package.json,npm@9.1.0,package.json,[],projects/govuk-frontend/repo
c38baa583f1c6c0062d850a9750b5df5a59fd035,1695639416,18,package.json,npm@9.1.0,package.json,[],projects/govuk-frontend/repo
dfc7aeb16ebd2f455cfd51920795fe8a867726c1,1695639560,18,package.json,npm@9.1.0,package.json,[],projects/govuk-frontend/repo
8f353c1f147753f12f5d4771fd58021bfda3386a,1695639560,18,package.json,npm@9.1.0,package.json,[],projects/govuk-frontend/repo
ae90d6dd70b47ea97d32e4e9c647f1417f0c0827,1695639560,18,package.json,npm@9.1.0,package.json,[],projects/govuk-frontend/repo
34109cd783924480d5efd7cb336389a757b6ae69,1695639561,18,package.json,npm@9.1.0,package.json,[],projects/govuk-frontend/repo
f655b6d076557d95af4e3dbfba1d19361bf96529,1695639561,18,package.json,npm@9.1.0,package.json,[],projects/govuk-frontend/repo
5198e7e21418b3fed173beaaae8f4da0990a4e78,1695640948,18,package.json,npm@9.1.0,package.json,[],projects/govuk-frontend/repo
06ce2a2876e5327561e9dcceb67a1ec7179064d8,1695641029,18,package.json,npm@9.1.0,package.json,[],projects/govuk-frontend/repo
149abf69afd6ef84ed87b67d0af57170be1ac94d,1695641308,18,package.json,npm@9.1.0,package.json,[],projects/govuk-frontend/repo
4cc1014984e616d159d11dc9f513ebd0ad13aa75,1695643106,18,package.json,npm@9.1.0,package.json,[],projects/govuk-frontend/repo
c6f4c3f038d8d13516117bee277b7932a91deb18,1695643395,18,package.json,npm@9.1.0,package.json,[],projects/govuk-frontend/repo
d361ade9adacb5cfbb6b56a5ba026b837e677474,1695645368,18,package.json,npm@9.1.0,package.json,[],projects/govuk-frontend/repo
40886a7280e8c129e7b35d9d3f275c21751f749b,1695645485,18,package.json,npm@9.1.0,package.json,[],projects/govuk-frontend/repo
ed1c3d90c8cd3fe2752d1f9480ae5a738a420528,1695653473,18,package.json,npm@9.1.0,package.json,[],projects/govuk-frontend/repo
59f666b4d00da698874dee264378d3df9aeb2fa0,1695653535,18,package.json,npm@9.1.0,package.json,[],projects/govuk-frontend/repo
ca23742083713c3aa778d24ad117a361b035711a,1695653661,18,package.json,npm@9.1.0,package.json,[],projects/govuk-frontend/repo
e64ddab4ca28536afab08264476662f7cbedfd47,1695655143,18,package.json,npm@9.1.0,package.json,[],projects/govuk-frontend/repo
9f9b0e18b6146fa3fd66ad9df8e6e203fda94423,1695655822,18,package.json,npm@9.1.0,package.json,[],projects/govuk-frontend/repo
bae6510ae16060bb047279e240360a5339222b4f,1695656023,18,package.json,npm@9.1.0,package.json,[],projects/govuk-frontend/repo
f4c853c7512a6d81504627758701874351ba33ec,1695656023,18,package.json,npm@9.1.0,package.json,[],projects/govuk-frontend/repo
355e2a1acf2253b61bca62ed9db877b37e0798c3,1695656023,18,package.json,npm@9.1.0,package.json,[],projects/govuk-frontend/repo
1adec5531aaa18cb649fce46b0659c7ca700d5a7,1695656024,18,package.json,npm@9.1.0,package.json,[],projects/govuk-frontend/repo
b0ff637f10a1b3f5d614559bdff0b0b02c046764,1695656024,18,package.json,npm@9.1.0,package.json,[],projects/govuk-frontend/repo
4f9501a5423f9f6984ec64b15814e5582feaa2cd,1695656663,18,package.json,npm@9.1.0,package.json,[],projects/govuk-frontend/repo
ac66ad5db5e996d7c915b7214f70b9558493dc2c,1695657515,18,package.json,npm@9.1.0,package.json,[],projects/govuk-frontend/repo
1b7d2f6e6509d3014c806219221ee96482e0027d,1695657738,18,package.json,npm@9.1.0,package.json,[],projects/govuk-frontend/repo
f9364f8865f30e9976e2228e7b89f3acd67356e9,1695657843,18,package.json,npm@9.1.0,package.json,[],projects/govuk-frontend/repo
a5ac173e41fa20f63e3e8f4defcfba489f21dc7c,1695664259,18,package.json,npm@9.1.0,package.json,[],projects/govuk-frontend/repo
0c3fb2df388d2121447b3fbc77ae2f6d589e0bfb,1695725986,18,package.json,npm@9.1.0,package.json,[],projects/govuk-frontend/repo
adc038040cff0ae9d0da6a976ab9c30923343cc0,1695726278,18,package.json,npm@9.1.0,package.json,[],projects/govuk-frontend/repo
f28eee02aa4c12c745766404326fe51f2b13e3d1,1695727362,18,package.json,npm@9.1.0,package.json,[],projects/govuk-frontend/repo
b8040f41950f346e69d5fe554b6e84b6d8b7f15c,1695742311,18,package.json,npm@9.1.0,package.json,[],projects/govuk-frontend/repo
04e64dd4ad1c89be56c1765d50ca5157f5afffe7,1695742609,18,package.json,npm@9.1.0,package.json,[],projects/govuk-frontend/repo
e2cc3af893c4d598775d1aea030fb08463b9abb1,1695744609,18,package.json,npm@9.1.0,package.json,[],projects/govuk-frontend/repo
808f7ecab58d252cba4e56aea7ef5c5b538e58a2,1695746181,18,package.json,npm@9.1.0,package.json,[],projects/govuk-frontend/repo
17f3ea57e0971b3d47694ede6f68a714e2e86db2,1695747577,18,package.json,npm@9.1.0,package.json,[],projects/govuk-frontend/repo
fa2f66a3d68c8b55211a36aad4401315cb6022c2,1695799980,18,package.json,npm@9.1.0,package.json,[],projects/govuk-frontend/repo
9da97c45343baab1192edae89b1586ad6c625c9c,1695801214,18,package.json,npm@9.1.0,package.json,[],projects/govuk-frontend/repo
17ec1ef04093e4a2e0c744bf7de62df5923e8939,1695801496,18,package.json,npm@9.1.0,package.json,[],projects/govuk-frontend/repo
3fe19cb2ce7e0636f688dcb8b04e5834d3341df3,1695802018,18,package.json,npm@9.1.0,package.json,[],projects/govuk-frontend/repo
b7e50d3680f1dc7bda987bd8dbbee15c8d8fc32b,1695802018,18,package.json,npm@9.1.0,package.json,[],projects/govuk-frontend/repo
2f8af7593af40ef355431511e954099530496dec,1695802018,18,package.json,npm@9.1.0,package.json,[],projects/govuk-frontend/repo
f42a6d5662ba4c4b177c9f0478be9b2836acc669,1695803762,18,package.json,npm@9.1.0,package.json,[],projects/govuk-frontend/repo
94ebb2cc8e64f52441464f04a5acb4e8cc144629,1695803763,18,package.json,npm@9.1.0,package.json,[],projects/govuk-frontend/repo
1377822a64c3b3eb92d32290f3edacc76bf9dc21,1695803857,18,package.json,npm@9.1.0,package.json,[],projects/govuk-frontend/repo
ca02f0d66e2287779de1493cca0492b2d50efbd6,1695805529,18,package.json,npm@9.1.0,package.json,[],projects/govuk-frontend/repo
8e747b7a48f8f89a08192509077f430bcd09fcdd,1695807190,18,package.json,npm@9.1.0,package.json,[],projects/govuk-frontend/repo
f8ee9928e4d5410645e48b5575182dc2c1a9012d,1695833117,18,package.json,npm@9.1.0,package.json,[],projects/govuk-frontend/repo
2b8348f1548584bd4bc5b8e041859068df9a27aa,1695833930,18,package.json,npm@9.1.0,package.json,[],projects/govuk-frontend/repo
33790e37f742d32a0ab9a4443f9b191805fd0ee6,1695917417,18,package.json,npm@9.1.0,package.json,[],projects/govuk-frontend/repo
fb991746a0f0fc2cb42c45fd9c2a4996e03cf8fe,1695991261,18,package.json,npm@9.1.0,package.json,[],projects/govuk-frontend/repo
1505a2dbbebf8a0d5cd2434a44ee0f75dc8927a2,1695991545,18,package.json,npm@9.1.0,package.json,[],projects/govuk-frontend/repo
a37377f4054688327f228150cecb9d0473c4072f,1695992931,18,package.json,npm@9.1.0,package.json,[],projects/govuk-frontend/repo
10beebebcb5d4056994413b3df51ff65b3411a95,1696000362,18,package.json,npm@9.1.0,package.json,[],projects/govuk-frontend/repo
18caff508c0cb45207f63312c03cf92f77f7e276,1696000362,18,package.json,npm@9.1.0,package.json,[],projects/govuk-frontend/repo
32a6181bc1170da564cf15e82c7e1b120b6fd526,1696000549,18,package.json,npm@9.1.0,package.json,[],projects/govuk-frontend/repo
635251501b7ecf8a078b45df6081b4aaa02684dc,1696238898,18,package.json,npm@9.1.0,package.json,[],projects/govuk-frontend/repo
ca18c47ceeeca8de4edbce05f489b86f11b94b81,1696239242,18,package.json,npm@9.1.0,package.json,[],projects/govuk-frontend/repo
23dc84db52e48bd47e1c7a7b2f6b3232c0d828ad,1696239276,18,package.json,npm@9.1.0,package.json,[],projects/govuk-frontend/repo
9f7c224d2789bb6d2881abb95526a15650d8d29c,1696240592,18,package.json,npm@9.1.0,package.json,[],projects/govuk-frontend/repo
be9639391cc7974622a2995c351b1ceee6053553,1696243819,18,package.json,npm@9.1.0,package.json,[],projects/govuk-frontend/repo
a5e3c7009e1c65c98cae9f980e0bacfe85f9adc7,1696243971,18,package.json,npm@9.1.0,package.json,[],projects/govuk-frontend/repo
2d5750616d5ec87cf7908e4eb9a1b83369d685ef,1696244736,18,package.json,npm@9.1.0,package.json,[],projects/govuk-frontend/repo
5d5eb38cd345d5c2c3df80b442320ec1a6973f94,1696244811,18,package.json,npm@9.1.0,package.json,[],projects/govuk-frontend/repo
61ee29df9187451befc444981de5cf89b859f8a1,1696244975,18,package.json,npm@9.1.0,package.json,[],projects/govuk-frontend/repo
f193af816af1b8c7671f38c3064c34c30a1a58fb,1696245833,18,package.json,npm@9.1.0,package.json,[],projects/govuk-frontend/repo
9318f84cb8c13dca165041e622f9df4329247ab8,1696246913,18,package.json,npm@9.1.0,package.json,[],projects/govuk-frontend/repo
14ab9625122122d5dc5c31177f4e038052f9da23,1696248476,18,package.json,npm@9.1.0,package.json,[],projects/govuk-frontend/repo
f837f9c003a50f9e64a2fe3476be91e6e228f318,1696249502,18,package.json,npm@9.1.0,package.json,[],projects/govuk-frontend/repo
cdd9c582f58efa90a076b04433a23e87bf91a6c7,1696406787,18,package.json,npm@9.1.0,package.json,[],projects/govuk-frontend/repo
d770a651ab871f1bbe1297d2057343d27f7b184c,1696406818,18,package.json,npm@9.1.0,package.json,[],projects/govuk-frontend/repo
c3f4b2dd592a3e4571b540b31ec72004e7594b79,1696407990,18,package.json,npm@9.1.0,package.json,[],projects/govuk-frontend/repo
a537a76aafbe694aaa68c324dbf7a32082871c71,1696484337,18,package.json,npm@9.1.0,package.json,[],projects/govuk-frontend/repo
0d7282ed3f51040ec65759710e14ef8ad4dacebe,1696519905,18,package.json,npm@9.1.0,package.json,[],projects/govuk-frontend/repo
9e7814378c658234866be4285f8344c639c5cb75,1696520035,18,package.json,npm@9.1.0,package.json,[],projects/govuk-frontend/repo
ba4a6541ff5d098f3f48c304ddcccafb8f2dbdab,1696520691,18,package.json,npm@9.1.0,package.json,[],projects/govuk-frontend/repo
fea14396d9141c813c147d7593779594637fcf0b,1696520931,18,package.json,npm@9.1.0,package.json,[],projects/govuk-frontend/repo
5650b73462237f1cdd51d6369c55aa762f3f4da6,1696521187,18,package.json,npm@9.1.0,package.json,[],projects/govuk-frontend/repo
2abd9e2f5ff7443116e51c6f0148dee84aafc945,1696522699,18,package.json,npm@9.1.0,package.json,[],projects/govuk-frontend/repo
30f2705494c46cd0a440eb388c996f62c25cdf3d,1696522769,18,package.json,npm@9.1.0,package.json,[],projects/govuk-frontend/repo
fb035f88fd9f4727c7460648324ac443dbef4218,1696845716,18,package.json,npm@9.1.0,package.json,[],projects/govuk-frontend/repo
cb064c0ba17eee06029267a464a321f8a6624903,1696845796,18,package.json,npm@9.1.0,package.json,[],projects/govuk-frontend/repo
12e59e3acaf1167e06f7e715c53972008b7cf050,1696846578,18,package.json,npm@9.1.0,package.json,[],projects/govuk-frontend/repo
3912d7d478d10808ea20be60bf32e51d98173e97,1696846681,18,package.json,npm@9.1.0,package.json,[],projects/govuk-frontend/repo
71ab036f372fb2ebe5c86ba8f98c9251c6d4fdc6,1696846740,18,package.json,npm@9.1.0,package.json,[],projects/govuk-frontend/repo
dd7fe284fbf49361eedd95e74c4cfed0d9262320,1696846763,18,package.json,npm@9.1.0,package.json,[],projects/govuk-frontend/repo
c342087d30e1577e520f7d9a2a4d67688e988111,1696847046,18,package.json,npm@9.1.0,package.json,[],projects/govuk-frontend/repo
d87598e3b24aef41fd8c29aa9671892c61b231a7,1696848222,18,package.json,npm@9.1.0,package.json,[],projects/govuk-frontend/repo
6bd771d521ae9eb78ec5137c4eebf57c9ec2b4e0,1696848431,18,package.json,npm@9.1.0,package.json,[],projects/govuk-frontend/repo
eac34980604029cf9f2f9df6ae185c3f3995831f,1696852478,18,package.json,npm@9.1.0,package.json,[],projects/govuk-frontend/repo
b1e9610901739a24dfce1057b137a017d9f3d535,1696852616,18,package.json,npm@9.1.0,package.json,[],projects/govuk-frontend/repo
c41b0337cb29e9f6b8c6bde149106963fff462af,1696852908,18,package.json,npm@9.1.0,package.json,[],projects/govuk-frontend/repo
afc6c4b61c2fb46c9b0f0b4e0daab35c12e9502a,1696853226,18,package.json,npm@9.1.0,package.json,[],projects/govuk-frontend/repo
1174b5a59bf63eeff08e5b4b76270f75d391c3a8,1696855936,18,package.json,npm@9.1.0,package.json,[],projects/govuk-frontend/repo
e2eb12d74b699e7c2c364139e159357e90dcd205,1696856114,18,package.json,npm@9.1.0,package.json,[],projects/govuk-frontend/repo
23b6518030315dda8470f30a247de70cde12e47e,1696856258,18,package.json,npm@9.1.0,package.json,[],projects/govuk-frontend/repo
2166ad0323fe2718010b3e01e4626bf6d3251159,1696856287,18,package.json,npm@9.1.0,package.json,[],projects/govuk-frontend/repo
c8cd005723a28cdfaab327fc7351af1b4460d078,1696859855,18,package.json,npm@9.1.0,package.json,[],projects/govuk-frontend/repo
2b6073c5a91b389fc8b6eea86fa97542a7b14d1a,1696861585,18,package.json,npm@9.1.0,package.json,[],projects/govuk-frontend/repo
0578dbae40d31eca1d7a4a556f99a569e3ea89dd,1696862719,18,package.json,npm@9.1.0,package.json,[],projects/govuk-frontend/repo
55a1ef52781f02bd6221a4e591779fcf6f824241,1696862749,18,package.json,npm@9.1.0,package.json,[],projects/govuk-frontend/repo
0bc8b21aebb716383ec73f35062f416359c1a00f,1696864576,18,package.json,npm@9.1.0,package.json,[],projects/govuk-frontend/repo
e19593c04336802c1d6aec19b2219c75c1442b2c,1696867771,18,package.json,npm@9.1.0,package.json,[],projects/govuk-frontend/repo
f30155d0d2b8f8258a714ea47247f2aa3e975988,1696873950,18,package.json,npm@9.1.0,package.json,[],projects/govuk-frontend/repo
8ddcaaa5fae29fde499318ffc8bbe9e17f38c31a,1696874896,18,package.json,npm@9.1.0,package.json,[],projects/govuk-frontend/repo
b0c7f4a9531004b26b367e0317a8c1dcb2a31565,1696927136,18,package.json,npm@9.1.0,package.json,[],projects/govuk-frontend/repo
fce9108041240df85e844e738575b5de63e3e724,1696928182,18,package.json,npm@9.1.0,package.json,[],projects/govuk-frontend/repo
5cb52eed9103f84306fa8c006749892fa99c42b6,1696947140,18,package.json,npm@9.1.0,package.json,[],projects/govuk-frontend/repo
0e0d4e414f2bfb783d111ec2c3f1f73aa7e6d3cf,1696947149,18,package.json,npm@9.1.0,package.json,[],projects/govuk-frontend/repo
72f9ae31bdc0b709e22e062ee92cd2a3e9967453,1696947149,18,package.json,npm@9.1.0,package.json,[],projects/govuk-frontend/repo
20c0d5f404a6d9477548a9624f7266efae7aabc1,1696947150,18,package.json,npm@9.1.0,package.json,[],projects/govuk-frontend/repo
dc781d60e100359cabb99326ff9383ad3136870b,1696947150,18,package.json,npm@9.1.0,package.json,[],projects/govuk-frontend/repo
b9aa7bb6a1583b01c9f4095c32c1a95fe33836cc,1696947150,18,package.json,npm@9.1.0,package.json,[],projects/govuk-frontend/repo
8a9e9acfe4fff182e02d31c1fad1417e2ea999bf,1696951844,18,package.json,npm@9.1.0,package.json,[],projects/govuk-frontend/repo
20cea98c55071e7c9e7efe33fc95a0d25d461b05,1697021234,18,package.json,npm@9.1.0,package.json,[],projects/govuk-frontend/repo
1bc4eb6121f8db86cc29c4cf44ea42f260c000da,1697045126,18,package.json,npm@9.1.0,package.json,[],projects/govuk-frontend/repo
f91b49a3a68a75bb5cd21a29fc48cb16eb6ee27d,1697101047,18,package.json,npm@9.1.0,package.json,[],projects/govuk-frontend/repo
d9af8be81fee362e510d63fdd790814947337e94,1697101517,18,package.json,npm@9.1.0,package.json,[],projects/govuk-frontend/repo
8e8d0badc16f18691d1dd7caddbf7dac853b4768,1697102384,18,package.json,npm@9.1.0,package.json,[],projects/govuk-frontend/repo
bec28af675c852a7c6e4cacc8c54afe2c4adeab2,1697108760,18,package.json,npm@9.1.0,package.json,[],projects/govuk-frontend/repo
c2fa4092dba456e2b47935d46297b13a0318cc71,1697109272,18,package.json,npm@9.1.0,package.json,[],projects/govuk-frontend/repo
e5752ccf665de0c1af5af7995a9f6928ae2e9ebe,1697112748,18,package.json,npm@9.1.0,package.json,[],projects/govuk-frontend/repo
07b70ff54bcbbf4b319991cbdea1474dce2a7b5f,1697114230,18,package.json,npm@9.1.0,package.json,[],projects/govuk-frontend/repo
d128f07f4254cd5f02f978c77e9730aa56662f3e,1697114230,18,package.json,npm@9.1.0,package.json,[],projects/govuk-frontend/repo
413e2a656808ce8bb99a3837f9c9e37f5c09cce5,1697114230,18,package.json,npm@9.1.0,package.json,[],projects/govuk-frontend/repo
d8f54ceef012a64811423cbe626cef9ed6ef7161,1697214603,18,package.json,npm@9.1.0,package.json,[],projects/govuk-frontend/repo
4ff6de61013e8d4ecf4b85b6f7e372b44659adba,1697214735,18,package.json,npm@9.1.0,package.json,[],projects/govuk-frontend/repo
e9842b79c05de00ec3eac2f6eec6d1922a0e404f,1697214772,18,package.json,npm@9.1.0,package.json,[],projects/govuk-frontend/repo
c956faad5c563d34090d4cd4519b79b07141eff3,1697445206,18,package.json,npm@9.1.0,package.json,[],projects/govuk-frontend/repo
55e49bbf3837ff170ecdc247b548595dbe37a213,1697449203,18,package.json,npm@9.1.0,package.json,[],projects/govuk-frontend/repo
764c1244638d947780df8d7aeaa983987e7b6875,1697449311,18,package.json,npm@9.1.0,package.json,[],projects/govuk-frontend/repo
1407cdac35ef205cf0ff8da70434e777848df6f5,1697449572,18,package.json,npm@9.1.0,package.json,[],projects/govuk-frontend/repo
31cdd892de28aa1d081f508b42a9ed2cf99f8f1c,1697449604,18,package.json,npm@9.1.0,package.json,[],projects/govuk-frontend/repo
a6b7959982cafdbfa685c139602be2036bb575de,1697449634,18,package.json,npm@9.1.0,package.json,[],projects/govuk-frontend/repo
48f7c04c8f07df95cf16f878373e70375a87497f,1697449723,18,package.json,npm@9.1.0,package.json,[],projects/govuk-frontend/repo
a343ecbf3929134d26e693bc05f1deb0cc5f57aa,1697450037,18,package.json,npm@9.1.0,package.json,[],projects/govuk-frontend/repo
3f1a92e460553fd693c90303b1ed08f242f1cec9,1697450685,18,package.json,npm@9.1.0,package.json,[],projects/govuk-frontend/repo
e8ad8a8776b7536bde97e1a7e29bd3bbb4cf157c,1697451403,18,package.json,npm@9.1.0,package.json,[],projects/govuk-frontend/repo
bd600976d04e30456df35fe91ce209b79d243fe0,1697457002,18,package.json,npm@9.1.0,package.json,[],projects/govuk-frontend/repo
805c54b893503342542611a584ab35cc9fe2ab8b,1697466462,18,package.json,npm@9.1.0,package.json,[],projects/govuk-frontend/repo
1e95deca86ba1e409f53f48718dc6f4fc88e1015,1697466525,18,package.json,npm@9.1.0,package.json,[],projects/govuk-frontend/repo
40ec3d65a09df2fda5264abb3f4856d50751e3af,1697472267,18,package.json,npm@9.1.0,package.json,[],projects/govuk-frontend/repo
c86620f94b80c46d0d341ac3ef94d0b0b07bfe0a,1697473169,18,package.json,npm@9.1.0,package.json,[],projects/govuk-frontend/repo
14e5a03118a7f4d4a939f7652547391d9242c9b6,1697473218,18,package.json,npm@9.1.0,package.json,[],projects/govuk-frontend/repo
cb272c52027cd7538592d18205a7cf3d943f51f7,1697529979,18,package.json,npm@9.1.0,package.json,[],projects/govuk-frontend/repo
66037775e1f76d4685b61d2949e929d6bdf30b0b,1697530121,18,package.json,npm@9.1.0,package.json,[],projects/govuk-frontend/repo
06fe87fe40a283e562b331a6d71a1988fc096054,1697530280,18,package.json,npm@9.1.0,package.json,[],projects/govuk-frontend/repo
e4b4120491e9f70ad2016f6243cc4ce337c8df06,1697530342,18,package.json,npm@9.1.0,package.json,[],projects/govuk-frontend/repo
1e470c8cad1132a6c384f2a3ad89b61aecd60d41,1697530513,18,package.json,npm@9.1.0,package.json,[],projects/govuk-frontend/repo
23fa9853d593c6643e50776cbd91703042932074,1697531835,18,package.json,npm@9.1.0,package.json,[],projects/govuk-frontend/repo
aa411f5890320f7ca745dcfd4ed19340e9aaddf7,1697532744,18,package.json,npm@9.1.0,package.json,[],projects/govuk-frontend/repo
e0143b8a0224459584a9ed6362e823459d38637a,1697532744,18,package.json,npm@9.1.0,package.json,[],projects/govuk-frontend/repo
767c79e54e1f112d74ce25b6780111f1783073ba,1697532744,18,package.json,npm@9.1.0,package.json,[],projects/govuk-frontend/repo
8d85f0a5e1b25386db4006fc72d7755c1b93893a,1697532744,18,package.json,npm@9.1.0,package.json,[],projects/govuk-frontend/repo
e9d769e7e58f6915998a566e0ef20f7c84df2ece,1697533528,18,package.json,npm@9.1.0,package.json,[],projects/govuk-frontend/repo
cefede08400f4ca1c6c37a9cb8c15f21367f9ad2,1697534305,18,package.json,npm@9.1.0,package.json,[],projects/govuk-frontend/repo
ad9a706de1a6d9cd20322557f38b190b8d7d3ce1,1697535891,18,package.json,npm@9.1.0,package.json,[],projects/govuk-frontend/repo
fd11abf2d06f2d467a61a17341fc29df70857f22,1697535944,18,package.json,npm@9.1.0,package.json,[],projects/govuk-frontend/repo
abaa4a64b96dcba87e353829caeeaf2a3e635729,1697544521,18,package.json,npm@9.1.0,package.json,[],projects/govuk-frontend/repo
57e08dc36073c6faf328228f4608216a4ff04925,1697545782,18,package.json,npm@9.1.0,package.json,[],projects/govuk-frontend/repo
b4f1d8419590e63d3ab5f2b3e71099b6727ec87e,1697546114,18,package.json,npm@9.1.0,package.json,[],projects/govuk-frontend/repo
94e66e6def6a865fe81526730072e517c20fab41,1697547563,18,package.json,npm@9.1.0,package.json,[],projects/govuk-frontend/repo
dd748307ca612c73c2e60548419cee94d0cd636f,1697553470,18,package.json,npm@9.1.0,package.json,[],projects/govuk-frontend/repo
0660eefab7c2337a04b392be4785a11b439bbe00,1697635533,18,package.json,npm@9.1.0,package.json,[],projects/govuk-frontend/repo
1641ba79588bc7cba9b380c9e890a069adea5303,1697635533,18,package.json,npm@9.1.0,package.json,[],projects/govuk-frontend/repo
cb35d5d030446586a0d8e66105f91101e36ec4bf,1697636575,18,package.json,npm@9.1.0,package.json,[],projects/govuk-frontend/repo
287223d93bb0356d8f3e9679565fd80582662339,1697637218,18,package.json,npm@9.1.0,package.json,[],projects/govuk-frontend/repo
5d2e8104beb3ded7c5aecd2614db8324818b8196,1697637218,18,package.json,npm@9.1.0,package.json,[],projects/govuk-frontend/repo
54dafc9a9031a384befac0024a4d4017afe6a880,1697637543,18,package.json,npm@9.1.0,package.json,[],projects/govuk-frontend/repo
72c543a0447c15ea61040cf2fbf901005fe1a0c2,1697639770,18,package.json,npm@9.1.0,package.json,[],projects/govuk-frontend/repo
4f17a544e9fb95876272feb1f5a51b8a5e596451,1697640329,18,package.json,npm@9.1.0,package.json,[],projects/govuk-frontend/repo
61b64d49cd69fe4bf42ffd5083f6213ebde48d90,1697712297,18,package.json,npm@9.1.0,package.json,[],projects/govuk-frontend/repo
4b02efc4b34100300e505a61af119b5b1aaa1ac4,1697712895,18,package.json,npm@9.1.0,package.json,[],projects/govuk-frontend/repo
cf1440903f51210e57fca4b375693389ec03ee23,1697724347,18,package.json,npm@9.1.0,package.json,[],projects/govuk-frontend/repo
1b54dab50ac234b33f423d814013b046a133594c,1697725838,18,package.json,npm@9.1.0,package.json,[],projects/govuk-frontend/repo
3c975ad39b72980d9a7684e732f6d57ccf1d2db4,1697728125,18,package.json,npm@9.1.0,package.json,[],projects/govuk-frontend/repo
15bdaf75e8a825f40e99d6614dc41465aa8df35b,1697728126,18,package.json,npm@9.1.0,package.json,[],projects/govuk-frontend/repo
5d85080aa6a42343c60cf76b53c9fb34c6c3201e,1697728126,18,package.json,npm@9.1.0,package.json,[],projects/govuk-frontend/repo
11372ae662b02de21d8694f343d9c0e0076ed356,1697728126,18,package.json,npm@9.1.0,package.json,[],projects/govuk-frontend/repo
db8f8e807c62df7bf8487bdd3bd60bdbd8b4e95c,1697728849,18,package.json,npm@9.1.0,package.json,[],projects/govuk-frontend/repo
0f1a980a128ec925134495376106683cbb1b7f33,1697730158,18,package.json,npm@9.1.0,package.json,[],projects/govuk-frontend/repo
461f03c00fb69415736853f65bcd9c715a3c682a,1697730158,18,package.json,npm@9.1.0,package.json,[],projects/govuk-frontend/repo
fcd4fa054c4a475bea9ef8277940e51ce671de18,1697730158,18,package.json,npm@9.1.0,package.json,[],projects/govuk-frontend/repo
699dcccab5c3f2fb532201c6c5fff46b38553984,1697732505,18,package.json,npm@9.1.0,package.json,[],projects/govuk-frontend/repo
3c248aeebabe1694a71b13659f32b6d6a79ccebc,1697732535,18,package.json,npm@9.1.0,package.json,[],projects/govuk-frontend/repo
c7d8179f8721ac3bdd72e4411296deaa989c654d,1697800103,18,package.json,npm@9.1.0,package.json,[],projects/govuk-frontend/repo
0ea5792fba6ede30a7e94ac80fa2addbafb3fe13,1697804782,18,package.json,npm@9.1.0,package.json,[],projects/govuk-frontend/repo
30baef54cc23f45a03a0ece9e86c2b9f90c12478,1697804782,18,package.json,npm@9.1.0,package.json,[],projects/govuk-frontend/repo
4b37f71ba40981545cb13fdf5dd510c34e7934f7,1697807685,18,package.json,npm@9.1.0,package.json,[],projects/govuk-frontend/repo
4fdb8a6365dcda52eff01f23ab188d9844b42291,1697815660,18,package.json,npm@9.1.0,package.json,[],projects/govuk-frontend/repo
b877ab670310051a80e8f82d4ec03f6300f26edf,1697815660,18,package.json,npm@9.1.0,package.json,[],projects/govuk-frontend/repo
9800e189d1a094102c55bb237b2650e769eef344,1697815660,18,package.json,npm@9.1.0,package.json,[],projects/govuk-frontend/repo
8c8e8c32c848094b066b4e4a2460426dc859501f,1697816435,18,package.json,npm@9.1.0,package.json,[],projects/govuk-frontend/repo
090ae4e9f70a052421e5032045f84b5aaf462149,1697816684,18,package.json,npm@9.1.0,package.json,[],projects/govuk-frontend/repo
c1cde466abadf885f8543036c64248676ba8893d,1697816692,18,package.json,npm@9.1.0,package.json,[],projects/govuk-frontend/repo
2a29ce8c7a8e1d49af2c0411902e4fe3ab7bf90f,1697816692,18,package.json,npm@9.1.0,package.json,[],projects/govuk-frontend/repo
9f3ab07f48ff45425061c3397638c013659aba0f,1697816927,18,package.json,npm@9.1.0,package.json,[],projects/govuk-frontend/repo
891b112bd9e97e7444ef1e94197264bae7a5f8ad,1697818295,18,package.json,npm@9.1.0,package.json,[],projects/govuk-frontend/repo
7ec67b20e030bf2a47bc19ec6d913744a1446eba,1697818366,18,package.json,npm@9.1.0,package.json,[],projects/govuk-frontend/repo
5bacb0cc9c12275449be2ea13b41f9b18dd56525,1697818366,18,package.json,npm@9.1.0,package.json,[],projects/govuk-frontend/repo
b743d8e3ebba06a43f6bf5003b76d4bc47074285,1697818543,18,package.json,npm@9.1.0,package.json,[],projects/govuk-frontend/repo
ae204df676bff8890d2dfeefa3406bf0f927cdc8,1697818928,18,package.json,npm@9.1.0,package.json,[],projects/govuk-frontend/repo
3ef509297183a2e6ffef2b657e94759b899d73d0,1697818934,18,package.json,npm@9.1.0,package.json,[],projects/govuk-frontend/repo
9b811a5aefed4bd68dbd86f0d6775dd4f3e5dee5,1697818953,18,package.json,npm@9.1.0,package.json,[],projects/govuk-frontend/repo
976ae9507649594670d9b583431c0256ee1055c5,1698053323,18,package.json,npm@9.1.0,package.json,[],projects/govuk-frontend/repo
dac9a205675ba4890d94cbe40d031ca6f4114fa0,1698054253,18,package.json,npm@9.1.0,package.json,[],projects/govuk-frontend/repo
f0f1b4115a22a3c0a31e71c76ad26a5538982829,1698054874,18,package.json,npm@9.1.0,package.json,[],projects/govuk-frontend/repo
ceb7517a75021cbc2ea69c485276f4ebc936ebc4,1698054950,18,package.json,npm@9.1.0,package.json,[],projects/govuk-frontend/repo
c632049ccc2b558d4841e7fff835dcd19a2b514c,1698056061,18,package.json,npm@9.1.0,package.json,[],projects/govuk-frontend/repo
4714006e893fb7c6ba6692bb42fd75c0af56bec1,1698058406,18,package.json,npm@9.1.0,package.json,[],projects/govuk-frontend/repo
392843372a045567b7dbdde225f93b2a9f6aec0b,1698082610,18,package.json,npm@9.1.0,package.json,[],projects/govuk-frontend/repo
ae5d9cea0b646e0745c311552d68ec70e8e9ffd6,1698083366,18,package.json,npm@9.1.0,package.json,[],projects/govuk-frontend/repo
60fb740bae9b52b44f0e5db874599a4a5c38625e,1698083419,18,package.json,npm@9.1.0,package.json,[],projects/govuk-frontend/repo
7ff8b28d7979c006830491625984d5c8e112f2e1,1698083657,18,package.json,npm@9.1.0,package.json,[],projects/govuk-frontend/repo
5356e727d589bcfe10ee25ed0a580680bcf65879,1698083714,18,package.json,npm@9.1.0,package.json,[],projects/govuk-frontend/repo
351b076031471515c16a74f64478192bc84aa27b,1698084366,18,package.json,npm@9.1.0,package.json,[],projects/govuk-frontend/repo
a0e9b0404f9833f5f8030650b093f1a59f5cce33,1698085915,18,package.json,npm@9.1.0,package.json,[],projects/govuk-frontend/repo
0803878eb38ca16fe20e63353bd99224623dd27d,1698085979,18,package.json,npm@9.1.0,package.json,[],projects/govuk-frontend/repo
0ac73aced5f7e8220056caed0bf90f392e11c6af,1698086146,18,package.json,npm@9.1.0,package.json,[],projects/govuk-frontend/repo
d7608b240938b2be47e09d540e10fb0322415847,1698086318,18,package.json,npm@9.1.0,package.json,[],projects/govuk-frontend/repo
3cc73fbf00792aac7f78707b88e9736a8f8ab268,1698086524,18,package.json,npm@9.1.0,package.json,[],projects/govuk-frontend/repo
61a30ccc7ad9b89c75533d137db8067d6f94c590,1698086831,18,package.json,npm@9.1.0,package.json,[],projects/govuk-frontend/repo
22673ef96c5bc1613029277ccbff462ee076263f,1698087617,18,package.json,npm@9.1.0,package.json,[],projects/govuk-frontend/repo
2ae564383fa3bb8da76e49e0655c1265465ad717,1698089102,18,package.json,npm@9.1.0,package.json,[],projects/govuk-frontend/repo
625f2c1bc72fe408a8f0bd59bee89396b756c4d0,1698132540,18,package.json,npm@9.1.0,package.json,[],projects/govuk-frontend/repo
4bb7276a05698a3b40e92c2c7f7b03445e959cbf,1698132540,18,package.json,npm@9.1.0,package.json,[],projects/govuk-frontend/repo
87cc88becbe5fe24f26290218a93f9a9b3f54bd9,1698132687,18,package.json,npm@9.1.0,package.json,[],projects/govuk-frontend/repo
5a831bcd46bc95fc4d0e65a67aab75e6f8c55529,1698132732,18,package.json,npm@9.1.0,package.json,[],projects/govuk-frontend/repo
6b3e6eae4deb688e79615ce2492d0c3f40965b7f,1698132767,18,package.json,npm@9.1.0,package.json,[],projects/govuk-frontend/repo
50eb86e578c47e749db16e6a5f451d9b6a94ccbc,1698132767,18,package.json,npm@9.1.0,package.json,[],projects/govuk-frontend/repo
ffe159528d89c2f0544bd00d2621177465224efd,1698137927,18,package.json,npm@9.1.0,package.json,[],projects/govuk-frontend/repo
39ff9de0bf3185266e1e6c30ca3281592e15f2b3,1698142107,18,package.json,npm@9.1.0,package.json,[],projects/govuk-frontend/repo
4f04fcc3685cb9d27107ff0c4bdcc8836a75b0fa,1698142493,18,package.json,npm@9.1.0,package.json,[],projects/govuk-frontend/repo
1bae366cd18518b31d47fe3cfa3ce38a0574d0cd,1698142905,18,package.json,npm@9.1.0,package.json,[],projects/govuk-frontend/repo
4256c2b4257885489046fc0148e54ec6c463c049,1698142909,18,package.json,npm@9.1.0,package.json,[],projects/govuk-frontend/repo
9e9dd47facfc125fc5d84df127daabd35602813c,1698144504,18,package.json,npm@9.1.0,package.json,[],projects/govuk-frontend/repo
d65549dcec89b9d7c33edb37364684c5a0b70dd0,1698145185,18,package.json,npm@9.1.0,package.json,[],projects/govuk-frontend/repo
a170c2e4417fcdf4647fa41e18e4c74dedc11cf4,1698153490,18,package.json,npm@9.1.0,package.json,[],projects/govuk-frontend/repo
cced174681efbb6d6a316722a01857eb103395aa,1698158416,18,package.json,npm@9.1.0,package.json,[],projects/govuk-frontend/repo
c2baf042f82e280751087ed0cd708476081eb215,1698158486,18,package.json,npm@9.1.0,package.json,[],projects/govuk-frontend/repo
924b33123116c884e3f86c3595eb1ae5f30f85a7,1698227548,18,package.json,npm@9.1.0,package.json,[],projects/govuk-frontend/repo
c5e45d7405bcd98ed08cecef9006b5221189f0b4,1698252500,18,package.json,npm@9.1.0,package.json,[],projects/govuk-frontend/repo
e9fe5dbfc6ad85c11aeb682fd4357e72ef868b47,1698252533,18,package.json,npm@9.1.0,package.json,[],projects/govuk-frontend/repo
b1880608d51d8a73510d41ac996d4993849e303c,1698252795,18,package.json,npm@9.1.0,package.json,[],projects/govuk-frontend/repo
dc44b84cb3ae6f747bee9f32dbb543de45ece3df,1698269441,18,package.json,npm@9.1.0,package.json,[],projects/govuk-frontend/repo
69f287155301288dceec90136ac711760bb9f473,1698270334,18,package.json,npm@9.1.0,package.json,[],projects/govuk-frontend/repo
7c204fabd77ea61c084c26a615d9020603c5c262,1698270354,18,package.json,npm@9.1.0,package.json,[],projects/govuk-frontend/repo
9c5fa1fdb08583fa7c36a0886fbeec292dee0a30,1698270445,18,package.json,npm@9.1.0,package.json,[],projects/govuk-frontend/repo
22f59b884ed131e737ea5a21da320fa68c48eea1,1698271151,18,package.json,npm@9.1.0,package.json,[],projects/govuk-frontend/repo
058082040b3add6381336699a37e4318661fa35c,1698271612,18,package.json,npm@9.1.0,package.json,[],projects/govuk-frontend/repo
aeb8de972c7e40df9bee7f997677ae831e9b5408,1698272298,18,package.json,npm@9.1.0,package.json,[],projects/govuk-frontend/repo
1f8047a1516b82c09ebb1d7c4f75bb0a72eaf40b,1698329834,18,package.json,npm@9.1.0,package.json,[],projects/govuk-frontend/repo
5dfacf084d6290bbbecbf88fe1ec2322d81253b1,1698329834,18,package.json,npm@9.1.0,package.json,[],projects/govuk-frontend/repo
9844c42067e7235f18488eecb57218afbdd7bed2,1698330634,18,package.json,npm@9.1.0,package.json,[],projects/govuk-frontend/repo
4511ddecad7d508f9d05cc125ff4496fe8555e57,1698330660,18,package.json,npm@9.1.0,package.json,[],projects/govuk-frontend/repo
a3392de36c86685b5c5e4803616da367fba25243,1698331901,18,package.json,npm@9.1.0,package.json,[],projects/govuk-frontend/repo
283527d818a0faa0a3d1b64418afb8c054ab415c,1698332066,18,package.json,npm@9.1.0,package.json,[],projects/govuk-frontend/repo
64487c4fbc778e309ecc9d80199b7b2f6bfc79eb,1698336646,18,package.json,npm@9.1.0,package.json,[],projects/govuk-frontend/repo
68e91a4f091c4d646a9d603aab8c3203f7dcd58c,1698336736,18,package.json,npm@9.1.0,package.json,[],projects/govuk-frontend/repo
940e0297cc8379d68c221f736edf2bcc67c9484a,1698337471,18,package.json,npm@9.1.0,package.json,[],projects/govuk-frontend/repo
92358f94c01bcd84f7d3f4ce01936e05a77d9916,1698398831,18,package.json,npm@9.1.0,package.json,[],projects/govuk-frontend/repo
ecf402f9f50f07d60e7f1445a444e19a33ebcfcb,1698402198,18,package.json,npm@9.1.0,package.json,[],projects/govuk-frontend/repo
8979b41b88a13cd8c7529b96b6dd25f27d68f6f9,1698413684,18,package.json,npm@9.1.0,package.json,[],projects/govuk-frontend/repo
acccc759b9532e95788a3efe799a739e5241314a,1698414284,18,package.json,npm@9.1.0,package.json,[],projects/govuk-frontend/repo
aeff8c5c58ce0e0d08f3839d43a4f509e3938115,1698421405,18,package.json,npm@9.1.0,package.json,[],projects/govuk-frontend/repo
b90b303cd181ba9887841b7684a01ddc777fcd64,1698422521,18,package.json,npm@9.1.0,package.json,[],projects/govuk-frontend/repo
b4daaabb7eac009669f16a857fe7b4c299c13c68,1698423192,18,package.json,npm@9.1.0,package.json,[],projects/govuk-frontend/repo
e6a1ed6b4b4f02dff80720c637e4eeef6528850b,1698423472,18,package.json,npm@9.1.0,package.json,[],projects/govuk-frontend/repo
6ef1d9489d822ac8b081bab4ab5d8cd4308be513,1698423545,18,package.json,npm@9.1.0,package.json,[],projects/govuk-frontend/repo
668ab173beee4032e051c7669b1d62fe3bfc04db,1698423655,18,package.json,npm@9.1.0,package.json,[],projects/govuk-frontend/repo
6ecd78d6143daca9d8da7a05eab834e009b13d14,1698423658,18,package.json,npm@9.1.0,package.json,[],projects/govuk-frontend/repo
45c5f280ab8529f7b22b243a4deb71c7bc1061ae,1698423658,18,package.json,npm@9.1.0,package.json,[],projects/govuk-frontend/repo
7d5cb0aea548b1a98de6c65c8afb6a4bd480a974,1698423721,18,package.json,npm@9.1.0,package.json,[],projects/govuk-frontend/repo
c6eb66fc9beb5feed49c6449d1e2d95db7576be7,1698425044,18,package.json,npm@9.1.0,package.json,[],projects/govuk-frontend/repo
37d904049bb0cb59cb575f6c9c9404a3ada0e0a0,1698425401,20,package.json,npm@10.1.0,package.json,[],projects/govuk-frontend/repo
19173ea6cd789c49891755185cfaf7311ba643ee,1698425402,20,package.json,npm@10.1.0,package.json,[],projects/govuk-frontend/repo
3b91c99bad20769746cf41863f8a3f66b19e5393,1698425924,18,package.json,npm@9.1.0,package.json,[],projects/govuk-frontend/repo
2d6dfe29466179d6654c81b292da1958d3035ae2,1698426605,18,package.json,npm@9.1.0,package.json,[],projects/govuk-frontend/repo
f3f7e6d16931f26ef91eed8403dce22d9f91d137,1698426754,18,package.json,npm@9.1.0,package.json,[],projects/govuk-frontend/repo
c2438bf25c0e9405b37cad35fbf9e40276d08b56,1698427063,18,package.json,npm@9.1.0,package.json,[],projects/govuk-frontend/repo
d1f8c33a9a907393b02afcb583a014384ccca078,1698656782,18,package.json,npm@9.1.0,package.json,[],projects/govuk-frontend/repo
29e4f587ff277f4aa4e13cca74561704f4f49c14,1698657474,18,package.json,npm@9.1.0,package.json,[],projects/govuk-frontend/repo
23c792fcb7a235bc3a3da1bcb198f9a77b91366e,1698661334,18,package.json,npm@9.1.0,package.json,[],projects/govuk-frontend/repo
f830cc0345539a6d7b9d1a88e5754f9509ab8bf4,1698661365,18,package.json,npm@9.1.0,package.json,[],projects/govuk-frontend/repo
635c2826887c49a9e7709a1adc8674b595fd5bb4,1698661427,18,package.json,npm@9.1.0,package.json,[],projects/govuk-frontend/repo
5f945fae3e56fe8d5e5821c799e6b1f7ac61d0a0,1698661454,18,package.json,npm@9.1.0,package.json,[],projects/govuk-frontend/repo
8c1f76fc7b6f828435e7a2a3546e16aea388c05c,1698661483,18,package.json,npm@9.1.0,package.json,[],projects/govuk-frontend/repo
e3986868f499cc2f7b2034ba9c58ffa323b96aff,1698663315,20,package.json,npm@10.1.0,package.json,[],projects/govuk-frontend/repo
3ac23c7b7a9764e98391a385f981a8fb79fe5056,1698676934,18,package.json,npm@9.1.0,package.json,[],projects/govuk-frontend/repo
55c8e9f427abac662d8143a1e5d4ce90c5731f3b,1698677434,20,package.json,npm@10.1.0,package.json,[],projects/govuk-frontend/repo
a3ce037b9d456e4fb2780f6a6cc3812278573247,1698677904,20,package.json,npm@10.1.0,package.json,[],projects/govuk-frontend/repo
a64088500f83a703f0c2b1c5aba684e6497af4a7,1698677982,20,package.json,npm@10.1.0,package.json,[],projects/govuk-frontend/repo
88be68774d8c95813fa3622f3c54d305484464c8,1698679227,20,package.json,npm@10.1.0,package.json,[],projects/govuk-frontend/repo
ba4208651a0e99a89bf458fcc913267337dbc1dd,1698679961,20,package.json,npm@10.1.0,package.json,[],projects/govuk-frontend/repo
f485c8e702de45d3aacc074470bf5e4f2b4c82d4,1698693666,20,package.json,npm@10.1.0,package.json,[],projects/govuk-frontend/repo
34898e05bb75748da0f201e6fa8c9c1c145a6ba1,1698693803,20,package.json,npm@10.1.0,package.json,[],projects/govuk-frontend/repo
33027ebf89a5168c6d9312e3b6df3f49ba1773f4,1698739980,20,package.json,npm@10.1.0,package.json,[],projects/govuk-frontend/repo
a84bb4d8642133f88e4dbb01243e0f884e2c806d,1698740401,20,package.json,npm@10.1.0,package.json,[],projects/govuk-frontend/repo
cdc28ffa32eec44af81fcdcb5eb2acb653966d01,1698741136,20,package.json,npm@10.1.0,package.json,[],projects/govuk-frontend/repo
16d38fde1c99ecaf5195e08e012cc5c8461e36df,1698741237,20,package.json,npm@10.1.0,package.json,[],projects/govuk-frontend/repo
b25dfb3c862b32f241ec6874af1cfa0bdfaffcc2,1698751947,20,package.json,npm@10.1.0,package.json,[],projects/govuk-frontend/repo
775f254d0ccc85e69412795874c0b1533d732c9a,1698752805,20,package.json,npm@10.1.0,package.json,[],projects/govuk-frontend/repo
2578a6ffebbe1400ddf1dc92459ef19e9a7c1281,1698752986,20,package.json,npm@10.1.0,package.json,[],projects/govuk-frontend/repo
63a161092ba9bc3a822644fe42402307899dda02,1698753018,20,package.json,npm@10.1.0,package.json,[],projects/govuk-frontend/repo
dcdf7bd663be6078acf75d45a96e626fcb7d7b34,1698753045,20,package.json,npm@10.1.0,package.json,[],projects/govuk-frontend/repo
6c63ec31e79bedaf7fede1f2aa999c1f714a8243,1698753091,20,package.json,npm@10.1.0,package.json,[],projects/govuk-frontend/repo
36eb5dc4d45c28652db5e06f277ee14d04a5c512,1698753192,20,package.json,npm@10.1.0,package.json,[],projects/govuk-frontend/repo
ace21517e4678e8b53c4db58a0483a1e33845272,1698754632,20,package.json,npm@10.1.0,package.json,[],projects/govuk-frontend/repo
360e1f8528194637a9c4580f818aa546c2805418,1698863897,20,package.json,npm@10.1.0,package.json,[],projects/govuk-frontend/repo
ce5a18f138e34593f9061d29d58005fd89e9e2af,1698863897,20,package.json,npm@10.1.0,package.json,[],projects/govuk-frontend/repo
ac3436e792d65479d78c9296c723dff807bf47df,1698863897,20,package.json,npm@10.1.0,package.json,[],projects/govuk-frontend/repo
345abcd4c3ca1559c8cb0155ce5d0c0aafdd1d4c,1698869877,20,package.json,npm@10.1.0,package.json,[],projects/govuk-frontend/repo
3ed9d1f418ded73ae4e76cc88835b5f1f258db72,1698869883,20,package.json,npm@10.1.0,package.json,[],projects/govuk-frontend/repo
be21c5cc71268caa655658de57771005c4d70778,1698869883,20,package.json,npm@10.1.0,package.json,[],projects/govuk-frontend/repo
8a606fd59c5300d03014b7a2bd4a18e743dc3547,1698869883,20,package.json,npm@10.1.0,package.json,[],projects/govuk-frontend/repo
fca508c3f5e678c76b320e281caa86985a5bd5c4,1698869884,20,package.json,npm@10.1.0,package.json,[],projects/govuk-frontend/repo
299b5d91b6d3dbbf3a3f6360ad1489fffcc79150,1698920041,20,package.json,npm@10.1.0,package.json,[],projects/govuk-frontend/repo
2017f35db2007a3e5a46956b138f9eaf2a334924,1698921091,20,package.json,npm@10.1.0,package.json,[],projects/govuk-frontend/repo
38d35c69057143efd74849e832bf236bfd0a346e,1698921447,20,package.json,npm@10.1.0,package.json,[],projects/govuk-frontend/repo
cbc6fcd35cc4494c10592cf228a0b8e108cb8868,1698927815,20,package.json,npm@10.1.0,package.json,[],projects/govuk-frontend/repo
150c55b5475d87840e7323f6f790cca9cffbd527,1698929945,20,package.json,npm@10.1.0,package.json,[],projects/govuk-frontend/repo
ce2c6da47446ee647f0c28b315d7ebd72e49b7fd,1698929971,20,package.json,npm@10.1.0,package.json,[],projects/govuk-frontend/repo
d7ee5b8b1d5257c115d86d8f2d196e88f3cc1829,1698929972,20,package.json,npm@10.1.0,package.json,[],projects/govuk-frontend/repo
edfa118ad27d30ef0b07a9be714b61ff138b2eea,1698929972,20,package.json,npm@10.1.0,package.json,[],projects/govuk-frontend/repo
b76c9c4e042756212aac3ecda7ae2dd911a7ca0f,1698929972,20,package.json,npm@10.1.0,package.json,[],projects/govuk-frontend/repo
51cd1fdcf33718fb249294789c717d8473b09195,1698929972,20,package.json,npm@10.1.0,package.json,[],projects/govuk-frontend/repo
4582b609d137abaeaab5bb3b87ca50cd6f8c3800,1698929972,20,package.json,npm@10.1.0,package.json,[],projects/govuk-frontend/repo
1d53df39bc0f830f967dbd410e7b138be720b2e7,1698945313,20,package.json,npm@10.1.0,package.json,[],projects/govuk-frontend/repo
b2c68f7459003091c8a3814d9f63d22eb023b354,1698945313,20,package.json,npm@10.1.0,package.json,[],projects/govuk-frontend/repo
c8a10cd03669ca85db4cb928dd35c2f819fb760e,1698945313,20,package.json,npm@10.1.0,package.json,[],projects/govuk-frontend/repo
9164d535f0ee8d2ab0b77583a15b0943e12f1a09,1698949153,20,package.json,npm@10.1.0,package.json,[],projects/govuk-frontend/repo
0c26db4f065bab28b7e366846766e4c6055cda35,1699003895,20,package.json,npm@10.1.0,package.json,[],projects/govuk-frontend/repo
1184c151392763fafd3795b288ef76e703ad8027,1699003975,20,package.json,npm@10.1.0,package.json,[],projects/govuk-frontend/repo
3d77cff2927697574dcdecd840ece943f4a363da,1699004951,20,package.json,npm@10.1.0,package.json,[],projects/govuk-frontend/repo
b0938bfcde23e007f5713f5cc0ea27ed186ca971,1699006019,20,package.json,npm@10.1.0,package.json,[],projects/govuk-frontend/repo
aac34cfab471d4ac49f1792680569044bd951fc9,1699008054,20,package.json,npm@10.1.0,package.json,[],projects/govuk-frontend/repo
a1e151d8d1338f9a1c01f37cebe29c011ddd1e0b,1699011278,20,package.json,npm@10.1.0,package.json,[],projects/govuk-frontend/repo
ccd0ccaecd5e8c56a138bf68422193d9cba96e7d,1699031785,18,package.json,npm@9.1.0,package.json,[],projects/govuk-frontend/repo
25f4379d4c7a2ee36fcd7f87b85d2a68791319ab,1699263539,20,package.json,npm@10.1.0,package.json,[],projects/govuk-frontend/repo
55dfa6a52f3c0b816b4e1695233a6ecd1bc0634d,1699264957,20,package.json,npm@10.1.0,package.json,[],projects/govuk-frontend/repo
22af3f9fd684c9d39fc08dbbf9df54297c17d274,1699268451,20,package.json,npm@10.1.0,package.json,[],projects/govuk-frontend/repo
122c60c926da467f252dd18a19148eb82a6915ff,1699268487,20,package.json,npm@10.1.0,package.json,[],projects/govuk-frontend/repo
d8828581bde521d3516734c644815be976085955,1699268565,20,package.json,npm@10.1.0,package.json,[],projects/govuk-frontend/repo
b82708198397216fc2e869f4d252468ffcdb5bbf,1699268744,20,package.json,npm@10.1.0,package.json,[],projects/govuk-frontend/repo
0b19640d496b21360e40268672263153f187ebf2,1699268770,20,package.json,npm@10.1.0,package.json,[],projects/govuk-frontend/repo
bde49138f92a359e72eeeb0df6c2b0947f245b4b,1699268804,20,package.json,npm@10.1.0,package.json,[],projects/govuk-frontend/repo
0503fc17143876246ff0132d9ed3087b23561674,1699269258,20,package.json,npm@10.1.0,package.json,[],projects/govuk-frontend/repo
b54b415f2472032267f62a4382f122b5db04d414,1699269414,20,package.json,npm@10.1.0,package.json,[],projects/govuk-frontend/repo
f815ac11fd183967f335cce31db132079a2130dd,1699269888,20,package.json,npm@10.1.0,package.json,[],projects/govuk-frontend/repo
dc4d4205ad68f14fe8c4a909fcd3e20f84056244,1699270734,20,package.json,npm@10.1.0,package.json,[],projects/govuk-frontend/repo
3bdfbe2d47dd43b1db83c49674291b19fb03a2f8,1699271686,20,package.json,npm@10.1.0,package.json,[],projects/govuk-frontend/repo
7d7503d6fd71a4a9b1129edda2af4dc189c2e4b1,1699271781,20,package.json,npm@10.1.0,package.json,[],projects/govuk-frontend/repo
95c4089129a0dd4a1c790ad06f8f0cc67cc2726a,1699273935,20,package.json,npm@10.1.0,package.json,[],projects/govuk-frontend/repo
13b10e6bec711f933ca656f723ba88727fd2c841,1699274553,20,package.json,npm@10.1.0,package.json,[],projects/govuk-frontend/repo
a1b6fff320a7e43dc645de17ba0f2f2a162b96c6,1699274767,20,package.json,npm@10.1.0,package.json,[],projects/govuk-frontend/repo
880fd4f9bc83306f0b560d122a4b4e6c8c5366a3,1699277548,20,package.json,npm@10.1.0,package.json,[],projects/govuk-frontend/repo
fbe4fabea3751d4d210baa856da0254ff207dfaf,1699282578,20,package.json,npm@10.1.0,package.json,[],projects/govuk-frontend/repo
f99138b5ac2b7a60d00287d144e7fc10f0ab3640,1699283150,20,package.json,npm@10.1.0,package.json,[],projects/govuk-frontend/repo
8c1a8b6f4a2638b84ec9458924933f7e7d842bb2,1699289149,20,package.json,npm@10.1.0,package.json,[],projects/govuk-frontend/repo
5436fee908ed254929722b82dccac49b98345755,1699290652,20,package.json,npm@10.1.0,package.json,[],projects/govuk-frontend/repo
a3fe935631126779878f6064290bd675104c64d1,1699291182,20,package.json,npm@10.1.0,package.json,[],projects/govuk-frontend/repo
daafa4b1b64790811e407c86fd18f87b8fde8bbf,1699293152,20,package.json,npm@10.1.0,package.json,[],projects/govuk-frontend/repo
f1bcccb5e73dc50a516fc44f6f1cb810bc0475e0,1699348445,20,package.json,npm@10.1.0,package.json,[],projects/govuk-frontend/repo
4d13a759e4ffdea97309fde322eeb82087ac6e23,1699349654,20,package.json,npm@10.1.0,package.json,[],projects/govuk-frontend/repo
2d033f2171647499b072c00188bdb39fecdd7a47,1699438720,20,package.json,npm@10.1.0,package.json,[],projects/govuk-frontend/repo
e6ed1076513011c046edb4c31b97b4fe1edc8808,1699444487,20,package.json,npm@10.1.0,package.json,[],projects/govuk-frontend/repo
2e4f17665f410bc84e8b712243c137cc94a36b46,1699445538,20,package.json,npm@10.1.0,package.json,[],projects/govuk-frontend/repo
b29fc04b6e228b0296bbd9021f2849a3b77f143a,1699445538,20,package.json,npm@10.1.0,package.json,[],projects/govuk-frontend/repo
ddce01754e1c0a0e33d9e387f0752393eae93fd1,1699445538,20,package.json,npm@10.1.0,package.json,[],projects/govuk-frontend/repo
331d7f0bd1718303d43a8823bbec54a4eff2ac9d,1699445539,20,package.json,npm@10.1.0,package.json,[],projects/govuk-frontend/repo
136b81b595c64eac6c7ed201ff2b3d02b98d060c,1699451045,20,package.json,npm@10.1.0,package.json,[],projects/govuk-frontend/repo
50e6bd4168019a79dcaf4add3f10a57c4c97156d,1699451928,20,package.json,npm@10.1.0,package.json,[],projects/govuk-frontend/repo
9ae5fe116078ebd7becb342c6bbcc71387d6bc94,1699530128,20,package.json,npm@10.1.0,package.json,[],projects/govuk-frontend/repo
545fde1dda58d2b502d3a67618ebd0dc9567ee51,1699535446,20,package.json,npm@10.1.0,package.json,[],projects/govuk-frontend/repo
240fbe9a78aee0a49dec456dc0086cd567c8efbd,1699604078,20,package.json,npm@10.1.0,package.json,[],projects/govuk-frontend/repo
9a9929da10250064889d18f87784489635f127f6,1699604121,20,package.json,npm@10.1.0,package.json,[],projects/govuk-frontend/repo
6e03bf1e39cb97d25299f267bd78424a35339f27,1699604121,20,package.json,npm@10.1.0,package.json,[],projects/govuk-frontend/repo
32869396c7153183b036aedf48bb47d4bd2e7028,1699604139,20,package.json,npm@10.1.0,package.json,[],projects/govuk-frontend/repo
f4f16a0dd2cbca78437d0802b74334e074f32e3c,1699604169,20,package.json,npm@10.1.0,package.json,[],projects/govuk-frontend/repo
22c053acad765369b77b01c52da664f8d72d33b0,1699872987,20,package.json,npm@10.1.0,package.json,[],projects/govuk-frontend/repo
6ce79cbeabf726a71c29b2cc93510f11f4973276,1699873485,20,package.json,npm@10.1.0,package.json,[],projects/govuk-frontend/repo
5975fb5091d1f0c87233e896dfde35816188061d,1699873515,20,package.json,npm@10.1.0,package.json,[],projects/govuk-frontend/repo
726fb601e787d4e67f8ba92bf53d02a096b065e7,1699891686,20,package.json,npm@10.1.0,package.json,[],projects/govuk-frontend/repo
029780c0aa24a25c83b4a3c39077f2dfc98573d7,1699891686,20,package.json,npm@10.1.0,package.json,[],projects/govuk-frontend/repo
d7c880db4f6962a0928f04c0c96ed9e471734999,1699892245,20,package.json,npm@10.1.0,package.json,[],projects/govuk-frontend/repo
ec3106e3795bd6b5ea187f1d68f575590fc75a45,1699968621,20,package.json,npm@10.1.0,package.json,[],projects/govuk-frontend/repo
7fc964db0b1c090968baf39498a08c4847c6f28f,1699968757,20,package.json,npm@10.1.0,package.json,[],projects/govuk-frontend/repo
45d340469e1bb29dde63f9d124470974eea0141e,1699970234,20,package.json,npm@10.1.0,package.json,[],projects/govuk-frontend/repo
b96e4b66a7ec44e05160e700e3027c4f91435fde,1699976028,20,package.json,npm@10.1.0,package.json,[],projects/govuk-frontend/repo
02703259ea53ce9480ab9161d35b406bf7ee8dac,1699976028,20,package.json,npm@10.1.0,package.json,[],projects/govuk-frontend/repo
5801b2f6e7111ae938f4c16dc3f7b35829377e39,1699976029,20,package.json,npm@10.1.0,package.json,[],projects/govuk-frontend/repo
007c2fdb7bef28d13efebcdaab23ad9c3cf83b53,1699976029,20,package.json,npm@10.1.0,package.json,[],projects/govuk-frontend/repo
e80a6b969bbdc0460595041f9fe0fb890cb8e7f0,1699976029,20,package.json,npm@10.1.0,package.json,[],projects/govuk-frontend/repo
d7b2c23237d7583c59bc45b784d281242030fb66,1699976029,20,package.json,npm@10.1.0,package.json,[],projects/govuk-frontend/repo
2365b0b8bc7d3f44de898fa4d986af618cff238e,1699976030,20,package.json,npm@10.1.0,package.json,[],projects/govuk-frontend/repo
fc3f795009df8605f3c2e15f1e6f9a0bd4d4d0b2,1699976030,20,package.json,npm@10.1.0,package.json,[],projects/govuk-frontend/repo
d9462cf52d1b343c9ed2efb09793f03da8eee8a7,1699976834,20,package.json,npm@10.1.0,package.json,[],projects/govuk-frontend/repo
71058a5315ddcfa0b65f8ab87b6881b7a09f73ed,1699976904,20,package.json,npm@10.1.0,package.json,[],projects/govuk-frontend/repo
cfc4b204d0d284226b48ab4460669c2dd8fc8b59,1699978443,20,package.json,npm@10.1.0,package.json,[],projects/govuk-frontend/repo
c8db0a0ae5322c7f5380b84277a5e8adbcaa07ef,1699980653,20,package.json,npm@10.1.0,package.json,[],projects/govuk-frontend/repo
88c45d8e7794a6e4344b19685d263adcfbe5145c,1699981642,20,package.json,npm@10.1.0,package.json,[],projects/govuk-frontend/repo
5380bb8a1cee6551f69c2ea0a273614bd3bd3a3c,1699981709,20,package.json,npm@10.1.0,package.json,[],projects/govuk-frontend/repo
4a2e3c810713b0d6d119e9f9f02570df3fac5cd8,1700040379,20,package.json,npm@10.1.0,package.json,[],projects/govuk-frontend/repo
931c42180b8b370e682465a3d1c187cb8cd73af9,1700067907,20,package.json,npm@10.1.0,package.json,[],projects/govuk-frontend/repo
51522eaa545eef0ec19d1855f7cac323fa710907,1700069688,20,package.json,npm@10.1.0,package.json,[],projects/govuk-frontend/repo
28b54f0dc5cd8daef2357ab04f3f354caf79d8a8,1700069934,20,package.json,npm@10.1.0,package.json,[],projects/govuk-frontend/repo
fb5ab5fda9da1eafe7461d011a21bcce03084657,1700072584,20,package.json,npm@10.1.0,package.json,[],projects/govuk-frontend/repo
25a7e96cf45b51e53e055771b2c8134a219395e7,1700076263,20,package.json,npm@10.1.0,package.json,[],projects/govuk-frontend/repo
3573df6ac7c5292e1918a3bdf2bdfe50bf001e54,1700147858,20,package.json,npm@10.1.0,package.json,[],projects/govuk-frontend/repo
6cb5e26ab713cb85455bcb7b50301affd1f6cc7f,1700147940,20,package.json,npm@10.1.0,package.json,[],projects/govuk-frontend/repo
1951d8d687eae2c0d3ba1d29c27737166e44cb20,1700148593,20,package.json,npm@10.1.0,package.json,[],projects/govuk-frontend/repo
3cd8054a7ca9abadedae6283a4da0d0b0c73b792,1700152846,20,package.json,npm@10.1.0,package.json,[],projects/govuk-frontend/repo
0a7b3d320a937108a07fbc2a95b4ae9ccb4a234a,1700475431,20,package.json,npm@10.1.0,package.json,[],projects/govuk-frontend/repo
8907f0493fafed332969eba25f51e30d3d1e4d76,1700475499,20,package.json,npm@10.1.0,package.json,[],projects/govuk-frontend/repo
2d98dd8c28f839f921b6baaef79241ca8c93549f,1700475572,20,package.json,npm@10.1.0,package.json,[],projects/govuk-frontend/repo
b623c83536a6e0abb1923d0793629087e682bfd3,1700475713,20,package.json,npm@10.1.0,package.json,[],projects/govuk-frontend/repo
ab2a975cbb2f12bab6aa17d46bfdbb7db0936483,1700475748,20,package.json,npm@10.1.0,package.json,[],projects/govuk-frontend/repo
6acb0e859e08f5adcd2507b91c4bc4159550869c,1700475853,20,package.json,npm@10.1.0,package.json,[],projects/govuk-frontend/repo
6b44f6d918f38b0732193a671406ae6d240b162e,1700475879,20,package.json,npm@10.1.0,package.json,[],projects/govuk-frontend/repo
8f13ce7077e00b896bf56aadc4521530c93a066c,1700475880,20,package.json,npm@10.1.0,package.json,[],projects/govuk-frontend/repo
a5fb4b9731396e3bb1b389b1ba0c3954ff7f7d40,1700475880,20,package.json,npm@10.1.0,package.json,[],projects/govuk-frontend/repo
19cd64f296a5e491599deba548e2376748d6f0dd,1700475880,20,package.json,npm@10.1.0,package.json,[],projects/govuk-frontend/repo
47f697d094a3870207d58903c76717b104b5b5ce,1700475880,20,package.json,npm@10.1.0,package.json,[],projects/govuk-frontend/repo
85a06acb1b9151d28b7ad26653eb92a9332eb917,1700475880,20,package.json,npm@10.1.0,package.json,[],projects/govuk-frontend/repo
cc3248774f2679b5a90f46bd659979c1d07829c9,1700475880,20,package.json,npm@10.1.0,package.json,[],projects/govuk-frontend/repo
74dfa59bf1a2249a39dc155156a61126b794cd4a,1700477017,20,package.json,npm@10.1.0,package.json,[],projects/govuk-frontend/repo
c084f1534da68f32377e588929eb140bbe530a1c,1700477108,20,package.json,npm@10.1.0,package.json,[],projects/govuk-frontend/repo
e222207b44db76975609bb530444fd66f74bc3a7,1700477195,20,package.json,npm@10.1.0,package.json,[],projects/govuk-frontend/repo
7704dd9ef93c4f5f5d871a2bcb2690789980842e,1700477956,20,package.json,npm@10.1.0,package.json,[],projects/govuk-frontend/repo
b8a41094d9be6a4d3e63fce7ab6bb33b6549a017,1700477978,20,package.json,npm@10.1.0,package.json,[],projects/govuk-frontend/repo
12ce02a777649aa2d8cbfd79705e74eba611b4b2,1700481146,20,package.json,npm@10.1.0,package.json,[],projects/govuk-frontend/repo
d5eac385c957acc361f338ab53fb63ab837cd802,1700481147,20,package.json,npm@10.1.0,package.json,[],projects/govuk-frontend/repo
9ab2a333d867dd5e2c70ddab952235b820b59797,1700481147,20,package.json,npm@10.1.0,package.json,[],projects/govuk-frontend/repo
9cedad115c8e9e5ebd3b5004460e3fa18c80de7b,1700482376,20,package.json,npm@10.1.0,package.json,[],projects/govuk-frontend/repo
42100cb0c432058537318a47fcf222dae8221126,1700482851,20,package.json,npm@10.1.0,package.json,[],projects/govuk-frontend/repo
081907fd924b5a0015385f0334b5c9292d5461b6,1700482893,20,package.json,npm@10.1.0,package.json,[],projects/govuk-frontend/repo
bcd5bb08ac1b8e4ad1960e1f8c72bdb4574213c7,1700482975,20,package.json,npm@10.1.0,package.json,[],projects/govuk-frontend/repo
c9d6d99e7537c4746da0cb23e5d333b116fd5ba8,1700484271,20,package.json,npm@10.1.0,package.json,[],projects/govuk-frontend/repo
3344d5477a1906fd87e46e8d063cf588040c25e1,1700484449,20,package.json,npm@10.1.0,package.json,[],projects/govuk-frontend/repo
c13524a43de47c8da924dbd7593d0b5d1ca0aac0,1700484536,20,package.json,npm@10.1.0,package.json,[],projects/govuk-frontend/repo
2bcdda5e367c216ff3ea3159ed11d626ae80b210,1700484663,20,package.json,npm@10.1.0,package.json,[],projects/govuk-frontend/repo
7792ae8cbabc2edcd010af2129857289fbe53072,1700485001,18,package.json,npm@9.1.0,package.json,[],projects/govuk-frontend/repo
d01831770bdbf409d66e023e20594d31618972c7,1700492831,20,package.json,npm@10.1.0,package.json,[],projects/govuk-frontend/repo
46cf96d4dcf4b13c5a085ff3972a57d522662de8,1700494813,20,package.json,npm@10.1.0,package.json,[],projects/govuk-frontend/repo
16c463c3e51f8e13a8a6c84d379b5f591a02f631,1700495642,20,package.json,npm@10.1.0,package.json,[],projects/govuk-frontend/repo
f634179507ab2885cd1f90e59a65bbf3bebe3ff3,1700495642,20,package.json,npm@10.1.0,package.json,[],projects/govuk-frontend/repo
94495e87aed76d7674424a865f8730e6910cc87c,1700495642,20,package.json,npm@10.1.0,package.json,[],projects/govuk-frontend/repo
d3600fb3c79a9f4805caaf24273913ddd5f36454,1700495642,20,package.json,npm@10.1.0,package.json,[],projects/govuk-frontend/repo
428aa614d36c8189210a35e64a319f1ebe094438,1700495642,20,package.json,npm@10.1.0,package.json,[],projects/govuk-frontend/repo
b51c93e68bdae937d415c4e245abcfd03a1c3626,1700495642,20,package.json,npm@10.1.0,package.json,[],projects/govuk-frontend/repo
7a3a3e021bddd252f7f6513535cea91afd7cdc01,1700495642,20,package.json,npm@10.1.0,package.json,[],projects/govuk-frontend/repo
d863a55fa8b6db91330f9b9d6c25dd6305a1952c,1700495643,20,package.json,npm@10.1.0,package.json,[],projects/govuk-frontend/repo
adc3aa8d37be46ffa177ac4c74c99a5466fc4958,1700495643,20,package.json,npm@10.1.0,package.json,[],projects/govuk-frontend/repo
524efa9229957cc1356119d76129d666d1c52978,1700496743,20,package.json,npm@10.1.0,package.json,[],projects/govuk-frontend/repo
9b83708897da62e4352b9a905b53d51340141f8f,1700500972,20,package.json,npm@10.1.0,package.json,[],projects/govuk-frontend/repo
86a748b3977034f058cece4ec939a52e941ff0ee,1700558089,20,package.json,npm@10.1.0,package.json,[],projects/govuk-frontend/repo
5c1f5917de085b512f6e3e512552e0b3a9eca8d3,1700645937,20,package.json,npm@10.1.0,package.json,[],projects/govuk-frontend/repo
200d8ba5b17bf3652cb97c7a4cef57842dca7dd7,1700645937,20,package.json,npm@10.1.0,package.json,[],projects/govuk-frontend/repo
e85baf3f7691aada929b1d7c646d07c16c8cf246,1700645937,20,package.json,npm@10.1.0,package.json,[],projects/govuk-frontend/repo
70ae6d186919b4cac2f6f3902a11efd5c6d7cd77,1700645937,20,package.json,npm@10.1.0,package.json,[],projects/govuk-frontend/repo
3df7d08887226b988da7130848cacab0a2072b8e,1700645937,20,package.json,npm@10.1.0,package.json,[],projects/govuk-frontend/repo
5c3d003b27c1c0f79ca6f9ea3a541a39ef6e65af,1700645937,20,package.json,npm@10.1.0,package.json,[],projects/govuk-frontend/repo
e49036cfdacf1296e1570771e4b964e8c27d42ba,1700645938,20,package.json,npm@10.1.0,package.json,[],projects/govuk-frontend/repo
b39b679d32636a052c1e504110cfa4205b339fbe,1700645938,20,package.json,npm@10.1.0,package.json,[],projects/govuk-frontend/repo
6c7c2f9a957d134ff9593184ad42330113da1f41,1700645938,20,package.json,npm@10.1.0,package.json,[],projects/govuk-frontend/repo
6cc8006c4d0373adaf5caff74da6992a522f9065,1700645938,20,package.json,npm@10.1.0,package.json,[],projects/govuk-frontend/repo
0528ef4a05f77b69ca80020e8bb5616c6bd6726c,1700645938,20,package.json,npm@10.1.0,package.json,[],projects/govuk-frontend/repo
849cacb197d57a75a35f4fd67a11777f6bf61581,1700646676,20,package.json,npm@10.1.0,package.json,[],projects/govuk-frontend/repo
8113c4f3b95047862ef7be44268262480f93eb24,1700647036,20,package.json,npm@10.1.0,package.json,[],projects/govuk-frontend/repo
7a237b5ebdd1e043540ca458c8970e0f7d4b5bb6,1700649889,20,package.json,npm@10.1.0,package.json,[],projects/govuk-frontend/repo
0042022f1d5ec7db103322908a3bd67eb384558d,1700756825,20,package.json,npm@10.1.0,package.json,[],projects/govuk-frontend/repo
d009c480c72bd540fb2baab92626355f2d5d99c3,1700756826,20,package.json,npm@10.1.0,package.json,[],projects/govuk-frontend/repo
90c8311c2338e022619f131062e1e257a7ff671c,1700756826,20,package.json,npm@10.1.0,package.json,[],projects/govuk-frontend/repo
f9423d1d280d5b277ffbf59e019a7481f1d46b64,1700756827,20,package.json,npm@10.1.0,package.json,[],projects/govuk-frontend/repo
2f212436d415e9d2dcd6eb7cb8f655bcdb1585f1,1700756827,20,package.json,npm@10.1.0,package.json,[],projects/govuk-frontend/repo
e346a4af98ea71f6f39f34a4ef66881711a8e509,1700756827,20,package.json,npm@10.1.0,package.json,[],projects/govuk-frontend/repo
7a1913eaea6e99783d3a88b5011a1bb39d8a162e,1700757595,20,package.json,npm@10.1.0,package.json,[],projects/govuk-frontend/repo
3332b9e7cc08bba5ef0ff93d9b058cc45e355541,1700757628,20,package.json,npm@10.1.0,package.json,[],projects/govuk-frontend/repo
b71b3772a20f3c5618e4b7ca09000b2302096835,1700757658,20,package.json,npm@10.1.0,package.json,[],projects/govuk-frontend/repo
eedc230b1e42ac99addf5acd7e158126e86ee43f,1700759109,20,package.json,npm@10.1.0,package.json,[],projects/govuk-frontend/repo
c4c9d8427f4473475109ee3feaddbbb317261815,1700818831,20,package.json,npm@10.1.0,package.json,[],projects/govuk-frontend/repo
6b93b3667b67a0932c9959ca054ae6fc77d63d9f,1700819297,20,package.json,npm@10.1.0,package.json,[],projects/govuk-frontend/repo
845fe132a0be7d458cc9dc048beb9482f7278855,1700821231,20,package.json,npm@10.1.0,package.json,[],projects/govuk-frontend/repo
eaafce09dd5f7379773baa379dae9751a1678dcb,1700821231,20,package.json,npm@10.1.0,package.json,[],projects/govuk-frontend/repo
4bb9482cb65a84fcd1db609950e727426aeb06dc,1700821231,20,package.json,npm@10.1.0,package.json,[],projects/govuk-frontend/repo
94aa67e6b8b76c52859d6e09c0bf5287e0cb45b1,1700821253,20,package.json,npm@10.1.0,package.json,[],projects/govuk-frontend/repo
0ff97b6b12a6aad55b93c7e3bc555d6595672e75,1700821253,20,package.json,npm@10.1.0,package.json,[],projects/govuk-frontend/repo
891422e412bb22375b00fed0138bfda3de83f9d1,1700821699,20,package.json,npm@10.1.0,package.json,[],projects/govuk-frontend/repo
0c17cc621502b8b59274b260e9adb34917344600,1700821893,20,package.json,npm@10.1.0,package.json,[],projects/govuk-frontend/repo
85cdf003dfa310444c472160f2fa29ea039d39cf,1700822623,20,package.json,npm@10.1.0,package.json,[],projects/govuk-frontend/repo
a45c763b7dfc848938004264c8eb987c6aa35187,1700826069,20,package.json,npm@10.1.0,package.json,[],projects/govuk-frontend/repo
ae5772d5d2aab7200c141aa37a8a581a7ba08e65,1700826852,20,package.json,npm@10.1.0,package.json,[],projects/govuk-frontend/repo
70be4b7fcaed406c4aeaf9618da52de1b3ff02db,1700836578,20,package.json,npm@10.1.0,package.json,[],projects/govuk-frontend/repo
e05aa976ade9765ec4d56e28e28c210e27f4b872,1700838697,20,package.json,npm@10.1.0,package.json,[],projects/govuk-frontend/repo
9717ab14f046deb87b82278898bb276980932172,1700846549,20,package.json,npm@10.1.0,package.json,[],projects/govuk-frontend/repo
281721bbe5e9fc0612a5c16bb03e17976dec8892,1700846549,20,package.json,npm@10.1.0,package.json,[],projects/govuk-frontend/repo
59bf150033f7e2734e7407b95f0b137aa910613e,1700846550,20,package.json,npm@10.1.0,package.json,[],projects/govuk-frontend/repo
a447f853171fa0182b53ca5758783c9a9579fae2,1700846550,20,package.json,npm@10.1.0,package.json,[],projects/govuk-frontend/repo
7dc37702d6d1c699ecf5d37b3a523d6de4b11033,1700846551,20,package.json,npm@10.1.0,package.json,[],projects/govuk-frontend/repo
73f3be39d9a6843815fc38c1e1709be232a9258b,1700847072,20,package.json,npm@10.1.0,package.json,[],projects/govuk-frontend/repo
3874cc31cddd016f7b43ce0642666cd49220953f,1701080032,20,package.json,npm@10.1.0,package.json,[],projects/govuk-frontend/repo
517b2e15fd1fdb80701229799f1c4631791c4a86,1701080085,20,package.json,npm@10.1.0,package.json,[],projects/govuk-frontend/repo
e3afdfd419d370a533f5af6a93b605250082e209,1701080128,20,package.json,npm@10.1.0,package.json,[],projects/govuk-frontend/repo
9e3d7e67b62d2f321656d0bf9bc624adabc453fe,1701080783,20,package.json,npm@10.1.0,package.json,[],projects/govuk-frontend/repo
a14d7ec8f655d56640905abd9db72744cb1f2e86,1701081934,20,package.json,npm@10.1.0,package.json,[],projects/govuk-frontend/repo
02ccb8d57e7607b64e9e3e9507d36ad69064a3e1,1701082355,20,package.json,npm@10.1.0,package.json,[],projects/govuk-frontend/repo
eebc3c878b6101b4e3e1e65a2beb4c419d2bae81,1701083537,20,package.json,npm@10.1.0,package.json,[],projects/govuk-frontend/repo
0c2c8ca40b8b3c0568377fb6c271961c6f561579,1701083699,20,package.json,npm@10.1.0,package.json,[],projects/govuk-frontend/repo
47f68d596f8e3e31305a1994dde0784878e14db6,1701083802,20,package.json,npm@10.1.0,package.json,[],projects/govuk-frontend/repo
a3708d1eb96cd416e5eea55eec8b985aaeb44286,1701090861,20,package.json,npm@10.1.0,package.json,[],projects/govuk-frontend/repo
873becfdfb65d6150f7878b8c0e370f08d9764eb,1701090943,20,package.json,npm@10.1.0,package.json,[],projects/govuk-frontend/repo
e3e4ec4904baae19bfb74f220ffd2b45a948875d,1701095762,20,package.json,npm@10.1.0,package.json,[],projects/govuk-frontend/repo
81597f28daef62915e1e6fb0dbcf108a5a292453,1701159608,20,package.json,npm@10.1.0,package.json,[],projects/govuk-frontend/repo
2eb287124e4630cbe01b06a0380246c3e9f9b782,1701161662,20,package.json,npm@10.1.0,package.json,[],projects/govuk-frontend/repo
deb18937d3fd8b14048d5fcb42b6d292fd131faf,1701162635,20,package.json,npm@10.1.0,package.json,[],projects/govuk-frontend/repo
830884989fc90ea334832b1d6f1bab4173aef7bc,1701187645,20,package.json,npm@10.1.0,package.json,[],projects/govuk-frontend/repo
8e64d5d82eadb6ed7d92e04850841e4af909c76f,1701188140,20,package.json,npm@10.1.0,package.json,[],projects/govuk-frontend/repo
ef8dd9e0519fa8562707406fa20c5640af63ac73,1701188199,20,package.json,npm@10.1.0,package.json,[],projects/govuk-frontend/repo
d0f68dd40cac190b5120b02ee332e3032ee45284,1701188199,20,package.json,npm@10.1.0,package.json,[],projects/govuk-frontend/repo
6d376bd7c5040833473aa1666885484ad61f8bae,1701188199,20,package.json,npm@10.1.0,package.json,[],projects/govuk-frontend/repo
6c712d70ef7edd58438e04ea00bcdaf8629d8b61,1701188983,20,package.json,npm@10.1.0,package.json,[],projects/govuk-frontend/repo
2cdcb65570aba21e9babb2b692e3585aa606fac0,1701191917,20,package.json,npm@10.1.0,package.json,[],projects/govuk-frontend/repo
2cfb75c471cf0061ada8abbf9fa76e0320ee64e4,1701195634,20,package.json,npm@10.1.0,package.json,[],projects/govuk-frontend/repo
8f2411f8a1c2710e63874f69a088d21d2e6d26ce,1701195635,20,package.json,npm@10.1.0,package.json,[],projects/govuk-frontend/repo
e12811c7da5716efbbcb7240b596f4776c27dcd4,1701195635,20,package.json,npm@10.1.0,package.json,[],projects/govuk-frontend/repo
4528e6c0ca2f3d7f9266954e550c1fc7b9d01d89,1701256313,20,package.json,npm@10.1.0,package.json,[],projects/govuk-frontend/repo
753ba451f7027e7adacfff2c4c13c9cdec641081,1701256314,20,package.json,npm@10.1.0,package.json,[],projects/govuk-frontend/repo
66080dce20bc7805863b4bf869d8d46ec2195397,1701256314,20,package.json,npm@10.1.0,package.json,[],projects/govuk-frontend/repo
8881365ece1c0bcd2083c9a7762150cfb61b669c,1701257112,20,package.json,npm@10.1.0,package.json,[],projects/govuk-frontend/repo
b40aa58569933e2f34f99e873cbc2fdfa39acb34,1701271669,20,package.json,npm@10.1.0,package.json,[],projects/govuk-frontend/repo
89f24d9b288ea86fdfa51f7405aa21d0458c40a6,1701271705,20,package.json,npm@10.1.0,package.json,[],projects/govuk-frontend/repo
220888aad9b236ff532541e21961cf9ed4342f3c,1701271763,20,package.json,npm@10.1.0,package.json,[],projects/govuk-frontend/repo
26b25de83dc843f564dd301dce78032d627b36c7,1701275490,20,package.json,npm@10.1.0,package.json,[],projects/govuk-frontend/repo
b76a5a7138dee7a366bb1fc06bca0f543ffad731,1701275521,20,package.json,npm@10.1.0,package.json,[],projects/govuk-frontend/repo
ae793e683e17245080858635a74bf961b7c4faaa,1701275546,20,package.json,npm@10.1.0,package.json,[],projects/govuk-frontend/repo
9aab34d2f4c6da2318f2ad88376773990c4fa71e,1701278151,20,package.json,npm@10.1.0,package.json,[],projects/govuk-frontend/repo
c6a14aaa90c9ba5ee4434fa23211ac8e4dd48c20,1701278887,20,package.json,npm@10.1.0,package.json,[],projects/govuk-frontend/repo
a2ff2e41967a38785aaef33135dc7e41cbd6d00b,1701352060,20,package.json,npm@10.1.0,package.json,[],projects/govuk-frontend/repo
a705245f48b4efb7b934ac6d869a4fe42d4e0748,1701353013,20,package.json,npm@10.1.0,package.json,[],projects/govuk-frontend/repo
c876156481bd8fd4222462303b18f0996152769f,1701353013,20,package.json,npm@10.1.0,package.json,[],projects/govuk-frontend/repo
2e803eb5329c1e0f6f022a68a37727335aedb840,1701425980,20,package.json,npm@10.1.0,package.json,[],projects/govuk-frontend/repo
ed74d5c44140e0f9cb0389de641162e8f6db4487,1701451476,20,package.json,npm@10.1.0,package.json,[],projects/govuk-frontend/repo
9dd82642ec03f9d3c7abef6429833740ed7b68af,1701451505,20,package.json,npm@10.1.0,package.json,[],projects/govuk-frontend/repo
c4743107129c63a69f76dd92e85b8eaadd290a24,1701451506,20,package.json,npm@10.1.0,package.json,[],projects/govuk-frontend/repo
aabe22dc0da803e57713b23bd8d297c0c527b99f,1701451506,20,package.json,npm@10.1.0,package.json,[],projects/govuk-frontend/repo
99eb358125db2546f3888411aea42641956c281e,1701451506,20,package.json,npm@10.1.0,package.json,[],projects/govuk-frontend/repo
410b6347b3b2a71ffb60778f16cd061dcde0af1e,1701451506,20,package.json,npm@10.1.0,package.json,[],projects/govuk-frontend/repo
df4f316ce6bf74ace30bf37d7e1e9f4f86c97c68,1701451888,20,package.json,npm@10.1.0,package.json,[],projects/govuk-frontend/repo
9961fa72e2016e005a98b4298a17de1c18f9dd93,1701685154,20,package.json,npm@10.1.0,package.json,[],projects/govuk-frontend/repo
72e039b627c86e4758fd3d25891bed449a6f3652,1701685348,20,package.json,npm@10.1.0,package.json,[],projects/govuk-frontend/repo
babf96fe8e6ec51f5f52f0ba275d60cf5c2fcf2a,1701685552,20,package.json,npm@10.1.0,package.json,[],projects/govuk-frontend/repo
ab8fb3b5d951979d22bed2edb05949202e29895a,1701685710,20,package.json,npm@10.1.0,package.json,[],projects/govuk-frontend/repo
d16a8bda8a9a4fd4eb5868dc50d7a26a58830292,1701685734,20,package.json,npm@10.1.0,package.json,[],projects/govuk-frontend/repo
7accdffdfc6cf423ee86dab40e60793dcdbec5ba,1701685763,20,package.json,npm@10.1.0,package.json,[],projects/govuk-frontend/repo
6a48d000ede0827cafbfbcd8120e1f3b4aedac1a,1701686999,20,package.json,npm@10.1.0,package.json,[],projects/govuk-frontend/repo
d46296fd1f895a534e81fe96622a722d5bbc8bb6,1701687660,20,package.json,npm@10.1.0,package.json,[],projects/govuk-frontend/repo
bacf390519451b1a7b48a734afa645a962921671,1701687712,20,package.json,npm@10.1.0,package.json,[],projects/govuk-frontend/repo
2de06334aa04306438658e8532cca34384fdb2bd,1701689933,20,package.json,npm@10.1.0,package.json,[],projects/govuk-frontend/repo
d78a215f3d1fc1990c9be40a06b3f143c9831e46,1701690137,20,package.json,npm@10.1.0,package.json,[],projects/govuk-frontend/repo
64852fc9fcf3c4aa586700bfc49a000f76c08bbc,1701692983,20,package.json,npm@10.1.0,package.json,[],projects/govuk-frontend/repo
89ac5a193ed236e6a8bdc5bb1fb67aaa0b63d154,1701693530,20,package.json,npm@10.1.0,package.json,[],projects/govuk-frontend/repo
3dd8571ffb1b9b4bd4defae53509b1f8c30ec9ed,1701693557,20,package.json,npm@10.1.0,package.json,[],projects/govuk-frontend/repo
5cb5bcd5d228e7bb7298aa3c2467f8d01697c441,1701693586,20,package.json,npm@10.1.0,package.json,[],projects/govuk-frontend/repo
75c8b88b0e5ca3c6847389ea6a50b7d93efdcfaf,1701693620,20,package.json,npm@10.1.0,package.json,[],projects/govuk-frontend/repo
8d511a04655cc075b73207c22832aef232032b13,1701693761,20,package.json,npm@10.1.0,package.json,[],projects/govuk-frontend/repo
44e718c6376e6b06e24b868c5cedbba4ec46883b,1701694718,20,package.json,npm@10.1.0,package.json,[],projects/govuk-frontend/repo
13698e8d297b774fa4077facb3fbc8c92c3f90e3,1701773782,20,package.json,npm@10.1.0,package.json,[],projects/govuk-frontend/repo
3da88fae8c268519d676559166a474aa97a2c24f,1701773782,20,package.json,npm@10.1.0,package.json,[],projects/govuk-frontend/repo
8c8891a295ff7fc65683f592e636b8e03c388238,1701779729,20,package.json,npm@10.1.0,package.json,[],projects/govuk-frontend/repo
23f58e776fc8f2a75f6687fa3f733095858f815a,1701789231,20,package.json,npm@10.1.0,package.json,[],projects/govuk-frontend/repo
158d9f578b9d7dc485f27c48c70f3a8d9ab11e56,1701956020,20,package.json,npm@10.1.0,package.json,[],projects/govuk-frontend/repo
181d95e6b355b3bf7b549148d677f4e02c6b2bfd,1701956020,20,package.json,npm@10.1.0,package.json,[],projects/govuk-frontend/repo
e2163d39e68deef5190763f54ae7d46ca2ccd108,1701956020,20,package.json,npm@10.1.0,package.json,[],projects/govuk-frontend/repo
4e5cb523eddc990a12a48773a3e8c6e767b68687,1701956157,20,package.json,npm@10.1.0,package.json,[],projects/govuk-frontend/repo
b58d90950b81046707b2173f8f8252854a3f959f,1701956157,20,package.json,npm@10.1.0,package.json,[],projects/govuk-frontend/repo
74e3a6c2dec0308c1208eacde1afa198a13f03b2,1701956158,20,package.json,npm@10.1.0,package.json,[],projects/govuk-frontend/repo
5cf5c3289a4ab85b2360bcff763fa9404cc58062,1701959738,20,package.json,npm@10.1.0,package.json,[],projects/govuk-frontend/repo
16ae7ef602cacf35483cc995485aa488d6959a2d,1702043752,20,package.json,npm@10.1.0,package.json,[],projects/govuk-frontend/repo
a9bccd2bb5b664842be14c1a6b8e6c39de3f4a1a,1702047624,20,package.json,npm@10.1.0,package.json,[],projects/govuk-frontend/repo
3c4b8da0252b32c6b3c349fc5d8c89d7aa85d696,1702047627,20,package.json,npm@10.1.0,package.json,[],projects/govuk-frontend/repo
e9abebf19ac74ad87ae27ecc5e1d8306febb7a7e,1702047628,20,package.json,npm@10.1.0,package.json,[],projects/govuk-frontend/repo
134b90b2b91ee0ad2860a7659261757be582fe5b,1702047652,20,package.json,npm@10.1.0,package.json,[],projects/govuk-frontend/repo
031acba44cf7bc233f67419466e752719ee7eab9,1702047655,20,package.json,npm@10.1.0,package.json,[],projects/govuk-frontend/repo
2bcc9cfcd6aa8cfd7d56bb9c4c24bde4cd5fa3cf,1702048353,20,package.json,npm@10.1.0,package.json,[],projects/govuk-frontend/repo
833e8a38c3b8cefa6a6dd7b4594c11070e08b9c9,1702050089,20,package.json,npm@10.1.0,package.json,[],projects/govuk-frontend/repo
87d7633848e14183a655bb06006cbc3f99b466d2,1702051246,20,package.json,npm@10.1.0,package.json,[],projects/govuk-frontend/repo
a296f0d3c2ba8053ddb58e6eda20816abc009c9e,1702054527,20,package.json,npm@10.1.0,package.json,[],projects/govuk-frontend/repo
6c219f4ab3bc8fbd6e4b8986386f5bc164ee0e57,1702056429,20,package.json,npm@10.1.0,package.json,[],projects/govuk-frontend/repo
6d021e4d8fe3a5329fb9a0fa5e7dd8766de1de2a,1702287631,20,package.json,npm@10.1.0,package.json,[],projects/govuk-frontend/repo
75413b218ec348dd5a67ab5a6cf1e89f0e7294f1,1702287749,20,package.json,npm@10.1.0,package.json,[],projects/govuk-frontend/repo
fc08dea87dabb30a0ceaad58eed4f51f248a5141,1702288123,20,package.json,npm@10.1.0,package.json,[],projects/govuk-frontend/repo
a8acb4ae94dc3762d3857a82232686f9429a3a42,1702288124,20,package.json,npm@10.1.0,package.json,[],projects/govuk-frontend/repo
8a7ddb63fc35f73c1f20927dc7c18fa081683184,1702288124,20,package.json,npm@10.1.0,package.json,[],projects/govuk-frontend/repo
cf6a2df29304220ce389806f179f272632881663,1702288124,20,package.json,npm@10.1.0,package.json,[],projects/govuk-frontend/repo
5da7eb1098bbc0504f5415b97776fede2e0624c0,1702288124,20,package.json,npm@10.1.0,package.json,[],projects/govuk-frontend/repo
3a15b836e032ce2576be8765fcdd5f2f4c051e64,1702288124,20,package.json,npm@10.1.0,package.json,[],projects/govuk-frontend/repo
d698ca575ccc2c07b2f89ec002697a4331c2e7af,1702288124,20,package.json,npm@10.1.0,package.json,[],projects/govuk-frontend/repo
abd683948c3603ed3c7eaefc3878545320cfa63f,1702288124,20,package.json,npm@10.1.0,package.json,[],projects/govuk-frontend/repo
736e5c64fbce270eda0bdf6f27b13a4dc380d95d,1702290537,20,package.json,npm@10.1.0,package.json,[],projects/govuk-frontend/repo
2bbf3ac9bfa34a860a32d98309b365261427e9be,1702290895,20,package.json,npm@10.1.0,package.json,[],projects/govuk-frontend/repo
4c0520fc4aa6006f359af1be455fef35efb66c83,1702290895,20,package.json,npm@10.1.0,package.json,[],projects/govuk-frontend/repo
4af21fdc090c1cb2e01c6bacd190941a3b2babc8,1702290895,20,package.json,npm@10.1.0,package.json,[],projects/govuk-frontend/repo
c20dfb9599483979a51471bf4a9d121b8e4f8bda,1702292416,20,package.json,npm@10.1.0,package.json,[],projects/govuk-frontend/repo
9069916facdc8476d923d011daf151742c4ac48e,1702292488,20,package.json,npm@10.1.0,package.json,[],projects/govuk-frontend/repo
eb4554183d55861797415054386be4b90c47b3e2,1702292596,20,package.json,npm@10.1.0,package.json,[],projects/govuk-frontend/repo
c1e25e51ffe23e4ecf2a842126291943ddd02234,1702292668,20,package.json,npm@10.1.0,package.json,[],projects/govuk-frontend/repo
1f869d4411a7e04b4532bc74b30bc7d3f924a797,1702293826,20,package.json,npm@10.1.0,package.json,[],projects/govuk-frontend/repo
fdb9d92fc4c2b120217999bd171597fdfc7610d1,1702294061,20,package.json,npm@10.1.0,package.json,[],projects/govuk-frontend/repo
6b11350ce711942c83785936756bad061e87837a,1702294061,20,package.json,npm@10.1.0,package.json,[],projects/govuk-frontend/repo
0c7d71183c355cce48ea04f732c8174126c8c61f,1702294062,20,package.json,npm@10.1.0,package.json,[],projects/govuk-frontend/repo
7e45061fb56d8a2bef7296c667beb2542690a17b,1702294062,20,package.json,npm@10.1.0,package.json,[],projects/govuk-frontend/repo
fc092ea3531d5a1cf9f09625cd586b2c04e950a8,1702294062,20,package.json,npm@10.1.0,package.json,[],projects/govuk-frontend/repo
3075aa493868f01dbccac9e285cf17b3a729d6e5,1702294062,20,package.json,npm@10.1.0,package.json,[],projects/govuk-frontend/repo
f446ffc30e44217dccab408fcbce71bcc3b91951,1702294062,20,package.json,npm@10.1.0,package.json,[],projects/govuk-frontend/repo
3e2544119b18eab9286481791fb24b861dbb4f3e,1702294062,20,package.json,npm@10.1.0,package.json,[],projects/govuk-frontend/repo
7ed231c2fc9b89dc97d9fc674d4f36b6eed057a1,1702294063,20,package.json,npm@10.1.0,package.json,[],projects/govuk-frontend/repo
187d399b0ea2b96a42cdc00c614935eea9462e75,1702294063,20,package.json,npm@10.1.0,package.json,[],projects/govuk-frontend/repo
604b9271fb9c2298228a18650daced28aaa80a18,1702294809,20,package.json,npm@10.1.0,package.json,[],projects/govuk-frontend/repo
3cde9b774b59316dab6a4fa95188a0488a48e537,1702294918,20,package.json,npm@10.1.0,package.json,[],projects/govuk-frontend/repo
12db42c40740a9b7e61f5b6be7b4dea6f5da7faa,1702294999,20,package.json,npm@10.1.0,package.json,[],projects/govuk-frontend/repo
77a949e1b5469135f06e8b66f5dbd531437e8635,1702295050,20,package.json,npm@10.1.0,package.json,[],projects/govuk-frontend/repo
da1b15d39bbf01f140d93204c43bac1db6d0a079,1702295051,20,package.json,npm@10.1.0,package.json,[],projects/govuk-frontend/repo
5a0d5b2460e72ec054f2bee4c9d351a7cfe217e8,1702295051,20,package.json,npm@10.1.0,package.json,[],projects/govuk-frontend/repo
79f499fc5b07912f02c5f805068998154569c3fc,1702295750,20,package.json,npm@10.1.0,package.json,[],projects/govuk-frontend/repo
9aac7954d091045e28f66391063a8f70360bc5e8,1702295839,20,package.json,npm@10.1.0,package.json,[],projects/govuk-frontend/repo
3612f2d1a73d03650f9b8816212075f30ac64fca,1702296527,20,package.json,npm@10.1.0,package.json,[],projects/govuk-frontend/repo
bcef1ba569bfc6f88565d1b6806955615d55abf9,1702297493,20,package.json,npm@10.1.0,package.json,[],projects/govuk-frontend/repo
bf97d61607d699ecdf104aa050d47ec06abcba3f,1702297670,20,package.json,npm@10.1.0,package.json,[],projects/govuk-frontend/repo
f05325048f6b8c22b416bb46acc25403c26ef1be,1702298325,20,package.json,npm@10.1.0,package.json,[],projects/govuk-frontend/repo
599028d73385ab3d8c85318e29034e3df3086620,1702298389,20,package.json,npm@10.1.0,package.json,[],projects/govuk-frontend/repo
078b6eb4b44ad4054f2e23f58441c70d31a39ae8,1702298570,20,package.json,npm@10.1.0,package.json,[],projects/govuk-frontend/repo
36e4a91ff326a8e8fca39e03c5c89b59d478a7b5,1702298615,20,package.json,npm@10.1.0,package.json,[],projects/govuk-frontend/repo
079152c004971c26745d57dd694f8f5e139dca22,1702298665,20,package.json,npm@10.1.0,package.json,[],projects/govuk-frontend/repo
3c80296185ec213da85d36c03b1a591a09b5d21d,1702298751,20,package.json,npm@10.1.0,package.json,[],projects/govuk-frontend/repo
6284905055db2954cec7801418f170a1dcf23d9f,1702300643,20,package.json,npm@10.1.0,package.json,[],projects/govuk-frontend/repo
164014ce4de913a3dcb81aa6ccc83bef634354e3,1702300674,20,package.json,npm@10.1.0,package.json,[],projects/govuk-frontend/repo
8611af9dc236be0c18be097c4a022ab9e4d861cc,1702300832,20,package.json,npm@10.1.0,package.json,[],projects/govuk-frontend/repo
a1f4d53e7fae406c785f8d9379a703d207782555,1702301190,20,package.json,npm@10.1.0,package.json,[],projects/govuk-frontend/repo
f0fc17d3b6922871c5b178c35432ce471029b033,1702301628,20,package.json,npm@10.1.0,package.json,[],projects/govuk-frontend/repo
8d5b7850af7864b058fead6a644c21259cf1ff9b,1702301931,20,package.json,npm@10.1.0,package.json,[],projects/govuk-frontend/repo
082ab2b1b71652b744d6ca3fe5cafdcf2b100d86,1702371655,20,package.json,npm@10.1.0,package.json,[],projects/govuk-frontend/repo
e811ef26843d26680a310128fa1baa25e996ec82,1702372707,20,package.json,npm@10.1.0,package.json,[],projects/govuk-frontend/repo
9fbc432bbd47ac0bb50e3e2e52cc519a52dcc00a,1702378793,20,package.json,npm@10.1.0,package.json,[],projects/govuk-frontend/repo
d0b4546ee48721e1a4b450dde46f969b0cd84d45,1702383337,20,package.json,npm@10.1.0,package.json,[],projects/govuk-frontend/repo
948c6c3a2781dc08686ea9b6d86e296f84156ae7,1702383375,20,package.json,npm@10.1.0,package.json,[],projects/govuk-frontend/repo
61bad2beffe6842cda54b6dca31d82c477107dd5,1702383375,20,package.json,npm@10.1.0,package.json,[],projects/govuk-frontend/repo
50f0515abc68d454f0a936d5cd5336ec66177231,1702383375,20,package.json,npm@10.1.0,package.json,[],projects/govuk-frontend/repo
b44d7b0fe66847fb34881841b6550174111ea9ba,1702464133,20,package.json,npm@10.1.0,package.json,[],projects/govuk-frontend/repo
a000a6cd61aa9b4c693eff5237bc807387d8da8f,1702574074,20,package.json,npm@10.1.0,package.json,[],projects/govuk-frontend/repo
113d1e37047026bd12918b8b5d5cbadc1c188b86,1702574111,20,package.json,npm@10.1.0,package.json,[],projects/govuk-frontend/repo
049d732c86596f1a268b2c6192934cd32af017e6,1702574749,20,package.json,npm@10.1.0,package.json,[],projects/govuk-frontend/repo
900c1125a88a5da67d2290cce868f91c6b54ade1,1702576324,20,package.json,npm@10.1.0,package.json,[],projects/govuk-frontend/repo
dd208e7e38f7c533582ac05b0591d787c3e4d5db,1702577056,20,package.json,npm@10.1.0,package.json,[],projects/govuk-frontend/repo
726797d56c4bccfccbb4320c6236e231aeb77749,1702582565,20,package.json,npm@10.1.0,package.json,[],projects/govuk-frontend/repo
b51a4d650d7f417b90279c13c1e0cc7caf6a2593,1702582566,20,package.json,npm@10.1.0,package.json,[],projects/govuk-frontend/repo
c2c6e88d14fdc27824951153aacd5910c716696b,1702582566,20,package.json,npm@10.1.0,package.json,[],projects/govuk-frontend/repo
974bf3ab0df56eb55291a5b207d908dddef66b11,1702582566,20,package.json,npm@10.1.0,package.json,[],projects/govuk-frontend/repo
60c2ca1f8e7e3672f980e3dec913e11c698d7d6a,1702582566,20,package.json,npm@10.1.0,package.json,[],projects/govuk-frontend/repo
3d3d7ae01c3d2776b6bbbc676fe86ec5c1b4bf13,1702582566,20,package.json,npm@10.1.0,package.json,[],projects/govuk-frontend/repo
b980c1557ba34955ab14630017f27df983c709c5,1702582567,20,package.json,npm@10.1.0,package.json,[],projects/govuk-frontend/repo
3254f55892463531310eac0c4be4abd11250b148,1702582567,20,package.json,npm@10.1.0,package.json,[],projects/govuk-frontend/repo
d3e054dd4f88c784d71f3e50c952b9cc63b89496,1702582567,20,package.json,npm@10.1.0,package.json,[],projects/govuk-frontend/repo
fdf03f939d52bd23d60209b43128fecae9bf7fd8,1702582567,20,package.json,npm@10.1.0,package.json,[],projects/govuk-frontend/repo
8da8eb7c88af0043e8fbf64a67994f3a2f86733b,1702582927,20,package.json,npm@10.1.0,package.json,[],projects/govuk-frontend/repo
f60a18b25c546ae27cc22c7f44c01576e8421fa3,1702582927,20,package.json,npm@10.1.0,package.json,[],projects/govuk-frontend/repo
1a56bfd31ca59022c87bedeb665217f88217ca62,1702641509,20,package.json,npm@10.1.0,package.json,[],projects/govuk-frontend/repo
86cf6a05dba85c3931e9409ab93f773712024169,1702641515,20,package.json,npm@10.1.0,package.json,[],projects/govuk-frontend/repo
ed08beadef553575a24eefcda41f0eed85c53b36,1702641531,20,package.json,npm@10.1.0,package.json,[],projects/govuk-frontend/repo
c516d6ccc34157af04a4ba75c9a0fc9864b20db1,1702645613,20,package.json,npm@10.1.0,package.json,[],projects/govuk-frontend/repo
210d5be8c301fe67d33ebd741da188b3f2f0fabc,1702645637,20,package.json,npm@10.1.0,package.json,[],projects/govuk-frontend/repo
aa12c87b590b2fe1dd0598422258f5c1c4a7cbcc,1702648192,20,package.json,npm@10.1.0,package.json,[],projects/govuk-frontend/repo
1d2662684e15310b05811860bbd0dcb59a380d6b,1702653069,20,package.json,npm@10.1.0,package.json,[],projects/govuk-frontend/repo
02bcbdd72a661ba0712c6b1f3cc3eb68d8d5acf2,1702653259,20,package.json,npm@10.1.0,package.json,[],projects/govuk-frontend/repo
5ba7af3af2bfba59a4b1c1fd72b801b865a38a5b,1702653259,20,package.json,npm@10.1.0,package.json,[],projects/govuk-frontend/repo
b627242fd068f4186ea8edaf61c57fefd4f42377,1702653259,20,package.json,npm@10.1.0,package.json,[],projects/govuk-frontend/repo
cd3e1715d754d71e24ddec311f3ac95930b88197,1702653260,20,package.json,npm@10.1.0,package.json,[],projects/govuk-frontend/repo
5ddc7eb6be22209c9649a07ceb675e86d19a1fc3,1702653260,20,package.json,npm@10.1.0,package.json,[],projects/govuk-frontend/repo
05b819af0368b1008c26a19dc80cf6fbfaac53b9,1702653310,20,package.json,npm@10.1.0,package.json,[],projects/govuk-frontend/repo
562cfdd7c877fcbe7c8aab3e94379c4cdfe7d0c2,1702653310,20,package.json,npm@10.1.0,package.json,[],projects/govuk-frontend/repo
3baa8040dd541db48b40763f9b9151c033a3fb89,1702654826,20,package.json,npm@10.1.0,package.json,[],projects/govuk-frontend/repo
13fadd45bbc7a3e1440c23f16d4b9bf2a834bc72,1702894416,20,package.json,npm@10.1.0,package.json,[],projects/govuk-frontend/repo
c75975a9dc1a82829d34fec575ed76119df9bb09,1702894496,20,package.json,npm@10.1.0,package.json,[],projects/govuk-frontend/repo
74f5ce5564a0124c86b95303247ae0477a60ad71,1702894737,20,package.json,npm@10.1.0,package.json,[],projects/govuk-frontend/repo
198210f1f0c6823eb2a55e78b272a77c632efa6a,1702894757,20,package.json,npm@10.1.0,package.json,[],projects/govuk-frontend/repo
21533162b34a26107d9c50b869a4d86f8d49412b,1702894779,20,package.json,npm@10.1.0,package.json,[],projects/govuk-frontend/repo
fa372e2c6befd08d5aa9f1289fd9e9a77b5458d3,1702902868,20,package.json,npm@10.1.0,package.json,[],projects/govuk-frontend/repo
530cdf7cf9393b2a8184b721ae1d2e4588f022f3,1702903223,20,package.json,npm@10.1.0,package.json,[],projects/govuk-frontend/repo
a678f37c5e7030ffb93682b5e53834ecfb7b7357,1702905164,20,package.json,npm@10.1.0,package.json,[],projects/govuk-frontend/repo
8331c843d2687be1dabd246cc4d11f4a816ee431,1702905230,20,package.json,npm@10.1.0,package.json,[],projects/govuk-frontend/repo
74f5a7a07cfa1bd7c01a70e4d50b9f4f7afba6af,1702905591,20,package.json,npm@10.1.0,package.json,[],projects/govuk-frontend/repo
30d5042eb370dff0f782b423b8703031fe9a0439,1702907145,20,package.json,npm@10.1.0,package.json,[],projects/govuk-frontend/repo
9b7e03664a994031a960b3b8cc62d7e1c2b5e60b,1702907847,20,package.json,npm@10.1.0,package.json,[],projects/govuk-frontend/repo
50967c63961cf9e1e35244f93add6c8d36ea9e03,1702910053,20,package.json,npm@10.1.0,package.json,[],projects/govuk-frontend/repo
cc8ae08b111b81e7100b177c9b94ce4c9f7aa003,1702910144,20,package.json,npm@10.1.0,package.json,[],projects/govuk-frontend/repo
08edf3b561f16f38a3930e0448b1bd1e7f3cfaf8,1702910430,20,package.json,npm@10.1.0,package.json,[],projects/govuk-frontend/repo
8223f959f76a4c6cc62d000c8a6d5dc837e4e33f,1702916885,20,package.json,npm@10.1.0,package.json,[],projects/govuk-frontend/repo
6dd52878517592fad71f4b43293580358b5dcbe2,1702983283,20,package.json,npm@10.1.0,package.json,[],projects/govuk-frontend/repo
30365b9ddbe40e0e50152aa87a2a3253ec5661ae,1702990732,20,package.json,npm@10.1.0,package.json,[],projects/govuk-frontend/repo
f894e2bdeafe01e5c1056ed6963ef2039cde2f71,1703163337,20,package.json,npm@10.1.0,package.json,[],projects/govuk-frontend/repo
ad060a4b5420ade0c62a46f279448232d5575af6,1703499596,20,package.json,npm@10.1.0,package.json,[],projects/govuk-frontend/repo
4468880036750053eff2c32c1772255110c9c6b7,1703501466,20,package.json,npm@10.1.0,package.json,[],projects/govuk-frontend/repo
db7bbdd12d570d73dce7c58b666e9acd81cbea94,1703501648,20,package.json,npm@10.1.0,package.json,[],projects/govuk-frontend/repo
9ed9b35577efe060785554857f857f0da1a53a73,1703675927,20,package.json,npm@10.1.0,package.json,[],projects/govuk-frontend/repo
7e102cecc4cf4f576374fe66f56ec39ac50f9618,1703675984,20,package.json,npm@10.1.0,package.json,[],projects/govuk-frontend/repo
ce8d3f38bc28300492f50f3ae348dbb0b31f2c1d,1703676146,20,package.json,npm@10.1.0,package.json,[],projects/govuk-frontend/repo
693782b332f87585d654b7e752dc059ca2d79ba3,1703676413,20,package.json,npm@10.1.0,package.json,[],projects/govuk-frontend/repo
111c671eb01c9be7d7a7ea5b2ff4d2b0fc1063f7,1703677079,20,package.json,npm@10.1.0,package.json,[],projects/govuk-frontend/repo
a1cc59e4c57b34b09044544f995acdf13fd5a9fa,1704105805,20,package.json,npm@10.1.0,package.json,[],projects/govuk-frontend/repo
930214d4ffb0f37a4a2510991bce9e2f814ca90b,1704106079,20,package.json,npm@10.1.0,package.json,[],projects/govuk-frontend/repo
c7f45f353f111e354ad18add7d255c4b35b70409,1704106150,20,package.json,npm@10.1.0,package.json,[],projects/govuk-frontend/repo
227b21675cf06ce6776c6ee72574e8f60940acde,1704106265,20,package.json,npm@10.1.0,package.json,[],projects/govuk-frontend/repo
c0ca47278f0361fa4f41be48b78bc98aa7302a1b,1704197588,20,package.json,npm@10.1.0,package.json,[],projects/govuk-frontend/repo
43e7195fb0f6f704595b05b053d4ef969333147d,1704198212,20,package.json,npm@10.1.0,package.json,[],projects/govuk-frontend/repo
db78328b197d271374a81c1b3584fce4b33d9045,1704201409,20,package.json,npm@10.1.0,package.json,[],projects/govuk-frontend/repo
e59c2329af1bf81673c5e916a85ae8bdfba7784d,1704209403,20,package.json,npm@10.1.0,package.json,[],projects/govuk-frontend/repo
59700e225bfb24e78cf471f66feb5e94af0bb083,1704215915,20,package.json,npm@10.1.0,package.json,[],projects/govuk-frontend/repo
6ca2ce915cab13cf7b308545f55cc4afdeb08db4,1704277052,20,package.json,npm@10.1.0,package.json,[],projects/govuk-frontend/repo
00f55b8fbb586867595b0fda07fb261cc042ce80,1704277229,20,package.json,npm@10.1.0,package.json,[],projects/govuk-frontend/repo
7889aedd467f3a920512322e3022625e47263051,1704277297,20,package.json,npm@10.1.0,package.json,[],projects/govuk-frontend/repo
7f2df0bfc02be48b0e5e5d567d1146974f3bc391,1704278921,20,package.json,npm@10.1.0,package.json,[],projects/govuk-frontend/repo
e202ee09fc78b075b00dfd4f32a10fa0086a87a1,1704278984,20,package.json,npm@10.1.0,package.json,[],projects/govuk-frontend/repo
0856586f59bf7608586f138887fd4a1ce47cd8ad,1704359348,20,package.json,npm@10.1.0,package.json,[],projects/govuk-frontend/repo
50f13ded3054f2ed14d9f3f846f0b9c33e2a0f43,1704359410,20,package.json,npm@10.1.0,package.json,[],projects/govuk-frontend/repo
6d7d0834eac303c8934cfb0198df4556229b6666,1704359754,20,package.json,npm@10.1.0,package.json,[],projects/govuk-frontend/repo
a9ab2108c0ed23cbcdeffea4fa841b870546527a,1704369490,20,package.json,npm@10.1.0,package.json,[],projects/govuk-frontend/repo
e49411118806d952edb8ffd571a717bb71a64584,1704369505,20,package.json,npm@10.1.0,package.json,[],projects/govuk-frontend/repo
e3663095abf07bf9549d016882cabbfa19479607,1704369505,20,package.json,npm@10.1.0,package.json,[],projects/govuk-frontend/repo
96eada520cd8e71ce435f0b55cd64b68c6ecd94e,1704369505,20,package.json,npm@10.1.0,package.json,[],projects/govuk-frontend/repo
26f894d3c163d2e4f2e92055c1719579984eba39,1704369588,20,package.json,npm@10.1.0,package.json,[],projects/govuk-frontend/repo
08a2634abf085a5d79bfb00f4ebb90b8d2651925,1704369588,20,package.json,npm@10.1.0,package.json,[],projects/govuk-frontend/repo
8f7318a3c82d5b52e8211c9480a2df2ab223e164,1704370335,20,package.json,npm@10.1.0,package.json,[],projects/govuk-frontend/repo
cb441ac88fbf734031a43c578b23b84bf15c034a,1704371657,20,package.json,npm@10.1.0,package.json,[],projects/govuk-frontend/repo
7df7091d3178f46a805662f1a45331b8066efa32,1704374290,20,package.json,npm@10.1.0,package.json,[],projects/govuk-frontend/repo
2280dbf8857d841dcb982f78d88af602ea404cbe,1704374353,20,package.json,npm@10.1.0,package.json,[],projects/govuk-frontend/repo
afd2d7ac274708e493ab29cb209ea6f066ede171,1704375027,20,package.json,npm@10.1.0,package.json,[],projects/govuk-frontend/repo
5debed7531f2a6b64ff6429ec08c73a30c7ba7de,1704376051,20,package.json,npm@10.1.0,package.json,[],projects/govuk-frontend/repo
ebc6cd65dffc44ea2d8cff30fde4467bb136619e,1704449311,20,package.json,npm@10.1.0,package.json,[],projects/govuk-frontend/repo
4deafca9c497f45c0165c0e3ddb9c73dc9922f40,1704451261,20,package.json,npm@10.1.0,package.json,[],projects/govuk-frontend/repo
812fc1c7cc70942b051dcca4f40077e3dc338d1b,1704452355,20,package.json,npm@10.1.0,package.json,[],projects/govuk-frontend/repo
66d6f15e9345db73ddfcc31d9397c99e42f3122f,1704452355,20,package.json,npm@10.1.0,package.json,[],projects/govuk-frontend/repo
104b978858bca35dfd48996f4f8653a58ff5b818,1704452355,20,package.json,npm@10.1.0,package.json,[],projects/govuk-frontend/repo
f22bc7d2eb05b6bab25471542c1d489933ca0096,1704452355,20,package.json,npm@10.1.0,package.json,[],projects/govuk-frontend/repo
e585ae5c04c69147585289d05299c27dbed48945,1704452355,20,package.json,npm@10.1.0,package.json,[],projects/govuk-frontend/repo
8d9d07da3ab34cb8f7dd399a71a403eb116f5374,1704452388,20,package.json,npm@10.1.0,package.json,[],projects/govuk-frontend/repo
f1d125651c30f8a356685285b9d9983e168f53e6,1704452839,20,package.json,npm@10.1.0,package.json,[],projects/govuk-frontend/repo
a7036591d44cb7176ce3d9f5ed0c6488c2ec4168,1704463381,20,package.json,npm@10.1.0,package.json,[],projects/govuk-frontend/repo
d9f24216e964ce53355143b4687cca0f478924f0,1704464267,20,package.json,npm@10.1.0,package.json,[],projects/govuk-frontend/repo
27e1cc26bdffd0acdffed8ec8e4b1c27d0521706,1704709226,20,package.json,npm@10.1.0,package.json,[],projects/govuk-frontend/repo
4815b8c21f3b16abc344f8a3d4049cc7fec8a1f1,1704709433,20,package.json,npm@10.1.0,package.json,[],projects/govuk-frontend/repo
da4ffd84cefae3377403f5b971e8967a1df8c272,1704709862,20,package.json,npm@10.1.0,package.json,[],projects/govuk-frontend/repo
113072762cf38b02fc182a1357c37485e7709737,1704710182,20,package.json,npm@10.1.0,package.json,[],projects/govuk-frontend/repo
b951182e2c0da390748735112df8bce0974b7a0b,1704710480,20,package.json,npm@10.1.0,package.json,[],projects/govuk-frontend/repo
18959957c49d2a60a8305d1e81741ab22c320350,1704710545,20,package.json,npm@10.1.0,package.json,[],projects/govuk-frontend/repo
565ab89ae3f998eff0553a00fa3268f86e3cab4f,1704710777,20,package.json,npm@10.1.0,package.json,[],projects/govuk-frontend/repo
a3d2071cc92268ba3e68fd6ff6e5742ac779ff4c,1704710842,20,package.json,npm@10.1.0,package.json,[],projects/govuk-frontend/repo
b0411627af4ba50aa47de534864442f7bdecb9bf,1704711636,20,package.json,npm@10.1.0,package.json,[],projects/govuk-frontend/repo
2486fedd422bc5c0ae55d8ae6c83847ff9a424dc,1704712161,20,package.json,npm@10.1.0,package.json,[],projects/govuk-frontend/repo
c44a85e6d333686eb0f970ea3c87dcd7abe81bc0,1704712161,20,package.json,npm@10.1.0,package.json,[],projects/govuk-frontend/repo
d6e38b14828f997f243654c66c29ddee531343ea,1704712161,20,package.json,npm@10.1.0,package.json,[],projects/govuk-frontend/repo
25da4409c5f3b24e58fea339fe843eede91ba58b,1704712269,20,package.json,npm@10.1.0,package.json,[],projects/govuk-frontend/repo
8b66162dd6dee114120032ca52ad16d3b9f829a4,1704712515,20,package.json,npm@10.1.0,package.json,[],projects/govuk-frontend/repo
d5d21b1b9a9253e48bf77c64aad5ff94a81b5fe8,1704712603,20,package.json,npm@10.1.0,package.json,[],projects/govuk-frontend/repo
e39d0fd46d846511a568e4e4ecc7530222dcae3d,1704713267,20,package.json,npm@10.1.0,package.json,[],projects/govuk-frontend/repo
3e21d007fb1ec01191d09cdb9200d21b617ad30b,1704713396,20,package.json,npm@10.1.0,package.json,[],projects/govuk-frontend/repo
a054411d9835249f4b4ea1f4ab1fc3e1e95fcc6b,1704713636,20,package.json,npm@10.1.0,package.json,[],projects/govuk-frontend/repo
ef87256da37e7e613472f88d2ebee6c5df3d60a8,1704714446,20,package.json,npm@10.1.0,package.json,[],projects/govuk-frontend/repo
0cfcb0bbee40479f8950a4864813081ac7719600,1704714481,20,package.json,npm@10.1.0,package.json,[],projects/govuk-frontend/repo
2338200e8f65003d2f338148aed705ba898cfcd8,1704714558,20,package.json,npm@10.1.0,package.json,[],projects/govuk-frontend/repo
229d380645d94e80b1eefb1630cac9dedcb14365,1704714583,20,package.json,npm@10.1.0,package.json,[],projects/govuk-frontend/repo
65971a0c0d8b217da30fe4768e75bb3e2b19b21d,1704714590,20,package.json,npm@10.1.0,package.json,[],projects/govuk-frontend/repo
c5b0aa21f19d76c88ddbe18c0831d89f9a901a6e,1704716544,20,package.json,npm@10.1.0,package.json,[],projects/govuk-frontend/repo
e1ed484a3db36c9d9740cdf90a2f57430f61f91e,1704716758,20,package.json,npm@10.1.0,package.json,[],projects/govuk-frontend/repo
1fcd8e12026cd8425e7c8db0d9b7436223277f8a,1704716921,20,package.json,npm@10.1.0,package.json,[],projects/govuk-frontend/repo
34a6ff61fb88caca2bce0b9deb0bc76c5ad9a84c,1704717166,20,package.json,npm@10.1.0,package.json,[],projects/govuk-frontend/repo
18957477e95e6be402fca4988f153a2bc4b21fb7,1704717606,20,package.json,npm@10.1.0,package.json,[],projects/govuk-frontend/repo
1b667dc66f55f4fa62fabdf8196c6ba15429a938,1704717831,20,package.json,npm@10.1.0,package.json,[],projects/govuk-frontend/repo
c6ce61548964a7a58be579249716a20aa3665db5,1704725352,20,package.json,npm@10.1.0,package.json,[],projects/govuk-frontend/repo
bd26d654741dd494f7fed5fe6ae717bab2d0c43e,1704728067,20,package.json,npm@10.1.0,package.json,[],projects/govuk-frontend/repo
17ab9961308b237504d14ce2370ef96efe771ac7,1704729070,20,package.json,npm@10.1.0,package.json,[],projects/govuk-frontend/repo
b41f4e74690b7452d358c52dbf39c1033fd9b0f9,1704814388,20,package.json,npm@10.1.0,package.json,[],projects/govuk-frontend/repo
cb76bb92f63dd196b5f013feeab166eade2db8a7,1704867103,20,package.json,npm@10.1.0,package.json,[],projects/govuk-frontend/repo
8ff4bdea7aa5457157ff7de9966344db94c61f3b,1704881029,20,package.json,npm@10.1.0,package.json,[],projects/govuk-frontend/repo
689d8375e9917aef4214de4d014d2599538933e1,1704885817,20,package.json,npm@10.1.0,package.json,[],projects/govuk-frontend/repo
80ba89edf4d63cf8ca993221b3567b696a11747a,1704886878,20,package.json,npm@10.1.0,package.json,[],projects/govuk-frontend/repo
67342a8f5e068b6522ad853f5008e77da873668a,1704887718,20,package.json,npm@10.1.0,package.json,[],projects/govuk-frontend/repo
f3a69e210dc1844d502cc5f695cd8d7462aadff9,1704887718,20,package.json,npm@10.1.0,package.json,[],projects/govuk-frontend/repo
c6dd08c46023748f0e0e1d9bed3edaa9c6194aff,1704896442,20,package.json,npm@10.1.0,package.json,[],projects/govuk-frontend/repo
66563cdebdb9bc5f60a7c0984d6135af6d879352,1704961684,20,package.json,npm@10.1.0,package.json,[],projects/govuk-frontend/repo
53b9e25b5780e800bc74fa459d5ebbf08d874b14,1704963822,20,package.json,npm@10.1.0,package.json,[],projects/govuk-frontend/repo
2f5f117c0baf70bc5dbe86cb8410253c5d129d44,1704963853,20,package.json,npm@10.1.0,package.json,[],projects/govuk-frontend/repo
e364fb21ffa0fbd546d3711e93c914f411fc0e7b,1704986668,20,package.json,npm@10.1.0,package.json,[],projects/govuk-frontend/repo
60b0a67bcd7cbb9c072c0fd573c30cdd5c2d31ba,1704987935,20,package.json,npm@10.1.0,package.json,[],projects/govuk-frontend/repo
4c9c25d3bd0fffac04ea87faaed9e54176ce0c73,1705069939,20,package.json,npm@10.1.0,package.json,[],projects/govuk-frontend/repo
da237ad92ffc45bf5b2e97f2e27a18f8f81268be,1705314557,20,package.json,npm@10.1.0,package.json,[],projects/govuk-frontend/repo
6de533a1e671dd19fe70f2818a01b8ed3fd69104,1705314561,20,package.json,npm@10.1.0,package.json,[],projects/govuk-frontend/repo
e3d555d1b6876c2be88f46480839c2aa56925029,1705315046,20,package.json,npm@10.1.0,package.json,[],projects/govuk-frontend/repo
5176b27793b9079314e7129e41ae6a1f6ff1d49c,1705315250,20,package.json,npm@10.1.0,package.json,[],projects/govuk-frontend/repo
dcc09cad79b747edbbdd2d2f053996d7b71d0144,1705315638,20,package.json,npm@10.1.0,package.json,[],projects/govuk-frontend/repo
05ca2da6c9d08362a8fd21817135e6f9a7324077,1705315685,20,package.json,npm@10.1.0,package.json,[],projects/govuk-frontend/repo
f173bf3093fa0e780efc25bf956b7d103e1fa406,1705315721,20,package.json,npm@10.1.0,package.json,[],projects/govuk-frontend/repo
0cdff6d34ef6019a601e99902c6505a958a737cb,1705316455,20,package.json,npm@10.1.0,package.json,[],projects/govuk-frontend/repo
8c3f309ef99e65ce37d615c51fd77d1896185ab3,1705317261,20,package.json,npm@10.1.0,package.json,[],projects/govuk-frontend/repo
e5cd40c06d82566be878d7510e8b0a2ed4780a72,1705321612,20,package.json,npm@10.1.0,package.json,[],projects/govuk-frontend/repo
e1b5a50736536d6d648010aa9e1f67257769509e,1705322798,20,package.json,npm@10.1.0,package.json,[],projects/govuk-frontend/repo
b2cf485c244928d0e198190db7e7d027b8b175e4,1705327390,20,package.json,npm@10.1.0,package.json,[],projects/govuk-frontend/repo
ff1fa4f0a97c1fa4ad8ef312542f7fd6cd719855,1705327615,20,package.json,npm@10.1.0,package.json,[],projects/govuk-frontend/repo
cfe4065aa670fb3db033440eb3227970fbe08dff,1705327919,20,package.json,npm@10.1.0,package.json,[],projects/govuk-frontend/repo
33eaa3fa79e45c8c49786c640b5887435437e35e,1705327982,20,package.json,npm@10.1.0,package.json,[],projects/govuk-frontend/repo
65b5f84c232fd547d1918797900bbb26b5cd80a2,1705328102,20,package.json,npm@10.1.0,package.json,[],projects/govuk-frontend/repo
5f13693f9670b82d6fb956b5246589e787b78616,1705333928,20,package.json,npm@10.1.0,package.json,[],projects/govuk-frontend/repo
34b822c11956fb47f573d94a52da28600b8b157b,1705334455,20,package.json,npm@10.1.0,package.json,[],projects/govuk-frontend/repo
fd1c7231a34bb1ca3cc2530121603f68b913cd0b,1705335115,20,package.json,npm@10.1.0,package.json,[],projects/govuk-frontend/repo
32b145e72ebe4bac0e78f21ea3bdad8034bf0edf,1705336183,20,package.json,npm@10.1.0,package.json,[],projects/govuk-frontend/repo
b720b2d30a0cfee054ebbfe13295f1e867397dde,1705336269,20,package.json,npm@10.1.0,package.json,[],projects/govuk-frontend/repo
ed027b87b3740137d50b80b562b85c74fdf11359,1705336826,20,package.json,npm@10.1.0,package.json,[],projects/govuk-frontend/repo
41760e2daf69ac2f9c2b3c8915795d7ca4013425,1705337856,20,package.json,npm@10.1.0,package.json,[],projects/govuk-frontend/repo
557c0fa0ac46190ae14fd59ef4ae1538348d1f69,1705397815,20,package.json,npm@10.1.0,package.json,[],projects/govuk-frontend/repo
50f546ec20311e5eddea6bb28e75d9f6139e9575,1705410383,20,package.json,npm@10.1.0,package.json,[],projects/govuk-frontend/repo
c20d48a3e021ffdacfdd2bed2974851e8b4dfe8d,1705410418,20,package.json,npm@10.1.0,package.json,[],projects/govuk-frontend/repo
54ad31d179bb7e8887113f0deefc98007468c94c,1705410976,20,package.json,npm@10.1.0,package.json,[],projects/govuk-frontend/repo
f208fda332ab400a4e7ffc4aa0d1a3c9706f6023,1705424374,20,package.json,npm@10.1.0,package.json,[],projects/govuk-frontend/repo
df6c9085d80fbc6b9caafa1db2eebb4ed3da17ba,1705425196,20,package.json,npm@10.1.0,package.json,[],projects/govuk-frontend/repo
b2cf8f5f163d8b3a6e8d7f3c2ed9172052106cbe,1705486179,20,package.json,npm@10.1.0,package.json,[],projects/govuk-frontend/repo
75c68320b06d0dbed417fbe756c47aa0e39eb605,1705499009,20,package.json,npm@10.1.0,package.json,[],projects/govuk-frontend/repo
71b68f355f4e523b3754efe0d0dc800cb6e000db,1705499009,20,package.json,npm@10.1.0,package.json,[],projects/govuk-frontend/repo
e3651dc8ca9d2163a4eca49df8e3323373390270,1705499433,20,package.json,npm@10.1.0,package.json,[],projects/govuk-frontend/repo
39c0a23edd3c47c27954c601168d1ede342c3920,1705500644,20,package.json,npm@10.1.0,package.json,[],projects/govuk-frontend/repo
f6f778e965544c3f6c54c6953e69829f7f961583,1705505188,20,package.json,npm@10.1.0,package.json,[],projects/govuk-frontend/repo
9ce5db11eef9c3dec6bc9fb21de6ce3e71a904f7,1705505265,20,package.json,npm@10.1.0,package.json,[],projects/govuk-frontend/repo
360d7dc8c35bd98cdbd28b6ae05bbaa3d2143b93,1705507376,20,package.json,npm@10.1.0,package.json,[],projects/govuk-frontend/repo
38b568b8d3bcd75996864383d251bf4e69a35a6c,1705507376,20,package.json,npm@10.1.0,package.json,[],projects/govuk-frontend/repo
162d6fb5b46f377808488a6e25ccd1c2ee5673f2,1705507377,20,package.json,npm@10.1.0,package.json,[],projects/govuk-frontend/repo
ced96cbc90be80cac1bb8a83b54e04f78cb712fb,1705597651,20,package.json,npm@10.1.0,package.json,[],projects/govuk-frontend/repo
ef4af13df9c953e6fc1565cc0dd6e99e76f18b6e,1705599657,20,package.json,npm@10.1.0,package.json,[],projects/govuk-frontend/repo
0c72a8d1eaa82ab14ce008ebf2e447522df6f8eb,1705920145,20,package.json,npm@10.1.0,package.json,[],projects/govuk-frontend/repo
e41a9b1edde68ffd8696997b99d2b4bad0db3cd7,1705920335,20,package.json,npm@10.1.0,package.json,[],projects/govuk-frontend/repo
cc96c765fbae759b295cf654353b9c159b74ae57,1705921141,20,package.json,npm@10.1.0,package.json,[],projects/govuk-frontend/repo
30d0572933f23a1c4106ffe2a3fefaabcfaeae23,1705921192,20,package.json,npm@10.1.0,package.json,[],projects/govuk-frontend/repo
ff8dc2edc577b48ca003d0d42bc889feb861cc59,1705921235,20,package.json,npm@10.1.0,package.json,[],projects/govuk-frontend/repo
61250d449df0ee8c0744e2e9fef25f01f1eb6ed0,1705928608,20,package.json,npm@10.1.0,package.json,[],projects/govuk-frontend/repo
c0bdac9471a275b7ed7267ceeb4f9089b06f8047,1705937951,20,package.json,npm@10.1.0,package.json,[],projects/govuk-frontend/repo
d9614ebd2b743fed62714d1dc3485ad49dd48c20,1705938229,20,package.json,npm@10.1.0,package.json,[],projects/govuk-frontend/repo
a3b1e3a343600f53a082b8ac89036db7dc9c347c,1705938348,20,package.json,npm@10.1.0,package.json,[],projects/govuk-frontend/repo
eb8b8c8a21004fb11b8babae6fe4c5eb0712517d,1705938348,20,package.json,npm@10.1.0,package.json,[],projects/govuk-frontend/repo
80cab36ddd69b9b3598ea56bc242fa2cc5bdd071,1705938464,20,package.json,npm@10.1.0,package.json,[],projects/govuk-frontend/repo
43f1e5098b924fe87c405d9c9ca32a65a5b322f6,1705939327,20,package.json,npm@10.1.0,package.json,[],projects/govuk-frontend/repo
081adaf3369a7a29e92a69e41e8da8794154a2b7,1705996402,20,package.json,npm@10.1.0,package.json,[],projects/govuk-frontend/repo
9da6e947afdc5844bd0caaecbe9f61cde76ee9f4,1705996712,20,package.json,npm@10.1.0,package.json,[],projects/govuk-frontend/repo
d56cddb21a7ef3d1ed4c96df5266eb00bac8042b,1705997123,20,package.json,npm@10.1.0,package.json,[],projects/govuk-frontend/repo
71733cba54dc3dd527833a9411a72b13218ae63c,1705997137,20,package.json,npm@10.1.0,package.json,[],projects/govuk-frontend/repo
50b7462118901c169168cf0feaf397b65e7bfbd8,1705997211,20,package.json,npm@10.1.0,package.json,[],projects/govuk-frontend/repo
083f5360f0748c618d2db00e4199cf684ee69ba9,1705997281,20,package.json,npm@10.1.0,package.json,[],projects/govuk-frontend/repo
0cd0140e957b7eb7b42312867ceaa0cec2e5e965,1705997369,20,package.json,npm@10.1.0,package.json,[],projects/govuk-frontend/repo
7151209e2be8a32ddd532f085cd223a4c9edf18b,1705997420,20,package.json,npm@10.1.0,package.json,[],projects/govuk-frontend/repo
7728eaa38b03b3bbf2b8e3fe1d163f09574b3180,1705997820,20,package.json,npm@10.1.0,package.json,[],projects/govuk-frontend/repo
39ca8cf1bf6ae9bfbe8a5967124fa00f28c02dd7,1706000080,20,package.json,npm@10.1.0,package.json,[],projects/govuk-frontend/repo
3e32fc8db46f54eefecefbd5eb4f30c59e91d9fd,1706006179,20,package.json,npm@10.1.0,package.json,[],projects/govuk-frontend/repo
7fa9f3851d8866c84162931cbcd6d9240b97c6ed,1706011680,20,package.json,npm@10.1.0,package.json,[],projects/govuk-frontend/repo
f4613ffc652b76b9776c7d387e10d6c4934b1627,1706011771,20,package.json,npm@10.1.0,package.json,[],projects/govuk-frontend/repo
eaa2e82fb774ea9a6ba08e9159cdbc639b08dd3d,1706106902,20,package.json,npm@10.1.0,package.json,[],projects/govuk-frontend/repo
e0bafa0db523b5596adb7b64e9310b465b998e16,1706107252,20,package.json,npm@10.1.0,package.json,[],projects/govuk-frontend/repo
bcb8dc4878a9c911eb186ff843716cee3f1553a3,1706206372,20,package.json,npm@10.1.0,package.json,[],projects/govuk-frontend/repo
edca7c5a88780eb6fa36f55326bd196323347158,1706206373,20,package.json,npm@10.1.0,package.json,[],projects/govuk-frontend/repo
aea0df1700fec4ce45e8fd46598342130a628d1c,1706206530,20,package.json,npm@10.1.0,package.json,[],projects/govuk-frontend/repo
bba51e3e5a3aec8f0456b7e0da993753fc699861,1706206530,20,package.json,npm@10.1.0,package.json,[],projects/govuk-frontend/repo
34a6727eee11cd1bd67611b83cec50df0620431a,1706206591,20,package.json,npm@10.1.0,package.json,[],projects/govuk-frontend/repo
3a14ded61f87286799c9157b5b2d271845fe9fd5,1706261583,20,package.json,npm@10.1.0,package.json,[],projects/govuk-frontend/repo
faf6d3d8375062a674f5643fb2aa0f0d9dc852dc,1706261669,20,package.json,npm@10.1.0,package.json,[],projects/govuk-frontend/repo
cc5167b2138966291436559f15e086a08cd1a570,1706261715,20,package.json,npm@10.1.0,package.json,[],projects/govuk-frontend/repo
74b54fa823ab25fe95b33d873501863e57f87eb2,1706264090,20,package.json,npm@10.1.0,package.json,[],projects/govuk-frontend/repo
8b034e0b5a6c1124bfc6912d2c417aad6e0f0284,1706264838,20,package.json,npm@10.1.0,package.json,[],projects/govuk-frontend/repo
8b531dec3c9036f1214934f92f319df6f50f8195,1706264838,20,package.json,npm@10.1.0,package.json,[],projects/govuk-frontend/repo
858ac1bcfcb86128dfd21d3585538b7f0da908a9,1706264838,20,package.json,npm@10.1.0,package.json,[],projects/govuk-frontend/repo
4bedd4f0835c8baf28b47fa249af298d2bf01e92,1706264838,20,package.json,npm@10.1.0,package.json,[],projects/govuk-frontend/repo
cb90d0bb2926bbb1d974fb355063631364a8bf8d,1706264838,20,package.json,npm@10.1.0,package.json,[],projects/govuk-frontend/repo
8844837b3b6937c5579944410d89cf7544e02b6b,1706264838,20,package.json,npm@10.1.0,package.json,[],projects/govuk-frontend/repo
9029414b424c79df2dd15907ce00948f97502241,1706264839,20,package.json,npm@10.1.0,package.json,[],projects/govuk-frontend/repo
a3db832bd5781ec69873f0b52764100293ca0d2a,1706265052,20,package.json,npm@10.1.0,package.json,[],projects/govuk-frontend/repo
0a4545dc2b764c34387a50661e9fd4d3c28e810c,1706288266,20,package.json,npm@10.1.0,package.json,[],projects/govuk-frontend/repo
51f174d6fb709b0ed70090a4d06416fa50d41f5e,1706288411,20,package.json,npm@10.1.0,package.json,[],projects/govuk-frontend/repo
22625037c59e3dece2a24cfc393786b2fdf5b1a9,1706522757,20,package.json,npm@10.1.0,package.json,[],projects/govuk-frontend/repo
67970fc95d776aa1472b6ef51459bea7086b229d,1706522846,20,package.json,npm@10.1.0,package.json,[],projects/govuk-frontend/repo
227997ad07c023c14ffb04bea1933a831aeb9f2b,1706525965,20,package.json,npm@10.1.0,package.json,[],projects/govuk-frontend/repo
222fda50d659759a33068b0d7cb7da5f28775104,1706526542,20,package.json,npm@10.1.0,package.json,[],projects/govuk-frontend/repo
b8110fdb46a05488afe49d09fb7c47c1097c8215,1706527360,20,package.json,npm@10.1.0,package.json,[],projects/govuk-frontend/repo
3a8420fbce121c8852fe7f666eed18373ce71508,1706527410,20,package.json,npm@10.1.0,package.json,[],projects/govuk-frontend/repo
056e1d4067ccfa465bf42108b949a551e29171e0,1706527455,20,package.json,npm@10.1.0,package.json,[],projects/govuk-frontend/repo
f7b8da31a1f9df01b6f94ad4ae4e685552815d39,1706527499,20,package.json,npm@10.1.0,package.json,[],projects/govuk-frontend/repo
47db0ac3c5f79d6f3eff79e5bd900fd99a744c1c,1706527550,20,package.json,npm@10.1.0,package.json,[],projects/govuk-frontend/repo
456b30e16893b32c9d8f52dd6ad826e27060184c,1706528735,20,package.json,npm@10.1.0,package.json,[],projects/govuk-frontend/repo
791a054abcc952c31614b6c561828b6f196a686b,1706528826,20,package.json,npm@10.1.0,package.json,[],projects/govuk-frontend/repo
504318f24eef890d8ed4e6d4d3b1e9af805173de,1706528956,20,package.json,npm@10.1.0,package.json,[],projects/govuk-frontend/repo
578fd1ce22c200841a9640f008f868a682512f79,1706529396,20,package.json,npm@10.1.0,package.json,[],projects/govuk-frontend/repo
1be8099a6e2e4ef611d9e2f1cac15bf03680d3c5,1706529580,20,package.json,npm@10.1.0,package.json,[],projects/govuk-frontend/repo
4e57c6a44c5be5152b223b81fd225604f4d9dad1,1706529717,20,package.json,npm@10.1.0,package.json,[],projects/govuk-frontend/repo
e3dfdfe079584fbbf5d48ea9b8821675d8dccd3e,1706529818,20,package.json,npm@10.1.0,package.json,[],projects/govuk-frontend/repo
8f74a8a8b3d01a28fa0779b5608eb5219f2e7d2d,1706530035,20,package.json,npm@10.1.0,package.json,[],projects/govuk-frontend/repo
f61caaf325991b5e938602cae6dbbcdadec25c43,1706530169,20,package.json,npm@10.1.0,package.json,[],projects/govuk-frontend/repo
92520c4894502cf2c4228139b9437dcdb19b4331,1706531259,20,package.json,npm@10.1.0,package.json,[],projects/govuk-frontend/repo
815c78c7c04dbe489ef92407373fa582cac501c7,1706531628,20,package.json,npm@10.1.0,package.json,[],projects/govuk-frontend/repo
dc9636d6e2c71c6557759fa82385bde5eb7a1f38,1706531806,20,package.json,npm@10.1.0,package.json,[],projects/govuk-frontend/repo
2337e95da551b19fc3218f7de9c561a4f207025a,1706537370,20,package.json,npm@10.1.0,package.json,[],projects/govuk-frontend/repo
4f1b8274eaf485675a43795c1a874a1a278eccee,1706537392,20,package.json,npm@10.1.0,package.json,[],projects/govuk-frontend/repo
66510027bc288e61dbe6668228050f68a7711d97,1706538330,20,package.json,npm@10.1.0,package.json,[],projects/govuk-frontend/repo
8e6ce758c32e38d9681dba406041ce4c400cc4de,1706538772,20,package.json,npm@10.1.0,package.json,[],projects/govuk-frontend/repo
4251dd8d65e3a2f011b0a03583b6a975d82625f9,1706544847,20,package.json,npm@10.1.0,package.json,[],projects/govuk-frontend/repo
993e83479623563f9ad5c98080fcb9e8855ae833,1706625836,20,package.json,npm@10.1.0,package.json,[],projects/govuk-frontend/repo
301d48ac1e783d70d03c9a32ea2734ad610e21bc,1706692404,20,package.json,npm@10.1.0,package.json,[],projects/govuk-frontend/repo
8eeca8e8a7980dfaceb6619ca97084fdb63634f6,1706693174,20,package.json,npm@10.1.0,package.json,[],projects/govuk-frontend/repo
d0d905b7d7490623142eb1958ea04576e396f62c,1706695643,20,package.json,npm@10.1.0,package.json,[],projects/govuk-frontend/repo
554bfd020cb6ac9f022c4eb632e3a10f0b50427e,1706696625,20,package.json,npm@10.1.0,package.json,[],projects/govuk-frontend/repo
1eaa6470b92cd0e52184dd104c6ae7551c3b039a,1706785684,20,package.json,npm@10.1.0,package.json,[],projects/govuk-frontend/repo
74d326a2f8e25d9c25efe58326c865a1f9c91062,1706786819,20,package.json,npm@10.1.0,package.json,[],projects/govuk-frontend/repo
26ea3ac66c867a10272111819cd0322a75f546bb,1706787425,20,package.json,npm@10.1.0,package.json,[],projects/govuk-frontend/repo
bd93180337ba58369074e676b2ba68cee510906c,1706787518,20,package.json,npm@10.1.0,package.json,[],projects/govuk-frontend/repo
93bdf9b246b9db0f39b228c923669c4c4cf68243,1706787518,20,package.json,npm@10.1.0,package.json,[],projects/govuk-frontend/repo
61ea53f02eb03ebb33b9b3832fc3826ff8ef69b6,1706787518,20,package.json,npm@10.1.0,package.json,[],projects/govuk-frontend/repo
32c8e7b3ea89fce98291c7542af3a94d84bca72f,1706787518,20,package.json,npm@10.1.0,package.json,[],projects/govuk-frontend/repo
f5737e52d93330ef58af14e3308fcb163b076f52,1706788288,20,package.json,npm@10.1.0,package.json,[],projects/govuk-frontend/repo
c5a22ad1b13d3cfc42cb4c6a168969946bde0254,1706789540,20,package.json,npm@10.1.0,package.json,[],projects/govuk-frontend/repo
001ad76b61d5e454671020cec4415caad753f751,1706800123,20,package.json,npm@10.1.0,package.json,[],projects/govuk-frontend/repo
fbd4d1c79aa627b9b84f6a70a501b7e86bcf94c6,1706800124,20,package.json,npm@10.1.0,package.json,[],projects/govuk-frontend/repo
abc31722cde6739b6ca035c72ddff6daf05df7b7,1706800124,20,package.json,npm@10.1.0,package.json,[],projects/govuk-frontend/repo
eb3c18d8e75cb752fce368ad2c3b84ed11037b9d,1706800641,20,package.json,npm@10.1.0,package.json,[],projects/govuk-frontend/repo
69a9ff9826b1188eb3864e525649c6e8ee2518ef,1706866176,20,package.json,npm@10.1.0,package.json,[],projects/govuk-frontend/repo
dd2ea400c752b6c1c6822f6d7f2dc92b99719ad1,1706867391,20,package.json,npm@10.1.0,package.json,[],projects/govuk-frontend/repo
f1060b6043a959986c721ef3c08793c985b25a33,1706869075,20,package.json,npm@10.1.0,package.json,[],projects/govuk-frontend/repo
1ed26b06fb1275efe2d023dfa8861c471bd3e2a9,1706872952,20,package.json,npm@10.1.0,package.json,[],projects/govuk-frontend/repo
02f5803008fb2f0f215cf184fd2f1c0612a77ad2,1706875784,20,package.json,npm@10.1.0,package.json,[],projects/govuk-frontend/repo
220a4c07f753b3d94535ba0543e752a90643b251,1706875904,20,package.json,npm@10.1.0,package.json,[],projects/govuk-frontend/repo
ffbfd864e2c66e5640d71cf27cb4c726a316ccbd,1706875907,20,package.json,npm@10.1.0,package.json,[],projects/govuk-frontend/repo
7bf27e65faa7574499aca9bd85433b50023a028b,1706876495,20,package.json,npm@10.1.0,package.json,[],projects/govuk-frontend/repo
18cc1009d479f9c3167877ab1b8599d1b2cdbfe1,1706877200,20,package.json,npm@10.1.0,package.json,[],projects/govuk-frontend/repo
70c3da08f3eb377ca62a734cda4ab0161a5bebe2,1706880763,20,package.json,npm@10.1.0,package.json,[],projects/govuk-frontend/repo
07f5f219196fb903fdf873910676584aa3a34efd,1706880765,20,package.json,npm@10.1.0,package.json,[],projects/govuk-frontend/repo
6fa2b678072c00dd8d12a65c69f1778c087029e7,1707127681,20,package.json,npm@10.1.0,package.json,[],projects/govuk-frontend/repo
1dd00b59a149d6de0400c6c281fcfcb7b9dac950,1707129579,20,package.json,npm@10.1.0,package.json,[],projects/govuk-frontend/repo
a6ec0a861edd1ae23082e6fa4ee2e33c4a5b278c,1707129750,20,package.json,npm@10.1.0,package.json,[],projects/govuk-frontend/repo
7e598824e5385d8bbb6a713d4da92a35047e22b8,1707129777,20,package.json,npm@10.1.0,package.json,[],projects/govuk-frontend/repo
d97d12e230ca479228ef9988318df8ff66c593d9,1707129848,20,package.json,npm@10.1.0,package.json,[],projects/govuk-frontend/repo
876a4b8218f05a4a8a082d43649907932c661860,1707140216,20,package.json,npm@10.1.0,package.json,[],projects/govuk-frontend/repo
cebd2e9afb04f03f024d1f6dbc7a330b9d330b57,1707142599,20,package.json,npm@10.1.0,package.json,[],projects/govuk-frontend/repo
3ee36fd4dcb18f392b14dd49607ddc9c9007a6a1,1707147484,20,package.json,npm@10.1.0,package.json,[],projects/govuk-frontend/repo
eb8b3455db510e296cd58f1a14093d98367c03b6,1707147883,20,package.json,npm@10.1.0,package.json,[],projects/govuk-frontend/repo
eb647f7b572d8ba29c31e24d0724ee8ba5ddd7a0,1707151714,20,package.json,npm@10.1.0,package.json,[],projects/govuk-frontend/repo
cb411896a1513de13264ec56e033150cc7a42483,1707207781,20,package.json,npm@10.1.0,package.json,[],projects/govuk-frontend/repo
282929522b3d909f80e2ef85c645ebb247eac103,1707207831,20,package.json,npm@10.1.0,package.json,[],projects/govuk-frontend/repo
b910e1ee926de9b9672aa2b1cc53c653cf8d77ad,1707207850,20,package.json,npm@10.1.0,package.json,[],projects/govuk-frontend/repo
660f6b218e48350c7bf0965f1193a61b01389c1d,1707208077,20,package.json,npm@10.1.0,package.json,[],projects/govuk-frontend/repo
58edb7b23b4493c9e1cb268fe244542281b64ab8,1707211536,20,package.json,npm@10.1.0,package.json,[],projects/govuk-frontend/repo
3b7c481629cb3b973f5704f6177f5206410c741e,1707212803,20,package.json,npm@10.1.0,package.json,[],projects/govuk-frontend/repo
5f149e94b924785acad10c617c7cc7f129c981d5,1707212819,20,package.json,npm@10.1.0,package.json,[],projects/govuk-frontend/repo
7abe3b47fcd48f5f97e32ec26f72634f56136fcb,1707212852,20,package.json,npm@10.1.0,package.json,[],projects/govuk-frontend/repo
27a9fa76963606edb1c57439edcc489932025c00,1707213264,20,package.json,npm@10.1.0,package.json,[],projects/govuk-frontend/repo
b8af302efa740b7481ffde1f1d294dd5a5987abf,1707213297,20,package.json,npm@10.1.0,package.json,[],projects/govuk-frontend/repo
9169b16db9977bc473ba487195f1819322e9ebfe,1707213892,20,package.json,npm@10.1.0,package.json,[],projects/govuk-frontend/repo
81d75c076df728db7ef7da564ff8ab18b8fc6191,1707218710,20,package.json,npm@10.1.0,package.json,[],projects/govuk-frontend/repo
d8422110a4145f7540fda76566519a097753c060,1707218811,20,package.json,npm@10.1.0,package.json,[],projects/govuk-frontend/repo
d1ff1f2bdee672f4e6cd5735f3d7903337f3c48c,1707218876,20,package.json,npm@10.1.0,package.json,[],projects/govuk-frontend/repo
769ec7787ef41a4c7a4d0fbf7f528c1c062fb22d,1707220970,20,package.json,npm@10.1.0,package.json,[],projects/govuk-frontend/repo
92be409c833708b83d3f30a592e3d96d5c201d5d,1707223438,20,package.json,npm@10.1.0,package.json,[],projects/govuk-frontend/repo
bc3a7ee289f063f466ce39c251c51ee62babadce,1707225983,20,package.json,npm@10.1.0,package.json,[],projects/govuk-frontend/repo
396996fba09f8ac6d08276f9b7c28c9739ce753d,1707226052,20,package.json,npm@10.1.0,package.json,[],projects/govuk-frontend/repo
2292c526fce6cb10f3c8fd4b7ca6e99580e7843d,1707254178,20,package.json,npm@10.1.0,package.json,[],projects/govuk-frontend/repo
2141e2eded4e8663f0ae64bf04763d6feeae3dbd,1707254283,20,package.json,npm@10.1.0,package.json,[],projects/govuk-frontend/repo
f43e1e82e572a780bfd2b76d2bb0630bfb5b2af8,1707303902,20,package.json,npm@10.1.0,package.json,[],projects/govuk-frontend/repo
819324f08d4aed7c7bacaf61f599e85c9ce78cfb,1707303909,20,package.json,npm@10.1.0,package.json,[],projects/govuk-frontend/repo
78ca753b4e67f4644dd1e3fe8fedab10c780d56d,1707383070,20,package.json,npm@10.1.0,package.json,[],projects/govuk-frontend/repo
4d5ca2a99cd76a2abf6baeaad5b9a7c6000e257a,1707403722,20,package.json,npm@10.1.0,package.json,[],projects/govuk-frontend/repo
f84c5a9953269101aa2bc049275292a56e3f4e2b,1707403762,20,package.json,npm@10.1.0,package.json,[],projects/govuk-frontend/repo
1704a4e04994196c050eaf270e1a626896ae2acd,1707403769,20,package.json,npm@10.1.0,package.json,[],projects/govuk-frontend/repo
0bb58d9cfc39b5c851a51cf5ef94a53d1d552436,1707420113,20,package.json,npm@10.1.0,package.json,[],projects/govuk-frontend/repo
f120c55a22dd1b851d2c0183b534a831bafcadbc,1707424196,20,package.json,npm@10.1.0,package.json,[],projects/govuk-frontend/repo
e8d1566d82db130dcb54f831c436dddbe541f0df,1707424448,20,package.json,npm@10.1.0,package.json,[],projects/govuk-frontend/repo
8b8f016708b3279681b309b07f416d9420f3133f,1707424448,20,package.json,npm@10.1.0,package.json,[],projects/govuk-frontend/repo
aa390fbc5aace7953002322cde680b4a76af84f0,1707424914,20,package.json,npm@10.1.0,package.json,[],projects/govuk-frontend/repo
f0e77cd5cc6b14ffc6fe6825d2e3862d6e69ef3e,1707424914,20,package.json,npm@10.1.0,package.json,[],projects/govuk-frontend/repo
11908ee8b855bf702c2a41d1d195e21fd6ed3d83,1707424950,20,package.json,npm@10.1.0,package.json,[],projects/govuk-frontend/repo
2ce87a613f61fafd8f75a2610eb5d5d5b1c9b18d,1707425968,20,package.json,npm@10.1.0,package.json,[],projects/govuk-frontend/repo
72a7da3fbe40692e86b0d437f08945a7e87b0cb6,1707425968,20,package.json,npm@10.1.0,package.json,[],projects/govuk-frontend/repo
e9e8b33b4503e0d6dfb129c5f7b8bb081ade989a,1707425968,20,package.json,npm@10.1.0,package.json,[],projects/govuk-frontend/repo
e9f680032ec35c144fdced7cf752b66cbd3c1a5a,1707425969,20,package.json,npm@10.1.0,package.json,[],projects/govuk-frontend/repo
391c15adec4f676dcf6a25554a17f16336300006,1707425969,20,package.json,npm@10.1.0,package.json,[],projects/govuk-frontend/repo
2c6a6946d98c39d2e9543c8bcc89a9a981bd0770,1707426678,20,package.json,npm@10.1.0,package.json,[],projects/govuk-frontend/repo
f1d8603801d6f8772aab5d01695289ada3f4592a,1707427274,20,package.json,npm@10.1.0,package.json,[],projects/govuk-frontend/repo
bfb08aa1dfd1867fea076259b2e6ad190d52d964,1707427275,20,package.json,npm@10.1.0,package.json,[],projects/govuk-frontend/repo
f2ddc1ac3975c1e3b0e058b24e40bdb94ff89335,1707428073,20,package.json,npm@10.1.0,package.json,[],projects/govuk-frontend/repo
14d5521b59b2449d548695fb9f6a250c958f83b6,1707428073,20,package.json,npm@10.1.0,package.json,[],projects/govuk-frontend/repo
6955db326a2e560c9862d29b28e39bd8f4020829,1707428073,20,package.json,npm@10.1.0,package.json,[],projects/govuk-frontend/repo
8b1b5aa13286fa45c91a481b479fc3e389f75c6d,1707428074,20,package.json,npm@10.1.0,package.json,[],projects/govuk-frontend/repo
50da39a9f53a4d9750819870bdeb8e94930a40a5,1707466276,20,package.json,npm@10.1.0,package.json,[],projects/govuk-frontend/repo
0b9ced07b1afc405417f222baf61d975f47e3816,1707467205,20,package.json,npm@10.1.0,package.json,[],projects/govuk-frontend/repo
414c69b9a6e9183669d58eb62a72ddb5963729c7,1707467818,20,package.json,npm@10.1.0,package.json,[],projects/govuk-frontend/repo
c7c9e40801499decc7b7bdf62b975e4f8d03893b,1707471065,20,package.json,npm@10.1.0,package.json,[],projects/govuk-frontend/repo
fd41deaaf4bcac426dacee3f9afb4f26cd184928,1707733133,20,package.json,npm@10.1.0,package.json,[],projects/govuk-frontend/repo
1470229af35c4b12a2310d6b0d3148e0bf6d91dc,1707733197,20,package.json,npm@10.1.0,package.json,[],projects/govuk-frontend/repo
5c029fb0e397e561abd95d8c803814fc1d5fdf77,1707733343,20,package.json,npm@10.1.0,package.json,[],projects/govuk-frontend/repo
6f63c3059c1d74326e359857457cc430fa100310,1707733412,20,package.json,npm@10.1.0,package.json,[],projects/govuk-frontend/repo
042cb6025ce99ce081cafd6af427a074c998b935,1707733460,20,package.json,npm@10.1.0,package.json,[],projects/govuk-frontend/repo
5c906f06b885d23497bb4a7fe820266c0a5eae58,1707733491,20,package.json,npm@10.1.0,package.json,[],projects/govuk-frontend/repo
25d1eb52a720a11f0f980c49c708e313f6472d53,1707733559,20,package.json,npm@10.1.0,package.json,[],projects/govuk-frontend/repo
1cc413167b25f8df3d6036616833f76098f4a0e6,1707733563,20,package.json,npm@10.1.0,package.json,[],projects/govuk-frontend/repo
f81989aeaa7c9f355bf80e1ea6911f9396302256,1707733924,20,package.json,npm@10.1.0,package.json,[],projects/govuk-frontend/repo
c07b90f30169f53d3fc059a66668dd31de282336,1707736933,20,package.json,npm@10.1.0,package.json,[],projects/govuk-frontend/repo
352398f8255dfb4e2052df3542a39526c900de31,1707740485,20,package.json,npm@10.1.0,package.json,[],projects/govuk-frontend/repo
8093940ac86b33c038f28d56d3a09d79cc4fe75c,1707740485,20,package.json,npm@10.1.0,package.json,[],projects/govuk-frontend/repo
2c5502ad186fa4626853e4327b6d0ae0a3fe4d09,1707740486,20,package.json,npm@10.1.0,package.json,[],projects/govuk-frontend/repo
08f0a5dd14641411e23d597e19375e12d208861d,1707740486,20,package.json,npm@10.1.0,package.json,[],projects/govuk-frontend/repo
d531d5c2098d24d8b6630e0e7adca324ba3184d6,1707740626,20,package.json,npm@10.1.0,package.json,[],projects/govuk-frontend/repo
b0b480fda6d021b11ae376fb3fa5071510414647,1707740626,20,package.json,npm@10.1.0,package.json,[],projects/govuk-frontend/repo
08bb6adc0a21c9d819fe9f2f9817e17d94e5c7fe,1707740626,20,package.json,npm@10.1.0,package.json,[],projects/govuk-frontend/repo
689804c87cc2ce4d8c74dc8864597328331455b0,1707745604,20,package.json,npm@10.1.0,package.json,[],projects/govuk-frontend/repo
ec61c50710a815115a6772a61d90e3141bc9e77b,1707745710,20,package.json,npm@10.1.0,package.json,[],projects/govuk-frontend/repo
c0d33ce474bc7586f2e96ae29d6b62435f8092de,1707745746,20,package.json,npm@10.1.0,package.json,[],projects/govuk-frontend/repo
4f5cc415783ca78066c2505454fb54858cf4020b,1707746058,20,package.json,npm@10.1.0,package.json,[],projects/govuk-frontend/repo
90cb7d1395d6930400ef0402f3ab7c602690ae33,1707746058,20,package.json,npm@10.1.0,package.json,[],projects/govuk-frontend/repo
add6c7ebb405dff69686f75a5a9b2bce7ea8e8c3,1707746660,20,package.json,npm@10.1.0,package.json,[],projects/govuk-frontend/repo
03a932d768bf7cbf321dad8e28c2fc475de5e00f,1707746784,20,package.json,npm@10.1.0,package.json,[],projects/govuk-frontend/repo
2a84406c5c45bb0a4b4b6426a23262ebb11e21a2,1707749531,20,package.json,npm@10.1.0,package.json,[],projects/govuk-frontend/repo
71174b7392a34ad1433ac12a63b29bad4f143595,1707749604,20,package.json,npm@10.1.0,package.json,[],projects/govuk-frontend/repo
dbb584caae1a1925594538daabac16c1be284a05,1707755081,20,package.json,npm@10.1.0,package.json,[],projects/govuk-frontend/repo
877a6b1732c9cd4f57ab5866e642303d4746bc19,1707755147,20,package.json,npm@10.1.0,package.json,[],projects/govuk-frontend/repo
39e77afb84b8074df281967af6c450c122df8f32,1707756751,20,package.json,npm@10.1.0,package.json,[],projects/govuk-frontend/repo
92677e89baeb0322896365da703172acb24386d5,1707756871,20,package.json,npm@10.1.0,package.json,[],projects/govuk-frontend/repo
2f765981f97f1be0a92fc24383b7da64acb454e1,1707757042,20,package.json,npm@10.1.0,package.json,[],projects/govuk-frontend/repo
ac7a7d90164692217b5936a111763b4d8c2c21ca,1707757070,20,package.json,npm@10.1.0,package.json,[],projects/govuk-frontend/repo
6ac692888c30e70bf0f8e00a63f5189e6d9a3dcb,1707757212,20,package.json,npm@10.1.0,package.json,[],projects/govuk-frontend/repo
af480159b5e51a6c3ad5c46ef891c5ad6c7545c7,1707757470,20,package.json,npm@10.1.0,package.json,[],projects/govuk-frontend/repo
bf353d997856d3e8796201fc74dfda3136b5d955,1707757510,20,package.json,npm@10.1.0,package.json,[],projects/govuk-frontend/repo
0b5cb164faca9f44b6b51aadca1f673e51dde277,1707815591,20,package.json,npm@10.1.0,package.json,[],projects/govuk-frontend/repo
fe8cbac45c8bd9c3118fa2d144eec4502fa52e4c,1707816044,20,package.json,npm@10.1.0,package.json,[],projects/govuk-frontend/repo
c661006a0e67f6be88b8cfc31ca0a0f819d5c9ed,1707816983,20,package.json,npm@10.1.0,package.json,[],projects/govuk-frontend/repo
a4bac3c2b83938db530b279edae6a845b5e2ef24,1707817025,20,package.json,npm@10.1.0,package.json,[],projects/govuk-frontend/repo
aa38418092d1590386a9c0ef39c774ab6b2c5220,1707817552,20,package.json,npm@10.1.0,package.json,[],projects/govuk-frontend/repo
83eaffaa5bd3514cb173f1ee08a0b36d9afebe2a,1707818260,20,package.json,npm@10.1.0,package.json,[],projects/govuk-frontend/repo
5fcf17619c736a258d526a2128cc77ec1f975dc2,1707829064,20,package.json,npm@10.1.0,package.json,[],projects/govuk-frontend/repo
73eb43a979061d21539c43c65ce546272ff5ac03,1707829064,20,package.json,npm@10.1.0,package.json,[],projects/govuk-frontend/repo
30a965e930da3a733527db3d8a031948de81c276,1707829064,20,package.json,npm@10.1.0,package.json,[],projects/govuk-frontend/repo
97b497043d3dfb1ea344186e8d2b95e84ccb61dd,1707829064,20,package.json,npm@10.1.0,package.json,[],projects/govuk-frontend/repo
522ac72cd181a22d7152f76da41e4614fd2a2754,1707829064,20,package.json,npm@10.1.0,package.json,[],projects/govuk-frontend/repo
9a29bc313abcedd5633161c56dcbd97ab1fb9c8f,1707829064,20,package.json,npm@10.1.0,package.json,[],projects/govuk-frontend/repo
b338c6970d9c37bfebd16fb2ede134e6599fa4e0,1707829064,20,package.json,npm@10.1.0,package.json,[],projects/govuk-frontend/repo
073656806c4cd8a79207b9bd9fcb1863509e4964,1707829358,20,package.json,npm@10.1.0,package.json,[],projects/govuk-frontend/repo
8a72480521c5211d36b7b55f89b21a5d815c95ba,1707834644,20,package.json,npm@10.1.0,package.json,[],projects/govuk-frontend/repo
823f15ea1614b9a186f33634873ba010854c26e4,1707844116,20,package.json,npm@10.1.0,package.json,[],projects/govuk-frontend/repo
cfd7c129b22e6d2e9c887cb965e167c002601412,1707845924,20,package.json,npm@10.1.0,package.json,[],projects/govuk-frontend/repo
df31cac60dbe45f1b2fbd10810f17ae155ee56d4,1707845924,20,package.json,npm@10.1.0,package.json,[],projects/govuk-frontend/repo
e6743379c3f7e0b5695c9c5f27eabb3b57598d28,1707845924,20,package.json,npm@10.1.0,package.json,[],projects/govuk-frontend/repo
3ea4adba71fb2f5f5ae69c8d9b99707d1483d618,1707903735,20,package.json,npm@10.1.0,package.json,[],projects/govuk-frontend/repo
41137745ff8eb2b869b4fcd69e4a538f23879bef,1707918075,20,package.json,npm@10.1.0,package.json,[],projects/govuk-frontend/repo
44c3502a6800394eae7b16cb3ea892adcd4d8981,1707918828,20,package.json,npm@10.1.0,package.json,[],projects/govuk-frontend/repo
ebc31499279bf65d22773a378f704369dd1e5f74,1707925700,20,package.json,npm@10.1.0,package.json,[],projects/govuk-frontend/repo
1e3733d7d422ce329309841677838694137886c7,1707925700,20,package.json,npm@10.1.0,package.json,[],projects/govuk-frontend/repo
d13f46b4987a9e4e978fcf58db069dc430593ead,1707925700,20,package.json,npm@10.1.0,package.json,[],projects/govuk-frontend/repo
5a5171ee9175c92357217e547d841cce6a735d21,1707925700,20,package.json,npm@10.1.0,package.json,[],projects/govuk-frontend/repo
998f66d1391e7a8e8105c09e84cfab01e999754c,1707925700,20,package.json,npm@10.1.0,package.json,[],projects/govuk-frontend/repo
096c83d0a7be315867c99d147be4cb11c7927a89,1707925739,20,package.json,npm@10.1.0,package.json,[],projects/govuk-frontend/repo
549527f343be4e0a6b3c0f36618d333684da66a5,1707925750,20,package.json,npm@10.1.0,package.json,[],projects/govuk-frontend/repo
56fc909f395caede98440e061488bddc940fef81,1707928277,20,package.json,npm@10.1.0,package.json,[],projects/govuk-frontend/repo
6c6a2b40e56aa4c9903f18523d31372098429fff,1707984937,20,package.json,npm@10.1.0,package.json,[],projects/govuk-frontend/repo
693e885ce1f8dc825564a19618669f0f621d2eeb,1707985583,20,package.json,npm@10.1.0,package.json,[],projects/govuk-frontend/repo
40d748fdf962aee5549a449806f1421f25f92021,1707985583,20,package.json,npm@10.1.0,package.json,[],projects/govuk-frontend/repo
80e554694ae77ae0c71477f1fbafff2bac7ad8eb,1707993655,20,package.json,npm@10.1.0,package.json,[],projects/govuk-frontend/repo
394aa0692816a9920ff8ed874bfe8f7dc02e5bdc,1708006279,20,package.json,npm@10.1.0,package.json,[],projects/govuk-frontend/repo
39f09c38f17aea170d788782c03b1a5a449d8255,1708008158,20,package.json,npm@10.1.0,package.json,[],projects/govuk-frontend/repo
788a02a544563288106380beae2f731888312bf8,1708030422,20,package.json,npm@10.1.0,package.json,[],projects/govuk-frontend/repo
bd36e0edeb28f568d3522df983a90c90bdd03e02,1708031525,20,package.json,npm@10.1.0,package.json,[],projects/govuk-frontend/repo
cc046ec1c74b31a8852a28eb7667613fdf5343a9,1708033219,20,package.json,npm@10.1.0,package.json,[],projects/govuk-frontend/repo
b923cba2c27c0788daaf63d75eb80b15bb79644f,1708087102,20,package.json,npm@10.1.0,package.json,[],projects/govuk-frontend/repo
a973c2ee84487d1f7407b9e1b69b8113edc65d63,1708087102,20,package.json,npm@10.1.0,package.json,[],projects/govuk-frontend/repo
65221a9539f987f76475a50f7cb6faa64cc78170,1708087103,20,package.json,npm@10.1.0,package.json,[],projects/govuk-frontend/repo
401dc2c25a2b1efd463e3deb8238d81a30aa1f73,1708087425,20,package.json,npm@10.1.0,package.json,[],projects/govuk-frontend/repo
56d40fa43b7f99f872b5095269ce06d788c4e24b,1708088071,20,package.json,npm@10.1.0,package.json,[],projects/govuk-frontend/repo
11b6334420bbcbb3c312c1018bd09b3317344471,1708089541,20,package.json,npm@10.1.0,package.json,[],projects/govuk-frontend/repo
8b32b63a691633cc79666053239703e44681dd81,1708095601,20,package.json,npm@10.1.0,package.json,[],projects/govuk-frontend/repo
7e9482b4b41842c18e64220784a7d55026edb7b6,1708097161,20,package.json,npm@10.1.0,package.json,[],projects/govuk-frontend/repo
d4611739394b0a3b59958270c020209d566bf6db,1708106247,20,package.json,npm@10.1.0,package.json,[],projects/govuk-frontend/repo
0669ed93c9b757510e0ffbe49d96f2f5fe01eb3f,1708337384,20,package.json,npm@10.1.0,package.json,[],projects/govuk-frontend/repo
fff5b37c36a2087cec61c3d0fb7d851f1d13953d,1708337733,20,package.json,npm@10.1.0,package.json,[],projects/govuk-frontend/repo
57ee572e217b54435d8bf8ec37c92b8f8ac0f928,1708338268,20,package.json,npm@10.1.0,package.json,[],projects/govuk-frontend/repo
9c42053ae4e4c2ff4b8ff9697c717a542d675856,1708338328,20,package.json,npm@10.1.0,package.json,[],projects/govuk-frontend/repo
4b2f307888456fb0b9fbab07a78460dce591450f,1708338398,20,package.json,npm@10.1.0,package.json,[],projects/govuk-frontend/repo
70aebb65384504af16272c90b1bd816765c1587e,1708338441,20,package.json,npm@10.1.0,package.json,[],projects/govuk-frontend/repo
595a2f8ef0e9bd402e289d0f4809eb1879f912c8,1708338486,20,package.json,npm@10.1.0,package.json,[],projects/govuk-frontend/repo
5bad7477e02a3805071cf0bd9bff56803c9b3fe7,1708352486,20,package.json,npm@10.1.0,package.json,[],projects/govuk-frontend/repo
86c9ca9830610c29753e45d5428f34388d1bd7ce,1708352608,20,package.json,npm@10.1.0,package.json,[],projects/govuk-frontend/repo
96db97202fb5912e053322c8238371483ee3bc81,1708360026,20,package.json,npm@10.1.0,package.json,[],projects/govuk-frontend/repo
0b17eaf560344287d3f31d1b8e167cf295d43df5,1708360050,20,package.json,npm@10.1.0,package.json,[],projects/govuk-frontend/repo
18a400c2b25c8c5fcb265de0e70957d3447afeb0,1708360442,20,package.json,npm@10.1.0,package.json,[],projects/govuk-frontend/repo
24505309c818227bd4d50f30b3800c223aa7fe5c,1708360486,20,package.json,npm@10.1.0,package.json,[],projects/govuk-frontend/repo
15139c75417439d6ae3a408ef3eba7e79e2f5ad2,1708360639,20,package.json,npm@10.1.0,package.json,[],projects/govuk-frontend/repo
605c85478732f13f80a5b8b130f7a18106133468,1708361128,20,package.json,npm@10.1.0,package.json,[],projects/govuk-frontend/repo
a6c983af0bc1a8b83ca1e18a7f55aec71b748c69,1708361583,20,package.json,npm@10.1.0,package.json,[],projects/govuk-frontend/repo
7cbb25f1d0da077e4d4707fb8829a749fb0a8fb1,1708361792,20,package.json,npm@10.1.0,package.json,[],projects/govuk-frontend/repo
4295a81631913837cb76e4292965def9fa5a1cc9,1708362763,20,package.json,npm@10.1.0,package.json,[],projects/govuk-frontend/repo
463cb175c6dac24059bba4c2bf0d4e6721baaf2a,1708363278,20,package.json,npm@10.1.0,package.json,[],projects/govuk-frontend/repo
c460f49ddb30acd612599c9bb4aaba59aa7c0a64,1708368648,20,package.json,npm@10.1.0,package.json,[],projects/govuk-frontend/repo
bc69e6777173d63d405d00361a2ef83b111b7440,1708368648,20,package.json,npm@10.1.0,package.json,[],projects/govuk-frontend/repo
39e34e0a0b20750b1dd6df5ab93f9477d1be1f6f,1708369754,20,package.json,npm@10.1.0,package.json,[],projects/govuk-frontend/repo
04d15a043d7e543f046edbf7fe432b239af34dec,1708445713,20,package.json,npm@10.1.0,package.json,[],projects/govuk-frontend/repo
da851878d6a196b4d820777c27ccccd0b59b5336,1708445760,20,package.json,npm@10.1.0,package.json,[],projects/govuk-frontend/repo
3f37d958da79bb01133dc1ddf40a737cdc3fd2e2,1708449882,20,package.json,npm@10.1.0,package.json,[],projects/govuk-frontend/repo
139cbe3e1d546905daf6fe4b4795007c5ca69c4f,1708450408,20,package.json,npm@10.1.0,package.json,[],projects/govuk-frontend/repo
8715b9a0d89bcf8cadd8783a0cf841b6c537612f,1708450411,20,package.json,npm@10.1.0,package.json,[],projects/govuk-frontend/repo
21d568725d14e74aa3f5d7256983c6c1340a055e,1708450768,20,package.json,npm@10.1.0,package.json,[],projects/govuk-frontend/repo
6f4d16fe14f0879944e44325ee265a51a4a9e61b,1708451394,20,package.json,npm@10.1.0,package.json,[],projects/govuk-frontend/repo
afad4e867f39800e1377ed2c884961e659d89a06,1708459437,20,package.json,npm@10.1.0,package.json,[],projects/govuk-frontend/repo
f3cf1be058a77a1ec364c41c82a8cb5bacf2775a,1708504951,20,package.json,npm@10.1.0,package.json,[],projects/govuk-frontend/repo
04f754b52522efcfc5db853e1fbbf9a6668a3b07,1708505067,20,package.json,npm@10.1.0,package.json,[],projects/govuk-frontend/repo
62518059275d768e24774b46cb07201fc59fd52e,1708509508,20,package.json,npm@10.1.0,package.json,[],projects/govuk-frontend/repo
87e42454832f09cd2488617b242f1142ec364d67,1708513704,20,package.json,npm@10.1.0,package.json,[],projects/govuk-frontend/repo
ac860edf4cd915a8d9e9263c62241a91f6a6e853,1708514039,20,package.json,npm@10.1.0,package.json,[],projects/govuk-frontend/repo
c8621113a6a0931f475f56dfc886f3bc02ab29d1,1708514629,20,package.json,npm@10.1.0,package.json,[],projects/govuk-frontend/repo
88abbb40cf984e23f12c8bd9bce58ca6347d4ad3,1708516878,20,package.json,npm@10.1.0,package.json,[],projects/govuk-frontend/repo
0b316d4306160c784a0c75cbdce5ee40ce59e4a8,1708520124,20,package.json,npm@10.1.0,package.json,[],projects/govuk-frontend/repo
c32309be30ebe00c52af6807f7bbce159e97846e,1708941727,20,package.json,npm@10.1.0,package.json,[],projects/govuk-frontend/repo
5743a7f9a7bee200528eb282c5d621327f9ed29d,1708943509,20,package.json,npm@10.1.0,package.json,[],projects/govuk-frontend/repo
dd0ec9dfbbd48403e84bbaeea74ce6dc0498d36c,1708943656,20,package.json,npm@10.1.0,package.json,[],projects/govuk-frontend/repo
efe8237957f87d73ff4e1140339cf6ae97cb1be6,1708943966,20,package.json,npm@10.1.0,package.json,[],projects/govuk-frontend/repo
eb0a762bc298944070ba732ca08d858f4e010b89,1708944009,20,package.json,npm@10.1.0,package.json,[],projects/govuk-frontend/repo
9ac45a0f77ef3972d19723d1f95d0eb5042aaecd,1708944094,20,package.json,npm@10.1.0,package.json,[],projects/govuk-frontend/repo
d32210eb919ea62e06e2790f09dc69090775574b,1708944138,20,package.json,npm@10.1.0,package.json,[],projects/govuk-frontend/repo
39fde92e337e5c1719ec094491078efeb088244b,1708945768,20,package.json,npm@10.1.0,package.json,[],projects/govuk-frontend/repo
00e7333297be7691aaaacf4ec1611b538796413f,1708945854,20,package.json,npm@10.1.0,package.json,[],projects/govuk-frontend/repo
ad193079c98a05e2a7b504b61475a7c6b47ef9e4,1708945926,20,package.json,npm@10.1.0,package.json,[],projects/govuk-frontend/repo
6a3a79307ed605eed93ce1f42e264cfa04a4714a,1708948180,20,package.json,npm@10.1.0,package.json,[],projects/govuk-frontend/repo
efe5efe47d2137264c6f088d02bbc3b0162a0cbf,1708948269,20,package.json,npm@10.1.0,package.json,[],projects/govuk-frontend/repo
3b3ea84c9bfc82b06aebeb0930fe72bd2a8638b7,1708948425,20,package.json,npm@10.1.0,package.json,[],projects/govuk-frontend/repo
ea4eae240fb3bdd16539bd176476234a9d3d481a,1708949230,20,package.json,npm@10.1.0,package.json,[],projects/govuk-frontend/repo
d37c9ac791d2e7355263b821c151a512c8db80bb,1708949361,20,package.json,npm@10.1.0,package.json,[],projects/govuk-frontend/repo
f8aa28e2c34fc6803c59f124747d675f5568a9ac,1708949518,20,package.json,npm@10.1.0,package.json,[],projects/govuk-frontend/repo
bd0fc493df1af18a442e91ce705bd18b8f557673,1708950408,20,package.json,npm@10.1.0,package.json,[],projects/govuk-frontend/repo
eaff9e4588b0d8fea0ca0d10f313e7edff92d231,1708963863,20,package.json,npm@10.1.0,package.json,[],projects/govuk-frontend/repo
b0053b511ea5fce707149175ffadd190a243157d,1708964347,20,package.json,npm@10.1.0,package.json,[],projects/govuk-frontend/repo
73bc8c3829c38e17af34e9ffe08dea959b9b4750,1709030314,20,package.json,npm@10.1.0,package.json,[],projects/govuk-frontend/repo
10ab18c2cfa206c8286c5f29a5ae639bd2bbbf07,1709030314,20,package.json,npm@10.1.0,package.json,[],projects/govuk-frontend/repo
41aa5e0d5e21cdc929e20e689338ef33af4b92dd,1709030315,20,package.json,npm@10.1.0,package.json,[],projects/govuk-frontend/repo
e7bcccda3db9ac0fd2d7bbf8bf6dbd64a0306c97,1709030315,20,package.json,npm@10.1.0,package.json,[],projects/govuk-frontend/repo
3312ea225d0df114342e09d61b623757242ac682,1709030315,20,package.json,npm@10.1.0,package.json,[],projects/govuk-frontend/repo
035c12acd2d8ca880926a978d6991df92c659793,1709030887,20,package.json,npm@10.1.0,package.json,[],projects/govuk-frontend/repo
8ea19ea5ccea8eceed9ac695cfbefb274429189f,1709032846,20,package.json,npm@10.1.0,package.json,[],projects/govuk-frontend/repo
1132c9f555e3aff50343ef8225db5807962f5064,1709034967,20,package.json,npm@10.1.0,package.json,[],projects/govuk-frontend/repo
f0bd61feedbbfa35b650d9fdc518347fa6e4e3b8,1709035031,20,package.json,npm@10.1.0,package.json,[],projects/govuk-frontend/repo
e92f66ca479bf7c4247cb6ad483f7008e132ac5d,1709035686,20,package.json,npm@10.1.0,package.json,[],projects/govuk-frontend/repo
201d2ccb93add4d96054b619c5590379c5b88275,1709288725,20,package.json,npm@10.1.0,package.json,[],projects/govuk-frontend/repo
799977dbce8002a61b831ecaf7e8763f9db2d3e5,1709288822,20,package.json,npm@10.1.0,package.json,[],projects/govuk-frontend/repo
b10dd3feaf25ec42d6f3eadecfed88d22f175fd7,1709289714,20,package.json,npm@10.1.0,package.json,[],projects/govuk-frontend/repo
93ff75fc5122a2361ca96416b2fac1133cf6872f,1709317004,20,package.json,npm@10.1.0,package.json,[],projects/govuk-frontend/repo
964a453ba96c8f96f0145f66137f40c43720901e,1709318152,20,package.json,npm@10.1.0,package.json,[],projects/govuk-frontend/repo
711a451a055509f8dfb7d447cc90a5358ff2ea02,1709547872,20,package.json,npm@10.1.0,package.json,[],projects/govuk-frontend/repo
81125442175b23372df415d7d9dcf5485cdb3a83,1709548262,20,package.json,npm@10.1.0,package.json,[],projects/govuk-frontend/repo
b351463f8db94a54a2cd981aebf91762ca79356f,1709548430,20,package.json,npm@10.1.0,package.json,[],projects/govuk-frontend/repo
4f2b3b5f07ec4056877841a01e3ee3ae6be9cb06,1709549751,20,package.json,npm@10.1.0,package.json,[],projects/govuk-frontend/repo
753cf054fd9ba120852bd62606ec24e269e006be,1709550257,20,package.json,npm@10.1.0,package.json,[],projects/govuk-frontend/repo
c63f9204ba5257724f7969da1cf1c9404c6b1a7a,1709550483,20,package.json,npm@10.1.0,package.json,[],projects/govuk-frontend/repo
80110def3ffc206f9e29d45fd7ef2e5503553126,1709551360,20,package.json,npm@10.1.0,package.json,[],projects/govuk-frontend/repo
318a35c51d96dddaaa90db2fada44c2e12c6bb4e,1709551420,20,package.json,npm@10.1.0,package.json,[],projects/govuk-frontend/repo
29365ae25947cec776b8c52a711a99e1ef9b7f93,1709551481,20,package.json,npm@10.1.0,package.json,[],projects/govuk-frontend/repo
7b7afad554ef72f476b0f69b1e87b15e295fbec9,1709551531,20,package.json,npm@10.1.0,package.json,[],projects/govuk-frontend/repo
597d34da534e8e4532791b871f3b8770373176d0,1709558245,20,package.json,npm@10.1.0,package.json,[],projects/govuk-frontend/repo
aca10439059eb0addf91c6c6e6095d6e870dc476,1709558284,20,package.json,npm@10.1.0,package.json,[],projects/govuk-frontend/repo
6fce6ed23bd12f6b600cf18f655bc57fb4d16dd7,1709558299,20,package.json,npm@10.1.0,package.json,[],projects/govuk-frontend/repo
66be81883ecd0e4be13756699a2fd81a4c981f42,1709560162,20,package.json,npm@10.1.0,package.json,[],projects/govuk-frontend/repo
5987fcafb46dcbb15a3d84c63b6ae61237d2e9d8,1709560189,20,package.json,npm@10.1.0,package.json,[],projects/govuk-frontend/repo
1b9ecf3c04d5fe0d067e81b7a0e25bb26d1c6fe3,1709560198,20,package.json,npm@10.1.0,package.json,[],projects/govuk-frontend/repo
7fc7c36c55f5c360e3a90a5d9d865bd6fa582a55,1709560836,20,package.json,npm@10.1.0,package.json,[],projects/govuk-frontend/repo
a66eae44eda2aacc43c64ef4e6c35d61e8dbbc7f,1709648344,20,package.json,npm@10.1.0,package.json,[],projects/govuk-frontend/repo
99899a226001b3cd723f1081d7953e96b1826477,1709648373,20,package.json,npm@10.1.0,package.json,[],projects/govuk-frontend/repo
2b4d143b0b41d6033c3caa08f3fadb9e754fe335,1709648396,20,package.json,npm@10.1.0,package.json,[],projects/govuk-frontend/repo
d6f819b6cade12a13ae33b63d4f00ce6bedc76eb,1709648644,20,package.json,npm@10.1.0,package.json,[],projects/govuk-frontend/repo
dad0a50764f5fc6d1e408f143853090b19671e69,1709648775,20,package.json,npm@10.1.0,package.json,[],projects/govuk-frontend/repo
56cad2134cc932bf67aa7ad2e9528a28c2551cdb,1709648858,20,package.json,npm@10.1.0,package.json,[],projects/govuk-frontend/repo
f378bd37151655acde6574c026484b21b7a9f043,1709648960,20,package.json,npm@10.1.0,package.json,[],projects/govuk-frontend/repo
55806406189e3e42384ab74aebe7a6483e85d157,1709648963,20,package.json,npm@10.1.0,package.json,[],projects/govuk-frontend/repo
6e516f5ba400a655c325fc0783df59d3e4694134,1709649243,20,package.json,npm@10.1.0,package.json,[],projects/govuk-frontend/repo
b99b8ba23d6ec003f98540d4954361a778a3fa98,1709649304,20,package.json,npm@10.1.0,package.json,[],projects/govuk-frontend/repo
582ffbcabaf1c2861665497a8b96b258d9fe091e,1709650111,20,package.json,npm@10.1.0,package.json,[],projects/govuk-frontend/repo
a4dee45c6df121924f651bda80e7bf9a83465be4,1709650134,20,package.json,npm@10.1.0,package.json,[],projects/govuk-frontend/repo
2acc19e4a973be0621781b101ce430411f203bba,1709650155,20,package.json,npm@10.1.0,package.json,[],projects/govuk-frontend/repo
04e1608fbda7d69f0e61ed2defe79f8674cdb996,1709650174,20,package.json,npm@10.1.0,package.json,[],projects/govuk-frontend/repo
20f06f7a97354f045747daf0edfb750845406463,1709650316,20,package.json,npm@10.1.0,package.json,[],projects/govuk-frontend/repo
3242801b0f63aed2bde36676a4cf263d320ef88e,1709651766,20,package.json,npm@10.1.0,package.json,[],projects/govuk-frontend/repo
c78eda80ea72d886692408573bcd1ad51ccfca33,1709712913,20,package.json,npm@10.1.0,package.json,[],projects/govuk-frontend/repo
b2b0188e75939a3a43fef5639215bd7ad74f9018,1709712913,20,package.json,npm@10.1.0,package.json,[],projects/govuk-frontend/repo
d9b569439b33e6ab70eb61ff0fb6bd7e27bea2db,1709712913,20,package.json,npm@10.1.0,package.json,[],projects/govuk-frontend/repo
ee42acf00cc2d4ad2a277d5a923af761b4347810,1709712913,20,package.json,npm@10.1.0,package.json,[],projects/govuk-frontend/repo
46d21276f685f2556e3d642f56a93ab861623157,1709729944,20,package.json,npm@10.1.0,package.json,[],projects/govuk-frontend/repo
47551e37f5191229fb2802398d078311d6bf1d6c,1709730833,20,package.json,npm@10.1.0,package.json,[],projects/govuk-frontend/repo
d2e86e95af3c7ba3488e04b4200d0a198eb2d99e,1709736181,20,package.json,npm@10.1.0,package.json,[],projects/govuk-frontend/repo
38a1cbd3b9e07b43c7e2ba223e1c343286f57ac3,1709736265,20,package.json,npm@10.1.0,package.json,[],projects/govuk-frontend/repo
bc733f1fdf619c0310361c523943dcdf6ad9a0dc,1709736491,20,package.json,npm@10.1.0,package.json,[],projects/govuk-frontend/repo
dd31668eebbee1729188c6c2f0b089336d7bfecc,1709736539,20,package.json,npm@10.1.0,package.json,[],projects/govuk-frontend/repo
ae385996c06ee65a82ab73adb6d68234251bdf4c,1709736564,20,package.json,npm@10.1.0,package.json,[],projects/govuk-frontend/repo
67f11095c4170c7132e72dc1eef8e1473d511207,1709736594,20,package.json,npm@10.1.0,package.json,[],projects/govuk-frontend/repo
47f9de0ed473140b1e8b83974a6bf9622a7ee5e2,1709737773,20,package.json,npm@10.1.0,package.json,[],projects/govuk-frontend/repo
041b19e95289af1ac1395b60b6851d41b53efa4f,1709739110,20,package.json,npm@10.1.0,package.json,[],projects/govuk-frontend/repo
8c0879a1e6b378dee263fea3e14d67f670a1cd81,1709739201,20,package.json,npm@10.1.0,package.json,[],projects/govuk-frontend/repo
a673b4b6d78ca996d7e08a355b9210c79c274064,1709807535,20,package.json,npm@10.1.0,package.json,[],projects/govuk-frontend/repo
99e09e55d3ab4f77cd7e478dc4502622333b5848,1709812114,20,package.json,npm@10.1.0,package.json,[],projects/govuk-frontend/repo
103aaa5e8c3bfa51cde6ed9d5e6f3eb6101f2f79,1709812150,20,package.json,npm@10.1.0,package.json,[],projects/govuk-frontend/repo
9e9a841ca47636b533b0981d92f9dab3d413fe2b,1709812191,20,package.json,npm@10.1.0,package.json,[],projects/govuk-frontend/repo
58bbd5ce79064e1dcec41636e384e1e750d69cc2,1709812257,20,package.json,npm@10.1.0,package.json,[],projects/govuk-frontend/repo
ec81c0d4beeaf1ef26746aae0a735afc3c627fa7,1709812278,20,package.json,npm@10.1.0,package.json,[],projects/govuk-frontend/repo
37a0fd8ae14a1a7430d38fda8c513334e643092f,1709812407,20,package.json,npm@10.1.0,package.json,[],projects/govuk-frontend/repo
8dd3f6576ae2a0d7067c56de48b3a0b9e19966e8,1709812451,20,package.json,npm@10.1.0,package.json,[],projects/govuk-frontend/repo
3f3a2c2ccb6cb7439fc86e0ad7f675356c306826,1709816395,20,package.json,npm@10.1.0,package.json,[],projects/govuk-frontend/repo
64f72f82f558d3425bcd298a38da4709c0e94de6,1709849881,20,package.json,npm@10.1.0,package.json,[],projects/govuk-frontend/repo
53024e899fd796f977152e1d960b882f8ccd4502,1709849881,20,package.json,npm@10.1.0,package.json,[],projects/govuk-frontend/repo
31efb1b967aa527ce2a18843cc44c384a7f56398,1709849881,20,package.json,npm@10.1.0,package.json,[],projects/govuk-frontend/repo
9bb03c3a928ef698d72785d1d2434c61de2bf0ee,1709849882,20,package.json,npm@10.1.0,package.json,[],projects/govuk-frontend/repo
a22c5d74ebeea4499a5bf8a11c4f3178233ea2fd,1709894250,20,package.json,npm@10.1.0,package.json,[],projects/govuk-frontend/repo
d6182fe4b3a973f0d338fc438daf1fc6ef869d5a,1709894892,20,package.json,npm@10.1.0,package.json,[],projects/govuk-frontend/repo
0464c08bb04643d0bbe27b5356fbe2509000b9d7,1709899019,20,package.json,npm@10.1.0,package.json,[],projects/govuk-frontend/repo
e590d122149f80dd5b0d83edf305b716c0ff0753,1709908099,20,package.json,npm@10.1.0,package.json,[],projects/govuk-frontend/repo
ff1729e5bbb0d92c1833bb982ea970d6df2b40b1,1709916233,20,package.json,npm@10.1.0,package.json,[],projects/govuk-frontend/repo
a748e7465d2750620f17e057431d2e28b16d2c49,1709916300,20,package.json,npm@10.1.0,package.json,[],projects/govuk-frontend/repo
7458577fbe2d83f519230ab830578920a58ccf0c,1709916337,20,package.json,npm@10.1.0,package.json,[],projects/govuk-frontend/repo
5f7d55ef611944014a10cac980992e032240b883,1709916337,20,package.json,npm@10.1.0,package.json,[],projects/govuk-frontend/repo
c847853edb6a32017bb06657bace8c8076d6d4e3,1709916338,20,package.json,npm@10.1.0,package.json,[],projects/govuk-frontend/repo
8ce1dc419602429e95b6cfc4ca37b0ba702d8d0c,1709916338,20,package.json,npm@10.1.0,package.json,[],projects/govuk-frontend/repo
9358b7219de0e9fd7c2a7e77ef4cc2e3693d8d41,1709916338,20,package.json,npm@10.1.0,package.json,[],projects/govuk-frontend/repo
6aabc95d3988bd92a86a2ffda37a694e3081793b,1709917240,20,package.json,npm@10.1.0,package.json,[],projects/govuk-frontend/repo
6a151f315d9d4af55a10411e1089e9cd328124f4,1709922958,20,package.json,npm@10.1.0,package.json,[],projects/govuk-frontend/repo
aa7b05c27238c1e2117d21519ea101e75d413e67,1709922958,20,package.json,npm@10.1.0,package.json,[],projects/govuk-frontend/repo
5d55c4c749d9ccb604fda201c4ea27ffb1ce7041,1709922958,20,package.json,npm@10.1.0,package.json,[],projects/govuk-frontend/repo
a0b45c1c03d136c778c80162dd4a95e7e5c00ff9,1709922958,20,package.json,npm@10.1.0,package.json,[],projects/govuk-frontend/repo
cfebbdf0e9e906bd6afb3c0deaa4cdbb1fa9f459,1709922958,20,package.json,npm@10.1.0,package.json,[],projects/govuk-frontend/repo
ad8f06f5bf07c435ad0f530985cee82438761140,1709923366,20,package.json,npm@10.1.0,package.json,[],projects/govuk-frontend/repo
5d965ffea31a620e202dcd4518952520c2ae5b17,1709923366,20,package.json,npm@10.1.0,package.json,[],projects/govuk-frontend/repo
f23132ccefd048f58df7a307b76b847fbeadb9f9,1709923366,20,package.json,npm@10.1.0,package.json,[],projects/govuk-frontend/repo
2a26269475a2fdc3873b9552115debe77d5ed2e8,1709923366,20,package.json,npm@10.1.0,package.json,[],projects/govuk-frontend/repo
9563f5a8e8412b33aa17b35899647ac0aa7e498a,1710154058,20,package.json,npm@10.1.0,package.json,[],projects/govuk-frontend/repo
3103b983c53a63cc1e6850cc082d7338a85ca2dc,1710154113,20,package.json,npm@10.1.0,package.json,[],projects/govuk-frontend/repo
f0c1e267ea775bea3c8711bc39b72457566ce8ad,1710154277,20,package.json,npm@10.1.0,package.json,[],projects/govuk-frontend/repo
20d175b670fc20c8baad1c078925ee9b6b849a31,1710154299,20,package.json,npm@10.1.0,package.json,[],projects/govuk-frontend/repo
6f32eb7d6738d3186b4956fb23a5d1a688a4c85c,1710154307,20,package.json,npm@10.1.0,package.json,[],projects/govuk-frontend/repo
f0ef63fac044032e6928dd08fef016289edfedac,1710154329,20,package.json,npm@10.1.0,package.json,[],projects/govuk-frontend/repo
7bd6781efe526bbf01e384fcbbe9f85a16b7e882,1710155056,20,package.json,npm@10.1.0,package.json,[],projects/govuk-frontend/repo
ff102701f448f3d597e2bc925308a2319545be15,1710157253,20,package.json,npm@10.1.0,package.json,[],projects/govuk-frontend/repo
1a02a5d6106c1aa5f0e9c1508e2c3d125fadffbc,1710157869,20,package.json,npm@10.1.0,package.json,[],projects/govuk-frontend/repo
b4f678b6c1c723c5dc4ebe451b05ed399407e2fd,1710159662,20,package.json,npm@10.1.0,package.json,[],projects/govuk-frontend/repo
0bf07e125384c0006ffb059c4ad26ed613d1374a,1710170652,20,package.json,npm@10.1.0,package.json,[],projects/govuk-frontend/repo
e4323f8458f886280baf8168f0c4a9fd734b63f0,1710170682,20,package.json,npm@10.1.0,package.json,[],projects/govuk-frontend/repo
ebcc2863422e49e2b73b4e4bb937e6817daf46b0,1710171510,20,package.json,npm@10.1.0,package.json,[],projects/govuk-frontend/repo
7361466b619b8418d64af75e2941a6db90d9c92c,1710171851,20,package.json,npm@10.1.0,package.json,[],projects/govuk-frontend/repo
eda7cd4267a79e13a7910d9ec800c6b18606ca01,1710172734,20,package.json,npm@10.1.0,package.json,[],projects/govuk-frontend/repo
901f84c7f88e27f0c13728f8125d2f727494c97f,1710172775,20,package.json,npm@10.1.0,package.json,[],projects/govuk-frontend/repo
a885b6226305946a89e0de1336afe10858b8adb5,1710172863,20,package.json,npm@10.1.0,package.json,[],projects/govuk-frontend/repo
badceea3a041cd8ae798197414214ecb64057770,1710242258,20,package.json,npm@10.1.0,package.json,[],projects/govuk-frontend/repo
d370c5b723c35b4365987609f0e12c8d1055a952,1710242259,20,package.json,npm@10.1.0,package.json,[],projects/govuk-frontend/repo
d876d84bc4faee52f709436976dd7387149d3c07,1710242259,20,package.json,npm@10.1.0,package.json,[],projects/govuk-frontend/repo
4bfd65d19154dd369bbefb51d725a15db83cad90,1710242696,20,package.json,npm@10.1.0,package.json,[],projects/govuk-frontend/repo
5cbd7a6223748b5a29b49f6bca180f1f8bcb60ff,1710258334,20,package.json,npm@10.1.0,package.json,[],projects/govuk-frontend/repo
a3326cff4ac19ea01172866220ad27540e7c3f01,1710261920,20,package.json,npm@10.1.0,package.json,[],projects/govuk-frontend/repo
35225f152a3073b1ecd501e4addac967d3bd5b3a,1710262383,20,package.json,npm@10.1.0,package.json,[],projects/govuk-frontend/repo
ef6b1cf20619dd9191b19d75751e215a2bad3b9d,1710262384,20,package.json,npm@10.1.0,package.json,[],projects/govuk-frontend/repo
ea53ddd34008ec42a454bf2ca45a237abacb4545,1710262385,20,package.json,npm@10.1.0,package.json,[],projects/govuk-frontend/repo
33a48cb465385eceb6076b7e593074f6f6782e5a,1710262386,20,package.json,npm@10.1.0,package.json,[],projects/govuk-frontend/repo
38f88345866ccd5d3956ca9c276b7e759ee12984,1710262386,20,package.json,npm@10.1.0,package.json,[],projects/govuk-frontend/repo
14a1b4a1df3cb3ed29c47ff91e07562fd917cb4d,1710262390,20,package.json,npm@10.1.0,package.json,[],projects/govuk-frontend/repo
335926ab7c8a505ecfec329d1346fa103edddc56,1710262390,20,package.json,npm@10.1.0,package.json,[],projects/govuk-frontend/repo
dc89d7241599cb4250e030051aa55f9e3c3d383e,1710262391,20,package.json,npm@10.1.0,package.json,[],projects/govuk-frontend/repo
8524793c24a966e51f24dc15dbcb8207b563004e,1710262391,20,package.json,npm@10.1.0,package.json,[],projects/govuk-frontend/repo
0f7722435e74d9376df966b8549c8f0557d8ece1,1710262391,20,package.json,npm@10.1.0,package.json,[],projects/govuk-frontend/repo
436a555f86a1f1a8d14c87f61fc254c17dee296b,1710262391,20,package.json,npm@10.1.0,package.json,[],projects/govuk-frontend/repo
1f9d107f791fbb5321da7464d258fa4871cf9158,1710262391,20,package.json,npm@10.1.0,package.json,[],projects/govuk-frontend/repo
85f7e766cf297272009134e8ff6e1943853cb72f,1710262392,20,package.json,npm@10.1.0,package.json,[],projects/govuk-frontend/repo
da493379e6dc1cb93965052c40b42e053f2be1d9,1710262392,20,package.json,npm@10.1.0,package.json,[],projects/govuk-frontend/repo
5915a6683558b06fbb310b8cb37f8a07df907b5b,1710262392,20,package.json,npm@10.1.0,package.json,[],projects/govuk-frontend/repo
e9c64cf6cb531a0c6efee797000bc40d6f37fa1e,1710262392,20,package.json,npm@10.1.0,package.json,[],projects/govuk-frontend/repo
2a056a4a0f156f31105374b62eb28496cb90c9f7,1710262392,20,package.json,npm@10.1.0,package.json,[],projects/govuk-frontend/repo
028a2826683c54aeb5896f46b1e22a79f8c217c4,1710262393,20,package.json,npm@10.1.0,package.json,[],projects/govuk-frontend/repo
7a470016fd84300565955b00f90228e86919fbd2,1710262393,20,package.json,npm@10.1.0,package.json,[],projects/govuk-frontend/repo
022b0007f1a03d4f2dca7f4212d2099b5555d092,1710262394,20,package.json,npm@10.1.0,package.json,[],projects/govuk-frontend/repo
b223bfd9351469d34c30aed0cee642aa96fc7703,1710262397,20,package.json,npm@10.1.0,package.json,[],projects/govuk-frontend/repo
800447da33a3f47033a92fdf1fe4777410cbc59c,1710262400,20,package.json,npm@10.1.0,package.json,[],projects/govuk-frontend/repo
e858b43d6a0532ab5e538e039acf73d3028d9859,1710262423,20,package.json,npm@10.1.0,package.json,[],projects/govuk-frontend/repo
baf4927f90a2cfd0a52e1c8677bb152bb5343fb3,1710262425,20,package.json,npm@10.1.0,package.json,[],projects/govuk-frontend/repo
3e9792f516f37c8165c2ef9d363ff99e2e5e9f17,1710262427,20,package.json,npm@10.1.0,package.json,[],projects/govuk-frontend/repo
f28aa290461fb57269f3cb4ec4606052b3a6bde7,1710262432,20,package.json,npm@10.1.0,package.json,[],projects/govuk-frontend/repo
b48f7024c27fc14d3d71063539439a78712a3328,1710262434,20,package.json,npm@10.1.0,package.json,[],projects/govuk-frontend/repo
77f00c3294769a9f65ab89b330602d8e7b8a8590,1710262441,20,package.json,npm@10.1.0,package.json,[],projects/govuk-frontend/repo
d0f5c456add128601dff983577ec015d3e70e1c6,1710262450,20,package.json,npm@10.1.0,package.json,[],projects/govuk-frontend/repo
9b716c50a5658bae324d1eff79f3787665dec25e,1710262455,20,package.json,npm@10.1.0,package.json,[],projects/govuk-frontend/repo
ca304eb54148046ff7135c13c91b49faac02491a,1710262460,20,package.json,npm@10.1.0,package.json,[],projects/govuk-frontend/repo
c902abc22a6eb883648b764080ef6aba622683b3,1710262460,20,package.json,npm@10.1.0,package.json,[],projects/govuk-frontend/repo
fb86ccb07560d55c7034ec89d9ce0ec6aec3a2ad,1710262932,20,package.json,npm@10.1.0,package.json,[],projects/govuk-frontend/repo
5aca96fce6f249ca32404e056a7834d68f631317,1710264120,20,package.json,npm@10.1.0,package.json,[],projects/govuk-frontend/repo
d3d2215b9d11907bbf55c903c36e1e3a80d16891,1710264120,20,package.json,npm@10.1.0,package.json,[],projects/govuk-frontend/repo
b1cfb898c717856256a4d1ee4ca30a08eee8ad0c,1710264121,20,package.json,npm@10.1.0,package.json,[],projects/govuk-frontend/repo
770a13ce769eadf1b86a73bc6a2c97313a99baa6,1710408323,20,package.json,npm@10.1.0,package.json,[],projects/govuk-frontend/repo
8f349d7fa1b4a2e7e8be5b622b0d3735a10a8102,1710410580,20,package.json,npm@10.1.0,package.json,[],projects/govuk-frontend/repo
bf8d6c894d980a7dbbf8a49e7defdd550746976c,1710413173,20,package.json,npm@10.1.0,package.json,[],projects/govuk-frontend/repo
6601ebe329d919084d11eedcc73d3b90e9add14f,1710413674,20,package.json,npm@10.1.0,package.json,[],projects/govuk-frontend/repo
80d33b49d589ea1ffea15f9365e8ee1bc988a6ca,1710425859,20,package.json,npm@10.1.0,package.json,[],projects/govuk-frontend/repo
5ee936514a3aa9e84dadfa706344eec8d272b428,1710427651,20,package.json,npm@10.1.0,package.json,[],projects/govuk-frontend/repo
48d15230ba99695912b2120f77703383f1b7ba0f,1710429486,20,package.json,npm@10.1.0,package.json,[],projects/govuk-frontend/repo
5cd0c05c98a5d69816b2e2e3fe37b00061241602,1710494248,20,package.json,npm@10.1.0,package.json,[],projects/govuk-frontend/repo
812387fabd5b78631e65826e00c85f4d0e5d4789,1710495314,20,package.json,npm@10.1.0,package.json,[],projects/govuk-frontend/repo
07d562163912fb3789327316a3d2cb373e889ba0,1710499195,20,package.json,npm@10.1.0,package.json,[],projects/govuk-frontend/repo
2b5d9765a1167cad3ce0a5cd59b9d1fdcf3a17bd,1710501501,20,package.json,npm@10.1.0,package.json,[],projects/govuk-frontend/repo
097885834c62df4f40c093bb042da82b6cf2e91e,1710502772,20,package.json,npm@10.1.0,package.json,[],projects/govuk-frontend/repo
a7471ba2deb11ca62fe33b1ce34c750e8e052c92,1710513225,20,package.json,npm@10.1.0,package.json,[],projects/govuk-frontend/repo
13f1517592f72f8981a44532f10ba2f0f80394a1,1710515665,20,package.json,npm@10.1.0,package.json,[],projects/govuk-frontend/repo
1a3547f7411276695d68fa7c852968820c66fbda,1710629427,20,package.json,npm@10.1.0,package.json,[],projects/govuk-frontend/repo
8a1c1018a918f6539edbd52cf006f1dec30a042b,1710754795,20,package.json,npm@10.1.0,package.json,[],projects/govuk-frontend/repo
24aeede488064183b80b5d5db06be9732055823a,1710756213,20,package.json,npm@10.1.0,package.json,[],projects/govuk-frontend/repo
90c2971a12489b4379c991d7e296070bc08a5646,1710756560,20,package.json,npm@10.1.0,package.json,[],projects/govuk-frontend/repo
c7f1b2c76c270bb65307fcae80e0c9636ed6e955,1710756835,20,package.json,npm@10.1.0,package.json,[],projects/govuk-frontend/repo
f18b7b3efd3370a7388318029332bdc4b8ff2020,1710756860,20,package.json,npm@10.1.0,package.json,[],projects/govuk-frontend/repo
f0aaf81870a366160a26d58e96b1167804036095,1710756885,20,package.json,npm@10.1.0,package.json,[],projects/govuk-frontend/repo
4f3130637f5f91e94288fa6b4f2ffcef070e7e37,1710756907,20,package.json,npm@10.1.0,package.json,[],projects/govuk-frontend/repo
16f3bdd9cd06c97c4744350429642f28ed5f6892,1710756933,20,package.json,npm@10.1.0,package.json,[],projects/govuk-frontend/repo
5fcfe33f4d66797524c1bd363ee5c53578610eeb,1710757393,20,package.json,npm@10.1.0,package.json,[],projects/govuk-frontend/repo
874a013312b6c48bd4ea6f888a7c367749c37096,1710764049,20,package.json,npm@10.1.0,package.json,[],projects/govuk-frontend/repo
35b4b83e7cef2278d9f503cb578d84184fe46bb4,1710781217,20,package.json,npm@10.1.0,package.json,[],projects/govuk-frontend/repo
651ff2768c57e1880ccda9159a629fd362a070ff,1710843352,20,package.json,npm@10.1.0,package.json,[],projects/govuk-frontend/repo
b8aded668c24bd30c69890699288693cc0cc72d3,1710864875,20,package.json,npm@10.1.0,package.json,[],projects/govuk-frontend/repo
d18b5582cc5d1ca71bcf5343fd113799dcebacb1,1710864992,20,package.json,npm@10.1.0,package.json,[],projects/govuk-frontend/repo
121642d5fa95af38d8f4a174b7f8100b6206af9e,1710865375,20,package.json,npm@10.1.0,package.json,[],projects/govuk-frontend/repo
f5caaa07447868a89d15fa88989b1b2ab21cd205,1710865477,20,package.json,npm@10.1.0,package.json,[],projects/govuk-frontend/repo
e3c8c1346e1f3adb2aa0329a04f2b03f723fb68c,1710865508,20,package.json,npm@10.1.0,package.json,[],projects/govuk-frontend/repo
e031df2886f415ba61ae4d47324902ef2c9fcd94,1710865569,20,package.json,npm@10.1.0,package.json,[],projects/govuk-frontend/repo
000e89039927d72bc583e275fe3f8c7dd280f3b5,1710865643,20,package.json,npm@10.1.0,package.json,[],projects/govuk-frontend/repo
8c4fe7671d438c0bbc6040ed1303bc807ec8336b,1710866453,20,package.json,npm@10.1.0,package.json,[],projects/govuk-frontend/repo
9204b75f6e02d6e356cf3c7c2bdc518c3d113d70,1710866527,20,package.json,npm@10.1.0,package.json,[],projects/govuk-frontend/repo
7cd0b13ef0b1a5ad00a1e38fd8f9a9c7fad36383,1710866527,20,package.json,npm@10.1.0,package.json,[],projects/govuk-frontend/repo
8e63cbdb8e3c052172728c977c4687f8814b0cb4,1710867650,20,package.json,npm@10.1.0,package.json,[],projects/govuk-frontend/repo
6f6278f56e48d63cb7c8b68281fcd79fb9d5e184,1710868233,20,package.json,npm@10.1.0,package.json,[],projects/govuk-frontend/repo
7dcc4ecf6c74ee4fa1610187ed2c7abdafbebf45,1710868282,20,package.json,npm@10.1.0,package.json,[],projects/govuk-frontend/repo
960b0285ccc3789656b8210aec743515ef7c4d2b,1710928185,20,package.json,npm@10.1.0,package.json,[],projects/govuk-frontend/repo
0ef698abe9ae861f73bfbca684d2d19c05751c10,1710928607,20,package.json,npm@10.1.0,package.json,[],projects/govuk-frontend/repo
5ac5dcc43c3cbec1fbd43bccfb66871ef69af0a2,1710929113,20,package.json,npm@10.1.0,package.json,[],projects/govuk-frontend/repo
a7055224e6e8a8b35bff855c8b27acb07e9cfb2a,1710929205,20,package.json,npm@10.1.0,package.json,[],projects/govuk-frontend/repo
e61ad1d1a4d17f9311b049c989614595429e3d44,1710929740,20,package.json,npm@10.1.0,package.json,[],projects/govuk-frontend/repo
3e2dc49674c5304545fda0879fa7f6eee1b92cd6,1711362303,20,package.json,npm@10.1.0,package.json,[],projects/govuk-frontend/repo
3bd38b9622f20f3413bf7f0c8c502b479dacce80,1711362545,20,package.json,npm@10.1.0,package.json,[],projects/govuk-frontend/repo
f487ba1eed91d9e1f4f8e126c422f76009924c1b,1711362683,20,package.json,npm@10.1.0,package.json,[],projects/govuk-frontend/repo
0ee0298b6553dac18690e8ac52257892a7af4d76,1711363109,20,package.json,npm@10.1.0,package.json,[],projects/govuk-frontend/repo
2337c0b58eb6166a7bdb72534172f92e5adba6ac,1711363392,20,package.json,npm@10.1.0,package.json,[],projects/govuk-frontend/repo
56dedaac06eb8aff832f39c55c34777a65b74263,1711363477,20,package.json,npm@10.1.0,package.json,[],projects/govuk-frontend/repo
547421d15e4a221790979997864de9cd4e0af789,1711364188,20,package.json,npm@10.1.0,package.json,[],projects/govuk-frontend/repo
0d439169b51a94c517285d69dc13e329f2a3e727,1711364386,20,package.json,npm@10.1.0,package.json,[],projects/govuk-frontend/repo
26a49eb3d71113fa10b227733be4cd798a0328f1,1711364470,20,package.json,npm@10.1.0,package.json,[],projects/govuk-frontend/repo
a3b4eef4cc571fd41e62a724a00bd025fbe7822a,1711364910,20,package.json,npm@10.1.0,package.json,[],projects/govuk-frontend/repo
d25beeb619d1793bbac2eb315090f8b3fc2bdebb,1711365003,20,package.json,npm@10.1.0,package.json,[],projects/govuk-frontend/repo
79b5037b6274f417c11d22394439802f38289969,1711365038,20,package.json,npm@10.1.0,package.json,[],projects/govuk-frontend/repo
c7cee2d1a4c061b73244eaa337f05c0097747433,1711365994,20,package.json,npm@10.1.0,package.json,[],projects/govuk-frontend/repo
7da51f71a904d424d87cc7ebae0ca9f6f6f33867,1711377682,20,package.json,npm@10.1.0,package.json,[],projects/govuk-frontend/repo
58aea13b4920f82e4d2183793699292c04a4aaef,1711377761,20,package.json,npm@10.1.0,package.json,[],projects/govuk-frontend/repo
ad66ea7a50486a67f3d0c3a5cbeaaea1df6c7b7b,1711378087,20,package.json,npm@10.1.0,package.json,[],projects/govuk-frontend/repo
15f55d7f8948a1f383b2d203bbdaac357c9cf4a7,1711378713,20,package.json,npm@10.1.0,package.json,[],projects/govuk-frontend/repo
2238606c4c2f2310a3d1a7f7c3e339a9bbfc66fe,1711381819,20,package.json,npm@10.1.0,package.json,[],projects/govuk-frontend/repo
2d22c6ed65cad3f15aab5a60c5873734002db700,1711382102,20,package.json,npm@10.1.0,package.json,[],projects/govuk-frontend/repo
c3685e9091c9e36efa103f4fb28b4fe2fd39a5c0,1711382285,20,package.json,npm@10.1.0,package.json,[],projects/govuk-frontend/repo
f655ff05f68f68bc96e4da402a6fcbdf6e577128,1711382634,20,package.json,npm@10.1.0,package.json,[],projects/govuk-frontend/repo
8dae1dafec6f0725f9c6c9e9d25b023950488a06,1711382749,20,package.json,npm@10.1.0,package.json,[],projects/govuk-frontend/repo
5dddf27c6bb28b09ba0fa2c6e8ea60116be6af79,1711382808,20,package.json,npm@10.1.0,package.json,[],projects/govuk-frontend/repo
05bea72b132a35742dff2ee344a0767d429fe2ad,1711448998,20,package.json,npm@10.1.0,package.json,[],projects/govuk-frontend/repo
0801b62b7a79d4c9d3a8831b6d2b401ffb8a8211,1711449485,20,package.json,npm@10.1.0,package.json,[],projects/govuk-frontend/repo
0bdb77dd50ae1e39c34e98793d6dfc741d381f4d,1711449525,20,package.json,npm@10.1.0,package.json,[],projects/govuk-frontend/repo
2dd9c90b1376f55db40373d563b836833fd3133d,1711531522,20,package.json,npm@10.1.0,package.json,[],projects/govuk-frontend/repo
5f9e6ca2e5c46ed83c274b9c83eccaa42264dd49,1711639695,20,package.json,npm@10.1.0,package.json,[],projects/govuk-frontend/repo
e26232442adf2ba2a4f710a4b9e23e83c53e5cc2,1711963370,20,package.json,npm@10.1.0,package.json,[],projects/govuk-frontend/repo
cf5b6143626f46837b61e0651c704dd289d648cd,1711963973,20,package.json,npm@10.1.0,package.json,[],projects/govuk-frontend/repo
c956f1c25a51642d0dacd2bde5d0d75bd4dddf94,1711964289,20,package.json,npm@10.1.0,package.json,[],projects/govuk-frontend/repo
3a5ba0f139a56c53d659124b4bebfa874e303cc8,1712064612,20,package.json,npm@10.1.0,package.json,[],projects/govuk-frontend/repo
a89fc1271c78b62b9d1393faddf5e4d68f28a56a,1712064669,20,package.json,npm@10.1.0,package.json,[],projects/govuk-frontend/repo
94aad8b9a3afbc6d94868a7a00799b4bf52bd7a9,1712068410,20,package.json,npm@10.1.0,package.json,[],projects/govuk-frontend/repo
28450b104d0f1e941639f1fa9881a2904394c09b,1712069969,20,package.json,npm@10.1.0,package.json,[],projects/govuk-frontend/repo
babab575f22f16889350fc595fbea66dae142803,1712070037,20,package.json,npm@10.1.0,package.json,[],projects/govuk-frontend/repo
22aae3682dabd5fc528d5ac2a3618bb00e902adc,1712070654,20,package.json,npm@10.1.0,package.json,[],projects/govuk-frontend/repo
e26da74be4e1f89783e6f98829d1ef91aa43baf1,1712073170,20,package.json,npm@10.1.0,package.json,[],projects/govuk-frontend/repo
d5e5e6b14fa1f08717491f63261ea751b7894ab9,1712080974,20,package.json,npm@10.1.0,package.json,[],projects/govuk-frontend/repo
79ccd7e7eb6f51225d26360c514c8c691de0ad69,1712138363,20,package.json,npm@10.1.0,package.json,[],projects/govuk-frontend/repo
92a1f611548d5f6e1b38101ecb396e0e70a51deb,1712139967,20,package.json,npm@10.1.0,package.json,[],projects/govuk-frontend/repo
98d65b1d73b4b3ea22f84ed5a6065849f42ac1b0,1712149214,20,package.json,npm@10.1.0,package.json,[],projects/govuk-frontend/repo
5c7ce04068067253c8bb958bb571e37fb3e38af8,1712150169,20,package.json,npm@10.1.0,package.json,[],projects/govuk-frontend/repo
4b914bfdfc6c05d65b30fb4e425d4baaf7d892a5,1712157424,20,package.json,npm@10.1.0,package.json,[],projects/govuk-frontend/repo
34e7deea67c05ef118a7b330b3560bf71c1d654a,1712160781,20,package.json,npm@10.1.0,package.json,[],projects/govuk-frontend/repo
17b95f6758345991bd8e238626bdb7fd74d6bfc8,1712221618,20,package.json,npm@10.1.0,package.json,[],projects/govuk-frontend/repo
15a0af79a20cccbba0ddeff5d7fefda640e5b332,1712251623,20,package.json,npm@10.1.0,package.json,[],projects/govuk-frontend/repo
c5668d50adc7b70171d1b531cb5886b8836ceeac,1712302820,20,package.json,npm@10.1.0,package.json,[],projects/govuk-frontend/repo
06aea9b5ed5b2ae59769f60e9f596eec2a2bb57c,1712569900,20,package.json,npm@10.1.0,package.json,[],projects/govuk-frontend/repo
bd465bda9bea6b46aee8ac8f15b607a3b51c2b3b,1712576374,20,package.json,npm@10.1.0,package.json,[],projects/govuk-frontend/repo
456394f3a406c94416ba08f4fe8ad33d4a5e8919,1712920452,20,package.json,npm@10.1.0,package.json,[],projects/govuk-frontend/repo
f444d5d0ac6e1e04d258844ed3e347f2d76fb95a,1712921116,20,package.json,npm@10.1.0,package.json,[],projects/govuk-frontend/repo
bbc74c6fbf8e83a6f85a42a72509e281d05df116,1713184512,20,package.json,npm@10.1.0,package.json,[],projects/govuk-frontend/repo
c97b592ba1326d1f908001d9055a0efab742c762,1713186004,20,package.json,npm@10.1.0,package.json,[],projects/govuk-frontend/repo
6c7c0c47fbcb63054264ebe3cd3c41e286a2b01f,1713194232,20,package.json,npm@10.1.0,package.json,[],projects/govuk-frontend/repo
3a0993a63f472e39af59046bba5a4a1ce6637557,1713194232,20,package.json,npm@10.1.0,package.json,[],projects/govuk-frontend/repo
85523fd2a41ec28e8b257fe16c7de6fc257d6780,1713194232,20,package.json,npm@10.1.0,package.json,[],projects/govuk-frontend/repo
b0761c99423175937cc17d9ac97e6c3626f165fc,1713194232,20,package.json,npm@10.1.0,package.json,[],projects/govuk-frontend/repo
ea0f4acdcefd6ffd15d388d1578414d4372659db,1713194233,20,package.json,npm@10.1.0,package.json,[],projects/govuk-frontend/repo
ce2b03da14486b8a509c81902c323220e935f026,1713194233,20,package.json,npm@10.1.0,package.json,[],projects/govuk-frontend/repo
78b0795362c1c593605246ef0e04b4cf8704e41f,1713199054,20,package.json,npm@10.1.0,package.json,[],projects/govuk-frontend/repo
1871898df79e4c849f89d58f7bb10fb400aed436,1713426482,20,package.json,npm@10.1.0,package.json,[],projects/govuk-frontend/repo
5547e41df9f9eadee5deb9c3de7c1b912babf42a,1713456616,20,package.json,npm@10.1.0,package.json,[],projects/govuk-frontend/repo
4e473eb006ebcf383eb5ddc90c474bfc36f68589,1713457458,20,package.json,npm@10.1.0,package.json,[],projects/govuk-frontend/repo
fe7a019d970a604255f1e8ba8742cb55e2921d91,1713458123,20,package.json,npm@10.1.0,package.json,[],projects/govuk-frontend/repo
e1b561157a5bbaf08e24347c9a5f4ebf66d899cd,1713517250,20,package.json,npm@10.1.0,package.json,[],projects/govuk-frontend/repo
6c22c7b693d14132914663ef2dd07d9ac06617a7,1713518133,20,package.json,npm@10.1.0,package.json,[],projects/govuk-frontend/repo
4d35a4908a28e25d5d2a47a66fb25680d5b34975,1713518638,20,package.json,npm@10.1.0,package.json,[],projects/govuk-frontend/repo
ddc2c9e06d6a747d24b6ca7711c934d88b3deb68,1713521666,20,package.json,npm@10.1.0,package.json,[],projects/govuk-frontend/repo
e30c8418e564cd319f89e0d4e691c4a17078bc85,1713522243,20,package.json,npm@10.1.0,package.json,[],projects/govuk-frontend/repo
24368717ff9eb4f8f48d5ca5ed0396991ee63535,1713526920,20,package.json,npm@10.1.0,package.json,[],projects/govuk-frontend/repo
2247743fa59397051544b4e9fdbd57ec4e7007d9,1713531763,20,package.json,npm@10.1.0,package.json,[],projects/govuk-frontend/repo
d428a918227669a749560b505b5883ab5a2d904d,1713531797,20,package.json,npm@10.1.0,package.json,[],projects/govuk-frontend/repo
0022d53a3bf3793fcab58a6df2368acfea382a43,1713532786,20,package.json,npm@10.1.0,package.json,[],projects/govuk-frontend/repo
e0dd116e56daf7c7c215fc6259f5cd895acd1a6e,1713533333,20,package.json,npm@10.1.0,package.json,[],projects/govuk-frontend/repo
fb5afe077528fa663cf72f8c571f36a6a643addc,1713533674,20,package.json,npm@10.1.0,package.json,[],projects/govuk-frontend/repo
50d958b7aaa63b047a77be742af923d7014fb7f1,1713948401,20,package.json,npm@10.1.0,package.json,[],projects/govuk-frontend/repo
27835fa50d181d4e6d49fb3d37e309855d57d89f,1713953307,20,package.json,npm@10.1.0,package.json,[],projects/govuk-frontend/repo
b6ed3a2360f91edd153ce10789e4391f6975d4f3,1714384207,20,package.json,npm@10.1.0,package.json,[],projects/govuk-frontend/repo
10becc956209a914fa99c4532bbf5b212d7f663e,1714384211,20,package.json,npm@10.1.0,package.json,[],projects/govuk-frontend/repo
96ba9aa3283016c61fdf138cbb8a180f12493101,1714397470,20,package.json,npm@10.1.0,package.json,[],projects/govuk-frontend/repo
5d35537e523da980b2a4a3f0583743092d92f740,1714402872,20,package.json,npm@10.1.0,package.json,[],projects/govuk-frontend/repo
cf576d96326f81ee48a1535bf889dcfcec8e4682,1714402905,20,package.json,npm@10.1.0,package.json,[],projects/govuk-frontend/repo
b6f5a239d29d3d8f773e59bce014f854ed8fba53,1714408473,20,package.json,npm@10.1.0,package.json,[],projects/govuk-frontend/repo
1b790e8d363abd7ae7b9525fdc4599f7fbf84b91,1714408518,20,package.json,npm@10.1.0,package.json,[],projects/govuk-frontend/repo
85e7fe4780263e34a946749e417b8559937e5527,1714409259,20,package.json,npm@10.1.0,package.json,[],projects/govuk-frontend/repo
69e8362a2e5d41634b9efa14a2d2df6865300540,1714496507,20,package.json,npm@10.1.0,package.json,[],projects/govuk-frontend/repo
9deaf52afd6be5e1dc88d6a188a777efe509ba47,1714496507,20,package.json,npm@10.1.0,package.json,[],projects/govuk-frontend/repo
2b5444d722341c3a84065966276871f9e4b01fbc,1714496508,20,package.json,npm@10.1.0,package.json,[],projects/govuk-frontend/repo
462b57b814de648d7a2a618d51efcb03277c3ca2,1714496509,20,package.json,npm@10.1.0,package.json,[],projects/govuk-frontend/repo
37d73e86b71069e1a23780f99e77d4a33460d662,1714496509,20,package.json,npm@10.1.0,package.json,[],projects/govuk-frontend/repo
f66050901d7679b3c01d04727fde1ae9f19d3922,1714496509,20,package.json,npm@10.1.0,package.json,[],projects/govuk-frontend/repo
80b0329252006087e010b2a05fdbc6f2d3932e58,1714496510,20,package.json,npm@10.1.0,package.json,[],projects/govuk-frontend/repo
604182a4c313e276ee40190d67187022d453adaa,1714496511,20,package.json,npm@10.1.0,package.json,[],projects/govuk-frontend/repo
f04749907cbab1fddc3dc488b42319c7022ca1a2,1714552508,20,package.json,npm@10.1.0,package.json,[],projects/govuk-frontend/repo
775a3a7748d8bd5496a9d1e5f4dee1d45294746b,1714725028,20,package.json,npm@10.1.0,package.json,[],projects/govuk-frontend/repo
9ed92a53fa99c7aac126e1369311747b9d72ceeb,1714725040,20,package.json,npm@10.1.0,package.json,[],projects/govuk-frontend/repo
8729af48207d7513218840669aefcc0271db56c2,1714730342,20,package.json,npm@10.1.0,package.json,[],projects/govuk-frontend/repo
aa78d10262683eb4011ef11ba0cb2dfc4d22cd39,1714987501,20,package.json,npm@10.1.0,package.json,[],projects/govuk-frontend/repo
78cdffbbe8b3ee26c0b6a62b9f3ee04109ce7358,1715071263,20,package.json,npm@10.1.0,package.json,[],projects/govuk-frontend/repo
f2625000baefa815164454af8ba4e3ddaa916da6,1715097258,20,package.json,npm@10.1.0,package.json,[],projects/govuk-frontend/repo
281e39a9b61c337416ce5e1acb603da5abbe8d1d,1715184096,20,package.json,npm@10.1.0,package.json,[],projects/govuk-frontend/repo
913b77176d327095f9bf4d860d1919898e115f2e,1715257594,20,package.json,npm@10.1.0,package.json,[],projects/govuk-frontend/repo
c24411be199788ec571b63386275139716b9427b,1715258151,20,package.json,npm@10.1.0,package.json,[],projects/govuk-frontend/repo
334702e3f546bb544cb0ec3c7c58c20e5eec7cff,1715338538,20,package.json,npm@10.1.0,package.json,[],projects/govuk-frontend/repo
aa1aaa647018fb5bec1c437c5f1d197669d61986,1715338549,20,package.json,npm@10.1.0,package.json,[],projects/govuk-frontend/repo
08edc0f430c6939e9676a94e0b8c6083cb813ea2,1715338549,20,package.json,npm@10.1.0,package.json,[],projects/govuk-frontend/repo
e3c913392e78b7a88b27031dee951d174874a03f,1715338549,20,package.json,npm@10.1.0,package.json,[],projects/govuk-frontend/repo
4f86eddff78ae1dc4657c9f7d720774800b717d0,1715338549,20,package.json,npm@10.1.0,package.json,[],projects/govuk-frontend/repo
f4667fd66d0950e4d176b3069522c0eb361ae494,1715338585,20,package.json,npm@10.1.0,package.json,[],projects/govuk-frontend/repo
7432e7f0a2b5ad899abd3660ed2c5e9cfefbd277,1715338585,20,package.json,npm@10.1.0,package.json,[],projects/govuk-frontend/repo
f991f01372e2330d2a2d9e0c7d0cba19f05a373d,1715339014,20,package.json,npm@10.1.0,package.json,[],projects/govuk-frontend/repo
4cbd9ce5c82b25df53b5dd072c1a8243a1f09f0d,1715343440,20,package.json,npm@10.1.0,package.json,[],projects/govuk-frontend/repo
6c9d8d7191edb18e8a46d2a383e311f397367946,1715343482,20,package.json,npm@10.1.0,package.json,[],projects/govuk-frontend/repo
fdb79a2125ba0b2a3a634a7dd425ecab56f75e58,1715602449,20,package.json,npm@10.1.0,package.json,[],projects/govuk-frontend/repo
e3b3ca7e1e6692a732d0e9f8b6c132821b3b7196,1715602475,20,package.json,npm@10.1.0,package.json,[],projects/govuk-frontend/repo
a6628e8da14c76873d7253d4e684c9544368dcfa,1715612473,20,package.json,npm@10.1.0,package.json,[],projects/govuk-frontend/repo
f5a4246767684225833fa4f92aca8bfee0b179c8,1715849356,20,package.json,npm@10.1.0,package.json,[],projects/govuk-frontend/repo
97e6c7590e45d12929540b99a0892f08fe978290,1715862177,20,package.json,npm@10.1.0,package.json,[],projects/govuk-frontend/repo
bb5358d7c6ef9dd190296290693baedec001a401,1715874849,20,package.json,npm@10.1.0,package.json,[],projects/govuk-frontend/repo
9235de47d666bc4e17b28710062ea28ea3f92ca9,1715937803,20,package.json,npm@10.1.0,package.json,[],projects/govuk-frontend/repo
97f1a3efe62fd65b07997066e1228363d56b0587,1715938137,20,package.json,npm@10.1.0,package.json,[],projects/govuk-frontend/repo
0d43c00adde3ce0a7985c7805211fa5642b3bc9c,1715939915,20,package.json,npm@10.1.0,package.json,[],projects/govuk-frontend/repo
b5c12933b7846fd2143184e917a517423771b0ad,1715940083,20,package.json,npm@10.1.0,package.json,[],projects/govuk-frontend/repo
f4b92a6aa81b97a83918bb8a3d991596a6bc80fa,1715940366,20,package.json,npm@10.1.0,package.json,[],projects/govuk-frontend/repo
66fb9ef16c4adfc278ec3c80755fff13c478d186,1715940414,20,package.json,npm@10.1.0,package.json,[],projects/govuk-frontend/repo
f2195fbd56d407aa56730f15391e283e69b6e1fd,1715940415,20,package.json,npm@10.1.0,package.json,[],projects/govuk-frontend/repo
3738efab552791b099ba7ac454bc78caed0b8ee4,1715940415,20,package.json,npm@10.1.0,package.json,[],projects/govuk-frontend/repo
9fa1f64ca3b6e779a05d6f91562ba691e30edd65,1715940415,20,package.json,npm@10.1.0,package.json,[],projects/govuk-frontend/repo
cf861abde6e6789909fb7d787294d57082df093d,1715942258,20,package.json,npm@10.1.0,package.json,[],projects/govuk-frontend/repo
adfa0abc33b54262a08d9b2218cd8123a4b0ecf1,1715942706,20,package.json,npm@10.1.0,package.json,[],projects/govuk-frontend/repo
9f513c158f4a6b0496d17b2a454ad397dd3084fd,1716194645,20,package.json,npm@10.1.0,package.json,[],projects/govuk-frontend/repo
a3a38ae56f61f898aae7663a9ff0f992dda5f4df,1716194646,20,package.json,npm@10.1.0,package.json,[],projects/govuk-frontend/repo
8c539713c32213255e3ad9cc86cf00cd19d2d69a,1716196058,20,package.json,npm@10.1.0,package.json,[],projects/govuk-frontend/repo
ba4d142b6a04dd32a9458bbf1593c1fffc9c628e,1716197647,20,package.json,npm@10.1.0,package.json,[],projects/govuk-frontend/repo
2b72769bfd65b5de5a55f4ffb391bc27d0fd8f5a,1716197925,20,package.json,npm@10.1.0,package.json,[],projects/govuk-frontend/repo
b46960e89ffaee5a13fbce1b28fd47a5f886dc05,1716223630,20,package.json,npm@10.1.0,package.json,[],projects/govuk-frontend/repo
3b58d2af838e6d6804934407c401161c06375a79,1716300814,20,package.json,npm@10.1.0,package.json,[],projects/govuk-frontend/repo
5531c99e29bb889fc5c5cc59de3a165b4cb448ba,1716368638,20,package.json,npm@10.1.0,package.json,[],projects/govuk-frontend/repo
63ecf74d9fb559c56f07985430efb97444ba6640,1716368749,20,package.json,npm@10.1.0,package.json,[],projects/govuk-frontend/repo
2a929e9d2b39af396b9501bc180959c79631f2ab,1716473818,20,package.json,npm@10.1.0,package.json,[],projects/govuk-frontend/repo
d0879e6aec91e4de8aa8beb5507e63f83d3b5066,1716476686,20,package.json,npm@10.1.0,package.json,[],projects/govuk-frontend/repo
0c8f28ec95f2c095842b2a3922931509beb7d6e9,1716477343,20,package.json,npm@10.1.0,package.json,[],projects/govuk-frontend/repo
7c3016136251d49740f302d38ca4d9a50d4d1081,1716477738,20,package.json,npm@10.1.0,package.json,[],projects/govuk-frontend/repo
b4ab3832239c81c9f74485b185e5103d7a2ae5f1,1716802487,20,package.json,npm@10.1.0,package.json,[],projects/govuk-frontend/repo
b4a798bcff2ab1a4aedff8d40a8056c09f4f0691,1716885632,20,package.json,npm@10.1.0,package.json,[],projects/govuk-frontend/repo
5f010ca8a31acd09ef98f1f1fe7f107fb6bcdfd2,1716885809,20,package.json,npm@10.1.0,package.json,[],projects/govuk-frontend/repo
961d5e76ee16e77561508e0775335a25ad6fbd17,1716885857,20,package.json,npm@10.1.0,package.json,[],projects/govuk-frontend/repo
7f7f5cb16d7ef936d676a78d7671b53e7d870f1f,1716885906,20,package.json,npm@10.1.0,package.json,[],projects/govuk-frontend/repo
b85f19eb22f6a7cad3060f4ce557aa2e742f0477,1716885988,20,package.json,npm@10.1.0,package.json,[],projects/govuk-frontend/repo
f78a61c133175b0cfd75fa72848a6f1910d143be,1716886035,20,package.json,npm@10.1.0,package.json,[],projects/govuk-frontend/repo
59ec38b030a565867de563385e3b711a6bac1772,1716886466,20,package.json,npm@10.1.0,package.json,[],projects/govuk-frontend/repo
b80f440472183e35079b146838616cb46a15364d,1716886533,20,package.json,npm@10.1.0,package.json,[],projects/govuk-frontend/repo
c1320eaa36b243d22e7b0ea3f5ae526b3b0c8afa,1716886693,20,package.json,npm@10.1.0,package.json,[],projects/govuk-frontend/repo
182b60e21675761cb8eda95ee7e8815748804edf,1716890160,20,package.json,npm@10.1.0,package.json,[],projects/govuk-frontend/repo
010823767c4ff495bd237e5ee6e0618ea2b94f3e,1716890160,20,package.json,npm@10.1.0,package.json,[],projects/govuk-frontend/repo
2f337bd3f22a296fec77c6a8d8d1bc3ea3d94faa,1716890354,20,package.json,npm@10.1.0,package.json,[],projects/govuk-frontend/repo
c4701a72894b2cc34569093e8baa5c9f504b5912,1716916320,20,package.json,npm@10.1.0,package.json,[],projects/govuk-frontend/repo
d25280ce5671c71a5190c0241d87b283fa9dc901,1716916577,20,package.json,npm@10.1.0,package.json,[],projects/govuk-frontend/repo
bf488720e95481fe1fe950134e3ad4fb61cc159d,1716971763,20,package.json,npm@10.1.0,package.json,[],projects/govuk-frontend/repo
03d21d6725c14eb320e92cdd3546137649665020,1716996458,20,package.json,npm@10.1.0,package.json,[],projects/govuk-frontend/repo
8a706a88e8dfd1c690a55487885fd8efc16b4851,1717080375,20,package.json,npm@10.1.0,package.json,[],projects/govuk-frontend/repo
4d716e7b51795be3fd176dc3f021579f0d941dff,1717080555,20,package.json,npm@10.1.0,package.json,[],projects/govuk-frontend/repo
f6a65e1397e191cec14fbbd009a5a7c6ed42c689,1717080951,20,package.json,npm@10.1.0,package.json,[],projects/govuk-frontend/repo
2568a039cde70aad92820f70e15226570c30422d,1717081650,20,package.json,npm@10.1.0,package.json,[],projects/govuk-frontend/repo
3c34147c5581db296dc0eb51275c8e903f3c2b05,1717082020,20,package.json,npm@10.1.0,package.json,[],projects/govuk-frontend/repo
261df4b916aa9e815b3f6ccbfceb5999216bd23f,1717082830,20,package.json,npm@10.1.0,package.json,[],projects/govuk-frontend/repo
f03734f8e92eb96400e436a56d3d1e5854b63a8f,1717084821,20,package.json,npm@10.1.0,package.json,[],projects/govuk-frontend/repo
f751c3be242d4a1e13e3852ade72dd0f70e5fa45,1717146093,20,package.json,npm@10.1.0,package.json,[],projects/govuk-frontend/repo
1c904801702bd57514137e4940d3acee1b1d85a2,1717149579,20,package.json,npm@10.1.0,package.json,[],projects/govuk-frontend/repo
48b323a9368b4ddf31e8ee64559c5115bc04bd10,1717168211,20,package.json,npm@10.1.0,package.json,[],projects/govuk-frontend/repo
b07cd1f41a1ec4ea3b87337c28325312264f1d0c,1717168871,20,package.json,npm@10.1.0,package.json,[],projects/govuk-frontend/repo
a4a9e41aaea2e4548b93f7c60f00f620ceab5852,1717168957,20,package.json,npm@10.1.0,package.json,[],projects/govuk-frontend/repo
95043563747eb46fec11753660dba5befab3783e,1717169907,20,package.json,npm@10.1.0,package.json,[],projects/govuk-frontend/repo
b08770e98a58a9a71e89963de2ea16e9beec0858,1717172531,20,package.json,npm@10.1.0,package.json,[],projects/govuk-frontend/repo
4e53a39b7cbd3c02138f1ef4e1d44dbba7609640,1717172603,20,package.json,npm@10.1.0,package.json,[],projects/govuk-frontend/repo
31a4b735650e38ba0f32ea69bdf6b66e12d5ffe1,1717405530,20,package.json,npm@10.1.0,package.json,[],projects/govuk-frontend/repo
dbdfb9a5932fdb205b82bfdec2a016e4ea78f9fb,1717405650,20,package.json,npm@10.1.0,package.json,[],projects/govuk-frontend/repo
1abb52b9c58c397a18dccd7aaf9140f04971eb65,1717406191,20,package.json,npm@10.1.0,package.json,[],projects/govuk-frontend/repo
c12e2cb59a4f7af7e1ace27a545c1ba99f654f47,1717406230,20,package.json,npm@10.1.0,package.json,[],projects/govuk-frontend/repo
f01dd4b06af4c677f103bf79bea6b9608280335a,1717406266,20,package.json,npm@10.1.0,package.json,[],projects/govuk-frontend/repo
0df0752a8f146817a8e8c1d80b828451a6a07366,1717406367,20,package.json,npm@10.1.0,package.json,[],projects/govuk-frontend/repo
338a93f81a6742fa2f7c5ecc0f01f1892221041e,1717406477,20,package.json,npm@10.1.0,package.json,[],projects/govuk-frontend/repo
b365bcdf46f2d13d912070ef396e5201f7132b7c,1717406511,20,package.json,npm@10.1.0,package.json,[],projects/govuk-frontend/repo
d671b88d706695121bcad6c8302e41fcdc0cddaf,1717406611,20,package.json,npm@10.1.0,package.json,[],projects/govuk-frontend/repo
29e5fbdf7b25391d84e4fedbb8992e0f1254d29e,1717406619,20,package.json,npm@10.1.0,package.json,[],projects/govuk-frontend/repo
dbd3c2e2af7ba0555b310da1cdd9a5632a1bcf9f,1717406675,20,package.json,npm@10.1.0,package.json,[],projects/govuk-frontend/repo
53af281d14d2739b2fa391079037464998754c3f,1717421082,20,package.json,npm@10.1.0,package.json,[],projects/govuk-frontend/repo
c506304606bf57ea212df67d3fbf724c4d182864,1717421138,20,package.json,npm@10.1.0,package.json,[],projects/govuk-frontend/repo
1964080a399fdf9dbad7840a6c580c73d830b2fd,1717421218,20,package.json,npm@10.1.0,package.json,[],projects/govuk-frontend/repo
a15f6a5c34e26e5cdae3f7a0939d94e0134ad785,1717423892,20,package.json,npm@10.1.0,package.json,[],projects/govuk-frontend/repo
f68c53222b381b0c8097d512dc44fd988dabbe81,1717424614,20,package.json,npm@10.1.0,package.json,[],projects/govuk-frontend/repo
e2dc265f39f56fe5e1622f393b8625ad154e73ec,1717424982,20,package.json,npm@10.1.0,package.json,[],projects/govuk-frontend/repo
19a1d9ec72ec79a025e0692902f5e4e9af6cc94f,1717425641,20,package.json,npm@10.1.0,package.json,[],projects/govuk-frontend/repo
899012cf997c7317908ebfd678e246e0297a0b13,1717428942,20,package.json,npm@10.1.0,package.json,[],projects/govuk-frontend/repo
28ab9944ec1506c1ecafec0b59dcbe87c5a5bb30,1717512654,20,package.json,npm@10.1.0,package.json,[],projects/govuk-frontend/repo
233fc1782067d103dcf08e19a8f4cf24d1ad973d,1717515394,20,package.json,npm@10.1.0,package.json,[],projects/govuk-frontend/repo
7317afa38e09fb436a3927704fc8c18b3a4bef66,1717520155,20,package.json,npm@10.1.0,package.json,[],projects/govuk-frontend/repo
1d144f09489455eaa2225a293e5d1fe4354aaeae,1717584709,20,package.json,npm@10.1.0,package.json,[],projects/govuk-frontend/repo
14197e2118aeb1a12723949c46e5604fb16da769,1717585285,20,package.json,npm@10.1.0,package.json,[],projects/govuk-frontend/repo
1ff22cbbc8425639eacd3795d780b7766e7887b8,1717596180,20,package.json,npm@10.1.0,package.json,[],projects/govuk-frontend/repo
2532e640315f072be86180c1fd05a69eee88aaf9,1717599842,20,package.json,npm@10.1.0,package.json,[],projects/govuk-frontend/repo
8ad4fa671c33c6a2aee1a3f931fddf44ea38ca4c,1717778666,20,package.json,npm@10.1.0,package.json,[],projects/govuk-frontend/repo
84ce0413a860bebdf98d58d05aa6cb8c21f3319e,1717778887,20,package.json,npm@10.1.0,package.json,[],projects/govuk-frontend/repo
ccd7a34d0c631ddaa9158c444bf085b738f0ab30,1717779284,20,package.json,npm@10.1.0,package.json,[],projects/govuk-frontend/repo
06e18930f4a1ec4bba2090aa5322733bc4810ec0,1717779609,20,package.json,npm@10.1.0,package.json,[],projects/govuk-frontend/repo
dc2ad9c501a00f3dc16240c7e8d51493dcabaa10,1718011966,20,package.json,npm@10.1.0,package.json,[],projects/govuk-frontend/repo
a546c14606e48666530bb60af343cddb9c2d0961,1718012172,20,package.json,npm@10.1.0,package.json,[],projects/govuk-frontend/repo
4a851ca217ad381d4609b8bd9eb5b61f0cf83500,1718012324,20,package.json,npm@10.1.0,package.json,[],projects/govuk-frontend/repo
c0646771e97abc1eeee65e214e5e806f72801b50,1718012647,20,package.json,npm@10.1.0,package.json,[],projects/govuk-frontend/repo
40139c27ef5d42d66c77a6ee0ec67a6f2197d056,1718012801,20,package.json,npm@10.1.0,package.json,[],projects/govuk-frontend/repo
c44b09affb639ebd1328c3837a3d8e4227b24f01,1718012816,20,package.json,npm@10.1.0,package.json,[],projects/govuk-frontend/repo
89a2eac48bd732fac82ca6ba2086fb8a98581aa5,1718012822,20,package.json,npm@10.1.0,package.json,[],projects/govuk-frontend/repo
a0fb9ab3ba40123c5f111468d28bdcfcaf4f32cc,1718012848,20,package.json,npm@10.1.0,package.json,[],projects/govuk-frontend/repo
b15bca1a0c34f71bdfb32f88bb8643e5103bb80c,1718013044,20,package.json,npm@10.1.0,package.json,[],projects/govuk-frontend/repo
5924a60724f3ace9576e81074862265d38539d45,1718013198,20,package.json,npm@10.1.0,package.json,[],projects/govuk-frontend/repo
0d2e9273d9a2a1d0db608a8313ae6725764f6e1f,1718013479,20,package.json,npm@10.1.0,package.json,[],projects/govuk-frontend/repo
20385f69513107aa9a01f502f1083e0ea7abe775,1718014131,20,package.json,npm@10.1.0,package.json,[],projects/govuk-frontend/repo
4b3b1840a8950154313fa818e9bc88ecdbca3ab2,1718014175,20,package.json,npm@10.1.0,package.json,[],projects/govuk-frontend/repo
1e97da35f6b8f5ddf4408da5237db8a9a677232a,1718014225,20,package.json,npm@10.1.0,package.json,[],projects/govuk-frontend/repo
51a8fc49fd594f5201edf449ae4e1d580cb96c77,1718014253,20,package.json,npm@10.1.0,package.json,[],projects/govuk-frontend/repo
37a2cd92cbea8dc112fb7012197bab8f27d303c6,1718014505,20,package.json,npm@10.1.0,package.json,[],projects/govuk-frontend/repo
f7ce328aef56aacbc972f2b82be83ce99f27b79f,1718029151,20,package.json,npm@10.1.0,package.json,[],projects/govuk-frontend/repo
fa8f4662ca9e3f53f5dc3d81a7372926f7433899,1718029678,20,package.json,npm@10.1.0,package.json,[],projects/govuk-frontend/repo
825106930fd21c0ea1e56da0cd969152ec7f1640,1718030217,20,package.json,npm@10.1.0,package.json,[],projects/govuk-frontend/repo
b1b661642561434aba9a0c54751e16b995230313,1718030239,20,package.json,npm@10.1.0,package.json,[],projects/govuk-frontend/repo
f2dc43a7d32c044cbc798b8bee03d1033a431aba,1718030312,20,package.json,npm@10.1.0,package.json,[],projects/govuk-frontend/repo
6282578594cf05f85a9f9db9ad6ae98f8a729f52,1718032065,20,package.json,npm@10.1.0,package.json,[],projects/govuk-frontend/repo
1b901e010b843f3df1aac7b28f79e3c1599cbe7e,1718032734,20,package.json,npm@10.1.0,package.json,[],projects/govuk-frontend/repo
fc704d1efc0fc15a69ff84eb18050dd7ba7ce4b3,1718033151,20,package.json,npm@10.1.0,package.json,[],projects/govuk-frontend/repo
0b4a91750f82f52a3012c39a27d5d309cb030a20,1718033151,20,package.json,npm@10.1.0,package.json,[],projects/govuk-frontend/repo
ed7682f08a024ae279679050072e33f0bbf5c384,1718033152,20,package.json,npm@10.1.0,package.json,[],projects/govuk-frontend/repo
e7a030a54fe9ec11a7368730e561451256fd746a,1718033152,20,package.json,npm@10.1.0,package.json,[],projects/govuk-frontend/repo
33a613a75bfdca3975e61b8ce61c3a50363654bd,1718033152,20,package.json,npm@10.1.0,package.json,[],projects/govuk-frontend/repo
c557b0c9dcd9b79597bdb75458a5944ede958b78,1718033232,20,package.json,npm@10.1.0,package.json,[],projects/govuk-frontend/repo
2690509cfb6bca33bb142f937c27aba385dcf638,1718033250,20,package.json,npm@10.1.0,package.json,[],projects/govuk-frontend/repo
771d8ac7231214823ef005b3771e131ae05b6856,1718033577,20,package.json,npm@10.1.0,package.json,[],projects/govuk-frontend/repo
39de1c8e29f9ea21e03ffe250a1eba688ff57682,1718033854,20,package.json,npm@10.1.0,package.json,[],projects/govuk-frontend/repo
be1c4737ccc7fe2417d6d7173e7f66b388785845,1718034655,20,package.json,npm@10.1.0,package.json,[],projects/govuk-frontend/repo
1eb8e345092786026f7a85b8fce1dba16123cabe,1718099885,20,package.json,npm@10.1.0,package.json,[],projects/govuk-frontend/repo
fcb2c34ff237c53ef2f65d15b6ee0b1c30cdc8b5,1718103243,20,package.json,npm@10.1.0,package.json,[],projects/govuk-frontend/repo
6523197e8b97ed298cc5c213a2520306bd8dc5b5,1718103320,20,package.json,npm@10.1.0,package.json,[],projects/govuk-frontend/repo
0888dc83170584fe72dd435cd6a68c0eaf598e72,1718109570,20,package.json,npm@10.1.0,package.json,[],projects/govuk-frontend/repo
2eff6a31d377d96d0ea5e69026c485e04c6fc3a8,1718109570,20,package.json,npm@10.1.0,package.json,[],projects/govuk-frontend/repo
d755e592c7e7722759b8b92be0b3d19fe5ac433e,1718109570,20,package.json,npm@10.1.0,package.json,[],projects/govuk-frontend/repo
86332556b85351e362fbfd717ab8884c4384431c,1718109570,20,package.json,npm@10.1.0,package.json,[],projects/govuk-frontend/repo
53398892d5633d02c9d1e16d5ad1529b2b85df1a,1718109571,20,package.json,npm@10.1.0,package.json,[],projects/govuk-frontend/repo
3d5aa0353736f160e9c51c5c497761da28ed9a90,1718109571,20,package.json,npm@10.1.0,package.json,[],projects/govuk-frontend/repo
46abfb29f8d4d9205d165b68f94a688ce5375922,1718109576,20,package.json,npm@10.1.0,package.json,[],projects/govuk-frontend/repo
d2dcd624d431269508fc13b97c5a8e43a563a483,1718109577,20,package.json,npm@10.1.0,package.json,[],projects/govuk-frontend/repo
bed231c602ce9f6c91258f0b12fca15dd32be8ce,1718109578,20,package.json,npm@10.1.0,package.json,[],projects/govuk-frontend/repo
a9ffec43be5a5cf643d4d1ada3851724941d93ce,1718109667,20,package.json,npm@10.1.0,package.json,[],projects/govuk-frontend/repo
df11d0bb8917a824cc60ee18774eddfab56c1b00,1718109750,20,package.json,npm@10.1.0,package.json,[],projects/govuk-frontend/repo
4c5806e9712f103881052ce918d1577a93377f1d,1718110034,20,package.json,npm@10.1.0,package.json,[],projects/govuk-frontend/repo
ebc4c8ca6f9d47bbc3f155bd6ab95fd4eef1d141,1718110288,20,package.json,npm@10.1.0,package.json,[],projects/govuk-frontend/repo
e2e0d9a93d1a813b71eaa29fc798a5d6fe74e496,1718110373,20,package.json,npm@10.1.0,package.json,[],projects/govuk-frontend/repo
9c86cd565dce11168ed80cef8c0ca44ab4b0fe83,1718119651,20,package.json,npm@10.1.0,package.json,[],projects/govuk-frontend/repo
9c6828ebafb8d2998e3ec8fb06b55cbe6408eed9,1718119693,20,package.json,npm@10.1.0,package.json,[],projects/govuk-frontend/repo
520f2345aed725b2c29f14af2cdffcd75a5e130a,1718120284,20,package.json,npm@10.1.0,package.json,[],projects/govuk-frontend/repo
bd9720bbec029bc2efe6ea852d23715b96806485,1718275218,20,package.json,npm@10.1.0,package.json,[],projects/govuk-frontend/repo
e627dc99bdbfc90bdc967b8a9ef6c5fbb1727873,1718275763,20,package.json,npm@10.1.0,package.json,[],projects/govuk-frontend/repo
1cb74d2036f7704d89a22311dbdf0cf9d972afbb,1718375266,20,package.json,npm@10.1.0,package.json,[],projects/govuk-frontend/repo
70f74edf11b16c14761366ac8c7d596fb3c31d1d,1718378260,20,package.json,npm@10.1.0,package.json,[],projects/govuk-frontend/repo
3b683eb4c9cb158b947d393b613334fb6fad3340,1718378360,20,package.json,npm@10.1.0,package.json,[],projects/govuk-frontend/repo
4e83cf890c196d703a5d2af9d1b9706b82b0a21d,1718382095,20,package.json,npm@10.1.0,package.json,[],projects/govuk-frontend/repo
f2f380f8ef2ee5ef6c67f41e6e9c076e10bae5b8,1718382718,20,package.json,npm@10.1.0,package.json,[],projects/govuk-frontend/repo
8d6e7ee3e8c1a07a61a3def39dc5651b64597174,1718616583,20,package.json,npm@10.1.0,package.json,[],projects/govuk-frontend/repo
fa92d3e628993c71310703b41b71bdafe2eef94f,1718617994,20,package.json,npm@10.1.0,package.json,[],projects/govuk-frontend/repo
2ebb2e0f9a51912fa4138cb53a614397b030c813,1718618429,20,package.json,npm@10.1.0,package.json,[],projects/govuk-frontend/repo
6190ccff80546379f78d5bf7b8e4cc6117351042,1718618498,20,package.json,npm@10.1.0,package.json,[],projects/govuk-frontend/repo
48dd48242e16743c5494864ff682caf9b15214cf,1718618533,20,package.json,npm@10.1.0,package.json,[],projects/govuk-frontend/repo
43a7e4f4ed8206b11968a43939d772218b2c4eec,1718618570,20,package.json,npm@10.1.0,package.json,[],projects/govuk-frontend/repo
14321e8a07d17ce9eaacbcaea69d097ca5a56359,1718622753,20,package.json,npm@10.1.0,package.json,[],projects/govuk-frontend/repo
56094f0efbcf316dce42f377cecb08463b6ea002,1718622878,20,package.json,npm@10.1.0,package.json,[],projects/govuk-frontend/repo
232d4d0e026ac0de7ccecf9a44fa15d845ed4d6a,1718628738,20,package.json,npm@10.1.0,package.json,[],projects/govuk-frontend/repo
ca7f22d52cef0be8b59ac00bfa0757476b0c031f,1718628739,20,package.json,npm@10.1.0,package.json,[],projects/govuk-frontend/repo
6c07e3e0b098fbb66cf5385e932f00562ffe3d07,1718633180,20,package.json,npm@10.1.0,package.json,[],projects/govuk-frontend/repo
e11d43dd6ea72b73f8bc81c47270e67c1783a0e5,1718639019,20,package.json,npm@10.1.0,package.json,[],projects/govuk-frontend/repo
e4a846703838ce30c5deaf7ddc02dba362a371b0,1718716169,20,package.json,npm@10.1.0,package.json,[],projects/govuk-frontend/repo
48cbbd0d9834be6ac60c3b0cd2f3419e75532b82,1718716342,20,package.json,npm@10.1.0,package.json,[],projects/govuk-frontend/repo
5b7c9c85962700b910488e154045bd8eb80347f8,1718716415,20,package.json,npm@10.1.0,package.json,[],projects/govuk-frontend/repo
920ef459c9cfa85b8f38a57c0c019ced91df90c4,1718716417,20,package.json,npm@10.1.0,package.json,[],projects/govuk-frontend/repo
0f99bb6cd6f7f7602ba83523c05a943970678bc8,1718716735,20,package.json,npm@10.1.0,package.json,[],projects/govuk-frontend/repo
9dd5993004173f097cc03b7a9a40620c514afbfe,1718716800,20,package.json,npm@10.1.0,package.json,[],projects/govuk-frontend/repo
5794b3f2e79c61c805d16d7beead604c957b7a67,1718716875,20,package.json,npm@10.1.0,package.json,[],projects/govuk-frontend/repo
9fdb3c327a229278c028f9315f2b266c6e9a8112,1718716898,20,package.json,npm@10.1.0,package.json,[],projects/govuk-frontend/repo
3822ac1bd000d0f965d3cece2716df91641b82cd,1718721598,20,package.json,npm@10.1.0,package.json,[],projects/govuk-frontend/repo
c83efb25281968e9333905dd79037537d6d4c5ec,1718728334,20,package.json,npm@10.1.0,package.json,[],projects/govuk-frontend/repo
3d84c828acb3667e6ed520c7fa62dc2142a534db,1718728387,20,package.json,npm@10.1.0,package.json,[],projects/govuk-frontend/repo
e6a185f22c30fb533f4c049842567c7b608aa1c4,1718728715,20,package.json,npm@10.1.0,package.json,[],projects/govuk-frontend/repo
93cdc488615611d8c9978f899c17b76df53f2b99,1718729329,20,package.json,npm@10.1.0,package.json,[],projects/govuk-frontend/repo
b39ba6a267ab6e6df5fe479ebf58f3b0b74ec7b8,1718729926,20,package.json,npm@10.1.0,package.json,[],projects/govuk-frontend/repo
96c9888e4eb7909c0156de474db77b1243312cd0,1718784773,20,package.json,npm@10.1.0,package.json,[],projects/govuk-frontend/repo
34c29093737a32c4b39a95544deeff98a911d3db,1718784806,20,package.json,npm@10.1.0,package.json,[],projects/govuk-frontend/repo
ea79f50c787872192216880a5a1ad3c96be08ebd,1718784836,20,package.json,npm@10.1.0,package.json,[],projects/govuk-frontend/repo
148f9550a6958d6a360ee57c5871b5562422006d,1719221527,20,package.json,npm@10.1.0,package.json,[],projects/govuk-frontend/repo
3a77ccc849de610050afa10564576b81ba4e37fe,1719221850,20,package.json,npm@10.1.0,package.json,[],projects/govuk-frontend/repo
26add2622c1e93afceb899d558f3e531c4a305f7,1719222084,20,package.json,npm@10.1.0,package.json,[],projects/govuk-frontend/repo
c085dfd3c2913ad77b9fe086f97a2ff7c9ab4f38,1719222122,20,package.json,npm@10.1.0,package.json,[],projects/govuk-frontend/repo
daf9edce85bda1ee63fd8cde650c446094f03af4,1719229715,20,package.json,npm@10.1.0,package.json,[],projects/govuk-frontend/repo
79a87d7507691c785fb34899d12e070356302fc3,1719236407,20,package.json,npm@10.1.0,package.json,[],projects/govuk-frontend/repo
30841046cccf5bb9ff963020a0bcf0287b11d5b6,1719236465,20,package.json,npm@10.1.0,package.json,[],projects/govuk-frontend/repo
fc1552d67223ea6afc59f2cd6227ff18d1c4f95f,1719236785,20,package.json,npm@10.1.0,package.json,[],projects/govuk-frontend/repo
1099d1cbe44dd4a35f5aa8f42625f7d6096a2443,1719326957,20,package.json,npm@10.1.0,package.json,[],projects/govuk-frontend/repo
1eef8431f9506324da139228c575607a27bb8527,1719473859,20,package.json,npm@10.1.0,package.json,[],projects/govuk-frontend/repo
d61623c0476233176c94a13614f38c4ce3898cd5,1719824295,20,package.json,npm@10.1.0,package.json,[],projects/govuk-frontend/repo
aff39db8f1f08640342176e6c3c3f34cae9758ba,1719824449,20,package.json,npm@10.1.0,package.json,[],projects/govuk-frontend/repo
e36213fd04a084ec2880f4545db17ff96b397db1,1719824480,20,package.json,npm@10.1.0,package.json,[],projects/govuk-frontend/repo
9ff56b90a9852dd88304fcef3c324f13c72dff19,1719825426,20,package.json,npm@10.1.0,package.json,[],projects/govuk-frontend/repo
859da6860ff6c117f28e8f39f0f64736214d9db2,1719826839,20,package.json,npm@10.1.0,package.json,[],projects/govuk-frontend/repo
b8640a737daf5b6c66cccb5eb0864626fc8678a6,1719826877,20,package.json,npm@10.1.0,package.json,[],projects/govuk-frontend/repo
f24324c60d5ea2740a30a5e141bf456ae74fe3ed,1719826904,20,package.json,npm@10.1.0,package.json,[],projects/govuk-frontend/repo
8c1201235f00a2911bcb82639a17d7d1d5c9f31b,1719826912,20,package.json,npm@10.1.0,package.json,[],projects/govuk-frontend/repo
6ec02d7699f8bde6460dda9123828278cffa3e79,1719827168,20,package.json,npm@10.1.0,package.json,[],projects/govuk-frontend/repo
51cf8a3835884118b248149e19fd324ef8faac4e,1719829393,20,package.json,npm@10.1.0,package.json,[],projects/govuk-frontend/repo
872c23fd9ad80876e85d1f57e5737c8cfb819dd7,1719850397,20,package.json,npm@10.1.0,package.json,[],projects/govuk-frontend/repo
4d42a9172eb9a7359270a7b90d8a26349af9ab8a,1719850516,20,package.json,npm@10.1.0,package.json,[],projects/govuk-frontend/repo
43ae15b4a955bf9304610f24cb5a76f1abc8cad2,1719850848,20,package.json,npm@10.1.0,package.json,[],projects/govuk-frontend/repo
5b10eedc9cf74267faea832eed1dfe08ee0a3ea8,1719851724,20,package.json,npm@10.1.0,package.json,[],projects/govuk-frontend/repo
817ffc07d1ac83fcb5c3f47e517552722343aa26,1719851801,20,package.json,npm@10.1.0,package.json,[],projects/govuk-frontend/repo
c302d2bf18feb39432504f2ccde03205af50beb9,1719852419,20,package.json,npm@10.1.0,package.json,[],projects/govuk-frontend/repo
1f89cc1fa3f7919d4fbfd5cfb84af45d2e89e6fa,1719852802,20,package.json,npm@10.1.0,package.json,[],projects/govuk-frontend/repo
526b0a26aa3488f173b570f42d94239a89242024,1719853233,20,package.json,npm@10.1.0,package.json,[],projects/govuk-frontend/repo
b471d71a9a446536a237fdbd17465a89fdc94d5b,1719909644,20,package.json,npm@10.1.0,package.json,[],projects/govuk-frontend/repo
f9fd26fbf246d31bf784201c145674f4326634bd,1719909773,20,package.json,npm@10.1.0,package.json,[],projects/govuk-frontend/repo
979ffb717b9fe5557be16b7cc99bdd990fdd36a4,1720174344,20,package.json,npm@10.1.0,package.json,[],projects/govuk-frontend/repo
5e72283ffd6f44360c842f60e54b30ad6cb656df,1720174413,20,package.json,npm@10.1.0,package.json,[],projects/govuk-frontend/repo
13ef6e23bfe3085a1ffba58e25afa0165d8775cf,1720174427,20,package.json,npm@10.1.0,package.json,[],projects/govuk-frontend/repo
0f18604ba51179e76b13ac310e7a59fdc2a0dbe7,1720431139,20,package.json,npm@10.1.0,package.json,[],projects/govuk-frontend/repo
c92e1841b3dbddde5d90076c3fa6c26004dea4ef,1720432017,20,package.json,npm@10.1.0,package.json,[],projects/govuk-frontend/repo
dc16dbab9f3c5a32b833219d54546c879ae0e5a3,1720432114,20,package.json,npm@10.1.0,package.json,[],projects/govuk-frontend/repo
925690976ba1923b6584f52903b6f1f7f102e16d,1720432273,20,package.json,npm@10.1.0,package.json,[],projects/govuk-frontend/repo
a4c483df642f141f0fcf9373b09a55540de5041b,1720432733,20,package.json,npm@10.1.0,package.json,[],projects/govuk-frontend/repo
d1badcfd969793232eb37d04287d38b5f7c07b6b,1720432766,20,package.json,npm@10.1.0,package.json,[],projects/govuk-frontend/repo
1df15681887b7683658f24f58017ad1d86b93792,1720432805,20,package.json,npm@10.1.0,package.json,[],projects/govuk-frontend/repo
0af8acb060fcb461b0f3ae55a00c73875d4de816,1720432840,20,package.json,npm@10.1.0,package.json,[],projects/govuk-frontend/repo
e12918a510daacf5387fbee42a236f49eeb63f5c,1720432876,20,package.json,npm@10.1.0,package.json,[],projects/govuk-frontend/repo
5a3802345551c69dddad0cdc518794e6ab3e45f4,1720512766,20,package.json,npm@10.1.0,package.json,[],projects/govuk-frontend/repo
8ebe2ef2495e3674e062e976227089cbaa8a1c94,1720512798,20,package.json,npm@10.1.0,package.json,[],projects/govuk-frontend/repo
955a33a31a3470c649422c2af344317c18384903,1720516769,20,package.json,npm@10.1.0,package.json,[],projects/govuk-frontend/repo
41d30a3158ac41d9ee082e9aa1fcb32ee4d63f9d,1720516879,20,package.json,npm@10.1.0,package.json,[],projects/govuk-frontend/repo
0c3175d1e72b3fe7ef9c9509cec2aa3769f34b9d,1720517052,20,package.json,npm@10.1.0,package.json,[],projects/govuk-frontend/repo
e61f71e3f9139957b4e575a93d1fc448994c1bb0,1720517305,20,package.json,npm@10.1.0,package.json,[],projects/govuk-frontend/repo
bdcaac6cd1bf6d565640eb27975c54537905864f,1720517864,20,package.json,npm@10.1.0,package.json,[],projects/govuk-frontend/repo
f53f1b04d537e406fb5b5a436e6431e84f79ef6f,1720520488,20,package.json,npm@10.1.0,package.json,[],projects/govuk-frontend/repo
74b8243991908a00119e75c313ddbe7e06bd6aa1,1720537438,20,package.json,npm@10.1.0,package.json,[],projects/govuk-frontend/repo
f7d4c845c9f78c152bfb32e53124fa46b706314f,1720537513,20,package.json,npm@10.1.0,package.json,[],projects/govuk-frontend/repo
e2096d49b0c0e37d469d75b08bb270740314192c,1720537966,20,package.json,npm@10.1.0,package.json,[],projects/govuk-frontend/repo
3dd8056b09012e4e47d7fbb16acef7859535c3ee,1720544204,20,package.json,npm@10.1.0,package.json,[],projects/govuk-frontend/repo
800b043353aa308a48342b4e829e6383c6749165,1720685116,20,package.json,npm@10.1.0,package.json,[],projects/govuk-frontend/repo
46df0c79fa706e6b22561f11c9943f33dd834230,1720685549,20,package.json,npm@10.1.0,package.json,[],projects/govuk-frontend/repo
f9cb8620fcdfd901f9b05e4a9a35f60fda6bab98,1720713115,20,package.json,npm@10.1.0,package.json,[],projects/govuk-frontend/repo
720a7b3e80d00899491d35258e5d2e47c4b09b99,1720781287,20,package.json,npm@10.1.0,package.json,[],projects/govuk-frontend/repo
2852b38bb6afbd67b0cbc3881977226bdda5dae3,1720782051,20,package.json,npm@10.1.0,package.json,[],projects/govuk-frontend/repo
fd605a16c244243ef03d1393081a454c7de7cf04,1720784172,20,package.json,npm@10.1.0,package.json,[],projects/govuk-frontend/repo
e5bfa93a6b581b9f63c964990c4f820f0af7efe9,1720784773,20,package.json,npm@10.1.0,package.json,[],projects/govuk-frontend/repo
b985ba6112cbfabe71e0c010eb1bb7474e56c7f4,1720785382,20,package.json,npm@10.1.0,package.json,[],projects/govuk-frontend/repo
beb9f9f4640229d6c1dc173566f601f7588a4d30,1721036032,20,package.json,npm@10.1.0,package.json,[],projects/govuk-frontend/repo
25ea6a950b3d52a3712c4d930c5eeccdc9fe5b61,1721036250,20,package.json,npm@10.1.0,package.json,[],projects/govuk-frontend/repo
511ffec058260f4dfe39c982533d956b16ccaf79,1721036737,20,package.json,npm@10.1.0,package.json,[],projects/govuk-frontend/repo
c339dd497f7276641be096cd87e6b8fc8b599e6c,1721036770,20,package.json,npm@10.1.0,package.json,[],projects/govuk-frontend/repo
b5ecc769abf2974ff0f57cfaa96ac0a81fbbd8b9,1721036906,20,package.json,npm@10.1.0,package.json,[],projects/govuk-frontend/repo
d03dc4d67cab5b7b8dd0b2ac72d3a6b467fbccbd,1721036911,20,package.json,npm@10.1.0,package.json,[],projects/govuk-frontend/repo
4690950eb17fa2fa6457e53e1812a986a156685c,1721039036,20,package.json,npm@10.1.0,package.json,[],projects/govuk-frontend/repo
28597433af308f08e7acb7d3a043a4c62b6bf125,1721039174,20,package.json,npm@10.1.0,package.json,[],projects/govuk-frontend/repo
e467c67fc43f34d0c9c775987c381fedcbe627c7,1721040155,20,package.json,npm@10.1.0,package.json,[],projects/govuk-frontend/repo
8cb99f83ccc52f634beadf07c632f0f89271ecaf,1721040231,20,package.json,npm@10.1.0,package.json,[],projects/govuk-frontend/repo
70fd8fa342c1e7eae8e7b3657ca2055b1d6db39e,1721040260,20,package.json,npm@10.1.0,package.json,[],projects/govuk-frontend/repo
efdbcb357c959bcf1037c581e59712095592c181,1721040302,20,package.json,npm@10.1.0,package.json,[],projects/govuk-frontend/repo
61f299e1b5e121f871ffa9b912f9699a075cbf32,1721040342,20,package.json,npm@10.1.0,package.json,[],projects/govuk-frontend/repo
a6fc2d94c717482fffbde5aaf64fe27c1d81576f,1721040362,20,package.json,npm@10.1.0,package.json,[],projects/govuk-frontend/repo
b237e4c80458a59c366e66b84c4bf06d505b331b,1721040413,20,package.json,npm@10.1.0,package.json,[],projects/govuk-frontend/repo
cbdff51c1bd5a8460eb6114f23045fa826527c3b,1721040497,20,package.json,npm@10.1.0,package.json,[],projects/govuk-frontend/repo
12a185b3ad6e6960e14d404b55ca472c12d910e6,1721040706,20,package.json,npm@10.1.0,package.json,[],projects/govuk-frontend/repo
8b28d68defcc490a5ca65d8db1464d03be1a1cff,1721041038,20,package.json,npm@10.1.0,package.json,[],projects/govuk-frontend/repo
92a68dd9aacab4da811b38fb9d1b7ca5caf8a9b1,1721041192,20,package.json,npm@10.1.0,package.json,[],projects/govuk-frontend/repo
e0368995ada87b72555b47e2f9e064792a3ba247,1721041709,20,package.json,npm@10.1.0,package.json,[],projects/govuk-frontend/repo
13e907255761feacf0cb2e791722fa603f7e3366,1721041956,20,package.json,npm@10.1.0,package.json,[],projects/govuk-frontend/repo
0f4d4379dc4053db505948a4f7c302c1273621d7,1721042530,20,package.json,npm@10.1.0,package.json,[],projects/govuk-frontend/repo
e4b45da03729e3d0094030c2a20087515a9d7760,1721058296,20,package.json,npm@10.1.0,package.json,[],projects/govuk-frontend/repo
055c5507c04e0d671e128395c8d48fbfef359984,1721058338,20,package.json,npm@10.1.0,package.json,[],projects/govuk-frontend/repo
f1f6c6d4718b2bdfa9660272582846f5bcba3929,1721059033,20,package.json,npm@10.1.0,package.json,[],projects/govuk-frontend/repo
7e911600c0df97fc554d28a4d602f1953f6fbcd5,1721308207,20,package.json,npm@10.1.0,package.json,[],projects/govuk-frontend/repo
a6963092b071fa4824c3dbd451566d33e26b3a7b,1721310286,20,package.json,npm@10.1.0,package.json,[],projects/govuk-frontend/repo
41b2988d44a1360d464a3327c885b58c01bda760,1721377036,20,package.json,npm@10.1.0,package.json,[],projects/govuk-frontend/repo
930c10c2761b32c6c0930a737cf1009f88c674b1,1721379299,20,package.json,npm@10.1.0,package.json,[],projects/govuk-frontend/repo
5239558084bf68d2f920f05fe940855edd0ac3b2,1721389623,20,package.json,npm@10.1.0,package.json,[],projects/govuk-frontend/repo
f4d86bd436997eb26dea71aa00f0e6940c235452,1721389679,20,package.json,npm@10.1.0,package.json,[],projects/govuk-frontend/repo
52e46efd9d585f82c13a4ff643f97c4a7e606ad0,1721398650,20,package.json,npm@10.1.0,package.json,[],projects/govuk-frontend/repo
cdbc2de1c6e69c231b6c041fbf49b5af63fa68bb,1721640884,20,package.json,npm@10.1.0,package.json,[],projects/govuk-frontend/repo
df75cbf852c5a9a00b253702cd5859b67df60559,1721641017,20,package.json,npm@10.1.0,package.json,[],projects/govuk-frontend/repo
1cbef9c91898313b1a43fbec686ba5f310ed0146,1721641569,20,package.json,npm@10.1.0,package.json,[],projects/govuk-frontend/repo
6dc33fce6419f8a6323d7a601bcb28fa7f139302,1721641595,20,package.json,npm@10.1.0,package.json,[],projects/govuk-frontend/repo
a4113c026e30dec9f93707cc713876ef791553be,1721641629,20,package.json,npm@10.1.0,package.json,[],projects/govuk-frontend/repo
c065d2e5706db77149ea0a799e70fb2f382e5d58,1721641662,20,package.json,npm@10.1.0,package.json,[],projects/govuk-frontend/repo
b504173e09fe4fddfa5f826841ce14b9874435ac,1721641703,20,package.json,npm@10.1.0,package.json,[],projects/govuk-frontend/repo
865988a0d1f7265bb23bdb0bff43937c3b99be95,1721654469,20,package.json,npm@10.1.0,package.json,[],projects/govuk-frontend/repo
80399d1c613b951a0a648386ffb686faa71171c8,1721655191,20,package.json,npm@10.1.0,package.json,[],projects/govuk-frontend/repo
9633168a0d0ef8505d6e52153534f7e0a37159d8,1721656547,20,package.json,npm@10.1.0,package.json,[],projects/govuk-frontend/repo
3bc5dd8d92de848af27d01fa2ca3be7b73d04f10,1721656725,20,package.json,npm@10.1.0,package.json,[],projects/govuk-frontend/repo
29b686fa8922315b064beb0484724ee6b2234ffe,1721657660,20,package.json,npm@10.1.0,package.json,[],projects/govuk-frontend/repo
61408c310fd08c0c3943fdd4d874bcce41c5c3c1,1721658475,20,package.json,npm@10.1.0,package.json,[],projects/govuk-frontend/repo
c701d81eae5ce559180c7adfc37ebc86b76fd6d6,1721658553,20,package.json,npm@10.1.0,package.json,[],projects/govuk-frontend/repo
6494f13d32f358170729c4967a674d922ca42ba8,1721658706,20,package.json,npm@10.1.0,package.json,[],projects/govuk-frontend/repo
e7e1109ea435eed78a67c61ffd65bb16c1b33c2d,1721660527,20,package.json,npm@10.1.0,package.json,[],projects/govuk-frontend/repo
3c153889dd53571765514a1c5e67a6e82579c4b9,1721660839,20,package.json,npm@10.1.0,package.json,[],projects/govuk-frontend/repo
59b85861ef831eb3e63b0fdea97f52d68667f500,1721661869,20,package.json,npm@10.1.0,package.json,[],projects/govuk-frontend/repo
ffd1d60d457b110124a01e270174c6f82ba4b8ac,1721662074,20,package.json,npm@10.1.0,package.json,[],projects/govuk-frontend/repo
4250263fedb4514179bd7dcd7c6ffeb4357e3d5e,1721664579,20,package.json,npm@10.1.0,package.json,[],projects/govuk-frontend/repo
953f15903426a8dc508592ed7dad90a253b058d4,1721665456,20,package.json,npm@10.1.0,package.json,[],projects/govuk-frontend/repo
cb892580b53f69db432c01acd82608f82797969e,1721665590,20,package.json,npm@10.1.0,package.json,[],projects/govuk-frontend/repo
10153977642e5125727031170ca1451998e34356,1721739805,20,package.json,npm@10.1.0,package.json,[],projects/govuk-frontend/repo
ee8da77508e130ac606277045eca3f6a7817a5f8,1721739805,20,package.json,npm@10.1.0,package.json,[],projects/govuk-frontend/repo
ccee150be088e44d9dde90da13669a515c16a23b,1721739805,20,package.json,npm@10.1.0,package.json,[],projects/govuk-frontend/repo
6f10857d640c07f3f86680640be027506b4edaad,1721739805,20,package.json,npm@10.1.0,package.json,[],projects/govuk-frontend/repo
d952d82898b8953e698589732f772d3e30f2a91d,1721739805,20,package.json,npm@10.1.0,package.json,[],projects/govuk-frontend/repo
217346fe9d7f0b855045cbd5d88ecbbbaea006ab,1721923006,20,package.json,npm@10.1.0,package.json,[],projects/govuk-frontend/repo
239465930198219aec9cfb0adc80ac3e8e08d1df,1721923057,20,package.json,npm@10.1.0,package.json,[],projects/govuk-frontend/repo
5bafe6482550f5a53d9d6c22bffa88ae79518e5c,1721987613,20,package.json,npm@10.1.0,package.json,[],projects/govuk-frontend/repo
d18d4ec265938a1b2afa51e81f5dbe67fb1fe202,1721991923,20,package.json,npm@10.1.0,package.json,[],projects/govuk-frontend/repo
c84c2c5e9de8b69cbf37c1558cd1e139ea82fb40,1721991994,20,package.json,npm@10.1.0,package.json,[],projects/govuk-frontend/repo
daf2a7aec35d9ae12a007d51df8ee194314ad2ed,1721999482,20,package.json,npm@10.1.0,package.json,[],projects/govuk-frontend/repo
e87fcee7df4b912a31468edae0b7958e4a0e0444,1722007485,20,package.json,npm@10.1.0,package.json,[],projects/govuk-frontend/repo
6eae3c285b36c1b07e2be6235e161a643c326a9a,1722245395,20,package.json,npm@10.1.0,package.json,[],projects/govuk-frontend/repo
db5da6a8b8a8a96b5803411d5362a0b2e8fb88a0,1722245685,20,package.json,npm@10.1.0,package.json,[],projects/govuk-frontend/repo
ff1828247a75bd01b73859c85e7e0821f8e65e5b,1722246087,20,package.json,npm@10.1.0,package.json,[],projects/govuk-frontend/repo
a4dd8aa1e4c41bf6913ea09b5af33e4c6673a152,1722246116,20,package.json,npm@10.1.0,package.json,[],projects/govuk-frontend/repo
7702b70273a72188cad9f403974b1e77d2f50fef,1722246185,20,package.json,npm@10.1.0,package.json,[],projects/govuk-frontend/repo
58f7697c7809d13efef6b9fa414890cacb1acf43,1722247551,20,package.json,npm@10.1.0,package.json,[],projects/govuk-frontend/repo
abf2fdbd76269d22d516e9007f4d3d3440f8da54,1722247961,20,package.json,npm@10.1.0,package.json,[],projects/govuk-frontend/repo
7af1041b600cf9407034d218ff47ee596421f602,1722260944,20,package.json,npm@10.1.0,package.json,[],projects/govuk-frontend/repo
a009f5907343702be6c1001c8e557d2cdf3130e0,1722261027,20,package.json,npm@10.1.0,package.json,[],projects/govuk-frontend/repo
400b1a48b12d8b137ca5874f63d4627eb5a49f5a,1722261077,20,package.json,npm@10.1.0,package.json,[],projects/govuk-frontend/repo
fcc2447c63bb12b6e46a4aab0c702d9cb02f4ba7,1722266467,20,package.json,npm@10.1.0,package.json,[],projects/govuk-frontend/repo
b95b221aa0b18f6983a6773f03765f707fc11bdb,1722267176,20,package.json,npm@10.1.0,package.json,[],projects/govuk-frontend/repo
ba53f4a0927cb067bdbd1dd1358a485c67cfccb9,1722267713,20,package.json,npm@10.1.0,package.json,[],projects/govuk-frontend/repo
16c68dc0d3ade54ebe5985cabf453b57dc17b0a6,1722268620,20,package.json,npm@10.1.0,package.json,[],projects/govuk-frontend/repo
7b9d63fe8c4c5300def9663236e5c852193e2424,1722268665,20,package.json,npm@10.1.0,package.json,[],projects/govuk-frontend/repo
b4a25927ff7f68215e3f787a45f8bafbbd46d2b7,1722268898,20,package.json,npm@10.1.0,package.json,[],projects/govuk-frontend/repo
4b5d5df30913434c09ce93e99dd0cf7b53a7366c,1722268917,20,package.json,npm@10.1.0,package.json,[],projects/govuk-frontend/repo
d5845915208e8c58d795c9f5afb33bfaa81e5ccc,1722269394,20,package.json,npm@10.1.0,package.json,[],projects/govuk-frontend/repo
509a994d47ee8f3951aa065c1e238a79fc1584d2,1722269461,20,package.json,npm@10.1.0,package.json,[],projects/govuk-frontend/repo
4cc03b7ae4ee07b316285c3166b49d88cc7e1429,1722273525,20,package.json,npm@10.1.0,package.json,[],projects/govuk-frontend/repo
6271937e80f6147b7f3f1a248c47eb6d9f5a7061,1722325067,20,package.json,npm@10.1.0,package.json,[],projects/govuk-frontend/repo
232b022a397369daee41a8dd62f2f1b638e9ce0d,1722505939,20,package.json,npm@10.1.0,package.json,[],projects/govuk-frontend/repo
e54b53a3e889c8adc4a87f8c0f41a9ea421ac6bb,1722533823,20,package.json,npm@10.1.0,package.json,[],projects/govuk-frontend/repo
a50eb60c9583aea38e82625889fa7917a2f2fad9,1722534304,20,package.json,npm@10.1.0,package.json,[],projects/govuk-frontend/repo
dcdc9d244d6cf9fa5d2f51c80a06ac4a51e48be9,1722848994,20,package.json,npm@10.1.0,package.json,[],projects/govuk-frontend/repo
0558e6e419b63bdbddcd7c9d8e3fb0bc59d19ab5,1722850875,20,package.json,npm@10.1.0,package.json,[],projects/govuk-frontend/repo
7d4265b969912ee2ef4ebb3d0054d6673677428c,1722850985,20,package.json,npm@10.1.0,package.json,[],projects/govuk-frontend/repo
a107bc39a586f197fec9d5d68714c6fff93478fa,1722851349,20,package.json,npm@10.1.0,package.json,[],projects/govuk-frontend/repo
0d81959926066969dab7a43289fa43a34f96b6f8,1722851377,20,package.json,npm@10.1.0,package.json,[],projects/govuk-frontend/repo
17e79b9908edc2e1d82b05c6f58a977568ba0497,1722851483,20,package.json,npm@10.1.0,package.json,[],projects/govuk-frontend/repo
ae38272870d92966ca5330623927781453be2f5c,1722851514,20,package.json,npm@10.1.0,package.json,[],projects/govuk-frontend/repo
9c50e861b203b1cbff04566169b769b3558e4043,1722851534,20,package.json,npm@10.1.0,package.json,[],projects/govuk-frontend/repo
154e4b897627fd742c54bcd7c5cf6c98c2d16378,1722851648,20,package.json,npm@10.1.0,package.json,[],projects/govuk-frontend/repo
bb0094dd99a6085fa441c2ae79a36955a1d05033,1722852069,20,package.json,npm@10.1.0,package.json,[],projects/govuk-frontend/repo
c883a2b8eabc775efbf84049aae3fe80702755c1,1722852267,20,package.json,npm@10.1.0,package.json,[],projects/govuk-frontend/repo
7f71b3a0107aeb18b2b850b37d952c9c3135ad23,1722856669,20,package.json,npm@10.1.0,package.json,[],projects/govuk-frontend/repo
361e244506926f3978ed7001c60104ff25a4d766,1722856763,20,package.json,npm@10.1.0,package.json,[],projects/govuk-frontend/repo
bdf7353c8b80a2b6b6d426c1fd1a3bbfce69ad28,1722857006,20,package.json,npm@10.1.0,package.json,[],projects/govuk-frontend/repo
6adfc8abdc5fafc248924e70db2697375e055b14,1722868914,20,package.json,npm@10.1.0,package.json,[],projects/govuk-frontend/repo
d34dae21a2084fe25b50f45a552126002683fe26,1722874132,20,package.json,npm@10.1.0,package.json,[],projects/govuk-frontend/repo
15a586c684da875633f0b79e1791b2e7f1369e6a,1722874750,20,package.json,npm@10.1.0,package.json,[],projects/govuk-frontend/repo
5c79208c74347751a82d0fb94c974270226b4566,1722874796,20,package.json,npm@10.1.0,package.json,[],projects/govuk-frontend/repo
bdc76eb0d4f293e8768cd607d592c3fba38bb933,1722874796,20,package.json,npm@10.1.0,package.json,[],projects/govuk-frontend/repo
6eb989bca36dc1949a4cff7c6c7d47c29490e71f,1722874796,20,package.json,npm@10.1.0,package.json,[],projects/govuk-frontend/repo
8b04c0ddfcd5cae22b552876969368fb5cc57242,1722874797,20,package.json,npm@10.1.0,package.json,[],projects/govuk-frontend/repo
edd5c9488c728c8a2d09a533ef2de9a5a2b2e833,1722874797,20,package.json,npm@10.1.0,package.json,[],projects/govuk-frontend/repo
a1aa152c4f6064289bccded914ba94952361695b,1722874798,20,package.json,npm@10.1.0,package.json,[],projects/govuk-frontend/repo
a99c9b4eb82c750737719dd9789a44e385732d2b,1722874798,20,package.json,npm@10.1.0,package.json,[],projects/govuk-frontend/repo
6f868f472d426836e72cd97f3dc15d949979d679,1722874798,20,package.json,npm@10.1.0,package.json,[],projects/govuk-frontend/repo
1f3b5440b5e357e76357434ebdc8b14e36738f93,1722874798,20,package.json,npm@10.1.0,package.json,[],projects/govuk-frontend/repo
23d1d84e7da10543def6349e0b6499736504d1a9,1722874798,20,package.json,npm@10.1.0,package.json,[],projects/govuk-frontend/repo
f64592cf4d66470aa9b6b3bded44062a45d4f619,1722874798,20,package.json,npm@10.1.0,package.json,[],projects/govuk-frontend/repo
f11f17b57a0d6e26a014c125f7caf760c48649e1,1722874799,20,package.json,npm@10.1.0,package.json,[],projects/govuk-frontend/repo
500f577e4aa573e85f3a6e865c414389f4c836f2,1722874847,20,package.json,npm@10.1.0,package.json,[],projects/govuk-frontend/repo
637c6cf942ac94b7c9993292b8bdef1861dbe617,1722874849,20,package.json,npm@10.1.0,package.json,[],projects/govuk-frontend/repo
bb62061e402ea0a2a28abc27f76fe12548e69f3a,1722874849,20,package.json,npm@10.1.0,package.json,[],projects/govuk-frontend/repo
5b2cd6442fac2ab315d19477f2ef3444b8ac0e8c,1722933822,20,package.json,npm@10.1.0,package.json,[],projects/govuk-frontend/repo
6d99967f4dda9938727cc01efee447859b97bc73,1722933823,20,package.json,npm@10.1.0,package.json,[],projects/govuk-frontend/repo
581bfd23016511225b3e6ad2d43b02c8109a692e,1722935037,20,package.json,npm@10.1.0,package.json,[],projects/govuk-frontend/repo
85f5de1645a8a12af4f26b14e9c4ea5c816a6d6f,1722935096,20,package.json,npm@10.1.0,package.json,[],projects/govuk-frontend/repo
1acd94d557e8682d2026c13ab7d1e33d2bd0e1f1,1722935387,20,package.json,npm@10.1.0,package.json,[],projects/govuk-frontend/repo
22634497e1bc542a25a058366652313d89b0a203,1722935791,20,package.json,npm@10.1.0,package.json,[],projects/govuk-frontend/repo
4556a885dfcc739981a4606ebe0beea35c8e4790,1722936388,20,package.json,npm@10.1.0,package.json,[],projects/govuk-frontend/repo
e858bd92e84927d6f315935648c6916a16052d23,1722943558,20,package.json,npm@10.1.0,package.json,[],projects/govuk-frontend/repo
7e5ec605b5ba0ce8b923e601aa8e05968cb7c7d5,1723127279,20,package.json,npm@10.1.0,package.json,[],projects/govuk-frontend/repo
2101cd564ccda7ad0e6be5892ccd630dc44e2f9c,1723199096,20,package.json,npm@10.1.0,package.json,[],projects/govuk-frontend/repo
36ff673c839e87fae1edcc662db8c1327bd01414,1723200108,20,package.json,npm@10.1.0,package.json,[],projects/govuk-frontend/repo
52d8afe5d88f5dc42ca94e88df404d53eb26a8ad,1723200328,20,package.json,npm@10.1.0,package.json,[],projects/govuk-frontend/repo
9ff8f3aa1f34969266d660eb3c860cd84b353629,1723201053,20,package.json,npm@10.1.0,package.json,[],projects/govuk-frontend/repo
01cf70df1305948d8b8ae248f2b80d13aa236a22,1723209644,20,package.json,npm@10.1.0,package.json,[],projects/govuk-frontend/repo
3efca6d8161b0e2c5222e44047a6993b17fa1295,1723454889,20,package.json,npm@10.1.0,package.json,[],projects/govuk-frontend/repo
367afc6ff7ca10d1de307161f97311549cc8719b,1723455260,20,package.json,npm@10.1.0,package.json,[],projects/govuk-frontend/repo
7f3b67f1a92d8070d672be8d04f7badde729525c,1723455321,20,package.json,npm@10.1.0,package.json,[],projects/govuk-frontend/repo
e2d1ebb79d6db43b197524fd1280e3fe078b56da,1723455387,20,package.json,npm@10.1.0,package.json,[],projects/govuk-frontend/repo
a80a8d3ed6e951dcf89567abfc6b0f9c8fd11750,1723455424,20,package.json,npm@10.1.0,package.json,[],projects/govuk-frontend/repo
e9fd53f6b90db482625c4e06eaf17516476a1dd8,1723455526,20,package.json,npm@10.1.0,package.json,[],projects/govuk-frontend/repo
bdeb203d381fac31e50a43232ab0eb9fbd0bcfd5,1723455917,20,package.json,npm@10.1.0,package.json,[],projects/govuk-frontend/repo
8a234a096bb542b755f524f373605145aaf58ea4,1723456964,20,package.json,npm@10.1.0,package.json,[],projects/govuk-frontend/repo
207c060838e072e8ea54c17a44de9f2ed5257a47,1723457034,20,package.json,npm@10.1.0,package.json,[],projects/govuk-frontend/repo
2a3804ca5b20151ba0842a7d1ed93bc00a9b3336,1723457220,20,package.json,npm@10.1.0,package.json,[],projects/govuk-frontend/repo
2d13119c425ed69f47e89091a99fcde826ede143,1723457609,20,package.json,npm@10.1.0,package.json,[],projects/govuk-frontend/repo
0be5c0d0962e39c756790729ffbe5367975e5de5,1723457680,20,package.json,npm@10.1.0,package.json,[],projects/govuk-frontend/repo
11abc4eaf929bb88e9548962f1d273f7b0520a6e,1723457790,20,package.json,npm@10.1.0,package.json,[],projects/govuk-frontend/repo
f724467084cd0034b97c12919c983799b6a76c57,1723457860,20,package.json,npm@10.1.0,package.json,[],projects/govuk-frontend/repo
14d713f1aef2241a1b23c81ba584ba76f7cd806f,1723458204,20,package.json,npm@10.1.0,package.json,[],projects/govuk-frontend/repo
c00e6afed5c192f4205433fa4fad69e91ba6a285,1723458247,20,package.json,npm@10.1.0,package.json,[],projects/govuk-frontend/repo
2b1159cde0d33d0e129a24a2070f526af2ea0061,1723550203,20,package.json,npm@10.1.0,package.json,[],projects/govuk-frontend/repo
f5c09206d8b18ccbfcf0fc0e71ce4f427c5e5585,1724059745,20,package.json,npm@10.1.0,package.json,[],projects/govuk-frontend/repo
e8ab1387b90ca50fcb8caaaa07831a88343fe00f,1724059835,20,package.json,npm@10.1.0,package.json,[],projects/govuk-frontend/repo
2b59c472b00d740b2e29251961c72e54c147816b,1724059937,20,package.json,npm@10.1.0,package.json,[],projects/govuk-frontend/repo
7902e19cba8ff17d4cc463c532a637aa3e1c6d7d,1724060027,20,package.json,npm@10.1.0,package.json,[],projects/govuk-frontend/repo
a33e6c0a80e0a0e44ed655e6c593caa831dd164e,1724063430,20,package.json,npm@10.1.0,package.json,[],projects/govuk-frontend/repo
17daa3568d755461ab2e7c28a61b45330b1db8e5,1724065650,20,package.json,npm@10.1.0,package.json,[],projects/govuk-frontend/repo
201ca12c3cb0c5fb8d91e597f3261eb857fb10f0,1724065730,20,package.json,npm@10.1.0,package.json,[],projects/govuk-frontend/repo
819a4573d5b5b6e644c86f0125854e95b13e8a48,1724065805,20,package.json,npm@10.1.0,package.json,[],projects/govuk-frontend/repo
b77d2dd3d62ada6ec90692089cc0ab1c0ab0aeb7,1724065812,20,package.json,npm@10.1.0,package.json,[],projects/govuk-frontend/repo
10640b18fb4043de7b5c47f81244ab5dd0342af4,1724065947,20,package.json,npm@10.1.0,package.json,[],projects/govuk-frontend/repo
d2f70ebd723bb9593bec2a4e00b2662feb5fab74,1724066288,20,package.json,npm@10.1.0,package.json,[],projects/govuk-frontend/repo
74b7c6b461555951b0747d88b14a60522cd1bb28,1724066735,20,package.json,npm@10.1.0,package.json,[],projects/govuk-frontend/repo
e94419676a90d61d8eca61b91fb0721cdf75d45a,1724068187,20,package.json,npm@10.1.0,package.json,[],projects/govuk-frontend/repo
452c99aa4f159db9499c19c611dc12d02b877c65,1724334511,20,package.json,npm@10.1.0,package.json,[],projects/govuk-frontend/repo
d211124706c1328ef0ea576dcaf705d9d7001f71,1724334513,20,package.json,npm@10.1.0,package.json,[],projects/govuk-frontend/repo
81c8cc9737b78174f0e1affc87e947b9988bd0cf,1724334513,20,package.json,npm@10.1.0,package.json,[],projects/govuk-frontend/repo
593690f5d854e186366aa293f009bc974c4e37f3,1724334513,20,package.json,npm@10.1.0,package.json,[],projects/govuk-frontend/repo
747c206521867e17dd2fd4a6c8b001fc6025d316,1724338920,20,package.json,npm@10.1.0,package.json,[],projects/govuk-frontend/repo
26f9720df06f15e70a10ead3c8c5180203bce539,1724342112,20,package.json,npm@10.1.0,package.json,[],projects/govuk-frontend/repo
7fcf8c2f77eb802e5cb732bd4aedc261631d1779,1724412087,20,package.json,npm@10.1.0,package.json,[],projects/govuk-frontend/repo
e38d3a0e8bbfac97dfd0b2bf2a8cd83e4410a2e9,1724412102,20,package.json,npm@10.1.0,package.json,[],projects/govuk-frontend/repo
a258201ff4bb3b579b28017eae86aea0794866e5,1724412114,20,package.json,npm@10.1.0,package.json,[],projects/govuk-frontend/repo
a708ac943a8a6751697261d3c88fe0013dfbbf17,1724412194,20,package.json,npm@10.1.0,package.json,[],projects/govuk-frontend/repo
0202cae7bde47e037048e9532eafc72305969796,1724412288,20,package.json,npm@10.1.0,package.json,[],projects/govuk-frontend/repo
4c7f396d7cead945f58bb544a2a46e2fb4e76e78,1724412296,20,package.json,npm@10.1.0,package.json,[],projects/govuk-frontend/repo
d2c2586532fdcbdf0303733f6c65f1b94e8e0612,1724412661,20,package.json,npm@10.1.0,package.json,[],projects/govuk-frontend/repo
0f734d177ecb943d69a31f07a2a9c56292d08a41,1724412691,20,package.json,npm@10.1.0,package.json,[],projects/govuk-frontend/repo
58bd547c01b0439a6551fed08e6bef1bb603988f,1724412717,20,package.json,npm@10.1.0,package.json,[],projects/govuk-frontend/repo
942e5e741930441c7136229db7f7e06cdf943989,1724412776,20,package.json,npm@10.1.0,package.json,[],projects/govuk-frontend/repo
c770c15df8c894f878ef460c7fb2acf35a3cece7,1724413408,20,package.json,npm@10.1.0,package.json,[],projects/govuk-frontend/repo
82f628af837e16d2a10fed8c5bca94744bccb998,1724413530,20,package.json,npm@10.1.0,package.json,[],projects/govuk-frontend/repo
9f1a6febe3934c1db39437c14d999bca6d584a36,1724413865,20,package.json,npm@10.1.0,package.json,[],projects/govuk-frontend/repo
99ccc58fb79cf1b62f7d4390578659e0254a9c99,1724414152,20,package.json,npm@10.1.0,package.json,[],projects/govuk-frontend/repo
eaea63016bcb8e14d1e304e10536c13386b70ea8,1724414881,20,package.json,npm@10.1.0,package.json,[],projects/govuk-frontend/repo
1abe548742e56e88fc5352e8ea5e60cb8c98faba,1724415637,20,package.json,npm@10.1.0,package.json,[],projects/govuk-frontend/repo
55fca0b15fc73b485afc860d2c2a81ffd7c363be,1724416159,20,package.json,npm@10.1.0,package.json,[],projects/govuk-frontend/repo
25d6203743cc2f5a3b51496b4587ae29345d58a3,1724419231,20,package.json,npm@10.1.0,package.json,[],projects/govuk-frontend/repo
cd60178abcde500ee2da57619a2b5785cb1451da,1724424566,20,package.json,npm@10.1.0,package.json,[],projects/govuk-frontend/repo
759ab33b8f7b383981df9d13f20ed19bf582b895,1724425958,20,package.json,npm@10.1.0,package.json,[],projects/govuk-frontend/repo
f9278631178faf6421fc3b3af4dd2702bd12049c,1724426005,20,package.json,npm@10.1.0,package.json,[],projects/govuk-frontend/repo
c2bec99795bc4a029363d0b792ec0a4c132a9a3e,1724665943,20,package.json,npm@10.1.0,package.json,[],projects/govuk-frontend/repo
f47287a2ac93bc859469d95d532312c7c97442eb,1724666018,20,package.json,npm@10.1.0,package.json,[],projects/govuk-frontend/repo
c7aff831948248f20e106d0f70700ba234d0671f,1724666051,20,package.json,npm@10.1.0,package.json,[],projects/govuk-frontend/repo
edc6a28da83c1cc2c602a42949bca4e3d19b9f3c,1724748239,20,package.json,npm@10.1.0,package.json,[],projects/govuk-frontend/repo
e473fa494b0cfabd99be4d45bb0dfd8d44043fa3,1724748577,20,package.json,npm@10.1.0,package.json,[],projects/govuk-frontend/repo
f7ac619371adb8397b4323f8e0c0f53e6224e15a,1724748641,20,package.json,npm@10.1.0,package.json,[],projects/govuk-frontend/repo
8acdba6c3813e029172d62b7ea18932c8144b58c,1724748709,20,package.json,npm@10.1.0,package.json,[],projects/govuk-frontend/repo
79fd7934256d911ca60e710bcbf651af69dfff92,1724748764,20,package.json,npm@10.1.0,package.json,[],projects/govuk-frontend/repo
3362ddf05ea972a48de82b137331bf85c1e59506,1724749173,20,package.json,npm@10.1.0,package.json,[],projects/govuk-frontend/repo
37877d0d53c54a296a3b598f8ee6665664bcbd58,1724921274,20,package.json,npm@10.1.0,package.json,[],projects/govuk-frontend/repo
414298be46ba5836c7644f36755dfda268ef417b,1724924728,20,package.json,npm@10.1.0,package.json,[],projects/govuk-frontend/repo
dd473a35a3373307ad2a093f122b26b568d32ff4,1724925229,20,package.json,npm@10.1.0,package.json,[],projects/govuk-frontend/repo
8dcbb4e03e6248490cf38c7375fcd16853ef51e5,1724926572,20,package.json,npm@10.1.0,package.json,[],projects/govuk-frontend/repo
a5a50ea57175c0031168d227513b7710579d9c98,1724927184,20,package.json,npm@10.1.0,package.json,[],projects/govuk-frontend/repo
fa9b6c2f36c30b77f923699ceef0703e0ed27fc8,1725010810,20,package.json,npm@10.1.0,package.json,[],projects/govuk-frontend/repo
273984a605091ed58458d1b630270bc35ff5f2fe,1725010811,20,package.json,npm@10.1.0,package.json,[],projects/govuk-frontend/repo
acc9d129f44c4eb45861a1adbcffd7f9b2d35dfb,1725023685,20,package.json,npm@10.1.0,package.json,[],projects/govuk-frontend/repo
9acc67f67ea77250dd774a8a653c9f5879a0ea36,1725269377,20,package.json,npm@10.1.0,package.json,[],projects/govuk-frontend/repo
cc315b1d8a36959e643d0cbe65b62880ebdcaaab,1725269486,20,package.json,npm@10.1.0,package.json,[],projects/govuk-frontend/repo
3571a2ebb94f551a6530a4bd4de16f0dcf5f570f,1725269919,20,package.json,npm@10.1.0,package.json,[],projects/govuk-frontend/repo
3739c16447122a7e8eb4a206d5c9ad6a64ec318b,1725269992,20,package.json,npm@10.1.0,package.json,[],projects/govuk-frontend/repo
3eea3a800e5e5dfc97af2e05cde465180864870f,1725271097,20,package.json,npm@10.1.0,package.json,[],projects/govuk-frontend/repo
e1bc1c6e193555ba72418f84a6a45c087600477d,1725272526,20,package.json,npm@10.1.0,package.json,[],projects/govuk-frontend/repo
8e8f0662cce3aee3bc930525bc12372ad8163943,1725272576,20,package.json,npm@10.1.0,package.json,[],projects/govuk-frontend/repo
1cd456510af5baab3f30bcd58b1b070b2b7ac843,1725272620,20,package.json,npm@10.1.0,package.json,[],projects/govuk-frontend/repo
9a3cc570974f8628c8ec752d0955a5d4ffd40eb0,1725272645,20,package.json,npm@10.1.0,package.json,[],projects/govuk-frontend/repo
ef81e052a2c3eb8755cc410cbbb8ffd42344fd82,1725272679,20,package.json,npm@10.1.0,package.json,[],projects/govuk-frontend/repo
f32098b224f4fa0b1460d9f1ff87fab5ac9e36e1,1725272867,20,package.json,npm@10.1.0,package.json,[],projects/govuk-frontend/repo
2621ad71db3bf3fe83956ac48272ec20186d7502,1725272999,20,package.json,npm@10.1.0,package.json,[],projects/govuk-frontend/repo
215394482c140adaa69e14b03a9745267a98b97a,1725273073,20,package.json,npm@10.1.0,package.json,[],projects/govuk-frontend/repo
a2c4708998358203a85967561bdddf9718512be8,1725274001,20,package.json,npm@10.1.0,package.json,[],projects/govuk-frontend/repo
5f1ba0c34531d8604ee61de345178b4cb9854f7b,1725274014,20,package.json,npm@10.1.0,package.json,[],projects/govuk-frontend/repo
56990acfe2b5586cfee681aee7243929132045df,1725274205,20,package.json,npm@10.1.0,package.json,[],projects/govuk-frontend/repo
0d2370a7d1a9536489835ad6e0d2c70ec7efdbf0,1725275382,20,package.json,npm@10.1.0,package.json,[],projects/govuk-frontend/repo
e411d3ebf7b87c40be588850b22280a493e6898d,1725278788,20,package.json,npm@10.1.0,package.json,[],projects/govuk-frontend/repo
88dc4af4888baaaacddffb96f901cacc337bb363,1725288708,20,package.json,npm@10.1.0,package.json,[],projects/govuk-frontend/repo
5ae4fe11fbb7c1b6b34f55e6318281795f8ddb9d,1725352883,20,package.json,npm@10.1.0,package.json,[],projects/govuk-frontend/repo
1fb8e38f8c8131a036355e35a019a7d47594f92c,1725874224,20,package.json,npm@10.1.0,package.json,[],projects/govuk-frontend/repo
cbf449ef349f1b0c5e9462552090a24b1a1233a8,1725874692,20,package.json,npm@10.1.0,package.json,[],projects/govuk-frontend/repo
95e5ec4f3d7d0b30f5e527e64a5328f5f893ae34,1725874766,20,package.json,npm@10.1.0,package.json,[],projects/govuk-frontend/repo
21860f5073bd1b971ec2169f1b8857500d506c27,1725874799,20,package.json,npm@10.1.0,package.json,[],projects/govuk-frontend/repo
c20af887a65f70a80e7e9d31d22ce78c231c42d9,1725874896,20,package.json,npm@10.1.0,package.json,[],projects/govuk-frontend/repo
2afd36854cae831bca51bf69cb51264d21d2d270,1725874930,20,package.json,npm@10.1.0,package.json,[],projects/govuk-frontend/repo
c499ac374a4fe1ef5628bc433fb18d4c31eee353,1725874963,20,package.json,npm@10.1.0,package.json,[],projects/govuk-frontend/repo
cc4350c5b83d3341cc64ea7299b850ccadb53a5d,1725891804,20,package.json,npm@10.1.0,package.json,[],projects/govuk-frontend/repo
0284e1e32b97d7c3a738d8982c0307a9d21ab7a5,1725891885,20,package.json,npm@10.1.0,package.json,[],projects/govuk-frontend/repo
0270ec44e1d031051e25755de10d9b682c63c512,1725897706,20,package.json,npm@10.1.0,package.json,[],projects/govuk-frontend/repo
ef0ddd9fdb5828e8a9b4fc8c04c73461cc6fac04,1725897746,20,package.json,npm@10.1.0,package.json,[],projects/govuk-frontend/repo
0e793986fca33040b49639557a170736b6330886,1725897799,20,package.json,npm@10.1.0,package.json,[],projects/govuk-frontend/repo
d851cb123a7c427ba822b2bdccb7b437eb6a7f56,1725897882,20,package.json,npm@10.1.0,package.json,[],projects/govuk-frontend/repo
6ace0f2662907c7f727466fce91014a3d6a8ccd4,1725897927,20,package.json,npm@10.1.0,package.json,[],projects/govuk-frontend/repo
784a0a7cd16193d81b4216237558a4dc73aaa7b7,1725898109,20,package.json,npm@10.1.0,package.json,[],projects/govuk-frontend/repo
ef63d5cfe6c3f7b1de89aa49c19da0d2543eb5b4,1725898278,20,package.json,npm@10.1.0,package.json,[],projects/govuk-frontend/repo
22f2b4c4cd2c0eb37782831934ac624de537c245,1725898310,20,package.json,npm@10.1.0,package.json,[],projects/govuk-frontend/repo
9bbf3838ace76315c5c36672fe601557b72fa86d,1725898347,20,package.json,npm@10.1.0,package.json,[],projects/govuk-frontend/repo
a63c5538bd544c8a7c495e4bcdeb1f824f174be3,1725898374,20,package.json,npm@10.1.0,package.json,[],projects/govuk-frontend/repo
1131be1121064325bda84a0b919b8e809d468a80,1725898777,20,package.json,npm@10.1.0,package.json,[],projects/govuk-frontend/repo
ac252e3a2869bbf28f91414df4625989a35983e3,1726163213,20,package.json,npm@10.1.0,package.json,[],projects/govuk-frontend/repo
0dce9aaeee8d4868fb2e46d4d0cf7574d3a9dd9d,1726229006,20,package.json,npm@10.1.0,package.json,[],projects/govuk-frontend/repo
3c7eb23df0f5869a6974c21e19281790361585fa,1726478039,20,package.json,npm@10.1.0,package.json,[],projects/govuk-frontend/repo
7ab47eb82aa805bdcffc63afaba486c61595e4d8,1726478519,20,package.json,npm@10.1.0,package.json,[],projects/govuk-frontend/repo
12c81adaf019e63c2c31a1ccf3810e97f14ae6a4,1726478597,20,package.json,npm@10.1.0,package.json,[],projects/govuk-frontend/repo
efc3bb8d3703d94e7b265a37e26947f186dbf5d2,1726478630,20,package.json,npm@10.1.0,package.json,[],projects/govuk-frontend/repo
413f639513a38349893d562f2f2a4db681f90bc2,1726490382,20,package.json,npm@10.1.0,package.json,[],projects/govuk-frontend/repo
e5616a210ab8ca491ce7a8393c2ebbe652424a3d,1726490413,20,package.json,npm@10.1.0,package.json,[],projects/govuk-frontend/repo
bcf3dc2b0cd33f6b1cfb465625229ae2c3c61af7,1726490484,20,package.json,npm@10.1.0,package.json,[],projects/govuk-frontend/repo
f4c0721e9759a0fd460cef8cc9b5db65913fc2c1,1726561333,20,package.json,npm@10.1.0,package.json,[],projects/govuk-frontend/repo
5e6a72e5e7921eb48214e034895c379ca09224e8,1726561421,20,package.json,npm@10.1.0,package.json,[],projects/govuk-frontend/repo
c8063c83bf87353ebd00458888ec2bd49d69043a,1726561584,20,package.json,npm@10.1.0,package.json,[],projects/govuk-frontend/repo
ec27ff11051eb3fd45d2304741c0af1f3b4681d0,1726562293,20,package.json,npm@10.1.0,package.json,[],projects/govuk-frontend/repo
bd4153eb3d1a863ee1d931d19164e0897cce763c,1726562354,20,package.json,npm@10.1.0,package.json,[],projects/govuk-frontend/repo
5620565fd15906077637213d844c268fe13c9f3c,1726582597,20,package.json,npm@10.1.0,package.json,[],projects/govuk-frontend/repo
87b7566a749f1bca5c20b196c3e5945934901fe8,1726582926,20,package.json,npm@10.1.0,package.json,[],projects/govuk-frontend/repo
01a91522f441c2267d02c65bf1804fea8b89cedb,1726590241,20,package.json,npm@10.1.0,package.json,[],projects/govuk-frontend/repo
838ab44c1a129aa48fb8ac81e45d05ffe5c903db,1726739506,20,package.json,npm@10.1.0,package.json,[],projects/govuk-frontend/repo
b17f68410119b9745b0eb8e2b5eec5fb8d7da8da,1727084272,20,package.json,npm@10.1.0,package.json,[],projects/govuk-frontend/repo
a2a0f1a7ce70f2440a930a2df9781dacf4faa629,1727084854,20,package.json,npm@10.1.0,package.json,[],projects/govuk-frontend/repo
943a05412c24daddc0aa4f2282dcba62c6196962,1727084889,20,package.json,npm@10.1.0,package.json,[],projects/govuk-frontend/repo
5c28be2d5e613e1539d8126f0d17a830c0e90552,1727084924,20,package.json,npm@10.1.0,package.json,[],projects/govuk-frontend/repo
69d6183d76bc46ffc02495ed4f8d651f65111ff2,1727084960,20,package.json,npm@10.1.0,package.json,[],projects/govuk-frontend/repo
66dcef8c0e3d31c9a6039217d992ddeac0c1656e,1727085146,20,package.json,npm@10.1.0,package.json,[],projects/govuk-frontend/repo
a0e00d10a7d3f299ae49a4ee770f2789242b6370,1727085661,20,package.json,npm@10.1.0,package.json,[],projects/govuk-frontend/repo
565df0fec077c26e827860437161419fe50d44c7,1727098531,20,package.json,npm@10.1.0,package.json,[],projects/govuk-frontend/repo
9ecc96c1e847e9fb914b4f8b22c58e350e0b0214,1727098584,20,package.json,npm@10.1.0,package.json,[],projects/govuk-frontend/repo
2bedfd589a94ff3ff14213594548eede73ee9b97,1727098662,20,package.json,npm@10.1.0,package.json,[],projects/govuk-frontend/repo
776208bfd7d3924d3116b6ddd2934bd439bfd761,1727098683,20,package.json,npm@10.1.0,package.json,[],projects/govuk-frontend/repo
d8ad0db4133253cf0748ab2a932dfc638065e7de,1727098856,20,package.json,npm@10.1.0,package.json,[],projects/govuk-frontend/repo
fa62714a1597c7a31c82b3bc9c7f2803c3ff75c8,1727100763,20,package.json,npm@10.1.0,package.json,[],projects/govuk-frontend/repo
58fbeaae9c9c7afa522bea1fe4529678acffd987,1727101635,20,package.json,npm@10.1.0,package.json,[],projects/govuk-frontend/repo
9f3c7709d2426758f4a63996d95906f8a8b1dbee,1727101659,20,package.json,npm@10.1.0,package.json,[],projects/govuk-frontend/repo
34fe41fb7f35c31452634504432fcf055d346dca,1727111203,20,package.json,npm@10.1.0,package.json,[],projects/govuk-frontend/repo
9e197269722faca664ae7015d2f19dacb7730b64,1727167087,20,package.json,npm@10.1.0,package.json,[],projects/govuk-frontend/repo
1d678c68d453f6adc22fd5330b1abea8f3337365,1727167138,20,package.json,npm@10.1.0,package.json,[],projects/govuk-frontend/repo
3d39b0b6cc33e874fc2fb3f0d9e61d8745fdb2eb,1727189007,20,package.json,npm@10.1.0,package.json,[],projects/govuk-frontend/repo
2d3fbaaa0b59107861871ff09f7b60d2d8679c3c,1727190638,20,package.json,npm@10.1.0,package.json,[],projects/govuk-frontend/repo
00371fa1e36aca169b9e8a8488f3f8310ed10349,1727254429,20,package.json,npm@10.1.0,package.json,[],projects/govuk-frontend/repo
00daf73cb5006c654ab23616638e5dc01a496b2f,1727255952,20,package.json,npm@10.1.0,package.json,[],projects/govuk-frontend/repo
56d7ea41c0cae10642a4e63bbc318304d1e5bd63,1727365908,20,package.json,npm@10.1.0,package.json,[],projects/govuk-frontend/repo
b4fdad4bd7d5bf9f8bbf1deeb0f92c81c304d77c,1727445314,20,package.json,npm@10.1.0,package.json,[],projects/govuk-frontend/repo
ab5640ef345d9820e46a836a00cb14527554954b,1727687379,20,package.json,npm@10.1.0,package.json,[],projects/govuk-frontend/repo
1d126be05a386892e7d37ef4ba5b49b96155a2b8,1727689205,20,package.json,npm@10.1.0,package.json,[],projects/govuk-frontend/repo
1f56660ba37b5281aaca040172cdd7ffa45d791a,1727689796,20,package.json,npm@10.1.0,package.json,[],projects/govuk-frontend/repo
23a9491550e1e0f2e30447edc6367261a2f1bc64,1727689869,20,package.json,npm@10.1.0,package.json,[],projects/govuk-frontend/repo
4073135407ab074e0dc8a18e5590277bbeca2abb,1727689971,20,package.json,npm@10.1.0,package.json,[],projects/govuk-frontend/repo
9df18cae0019114746ea5b2042b7078068863fff,1727690036,20,package.json,npm@10.1.0,package.json,[],projects/govuk-frontend/repo
23dbc3da0c16b54eecc43c33c52336cffb1dfb3b,1727882596,20,package.json,npm@10.1.0,package.json,[],projects/govuk-frontend/repo
c16715d328067c0ef95a24c334362c4e59df1a81,1727882624,20,package.json,npm@10.1.0,package.json,[],projects/govuk-frontend/repo
2d61f36c6b06123071cdb0e5c4a28e486641dda5,1727882654,20,package.json,npm@10.1.0,package.json,[],projects/govuk-frontend/repo
8b7579d46e4dacb8000afce74ce53d4789226579,1727882675,20,package.json,npm@10.1.0,package.json,[],projects/govuk-frontend/repo
3183d50075fbb115347fac179e7a12b6401db25f,1727882696,20,package.json,npm@10.1.0,package.json,[],projects/govuk-frontend/repo
1925ea6330d0e0acd4c2f75cdc065de6772b2b91,1727882731,20,package.json,npm@10.1.0,package.json,[],projects/govuk-frontend/repo
9b57da6f0b8194473d67288666bc7d100339f289,1728292513,20,package.json,npm@10.1.0,package.json,[],projects/govuk-frontend/repo
63a8a6b09548e18ddfd5241d984abdf134fd0a9d,1728292879,20,package.json,npm@10.1.0,package.json,[],projects/govuk-frontend/repo
97980db6e751489ed82e27faeaf0c99ec900ee3c,1728293266,20,package.json,npm@10.1.0,package.json,[],projects/govuk-frontend/repo
256e1b81bf07b64ffd26e4c6006641af14a1506b,1728293290,20,package.json,npm@10.1.0,package.json,[],projects/govuk-frontend/repo
f89f022f71673df9f4a38c217966406aa2e9ced3,1728293355,20,package.json,npm@10.1.0,package.json,[],projects/govuk-frontend/repo
8b5dc8a2ff747a1ba7ecc4f42f990cc3e442b122,1728293645,20,package.json,npm@10.1.0,package.json,[],projects/govuk-frontend/repo
f7413685abcb862a208b12926b56b0d9f2aeb4b0,1728293709,20,package.json,npm@10.1.0,package.json,[],projects/govuk-frontend/repo
62cabf2564f9de598e8fd43aae7a50cbca9590c9,1728293818,20,package.json,npm@10.1.0,package.json,[],projects/govuk-frontend/repo
4efc24a249b19c2e9c93c401174a23f962815789,1728294619,20,package.json,npm@10.1.0,package.json,[],projects/govuk-frontend/repo
d5932507fae279b1a7d611cd05473197f1c1d841,1728381963,20,package.json,npm@10.1.0,package.json,[],projects/govuk-frontend/repo
2e462aa05544f66e34c0a083e055847bde3943dc,1728400437,20,package.json,npm@10.1.0,package.json,[],projects/govuk-frontend/repo
2e2e4bcc4cb013d07ea04e4c0bc0eafde9d7cd44,1728404369,20,package.json,npm@10.1.0,package.json,[],projects/govuk-frontend/repo
0e3e3bf5bc899f703c176ba91e6a50d2a713da23,1728404463,20,package.json,npm@10.1.0,package.json,[],projects/govuk-frontend/repo
1dbca3a2efb8db2bc1088dd91523ab8a0218ac9a,1728404501,20,package.json,npm@10.1.0,package.json,[],projects/govuk-frontend/repo
818e9ef41f8f3a6547413298d50ac288bb34d289,1728404525,20,package.json,npm@10.1.0,package.json,[],projects/govuk-frontend/repo
236f57a060e96c2f89758fbada8118d3692065db,1728404632,20,package.json,npm@10.1.0,package.json,[],projects/govuk-frontend/repo
823c291dd20ea75b74b24c97b68348054de88c5f,1728404775,20,package.json,npm@10.1.0,package.json,[],projects/govuk-frontend/repo
14f71c81dc95082bf0444c33165aaa9138e3c27a,1728404806,20,package.json,npm@10.1.0,package.json,[],projects/govuk-frontend/repo
a34b987d221ac1e4efa6d28303f99ed1c0e68f17,1728404991,20,package.json,npm@10.1.0,package.json,[],projects/govuk-frontend/repo
0835306ecda439afc671e15b83c6270d1c75d9ac,1728405065,20,package.json,npm@10.1.0,package.json,[],projects/govuk-frontend/repo
9d1a2f2089ade6d27d34f812bb3c662d707f28a8,1728405879,20,package.json,npm@10.1.0,package.json,[],projects/govuk-frontend/repo
e08cae7f10a2d7e9aa0ae229be61a03c914b6ed3,1728405893,20,package.json,npm@10.1.0,package.json,[],projects/govuk-frontend/repo
d5aadab22c4d3ffcca81d8c744eb6c58cdfad07e,1728405986,20,package.json,npm@10.1.0,package.json,[],projects/govuk-frontend/repo
4246bd81dde58eed19413ce5519a68d8c405c03c,1728409423,20,package.json,npm@10.1.0,package.json,[],projects/govuk-frontend/repo
5a05c2387db2e87027a400a3553b56e8b24be3c8,1728409467,20,package.json,npm@10.1.0,package.json,[],projects/govuk-frontend/repo
3cbc709d489e04a468d9032a942f26870af656d2,1728409468,20,package.json,npm@10.1.0,package.json,[],projects/govuk-frontend/repo
d47f41618567ad92cde3e95ea2b807879e9a8884,1728409468,20,package.json,npm@10.1.0,package.json,[],projects/govuk-frontend/repo
e82acf076e4105275959168e37764ace63744bdb,1728409469,20,package.json,npm@10.1.0,package.json,[],projects/govuk-frontend/repo
b4483fabe0492342bbf1040c2985406f6a94e389,1728409469,20,package.json,npm@10.1.0,package.json,[],projects/govuk-frontend/repo
985c0d7cb776572f2e21d0f5449a4ec3d35cb235,1728409470,20,package.json,npm@10.1.0,package.json,[],projects/govuk-frontend/repo
fc50ec84d3dbf3e4d4ab204f35f6eac6c7b0bf00,1728409471,20,package.json,npm@10.1.0,package.json,[],projects/govuk-frontend/repo
7ad92cf186884f489d958bc8f2c286ebad0e390a,1728409471,20,package.json,npm@10.1.0,package.json,[],projects/govuk-frontend/repo
ee7513df43a43d177179cceb53034eff65d438a4,1728409471,20,package.json,npm@10.1.0,package.json,[],projects/govuk-frontend/repo
3da21dd248e4e3dbb246eedfea262ec9e03c0f22,1728409471,20,package.json,npm@10.1.0,package.json,[],projects/govuk-frontend/repo
423514fe75525a142b1d263fe2c67941e1b2ae1d,1728409472,20,package.json,npm@10.1.0,package.json,[],projects/govuk-frontend/repo
b88cbfc42b74f34e21ccb4e278bec82656edc111,1728409472,20,package.json,npm@10.1.0,package.json,[],projects/govuk-frontend/repo
90849a09cffd1d3609d6070dc1c177ab065be0a3,1728409473,20,package.json,npm@10.1.0,package.json,[],projects/govuk-frontend/repo
ac453bd9e595d72650907ea0823379034d0322c3,1728409473,20,package.json,npm@10.1.0,package.json,[],projects/govuk-frontend/repo
21b8cb3294d469343ece7873106cd9c45dda804b,1728409473,20,package.json,npm@10.1.0,package.json,[],projects/govuk-frontend/repo
82df8d473e78fc4943cc8d872538aa15ce2ef54d,1728409473,20,package.json,npm@10.1.0,package.json,[],projects/govuk-frontend/repo
6330247a6c65d18447beb3af80eee666ea7edf93,1728409473,20,package.json,npm@10.1.0,package.json,[],projects/govuk-frontend/repo
cfe10936f9a6decacf913c2072491a064ce983d7,1728409473,20,package.json,npm@10.1.0,package.json,[],projects/govuk-frontend/repo
8f32cdb4185d7f7e73c3f1e47eee32ef25549f29,1728409473,20,package.json,npm@10.1.0,package.json,[],projects/govuk-frontend/repo
ff391c5e950d450e50c2e5945e39e06ea8e356b5,1728409474,20,package.json,npm@10.1.0,package.json,[],projects/govuk-frontend/repo
5e9c8da62e32176793414e8446667db408aaae43,1728409475,20,package.json,npm@10.1.0,package.json,[],projects/govuk-frontend/repo
c7506f3567aed2f1f5c3ce86c675ae7a8778fcaf,1728409475,20,package.json,npm@10.1.0,package.json,[],projects/govuk-frontend/repo
530a41a3081816722db7d3786b071979cab5c07b,1728409475,20,package.json,npm@10.1.0,package.json,[],projects/govuk-frontend/repo
7748282376027426760569e344c1b07430764a30,1728409475,20,package.json,npm@10.1.0,package.json,[],projects/govuk-frontend/repo
0e60f4f9b5819d78b79abd3c992b6d53c83d1a67,1728409475,20,package.json,npm@10.1.0,package.json,[],projects/govuk-frontend/repo
df501f2f4fef2026d65cf5725767a05ebe870523,1728409475,20,package.json,npm@10.1.0,package.json,[],projects/govuk-frontend/repo
c77c714a206be409ae390070b0214567353926d9,1728409476,20,package.json,npm@10.1.0,package.json,[],projects/govuk-frontend/repo
817ea2e0b8ef405f3cee624519e090b67e44499f,1728409477,20,package.json,npm@10.1.0,package.json,[],projects/govuk-frontend/repo
77d83e631f5146b97182decfd76cdd817bafe942,1728409477,20,package.json,npm@10.1.0,package.json,[],projects/govuk-frontend/repo
11d9e06c3ee5561cdcec0726478d116146f7984b,1728409477,20,package.json,npm@10.1.0,package.json,[],projects/govuk-frontend/repo
c63b687e69feb3f072b4761ccd9ef4fa62cbaa67,1728409478,20,package.json,npm@10.1.0,package.json,[],projects/govuk-frontend/repo
bb472d2d21ed8a6bd2278fde1fe260a9f8032165,1728409478,20,package.json,npm@10.1.0,package.json,[],projects/govuk-frontend/repo
c05794c0533e69635f8aae92324145068c447bd1,1728409479,20,package.json,npm@10.1.0,package.json,[],projects/govuk-frontend/repo
819c725c8004b3b921cf88640dc602d90b5aeff2,1728409479,20,package.json,npm@10.1.0,package.json,[],projects/govuk-frontend/repo
ed3044d6817a63479e560ecdee12a0455e80e81e,1728409480,20,package.json,npm@10.1.0,package.json,[],projects/govuk-frontend/repo
dd8fd2e07da5b0616398bc32104ecbb440abdfc4,1728409480,20,package.json,npm@10.1.0,package.json,[],projects/govuk-frontend/repo
d2b6576a2724f437740c3edd2013b5079d9838cf,1728409481,20,package.json,npm@10.1.0,package.json,[],projects/govuk-frontend/repo
b7eae7c0d92199cf2d804f4aa022c6eb9694e9ce,1728409481,20,package.json,npm@10.1.0,package.json,[],projects/govuk-frontend/repo
32e2324fde5bd4901b801f10dc7e9e185fb9353c,1728409481,20,package.json,npm@10.1.0,package.json,[],projects/govuk-frontend/repo
cd00ba0b15ff3cc0d6af7f34f36d005c058b9814,1728409481,20,package.json,npm@10.1.0,package.json,[],projects/govuk-frontend/repo
cba4d74e4331934d8040642ebf8c3ba0d9c15f17,1728409482,20,package.json,npm@10.1.0,package.json,[],projects/govuk-frontend/repo
de6b95b3524a2b0ae762631b384f940e8adc8df6,1728409483,20,package.json,npm@10.1.0,package.json,[],projects/govuk-frontend/repo
7cb7b62629f652e7ab991901f9e693476d1783d8,1728409483,20,package.json,npm@10.1.0,package.json,[],projects/govuk-frontend/repo
42c527648f97e59fd8c1b2334b59343d786ba557,1728409483,20,package.json,npm@10.1.0,package.json,[],projects/govuk-frontend/repo
632e271e24aafbdcca70b9af7079cf53d882893b,1728483259,20,package.json,npm@10.1.0,package.json,[],projects/govuk-frontend/repo
6b11203631e6c957584e18d042de9e30f1c22052,1728483283,20,package.json,npm@10.1.0,package.json,[],projects/govuk-frontend/repo
086734c7e440b02872fa1d436c983ebe19f1d19d,1728553891,20,package.json,npm@10.1.0,package.json,[],projects/govuk-frontend/repo
b2f618387fd84e96dcafbb121481e48076809daa,1728554032,20,package.json,npm@10.1.0,package.json,[],projects/govuk-frontend/repo
3edf2c03399f9f78c5cf5b2af1f2daf5f04bb1d2,1728554744,20,package.json,npm@10.1.0,package.json,[],projects/govuk-frontend/repo
fe83aa426dc7a102a961382666721fd3683f6652,1728554807,20,package.json,npm@10.1.0,package.json,[],projects/govuk-frontend/repo
9fb4b898fbc2b793c2a5b158a19f9a9fffb71798,1728557256,20,package.json,npm@10.1.0,package.json,[],projects/govuk-frontend/repo
663748a7adc253edc758520180ca4c536b5a24da,1728557842,20,package.json,npm@10.1.0,package.json,[],projects/govuk-frontend/repo
6805620cf93b5b92dea8e97a4af1cbf329697fee,1728566722,20,package.json,npm@10.1.0,package.json,[],projects/govuk-frontend/repo
1bc77e1ece14fe2b9b4d195a1226c728b395348e,1728572241,20,package.json,npm@10.1.0,package.json,[],projects/govuk-frontend/repo
617ef04199120c079988e9561be9410584af1102,1728575830,20,package.json,npm@10.1.0,package.json,[],projects/govuk-frontend/repo
4e1ccea011b4c87b45da108892a79dc40fbd177f,1728633748,20,package.json,npm@10.1.0,package.json,[],projects/govuk-frontend/repo
8a95be4603a474d3849ed552d1e3a35803a67af0,1728633825,20,package.json,npm@10.1.0,package.json,[],projects/govuk-frontend/repo
782fba559e1caa7fe60f4079d8db5447ac12efcf,1728634470,20,package.json,npm@10.1.0,package.json,[],projects/govuk-frontend/repo
5d6fd4c03eeec92a274dec016716dee402117173,1728645939,20,package.json,npm@10.1.0,package.json,[],projects/govuk-frontend/repo
23569ac3fdc99093230fb0b86c862c19e4dfea32,1728652613,20,package.json,npm@10.1.0,package.json,[],projects/govuk-frontend/repo
77521fc8ee92d8c31574ef417322d010acea57fb,1728653120,20,package.json,npm@10.1.0,package.json,[],projects/govuk-frontend/repo
d219d30b3902cd90e92b200a04f47339854cd04a,1728657252,20,package.json,npm@10.1.0,package.json,[],projects/govuk-frontend/repo
8fd0fd7c498b5a298eb72a05a601314e7909be7d,1728657291,20,package.json,npm@10.1.0,package.json,[],projects/govuk-frontend/repo
263fa20a64a92b3949ad22bb38270320a5e60882,1728898391,20,package.json,npm@10.1.0,package.json,[],projects/govuk-frontend/repo
4462842241026ecfb15afcd3d976f90e44b73a6b,1728898395,20,package.json,npm@10.1.0,package.json,[],projects/govuk-frontend/repo
5e2ace607eb3e6254f3305c3a5f5c8fab34fc9dc,1728898399,20,package.json,npm@10.1.0,package.json,[],projects/govuk-frontend/repo
5f6be9bdb62ed91fd3f415aaf1f205cf73b35d5e,1728899751,20,package.json,npm@10.1.0,package.json,[],projects/govuk-frontend/repo
1c8b0c563aea8e669eaa2321772658b9c9f06f54,1728899754,20,package.json,npm@10.1.0,package.json,[],projects/govuk-frontend/repo
aa57f06dfadfc4f5dea6343e3e0132222a943e82,1728899915,20,package.json,npm@10.1.0,package.json,[],projects/govuk-frontend/repo
f53549d52c0863fbe6dcf94c246a1eaa2d8ad214,1728900036,20,package.json,npm@10.1.0,package.json,[],projects/govuk-frontend/repo
a7504c75fb3abb24417481b10f9a7f971a60b0fd,1728923774,20,package.json,npm@10.1.0,package.json,[],projects/govuk-frontend/repo
fcf1e459ae377c491eab54b2c874b4eff64d88cf,1729008943,20,package.json,npm@10.1.0,package.json,[],projects/govuk-frontend/repo
5a0322ca2308439bbc711f83418defe5cb395daf,1729010217,20,package.json,npm@10.1.0,package.json,[],projects/govuk-frontend/repo
8e21893095643aed5f89652719f0929beead90f0,1729501441,20,package.json,npm@10.1.0,package.json,[],projects/govuk-frontend/repo
2c1174c16e4c3dc96de42b02afab7eae89920e1b,1729501462,20,package.json,npm@10.1.0,package.json,[],projects/govuk-frontend/repo
2cbd5e38f43f66815f731a2d18fb40e1749e4b2b,1729501985,20,package.json,npm@10.1.0,package.json,[],projects/govuk-frontend/repo
3695a00c61c88f18fd5cc47d11262a998107874d,1729502162,20,package.json,npm@10.1.0,package.json,[],projects/govuk-frontend/repo
b9f706726d465eb920443bbfdafb19ce96ffc512,1729520935,20,package.json,npm@10.1.0,package.json,[],projects/govuk-frontend/repo
11ddee86eccc566e46d9ca0d615f57f233aa560f,1729520967,20,package.json,npm@10.1.0,package.json,[],projects/govuk-frontend/repo
1e36e0ab5badcb72f2a5a90f4d8058c7026177ce,1729521084,20,package.json,npm@10.1.0,package.json,[],projects/govuk-frontend/repo
746e65003b88cb734888eafd4ba9391566b7386a,1729521109,20,package.json,npm@10.1.0,package.json,[],projects/govuk-frontend/repo
e9d5823089a66dd923780576df8166a6fa390f8e,1729521167,20,package.json,npm@10.1.0,package.json,[],projects/govuk-frontend/repo
5d6f40a932fefa5f6344d23d88cd111450efb2e4,1729521233,20,package.json,npm@10.1.0,package.json,[],projects/govuk-frontend/repo
af94c080e7866cb6c28e0f8181fb9828f752f7a9,1729521310,20,package.json,npm@10.1.0,package.json,[],projects/govuk-frontend/repo
cd6262f5fbfd81e4dd92d62c54e7359e9c89725a,1729521350,20,package.json,npm@10.1.0,package.json,[],projects/govuk-frontend/repo
fd4348fd3429eacfb00df75b9d8ce579d3740055,1729521431,20,package.json,npm@10.1.0,package.json,[],projects/govuk-frontend/repo
63bf61b77f51bbbad3e12f5b560dcabb5244d992,1729521522,20,package.json,npm@10.1.0,package.json,[],projects/govuk-frontend/repo
b301a6416982760dbca75b1c00486017ab346ba9,1729521666,20,package.json,npm@10.1.0,package.json,[],projects/govuk-frontend/repo
af328be93162c9fa6265bffbc1e5dad019b6eb8c,1729521701,20,package.json,npm@10.1.0,package.json,[],projects/govuk-frontend/repo
6acd99e439ef7278d761305c698280a0bc340290,1729522180,20,package.json,npm@10.1.0,package.json,[],projects/govuk-frontend/repo
4181b3bbf595365c1e9f087b2758a160bb478e93,1729522209,20,package.json,npm@10.1.0,package.json,[],projects/govuk-frontend/repo
fab11b7e4d5b0bed6ca56f660cc5fde967ffe999,1729522232,20,package.json,npm@10.1.0,package.json,[],projects/govuk-frontend/repo
cbf4ef1e329711be5b78a92bda6ba84a7db9ca40,1729522251,20,package.json,npm@10.1.0,package.json,[],projects/govuk-frontend/repo
1578df1be565718855dafc294936bbe736a52847,1730109883,20,package.json,npm@10.1.0,package.json,[],projects/govuk-frontend/repo
45961536db30b3723eb801fe8f892020adfce902,1730109887,20,package.json,npm@10.1.0,package.json,[],projects/govuk-frontend/repo
5286e6ce3aed78928eaa3ecf8b0847964550b8fb,1730111681,20,package.json,npm@10.1.0,package.json,[],projects/govuk-frontend/repo
2feef975ebe5272bec34648abddec1a66233d00b,1730111873,20,package.json,npm@10.1.0,package.json,[],projects/govuk-frontend/repo
84c5c8cd0162b42dc2c5393fb9d948793908e0eb,1730112361,20,package.json,npm@10.1.0,package.json,[],projects/govuk-frontend/repo
4c0c3de42a81c34e0ef77214d3641b4806c22986,1730112393,20,package.json,npm@10.1.0,package.json,[],projects/govuk-frontend/repo
893082a8423d673024352559b971d9a885aa93d3,1730112459,20,package.json,npm@10.1.0,package.json,[],projects/govuk-frontend/repo
227dfc7e3059cb76daddf10e24cb87c42971adc8,1730112531,20,package.json,npm@10.1.0,package.json,[],projects/govuk-frontend/repo
3f201a5bd9861f37ba30e1c240ef7764a17d1c2a,1730112625,20,package.json,npm@10.1.0,package.json,[],projects/govuk-frontend/repo
be6639eb17246a4f8725e0404682bf09e1b39239,1730112805,20,package.json,npm@10.1.0,package.json,[],projects/govuk-frontend/repo
1dc33c27d2ee1e1c39428fd8d741a28e9f442e18,1730113000,20,package.json,npm@10.1.0,package.json,[],projects/govuk-frontend/repo
acaca43423a7695ff2275f0f77e597c50f56ab14,1730214883,20,package.json,npm@10.1.0,package.json,[],projects/govuk-frontend/repo
653df30f5414b7a5f835ee19ca320de1f6870a63,1730214925,20,package.json,npm@10.1.0,package.json,[],projects/govuk-frontend/repo
31462a22a4894d7ff227c823ef25f574be5fdb3b,1730215193,20,package.json,npm@10.1.0,package.json,[],projects/govuk-frontend/repo
6e3733c9551f82040d18d5fb5e9b65212d3731fa,1730215282,20,package.json,npm@10.1.0,package.json,[],projects/govuk-frontend/repo
6b002ccd83275bf2e22b8439ddb35aa508804cad,1730221873,20,package.json,npm@10.1.0,package.json,[],projects/govuk-frontend/repo
c7af706ede72355e445902f0ce4f80fb3ceea605,1730221906,20,package.json,npm@10.1.0,package.json,[],projects/govuk-frontend/repo
03c250ae40fb923321ffb6028b13a75199f8fc6f,1730221946,20,package.json,npm@10.1.0,package.json,[],projects/govuk-frontend/repo
0e5ef7e902724704ce3ea6ffb0aeaee252fc87f4,1730222727,20,package.json,npm@10.1.0,package.json,[],projects/govuk-frontend/repo
2785fd823e61eb5d41f48a44400b52965e37b529,1730222759,20,package.json,npm@10.1.0,package.json,[],projects/govuk-frontend/repo
b3b0d04dd730d55b92eb4635eb25be057a07b16b,1730222786,20,package.json,npm@10.1.0,package.json,[],projects/govuk-frontend/repo
e2d9faf0343715db98099dbc19ee9d2f3d018634,1730222811,20,package.json,npm@10.1.0,package.json,[],projects/govuk-frontend/repo
d346de1d7887d505a2c0ae06dd1585b5463b9c1f,1730366525,20,package.json,npm@10.1.0,package.json,[],projects/govuk-frontend/repo
5cd36b27bd0c665f561a303d3a8209e0000e68c2,1730366540,20,package.json,npm@10.1.0,package.json,[],projects/govuk-frontend/repo
1ffabf76e1bee192340c4aa9a0aa698bfd491a87,1730366880,20,package.json,npm@10.1.0,package.json,[],projects/govuk-frontend/repo
c3ead361f2e9e7268ece3ecac041deb11ab0976b,1730367184,20,package.json,npm@10.1.0,package.json,[],projects/govuk-frontend/repo
8ca55c875659d8b67a6f0303491f4d0d7406493c,1730367629,20,package.json,npm@10.1.0,package.json,[],projects/govuk-frontend/repo
751fb3c033c51567dab29d4322f7e846a0a72bf0,1730367863,22,.nvmrc,npm@10.1.0,package.json,[],projects/govuk-frontend/repo
14144e2e72f9fe5237a941019e1e3c0e12449921,1730368659,22,.nvmrc,npm@10.1.0,package.json,[],projects/govuk-frontend/repo
1969a6208e4f52fcb8b65c96a5a9e25da7502e90,1730372356,22,.nvmrc,npm@10.1.0,package.json,[],projects/govuk-frontend/repo
cec5c59df3082968cfacfbd4438703dd12cbfea1,1730372357,22,.nvmrc,npm@10.1.0,package.json,[],projects/govuk-frontend/repo
aef02c85cabbf51b2794402cfc73c614c8c11fa2,1730372357,22,package.json,npm@10.1.0,package.json,[],projects/govuk-frontend/repo
d3416679d2500eaa107e5b06b796e5ab3792a6a0,1730454377,22,package.json,npm@10.1.0,package.json,[],projects/govuk-frontend/repo
652ad88392a0e5e69800f9e088961ef6dcd10cc5,1730462550,20,package.json,npm@10.1.0,package.json,[],projects/govuk-frontend/repo
febc1d38521dcea567d5b57296df5efaa363ef08,1730717972,22,package.json,npm@10.1.0,package.json,[],projects/govuk-frontend/repo
9eb0ed779315ad3f06fcec2a8ee105389ae3ed74,1730718104,22,package.json,npm@10.1.0,package.json,[],projects/govuk-frontend/repo
16e1488ac45b9f107efd5008b9e4e0f98c669a02,1730718224,22,package.json,npm@10.1.0,package.json,[],projects/govuk-frontend/repo
624ea00f79c59e13c6d71b759a97df9f8d42f204,1730735792,22,package.json,npm@10.1.0,package.json,[],projects/govuk-frontend/repo
4ee4a084d2e1fa87f80d10c7482c364e9aa50b5b,1730799457,22,.nvmrc,npm@10.1.0,package.json,[],projects/govuk-frontend/repo
8b807801d7f86524ec799b4fd5eeeae6133c62e9,1730799458,22,.nvmrc,npm@10.1.0,package.json,[],projects/govuk-frontend/repo
ec1036f98c3d292de3c7f4e7926c9660531392f7,1730799474,22,.nvmrc,npm@10.1.0,package.json,[],projects/govuk-frontend/repo
daa393f5a26ec18511ad32f7c4a447271cd4b169,1730799475,22,.nvmrc,npm@10.1.0,package.json,[],projects/govuk-frontend/repo
741d74653e0b8bc3409727bfa92759b66767d2d1,1730800096,22,.nvmrc,npm@10.1.0,package.json,[],projects/govuk-frontend/repo
a6d6eefa93a528bb566672f5c9dcdea61650e236,1730819627,22,package.json,npm@10.1.0,package.json,[],projects/govuk-frontend/repo
a9f5e155b503dee60d2f9b4e356deac62b72ae98,1731084807,22,package.json,npm@10.1.0,package.json,[],projects/govuk-frontend/repo
76d092d46004eab5c57a7ec556ee06e675e4d84e,1731084836,22,package.json,npm@10.1.0,package.json,[],projects/govuk-frontend/repo
dbfb935ec1a032716d1431c28e6f8adf0758753e,1731084872,22,package.json,npm@10.1.0,package.json,[],projects/govuk-frontend/repo
156b04cf81f7f46e083b1b56a5371cbffd7cc7b2,1731327865,22,package.json,npm@10.1.0,package.json,[],projects/govuk-frontend/repo
719dd90a385f83718a06d32ff6c5383e9a4f9d9f,1731339961,22,package.json,npm@10.1.0,package.json,[],projects/govuk-frontend/repo
d76a418ec8b0a0240b54d37308a8d7f542c8d4b2,1731340038,22,package.json,npm@10.1.0,package.json,[],projects/govuk-frontend/repo
d82e3e98e8fdd156237668443fe21d793d2709d4,1731340038,22,package.json,npm@10.1.0,package.json,[],projects/govuk-frontend/repo
b9910e3d810a45e728e4157ce0e17b00c0223510,1731340038,22,package.json,npm@10.1.0,package.json,[],projects/govuk-frontend/repo
19a96b162c746798188a1f21c298a70d786edc66,1731340038,22,package.json,npm@10.1.0,package.json,[],projects/govuk-frontend/repo
083028e0eeac6e938cc4619b621b2c91766c6bcd,1731340864,22,package.json,npm@10.1.0,package.json,[],projects/govuk-frontend/repo
fe67a93c8e1e8850685ab60372bbec3a2bc58758,1731341087,22,package.json,npm@10.1.0,package.json,[],projects/govuk-frontend/repo
2ba0c6dcf9a2d3951c7beae2219bb5a5eba0f1eb,1731341220,22,package.json,npm@10.1.0,package.json,[],projects/govuk-frontend/repo
35e89aa9c46ffc235e10751aebe5c4134f93a6f7,1731341252,22,package.json,npm@10.1.0,package.json,[],projects/govuk-frontend/repo
9e5052749a822064725536367004ab83d881cd92,1731341305,22,package.json,npm@10.1.0,package.json,[],projects/govuk-frontend/repo
f7ad4cd12adf9e4dc0a90d38204d3d15caa90a18,1731341394,22,package.json,npm@10.1.0,package.json,[],projects/govuk-frontend/repo
5248e5ff1ec8737efa06c0fdeba3902cae50e959,1731341749,22,package.json,npm@10.1.0,package.json,[],projects/govuk-frontend/repo
1f8e9b396cfa33fd7dd14af91f640e40cb871a24,1731341811,22,package.json,npm@10.1.0,package.json,[],projects/govuk-frontend/repo
06f0515993f6a399ba367f72a92761f8bcee9bfc,1731341863,22,package.json,npm@10.1.0,package.json,[],projects/govuk-frontend/repo
1c7f67da96ad02ccc538839abf2b73e967c16109,1731341889,22,package.json,npm@10.1.0,package.json,[],projects/govuk-frontend/repo
a343c28622097699aadc2508f33f46fcf45cfe9d,1731341967,22,package.json,npm@10.1.0,package.json,[],projects/govuk-frontend/repo
bd44ccf1cd37270d77c387c3b518c3e67718b9e1,1731342463,22,package.json,npm@10.1.0,package.json,[],projects/govuk-frontend/repo
77b67bfd0641297a139caf7d525b06910ced0a57,1731342597,22,package.json,npm@10.1.0,package.json,[],projects/govuk-frontend/repo
c67cfa4de5a83d636dff36e1328cf0d0ab822243,1731342605,22,package.json,npm@10.1.0,package.json,[],projects/govuk-frontend/repo
3d53cab7406fe86585545a0762aa672fcc2c1cb7,1731342610,22,package.json,npm@10.1.0,package.json,[],projects/govuk-frontend/repo
58fdd9c0e2ab9ee0900a3a1ece5f914c8a7ec8b0,1731342616,22,package.json,npm@10.1.0,package.json,[],projects/govuk-frontend/repo
561ffcbbfd037aa1598473753f67418f7ac2c354,1731342622,22,package.json,npm@10.1.0,package.json,[],projects/govuk-frontend/repo
4a28075a4328d1c4dd2539ae88453d28d0e00b35,1731343074,22,package.json,npm@10.1.0,package.json,[],projects/govuk-frontend/repo
9189857d6dc8cae0899b315c37cec74a51b284ac,1731343147,22,package.json,npm@10.1.0,package.json,[],projects/govuk-frontend/repo
d1fa1e55459e039da46e0529bb3f37046ca0244c,1731343545,22,package.json,npm@10.1.0,package.json,[],projects/govuk-frontend/repo
409527bd08b2259d0d98d2157aa16617d82a4527,1731349173,22,package.json,npm@10.1.0,package.json,[],projects/govuk-frontend/repo
eba858ddcdc6f9646a6561093d7daa81d4716563,1731350128,22,package.json,npm@10.1.0,package.json,[],projects/govuk-frontend/repo
d6c8ed8693b22be8026dd30f473e035f53daaed7,1731437568,22,package.json,npm@10.1.0,package.json,[],projects/govuk-frontend/repo
fef3a86ff73cb1c41e973742b6704598cf6c7d8a,1731437593,22,package.json,npm@10.1.0,package.json,[],projects/govuk-frontend/repo
3c4cb8cb32984450320aea0ca934dedf7bbe0e7a,1731437593,22,package.json,npm@10.1.0,package.json,[],projects/govuk-frontend/repo
e07082721279a262bf8183e24762a40981a4ec86,1731513645,22,package.json,npm@10.1.0,package.json,[],projects/govuk-frontend/repo
79ad500c754cecb28a76125c9f72fce4cec0da03,1731513645,22,package.json,npm@10.1.0,package.json,[],projects/govuk-frontend/repo
f0dc5be3426ebacb5575b2a6372158b7e53b766f,1731517129,22,package.json,npm@10.1.0,package.json,[],projects/govuk-frontend/repo
2e8e59b0db86e7185e6aa27bbd24e5fe1ebc38eb,1731578537,22,package.json,npm@10.1.0,package.json,[],projects/govuk-frontend/repo
a657b0efed8daa99710e0904f463a6dedc2aa042,1731597313,22,package.json,npm@10.1.0,package.json,[],projects/govuk-frontend/repo
ee76a60a168c18f8992e9a4e4e8babbd7c83cd15,1731927383,22,package.json,npm@10.1.0,package.json,[],projects/govuk-frontend/repo
98f3fcd3b01b28dce5137975c7121bdb474d4317,1731927559,22,package.json,npm@10.1.0,package.json,[],projects/govuk-frontend/repo
f8656840c150daf991415a269320a8f8d739afca,1731928067,22,package.json,npm@10.1.0,package.json,[],projects/govuk-frontend/repo
8ff0d2423f780418dd91ede029a110294cf0f4f1,1731928159,22,package.json,npm@10.1.0,package.json,[],projects/govuk-frontend/repo
c4dab265d5a6457efff299b0508315cd10e911e8,1731928447,22,package.json,npm@10.1.0,package.json,[],projects/govuk-frontend/repo
216d24ef5f9b6bb6f27dc673319d6221f0a8aa71,1731935514,22,package.json,npm@10.1.0,package.json,[],projects/govuk-frontend/repo
6c4c8bd014ebffeff4797c31dd02cc81623e477a,1731935553,22,package.json,npm@10.1.0,package.json,[],projects/govuk-frontend/repo
11e02a7f8510ca6023af30c9d90cf7346826f8b9,1731935674,22,package.json,npm@10.1.0,package.json,[],projects/govuk-frontend/repo
6b9f0fcb8d4070503bc5177a2a54c1c6d9d0c0fa,1731935815,22,package.json,npm@10.1.0,package.json,[],projects/govuk-frontend/repo
6fb4d4166fb5e0d61c809958f5333ae916a6ea01,1731936168,22,package.json,npm@10.1.0,package.json,[],projects/govuk-frontend/repo
997b81244218db52c8ac7c9ca86d5483561dd225,1731936622,22,package.json,npm@10.1.0,package.json,[],projects/govuk-frontend/repo
7d247003355ead9ab7d4a075c378a094dc68268e,1731936656,22,package.json,npm@10.1.0,package.json,[],projects/govuk-frontend/repo
d7fd939a3d277949dd90fde5dff34cf7b5a9bdd4,1731937779,22,package.json,npm@10.1.0,package.json,[],projects/govuk-frontend/repo
3c8fec33f9a7af451faebc45139bbfcb9d8978e9,1731941576,22,package.json,npm@10.1.0,package.json,[],projects/govuk-frontend/repo
11f6e24adaa10787a0e580cd712e35ca1dc7d214,1732194447,22,package.json,npm@10.1.0,package.json,[],projects/govuk-frontend/repo
04b90a4299a78a1c3c1a6200730e3a905d74f9f6,1732208659,22,package.json,npm@10.1.0,package.json,[],projects/govuk-frontend/repo
0496828a72395191210598c2e0a6c59c31137fb0,1732209298,22,package.json,npm@10.1.0,package.json,[],projects/govuk-frontend/repo
8df8a9c39d20a3db11b0265d1751db013ecc8040,1732267464,22,package.json,npm@10.1.0,package.json,[],projects/govuk-frontend/repo
81b8df29ad7348c35bc16fbbcd56957b5cfe0f3b,1732275738,22,package.json,npm@10.1.0,package.json,[],projects/govuk-frontend/repo
574ac1bb8a732ae3af19e73d98e35c33f3731dca,1732275738,22,package.json,npm@10.1.0,package.json,[],projects/govuk-frontend/repo
9a0db9332822ab05e58a6a010196bf7bcfb7fbd0,1732275738,22,package.json,npm@10.1.0,package.json,[],projects/govuk-frontend/repo
19bea6bce8a065bab5d9077df1eecffe5cb0036d,1732276466,22,package.json,npm@10.1.0,package.json,[],projects/govuk-frontend/repo
16f71d52676a0c4a9d39863ccbd27b88ea3697f9,1732287621,22,package.json,npm@10.1.0,package.json,[],projects/govuk-frontend/repo
3ceb9f45a932a52d1212792bf3dfed333a770ed8,1732287670,22,package.json,npm@10.1.0,package.json,[],projects/govuk-frontend/repo
c53281daec9798dfc2e1d84643c09d96d5eccbea,1732288335,22,package.json,npm@10.1.0,package.json,[],projects/govuk-frontend/repo
411d33009b36af408f39b9a1b781fb914c08b2c1,1732535192,22,package.json,npm@10.1.0,package.json,[],projects/govuk-frontend/repo
6a927fc072fd2f9a2c603a5efd0ffe20ae6f667a,1732535262,22,package.json,npm@10.1.0,package.json,[],projects/govuk-frontend/repo
a9220539c2e1c77c9974c242eef34de9c1793cc8,1732535294,22,package.json,npm@10.1.0,package.json,[],projects/govuk-frontend/repo
8fda09796bafc56071331da7f891350d9b268f0a,1732535327,22,package.json,npm@10.1.0,package.json,[],projects/govuk-frontend/repo
2d9266f2a4ffe3342f6c7733022e015144064c2a,1732535416,22,package.json,npm@10.1.0,package.json,[],projects/govuk-frontend/repo
5bc9f7dde1005457b639fcf45013eddd93341263,1732535447,22,package.json,npm@10.1.0,package.json,[],projects/govuk-frontend/repo
542fe89d9ecfa3bc00192593c0db49e5ef335ba8,1732536528,22,package.json,npm@10.1.0,package.json,[],projects/govuk-frontend/repo
8a0485998ea412d28c9820ad1a14da0fb103e037,1732536595,22,package.json,npm@10.1.0,package.json,[],projects/govuk-frontend/repo
df9926b4cdf5c894d6565f23e02e18137ad023e6,1732536638,22,package.json,npm@10.1.0,package.json,[],projects/govuk-frontend/repo
9764cc6d478f2e938f463453b01715bd98581207,1732538773,22,package.json,npm@10.1.0,package.json,[],projects/govuk-frontend/repo
5a750d71aa5cbc6d51340e83747efd5ae5d9ae2d,1732546111,22,package.json,npm@10.1.0,package.json,[],projects/govuk-frontend/repo
03a7205675643f491cac0ac87023c23223465dee,1732547380,22,package.json,npm@10.1.0,package.json,[],projects/govuk-frontend/repo
1ac6988d3d9e83a1ee156a8483b6668f8a861cca,1732548954,22,package.json,npm@10.1.0,package.json,[],projects/govuk-frontend/repo
6a93d78289bd50b690f8f421030158c4adfebe8d,1732874340,22,package.json,npm@10.1.0,package.json,[],projects/govuk-frontend/repo
ce87ed75067ceb318b4487e874a7ef01b6423710,1732880588,22,package.json,npm@10.1.0,package.json,[],projects/govuk-frontend/repo
1fdd296573042cc46ae6d7ee32bffd0a20d9b0be,1732890459,22,package.json,npm@10.1.0,package.json,[],projects/govuk-frontend/repo
7022a8a6b3f7dca1f65547301becf5db58b294b2,1732890724,22,package.json,npm@10.1.0,package.json,[],projects/govuk-frontend/repo
dc521fff9cbbbc30d38bcdd36c4969cd3e63574d,1733137701,22,package.json,npm@10.1.0,package.json,[],projects/govuk-frontend/repo
20278c286e9ece6bfe6519c9faf59fffe3da7f84,1733137743,22,package.json,npm@10.1.0,package.json,[],projects/govuk-frontend/repo
14de4bc0108bd8f246a2215033527b2ac5883800,1733140422,22,package.json,npm@10.1.0,package.json,[],projects/govuk-frontend/repo
8231659eaa0068db24af0deb95bc23937573e31b,1733140827,22,package.json,npm@10.1.0,package.json,[],projects/govuk-frontend/repo
d156c6ffa1b1fd4f57dc2a8608d6d4f05fd8ea05,1733740181,22,package.json,npm@10.1.0,package.json,[],projects/govuk-frontend/repo
f9162d54af6c069e68485326f8f37d2c0530c260,1733740229,22,package.json,npm@10.1.0,package.json,[],projects/govuk-frontend/repo
7c18639f10bc6f4ec05aa32a322e5d9c27d58e67,1733740251,22,package.json,npm@10.1.0,package.json,[],projects/govuk-frontend/repo
05a4298eca64ffa3a4d1772257a31e89210db302,1733740804,22,package.json,npm@10.1.0,package.json,[],projects/govuk-frontend/repo
43a5bf08d31d1d66478993c1a645b57d2b07db36,1733740870,22,package.json,npm@10.1.0,package.json,[],projects/govuk-frontend/repo
db67c541e76e6c9fd90eae296fd839ad3c3156d2,1733741709,22,package.json,npm@10.1.0,package.json,[],projects/govuk-frontend/repo
e3076a9cfddbf9d16dc79d76411bf3f5862ccb1f,1733742830,22,package.json,npm@10.1.0,package.json,[],projects/govuk-frontend/repo
237604e95f87b2bbc7d65beb286a8a9619569b84,1733743030,22,package.json,npm@10.1.0,package.json,[],projects/govuk-frontend/repo
6c9db27b3dff7530bff37cc70c45f33c6a8a48fd,1733748715,22,package.json,npm@10.1.0,package.json,[],projects/govuk-frontend/repo
03d1fe7e559d8c77f1f5e3b5140a0db80f46d3d2,1733748785,22,package.json,npm@10.1.0,package.json,[],projects/govuk-frontend/repo
8032a462094e84cc93c7230a5c13cfcf7b35f7b3,1733748809,22,package.json,npm@10.1.0,package.json,[],projects/govuk-frontend/repo
e735fa216e47ad2f376a39c6e27c8edf925e0387,1733748887,22,package.json,npm@10.1.0,package.json,[],projects/govuk-frontend/repo
0e25eb39fd5a5f62dcb59803fd7f15b8c0700064,1733748913,22,package.json,npm@10.1.0,package.json,[],projects/govuk-frontend/repo
680b8d5baa4cbf35ff0f38afdc62d758e2a61f0c,1733764220,22,package.json,npm@10.1.0,package.json,[],projects/govuk-frontend/repo
0bfcfd03851c77683a692d9de3a54ff0f6c9c23a,1734102132,22,package.json,npm@10.1.0,package.json,[],projects/govuk-frontend/repo
47be23e0a6551d56b3289088c997cb5960e58ca7,1734102602,22,package.json,npm@10.1.0,package.json,[],projects/govuk-frontend/repo
a67dd2460de080a4d4b5d25ca9d8f5f8c11687dd,1734103429,22,package.json,npm@10.1.0,package.json,[],projects/govuk-frontend/repo
04744373ce2aa66cc14bf946b17ad4646cfeaeec,1734345087,22,package.json,npm@10.1.0,package.json,[],projects/govuk-frontend/repo
ac00c432c3648a62dcf995d9daa889677869ba4f,1734345312,22,package.json,npm@10.1.0,package.json,[],projects/govuk-frontend/repo
1b4dfa9ad970042f762d27b6f748c733bc66a592,1734345350,22,package.json,npm@10.1.0,package.json,[],projects/govuk-frontend/repo
aeb86b8feb41d0d48f45caf554338fb83778d279,1734345430,22,package.json,npm@10.1.0,package.json,[],projects/govuk-frontend/repo
3042aa6b5ab0e9967ce08a06cb71d49db8fd1e74,1734345450,22,package.json,npm@10.1.0,package.json,[],projects/govuk-frontend/repo
014e6ce3882d377c4863137f0968280454b345a0,1734346049,22,package.json,npm@10.1.0,package.json,[],projects/govuk-frontend/repo
6543d956cb42348af51e70eef598b8ff88267641,1734346139,22,package.json,npm@10.1.0,package.json,[],projects/govuk-frontend/repo
80c20e0433079e7dadc31e1e187f8ea4e5c743eb,1734346596,22,package.json,npm@10.1.0,package.json,[],projects/govuk-frontend/repo
5b616e0df7198229afb94b48be5919751cd13c37,1734347179,22,package.json,npm@10.1.0,package.json,[],projects/govuk-frontend/repo
5f4f0c9c33d6ec3aa870d7974b96d51c7816f3fe,1734351826,22,package.json,npm@10.1.0,package.json,[],projects/govuk-frontend/repo
838d2f67c518bc709dcaf08d220f46c26a414bc3,1734351943,22,package.json,npm@10.1.0,package.json,[],projects/govuk-frontend/repo
b224935752a2f599068bedcd0ed605d14715449a,1734365618,22,package.json,npm@10.1.0,package.json,[],projects/govuk-frontend/repo
ba15d9ae926efef692f331bfe4d7d43d9e77fd06,1734366911,22,package.json,npm@10.1.0,package.json,[],projects/govuk-frontend/repo
7c7b77cffda5d90067eb0d34559a780e58454837,1734366912,22,package.json,npm@10.1.0,package.json,[],projects/govuk-frontend/repo
5b11dc48e3b7b01d910f56310b6fdbf468fe1645,1734367564,22,package.json,npm@10.1.0,package.json,[],projects/govuk-frontend/repo
b316dc75ad8af0205adab970c79d9b9310ec75cd,1734367675,22,package.json,npm@10.1.0,package.json,[],projects/govuk-frontend/repo
509851aaf67e34e74ea26bb9aab0e5fad7377ef9,1734367823,22,package.json,npm@10.1.0,package.json,[],projects/govuk-frontend/repo
ea4068735a2b82b7fd0ec4e713519a3d708cb848,1734368425,22,package.json,npm@10.1.0,package.json,[],projects/govuk-frontend/repo
0afb279886f27354631d3056562da928323d7daf,1734368491,22,package.json,npm@10.1.0,package.json,[],projects/govuk-frontend/repo
6a0fd3fa56c7d5aed6cc2c712beaaaf615860bac,1734428897,22,package.json,npm@10.1.0,package.json,[],projects/govuk-frontend/repo
2b41d860efa549c37929bcca1f4c000db0b4c9b3,1734950375,22,package.json,npm@10.1.0,package.json,[],projects/govuk-frontend/repo
c95dbd0f32f82d49f2d8bf8d4c8fce8dca2dc1dd,1734950442,22,package.json,npm@10.1.0,package.json,[],projects/govuk-frontend/repo
7b61b07cdb503922f3c07ca556c9082b34e1b9bd,1734950504,22,package.json,npm@10.1.0,package.json,[],projects/govuk-frontend/repo
19fb4828564d37f341f6375c1f6abf5cdc01e9d4,1736162927,22,package.json,npm@10.1.0,package.json,[],projects/govuk-frontend/repo
3901bdae4fe793b26ee072ef85866bf281cb9052,1736162949,22,package.json,npm@10.1.0,package.json,[],projects/govuk-frontend/repo
4835fdeeac4064fe3affed778c1cf2393e4cd245,1736162979,22,package.json,npm@10.1.0,package.json,[],projects/govuk-frontend/repo
1a517ce53d8469bb275f6b563d13929e73a6df35,1736174453,22,package.json,npm@10.1.0,package.json,[],projects/govuk-frontend/repo
8fbdd9da304e76a3707bce9b9d771441af2f34e1,1736175756,22,package.json,npm@10.1.0,package.json,[],projects/govuk-frontend/repo
eec18bf1cfc37ecb8cf19129c78f4457be082859,1736176633,22,package.json,npm@10.1.0,package.json,[],projects/govuk-frontend/repo
c627c8df5b4cf0a4e99687f6e635da5f84206115,1736184907,22,package.json,npm@10.1.0,package.json,[],projects/govuk-frontend/repo
c2f962e326f956b4c34bf68112992ca4296c0b5a,1736185695,22,package.json,npm@10.1.0,package.json,[],projects/govuk-frontend/repo
7fa760be8fb847a892fba98525e44acc3e23bdcc,1736185781,22,package.json,npm@10.1.0,package.json,[],projects/govuk-frontend/repo
6e44947d13814b742988b93bc1d95bee243066bc,1736186045,22,package.json,npm@10.1.0,package.json,[],projects/govuk-frontend/repo
f1b7817852c26c881a27bfc6353969d1a66ff16b,1736186072,22,package.json,npm@10.1.0,package.json,[],projects/govuk-frontend/repo
43e59d1064f30fe24aac54cf4c9cdd6556e03be7,1736260926,22,package.json,npm@10.1.0,package.json,[],projects/govuk-frontend/repo
f3e4031a4d3e17a9b8f3bda579cf5866eb6137e2,1736260927,22,package.json,npm@10.1.0,package.json,[],projects/govuk-frontend/repo
9b31d39d31e9e50ec5fce4405e77cfb5343fdeca,1736415394,22,package.json,npm@10.1.0,package.json,[],projects/govuk-frontend/repo
cc1766d01fc7cf5331bb8b46d76c7f64a03976da,1736417935,22,package.json,npm@10.1.0,package.json,[],projects/govuk-frontend/repo
db962577687a655af215a65da56baab12e37d3bc,1736418853,22,package.json,npm@10.1.0,package.json,[],projects/govuk-frontend/repo
43f2b61615f576a52ca8bcd0f25df8e41048db33,1736422302,22,package.json,npm@10.1.0,package.json,[],projects/govuk-frontend/repo
9b7891527e07414a8e1eb6ac206efb039b8967e8,1736423110,22,package.json,npm@10.1.0,package.json,[],projects/govuk-frontend/repo
cccd9ed76b72cce8a4e3b2e72dabbb92937915d2,1736423732,22,package.json,npm@10.1.0,package.json,[],projects/govuk-frontend/repo
cbd0d5066bd8f97ed4c151374c5f5a21c9a3dcd1,1736425155,22,package.json,npm@10.1.0,package.json,[],projects/govuk-frontend/repo
d22cf7f12edc75b21d808d814d50f6497c6cbdbe,1736523782,22,package.json,npm@10.1.0,package.json,[],projects/govuk-frontend/repo
b2154e0c16cc1bc1d88a8a0aafab3e837f8e14b2,1736523836,22,package.json,npm@10.1.0,package.json,[],projects/govuk-frontend/repo
e24311feae0b56aed7be1b0201cc06c81b925438,1736523977,22,package.json,npm@10.1.0,package.json,[],projects/govuk-frontend/repo
671b3dca6da7dbf768b54e53d46ee04caa9112a7,1736525305,22,package.json,npm@10.1.0,package.json,[],projects/govuk-frontend/repo
432cf37ef6f4a8831fd5f92997b2a3c69799c253,1736764275,22,package.json,npm@10.1.0,package.json,[],projects/govuk-frontend/repo
e4fd786b96ef2a92fc937a8c64ea43a6d037917f,1736764278,22,package.json,npm@10.1.0,package.json,[],projects/govuk-frontend/repo
d6f53b31b8eedaed170e085e12386205ccdb9509,1736767094,22,package.json,npm@10.1.0,package.json,[],projects/govuk-frontend/repo
b301994fe1ff9dc8903e08d745eacd716c15e035,1736767442,22,package.json,npm@10.1.0,package.json,[],projects/govuk-frontend/repo
2be58d0ad481c576887fa4aeab563273a17f85de,1736767507,22,package.json,npm@10.1.0,package.json,[],projects/govuk-frontend/repo
68fc6efdf25c5ecdfd166a9827a943442e7cb09d,1736767551,22,package.json,npm@10.1.0,package.json,[],projects/govuk-frontend/repo
5e1b2caee4dcd62d040ef2d58f80bcd42d6775b7,1737106755,22,package.json,npm@10.1.0,package.json,[],projects/govuk-frontend/repo
101a258205d77e0010e1eef03d5b167ec3a50cb9,1737370432,22,package.json,npm@10.1.0,package.json,[],projects/govuk-frontend/repo
27e71b3bf987421aebcea2f2403841f9e80b137e,1737390391,22,package.json,npm@10.1.0,package.json,[],projects/govuk-frontend/repo
a10bb9e2a5078963602eaa18354a9087a48464c5,1737473195,22,package.json,npm@10.1.0,package.json,[],projects/govuk-frontend/repo
13575589b9fad7de265a3f9c8e912b1292e38fda,1737480621,22,package.json,npm@10.1.0,package.json,[],projects/govuk-frontend/repo
4b7719fdecaf738f58a1cc1744c15284164721c4,1737480621,22,package.json,npm@10.1.0,package.json,[],projects/govuk-frontend/repo
790b3ad21c6e89bfe574699cca1c616da611a869,1737496409,22,package.json,npm@10.1.0,package.json,[],projects/govuk-frontend/repo
0228a1f85788023ae07d26b6c7ccb48c8a094305,1737500631,22,package.json,npm@10.1.0,package.json,[],projects/govuk-frontend/repo
16674c151e7293de86b508c798b537b881c6cd36,1737544770,22,package.json,npm@10.1.0,package.json,[],projects/govuk-frontend/repo
4d54892c7453fe8753c2c5560e26e3a302536879,1737546268,22,package.json,npm@10.1.0,package.json,[],projects/govuk-frontend/repo
1d6dbed86560731862b49642b9248d43336c2fe5,1737641941,22,package.json,npm@10.1.0,package.json,[],projects/govuk-frontend/repo
593e3121a2e11b4e287c6e8a6e1b250bbf194927,1737655620,22,package.json,npm@10.1.0,package.json,[],projects/govuk-frontend/repo
d77645d53dfea0df8e027fc01be9c8ffdd7f3d61,1737656152,22,package.json,npm@10.1.0,package.json,[],projects/govuk-frontend/repo
43a9bf727276d645f0be881bb9d4164e8816f615,1737656156,22,package.json,npm@10.1.0,package.json,[],projects/govuk-frontend/repo
ab8cbb77445db2267439a411be5efbbbe0a8d4cb,1737724876,22,package.json,npm@10.1.0,package.json,[],projects/govuk-frontend/repo
7b28099389ba4644493a2b876781fdedca49991b,1737972830,22,package.json,npm@10.1.0,package.json,[],projects/govuk-frontend/repo
6c2cf5f5955808ffca63f189f221244fa054439d,1737973854,22,package.json,npm@10.1.0,package.json,[],projects/govuk-frontend/repo
63f4d19645ad48c58f0cce0ed652412401244016,1737975794,22,package.json,npm@10.1.0,package.json,[],projects/govuk-frontend/repo
33aff53d5604d218724089256ce01500d1515049,1737975822,22,package.json,npm@10.1.0,package.json,[],projects/govuk-frontend/repo
6dd3b287fc88fa20ad312da2e23f7f62a0ac3bbd,1737979640,22,package.json,npm@10.1.0,package.json,[],projects/govuk-frontend/repo
9e7b98a73de9657065c6b71f8ed59ca73ec08aa3,1737979665,22,package.json,npm@10.1.0,package.json,[],projects/govuk-frontend/repo
8f854180bdca477262606a2c14e9986488cd2897,1737979698,22,package.json,npm@10.1.0,package.json,[],projects/govuk-frontend/repo
2b70d9190aec188d30e1c0a74364e5c82c0c28d4,1737979769,22,package.json,npm@10.1.0,package.json,[],projects/govuk-frontend/repo
0c907f7ed630c9bb47b67c7627e2fe8b89743767,1737979799,22,package.json,npm@10.1.0,package.json,[],projects/govuk-frontend/repo
69e086d6d64ceb75e8e225280517585c45d22984,1737979855,22,package.json,npm@10.1.0,package.json,[],projects/govuk-frontend/repo
4f4681816cac9140206246122f69950280818944,1737979880,22,package.json,npm@10.1.0,package.json,[],projects/govuk-frontend/repo
e6d6bb78ca1b4ca0b67fc8221d31b4965657f846,1737979945,22,package.json,npm@10.1.0,package.json,[],projects/govuk-frontend/repo
b4351275fbf3d482e88a832fb02410735b712530,1737988588,22,package.json,npm@10.1.0,package.json,[],projects/govuk-frontend/repo
064b56783d2f4174e37cddcbfbc6e2d0d09b6864,1737995816,22,package.json,npm@10.1.0,package.json,[],projects/govuk-frontend/repo
c64ed8e0eee2573a5beddf9c258cd3165e58e903,1737998015,22,package.json,npm@10.1.0,package.json,[],projects/govuk-frontend/repo
bfa41d1c0384109d88cc8832d3c0c6f5b31bedbd,1737999858,22,package.json,npm@10.1.0,package.json,[],projects/govuk-frontend/repo
0a68ec62cbe70dbeadf03bd3d186f7fa43a727f8,1737999858,22,package.json,npm@10.1.0,package.json,[],projects/govuk-frontend/repo
84728ea9fa72867fce0b26cacece78b44aa4d4bc,1737999858,22,package.json,npm@10.1.0,package.json,[],projects/govuk-frontend/repo
1c7023b73838c3fd719f1e0f31fbd6f2bdf99bf6,1738055293,22,package.json,npm@10.1.0,package.json,[],projects/govuk-frontend/repo
4dde296de5db0bf9aad4707d79d1a356016464e1,1738072033,22,package.json,npm@10.1.0,package.json,[],projects/govuk-frontend/repo
c4fc425b13e52c94a2643d54da86656d1a508e3d,1738076127,22,package.json,npm@10.1.0,package.json,[],projects/govuk-frontend/repo
3a729804d29f3d7418855272cddea4f1baee4e0b,1738080605,22,package.json,npm@10.1.0,package.json,[],projects/govuk-frontend/repo
a9652756e665d4ac626bc6dce3aa964e0a44fff4,1738081288,22,package.json,npm@10.1.0,package.json,[],projects/govuk-frontend/repo
404c480b78e1a643dd13a6b3e0b53b65a7ba4c08,1738083245,22,package.json,npm@10.1.0,package.json,[],projects/govuk-frontend/repo
7d023e0db37971eec58fc263c35eb13e90bdbd83,1738083273,22,package.json,npm@10.1.0,package.json,[],projects/govuk-frontend/repo
150941760518137fe2fb28e8b5c685333a93f94e,1738083273,22,package.json,npm@10.1.0,package.json,[],projects/govuk-frontend/repo
24dce80926db29e609633495fab7da350ea13abd,1738084124,22,package.json,npm@10.1.0,package.json,[],projects/govuk-frontend/repo
155f264497c2852e901966a59bc08688ec224b19,1738087780,22,package.json,npm@10.1.0,package.json,[],projects/govuk-frontend/repo
da4178dc4c16e3b70cdc2963e629f9d9b394991d,1738143875,22,package.json,npm@10.1.0,package.json,[],projects/govuk-frontend/repo
bae9a3be24bc67737434ff652f26e9e99f452ee9,1738145361,22,package.json,npm@10.1.0,package.json,[],projects/govuk-frontend/repo
544ed75beacfa0c1db5679b194e39192de891bc3,1738238734,22,package.json,npm@10.1.0,package.json,[],projects/govuk-frontend/repo
2fa58853c0f8f6d57975787fdd7b0b96b915b80c,1738240197,22,package.json,npm@10.1.0,package.json,[],projects/govuk-frontend/repo
60c7952edc2b995d3a27650202704e555c361d66,1738244294,22,package.json,npm@10.1.0,package.json,[],projects/govuk-frontend/repo
b7490058f981e34e9483bbf53401ff30979df484,1738328190,22,package.json,npm@10.1.0,package.json,[],projects/govuk-frontend/repo
832be2a8855863e24e2ce576ef2083a69b6219ce,1738341022,22,package.json,npm@10.1.0,package.json,[],projects/govuk-frontend/repo
73895e618974a848d749247a23415f92f298418e,1738341237,22,package.json,npm@10.1.0,package.json,[],projects/govuk-frontend/repo
5c90ed5432f675227ad9801469912a5dda42604c,1738341544,22,package.json,npm@10.1.0,package.json,[],projects/govuk-frontend/repo
df5c38faf665e2d93cf1f24db2a86479cec38aa7,1738341639,22,package.json,npm@10.1.0,package.json,[],projects/govuk-frontend/repo
a7bdb94e644db7c143b08ac466ebc85b4391eca1,1738578529,22,package.json,npm@10.1.0,package.json,[],projects/govuk-frontend/repo
c8445caf404957396a14563d45310219aa947981,1738578569,22,package.json,npm@10.1.0,package.json,[],projects/govuk-frontend/repo
af30b7dd8f0d82105743bb1cf56e5b980ad069f7,1738578582,22,package.json,npm@10.1.0,package.json,[],projects/govuk-frontend/repo
2b1407b819c3c6720d4ac02774c7f416fd92786a,1738578888,22,package.json,npm@10.1.0,package.json,[],projects/govuk-frontend/repo
269126826dfb96d0278a4843115d93e918621dec,1738578987,22,package.json,npm@10.1.0,package.json,[],projects/govuk-frontend/repo
ab9b3292ca889bdd7193fff5ac0288dfa6229667,1738579009,22,package.json,npm@10.1.0,package.json,[],projects/govuk-frontend/repo
ac0145265dd6193e9d4f833b31e03066aa452e69,1738579337,22,package.json,npm@10.1.0,package.json,[],projects/govuk-frontend/repo
fa5b30e77d4eefedeea6ad1f851f540b4d0184c4,1738579339,22,package.json,npm@10.1.0,package.json,[],projects/govuk-frontend/repo
a2adb7758c021315fdc15c05059803d1bdf46c3e,1738579854,22,package.json,npm@10.1.0,package.json,[],projects/govuk-frontend/repo
b7c06ac2834e477e8e60613342ad89744c87aad7,1738581840,22,package.json,npm@10.1.0,package.json,[],projects/govuk-frontend/repo
fe6ef964613f683c5e71310937e4ee7b0991cd43,1738581851,22,package.json,npm@10.1.0,package.json,[],projects/govuk-frontend/repo
f77572761819d957484e7e644ccd73b5657caef4,1738581987,22,package.json,npm@10.1.0,package.json,[],projects/govuk-frontend/repo
222f6f90356a693c288b5a5b62e13a6f07fec8fc,1738582044,22,package.json,npm@10.1.0,package.json,[],projects/govuk-frontend/repo
82400212559cba2a256681f3909910fdd6c105b2,1738582096,22,package.json,npm@10.1.0,package.json,[],projects/govuk-frontend/repo
7a2c0cdebbdec779ffba634ca18013efa866c4e1,1738592469,22,package.json,npm@10.1.0,package.json,[],projects/govuk-frontend/repo
881533e51e2a4cd5a76bb254c3b9cda2a95605a8,1738592653,22,package.json,npm@10.1.0,package.json,[],projects/govuk-frontend/repo
6a2710470982141c8e745cdf242ee7efc63b7423,1738593153,22,package.json,npm@10.1.0,package.json,[],projects/govuk-frontend/repo
19fbb68c1af5a64af080db8979182102a0bbb77f,1738593517,22,package.json,npm@10.1.0,package.json,[],projects/govuk-frontend/repo
718c40ef0927c6729a1c487feca26cdadbc19166,1738593653,22,package.json,npm@10.1.0,package.json,[],projects/govuk-frontend/repo
f12423e2b1fff3323060e2f1e84f83732c203d59,1738596082,22,package.json,npm@10.1.0,package.json,[],projects/govuk-frontend/repo
2481c1a3af4a3c413559a95971aaa842bb7af4a0,1738596083,22,package.json,npm@10.1.0,package.json,[],projects/govuk-frontend/repo
7973723e61d7f4728b74ffa8291d2d39afffc32e,1738596659,22,package.json,npm@10.1.0,package.json,[],projects/govuk-frontend/repo
4dd9229a5c4f393f4c2a418655fe36a0bff0462a,1738596659,22,package.json,npm@10.1.0,package.json,[],projects/govuk-frontend/repo
69703a90ecf21883a193a5c682731f9a066d2216,1738596659,22,package.json,npm@10.1.0,package.json,[],projects/govuk-frontend/repo
cf7e7c19580e3b9f8af536b78f7fb2c57354c988,1738596659,22,package.json,npm@10.1.0,package.json,[],projects/govuk-frontend/repo
4b0ed0cde161016404d001026667f85ced9180b4,1738596659,22,package.json,npm@10.1.0,package.json,[],projects/govuk-frontend/repo
e2ce396fd2ec55953c43f0aac77b365aa7b02879,1738596659,22,package.json,npm@10.1.0,package.json,[],projects/govuk-frontend/repo
f896a78d271431080dbeeda5616b87a598ac8725,1738598344,22,package.json,npm@10.1.0,package.json,[],projects/govuk-frontend/repo
f1067e91f6905f9e571656c0435a467a011faba2,1738598599,22,package.json,npm@10.1.0,package.json,[],projects/govuk-frontend/repo
28c2438576ecf69b619b079be831272354fc5ced,1738598600,22,package.json,npm@10.1.0,package.json,[],projects/govuk-frontend/repo
bae36c8ba851bac61dc7b195b476f5b3b73d7cc0,1738598600,22,package.json,npm@10.1.0,package.json,[],projects/govuk-frontend/repo
f6e4846d12fd2d1b42510de50732ca50a890563f,1738598600,22,package.json,npm@10.1.0,package.json,[],projects/govuk-frontend/repo
42a1c612a98f7d596851f393d811b63b21d13f87,1738599732,22,package.json,npm@10.1.0,package.json,[],projects/govuk-frontend/repo
9be9a18d23453c7b0378cb55a2cf82e8cbd673f6,1738602284,22,package.json,npm@10.1.0,package.json,[],projects/govuk-frontend/repo
3aef4d4bc34d5fb011cf3047a3e31e12ebe2c35e,1738866186,22,package.json,npm@10.1.0,package.json,[],projects/govuk-frontend/repo
7a7efe4a357e07ce2b243ad0e17982ed86ddef50,1738866188,22,package.json,npm@10.1.0,package.json,[],projects/govuk-frontend/repo
b26716fc873b939c3e9c5a37c2edf78b73878d3d,1738866493,22,package.json,npm@10.1.0,package.json,[],projects/govuk-frontend/repo
28898992ceb4bca60cae42c39e06955d5c121e9f,1738866495,22,package.json,npm@10.1.0,package.json,[],projects/govuk-frontend/repo
a7aff310aee97f87d037d44fad7b7ba6aa1d6904,1738866495,22,package.json,npm@10.1.0,package.json,[],projects/govuk-frontend/repo
b48efebfb99ed6baab7aec13b45c0db63f1730ae,1738866495,22,package.json,npm@10.1.0,package.json,[],projects/govuk-frontend/repo
3488c8942ba63102975f73dd515a5f449e05292d,1738866495,22,package.json,npm@10.1.0,package.json,[],projects/govuk-frontend/repo
c006982914802abd2193e1e4f0cee5a6b367d994,1738866495,22,package.json,npm@10.1.0,package.json,[],projects/govuk-frontend/repo
a7bd798c3b36d746ace0cc90f4b3bce001ab6e47,1738866496,22,package.json,npm@10.1.0,package.json,[],projects/govuk-frontend/repo
07c4647bf04e9db68edd1575593cfc3c2ad918c7,1738866496,22,package.json,npm@10.1.0,package.json,[],projects/govuk-frontend/repo
95d9cec11789b94da3ed99b0466d109391e39b65,1738866496,22,package.json,npm@10.1.0,package.json,[],projects/govuk-frontend/repo
b765770212ad5a764274c7441d5e4462e9fa56d0,1738866496,22,package.json,npm@10.1.0,package.json,[],projects/govuk-frontend/repo
8c27bd0c6e42e3f1b8d3546c55b2128ac7b2a224,1738866497,22,package.json,npm@10.1.0,package.json,[],projects/govuk-frontend/repo
1e9125b17578b01b3fb43c4c5e448be5423a1171,1738866497,22,package.json,npm@10.1.0,package.json,[],projects/govuk-frontend/repo
91f083097e086e26b42b48078dd549da77c2d09d,1738866497,22,package.json,npm@10.1.0,package.json,[],projects/govuk-frontend/repo
f16d254ad03bb74a95fb7cb7ed5140fa38ad4beb,1738866497,22,package.json,npm@10.1.0,package.json,[],projects/govuk-frontend/repo
144486b0d9e1626e2388a347758892af57094a5e,1738866497,22,package.json,npm@10.1.0,package.json,[],projects/govuk-frontend/repo
a62fa40926a8cc49b8094d590f669bd3385999f7,1738866497,22,package.json,npm@10.1.0,package.json,[],projects/govuk-frontend/repo
ebb4e9e605bd6aba2decb490c77dd0531e37c575,1738866498,22,package.json,npm@10.1.0,package.json,[],projects/govuk-frontend/repo
9af463c61df8f5075bb4a23e1a9e5d0ed7fe4d68,1738866499,22,package.json,npm@10.1.0,package.json,[],projects/govuk-frontend/repo
55b86e77ed262fa73d9758a6fdb9331c0389183c,1738866500,22,package.json,npm@10.1.0,package.json,[],projects/govuk-frontend/repo
6508c1b19fc6dbf90088be99b19c62f3f1dc71e8,1738866501,22,package.json,npm@10.1.0,package.json,[],projects/govuk-frontend/repo
df6c46288cc0fa34287473a98c8d37464501dac2,1738866502,22,package.json,npm@10.1.0,package.json,[],projects/govuk-frontend/repo
ac0590eea73a306a3a70b407ae09967b64fc5a2d,1738866503,22,package.json,npm@10.1.0,package.json,[],projects/govuk-frontend/repo
996e625801765c4b5e17c154d0cce12d978e4d3e,1738866504,22,package.json,npm@10.1.0,package.json,[],projects/govuk-frontend/repo
bd7615e5bb52a7b7f68189ca67c022b6949b0d75,1738866504,22,package.json,npm@10.1.0,package.json,[],projects/govuk-frontend/repo
c23fbff1874a75341103a124041621a66a8b8248,1738866504,22,package.json,npm@10.1.0,package.json,[],projects/govuk-frontend/repo
d657e16c2ac780af066c7506822ada1b41df0ed6,1738866504,22,package.json,npm@10.1.0,package.json,[],projects/govuk-frontend/repo
8cbb2648063a1eadbedbbaf083b9bae1c4b0c452,1738866505,22,package.json,npm@10.1.0,package.json,[],projects/govuk-frontend/repo
be309ec088a6459b4970c3e3a3a0f2e3f19b706a,1738866505,22,package.json,npm@10.1.0,package.json,[],projects/govuk-frontend/repo
86e30942ec6542190c6ab4469b98f901d8a914f4,1738866505,22,package.json,npm@10.1.0,package.json,[],projects/govuk-frontend/repo
928f25a38345d153c48601f3163107b2321cf62e,1738866820,22,package.json,npm@10.1.0,package.json,[],projects/govuk-frontend/repo
60bb4b07356ae6232742252298ca431c7742f5b1,1738866822,22,package.json,npm@10.1.0,package.json,[],projects/govuk-frontend/repo
a321317ab10dc3923bec29aca6b3fb95ff61292b,1738866822,22,package.json,npm@10.1.0,package.json,[],projects/govuk-frontend/repo
9a757d38e646caa11006a2a4dc22705721e6b474,1738866822,22,package.json,npm@10.1.0,package.json,[],projects/govuk-frontend/repo
3e0660b9e56ea56c74804ef07e2ad3ec29a36ee3,1738866822,22,package.json,npm@10.1.0,package.json,[],projects/govuk-frontend/repo
9bced0b7b0ac055dc05441d38a890ff01273feb9,1738866822,22,package.json,npm@10.1.0,package.json,[],projects/govuk-frontend/repo
7717c151ce72630db4e91d58d32ca3dca45b8a48,1738866822,22,package.json,npm@10.1.0,package.json,[],projects/govuk-frontend/repo
86d62479c1473fb7ca14581f69eecb9e1fd63c43,1738866823,22,package.json,npm@10.1.0,package.json,[],projects/govuk-frontend/repo
549c62dbf707a857ba871481d880b353ff1584e6,1738866824,22,package.json,npm@10.1.0,package.json,[],projects/govuk-frontend/repo
0c0ffbe186489f1e4b42f456a0389fd4df21662d,1738867055,22,package.json,npm@10.1.0,package.json,[],projects/govuk-frontend/repo
bb4e78c9347a08792ca0ceaedbafb6c49849775d,1738928875,22,package.json,npm@10.1.0,package.json,[],projects/govuk-frontend/repo
cec254fc15f76e340a2862eecb5280f304164a80,1738928881,22,package.json,npm@10.1.0,package.json,[],projects/govuk-frontend/repo
14000adfaba4c8c29fb0560598036a149a2b8b96,1738928886,22,package.json,npm@10.1.0,package.json,[],projects/govuk-frontend/repo
eb99bc5662bcf535bef4a2905c6444c917059d32,1738928892,22,package.json,npm@10.1.0,package.json,[],projects/govuk-frontend/repo
ba7c5f98d0280a78ace633c53508aa92c2d5b1bf,1738929481,22,package.json,npm@10.1.0,package.json,[],projects/govuk-frontend/repo
36f0d3789d7538acf81786fe17d183b48c4c5371,1739182563,22,package.json,npm@10.1.0,package.json,[],projects/govuk-frontend/repo
f09e17bf1e2765a71a0bab28824ae73432259ead,1739182642,22,package.json,npm@10.1.0,package.json,[],projects/govuk-frontend/repo
b43afbc2e8a415bfc309f7035297b5424021e683,1739182642,22,package.json,npm@10.1.0,package.json,[],projects/govuk-frontend/repo
552f030370420459f449717b730afdf0e16c8265,1739183046,22,package.json,npm@10.1.0,package.json,[],projects/govuk-frontend/repo
07f8d9ac2cfdaf1a05697bd00b5cfea5926fd0c5,1739183047,22,package.json,npm@10.1.0,package.json,[],projects/govuk-frontend/repo
80e50466fd27bb9618b0169d03e8cfb1eff33fdf,1739183727,22,package.json,npm@10.1.0,package.json,[],projects/govuk-frontend/repo
1db2c10853aadd769dc4bacaa3ba16a39b347287,1739183776,22,package.json,npm@10.1.0,package.json,[],projects/govuk-frontend/repo
64ce29967d8dc2f6a24a142223af57d45fe042be,1739183777,22,package.json,npm@10.1.0,package.json,[],projects/govuk-frontend/repo
79d6c1ea9e9baaa8d47f0f268b9a17eb95a8b6c1,1739184550,22,package.json,npm@10.1.0,package.json,[],projects/govuk-frontend/repo
42f909e96d039b9337319a49c13bb17ac5bcefea,1739184900,22,package.json,npm@10.1.0,package.json,[],projects/govuk-frontend/repo
a2a9c2fb85227e8c83f0bb088e4dff2bf57a61b0,1739184958,22,package.json,npm@10.1.0,package.json,[],projects/govuk-frontend/repo
85dc00e2a8f5f45ee50de14caf8069c28c98c92d,1739184980,22,package.json,npm@10.1.0,package.json,[],projects/govuk-frontend/repo
e28549f1e67b366d27d2a602b88c1e29af4b8aaa,1739185003,22,package.json,npm@10.1.0,package.json,[],projects/govuk-frontend/repo
4ddbbe053898b9345d360a4b15439862c75c1fa4,1739185046,22,package.json,npm@10.1.0,package.json,[],projects/govuk-frontend/repo
12334155afc9c27dd950c052118901a75513626b,1739185335,22,package.json,npm@10.1.0,package.json,[],projects/govuk-frontend/repo
789be983ebd0c131e4de3e31226e39569e0e7eee,1739185371,22,package.json,npm@10.1.0,package.json,[],projects/govuk-frontend/repo
ddcaa9aa2d1fdd81b384cb4a500099ab96f3af26,1739186602,22,package.json,npm@10.1.0,package.json,[],projects/govuk-frontend/repo
a4d6adf36378b4afe674b7a101c2af5d369fc09e,1739187901,22,package.json,npm@10.1.0,package.json,[],projects/govuk-frontend/repo
41f464f3ae81fb6abad43a6e65dff341aee360b8,1739188825,22,package.json,npm@10.1.0,package.json,[],projects/govuk-frontend/repo
b58fe1d80b5817cc7ac28860d7b9aca21543514f,1739189532,22,package.json,npm@10.1.0,package.json,[],projects/govuk-frontend/repo
d93e74a1a8aa79892913072d6a4e02f70e9b9408,1739189535,22,package.json,npm@10.1.0,package.json,[],projects/govuk-frontend/repo
6c6cdde30024094b02153a5c003483e10e50557b,1739189535,22,package.json,npm@10.1.0,package.json,[],projects/govuk-frontend/repo
d9ea008f5150992f04790ce181e7975b771ab08b,1739189535,22,package.json,npm@10.1.0,package.json,[],projects/govuk-frontend/repo
8fec1e15735ff16057c27a0bc03d359a16d88549,1739189535,22,package.json,npm@10.1.0,package.json,[],projects/govuk-frontend/repo
e3b29e12869a4a23699a15c55212be0346359787,1739189535,22,package.json,npm@10.1.0,package.json,[],projects/govuk-frontend/repo
1c70a874ec908a8ae9360b041b054f75691d087f,1739189535,22,package.json,npm@10.1.0,package.json,[],projects/govuk-frontend/repo
1b25638183fc6c178f5f1a365ad923b2c314ad76,1739189535,22,package.json,npm@10.1.0,package.json,[],projects/govuk-frontend/repo
a3f96d5174b3a683cad007fed3f6ea6ecb805bb1,1739192870,22,package.json,npm@10.1.0,package.json,[],projects/govuk-frontend/repo
d76f8954061a5c1f11c0a308c48d262c390fb41d,1739222371,22,package.json,npm@10.1.0,package.json,[],projects/govuk-frontend/repo
80ce50d0aa3af6fa831384bd43c4e74ef897945a,1739264622,22,package.json,npm@10.1.0,package.json,[],projects/govuk-frontend/repo
2178d16405171f4216d4ec1fe05f1d09825d017c,1739264640,22,package.json,npm@10.1.0,package.json,[],projects/govuk-frontend/repo
34c3f118ccd3420f855b6e4dfde1e9760927ae00,1739264657,22,package.json,npm@10.1.0,package.json,[],projects/govuk-frontend/repo
6d82113ecdfd924f666ffa1c2725273e4cd1e32d,1739264679,22,package.json,npm@10.1.0,package.json,[],projects/govuk-frontend/repo
b67cd5ac1b4cc22dd3eadc1414644d8d8718bbd3,1739265584,22,package.json,npm@10.1.0,package.json,[],projects/govuk-frontend/repo
2e55e1609a289d536bbf5ca762fed9d5a5ea27f5,1739267350,22,package.json,npm@10.1.0,package.json,[],projects/govuk-frontend/repo
f8b1c879bd155e50cd92e3dbe777b487d49de70e,1739270241,22,package.json,npm@10.1.0,package.json,[],projects/govuk-frontend/repo
0b49346e8ebe8413f8733a96fe5da5fd0c30a653,1739271226,22,package.json,npm@10.1.0,package.json,[],projects/govuk-frontend/repo
575d040a04af6bd245bcdeb7ab625cb9a7d3c1f0,1739271327,22,package.json,npm@10.1.0,package.json,[],projects/govuk-frontend/repo
95b4eded7bf808a74e763fd57b8c24fddfe7a085,1739271436,22,package.json,npm@10.1.0,package.json,[],projects/govuk-frontend/repo
97d8b5587bc7b57796629e7bea8adba52b6643a7,1739272732,22,package.json,npm@10.1.0,package.json,[],projects/govuk-frontend/repo
a44289ab0d22a7b88920ece9e25fa3d64532d148,1739272863,22,package.json,npm@10.1.0,package.json,[],projects/govuk-frontend/repo
89524cf19067a319ac933293426ecea36b1669b0,1739277241,22,package.json,npm@10.1.0,package.json,[],projects/govuk-frontend/repo
1f1559fdc69ab117b1486e7996e5eea5fa3b7bcd,1739288294,22,package.json,npm@10.1.0,package.json,[],projects/govuk-frontend/repo
a372675a540fd352b9075817e44d9533a590d03c,1739288748,22,package.json,npm@10.1.0,package.json,[],projects/govuk-frontend/repo
68b7dda754f2bcca7d3f1af8940c5e18eedd6693,1739288748,22,package.json,npm@10.1.0,package.json,[],projects/govuk-frontend/repo
d809da414157c24de3a3d3596d77a8699e4f3e8e,1739288748,22,package.json,npm@10.1.0,package.json,[],projects/govuk-frontend/repo
a80941c71ce0c82b2432515a5aa9223ead730fa2,1739352111,22,package.json,npm@10.1.0,package.json,[],projects/govuk-frontend/repo
ab05f56f0d18f0cb429f0e3146e1bad682bf48ab,1739352178,22,package.json,npm@10.1.0,package.json,[],projects/govuk-frontend/repo
b48c9aa666d42881ba5cfc5cdb048d39a7f97675,1739352659,22,package.json,npm@10.1.0,package.json,[],projects/govuk-frontend/repo
6d6f8f38febc1107be8ad450f530ac6293a455c8,1739354131,22,package.json,npm@10.1.0,package.json,[],projects/govuk-frontend/repo
b6007f649a432f4257d542b8b1ead51a79a7402f,1739374788,22,package.json,npm@10.1.0,package.json,[],projects/govuk-frontend/repo
7e06c98de1e532b200ba24aae0684c34b1591622,1739375405,22,package.json,npm@10.1.0,package.json,[],projects/govuk-frontend/repo
bb2782994c2e76eb912f731deeed15f4279580da,1739434349,22,package.json,npm@10.1.0,package.json,[],projects/govuk-frontend/repo
85e94b6fab0e035197825ab8fd75d6f2450250f6,1739445417,22,package.json,npm@10.1.0,package.json,[],projects/govuk-frontend/repo
8697fc0ce2e68ceba6c24ce934d422042d9be350,1739797158,22,package.json,npm@10.1.0,package.json,[],projects/govuk-frontend/repo
8b5a9668694b8daf61591290993c908e5efac4fe,1739799566,22,package.json,npm@10.1.0,package.json,[],projects/govuk-frontend/repo
4faad64a3af93ad5d96f2c9de78b5cc7140df70f,1739808970,22,package.json,npm@10.1.0,package.json,[],projects/govuk-frontend/repo
9c712cdc56c48f0aebf469b732f807c88b4fc550,1740064857,22,package.json,npm@10.1.0,package.json,[],projects/govuk-frontend/repo
42af5543f93a14cf3f0a6457834c64832c32079e,1740064926,22,package.json,npm@10.1.0,package.json,[],projects/govuk-frontend/repo
ace3dbe9ba5d4d653646bf42e1f4d5e8752db407,1740064926,22,package.json,npm@10.1.0,package.json,[],projects/govuk-frontend/repo
a846ceeb9094494b588d3564007014b2fb9d393c,1740064932,22,package.json,npm@10.1.0,package.json,[],projects/govuk-frontend/repo
a71329b39a4de2a1bca9ea22f110bbb4b31bae9d,1740064994,22,package.json,npm@10.1.0,package.json,[],projects/govuk-frontend/repo
67ebf07eb6b79b72861c3850166e02e349312612,1740065018,22,package.json,npm@10.1.0,package.json,[],projects/govuk-frontend/repo
253851983a7cc7ac1a38226eeb9ecb2ab41457ed,1740065350,22,package.json,npm@10.1.0,package.json,[],projects/govuk-frontend/repo
da6161848285c527aced75fd56481581f9ef6c67,1740065445,22,package.json,npm@10.1.0,package.json,[],projects/govuk-frontend/repo
579f37a725856d80dca908146b11606751470fb2,1740065490,22,package.json,npm@10.1.0,package.json,[],projects/govuk-frontend/repo
25badf13f3e9edd55d5db50cb8dfb2260b5ad6fe,1740065552,22,package.json,npm@10.1.0,package.json,[],projects/govuk-frontend/repo
eb624199376c563685db9e96e39b165266988c10,1740065839,22,package.json,npm@10.1.0,package.json,[],projects/govuk-frontend/repo
ad6bfcb1c82a53b10b2b9761dedbecc53610b5ae,1740065853,22,package.json,npm@10.1.0,package.json,[],projects/govuk-frontend/repo
b89234664b0d2d17ae6ea74ea86fffecfdbff88f,1740065868,22,package.json,npm@10.1.0,package.json,[],projects/govuk-frontend/repo
8a28f4f097386f7a6275c1308babd7f1cddd93ca,1740066028,22,package.json,npm@10.1.0,package.json,[],projects/govuk-frontend/repo
b8777b50bf865fb733187e613d45407c36c9720d,1740066122,22,package.json,npm@10.1.0,package.json,[],projects/govuk-frontend/repo
f6e0a50a7a754733c99c116fab409529465ec677,1740066205,22,package.json,npm@10.1.0,package.json,[],projects/govuk-frontend/repo
09c1617a8f1d5445dda73e5672529bfbcc3bdcdf,1740066364,22,package.json,npm@10.1.0,package.json,[],projects/govuk-frontend/repo
338555618f8d31e11657286161d306962f51d8e7,1740066397,22,package.json,npm@10.1.0,package.json,[],projects/govuk-frontend/repo
591f5f4073ef13429340d69f5042479cb48755c8,1740067400,22,package.json,npm@10.1.0,package.json,[],projects/govuk-frontend/repo
fd410de104c512762b06fcdea596c7060f979642,1740067932,22,package.json,npm@10.1.0,package.json,[],projects/govuk-frontend/repo
47e6fa9cfdfc948902f870322782b3c333435550,1740068186,22,package.json,npm@10.1.0,package.json,[],projects/govuk-frontend/repo
653f1faad37999479fe609d7280e544629d8636c,1740068324,22,package.json,npm@10.1.0,package.json,[],projects/govuk-frontend/repo
c2cd1ad3b5213f939c1ea61a464a887ca71308dd,1740068324,22,package.json,npm@10.1.0,package.json,[],projects/govuk-frontend/repo
f8f29d4fb5fbd664d867a3b5918d799c78e88b2e,1740069422,22,package.json,npm@10.1.0,package.json,[],projects/govuk-frontend/repo
8af0b0fde6ee6ac26411ddd458ab8adee4854663,1740069444,22,package.json,npm@10.1.0,package.json,[],projects/govuk-frontend/repo
650e2e46ff904b2483e014a5e772149afe227cca,1740069533,22,package.json,npm@10.1.0,package.json,[],projects/govuk-frontend/repo
7cad8867d7acd139f90d5a686653256ef9403a4c,1740069629,22,package.json,npm@10.1.0,package.json,[],projects/govuk-frontend/repo
e3ed188bb61b1f2fd7cccf04cc7eba19c242c2b1,1740069671,22,package.json,npm@10.1.0,package.json,[],projects/govuk-frontend/repo
f9a77d3be499aa69970601d235d7b62ef62b1f39,1740070180,22,package.json,npm@10.1.0,package.json,[],projects/govuk-frontend/repo
67934555f895668f22c459e08ffb8f62acc6a010,1740070988,22,package.json,npm@10.1.0,package.json,[],projects/govuk-frontend/repo
065e223ae17bb85a1f345930f00763cfcd88bdfb,1740071491,22,package.json,npm@10.1.0,package.json,[],projects/govuk-frontend/repo
9fcde09a00cbbd48a63cbf7147b5cf3a2e28e4a2,1740149446,22,package.json,npm@10.1.0,package.json,[],projects/govuk-frontend/repo
ef431d207f6351ea8a51b2577459ede7a50573d0,1740151134,22,package.json,npm@10.1.0,package.json,[],projects/govuk-frontend/repo
7bcc54cbb3ede51b62957bce3118eca28d765ae2,1740394810,22,package.json,npm@10.1.0,package.json,[],projects/govuk-frontend/repo
ee44e000c94b249cd9705927bc99cf9f3e007e18,1740396911,22,package.json,npm@10.1.0,package.json,[],projects/govuk-frontend/repo
dbcd5fa0f46d943a07fcf12ffcaa6b70780acfd8,1740499836,22,package.json,npm@10.1.0,package.json,[],projects/govuk-frontend/repo
0d69071659a4c9a01ec5909f9da0e360bffbb747,1740499956,22,package.json,npm@10.1.0,package.json,[],projects/govuk-frontend/repo
2feebb72aea9efe37c0643827a0e3c13d8b42500,1740500268,22,package.json,npm@10.1.0,package.json,[],projects/govuk-frontend/repo
4cf679a1542abda4ae588f2e4d4595c37433f61d,1740500290,22,package.json,npm@10.1.0,package.json,[],projects/govuk-frontend/repo
049c6f472b99d64c1764b8008d5f839034a2ad4b,1740500321,22,package.json,npm@10.1.0,package.json,[],projects/govuk-frontend/repo
21ab50c8347c95f54e3ac68f1d1c275eb4bb7b6f,1740500457,22,package.json,npm@10.1.0,package.json,[],projects/govuk-frontend/repo
5638c8a5ec3c2ce2a23ed9b44784372850b68d1c,1740501218,22,package.json,npm@10.1.0,package.json,[],projects/govuk-frontend/repo
716ad674c44ce134d3ce1a5b4a18523275f9fd4c,1740501241,22,package.json,npm@10.1.0,package.json,[],projects/govuk-frontend/repo
1ae227da7d625c18f6a41593bf12112f5dbc0266,1740501263,22,package.json,npm@10.1.0,package.json,[],projects/govuk-frontend/repo
aab19d7ac395ea6d16057839022e1dea5d1fc0e5,1740501374,22,package.json,npm@10.1.0,package.json,[],projects/govuk-frontend/repo
95b1ec4e6bd8457ad0107b52d276982fcf07b972,1740501441,22,package.json,npm@10.1.0,package.json,[],projects/govuk-frontend/repo
a3db737fbf506ec4c29c7ce5bd99bb5d23079faf,1740501939,22,package.json,npm@10.1.0,package.json,[],projects/govuk-frontend/repo
34a8c04101a798fb14a2ec2b24efc2f3c8a7a440,1740502040,22,package.json,npm@10.1.0,package.json,[],projects/govuk-frontend/repo
9d9d3d293ad131e24a7ab1ef42a1d10aca5a6b51,1740502598,22,package.json,npm@10.1.0,package.json,[],projects/govuk-frontend/repo
9bcba8fa3ed7880f54db6dffd0c454492f919153,1740503008,22,package.json,npm@10.1.0,package.json,[],projects/govuk-frontend/repo
a8b5d49e469fcc2efd4f60287bdb32d3a1177faf,1740506189,22,package.json,npm@10.1.0,package.json,[],projects/govuk-frontend/repo
74129db525f0f550125cd7003bf2f0ae8724a422,1740507203,22,package.json,npm@10.1.0,package.json,[],projects/govuk-frontend/repo
753ccf06309f70a56442dd63801244ace01a0d85,1740507268,22,package.json,npm@10.1.0,package.json,[],projects/govuk-frontend/repo
b5cf8e21a4d65fd2e7e46d9f191b9fe5e5e7b41c,1740507688,22,package.json,npm@10.1.0,package.json,[],projects/govuk-frontend/repo
d509f761e97d6c6507dae7112480858e29e0562d,1740509138,22,package.json,npm@10.1.0,package.json,[],projects/govuk-frontend/repo
9d4764d39c312ca1a1f95c55ac4dca91cec628f9,1740653839,22,package.json,npm@10.1.0,package.json,[],projects/govuk-frontend/repo
2795465ab5a7071d6a93ce5678928dfc062903d0,1740666423,22,package.json,npm@10.1.0,package.json,[],projects/govuk-frontend/repo
e366b4417c0696e3b98bc2d5739e312a9ed0e82a,1740667304,22,package.json,npm@10.1.0,package.json,[],projects/govuk-frontend/repo
5de530c360d785457d521391b6c82aa822d3249e,1740824162,22,package.json,npm@10.1.0,package.json,[],projects/govuk-frontend/repo
fcfc49722f001e148205f84b0e125abd1bec32f7,1740824319,22,package.json,npm@10.1.0,package.json,[],projects/govuk-frontend/repo
0436a8578ca655e5378ed01fcf3821a4a8baed41,1740826007,22,package.json,npm@10.1.0,package.json,[],projects/govuk-frontend/repo
cd3080187cdea0ba831eaaf7086e86d2c2b8fab3,1740826256,22,package.json,npm@10.1.0,package.json,[],projects/govuk-frontend/repo
95e3a5ff99a473132515c76989d75078ffa5bfbf,1740826489,22,package.json,npm@10.1.0,package.json,[],projects/govuk-frontend/repo
e4619269cdc014e7a21e68c4ba51cc811ef851f3,1740826531,22,package.json,npm@10.1.0,package.json,[],projects/govuk-frontend/repo
12a6e7ca6a8acf56209c929fc025cfb62b87c0d7,1740826597,22,package.json,npm@10.1.0,package.json,[],projects/govuk-frontend/repo
3d8996b6861d256fc5bf63ee7609cd15d83ac1f1,1740826622,22,package.json,npm@10.1.0,package.json,[],projects/govuk-frontend/repo
7e057da67cfba19ea466b42122a58ee3326e63a9,1741004056,22,package.json,npm@10.1.0,package.json,[],projects/govuk-frontend/repo
a65cbdaa960a2a8f04517525b23a4c15607c5b76,1741004376,22,package.json,npm@10.1.0,package.json,[],projects/govuk-frontend/repo
3269beb525e574fc16e5c9a48c88c3bac639f03b,1741004392,22,package.json,npm@10.1.0,package.json,[],projects/govuk-frontend/repo
c32f9cccfc5b30084abf3d2188f77722170323d8,1741004411,22,package.json,npm@10.1.0,package.json,[],projects/govuk-frontend/repo
3b3754961dda7090ab75f5b5c0a843ab10b3caf5,1741004474,22,package.json,npm@10.1.0,package.json,[],projects/govuk-frontend/repo
ba8e74c3951d683ce43a69c3a6dd842c2be8737e,1741004552,22,package.json,npm@10.1.0,package.json,[],projects/govuk-frontend/repo
0b39b64fa5a34c1dd6ee27c6b4c9993fa128e5e2,1741004634,22,package.json,npm@10.1.0,package.json,[],projects/govuk-frontend/repo
bee0f7e5ab6bc4ecfaee1a723908ee834d5b3830,1741004643,22,package.json,npm@10.1.0,package.json,[],projects/govuk-frontend/repo
684e5ee4ec7932e6e5d6064bea3f76efb0854b47,1741004669,22,package.json,npm@10.1.0,package.json,[],projects/govuk-frontend/repo
075667785e58461b1ef92d2b6332d65b0f29faa1,1741004694,22,package.json,npm@10.1.0,package.json,[],projects/govuk-frontend/repo
cabfc8153c5a04c2cc5dc72eac2784b2c23a053c,1741004737,22,package.json,npm@10.1.0,package.json,[],projects/govuk-frontend/repo
97ec971c37883c1efce186b3d9705bd99fce8c31,1741005063,22,package.json,npm@10.1.0,package.json,[],projects/govuk-frontend/repo
3c4f4cce5305a823c9ecbe956f7458356569f2d3,1741015876,22,package.json,npm@10.1.0,package.json,[],projects/govuk-frontend/repo
a753f469d8f2b36f29606b16392653904d037dbb,1741020066,22,package.json,npm@10.1.0,package.json,[],projects/govuk-frontend/repo
4984bfea2fe23d6568549c6ac92a5f0265f61048,1741021154,22,package.json,npm@10.1.0,package.json,[],projects/govuk-frontend/repo
c524b758a1c0ee883eac840f9759aea9ee23ca4b,1741021169,22,package.json,npm@10.1.0,package.json,[],projects/govuk-frontend/repo
364ecec3a04e27d721758ec16b62c85caa969644,1741021525,22,package.json,npm@10.1.0,package.json,[],projects/govuk-frontend/repo
ecba85624b905c3410fdaeaa0885bc254cbc6119,1741093211,22,package.json,npm@10.1.0,package.json,[],projects/govuk-frontend/repo
717fcb15242f6bf11789ed5d78532801b0ca7bc3,1741094615,22,package.json,npm@10.1.0,package.json,[],projects/govuk-frontend/repo
e8e5c0b7ebbf612b2ef912c48487adcadcda6dc8,1741095950,22,package.json,npm@10.1.0,package.json,[],projects/govuk-frontend/repo
587c99dc993a517f6c11c81b07d1050e9eebc412,1741096502,22,package.json,npm@10.1.0,package.json,[],projects/govuk-frontend/repo
04a3261d96ac6425d68b6cf8eaea9be9d694c74c,1741097129,22,package.json,npm@10.1.0,package.json,[],projects/govuk-frontend/repo
d75bca568367cc7336b958f015adf7d5665bb0d9,1741097725,22,package.json,npm@10.1.0,package.json,[],projects/govuk-frontend/repo
b0475ad5ce2510d994305de78ae5dce7eddaccfb,1741269173,22,package.json,npm@10.1.0,package.json,[],projects/govuk-frontend/repo
5bf12bf3ffb63bafefd5a1e223051f2147c6f970,1741269664,22,package.json,npm@10.1.0,package.json,[],projects/govuk-frontend/repo
a0c8b2abb479f887294944e5a5fc528b456eb8d2,1741285434,22,package.json,npm@10.1.0,package.json,[],projects/govuk-frontend/repo
18a175c6f06043564dd39efdf46632746430f767,1741285470,22,package.json,npm@10.1.0,package.json,[],projects/govuk-frontend/repo
7a78bf17a58a7123d4f4485347ca3e23a42cde4f,1741285502,22,package.json,npm@10.1.0,package.json,[],projects/govuk-frontend/repo
63bda56bec7e2cb80163b57f6547faa8f68237b2,1741285540,22,package.json,npm@10.1.0,package.json,[],projects/govuk-frontend/repo
89268609b87c332b9a3e64bae657f52a80ffefdf,1741286042,22,package.json,npm@10.1.0,package.json,[],projects/govuk-frontend/repo
19c5b3fe276a0d62505b68af431034a04f2fb869,1741286190,22,package.json,npm@10.1.0,package.json,[],projects/govuk-frontend/repo
d6992aab49aae73152c2e851dd9ea03f03f18510,1741286211,22,package.json,npm@10.1.0,package.json,[],projects/govuk-frontend/repo
53737f4a7343117830dc6acbead39491ecf962e4,1741286224,22,package.json,npm@10.1.0,package.json,[],projects/govuk-frontend/repo
e2c270c2e3398acf69debf2c103f76d479c93c69,1741600065,22,package.json,npm@10.1.0,package.json,[],projects/govuk-frontend/repo
9224b19931cfccd6e41bbbba99125c3ad3cd7fb0,1741713633,22,package.json,npm@10.1.0,package.json,[],projects/govuk-frontend/repo
8d325c859724c88222fb23371eb1f059df497aa3,1742295852,22,package.json,npm@10.1.0,package.json,[],projects/govuk-frontend/repo
303ec4245e9ea54ca4269477bdeb5db8766d061b,1742300692,22,package.json,npm@10.1.0,package.json,[],projects/govuk-frontend/repo
0d89fc72ef9695626152208a1e3b75267d082ed2,1742302203,22,package.json,npm@10.1.0,package.json,[],projects/govuk-frontend/repo
df88ad082842d96d665b4508438fbb7f7a295986,1742382756,22,package.json,npm@10.1.0,package.json,[],projects/govuk-frontend/repo
d7abd2e0d6e1d07305b1f9228f94907ee4945899,1742827353,22,package.json,npm@10.1.0,package.json,[],projects/govuk-frontend/repo
2ba0d5d4f7b71654340d5bc00e5d9c0ca3b056b5,1742827353,22,package.json,npm@10.1.0,package.json,[],projects/govuk-frontend/repo
9ab6bcffcccbc82665018fba78c6c3ca936563c6,1742827353,22,package.json,npm@10.1.0,package.json,[],projects/govuk-frontend/repo
0f108c9129745e1a6dd69745f6dfd2b101ac6b76,1743002791,22,package.json,npm@10.1.0,package.json,[],projects/govuk-frontend/repo
b4bdee2c3b4600d480360ea9c6345e6bc2b54214,1743009446,22,package.json,npm@10.1.0,package.json,[],projects/govuk-frontend/repo
4abde0c8ab93a61d1322578bdbf0453694e3ec46,1743009446,22,package.json,npm@10.1.0,package.json,[],projects/govuk-frontend/repo
2d08e443c8f3957a5a491f775eceaefa766a5849,1743009446,22,package.json,npm@10.1.0,package.json,[],projects/govuk-frontend/repo
03525346f63460e5bc3988e18af3965127b0da57,1743009446,22,package.json,npm@10.1.0,package.json,[],projects/govuk-frontend/repo
6db874dd3ee63dcec980b1e64a60d17cf56ea0f7,1743009446,22,package.json,npm@10.1.0,package.json,[],projects/govuk-frontend/repo
5786234c2fc2e89e2b6a925211ca1cfd38fda146,1743073396,22,package.json,npm@10.1.0,package.json,[],projects/govuk-frontend/repo
dd66c8a2126a5b8fb00b8bc2dc8887777bb616ff,1743223231,22,package.json,npm@10.1.0,package.json,[],projects/govuk-frontend/repo
36ba773623134ac96afde1d0dac551e04587d0e6,1743498645,22,package.json,npm@10.1.0,package.json,[],projects/govuk-frontend/repo
ab9b00df2e11788e7f32ab4d6c893c350e0e1f0f,1743498943,22,package.json,npm@10.1.0,package.json,[],projects/govuk-frontend/repo
c011f80be27148143c594ab25a15abee115fa399,1743499297,22,package.json,npm@10.1.0,package.json,[],projects/govuk-frontend/repo
e476ebe5c411de495a5132bb79435b60c16169c7,1743499300,22,package.json,npm@10.1.0,package.json,[],projects/govuk-frontend/repo
62c42e535c29349a88d4aabb4684db908e2928a0,1743499807,22,package.json,npm@10.1.0,package.json,[],projects/govuk-frontend/repo
6baf615efbcf59cbe2aeb67ea867dbd7e971d0bc,1743501035,22,package.json,npm@10.1.0,package.json,[],projects/govuk-frontend/repo
d46a4b571ad678511d593f96024b11a3e5f7c3ff,1743501426,22,package.json,npm@10.1.0,package.json,[],projects/govuk-frontend/repo
6d906992e5c06e087a2c082ef16bb26a86aeccf9,1743501447,22,package.json,npm@10.1.0,package.json,[],projects/govuk-frontend/repo
bf108d6edd52e41206ee1ef8f1d7a99ae58dc9b3,1743501486,22,package.json,npm@10.1.0,package.json,[],projects/govuk-frontend/repo
b2270b4577f74a7e95c42fcf52c0ad21f4f324f0,1743501503,22,package.json,npm@10.1.0,package.json,[],projects/govuk-frontend/repo
76482717292ab268a84072249ac446a2bde74d84,1743501522,22,package.json,npm@10.1.0,package.json,[],projects/govuk-frontend/repo
eba509ebc06ff9d89cb87490a79671bb95320b7f,1743501563,22,package.json,npm@10.1.0,package.json,[],projects/govuk-frontend/repo
fecd33ebb7f979129d206b3478e3a76e60975cb1,1743501582,22,package.json,npm@10.1.0,package.json,[],projects/govuk-frontend/repo
f75ff913b28f7efd085b6c1eb1d911211139db9f,1743515404,22,package.json,npm@10.1.0,package.json,[],projects/govuk-frontend/repo
48c55c8874c96393d4e1f30146a8e8e2cc09a9e8,1743515443,22,package.json,npm@10.1.0,package.json,[],projects/govuk-frontend/repo
5a97d94085a7548081d4c97d235fb0f14515e051,1743515498,22,package.json,npm@10.1.0,package.json,[],projects/govuk-frontend/repo
965c738e106546e4be4ea32aa89ac5d2fa0bc65f,1743515509,22,package.json,npm@10.1.0,package.json,[],projects/govuk-frontend/repo
a73d295f8c7afd3b89c8b315c71f2d6b55216495,1743515527,22,package.json,npm@10.1.0,package.json,[],projects/govuk-frontend/repo
06f8016005bb410cca5c5df00b76ebebc7f185d6,1743515618,22,package.json,npm@10.1.0,package.json,[],projects/govuk-frontend/repo
5ec34361856024dd70cbe32730119077c8f0883e,1743515639,22,package.json,npm@10.1.0,package.json,[],projects/govuk-frontend/repo
d5013966c12be8eb1e7e0060587ba98d9b20635d,1743515743,22,package.json,npm@10.1.0,package.json,[],projects/govuk-frontend/repo
71a21bb5aaabc42ba421fa661118b50e712ba25c,1743515775,22,package.json,npm@10.1.0,package.json,[],projects/govuk-frontend/repo
a3a81efefdaeb538b565829d628e0f200a64c876,1743515818,22,package.json,npm@10.1.0,package.json,[],projects/govuk-frontend/repo
dd7a1f951defca2d980536134b9d4f5c0976d28d,1743515847,22,package.json,npm@10.1.0,package.json,[],projects/govuk-frontend/repo
3c573553e3eee592a3d91cef2d7c03dc749bb227,1743515939,22,package.json,npm@10.1.0,package.json,[],projects/govuk-frontend/repo
8267b6389c993f7e3abf89ab73252594769f9225,1743515960,22,package.json,npm@10.1.0,package.json,[],projects/govuk-frontend/repo
b513f54f40c162f700280dbda93a1ad71cd68f30,1743516027,22,package.json,npm@10.1.0,package.json,[],projects/govuk-frontend/repo
8caae7dd05a1d2491a8f6c93456499595a91805c,1743516089,22,package.json,npm@10.1.0,package.json,[],projects/govuk-frontend/repo
92343c00a7f0217ffa6da6c54b0845336504ebbe,1743516402,22,package.json,npm@10.1.0,package.json,[],projects/govuk-frontend/repo
434e18d0dcbb22a8db47107d73afd278fdd7a223,1743516438,22,package.json,npm@10.1.0,package.json,[],projects/govuk-frontend/repo
7e7f8f7d0b2c6940199b68cea4dfb429c1ec7ccc,1743517008,22,package.json,npm@10.1.0,package.json,[],projects/govuk-frontend/repo
e04a04963bd55d4455b89decc9df102387fb2517,1743517068,22,package.json,npm@10.1.0,package.json,[],projects/govuk-frontend/repo
4aa1906feb4bcf7421b9569d83fe262528abf63a,1743517094,22,package.json,npm@10.1.0,package.json,[],projects/govuk-frontend/repo
b511f58ac3d7a645c6a867435d43914853bc79e4,1743517308,22,package.json,npm@10.1.0,package.json,[],projects/govuk-frontend/repo
ebd20da5d6d47c6519c73e0b5d506dc6fbac8946,1743517482,22,package.json,npm@10.1.0,package.json,[],projects/govuk-frontend/repo
5178a12204b73262b839b67f26623cda6319e798,1743517720,22,package.json,npm@10.1.0,package.json,[],projects/govuk-frontend/repo
86e98f45dfe8e4cc783a7662f334bcf5ac576b35,1743526091,22,package.json,npm@10.1.0,package.json,[],projects/govuk-frontend/repo
39fffb973072d4d1c28eaa65ad220d12e6769115,1743698688,22,package.json,npm@10.1.0,package.json,[],projects/govuk-frontend/repo
f1f3aff95383d90223e17694456a6693037b4d95,1743699527,22,package.json,npm@10.1.0,package.json,[],projects/govuk-frontend/repo
1c507f65ac54459149c68b5b5fb4daf08b481271,1743782931,22,package.json,npm@10.1.0,package.json,[],projects/govuk-frontend/repo
c7748f30e5b7224c11aca30c37b951a267952969,1743783682,22,package.json,npm@10.1.0,package.json,[],projects/govuk-frontend/repo
311cf6243c1e3a3f91a9ba39d7016577af8394f4,1743783867,22,package.json,npm@10.1.0,package.json,[],projects/govuk-frontend/repo
4d33103393c8147b42a7dbae972300809acef290,1744025372,22,package.json,npm@10.1.0,package.json,[],projects/govuk-frontend/repo
39958db0524f624da0ab8a1e193a89d9efe6e21e,1744029162,22,package.json,npm@10.1.0,package.json,[],projects/govuk-frontend/repo
e9cda145792767fa58fdf74cbc5a920f1786bfbc,1744029478,22,package.json,npm@10.1.0,package.json,[],projects/govuk-frontend/repo
866c6049628e75781619b5d76b98d24e42e17ea9,1744029653,22,package.json,npm@10.1.0,package.json,[],projects/govuk-frontend/repo
e9fb94f451bfdee7761b425775b0326be1857c53,1744030306,22,package.json,npm@10.1.0,package.json,[],projects/govuk-frontend/repo
a849d223113fa2b604c024e6d4881d7783db7bd7,1744031915,22,package.json,npm@10.1.0,package.json,[],projects/govuk-frontend/repo
115fbe9a5c2b852136f4174fa474b4ab55cbf27a,1744034086,22,package.json,npm@10.1.0,package.json,[],projects/govuk-frontend/repo
5a456e24612643accea8f6512a023f5f1104a5f9,1744036720,22,package.json,npm@10.1.0,package.json,[],projects/govuk-frontend/repo
6c4bb99f7ff6fb9c15e4adcfa1ffad825b658bb2,1744620218,22,package.json,npm@10.1.0,package.json,[],projects/govuk-frontend/repo
4003b9d93b082e437f70c5711b33bc735cd4c732,1745318601,22,package.json,npm@10.1.0,package.json,[],projects/govuk-frontend/repo
1bc5abe1e78a48f3672e740b65579084d32431bd,1745319385,22,package.json,npm@10.1.0,package.json,[],projects/govuk-frontend/repo
395997bcec04b2eed136be40cbb36fc3e7b7efeb,1745755596,22,package.json,npm@10.1.0,package.json,[],projects/govuk-frontend/repo
382913769a5e3dc405962dc005c9a1a4b0c0f080,1745755965,22,package.json,npm@10.1.0,package.json,[],projects/govuk-frontend/repo
f8d4d13412ac85db79cbd54d49cd326dbc35b52c,1745837202,22,package.json,npm@10.1.0,package.json,[],projects/govuk-frontend/repo
c1bdab29894648cfef1e927e0b369a9ccba8d3e3,1745837203,22,package.json,npm@10.1.0,package.json,[],projects/govuk-frontend/repo
df3757abd52465a2194fdb7be6fb0e6cdfad67f1,1745837204,22,package.json,npm@10.1.0,package.json,[],projects/govuk-frontend/repo
50413e318c1ab45f86ecc57fb8d684259ce95e63,1745837204,22,package.json,npm@10.1.0,package.json,[],projects/govuk-frontend/repo
a9725c45c90a17d666df7de084667ee8f4aa1dd9,1745837205,22,package.json,npm@10.1.0,package.json,[],projects/govuk-frontend/repo
da921e0d7ac4083facbdf1206fad2ed32a5efb11,1745837206,22,package.json,npm@10.1.0,package.json,[],projects/govuk-frontend/repo
7c33a07fbe80c5f0bd53bd492146ce694cba5f6a,1745837207,22,package.json,npm@10.1.0,package.json,[],projects/govuk-frontend/repo
9ed9e782e88a41a24f2beb953b8a93f019b90ffb,1745837207,22,package.json,npm@10.1.0,package.json,[],projects/govuk-frontend/repo
d1f3ff508cad069a7d4fc3b7b1573387d8153ff8,1745837208,22,package.json,npm@10.1.0,package.json,[],projects/govuk-frontend/repo
386ad9ec15a9007846ff78044a85a08e3847561a,1745837209,22,package.json,npm@10.1.0,package.json,[],projects/govuk-frontend/repo
40acfc87d574e68d1255ee52d60a88116d33358e,1745837209,22,package.json,npm@10.1.0,package.json,[],projects/govuk-frontend/repo
0cfc1a5874126efbd6a3f106fb07794316de8e80,1745837211,22,package.json,npm@10.1.0,package.json,[],projects/govuk-frontend/repo
9cd5c5cb4e65bf7061af340d45907884034d8944,1745837212,22,package.json,npm@10.1.0,package.json,[],projects/govuk-frontend/repo
53bce95cc0bdcf7e3d8ad88179d38e1c02809741,1745837212,22,package.json,npm@10.1.0,package.json,[],projects/govuk-frontend/repo
c71be763ce7f33c6760d215cac0aaf18b6783935,1745837213,22,package.json,npm@10.1.0,package.json,[],projects/govuk-frontend/repo
242d3bbeeb23097de0074849271f015f64534bee,1745837214,22,package.json,npm@10.1.0,package.json,[],projects/govuk-frontend/repo
e44de998e806d603f298fdfe47f19255daa6c950,1745837214,22,package.json,npm@10.1.0,package.json,[],projects/govuk-frontend/repo
3b867cc03f8da2a9d671bb5fc7ea0cac57c73a9f,1745837214,22,package.json,npm@10.1.0,package.json,[],projects/govuk-frontend/repo
33a15dc74a3ce7663c2c895b0ea4ddd47ad05260,1745837215,22,package.json,npm@10.1.0,package.json,[],projects/govuk-frontend/repo
d5a584ff7f36c69b331e786746c50640e13a71b1,1745837216,22,package.json,npm@10.1.0,package.json,[],projects/govuk-frontend/repo
e911c4da7768c55ab04990f2fe576c9941cf00ac,1745837216,22,package.json,npm@10.1.0,package.json,[],projects/govuk-frontend/repo
024e60248289d73f9f397cbb7ede604ad7c57a3b,1745837216,22,package.json,npm@10.1.0,package.json,[],projects/govuk-frontend/repo
68a957bf028b1e0e21a098e70cd129c9c0238d8f,1745837216,22,package.json,npm@10.1.0,package.json,[],projects/govuk-frontend/repo
e1f85b9922692f75e4317ac43cd2e6701c11671e,1745837218,22,package.json,npm@10.1.0,package.json,[],projects/govuk-frontend/repo
9f4468beba93561f5988b865fad9623409283735,1745837218,22,package.json,npm@10.1.0,package.json,[],projects/govuk-frontend/repo
c21932d53c3a78a2d495855ff4d5373241daea57,1745837219,22,package.json,npm@10.1.0,package.json,[],projects/govuk-frontend/repo
044720dc6330d6aa937253fbb2284af2e1715bfa,1745837221,22,package.json,npm@10.1.0,package.json,[],projects/govuk-frontend/repo
7e4e149b9d61b0138b69be32316262e20086601c,1745837221,22,package.json,npm@10.1.0,package.json,[],projects/govuk-frontend/repo
82476eee4dc433df0bc1d33e2b5c96a3643ed7b6,1745837222,22,package.json,npm@10.1.0,package.json,[],projects/govuk-frontend/repo
18cee60731a3042e9a4df23e56e121d3b80e863d,1745837222,22,package.json,npm@10.1.0,package.json,[],projects/govuk-frontend/repo
2275658a469058eb4e93da32f728d315288866e3,1745837223,22,package.json,npm@10.1.0,package.json,[],projects/govuk-frontend/repo
5b0ec31a38f5573a2088003a6294c20cde16c665,1745837223,22,package.json,npm@10.1.0,package.json,[],projects/govuk-frontend/repo
846bc7b801cd4ef9e17bdef7038d4be9145ff599,1745837224,22,package.json,npm@10.1.0,package.json,[],projects/govuk-frontend/repo
ad858a1660047b67d1e9dcb21ae9bf7c4bee423e,1745837224,22,package.json,npm@10.1.0,package.json,[],projects/govuk-frontend/repo
33d0820b4aaa18238a33d8572ccf80c3de84b444,1745837225,22,package.json,npm@10.1.0,package.json,[],projects/govuk-frontend/repo
071cc600da0fa9bcc8a8ac3be48174349aef329a,1745837226,22,package.json,npm@10.1.0,package.json,[],projects/govuk-frontend/repo
5d42d5886247d902c365ea26f3ce964ec9be7a1f,1745837226,22,package.json,npm@10.1.0,package.json,[],projects/govuk-frontend/repo
3766a87989715edf8bf1a469f26febe7f5442dde,1745837226,22,package.json,npm@10.1.0,package.json,[],projects/govuk-frontend/repo
8030a6f8836246710afc54f7a2f8c52bf62369bf,1745837227,22,package.json,npm@10.1.0,package.json,[],projects/govuk-frontend/repo
65f2d79b9060fd1f9a95960b8bd53d0fac56e6f7,1745837228,22,package.json,npm@10.1.0,package.json,[],projects/govuk-frontend/repo
722733f6a5f717c2765c4c7c3b7cffbfc48de946,1745837229,22,package.json,npm@10.1.0,package.json,[],projects/govuk-frontend/repo
e25dfd5dfa1e58f97b7e27dffbc038f3c6253c08,1745837284,22,package.json,npm@10.1.0,package.json,[],projects/govuk-frontend/repo
3026c013c2c66163f4f0a42e25bfb9e85d4f6433,1745837293,22,package.json,npm@10.1.0,package.json,[],projects/govuk-frontend/repo
d0aa20b0093cba72b9cfa2380ff41e5834eec8e2,1745837293,22,package.json,npm@10.1.0,package.json,[],projects/govuk-frontend/repo
525d654bb8c23ddefb5491f491a88c4957f2a5d0,1745837293,22,package.json,npm@10.1.0,package.json,[],projects/govuk-frontend/repo
b8e78e5d1a9eda95bb85d638016eee1424ebd710,1745837293,22,package.json,npm@10.1.0,package.json,[],projects/govuk-frontend/repo
8bbc887279767c4e26277c601c84e1b401835307,1745837295,22,package.json,npm@10.1.0,package.json,[],projects/govuk-frontend/repo
56c18262a0280a6010f90bb286b8612d1beb3266,1745837295,22,package.json,npm@10.1.0,package.json,[],projects/govuk-frontend/repo
1791f42f0e95935ff46a791c6d8ee4ff4d17d698,1745837296,22,package.json,npm@10.1.0,package.json,[],projects/govuk-frontend/repo
04c30bef81b144a9d26796b1293b39a35774412f,1745837296,22,package.json,npm@10.1.0,package.json,[],projects/govuk-frontend/repo
9f8cec5988d0432cf0b729df3c6e884e806cdfde,1745837297,22,package.json,npm@10.1.0,package.json,[],projects/govuk-frontend/repo
b26833456b399c6af5ae73d3522298302ed431c9,1745837297,22,package.json,npm@10.1.0,package.json,[],projects/govuk-frontend/repo
8b3b6b96190967a89446ab47e8c90d2c91e5dc5f,1745837297,22,package.json,npm@10.1.0,package.json,[],projects/govuk-frontend/repo
ab0f1a6a88fe7a759bcea931f15799bc76f33bf2,1745837298,22,package.json,npm@10.1.0,package.json,[],projects/govuk-frontend/repo
5d1c8ad2e779290d361c91f9d8dd652b06273cf7,1745837299,22,package.json,npm@10.1.0,package.json,[],projects/govuk-frontend/repo
82de23dc98f00fd6dcdbc0b4fe6bf3f27e1ecc5c,1745837300,22,package.json,npm@10.1.0,package.json,[],projects/govuk-frontend/repo
d5ab37028cb87f4185db74e0d9ed303d184f6a1c,1745837301,22,package.json,npm@10.1.0,package.json,[],projects/govuk-frontend/repo
45b4b6f61f485108bb688033f4915f30ea2c757a,1745837302,22,package.json,npm@10.1.0,package.json,[],projects/govuk-frontend/repo
22729add6807f9027fcdcf72f9e44a1b512b5ae4,1745837303,22,package.json,npm@10.1.0,package.json,[],projects/govuk-frontend/repo
ca265b04f9667066ccbce42730ea7d86e57008af,1745837303,22,package.json,npm@10.1.0,package.json,[],projects/govuk-frontend/repo
c878f8949f219696724088749991cc1efba5be52,1745837304,22,package.json,npm@10.1.0,package.json,[],projects/govuk-frontend/repo
dfadaca011c785bbb2f0edc3da17e09ced8582bd,1745837304,22,package.json,npm@10.1.0,package.json,[],projects/govuk-frontend/repo
9d09a45cf194b99030107b469679d0551fa81e17,1745837304,22,package.json,npm@10.1.0,package.json,[],projects/govuk-frontend/repo
4c8d91acacf9d14dcc7e485fbf7e0f699ca441ad,1745837305,22,package.json,npm@10.1.0,package.json,[],projects/govuk-frontend/repo
9162cbcbc436f917710902390468661eadc811ac,1745837306,22,package.json,npm@10.1.0,package.json,[],projects/govuk-frontend/repo
37e0f864c674894280f2ae7747fd99b02f1588e2,1745837306,22,package.json,npm@10.1.0,package.json,[],projects/govuk-frontend/repo
99739f820d45f6fcdf2c5ef76aff01e6314184da,1745837306,22,package.json,npm@10.1.0,package.json,[],projects/govuk-frontend/repo
39ddd72e2f54b4dc0d6b26930851eb2b7e57f85e,1745837308,22,package.json,npm@10.1.0,package.json,[],projects/govuk-frontend/repo
db83816b88f60b74c8cffd13bbc136ea97875eb0,1745837308,22,package.json,npm@10.1.0,package.json,[],projects/govuk-frontend/repo
73b00482aaa9f9e68a63c5f568093d3bd485f10a,1745837308,22,package.json,npm@10.1.0,package.json,[],projects/govuk-frontend/repo
fabfd9150df5819c79dbb278042b1246c1766469,1745837309,22,package.json,npm@10.1.0,package.json,[],projects/govuk-frontend/repo
3cbcf331a9f99612e51f82223a75eafdd1fee56b,1745837310,22,package.json,npm@10.1.0,package.json,[],projects/govuk-frontend/repo
27155f753d649aae0d7830c91a91080b67a4d102,1745837311,22,package.json,npm@10.1.0,package.json,[],projects/govuk-frontend/repo
233f3e0766120ea0a950a7a2e16cac850c46226a,1745837311,22,package.json,npm@10.1.0,package.json,[],projects/govuk-frontend/repo
03c5f6794f498b6779cc4229515f9ec97e915454,1745837312,22,package.json,npm@10.1.0,package.json,[],projects/govuk-frontend/repo
50e237219c66900e4d5b4fbe3b1828c1b71c1246,1745837313,22,package.json,npm@10.1.0,package.json,[],projects/govuk-frontend/repo
e2455ba8a6bc65b1861d3bcb7a4c7d90664de1ff,1745837313,22,package.json,npm@10.1.0,package.json,[],projects/govuk-frontend/repo
c52db3890dc40487ea71e502c401084c983bb5f2,1745837314,22,package.json,npm@10.1.0,package.json,[],projects/govuk-frontend/repo
f010d5d766d539c6cd450f1f7c35e7a8e1d307f2,1745837314,22,package.json,npm@10.1.0,package.json,[],projects/govuk-frontend/repo
2c2760716e2e8fd4e076bc0f2c32dafd9c47d3d2,1745837315,22,package.json,npm@10.1.0,package.json,[],projects/govuk-frontend/repo
fadd22012dbe6aa0d84e4f3c89699236511ac174,1745837316,22,package.json,npm@10.1.0,package.json,[],projects/govuk-frontend/repo
2ac8e0362d4378d2d6d121c387a5fee6d5ce5fd8,1745837316,22,package.json,npm@10.1.0,package.json,[],projects/govuk-frontend/repo
e2a40ec2f403eab8e83300c95bb5d91339d8a0cd,1745912158,22,package.json,npm@10.1.0,package.json,[],projects/govuk-frontend/repo
c04388238ec56ed317bc6920c650aac7b262fb34,1745917530,22,package.json,npm@10.1.0,package.json,[],projects/govuk-frontend/repo
8a8556f1ceb190460c87ddc662475efee7c1f11a,1745933637,22,package.json,npm@10.1.0,package.json,[],projects/govuk-frontend/repo
3b43bb26ccc17dab58201c22da04f8cd6a257b52,1745934097,22,package.json,npm@10.1.0,package.json,[],projects/govuk-frontend/repo
189bf3a3439600db9760e24ce400b08befc50ba0,1746008406,22,package.json,npm@10.1.0,package.json,[],projects/govuk-frontend/repo
07acb7a34d03623d7c06479de1fed29e19af3a2b,1746090617,22,package.json,npm@10.1.0,package.json,[],projects/govuk-frontend/repo
40f0f148182b352ed863b9cdf60a083ff0ee12af,1746092274,22,package.json,npm@10.1.0,package.json,[],projects/govuk-frontend/repo
20d82f02858c9a335ed723c53c51953fc33860c1,1746112131,22,package.json,npm@10.1.0,package.json,[],projects/govuk-frontend/repo
d2160e7859ef2ea3480a17929be13d48a393d672,1746112531,22,package.json,npm@10.1.0,package.json,[],projects/govuk-frontend/repo
d06363120888b0c4647923fa77e234fca4635f0e,1746112756,22,package.json,npm@10.1.0,package.json,[],projects/govuk-frontend/repo
011c7b520626a74cbffec11a05a9514a811cb278,1746113165,22,package.json,npm@10.1.0,package.json,[],projects/govuk-frontend/repo
2a6febd30b9282ec6d8e76e0617fd05ff45184ed,1746113722,22,package.json,npm@10.1.0,package.json,[],projects/govuk-frontend/repo
ee133cca6f15e34b50b4cc1ea70eedf48eb064cc,1746114216,22,package.json,npm@10.1.0,package.json,[],projects/govuk-frontend/repo
513fd26291f2080186649d6849c833da8a59fac3,1746114497,22,package.json,npm@10.1.0,package.json,[],projects/govuk-frontend/repo
5769e7262a8e9fa5717106c9b6f6653a68162270,1746116199,22,package.json,npm@10.1.0,package.json,[],projects/govuk-frontend/repo
befb5bfa6fd73efec7f6d3bc62cdc71e919664a6,1746116358,22,package.json,npm@10.1.0,package.json,[],projects/govuk-frontend/repo
dbf7ab4b0cfa9506c08c0f2ec4acc5f047b61cd4,1746116830,22,package.json,npm@10.1.0,package.json,[],projects/govuk-frontend/repo
c8403f65daaf8d2bf5011363781200974a45fe3f,1746116873,22,package.json,npm@10.1.0,package.json,[],projects/govuk-frontend/repo
38c319b1224c34695baebfe669d0b3fac82a0866,1746116896,22,package.json,npm@10.1.0,package.json,[],projects/govuk-frontend/repo
3d1439e8bbbf0c33e57b5a594dbaaf9d4efe3478,1746175856,22,package.json,npm@10.1.0,package.json,[],projects/govuk-frontend/repo
a5dc09aad76c45ebf99ec169602713c0054bf1c0,1746175942,22,package.json,npm@10.1.0,package.json,[],projects/govuk-frontend/repo
923fafa8a65895884b415254aa7793da14aa80cc,1746189546,22,package.json,npm@10.1.0,package.json,[],projects/govuk-frontend/repo
58853b96cbe3d7bcc2b7ddf588b829af03eddb2e,1746202474,22,package.json,npm@10.1.0,package.json,[],projects/govuk-frontend/repo
e34cf59ee070ca73ccc709c45195624727d7d318,1746525878,22,package.json,npm@10.1.0,package.json,[],projects/govuk-frontend/repo
b9c12770b179e06fddd442afbc4ee4f6726ad97c,1746536852,22,package.json,npm@10.1.0,package.json,[],projects/govuk-frontend/repo
2c4383b50e29f0ec7a242d4c2a05413623ad9d6e,1746542559,22,package.json,npm@10.1.0,package.json,[],projects/govuk-frontend/repo
53db42b17df780f96d2bb951d3b227eb37220a93,1746618108,22,package.json,npm@10.1.0,package.json,[],projects/govuk-frontend/repo
9e7f3f442ac8cf5d2073fe7d14a1f179b98c71b8,1746623807,22,package.json,npm@10.1.0,package.json,[],projects/govuk-frontend/repo
f48f16848b26abec5dc641515389cc3d08e1fe00,1746627268,22,package.json,npm@10.1.0,package.json,[],projects/govuk-frontend/repo
4bc5d1579ded882df7bd083a61762ecaab5671a9,1746634538,22,package.json,npm@10.1.0,package.json,[],projects/govuk-frontend/repo
248141d64553c770890f2da1d2ea3e9d2888a0d6,1746692655,22,package.json,npm@10.1.0,package.json,[],projects/govuk-frontend/repo
5c4e86c49392c2249d6acf440575a18c88be6cd1,1746692994,22,package.json,npm@10.1.0,package.json,[],projects/govuk-frontend/repo
fd031b95202c521ea3f0647bd2a157dea3574d36,1746693064,22,package.json,npm@10.1.0,package.json,[],projects/govuk-frontend/repo
c5f0496c99b79b444d5c0101aca12c185189ed9d,1746693422,22,package.json,npm@10.1.0,package.json,[],projects/govuk-frontend/repo
80bfd3017f4946b05878c91f47975c0c7c02dfba,1746694197,22,package.json,npm@10.1.0,package.json,[],projects/govuk-frontend/repo
625e6286779c93ce136441c076a7895e804993b0,1746694284,22,package.json,npm@10.1.0,package.json,[],projects/govuk-frontend/repo
513d1e5c00f959061f6ac9bbf5e92422bb752181,1746694310,22,package.json,npm@10.1.0,package.json,[],projects/govuk-frontend/repo
30bf8f0a961699b06523ced4a323da1b312337a5,1746694401,22,package.json,npm@10.1.0,package.json,[],projects/govuk-frontend/repo
d571b7bb98e5c2539a8d262c3e036093e210aeb5,1746708425,22,package.json,npm@10.1.0,package.json,[],projects/govuk-frontend/repo
eb5f9a975556c4dd0e1cd5dbb2a2186c99f6993a,1746713128,22,package.json,npm@10.1.0,package.json,[],projects/govuk-frontend/repo
3e92552e736a220a935cca3cf003fa85d97b2cc9,1746713262,22,package.json,npm@10.1.0,package.json,[],projects/govuk-frontend/repo
d3d5b96c6bc97355f5a29328b105780175238a8d,1746713354,22,package.json,npm@10.1.0,package.json,[],projects/govuk-frontend/repo
252ec3d8e2949fabff677b4519639a5127386aaf,1746717029,22,package.json,npm@10.1.0,package.json,[],projects/govuk-frontend/repo
e22b8705e566010c50cd7fb3fe9eed6cf0c77953,1746717381,22,package.json,npm@10.1.0,package.json,[],projects/govuk-frontend/repo
ee895525139fa115004cb5929413dd4b53fae173,1746717785,22,package.json,npm@10.1.0,package.json,[],projects/govuk-frontend/repo
c9a6b196c092a8d401b6abb9d96835573efd05e5,1746717936,22,package.json,npm@10.1.0,package.json,[],projects/govuk-frontend/repo
28ba3dcb6d25ad2922504d41371e9d2f714ec00d,1746717980,22,package.json,npm@10.1.0,package.json,[],projects/govuk-frontend/repo
68dfafadc83cbce21eec17c8106f782408cf387b,1746718438,22,package.json,npm@10.1.0,package.json,[],projects/govuk-frontend/repo
329270e152afa39a3f7c429922411a24f69e8480,1746718480,22,package.json,npm@10.1.0,package.json,[],projects/govuk-frontend/repo
7241d49d42a0c74272618e17a10fb34b2617c4bc,1746718485,22,package.json,npm@10.1.0,package.json,[],projects/govuk-frontend/repo
fa1e16cde65d280e5cfcf54a3b92c2672f9d9f81,1746718526,22,package.json,npm@10.1.0,package.json,[],projects/govuk-frontend/repo
5946d97bef9e4764b53cd8249c3bffc174800d44,1746718658,22,package.json,npm@10.1.0,package.json,[],projects/govuk-frontend/repo
b696118d37a744201cb67c6936c3570311ced05d,1746718680,22,package.json,npm@10.1.0,package.json,[],projects/govuk-frontend/repo
d84d292d734d8fa0d7d37d556c07d16ba1dc9aa7,1746718810,22,package.json,npm@10.1.0,package.json,[],projects/govuk-frontend/repo
a63e67b6e0e8f8fc400810d9ee198609ff49574e,1746718823,22,package.json,npm@10.1.0,package.json,[],projects/govuk-frontend/repo
0dc5748b5c0a349466a6651d2085645c6cd33090,1746718857,22,package.json,npm@10.1.0,package.json,[],projects/govuk-frontend/repo
b8efd6253c7c34490ca4c565428d983edcbd9852,1746718921,22,package.json,npm@10.1.0,package.json,[],projects/govuk-frontend/repo
13f11abdfaadff7dafabf542ded78d299ec8c417,1746718961,22,package.json,npm@10.1.0,package.json,[],projects/govuk-frontend/repo
67aee75a7bd466730fdfea4fbcdeb7c632919d56,1746719793,22,package.json,npm@10.1.0,package.json,[],projects/govuk-frontend/repo
adfb11f73e6103cebb51f547b09fec1a7b52fde8,1746719823,22,package.json,npm@10.1.0,package.json,[],projects/govuk-frontend/repo
ead094fc419ac39d4c07b4bab4899ecfe9c304f8,1746719854,22,package.json,npm@10.1.0,package.json,[],projects/govuk-frontend/repo
e7483cbc23beeb0a75ec9a4d82835f15b42c568c,1746720013,22,package.json,npm@10.1.0,package.json,[],projects/govuk-frontend/repo
ea301bb91e2d9fd3d0979935fcd62b382e9dd0b3,1746720165,22,package.json,npm@10.1.0,package.json,[],projects/govuk-frontend/repo
d97ff6508f8e7208d2f0491c0d0b60d17a817922,1746721216,22,package.json,npm@10.1.0,package.json,[],projects/govuk-frontend/repo
e41fb548e75493eb5b74136c5d28bab83db41aaa,1746796384,22,package.json,npm@10.1.0,package.json,[],projects/govuk-frontend/repo
6cf0eb5f19501c21e8839a8fdaeba62547f43d79,1746796951,22,package.json,npm@10.1.0,package.json,[],projects/govuk-frontend/repo
4c8fcada7b7545b241ed16053130a1add34760c3,1746797319,22,package.json,npm@10.1.0,package.json,[],projects/govuk-frontend/repo
a3a5e8b2b452520bbd8199d7dd8cb61e12547b1e,1746797848,22,package.json,npm@10.1.0,package.json,[],projects/govuk-frontend/repo
8413157767e25a83b5fd3a8cd4567859f1c628a0,1747038592,22,package.json,npm@10.1.0,package.json,[],projects/govuk-frontend/repo
41214a19a36901679e32774b5e745d3ac9174df1,1747038592,22,package.json,npm@10.1.0,package.json,[],projects/govuk-frontend/repo
d7d1956be21cb7f125cc156e448a441dd331b637,1747038627,22,package.json,npm@10.1.0,package.json,[],projects/govuk-frontend/repo
f4da5fc7767df36980d60c17afc86a6bbb67d7ea,1747040323,22,package.json,npm@10.1.0,package.json,[],projects/govuk-frontend/repo
b07fd143c13bc5319701e4d9a407cee53ba61fba,1747043152,22,package.json,npm@10.1.0,package.json,[],projects/govuk-frontend/repo
fe23e0ddeedb6af3718fddaa242705e505cdb127,1747043739,22,package.json,npm@10.1.0,package.json,[],projects/govuk-frontend/repo
74e8901141a17cb0e7aec7d5715f839f9c0aba31,1747044118,22,package.json,npm@10.1.0,package.json,[],projects/govuk-frontend/repo
40e8aa1c8981804ccf7a0ab62fa829eb8b6952f9,1747044181,22,package.json,npm@10.1.0,package.json,[],projects/govuk-frontend/repo
016d707793e44dee77989c83f49b9f4742fa1ec3,1747044866,22,package.json,npm@10.1.0,package.json,[],projects/govuk-frontend/repo
c899465649329da1327ca066d580253fd23537b9,1747044900,22,package.json,npm@10.1.0,package.json,[],projects/govuk-frontend/repo
9e794a88ebd230910e171f775d5943a845d59840,1747056660,22,package.json,npm@10.1.0,package.json,[],projects/govuk-frontend/repo
fafcd0397a683cbe5de101018cdf145ee644b1b7,1747062315,22,package.json,npm@10.1.0,package.json,[],projects/govuk-frontend/repo
ffaa3aeb407f45c67dd1f5130da4ada3818a0c8f,1747062316,22,package.json,npm@10.1.0,package.json,[],projects/govuk-frontend/repo
df9c5ae2d2310b06540036dbacbcda60c9f4dea3,1747062316,22,package.json,npm@10.1.0,package.json,[],projects/govuk-frontend/repo
1200fbea7b2683323b9c9fcac79ef4c986a5ae6d,1747062764,22,package.json,npm@10.1.0,package.json,[],projects/govuk-frontend/repo
dc93ba72444b99818fec59abe0ab70be34d0bdec,1747064756,22,package.json,npm@10.1.0,package.json,[],projects/govuk-frontend/repo
952cb35e0c62b2365d35d1beb4e5ae1981690fd7,1747066530,22,package.json,npm@10.1.0,package.json,[],projects/govuk-frontend/repo
e5729809a9decdf127e38438a4136d9b2e1b4360,1747067118,22,package.json,npm@10.1.0,package.json,[],projects/govuk-frontend/repo
794800d9c7e249e5fab8feebbeae8aec15e61fcc,1747125407,22,package.json,npm@10.1.0,package.json,[],projects/govuk-frontend/repo
46a5f0a1c4df199c3c0b74d97b18829622f9726e,1747125573,22,package.json,npm@10.1.0,package.json,[],projects/govuk-frontend/repo
b950e6ef3cd9ab41f6a3e380505f8085288f9d09,1747126175,22,package.json,npm@10.1.0,package.json,[],projects/govuk-frontend/repo
f67140ba758064db2c3bf31c800fb8c97fb511ec,1747126410,22,package.json,npm@10.1.0,package.json,[],projects/govuk-frontend/repo
cf5f8efe94cc6744a13a6a8d5e063b6c9b63a0a8,1747132357,22,package.json,npm@10.1.0,package.json,[],projects/govuk-frontend/repo
9c92ed560bdd1fc93757234cd9f8f34c1df0d8ae,1747134858,22,package.json,npm@10.1.0,package.json,[],projects/govuk-frontend/repo
46708a27165b11b1c1da254c99f7f12338012dad,1747140186,22,package.json,npm@10.1.0,package.json,[],projects/govuk-frontend/repo
d295d67ac1dfb6d5244f63880474fd06de988f30,1747145213,22,package.json,npm@10.1.0,package.json,[],projects/govuk-frontend/repo
517e80a4fccb93b83f8d953696757ee1e5713452,1747148056,22,package.json,npm@10.1.0,package.json,[],projects/govuk-frontend/repo
281749ab9d65e0af2c1f836d57f6512520fc1200,1747299262,22,package.json,npm@10.1.0,package.json,[],projects/govuk-frontend/repo
88393e19d952e95009d72cd185037ef3c5c7415f,1747299305,22,package.json,npm@10.1.0,package.json,[],projects/govuk-frontend/repo
12a395afd6511f7cded84f869980a5f9c0a43ca5,1747299709,22,package.json,npm@10.1.0,package.json,[],projects/govuk-frontend/repo
2545ec9945fa9c926add1c0ce5022ad6a7753e99,1747299731,22,package.json,npm@10.1.0,package.json,[],projects/govuk-frontend/repo
a5f06debbb0511a374831c5d43ac871505a79353,1747299753,22,package.json,npm@10.1.0,package.json,[],projects/govuk-frontend/repo
ec749848d38163b3ca94969d838599d1eef2240a,1747299775,22,package.json,npm@10.1.0,package.json,[],projects/govuk-frontend/repo
528ea0daabbcd5cb04e3455b2edf27754b025979,1747303838,22,package.json,npm@10.1.0,package.json,[],projects/govuk-frontend/repo
99009758c3057b2a537f960e6c0657bf5959387e,1747304230,22,package.json,npm@10.1.0,package.json,[],projects/govuk-frontend/repo
2efa56fa7d679c725f2b235c4de2d30f6cbbd41b,1747304921,22,package.json,npm@10.1.0,package.json,[],projects/govuk-frontend/repo
8374727b9a7e0eb8f239a9af2cb37d645d556574,1747305441,22,package.json,npm@10.1.0,package.json,[],projects/govuk-frontend/repo
8b1d8b62b1e1eeb22f6398d9a00b9194c961febc,1747316346,22,package.json,npm@10.1.0,package.json,[],projects/govuk-frontend/repo
6fc621e3a946f21dfd47fe6c659610a4ad463184,1747316368,22,package.json,npm@10.1.0,package.json,[],projects/govuk-frontend/repo
49a4d7a1ac883a0c54bfee8ba49b1cb0b58a0feb,1747316437,22,package.json,npm@10.1.0,package.json,[],projects/govuk-frontend/repo
a998699d9d3a9c751e2285e12dc31049f64c791d,1747316461,22,package.json,npm@10.1.0,package.json,[],projects/govuk-frontend/repo
b76ebb00e31cf9a75ccf2c532f74846b639b39a4,1747322671,22,package.json,npm@10.1.0,package.json,[],projects/govuk-frontend/repo
df6248bc694f92ebc051e1dab61d77fd1f0f24c9,1747325795,22,package.json,npm@10.1.0,package.json,[],projects/govuk-frontend/repo
a66419af41dc93df4d87efe2cdd829e06514ae96,1747861231,22,package.json,npm@10.1.0,package.json,[],projects/govuk-frontend/repo
647bda195b8a6931237c9d8cadf3565b4aa0c3a2,1747861231,22,package.json,npm@10.1.0,package.json,[],projects/govuk-frontend/repo
18b7c727ff7136d24da35077617117e05ff02204,1747861364,22,package.json,npm@10.1.0,package.json,[],projects/govuk-frontend/repo
9a1c485b624283280895adc6a0299a0fc0e42e47,1747861758,22,package.json,npm@10.1.0,package.json,[],projects/govuk-frontend/repo
6acb0c8fb7752e0e2d16e293bc4da6a24c491c53,1747910946,22,package.json,npm@10.1.0,package.json,[],projects/govuk-frontend/repo
ad896c92a11f15bb68c1fecdfb3892704f1b8f08,1747922628,22,package.json,npm@10.1.0,package.json,[],projects/govuk-frontend/repo
6a517ca280b8f71899a096837891a94e6b02b2bb,1747930463,22,package.json,npm@10.1.0,package.json,[],projects/govuk-frontend/repo
a3440a1cb8f7c21b1cf22f5fb05a97928697c894,1747930463,22,package.json,npm@10.1.0,package.json,[],projects/govuk-frontend/repo
e6415961cecfe966bed6962d05c77c71ca34f91a,1747931149,22,package.json,npm@10.1.0,package.json,[],projects/govuk-frontend/repo
a9669a41992b2cc19b76c03c877e4c48f69571a4,1747999079,22,package.json,npm@10.1.0,package.json,[],projects/govuk-frontend/repo
567c27991f7e0b464d8f2583200b3832c941377c,1748355734,22,package.json,npm@10.1.0,package.json,[],projects/govuk-frontend/repo
f4515d07399a87dbd64457e3d0db02685ea5def3,1748358792,22,package.json,npm@10.1.0,package.json,[],projects/govuk-frontend/repo
cf2d23851fc32dbcf55221ce0d307b7e574682ba,1748359465,22,package.json,npm@10.1.0,package.json,[],projects/govuk-frontend/repo
f0810b1437310401f3da54c092b0cb6825cc6bf8,1748363472,22,package.json,npm@10.1.0,package.json,[],projects/govuk-frontend/repo
5a623752ea0f6af5acce12abec1d517bf5e57ce5,1748513673,22,package.json,npm@10.1.0,package.json,[],projects/govuk-frontend/repo
1bb5bb733624ae707705b8c3246fc4a15f244fec,1748514148,22,package.json,npm@10.1.0,package.json,[],projects/govuk-frontend/repo
3b2c5c580dc34b80467818a4379865aeb97a2b9c,1748603100,22,package.json,npm@10.1.0,package.json,[],projects/govuk-frontend/repo
1e98fcb9724251b9eba2e693be2736967a29aa35,1748606046,22,package.json,npm@10.1.0,package.json,[],projects/govuk-frontend/repo
8862dbdefa9ea1dc4f445cfbf9e5fbe654898c88,1748770227,22,package.json,npm@10.1.0,package.json,[],projects/govuk-frontend/repo
4d38b10d406c4cf30f43a22a39d7b08225e8f3d0,1748770282,22,package.json,npm@10.1.0,package.json,[],projects/govuk-frontend/repo
6228af09c35fd6165842d23c80f5597c90e4e54b,1748770571,22,package.json,npm@10.1.0,package.json,[],projects/govuk-frontend/repo
460f3d97a510e551b2283ac646198e06e9678836,1748770741,22,package.json,npm@10.1.0,package.json,[],projects/govuk-frontend/repo
7f5bdf6de859cd90e4a125c9ca599f2cdc190529,1748770801,22,package.json,npm@10.1.0,package.json,[],projects/govuk-frontend/repo
c74cc81753c6c418dee4d9d0a7a19b61765b3bc8,1748770840,22,package.json,npm@10.1.0,package.json,[],projects/govuk-frontend/repo
ac6b7cdf134503cd99ef1059521336e2de9b4a40,1748770866,22,package.json,npm@10.1.0,package.json,[],projects/govuk-frontend/repo
9b0425c9d1b1333812e6c2182723ad04c0f441a0,1748850767,22,package.json,npm@10.1.0,package.json,[],projects/govuk-frontend/repo
1d8b38aa6198295675d9d5fdd5b6ecc5945a8edf,1748850969,22,package.json,npm@10.1.0,package.json,[],projects/govuk-frontend/repo
33638f2ce67869f2c4214f1329f3f66687cdbe23,1748850996,22,package.json,npm@10.1.0,package.json,[],projects/govuk-frontend/repo
af2db8c0e7f9c39089e877efddcbee78e54a4b46,1748851024,22,package.json,npm@10.1.0,package.json,[],projects/govuk-frontend/repo
24302d528a221c1c308f3acdf11940df2c50b0b8,1748851927,22,package.json,npm@10.1.0,package.json,[],projects/govuk-frontend/repo
63fa2295cc7294d590415c93c00a9248f1e60aaa,1748852540,22,package.json,npm@10.1.0,package.json,[],projects/govuk-frontend/repo
4ebd9bd14d849e92a469428fd9180639a00aa347,1748853040,22,package.json,npm@10.1.0,package.json,[],projects/govuk-frontend/repo
1b233c89e281b190105e3c2d6a24dfeed15f8dbb,1748865486,22,package.json,npm@10.1.0,package.json,[],projects/govuk-frontend/repo
d57e259159d60ea7f6382ad8c123055f6a9f79c2,1748865621,22,package.json,npm@10.1.0,package.json,[],projects/govuk-frontend/repo
206bebef6a1d5b2a7dd32164a8e1c614f09860ec,1748934480,22,package.json,npm@10.1.0,package.json,[],projects/govuk-frontend/repo
43c53bfedd5d825347ff0004a126f83da025e5e1,1748934975,22,package.json,npm@10.1.0,package.json,[],projects/govuk-frontend/repo
9dd1b06bc6b5b0090d9a07fc7def72e1a7c1db8b,1749483467,22,package.json,npm@10.1.0,package.json,[],projects/govuk-frontend/repo
2dc6307d6757c70839dfaa5c37e89cb2a78ba00b,1749485945,22,package.json,npm@10.1.0,package.json,[],projects/govuk-frontend/repo
30d5514ab57e354fba342815967c5693fa638b01,1749546855,22,package.json,npm@10.1.0,package.json,[],projects/govuk-frontend/repo
a2034de075194666aec1d8cfaed7a762e0f6c77b,1749549277,22,package.json,npm@10.1.0,package.json,[],projects/govuk-frontend/repo
6a1a1257ed4623831813cfc15a7323d743f78847,1749550314,22,package.json,npm@10.1.0,package.json,[],projects/govuk-frontend/repo
5a8e928cbe4ee6b1b9119c5d8dd0f5be4ae948a6,1749553820,22,package.json,npm@10.1.0,package.json,[],projects/govuk-frontend/repo
4faa49a40565262c259c135884f8ceddedda7a2c,1749555763,22,package.json,npm@10.1.0,package.json,[],projects/govuk-frontend/repo
872492228c67a3bf985fc4f60e6265ae0aae79da,1749555763,22,package.json,npm@10.1.0,package.json,[],projects/govuk-frontend/repo
2e5f33b269caa13a7c4f7410e8abfa4f8be24338,1749557797,22,package.json,npm@10.1.0,package.json,[],projects/govuk-frontend/repo
9d2e14f571a9500b3311be87a6d17a8b0fca9423,1749558521,22,package.json,npm@10.1.0,package.json,[],projects/govuk-frontend/repo
4d07e52fd56f227a2d7a5ef08d00876321705e33,1749558572,22,package.json,npm@10.1.0,package.json,[],projects/govuk-frontend/repo
b22f1b468611b13a579a43bbede16c40c213d595,1749561082,22,package.json,npm@10.1.0,package.json,[],projects/govuk-frontend/repo
6740bb5da9fb0d5f117251e9110ed00b78edeeb2,1749561660,22,package.json,npm@10.1.0,package.json,[],projects/govuk-frontend/repo
32b7f6c03488d44443fc8854dc1186f1ef3aba6b,1749561932,22,package.json,npm@10.1.0,package.json,[],projects/govuk-frontend/repo
61b111991c6efa747e56e1b0c4c9ff7119006032,1749561956,22,package.json,npm@10.1.0,package.json,[],projects/govuk-frontend/repo
1a8ec5111754e794d189d2c2daa55abe99a1fff0,1749563103,22,package.json,npm@10.1.0,package.json,[],projects/govuk-frontend/repo
e8d0a0ab970f38f15b1cf3f8e220bb0e886ba62f,1749565666,22,package.json,npm@10.1.0,package.json,[],projects/govuk-frontend/repo
55feb2ef296e1f81270567d25d9eeed335d1cb67,1749565693,22,package.json,npm@10.1.0,package.json,[],projects/govuk-frontend/repo
d140471ddf2779737b50427fb198206de1d88959,1749565693,22,package.json,npm@10.1.0,package.json,[],projects/govuk-frontend/repo
6daeab4b879d5b0806bf3f541cf4ec7697712f59,1749633069,22,package.json,npm@10.1.0,package.json,[],projects/govuk-frontend/repo
215c409dbb1b12ed6880e867f6b18c0878443bc9,1749637603,22,package.json,npm@10.1.0,package.json,[],projects/govuk-frontend/repo
76fffa9b3e8e831bbda759901d18f7f4ededd408,1749641524,22,package.json,npm@10.1.0,package.json,[],projects/govuk-frontend/repo
1ed02fadefdd3e1a5d6523e25659538dde14a9c1,1749643509,22,package.json,npm@10.1.0,package.json,[],projects/govuk-frontend/repo
8887b81e0f6efab004fa96819899a20a26c29618,1749647209,22,package.json,npm@10.1.0,package.json,[],projects/govuk-frontend/repo
07026d5978d74e1bffbb9546190e5ec238948108,1749647304,22,package.json,npm@10.1.0,package.json,[],projects/govuk-frontend/repo
7cae038cee4b946c1e12a7ccf2c92fe9dc1dd09b,1749675705,22,package.json,npm@10.1.0,package.json,[],projects/govuk-frontend/repo
112c0765cdd0cd81998c18393cc18508d478a236,1749713068,22,package.json,npm@10.1.0,package.json,[],projects/govuk-frontend/repo
6cfc25ee0663da676f64d4122d3356d21b1ed851,1749713124,22,package.json,npm@10.1.0,package.json,[],projects/govuk-frontend/repo
a65c71342eef810409693ad526c4180a91491838,1749713246,22,package.json,npm@10.1.0,package.json,[],projects/govuk-frontend/repo
9ce58cacf147dd8d526cff676d235fb7e1462c9a,1749713302,22,package.json,npm@10.1.0,package.json,[],projects/govuk-frontend/repo
5e1edbc5fbcedf0f76c7019c3ec93ffb3065badd,1749713574,22,package.json,npm@10.1.0,package.json,[],projects/govuk-frontend/repo
0b4c4ac90c0e22209f6c630c40fb0e77a7031667,1749715646,22,package.json,npm@10.1.0,package.json,[],projects/govuk-frontend/repo
d0067a44133f836837cb55b6d51d7c8d57f84e30,1749715693,22,package.json,npm@10.1.0,package.json,[],projects/govuk-frontend/repo
62f6a5fcba9ee8f3933cd6992bc9cc9795f7bb3b,1749716862,22,package.json,npm@10.1.0,package.json,[],projects/govuk-frontend/repo
4ae371a9756377b8110aa176801e063f20f9d79c,1749717246,22,package.json,npm@10.1.0,package.json,[],projects/govuk-frontend/repo
b59afa25c3c64a889d68771f69daf7f30ec91b87,1749717313,22,package.json,npm@10.1.0,package.json,[],projects/govuk-frontend/repo
535a931e7464cff3f54cc1f40ff9a7d87127398e,1749718587,22,package.json,npm@10.1.0,package.json,[],projects/govuk-frontend/repo
9ec2f3f9e47dcde0447fc3796bd576c8bcff6602,1749740006,22,package.json,npm@10.1.0,package.json,[],projects/govuk-frontend/repo
93eb70b2a5a1b01e91456ef3adad8581cd34c732,1750162415,22,package.json,npm@10.1.0,package.json,[],projects/govuk-frontend/repo
8aee4f607bae470ea1987e26ed9adf30f0464063,1750324829,22,package.json,npm@10.1.0,package.json,[],projects/govuk-frontend/repo
318d3b084036dad33cbf778a9807657d7833cdb0,1750337555,22,package.json,npm@10.1.0,package.json,[],projects/govuk-frontend/repo
ca68f9f85c0cfece4f89ebccdf43f26fa147d814,1750417750,22,package.json,npm@10.1.0,package.json,[],projects/govuk-frontend/repo
82a3e7fed06a23c17098cc6ea7b20d9d8b182309,1750420770,22,package.json,npm@10.1.0,package.json,[],projects/govuk-frontend/repo
1dfffe249b49837e8be3db4a0f15761196fc315a,1750428788,22,package.json,npm@10.1.0,package.json,[],projects/govuk-frontend/repo
70bc40538a65d38038b295965afdb158775975c2,1750429004,22,package.json,npm@10.1.0,package.json,[],projects/govuk-frontend/repo
b56bb89ef6bc436c2dd7c567be14bdf0e7795e73,1750429038,22,package.json,npm@10.1.0,package.json,[],projects/govuk-frontend/repo
0dc4acc2aa77e585bab1034da9466fae91ef19a6,1750429710,22,package.json,npm@10.1.0,package.json,[],projects/govuk-frontend/repo
8104c0d74eda7986a5c59ca02ac4876086780998,1750430622,22,package.json,npm@10.1.0,package.json,[],projects/govuk-frontend/repo
c5e82d3ed16363f850220cec829ecc162354e269,1750667841,22,package.json,npm@10.1.0,package.json,[],projects/govuk-frontend/repo
515beea65574cac2a0460f9e5c62da83864cf826,1750667877,22,package.json,npm@10.1.0,package.json,[],projects/govuk-frontend/repo
b24491fd17cd412d9bd859a5d9e39509faabeb99,1750759998,22,package.json,npm@10.1.0,package.json,[],projects/govuk-frontend/repo
7e5a0b4d967b5f6a2b25af3f84a1ebce2e20031e,1750760347,22,package.json,npm@10.1.0,package.json,[],projects/govuk-frontend/repo
242f23558e2dd7ec679d39ad19a3619621b6a719,1750764424,22,package.json,npm@10.1.0,package.json,[],projects/govuk-frontend/repo
89218ac7320e02541054cb5cb54c66a559737758,1750770157,22,package.json,npm@10.1.0,package.json,[],projects/govuk-frontend/repo
861262a222259bb15ca029d12087582290c8be63,1750856740,22,package.json,npm@10.1.0,package.json,[],projects/govuk-frontend/repo
b07bd1d22ab1a7c9247f516405060153cfa1cab9,1750857515,22,package.json,npm@10.1.0,package.json,[],projects/govuk-frontend/repo
97d7afb673eee4065bd027ad102953cbc1b3a3a6,1750859192,22,package.json,npm@10.1.0,package.json,[],projects/govuk-frontend/repo
d7530001ffe3ef2622e194db0acd3406f5a3f28f,1751473074,22,package.json,npm@10.1.0,package.json,[],projects/govuk-frontend/repo
73366c1bf9615e602e13bd7836ac159b8da7369e,1751473574,22,package.json,npm@10.1.0,package.json,[],projects/govuk-frontend/repo
d4c9dd2602a01e691ce691f603b203d66a422c60,1751530328,22,package.json,npm@10.1.0,package.json,[],projects/govuk-frontend/repo
2773949059e69faad170da82d2400c02cbbe3b20,1751530328,22,package.json,npm@10.1.0,package.json,[],projects/govuk-frontend/repo
f416e3f5f130de6d4f80c20652c4cd0a0f943031,1751531487,22,package.json,npm@10.1.0,package.json,[],projects/govuk-frontend/repo
0e80f40d174384060ec3d7193a58f8989034af25,1751532094,22,package.json,npm@10.1.0,package.json,[],projects/govuk-frontend/repo
e58ad883f9bdbc8e054f69555ef4e31a896a4d37,1751532094,22,package.json,npm@10.1.0,package.json,[],projects/govuk-frontend/repo
1cda5985d9c8cd277c047de1618a9572e70a3335,1751532988,22,package.json,npm@10.1.0,package.json,[],projects/govuk-frontend/repo
eafeb442f22eace0de261f66ca38410e63ba2b28,1751878954,22,package.json,npm@10.1.0,package.json,[],projects/govuk-frontend/repo
5d9a9a0f548156be7ec530e8de19d496a48da770,1751963004,22,package.json,npm@10.1.0,package.json,[],projects/govuk-frontend/repo
3c384810d49d3cd724c4786a61aa3401a66e151b,1751965548,22,package.json,npm@10.1.0,package.json,[],projects/govuk-frontend/repo
db19c151489459751ee374b3022cf955a4b06492,1751966176,22,package.json,npm@10.1.0,package.json,[],projects/govuk-frontend/repo
aee5f2f44e7453f8f73f0d0ada666700552ca40a,1751970205,22,package.json,npm@10.1.0,package.json,[],projects/govuk-frontend/repo
a246e59dc73acf8ace2f019b3ed78456b4fad2f6,1751970206,22,package.json,npm@10.1.0,package.json,[],projects/govuk-frontend/repo
57f4bf268f8d0b49bb5f699f91121f0f2680d964,1751970206,22,package.json,npm@10.1.0,package.json,[],projects/govuk-frontend/repo
9afdcace8db1bec887b4675f7dd93e3b86e52f80,1751971547,22,package.json,npm@10.1.0,package.json,[],projects/govuk-frontend/repo
7313598622341f2f08a5a4e23cca434224bcf921,1751971685,22,package.json,npm@10.1.0,package.json,[],projects/govuk-frontend/repo
0659e23efaa0a04387ba31dc72745f3368591668,1751972032,22,package.json,npm@10.1.0,package.json,[],projects/govuk-frontend/repo
dde06fcd3995e9179715f984484cdab647b84076,1751972032,22,package.json,npm@10.1.0,package.json,[],projects/govuk-frontend/repo
64763a240b38d2e402d449f4187a51b9db1a8173,1751972052,22,package.json,npm@10.1.0,package.json,[],projects/govuk-frontend/repo
45eac650baab6ad1d96446d5e75c6ad26c3ec0a4,1751972052,22,package.json,npm@10.1.0,package.json,[],projects/govuk-frontend/repo
af22b6dd080310b602e53cc2dabdbca6712f5fc3,1751972052,22,package.json,npm@10.1.0,package.json,[],projects/govuk-frontend/repo
48b7db973b2834579de4da7a399d142c7be7a691,1751972128,22,package.json,npm@10.1.0,package.json,[],projects/govuk-frontend/repo
372a1879d6055bd8c978f0236f1cf73761954dd8,1751972129,22,package.json,npm@10.1.0,package.json,[],projects/govuk-frontend/repo
6d54a5f843c8e97c5dc58a79afa4628500d62dc6,1751972129,22,package.json,npm@10.1.0,package.json,[],projects/govuk-frontend/repo
159878039487e6bfffe852a42404178e33a92e49,1751974321,22,package.json,npm@10.1.0,package.json,[],projects/govuk-frontend/repo
ba1a7dd2960a147be4edada6ca985a60a94ed4af,1751974321,22,package.json,npm@10.1.0,package.json,[],projects/govuk-frontend/repo
262357db25242a4d0431923f43d3716f65581db5,1751977090,22,package.json,npm@10.1.0,package.json,[],projects/govuk-frontend/repo
7073f249d5110857fa9ace2bc2b7572f02f5e7fa,1751977091,22,package.json,npm@10.1.0,package.json,[],projects/govuk-frontend/repo
2e0cb051b1e7c8d06d83d36086e26983f59f145f,1751977091,22,package.json,npm@10.1.0,package.json,[],projects/govuk-frontend/repo
762d65eef7a2403f9c87d17ba623173643362e6d,1751977091,22,package.json,npm@10.1.0,package.json,[],projects/govuk-frontend/repo
ab4c3a4b2c7bd60a2f44b76b406db3b997167c44,1751977091,22,package.json,npm@10.1.0,package.json,[],projects/govuk-frontend/repo
6be84f9e9363a43530128dfacf976447df885dd2,1751977091,22,package.json,npm@10.1.0,package.json,[],projects/govuk-frontend/repo
56ace8d61b3586d971f9c1451d32b5bb482d1315,1751977091,22,package.json,npm@10.1.0,package.json,[],projects/govuk-frontend/repo
290dc5a39b0a996e9621f353ce7a3531b713ca4e,1751977409,22,package.json,npm@10.1.0,package.json,[],projects/govuk-frontend/repo
dc42a092e13adcbcc4ef9944359dc1acd004b57b,1751978288,22,package.json,npm@10.1.0,package.json,[],projects/govuk-frontend/repo
d7b8063c468b1176efaeb60fe3cf4e8173781a8e,1751978354,22,package.json,npm@10.1.0,package.json,[],projects/govuk-frontend/repo
49997ba86975525589ad3369711bda3543ccdf1f,1751978463,22,package.json,npm@10.1.0,package.json,[],projects/govuk-frontend/repo
a5ac8f8cdd29e288361528d436557523c6750dfb,1751978828,22,package.json,npm@10.1.0,package.json,[],projects/govuk-frontend/repo
8e61143d1e83032fedcf4e3d622542763bdfa011,1751979187,22,package.json,npm@10.1.0,package.json,[],projects/govuk-frontend/repo
3e70d9b4f2890cd1a2d27792ac8f92b145617980,1751979505,22,package.json,npm@10.1.0,package.json,[],projects/govuk-frontend/repo
a227f75a1ceb55263f11f24cf95a67bebb12646d,1751979591,22,package.json,npm@10.1.0,package.json,[],projects/govuk-frontend/repo
3515cb004287f13f6b5f062a74f24dcc36b91b6e,1751981887,22,package.json,npm@10.1.0,package.json,[],projects/govuk-frontend/repo
d59109ec2c5f446052e8cdb2827662ebde881ecc,1751982784,22,package.json,npm@10.1.0,package.json,[],projects/govuk-frontend/repo
6350d49205ef0d55d953090f825ac6deb858df75,1751982808,22,package.json,npm@10.1.0,package.json,[],projects/govuk-frontend/repo
da6e55271c4d4296020b85abf0695c9abc93d19d,1751985922,22,package.json,npm@10.1.0,package.json,[],projects/govuk-frontend/repo
c40bcbc189b861b59229e9a3d3328403eb891c2c,1751989495,22,package.json,npm@10.1.0,package.json,[],projects/govuk-frontend/repo
377d3bb2363aedac1117f33246b443a481575332,1751990539,22,package.json,npm@10.1.0,package.json,[],projects/govuk-frontend/repo
e2b2ecb0a1b2b2bc1cd5f05154b385c12d7c50bc,1751990716,22,package.json,npm@10.1.0,package.json,[],projects/govuk-frontend/repo
e3d4b3ff5b58846d7c3b02e556890513aea61ff6,1752050726,22,package.json,npm@10.1.0,package.json,[],projects/govuk-frontend/repo
92ca36ba740fc421b76e9ec92000c5701e2f20a4,1752050726,22,package.json,npm@10.1.0,package.json,[],projects/govuk-frontend/repo
914b9605cca3b3896d362652f5080e6a7b5d5faf,1752050726,22,package.json,npm@10.1.0,package.json,[],projects/govuk-frontend/repo
5de66bd1758d1b20a666d8aa2ad298aa8be8f6ba,1752050726,22,package.json,npm@10.1.0,package.json,[],projects/govuk-frontend/repo
bb542c58947afe664f6f5ae9062221653be40270,1752050726,22,package.json,npm@10.1.0,package.json,[],projects/govuk-frontend/repo
71ec8d5918b60a293d8d2aedf3f184b574565870,1752050726,22,package.json,npm@10.1.0,package.json,[],projects/govuk-frontend/repo
0f38dde8d8a3da43970328b7acfaa351dd98ba08,1752050726,22,package.json,npm@10.1.0,package.json,[],projects/govuk-frontend/repo
97fa53df1c4f6558f58b06797c56d72cb77eadd7,1752050726,22,package.json,npm@10.1.0,package.json,[],projects/govuk-frontend/repo
9bdb28ed318ccf3817c359ef7319633cbe682eb3,1752066288,22,package.json,npm@10.1.0,package.json,[],projects/govuk-frontend/repo
4a3ac31c43f75b032d8e7170ab8a4bc8a7298e70,1752158660,22,package.json,npm@10.1.0,package.json,[],projects/govuk-frontend/repo
0d90eb05399132088594caa4617c5b6a79c385bc,1752159162,22,package.json,npm@10.1.0,package.json,[],projects/govuk-frontend/repo
17aa1ba222d1877883ee17b28ece9f252b036c1f,1752159197,22,package.json,npm@10.1.0,package.json,[],projects/govuk-frontend/repo
45499f34b3ea678c5439a5f16ee62adbc8aab528,1752162575,22,package.json,npm@10.1.0,package.json,[],projects/govuk-frontend/repo
c424cf9dc736600bc1f90c25dee3d5f4cf39ef1c,1752481969,22,package.json,npm@10.1.0,package.json,[],projects/govuk-frontend/repo
bc76befd5dc513f349e3ff5b72ebcc060286a68b,1752482719,22,package.json,npm@10.1.0,package.json,[],projects/govuk-frontend/repo
273786a4fc4174520dc0d49f7a043f74042c4af2,1752483420,22,package.json,npm@10.1.0,package.json,[],projects/govuk-frontend/repo
ba9ee3c2d960b38dca8d7da00d227a64f57f444a,1752483420,22,package.json,npm@10.1.0,package.json,[],projects/govuk-frontend/repo
f4c19e6bbc197e49116ae0fe9f475dcef4d42584,1752483421,22,package.json,npm@10.1.0,package.json,[],projects/govuk-frontend/repo
c29a1192be8d82b2f0813f1586433b085dff3415,1752486825,22,package.json,npm@10.1.0,package.json,[],projects/govuk-frontend/repo
c061c181cc84f2ce937d46139a34b1c176cbc551,1752498406,22,package.json,npm@10.1.0,package.json,[],projects/govuk-frontend/repo
9e4f197fb32c2001dca32323217956749ca9a5ae,1752498816,22,package.json,npm@10.1.0,package.json,[],projects/govuk-frontend/repo
80e98cb305ce4d6f2591551c1954ace794cbd8d3,1752499764,22,package.json,npm@10.1.0,package.json,[],projects/govuk-frontend/repo
a842d6c6685ddf74778a82fbe3b2e345b5f8e2d4,1752500445,22,package.json,npm@10.1.0,package.json,[],projects/govuk-frontend/repo
15975e60fcd94afee5541c5a59c00054367336be,1752590394,22,package.json,npm@10.1.0,package.json,[],projects/govuk-frontend/repo
d3c3824d850e3695f38ca8c5ff509ecfbd311069,1752592772,22,package.json,npm@10.1.0,package.json,[],projects/govuk-frontend/repo
547b7168ce8de4ec04fd3500c0eb02ac09367945,1752593195,22,package.json,npm@10.1.0,package.json,[],projects/govuk-frontend/repo
64485e16ac673c43bfe06796c0598f7aaa14f29f,1752593196,22,package.json,npm@10.1.0,package.json,[],projects/govuk-frontend/repo
3657c441f67114d90d78dea20247e2d0e66313dc,1752593196,22,package.json,npm@10.1.0,package.json,[],projects/govuk-frontend/repo
1f8a5d975594933b3688092952b1e305dede1527,1752593330,22,package.json,npm@10.1.0,package.json,[],projects/govuk-frontend/repo
94a376ed0fc87685baec5aeccebbf8ea629c8686,1752593356,22,package.json,npm@10.1.0,package.json,[],projects/govuk-frontend/repo
45a8faa4c3764768b8b036424f60730109e9be65,1752665126,22,package.json,npm@10.1.0,package.json,[],projects/govuk-frontend/repo
c7bbe165f82f9cac09a74325712cf6fa59e6a1de,1752676204,22,package.json,npm@10.1.0,package.json,[],projects/govuk-frontend/repo
7187d056c93cd0adea8cdf5feaccb8c62c5287d5,1752676339,22,package.json,npm@10.1.0,package.json,[],projects/govuk-frontend/repo
d0444e27ee4300025e64150d0bbc0f0a8b286465,1752759539,22,package.json,npm@10.1.0,package.json,[],projects/govuk-frontend/repo
c8e6ad82f1546790c3a6d6cd26d15a9ac9a40c22,1752759695,22,package.json,npm@10.1.0,package.json,[],projects/govuk-frontend/repo
7339cb6b762d29472e124a986bfccbb31a4b8efd,1752761677,22,package.json,npm@10.1.0,package.json,[],projects/govuk-frontend/repo
3fb1cb09ce47589738699e0ec3cd71e253c3f9b7,1752761751,22,package.json,npm@10.1.0,package.json,[],projects/govuk-frontend/repo
f5ad9f5d2bfddb3d5565991c1f1a0c7565f4e3fc,1752762065,22,package.json,npm@10.1.0,package.json,[],projects/govuk-frontend/repo
d07ccecc7b308c074dd3f1212b93519ca740ae16,1752850563,22,package.json,npm@10.1.0,package.json,[],projects/govuk-frontend/repo
dde5d1c07e6ce107a3c8f27e24709959cfdf2783,1753114022,22,package.json,npm@10.1.0,package.json,[],projects/govuk-frontend/repo
d2715c2f22635e47634093a61d84c6d9e45d49b7,1753114037,22,package.json,npm@10.1.0,package.json,[],projects/govuk-frontend/repo
d3f024a43f3170585ca0f8c50d67c3301d401a91,1753178938,22,package.json,npm@10.5.0,package.json,[],projects/govuk-frontend/repo
a2c75df30d3ff6fae58f2e0405892e6044846745,1753179381,22,package.json,npm@10.5.0,package.json,[],projects/govuk-frontend/repo
921fae15c997222756f7841d6b2933ded882efff,1753179578,22,package.json,npm@10.5.0,package.json,[],projects/govuk-frontend/repo
05a2d1fd4b9033cd69374878091343e56d9ed4c4,1753179842,22,package.json,npm@10.5.0,package.json,[],projects/govuk-frontend/repo
1d471ccdbad1135fed6e714221e02825267c44c1,1753179914,22,package.json,npm@10.5.0,package.json,[],projects/govuk-frontend/repo
d51d018336ea937f650d6f0f29c97d55275abfb4,1753180235,22,package.json,npm@10.5.0,package.json,[],projects/govuk-frontend/repo
77f71d281bd7df21ab875d76736310ccd58a30a7,1753180269,22,package.json,npm@10.5.0,package.json,[],projects/govuk-frontend/repo
aeb7fa19bea3bfd5f4d0ef7fef6b00eca922b1ac,1753180287,22,package.json,npm@10.5.0,package.json,[],projects/govuk-frontend/repo
3dfa196e9d432c7a8e18ee6b041e190e3cadd589,1753180379,22,package.json,npm@10.5.0,package.json,[],projects/govuk-frontend/repo
c971a0762c400119d8b48ffa4b05b94b6595a405,1753180397,22,package.json,npm@10.5.0,package.json,[],projects/govuk-frontend/repo
7c40a73c41e6cd432ed88a9b463d1a106644fadc,1753201864,22,package.json,npm@10.5.0,package.json,[],projects/govuk-frontend/repo
5a08ec931fec3f37f38c42ea5e2993357bea1217,1753201929,22,package.json,npm@10.5.0,package.json,[],projects/govuk-frontend/repo
1b49fc914bfacb3694a9a346e3b20772a3c637f3,1753202185,22,package.json,npm@10.5.0,package.json,[],projects/govuk-frontend/repo
7497565387a3fb89dc8fce16c864fd90135cbd86,1753203195,22,package.json,npm@10.5.0,package.json,[],projects/govuk-frontend/repo
b5c7a3ca88ae01ea75216639e48807a51b7bebdb,1753203286,22,package.json,npm@10.5.0,package.json,[],projects/govuk-frontend/repo
4b6b5370df15f2d37ac5bd76275bc0d9adbb918e,1753203287,22,package.json,npm@10.5.0,package.json,[],projects/govuk-frontend/repo
9a0162409b250d11c37a576fe9a1fc33b2183333,1753203387,22,package.json,npm@10.5.0,package.json,[],projects/govuk-frontend/repo
0d548d88dc41b880a41cbd00d15a937927734383,1753255379,22,package.json,npm@10.5.0,package.json,[],projects/govuk-frontend/repo
eeda36a009e366ac59042a42f18bf6e7d5f2add3,1753261100,22,package.json,npm@10.5.0,package.json,[],projects/govuk-frontend/repo
ae2c4c2644f7837c5cf9db1fbe1429fc956f6c62,1753262178,22,package.json,npm@10.5.0,package.json,[],projects/govuk-frontend/repo
812b8f913ed3954d741d78d4c6cee7b406b0d80f,1753262282,22,package.json,npm@10.5.0,package.json,[],projects/govuk-frontend/repo
6638544819fd311d8bb0b8552bc901410379a735,1753262348,22,package.json,npm@10.5.0,package.json,[],projects/govuk-frontend/repo
741ee6427d7b9aa5b9699ff7256753c0d73bfd5f,1753262634,22,package.json,npm@10.5.0,package.json,[],projects/govuk-frontend/repo
04f54cf03fcdb96017e464a6c9e9bbf70f718a02,1753284620,22,package.json,npm@10.5.0,package.json,[],projects/govuk-frontend/repo
27668ba3be8df2f4a1d3593791721265647d97b1,1753284620,22,package.json,npm@10.5.0,package.json,[],projects/govuk-frontend/repo
dc0e753222f723aadbd1a6f612aed91f4015a928,1753284621,22,package.json,npm@10.5.0,package.json,[],projects/govuk-frontend/repo
c245801d916b197ab308f08568244ef00ed5df42,1753286112,22,package.json,npm@10.5.0,package.json,[],projects/govuk-frontend/repo
bdce7c26b2e106cc5de648925bd810d83f3a6c4f,1753286796,22,package.json,npm@10.5.0,package.json,[],projects/govuk-frontend/repo
69f63f5b549d69020ada62f7ded9b82a11c1c998,1753286796,22,package.json,npm@10.5.0,package.json,[],projects/govuk-frontend/repo
31662027cebc5f7a47d746ba52ebdb8a7329e25c,1753286796,22,package.json,npm@10.5.0,package.json,[],projects/govuk-frontend/repo
53895d694a553f1df72b96b2c5f36feb499b02f7,1753286797,22,package.json,npm@10.5.0,package.json,[],projects/govuk-frontend/repo
39240ac4bc58954334366478ec63993c9951f77f,1753286797,22,package.json,npm@10.5.0,package.json,[],projects/govuk-frontend/repo
f9fcdf53f2ccd0ec5707fccefd94b9e658a1bdac,1753287195,22,package.json,npm@10.5.0,package.json,[],projects/govuk-frontend/repo
099df17d930daa20797671229e4ccbcecb5c1280,1753304894,22,package.json,npm@10.5.0,package.json,[],projects/govuk-frontend/repo
795f1fee5037d00ad1aaf3397e5cfda69af0b1d3,1753304998,22,package.json,npm@10.5.0,package.json,[],projects/govuk-frontend/repo
45d070955b6fadaf280f9c17f1bcce634099e5f1,1753344651,22,package.json,npm@10.5.0,package.json,[],projects/govuk-frontend/repo
20be233aa2b703b41caf282a3a56e93f087f882e,1753344651,22,package.json,npm@10.5.0,package.json,[],projects/govuk-frontend/repo
154609899d8635654b26bc19ed52e6109f165661,1753345202,22,package.json,npm@10.5.0,package.json,[],projects/govuk-frontend/repo
ad961c879632e8f4d348f71a3ca5f6bd1996d0d4,1753345637,22,package.json,npm@10.5.0,package.json,[],projects/govuk-frontend/repo
d66f9be69acf5dead2d8e0d600eb8bb6758eedfe,1753359627,22,package.json,npm@10.5.0,package.json,[],projects/govuk-frontend/repo
df44008c3f371f0dce820fd7bd44e7df92608e9a,1753361764,22,package.json,npm@10.5.0,package.json,[],projects/govuk-frontend/repo
559b71849ade8f29cbe6e503516f9ce6c05a70fc,1753362150,22,package.json,npm@10.5.0,package.json,[],projects/govuk-frontend/repo
481fe344f2d58c37e07abf82243ab558664cfaed,1753364065,22,package.json,npm@10.5.0,package.json,[],projects/govuk-frontend/repo
bdd1637881bd615e254402805e0f48436c1bf362,1753364118,22,package.json,npm@10.5.0,package.json,[],projects/govuk-frontend/repo
df904fe8d9fd1ae2f949c46d984fd4a423848624,1753364478,22,package.json,npm@10.5.0,package.json,[],projects/govuk-frontend/repo
e4ae052167685ca4a39e88fa4929632d27b8485d,1753364518,22,package.json,npm@10.5.0,package.json,[],projects/govuk-frontend/repo
5a6c70b0d69a250727ce5d4d3a74b1a36fb9110b,1753364553,22,package.json,npm@10.5.0,package.json,[],projects/govuk-frontend/repo
3f6ac60433fde3753956d72c50a57814eec6f3e6,1753364576,22,package.json,npm@10.5.0,package.json,[],projects/govuk-frontend/repo
18abc3206c6e31ce12a289569c40389f57bd5410,1753364991,22,package.json,npm@10.5.0,package.json,[],projects/govuk-frontend/repo
6bf29c90a23088adc4ea15e70f3caa01e65cdfe0,1753365662,22,package.json,npm@10.5.0,package.json,[],projects/govuk-frontend/repo
86e4b47ff4054f214fe288623fe41dae2209452a,1753371196,22,package.json,npm@10.5.0,package.json,[],projects/govuk-frontend/repo
744f41b1b7754e180f184f74351bec2977d42ef2,1753371968,22,package.json,npm@10.5.0,package.json,[],projects/govuk-frontend/repo
1c94cf427dc0b56107cefa0f9330f8e1494a9784,1753462402,22,package.json,npm@10.5.0,package.json,[],projects/govuk-frontend/repo
cee30e158fde1b106a4bdab774fe51d04999ab75,1753462955,22,package.json,npm@10.5.0,package.json,[],projects/govuk-frontend/repo
e7032b298e5c33d5fb34b9812dd7bf923e1cc84a,1753463153,22,package.json,npm@10.5.0,package.json,[],projects/govuk-frontend/repo
64d8e81ee51f428d5c56913023b2f6eb7ab0a843,1753487841,22,package.json,npm@10.5.0,package.json,[],projects/govuk-frontend/repo
1f58092fba950fb1a0a42a947c6885773b53508c,1753489068,22,package.json,npm@10.5.0,package.json,[],projects/govuk-frontend/repo
6961e225d131da22c062a8dabcf30510653d218c,1753690791,22,package.json,npm@10.5.0,package.json,[],projects/govuk-frontend/repo
3efa8555e75bf5aeb4e30bd4146ad3dc46e67bac,1753691407,22,package.json,npm@10.5.0,package.json,[],projects/govuk-frontend/repo
a5bf5b907031e5db13a7cd84bb039ad9c131324c,1753691898,22,package.json,npm@10.5.0,package.json,[],projects/govuk-frontend/repo
ff051f17a20cee234d6bebab1b2aa84dfbcfc075,1753692056,22,package.json,npm@10.5.0,package.json,[],projects/govuk-frontend/repo
7fe00eeae2fb4cc6d01f55e3d793617795a67059,1753694667,22,package.json,npm@10.5.0,package.json,[],projects/govuk-frontend/repo
529a0b47b7ca7fae2aa84cc9655b48b10e705c87,1754041469,22,package.json,npm@10.5.0,package.json,[],projects/govuk-frontend/repo
9fde40c332acbd3e2eabf7f81ddd8c1bae6c7cdc,1754042460,22,package.json,npm@10.5.0,package.json,[],projects/govuk-frontend/repo
982701a9d50677397ccc102329f478ac71648c21,1754042482,22,package.json,npm@10.5.0,package.json,[],projects/govuk-frontend/repo
6e3a6db7318d61df757c60f072622be6c0f1f397,1754042504,22,package.json,npm@10.5.0,package.json,[],projects/govuk-frontend/repo
f2bcb071645ade934ad62fca290d85a48394bb4b,1754042544,22,package.json,npm@10.5.0,package.json,[],projects/govuk-frontend/repo
9fc41db930a5b2f03b5cca60fae5b60d5f2efe2c,1754042566,22,package.json,npm@10.5.0,package.json,[],projects/govuk-frontend/repo
f4f53180d2b9c761c994f0b302f3955f17e30260,1754042576,22,package.json,npm@10.5.0,package.json,[],projects/govuk-frontend/repo
ff7355fbf1b251666c4fe1e02079d7d74bbe405a,1754042609,22,package.json,npm@10.5.0,package.json,[],projects/govuk-frontend/repo
f170943f4e82f02ec0c79d3a47af9a9966ea37d6,1754042617,22,package.json,npm@10.5.0,package.json,[],projects/govuk-frontend/repo
441c8b8247428a6844f544fcb83b3d8f1e9d7107,1754042631,22,package.json,npm@10.5.0,package.json,[],projects/govuk-frontend/repo
ab939bf7b0ae929325f5c3771e7918d1f8ce0213,1754053546,22,package.json,npm@10.5.0,package.json,[],projects/govuk-frontend/repo
51e928f275b879ae3fe8c79297a734101ec65c22,1754053562,22,package.json,npm@10.5.0,package.json,[],projects/govuk-frontend/repo
30ff0b0e52fa085dca94e1c865704cc1bb6ac897,1754053683,22,package.json,npm@10.5.0,package.json,[],projects/govuk-frontend/repo
6793909bba308d93d792d8b24ec466487e37fef2,1754053698,22,package.json,npm@10.5.0,package.json,[],projects/govuk-frontend/repo
cb2e5618a24eeaf4742f4c7ed89caaa60ba8ea55,1754306306,22,package.json,npm@10.5.0,package.json,[],projects/govuk-frontend/repo
fb9f73f86f9efdc672647f12fe24be4d9fe91a4b,1754306319,22,package.json,npm@10.5.0,package.json,[],projects/govuk-frontend/repo
1a9e07d6d8fe6ef21c7506422dd1206452960937,1754306336,22,package.json,npm@10.5.0,package.json,[],projects/govuk-frontend/repo
a89d4463a2a0580c29d8018b3bdf9f522c80fc2f,1754306409,22,package.json,npm@10.5.0,package.json,[],projects/govuk-frontend/repo
93ffb322df0920bb15469c2d826fb145b3af2f21,1754306443,22,package.json,npm@10.5.0,package.json,[],projects/govuk-frontend/repo
aabbca39eb455233b8946df696d068dc2e11b563,1754306454,22,package.json,npm@10.5.0,package.json,[],projects/govuk-frontend/repo
943a16afc5f4fbc96a764e33c4a156b75f9393d4,1754306481,22,package.json,npm@10.5.0,package.json,[],projects/govuk-frontend/repo
5856a5a6581483e74bd969d6905faaecd8e52db9,1754306484,22,package.json,npm@10.5.0,package.json,[],projects/govuk-frontend/repo
8d07311fab3aae1ff7e353321988ddc0be4f02d6,1754306520,22,package.json,npm@10.5.0,package.json,[],projects/govuk-frontend/repo
acc79b592bc5897613aa6cbf6b64eae70d016ddd,1754306626,22,package.json,npm@10.5.0,package.json,[],projects/govuk-frontend/repo
0aca610585e1bbda5c18b474ee89d9c45a51f6d1,1754307078,22,package.json,npm@10.5.0,package.json,[],projects/govuk-frontend/repo
ce3f3cb82bc0bdf43d131f0c672af122fad0f648,1754311360,22,package.json,npm@10.5.0,package.json,[],projects/govuk-frontend/repo
0c335e6d1553a57184c56845eb6d930f91153ebb,1754313246,22,package.json,npm@10.5.0,package.json,[],projects/govuk-frontend/repo
c6a07d19e520655bafd49be4f70b4918e884ba73,1754315306,22,package.json,npm@10.5.0,package.json,[],projects/govuk-frontend/repo
69d29f24b19db2ae2dc4a6d41113ce1c7a6b6cd1,1754316036,22,package.json,npm@10.5.0,package.json,[],projects/govuk-frontend/repo
cd4c77094b39d177b2ee18100e6c6993da945a86,1754383743,22,package.json,npm@10.5.0,package.json,[],projects/govuk-frontend/repo
9cb52c34c13ca2d8068fd711451a49187f7a8f8c,1754383799,22,package.json,npm@10.5.0,package.json,[],projects/govuk-frontend/repo
0a61fc1a4290893dfe48f107e06a1208a89e1633,1754383834,22,package.json,npm@10.5.0,package.json,[],projects/govuk-frontend/repo
d851f97e507581076cca14dda9bc3f1474b5d5c0,1754383857,22,package.json,npm@10.5.0,package.json,[],projects/govuk-frontend/repo
4ca4360ed99ab565381b851fa089d5ff4770d4b2,1754383901,22,package.json,npm@10.5.0,package.json,[],projects/govuk-frontend/repo
b9ab260c56942fa6e6fe67f0d59b00fce8a43ba4,1754410963,22,package.json,npm@10.5.0,package.json,[],projects/govuk-frontend/repo
bdd1d2d634e4b95ae1476377e7abb5857fb65f4c,1754411127,22,package.json,npm@10.5.0,package.json,[],projects/govuk-frontend/repo
23f43e339c1ffd56221bfeacf6ddb09fec1495e4,1754411259,22,package.json,npm@10.5.0,package.json,[],projects/govuk-frontend/repo
92b0e44a84750237e8e9117bf061822a746c1c4b,1754411682,22,package.json,npm@10.5.0,package.json,[],projects/govuk-frontend/repo
534ddc4bdeaf34b51b1928c0f6183ed86afb09b8,1754412049,22,package.json,npm@10.5.0,package.json,[],projects/govuk-frontend/repo
d0804a5d84aa4f24a07ec1d9937dbcd5c8c5364a,1754412257,22,package.json,npm@10.5.0,package.json,[],projects/govuk-frontend/repo
5724deba066e59d3887f89c369e9937ec90f40a5,1754412521,22,package.json,npm@10.5.0,package.json,[],projects/govuk-frontend/repo
2ad783c6a0fc0dc3d1ac2d5fb248262fea775dd7,1754412740,22,package.json,npm@10.5.0,package.json,[],projects/govuk-frontend/repo
f8dbe176971a84852f02c5d14cf11e7c56da409f,1754414175,22,package.json,npm@10.5.0,package.json,[],projects/govuk-frontend/repo
af66908cb9bd653ddbaa6074177be30f4562cf42,1754474315,22,package.json,npm@10.5.0,package.json,[],projects/govuk-frontend/repo
83651481f224a88ddf0afe125147240e89eb3ad9,1754496693,22,package.json,npm@10.5.0,package.json,[],projects/govuk-frontend/repo
6f68749ecb723d30f7eea7597bd76d4bd4b2188e,1754496791,22,package.json,npm@10.5.0,package.json,[],projects/govuk-frontend/repo
14366fd816136ec0a425e0a807ae114b2781edbc,1754496927,22,package.json,npm@10.5.0,package.json,[],projects/govuk-frontend/repo
3f785f7021296843e8bd0a30bdf58bc26df85b19,1754497130,22,package.json,npm@10.5.0,package.json,[],projects/govuk-frontend/repo
82980fe5d9fc50c31cc60a7df1f32932e96d07f2,1754654566,22,package.json,npm@10.5.0,package.json,[],projects/govuk-frontend/repo
a08db305f1aaf0ef7aa51f9d5375fea53b93abc5,1754920600,22,package.json,npm@10.5.0,package.json,[],projects/govuk-frontend/repo
8e6bb248096797cd64b28760cfb10e9054da8d98,1755275238,22,package.json,npm@10.5.0,package.json,[],projects/govuk-frontend/repo
daf81f5ad32f561bab430780b7ad9f682865dd85,1755591949,22,package.json,npm@10.5.0,package.json,[],projects/govuk-frontend/repo
d0364677e0620236f7f41b005b0310e0d4130c14,1755591950,22,package.json,npm@10.5.0,package.json,[],projects/govuk-frontend/repo
1c50e89d2abf070d3bf0308808de09ea03859c17,1755591950,22,package.json,npm@10.5.0,package.json,[],projects/govuk-frontend/repo
99f5d5674c6b7ad616e6384deb4dde6bedf68417,1755591950,22,package.json,npm@10.5.0,package.json,[],projects/govuk-frontend/repo
f80a556248bf279e949ef4ea219d21ff6384a535,1755591950,22,package.json,npm@10.5.0,package.json,[],projects/govuk-frontend/repo
b17c2d99e7b3d165443a1d4e09b95f84da72c674,1755591950,22,package.json,npm@10.5.0,package.json,[],projects/govuk-frontend/repo
9b68edb4e5e7828adf954afd255e4558614571c5,1755591950,22,package.json,npm@10.5.0,package.json,[],projects/govuk-frontend/repo
88f8b7a1780caf63e0d9fb43c46cefeba928017e,1755593362,22,package.json,npm@10.5.0,package.json,[],projects/govuk-frontend/repo
d0aacc9e412cd6c27470d75589e839f25a96787c,1755596550,22,package.json,npm@10.5.0,package.json,[],projects/govuk-frontend/repo
f3a2c3dfef4ad7e69bdb9f79c478e1f7e28ff142,1755596682,22,package.json,npm@10.5.0,package.json,[],projects/govuk-frontend/repo
f83343c1b11304a72a9bc198a2fc49b116a9b5a2,1755596696,22,package.json,npm@10.5.0,package.json,[],projects/govuk-frontend/repo
2e447bb8d78751225503016a6964ae7d97150f2e,1755596696,22,package.json,npm@10.5.0,package.json,[],projects/govuk-frontend/repo
62c2432132cb0588c86824eeefaf100b97d55813,1755596696,22,package.json,npm@10.5.0,package.json,[],projects/govuk-frontend/repo
007a56572346ace45b9cf78c039b5025ff74ee0b,1755596696,22,package.json,npm@10.5.0,package.json,[],projects/govuk-frontend/repo
577be397815e2c2ebd35a2267ee476eab19e929c,1755596696,22,package.json,npm@10.5.0,package.json,[],projects/govuk-frontend/repo
bb82cda50db3fc0a6d2bb9c7c91ef610eb134c2d,1755596696,22,package.json,npm@10.5.0,package.json,[],projects/govuk-frontend/repo
4c75dad3a5be1b17437d71adff2804e0ca43732d,1755596696,22,package.json,npm@10.5.0,package.json,[],projects/govuk-frontend/repo
a5504be75e95e99c130531d937a65fae38ddf34f,1755596696,22,package.json,npm@10.5.0,package.json,[],projects/govuk-frontend/repo
1c6977134fb7733b816a4ba91024d340d7779445,1755596696,22,package.json,npm@10.5.0,package.json,[],projects/govuk-frontend/repo
efe3fa3a97923b49c0284c7465a7abdacaf37533,1755596697,22,package.json,npm@10.5.0,package.json,[],projects/govuk-frontend/repo
0b4588b28b667495bbe682a4eff53a6ff8bb3743,1755596697,22,package.json,npm@10.5.0,package.json,[],projects/govuk-frontend/repo
dcd833a3b551863865dae272ae718db7877d8598,1755596697,22,package.json,npm@10.5.0,package.json,[],projects/govuk-frontend/repo
0715805d5e739bee010609e4e1ede6265c4f8fc1,1755596697,22,package.json,npm@10.5.0,package.json,[],projects/govuk-frontend/repo
02ee299ff44c62e2d05c1fa9c814a15e4201ab6c,1755613670,22,package.json,npm@10.5.0,package.json,[],projects/govuk-frontend/repo
43ade0c12e8c63ff566d3ebc61a004c592c737e1,1755672786,22,package.json,npm@10.5.0,package.json,[],projects/govuk-frontend/repo
617462b9648edfc66de3e897b3bd9dad2fe08a2c,1755673491,22,package.json,npm@10.5.0,package.json,[],projects/govuk-frontend/repo
c61c7d7538ce028d6d3e34b2e64d9d58c5e22e19,1755679761,22,package.json,npm@10.5.0,package.json,[],projects/govuk-frontend/repo
b73309046022efa3c441b4883ce6997e9aac30c7,1755792238,22,package.json,npm@10.5.0,package.json,[],projects/govuk-frontend/repo
8e8891800fbcb6df7ed9846c24bd1964085cca6e,1755792284,22,package.json,npm@10.5.0,package.json,[],projects/govuk-frontend/repo
00c8d94bad2f1370c1b019208f537405b3cfa1f0,1755792902,22,package.json,npm@10.5.0,package.json,[],projects/govuk-frontend/repo
18b53e076537e433106c5412b5a4194c44284511,1755793866,22,package.json,npm@10.5.0,package.json,[],projects/govuk-frontend/repo
2b81a5a8575e07923910b7a42b9844c74f8075e4,1755850371,22,package.json,npm@10.5.0,package.json,[],projects/govuk-frontend/repo
4e655b17f0aafb24bbb90724a3644b96ce229091,1755870183,22,package.json,npm@10.5.0,package.json,[],projects/govuk-frontend/repo
a340be6a958513dec1d5d45c9bb276ac4e66f410,1755871000,22,package.json,npm@10.5.0,package.json,[],projects/govuk-frontend/repo
d45ec144c5ef86b9122dc0078be94695d0609370,1755875736,22,package.json,npm@10.5.0,package.json,[],projects/govuk-frontend/repo
7c678bb54c16fda238c842d356276ffcd05da426,1756197686,22,package.json,npm@10.5.0,package.json,[],projects/govuk-frontend/repo
ccf5ae39d5ca46414c0a2dcf37808f379e7f2a14,1756197686,22,package.json,npm@10.5.0,package.json,[],projects/govuk-frontend/repo
f10a77321025aa7fd8a4b9ac93fd80ba22ccc6b0,1756197929,22,package.json,npm@10.5.0,package.json,[],projects/govuk-frontend/repo
42bdcf33c58cafa6c434a75a08bbe995fd54c05e,1756197931,22,package.json,npm@10.5.0,package.json,[],projects/govuk-frontend/repo
e4c8939518cf35f3e9ebe12c249d3b18f16375ca,1756198532,22,package.json,npm@10.5.0,package.json,[],projects/govuk-frontend/repo
7586e388a70bfd36f384a4105cda60c4eed61a97,1756199344,22,package.json,npm@10.5.0,package.json,[],projects/govuk-frontend/repo
1087315efe859ef9809b454136fd41005e7bef39,1756224920,22,package.json,npm@10.5.0,package.json,[],projects/govuk-frontend/repo
a781c134e51dd5b022dda6c54a6b8fc38ec9b7a5,1756225128,22,package.json,npm@10.5.0,package.json,[],projects/govuk-frontend/repo
2f9280e5a677b57315d53aaffb124a4f2959aabc,1756394161,22,package.json,npm@10.5.0,package.json,[],projects/govuk-frontend/repo
8aaa35c8acbf9394821aa63e2f874848b9538e0b,1756394686,22,package.json,npm@10.5.0,package.json,[],projects/govuk-frontend/repo
8109067d468196d6a5301952b8d1a8123c6c5a72,1756740158,22,package.json,npm@10.5.0,package.json,[],projects/govuk-frontend/repo
e88169395209c1a5939ae0afd7fc3cf7b0e87ac8,1756740623,22,package.json,npm@10.5.0,package.json,[],projects/govuk-frontend/repo
57fbb3fca55d4a4a58330e5719ba18477b7d6625,1756740694,22,package.json,npm@10.5.0,package.json,[],projects/govuk-frontend/repo
6cb4a549cc61836211cc6735dad8836d5311b341,1756740746,22,package.json,npm@10.5.0,package.json,[],projects/govuk-frontend/repo
87c7f64660411036e28a1c484f6dd1394e2a5746,1756740762,22,package.json,npm@10.5.0,package.json,[],projects/govuk-frontend/repo
56393162f99141123d4a5cc287704bad751e87c2,1756740786,22,package.json,npm@10.5.0,package.json,[],projects/govuk-frontend/repo
3a51246edbc14a889a76245a5f80ca1717afcbf6,1756740808,22,package.json,npm@10.5.0,package.json,[],projects/govuk-frontend/repo
4b396da84738ae9ba89a6f0c7fb7b4eb5a67d3e8,1756741040,22,package.json,npm@10.5.0,package.json,[],projects/govuk-frontend/repo
ff1b1ffcaca20984f94101c2f43565d47fca7dc3,1756741213,22,package.json,npm@10.5.0,package.json,[],projects/govuk-frontend/repo
ecda523f3dafa16e80a7681e48a55522afa36601,1756741276,22,package.json,npm@10.5.0,package.json,[],projects/govuk-frontend/repo
9059f6db28b66f3c044985b67a95dc00bf7f7c86,1756741294,22,package.json,npm@10.5.0,package.json,[],projects/govuk-frontend/repo
6161413830623ab4fc08b4c7539e7eadd598ea2c,1756741340,22,package.json,npm@10.5.0,package.json,[],projects/govuk-frontend/repo
0998895ad5d152056b54aa2886afe2b0246b6c0c,1756741378,22,package.json,npm@10.5.0,package.json,[],projects/govuk-frontend/repo
6bb381125d54a23e1347cb9a1b88c297d56891b4,1756741443,22,package.json,npm@10.5.0,package.json,[],projects/govuk-frontend/repo
fb09025fdeed53c0c03d171e3bb404676781b617,1756741455,22,package.json,npm@10.5.0,package.json,[],projects/govuk-frontend/repo
ebde24667d7c47126c6a1f89090a39d6b84bebc4,1756741467,22,package.json,npm@10.5.0,package.json,[],projects/govuk-frontend/repo
12c1a440213715b29ae5ec68855c68fcec5a03f0,1756741686,22,package.json,npm@10.5.0,package.json,[],projects/govuk-frontend/repo
3bf905072a2c88352479859606b9a949b3b336ec,1756741894,22,package.json,npm@10.5.0,package.json,[],projects/govuk-frontend/repo
c01f191a00f2c068ced77d0a92d7c0a0516a3d61,1756799990,22,package.json,npm@10.5.0,package.json,[],projects/govuk-frontend/repo
5ba58673f4fc92414841dd7e230f28f804c74e7e,1756800040,22,package.json,npm@10.5.0,package.json,[],projects/govuk-frontend/repo
9e73fca2349b8a7288e65cc70fc75442221f9b4d,1756800192,22,package.json,npm@10.5.0,package.json,[],projects/govuk-frontend/repo
547c369b1064e8441d5ead8408f31288aa5626f1,1756808604,22,package.json,npm@10.5.0,package.json,[],projects/govuk-frontend/repo
b4bc503df765f5218e1be8806fc1180245b674da,1756808988,22,package.json,npm@10.5.0,package.json,[],projects/govuk-frontend/repo
02f3950f2ef66c037eb3df6651a397df8953e531,1756809127,22,package.json,npm@10.5.0,package.json,[],projects/govuk-frontend/repo
32d6b165dea07234f31f3c603bf3f113febfb284,1756983289,22,package.json,npm@10.5.0,package.json,[],projects/govuk-frontend/repo
d1e3701ae8f292877678d8bf25947e8d08f6c467,1756987653,22,package.json,npm@10.5.0,package.json,[],projects/govuk-frontend/repo
cded87a6ccaa092b346c5b604775005bdd22a29f,1756991254,22,package.json,npm@10.5.0,package.json,[],projects/govuk-frontend/repo
32042c0a9e1075d86e769c7bbe23f02fa3d5b470,1756996166,22,package.json,npm@10.5.0,package.json,[],projects/govuk-frontend/repo
11aa7e332007e8188ce6f3dbd0a0677ba5d7de19,1756996695,22,package.json,npm@10.5.0,package.json,[],projects/govuk-frontend/repo
c7d14b3092a28a0dc2f16a6eac4d4bbff8eba101,1756999285,22,package.json,npm@10.5.0,package.json,[],projects/govuk-frontend/repo
a75c7d74aa79fddc279a4e24c57d378a77c36bfb,1757322853,22,package.json,npm@10.5.0,package.json,[],projects/govuk-frontend/repo
d9b00d1593e2b29b182e8fb1002fe149f415b3ae,1757323232,22,package.json,npm@10.5.0,package.json,[],projects/govuk-frontend/repo
69b3a9ae15c1edee64006c8c86ad5d363b086fb7,1757324558,22,package.json,npm@10.5.0,package.json,[],projects/govuk-frontend/repo
610ce56e3994340d594be0112d8286188f94e148,1757325062,22,package.json,npm@10.5.0,package.json,[],projects/govuk-frontend/repo
08b8d15df57a98738a003fa926c04c407e5ac3c7,1757326222,22,package.json,npm@10.5.0,package.json,[],projects/govuk-frontend/repo
447f7170187b712f58991a872c952afda80353b9,1757329376,22,package.json,npm@10.5.0,package.json,[],projects/govuk-frontend/repo
347678a55040ba55289382411b066b63efada6a7,1757338754,22,package.json,npm@10.5.0,package.json,[],projects/govuk-frontend/repo
cac180dd0342ec2e14ba16a6b271bf6c6a79b43e,1757339005,22,package.json,npm@10.5.0,package.json,[],projects/govuk-frontend/repo
f110a5e666f480fe4bce2a13255907f8c3af75d3,1757339489,22,package.json,npm@10.5.0,package.json,[],projects/govuk-frontend/repo
6f4f20ceb97a85bb71f074426cf2d7b59e7afe43,1757339489,22,package.json,npm@10.5.0,package.json,[],projects/govuk-frontend/repo
31bca6aeb67feb7d2006c2552a13e33fb72479e3,1757339489,22,package.json,npm@10.5.0,package.json,[],projects/govuk-frontend/repo
1a7479a0b30263d2c5c3e9f6f2cfee6f4deea380,1757350876,22,package.json,npm@10.5.0,package.json,[],projects/govuk-frontend/repo
d03923d9c5f4031d348997e98743c5b64404353e,1757453376,22,package.json,npm@10.5.0,package.json,[],projects/govuk-frontend/repo
a774c453c6ba3ba4ff09382ab55a1a93beb5ea30,1757489847,22,package.json,npm@10.5.0,package.json,[],projects/govuk-frontend/repo
df894266bd9785209bd3d2cad60b10ee13e5bf51,1757598446,22,package.json,npm@10.5.0,package.json,[],projects/govuk-frontend/repo
16e9e1a13ce22784f8eb6d8a9c06739829b9d74a,1757600705,22,package.json,npm@10.5.0,package.json,[],projects/govuk-frontend/repo
e639dda7c6c2bb59ef1948150362292884f7cb0e,1757601921,22,package.json,npm@10.5.0,package.json,[],projects/govuk-frontend/repo
723a2159c9b14319e23e60f876b603af758f3f50,1757953182,22,package.json,npm@10.5.0,package.json,[],projects/govuk-frontend/repo
c310e16af22401cb31fead4bcb95ad452b831a8c,1757953351,22,package.json,npm@10.5.0,package.json,[],projects/govuk-frontend/repo
9f7e03ef2482a08d8958ab569b644798ae6f6f7d,1758009386,22,package.json,npm@10.5.0,package.json,[],projects/govuk-frontend/repo
5204a3cc882e8c8e2db4a20e71b3288af538088c,1758098548,22,package.json,npm@10.5.0,package.json,[],projects/govuk-frontend/repo
6c0236afec24b5f59ff5c21807253b3019001ac6,1758099051,22,package.json,npm@10.5.0,package.json,[],projects/govuk-frontend/repo
11efb6fb566322866b13572934e4662c02b55d17,1758099558,22,package.json,npm@10.5.0,package.json,[],projects/govuk-frontend/repo
ae3e29a83c02a41001e95e431f13002b4cecbf57,1758116920,22,package.json,npm@10.5.0,package.json,[],projects/govuk-frontend/repo
bb53abd0167721537628204ff51fd194cda165ef,1758124403,22,package.json,npm@10.5.0,package.json,[],projects/govuk-frontend/repo
075718053e81f6095fd30d62a70ca737e5c3c144,1758125587,22,package.json,npm@10.5.0,package.json,[],projects/govuk-frontend/repo
58bf10945d5afd3866d62dc59803261387c903ee,1758213616,22,package.json,npm@10.5.0,package.json,[],projects/govuk-frontend/repo
2bb9d24f59c96abf0cc0f12876604383ac733555,1758294798,22,package.json,npm@10.5.0,package.json,[],projects/govuk-frontend/repo
78881bc59d69efa7b6478bfbb7998eb8504f1cdd,1758526937,22,package.json,npm@10.5.0,package.json,[],projects/govuk-frontend/repo
1a7af17a2109c101bf807b1eb57f0181851914d4,1758527321,22,package.json,npm@10.5.0,package.json,[],projects/govuk-frontend/repo
8a63af51dfb53988d0b3799a3f582eba74d5699a,1758529982,22,package.json,npm@10.5.0,package.json,[],projects/govuk-frontend/repo
0c792d91a0e2b265df886f61c5fab2c5fb62512e,1758530119,22,package.json,npm@10.5.0,package.json,[],projects/govuk-frontend/repo
987b99ce6f471a093effe09e9e9e9cad4c1eccc9,1758530497,22,package.json,npm@10.5.0,package.json,[],projects/govuk-frontend/repo
bee3a731f49778cead83a30cd5b39b518d327473,1758532020,22,package.json,npm@10.5.0,package.json,[],projects/govuk-frontend/repo
585ac256362bab74ff8da512daa7b24f8792e055,1758543421,22,package.json,npm@10.5.0,package.json,[],projects/govuk-frontend/repo
68326148c31c567ff51fb86c70dd29e7fcac3cca,1758547435,22,package.json,npm@10.5.0,package.json,[],projects/govuk-frontend/repo
7767738ae103f6183ae7c3f418b7720cfb42277e,1758547651,22,package.json,npm@10.5.0,package.json,[],projects/govuk-frontend/repo
43b996b5c192193b6fbf8cfdaeaef3a14c73cabc,1758550119,22,package.json,npm@10.5.0,package.json,[],projects/govuk-frontend/repo
d640f4f63b91fc1c9a6cf4f033fe31382b3adbd6,1758702754,22,package.json,npm@10.5.0,package.json,[],projects/govuk-frontend/repo
f8b3189534dbcf4a26264355c7f3ec0a675d21b2,1758747001,22,package.json,npm@10.5.0,package.json,[],projects/govuk-frontend/repo
bd2e46d839ff49da185a9b6764e8262556f28980,1758791570,22,package.json,npm@10.5.0,package.json,[],projects/govuk-frontend/repo
cf1d2c0bc8b8f8a9e3484561c37de4f389fa763e,1759126890,22,package.json,npm@10.5.0,package.json,[],projects/govuk-frontend/repo
4a5f7edabd46cf66cffe351319e4b24d589bf223,1759158962,22,package.json,npm@10.5.0,package.json,[],projects/govuk-frontend/repo
36b29fa5942efbc7f17fdb71951d99ce59ba8a13,1759225595,22,package.json,npm@10.5.0,package.json,[],projects/govuk-frontend/repo
7ac9630f7fe8bd29ba1af273fe06ace82abd2db0,1759309300,22,package.json,npm@10.5.0,package.json,[],projects/govuk-frontend/repo
79d00cc5d27cc33998e765e013421c6fe6acb224,1759309360,22,package.json,npm@10.5.0,package.json,[],projects/govuk-frontend/repo
c4b3c3a7c9aed7fe842b30b078fae931f098dcb1,1759309374,22,package.json,npm@10.5.0,package.json,[],projects/govuk-frontend/repo
315f788c903628e5867a7ee93998f1952c8284c8,1759309430,22,package.json,npm@10.5.0,package.json,[],projects/govuk-frontend/repo
265bad40bd2edf77f7d45e18c97cee65dd0d38b6,1759309540,22,package.json,npm@10.5.0,package.json,[],projects/govuk-frontend/repo
a00dc564d03fda8dbca27e5523c05fe09be727a2,1759309558,22,package.json,npm@10.5.0,package.json,[],projects/govuk-frontend/repo
2965ee9e99145bca2f221eca81c033735dfa8ffc,1759309757,22,package.json,npm@10.5.0,package.json,[],projects/govuk-frontend/repo
eb9d3e43f39ea67968ef3ea7ed2228edf58a3e8a,1759309890,22,package.json,npm@10.5.0,package.json,[],projects/govuk-frontend/repo
ac1f8782c5c8e3efabc7b42ef733303ca0da8ab3,1759309933,22,package.json,npm@10.5.0,package.json,[],projects/govuk-frontend/repo
9b0e6e534fb5fb873053710a7a76ead7c1f3ae43,1759309955,22,package.json,npm@10.5.0,package.json,[],projects/govuk-frontend/repo
c244cbcda323946f93ebfc95361524f6decddfa6,1759309976,22,package.json,npm@10.5.0,package.json,[],projects/govuk-frontend/repo
a47d6c92763cb56d4f829cb3ab776903099f9abd,1759309997,22,package.json,npm@10.5.0,package.json,[],projects/govuk-frontend/repo
e4bf096c1d2cbdc45b80adf0844323c126ccab81,1759310020,22,package.json,npm@10.5.0,package.json,[],projects/govuk-frontend/repo
11a81537f27f1e9475cda794d49b8de256934538,1759310267,22,package.json,npm@10.5.0,package.json,[],projects/govuk-frontend/repo
af9c541ee9aea57430648a520698aa4e6582ee0b,1759310306,22,package.json,npm@10.5.0,package.json,[],projects/govuk-frontend/repo
f0174aa611502dbb355fe827427ec2e24332ab0c,1759310346,22,package.json,npm@10.5.0,package.json,[],projects/govuk-frontend/repo
abd62ff53466379a8bfe629dc1b17a6c9cd24f5d,1759310365,22,package.json,npm@10.5.0,package.json,[],projects/govuk-frontend/repo
288b7b0607431f854ea056929459e6c7fe25a29e,1759310533,22,package.json,npm@10.5.0,package.json,[],projects/govuk-frontend/repo
af301f937b0371de0fb99f5b76d60829ea4cc21d,1759310876,22,package.json,npm@10.5.0,package.json,[],projects/govuk-frontend/repo
f4e46f1e1c9cbca09fa57a2940892e1a0bab60e3,1759310948,22,package.json,npm@10.5.0,package.json,[],projects/govuk-frontend/repo
6def5897aaa1f5bc6f29d5a3ef7805133e44dc9a,1759310985,22,package.json,npm@10.5.0,package.json,[],projects/govuk-frontend/repo
fb435616c12dbff841953cb85bafaf520ae49ae4,1759311020,22,package.json,npm@10.5.0,package.json,[],projects/govuk-frontend/repo
a611e795aef3d524673c82ff80f9e6cdd188062f,1759311063,22,package.json,npm@10.5.0,package.json,[],projects/govuk-frontend/repo
00fb015337ccbed57ac79b500a8be3ac6deb8f02,1759311145,22,package.json,npm@10.5.0,package.json,[],projects/govuk-frontend/repo
0c606d389ccca438a4e415daeaf16a85e76b21ff,1759311568,22,package.json,npm@10.5.0,package.json,[],projects/govuk-frontend/repo
d6d23c78d63b14ce2dcce69436f52114aa01588b,1759393711,22,package.json,npm@10.5.0,package.json,[],projects/govuk-frontend/repo
08b1360e079be2bbba19035e9fd08aa680e436bf,1759394180,22,package.json,npm@10.5.0,package.json,[],projects/govuk-frontend/repo
025f94cb393d59f92f6b6f603ae9165ab637fb2f,1759394253,22,package.json,npm@10.5.0,package.json,[],projects/govuk-frontend/repo
0bac9a7f55d630d754899d04257afc2da7daad9d,1759395054,22,package.json,npm@10.5.0,package.json,[],projects/govuk-frontend/repo
a09c6195e45d906c471940636070a5b6494a8fc9,1759395084,22,package.json,npm@10.5.0,package.json,[],projects/govuk-frontend/repo
e852ee7c339e5d839281ab59a04004b703fcfd86,1759398804,22,package.json,npm@10.5.0,package.json,[],projects/govuk-frontend/repo
ad1f242cbb27dbe221328f6e50e1236ff65f023e,1759399496,22,package.json,npm@10.5.0,package.json,[],projects/govuk-frontend/repo
c769d66643afa787fba973efb25ab6c622887bbf,1759405725,22,package.json,npm@10.5.0,package.json,[],projects/govuk-frontend/repo
3aea588ba95c40ad5cf467e0caff5298b2a0d764,1759405726,22,package.json,npm@10.5.0,package.json,[],projects/govuk-frontend/repo
73b114d6b435e5b8cd2fdd27492dd6362c696c8f,1759423359,22,package.json,npm@10.5.0,package.json,[],projects/govuk-frontend/repo
5c42709c12451668f657a85bea7a512e03f9945f,1759481355,22,package.json,npm@10.5.0,package.json,[],projects/govuk-frontend/repo
f1365138586264aa8c3c87424d86368d5a58d448,1759485510,22,package.json,npm@10.5.0,package.json,[],projects/govuk-frontend/repo
16456008bf9514101f45cd2fdaa3f3bad045b6a8,1759486230,22,package.json,npm@10.5.0,package.json,[],projects/govuk-frontend/repo
1ea8e7fe19c0922da24656971adc8b686eb02d58,1759486406,22,package.json,npm@10.5.0,package.json,[],projects/govuk-frontend/repo
b726669cde19153ad3fe73c6fa144d22113fbfce,1759486406,22,package.json,npm@10.5.0,package.json,[],projects/govuk-frontend/repo
aec3d36be79286c88e96418907a11edc7a4d3292,1759486407,22,package.json,npm@10.5.0,package.json,[],projects/govuk-frontend/repo
e140123ece598635ac527a5cf729aeb98287f2f2,1759486407,22,package.json,npm@10.5.0,package.json,[],projects/govuk-frontend/repo
6cfcbaef0330c75ffc698b3789b12bb4c0a4ee1b,1759487377,22,package.json,npm@10.5.0,package.json,[],projects/govuk-frontend/repo
35e97bee1c8feeda1f701839a1958ba816f73252,1759487804,22,package.json,npm@10.5.0,package.json,[],projects/govuk-frontend/repo
9ca5071f9fac9ce9ae760f3d4383fa8947b610aa,1759487804,22,package.json,npm@10.5.0,package.json,[],projects/govuk-frontend/repo
21acde90efcf4b763be12cc2351c65dd57adde37,1759487804,22,package.json,npm@10.5.0,package.json,[],projects/govuk-frontend/repo
9f37a298ea2165e94a3de67e8026feeccc543779,1759487954,22,package.json,npm@10.5.0,package.json,[],projects/govuk-frontend/repo
c847266241014331c7f829d0c1d33de82746327f,1759489287,22,package.json,npm@10.5.0,package.json,[],projects/govuk-frontend/repo
5911f843df2f0acb6ba20755362ad6b63857bca2,1759489372,22,package.json,npm@10.5.0,package.json,[],projects/govuk-frontend/repo
74a052cce2235cf6e65d22ac7db1b89ab7eac68f,1759489473,22,package.json,npm@10.5.0,package.json,[],projects/govuk-frontend/repo
67c8553911d2fca0b0a31e72415d895cab29188c,1759489925,22,package.json,npm@10.5.0,package.json,[],projects/govuk-frontend/repo
af4c58a4c27973bf06cd8afa0d65e6db2b933e93,1759498394,22,package.json,npm@10.5.0,package.json,[],projects/govuk-frontend/repo
10dcf190f551463afcb78fede10a7ba18b511d82,1759500683,22,package.json,npm@10.5.0,package.json,[],projects/govuk-frontend/repo
40d7ee637b44d2a60c8faef7e0517013ce69b57c,1759504837,22,package.json,npm@10.5.0,package.json,[],projects/govuk-frontend/repo
e0cf43216a0416d05d811ea7c6f2dcbeea0abafa,1759506814,22,package.json,npm@10.5.0,package.json,[],projects/govuk-frontend/repo
7d34845e3ad8ae69ba9b1182f8af12463c4ccfed,1759737490,22,package.json,npm@10.5.0,package.json,[],projects/govuk-frontend/repo
8522550c884936a8471d2d2b22a8ccfd0ceef974,1759738897,22,package.json,npm@10.5.0,package.json,[],projects/govuk-frontend/repo
f84c6c7ac6d9fd0753e7b7f112568fd45f7c83cf,1759740085,22,package.json,npm@10.5.0,package.json,[],projects/govuk-frontend/repo
94b0f703ad5787ff847fd33785b5fa8b97421368,1759748458,22,package.json,npm@10.5.0,package.json,[],projects/govuk-frontend/repo
b7e673813dc9a6c3c3f7ba8a3794e11db064fc81,1759748862,22,package.json,npm@10.5.0,package.json,[],projects/govuk-frontend/repo
5024297aee7a01a77364b56cb08ec9130ccaf189,1759749631,22,package.json,npm@10.5.0,package.json,[],projects/govuk-frontend/repo
f5209a594bc3672eacbd2836f6d345ec75e4b15f,1759753575,22,package.json,npm@10.5.0,package.json,[],projects/govuk-frontend/repo
4b893917ebfc1a9ce186859443778bfb97589a31,1759758521,22,package.json,npm@10.5.0,package.json,[],projects/govuk-frontend/repo
e78f2102590255d9ffdd6705dbf51e2d05d6f2b9,1759759384,22,package.json,npm@10.5.0,package.json,[],projects/govuk-frontend/repo
f044e6d670509026f4b9a50221d37d3f48b99405,1759760638,22,package.json,npm@10.5.0,package.json,[],projects/govuk-frontend/repo
714e798be792c1b0647154df649358d82e2de096,1759762887,22,package.json,npm@10.5.0,package.json,[],projects/govuk-frontend/repo
bb6e09df2e114d831684bc37a630c72ca34169c2,1759764977,22,package.json,npm@10.5.0,package.json,[],projects/govuk-frontend/repo
5ce8a7f2370e2fe22924dfce591c90f29dbe073e,1759834461,22,package.json,npm@10.5.0,package.json,[],projects/govuk-frontend/repo
ad4a266d48f2c516661bace587712f4e7b665c79,1759834461,22,package.json,npm@10.5.0,package.json,[],projects/govuk-frontend/repo
93f95dc31fe1eb97404747c0ffa9d04cc7350570,1759834955,22,package.json,npm@10.5.0,package.json,[],projects/govuk-frontend/repo
d852dbc158c754402faea9292427a4eaa921319b,1759852091,22,package.json,npm@10.5.0,package.json,[],projects/govuk-frontend/repo
0ea722087adfdc89e88ea908f6b591db5a5b5cc8,1759853345,22,package.json,npm@10.5.0,package.json,[],projects/govuk-frontend/repo
8f8f7bef9bac077b5d3af0cfe7a9fe586531ae22,1759854590,22,package.json,npm@10.5.0,package.json,[],projects/govuk-frontend/repo
040bf1ce92c3008b84c8b9a624e89e70c138a476,1760082566,22,package.json,npm@10.5.0,package.json,[],projects/govuk-frontend/repo
0d98d8241a26d9b05eb248cca8e55ad1a5d88d3f,1760083689,22,package.json,npm@10.5.0,package.json,[],projects/govuk-frontend/repo
e9602ca7b4bd4392a4d441d46fe2f0f5b817c08a,1760084533,22,package.json,npm@10.5.0,package.json,[],projects/govuk-frontend/repo
e6cf36eada0aa8611cb58f17dd6e67f4fbf1ff1f,1760084983,22,package.json,npm@10.5.0,package.json,[],projects/govuk-frontend/repo
4d82bf8cbf18b70f66b68eb3eb392761a4cc2633,1760085845,22,package.json,npm@10.5.0,package.json,[],projects/govuk-frontend/repo
0ef28976d1be862699a0b9d4fdf9f92329464b93,1760088420,22,package.json,npm@10.5.0,package.json,[],projects/govuk-frontend/repo
5f578f7feaf8342204d927468ce3e092472fb0cc,1760088658,22,package.json,npm@10.5.0,package.json,[],projects/govuk-frontend/repo
fa51c53337f55eaa6bc705a093fa389099ab3ca0,1760089267,22,package.json,npm@10.5.0,package.json,[],projects/govuk-frontend/repo
46f67223bc125084c35aaddc4a65927951722d06,1760090353,22,package.json,npm@10.5.0,package.json,[],projects/govuk-frontend/repo
33e5c9b074a1a6473f9ffc9c4a326c01a18fb988,1760090441,22,package.json,npm@10.5.0,package.json,[],projects/govuk-frontend/repo
04c6e7c29501704c7cd3add95f09076b8591e901,1760091161,22,package.json,npm@10.5.0,package.json,[],projects/govuk-frontend/repo
5d0d8c33f3e503723761e574ba3da2bb8f4767ba,1760091612,22,package.json,npm@10.5.0,package.json,[],projects/govuk-frontend/repo
8bfd1438051144fbf7ddbfa260ece50b4c371a93,1760102576,22,package.json,npm@10.5.0,package.json,[],projects/govuk-frontend/repo
2eb3682060028f486e2481cbd15bb30dbb84f71f,1760104084,22,package.json,npm@10.5.0,package.json,[],projects/govuk-frontend/repo
e4adfd27daa5996a05c0f7d779c0b113d67dc988,1760104136,22,package.json,npm@10.5.0,package.json,[],projects/govuk-frontend/repo
b55ab2833dcec0c5db3130452ea8df875ac1caea,1760104136,22,package.json,npm@10.5.0,package.json,[],projects/govuk-frontend/repo
0c54655304260e9d11e083f6db71f8103448b381,1760104136,22,package.json,npm@10.5.0,package.json,[],projects/govuk-frontend/repo
25c21303a38def34bb2bbc4a9938991d87742721,1760342798,22,package.json,npm@10.5.0,package.json,[],projects/govuk-frontend/repo
38e3ef3364d32f5611ffcd28a164d55f7e7e4131,1760511754,22,package.json,npm@10.5.0,package.json,[],projects/govuk-frontend/repo
0f6c9e0ee042bd69e2cfbd6c096a488abbe52b6b,1760624876,22,package.json,npm@10.5.0,package.json,[],projects/govuk-frontend/repo
7a919b3d03182fd1d4e279e542cec7f3cc4e19ea,1760626544,22,package.json,npm@10.5.0,package.json,[],projects/govuk-frontend/repo
75f7cb2b8144b13dd4a8e64a7cdeebdfd234100a,1760718411,22,package.json,npm@10.5.0,package.json,[],projects/govuk-frontend/repo
bb68d229f01effd2e1ca6f8cc0d4fb9a4b43a36c,1760718411,22,package.json,npm@10.5.0,package.json,[],projects/govuk-frontend/repo
19a7fd66d52efc271e8f230fbc1700055ec40ae7,1760718413,22,package.json,npm@10.5.0,package.json,[],projects/govuk-frontend/repo
ee04cd70b7701b1f50b974797bd95fca85405933,1760718414,22,package.json,npm@10.5.0,package.json,[],projects/govuk-frontend/repo
0e2e6d3add70035fa4cc53f2d00969206f4aedf9,1760718416,22,package.json,npm@10.5.0,package.json,[],projects/govuk-frontend/repo
98608ac8099f025ed14a511b7dace93b0a91c353,1760718417,22,package.json,npm@10.5.0,package.json,[],projects/govuk-frontend/repo
6883c501dbb137e006335f4690beaf0b048163cb,1760718417,22,package.json,npm@10.5.0,package.json,[],projects/govuk-frontend/repo
5822b9b6f8043fcc9d1435bcad94b4e2107e6437,1760960613,22,package.json,npm@10.5.0,package.json,[],projects/govuk-frontend/repo
7585548315d2f538a1c72fc7475d78cc44ff60e7,1760971243,22,package.json,npm@10.5.0,package.json,[],projects/govuk-frontend/repo
91d412d2ebded98e68be189c40d211a712654d2a,1760971798,22,package.json,npm@10.5.0,package.json,[],projects/govuk-frontend/repo
2fa44e039d0d6889c5d6bc6b3f9a395324fcca17,1760972333,22,package.json,npm@10.5.0,package.json,[],projects/govuk-frontend/repo
6716235287d9484d91fe5737015a14ebee660736,1760972374,22,package.json,npm@10.5.0,package.json,[],projects/govuk-frontend/repo
3f55ba2086fe7b0561a4df452cbb8a68dfd9c39c,1760973195,22,package.json,npm@10.5.0,package.json,[],projects/govuk-frontend/repo
755f840486718d26d1c34921318db0c4e046c282,1760973425,22,package.json,npm@10.5.0,package.json,[],projects/govuk-frontend/repo
8afe3ae923adf2fcc157ef026955909973e42de1,1760973944,22,package.json,npm@10.5.0,package.json,[],projects/govuk-frontend/repo
5e5d048a248de8357a5e628e4c7a0d968caecb14,1760974010,22,package.json,npm@10.5.0,package.json,[],projects/govuk-frontend/repo
717280998a2c8a5c2d3f44fcd3afc67bed61451c,1760975722,22,package.json,npm@10.5.0,package.json,[],projects/govuk-frontend/repo
0ace7703d71c09eb518f4136f9bf2221023c275b,1760975722,22,package.json,npm@10.5.0,package.json,[],projects/govuk-frontend/repo
7153d21005b0ea74e004e91ca3b475975e0a0561,1760977115,22,package.json,npm@10.5.0,package.json,[],projects/govuk-frontend/repo
efd8e75e3de27f49dbb70b98f7cc1bcca8cdcdc4,1760998586,22,package.json,npm@10.5.0,package.json,[],projects/govuk-frontend/repo
23ab71320dc38f99826b525d3f8a56433e304685,1761030440,22,package.json,npm@10.5.0,package.json,[],projects/govuk-frontend/repo
07a5c9356f028704e9c6c14de109d1a9fc48561f,1761033111,22,package.json,npm@10.5.0,package.json,[],projects/govuk-frontend/repo
be379955f70e28cbd3240184db7a92c0480e1ff0,1761036297,22,package.json,npm@10.5.0,package.json,[],projects/govuk-frontend/repo
d35c6b5ddf842d1fd47d9994ffba2f14e91c8885,1761058659,22,package.json,npm@10.5.0,package.json,[],projects/govuk-frontend/repo
abcc44a76198e95f0dc0b8ba4bf76d807792f4b3,1761203116,22,package.json,npm@10.5.0,package.json,[],projects/govuk-frontend/repo
f683bcf3b2f881b3d7c3ab83df26d560f177def0,1761207634,22,package.json,npm@10.5.0,package.json,[],projects/govuk-frontend/repo
222db11b5a292a01ce8c480082c9db3700dfc719,1761210721,22,package.json,npm@10.5.0,package.json,[],projects/govuk-frontend/repo
0ef1be75b55e1f9db3a5183308bd660287b38aa6,1761581833,22,package.json,npm@10.5.0,package.json,[],projects/govuk-frontend/repo
b092505ef7cf3930f57432b7ca50872c35b8762d,1761581833,22,package.json,npm@10.5.0,package.json,[],projects/govuk-frontend/repo
a5fd538b923372a6647995e9f7591cf2520d777a,1761581833,22,package.json,npm@10.5.0,package.json,[],projects/govuk-frontend/repo
b26cca5684b95492d9f60303e202b41a40ee66bd,1761583131,22,package.json,npm@10.5.0,package.json,[],projects/govuk-frontend/repo
1aa4e7ff13163221cf5ebdc0aa18e403695aa821,1761650713,22,package.json,npm@10.5.0,package.json,[],projects/govuk-frontend/repo
ca09f3217e2f4fa9ff8a15268ea45becae576a5d,1761651265,22,package.json,npm@10.5.0,package.json,[],projects/govuk-frontend/repo
c13c2e0a2644e08fd984a576a4f526b4adf09396,1761652606,22,package.json,npm@10.5.0,package.json,[],projects/govuk-frontend/repo
886372841186e5bfc770b9c4835718c55e4f4e2b,1761663955,22,package.json,npm@10.5.0,package.json,[],projects/govuk-frontend/repo
98a4aff9a56fdcf8fac9e44b57ac98368dd120a8,1761664924,22,package.json,npm@10.5.0,package.json,[],projects/govuk-frontend/repo
5f4b4b0b9187827dda729f4a995061046108f23e,1761664924,22,package.json,npm@10.5.0,package.json,[],projects/govuk-frontend/repo
48dcc06afd08dcc34c3cef5946b25ca27bc3c1b2,1761664924,22,package.json,npm@10.5.0,package.json,[],projects/govuk-frontend/repo
8a6523e69e061cb10a990cd847f2e87e8cd129b2,1761664924,22,package.json,npm@10.5.0,package.json,[],projects/govuk-frontend/repo
b9679493d72d50b54b2f5f68bd01ba55395706d4,1761728413,22,package.json,npm@10.5.0,package.json,[],projects/govuk-frontend/repo
d915b2ec106961078b70d26f011cd75bf5deed7a,1761734071,22,package.json,npm@10.5.0,package.json,[],projects/govuk-frontend/repo
4ea4c83db813f0b07271144f6cc33f23a8bcc3de,1761815291,22,package.json,npm@10.5.0,package.json,[],projects/govuk-frontend/repo
398ff164451607bb52e8b91467a89c0cb9142a21,1761820301,22,package.json,npm@10.5.0,package.json,[],projects/govuk-frontend/repo
8c3d57faefc76e0dd27e05e00f9b90b53d18317e,1761820756,22,package.json,npm@10.5.0,package.json,[],projects/govuk-frontend/repo
6548ca51cd4f104af863b7b474a42d61ae39662a,1761826506,22,package.json,npm@10.5.0,package.json,[],projects/govuk-frontend/repo
1c60bf24baea43f2d995df2996064f033af1670f,1761838976,22,package.json,npm@10.5.0,package.json,[],projects/govuk-frontend/repo
c23ec37226b02f8d21d6c4052f4249c21c0c4bd2,1761845583,22,package.json,npm@10.5.0,package.json,[],projects/govuk-frontend/repo
8d201569af118474fc34221c9836edf24e50d269,1761922396,22,package.json,npm@10.5.0,package.json,[],projects/govuk-frontend/repo
d419a38a38fce5c11a3b58d737b4caf8b19b61ca,1761925405,22,package.json,npm@10.5.0,package.json,[],projects/govuk-frontend/repo
d3f4488e354f66ed811472bc2127377db50cb0cf,1761927493,22,package.json,npm@10.5.0,package.json,[],projects/govuk-frontend/repo
894a6faeac1fafc334f17b6bf5e86dc496aab49a,1761933681,22,package.json,npm@10.5.0,package.json,[],projects/govuk-frontend/repo
c658f6d24e196ffcf60e6998ccb9f8aa0ba76fc2,1761991298,22,package.json,npm@10.5.0,package.json,[],projects/govuk-frontend/repo
8f60d68c3dceb900152893785f130562028ed84c,1761991303,22,package.json,npm@10.5.0,package.json,[],projects/govuk-frontend/repo
8d8cbbc3b433a9f11bf73d0299f9515e3c5e8cdf,1761991376,22,package.json,npm@10.5.0,package.json,[],projects/govuk-frontend/repo
710dbbd8c87baf535ca66f0023b5673a1b9f6c0f,1761991433,22,package.json,npm@10.5.0,package.json,[],projects/govuk-frontend/repo
41702704a892e73a13940a6974d146288fa04021,1761991443,22,package.json,npm@10.5.0,package.json,[],projects/govuk-frontend/repo
997d4a6d438a69ca5ea592c72433e1785047f9e8,1761992015,22,package.json,npm@10.5.0,package.json,[],projects/govuk-frontend/repo
74278f1325416759bc4e97dd9e4e40ab734f3cb3,1761992052,22,package.json,npm@10.5.0,package.json,[],projects/govuk-frontend/repo
7c4b9108040a87ec4cc65ca2ace3718b4c1deff9,1761992073,22,package.json,npm@10.5.0,package.json,[],projects/govuk-frontend/repo
ddaaba3ef8924db7040614a9799a4d331b7e1f00,1761992094,22,package.json,npm@10.5.0,package.json,[],projects/govuk-frontend/repo
7a547a7fc8443402abbd73fb0de214d78ac70ede,1761992115,22,package.json,npm@10.5.0,package.json,[],projects/govuk-frontend/repo
4a37d88bfce68c7b2fdfd53cda4c7b9dfed6a580,1762159106,22,package.json,npm@10.5.0,package.json,[],projects/govuk-frontend/repo
f103d58c1d392d0523e84237c0a0ec1d7aea9a35,1762159172,22,package.json,npm@10.5.0,package.json,[],projects/govuk-frontend/repo
3df23a7a76f00178bbeeb4eed5ed86c278489422,1762159218,22,package.json,npm@10.5.0,package.json,[],projects/govuk-frontend/repo
3c76e554aa0df8c895ba748bffd3137f1f55adcb,1762159412,22,package.json,npm@10.5.0,package.json,[],projects/govuk-frontend/repo
b7e2498ee6a454ac5fe64eb6d7d9892f8949c570,1762159449,22,package.json,npm@10.5.0,package.json,[],projects/govuk-frontend/repo
4ddb8773100914d04662bfb57d257191a2b57c28,1762159488,22,package.json,npm@10.5.0,package.json,[],projects/govuk-frontend/repo
34797326c57c2b54a67ff72bd9b35eeb62a06b88,1762159521,22,package.json,npm@10.5.0,package.json,[],projects/govuk-frontend/repo
cda851dd3191e7422698a026508a3b76e49be2b9,1762159585,22,package.json,npm@10.5.0,package.json,[],projects/govuk-frontend/repo
73caecae37aa912b9b92e1e1ff4089c0313fd86c,1762160412,22,package.json,npm@10.5.0,package.json,[],projects/govuk-frontend/repo
c585a94100e1b46a5e6205ca94df9a5ac25abdff,1762160435,22,package.json,npm@10.5.0,package.json,[],projects/govuk-frontend/repo
af005f1a27502eab1f0009e79e7f0848b643d4b7,1762161841,22,package.json,npm@10.5.0,package.json,[],projects/govuk-frontend/repo
a8d867079409b965f3253b5cab78e4ff7d7498c8,1762162722,22,package.json,npm@10.5.0,package.json,[],projects/govuk-frontend/repo
e51b366e88a27ba7a7d352fae26f67d11cbf4914,1762162924,22,package.json,npm@10.5.0,package.json,[],projects/govuk-frontend/repo
56cae15785d033f41032d7ae715f81a9c43692ef,1762163135,22,package.json,npm@10.5.0,package.json,[],projects/govuk-frontend/repo
a24d0653ae08dafa61cb1697ef6bdb9ca29491d6,1762166227,22,package.json,npm@10.5.0,package.json,[],projects/govuk-frontend/repo
9e81b8bd809cd6dac57af2087a45e76d7fe1a56d,1762167710,22,package.json,npm@10.5.0,package.json,[],projects/govuk-frontend/repo
6bf43a35f633f592676c624bdbc07a819950102c,1762168680,22,package.json,npm@10.5.0,package.json,[],projects/govuk-frontend/repo
5b05522abdce68d253922dba2ec28b8b1790bbf4,1762168685,22,package.json,npm@10.5.0,package.json,[],projects/govuk-frontend/repo
352eeac9895e5cb22339afe8e33735dbf255a6e1,1762168974,22,package.json,npm@10.5.0,package.json,[],projects/govuk-frontend/repo
3def5de3ed4291eda5191ee60317faff0f9b7e12,1762169542,22,package.json,npm@10.5.0,package.json,[],projects/govuk-frontend/repo
9973adee759ab7fc3c9703efc7547d01acfb0dc9,1762169595,22,package.json,npm@10.5.0,package.json,[],projects/govuk-frontend/repo
443b75a1722a2c14b4cbb40173f8f84b421a1f48,1762169635,22,package.json,npm@10.5.0,package.json,[],projects/govuk-frontend/repo
294af92f8e79c57c62fe2867dcef7aa37c099f46,1762170017,22,package.json,npm@10.5.0,package.json,[],projects/govuk-frontend/repo
9ff8803c9ab31b2e8a20703b8b27d3f42e9aca43,1762170117,22,package.json,npm@10.5.0,package.json,[],projects/govuk-frontend/repo
c428ef50a64415202793087de8addc413e51d660,1762170202,22,package.json,npm@10.5.0,package.json,[],projects/govuk-frontend/repo
ea8bd12c2adf4b3427dc3057706a8c2afefdaa93,1762170238,22,package.json,npm@10.5.0,package.json,[],projects/govuk-frontend/repo
be970139d0869aeca12a5e158fc46f1cb2d81c1f,1762170238,22,package.json,npm@10.5.0,package.json,[],projects/govuk-frontend/repo
35fec92b7f5ac02151ecd69fc0b0e500910cff9e,1762170238,22,package.json,npm@10.5.0,package.json,[],projects/govuk-frontend/repo
501cd77e7aac1dcb110d0ec6fa0c5d8c7e5ca663,1762170238,22,package.json,npm@10.5.0,package.json,[],projects/govuk-frontend/repo
75787e7812cef306886ee27d62123ded605bc0ec,1762170296,22,package.json,npm@10.5.0,package.json,[],projects/govuk-frontend/repo
1dc54b877eb4c47c2baa27dbe943168b0ff72284,1762170887,22,package.json,npm@10.5.0,package.json,[],projects/govuk-frontend/repo
1c2c5a4743557a33d3d48048c4b09bdca905d0a9,1762170922,22,package.json,npm@10.5.0,package.json,[],projects/govuk-frontend/repo
b538b00c9fedf2b62399b7762b5af72cd44a6cce,1762171027,22,package.json,npm@10.5.0,package.json,[],projects/govuk-frontend/repo
9788338865518bd637bcb622bc98150400b879ca,1762171292,22,package.json,npm@10.5.0,package.json,[],projects/govuk-frontend/repo
62c87802d7e4bdf9d6bd71bc2c6542abc6d06d62,1762171557,22,package.json,npm@10.5.0,package.json,[],projects/govuk-frontend/repo
bc8bdd6acd217df24fcb347c97a92830e2fd8fd7,1762173407,22,package.json,npm@10.5.0,package.json,[],projects/govuk-frontend/repo
d27238eb50901c499747f735fc22bab998f3b242,1762179507,22,package.json,npm@10.5.0,package.json,[],projects/govuk-frontend/repo
5fe1543fb0e751ff0b5d63e8d8c2ae79845b22d3,1762179507,22,package.json,npm@10.5.0,package.json,[],projects/govuk-frontend/repo
fbbedef3876c3da8f614a815cc7badd542ad39da,1762179508,22,package.json,npm@10.5.0,package.json,[],projects/govuk-frontend/repo
84ef179d92fb9cef2905b8a7a3200cff97a80fd9,1762179508,22,package.json,npm@10.5.0,package.json,[],projects/govuk-frontend/repo
c7cc0e1be0035c14a1f1fef5151009857de87a21,1762179548,22,package.json,npm@10.5.0,package.json,[],projects/govuk-frontend/repo
86e5ab9b42e204f18ed23b827a67617e466f389c,1762184097,22,package.json,npm@10.5.0,package.json,[],projects/govuk-frontend/repo
8eae3cfe90dbe8c8a24b978c065ea007d1f7eb4b,1762184536,22,package.json,npm@10.5.0,package.json,[],projects/govuk-frontend/repo
f1d3a28e2ad756d13e9dd8536b5f951362804fda,1762187084,22,package.json,npm@10.5.0,package.json,[],projects/govuk-frontend/repo
d9b208ecd8e2efc3fd7ed475907c795fb76f3e1f,1762187084,22,package.json,npm@10.5.0,package.json,[],projects/govuk-frontend/repo
ceb3f23b18e7d87290c7669bbb9ddd4ebeda2ba7,1762187085,22,package.json,npm@10.5.0,package.json,[],projects/govuk-frontend/repo
7ff57224477fb8e0b6d80d34222d5b8ff0cba580,1762187085,22,package.json,npm@10.5.0,package.json,[],projects/govuk-frontend/repo
193b14b736b5b9116d63387bbad87fea70c203d2,1762187122,22,package.json,npm@10.5.0,package.json,[],projects/govuk-frontend/repo
afc5ab31c804deb4af791566fce2d1a501bcefcf,1762188742,22,package.json,npm@10.5.0,package.json,[],projects/govuk-frontend/repo
666ad026eb58dad04b070a319fa48d3fabf9f595,1762189113,22,package.json,npm@10.5.0,package.json,[],projects/govuk-frontend/repo
da7e57102de38f064183bae0eaea63bdc8f6fb70,1762189293,22,package.json,npm@10.5.0,package.json,[],projects/govuk-frontend/repo
24a38536d5ff25757c505fda9ac8da36282f7df8,1762189866,22,package.json,npm@10.5.0,package.json,[],projects/govuk-frontend/repo
5ad94e69a58b9cf790164192c0a70a4a4d0a3f57,1762256699,22,package.json,npm@10.5.0,package.json,[],projects/govuk-frontend/repo
a78152422318d58c0db95e0a6f07416abf2e1deb,1762256699,22,package.json,npm@10.5.0,package.json,[],projects/govuk-frontend/repo
17306f76a7058576ef68c371ae38827cec9da194,1762256699,22,package.json,npm@10.5.0,package.json,[],projects/govuk-frontend/repo
0f484736d837efa7de7af4a9adc33c6b8831bd19,1762256699,22,package.json,npm@10.5.0,package.json,[],projects/govuk-frontend/repo
8953514da0e06b31f2c1cc7435c4f6811f276885,1762257455,22,package.json,npm@10.5.0,package.json,[],projects/govuk-frontend/repo
9db8bea601b31b321cf0e8007c1e88123afd783f,1762258995,22,package.json,npm@10.5.0,package.json,[],projects/govuk-frontend/repo
0f743337cb176e6b41c1ee47dab4b22f66d24ec0,1762260477,22,package.json,npm@10.5.0,package.json,[],projects/govuk-frontend/repo
164414dd2a5609c4fb980c75085f153069b1b581,1762260681,22,package.json,npm@10.5.0,package.json,[],projects/govuk-frontend/repo
e394e110ec96e97a754918044f76daab4c59618a,1762260742,22,package.json,npm@10.5.0,package.json,[],projects/govuk-frontend/repo
0365a458f339ddb2375d084c37b1daf46a989525,1762262052,22,package.json,npm@10.5.0,package.json,[],projects/govuk-frontend/repo
c8a3be6e2c3d9fadac83a042759622f38f895b1e,1762272344,22,package.json,npm@10.5.0,package.json,[],projects/govuk-frontend/repo
097e9af2e8ef96ab30cbfb0255c12d5f98a91837,1762273482,22,package.json,npm@10.5.0,package.json,[],projects/govuk-frontend/repo
4870fe6369c7c02365de32614a137cd121965a06,1762273693,22,package.json,npm@10.5.0,package.json,[],projects/govuk-frontend/repo
2efa6a789f08e8ba403ab7e1a841111397b8151f,1762274042,22,package.json,npm@10.5.0,package.json,[],projects/govuk-frontend/repo
37e43cd0c7227ae1ebef5df9a5c7bc274b3b8344,1762274042,22,package.json,npm@10.5.0,package.json,[],projects/govuk-frontend/repo
3e141630d432153c58782c3eee8b1afb08dfd8d1,1762274075,22,package.json,npm@10.5.0,package.json,[],projects/govuk-frontend/repo
3a04975495a3cfb18090cb59899972c4457ff594,1762274828,22,package.json,npm@10.5.0,package.json,[],projects/govuk-frontend/repo
433bdaec41fa963078c27b199307eca79beaa200,1762275626,22,package.json,npm@10.5.0,package.json,[],projects/govuk-frontend/repo
ac018500f3e6288f8f49f5b1fe96a4afba0cfb0c,1762277833,22,package.json,npm@10.5.0,package.json,[],projects/govuk-frontend/repo
2c46d3aa20425f34e9f221f876f63931ef888dfe,1762278221,22,package.json,npm@10.5.0,package.json,[],projects/govuk-frontend/repo
1b3385e695e8e72bca4187fc19347767bf01da1e,1762353959,22,package.json,npm@10.5.0,package.json,[],projects/govuk-frontend/repo
b563fb1d9f6302e4c9c05d53154ccd567d3af4e6,1762422033,22,package.json,npm@10.5.0,package.json,[],projects/govuk-frontend/repo
b4dc873345e8e6a48a5a1f65d3b00da812e4f87e,1762423538,22,package.json,npm@10.5.0,package.json,[],projects/govuk-frontend/repo
edc7d527fec25533282fe43d7457a951e009bb29,1762541408,22,package.json,npm@10.5.0,package.json,[],projects/govuk-frontend/repo
9d772108068c11816f961bdc276476f9bafbb8fe,1762541408,22,package.json,npm@10.5.0,package.json,[],projects/govuk-frontend/repo
4566b1dc9ae2f95491478cb4ca11df0d0cecba5e,1762541409,22,package.json,npm@10.5.0,package.json,[],projects/govuk-frontend/repo
bb3f26a9bdcd469026de5bbca08f84e41fe8d111,1762541410,22,package.json,npm@10.5.0,package.json,[],projects/govuk-frontend/repo
c401efd2bed9530200ae48a7530c88c13bfc6099,1762541412,22,package.json,npm@10.5.0,package.json,[],projects/govuk-frontend/repo
0d41ffd5a5f0af145b6fe5dc0175d8db79fd7a2d,1762541413,22,package.json,npm@10.5.0,package.json,[],projects/govuk-frontend/repo
cae1cf04133181cb574a02d97f461dca0f3ecc7a,1762541413,22,package.json,npm@10.5.0,package.json,[],projects/govuk-frontend/repo
7a1278d7c1544ed0e5f762fbb8549daaba13f225,1762541414,22,package.json,npm@10.5.0,package.json,[],projects/govuk-frontend/repo
17f6e580d6e59da9720c837862eedf47d33ded3b,1762541414,22,package.json,npm@10.5.0,package.json,[],projects/govuk-frontend/repo
93a286591753b7a0c7e56e754f321d8ae517c1c4,1762772240,22,package.json,npm@10.5.0,package.json,[],projects/govuk-frontend/repo
9af56141793f711779939a058ad014711c82c371,1762772818,22,package.json,npm@10.5.0,package.json,[],projects/govuk-frontend/repo
4875fe95cebe2f4eb14e2ce8b1d6f0f52583ea71,1762772840,22,package.json,npm@10.5.0,package.json,[],projects/govuk-frontend/repo
a1c91b5e74884c3087b8fcc8b55755fcd4ef3e6d,1762772842,22,package.json,npm@10.5.0,package.json,[],projects/govuk-frontend/repo
d5775c9eedf3d0901d3197e1f3926380542a6377,1762772842,22,package.json,npm@10.5.0,package.json,[],projects/govuk-frontend/repo
703b1bbdd8657bc9cd049a15510b8f6c4ebea928,1762772842,22,package.json,npm@10.5.0,package.json,[],projects/govuk-frontend/repo
ed5e69dcd00e57286668e2d3d9710d00f49f405f,1762773266,22,package.json,npm@10.5.0,package.json,[],projects/govuk-frontend/repo
4d97b1d2a17997f22cd721a63fe05f6f662b9606,1762773924,22,package.json,npm@10.5.0,package.json,[],projects/govuk-frontend/repo
95c4de31d6b9e4ae6ea25da91bc0a5d6c6c2eb3c,1762773925,22,package.json,npm@10.5.0,package.json,[],projects/govuk-frontend/repo
b5d9cfea6f1fb5052b4c59131a62e9c5b4ea8ec9,1762773925,22,package.json,npm@10.5.0,package.json,[],projects/govuk-frontend/repo
cb4b44ae198213a67d78e5dc3c1ca18598038b8d,1762774020,22,package.json,npm@10.5.0,package.json,[],projects/govuk-frontend/repo
05a9b208f67a9f22eeb58d128ef50c47a449c0b7,1762774022,22,package.json,npm@10.5.0,package.json,[],projects/govuk-frontend/repo
9f4728d9316ed579d97f7c612b43d685e48c8171,1762774022,22,package.json,npm@10.5.0,package.json,[],projects/govuk-frontend/repo
ef4380ad7be6e88efb5a840beb30f152d0206c22,1762776594,22,package.json,npm@10.5.0,package.json,[],projects/govuk-frontend/repo
d9e4d976320fe5dcb7623b76b653d1a30a0e6895,1762783256,22,package.json,npm@10.5.0,package.json,[],projects/govuk-frontend/repo
7c86bbac62a15aba251c0779db0b47ff0486dff5,1762787105,22,package.json,npm@10.5.0,package.json,[],projects/govuk-frontend/repo
33862a6ad17b358ab372cbdafeff85625a2ef484,1762793642,22,package.json,npm@10.5.0,package.json,[],projects/govuk-frontend/repo
9032f7df5ad2f196909500fccc09f194549cfb5e,1762793675,22,package.json,npm@10.5.0,package.json,[],projects/govuk-frontend/repo
96a32c375dbd9f0c7f0f4313d0cfe652de64ce90,1762848432,22,package.json,npm@10.5.0,package.json,[],projects/govuk-frontend/repo
2029bf94c14a5dfc4625ea7ad328f5462f1de81b,1762848432,22,package.json,npm@10.5.0,package.json,[],projects/govuk-frontend/repo
facc1e80f6359a37cbbd3778d736ad9600ee0271,1762848604,22,package.json,npm@10.5.0,package.json,[],projects/govuk-frontend/repo
de038f08549fad06ecc852b994b5eeb2e7624fd5,1762851717,22,package.json,npm@10.5.0,package.json,[],projects/govuk-frontend/repo
a04460668b601e7d2eeb307ff0c9b6de0ccb930d,1762851940,22,package.json,npm@10.5.0,package.json,[],projects/govuk-frontend/repo
380bb71a92d5c73828d5a793012d5f81ee7487be,1762855529,22,package.json,npm@10.5.0,package.json,[],projects/govuk-frontend/repo
7e1ac4bf00d433b5ed204006515d7785a2be8ba0,1762860395,22,package.json,npm@10.5.0,package.json,[],projects/govuk-frontend/repo
883b69179e6edf7b8e637e7257d2248a2c2ca477,1762870611,22,package.json,npm@10.5.0,package.json,[],projects/govuk-frontend/repo
b9bcbe47df9efa42636d1905d60b0af53c0a3e43,1762874013,22,package.json,npm@10.5.0,package.json,[],projects/govuk-frontend/repo
e6dbb2ce66f4efbeae1c0bc0f0eec79a956a4775,1762874137,22,package.json,npm@10.5.0,package.json,[],projects/govuk-frontend/repo
bbec6e24e8dcd7c4a1465be87162d7fd8c805855,1762878976,22,package.json,npm@10.5.0,package.json,[],projects/govuk-frontend/repo
cc41bfb6b1c04884f7584311ce1406eeab4950a9,1762879616,22,package.json,npm@10.5.0,package.json,[],projects/govuk-frontend/repo
b15d1dd8f10f4da0b135eb0f5d1107a177009f96,1762881152,22,package.json,npm@10.5.0,package.json,[],projects/govuk-frontend/repo
afeebaa75a5d12e2e24b4aaa535e31ca17095d46,1762881165,22,package.json,npm@10.5.0,package.json,[],projects/govuk-frontend/repo
3f70bf664970acfdf64f631f1f1c63e40a7cd681,1762937734,22,package.json,npm@10.5.0,package.json,[],projects/govuk-frontend/repo
5f4c845345e2771d06d315c97a1d49fd48f53ac5,1762937762,22,package.json,npm@10.5.0,package.json,[],projects/govuk-frontend/repo
1748fe813538357b2ef6d9bb3964d933ddf62249,1762937798,24,package.json,npm@11.6.0,package.json,[],projects/govuk-frontend/repo
96bae69b75e1daf3c63ba590ec12887078bb1171,1762937841,24,package.json,npm@11.6.0,package.json,[],projects/govuk-frontend/repo
3da42a02372986c21288446d839f511fec1e75e9,1762940101,24,package.json,npm@11.6.0,package.json,[],projects/govuk-frontend/repo
38ae057eaf716fc961f07514386e5b4d723dfc27,1762943777,24,package.json,npm@11.6.0,package.json,[],projects/govuk-frontend/repo
7dd95d003c303354437e24d2939b22b5bfc2fe1e,1762943904,24,package.json,npm@11.6.0,package.json,[],projects/govuk-frontend/repo
9eb9bd2dfcc5a0386621f63aa23b17cbe6913564,1762949590,24,package.json,npm@11.6.0,package.json,[],projects/govuk-frontend/repo
9e236439c6128191c3a614399a21ea105474efdb,1762950801,24,package.json,npm@11.6.0,package.json,[],projects/govuk-frontend/repo
70fe877026c490e8902a59c3aa61c6f261adbc36,1762950850,24,package.json,npm@11.6.0,package.json,[],projects/govuk-frontend/repo
c501bed7e7b7e808c3e2f0aedba5daf489cd8086,1762955473,24,package.json,npm@11.6.0,package.json,[],projects/govuk-frontend/repo
12adac86ded935b6c61ce4558449ba6e1b90114a,1762963935,24,package.json,npm@11.6.0,package.json,[],projects/govuk-frontend/repo
fdc0f41c51bb05f2c9282de5581ff2ef2701bafa,1762966218,24,package.json,npm@11.6.0,package.json,[],projects/govuk-frontend/repo
773fe41f7a6d5b650f1271820c53508a06737425,1762966437,24,package.json,npm@11.6.0,package.json,[],projects/govuk-frontend/repo
b0b1e7b17a3ef4c099d526815f1802182932ffc3,1762966937,24,package.json,npm@11.6.0,package.json,[],projects/govuk-frontend/repo
78f43b0b180cf7928f21931b07461b24a0ca04d8,1763027246,24,package.json,npm@11.6.0,package.json,[],projects/govuk-frontend/repo
8672cff41224327acc909e248762f5ebcdd3fff0,1763029117,24,package.json,npm@11.6.0,package.json,[],projects/govuk-frontend/repo
1f7f28511b7f34755a3c070078e7d2981da991d2,1763030233,24,package.json,npm@11.6.0,package.json,[],projects/govuk-frontend/repo
7febaf86425bbb24d7bcce09cdefebe45f143935,1763039404,24,package.json,npm@11.6.0,package.json,[],projects/govuk-frontend/repo
9e70113e028fe0c8153b7be49fbee144a3591340,1763043913,24,package.json,npm@11.6.0,package.json,[],projects/govuk-frontend/repo
8d6c524d6224f11306329363bd47db3cf1ffa6a1,1763045159,24,package.json,npm@11.6.0,package.json,[],projects/govuk-frontend/repo
81135096c0b6be6375981d5e311603fd8c9fde70,1763046650,24,package.json,npm@11.6.0,package.json,[],projects/govuk-frontend/repo
7626fcbb4c61c674813b9350b7b38312ac9958c2,1763047814,24,package.json,npm@11.6.0,package.json,[],projects/govuk-frontend/repo
d7cf8e0d2e74983b774eabe76c4fd264688554f1,1763048736,24,package.json,npm@11.6.0,package.json,[],projects/govuk-frontend/repo
eea87fb32de0a6753f9fa2d5a23661e1fea34ef4,1763048736,24,package.json,npm@11.6.0,package.json,[],projects/govuk-frontend/repo
f7fff79ca8c703e802ca21b2ff0a14d4d6a15c22,1763113993,24,package.json,npm@11.6.0,package.json,[],projects/govuk-frontend/repo
5357f388bebcf145474d565f6e657618061ddda9,1763131843,24,package.json,npm@11.6.0,package.json,[],projects/govuk-frontend/repo
e520ab3edd6fe4526822b9458273e98bc21c3921,1763135024,24,package.json,npm@11.6.0,package.json,[],projects/govuk-frontend/repo
12c3e9cf46727f277293f2eeab2f350bf9793bad,1763392056,24,package.json,npm@11.6.0,package.json,[],projects/govuk-frontend/repo
3682705ff280684b9c12983bfbc174e5cd8a75ce,1763392266,24,package.json,npm@11.6.0,package.json,[],projects/govuk-frontend/repo
9e1d2fb625425035ad988cfa695640f01347eada,1763392915,24,package.json,npm@11.6.0,package.json,[],projects/govuk-frontend/repo
172135bcf9c7d542a2650c310cad4e73e438a8c5,1763432921,24,package.json,npm@11.6.0,package.json,[],projects/govuk-frontend/repo
71a2677e9bcdffbdeacf2b3d535edd5b899262ff,1763459882,24,package.json,npm@11.6.0,package.json,[],projects/govuk-frontend/repo
a31137618631b7d6ab8ab03d445b74e2bd50cee1,1763745183,24,package.json,npm@11.6.2,package.json,[],projects/govuk-frontend/repo
a3f5c2ea28459fc746860a89d809c402384fb032,1763747509,24,package.json,npm@11.6.2,package.json,[],projects/govuk-frontend/repo
8cfe5cf53b5eb2dda1ddbfdbc47041913473a172,1763993436,24,package.json,npm@11.6.0,package.json,[],projects/govuk-frontend/repo
f407ca50e3d9b647d8919fddc6b30ffe639298e6,1763993997,24,package.json,npm@11.6.2,package.json,[],projects/govuk-frontend/repo
9592c2e8b6cf51cc4e55df942bedb1e234ae8217,1763993997,24,package.json,npm@11.6.2,package.json,[],projects/govuk-frontend/repo
f319794b17dfd7a837df935f13540f2ea53d6999,1763993997,24,package.json,npm@11.6.2,package.json,[],projects/govuk-frontend/repo
cd4c8a6cdf79fa85ff4e4c96e7de1e1774a7f0e9,1763993997,24,package.json,npm@11.6.2,package.json,[],projects/govuk-frontend/repo
07ac21f4348bc68af8be72e5fdfc6102962afe2e,1763993997,24,package.json,npm@11.6.2,package.json,[],projects/govuk-frontend/repo
7e9420128b7b9e2758310a809f42c8058bfaf027,1763994075,24,package.json,npm@11.6.2,package.json,[],projects/govuk-frontend/repo
cfc0dc268588173f73cbcc1e18080e285c0e6ef2,1763994131,24,package.json,npm@11.6.2,package.json,[],projects/govuk-frontend/repo
b4d75db6773cd047f3f229d9fb9c53582dd9e5c1,1763994632,24,package.json,npm@11.6.2,package.json,[],projects/govuk-frontend/repo
2f364518ebf35f54c32f975288acede2c4f8399d,1764061214,24,package.json,npm@11.6.2,package.json,[],projects/govuk-frontend/repo
d95ef8fa6820039f072c2d9137e1b67755302231,1764061277,24,package.json,npm@11.6.2,package.json,[],projects/govuk-frontend/repo
ce1bea89cc7c67f206efe291bb27c64a94d72153,1764061292,24,package.json,npm@11.6.2,package.json,[],projects/govuk-frontend/repo
d6f501f67315a9f3a248c1e255b90c35bec4c0ae,1764062371,24,package.json,npm@11.6.2,package.json,[],projects/govuk-frontend/repo
3cd32773e07085762d2cb75f82c48801d147f46d,1764062390,24,package.json,npm@11.6.2,package.json,[],projects/govuk-frontend/repo
d08447d7cfb3a5e4dd7b3ab5dace5caf3b57bfbc,1764067368,24,package.json,npm@11.6.2,package.json,[],projects/govuk-frontend/repo
7ebfb67fcfbdd366f2e7f58f52a223820a65873b,1764068689,24,package.json,npm@11.6.2,package.json,[],projects/govuk-frontend/repo
6b76778aca4598e3a2c4fa17786258a50f7322ac,1764086256,24,package.json,npm@11.6.2,package.json,[],projects/govuk-frontend/repo
6262e9d926496a4130a3d01f51904a23d89da1fa,1764088458,24,package.json,npm@11.6.2,package.json,[],projects/govuk-frontend/repo
6ed994c4692013bd9c4abdef4448486c9e91c4e6,1764088466,24,package.json,npm@11.6.2,package.json,[],projects/govuk-frontend/repo
e62473ba4230b726099dab81b7d84996e8bdff5d,1764236998,24,package.json,npm@11.6.2,package.json,[],projects/govuk-frontend/repo
23331a1690c6262214bffa18915c8fc00ba153fe,1764339292,24,package.json,npm@11.6.2,package.json,[],projects/govuk-frontend/repo
c6a0db1000d8438acb9183be1fdc894ded665e31,1764591779,24,package.json,npm@11.6.2,package.json,[],projects/govuk-frontend/repo
75adbd7a0f13f39550fbd46eb09a7850e3a22989,1764592326,24,package.json,npm@11.6.2,package.json,[],projects/govuk-frontend/repo
1fbf9c298c2d8d02f2ca093cc45f76f7873354d8,1764595070,24,package.json,npm@11.6.2,package.json,[],projects/govuk-frontend/repo
24c411288c1791dee09d1edeb959e0c000e11556,1764595730,24,package.json,npm@11.6.2,package.json,[],projects/govuk-frontend/repo
8418382e2683a8fe340e32afb041b788a85f2151,1764595878,24,package.json,npm@11.6.2,package.json,[],projects/govuk-frontend/repo
25c9fd5b82801ff2c7c00ca7ddb91ea76276031e,1764599869,24,package.json,npm@11.6.2,package.json,[],projects/govuk-frontend/repo
d6a99f3f2174e5f6708b315b67c2159f601f044e,1764601123,24,package.json,npm@11.6.2,package.json,[],projects/govuk-frontend/repo
6119be0ca9739329d69776af7d577c6890ab614a,1764601609,24,package.json,npm@11.6.2,package.json,[],projects/govuk-frontend/repo
1faba03dcaf30be644ce3bc15608b02d4f5fcda3,1764603281,24,package.json,npm@11.6.2,package.json,[],projects/govuk-frontend/repo
2018522b3487c9b13c6d6c5fb26df73952243d59,1764603341,24,package.json,npm@11.6.2,package.json,[],projects/govuk-frontend/repo
77b3dcb9c34c49af13d1bd0ba03b72b91dc1664e,1764603594,24,package.json,npm@11.6.2,package.json,[],projects/govuk-frontend/repo
0bd29981dd5069f2c499c0b3514f4fc67c31d1da,1764603623,24,package.json,npm@11.6.2,package.json,[],projects/govuk-frontend/repo
ddd9863106ea30b569612558b12679ace4c3c68a,1764603674,24,package.json,npm@11.6.2,package.json,[],projects/govuk-frontend/repo
95760582c7788d52528574e9c830f0b47efb6ea1,1764603723,24,package.json,npm@11.6.2,package.json,[],projects/govuk-frontend/repo
51adf4b66b1f074ea11120b73fff81ac2dd4ee24,1764603748,24,package.json,npm@11.6.2,package.json,[],projects/govuk-frontend/repo
ec8bc08bb50c7acbc562aae444477f00b6a64b2b,1764604008,24,package.json,npm@11.6.2,package.json,[],projects/govuk-frontend/repo
6fe9b0bd0f297a8e1a49733df82e7077561e5c85,1764604045,24,package.json,npm@11.6.2,package.json,[],projects/govuk-frontend/repo
ff01583b7bdccb4abb983c9ad0b5e5904f7ffc82,1764605909,24,package.json,npm@11.6.2,package.json,[],projects/govuk-frontend/repo
3812201be35034a2608b2f5644609a8321d42e57,1764605933,24,package.json,npm@11.6.2,package.json,[],projects/govuk-frontend/repo
2c6c2ceeef6e4c9289067c2be3599cb922acb5dc,1764606531,24,package.json,npm@11.6.2,package.json,[],projects/govuk-frontend/repo
30123bfc3736d3a24bb98fbfd7f1321049569c69,1764606634,24,package.json,npm@11.6.2,package.json,[],projects/govuk-frontend/repo
2172796141a8f537c6372c420708959e813c4097,1764606756,24,package.json,npm@11.6.2,package.json,[],projects/govuk-frontend/repo
0f54aedef191ba28354989263f87bc9c33fd4b6d,1764609230,24,package.json,npm@11.6.2,package.json,[],projects/govuk-frontend/repo
448e1366915606614fd96c56fc237fd3cdf7aa35,1764609681,24,package.json,npm@11.6.2,package.json,[],projects/govuk-frontend/repo
ce547354a3652f3aeee4896520f0216e431c96b5,1764613255,24,package.json,npm@11.6.2,package.json,[],projects/govuk-frontend/repo
b44523e4c3df91f7447dca589dd68aaa4e953c05,1764613283,24,package.json,npm@11.6.2,package.json,[],projects/govuk-frontend/repo
50447e4d1e99cc99ac21ddd0f1fe0bab6cfaba11,1764613360,24,package.json,npm@11.6.2,package.json,[],projects/govuk-frontend/repo
718473f150abb4c0e95223bcc5130e5ff90a767e,1764613381,24,package.json,npm@11.6.2,package.json,[],projects/govuk-frontend/repo
7b9f7a1511d598d25538d57b4e37d4fa53f0e713,1764613428,24,package.json,npm@11.6.2,package.json,[],projects/govuk-frontend/repo
5a4e3e2f1fe3abe8fcc64a1d6cc2d135ac7bf26b,1764613458,24,package.json,npm@11.6.2,package.json,[],projects/govuk-frontend/repo
9cd61e857052414f99447f3c91e21e75f590c9d9,1764617934,24,package.json,npm@11.6.2,package.json,[],projects/govuk-frontend/repo
0673e5dc093758eb11ea7af08690f0ab37ac4864,1764625501,24,package.json,npm@11.6.2,package.json,[],projects/govuk-frontend/repo
d68b535bfaea428666e9a40dc529c6a7a6bf2f01,1764665941,24,package.json,npm@11.6.2,package.json,[],projects/govuk-frontend/repo
cd955f823f00667e684722133378f979d07106b9,1764666004,24,package.json,npm@11.6.2,package.json,[],projects/govuk-frontend/repo
087114a95fc820b6f9eccafec6b79818ed2c90d1,1764666038,24,package.json,npm@11.6.2,package.json,[],projects/govuk-frontend/repo
d72cfad95c7c973f45334be21d0e32cbbf49deed,1764666128,24,package.json,npm@11.6.2,package.json,[],projects/govuk-frontend/repo
c6ccb887e33c5aed21a48fed6fd1b1e670986bf8,1764666150,24,package.json,npm@11.6.2,package.json,[],projects/govuk-frontend/repo
21421a157e70e9d285004dbcbc82bb5bf1639090,1764666175,24,package.json,npm@11.6.2,package.json,[],projects/govuk-frontend/repo
3ba347f24a37a7789b4dcdb9763cad4691d5f3ad,1764666186,24,package.json,npm@11.6.2,package.json,[],projects/govuk-frontend/repo
c8feecb01322b0ee4e480cb71f87e3db515cebea,1764666216,24,package.json,npm@11.6.2,package.json,[],projects/govuk-frontend/repo
2988df35d2c58414ceda406c307a1976c5503541,1764666253,24,package.json,npm@11.6.2,package.json,[],projects/govuk-frontend/repo
10085855b9223cae4d2371e5d873338445427a31,1764666314,24,package.json,npm@11.6.2,package.json,[],projects/govuk-frontend/repo
ec3389397238d612dc7fb424e1fa8206ae9d272d,1764666346,24,package.json,npm@11.6.2,package.json,[],projects/govuk-frontend/repo
34497342e731d6a5467bb69c69e68082aace7835,1764666430,24,package.json,npm@11.6.2,package.json,[],projects/govuk-frontend/repo
8bf72974f8a051ec320861f1b4aa42d708e13b72,1764666678,24,package.json,npm@11.6.2,package.json,[],projects/govuk-frontend/repo
524335c7d9cb9da842c141b627a76bf24cca47f5,1764666772,24,package.json,npm@11.6.2,package.json,[],projects/govuk-frontend/repo
c13a6c5f669e6bde90f1655ab78202e5b2088e6e,1764668238,24,package.json,npm@11.6.2,package.json,[],projects/govuk-frontend/repo
4ee26e1f27ae924f5ec97b262dcd91b1ef2be113,1764669922,24,package.json,npm@11.6.2,package.json,[],projects/govuk-frontend/repo
bb7f29c8c097e04269d4713a79a6393251e2a6b6,1764846657,24,package.json,npm@11.6.2,package.json,[],projects/govuk-frontend/repo
1fdd6b3a1aedea09cd7e9839b336efb7acaf8374,1764847274,24,package.json,npm@11.6.2,package.json,[],projects/govuk-frontend/repo
f817e7975918c16b03491da1888dcc14d0a7e093,1764929358,24,package.json,npm@11.6.2,package.json,[],projects/govuk-frontend/repo
2916d94a8ee33575a0368884481f2c2f60677582,1765206254,24,package.json,npm@11.6.2,package.json,[],projects/govuk-frontend/repo
baec1be64e3887255b793a72f457f700d8e97a53,1765207457,24,package.json,npm@11.6.2,package.json,[],projects/govuk-frontend/repo
57ea8b8dac5731bc0028e5e138e300732d134a60,1765208073,24,package.json,npm@11.6.2,package.json,[],projects/govuk-frontend/repo
8fae27a99fe16607b8bfe4fe1af962d18ab5cbad,1765210676,24,package.json,npm@11.6.2,package.json,[],projects/govuk-frontend/repo
e084c8a6e9fd2e3ed3195ad783ebadc547d9660b,1765446675,24,package.json,npm@11.6.2,package.json,[],projects/govuk-frontend/repo
05570e9bc2dbbd54741ee2c578011202be3234cc,1765452948,24,package.json,npm@11.6.2,package.json,[],projects/govuk-frontend/repo
38b0b6822c7a2d46124f7ac1505574969db8070b,1765453052,24,package.json,npm@11.6.2,package.json,[],projects/govuk-frontend/repo
08b762a948f553aa8cdf38380275aca7b0f2c77b,1765453052,24,package.json,npm@11.6.2,package.json,[],projects/govuk-frontend/repo
25ff08be1bc90abff8004572608597e2df4ac0b3,1765453376,24,package.json,npm@11.6.2,package.json,[],projects/govuk-frontend/repo
5c7347a861ece3a95930660c988bf7946684442d,1765453776,24,package.json,npm@11.6.2,package.json,[],projects/govuk-frontend/repo
0b3ef1afd6e4f48ca68645d6c3f6c3f87472b1cc,1765453811,24,package.json,npm@11.6.2,package.json,[],projects/govuk-frontend/repo
326a8d6c43e64c1c9af0715ebb24836e3239269f,1765453892,24,package.json,npm@11.6.2,package.json,[],projects/govuk-frontend/repo
86301ce006b4e72de6234f855fb7a67f2572580f,1765453951,24,package.json,npm@11.6.2,package.json,[],projects/govuk-frontend/repo
b5884bcede951779c3e166f9bf3420f0e7f4ee4a,1765454426,24,package.json,npm@11.6.2,package.json,[],projects/govuk-frontend/repo
c1d03952c23fd0f8a35b2943087ee2c7be229fb5,1765454771,24,package.json,npm@11.6.2,package.json,[],projects/govuk-frontend/repo
df9745a91e005703ad213cae20f02a7079a62583,1765457829,24,package.json,npm@11.6.2,package.json,[],projects/govuk-frontend/repo
9f3f8f1d5e67f11be940ab17697c50863805d8b2,1765457830,24,package.json,npm@11.6.2,package.json,[],projects/govuk-frontend/repo
23388ddc92a690bb3b9f6e0a8a0fb27395086596,1765462291,24,package.json,npm@11.6.2,package.json,[],projects/govuk-frontend/repo
4b483f23df210ec1df172d5d437403549f54b4c5,1765463886,24,package.json,npm@11.6.2,package.json,[],projects/govuk-frontend/repo
44357853a2eedbcc5aa7d5281a28b2601400faed,1765463894,24,package.json,npm@11.6.2,package.json,[],projects/govuk-frontend/repo
06383b8f613ff9125d7958c3825d16ea7c8691c1,1765463894,24,package.json,npm@11.6.2,package.json,[],projects/govuk-frontend/repo
e6c55cea93ea650ea3b1fbf5c75035591452d49f,1765463895,24,package.json,npm@11.6.2,package.json,[],projects/govuk-frontend/repo
7ff3ad15d352d8211bf550645e15635b4ab4d537,1765463895,24,package.json,npm@11.6.2,package.json,[],projects/govuk-frontend/repo
861d18dfaaccd380023294114429bb93ee075c2d,1765463923,24,package.json,npm@11.6.2,package.json,[],projects/govuk-frontend/repo
c9fb600cc7c69bd80362718c06939a496d1bf303,1765463925,24,package.json,npm@11.6.2,package.json,[],projects/govuk-frontend/repo
8b54e120f90276f343d9d34d7510d6c725791eb4,1765463925,24,package.json,npm@11.6.2,package.json,[],projects/govuk-frontend/repo
0c1042c70740eb99cf3215416dc642240369cfeb,1765463925,24,package.json,npm@11.6.2,package.json,[],projects/govuk-frontend/repo
c6be984072f00c171d2d542de3e4d57e896aeb3e,1765463925,24,package.json,npm@11.6.2,package.json,[],projects/govuk-frontend/repo
21a8d206224ac5cf4c2ace09ffb65307d040c87b,1765463925,24,package.json,npm@11.6.2,package.json,[],projects/govuk-frontend/repo
51d539b20b60de0c9853711906571275ca53ede6,1765464802,24,package.json,npm@11.6.2,package.json,[],projects/govuk-frontend/repo
2b90d91cbd4a35c37faf18c2a420f7ca759fe847,1765472798,24,package.json,npm@11.6.2,package.json,[],projects/govuk-frontend/repo
fe0b0664c0a1c4a5df9bf82480081dedee899c37,1765535399,24,package.json,npm@11.6.2,package.json,[],projects/govuk-frontend/repo
1d444c4dc834122b03b5dec72f96c06e4538278d,1765541208,24,package.json,npm@11.6.2,package.json,[],projects/govuk-frontend/repo
2162f3b178d6e7b9d351b0e7e27c38b7dc4cb292,1765819479,24,package.json,npm@11.6.2,package.json,[],projects/govuk-frontend/repo
360a177edcc4d593d5ae51798edb725b826de6c0,1765876942,24,package.json,npm@11.6.2,package.json,[],projects/govuk-frontend/repo
c3193da9b306a1aa71217cd1d9351d6652050545,1765877820,24,package.json,npm@11.6.2,package.json,[],projects/govuk-frontend/repo
92746421bd84f1d222df56c96f8514843259bb85,1765877938,24,package.json,npm@11.6.2,package.json,[],projects/govuk-frontend/repo
8bbd31a4f98ffebc5d4b195e42766a899bfe39cf,1765896807,24,package.json,npm@11.6.2,package.json,[],projects/govuk-frontend/repo
c36fb0a9cb49ba88947ecae138fe1edd3617a843,1765925676,24,package.json,npm@11.6.2,package.json,[],projects/govuk-frontend/repo
f8d1ef1a376d7ea502bed6a7472a6455cb839aea,1765962777,24,package.json,npm@11.6.2,package.json,[],projects/govuk-frontend/repo
f5da0d03ca456871ac7ff1a5e0289436919c8703,1766057628,24,package.json,npm@11.6.2,package.json,[],projects/govuk-frontend/repo
6bc7be721bc46c622f23e5f250e70d03e4b203ad,1766057918,24,package.json,npm@11.6.2,package.json,[],projects/govuk-frontend/repo
bbeb3331984ebc2a32ad56f33bc49da214abca5f,1766058438,24,package.json,npm@11.6.2,package.json,[],projects/govuk-frontend/repo
e1299cef08c258d4336a6492391a7ef927babf68,1766058938,24,package.json,npm@11.6.2,package.json,[],projects/govuk-frontend/repo
47c79e24aa223a9ba758abecbf1f77af0ad53f39,1766770012,24,package.json,npm@11.6.2,package.json,[],projects/govuk-frontend/repo
