project,run_id,suite,exit_code,line_number,fingerprint,occurrences,keyword,is_pipeline_issue,confidence,env_subsystem,labeled_at
flowfuse,1636661840_3b27a1b63878a3abaed1cbd0058225b1490a043a,unit,4,416,220ab4b79cecf4c8,49,     TypeError: Cannot read property 'role' of null,False,0.8400,none,2026-09-26T11:06:38.665225+00:00
flowfuse,1634560355_74138f82307565f06c9455ed039d8a1496a9a1fe,unit,1,404,50f47db14aed3ef7,51,     AssertionError: expected undefined to exist,False,0.8700,none,2026-09-26T11:06:38.687497+00:00
flowfuse,1642437418_2342b52cdcc40111d469f6cf2edf63529dc5667c,unit,4,420,05df3e4c40efac9c,58,     TypeError: Cannot read property 'db' of undefined,False,0.7000,none,2026-09-26T11:06:38.711252+00:00
flowfuse,1642437418_2342b52cdcc40111d469f6cf2edf63529dc5667c,unit,4,450,1e73de303c43ee1d,59,     TypeError: Cannot read property 'db' of undefined,False,0.7200,none,2026-09-26T11:06:38.987896+00:00
flowfuse,1645198139_90460285ff3ca2c45db7e6b361523b18a73a3aa4,system,2,576,8704a5ab940db94b,25,[2026-09-21T06:11:30.055Z] ERROR: Failed to start: Error: Cannot find module './stack.js',True,0.5600,module_resolution,2026-09-26T11:06:39.022337+00:00
flowfuse,1645198139_90460285ff3ca2c45db7e6b361523b18a73a3aa4,system,2,592,c87b23281d90d9c1,55,     Error: Cannot find module './stack.js',True,0.5700,module_resolution,2026-09-26T11:06:39.170308+00:00
flowfuse,1645198139_90460285ff3ca2c45db7e6b361523b18a73a3aa4,unit,8,342,e8c0ab75d95e052b,1,[2026-09-21T06:11:26.311Z] ERROR: Failed to start: Error: Cannot find module './stack.js',True,0.6400,module_resolution,2026-09-26T11:06:39.265263+00:00
flowfuse,1645198139_90460285ff3ca2c45db7e6b361523b18a73a3aa4,unit,8,355,b2c8027c70ecf209,12,[2026-09-21T06:11:26.369Z] ERROR: Failed to start: Error: Cannot find module './stack.js',True,0.6600,module_resolution,2026-09-26T11:06:39.448826+00:00
flowfuse,1645198139_90460285ff3ca2c45db7e6b361523b18a73a3aa4,unit,8,368,336fc105e244243b,7,[2026-09-21T06:11:26.410Z] ERROR: Failed to start: Error: Cannot find module './stack.js',True,0.6400,module_resolution,2026-09-26T11:06:39.605922+00:00
flowfuse,1645198139_90460285ff3ca2c45db7e6b361523b18a73a3aa4,unit,8,380,f9db680d11252691,1,[2026-09-21T06:11:26.454Z] ERROR: Failed to start: Error: Cannot find module './stack.js',True,0.6400,module_resolution,2026-09-26T11:06:39.799693+00:00
flowfuse,1647363716_0ecd5086f79a896a97c94274e2304ce84aebda29,unit,1,402,d483a552d7b84650,1,     AssertionError: expected LicenseDetails {,False,0.8600,none,2026-09-26T11:06:39.853742+00:00
flowfuse,1649840461_096575846a675c6bb59d58193b288289c96a1780,unit,3,436,35f6a9a351e67125,19,[2026-09-09T18:00:15.480Z] WARN: Failed to apply supplied license: JsonWebTokenError: invalid signature; falling back to,True,0.5000,false_positive,2026-09-26T11:06:40.007570+00:00
flowfuse,1649840461_096575846a675c6bb59d58193b288289c96a1780,unit,3,508,13df43b1d402843c,92,"     Error: Timeout of 2000ms exceeded. For async tests and hooks, ensure ""done()"" is called; if returning a Promise, en",False,0.6500,none,2026-09-26T11:06:40.150444+00:00
flowfuse,1651752490_8df15360e816c23bc1410984b091ff1320267df2,unit,15,397,6e10000d7ec9a8a9,21,[2026-09-12T20:28:37.216Z] ERROR: Failed to start container 3c93ae6e-f985-4481-9048-cabb6b8f4740: Error: failing to star,False,0.5200,false_positive,2026-09-26T11:06:40.426166+00:00
flowfuse,1651752490_8df15360e816c23bc1410984b091ff1320267df2,unit,15,575,d146b12f4fbb3dad,129,      AssertionError: expected 404 to be 400,False,0.9000,none,2026-09-26T11:06:40.526844+00:00
flowfuse,1651752490_8df15360e816c23bc1410984b091ff1320267df2,unit,15,718,07d881bcded8f045,8,      AssertionError: expected 404 to be 403,False,0.8900,none,2026-09-26T11:06:40.598611+00:00
flowfuse,1651752490_8df15360e816c23bc1410984b091ff1320267df2,unit,15,735,ed122675626d6daa,7,      AssertionError: expected 404 to be 400,False,0.8800,none,2026-09-26T11:06:40.794595+00:00
flowfuse,1652084056_62d007fc7cc4ee4ea9c8a90f54fe8271c38b2d00,unit,3,603,be8757b0e3e551ab,59,"     Error: Timeout of 2000ms exceeded. For async tests and hooks, ensure ""done()"" is called; if returning a Promise, en",False,0.7600,none,2026-09-26T11:06:40.896211+00:00
flowfuse,1652104762_b729f5b9d4b96061055c44bc8a7af172468d12a0,unit,3,605,4c23d0bb7c0f7c11,153,     AssertionError: expected Object {,False,0.9100,none,2026-09-26T11:06:41.155736+00:00
flowfuse,1655479676_0d5293249ca331b672b146432fc0b3170964e469,forge-unit,3,655,96ab471bbf4e2744,7,          FastifyError: Reply was already sent.,False,0.6700,none,2026-09-26T11:06:41.204910+00:00
flowfuse,1656426939_e0b15f5c78fe5f0e7937375359c274c65742855b,system,4,874,a822c091faa93101,90,     AssertionError: expected Object {,False,0.8300,none,2026-09-26T11:06:41.380132+00:00
flowfuse,1658757620_529e34049be4af5d91c5466a38dd63ab28317930,forge-unit,21,413,898ef5a7a1f5c710,1,[2026-09-12T05:45:01.284Z] ERROR: Failed to start container 5c5ca209-23f0-4aec-83ab-ea197b033784: Error: failing to star,True,0.5100,none,2026-09-26T11:06:41.491680+00:00
flowfuse,1658757620_529e34049be4af5d91c5466a38dd63ab28317930,forge-unit,21,545,3f3b86eb234755bf,1,[2026-09-12T05:45:17.836Z] WARN: Failed to apply supplied license: JsonWebTokenError: invalid signature; falling back to,True,0.5800,false_positive,2026-09-26T11:06:41.658469+00:00
flowfuse,1658757620_529e34049be4af5d91c5466a38dd63ab28317930,forge-unit,21,551,494b081077682196,1,[2026-09-12T05:45:18.216Z] WARN: Failed to apply supplied license: JsonWebTokenError: invalid signature; falling back to,True,0.5500,false_positive,2026-09-26T11:06:41.872919+00:00
flowfuse,1658757620_529e34049be4af5d91c5466a38dd63ab28317930,forge-unit,21,970,cd926e59f19548fc,63,      AssertionError: expected 200 to be 400,False,0.8700,none,2026-09-26T11:06:42.019024+00:00
flowfuse,1658757620_529e34049be4af5d91c5466a38dd63ab28317930,forge-unit,21,1001,88c904d0ed14bbf3,3,      AssertionError: expected 200 to be 401,False,0.8800,none,2026-09-26T11:09:36.786009+00:00
flowfuse,1659087885_de85b53ed28dc26f8e4c74108f7e5a31ca1b78c1,forge-unit,1,416,48262df1fe0c62df,9,[2026-09-09T19:25:45.993Z] WARN: Failed to apply supplied license: JsonWebTokenError: invalid signature; falling back to,True,0.5100,false_positive,2026-09-26T11:09:36.787397+00:00
flowfuse,1660034025_b55240c93ec5f91f3afeea3563e03a6442724001,forge-unit,1,535,09bb800e866b82e8,1,[2026-09-11T06:20:13.694Z] WARN: Failed to apply supplied license: JsonWebTokenError: invalid signature; falling back to,False,0.6900,none,2026-09-26T11:09:37.044931+00:00
flowfuse,1660034025_b55240c93ec5f91f3afeea3563e03a6442724001,forge-unit,1,773,eb982f81551af0d8,31,       Receive charge.failed callback for unknown customer:,False,0.7500,none,2026-09-26T11:09:37.196177+00:00
flowfuse,1660034025_b55240c93ec5f91f3afeea3563e03a6442724001,forge-unit,1,947,6c9481fa9d386f55,1,"        payload: '{""id"":""evt_123456790"",""object"":""event"",""data"":{""object"":{""id"":""ch_1234567890"",""customer"":""cus_09876543",False,0.8600,none,2026-09-26T11:09:37.336216+00:00
flowfuse,1659087885_de85b53ed28dc26f8e4c74108f7e5a31ca1b78c1,forge-unit,1,432,0e1bb2f0b446676a,9,[2026-09-09T19:25:47.048Z] WARN: Failed to apply supplied license: JsonWebTokenError: invalid signature; falling back to,False,0.5200,none,2026-09-26T11:09:37.392964+00:00
flowfuse,1660119988_cb6b58a04ebf56c8cc716df183dd302e2d3244d1,forge-unit,4,384,4cd2cbb152876c0e,26,[2026-09-09T02:13:07.897Z] ERROR: Failed to start: SequelizeUniqueConstraintError: Validation error,False,0.6500,none,2026-09-26T11:09:37.493839+00:00
flowfuse,1660119988_cb6b58a04ebf56c8cc716df183dd302e2d3244d1,forge-unit,4,410,429d97ee473cd3ce,1,  parent: [Error: SQLITE_CONSTRAINT: UNIQUE constraint failed: BrokerClients.username] {,False,0.6900,none,2026-09-26T11:09:37.635754+00:00
flowfuse,1660119988_cb6b58a04ebf56c8cc716df183dd302e2d3244d1,forge-unit,4,570,0f6dcb892bbb3662,2,[2026-09-09T02:13:37.024Z] WARN: Failed to apply supplied license: JsonWebTokenError: invalid signature; falling back to,False,0.5100,false_positive,2026-09-26T11:09:37.774091+00:00
flowfuse,1661251331_11fd0b2cb9837b2e824e40b962cf27973fe68709,forge-unit,1,402,579dce76b716e7fd,2,            Error: SQLITE_MISUSE: Database handle is closed,False,0.7200,none,2026-09-26T11:09:38.024750+00:00
flowfuse,1661523143_e0947d8315845fae22570073b3d72fb19da78796,forge-unit,3,497,38278eb86cd1f374,375,[2026-09-09T00:24:08.907Z] ERROR: Failed to start container af19240c-68c0-46c3-bd2e-44b98984973b: Error: failing to star,True,0.5000,none,2026-09-26T11:09:38.183381+00:00
flowfuse,1661523143_e0947d8315845fae22570073b3d72fb19da78796,forge-unit,3,583,b98ea068fa22817d,4,[2026-09-09T00:24:32.620Z] WARN: Failed to apply supplied license: JsonWebTokenError: invalid signature; falling back to,True,0.5300,false_positive,2026-09-26T11:09:38.217904+00:00
flowfuse,1661523143_e0947d8315845fae22570073b3d72fb19da78796,forge-unit,3,590,6cd377beb93cee75,4,[2026-09-09T00:24:33.564Z] WARN: Failed to apply supplied license: JsonWebTokenError: invalid signature; falling back to,True,0.5300,false_positive,2026-09-26T11:09:38.407412+00:00
flowfuse,1661523143_e0947d8315845fae22570073b3d72fb19da78796,forge-unit,3,596,63e90cf892cba91f,4,[2026-09-09T00:24:34.156Z] WARN: Failed to apply supplied license: JsonWebTokenError: invalid signature; falling back to,False,0.5400,false_positive,2026-09-26T11:09:38.521650+00:00
flowfuse,1661865976_4d0bcc97ace930e8889611e9220545b0151c0605,forge-unit,59,404,1e9754945660abd3,26,[2026-09-13T20:56:44.077Z] ERROR: Failed to start: Error: Unrecognised scope requested: 'device:edit-env',False,0.6200,none,2026-09-26T11:09:38.707534+00:00
flowfuse,1661865976_4d0bcc97ace930e8889611e9220545b0151c0605,forge-unit,59,410,656b5da7cb930229,3,[2026-09-13T20:56:44.191Z] ERROR: Failed to start: Error: Unrecognised scope requested: 'device:edit-env',False,0.6300,none,2026-09-26T11:09:38.820969+00:00
flowfuse,1661865976_4d0bcc97ace930e8889611e9220545b0151c0605,forge-unit,59,420,ef7d5f467a60d8ea,18,[2026-09-13T20:56:44.356Z] WARN: Failed to apply supplied license: JsonWebTokenError: invalid signature; falling back to,False,0.5300,none,2026-09-26T11:09:39.011295+00:00
flowfuse,1661865976_4d0bcc97ace930e8889611e9220545b0151c0605,forge-unit,59,427,5a3cb6ed05672e7b,10,[2026-09-13T20:56:44.529Z] ERROR: Failed to start: Error: Unrecognised scope requested: 'device:edit-env',False,0.6100,none,2026-09-26T11:09:39.185750+00:00
flowfuse,1661865976_4d0bcc97ace930e8889611e9220545b0151c0605,forge-unit,59,445,807fa9d71b12be14,11,[2026-09-13T20:56:44.898Z] ERROR: Failed to start: Error: Unrecognised scope requested: 'device:edit-env',False,0.6600,none,2026-09-26T11:09:39.445908+00:00
flowfuse,1661865976_4d0bcc97ace930e8889611e9220545b0151c0605,forge-unit,59,439,778875946a31cd12,9,[2026-09-13T20:56:44.787Z] ERROR: Failed to start: Error: Unrecognised scope requested: 'device:edit-env',False,0.5800,none,2026-09-26T11:09:39.494228+00:00
flowfuse,1661865976_4d0bcc97ace930e8889611e9220545b0151c0605,forge-unit,59,457,87865cad673bacd1,12,[2026-09-13T20:56:45.143Z] ERROR: Failed to start: Error: Unrecognised scope requested: 'device:edit-env',False,0.6200,none,2026-09-26T11:09:39.581598+00:00
flowfuse,1661865976_4d0bcc97ace930e8889611e9220545b0151c0605,forge-unit,59,468,6a7a922a55d3e0d0,6,[2026-09-13T20:56:45.373Z] ERROR: Failed to start: Error: Unrecognised scope requested: 'device:edit-env',False,0.6100,none,2026-09-26T11:09:39.727733+00:00
flowfuse,1661865976_4d0bcc97ace930e8889611e9220545b0151c0605,forge-unit,59,474,2acf13a0bd7fe032,40,[2026-09-13T20:56:45.628Z] ERROR: Failed to start: Error: Unrecognised scope requested: 'device:edit-env',False,0.6100,none,2026-09-26T11:09:39.927665+00:00
flowfuse,1661865976_4d0bcc97ace930e8889611e9220545b0151c0605,forge-unit,59,480,7fd9481672a8e23f,16,[2026-09-13T20:56:45.790Z] WARN: Failed to apply supplied license: JsonWebTokenError: invalid signature; falling back to,False,0.5300,none,2026-09-26T11:09:40.027937+00:00
flowfuse,1661865976_4d0bcc97ace930e8889611e9220545b0151c0605,forge-unit,59,486,9a92d384f8f35c7a,21,[2026-09-13T20:56:45.967Z] ERROR: Failed to start: Error: Unrecognised scope requested: 'device:edit-env',False,0.6100,none,2026-09-26T11:09:40.177358+00:00
flowfuse,1661865976_4d0bcc97ace930e8889611e9220545b0151c0605,forge-unit,59,499,0e521f722a0c9251,11,[2026-09-13T20:56:46.021Z] WARN: Failed to apply supplied license: JsonWebTokenError: invalid signature; falling back to,False,0.5100,none,2026-09-26T11:09:40.348067+00:00
flowfuse,1661865976_4d0bcc97ace930e8889611e9220545b0151c0605,forge-unit,59,506,27ee9b156f0b1b06,12,[2026-09-13T20:56:46.181Z] ERROR: Failed to start: Error: Unrecognised scope requested: 'device:edit-env',False,0.5400,none,2026-09-26T11:09:40.492215+00:00
flowfuse,1661865976_4d0bcc97ace930e8889611e9220545b0151c0605,forge-unit,59,512,cf577a6b939d1006,11,[2026-09-13T20:56:46.286Z] ERROR: Failed to start: Error: Unrecognised scope requested: 'device:edit-env',False,0.5500,none,2026-09-26T11:09:40.607075+00:00
flowfuse,1661865976_4d0bcc97ace930e8889611e9220545b0151c0605,forge-unit,59,518,7a5b122a70ce9f79,12,[2026-09-13T20:56:46.386Z] ERROR: Failed to start: Error: Unrecognised scope requested: 'device:edit-env',False,0.5600,none,2026-09-26T11:09:40.805051+00:00
flowfuse,1661865976_4d0bcc97ace930e8889611e9220545b0151c0605,forge-unit,59,524,23a25f6d0ab86f78,12,[2026-09-13T20:56:46.490Z] ERROR: Failed to start: Error: Unrecognised scope requested: 'device:edit-env',False,0.5800,none,2026-09-26T11:09:40.992365+00:00
flowfuse,1661865976_4d0bcc97ace930e8889611e9220545b0151c0605,forge-unit,59,530,a356cb0a5a4b63d6,12,[2026-09-13T20:56:46.592Z] ERROR: Failed to start: Error: Unrecognised scope requested: 'device:edit-env',False,0.6000,none,2026-09-26T11:09:41.108540+00:00
flowfuse,1661865976_4d0bcc97ace930e8889611e9220545b0151c0605,forge-unit,59,536,37252c8744f1c146,11,[2026-09-13T20:56:46.697Z] ERROR: Failed to start: Error: Unrecognised scope requested: 'device:edit-env',False,0.5300,none,2026-09-26T11:09:41.254222+00:00
flowfuse,1661865976_4d0bcc97ace930e8889611e9220545b0151c0605,forge-unit,59,542,c3aa3d44a3a0856a,7,[2026-09-13T20:56:46.817Z] ERROR: Failed to start: Error: Unrecognised scope requested: 'device:edit-env',False,0.6400,none,2026-09-26T11:09:41.355668+00:00
flowfuse,1661865976_4d0bcc97ace930e8889611e9220545b0151c0605,forge-unit,59,548,0d63635984e97866,11,[2026-09-13T20:56:46.917Z] ERROR: Failed to start: Error: Unrecognised scope requested: 'device:edit-env',False,0.6800,none,2026-09-26T11:09:41.521252+00:00
flowfuse,1661865976_4d0bcc97ace930e8889611e9220545b0151c0605,forge-unit,59,554,768b5296a45a3048,12,[2026-09-13T20:56:47.039Z] ERROR: Failed to start: Error: Unrecognised scope requested: 'device:edit-env',False,0.6900,none,2026-09-26T11:09:41.651507+00:00
flowfuse,1661865976_4d0bcc97ace930e8889611e9220545b0151c0605,forge-unit,59,561,810d59986df22712,8,[2026-09-13T20:56:47.137Z] ERROR: Failed to start: Error: Unrecognised scope requested: 'device:edit-env',False,0.7100,none,2026-09-26T11:09:41.849953+00:00
flowfuse,1661865976_4d0bcc97ace930e8889611e9220545b0151c0605,forge-unit,59,727,53a3f281a3e9626a,52,     Error: Unrecognised scope requested: 'device:edit-env',False,0.8000,none,2026-09-26T11:09:41.967034+00:00
flowfuse,1661865976_4d0bcc97ace930e8889611e9220545b0151c0605,forge-unit,59,742,58a73df7a12773b4,46,     Error: Unrecognised scope requested: 'device:edit-env',False,0.7800,none,2026-09-26T11:09:42.164154+00:00
flowfuse,1661865976_4d0bcc97ace930e8889611e9220545b0151c0605,forge-unit,59,787,3a887e549274cf01,61,     Error: Unrecognised scope requested: 'device:edit-env',False,0.7800,none,2026-09-26T11:09:42.283483+00:00
flowfuse,1661865976_4d0bcc97ace930e8889611e9220545b0151c0605,forge-unit,59,818,9f1917a65dc52db5,56,     Error: Unrecognised scope requested: 'device:edit-env',False,0.8000,none,2026-09-26T11:09:42.432210+00:00
flowfuse,1661865976_4d0bcc97ace930e8889611e9220545b0151c0605,forge-unit,59,912,69902e05cde923dc,62,     Error: Unrecognised scope requested: 'device:edit-env',False,0.7800,none,2026-09-26T11:09:42.607777+00:00
flowfuse,1661865976_4d0bcc97ace930e8889611e9220545b0151c0605,forge-unit,59,927,f28c5743a0e0b04f,64,     Error: Unrecognised scope requested: 'device:edit-env',False,0.7600,none,2026-09-26T11:09:42.797243+00:00
flowfuse,1661865976_4d0bcc97ace930e8889611e9220545b0151c0605,forge-unit,59,942,770826808020665b,46,     Error: Unrecognised scope requested: 'device:edit-env',False,0.8000,none,2026-09-26T11:09:42.926577+00:00
flowfuse,1661865976_4d0bcc97ace930e8889611e9220545b0151c0605,forge-unit,59,972,32a18cf8bea01f23,51,     Error: Unrecognised scope requested: 'device:edit-env',False,0.7800,none,2026-09-26T11:09:43.057314+00:00
flowfuse,1661865976_4d0bcc97ace930e8889611e9220545b0151c0605,forge-unit,59,1002,6096484261fef44b,49,     Error: Unrecognised scope requested: 'device:edit-env',False,0.8000,none,2026-09-26T11:09:43.153378+00:00
flowfuse,1661865976_4d0bcc97ace930e8889611e9220545b0151c0605,forge-unit,59,1017,f3b3baf1158cb588,98,     Error: Unrecognised scope requested: 'device:edit-env',False,0.7700,none,2026-09-26T11:09:43.373476+00:00
flowfuse,1661865976_4d0bcc97ace930e8889611e9220545b0151c0605,forge-unit,59,1032,3f50da80d5bd23b1,70,     Error: Unrecognised scope requested: 'device:edit-env',False,0.7900,none,2026-09-26T11:09:43.460796+00:00
flowfuse,1661865976_4d0bcc97ace930e8889611e9220545b0151c0605,forge-unit,59,1047,ed08466ac364fab0,51,     Error: Unrecognised scope requested: 'device:edit-env',False,0.8100,none,2026-09-26T11:09:43.649470+00:00
flowfuse,1661865976_4d0bcc97ace930e8889611e9220545b0151c0605,forge-unit,59,1062,c1fc30581bebaa3f,3,[2026-09-13T20:56:47.379Z] ERROR: Failed to start: Error: Unrecognised scope requested: 'device:edit-env',False,0.6700,none,2026-09-26T11:09:43.790606+00:00
flowfuse,1661865976_4d0bcc97ace930e8889611e9220545b0151c0605,system,4,1253,ca68c442993fa696,4,[2026-09-13T20:57:04.289Z] ERROR: Failed to start: Error: Unrecognised scope requested: 'device:edit-env',False,0.6500,none,2026-09-26T11:09:43.959588+00:00
flowfuse,1661865981_1ba4a8973b0bf213f899ceb8a928f34b8a9ccb41,forge-unit,59,398,b8ee69db4c14d538,26,[2026-09-15T03:06:05.691Z] ERROR: Failed to start: Error: Unrecognised scope requested: 'device:edit-env',False,0.6900,none,2026-09-26T11:09:44.073374+00:00
flowfuse,1661865981_1ba4a8973b0bf213f899ceb8a928f34b8a9ccb41,forge-unit,59,407,91bfddf7f2e7e8c8,14,[2026-09-15T03:06:05.869Z] WARN: Failed to apply supplied license: JsonWebTokenError: invalid signature; falling back to,False,0.5400,none,2026-09-26T11:09:44.215542+00:00
flowfuse,1661865981_1ba4a8973b0bf213f899ceb8a928f34b8a9ccb41,forge-unit,59,473,5aff601630be8ceb,39,[2026-09-15T03:06:07.306Z] ERROR: Failed to start: Error: Unrecognised scope requested: 'device:edit-env',False,0.5700,none,2026-09-26T11:09:44.349618+00:00
flowfuse,1661865981_1ba4a8973b0bf213f899ceb8a928f34b8a9ccb41,forge-unit,59,479,75f9203a3c24a756,6,[2026-09-15T03:06:07.496Z] WARN: Failed to apply supplied license: JsonWebTokenError: invalid signature; falling back to,True,0.5000,none,2026-09-26T11:09:44.507183+00:00
flowfuse,1661865997_992934619959c99c52a08d47ba6bfdf28a034d09,forge-unit,59,1061,bca3910f7596181f,1,[2026-09-15T00:01:23.901Z] ERROR: Failed to start: Error: Unrecognised scope requested: 'device:edit-env-only',False,0.6500,none,2026-09-26T11:09:44.712836+00:00
flowfuse,1661865997_992934619959c99c52a08d47ba6bfdf28a034d09,system,4,1252,5216a955150bbd0e,1,[2026-09-15T00:01:43.321Z] ERROR: Failed to start: Error: Unrecognised scope requested: 'device:edit-env-only',False,0.6700,none,2026-09-26T11:09:44.810835+00:00
flowfuse,1661866628_7fc611b9c7702240d2a5741dec97dc62f457b665,forge-unit,59,1063,1869de65dc761dcb,1,[2026-09-20T14:33:22.240Z] ERROR: Failed to start: Error: Unrecognised scope requested: 'project:member',False,0.6200,none,2026-09-26T11:09:44.961839+00:00
flowfuse,1661866628_7fc611b9c7702240d2a5741dec97dc62f457b665,system,4,1254,4714c72e5664e5c0,1,[2026-09-20T14:33:40.933Z] ERROR: Failed to start: Error: Unrecognised scope requested: 'project:member',False,0.6500,none,2026-09-26T11:09:45.129874+00:00
flowfuse,1663061548_97c541de49ee7fd7f9e6acf4378b3c1acfbd4467,forge-unit,72,441,3ae0705ac396148f,6,[2026-09-13T12:16:58.482Z] ERROR: Failed to start: SyntaxError: Unexpected identifier,True,0.7200,node_runtime_syntax,2026-09-26T11:09:45.274206+00:00
flowfuse,1663061548_97c541de49ee7fd7f9e6acf4378b3c1acfbd4467,forge-unit,72,455,ae144564f11d6dbc,6,[2026-09-13T12:16:58.526Z] ERROR: Failed to start: SyntaxError: Unexpected identifier,True,0.7600,node_runtime_syntax,2026-09-26T11:09:45.533306+00:00
flowfuse,1663061548_97c541de49ee7fd7f9e6acf4378b3c1acfbd4467,forge-unit,72,463,d99d29ce17601340,5,[2026-09-13T12:16:58.592Z] ERROR: Failed to start: SyntaxError: Unexpected identifier,True,0.7400,node_runtime_syntax,2026-09-26T11:09:45.600019+00:00
flowfuse,1663061548_97c541de49ee7fd7f9e6acf4378b3c1acfbd4467,forge-unit,72,469,274abdf6d34a9d70,2,[2026-09-13T12:16:58.606Z] ERROR: Failed to start: SyntaxError: Unexpected identifier,True,0.7200,node_runtime_syntax,2026-09-26T11:09:45.840577+00:00
flowfuse,1663061548_97c541de49ee7fd7f9e6acf4378b3c1acfbd4467,forge-unit,72,477,9894be7e6ac3ad5b,6,[2026-09-13T12:16:58.703Z] ERROR: Failed to start: SyntaxError: Unexpected identifier,True,0.7400,node_runtime_syntax,2026-09-26T11:09:45.939241+00:00
flowfuse,1663061548_97c541de49ee7fd7f9e6acf4378b3c1acfbd4467,forge-unit,72,498,46742174c6b40105,6,[2026-09-13T12:16:58.951Z] ERROR: Failed to start: SyntaxError: Unexpected identifier,True,0.7900,node_runtime_syntax,2026-09-26T11:09:46.048062+00:00
flowfuse,1663061548_97c541de49ee7fd7f9e6acf4378b3c1acfbd4467,forge-unit,72,557,8f83bb4586b0775d,3,[2026-09-13T12:16:59.199Z] ERROR: Failed to start: SyntaxError: Unexpected identifier,True,0.7500,node_runtime_syntax,2026-09-26T11:09:46.188559+00:00
flowfuse,1663061548_97c541de49ee7fd7f9e6acf4378b3c1acfbd4467,forge-unit,72,591,1a93e1dfc34d6d60,2,[2026-09-13T12:16:59.463Z] ERROR: Failed to start: SyntaxError: Unexpected identifier,True,0.6900,node_runtime_syntax,2026-09-26T11:09:46.478921+00:00
flowfuse,1663061548_97c541de49ee7fd7f9e6acf4378b3c1acfbd4467,forge-unit,72,583,6a839aebb95d408a,1,[2026-09-13T12:16:59.352Z] ERROR: Failed to start: SyntaxError: Unexpected identifier,True,0.7500,node_runtime_syntax,2026-09-26T11:09:46.552239+00:00
flowfuse,1663061548_97c541de49ee7fd7f9e6acf4378b3c1acfbd4467,forge-unit,72,611,1ffe7f704ae28061,5,SyntaxError: Unexpected identifier,True,0.6400,node_runtime_syntax,2026-09-26T11:09:46.638225+00:00
flowfuse,1663061548_97c541de49ee7fd7f9e6acf4378b3c1acfbd4467,forge-unit,72,1886,5df66d4b99a52f6b,1,[2026-09-13T12:16:59.559Z] ERROR: Failed to start: SyntaxError: Unexpected identifier,True,0.7500,node_runtime_syntax,2026-09-26T11:09:46.830963+00:00
flowfuse,1663061548_97c541de49ee7fd7f9e6acf4378b3c1acfbd4467,forge-unit,72,1892,92ee5f86af2b8caf,1,[2026-09-13T12:16:59.756Z] ERROR: Failed to start: SyntaxError: Unexpected identifier,True,0.7100,node_runtime_syntax,2026-09-26T11:09:46.946548+00:00
flowfuse,1663061548_97c541de49ee7fd7f9e6acf4378b3c1acfbd4467,system,6,2140,948168726f7ce3df,52,     TypeError: Cannot read properties of undefined (reading 'close'),True,0.5700,node_runtime_syntax,2026-09-26T11:09:47.078027+00:00
flowfuse,1663061548_97c541de49ee7fd7f9e6acf4378b3c1acfbd4467,system,6,2146,63ca453fe34e476f,1,[2026-09-13T12:17:53.527Z] ERROR: Failed to start: SyntaxError: Unexpected identifier,True,0.7100,node_runtime_syntax,2026-09-26T11:09:47.195099+00:00
flowfuse,1663259894_30d5b570a2776108328d92e90b156aa00df30abb,forge-unit,2,876,8d87beae609d2839,105,     AssertionError: expected 'Must be unique' to match /username must be unique/,False,0.9300,none,2026-09-26T11:09:47.349311+00:00
flowfuse,1666024659_62938c99107442359082e64e317a84b64156269c,forge-unit,1,625,dd00aadbb62244a5,2,          TypeError: Cannot set properties of undefined (setting 'modules'),False,0.8700,none,2026-09-26T11:09:47.529152+00:00
flowfuse,1666024659_62938c99107442359082e64e317a84b64156269c,forge-unit,1,636,d8d82417ed35e013,2,          TypeError: Cannot set properties of undefined (setting 'modules'),False,0.8600,none,2026-09-26T11:09:47.831381+00:00
flowfuse,1666024659_62938c99107442359082e64e317a84b64156269c,forge-unit,1,746,1baf63778e35b34a,6,          TypeError: Cannot set properties of undefined (setting 'modules'),False,0.8700,none,2026-09-26T11:09:47.843506+00:00
flowfuse,1666024659_62938c99107442359082e64e317a84b64156269c,forge-unit,1,756,74d9c91dbbf2b20e,6,          TypeError: Cannot set properties of undefined (setting 'modules'),False,0.8800,none,2026-09-26T11:09:47.995671+00:00
flowfuse,1666024659_62938c99107442359082e64e317a84b64156269c,forge-unit,1,766,547996a693da8f20,6,          TypeError: Cannot set properties of undefined (setting 'modules'),False,0.8700,none,2026-09-26T11:09:48.145350+00:00
flowfuse,1666024659_62938c99107442359082e64e317a84b64156269c,forge-unit,1,776,02b67f982c6163a8,6,          TypeError: Cannot set properties of undefined (setting 'modules'),False,0.8500,none,2026-09-26T11:09:48.321327+00:00
flowfuse,1666024659_62938c99107442359082e64e317a84b64156269c,forge-unit,1,786,ebcfe1afef7fbbd1,6,          TypeError: Cannot set properties of undefined (setting 'modules'),False,0.8500,none,2026-09-26T11:09:48.475765+00:00
flowfuse,1666024659_62938c99107442359082e64e317a84b64156269c,forge-unit,1,797,16b5983a9719201d,2,          TypeError: Cannot set properties of undefined (setting 'modules'),False,0.8500,none,2026-09-26T11:09:48.598735+00:00
flowfuse,1666024659_62938c99107442359082e64e317a84b64156269c,forge-unit,1,813,4b238b87b1ced39a,6,          TypeError: Cannot set properties of undefined (setting 'modules'),False,0.8600,none,2026-09-26T11:09:48.732931+00:00
flowfuse,1666024659_62938c99107442359082e64e317a84b64156269c,forge-unit,1,823,bd16468b1d8b867f,2,          TypeError: Cannot set properties of undefined (setting 'modules'),False,0.8600,none,2026-09-26T11:09:49.031391+00:00
flowfuse,1666024659_62938c99107442359082e64e317a84b64156269c,forge-unit,1,839,c2a6e7a7de49f61e,6,          TypeError: Cannot set properties of undefined (setting 'modules'),False,0.8600,none,2026-09-26T11:09:49.044002+00:00
flowfuse,1666024659_62938c99107442359082e64e317a84b64156269c,forge-unit,1,849,fff24757d1a9a0ac,6,          TypeError: Cannot set properties of undefined (setting 'modules'),False,0.8500,none,2026-09-26T11:09:49.153939+00:00
flowfuse,1666024659_62938c99107442359082e64e317a84b64156269c,forge-unit,1,859,927d75056ffafcb4,2,          TypeError: Cannot set properties of undefined (setting 'modules'),False,0.8600,none,2026-09-26T11:09:49.307889+00:00
flowfuse,1666024659_62938c99107442359082e64e317a84b64156269c,forge-unit,1,872,122a5c3e068d7bfe,2,          TypeError: Cannot set properties of undefined (setting 'modules'),False,0.8600,none,2026-09-26T11:09:49.536822+00:00
flowfuse,1666024659_62938c99107442359082e64e317a84b64156269c,forge-unit,1,920,e3bc1e40fe866c66,2,          TypeError: Cannot set properties of undefined (setting 'modules'),False,0.8600,none,2026-09-26T11:09:49.614212+00:00
flowfuse,1666024659_62938c99107442359082e64e317a84b64156269c,forge-unit,1,936,51d37aa4a2e0eb5d,2,          TypeError: Cannot set properties of undefined (setting 'modules'),False,0.8500,none,2026-09-26T11:09:49.913273+00:00
flowfuse,1666024659_62938c99107442359082e64e317a84b64156269c,forge-unit,1,949,474248868f58985f,2,          TypeError: Cannot set properties of undefined (setting 'modules'),False,0.8600,none,2026-09-26T11:09:49.925718+00:00
flowfuse,1666024659_62938c99107442359082e64e317a84b64156269c,forge-unit,1,974,7a437cfd1ab9f6fe,2,          TypeError: Cannot set properties of undefined (setting 'modules'),False,0.8700,none,2026-09-26T11:09:50.059663+00:00
flowfuse,1666024659_62938c99107442359082e64e317a84b64156269c,forge-unit,1,987,f9b9c52c94726597,2,          TypeError: Cannot set properties of undefined (setting 'modules'),False,0.8800,none,2026-09-26T11:09:50.211705+00:00
flowfuse,1666024659_62938c99107442359082e64e317a84b64156269c,forge-unit,1,999,411954eab9cd0aea,2,          TypeError: Cannot set properties of undefined (setting 'modules'),False,0.8800,none,2026-09-26T11:09:50.398509+00:00
flowfuse,1666024659_62938c99107442359082e64e317a84b64156269c,forge-unit,1,1180,a88ed58834728e3b,2,          TypeError: Cannot set properties of undefined (setting 'modules'),False,0.8000,none,2026-09-26T11:09:50.555654+00:00
flowfuse,1666025865_0d49a3380d88b35174fb588aa6fe0ca5efbdb6fe,forge-unit,1,645,f8067c190bb3d345,1,          TypeError: Cannot set properties of undefined (setting 'modules'),False,0.8700,none,2026-09-26T11:09:50.713518+00:00
flowfuse,1666108053_bae9216d33d82704fc586a0e9d26c9b0c5c4f3d0,forge-unit,1,504,f0a2f5be2a4fc677,35,[2026-09-09T23:25:28.900Z] ERROR: Failed to start: Error: Unrecognised scope requested: 'platform:audit-log',False,0.5800,none,2026-09-26T11:09:50.855641+00:00
flowfuse,1666108053_bae9216d33d82704fc586a0e9d26c9b0c5c4f3d0,forge-unit,1,510,f6a4a751e2e563ee,38,[2026-09-09T23:25:29.048Z] ERROR: Failed to start: Error: Unrecognised scope requested: 'platform:audit-log',False,0.6000,none,2026-09-26T11:09:51.051762+00:00
flowfuse,1666108053_bae9216d33d82704fc586a0e9d26c9b0c5c4f3d0,forge-unit,1,562,ab2c6ace423c530f,2,[2026-09-09T23:25:29.692Z] ERROR: Failed to start: Error: Unrecognised scope requested: 'platform:audit-log',False,0.6300,none,2026-09-26T11:09:51.144701+00:00
flowfuse,1666108053_bae9216d33d82704fc586a0e9d26c9b0c5c4f3d0,forge-unit,1,604,b941b0341bcb8a91,3,[2026-09-09T23:25:30.179Z] ERROR: Failed to start: Error: Unrecognised scope requested: 'platform:audit-log',False,0.7100,none,2026-09-26T11:09:51.256342+00:00
flowfuse,1666108053_bae9216d33d82704fc586a0e9d26c9b0c5c4f3d0,forge-unit,1,839,390ff4889103c976,51,     Error: Unrecognised scope requested: 'platform:audit-log',False,0.7800,none,2026-09-26T11:09:51.541892+00:00
flowfuse,1666108053_bae9216d33d82704fc586a0e9d26c9b0c5c4f3d0,forge-unit,1,879,c99b3e9a3d553a3c,45,     Error: Unrecognised scope requested: 'platform:audit-log',False,0.7900,none,2026-09-26T11:09:51.597445+00:00
flowfuse,1666108053_bae9216d33d82704fc586a0e9d26c9b0c5c4f3d0,forge-unit,1,1028,9b134e10d682076d,88,     Error: Unrecognised scope requested: 'platform:audit-log',False,0.8000,none,2026-09-26T11:09:51.686846+00:00
flowfuse,1666108053_bae9216d33d82704fc586a0e9d26c9b0c5c4f3d0,forge-unit,1,1160,f8aecdb7e5da939a,72,     Error: Unrecognised scope requested: 'platform:audit-log',False,0.7800,none,2026-09-26T11:09:51.898395+00:00
flowfuse,1666108053_bae9216d33d82704fc586a0e9d26c9b0c5c4f3d0,forge-unit,1,1304,4d7acca50f83b411,1,[2026-09-09T23:25:30.553Z] ERROR: Failed to start: Error: Unrecognised scope requested: 'platform:audit-log',False,0.5900,none,2026-09-26T11:09:52.055472+00:00
flowfuse,1666108053_bae9216d33d82704fc586a0e9d26c9b0c5c4f3d0,system,6,1495,5c7198a9f462ac82,1,[2026-09-09T23:26:02.307Z] ERROR: Failed to start: Error: Unrecognised scope requested: 'platform:audit-log',False,0.6000,none,2026-09-26T11:09:52.165004+00:00
flowfuse,1666117921_8aed28de4512b01b04fcb3314253a820da6b6147,forge-unit,1,855,8d33061aa0663bf0,2,          TypeError: Cannot read properties of null (reading 'UserId'),False,0.8700,none,2026-09-26T11:09:52.368596+00:00
flowfuse,1666258827_8d7110b6b2ad9d7d62d5b5e9c44af614823e80af,forge-unit,1,450,54ce47fabcb90796,4,[2026-09-13T21:09:39.645Z] ERROR: Failed to start: SyntaxError: Unexpected identifier,True,0.7500,node_runtime_syntax,2026-09-26T11:09:52.519074+00:00
flowfuse,1666258827_8d7110b6b2ad9d7d62d5b5e9c44af614823e80af,forge-unit,1,486,f2e5beaeb39bae11,4,[2026-09-13T21:09:40.102Z] ERROR: Failed to start: SyntaxError: Unexpected identifier,True,0.7400,node_runtime_syntax,2026-09-26T11:09:52.683177+00:00
flowfuse,1666258827_8d7110b6b2ad9d7d62d5b5e9c44af614823e80af,forge-unit,1,513,4df3153816ae391e,38,[2026-09-13T21:09:40.760Z] ERROR: Failed to start: SyntaxError: Unexpected identifier,True,0.7600,node_runtime_syntax,2026-09-26T11:09:52.828813+00:00
flowfuse,1666258827_8d7110b6b2ad9d7d62d5b5e9c44af614823e80af,forge-unit,1,519,0a73beafdf5d2aac,1,"    45) ""after each"" hook for ""Receive charge.failed callback""",True,0.7500,node_runtime_syntax,2026-09-26T11:09:52.969325+00:00
flowfuse,1666258827_8d7110b6b2ad9d7d62d5b5e9c44af614823e80af,forge-unit,1,616,f9453b3c7b4806c1,4,[2026-09-13T21:09:42.066Z] ERROR: Failed to start: SyntaxError: Unexpected identifier,True,0.7800,node_runtime_syntax,2026-09-26T11:09:53.076597+00:00
flowfuse,1666258827_8d7110b6b2ad9d7d62d5b5e9c44af614823e80af,forge-unit,1,978,6d7ef6b0196af502,31,     TypeError: Cannot read properties of undefined (reading 'close'),True,0.7200,node_runtime_syntax,2026-09-26T11:09:53.219621+00:00
flowfuse,1666258827_8d7110b6b2ad9d7d62d5b5e9c44af614823e80af,forge-unit,1,2068,2cfdea757b84a378,4,[2026-09-13T21:09:42.277Z] ERROR: Failed to start: SyntaxError: Unexpected identifier,True,0.7400,node_runtime_syntax,2026-09-26T11:09:53.368505+00:00
flowfuse,1666260669_1f237e21ddc3ec6eb59b76071566a240a30efdbd,forge-unit,1,506,8ac2c96fe38698d2,36,[2026-09-10T16:30:05.799Z] ERROR: Failed to start: SyntaxError: Unexpected identifier,True,0.7400,node_runtime_syntax,2026-09-26T11:09:53.747457+00:00
flowfuse,1666260669_1f237e21ddc3ec6eb59b76071566a240a30efdbd,forge-unit,1,414,cc2f62f3da72c6b5,22,[2026-09-10T16:30:04.604Z] ERROR: Failed to start: SyntaxError: Unexpected identifier,True,0.7900,node_runtime_syntax,2026-09-26T11:09:53.753277+00:00
flowfuse,1666363334_dd52d89ae82881e819335a989791d097d2a5969f,forge-unit,1,436,ee7993a053ba4053,2,[2026-09-11T11:34:23.397Z] ERROR: Failed to start: SyntaxError: Unexpected identifier,True,0.7200,node_runtime_syntax,2026-09-26T11:09:53.835539+00:00
flowfuse,1666363334_dd52d89ae82881e819335a989791d097d2a5969f,forge-unit,1,479,c619314150a3d051,2,[2026-09-11T11:34:23.950Z] ERROR: Failed to start: SyntaxError: Unexpected identifier,True,0.7600,node_runtime_syntax,2026-09-26T11:09:53.970971+00:00
flowfuse,1666363334_dd52d89ae82881e819335a989791d097d2a5969f,forge-unit,1,598,dbbce06e05b7787f,3,[2026-09-11T11:34:25.668Z] ERROR: Failed to start: SyntaxError: Unexpected identifier,True,0.7300,node_runtime_syntax,2026-09-26T11:09:54.176241+00:00
flowfuse,1666363334_dd52d89ae82881e819335a989791d097d2a5969f,forge-unit,1,621,c8747a884970a62c,2,[2026-09-11T11:34:25.853Z] ERROR: Failed to start: SyntaxError: Unexpected identifier,True,0.8500,node_runtime_syntax,2026-09-26T11:09:54.257446+00:00
flowfuse,1666363334_dd52d89ae82881e819335a989791d097d2a5969f,forge-unit,1,627,4b22b236c5b76676,2,[2026-09-11T11:34:25.898Z] ERROR: Failed to start: SyntaxError: Unexpected identifier,True,0.8400,node_runtime_syntax,2026-09-26T11:09:54.409268+00:00
flowfuse,1666363334_dd52d89ae82881e819335a989791d097d2a5969f,forge-unit,1,908,e99a1ef681b3d181,59,     TypeError: Cannot read properties of undefined (reading 'close'),True,0.7900,node_runtime_syntax,2026-09-26T11:09:54.616262+00:00
flowfuse,1666363334_dd52d89ae82881e819335a989791d097d2a5969f,forge-unit,1,1839,dd89190c0cc9068e,44,     TypeError: Cannot read properties of undefined (reading 'close'),True,0.7700,node_runtime_syntax,2026-09-26T11:09:54.713883+00:00
flowfuse,1667496990_71cdd5b853a25d3d8bda2cd46dc899dce2e9cc75,forge-unit,1,879,0f8da4569ca2e7c9,1,     SequelizeValidationError: notNull Violation: AccessToken.scope cannot be null,False,0.8600,none,2026-09-26T11:09:54.875305+00:00
flowfuse,1667496990_71cdd5b853a25d3d8bda2cd46dc899dce2e9cc75,forge-unit,1,968,6d88926f45064962,28,     SequelizeValidationError: notNull Violation: AccessToken.scope cannot be null,False,0.8600,none,2026-09-26T11:09:55.007951+00:00
flowfuse,1668785545_1bb277a0cf7fdb88431db3b8cc4f06e1da0286a8,forge-unit,1,934,0dd7370890843296,16,          TypeError: app.verifyToken is not a function,False,0.8200,none,2026-09-26T11:09:55.195641+00:00
flowfuse,1668785545_1bb277a0cf7fdb88431db3b8cc4f06e1da0286a8,forge-unit,1,960,79816e5803b90fff,16,          TypeError: app.verifyToken is not a function,False,0.8300,none,2026-09-26T11:09:55.336523+00:00
flowfuse,1668814859_5a87e6e7cce02cfe46d056870fec2d937b40d442,forge-unit,3,764,b4979df93de38415,1,"          TypeError: The ""data"" argument must be of type string or an instance of Buffer, TypedArray, or DataView. Recei",False,0.8400,none,2026-09-26T11:09:55.490709+00:00
flowfuse,1668814859_5a87e6e7cce02cfe46d056870fec2d937b40d442,forge-unit,3,1005,f8f5a1e86e6a60c8,41,"     TypeError: The ""data"" argument must be of type string or an instance of Buffer, TypedArray, or DataView. Received u",False,0.8800,none,2026-09-26T11:09:55.645607+00:00
flowfuse,1669378044_23da1b41351578ca5b1a3c22127ba223dbca9a1a,forge-unit,1,537,5ecd3971df44c175,5,[2026-09-09T12:12:44.195Z] ERROR: Failed to start project 665f530b-6568-4721-a731-2945022334c3: Error: failing to start ,False,0.7400,none,2026-09-26T11:09:55.800473+00:00
flowfuse,1669894434_61c08e9e8ef6bb810403d4040e9c01ce2519d909,forge-unit,51,449,bd0f8a3e5299c2ab,6,    46) Provides a logger for a failed login attempt,False,0.7000,false_positive,2026-09-26T11:09:55.954433+00:00
flowfuse,1669894434_61c08e9e8ef6bb810403d4040e9c01ce2519d909,forge-unit,51,1053,82ecc0550afc43ac,50,     AssertionError: expected Object {,False,0.8900,none,2026-09-26T11:09:56.080588+00:00
flowfuse,1669894434_61c08e9e8ef6bb810403d4040e9c01ce2519d909,forge-unit,51,1147,9a74a51c148d69fd,44,     AssertionError: expected Object {,False,0.8800,none,2026-09-26T11:09:56.221679+00:00
flowfuse,1669894434_61c08e9e8ef6bb810403d4040e9c01ce2519d909,forge-unit,51,1407,2864bc1722d79e6d,46,     AssertionError: expected Object {,False,0.8800,none,2026-09-26T11:09:56.407669+00:00
flowfuse,1669894434_61c08e9e8ef6bb810403d4040e9c01ce2519d909,forge-unit,51,1837,65a416ae0272ffe4,40,     AssertionError: expected Object {,False,0.8800,none,2026-09-26T11:09:56.547990+00:00
flowfuse,1669910440_88a10d014606c9ca5682e9ae6c4acb55ca45e29a,forge-unit,1,1053,fd5683933d40e56b,9,     AssertionError: expected Object {,False,0.9000,none,2026-09-26T11:09:56.657158+00:00
flowfuse,1670252684_5e42d9339628bf541c24a82f812a11df00b98455,forge-unit,19,541,9658bdeeef4da302,5,[2026-09-11T06:56:03.900Z] ERROR: Failed to start project def782a8-d110-45ec-a037-53c9392f115d: Error: failing to start ,False,0.6700,none,2026-09-26T11:09:56.861203+00:00
flowfuse,1670252684_5e42d9339628bf541c24a82f812a11df00b98455,forge-unit,19,779,5830933c532ebf4c,4,Failed to log project scope audit event project.start-failed Error: ConnectionManager.getConnection was called after the,False,0.7000,none,2026-09-26T11:09:56.990681+00:00
flowfuse,1670252684_5e42d9339628bf541c24a82f812a11df00b98455,forge-unit,19,898,44adb1fdc187dd55,3,          TypeError: Cannot read properties of undefined (reading 'find'),False,0.7400,none,2026-09-26T11:09:57.131428+00:00
flowfuse,1670252684_5e42d9339628bf541c24a82f812a11df00b98455,forge-unit,19,948,0b42fa89aed76faa,3,          TypeError: Cannot read properties of undefined (reading 'find'),False,0.7000,none,2026-09-26T11:09:57.240345+00:00
flowfuse,1670252684_5e42d9339628bf541c24a82f812a11df00b98455,forge-unit,19,960,b871847bf9ba2d08,4,Failed to log project scope audit event project.start-failed Error: ConnectionManager.getConnection was called after the,False,0.7100,none,2026-09-26T11:09:57.431821+00:00
flowfuse,1670252684_5e42d9339628bf541c24a82f812a11df00b98455,forge-unit,19,1016,b5570cb1b3c079e6,4,Failed to log project scope audit event project.start-failed Error: ConnectionManager.getConnection was called after the,False,0.6900,none,2026-09-26T11:09:57.682938+00:00
flowfuse,1670252684_5e42d9339628bf541c24a82f812a11df00b98455,forge-unit,19,1085,77d685b48a5b62c2,3,          TypeError: Cannot read properties of undefined (reading 'find'),False,0.7400,none,2026-09-26T11:09:57.781965+00:00
flowfuse,1670252684_5e42d9339628bf541c24a82f812a11df00b98455,forge-unit,19,1110,6116031f58710aa4,3,          TypeError: Cannot read properties of undefined (reading 'find'),False,0.7400,none,2026-09-26T11:09:57.877168+00:00
flowfuse,1670252684_5e42d9339628bf541c24a82f812a11df00b98455,system,5,2102,a5f3a925590a4d42,2,          TypeError: Cannot read properties of undefined (reading 'find'),False,0.8400,none,2026-09-26T11:09:58.051802+00:00
flowfuse,1670252684_5e42d9339628bf541c24a82f812a11df00b98455,system,5,2118,db799b63aee2c49f,3,          TypeError: Cannot read properties of undefined (reading 'find'),False,0.8300,none,2026-09-26T11:09:58.191504+00:00
flowfuse,1670252863_43bf7846c8c43e58696092dd8eea0959212c8710,system,5,2094,429e88121d6be0d7,1,          TypeError: Cannot read properties of undefined (reading 'find'),False,0.8300,none,2026-09-26T11:09:58.340089+00:00
flowfuse,1670604458_094d2d981b2f915d7fcf189fe25484526e45e1ec,forge-unit,22,703,2897c6a36b5ddf0f,38,    charge.failed,False,0.6000,none,2026-09-26T11:09:58.529974+00:00
flowfuse,1670604458_094d2d981b2f915d7fcf189fe25484526e45e1ec,forge-unit,22,1179,439e2632ada32001,68,     SequelizeValidationError: notNull Violation: Subscription.status cannot be null,False,0.8600,none,2026-09-26T11:09:58.605377+00:00
flowfuse,1670847777_32af62627516d69f7cb4613be2695da9ee170cbb,forge-unit,1,540,fb061228a2d47407,2,[2026-09-14T08:33:35.796Z] ERROR: Failed to start project 0a73b20f-3faa-42f3-9b49-9876c96900de: Error: failing to start ,False,0.7300,none,2026-09-26T11:09:58.794550+00:00
flowfuse,1670847777_32af62627516d69f7cb4613be2695da9ee170cbb,forge-unit,1,711,7881ceaad6481747,14,    charge.failed,False,0.7300,false_positive,2026-09-26T11:09:58.976838+00:00
flowfuse,1670921432_ddcfc239161e250a6aefe55f79d4a1e213a565ca,forge-unit,1,543,3a4576d5b0d9c984,1,[2026-09-21T07:42:49.661Z] ERROR: Failed to start project f647724c-c43f-464d-9e76-f0f264e8d1b3: Error: failing to start ,False,0.6700,none,2026-09-26T11:09:59.068181+00:00
flowfuse,1671019736_0e6a015c007cc80b0f620c1876ebbce4bd384899,forge-unit,1,523,e40245df1aa10b19,1,[2026-09-09T01:15:12.768Z] ERROR: Failed to start project 37cd992a-59b2-43fd-b866-3cdc444a85fb: Error: failing to start ,False,0.6300,none,2026-09-26T11:09:59.264740+00:00
flowfuse,1671019914_b45de3087ebf8621304528b80a7ae1299c693455,forge-unit,1,524,f47e81a7a48db8fe,22,[2026-09-14T02:30:17.226Z] ERROR: Failed to start project eafc64f4-4a8a-40e0-91d8-bd9c9609334e: Error: failing to start ,False,0.7900,none,2026-09-26T11:09:59.424494+00:00
flowfuse,1671019914_b45de3087ebf8621304528b80a7ae1299c693455,forge-unit,1,1104,cd0728861b4faea6,2,      AssertionError: expected 1 to be 0,False,0.8900,none,2026-09-26T11:09:59.548881+00:00
flowfuse,1671111286_cf7eeb12f7ee3c9442165d5aff94fbe4ed653bad,forge-unit,1,1134,9a58295e2efe261a,42,     AssertionError: expected Object {,False,0.9300,none,2026-09-26T11:09:59.702361+00:00
flowfuse,1671209982_9589135d49d0f8048277b5c432e572953069755f,forge-unit,1,1002,993d0db8418919d4,1,            Error: SQLITE_MISUSE: Database handle is closed,False,0.6600,none,2026-09-26T11:09:59.812069+00:00
flowfuse,1671563975_bf5a08b2e57479bec86e77481e7d531945a913bc,forge-unit,1,1003,54a85bd58be0cbe0,1,            Error: SQLITE_MISUSE: Database handle is closed,False,0.6300,none,2026-09-26T11:10:00.030696+00:00
flowfuse,1672759647_87379dadf81bc1c4e601116eed788703bf273457,forge-unit,1,739,f57a5be1eae2f598,7,    charge.failed,False,0.8100,none,2026-09-26T11:10:00.118911+00:00
flowfuse,1673281890_d8b2fd9c3379d884e0c41537767207b4b6b53b17,forge-unit,20,876,4c8847d155e39caf,1,          TypeError: Cannot read properties of undefined (reading 'type'),False,0.8900,none,2026-09-26T11:10:00.272062+00:00
flowfuse,1673281890_d8b2fd9c3379d884e0c41537767207b4b6b53b17,forge-unit,20,946,1cf93a73f71dd66b,1,          TypeError: Cannot read properties of undefined (reading 'type'),False,0.8800,none,2026-09-26T11:10:00.450892+00:00
flowfuse,1673281890_d8b2fd9c3379d884e0c41537767207b4b6b53b17,forge-unit,20,1023,09d8755c6d21c52a,3,          TypeError: Cannot read properties of undefined (reading 'type'),False,0.8600,none,2026-09-26T11:10:00.723143+00:00
flowfuse,1673281890_d8b2fd9c3379d884e0c41537767207b4b6b53b17,forge-unit,20,1034,684933d6e86e348b,1,          TypeError: Cannot read properties of undefined (reading 'type'),False,0.8700,none,2026-09-26T11:10:00.773201+00:00
flowfuse,1673281890_d8b2fd9c3379d884e0c41537767207b4b6b53b17,forge-unit,20,1043,a2cbf9a6302c7f30,3,          TypeError: Cannot read properties of undefined (reading 'type'),False,0.8600,none,2026-09-26T11:10:00.933445+00:00
flowfuse,1673281890_d8b2fd9c3379d884e0c41537767207b4b6b53b17,forge-unit,20,1063,d89ff17981064283,3,          TypeError: Cannot read properties of undefined (reading 'type'),False,0.8700,none,2026-09-26T11:10:01.025523+00:00
flowfuse,1673281890_d8b2fd9c3379d884e0c41537767207b4b6b53b17,forge-unit,20,1161,e1db4e4405d26e04,1,          TypeError: Cannot read properties of undefined (reading 'type'),False,0.8600,none,2026-09-26T11:10:01.338388+00:00
flowfuse,1673281890_d8b2fd9c3379d884e0c41537767207b4b6b53b17,forge-unit,20,1151,f21562a4122bb0ec,1,          TypeError: Cannot read properties of undefined (reading 'type'),False,0.8700,none,2026-09-26T11:10:01.426808+00:00
flowfuse,1673281890_d8b2fd9c3379d884e0c41537767207b4b6b53b17,forge-unit,20,1199,1f108628699113b9,1,          TypeError: Cannot read properties of undefined (reading 'type'),False,0.8800,none,2026-09-26T11:10:01.471461+00:00
flowfuse,1673281890_d8b2fd9c3379d884e0c41537767207b4b6b53b17,forge-unit,20,1208,97677302626b4ad9,1,          TypeError: Cannot read properties of undefined (reading 'type'),False,0.8800,none,2026-09-26T11:10:01.642661+00:00
flowfuse,1673281890_d8b2fd9c3379d884e0c41537767207b4b6b53b17,forge-unit,20,1231,34e14e9e0d8eae71,1,          TypeError: Cannot read properties of undefined (reading 'type'),False,0.8900,none,2026-09-26T11:10:01.785853+00:00
flowfuse,1673281890_d8b2fd9c3379d884e0c41537767207b4b6b53b17,forge-unit,20,1254,dd9d779e8c6c1379,1,          TypeError: Cannot read properties of undefined (reading 'type'),False,0.8700,none,2026-09-26T11:10:01.949118+00:00
flowfuse,1673459606_df593cc4f3e2185fc55697f0ee1d6bf5b02183c4,forge-unit,9,769,2d8bff839c44ece2,1,          TypeError: Cannot read properties of undefined (reading 'free_trial'),False,0.8600,none,2026-09-26T11:10:02.153070+00:00
flowfuse,1673535398_e461d7889cbf51078c3b7b0cf1214d57bd6d1a51,forge-unit,1,759,94907ee9faf8e615,958,    charge.failed,False,0.6100,false_positive,2026-09-26T11:10:02.314329+00:00
flowfuse,1673540051_170aa2d9f829674cbb851618a071cfa0dc6aff3d,forge-unit,1,475,bdd91dfd61d1e770,5,            Error: SQLITE_MISUSE: Database handle is closed,False,0.6900,none,2026-09-26T11:10:02.430342+00:00
flowfuse,1674057708_6f7ad0caf3e43ac092599836b451351563111bbe,forge-unit,1,405,0de1f7097a940484,866,"[2026-09-21T16:42:58.108Z] ERROR: AUDIT: event: project.start-failed, type: project, id: d4747822-5eec-4dc3-98ef-a1b67b3",False,0.6500,false_positive,2026-09-26T11:10:02.591746+00:00
flowfuse,1674057708_6f7ad0caf3e43ac092599836b451351563111bbe,forge-unit,1,531,6854bb68ae532c69,7,[2026-09-21T16:43:10.674Z] ERROR: Failed to start project 5845f4cc-9b3d-415c-b16c-44b7cf15d769: Error: failing to start ,False,0.7000,none,2026-09-26T11:10:02.675949+00:00
flowfuse,1674057708_6f7ad0caf3e43ac092599836b451351563111bbe,forge-unit,1,1068,3e65dfe931e7482f,115,"[2026-09-21T16:46:02.323Z] ERROR: AUDIT: event: user.updated-user, type: user, id: 5, Validation isEmail on email failed",False,0.7900,false_positive,2026-09-26T11:10:02.863785+00:00
flowfuse,1674057708_6f7ad0caf3e43ac092599836b451351563111bbe,forge-unit,1,1075,0996d2a0198e48ea,125,"[2026-09-21T16:46:04.611Z] ERROR: AUDIT: event: user.updated-password, type: user, id: 4, password change failed",False,0.7800,false_positive,2026-09-26T11:10:03.033394+00:00
flowfuse,1674057708_6f7ad0caf3e43ac092599836b451351563111bbe,forge-unit,1,1122,59b5acdb7deacefa,65,"[2026-09-21T16:46:22.079Z] ERROR: AUDIT: event: users.deleted-user, type: user, id: 2, Error: Cannot delete user that ow",False,0.8100,none,2026-09-26T11:10:03.145096+00:00
flowfuse,1674057708_6f7ad0caf3e43ac092599836b451351563111bbe,forge-unit,1,1151,a1c8553055fe9ec3,22,"[2026-09-21T16:46:31.177Z] ERROR: AUDIT: event: account.register, type: user, Error: license limit reached",False,0.7500,none,2026-09-26T11:10:03.320749+00:00
flowfuse,1674057708_6f7ad0caf3e43ac092599836b451351563111bbe,forge-unit,1,1165,12127eb5b0c0ec51,135,"[2026-09-21T16:46:33.069Z] ERROR: AUDIT: event: project.start-failed, type: project, id: 957bd5ce-b673-46da-9d1c-1073f98",False,0.6200,false_positive,2026-09-26T11:10:03.474370+00:00
flowfuse,1674653572_bcacde0b55517169a8f1468a9df959666e16e765,forge-unit,38,859,8d266dad64b29f08,2,          TypeError: Cannot read properties of undefined (reading 'trialEndsAt'),False,0.8900,none,2026-09-26T11:10:03.619074+00:00
flowfuse,1674653572_bcacde0b55517169a8f1468a9df959666e16e765,forge-unit,38,913,d0081ee45ddd0f5e,2,          TypeError: Cannot read properties of undefined (reading 'trialEndsAt'),False,0.8700,none,2026-09-26T11:10:03.912826+00:00
flowfuse,1674653572_bcacde0b55517169a8f1468a9df959666e16e765,forge-unit,38,874,55332ca9d1cd45c0,2,          TypeError: Cannot read properties of undefined (reading 'trialEndsAt'),False,0.8800,none,2026-09-26T11:10:03.964106+00:00
flowfuse,1674653572_bcacde0b55517169a8f1468a9df959666e16e765,forge-unit,38,937,009f4a23a4e9f6b4,1,          TypeError: Cannot read properties of undefined (reading 'trialEndsAt'),False,0.8900,none,2026-09-26T11:10:04.031652+00:00
flowfuse,1674653572_bcacde0b55517169a8f1468a9df959666e16e765,forge-unit,38,947,dd790955ffdc40c9,2,          TypeError: Cannot read properties of undefined (reading 'trialEndsAt'),False,0.8900,none,2026-09-26T11:10:04.213929+00:00
flowfuse,1674653572_bcacde0b55517169a8f1468a9df959666e16e765,forge-unit,38,957,29eb0a7be71be71b,2,          TypeError: Cannot read properties of undefined (reading 'trialEndsAt'),False,0.8800,none,2026-09-26T11:10:04.368190+00:00
flowfuse,1674653572_bcacde0b55517169a8f1468a9df959666e16e765,forge-unit,38,968,a245f3a137ed21c3,2,          TypeError: Cannot read properties of undefined (reading 'trialEndsAt'),False,0.8600,none,2026-09-26T11:10:04.503094+00:00
flowfuse,1674653572_bcacde0b55517169a8f1468a9df959666e16e765,forge-unit,38,978,faec1dbc3254c40d,1,          TypeError: Cannot read properties of undefined (reading 'trialEndsAt'),False,0.8700,none,2026-09-26T11:10:04.704505+00:00
flowfuse,1674653572_bcacde0b55517169a8f1468a9df959666e16e765,forge-unit,38,993,69682c7a9c081baf,2,          TypeError: Cannot read properties of undefined (reading 'trialEndsAt'),False,0.8800,none,2026-09-26T11:10:04.798403+00:00
flowfuse,1674653572_bcacde0b55517169a8f1468a9df959666e16e765,forge-unit,38,1003,880c3e98cad27d31,2,          TypeError: Cannot read properties of undefined (reading 'trialEndsAt'),False,0.8600,none,2026-09-26T11:10:04.966946+00:00
flowfuse,1674653572_bcacde0b55517169a8f1468a9df959666e16e765,forge-unit,38,1014,11d059fe3ab30aeb,2,          TypeError: Cannot read properties of undefined (reading 'trialEndsAt'),False,0.8600,none,2026-09-26T11:10:05.125175+00:00
flowfuse,1674653572_bcacde0b55517169a8f1468a9df959666e16e765,forge-unit,38,1023,c9f80880dfefe659,1,          TypeError: Cannot read properties of undefined (reading 'trialEndsAt'),False,0.8600,none,2026-09-26T11:10:05.287822+00:00
flowfuse,1674653572_bcacde0b55517169a8f1468a9df959666e16e765,forge-unit,38,1091,34fa40cc470c4c0b,2,          TypeError: Cannot read properties of undefined (reading 'trialEndsAt'),False,0.8700,none,2026-09-26T11:10:05.475999+00:00
flowfuse,1674653572_bcacde0b55517169a8f1468a9df959666e16e765,forge-unit,38,1111,58dd53b49ff53c33,2,          TypeError: Cannot read properties of undefined (reading 'trialEndsAt'),False,0.8800,none,2026-09-26T11:10:05.664932+00:00
flowfuse,1674653572_bcacde0b55517169a8f1468a9df959666e16e765,forge-unit,38,1121,86e5d51c069bac1e,2,          TypeError: Cannot read properties of undefined (reading 'trialEndsAt'),False,0.8700,none,2026-09-26T11:10:05.841512+00:00
flowfuse,1674653572_bcacde0b55517169a8f1468a9df959666e16e765,forge-unit,38,1131,96d1a9ad5294879e,2,          TypeError: Cannot read properties of undefined (reading 'trialEndsAt'),False,0.8900,none,2026-09-26T11:10:05.981850+00:00
flowfuse,1674653572_bcacde0b55517169a8f1468a9df959666e16e765,forge-unit,38,1101,6f7f12ff72b2a721,2,          TypeError: Cannot read properties of undefined (reading 'trialEndsAt'),False,0.8800,none,2026-09-26T11:10:06.167641+00:00
flowfuse,1674653572_bcacde0b55517169a8f1468a9df959666e16e765,forge-unit,38,1143,17789f2805afa3f3,2,          TypeError: Cannot read properties of undefined (reading 'trialEndsAt'),False,0.8700,none,2026-09-26T11:10:06.171111+00:00
flowfuse,1674653572_bcacde0b55517169a8f1468a9df959666e16e765,forge-unit,38,1153,346dd7f94f4514ea,2,          TypeError: Cannot read properties of undefined (reading 'trialEndsAt'),False,0.8600,none,2026-09-26T11:10:06.321632+00:00
flowfuse,1674653572_bcacde0b55517169a8f1468a9df959666e16e765,forge-unit,38,1216,998e36ba493e010c,2,          TypeError: Cannot read properties of undefined (reading 'trialEndsAt'),False,0.8700,none,2026-09-26T11:10:06.614610+00:00
flowfuse,1674653572_bcacde0b55517169a8f1468a9df959666e16e765,forge-unit,38,1196,070d94c1692ddac8,2,          TypeError: Cannot read properties of undefined (reading 'trialEndsAt'),False,0.8800,none,2026-09-26T11:10:06.656944+00:00
flowfuse,1674653572_bcacde0b55517169a8f1468a9df959666e16e765,forge-unit,38,1408,354509528764bdef,5,"[2026-09-24T18:44:08.326Z] ERROR: AUDIT: event: users.deleted-user, type: user, id: 2, Error: Cannot delete user that ow",False,0.8600,none,2026-09-26T11:10:06.767479+00:00
flowfuse,1674653572_bcacde0b55517169a8f1468a9df959666e16e765,forge-unit,38,1507,6da1367eba82efdb,11,      AssertionError: expected 401 to be 200,False,0.8500,none,2026-09-26T11:10:06.891519+00:00
flowfuse,1674653572_bcacde0b55517169a8f1468a9df959666e16e765,forge-unit,38,1811,9dffa3efadbe5a63,32,      AssertionError: expected 404 to be 200,False,0.8300,none,2026-09-26T11:10:07.045777+00:00
flowfuse,1674653572_bcacde0b55517169a8f1468a9df959666e16e765,forge-unit,38,2031,82b3d52ea0e0d67a,35,      AssertionError: expected 500 to be 200,False,0.8300,none,2026-09-26T11:10:07.215194+00:00
flowfuse,1674653827_209000bb544cea3ef39ee83d18fca8630bf686d0,forge-unit,38,967,ef60366b0449e74d,1,          TypeError: Cannot read properties of undefined (reading 'trialEndsAt'),False,0.8700,none,2026-09-26T11:10:07.405644+00:00
flowfuse,1674653827_209000bb544cea3ef39ee83d18fca8630bf686d0,forge-unit,38,1218,440713a175f9413f,1,          TypeError: Cannot read properties of undefined (reading 'trialEndsAt'),False,0.8800,none,2026-09-26T11:10:07.515730+00:00
flowfuse,1674653827_209000bb544cea3ef39ee83d18fca8630bf686d0,forge-unit,38,1449,6e045ed063e8c2a3,97,"[2026-09-20T22:54:28.117Z] ERROR: AUDIT: event: account.register, type: user, Error: license limit reached",False,0.7400,none,2026-09-26T11:10:07.715850+00:00
flowfuse,1674666469_a0e19e223957498de5ca524ceeb24bcf730abc2f,forge-unit,1,1153,9a426b204d292e36,66,"[2026-09-24T16:22:41.750Z] ERROR: AUDIT: event: account.register, type: user, Error: license limit reached",False,0.7900,none,2026-09-26T11:10:07.836007+00:00
flowfuse,1674746524_21d41216592521b3f20fa28384abf6ba218010ca,forge-unit,1,528,b223137c6e2beeb4,830,[2026-09-21T17:55:37.993Z] ERROR: Problem adding project to subscription: Error: Billing add error,False,0.7700,none,2026-09-26T11:10:07.957980+00:00
flowfuse,1674759503_209aeb96d5bca2b586ee5049bfd1cde367ab7d52,forge-unit,1,394,4e73ca5ba304835b,10,"[2026-09-24T18:11:28.187Z] ERROR: AUDIT: event: project.start-failed, type: project, id: 351f02d8-74d4-4321-b11a-2b7467f",False,0.6800,false_positive,2026-09-26T11:10:08.122386+00:00
flowfuse,1674838828_469d9cab9656cbcdea3dd21351cab9eca2651c37,forge-unit,7,927,d5fe2c4fa3a7f2ce,5,  parent: [Error: SQLITE_CONSTRAINT: FOREIGN KEY constraint failed] {,False,0.7300,none,2026-09-26T11:10:08.200734+00:00
flowfuse,1674838828_469d9cab9656cbcdea3dd21351cab9eca2651c37,forge-unit,7,945,6bacd87148a1742a,2,"Rolling back transaction ef0274d9-06cc-43e0-90cd-f3647849ab88 failed with error ""SQLITE_MISUSE: Database is closed"". We ",False,0.5400,none,2026-09-26T11:10:08.380323+00:00
flowfuse,1674838828_469d9cab9656cbcdea3dd21351cab9eca2651c37,forge-unit,7,966,1ec450c031c46c3c,4,            Error: SQLITE_MISUSE: Database is closed,False,0.6300,none,2026-09-26T11:10:08.562204+00:00
flowfuse,1674838828_469d9cab9656cbcdea3dd21351cab9eca2651c37,forge-unit,7,1104,255a03445895eaec,2,"Rolling back transaction 5d233a14-f4c2-4c9d-83ff-6033b20196df failed with error ""SQLITE_MISUSE: Database handle is close",False,0.6800,none,2026-09-26T11:10:08.722726+00:00
flowfuse,1674838828_469d9cab9656cbcdea3dd21351cab9eca2651c37,forge-unit,7,1137,ea0d6d30011c6973,2,            Error: SQLITE_MISUSE: Database handle is closed,False,0.7100,none,2026-09-26T11:10:08.854323+00:00
flowfuse,1674838828_469d9cab9656cbcdea3dd21351cab9eca2651c37,forge-unit,7,1156,6e4b80716f75042f,1,"Rolling back transaction 51787361-bc34-4992-bc24-fa02647d23d5 failed with error ""SQLITE_MISUSE: Database handle is close",False,0.6600,none,2026-09-26T11:10:09.120836+00:00
flowfuse,1674838828_469d9cab9656cbcdea3dd21351cab9eca2651c37,forge-unit,7,1201,e253c8a6440fe463,2,          TypeError: Cannot read properties of undefined (reading 'to'),False,0.8400,none,2026-09-26T11:10:09.166804+00:00
flowfuse,1674838828_469d9cab9656cbcdea3dd21351cab9eca2651c37,forge-unit,7,1212,965177831c17a4aa,1,          TypeError: Cannot read properties of undefined (reading 'to'),False,0.8400,none,2026-09-26T11:10:09.320599+00:00
flowfuse,1674838828_469d9cab9656cbcdea3dd21351cab9eca2651c37,forge-unit,7,1510,7fe12c8fc0aecc47,4,      AssertionError: expected 1 to be 2,False,0.9100,none,2026-09-26T11:10:09.450557+00:00
flowfuse,1674838828_469d9cab9656cbcdea3dd21351cab9eca2651c37,forge-unit,7,1583,a54515f513a9d24d,1,     AssertionError: expected Object {,False,0.8600,none,2026-09-26T11:10:09.638847+00:00
flowfuse,1674838828_469d9cab9656cbcdea3dd21351cab9eca2651c37,system,1,2139,096050cc54a55d09,1,          TypeError: Cannot read properties of undefined (reading 'to'),False,0.8100,none,2026-09-26T11:10:09.738478+00:00
flowfuse,1675070925_f6c831c9e814d7bc993152dfffee48dabd2c5712,forge-unit,1,400,8268c2a1b5ea269f,11,"[2026-09-24T18:25:57.785Z] ERROR: AUDIT: event: project.start-failed, type: project, id: 9686c1e0-e7c4-406a-8cfa-2df3615",False,0.6600,false_positive,2026-09-26T11:10:09.903492+00:00
flowfuse,1675158703_369137cdd7a2531269057e8b649593818eae4861,forge-unit,5,396,7d479f97078a6bf4,5,"[2026-09-24T16:46:26.938Z] ERROR: AUDIT: event: project.start-failed, type: project, id: 9a599e67-5f0a-483d-a985-689ae9b",False,0.6700,false_positive,2026-09-26T11:10:10.041713+00:00
flowfuse,1675158703_369137cdd7a2531269057e8b649593818eae4861,forge-unit,5,945,73863b9beda7852d,2,"Rolling back transaction 0b4d0c5b-0045-4edb-a672-4af683fcf9eb failed with error ""SQLITE_MISUSE: Database is closed"". We ",False,0.5200,none,2026-09-26T11:10:10.185968+00:00
flowfuse,1675183326_e5d3aed41f64bfaf565c2b858365e5d675dcf451,forge-unit,1,910,fc3217db7a29f455,1,[2026-09-24T17:46:16.833Z] ERROR: Failed to start project fe2529b0-9d04-4237-bf59-9e5293eb9297: TypeError: Cannot read p,False,0.8100,none,2026-09-26T11:10:10.441073+00:00
flowfuse,1675183587_1de290a6df79bc7015118afa22cb42e4d8baee3f,forge-unit,1,402,fd83f8386dd1c2a2,4,"[2026-09-24T18:10:13.539Z] ERROR: AUDIT: event: project.start-failed, type: project, id: c6bf32da-953a-4214-8abd-92999df",False,0.6300,false_positive,2026-09-26T11:10:10.510683+00:00
flowfuse,1675263995_03e73d182fcdb25d08acad44c510ca1b9429e19a,forge-unit,1,399,bbeb755b1bd9e9d6,12,"[2026-09-24T18:10:16.850Z] ERROR: AUDIT: event: project.start-failed, type: project, id: fa7288a5-bd59-4226-8822-f8682a6",False,0.6700,false_positive,2026-09-26T11:10:10.641347+00:00
flowfuse,1675268592_99c731b1eeb32465c683e4e3f62ec0d2526f05bb,forge-unit,7,782,3df1d568b1732341,6,    charge.failed,False,0.7700,none,2026-09-26T11:10:10.808785+00:00
flowfuse,1675268592_99c731b1eeb32465c683e4e3f62ec0d2526f05bb,forge-unit,7,1281,58b5908362e6b25a,56,     AssertionError: expected undefined to be 'billed',False,0.8400,none,2026-09-26T11:10:10.962774+00:00
flowfuse,1675432674_cf343a19e683898a4dd856cf21ad64b039175bcb,forge-unit,2,1256,764af4eea69424ba,26,      AssertionError: expected false to be true,False,0.8600,none,2026-09-26T11:10:11.114637+00:00
flowfuse,1675681691_5d3c17eb02fcd56322bd0994470bf7a434c75882,forge-unit,1,393,9a2a19bfe5aec947,9,"[2026-09-24T15:07:07.031Z] ERROR: AUDIT: event: project.start-failed, type: project, id: 7b35d572-ae2d-4155-bbcf-599ed98",False,0.7000,false_positive,2026-09-26T11:10:11.241223+00:00
flowfuse,1675874313_edf0deac117ca56b92f86e741b6a9f13b7bdbc3d,forge-unit,4,397,6438a2ca33d4bcf8,6,"[2026-09-24T17:44:03.778Z] ERROR: AUDIT: event: project.start-failed, type: project, id: 8789a248-eb1e-474a-8f32-5b3fe46",False,0.6500,false_positive,2026-09-26T11:10:11.391951+00:00
flowfuse,1675874313_edf0deac117ca56b92f86e741b6a9f13b7bdbc3d,forge-unit,4,1186,c5782181ececbc36,42,     TypeError: Cannot read properties of null (reading 'name'),False,0.8800,none,2026-09-26T11:10:11.548377+00:00
flowfuse,1675874313_edf0deac117ca56b92f86e741b6a9f13b7bdbc3d,forge-unit,4,1208,360f096595bf378c,50,     TypeError: Cannot read properties of null (reading 'name'),False,0.8700,none,2026-09-26T11:10:11.663246+00:00
flowfuse,1675892365_3040b7ab585249b218118051d47662bac0ebbaad,forge-unit,4,395,e76ced4f3bd19a18,4,"[2026-09-24T17:30:26.315Z] ERROR: AUDIT: event: project.start-failed, type: project, id: 967a189c-d95d-4f30-874a-f53fb72",False,0.6700,false_positive,2026-09-26T11:10:11.850389+00:00
flowfuse,1676048595_16ac71fab1202e42390c7094f427646e637c9aa6,forge-unit,2,761,e0c0b6ceaa00f8cd,1,[2026-09-09T01:30:00.001Z] ERROR: Error running task 'teamTrialManager: Error: ConnectionManager.getConnection was calle,False,0.6800,none,2026-09-26T11:10:11.998532+00:00
flowfuse,1676296364_8dceaf8bd2b1a098dab291013709bb35db8c49f8,forge-unit,1,1115,cb7bf9a2b20cc46d,159,"[2026-09-16T00:45:33.676Z] ERROR: AUDIT: event: team.device.provisioning.created, type: team, id: 1, Error: Token name m",False,0.7800,false_positive,2026-09-26T11:10:12.142220+00:00
flowfuse,1676296364_8dceaf8bd2b1a098dab291013709bb35db8c49f8,forge-unit,1,1310,e6e02e7bdbf5819b,73,     TypeError: project.updateSetting is not a function,False,0.8900,none,2026-09-26T11:10:12.314160+00:00
flowfuse,1677239019_26d2b1cbf74380eb31bc14f142c7ac80ce4fd139,forge-unit,1,1311,8e127375b124b7c2,2,     TypeError: licenseDetails.should.have.property(...).and.be.a.string is not a function,False,0.8000,none,2026-09-26T11:10:12.443412+00:00
flowfuse,1678451534_63e6b4cc2cc0b0faaaeca3ae5cd9a2c2d824ab35,forge-unit,1,529,bb28e441a9f62041,123,[2026-09-15T08:10:20.923Z] ERROR: Problem adding project to subscription: Error: Billing add error,False,0.7600,false_positive,2026-09-26T11:10:12.615497+00:00
flowfuse,1678731086_ddba7e6d967203c9f4c4920fba0b9a29ba4c580a,forge-unit,1,396,8f2f5255ccc9edd4,8,"[2026-09-13T15:09:05.629Z] ERROR: AUDIT: event: project.start-failed, type: project, id: 1e1c942c-4a39-4bfe-8fc0-cb7643d",False,0.6600,false_positive,2026-09-26T11:10:12.796225+00:00
flowfuse,1678882366_140e87139c67ad6cc7e5a0d6d27245e825a25109,forge-unit,1,1208,52761f1939c1e0be,12,"[2026-09-08T20:44:27.004Z] ERROR: AUDIT: event: user.updated-user, type: user, id: 5, Validation isEmail on email failed",False,0.8500,none,2026-09-26T11:10:12.895197+00:00
flowfuse,1678882366_140e87139c67ad6cc7e5a0d6d27245e825a25109,forge-unit,1,1233,8dbe0b0e7a84ae07,68,"[2026-09-08T20:44:39.496Z] ERROR: AUDIT: event: user.deleted, type: user, id: 1, Error: Cannot delete the last platform ",False,0.7900,false_positive,2026-09-26T11:10:13.053512+00:00
flowfuse,1678882366_140e87139c67ad6cc7e5a0d6d27245e825a25109,forge-unit,1,1271,23b0ab2a795d5875,79,"[2026-09-08T20:44:55.247Z] ERROR: AUDIT: event: users.deleted-user, type: user, id: 2, Error: Cannot delete the last own",False,0.8100,none,2026-09-26T11:10:13.171125+00:00
flowfuse,1679390205_5d7aa350e81d1bf6c4d3c1ea2a446077f6d9dc57,forge-unit,1,389,299bdea0fe9258c6,7,"[2026-09-12T20:53:12.859Z] ERROR: AUDIT: event: project.start-failed, type: project, id: 35fbc454-e23a-495c-b335-5abe8fa",False,0.6700,false_positive,2026-09-26T11:10:13.352796+00:00
flowfuse,1679923637_4c24638acc7a95ad1f25f6dbb01becbf2f030485,forge-unit,39,1532,e44fc6a57dc155a0,110,      AssertionError: expected 400 to be 402,False,0.8300,none,2026-09-26T11:10:13.494290+00:00
flowfuse,1679923637_4c24638acc7a95ad1f25f6dbb01becbf2f030485,forge-unit,39,1581,b1a9989d5d6a4597,29,      AssertionError: expected 400 to be 402,False,0.8800,none,2026-09-26T11:10:13.627283+00:00
flowfuse,1679923637_4c24638acc7a95ad1f25f6dbb01becbf2f030485,forge-unit,39,1615,64e1d6769ae540a9,53,      AssertionError: expected 400 to be 200,False,0.8500,none,2026-09-26T11:10:13.739900+00:00
flowfuse,1679923637_4c24638acc7a95ad1f25f6dbb01becbf2f030485,forge-unit,39,1699,ae37d177a2122f73,90,      AssertionError: expected 401 to be 403,False,0.8900,none,2026-09-26T11:10:13.937985+00:00
flowfuse,1679923637_4c24638acc7a95ad1f25f6dbb01becbf2f030485,forge-unit,39,1987,3c7ad64b6ab76155,40,      AssertionError: expected 400 to be 403,False,0.8900,none,2026-09-26T11:10:14.126696+00:00
flowfuse,1679923637_4c24638acc7a95ad1f25f6dbb01becbf2f030485,forge-unit,39,2112,72250589ba3fd5c4,35,"     Error: WHERE parameter ""id"" has invalid ""undefined"" value",False,0.8800,none,2026-09-26T11:10:14.233875+00:00
flowfuse,1680088733_dc685d59b296385d2b3cd7a1a0f61a72e74ae64b,forge-unit,39,388,a88d78a8d45ae357,9,"[2026-09-09T10:13:02.062Z] ERROR: AUDIT: event: project.start-failed, type: project, id: 6331f3bc-ec02-4957-9d41-cbb1e16",False,0.6600,false_positive,2026-09-26T11:10:14.419793+00:00
flowfuse,1680778122_c2741f241968a35e2841c670e709d2a9da1794ef,forge-unit,1,398,ff6a26805c549a03,11,"[2026-09-09T19:52:27.761Z] ERROR: AUDIT: event: project.start-failed, type: project, id: 4d28f0b6-0955-4680-9bdd-6d816ad",False,0.6600,false_positive,2026-09-26T11:10:14.536520+00:00
flowfuse,1681221714_8fb325000ab0243916f53ae1f23fda5b9e73eb3c,forge-unit,3,1241,82c86afcc2c337ab,4,"[2026-09-09T21:24:11.658Z] ERROR: AUDIT: event: user.updated-user, type: user, id: 2, Error: Cannot change password for ",False,0.8100,none,2026-09-26T11:10:14.683141+00:00
flowfuse,1681286663_87ee577ac7915f52d5ff1dd1a486cb3d02bd5ae2,forge-unit,1,1240,85e65b0e293835b0,8,"[2026-09-09T04:13:20.550Z] ERROR: AUDIT: event: user.updated-user, type: user, id: 5, Error: Invalid email address",False,0.8000,false_positive,2026-09-26T11:10:14.872405+00:00
flowfuse,1681357863_8e1e699b6e14c013789de903b46f2218f970ca07,forge-unit,2,944,b1feb59c5b6b5e88,1,          ReferenceError: changes is not defined,False,0.8800,none,2026-09-26T11:10:15.027540+00:00
flowfuse,1681357863_8e1e699b6e14c013789de903b46f2218f970ca07,forge-unit,2,953,1945291fe33510b3,1,          ReferenceError: changes is not defined,False,0.8600,none,2026-09-26T11:10:15.125130+00:00
flowfuse,1682343879_9865d059beab546b72f4cd0eeb6d868bcb235fa9,forge-unit,1,1250,cb2801f6b2633ad2,2,"[2026-09-16T04:18:09.761Z] ERROR: AUDIT: event: user.updated-user, type: user, id: 6, Error: Invalid email address",False,0.8000,false_positive,2026-09-26T11:10:15.308306+00:00
flowfuse,1682343879_9865d059beab546b72f4cd0eeb6d868bcb235fa9,forge-unit,1,1257,f847322307fc9919,4,"[2026-09-16T04:18:11.275Z] ERROR: AUDIT: event: user.updated-user, type: user, id: 3, Error: Cannot change password for ",False,0.8300,none,2026-09-26T11:10:15.483150+00:00
flowfuse,1682343879_9865d059beab546b72f4cd0eeb6d868bcb235fa9,forge-unit,1,1278,7ddfb328d7ec5c87,54,"[2026-09-16T04:18:14.539Z] ERROR: AUDIT: event: user.deleted, type: user, id: 23, Error: Cannot delete the last platform",False,0.7900,none,2026-09-26T11:10:15.612906+00:00
flowfuse,1682343879_9865d059beab546b72f4cd0eeb6d868bcb235fa9,forge-unit,1,1319,9d31720e3cefbe93,49,"[2026-09-16T04:18:16.830Z] ERROR: AUDIT: event: users.deleted-user, type: user, id: 2, Error: Cannot delete the last own",False,0.8100,none,2026-09-26T11:10:15.750537+00:00
flowfuse,1682343879_9865d059beab546b72f4cd0eeb6d868bcb235fa9,forge-unit,1,1346,20e03a7122a37d8d,54,"[2026-09-16T04:18:17.979Z] ERROR: AUDIT: event: account.register, type: user, Error: license limit reached",False,0.7300,none,2026-09-26T11:10:15.944608+00:00
flowfuse,1682343879_9865d059beab546b72f4cd0eeb6d868bcb235fa9,forge-unit,1,1362,9b0fbf2a21947f10,114,"[2026-09-16T04:18:20.783Z] ERROR: AUDIT: event: project.start-failed, type: project, id: c8fdef99-0a7c-42fc-8d0b-1e96410",False,0.5500,false_positive,2026-09-26T11:10:16.004003+00:00
flowfuse,1682353077_d3a44c2cd41a1a7c281460a1f70e548daa0182fb,forge-unit,121,371,b55191d9ce8db5a9,1,TypeError: LRU is not a constructor,True,0.5400,none,2026-09-26T11:10:16.197503+00:00
flowfuse,1682353077_d3a44c2cd41a1a7c281460a1f70e548daa0182fb,forge-unit,121,390,99e561ccb688ea4a,21,TypeError: LRU is not a constructor,True,0.5700,none,2026-09-26T11:10:16.330995+00:00
flowfuse,1682353077_d3a44c2cd41a1a7c281460a1f70e548daa0182fb,forge-unit,121,409,02c3f491a0e38525,21,[2026-09-21T13:16:06.566Z] ERROR: Failed to start: TypeError: LRU is not a constructor,True,0.5900,module_resolution,2026-09-26T11:10:16.487548+00:00
flowfuse,1682353077_d3a44c2cd41a1a7c281460a1f70e548daa0182fb,forge-unit,121,450,b42c783224b1a09a,17,[2026-09-21T13:16:06.479Z] ERROR: Failed to start: TypeError: LRU is not a constructor,True,0.5500,none,2026-09-26T11:10:16.637832+00:00
flowfuse,1682353077_d3a44c2cd41a1a7c281460a1f70e548daa0182fb,forge-unit,121,590,12a0011444594266,21,[2026-09-21T13:16:07.301Z] ERROR: Failed to start: TypeError: LRU is not a constructor,True,0.5500,none,2026-09-26T11:10:16.822909+00:00
flowfuse,1682353077_d3a44c2cd41a1a7c281460a1f70e548daa0182fb,forge-unit,121,610,c9181dc369abbf17,21,[2026-09-21T13:16:07.380Z] ERROR: Failed to start: TypeError: LRU is not a constructor,True,0.5100,none,2026-09-26T11:10:17.067646+00:00
flowfuse,1682353077_d3a44c2cd41a1a7c281460a1f70e548daa0182fb,forge-unit,121,630,6c3879e4a0ec6f9b,20,[2026-09-21T13:16:07.453Z] ERROR: Failed to start: TypeError: LRU is not a constructor,True,0.5400,none,2026-09-26T11:10:17.103624+00:00
flowfuse,1682353077_d3a44c2cd41a1a7c281460a1f70e548daa0182fb,forge-unit,121,650,946b28bb5514d692,20,TypeError: LRU is not a constructor,True,0.5300,none,2026-09-26T11:10:17.251441+00:00
flowfuse,1682353077_d3a44c2cd41a1a7c281460a1f70e548daa0182fb,forge-unit,121,669,4d1888196e1be3a9,1,[2026-09-21T13:16:07.526Z] ERROR: Failed to start: TypeError: LRU is not a constructor,True,0.5100,none,2026-09-26T11:10:17.355040+00:00
flowfuse,1682353077_d3a44c2cd41a1a7c281460a1f70e548daa0182fb,forge-unit,121,689,5b46c1def1b66075,21,[2026-09-21T13:16:07.592Z] ERROR: Failed to start: TypeError: LRU is not a constructor,True,0.5700,none,2026-09-26T11:10:17.595708+00:00
flowfuse,1682353077_d3a44c2cd41a1a7c281460a1f70e548daa0182fb,forge-unit,121,709,eb5a3dce8e70bbd5,21,[2026-09-21T13:16:07.666Z] ERROR: Failed to start: TypeError: LRU is not a constructor,True,0.5400,none,2026-09-26T11:10:17.704854+00:00
flowfuse,1682353077_d3a44c2cd41a1a7c281460a1f70e548daa0182fb,forge-unit,121,730,454ccf3ee4dd8e32,21,[2026-09-21T13:16:07.809Z] ERROR: Failed to start: TypeError: LRU is not a constructor,True,0.5000,none,2026-09-26T11:10:17.819474+00:00
flowfuse,1682353077_d3a44c2cd41a1a7c281460a1f70e548daa0182fb,forge-unit,121,750,6011fb7a9768980c,18,TypeError: LRU is not a constructor,True,0.5100,none,2026-09-26T11:10:17.996254+00:00
flowfuse,1682353077_d3a44c2cd41a1a7c281460a1f70e548daa0182fb,forge-unit,121,770,5032845e0c32b49e,14,[2026-09-21T13:16:07.878Z] ERROR: Failed to start: TypeError: LRU is not a constructor,True,0.6200,module_resolution,2026-09-26T11:10:18.138592+00:00
flowfuse,1682353077_d3a44c2cd41a1a7c281460a1f70e548daa0182fb,forge-unit,121,790,f2ed805ddb6cc53c,34,TypeError: LRU is not a constructor,True,0.5900,none,2026-09-26T11:10:18.259165+00:00
flowfuse,1682353077_d3a44c2cd41a1a7c281460a1f70e548daa0182fb,forge-unit,121,809,9f15e16f8ab7d877,20,[2026-09-21T13:16:08.015Z] ERROR: Failed to start: TypeError: LRU is not a constructor,True,0.5900,none,2026-09-26T11:10:18.438964+00:00
flowfuse,1682353077_d3a44c2cd41a1a7c281460a1f70e548daa0182fb,forge-unit,121,830,eed6c100f6f687c5,15,TypeError: LRU is not a constructor,True,0.5600,none,2026-09-26T11:10:18.594448+00:00
flowfuse,1682353077_d3a44c2cd41a1a7c281460a1f70e548daa0182fb,forge-unit,121,847,cec5b50ff9d45a98,6,[2026-09-21T13:16:08.147Z] ERROR: Failed to start: TypeError: LRU is not a constructor,True,0.5600,none,2026-09-26T11:10:18.742542+00:00
flowfuse,1682353077_d3a44c2cd41a1a7c281460a1f70e548daa0182fb,forge-unit,121,904,e30327d9d19ac257,21,TypeError: LRU is not a constructor,True,0.6000,none,2026-09-26T11:10:19.030976+00:00
flowfuse,1682353077_d3a44c2cd41a1a7c281460a1f70e548daa0182fb,forge-unit,121,884,f3375fc9c997e4e0,21,[2026-09-21T13:16:08.276Z] ERROR: Failed to start: TypeError: LRU is not a constructor,True,0.6000,none,2026-09-26T11:10:19.154913+00:00
flowfuse,1682353077_d3a44c2cd41a1a7c281460a1f70e548daa0182fb,forge-unit,121,922,03a9a3a92f6a9709,21,[2026-09-21T13:16:08.430Z] ERROR: Failed to start: TypeError: LRU is not a constructor,True,0.5900,module_resolution,2026-09-26T11:10:19.183901+00:00
flowfuse,1682353077_d3a44c2cd41a1a7c281460a1f70e548daa0182fb,forge-unit,121,943,f497f9c4231e4e32,6,[2026-09-21T13:16:08.491Z] ERROR: Failed to start: TypeError: LRU is not a constructor,True,0.5700,none,2026-09-26T11:10:19.324497+00:00
flowfuse,1682353077_d3a44c2cd41a1a7c281460a1f70e548daa0182fb,forge-unit,121,964,c1425df09632555b,7,[2026-09-21T13:16:08.554Z] ERROR: Failed to start: TypeError: LRU is not a constructor,True,0.5800,none,2026-09-26T11:10:19.499147+00:00
flowfuse,1682353077_d3a44c2cd41a1a7c281460a1f70e548daa0182fb,forge-unit,121,1017,703c79fc78073b47,34,[2026-09-21T13:16:08.743Z] ERROR: Failed to start: TypeError: LRU is not a constructor,True,0.5900,none,2026-09-26T11:10:19.655389+00:00
flowfuse,1682353077_d3a44c2cd41a1a7c281460a1f70e548daa0182fb,forge-unit,121,1036,f5a0c850ea98158d,34,[2026-09-21T13:16:08.873Z] ERROR: Failed to start: TypeError: LRU is not a constructor,True,0.5700,none,2026-09-26T11:10:19.760067+00:00
flowfuse,1682353077_d3a44c2cd41a1a7c281460a1f70e548daa0182fb,forge-unit,121,1054,f56e6549a3b42012,34,[2026-09-21T13:16:08.944Z] ERROR: Failed to start: TypeError: LRU is not a constructor,True,0.6000,none,2026-09-26T11:10:19.932518+00:00
flowfuse,1682353077_d3a44c2cd41a1a7c281460a1f70e548daa0182fb,forge-unit,121,1072,aa2e1d643f8d2b6c,32,TypeError: LRU is not a constructor,True,0.5400,none,2026-09-26T11:10:20.083125+00:00
flowfuse,1682353077_d3a44c2cd41a1a7c281460a1f70e548daa0182fb,forge-unit,121,1088,ab17c25994085a12,34,[2026-09-21T13:16:09.009Z] ERROR: Failed to start: TypeError: LRU is not a constructor,True,0.6200,none,2026-09-26T11:10:20.227031+00:00
flowfuse,1682353077_d3a44c2cd41a1a7c281460a1f70e548daa0182fb,forge-unit,121,1108,90f61c43dc930b9f,34,[2026-09-21T13:16:09.146Z] ERROR: Failed to start: TypeError: LRU is not a constructor,True,0.5900,module_resolution,2026-09-26T11:10:20.418312+00:00
flowfuse,1682353077_d3a44c2cd41a1a7c281460a1f70e548daa0182fb,forge-unit,121,1250,2bc560e438f8d65b,34,[2026-09-21T13:16:09.602Z] ERROR: Failed to start: TypeError: LRU is not a constructor,True,0.5900,none,2026-09-26T11:10:20.552996+00:00
flowfuse,1682353077_d3a44c2cd41a1a7c281460a1f70e548daa0182fb,forge-unit,121,1271,345fb4304f162520,1,[2026-09-21T13:16:09.661Z] ERROR: Failed to start: TypeError: LRU is not a constructor,True,0.6200,none,2026-09-26T11:10:20.701405+00:00
flowfuse,1682353077_d3a44c2cd41a1a7c281460a1f70e548daa0182fb,forge-unit,121,1292,c2e8378517d132d9,35,[2026-09-21T13:16:09.825Z] ERROR: Failed to start: TypeError: LRU is not a constructor,True,0.5500,none,2026-09-26T11:10:20.959537+00:00
flowfuse,1682353077_d3a44c2cd41a1a7c281460a1f70e548daa0182fb,forge-unit,121,1312,803e5591f0d5b1d5,31,TypeError: LRU is not a constructor,True,0.5300,none,2026-09-26T11:10:20.966833+00:00
flowfuse,1682353077_d3a44c2cd41a1a7c281460a1f70e548daa0182fb,forge-unit,121,1331,befd33e83cf024c4,36,[2026-09-21T13:16:09.887Z] ERROR: Failed to start: TypeError: LRU is not a constructor,True,0.5700,none,2026-09-26T11:10:21.151170+00:00
flowfuse,1682353077_d3a44c2cd41a1a7c281460a1f70e548daa0182fb,forge-unit,121,1363,5c10fd57fcc61b1e,1,[2026-09-21T13:16:10.027Z] ERROR: Failed to start: TypeError: LRU is not a constructor,True,0.5700,none,2026-09-26T11:10:21.320604+00:00
flowfuse,1682353077_d3a44c2cd41a1a7c281460a1f70e548daa0182fb,forge-unit,121,1400,0cd6d696cddff78b,37,[2026-09-21T13:16:10.096Z] ERROR: Failed to start: TypeError: LRU is not a constructor,True,0.6300,module_resolution,2026-09-26T11:10:21.561149+00:00
flowfuse,1682353077_d3a44c2cd41a1a7c281460a1f70e548daa0182fb,forge-unit,121,1382,8cd4887adb746b1b,22,TypeError: LRU is not a constructor,True,0.5900,none,2026-09-26T11:10:21.605590+00:00
flowfuse,1682353077_d3a44c2cd41a1a7c281460a1f70e548daa0182fb,forge-unit,121,1449,49e8cd8990bedfbf,24,TypeError: LRU is not a constructor,True,0.5100,none,2026-09-26T11:10:21.724633+00:00
flowfuse,1682353077_d3a44c2cd41a1a7c281460a1f70e548daa0182fb,forge-unit,121,1468,0e095ddbf2b64d92,22,[2026-09-21T13:16:10.301Z] ERROR: Failed to start: TypeError: LRU is not a constructor,True,0.5300,none,2026-09-26T11:10:21.866825+00:00
flowfuse,1682353077_d3a44c2cd41a1a7c281460a1f70e548daa0182fb,forge-unit,121,1488,033d24a471b162eb,22,[2026-09-21T13:16:10.366Z] ERROR: Failed to start: TypeError: LRU is not a constructor,True,0.5400,none,2026-09-26T11:10:22.004307+00:00
flowfuse,1682353077_d3a44c2cd41a1a7c281460a1f70e548daa0182fb,forge-unit,121,1509,a1dcd0511c215cf0,22,TypeError: LRU is not a constructor,True,0.5900,none,2026-09-26T11:10:22.204838+00:00
flowfuse,1682353077_d3a44c2cd41a1a7c281460a1f70e548daa0182fb,forge-unit,121,1524,a2e9de8b4debaa5e,21,[2026-09-21T13:16:10.497Z] ERROR: Failed to start: TypeError: LRU is not a constructor,True,0.6000,module_resolution,2026-09-26T11:10:22.336587+00:00
flowfuse,1682353077_d3a44c2cd41a1a7c281460a1f70e548daa0182fb,forge-unit,121,1530,7b881cc3f69d89a4,1,TypeError: LRU is not a constructor,True,0.5300,none,2026-09-26T11:10:22.469061+00:00
flowfuse,1682353077_d3a44c2cd41a1a7c281460a1f70e548daa0182fb,forge-unit,121,1632,0b7d3386287a5fd1,1,[2026-09-21T13:16:10.925Z] ERROR: Failed to start: TypeError: LRU is not a constructor,True,0.5600,none,2026-09-26T11:10:22.768139+00:00
flowfuse,1682353077_d3a44c2cd41a1a7c281460a1f70e548daa0182fb,forge-unit,121,1652,6c2c9b75327fa696,19,[2026-09-21T13:16:10.990Z] ERROR: Failed to start: TypeError: LRU is not a constructor,True,0.5300,none,2026-09-26T11:10:22.780443+00:00
flowfuse,1682353077_d3a44c2cd41a1a7c281460a1f70e548daa0182fb,forge-unit,121,1672,b7bc3b0844f2972c,18,TypeError: LRU is not a constructor,False,0.5100,none,2026-09-26T11:10:22.927036+00:00
flowfuse,1682353077_d3a44c2cd41a1a7c281460a1f70e548daa0182fb,forge-unit,121,1691,da5236021d45fd2b,21,[2026-09-21T13:16:11.058Z] ERROR: Failed to start: TypeError: LRU is not a constructor,True,0.5300,none,2026-09-26T11:10:23.131600+00:00
flowfuse,1682353077_d3a44c2cd41a1a7c281460a1f70e548daa0182fb,forge-unit,121,1712,8faf6b309b01de0b,21,[2026-09-21T13:16:11.122Z] ERROR: Failed to start: TypeError: LRU is not a constructor,True,0.5900,none,2026-09-26T11:10:23.250997+00:00
flowfuse,1682353077_d3a44c2cd41a1a7c281460a1f70e548daa0182fb,forge-unit,121,1732,a9115c2996ee6c3e,21,[2026-09-21T13:16:11.288Z] ERROR: Failed to start: TypeError: LRU is not a constructor,True,0.6000,none,2026-09-26T11:10:23.388515+00:00
flowfuse,1682353077_d3a44c2cd41a1a7c281460a1f70e548daa0182fb,forge-unit,121,1752,ea41e927fc762b80,15,TypeError: LRU is not a constructor,True,0.6000,none,2026-09-26T11:10:23.517616+00:00
flowfuse,1682353077_d3a44c2cd41a1a7c281460a1f70e548daa0182fb,forge-unit,121,1770,173847c1e2cf699f,11,[2026-09-21T13:16:11.354Z] ERROR: Failed to start: TypeError: LRU is not a constructor,True,0.5900,none,2026-09-26T11:10:23.690367+00:00
flowfuse,1682353077_d3a44c2cd41a1a7c281460a1f70e548daa0182fb,forge-unit,121,2918,7c01ebf166c78569,67,     TypeError: LRU is not a constructor,False,0.5200,none,2026-09-26T11:10:23.848604+00:00
flowfuse,1682353077_d3a44c2cd41a1a7c281460a1f70e548daa0182fb,forge-unit,121,2942,a821606cbce56c19,81,     TypeError: LRU is not a constructor,True,0.5700,none,2026-09-26T11:10:24.006334+00:00
flowfuse,1682353077_d3a44c2cd41a1a7c281460a1f70e548daa0182fb,forge-unit,121,3462,52b1d0372d405ebc,1,[2026-09-21T13:16:11.416Z] ERROR: Failed to start: TypeError: LRU is not a constructor,True,0.5600,none,2026-09-26T11:10:24.170666+00:00
flowfuse,1682353077_d3a44c2cd41a1a7c281460a1f70e548daa0182fb,system,6,3881,7599091dd4fd0802,20,[2026-09-21T13:16:28.813Z] ERROR: Failed to start: TypeError: LRU is not a constructor,True,0.5700,none,2026-09-26T11:10:24.275672+00:00
flowfuse,1682353077_d3a44c2cd41a1a7c281460a1f70e548daa0182fb,system,6,3978,f07aeca7214359a1,1,[2026-09-21T13:16:28.885Z] ERROR: Failed to start: TypeError: LRU is not a constructor,True,0.5500,none,2026-09-26T11:10:24.610576+00:00
flowfuse,1682672189_14dc1090bc3ca99a8c1ff7ccf1a706883becd77f,forge-unit,2,1215,1d1e102ba4789c8d,1,"[2026-09-08T18:11:17.899Z] ERROR: AUDIT: event: user.updated-user, type: user, id: 6, Error: Invalid email address",False,0.8000,false_positive,2026-09-26T11:10:24.641773+00:00
flowfuse,1682672189_14dc1090bc3ca99a8c1ff7ccf1a706883becd77f,forge-unit,2,1243,697a471afcb85f99,50,"[2026-09-08T18:11:22.925Z] ERROR: AUDIT: event: user.deleted, type: user, id: 23, Error: Cannot delete the last platform",False,0.8000,none,2026-09-26T11:10:24.726566+00:00
flowfuse,1682672189_14dc1090bc3ca99a8c1ff7ccf1a706883becd77f,forge-unit,2,1284,46f202520cda1d14,135,"[2026-09-08T18:11:25.323Z] ERROR: AUDIT: event: users.deleted-user, type: user, id: 2, Error: Cannot delete the last own",False,0.8000,none,2026-09-26T11:10:24.858363+00:00
flowfuse,1683212058_ab628d0a1ed1becf4fd68f586a7d82a197d17773,forge-unit,56,1126,8bf3f19587760489,32,"[2026-09-22T03:36:52.477Z] ERROR: AUDIT: event: user.updated-user, type: user, id: 6, Error: Invalid email address",False,0.7600,false_positive,2026-09-26T11:10:25.130280+00:00
flowfuse,1683696675_a1078184a32e56d57d3c627519c7fb114ef21608,forge-unit,1,1249,1006562d7ab3217f,7,"[2026-09-09T17:53:37.455Z] ERROR: AUDIT: event: user.updated-user, type: user, id: 6, Error: Invalid email address",False,0.8000,false_positive,2026-09-26T11:10:25.215906+00:00
flowfuse,1683696675_a1078184a32e56d57d3c627519c7fb114ef21608,forge-unit,1,1255,270ebd2f274dea06,28,"[2026-09-09T17:53:38.159Z] ERROR: AUDIT: event: user.updated-password, type: user, id: 5, password change failed",False,0.7800,none,2026-09-26T11:10:25.312749+00:00
flowfuse,1683786052_93fea5524cf76301090744f8c96f8142297ea67e,forge-unit,41,501,a4d3ae21615703f3,32,TypeError: Cannot read properties of undefined (reading 'slug'),False,0.7600,none,2026-09-26T11:10:25.510662+00:00
flowfuse,1683786052_93fea5524cf76301090744f8c96f8142297ea67e,forge-unit,41,524,9ab084042bb4beba,13,TypeError: Cannot read properties of undefined (reading 'slug'),False,0.7900,none,2026-09-26T11:10:25.670378+00:00
flowfuse,1683786052_93fea5524cf76301090744f8c96f8142297ea67e,forge-unit,41,688,0cd3cb3edd28c542,13,TypeError: Cannot read properties of undefined (reading 'slug'),False,0.7800,none,2026-09-26T11:10:25.801357+00:00
flowfuse,1683786052_93fea5524cf76301090744f8c96f8142297ea67e,forge-unit,41,978,dd8c0c87f0d697a1,6,[2026-09-21T19:01:40.455Z] ERROR: Failed to start: TypeError: Cannot read properties of undefined (reading 'slug'),False,0.7100,none,2026-09-26T11:10:25.961078+00:00
flowfuse,1683786052_93fea5524cf76301090744f8c96f8142297ea67e,forge-unit,41,1045,f02f5bed7ef7489b,6,[2026-09-21T19:01:41.359Z] ERROR: Failed to start: TypeError: Cannot read properties of undefined (reading 'slug'),False,0.7700,none,2026-09-26T11:10:26.188925+00:00
flowfuse,1683786052_93fea5524cf76301090744f8c96f8142297ea67e,forge-unit,41,1085,c9a6d72dd03d8c99,6,[2026-09-21T19:01:42.046Z] ERROR: Failed to start: TypeError: Cannot read properties of undefined (reading 'slug'),False,0.7400,none,2026-09-26T11:10:26.247403+00:00
flowfuse,1683786052_93fea5524cf76301090744f8c96f8142297ea67e,forge-unit,41,1525,4227a8926553f457,6,"[2026-09-21T19:02:49.102Z] ERROR: AUDIT: event: account.register, type: user, Error: license limit reached",False,0.7900,none,2026-09-26T11:10:26.427597+00:00
flowfuse,1683786052_93fea5524cf76301090744f8c96f8142297ea67e,forge-unit,41,1549,955554f45e368dbe,13,[2026-09-21T19:02:49.765Z] ERROR: Failed to start: TypeError: Cannot read properties of undefined (reading 'slug'),False,0.7500,none,2026-09-26T11:10:26.489692+00:00
flowfuse,1683786052_93fea5524cf76301090744f8c96f8142297ea67e,forge-unit,41,1629,7d6f1e48a5012966,6,     TypeError: Cannot read properties of undefined (reading 'slug'),False,0.7400,none,2026-09-26T11:10:26.689918+00:00
flowfuse,1683786094_9be9e41dc95a6988df7d6670b3055282f9ef971b,forge-unit,1,1411,e217bc91bbafec37,33,"[2026-09-10T02:00:04.139Z] ERROR: AUDIT: event: user.updated-user, type: user, id: 6, Error: Invalid email address",False,0.7400,none,2026-09-26T11:10:26.848055+00:00
flowfuse,1683786221_b85bdccbb0440be4ee03b031bb911d0e1e0fb0eb,forge-unit,1,1417,8f46873aa3ddd3f1,1,"[2026-09-14T07:29:08.467Z] ERROR: AUDIT: event: user.updated-password, type: user, id: 5, password change failed",False,0.7800,none,2026-09-26T11:10:27.045630+00:00
flowfuse,1683786230_a7b7917bffff25fbef5d2569a01510ab96b3e394,forge-unit,1,388,4ee122a4b731bab2,7,"[2026-09-12T10:55:56.954Z] ERROR: AUDIT: event: project.start-failed, type: project, id: 77abb103-7886-4a67-bde1-1a465de",False,0.6800,false_positive,2026-09-26T11:10:27.117852+00:00
flowfuse,1684158037_fd83e192759bf76765d814a34ac19c06f02616a1,forge-unit,1,391,90e31140d63b74a6,8,"[2026-09-09T01:45:33.776Z] ERROR: AUDIT: event: project.start-failed, type: project, id: 4a0c72c2-e6d7-430f-9d10-43c0ebb",False,0.6500,false_positive,2026-09-26T11:10:27.369413+00:00
flowfuse,1684158037_fd83e192759bf76765d814a34ac19c06f02616a1,forge-unit,1,1472,4d1bcabaa76355af,1,"     Error: Timeout of 5000ms exceeded. For async tests and hooks, ensure ""done()"" is called; if returning a Promise, en",False,0.7300,none,2026-09-26T11:10:27.422526+00:00
flowfuse,1684494808_20a427550bc2d9e5f9d8b6d7a1b473bc7f5eeb19,forge-unit,1,1285,7c929b6e6e6c35ec,3,"[2026-09-14T22:26:10.474Z] ERROR: AUDIT: event: user.updated-password, type: user, id: 5, password change failed",False,0.7800,none,2026-09-26T11:10:27.688825+00:00
flowfuse,1684496966_d4e65c8e56a78723322549601344bc0f1fb2c7b3,forge-unit,1,1284,f34abb183d63a64d,197,"[2026-09-08T20:44:42.762Z] ERROR: AUDIT: event: user.updated-user, type: user, id: 6, Error: Invalid email address",False,0.7900,none,2026-09-26T11:10:27.745843+00:00
flowfuse,1685021778_0ea9e0c415e3563455c3fb76aceda56da95bf196,forge-unit,1,831,17edf9465e125060,98,Error: Param instanceId is required when creating a new pipeline stage,False,0.7500,none,2026-09-26T11:10:27.887378+00:00
flowfuse,1685112097_0d81d9814a8c1af874929c45348e42bddc1f1543,forge-unit,3,817,b02a9c680f387f88,1,Error: Param instanceId is required when creating a new pipeline stage,False,0.7700,none,2026-09-26T11:10:28.035306+00:00
flowfuse,1685112097_0d81d9814a8c1af874929c45348e42bddc1f1543,forge-unit,3,1506,4939ecd814f1c644,92,     TypeError: Cannot read properties of undefined (reading 'should'),False,0.8400,none,2026-09-26T11:10:28.179720+00:00
flowfuse,1685624502_91b3bbd8872156f8b1ea514ed512c1d2fe08feab,forge-unit,4,869,b53de8d483916509,1,          TypeError: Cannot read properties of null (reading 'stages'),False,0.8300,none,2026-09-26T11:10:28.366915+00:00
flowfuse,1685624502_91b3bbd8872156f8b1ea514ed512c1d2fe08feab,forge-unit,4,1265,2317defed7f0f19b,63,"[2026-09-15T22:00:32.675Z] ERROR: AUDIT: event: platform.team.created, type: platform, Error: license limit reached",False,0.7300,none,2026-09-26T11:10:28.455669+00:00
flowfuse,1686055561_fdd9817c3cfece7aa964a4ef319c62d7aa6b567d,forge-unit,125,1437,ac79a52d6f1756a7,35,     ReferenceError: accepts is not defined,False,0.5800,module_resolution,2026-09-26T11:10:28.626217+00:00
flowfuse,1686056106_17f2edc22df1e8e134650cb4e20c4633a135755f,forge-unit,2,1006,937adee2055376a9,1,          TypeError: Cannot read properties of undefined (reading 'includes'),False,0.8600,none,2026-09-26T11:10:28.794654+00:00
flowfuse,1686056106_17f2edc22df1e8e134650cb4e20c4633a135755f,forge-unit,2,1014,af7c716d04347f28,1,          TypeError: Cannot read properties of undefined (reading 'includes'),False,0.8400,none,2026-09-26T11:10:28.985535+00:00
flowfuse,1686844774_8a502e08d9a2fff7fc84b92ae78e9f0b3941fadb,forge-unit,1,1183,1f042be91c8bbd34,4,          Error: Invalid module version: v1,False,0.8000,none,2026-09-26T11:10:29.126184+00:00
flowfuse,1686844774_8a502e08d9a2fff7fc84b92ae78e9f0b3941fadb,forge-unit,1,1192,5d7b2c2d753e0997,4,          Error: Invalid module version: v2,False,0.7700,none,2026-09-26T11:10:29.257704+00:00
flowfuse,1686926444_aafe6e191564e0c334f2768b21c649c3563f0a05,forge-unit,3,1557,b263ed344802a395,2,"  Error: done() called multiple times in hook <Project/Device API ""before all"" hook in ""Project/Device API""> of file /co",False,0.7000,none,2026-09-26T11:10:29.389520+00:00
flowfuse,1686926457_14314f598246f4c25ec5626f1f10b61e64789a36,forge-unit,3,1174,197768cec0652b07,2,  parent: [Error: SQLITE_ERROR: no such table: Projects] {,True,0.5800,none,2026-09-26T11:10:29.543432+00:00
flowfuse,1686926616_2eb856a2362167c89311273f64263bc5e7a5bfdd,forge-unit,3,1548,3914f8cf19b6470b,1,"  Error: done() called multiple times in hook <Project/Device API ""before all"" hook in ""Project/Device API""> of file /co",False,0.8600,none,2026-09-26T11:10:29.642648+00:00
flowfuse,1687449041_6b5b7572fad0171331fe45b20b88d847cb8459f9,forge-unit,1,379,ff5f4c7226d23b79,6,"[2026-09-09T03:45:22.796Z] ERROR: AUDIT: event: project.start-failed, type: project, id: 352c67ac-6b11-4bad-bec0-276fb62",False,0.6700,false_positive,2026-09-26T11:10:29.858545+00:00
flowfuse,1687449041_6b5b7572fad0171331fe45b20b88d847cb8459f9,forge-unit,1,1422,b2378d86583b7289,2,"[2026-09-09T03:47:58.507Z] ERROR: AUDIT: event: users.deleted-user, type: user, id: 2, Error: Cannot delete the last own",False,0.8400,none,2026-09-26T11:10:30.021686+00:00
flowfuse,1687891521_e936890eb6d4ca889397b09ba434ef41a80cb932,forge-unit,15,1383,e2f3dfd227baf7dd,1,"[2026-09-10T21:14:27.762Z] ERROR: AUDIT: event: users.deleted-user, type: user, id: 2, Error: Cannot delete the last own",False,0.8500,none,2026-09-26T11:10:30.156186+00:00
flowfuse,1688385002_2d43e52de65c197837bcba112a05cd2e0249ea15,forge-unit,1,1427,3019de2c6ac01c3f,1,"[2026-09-09T03:34:46.194Z] ERROR: AUDIT: event: account.register, type: user, Error: license limit reached",False,0.7000,none,2026-09-26T11:10:30.310442+00:00
flowfuse,1688475885_4e3f9d062a5f348df0b9e4ddb1f4bebc1ed1d2b7,forge-unit,9,1282,2fe6f0b9b2ed015c,172,"[2026-09-15T17:42:40.932Z] ERROR: AUDIT: event: team.device.provisioning.created, type: team, id: 1, Error: Token name m",False,0.7800,none,2026-09-26T11:10:30.420803+00:00
flowfuse,1688476318_c866aa843005b94aec9d6d5550ed162a7afb4dcd,forge-unit,9,1405,9ca48eb83d299d9e,7,"[2026-09-10T11:02:53.003Z] ERROR: AUDIT: event: users.deleted-user, type: user, id: 2, Error: Cannot delete the last own",False,0.8200,none,2026-09-26T11:10:30.546445+00:00
flowfuse,1688482310_f50ebfea279fb743a8fc46071a66df30f8d79630,forge-unit,2,1393,84a7bd8673eae2d0,5,"[2026-09-09T04:33:50.419Z] ERROR: AUDIT: event: users.deleted-user, type: user, id: 2, Error: Cannot delete the last own",False,0.8100,none,2026-09-26T11:10:30.700129+00:00
flowfuse,1689191225_4260c4047728c17590165be3c1e4326c926b79d6,forge-unit,15,1268,5b7e51b26083a375,721,"[2026-09-21T08:40:11.846Z] ERROR: AUDIT: event: platform.project-type.deleted, type: platform, Error: Cannot delete Proj",False,0.8100,none,2026-09-26T11:10:30.891574+00:00
flowfuse,1689191225_4260c4047728c17590165be3c1e4326c926b79d6,forge-unit,15,1414,c9c09c0603b26971,102,"[2026-09-21T08:40:36.004Z] ERROR: AUDIT: event: platform.team.deleted, type: platform, Error: Cannot delete team that ow",False,0.7700,none,2026-09-26T11:10:31.038607+00:00
flowfuse,1689191225_4260c4047728c17590165be3c1e4326c926b79d6,forge-unit,15,1430,7152e1947a2838c0,742,"[2026-09-21T08:40:44.223Z] ERROR: AUDIT: event: platform.team.created, type: platform, Error: license limit reached",False,0.6900,none,2026-09-26T11:10:31.191449+00:00
flowfuse,1689191225_4260c4047728c17590165be3c1e4326c926b79d6,forge-unit,15,1559,9424021345c26629,77,"[2026-09-21T08:41:04.241Z] ERROR: AUDIT: event: user.deleted, type: user, id: 26, Error: Cannot delete the last platform",False,0.7700,none,2026-09-26T11:10:31.329619+00:00
flowfuse,1689191225_4260c4047728c17590165be3c1e4326c926b79d6,forge-unit,15,1642,ff8f86a56ee07122,635,"[2026-09-21T08:41:08.888Z] ERROR: AUDIT: event: account.register, type: user, Error: license limit reached",False,0.6800,false_positive,2026-09-26T11:10:31.503196+00:00
flowfuse,1689268406_9d5575603f5202900eae23e4a4656508478c4dc2,forge-unit,15,1529,e967c05c1bb35cc4,31,"[2026-09-12T17:22:24.768Z] ERROR: AUDIT: event: user.updated-user, type: user, id: 6, Error: Invalid email address",False,0.7900,none,2026-09-26T11:10:31.693122+00:00
flowfuse,1689268406_9d5575603f5202900eae23e4a4656508478c4dc2,forge-unit,15,1535,f58c64ab0d6d023a,587,"[2026-09-12T17:22:26.980Z] ERROR: AUDIT: event: user.updated-user, type: user, id: 9, Error: Cannot change email for sso",False,0.8000,false_positive,2026-09-26T11:10:31.777765+00:00
flowfuse,1689693732_810c8e6c6f3331aa4d6e468ae6b22da8e0fe24b9,forge-unit,1,1389,dff740505288a4a2,10,"[2026-09-22T00:29:09.881Z] ERROR: AUDIT: event: user.updated-user, type: user, id: 3, Error: Cannot change password for ",False,0.8100,false_positive,2026-09-26T11:10:31.949249+00:00
flowfuse,1689693732_810c8e6c6f3331aa4d6e468ae6b22da8e0fe24b9,forge-unit,1,1448,1526ba2e86ee94a8,21,"[2026-09-22T00:29:15.822Z] ERROR: AUDIT: event: users.deleted-user, type: user, id: 2, Error: Cannot delete the last own",False,0.8200,none,2026-09-26T11:10:32.229998+00:00
flowfuse,1689960086_202dfbb6d60140e76e8ce7159e8af388e2ad2155,forge-unit,6,1123,7806a1a029d3a495,2,          TypeError: app.db.controllers.Project.reEncryptCredentials is not a function,False,0.8400,none,2026-09-26T11:10:32.368321+00:00
flowfuse,1689960086_202dfbb6d60140e76e8ce7159e8af388e2ad2155,forge-unit,6,1139,60ae329e88b5b736,2,          TypeError: app.db.controllers.Project.reEncryptCredentials is not a function,False,0.8300,none,2026-09-26T11:10:32.526236+00:00
flowfuse,1689960131_30db7f4207596ff400be33db2af6b698e49afc43,forge-unit,6,1469,196766d777ac9cf5,26,"[2026-09-14T12:28:49.536Z] ERROR: AUDIT: event: users.deleted-user, type: user, id: 2, Error: Cannot delete the last own",False,0.8100,none,2026-09-26T11:10:32.692125+00:00
flowfuse,1689960165_65ff60b6020d13074babf13f7a348753c45ab8a0,forge-unit,3,1586,929574591c8d8c43,46,     AssertionError: expected Object {,False,0.8400,none,2026-09-26T11:10:32.849744+00:00
flowfuse,1690195197_57dcdf63433408d771327ebc1931d55e97da97a9,forge-unit,135,314,e91f9395294ee7ff,1,  parent: [Error: SQLITE_ERROR: table TeamTypes has no column named enabled] {,True,0.5200,none,2026-09-26T11:10:33.016958+00:00
flowfuse,1690195197_57dcdf63433408d771327ebc1931d55e97da97a9,forge-unit,135,341,0f81e264b60dcf9d,1,  parent: [Error: SQLITE_ERROR: table TeamTypes has no column named enabled] {,False,0.5600,none,2026-09-26T11:10:33.147938+00:00
flowfuse,1690195197_57dcdf63433408d771327ebc1931d55e97da97a9,forge-unit,135,369,66f1f968a4c04f58,1,  parent: [Error: SQLITE_ERROR: table TeamTypes has no column named enabled] {,False,0.5700,none,2026-09-26T11:10:33.352018+00:00
flowfuse,1690195197_57dcdf63433408d771327ebc1931d55e97da97a9,forge-unit,135,397,c96fb03816b91e22,1,  parent: [Error: SQLITE_ERROR: table TeamTypes has no column named enabled] {,False,0.5200,none,2026-09-26T11:10:33.588981+00:00
flowfuse,1690195197_57dcdf63433408d771327ebc1931d55e97da97a9,forge-unit,135,425,52a24c9ea41ea05f,1,  parent: [Error: SQLITE_ERROR: table TeamTypes has no column named enabled] {,False,0.5200,none,2026-09-26T11:10:33.604594+00:00
flowfuse,1690195197_57dcdf63433408d771327ebc1931d55e97da97a9,forge-unit,135,455,056d59a78b6f9ea7,1,  parent: [Error: SQLITE_ERROR: table TeamTypes has no column named enabled] {,False,0.5400,none,2026-09-26T11:10:33.707130+00:00
flowfuse,1690195197_57dcdf63433408d771327ebc1931d55e97da97a9,forge-unit,135,512,be70a55cb7b66fe2,1,  parent: [Error: SQLITE_ERROR: table TeamTypes has no column named enabled] {,False,0.5200,none,2026-09-26T11:10:34.000844+00:00
flowfuse,1690195197_57dcdf63433408d771327ebc1931d55e97da97a9,forge-unit,135,483,3dcd543574f4a49a,1,  parent: [Error: SQLITE_ERROR: table TeamTypes has no column named enabled] {,False,0.5500,none,2026-09-26T11:10:34.006032+00:00
flowfuse,1690195197_57dcdf63433408d771327ebc1931d55e97da97a9,forge-unit,135,529,ae4d6ee6b43634e5,25,[2026-09-13T10:11:42.189Z] ERROR: Failed to start: SequelizeDatabaseError: SQLITE_ERROR: table TeamTypes has no column n,False,0.5200,none,2026-09-26T11:10:34.213991+00:00
flowfuse,1690195197_57dcdf63433408d771327ebc1931d55e97da97a9,forge-unit,135,541,368d93a9e0caf57f,1,  parent: [Error: SQLITE_ERROR: table TeamTypes has no column named enabled] {,False,0.5300,none,2026-09-26T11:10:34.369626+00:00
flowfuse,1690195197_57dcdf63433408d771327ebc1931d55e97da97a9,forge-unit,135,570,798ea2c7a8ec8c18,1,  parent: [Error: SQLITE_ERROR: table TeamTypes has no column named enabled] {,False,0.5500,none,2026-09-26T11:10:34.494383+00:00
flowfuse,1690195197_57dcdf63433408d771327ebc1931d55e97da97a9,forge-unit,135,599,c3539c34381d30de,1,  parent: [Error: SQLITE_ERROR: table TeamTypes has no column named enabled] {,False,0.5400,none,2026-09-26T11:10:34.775818+00:00
flowfuse,1690195197_57dcdf63433408d771327ebc1931d55e97da97a9,forge-unit,135,617,fd47ef99241ac70f,19,[2026-09-13T10:11:42.468Z] ERROR: Failed to start: SequelizeDatabaseError: SQLITE_ERROR: table TeamTypes has no column n,False,0.6300,none,2026-09-26T11:10:34.890760+00:00
flowfuse,1690195197_57dcdf63433408d771327ebc1931d55e97da97a9,forge-unit,135,629,420141c0a1e1d476,1,  parent: [Error: SQLITE_ERROR: table TeamTypes has no column named enabled] {,False,0.5700,none,2026-09-26T11:10:34.916390+00:00
flowfuse,1690195197_57dcdf63433408d771327ebc1931d55e97da97a9,forge-unit,135,658,c8227e3fb56b25c0,1,  parent: [Error: SQLITE_ERROR: table TeamTypes has no column named enabled] {,False,0.5600,none,2026-09-26T11:10:35.044512+00:00
flowfuse,1690195197_57dcdf63433408d771327ebc1931d55e97da97a9,forge-unit,135,687,93a084dd687153ec,1,  parent: [Error: SQLITE_ERROR: table TeamTypes has no column named enabled] {,False,0.5100,none,2026-09-26T11:10:35.236400+00:00
flowfuse,1690195197_57dcdf63433408d771327ebc1931d55e97da97a9,forge-unit,135,715,dbcbfc4ba10c0109,1,  parent: [Error: SQLITE_ERROR: table TeamTypes has no column named enabled] {,False,0.5800,none,2026-09-26T11:10:35.368751+00:00
flowfuse,1690195197_57dcdf63433408d771327ebc1931d55e97da97a9,forge-unit,135,744,7f936460f124f8fa,1,  parent: [Error: SQLITE_ERROR: table TeamTypes has no column named enabled] {,False,0.5300,none,2026-09-26T11:10:35.521039+00:00
flowfuse,1690195197_57dcdf63433408d771327ebc1931d55e97da97a9,forge-unit,135,761,7f3e3a69f3c7c701,20,[2026-09-13T10:11:42.809Z] ERROR: Failed to start: SequelizeDatabaseError: SQLITE_ERROR: table TeamTypes has no column n,False,0.6500,none,2026-09-26T11:10:35.701170+00:00
flowfuse,1690195197_57dcdf63433408d771327ebc1931d55e97da97a9,forge-unit,135,773,da9f32aa172013b3,1,  parent: [Error: SQLITE_ERROR: table TeamTypes has no column named enabled] {,False,0.5900,none,2026-09-26T11:10:35.837590+00:00
flowfuse,1690195197_57dcdf63433408d771327ebc1931d55e97da97a9,forge-unit,135,831,d94ec4fc49f751ea,1,  parent: [Error: SQLITE_ERROR: table TeamTypes has no column named enabled] {,False,0.5700,none,2026-09-26T11:10:36.261043+00:00
flowfuse,1690195197_57dcdf63433408d771327ebc1931d55e97da97a9,forge-unit,135,802,28e8d9605611b426,1,  parent: [Error: SQLITE_ERROR: table TeamTypes has no column named enabled] {,False,0.5800,none,2026-09-26T11:10:36.266275+00:00
flowfuse,1690195197_57dcdf63433408d771327ebc1931d55e97da97a9,forge-unit,135,860,2bebfe07f13e4c16,1,  parent: [Error: SQLITE_ERROR: table TeamTypes has no column named enabled] {,False,0.5500,none,2026-09-26T11:10:36.306001+00:00
flowfuse,1690195197_57dcdf63433408d771327ebc1931d55e97da97a9,forge-unit,135,889,7ed471626cb0a353,1,  parent: [Error: SQLITE_ERROR: table TeamTypes has no column named enabled] {,False,0.5800,none,2026-09-26T11:10:36.403841+00:00
flowfuse,1690195197_57dcdf63433408d771327ebc1931d55e97da97a9,forge-unit,135,919,1448d5ea600bf4d8,1,  parent: [Error: SQLITE_ERROR: table TeamTypes has no column named enabled] {,False,0.5400,none,2026-09-26T11:10:36.640717+00:00
flowfuse,1690195197_57dcdf63433408d771327ebc1931d55e97da97a9,forge-unit,135,947,7f7436062be8af63,1,  parent: [Error: SQLITE_ERROR: table TeamTypes has no column named enabled] {,False,0.5600,none,2026-09-26T11:10:36.750345+00:00
flowfuse,1690195197_57dcdf63433408d771327ebc1931d55e97da97a9,forge-unit,135,976,af04c1559ede4255,1,  parent: [Error: SQLITE_ERROR: table TeamTypes has no column named enabled] {,False,0.5900,none,2026-09-26T11:10:36.940027+00:00
flowfuse,1690195197_57dcdf63433408d771327ebc1931d55e97da97a9,forge-unit,135,1005,789afd810e1967d5,1,  parent: [Error: SQLITE_ERROR: table TeamTypes has no column named enabled] {,False,0.5500,none,2026-09-26T11:10:37.050248+00:00
flowfuse,1690195197_57dcdf63433408d771327ebc1931d55e97da97a9,forge-unit,135,1032,fdec51624cbbd85c,1,  parent: [Error: SQLITE_ERROR: table TeamTypes has no column named enabled] {,False,0.5700,none,2026-09-26T11:10:37.207434+00:00
flowfuse,1690195197_57dcdf63433408d771327ebc1931d55e97da97a9,forge-unit,135,1058,5536a6994371517c,1,  parent: [Error: SQLITE_ERROR: table TeamTypes has no column named enabled] {,False,0.5300,none,2026-09-26T11:10:37.328627+00:00
flowfuse,1690195197_57dcdf63433408d771327ebc1931d55e97da97a9,forge-unit,135,1087,6a4244122579edac,1,  parent: [Error: SQLITE_ERROR: table TeamTypes has no column named enabled] {,False,0.5600,none,2026-09-26T11:10:37.500921+00:00
flowfuse,1690195197_57dcdf63433408d771327ebc1931d55e97da97a9,forge-unit,135,1115,0580bc57d9a4a6ff,1,  parent: [Error: SQLITE_ERROR: table TeamTypes has no column named enabled] {,False,0.5400,none,2026-09-26T11:10:37.694264+00:00
flowfuse,1690195197_57dcdf63433408d771327ebc1931d55e97da97a9,forge-unit,135,1143,b328c078aab85bd8,1,  parent: [Error: SQLITE_ERROR: table TeamTypes has no column named enabled] {,False,0.5300,none,2026-09-26T11:10:37.795251+00:00
flowfuse,1690195197_57dcdf63433408d771327ebc1931d55e97da97a9,forge-unit,135,1173,ea5883b1a35ede60,1,  parent: [Error: SQLITE_ERROR: table TeamTypes has no column named enabled] {,False,0.5700,none,2026-09-26T11:10:37.934227+00:00
flowfuse,1690195197_57dcdf63433408d771327ebc1931d55e97da97a9,forge-unit,135,1190,f5e8c7ae16cf7d74,27,[2026-09-13T10:11:43.691Z] ERROR: Failed to start: SequelizeDatabaseError: SQLITE_ERROR: table TeamTypes has no column n,False,0.6000,none,2026-09-26T11:10:38.143603+00:00
flowfuse,1690195197_57dcdf63433408d771327ebc1931d55e97da97a9,forge-unit,135,1202,4d6d40efa7161585,1,  parent: [Error: SQLITE_ERROR: table TeamTypes has no column named enabled] {,False,0.5500,none,2026-09-26T11:10:38.206024+00:00
flowfuse,1690195197_57dcdf63433408d771327ebc1931d55e97da97a9,forge-unit,135,1220,61c55714c2a25be3,8,[2026-09-13T10:11:43.756Z] ERROR: Failed to start: SequelizeDatabaseError: SQLITE_ERROR: table TeamTypes has no column n,False,0.6000,none,2026-09-26T11:10:38.369409+00:00
flowfuse,1690195197_57dcdf63433408d771327ebc1931d55e97da97a9,forge-unit,135,1233,e9f7e4d7874c557c,1,  parent: [Error: SQLITE_ERROR: table TeamTypes has no column named enabled] {,False,0.5700,none,2026-09-26T11:10:38.557737+00:00
flowfuse,1690195197_57dcdf63433408d771327ebc1931d55e97da97a9,forge-unit,135,1259,86b54a0839912f98,1,  parent: [Error: SQLITE_ERROR: table TeamTypes has no column named enabled] {,False,0.5700,none,2026-09-26T11:10:38.668607+00:00
flowfuse,1690195197_57dcdf63433408d771327ebc1931d55e97da97a9,forge-unit,135,1284,f1569c9874d45dec,1,  parent: [Error: SQLITE_ERROR: table TeamTypes has no column named enabled] {,False,0.5100,none,2026-09-26T11:10:38.843182+00:00
flowfuse,1690195197_57dcdf63433408d771327ebc1931d55e97da97a9,forge-unit,135,1312,3e70beb870e8e7ef,1,  parent: [Error: SQLITE_ERROR: table TeamTypes has no column named enabled] {,False,0.5300,none,2026-09-26T11:10:38.999388+00:00
flowfuse,1690195197_57dcdf63433408d771327ebc1931d55e97da97a9,forge-unit,135,1339,aabc4416c7036e30,1,  parent: [Error: SQLITE_ERROR: table TeamTypes has no column named enabled] {,False,0.5500,none,2026-09-26T11:10:39.136400+00:00
flowfuse,1690195197_57dcdf63433408d771327ebc1931d55e97da97a9,forge-unit,135,1366,8ccf6f2c0ced81f7,1,  parent: [Error: SQLITE_ERROR: table TeamTypes has no column named enabled] {,False,0.5600,none,2026-09-26T11:10:39.287881+00:00
flowfuse,1690195197_57dcdf63433408d771327ebc1931d55e97da97a9,forge-unit,135,1393,e60fc86f0a3a7d04,1,  parent: [Error: SQLITE_ERROR: table TeamTypes has no column named enabled] {,False,0.5300,none,2026-09-26T11:10:39.419841+00:00
flowfuse,1690195197_57dcdf63433408d771327ebc1931d55e97da97a9,forge-unit,135,1420,cb46d9407467f0f5,1,  parent: [Error: SQLITE_ERROR: table TeamTypes has no column named enabled] {,False,0.5100,none,2026-09-26T11:10:39.666665+00:00
flowfuse,1690195197_57dcdf63433408d771327ebc1931d55e97da97a9,forge-unit,135,1447,c1554a8e5dcf1acf,1,  parent: [Error: SQLITE_ERROR: table TeamTypes has no column named enabled] {,False,0.5200,none,2026-09-26T11:10:39.752379+00:00
flowfuse,1690195197_57dcdf63433408d771327ebc1931d55e97da97a9,forge-unit,135,1473,b5a56915b8437a07,1,  parent: [Error: SQLITE_ERROR: table TeamTypes has no column named enabled] {,False,0.5100,none,2026-09-26T11:10:39.870215+00:00
flowfuse,1690195197_57dcdf63433408d771327ebc1931d55e97da97a9,forge-unit,135,1501,bdeb66fb0ebf0ea1,1,  parent: [Error: SQLITE_ERROR: table TeamTypes has no column named enabled] {,False,0.5200,none,2026-09-26T11:10:40.044213+00:00
flowfuse,1690195197_57dcdf63433408d771327ebc1931d55e97da97a9,forge-unit,135,1527,bf677cd7a7120f2b,1,  parent: [Error: SQLITE_ERROR: table TeamTypes has no column named enabled] {,False,0.5700,none,2026-09-26T11:10:40.219780+00:00
flowfuse,1690195197_57dcdf63433408d771327ebc1931d55e97da97a9,forge-unit,135,1554,a74488dcb697961e,1,  parent: [Error: SQLITE_ERROR: table TeamTypes has no column named enabled] {,False,0.5600,none,2026-09-26T11:10:40.312482+00:00
flowfuse,1690195197_57dcdf63433408d771327ebc1931d55e97da97a9,forge-unit,135,1580,e15ee74dcd81e661,1,  parent: [Error: SQLITE_ERROR: table TeamTypes has no column named enabled] {,False,0.5800,none,2026-09-26T11:10:40.461377+00:00
flowfuse,1690195197_57dcdf63433408d771327ebc1931d55e97da97a9,forge-unit,135,1606,c503597b41cb43f5,1,  parent: [Error: SQLITE_ERROR: table TeamTypes has no column named enabled] {,False,0.5600,none,2026-09-26T11:10:40.636982+00:00
flowfuse,1690195197_57dcdf63433408d771327ebc1931d55e97da97a9,forge-unit,135,1634,0e5c1c889562fda1,1,  parent: [Error: SQLITE_ERROR: table TeamTypes has no column named enabled] {,False,0.5400,none,2026-09-26T11:10:40.802791+00:00
flowfuse,1690195197_57dcdf63433408d771327ebc1931d55e97da97a9,forge-unit,135,1662,56c47f06ba88297e,1,  parent: [Error: SQLITE_ERROR: table TeamTypes has no column named enabled] {,False,0.6000,none,2026-09-26T11:10:40.906927+00:00
flowfuse,1690195197_57dcdf63433408d771327ebc1931d55e97da97a9,forge-unit,135,1679,4900db03c35b66a4,24,[2026-09-13T10:11:44.682Z] ERROR: Failed to start: SequelizeDatabaseError: SQLITE_ERROR: table TeamTypes has no column n,False,0.6200,none,2026-09-26T11:10:41.089249+00:00
flowfuse,1690195197_57dcdf63433408d771327ebc1931d55e97da97a9,forge-unit,135,1691,45ef76f5875e00a1,1,  parent: [Error: SQLITE_ERROR: table TeamTypes has no column named enabled] {,False,0.5500,none,2026-09-26T11:10:41.229127+00:00
flowfuse,1690195197_57dcdf63433408d771327ebc1931d55e97da97a9,forge-unit,135,1710,d4cf919a1dab532c,1,[2026-09-13T10:11:44.732Z] ERROR: Failed to start: SequelizeDatabaseError: SQLITE_ERROR: table TeamTypes has no column n,False,0.5700,none,2026-09-26T11:10:41.432807+00:00
flowfuse,1690195197_57dcdf63433408d771327ebc1931d55e97da97a9,forge-unit,135,1722,e721c370e3156b7e,1,  parent: [Error: SQLITE_ERROR: table TeamTypes has no column named enabled] {,False,0.5500,none,2026-09-26T11:10:41.567637+00:00
flowfuse,1690195197_57dcdf63433408d771327ebc1931d55e97da97a9,forge-unit,135,1751,5f8571c5ebb7535f,1,  parent: [Error: SQLITE_ERROR: table TeamTypes has no column named enabled] {,False,0.5700,none,2026-09-26T11:10:41.673065+00:00
flowfuse,1690195197_57dcdf63433408d771327ebc1931d55e97da97a9,forge-unit,135,1780,d361d1064b435da7,1,  parent: [Error: SQLITE_ERROR: table TeamTypes has no column named enabled] {,False,0.6000,none,2026-09-26T11:10:41.864497+00:00
flowfuse,1690195197_57dcdf63433408d771327ebc1931d55e97da97a9,forge-unit,135,1797,62d7c7d9d523a4de,25,[2026-09-13T10:11:44.902Z] ERROR: Failed to start: SequelizeDatabaseError: SQLITE_ERROR: table TeamTypes has no column n,False,0.6300,none,2026-09-26T11:10:41.952937+00:00
flowfuse,1690195197_57dcdf63433408d771327ebc1931d55e97da97a9,forge-unit,135,1809,4a06efcf94f9e167,1,  parent: [Error: SQLITE_ERROR: table TeamTypes has no column named enabled] {,False,0.5400,none,2026-09-26T11:10:42.133607+00:00
flowfuse,1690195197_57dcdf63433408d771327ebc1931d55e97da97a9,forge-unit,135,1826,e4194f95d9819589,30,[2026-09-13T10:11:44.968Z] ERROR: Failed to start: SequelizeDatabaseError: SQLITE_ERROR: table TeamTypes has no column n,False,0.6100,none,2026-09-26T11:10:42.272395+00:00
flowfuse,1690195197_57dcdf63433408d771327ebc1931d55e97da97a9,forge-unit,135,1838,694881071c519e1b,1,  parent: [Error: SQLITE_ERROR: table TeamTypes has no column named enabled] {,False,0.5300,none,2026-09-26T11:10:42.493682+00:00
flowfuse,1690195197_57dcdf63433408d771327ebc1931d55e97da97a9,forge-unit,135,1867,f53a336260be3f57,1,  parent: [Error: SQLITE_ERROR: table TeamTypes has no column named enabled] {,False,0.5100,none,2026-09-26T11:10:42.645481+00:00
flowfuse,1690195197_57dcdf63433408d771327ebc1931d55e97da97a9,forge-unit,135,1907,2ebeafea1de929f1,1,  parent: [Error: SQLITE_ERROR: table TeamTypes has no column named enabled] {,False,0.5700,none,2026-09-26T11:10:42.736784+00:00
flowfuse,1690195197_57dcdf63433408d771327ebc1931d55e97da97a9,forge-unit,135,1935,f8077a37df50afb7,1,  parent: [Error: SQLITE_ERROR: table TeamTypes has no column named enabled] {,False,0.5500,none,2026-09-26T11:10:42.940711+00:00
flowfuse,1690195197_57dcdf63433408d771327ebc1931d55e97da97a9,forge-unit,135,1963,078e5924ea583c86,1,  parent: [Error: SQLITE_ERROR: table TeamTypes has no column named enabled] {,True,0.5000,none,2026-09-26T11:10:43.051706+00:00
flowfuse,1690195197_57dcdf63433408d771327ebc1931d55e97da97a9,forge-unit,135,2000,7658f9b0855d14ef,1,  parent: [Error: SQLITE_ERROR: table TeamTypes has no column named enabled] {,False,0.5600,none,2026-09-26T11:10:43.213695+00:00
flowfuse,1690195197_57dcdf63433408d771327ebc1931d55e97da97a9,forge-unit,135,2017,cbcaa6e133f80b81,13,[2026-09-13T10:11:45.302Z] ERROR: Failed to start: SequelizeDatabaseError: SQLITE_ERROR: table TeamTypes has no column n,False,0.6900,none,2026-09-26T11:10:43.358932+00:00
flowfuse,1690195197_57dcdf63433408d771327ebc1931d55e97da97a9,forge-unit,135,2029,2208c7bdad2d7c26,1,  parent: [Error: SQLITE_ERROR: table TeamTypes has no column named enabled] {,False,0.6000,none,2026-09-26T11:10:43.536321+00:00
flowfuse,1690195197_57dcdf63433408d771327ebc1931d55e97da97a9,forge-unit,135,2058,29a436548f4bac6d,1,  parent: [Error: SQLITE_ERROR: table TeamTypes has no column named enabled] {,False,0.5500,none,2026-09-26T11:10:43.647623+00:00
flowfuse,1690195197_57dcdf63433408d771327ebc1931d55e97da97a9,forge-unit,135,2087,8371ee4b01b7d2ad,1,  parent: [Error: SQLITE_ERROR: table TeamTypes has no column named enabled] {,False,0.5500,none,2026-09-26T11:10:43.758906+00:00
flowfuse,1690195197_57dcdf63433408d771327ebc1931d55e97da97a9,forge-unit,135,2116,e7cf61fbe47b173a,1,  parent: [Error: SQLITE_ERROR: table TeamTypes has no column named enabled] {,False,0.5400,none,2026-09-26T11:10:43.911027+00:00
flowfuse,1690195197_57dcdf63433408d771327ebc1931d55e97da97a9,forge-unit,135,2145,162e8fae0cf45c03,1,  parent: [Error: SQLITE_ERROR: table TeamTypes has no column named enabled] {,True,0.5100,none,2026-09-26T11:10:44.100594+00:00
flowfuse,1690195197_57dcdf63433408d771327ebc1931d55e97da97a9,forge-unit,135,2174,32745e17fdecd234,1,  parent: [Error: SQLITE_ERROR: table TeamTypes has no column named enabled] {,False,0.5500,none,2026-09-26T11:10:44.273229+00:00
flowfuse,1690195197_57dcdf63433408d771327ebc1931d55e97da97a9,forge-unit,135,2191,370462f7f9b80aa5,6,[2026-09-13T10:11:45.653Z] ERROR: Failed to start: SequelizeDatabaseError: SQLITE_ERROR: table TeamTypes has no column n,False,0.6500,none,2026-09-26T11:10:44.416938+00:00
flowfuse,1690195197_57dcdf63433408d771327ebc1931d55e97da97a9,forge-unit,135,2203,5ce772777d0e9c92,1,  parent: [Error: SQLITE_ERROR: table TeamTypes has no column named enabled] {,False,0.5600,none,2026-09-26T11:10:44.544369+00:00
flowfuse,1690195197_57dcdf63433408d771327ebc1931d55e97da97a9,forge-unit,135,2232,96537744e12a4233,1,  parent: [Error: SQLITE_ERROR: table TeamTypes has no column named enabled] {,False,0.5800,none,2026-09-26T11:10:44.792405+00:00
flowfuse,1690195197_57dcdf63433408d771327ebc1931d55e97da97a9,forge-unit,135,2220,85dee69dcd089801,20,[2026-09-13T10:11:45.707Z] ERROR: Failed to start: SequelizeDatabaseError: SQLITE_ERROR: table TeamTypes has no column n,False,0.6700,none,2026-09-26T11:10:44.884541+00:00
flowfuse,1690195197_57dcdf63433408d771327ebc1931d55e97da97a9,forge-unit,135,2263,784fbc952ca64650,1,  parent: [Error: SQLITE_ERROR: table TeamTypes has no column named enabled] {,False,0.5600,none,2026-09-26T11:10:44.988304+00:00
flowfuse,1690195197_57dcdf63433408d771327ebc1931d55e97da97a9,forge-unit,135,2279,8776dc0101aaa515,21,[2026-09-13T10:11:45.867Z] ERROR: Failed to start: SequelizeDatabaseError: SQLITE_ERROR: table TeamTypes has no column n,False,0.6000,none,2026-09-26T11:10:45.141897+00:00
flowfuse,1690195197_57dcdf63433408d771327ebc1931d55e97da97a9,forge-unit,135,2307,e97c436fbfdd530b,21,[2026-09-13T10:11:46.218Z] ERROR: Failed to start: SequelizeDatabaseError: SQLITE_ERROR: table TeamTypes has no column n,False,0.6000,none,2026-09-26T11:10:45.283587+00:00
flowfuse,1690195197_57dcdf63433408d771327ebc1931d55e97da97a9,forge-unit,135,2319,1b015acb9e3fa70e,1,  parent: [Error: SQLITE_ERROR: table TeamTypes has no column named enabled] {,False,0.5100,none,2026-09-26T11:10:45.434513+00:00
flowfuse,1690195197_57dcdf63433408d771327ebc1931d55e97da97a9,forge-unit,135,2348,6f8ccc5b3f8a3277,1,  parent: [Error: SQLITE_ERROR: table TeamTypes has no column named enabled] {,False,0.5800,none,2026-09-26T11:10:45.575230+00:00
flowfuse,1690195197_57dcdf63433408d771327ebc1931d55e97da97a9,forge-unit,135,2377,135d0e06513c7182,1,  parent: [Error: SQLITE_ERROR: table TeamTypes has no column named enabled] {,False,0.5700,none,2026-09-26T11:10:45.754524+00:00
flowfuse,1690195197_57dcdf63433408d771327ebc1931d55e97da97a9,forge-unit,135,2406,81a85ce8dfe5e493,1,  parent: [Error: SQLITE_ERROR: table TeamTypes has no column named enabled] {,False,0.5600,none,2026-09-26T11:10:45.897738+00:00
flowfuse,1690195197_57dcdf63433408d771327ebc1931d55e97da97a9,forge-unit,135,2436,2da736475dc43f70,1,  parent: [Error: SQLITE_ERROR: table TeamTypes has no column named enabled] {,False,0.5700,none,2026-09-26T11:10:46.042853+00:00
flowfuse,1690195197_57dcdf63433408d771327ebc1931d55e97da97a9,forge-unit,135,2464,d1f0eccb09a48095,1,  parent: [Error: SQLITE_ERROR: table TeamTypes has no column named enabled] {,False,0.5700,none,2026-09-26T11:10:46.189634+00:00
flowfuse,1690195197_57dcdf63433408d771327ebc1931d55e97da97a9,forge-unit,135,2518,9a4fffb3481033ab,1,  parent: [Error: SQLITE_ERROR: table TeamTypes has no column named enabled] {,False,0.5400,none,2026-09-26T11:10:46.331376+00:00
flowfuse,1690195197_57dcdf63433408d771327ebc1931d55e97da97a9,forge-unit,135,2546,b6682e44305b4938,1,  parent: [Error: SQLITE_ERROR: table TeamTypes has no column named enabled] {,False,0.5800,none,2026-09-26T11:10:46.574355+00:00
flowfuse,1690195197_57dcdf63433408d771327ebc1931d55e97da97a9,forge-unit,135,2563,fdca1c461aa2dc1a,20,[2026-09-13T10:11:46.587Z] ERROR: Failed to start: SequelizeDatabaseError: SQLITE_ERROR: table TeamTypes has no column n,False,0.5900,none,2026-09-26T11:10:46.640530+00:00
flowfuse,1690195197_57dcdf63433408d771327ebc1931d55e97da97a9,forge-unit,135,2575,1cd8412b76d8e3f5,1,  parent: [Error: SQLITE_ERROR: table TeamTypes has no column named enabled] {,False,0.5200,none,2026-09-26T11:10:46.779216+00:00
flowfuse,1690195197_57dcdf63433408d771327ebc1931d55e97da97a9,forge-unit,135,2816,2864d84e800367fa,35,     TypeError: Cannot read properties of undefined (reading 'close'),False,0.5500,none,2026-09-26T11:10:46.907164+00:00
flowfuse,1690195197_57dcdf63433408d771327ebc1931d55e97da97a9,forge-unit,135,3251,dfb4e30d30694cb0,45,     TypeError: Cannot read properties of undefined (reading 'close'),False,0.6500,none,2026-09-26T11:10:47.065917+00:00
flowfuse,1690195197_57dcdf63433408d771327ebc1931d55e97da97a9,forge-unit,135,3593,c88de274afe65cbc,50,     TypeError: Cannot read properties of undefined (reading 'close'),False,0.5800,none,2026-09-26T11:10:47.195794+00:00
flowfuse,1690195197_57dcdf63433408d771327ebc1931d55e97da97a9,forge-unit,135,4111,aa919e16ae5239ca,1,[2026-09-13T10:11:46.639Z] ERROR: Failed to start: SequelizeDatabaseError: SQLITE_ERROR: table TeamTypes has no column n,False,0.6800,none,2026-09-26T11:10:47.525437+00:00
flowfuse,1690195197_57dcdf63433408d771327ebc1931d55e97da97a9,forge-unit,135,3613,8d5c57df3c9405f7,57,     TypeError: Cannot read properties of undefined (reading 'close'),False,0.6100,none,2026-09-26T11:10:47.629052+00:00
flowfuse,1690195197_57dcdf63433408d771327ebc1931d55e97da97a9,system,10,4515,78a3fb562e2982ab,1,  parent: [Error: SQLITE_ERROR: table TeamTypes has no column named enabled] {,False,0.6100,none,2026-09-26T11:10:47.730744+00:00
flowfuse,1690195197_57dcdf63433408d771327ebc1931d55e97da97a9,system,10,4543,39f46d77fd359972,1,  parent: [Error: SQLITE_ERROR: table TeamTypes has no column named enabled] {,False,0.5400,none,2026-09-26T11:10:47.816707+00:00
flowfuse,1690195197_57dcdf63433408d771327ebc1931d55e97da97a9,system,10,4570,1b147c75a1359203,1,  parent: [Error: SQLITE_ERROR: table TeamTypes has no column named enabled] {,False,0.5600,none,2026-09-26T11:10:47.977122+00:00
flowfuse,1690195197_57dcdf63433408d771327ebc1931d55e97da97a9,system,10,4587,4fd253f2194efd58,21,[2026-09-13T10:12:15.993Z] ERROR: Failed to start: SequelizeDatabaseError: SQLITE_ERROR: table TeamTypes has no column n,False,0.6400,none,2026-09-26T11:10:48.126024+00:00
flowfuse,1690195197_57dcdf63433408d771327ebc1931d55e97da97a9,system,10,4599,6e8c2d9eed5433b9,1,  parent: [Error: SQLITE_ERROR: table TeamTypes has no column named enabled] {,False,0.5600,none,2026-09-26T11:10:48.303272+00:00
flowfuse,1690195197_57dcdf63433408d771327ebc1931d55e97da97a9,system,10,4616,fb52df6efa9fb2a4,20,[2026-09-13T10:12:16.161Z] ERROR: Failed to start: SequelizeDatabaseError: SQLITE_ERROR: table TeamTypes has no column n,False,0.6000,none,2026-09-26T11:10:48.414025+00:00
flowfuse,1690195197_57dcdf63433408d771327ebc1931d55e97da97a9,system,10,4627,567677c3250c5ec4,1,  parent: [Error: SQLITE_ERROR: table TeamTypes has no column named enabled] {,False,0.5700,none,2026-09-26T11:10:48.561972+00:00
flowfuse,1690195197_57dcdf63433408d771327ebc1931d55e97da97a9,system,10,4719,243012661e3d5f1f,32,     TypeError: Cannot read properties of undefined (reading 'close'),False,0.6200,none,2026-09-26T11:10:48.727044+00:00
flowfuse,1690195197_57dcdf63433408d771327ebc1931d55e97da97a9,system,10,4738,e3fc1570264ab09d,33,     TypeError: Cannot read properties of undefined (reading 'close'),False,0.6600,none,2026-09-26T11:10:48.858280+00:00
flowfuse,1690195197_57dcdf63433408d771327ebc1931d55e97da97a9,system,10,4744,7ab113b62e73387d,1,[2026-09-13T10:12:16.238Z] ERROR: Failed to start: SequelizeDatabaseError: SQLITE_ERROR: table TeamTypes has no column n,False,0.6900,none,2026-09-26T11:10:49.096049+00:00
flowfuse,1690195339_ae128078d4b1a7d15c2d00d11c1f713cb31a834c,forge-unit,135,2305,db560b7edf3723e5,1,[2026-09-16T03:06:50.187Z] ERROR: Failed to start: Error: Unrecognised scope requested: 'team-type:list',False,0.6800,none,2026-09-26T11:10:49.153531+00:00
flowfuse,1690195339_ae128078d4b1a7d15c2d00d11c1f713cb31a834c,system,10,2832,be72858e8d82c84e,4,[2026-09-16T03:07:27.762Z] ERROR: Failed to start: Error: Unrecognised scope requested: 'team-type:list',False,0.6300,none,2026-09-26T11:10:49.319736+00:00
flowfuse,1690195464_5f931e3754e34a14510e694e3aeaf1431406aaab,forge-unit,137,1086,8f2513505e040e5c,19,[2026-09-13T23:02:25.684Z] ERROR: Failed to start: Error: Unrecognised scope requested: 'team-type:list',False,0.8000,none,2026-09-26T11:10:49.524869+00:00
flowfuse,1690195464_5f931e3754e34a14510e694e3aeaf1431406aaab,forge-unit,137,2214,478c6a9b2c6f8bdd,29,     Error: Unrecognised scope requested: 'team-type:list',False,0.8300,none,2026-09-26T11:10:49.670020+00:00
flowfuse,1690195555_ef5a6561bbfa6624fc511ba367b2385eb91423c0,forge-unit,137,2331,3b2dc60d58f32999,2,[2026-09-16T08:00:49.533Z] ERROR: Failed to start: Error: Unrecognised scope requested: 'team-type:list',False,0.6700,none,2026-09-26T11:10:49.777379+00:00
flowfuse,1690195761_adc8603a36187808032f27169e94e6a1457b4dba,forge-unit,74,1803,001b9a15eab7d8db,2,"     Error: WHERE parameter ""key"" has invalid ""undefined"" value",False,0.8700,none,2026-09-26T11:10:49.940387+00:00
flowfuse,1690195882_41de7befbcb277669ed40059eedbf4848e7e6c50,forge-unit,55,1382,5484397fe2d9e57c,13,"[2026-09-12T23:05:34.288Z] ERROR: AUDIT: event: user.updated-user, type: user, id: 3, Error: Cannot change password for ",False,0.8300,none,2026-09-26T11:10:50.062547+00:00
flowfuse,1690195975_5b77576840b409b91d5ec1a4fb52cf2c5599c47b,forge-unit,4,1228,3d37ba062cd32a24,3,"[2026-09-21T11:36:39.025Z] ERROR: AUDIT: event: platform.project-type.deleted, type: platform, Error: Cannot delete Proj",False,0.8400,none,2026-09-26T11:10:50.266701+00:00
flowfuse,1690195975_5b77576840b409b91d5ec1a4fb52cf2c5599c47b,forge-unit,4,1511,c9eafcc6ad9568a0,10,"[2026-09-21T11:37:25.149Z] ERROR: AUDIT: event: account.register, type: user, Error: license limit reached",False,0.7300,false_positive,2026-09-26T11:10:50.360326+00:00
flowfuse,1690212184_6099e4eaeba9ed702df9906f0c3ccd0d179ac2ff,forge-unit,1,331,c3a1ab68a7557cad,4,"[2026-09-08T17:46:07.329Z] ERROR: AUDIT: event: project.start-failed, type: project, id: b344e7b6-bf8a-4f05-87d6-ff56ee1",False,0.6100,false_positive,2026-09-26T11:10:50.523327+00:00
flowfuse,1690799724_b6b5e232559b017b1296704121cf66a2b68f4248,forge-unit,9,1391,1d613331cf701b72,3,"[2026-09-21T11:05:09.598Z] ERROR: AUDIT: event: platform.team.created, type: platform, Error: license limit reached",False,0.7500,none,2026-09-26T11:10:50.703759+00:00
flowfuse,1690799724_b6b5e232559b017b1296704121cf66a2b68f4248,forge-unit,9,1418,3ec7ec8f2d2bd48c,5,"[2026-09-21T11:05:13.609Z] ERROR: AUDIT: event: team.device.provisioning.created, type: team, id: 1, Error: Token name m",False,0.8100,none,2026-09-26T11:10:50.817483+00:00
flowfuse,1690799764_4ad6257b501c5226d676ca13b02f420a8a242e29,forge-unit,9,1501,5f79c94b90f71ccc,23,"[2026-09-15T03:52:42.007Z] ERROR: AUDIT: event: user.updated-user, type: user, id: 6, Error: Invalid email address",False,0.7800,false_positive,2026-09-26T11:10:50.947717+00:00
flowfuse,1690806105_eb9bbf44522a5564671c79bc9feb6f33345a175a,forge-unit,54,952,260a4d025665297d,1,[2026-09-12T01:51:47.485Z] ERROR: Failed to start: Error: Unrecognised scope requested: 'application:pipelines:update',False,0.7300,none,2026-09-26T11:10:51.101264+00:00
flowfuse,1690806105_eb9bbf44522a5564671c79bc9feb6f33345a175a,forge-unit,54,986,19b03147d9f8d91f,1,[2026-09-12T01:51:48.942Z] ERROR: Failed to start: Error: Unrecognised scope requested: 'application:pipelines:update',False,0.6300,none,2026-09-26T11:10:51.276208+00:00
flowfuse,1690806105_eb9bbf44522a5564671c79bc9feb6f33345a175a,forge-unit,54,1059,3961cb2b3b7e597d,7,Error: Unrecognised scope requested: 'application:pipelines:update',False,0.6600,none,2026-09-26T11:10:51.403339+00:00
flowfuse,1690806105_eb9bbf44522a5564671c79bc9feb6f33345a175a,forge-unit,54,1081,6850059c377809f5,7,Error: Unrecognised scope requested: 'application:pipelines:update',False,0.6400,none,2026-09-26T11:10:51.572225+00:00
flowfuse,1690806105_eb9bbf44522a5564671c79bc9feb6f33345a175a,forge-unit,54,1116,66928044b9fd1928,7,Error: Unrecognised scope requested: 'application:pipelines:update',False,0.6900,none,2026-09-26T11:10:51.771608+00:00
flowfuse,1690806105_eb9bbf44522a5564671c79bc9feb6f33345a175a,forge-unit,54,1231,3d515806e2c68378,24,Error: Unrecognised scope requested: 'application:pipelines:update',False,0.7600,none,2026-09-26T11:10:51.839027+00:00
flowfuse,1690806105_eb9bbf44522a5564671c79bc9feb6f33345a175a,forge-unit,54,1251,3d4b1b1a72d0d325,19,[2026-09-12T01:52:22.901Z] ERROR: Failed to start: Error: Unrecognised scope requested: 'application:pipelines:update',False,0.6300,none,2026-09-26T11:10:52.003139+00:00
flowfuse,1690806105_eb9bbf44522a5564671c79bc9feb6f33345a175a,forge-unit,54,1539,32fb36e6109503ab,1,"[2026-09-12T01:53:08.897Z] ERROR: AUDIT: event: account.register, type: user, Error: license limit reached",False,0.7000,none,2026-09-26T11:10:52.219756+00:00
flowfuse,1690806105_eb9bbf44522a5564671c79bc9feb6f33345a175a,forge-unit,54,2082,39ac247fe4c235e1,56,     Error: Unrecognised scope requested: 'application:pipelines:update',False,0.7700,none,2026-09-26T11:10:52.348930+00:00
flowfuse,1690806878_cac8d8fbd8e467556a0abc8303e610888ba95942,forge-unit,2,856,b284c42d5f59ea45,1,          TypeError: Cannot read properties of undefined (reading 'forEach'),False,0.8600,none,2026-09-26T11:10:52.476167+00:00
flowfuse,1690806878_cac8d8fbd8e467556a0abc8303e610888ba95942,forge-unit,2,1566,2afb7edae1c6d5b7,9,"[2026-09-10T01:35:54.065Z] ERROR: AUDIT: event: users.deleted-user, type: user, id: 2, Error: Cannot delete the last own",False,0.8000,none,2026-09-26T11:10:52.643403+00:00
flowfuse,1690910695_08acc599b5786ff05aac1c50cdd417a1f5b497d1,forge-unit,3,1591,62fe504b618c4de1,1,"[2026-09-11T06:14:39.822Z] ERROR: AUDIT: event: account.register, type: user, Error: license limit reached",False,0.7800,none,2026-09-26T11:10:52.748703+00:00
flowfuse,1690970228_dbed666903590cfd7c487dd016a78ca8eee7f47b,forge-unit,2,1598,6406fffe6f067e5d,8,"[2026-09-10T12:08:59.436Z] ERROR: AUDIT: event: account.register, type: user, Error: license limit reached",False,0.7600,none,2026-09-26T11:10:52.949647+00:00
flowfuse,1692105051_2067d6b7b1c4a4f3e338a7d23f16b7da9cb2d5fc,forge-unit,3,1264,6d63344f3cee291c,23,"[2026-09-09T00:33:13.687Z] ERROR: AUDIT: event: platform.project-type.deleted, type: platform, Error: Cannot delete Proj",True,0.5900,none,2026-09-26T11:10:53.108846+00:00
flowfuse,1692105051_2067d6b7b1c4a4f3e338a7d23f16b7da9cb2d5fc,forge-unit,3,1283,2a42188a1b9d9fe9,1,  parent: [Error: SQLITE_ERROR: index user_username_lower_unique already exists] {,False,0.5200,none,2026-09-26T11:10:53.291712+00:00
flowfuse,1692105051_2067d6b7b1c4a4f3e338a7d23f16b7da9cb2d5fc,forge-unit,3,1359,731a72e2f904ccbc,1,[2026-09-09T00:33:26.273Z] ERROR: Failed to start: SequelizeDatabaseError: SQLITE_ERROR: no such table: Projects,True,0.5100,none,2026-09-26T11:10:53.401341+00:00
flowfuse,1692374893_3b7c0ddf032243fbe8a3205f8b0e54515f6bae40,forge-unit,6,1544,13b5c1a746c2d40c,1,"[2026-09-10T18:30:58.237Z] ERROR: AUDIT: event: user.deleted, type: user, id: 23, Error: Cannot delete the last platform",False,0.8000,none,2026-09-26T11:10:53.513676+00:00
flowfuse,1692707612_9e7f52217db5145484328ed1c5624bb3c405798f,forge-unit,15,340,7c5001ffea7d2ac9,1,"[2026-09-14T04:17:56.285Z] ERROR: AUDIT: event: project.start-failed, type: project, id: f3fc1987-8023-49ab-bfe1-26d2ec1",False,0.5900,false_positive,2026-09-26T11:10:53.676804+00:00
flowfuse,1692890747_e7cb7bb4de8aa88e78f648936985e29d01ae0c90,forge-unit,2,1142,e9efc19f7ea732d9,1,          TypeError: device.toJSON is not a function,False,0.8600,none,2026-09-26T11:10:53.817140+00:00
flowfuse,1693300384_78594c327c1e33a0469e94dfc5984d693712fb09,forge-unit,3,1549,0fe66567baaff1e1,1,"[2026-09-09T17:17:50.056Z] ERROR: AUDIT: event: user.deleted, type: user, id: 23, Error: Cannot delete the last platform",False,0.7800,false_positive,2026-09-26T11:10:54.008712+00:00
flowfuse,1693314207_b6ca4f6f069854c399a67b660a0fa4e563dc6b10,forge-unit,1,1552,d62bbe6139cf7075,164,"[2026-09-12T07:20:19.383Z] ERROR: AUDIT: event: user.deleted, type: user, id: 26, Error: Cannot delete the last platform",False,0.8000,false_positive,2026-09-26T11:10:54.171099+00:00
flowfuse,1693322360_96dfa77d92fc1c93c38cf31b2ee42257b7e98a9c,forge-unit,3,1774,1be5f9adf221d478,10,      AssertionError: expected 200 to be 400,False,0.9000,none,2026-09-26T11:10:54.275702+00:00
flowfuse,1694696285_4127309706c31654550eb03dcbbeef3188440a78,forge-unit,4,932,184571a3e4363a1a,1,[2026-09-21T02:43:50.852Z] ERROR: Problem adding project to subscription: TypeError: Cannot read properties of undefined,False,0.7800,none,2026-09-26T11:10:54.471986+00:00
flowfuse,1694696285_4127309706c31654550eb03dcbbeef3188440a78,forge-unit,4,1721,8960210ef4fd0f7c,733,"[2026-09-21T02:45:35.877Z] ERROR: AUDIT: event: project.start-failed, type: project, id: a30d2fb3-f088-4dc8-93a3-1d457d2",False,0.6100,none,2026-09-26T11:10:54.558880+00:00
flowfuse,1694702769_3c8517f77c6fbd75a8bdcc35560e57b451a599eb,forge-unit,8,1836,5f22f93da620b94a,1,      AssertionError: expected 'deleting' to be 'suspended',False,0.9000,none,2026-09-26T11:10:54.718724+00:00
flowfuse,1695136192_2630d4a6f9551c169810801450234efc7d5668d9,forge-unit,2,1296,46e6a4027c616a40,1,"[2026-09-12T14:12:12.270Z] ERROR: AUDIT: event: project.snapshot.rolled-back, type: project, id: 2ed3ca30-c288-4086-a437",False,0.6900,none,2026-09-26T11:10:54.870974+00:00
flowfuse,1695303508_36d259013a26d74cf73c68dcfae76298dd27ce9d,forge-unit,5,1506,527f3ed20993257e,1,"[2026-09-12T14:11:47.079Z] ERROR: AUDIT: event: team.device.provisioning.created, type: team, id: 1, Error: Token name m",False,0.7800,none,2026-09-26T11:10:55.092550+00:00
flowfuse,1695303718_7fd36fd7a05cc8ad40d87e6db86b44d1fb471397,forge-unit,2,1492,33036e7ef21ed40c,4,"[2026-09-13T06:27:00.086Z] ERROR: AUDIT: event: team.device.provisioning.created, type: team, id: 1, Error: Token name m",False,0.7800,none,2026-09-26T11:10:55.249692+00:00
flowfuse,1695375277_c87b15f4b5f84a57e910ca585c4cdfc59d1ac94c,forge-unit,2,1497,e3632356704f8b77,4,"[2026-09-14T18:35:32.431Z] ERROR: AUDIT: event: team.device.provisioning.created, type: team, id: 1, Error: Token name m",False,0.7900,none,2026-09-26T11:10:55.338747+00:00
flowfuse,1695819237_bf28fc7b5837aa6136075697a1bc09163bc041f4,forge-unit,1,1525,5d906024441c7ad9,1,"[2026-09-09T05:21:23.540Z] ERROR: AUDIT: event: team.device.provisioning.created, type: team, id: 1, Error: Token name m",False,0.7700,none,2026-09-26T11:10:55.520828+00:00
flowfuse,1695828133_9a909b9f4bf622fab2a43d9c40b5c7d90c853f33,forge-unit,7,1517,66c2ae813129810a,1,"[2026-09-21T16:17:03.777Z] ERROR: AUDIT: event: team.device.provisioning.created, type: team, id: 1, Error: Token name m",False,0.7700,none,2026-09-26T11:10:55.619773+00:00
flowfuse,1695891856_4f6fb406393b50d3b730b55105f6bdfccb76a9cd,forge-unit,32,1522,3f11b2001e5d8dc9,1,"[2026-09-21T23:50:19.715Z] ERROR: AUDIT: event: team.device.provisioning.created, type: team, id: 1, Error: Token name m",False,0.7500,none,2026-09-26T11:10:55.780636+00:00
flowfuse,1695891856_4f6fb406393b50d3b730b55105f6bdfccb76a9cd,forge-unit,32,1676,009dff3bfde5e3c9,3,"[2026-09-21T23:50:40.090Z] ERROR: AUDIT: event: users.deleted-user, type: user, id: 2, Error: Cannot delete the last own",False,0.7700,none,2026-09-26T11:10:55.916388+00:00
flowfuse,1696243026_2ddbfc212f54172f118da77e9ce12c8eebdaca83,forge-unit,153,684,f55d49beea7b4c2d,43,     TypeError: Cannot read properties of undefined (reading 'backend'),False,0.6500,none,2026-09-26T11:10:56.104710+00:00
flowfuse,1696243026_2ddbfc212f54172f118da77e9ce12c8eebdaca83,forge-unit,153,1127,21347d1fa2c3443f,20,     TypeError: Cannot read properties of undefined (reading 'backend'),False,0.5900,none,2026-09-26T11:10:56.213425+00:00
flowfuse,1696243026_2ddbfc212f54172f118da77e9ce12c8eebdaca83,forge-unit,153,1609,51c2c2898fc97583,27,     TypeError: Cannot read properties of undefined (reading 'backend'),False,0.6300,none,2026-09-26T11:10:56.448571+00:00
flowfuse,1696243857_cad16bf15bddb11e314d91e1fde3dedb9f92f2a1,forge-unit,2,1689,5a8eae94af1ccada,8,"[2026-09-08T17:40:53.488Z] ERROR: AUDIT: event: users.deleted-user, type: user, id: 2, Error: Cannot delete the last own",False,0.8200,none,2026-09-26T11:10:56.534559+00:00
flowfuse,1696355171_3f1338192cf8d6b826b62abbb32dd6265cbd02c1,forge-unit,1,1527,8669d00b48bb9226,1,"[2026-09-11T03:29:44.887Z] ERROR: AUDIT: event: team.device.provisioning.created, type: team, id: 1, Error: Token name m",False,0.7800,none,2026-09-26T11:10:56.689086+00:00
flowfuse,1696355483_912a178ce711790d15fd6dd3d081fe0cf478a8dc,forge-unit,1,1531,8a3b5564c9ac5ddd,7,"[2026-09-13T13:59:48.943Z] ERROR: AUDIT: event: team.device.provisioning.created, type: team, id: 1, Error: Token name m",False,0.7700,none,2026-09-26T11:10:56.872047+00:00
flowfuse,1696413149_4cc04fc704947e6644585009c6d2c90420058ee4,forge-unit,1,1534,ef424d1b59400327,1,"[2026-09-09T22:04:45.657Z] ERROR: AUDIT: event: team.device.provisioning.created, type: team, id: 1, Error: Token name m",False,0.7900,none,2026-09-26T11:10:56.995477+00:00
flowfuse,1696431424_b8ca4ae7a0978f0218d560b410053391066b0a79,forge-unit,151,822,dfbda30acbc57e28,2,     Error: A metric with the name process_cpu_user_seconds_total has already been registered.,True,0.5500,none,2026-09-26T11:10:57.164852+00:00
flowfuse,1696945637_1e11aa0a46ac87bc53af1d8cb7bb6a5db30da1da,forge-unit,2,1174,c2849837e02faf8b,1,          ReferenceError: SemVer is not defined,False,0.7000,none,2026-09-26T11:10:57.327413+00:00
flowfuse,1696945637_1e11aa0a46ac87bc53af1d8cb7bb6a5db30da1da,forge-unit,2,1591,8dec4d11fd69715e,5,"[2026-09-14T07:20:41.830Z] ERROR: AUDIT: event: team.device.provisioning.created, type: team, id: 1, Error: Token name m",False,0.8000,none,2026-09-26T11:10:57.557292+00:00
flowfuse,1697127124_2f441a0d4d9b613b4884d40b4496cd394aec6a24,forge-unit,1,1849,aceda68c2883bba7,43,      AssertionError: expected 400 to be 200,False,0.8800,none,2026-09-26T11:10:57.713830+00:00
flowfuse,1697702157_4e7c0f5155b2402c1dda46218c7bc70424c0d963,forge-unit,1,1598,15543ce41146b384,1,"[2026-09-14T01:28:08.597Z] ERROR: AUDIT: event: team.device.provisioning.created, type: team, id: 1, Error: Token name m",False,0.7800,none,2026-09-26T11:10:57.737178+00:00
flowfuse,1697711936_94fd76ea922b27a904cb67b8e13d984dffd02e8a,forge-unit,3,1744,63f6f5ae4c46748d,2,"[2026-09-21T20:15:56.973Z] ERROR: AUDIT: event: users.deleted-user, type: user, id: 2, Error: Cannot delete the last own",False,0.8100,none,2026-09-26T11:10:57.895026+00:00
flowfuse,1697711936_94fd76ea922b27a904cb67b8e13d984dffd02e8a,forge-unit,3,1906,11be64922061d58d,1,  Error: done() called multiple times in test <DeviceCommsHandler Device Status handles receiving a status payload with ,False,0.8900,none,2026-09-26T11:10:58.040520+00:00
flowfuse,1698416411_12b7c5c5fe59189f5f03bd060a4193e1233436c1,forge-unit,3,1442,322772efa180eca5,17,"[2026-09-15T20:27:50.689Z] ERROR: AUDIT: event: platform.project-type.deleted, type: platform, Error: Cannot delete Proj",False,0.8200,none,2026-09-26T11:10:58.193852+00:00
flowfuse,1698416411_12b7c5c5fe59189f5f03bd060a4193e1233436c1,forge-unit,3,1738,1f6719692b046449,9,"[2026-09-15T20:28:38.037Z] ERROR: AUDIT: event: user.updated-user, type: user, id: 9, Error: Cannot change email for sso",False,0.8200,false_positive,2026-09-26T11:10:58.343546+00:00
flowfuse,1698667027_894f0e5ff4d582532560cbd481041b1019afb203,forge-unit,3,1216,c0b3fca62a0b6ddf,1,          TypeError: Cannot read properties of null (reading 'flows'),False,0.8600,none,2026-09-26T11:10:58.496226+00:00
flowfuse,1698667027_894f0e5ff4d582532560cbd481041b1019afb203,forge-unit,3,1225,72a3d1537ca89fe4,1,          TypeError: Cannot read properties of null (reading 'id'),False,0.8800,none,2026-09-26T11:10:58.686091+00:00
flowfuse,1698667027_894f0e5ff4d582532560cbd481041b1019afb203,forge-unit,3,1627,19f0623cc444a07b,2,"[2026-09-12T18:49:18.115Z] ERROR: AUDIT: event: team.device.provisioning.created, type: team, id: 1, Error: Token name m",False,0.7800,none,2026-09-26T11:10:58.792794+00:00
flowfuse,1700046761_99e4a8975f3b44978b4b15a9418fda81592ee136,forge-unit,1,1680,2de315e877450f7b,5,"[2026-09-08T22:18:32.093Z] ERROR: AUDIT: event: user.updated-user, type: user, id: 6, Error: Invalid email address",False,0.8300,none,2026-09-26T11:10:58.986916+00:00
flowfuse,1700129854_7649d97a3788d4530d50703f6fb193370ca88917,forge-unit,3,1352,dcba096aeabe7ecf,7,"[2026-09-21T01:59:17.649Z] ERROR: AUDIT: event: platform.project-type.deleted, type: platform, Error: Cannot delete Proj",False,0.8000,none,2026-09-26T11:10:59.205243+00:00
flowfuse,1700153352_5bd116fa8c081c973f3bfab27023bf89020b0231,forge-unit,3,1339,0d0ca372fee107a2,5,"[2026-09-13T09:21:58.580Z] ERROR: AUDIT: event: platform.project-type.deleted, type: platform, Error: Cannot delete Proj",False,0.8200,none,2026-09-26T11:10:59.357617+00:00
flowfuse,1700499476_61e23550c5f0060be7baa4c34c91ff4643a56e94,forge-unit,4,1614,8bf70c59c0af995f,4,"[2026-09-15T09:15:19.806Z] ERROR: AUDIT: event: team.device.provisioning.created, type: team, id: 1, Error: Token name m",False,0.7800,none,2026-09-26T11:10:59.548797+00:00
flowfuse,1700046761_99e4a8975f3b44978b4b15a9418fda81592ee136,forge-unit,1,1792,af2f0be91561c833,110,"[2026-09-08T22:19:00.693Z] ERROR: AUDIT: event: account.register, type: user, Error: license limit reached",False,0.7600,false_positive,2026-09-26T11:10:59.574480+00:00
flowfuse,1700559980_a5a8e7f1c10573dd8d204a2b13a5f9b63d46d4e3,forge-unit,11,1781,e521bc7e22cdc76d,2,"[2026-09-15T02:42:33.952Z] ERROR: AUDIT: event: users.deleted-user, type: user, id: 2, Error: Cannot delete the last own",False,0.7900,none,2026-09-26T11:10:59.689643+00:00
flowfuse,1700569290_ec28ac1bc93edd0cfb663e16eaceb60c6ba7c348,forge-unit,4,1622,9e492f02c45a8b37,1,"[2026-09-09T01:35:08.656Z] ERROR: AUDIT: event: team.device.provisioning.created, type: team, id: 1, Error: Token name m",False,0.7900,none,2026-09-26T11:10:59.888635+00:00
flowfuse,1700582540_4df94b40f2f7d7f8942c7bfd946786fe30d247dd,forge-unit,1,1967,956c7c529a3b54f2,4,     AssertionError: expected Object {,False,0.9300,none,2026-09-26T11:11:00.025799+00:00
flowfuse,1700686292_b35cae49892b01fa0cae28c94462fb799187557b,forge-unit,2,1966,69d13b324281c026,32,     AssertionError: expected Array [,False,0.9000,none,2026-09-26T11:11:00.270871+00:00
flowfuse,1700845119_c6d8b07113499be61c6bdcdb502f6aa98c1b4e5f,forge-unit,1,2019,972952342f9abcdb,6,     SequelizeValidationError: Can't add device as current action is create_snapshot and device stages only support the ,False,0.8800,none,2026-09-26T11:11:00.332582+00:00
flowfuse,1701258029_36ac749acdf4acf2c9ce7d838032b248363ff293,forge-unit,2,1464,81d1b2b5d16452c9,1,"[2026-09-15T14:44:11.771Z] ERROR: AUDIT: event: platform.project-type.deleted, type: platform, Error: Cannot delete Proj",False,0.8200,none,2026-09-26T11:11:00.417582+00:00
flowfuse,1701334610_d8bdcb76774c2e60c64187894609d35768a5674e,forge-unit,2,1985,0024ba03c30d4cc8,1,     AssertionError: expected ProjectSnapshot {,False,0.8200,none,2026-09-26T11:11:00.602394+00:00
flowfuse,1701424544_5d468d69e4f082ab22749f56b114ba9f643bb45e,forge-unit,1,1986,8f8adc21cd513c34,1,     ReferenceError: t is not defined,False,0.8600,none,2026-09-26T11:11:00.711216+00:00
flowfuse,1701537523_a825fbee6a5f454a5523982e69705c2c79a8b04d,forge-unit,166,289,67b523da005ec1e3,3,Error: Cannot find module './DeviceGroup',False,0.5400,module_resolution,2026-09-26T11:11:00.894223+00:00
flowfuse,1701537523_a825fbee6a5f454a5523982e69705c2c79a8b04d,forge-unit,166,408,f28641a161e81b2d,3,[2026-09-20T20:44:35.948Z] ERROR: Failed to start: Error: Cannot find module './DeviceGroup',False,0.5600,module_resolution,2026-09-26T11:11:01.075571+00:00
flowfuse,1701537523_a825fbee6a5f454a5523982e69705c2c79a8b04d,forge-unit,166,767,b1326a5776686b0f,15,[2026-09-20T20:44:36.725Z] ERROR: Failed to start: Error: Cannot find module './DeviceGroup',False,0.5300,module_resolution,2026-09-26T11:11:01.176951+00:00
flowfuse,1701537523_a825fbee6a5f454a5523982e69705c2c79a8b04d,forge-unit,166,804,84097c703f240d53,14,Error: Cannot find module './DeviceGroup',True,0.5300,module_resolution,2026-09-26T11:11:01.319946+00:00
flowfuse,1701537523_a825fbee6a5f454a5523982e69705c2c79a8b04d,forge-unit,166,1266,03f175a28c7657d9,5,[2026-09-20T20:44:37.594Z] ERROR: Failed to start: Error: Cannot find module './DeviceGroup',True,0.5200,module_resolution,2026-09-26T11:11:01.488854+00:00
flowfuse,1701537523_a825fbee6a5f454a5523982e69705c2c79a8b04d,forge-unit,166,1300,34b3b2c26fad171c,15,[2026-09-20T20:44:37.664Z] ERROR: Failed to start: Error: Cannot find module './DeviceGroup',True,0.5400,module_resolution,2026-09-26T11:11:01.671442+00:00
flowfuse,1701537523_a825fbee6a5f454a5523982e69705c2c79a8b04d,forge-unit,166,1405,1f3415c6fb018a8d,15,[2026-09-20T20:44:37.844Z] ERROR: Failed to start: Error: Cannot find module './DeviceGroup',False,0.5500,module_resolution,2026-09-26T11:11:01.842226+00:00
flowfuse,1701537523_a825fbee6a5f454a5523982e69705c2c79a8b04d,forge-unit,166,1732,f334e5d7fe14bd51,20,[2026-09-20T20:44:38.435Z] ERROR: Failed to start: Error: Cannot find module './DeviceGroup',True,0.5200,module_resolution,2026-09-26T11:11:02.000738+00:00
flowfuse,1701537523_a825fbee6a5f454a5523982e69705c2c79a8b04d,forge-unit,166,2177,67ca483a50924967,21,[2026-09-20T20:44:39.221Z] ERROR: Failed to start: Error: Cannot find module './DeviceGroup',True,0.5100,module_resolution,2026-09-26T11:11:02.125513+00:00
flowfuse,1701537523_a825fbee6a5f454a5523982e69705c2c79a8b04d,forge-unit,166,2395,68ebfc2da62ac77a,21,[2026-09-20T20:44:39.573Z] ERROR: Failed to start: Error: Cannot find module './DeviceGroup',True,0.5200,module_resolution,2026-09-26T11:11:02.256462+00:00
flowfuse,1701537523_a825fbee6a5f454a5523982e69705c2c79a8b04d,forge-unit,166,2583,d472d7ce72cfc489,21,[2026-09-20T20:44:39.880Z] ERROR: Failed to start: Error: Cannot find module './DeviceGroup',True,0.6200,module_resolution,2026-09-26T11:11:02.396978+00:00
flowfuse,1701537523_a825fbee6a5f454a5523982e69705c2c79a8b04d,forge-unit,166,2618,e6d85fe568eb3a0f,16,[2026-09-20T20:44:39.935Z] ERROR: Failed to start: Error: Cannot find module './DeviceGroup',False,0.5300,module_resolution,2026-09-26T11:11:02.677938+00:00
flowfuse,1701537523_a825fbee6a5f454a5523982e69705c2c79a8b04d,forge-unit,166,2808,d84da08dbd8558d8,15,[2026-09-20T20:44:40.381Z] ERROR: Failed to start: Error: Cannot find module './DeviceGroup',False,0.5200,module_resolution,2026-09-26T11:11:02.741228+00:00
flowfuse,1701537523_a825fbee6a5f454a5523982e69705c2c79a8b04d,forge-unit,166,2992,9b9854345e57366a,15,[2026-09-20T20:44:40.783Z] ERROR: Failed to start: Error: Cannot find module './DeviceGroup',True,0.5400,module_resolution,2026-09-26T11:11:02.855164+00:00
flowfuse,1701537523_a825fbee6a5f454a5523982e69705c2c79a8b04d,forge-unit,166,3025,cce6464ff8205c95,13,[2026-09-20T20:44:40.843Z] ERROR: Failed to start: Error: Cannot find module './DeviceGroup',True,0.5300,module_resolution,2026-09-26T11:11:03.016007+00:00
flowfuse,1701537523_a825fbee6a5f454a5523982e69705c2c79a8b04d,forge-unit,166,3204,94d40bdadb71c858,15,[2026-09-20T20:44:41.148Z] ERROR: Failed to start: Error: Cannot find module './DeviceGroup',True,0.5000,module_resolution,2026-09-26T11:11:03.158960+00:00
flowfuse,1701537523_a825fbee6a5f454a5523982e69705c2c79a8b04d,forge-unit,166,5141,d9dfd09ad48cbe57,31,     Error: Cannot find module './DeviceGroup',False,0.5300,module_resolution,2026-09-26T11:11:03.325275+00:00
flowfuse,1701537523_a825fbee6a5f454a5523982e69705c2c79a8b04d,system,12,6665,d652a1685a9d8061,5,[2026-09-20T20:45:14.918Z] ERROR: Failed to start: Error: Cannot find module './DeviceGroup',False,0.5500,module_resolution,2026-09-26T11:11:03.491015+00:00
flowfuse,1701538150_9a8e72e7a31cd279009196d6525feb40129f8339,forge-unit,166,1234,e7b27983f6b7f1df,1,Error: Cannot find module './DeviceGroup',False,0.5500,module_resolution,2026-09-26T11:11:03.560874+00:00
flowfuse,1701538150_9a8e72e7a31cd279009196d6525feb40129f8339,forge-unit,166,1595,407575a2952eefaf,19,[2026-09-14T11:11:18.456Z] ERROR: Failed to start: Error: Cannot find module './DeviceGroup',True,0.5100,module_resolution,2026-09-26T11:11:03.779453+00:00
flowfuse,1701600654_ef462b266dac63df0c60fc709b5f5b9f0e24789e,forge-unit,9,1245,83c9c419672aa165,4,          TypeError: Cannot read properties of undefined (reading 'createDeviceGroup'),False,0.8600,none,2026-09-26T11:11:03.893980+00:00
flowfuse,1701600654_ef462b266dac63df0c60fc709b5f5b9f0e24789e,forge-unit,9,1257,45d5c2c9a6d68cbe,5,          TypeError: Cannot read properties of undefined (reading 'updateDeviceGroup'),False,0.8600,none,2026-09-26T11:11:04.050413+00:00
flowfuse,1701600654_ef462b266dac63df0c60fc709b5f5b9f0e24789e,forge-unit,9,2034,0c22b2150d57affc,5,      AssertionError: expected 500 to be 201,False,0.8200,none,2026-09-26T11:11:04.190215+00:00
flowfuse,1701600654_ef462b266dac63df0c60fc709b5f5b9f0e24789e,forge-unit,9,2113,67fa6e7eebd74576,10,      AssertionError: expected 500 to be 400,False,0.8900,none,2026-09-26T11:11:04.337736+00:00
flowfuse,1701603587_8b61c24cfd88a62b30f1933b9a4f6ed266072dc9,forge-unit,9,1243,56041903568af72e,1,          TypeError: Cannot read properties of undefined (reading 'createDeviceGroup'),False,0.8500,none,2026-09-26T11:11:04.536945+00:00
flowfuse,1701672876_9fd559dd2975a83d07e6699cde1796f2f4b8deab,forge-unit,1,2009,8d12b6e85737e8ee,7,"     Error: Timeout of 10000ms exceeded. For async tests and hooks, ensure ""done()"" is called; if returning a Promise, e",False,0.7200,none,2026-09-26T11:11:04.626737+00:00
flowfuse,1702313006_91ff752b419c6336c41f2a5fba6973d03a6f2a68,forge-unit,3,496,64481410478e2644,33,[2026-09-16T08:12:20.086Z] ERROR: Error running task 'licenseOverage: Error: ConnectionManager.getConnection was called ,True,0.5000,none,2026-09-26T11:11:04.765759+00:00
flowfuse,1702313006_91ff752b419c6336c41f2a5fba6973d03a6f2a68,forge-unit,3,502,02d66ee2ed281439,32,[2026-09-16T08:12:21.376Z] ERROR: Error running task 'licenseOverage: Error: ConnectionManager.getConnection was called ,True,0.5000,none,2026-09-26T11:11:04.991358+00:00
flowfuse,1702313006_91ff752b419c6336c41f2a5fba6973d03a6f2a68,forge-unit,3,508,420904ecda75dc92,36,[2026-09-16T08:12:22.645Z] ERROR: Error running task 'licenseOverage: Error: ConnectionManager.getConnection was called ,True,0.5200,none,2026-09-26T11:11:05.084155+00:00
flowfuse,1702313006_91ff752b419c6336c41f2a5fba6973d03a6f2a68,forge-unit,3,515,c5b4a0a0136071fa,36,[2026-09-16T08:12:23.892Z] ERROR: Error running task 'licenseOverage: Error: ConnectionManager.getConnection was called ,False,0.5300,none,2026-09-26T11:11:05.292384+00:00
flowfuse,1702313006_91ff752b419c6336c41f2a5fba6973d03a6f2a68,forge-unit,3,522,5e5426d7ef662786,45,[2026-09-16T08:12:24.796Z] ERROR: Error running task 'licenseOverage: Error: ConnectionManager.getConnection was called ,False,0.6800,none,2026-09-26T11:11:05.385666+00:00
flowfuse,1702313006_91ff752b419c6336c41f2a5fba6973d03a6f2a68,forge-unit,3,1216,8f2b8a6a4807f75d,35,[2026-09-16T08:14:06.383Z] ERROR: Error running task 'licenseOverage: SequelizeDatabaseError: SQLITE_MISUSE: Database ha,True,0.5100,none,2026-09-26T11:11:05.580930+00:00
flowfuse,1702313006_91ff752b419c6336c41f2a5fba6973d03a6f2a68,forge-unit,3,1230,adac3ac3b4f48626,36,[2026-09-16T08:14:06.877Z] ERROR: Error running task 'licenseOverage: SequelizeDatabaseError: SQLITE_MISUSE: Database ha,False,0.5500,none,2026-09-26T11:11:05.658390+00:00
flowfuse,1702313006_91ff752b419c6336c41f2a5fba6973d03a6f2a68,forge-unit,3,1822,3601537984d2e935,1,"[2026-09-16T08:15:33.516Z] ERROR: AUDIT: event: user.updated-password, type: user, id: 5, password change failed",False,0.8200,none,2026-09-26T11:11:05.834669+00:00
flowfuse,1702313006_91ff752b419c6336c41f2a5fba6973d03a6f2a68,forge-unit,3,1828,1dbe59e222964298,6,"[2026-09-16T08:15:35.591Z] ERROR: AUDIT: event: user.deleted, type: user, id: 39, Error: Cannot delete the last owner of",False,0.8100,false_positive,2026-09-26T11:11:06.052997+00:00
flowfuse,1702392844_f14e6c7aefe3e15a306e84080b59e12567c08508,forge-unit,4,1048,7771cb333340d767,3,      charge.failed,False,0.6800,false_positive,2026-09-26T11:11:06.168305+00:00
flowfuse,1702392844_f14e6c7aefe3e15a306e84080b59e12567c08508,forge-unit,4,1676,6dd68848eecd336b,3,"[2026-09-15T19:59:44.148Z] ERROR: AUDIT: event: platform.team.deleted, type: platform, ReferenceError: paginationOptions",False,0.8700,none,2026-09-26T11:11:06.280909+00:00
flowfuse,1702392844_f14e6c7aefe3e15a306e84080b59e12567c08508,forge-unit,4,1682,02e6c2ac7c52786c,3,"[2026-09-15T19:59:45.659Z] ERROR: AUDIT: event: platform.team.deleted, type: platform, ReferenceError: paginationOptions",False,0.8700,none,2026-09-26T11:11:06.456398+00:00
flowfuse,1702392844_f14e6c7aefe3e15a306e84080b59e12567c08508,forge-unit,4,2041,65cd0ae56b8401ea,46,      AssertionError: expected 400 to be 200,False,0.8800,none,2026-09-26T11:11:06.562983+00:00
flowfuse,1702393019_1bd0ebfe6dca91d8f6d1439ea52e35eadf580d52,forge-unit,4,1223,fa8d9d77cb717781,17,[2026-09-10T20:55:28.710Z] ERROR: Error running task 'licenseOverage: Error: ConnectionManager.getConnection was called ,False,0.5200,none,2026-09-26T11:11:06.740595+00:00
flowfuse,1702393088_a2d2eee385ee4e4fe09e150af6559b9c2d0a2438,forge-unit,4,499,7dbe95e10c9d3652,3,[2026-09-12T16:21:52.937Z] ERROR: Error running task 'licenseOverage: Error: ConnectionManager.getConnection was called ,False,0.5400,none,2026-09-26T11:11:06.889122+00:00
flowfuse,1702896773_17998cf25837a808c23ec57e8a7fad043e9624d4,forge-unit,4,1981,a613f153d807e315,14,"[2026-09-14T22:07:31.030Z] ERROR: AUDIT: event: account.reset-password, type: user, Password reset failed",False,0.7400,none,2026-09-26T11:11:07.007846+00:00
flowfuse,1702896773_17998cf25837a808c23ec57e8a7fad043e9624d4,forge-unit,4,2051,d0abd015e3566a19,62,     TypeError: Cannot read properties of undefined (reading 'generate'),False,0.8100,none,2026-09-26T11:11:07.199769+00:00
flowfuse,1702897292_13b275e21ab31e34db01b676577375b9cfbab08d,forge-unit,4,1955,be3894a6d08943eb,12,"[2026-09-21T00:10:18.225Z] ERROR: AUDIT: event: account.reset-password, type: user, Password reset failed",False,0.7400,false_positive,2026-09-26T11:11:07.396101+00:00
flowfuse,1702910705_42ab3ee1a062b35f9dde4f21adffc5101753d356,forge-unit,1,1956,567131ebc31a5b0d,5,"[2026-09-21T21:22:15.722Z] ERROR: AUDIT: event: account.reset-password, type: user, Password reset failed",False,0.7700,none,2026-09-26T11:11:07.492285+00:00
flowfuse,1702948779_fb419c47c5f7325111b1d7ee95bdc62c14dcffd3,forge-unit,1,1038,8b858e933ed45316,12,"Deploy failed, but response already sent PipelineControllerError: Error during deploy: TypeError: Cannot read properties",False,0.7900,none,2026-09-26T11:11:07.638254+00:00
flowfuse,1702948779_fb419c47c5f7325111b1d7ee95bdc62c14dcffd3,forge-unit,1,1044,73dcae0b45e5afb7,12,  [cause]: TypeError: Cannot read properties of undefined (reading 'checkInstanceStartAllowed'),False,0.8000,none,2026-09-26T11:11:07.803963+00:00
flowfuse,1702948779_fb419c47c5f7325111b1d7ee95bdc62c14dcffd3,forge-unit,1,2165,d132ab812266bf76,1,     AssertionError: expected 'Only one Device Group can only set in a pipeline' to match /device group can only set on ,False,0.9200,none,2026-09-26T11:11:07.973751+00:00
flowfuse,1703003241_1d056746dd8507a8348fc0a678a15c0bc8b80f35,forge-unit,21,2162,43ed428a77c22bd6,33,      AssertionError: expected 404 to be 201,False,0.8300,none,2026-09-26T11:11:08.167662+00:00
flowfuse,1703255767_82d78244f9ec0c6d4a84ae860f7bf0ba12316b18,forge-unit,1,1950,73791891c6602a19,2,"[2026-09-09T03:45:08.214Z] ERROR: AUDIT: event: user.updated-password, type: user, id: 5, password change failed",False,0.7900,false_positive,2026-09-26T11:11:08.229375+00:00
flowfuse,1703681786_20c5e7d8c13b22f326c7398c109689e2c2055bae,forge-unit,180,531,2e3d50f3559493e5,12,[2026-09-16T09:10:24.959Z] ERROR: Failed to start: Error: Unrecognised scope requested: 'device:audit-log',False,0.7900,none,2026-09-26T11:11:08.503563+00:00
flowfuse,1703681786_20c5e7d8c13b22f326c7398c109689e2c2055bae,forge-unit,180,704,fe61f684c8492057,18,[2026-09-16T09:10:30.016Z] ERROR: Failed to start: Error: Unrecognised scope requested: 'device:audit-log',False,0.7900,none,2026-09-26T11:11:08.546081+00:00
flowfuse,1703681786_20c5e7d8c13b22f326c7398c109689e2c2055bae,forge-unit,180,727,9eda17c75625b314,18,[2026-09-16T09:10:30.649Z] ERROR: Failed to start: Error: Unrecognised scope requested: 'device:audit-log',False,0.7900,none,2026-09-26T11:11:08.661623+00:00
flowfuse,1703681786_20c5e7d8c13b22f326c7398c109689e2c2055bae,forge-unit,180,797,0f851494cbaa539a,18,[2026-09-16T09:10:33.196Z] ERROR: Failed to start: Error: Unrecognised scope requested: 'device:audit-log',False,0.7800,none,2026-09-26T11:11:08.844677+00:00
flowfuse,1703681786_20c5e7d8c13b22f326c7398c109689e2c2055bae,forge-unit,180,825,997187b740d3105e,18,[2026-09-16T09:10:34.263Z] ERROR: Failed to start: Error: Unrecognised scope requested: 'device:audit-log',False,0.7600,none,2026-09-26T11:11:08.983970+00:00
flowfuse,1703681786_20c5e7d8c13b22f326c7398c109689e2c2055bae,forge-unit,180,899,f0f3ae9a2bf2b626,18,[2026-09-16T09:10:36.853Z] ERROR: Failed to start: Error: Unrecognised scope requested: 'device:audit-log',False,0.7800,none,2026-09-26T11:11:09.164584+00:00
flowfuse,1703681786_20c5e7d8c13b22f326c7398c109689e2c2055bae,forge-unit,180,946,072d5e3e5098e39b,20,[2026-09-16T09:10:38.117Z] ERROR: Failed to start: Error: Unrecognised scope requested: 'device:audit-log',False,0.7800,none,2026-09-26T11:11:09.476431+00:00
flowfuse,1703681786_20c5e7d8c13b22f326c7398c109689e2c2055bae,forge-unit,180,935,e9989a0794831fbc,2,[2026-09-16T09:10:37.806Z] ERROR: Failed to start: Error: Unrecognised scope requested: 'device:audit-log',False,0.7700,none,2026-09-26T11:11:09.551285+00:00
flowfuse,1703681786_20c5e7d8c13b22f326c7398c109689e2c2055bae,forge-unit,180,1365,f2d8645d18ae97dd,18,[2026-09-16T09:10:49.933Z] ERROR: Failed to start: Error: Unrecognised scope requested: 'device:audit-log',False,0.7800,none,2026-09-26T11:11:09.616851+00:00
flowfuse,1703681786_20c5e7d8c13b22f326c7398c109689e2c2055bae,forge-unit,180,1789,bd9adc7dcb2b34ce,13,     Error: Unrecognised scope requested: 'device:audit-log',False,0.8200,none,2026-09-26T11:11:09.805346+00:00
flowfuse,1703681786_20c5e7d8c13b22f326c7398c109689e2c2055bae,forge-unit,180,2009,86af3a70dda80258,19,     Error: Unrecognised scope requested: 'device:audit-log',False,0.7900,none,2026-09-26T11:11:09.934561+00:00
flowfuse,1703681786_20c5e7d8c13b22f326c7398c109689e2c2055bae,forge-unit,180,2933,2ae5b27763853f87,1,[2026-09-16T09:10:51.187Z] ERROR: Failed to start: Error: Unrecognised scope requested: 'device:audit-log',False,0.8000,none,2026-09-26T11:11:10.094315+00:00
flowfuse,1704368013_557414697ca5885440172e51a318ffafd24edf36,forge-unit,1,532,4cc132cec84307da,4,[2026-09-21T23:55:28.391Z] ERROR: Error running task 'licenseOverage: SequelizeDatabaseError: SQLITE_MISUSE: Database ha,False,0.5200,none,2026-09-26T11:11:10.209677+00:00
flowfuse,1704995062_d3ad82580399ba52e254568939587268fb3fa51b,forge-unit,8,1720,42527dd34ec625a8,2,"[2026-09-15T01:49:55.073Z] ERROR: AUDIT: event: platform.project-type.deleted, type: platform, Error: Cannot delete Proj",False,0.8200,none,2026-09-26T11:11:10.356079+00:00
flowfuse,1704995062_d3ad82580399ba52e254568939587268fb3fa51b,forge-unit,8,2315,3403a482a026313c,2,"     AssertionError: expected Object { max: 5, timeWindow: 30000 } to be false",False,0.9000,none,2026-09-26T11:11:10.546054+00:00
flowfuse,1704995514_47511c084906591ba6752cfa0ed7bc9d1a0af5b6,forge-unit,8,1427,a3210c83d81237b8,15,[2026-09-09T05:45:27.925Z] ERROR: Error running task 'licenseOverage: Error: ConnectionManager.getConnection was called ,False,0.5600,none,2026-09-26T11:11:10.642680+00:00
flowfuse,1705060078_9a9a75ec4df2e94fc795169209077d1e83965517,forge-unit,2,1907,fde5bf482d765c65,1,"[2026-09-09T07:52:58.359Z] ERROR: AUDIT: event: team.device.provisioning.created, type: team, id: 1, Error: Token name m",False,0.7700,none,2026-09-26T11:11:10.791844+00:00
flowfuse,1705317925_bd3157e7669a58288229cd7e39ee1452bbd911c5,forge-unit,1,546,da7e8c850bf66402,1,[2026-09-22T03:48:26.277Z] ERROR: Error running task 'licenseOverage: Error: ConnectionManager.getConnection was called ,False,0.5600,none,2026-09-26T11:11:10.941394+00:00
flowfuse,1705317925_bd3157e7669a58288229cd7e39ee1452bbd911c5,forge-unit,1,2139,42e8119190c00286,1,"[2026-09-22T03:52:07.269Z] ERROR: AUDIT: event: account.reset-password, type: user, id: 3, Password reset failed",False,0.7900,none,2026-09-26T11:11:11.143832+00:00
flowfuse,1706207698_9be73bb8a5474d6b3aca0fc959701588bee9ec5e,forge-unit,1,1799,32773f81dbf3c3b5,2,"[2026-09-21T16:31:24.620Z] ERROR: AUDIT: event: team.device.provisioning.created, type: team, id: 1, Error: Token name m",False,0.7700,none,2026-09-26T11:11:11.270274+00:00
flowfuse,1706567176_ad210bb44340a45707018fc9e29894603fa7186e,forge-unit,182,276,0d5d0846cdd3e8d7,5,[2026-09-14T20:44:46.221Z] ERROR: Failed to start: SyntaxError: Unexpected token ')',False,0.8400,none,2026-09-26T11:11:11.548140+00:00
flowfuse,1706567176_ad210bb44340a45707018fc9e29894603fa7186e,forge-unit,182,282,d32d86623f246341,1,SyntaxError: Unexpected token ')',False,0.8000,none,2026-09-26T11:11:11.683044+00:00
flowfuse,1706567176_ad210bb44340a45707018fc9e29894603fa7186e,forge-unit,182,356,f3dbe7646a59d0d0,1,[2026-09-14T20:44:46.078Z] ERROR: Failed to start: SyntaxError: Unexpected token ')',False,0.7500,none,2026-09-26T11:11:11.870419+00:00
flowfuse,1706567176_ad210bb44340a45707018fc9e29894603fa7186e,forge-unit,182,3774,278c9efe79ae2421,21,     TypeError: Cannot read properties of undefined (reading 'close'),False,0.8000,none,2026-09-26T11:11:12.018629+00:00
flowfuse,1706722344_c51ecd088b0ba0b4e85be861303720e7df47b745,forge-unit,1,530,ebfd8f9d12b59afd,195,[2026-09-15T12:47:21.431Z] ERROR: Error running task 'licenseOverage: SequelizeDatabaseError: SQLITE_MISUSE: Database ha,False,0.6200,none,2026-09-26T11:11:12.179682+00:00
flowfuse,1706783741_bd7606a29e3d40ff969fcc6fe30d27e575804773,forge-unit,6,512,c25f736d0938bea2,1,[2026-09-21T14:33:24.551Z] ERROR: Error running task 'licenseOverage: Error: ConnectionManager.getConnection was called ,True,0.5200,none,2026-09-26T11:11:12.281697+00:00
flowfuse,1706783741_bd7606a29e3d40ff969fcc6fe30d27e575804773,forge-unit,6,519,e6435843e56afaaa,1,[2026-09-21T14:33:26.577Z] ERROR: Error running task 'licenseOverage: Error: ConnectionManager.getConnection was called ,True,0.5000,none,2026-09-26T11:11:12.577693+00:00
flowfuse,1706783741_bd7606a29e3d40ff969fcc6fe30d27e575804773,forge-unit,6,525,f776f463c1e26442,1,[2026-09-21T14:33:27.983Z] ERROR: Error running task 'licenseOverage: Error: ConnectionManager.getConnection was called ,False,0.5100,none,2026-09-26T11:11:12.585186+00:00
flowfuse,1706783741_bd7606a29e3d40ff969fcc6fe30d27e575804773,forge-unit,6,532,8de92dd4ba8c3214,1,[2026-09-21T14:33:29.355Z] ERROR: Error running task 'licenseOverage: Error: ConnectionManager.getConnection was called ,False,0.6000,none,2026-09-26T11:11:12.728748+00:00
flowfuse,1706784213_316635ae8a1ed0167e0caeb87d74d05fb0b4b776,forge-unit,6,1906,664629608efead30,3,"[2026-09-20T17:27:38.392Z] ERROR: AUDIT: event: user.updated-user, type: user, id: 6, Error: Invalid email address",False,0.8000,false_positive,2026-09-26T11:11:12.916279+00:00
flowfuse,1707132370_c7d985562a9d002ca7f9cb07d63c7d15b2ffe736,forge-unit,7,509,d660bcfa05f20887,1,[2026-09-09T18:20:50.791Z] ERROR: Error running task 'licenseOverage: Error: ConnectionManager.getConnection was called ,False,0.5500,none,2026-09-26T11:11:13.060325+00:00
flowfuse,1707132370_c7d985562a9d002ca7f9cb07d63c7d15b2ffe736,forge-unit,7,521,f9fe1cfc9d4cd5e3,1,[2026-09-09T18:20:54.159Z] ERROR: Error running task 'licenseOverage: Error: ConnectionManager.getConnection was called ,True,0.5000,none,2026-09-26T11:11:13.221177+00:00
flowfuse,1707132370_c7d985562a9d002ca7f9cb07d63c7d15b2ffe736,forge-unit,7,528,a01d5c3f33bfe834,1,[2026-09-09T18:20:55.691Z] ERROR: Error running task 'licenseOverage: SequelizeDatabaseError: SQLITE_MISUSE: Database ha,False,0.5400,none,2026-09-26T11:11:13.335093+00:00
flowfuse,1707140785_1bfe91b8037a8919da042eb6644037eceb8558ce,forge-unit,1,506,a5d7e0ea75421676,14,[2026-09-15T15:57:30.876Z] ERROR: Error running task 'licenseOverage: SequelizeDatabaseError: SQLITE_MISUSE: Database ha,True,0.5600,none,2026-09-26T11:11:13.500141+00:00
flowfuse,1707140785_1bfe91b8037a8919da042eb6644037eceb8558ce,forge-unit,1,512,6f9023988a94f002,15,[2026-09-15T15:57:32.284Z] ERROR: Error running task 'licenseOverage: SequelizeDatabaseError: SQLITE_MISUSE: Database ha,True,0.5500,none,2026-09-26T11:11:13.644264+00:00
flowfuse,1707140785_1bfe91b8037a8919da042eb6644037eceb8558ce,forge-unit,1,518,8b4f1762eab5c8d4,11,[2026-09-15T15:57:33.712Z] ERROR: Error running task 'licenseOverage: SequelizeDatabaseError: SQLITE_MISUSE: Database ha,True,0.5200,none,2026-09-26T11:11:13.818555+00:00
flowfuse,1707140785_1bfe91b8037a8919da042eb6644037eceb8558ce,forge-unit,1,525,fa00920982b99a3e,14,[2026-09-15T15:57:35.101Z] ERROR: Error running task 'licenseOverage: SequelizeDatabaseError: SQLITE_MISUSE: Database ha,True,0.5100,none,2026-09-26T11:11:13.909906+00:00
flowfuse,1707140785_1bfe91b8037a8919da042eb6644037eceb8558ce,forge-unit,1,2091,541ab90c6fc377c2,1,"[2026-09-15T16:01:19.932Z] ERROR: AUDIT: event: account.reset-password, type: user, Password reset failed",False,0.7500,none,2026-09-26T11:11:14.191352+00:00
flowfuse,1707151429_7f32d0c83682095a111bbffbd41ef44b501284e5,forge-unit,2,1843,0cff02e8ada5a1d8,2,"[2026-09-13T21:30:29.521Z] ERROR: AUDIT: event: team.device.provisioning.created, type: team, id: 1, Error: Token name m",False,0.7400,none,2026-09-26T11:11:14.309381+00:00
flowfuse,1707151563_7efe16a04941fcd39d594a39fea1d34f36a14cef,forge-unit,2,1348,6869895dafc27b22,1,[2026-09-16T05:25:25.150Z] ERROR: Error running task 'licenseOverage: Error: ConnectionManager.getConnection was called ,False,0.5100,none,2026-09-26T11:11:14.437341+00:00
flowfuse,1707151563_7efe16a04941fcd39d594a39fea1d34f36a14cef,forge-unit,2,2076,f4668af2b05b2859,33,"[2026-09-16T05:27:11.822Z] ERROR: AUDIT: event: account.reset-password, type: user, Password reset failed",False,0.7600,none,2026-09-26T11:11:14.553102+00:00
flowfuse,1707400914_30a7be416cebf442d5ae6340324889c67d332a25,forge-unit,4,516,7d00b6b706643fe6,3,[2026-09-08T17:50:09.817Z] ERROR: Error running task 'licenseOverage: Error: ConnectionManager.getConnection was called ,True,0.5100,none,2026-09-26T11:11:14.748046+00:00
flowfuse,1707400914_30a7be416cebf442d5ae6340324889c67d332a25,forge-unit,4,1185,71a143fc2a96375e,1,            Error: SQLITE_ERROR: no such column: Project.ProjectTemplateId,False,0.7200,none,2026-09-26T11:11:14.980315+00:00
flowfuse,1707400914_30a7be416cebf442d5ae6340324889c67d332a25,forge-unit,4,523,ad3fd516c73f889c,1,[2026-09-08T17:50:11.457Z] ERROR: Error running task 'licenseOverage: Error: ConnectionManager.getConnection was called ,False,0.5400,none,2026-09-26T11:11:15.016468+00:00
flowfuse,1707400914_30a7be416cebf442d5ae6340324889c67d332a25,forge-unit,4,1863,d3e61632e4fd1711,1,            Error: SQLITE_ERROR: no such column: Project.ProjectTemplateId,False,0.7500,none,2026-09-26T11:11:15.168441+00:00
flowfuse,1707400914_30a7be416cebf442d5ae6340324889c67d332a25,forge-unit,4,1896,87295121c6104c70,1,            Error: SQLITE_ERROR: no such column: Project.ProjectTemplateId,False,0.7500,none,2026-09-26T11:11:15.417130+00:00
flowfuse,1707400914_30a7be416cebf442d5ae6340324889c67d332a25,forge-unit,4,1905,71ef964d0f60d516,1,            Error: SQLITE_ERROR: no such column: Project.ProjectTemplateId,False,0.7700,none,2026-09-26T11:11:15.455660+00:00
flowfuse,1707400914_30a7be416cebf442d5ae6340324889c67d332a25,forge-unit,4,2171,a0bc83abfd34a717,11,"[2026-09-08T17:54:01.003Z] ERROR: AUDIT: event: users.updated-user, type: user, id: 1, Error: Invalid username",False,0.7800,false_positive,2026-09-26T11:11:15.633702+00:00
flowfuse,1707400914_30a7be416cebf442d5ae6340324889c67d332a25,forge-unit,4,2178,439a2ad8d0b4bb35,6,"[2026-09-08T17:54:01.138Z] ERROR: AUDIT: event: users.deleted-user, type: user, id: 3, Error: Cannot delete the last own",False,0.8100,none,2026-09-26T11:11:15.774837+00:00
flowfuse,1707401905_a60b9e8404306a5e4671ad71c6a88e6a85956cce,forge-unit,2,2007,268f22c598012b81,9,"[2026-09-10T15:47:52.979Z] ERROR: AUDIT: event: users.updated-user, type: user, id: 1, Error: Invalid username",False,0.7900,false_positive,2026-09-26T11:11:15.945965+00:00
flowfuse,1707401905_a60b9e8404306a5e4671ad71c6a88e6a85956cce,forge-unit,2,2013,2c01b3c3397d9072,19,"[2026-09-10T15:47:53.112Z] ERROR: AUDIT: event: users.deleted-user, type: user, id: 3, Error: Cannot delete the last own",False,0.8000,none,2026-09-26T11:11:16.034556+00:00
flowfuse,1707401905_a60b9e8404306a5e4671ad71c6a88e6a85956cce,forge-unit,2,2073,570eb0279280dab0,11,"[2026-09-10T15:48:00.330Z] ERROR: AUDIT: event: account.reset-password, type: user, Password reset failed",False,0.7500,false_positive,2026-09-26T11:11:16.235780+00:00
flowfuse,1707920477_5fa1edaf1a945110fd39f32308aeaccb250dbf74,forge-unit,1,2019,15b6e3f6c6be54a0,28,"[2026-09-12T02:50:33.563Z] ERROR: AUDIT: event: users.deleted-user, type: user, id: 1, Error: Cannot delete the last pla",False,0.7700,none,2026-09-26T11:11:16.479853+00:00
flowfuse,1707920477_5fa1edaf1a945110fd39f32308aeaccb250dbf74,forge-unit,1,2013,27fd761bafc3969f,69,"[2026-09-12T02:50:33.442Z] ERROR: AUDIT: event: users.updated-user, type: user, id: 1, Error: Invalid username",False,0.7900,false_positive,2026-09-26T11:11:16.548923+00:00
flowfuse,1707924260_78e401399ba53de578e8e8054bdf761499d470d8,forge-unit,1,517,3030b989c107b765,1,[2026-09-14T20:44:51.774Z] ERROR: Error running task 'licenseOverage: SequelizeDatabaseError: SQLITE_MISUSE: Database ha,True,0.5200,none,2026-09-26T11:11:16.635267+00:00
flowfuse,1707931102_822cc4cb8bbc23b301204e3b355e59b4dfe1b475,forge-unit,3,1872,791987ff6a9edaf7,1,"[2026-09-15T07:05:31.827Z] ERROR: AUDIT: event: team.device.provisioning.created, type: team, id: 1, Error: Token name m",False,0.7800,none,2026-09-26T11:11:16.796449+00:00
flowfuse,1707931102_822cc4cb8bbc23b301204e3b355e59b4dfe1b475,forge-unit,3,1940,7a087ae9e006df1f,2,"[2026-09-15T07:05:43.568Z] ERROR: AUDIT: event: user.updated-user, type: user, id: 6, Error: Invalid email address",False,0.7900,false_positive,2026-09-26T11:11:16.937702+00:00
flowfuse,1707931102_822cc4cb8bbc23b301204e3b355e59b4dfe1b475,forge-unit,3,2206,438cb26c1d7e5a82,14,     Error: ConnectionManager.getConnection was called after the connection manager was closed!,False,0.7000,none,2026-09-26T11:11:17.104979+00:00
flowfuse,1707989413_828c7f95426cce4cb0f920f44168252673264d23,forge-unit,3,1867,e85aeee4c259ac8f,1,"[2026-09-13T10:03:46.075Z] ERROR: AUDIT: event: team.device.provisioning.created, type: team, id: 1, Error: Token name m",False,0.7900,none,2026-09-26T11:11:17.410374+00:00
flowfuse,1707933957_e6a9ef73492f5a9f5227c5ed087ec59f9afe97a3,forge-unit,3,505,0a130bc9b95c661e,1,[2026-09-10T10:30:00.661Z] ERROR: Error running task 'licenseOverage: Error: ConnectionManager.getConnection was called ,True,0.5100,none,2026-09-26T11:11:17.443768+00:00
flowfuse,1708106769_80cd942aea8cdffcb8d22f791dc1ba4612cbfbcc,forge-unit,1,1773,da2f982b2aea6924,1,          TypeError: Cannot read properties of undefined (reading 'admin'),False,0.8500,none,2026-09-26T11:11:17.492562+00:00
flowfuse,1708106769_80cd942aea8cdffcb8d22f791dc1ba4612cbfbcc,forge-unit,1,1880,fe34291c909bb15b,1,"[2026-09-15T03:05:54.320Z] ERROR: AUDIT: event: team.device.provisioning.created, type: team, id: 1, Error: Token name m",False,0.7900,none,2026-09-26T11:11:17.694897+00:00
flowfuse,1708447134_d8ed31f3c58e3a5691af7c0adfcfb9027c4d73fa,forge-unit,1,1166,2c033baf511c28b0,9,      charge.failed,False,0.7200,false_positive,2026-09-26T11:11:17.815896+00:00
flowfuse,1708448580_68e9684d353ce054006c51aaf059a2d6bd0a3846,forge-unit,1,2026,0c06314474ab4325,27,"[2026-09-09T06:28:19.103Z] ERROR: AUDIT: event: users.updated-user, type: user, id: 1, Error: Invalid username",False,0.7900,none,2026-09-26T11:11:18.008794+00:00
flowfuse,1708620876_e07ab8879fb6be19e1e1802bf75e5a150acfb99c,forge-unit,9,2312,e004dc9d95abaa18,13,     TypeError: Cannot read properties of undefined (reading 'should'),False,0.8500,none,2026-09-26T11:11:18.119773+00:00
flowfuse,1708688523_da4556ebbcc47087e00c6766f94358e8167c44fe,forge-unit,9,2012,0c873d2e38b13c59,1,"[2026-09-13T05:45:25.908Z] ERROR: AUDIT: event: users.updated-user, type: user, id: 1, Error: Invalid username",False,0.7700,false_positive,2026-09-26T11:11:18.320963+00:00
flowfuse,1708696333_b839c8d9b76d9d68b95c7f59dd1487e7b9690a3b,forge-unit,9,2009,d740edb889b48e41,5,"[2026-09-12T07:00:15.447Z] ERROR: AUDIT: event: users.updated-user, type: user, id: 1, Error: Invalid username",False,0.7900,none,2026-09-26T11:11:18.467035+00:00
flowfuse,1709050123_fde99767dbe6e9891b5d772b2b9eda40b6fd440c,forge-unit,2,1935,25d18ce03b5c3a88,1,"[2026-09-12T07:18:02.233Z] ERROR: AUDIT: event: user.updated-user, type: user, id: 6, Error: Invalid email address",False,0.8100,none,2026-09-26T11:11:18.584248+00:00
flowfuse,1709208412_f921b1148d09ba8948c9b6bd085cd2d5d0f9db4e,forge-unit,3,2100,065bd8529d8b3dac,11,"[2026-09-09T00:25:10.406Z] ERROR: AUDIT: event: account.reset-password, type: user, Password reset failed",False,0.7400,false_positive,2026-09-26T11:11:18.811978+00:00
flowfuse,1709547373_74c7ad6c5f7edcbce9b71c4478b57c5e1d3a0fcb,forge-unit,2,330,8d637bac284f000a,5,"[2026-09-09T01:52:51.278Z] ERROR: AUDIT: event: project.start-failed, type: project, id: a543fd6c-615b-4ac2-a1c5-a27dc0a",False,0.6300,false_positive,2026-09-26T11:11:18.870523+00:00
flowfuse,1710015522_6eb91715f2f28530b7a8dd42d4e323361001cabc,forge-unit,3,288,9c3978061e13c181,1,    1) Provides a logger for device start failed action,False,0.8000,none,2026-09-26T11:11:19.078442+00:00
flowfuse,1710015522_6eb91715f2f28530b7a8dd42d4e323361001cabc,forge-unit,3,1887,b35f1b0ff58f8f2c,1,"[2026-09-16T09:00:15.801Z] ERROR: AUDIT: event: team.device.provisioning.created, type: team, id: 1, Error: Token name m",False,0.7700,none,2026-09-26T11:11:19.168732+00:00
flowfuse,1710147681_115b72170ab151a6e1e2e1e7b2fa597eb224de52,forge-unit,5,1904,2b4d9da70a161a46,1,"[2026-09-11T13:03:10.052Z] ERROR: AUDIT: event: team.device.provisioning.created, type: team, id: 1, Error: Token name m",False,0.7500,none,2026-09-26T11:11:19.366639+00:00
flowfuse,1710147681_115b72170ab151a6e1e2e1e7b2fa597eb224de52,forge-unit,5,2241,dd391d83e0055b82,1,      AssertionError: expected 'actionXXXXXXXXXXXXXXXXXXXXXX' to be 'action',False,0.8900,none,2026-09-26T11:11:19.562844+00:00
flowfuse,1710353189_0b2aedf125311c04767c47081968c843ee61d959,forge-unit,11,2319,7fcf7717881c8be4,5,      AssertionError: expected 200 to be 403,False,0.8900,none,2026-09-26T11:11:19.683803+00:00
flowfuse,1710844799_e80d55cd1718e2421d4e20137130eebd9f2e584d,system,15,2873,b7a8d28f98527f38,2,[2026-09-15T16:27:47.989Z] ERROR: Error running task 'licenseOverage: SequelizeDatabaseError: SQLITE_MISUSE: Database ha,False,0.5600,none,2026-09-26T11:11:19.815007+00:00
flowfuse,1710844799_e80d55cd1718e2421d4e20137130eebd9f2e584d,system,15,2880,30333df7c2d265ca,1,[2026-09-15T16:27:50.261Z] ERROR: Error running task 'licenseOverage: SequelizeDatabaseError: SQLITE_MISUSE: Database ha,False,0.5300,none,2026-09-26T11:11:20.012060+00:00
flowfuse,1711016637_b7f9278be79b3123e2878cfc32e9cf36d980cecb,forge-unit,5,1919,1737b9f3420e3295,9,"[2026-09-15T20:54:08.262Z] ERROR: AUDIT: event: team.device.provisioning.created, type: team, id: 1, Error: Token name m",False,0.7600,false_positive,2026-09-26T11:11:20.135275+00:00
flowfuse,1711016637_b7f9278be79b3123e2878cfc32e9cf36d980cecb,forge-unit,5,1930,02aa3cc372dd4449,2,"[2026-09-15T20:54:08.317Z] ERROR: AUDIT: event: team.device.provisioning.created, type: team, id: 1, Error: Invalid inst",False,0.7200,none,2026-09-26T11:11:20.301998+00:00
flowfuse,1711016637_b7f9278be79b3123e2878cfc32e9cf36d980cecb,forge-unit,5,2163,b7279fe4a101c601,53,"[2026-09-15T20:54:36.624Z] ERROR: AUDIT: event: account.reset-password, type: user, Password reset failed",False,0.7300,none,2026-09-26T11:11:20.381073+00:00
flowfuse,1711535234_c4ebd87b22606be654f880bfb01981af5b02642e,forge-unit,2,1933,2e1262e74030cf9d,1,"[2026-09-12T18:59:49.027Z] ERROR: AUDIT: event: team.device.provisioning.created, type: team, id: 1, Error: Invalid inst",False,0.7400,none,2026-09-26T11:11:20.547243+00:00
flowfuse,1712223826_fec41270216dbe0408f3524b2b71ae50b4f013d0,forge-unit,2,1738,b05cede7ac00976a,1,"[2026-09-21T19:58:35.969Z] ERROR: AUDIT: event: platform.project-type.deleted, type: platform, Error: Cannot delete Proj",False,0.8300,none,2026-09-26T11:11:20.715173+00:00
flowfuse,1712223826_fec41270216dbe0408f3524b2b71ae50b4f013d0,forge-unit,2,1943,37e09b120435ac00,191,"[2026-09-21T19:59:18.859Z] ERROR: AUDIT: event: team.device.provisioning.created, type: team, id: 1, Error: Token name m",False,0.7800,none,2026-09-26T11:11:20.895331+00:00
flowfuse,1712223826_fec41270216dbe0408f3524b2b71ae50b4f013d0,forge-unit,2,2302,40d748b0ee39141d,1,     AssertionError: expected Object {,False,0.9000,none,2026-09-26T11:11:21.038427+00:00
flowfuse,1712249204_fa16fb6529dba7e6f6a5120b63940be7e4aa26f4,forge-unit,1,1945,5d4c6fc1df58b420,3,"[2026-09-08T17:20:34.241Z] ERROR: AUDIT: event: team.device.provisioning.created, type: team, id: 1, Error: Token name m",False,0.7300,none,2026-09-26T11:11:21.161366+00:00
flowfuse,1712570139_e7eff91ea5d0b61663e7690fca8e1c5392414c89,forge-unit,1,1938,cb58c386dd61bcaa,2,"[2026-09-09T04:29:21.234Z] ERROR: AUDIT: event: team.device.provisioning.created, type: team, id: 1, Error: Token name m",False,0.7500,none,2026-09-26T11:11:21.282507+00:00
flowfuse,1713194314_289db0e496a5413a12a817215b5cd30ff7a16151,forge-unit,1,1998,6de672ed61b8afe2,7,"[2026-09-09T23:46:40.105Z] ERROR: AUDIT: event: team.device.provisioning.created, type: team, id: 1, Error: Token name m",False,0.7800,none,2026-09-26T11:11:21.585309+00:00
flowfuse,1713193852_1d358a136cea2f49c22483943aa53abfcea6592e,forge-unit,1,1432,223b485989c1764a,3,"[2026-09-08T23:08:31.926Z] ERROR: AUDIT: event: account.register, type: user, id: 4, Error: Invalid request",False,0.7700,none,2026-09-26T11:11:21.599211+00:00
flowfuse,1713257258_eae494c5788bfda30d4ce99a624704f9b2bda4a3,forge-unit,6,2019,4f258792103a712c,1,"[2026-09-15T14:35:28.677Z] ERROR: AUDIT: event: team.device.provisioning.created, type: team, id: 1, Error: Token name m",False,0.7500,none,2026-09-26T11:11:21.792058+00:00
flowfuse,1713257258_eae494c5788bfda30d4ce99a624704f9b2bda4a3,forge-unit,6,2094,f1d57591aeb87b00,1,"[2026-09-15T14:35:39.924Z] ERROR: AUDIT: event: user.updated-user, type: user, id: 6, TypeError: Cannot read properties ",False,0.8400,none,2026-09-26T11:11:21.910610+00:00
flowfuse,1713257258_eae494c5788bfda30d4ce99a624704f9b2bda4a3,forge-unit,6,2175,5d62de4e66b7e1b7,1,"[2026-09-15T14:35:51.692Z] ERROR: AUDIT: event: users.updated-user, type: user, id: 6, TypeError: Cannot read properties",False,0.8500,none,2026-09-26T11:11:22.058765+00:00
flowfuse,1713345788_3ea95607aac6e120fdbfd97b9dfa008b6d34f09f,forge-unit,1,2002,0299bc34f8d944ae,2,"[2026-09-14T03:25:12.970Z] ERROR: AUDIT: event: team.device.provisioning.created, type: team, id: 1, Error: Token name m",False,0.7900,none,2026-09-26T11:11:22.215840+00:00
flowfuse,1713972811_8e49f25bdd47f795eb70fa41b747f51f5fdf5071,forge-unit,2,2006,ef772a6b9e06d1ae,3,"[2026-09-08T21:12:19.465Z] ERROR: AUDIT: event: team.device.provisioning.created, type: team, id: 1, Error: Token name m",False,0.7600,none,2026-09-26T11:11:22.389036+00:00
flowfuse,1714132765_f588d5ef15dd05e11b68b37209a280c2e9c39be4,forge-unit,2,1996,06771abdf6dea50d,1,"[2026-09-08T20:56:14.894Z] ERROR: AUDIT: event: team.device.provisioning.created, type: team, id: 1, Error: Token name m",False,0.7700,none,2026-09-26T11:11:22.678450+00:00
flowfuse,1714410739_df0b2afb6a0dde24acb056722f4d7baeca317d1b,forge-unit,2,2020,d0b898643ffa2c9f,1,"[2026-09-16T03:18:31.117Z] ERROR: AUDIT: event: team.device.provisioning.created, type: team, id: 1, Error: Token name m",False,0.7800,none,2026-09-26T11:11:22.686622+00:00
flowfuse,1715091516_0ae6dd985482b4c7469b16a4a3e610b2a55c32e1,forge-unit,1,2017,cc20dc6fb174727e,1,"[2026-09-15T03:11:22.380Z] ERROR: AUDIT: event: team.device.provisioning.created, type: team, id: 1, Error: Token name m",False,0.7600,none,2026-09-26T11:11:22.945731+00:00
flowfuse,1714412167_8a66a6a3bb387404dd1d02c1346a15c2f1b2af16,forge-unit,2,2018,91e3850e5efd2646,2,"[2026-09-13T03:26:55.400Z] ERROR: AUDIT: event: team.device.provisioning.created, type: team, id: 1, Error: Token name m",False,0.7500,none,2026-09-26T11:11:22.954419+00:00
flowfuse,1715157201_0966f2f77df32ea7993d3504148d410802db11e7,forge-unit,10,2007,0b332e82698fc0af,4,"[2026-09-14T11:45:30.389Z] ERROR: AUDIT: event: team.device.provisioning.created, type: team, id: 1, Error: Token name m",False,0.8000,false_positive,2026-09-26T11:11:23.087944+00:00
flowfuse,1715157201_0966f2f77df32ea7993d3504148d410802db11e7,forge-unit,10,2014,5186d41f81184013,1,"[2026-09-14T11:45:30.431Z] ERROR: AUDIT: event: team.device.provisioning.created, type: team, id: 1, Error: Invalid inst",False,0.7400,none,2026-09-26T11:11:23.288557+00:00
flowfuse,1715350042_b5912b7f64c0134bfdc1151a55f91898dcce3985,forge-unit,10,465,6596829c01c04d8a,2,"[2026-09-11T18:10:49.138Z] ERROR: AUDIT: event: project.start-failed, type: project, id: f9b98215-163d-497a-80ad-942f674",False,0.6500,none,2026-09-26T11:11:23.430138+00:00
flowfuse,1715350042_b5912b7f64c0134bfdc1151a55f91898dcce3985,forge-unit,10,1303,7924ca7e9f4e95f0,1,[2026-09-11T18:11:04.460Z] ERROR: Error running task 'licenseOverage: SequelizeDatabaseError: SQLITE_MISUSE: Database ha,False,0.5900,none,2026-09-26T11:11:23.544216+00:00
flowfuse,1715350042_b5912b7f64c0134bfdc1151a55f91898dcce3985,forge-unit,10,1562,051d74895cc7c0ee,1,[2026-09-11T18:11:15.317Z] ERROR: Problem adding project to subscription: Error: Billing add error,False,0.7700,none,2026-09-26T11:11:23.691740+00:00
flowfuse,1715350042_b5912b7f64c0134bfdc1151a55f91898dcce3985,forge-unit,10,1601,cbe82062ab291353,1,[2026-09-11T18:11:16.615Z] ERROR: Failed to start project 095a9d2e-329c-4f79-9203-aad3151a1820: Error: failing to start ,False,0.7700,none,2026-09-26T11:11:23.852356+00:00
flowfuse,1715350042_b5912b7f64c0134bfdc1151a55f91898dcce3985,forge-unit,10,7784,2f7f09729f85cd0c,1,"[2026-09-11T18:14:01.084Z] ERROR: AUDIT: event: platform.project-type.deleted, type: platform, Error: Cannot delete Proj",False,0.7800,false_positive,2026-09-26T11:11:23.977654+00:00
flowfuse,1715350042_b5912b7f64c0134bfdc1151a55f91898dcce3985,forge-unit,10,9313,ef645fa9a502c527,2,"[2026-09-11T18:14:40.698Z] ERROR: AUDIT: event: platform.team.created, type: platform, Error: license limit reached",False,0.6800,none,2026-09-26T11:11:24.251545+00:00
flowfuse,1715350042_b5912b7f64c0134bfdc1151a55f91898dcce3985,forge-unit,10,9459,a753487474875af7,1,"[2026-09-11T18:14:44.455Z] ERROR: AUDIT: event: team.device.provisioning.created, type: team, id: 1, Error: Token name m",False,0.7900,none,2026-09-26T11:11:24.345650+00:00
flowfuse,1715350042_b5912b7f64c0134bfdc1151a55f91898dcce3985,forge-unit,10,9742,1e1631eade539fdb,2,"[2026-09-11T18:14:56.275Z] ERROR: AUDIT: event: user.updated-user, type: user, id: 6, Error: Invalid email address",False,0.7700,false_positive,2026-09-26T11:11:24.481676+00:00
flowfuse,1715350042_b5912b7f64c0134bfdc1151a55f91898dcce3985,forge-unit,10,9755,184bbaddaed775ff,1,"[2026-09-11T18:14:57.018Z] ERROR: AUDIT: event: user.updated-password, type: user, id: 5, password change failed",False,0.7500,none,2026-09-26T11:11:24.624226+00:00
flowfuse,1715350042_b5912b7f64c0134bfdc1151a55f91898dcce3985,forge-unit,10,9817,d28efc1b65e58dc7,1,"[2026-09-11T18:14:58.451Z] ERROR: AUDIT: event: user.updated-user, type: user, id: 9, Error: Cannot change email for sso",False,0.8300,none,2026-09-26T11:11:24.758302+00:00
flowfuse,1715350042_b5912b7f64c0134bfdc1151a55f91898dcce3985,forge-unit,10,9860,0c01ee6aa515f8ca,2,"[2026-09-11T18:15:02.530Z] ERROR: AUDIT: event: user.deleted, type: user, id: 26, Error: Cannot delete the last platform",False,0.8000,none,2026-09-26T11:11:24.920683+00:00
flowfuse,1715350042_b5912b7f64c0134bfdc1151a55f91898dcce3985,forge-unit,10,9970,317f1f5a868aef56,1,"[2026-09-11T18:15:08.194Z] ERROR: AUDIT: event: users.updated-user, type: user, id: 1, Error: Invalid username",False,0.7700,none,2026-09-26T11:11:25.122555+00:00
flowfuse,1715350042_b5912b7f64c0134bfdc1151a55f91898dcce3985,forge-unit,10,9977,bdf3312a72d6677d,1,"[2026-09-11T18:15:08.331Z] ERROR: AUDIT: event: users.deleted-user, type: user, id: 3, Error: Cannot delete the last own",False,0.8000,none,2026-09-26T11:11:25.236402+00:00
flowfuse,1715350042_b5912b7f64c0134bfdc1151a55f91898dcce3985,forge-unit,10,10051,ff4efe24d79039db,1,"[2026-09-11T18:15:10.075Z] ERROR: AUDIT: event: account.register, type: user, Error: license limit reached",False,0.7500,false_positive,2026-09-26T11:11:25.397465+00:00
flowfuse,1715350042_b5912b7f64c0134bfdc1151a55f91898dcce3985,forge-unit,10,10311,938424c086ac7de3,2,"[2026-09-11T18:15:15.811Z] ERROR: AUDIT: event: account.reset-password, type: user, Password reset failed",False,0.7200,none,2026-09-26T11:11:25.506744+00:00
flowfuse,1715350042_b5912b7f64c0134bfdc1151a55f91898dcce3985,forge-unit,10,10600,e001f62664d9b380,2,"[2026-09-11T18:15:19.068Z] ERROR: AUDIT: event: project.start-failed, type: project, id: 718c23dd-62da-4f3a-ad91-85ae606",False,0.6400,none,2026-09-26T11:11:25.791854+00:00
flowfuse,1715617794_d8e2acb32cb2d352e95622a902ade8174cba8cfe,forge-unit,83,1059,30ab83266b88b792,16,[2026-09-21T02:33:38.881Z] ERROR: Failed to start: ReferenceError: app is not defined,False,0.7900,none,2026-09-26T11:11:25.814274+00:00
flowfuse,1715617794_d8e2acb32cb2d352e95622a902ade8174cba8cfe,forge-unit,83,1171,7dcb4d4f472a3086,16,[2026-09-21T02:33:45.414Z] ERROR: Failed to start: ReferenceError: app is not defined,False,0.7900,none,2026-09-26T11:11:26.124781+00:00
flowfuse,1715617794_d8e2acb32cb2d352e95622a902ade8174cba8cfe,forge-unit,83,1121,1c0bdbc805dbcc73,16,[2026-09-21T02:33:42.401Z] ERROR: Failed to start: ReferenceError: app is not defined,False,0.8000,none,2026-09-26T11:11:26.134017+00:00
flowfuse,1715617794_d8e2acb32cb2d352e95622a902ade8174cba8cfe,forge-unit,83,1212,9606f1e66af744ca,1,[2026-09-21T02:33:47.273Z] ERROR: Failed to start: ReferenceError: app is not defined,False,0.8100,none,2026-09-26T11:11:26.356271+00:00
flowfuse,1715617794_d8e2acb32cb2d352e95622a902ade8174cba8cfe,forge-unit,83,1482,6ad268d4c55ddec9,6,[2026-09-21T02:34:13.468Z] ERROR: Failed to start: ReferenceError: app is not defined,False,0.8100,none,2026-09-26T11:11:26.421299+00:00
flowfuse,1715617794_d8e2acb32cb2d352e95622a902ade8174cba8cfe,forge-unit,83,1769,2707f171ce2dc1f6,1,"[2026-09-21T02:35:10.972Z] ERROR: AUDIT: event: team.device.provisioning.created, type: team, id: 1, Error: Invalid inst",False,0.7400,none,2026-09-26T11:11:26.602242+00:00
flowfuse,1715617794_d8e2acb32cb2d352e95622a902ade8174cba8cfe,forge-unit,83,1948,0a5b1818b106979b,1,"[2026-09-21T02:35:32.954Z] ERROR: AUDIT: event: users.deleted-user, type: user, id: 1, Error: Cannot delete the last pla",False,0.7800,none,2026-09-26T11:11:26.706486+00:00
flowfuse,1715617794_d8e2acb32cb2d352e95622a902ade8174cba8cfe,forge-unit,83,2026,fa09714ed04eee62,5,"[2026-09-21T02:35:38.853Z] ERROR: AUDIT: event: account.reset-password, type: user, Password reset failed",False,0.7500,none,2026-09-26T11:11:26.855483+00:00
flowfuse,1715617794_d8e2acb32cb2d352e95622a902ade8174cba8cfe,forge-unit,83,2430,e652b9d06364165d,16,     ReferenceError: app is not defined,False,0.8200,none,2026-09-26T11:11:27.006609+00:00
flowfuse,1715617794_d8e2acb32cb2d352e95622a902ade8174cba8cfe,forge-unit,83,2508,07857835a65b62dd,27,     ReferenceError: app is not defined,False,0.7800,none,2026-09-26T11:11:27.156641+00:00
flowfuse,1715617794_d8e2acb32cb2d352e95622a902ade8174cba8cfe,forge-unit,83,2578,472b2582cac661aa,31,     ReferenceError: app is not defined,False,0.8100,none,2026-09-26T11:11:27.285560+00:00
flowfuse,1715617794_d8e2acb32cb2d352e95622a902ade8174cba8cfe,forge-unit,83,2784,9a4fecab0387da31,26,     ReferenceError: app is not defined,False,0.8200,none,2026-09-26T11:11:27.461665+00:00
flowfuse,1715618250_68f38384ce25dfd870f1ecebd7b3e860977ab061,forge-unit,83,1182,719708d4210fc7b1,2,[2026-09-09T18:09:37.860Z] ERROR: Failed to start: TypeError: Cannot read properties of undefined (reading 'customHostna,False,0.7300,none,2026-09-26T11:11:27.599281+00:00
flowfuse,1715618250_68f38384ce25dfd870f1ecebd7b3e860977ab061,forge-unit,83,1753,9be711278320ebf2,3,"[2026-09-09T18:11:05.227Z] ERROR: AUDIT: event: team.device.provisioning.created, type: team, id: 1, Error: Token name m",False,0.7800,none,2026-09-26T11:11:27.785771+00:00
flowfuse,1715618824_30eecc3d0cc607ef2d515579016da99ddb2e720f,forge-unit,83,1750,f2979c702931315e,3,"[2026-09-10T12:21:33.621Z] ERROR: AUDIT: event: team.device.provisioning.created, type: team, id: 1, Error: Invalid inst",False,0.7300,false_positive,2026-09-26T11:11:27.978789+00:00
flowfuse,1715618824_30eecc3d0cc607ef2d515579016da99ddb2e720f,forge-unit,83,2783,bf370ae8485bc124,1,[2026-09-10T12:22:04.923Z] ERROR: TypeError: Cannot read properties of undefined (reading 'customHostnames'),False,0.8100,none,2026-09-26T11:11:28.022046+00:00
flowfuse,1715844969_f835f1f05794fdba249f3de9bc8acdfc66aa7d7c,forge-unit,9,1105,9dd1b639dc26d567,1,          TypeError: The value of 'merged_855fd5fe-b09f-41da-b339-7a77e0a1b66a#/properties/flows' does not match schema ,False,0.8600,none,2026-09-26T11:11:28.176156+00:00
flowfuse,1715844969_f835f1f05794fdba249f3de9bc8acdfc66aa7d7c,forge-unit,9,2133,f19f5b33f004c76c,2,"[2026-09-13T21:26:51.716Z] ERROR: AUDIT: event: team.device.provisioning.created, type: team, id: 1, Error: Token name m",False,0.7100,none,2026-09-26T11:11:28.313763+00:00
flowfuse,1715845035_42e7a4d4d6e34276e1efcc5f14d8ff7650726a04,forge-unit,9,1105,272783b028f5eb70,1,          TypeError: The value of 'merged_0a6a556a-120c-459a-aef5-c7cc3250fcee#/properties/flows' does not match schema ,False,0.8600,none,2026-09-26T11:11:28.505436+00:00
flowfuse,1715845035_42e7a4d4d6e34276e1efcc5f14d8ff7650726a04,forge-unit,9,2123,f8430de6624b85ce,7,"[2026-09-16T06:51:51.653Z] ERROR: AUDIT: event: team.device.provisioning.created, type: team, id: 1, Error: Invalid inst",False,0.7500,none,2026-09-26T11:11:28.673170+00:00
flowfuse,1715845257_8562de1cd81079e0ff7f549ba7af35efba936d8e,forge-unit,9,1105,6862d0b84a7e6566,1,          TypeError: The value of 'merged_aef478ae-9784-4f31-bf1d-0bd416ada61a#/properties/flows' does not match schema ,False,0.8600,none,2026-09-26T11:11:28.762812+00:00
flowfuse,1715845257_8562de1cd81079e0ff7f549ba7af35efba936d8e,forge-unit,9,2140,6b4f6f06ec808417,1,"[2026-09-10T17:57:39.630Z] ERROR: AUDIT: event: team.device.provisioning.created, type: team, id: 1, Error: Token name m",False,0.7200,none,2026-09-26T11:11:28.996436+00:00
flowfuse,1715846148_36a98242ca2b6a216cf84550cc76c361b7e2a397,forge-unit,9,1105,051534ce16acff87,1,          TypeError: The value of 'merged_9960de5a-e4e1-42fd-94b7-ade779b3692c#/properties/flows' does not match schema ,False,0.8600,none,2026-09-26T11:11:29.095759+00:00
flowfuse,1715849000_461b83b997ef6c2ce8892853ab7284073d080b5e,forge-unit,28,351,0ec84c0a70992464,2,"[2026-09-14T23:44:23.642Z] ERROR: AUDIT: event: project.start-failed, type: project, id: 2e9ce75f-0f01-4c1b-9db9-23bd4c4",False,0.6500,false_positive,2026-09-26T11:11:29.328543+00:00
flowfuse,1715850791_adc87b59d20ab903612549937406f3b7a59f4fcd,forge-unit,2,2081,744377c4b564288b,5,"[2026-09-10T21:00:42.680Z] ERROR: AUDIT: event: team.device.provisioning.created, type: team, id: 1, Error: Token name m",False,0.7800,none,2026-09-26T11:11:29.410365+00:00
flowfuse,1715850791_adc87b59d20ab903612549937406f3b7a59f4fcd,forge-unit,2,2088,53a91d490139983b,3,"[2026-09-10T21:00:42.720Z] ERROR: AUDIT: event: team.device.provisioning.created, type: team, id: 1, Error: Invalid inst",False,0.7700,none,2026-09-26T11:11:29.546431+00:00
flowfuse,1715851000_bae3e226437e8f581107fca3d63294fd49ef639e,forge-unit,2,2093,129e4928d1612d0f,1,"[2026-09-15T13:08:06.195Z] ERROR: AUDIT: event: team.device.provisioning.created, type: team, id: 1, Error: Token name m",False,0.7400,none,2026-09-26T11:11:29.717798+00:00
flowfuse,1716292792_19e1d22ef7d2a9d0fc83e18814f42331bca0679d,forge-unit,83,1184,ade8cb18cf69b897,1,[2026-09-20T13:30:24.862Z] ERROR: Failed to start: TypeError: Cannot read properties of undefined (reading 'options'),False,0.7500,none,2026-09-26T11:11:29.850725+00:00
flowfuse,1716292792_19e1d22ef7d2a9d0fc83e18814f42331bca0679d,forge-unit,83,1764,30447f72b07224fb,1,"[2026-09-20T13:31:48.923Z] ERROR: AUDIT: event: team.device.provisioning.created, type: team, id: 1, Error: Token name m",False,0.7600,none,2026-09-26T11:11:30.007172+00:00
flowfuse,1716294879_b838e5f1c6a209d3c2fd49887b78a18396c8dfbc,forge-unit,2,2206,80bcb32ce9ad2c71,28,"[2026-09-10T10:30:30.770Z] ERROR: AUDIT: event: user.updated-user, type: user, id: 6, Error: Invalid email address",False,0.8000,none,2026-09-26T11:11:30.166271+00:00
flowfuse,1716294879_b838e5f1c6a209d3c2fd49887b78a18396c8dfbc,forge-unit,2,2212,605c23f28906a523,153,"[2026-09-10T10:30:31.836Z] ERROR: AUDIT: event: user.updated-password, type: user, id: 6, password change failed",False,0.7700,false_positive,2026-09-26T11:11:30.316547+00:00
flowfuse,1716295817_5e9440896f6a583391ca6bd48830369406d17041,forge-unit,2,350,6c5b62282aa1ce9f,2,"[2026-09-10T01:49:28.970Z] ERROR: AUDIT: event: project.start-failed, type: project, id: 07552b16-6ec2-4993-944b-8d814de",False,0.6800,false_positive,2026-09-26T11:11:30.465353+00:00
flowfuse,1716295817_5e9440896f6a583391ca6bd48830369406d17041,forge-unit,2,2117,c74efb71c56c9767,1,"[2026-09-10T01:53:26.985Z] ERROR: AUDIT: event: team.device.provisioning.created, type: team, id: 1, Error: Invalid inst",False,0.7600,none,2026-09-26T11:11:30.629464+00:00
flowfuse,1716302058_6a0dd01e1d287871f33f64d0f6c02152d88df91f,forge-unit,2,2133,a5cee3159f9d23b7,3,"[2026-09-15T13:01:35.485Z] ERROR: AUDIT: event: team.device.provisioning.created, type: team, id: 1, Error: Token name m",False,0.7800,none,2026-09-26T11:11:30.780580+00:00
flowfuse,1716302058_6a0dd01e1d287871f33f64d0f6c02152d88df91f,forge-unit,2,2212,1fad6732d9980d86,95,"[2026-09-15T13:01:47.860Z] ERROR: AUDIT: event: user.updated-password, type: user, id: 6, password change failed",False,0.7700,none,2026-09-26T11:11:31.007577+00:00
flowfuse,1716302123_3d1728fb94cf09f0082ff655a9cf91cd1dce017c,forge-unit,2,2132,5afe350da25473d3,1,"[2026-09-08T19:27:12.756Z] ERROR: AUDIT: event: team.device.provisioning.created, type: team, id: 1, Error: Token name m",False,0.7700,none,2026-09-26T11:11:31.119380+00:00
flowfuse,1716309086_9ba7a6aa1e92e90bb85ab05e9f788c6609427759,forge-unit,2,2491,427cee13bc6588af,21,     AssertionError: expected Object {,False,0.9000,none,2026-09-26T11:11:31.281586+00:00
flowfuse,1716362631_51ccbf6abc9f09192d1265b77b6eb5a746532bdb,forge-unit,2,2205,34c070846a1288d4,220,"[2026-09-09T00:52:48.299Z] ERROR: AUDIT: event: user.updated-user, type: user, id: 6, Error: Invalid email address",False,0.7900,false_positive,2026-09-26T11:11:31.345793+00:00
flowfuse,1716362631_51ccbf6abc9f09192d1265b77b6eb5a746532bdb,forge-unit,2,2427,bc01ec57d382f9b4,4,"[2026-09-09T00:53:12.425Z] ERROR: AUDIT: event: project.start-failed, type: project, id: f10523d6-4305-4ec1-8483-67630a4",False,0.6200,none,2026-09-26T11:11:31.476747+00:00
flowfuse,1716557527_3ac7302d8fbcbd6bee86144882bfa46344a11738,forge-unit,1,2116,c6e9c9fc5e2600c4,1,"[2026-09-11T19:31:44.640Z] ERROR: AUDIT: event: team.device.provisioning.created, type: team, id: 1, Error: Invalid inst",False,0.7600,false_positive,2026-09-26T11:11:31.647198+00:00
flowfuse,1716557527_3ac7302d8fbcbd6bee86144882bfa46344a11738,forge-unit,1,2205,069c96463fd73404,2,"[2026-09-11T19:31:56.303Z] ERROR: AUDIT: event: user.updated-user, type: user, id: 6, Error: Invalid email address",False,0.7900,false_positive,2026-09-26T11:11:31.796038+00:00
flowfuse,1717150649_45e46a5a31be3fa50c620760aaff314b96e2b10a,forge-unit,10,1316,4405a2f2237ff630,1,[2026-09-09T16:48:23.026Z] ERROR: Error running task 'licenseOverage: SequelizeDatabaseError: SQLITE_MISUSE: Database ha,False,0.5900,none,2026-09-26T11:11:31.960923+00:00
flowfuse,1717150649_45e46a5a31be3fa50c620760aaff314b96e2b10a,forge-unit,10,1676,faf31d152284a37f,1,[2026-09-09T16:48:36.218Z] ERROR: Failed to start project 2073f7a5-9701-4b78-8f40-a16efc894b26: Error: failing to start ,False,0.6600,none,2026-09-26T11:11:32.259954+00:00
flowfuse,1717150649_45e46a5a31be3fa50c620760aaff314b96e2b10a,forge-unit,10,7994,9ccf23faff8c1baf,1,"[2026-09-09T16:51:36.441Z] ERROR: AUDIT: event: platform.project-type.deleted, type: platform, Error: Cannot delete Proj",False,0.8200,none,2026-09-26T11:11:32.396011+00:00
flowfuse,1717150649_45e46a5a31be3fa50c620760aaff314b96e2b10a,forge-unit,10,1636,d8a5fd69df71e23f,1,[2026-09-09T16:48:34.693Z] ERROR: Problem adding project to subscription: Error: Billing add error,False,0.7400,none,2026-09-26T11:11:32.484875+00:00
flowfuse,1717150649_45e46a5a31be3fa50c620760aaff314b96e2b10a,forge-unit,10,9912,35a5dfa6368c859a,1,"[2026-09-09T16:52:28.924Z] ERROR: AUDIT: event: team.device.provisioning.created, type: team, id: 1, Error: Token name m",False,0.7900,none,2026-09-26T11:11:32.552611+00:00
flowfuse,1717150649_45e46a5a31be3fa50c620760aaff314b96e2b10a,forge-unit,10,9919,c92b49939bf7d5b5,1,"[2026-09-09T16:52:28.995Z] ERROR: AUDIT: event: team.device.provisioning.created, type: team, id: 1, Error: Invalid inst",False,0.7400,none,2026-09-26T11:11:32.695825+00:00
flowfuse,1717150649_45e46a5a31be3fa50c620760aaff314b96e2b10a,forge-unit,10,10216,05820e07690a4177,1,"[2026-09-09T16:52:41.666Z] ERROR: AUDIT: event: user.updated-password, type: user, id: 5, password change failed",False,0.7100,none,2026-09-26T11:11:32.854134+00:00
flowfuse,1717150649_45e46a5a31be3fa50c620760aaff314b96e2b10a,forge-unit,10,10222,089a0eda67baa856,1,"[2026-09-09T16:52:42.018Z] ERROR: AUDIT: event: user.updated-password, type: user, id: 6, password change failed",False,0.7200,none,2026-09-26T11:11:33.004525+00:00
flowfuse,1717150649_45e46a5a31be3fa50c620760aaff314b96e2b10a,forge-unit,10,10267,3737870565b6c54b,1,"[2026-09-09T16:52:43.837Z] ERROR: AUDIT: event: user.updated-user, type: user, id: 9, Error: Cannot change email for sso",False,0.8000,none,2026-09-26T11:11:33.144762+00:00
flowfuse,1717150649_45e46a5a31be3fa50c620760aaff314b96e2b10a,forge-unit,10,10450,ea6028cd306f164b,1,"[2026-09-09T16:52:53.887Z] ERROR: AUDIT: event: users.deleted-user, type: user, id: 2, Error: Cannot delete the last own",False,0.8000,none,2026-09-26T11:11:33.292883+00:00
flowfuse,1717150649_45e46a5a31be3fa50c620760aaff314b96e2b10a,forge-unit,10,10525,61b20853e9c0c0c2,1,"[2026-09-09T16:52:55.852Z] ERROR: AUDIT: event: account.register, type: user, Error: license limit reached",False,0.7300,false_positive,2026-09-26T11:11:33.450191+00:00
flowfuse,1718113741_71ca32c97d7c76cac1a276978a61d85ec8d807d4,forge-unit,7,350,b6083afe70043d1f,1,"[2026-09-13T10:26:54.254Z] ERROR: AUDIT: event: project.start-failed, type: project, id: 209b5c7d-b455-48d5-9e24-217ba98",False,0.6400,false_positive,2026-09-26T11:11:33.600590+00:00
flowfuse,1718113741_71ca32c97d7c76cac1a276978a61d85ec8d807d4,forge-unit,7,1235,5ddc1ecb635c213a,1,"Deploy failed, but response already sent PipelineControllerError: Error during deploy: TypeError: Cannot set properties ",False,0.8600,none,2026-09-26T11:11:33.769426+00:00
flowfuse,1718113741_71ca32c97d7c76cac1a276978a61d85ec8d807d4,forge-unit,7,1241,fd562e4adc7951b7,6,  [cause]: TypeError: Cannot set properties of undefined (setting 'title'),False,0.8800,none,2026-09-26T11:11:33.929825+00:00
flowfuse,1718113741_71ca32c97d7c76cac1a276978a61d85ec8d807d4,forge-unit,7,1263,bd9c9024dc88eed6,6,  [cause]: TypeError: Cannot set properties of undefined (setting 'title'),False,0.8800,none,2026-09-26T11:11:34.112960+00:00
flowfuse,1718113741_71ca32c97d7c76cac1a276978a61d85ec8d807d4,forge-unit,7,1286,604b5f14cb949b97,6,  [cause]: TypeError: Cannot set properties of undefined (setting 'title'),False,0.8500,none,2026-09-26T11:11:34.257229+00:00
flowfuse,1718113741_71ca32c97d7c76cac1a276978a61d85ec8d807d4,forge-unit,7,2250,fe98d45a530677bd,71,"[2026-09-13T10:31:13.602Z] ERROR: AUDIT: event: user.updated-user, type: user, id: 6, Error: Invalid email address",False,0.8000,false_positive,2026-09-26T11:11:34.357218+00:00
flowfuse,1718113741_71ca32c97d7c76cac1a276978a61d85ec8d807d4,forge-unit,7,2256,985cf0a84837e602,110,"[2026-09-13T10:31:14.509Z] ERROR: AUDIT: event: user.updated-password, type: user, id: 6, password change failed",False,0.7400,false_positive,2026-09-26T11:11:34.612837+00:00
flowfuse,1718786140_d22c713a65156bac3769aec474978cde0fda2526,forge-unit,3,2125,e9d37f928e2a45ae,2,"[2026-09-21T02:17:00.637Z] ERROR: AUDIT: event: team.device.provisioning.created, type: team, id: 1, Error: Token name m",False,0.8000,false_positive,2026-09-26T11:11:34.672904+00:00
flowfuse,1718788369_0d5e6ec5e778ffb7aace9e34294787df1421177c,forge-unit,1,2390,0f9924518902a34b,1,"[2026-09-09T04:39:35.015Z] ERROR: AUDIT: event: account.register, type: user, Error: license limit reached",False,0.7100,none,2026-09-26T11:11:34.763425+00:00
flowfuse,1720613421_d9bf859916c2163447ea582981c61c92cea671f9,forge-unit,1,535,584b774bbade2dbb,3,[2026-09-10T13:20:15.161Z] ERROR: Error running task 'licenseOverage: SequelizeDatabaseError: SQLITE_MISUSE: Database ha,False,0.6200,none,2026-09-26T11:11:34.953276+00:00
flowfuse,1720613421_d9bf859916c2163447ea582981c61c92cea671f9,forge-unit,1,2151,39c0dea8c40b8402,2,"[2026-09-10T13:24:02.222Z] ERROR: AUDIT: event: team.device.provisioning.created, type: team, id: 1, Error: Invalid inst",False,0.7500,none,2026-09-26T11:11:35.124201+00:00
flowfuse,1720613421_d9bf859916c2163447ea582981c61c92cea671f9,forge-unit,1,2271,ea1a00984a59c59e,14,"[2026-09-10T13:24:18.718Z] ERROR: AUDIT: event: user.updated-password, type: user, id: 5, password change failed",False,0.7800,none,2026-09-26T11:11:35.280477+00:00
flowfuse,1720613421_d9bf859916c2163447ea582981c61c92cea671f9,forge-unit,1,2329,269634fd3229768b,1,"[2026-09-10T13:24:25.894Z] ERROR: AUDIT: event: users.updated-user, type: user, id: 1, Error: Invalid username",False,0.7800,false_positive,2026-09-26T11:11:35.418800+00:00
flowfuse,1720613421_d9bf859916c2163447ea582981c61c92cea671f9,forge-unit,1,2474,7dcf8c6adfb4eb4f,1,"[2026-09-10T13:24:37.176Z] ERROR: AUDIT: event: project.start-failed, type: project, id: 06af7219-5324-46f6-adc0-8fd8d1b",False,0.6200,none,2026-09-26T11:11:35.568420+00:00
flowfuse,1720617943_fc2f7b7b01ed3cfbc1d94ba1291122902b101135,forge-unit,1,2161,fbdff615500c3fa5,1,"[2026-09-21T20:31:47.921Z] ERROR: AUDIT: event: team.device.provisioning.created, type: team, id: 1, Error: Token name m",False,0.7400,none,2026-09-26T11:11:35.671867+00:00
flowfuse,1721302323_ef82f8c19c8ff8554c239b4be3c974868a537b0f,forge-unit,4,275,7067d51bd7cef8ca,1,"    4) ""after all"" hook for ""Provides a logger for device suspend failed action""",False,0.6900,none,2026-09-26T11:11:35.880998+00:00
flowfuse,1721302323_ef82f8c19c8ff8554c239b4be3c974868a537b0f,forge-unit,4,313,592c7c772bb1d3cc,2,[2026-09-08T23:55:31.285Z] ERROR: Failed to start: SequelizeDatabaseError: SQLITE_ERROR: duplicate column name: editorAf,False,0.6300,none,2026-09-26T11:11:35.996623+00:00
flowfuse,1721309135_ec7939cc6ec9f460efd6a0066b53559238a9450a,forge-unit,13,2290,88bf78e09657dcf0,42,"[2026-09-13T09:12:16.922Z] ERROR: AUDIT: event: user.updated-password, type: user, id: 5, password change failed",False,0.7600,none,2026-09-26T11:11:36.144147+00:00
flowfuse,1721309135_ec7939cc6ec9f460efd6a0066b53559238a9450a,forge-unit,13,2391,2732e4d8d4bfa4b1,3,"[2026-09-13T09:12:26.070Z] ERROR: AUDIT: event: account.register, type: user, Error: license limit reached",True,0.5900,none,2026-09-26T11:11:36.310178+00:00
flowfuse,1721309135_ec7939cc6ec9f460efd6a0066b53559238a9450a,forge-unit,13,2418,f2e6a49b8c83e010,5,[2026-09-13T09:12:26.613Z] ERROR: Failed to start: SequelizeDatabaseError: SQLITE_ERROR: no such table: Projects,True,0.5500,none,2026-09-26T11:11:36.414168+00:00
flowfuse,1721309135_ec7939cc6ec9f460efd6a0066b53559238a9450a,forge-unit,13,2624,72d9523f56e09308,3,      AssertionError: expected 0 to be 1,False,0.5900,runner_env_config,2026-09-26T11:11:36.614052+00:00
flowfuse,1721309135_ec7939cc6ec9f460efd6a0066b53559238a9450a,forge-unit,13,2713,252426e3e56dd3b0,2,  Error: done() called multiple times in test <Accounts API Register User - Licensed auto-creates personal team if optio,False,0.5900,none,2026-09-26T11:11:36.766223+00:00
flowfuse,1721310024_c2719059d1c45bd539b18baf13b4d43590a7149b,forge-unit,13,2257,a88c389ddbfebe87,201,"[2026-09-08T22:21:54.182Z] ERROR: AUDIT: event: user.updated-user, type: user, id: 6, Error: Invalid email address",False,0.7700,false_positive,2026-09-26T11:11:36.904299+00:00
flowfuse,1721310024_c2719059d1c45bd539b18baf13b4d43590a7149b,forge-unit,13,2355,7066823e17af29e3,1,"[2026-09-08T22:22:08.747Z] ERROR: AUDIT: event: users.updated-user, type: user, id: 1, Error: Invalid username",False,0.7400,none,2026-09-26T11:11:37.089912+00:00
flowfuse,1721310024_c2719059d1c45bd539b18baf13b4d43590a7149b,forge-unit,13,2675,d91f0cfe99166a99,1,"  Error: done() called multiple times in hook <Accounts API Register User ""after all"" hook in ""Register User""> of file /",False,0.8200,none,2026-09-26T11:11:37.272649+00:00
flowfuse,1721312950_bc2dfdd1819158773eb567cab2adebcc64d26192,forge-unit,12,2418,de1aada816a1c9ec,3,[2026-09-10T19:29:20.730Z] ERROR: Failed to start: SequelizeDatabaseError: SQLITE_ERROR: no such table: MetaVersions,True,0.5600,none,2026-09-26T11:11:37.376647+00:00
flowfuse,1721401653_ceafe9098442d5460d91c302e7d71a17e5008435,forge-unit,3,2188,be8c9d7322c935c6,1,"[2026-09-12T01:14:07.330Z] ERROR: AUDIT: event: team.device.provisioning.created, type: team, id: 1, Error: Token name m",False,0.7500,none,2026-09-26T11:11:37.529304+00:00
flowfuse,1721401653_ceafe9098442d5460d91c302e7d71a17e5008435,forge-unit,3,2391,2718a31f38398fa9,3,"[2026-09-12T01:14:33.369Z] ERROR: AUDIT: event: account.register, type: user, Error: license limit reached",True,0.5500,runner_env_config,2026-09-26T11:11:37.628295+00:00
flowfuse,1721982756_2d68782529a2d53e3b121ba39dc656ad775e3722,forge-unit,1,2297,b8117d23e4fe4e90,4,"[2026-09-09T00:32:51.399Z] ERROR: AUDIT: event: user.updated-password, type: user, id: 5, password change failed",False,0.7900,none,2026-09-26T11:11:37.803130+00:00
flowfuse,1721982756_2d68782529a2d53e3b121ba39dc656ad775e3722,forge-unit,1,2494,26ea2aed05a2aa53,1,"[2026-09-09T00:33:22.922Z] ERROR: AUDIT: event: project.start-failed, type: project, id: 4b396b96-89e6-4e66-8d29-13b9f76",False,0.6700,none,2026-09-26T11:11:37.946694+00:00
flowfuse,1722251228_ce043a166b89827b486e0a158efaed54ff37fab9,forge-unit,66,536,14df1d9512b5cfe1,2,[2026-09-16T09:04:30.993Z] ERROR: Error running task 'licenseOverage: SequelizeDatabaseError: SQLITE_MISUSE: Database ha,False,0.6400,none,2026-09-26T11:11:38.167609+00:00
flowfuse,1722251228_ce043a166b89827b486e0a158efaed54ff37fab9,forge-unit,66,2297,43d5d6fc82b17340,145,"[2026-09-16T09:08:14.622Z] ERROR: AUDIT: event: account.reset-password, type: user, Password reset failed",False,0.7600,false_positive,2026-09-26T11:11:38.249159+00:00
flowfuse,1722251686_9db10e998c6b574b5411967b9665befcdca5dbe6,forge-unit,66,2302,270d1a9cfe0013ee,25,"[2026-09-09T14:53:02.119Z] ERROR: AUDIT: event: account.reset-password, type: user, Password reset failed",False,0.7500,none,2026-09-26T11:11:38.423900+00:00
flowfuse,1722251686_9db10e998c6b574b5411967b9665befcdca5dbe6,system,5,3875,f1ebed6122b589f6,1,[2026-09-09T14:53:52.586Z] ERROR: Error running task 'licenseOverage: SequelizeDatabaseError: SQLITE_MISUSE: Database ha,False,0.5100,none,2026-09-26T11:11:38.553995+00:00
flowfuse,1722970304_cae8ef43031b04191da9bd3b32937278889775a0,forge-unit,1,1293,1229b970c8ef9bc2,20,[2026-09-09T02:51:26.954Z] ERROR: Failed to start project 752bc821-cc7a-4562-8df7-5c3c478128f2: TypeError: Cannot read p,False,0.7800,none,2026-09-26T11:11:38.714211+00:00
flowfuse,1722970304_cae8ef43031b04191da9bd3b32937278889775a0,forge-unit,1,2304,31529bd70dfe8857,157,"[2026-09-09T02:53:45.017Z] ERROR: AUDIT: event: user.updated-password, type: user, id: 6, password change failed",False,0.7600,false_positive,2026-09-26T11:11:38.902786+00:00
flowfuse,1723124097_661b84bfe4daa58d99c3cd086510a61db2296258,forge-unit,1,2334,a802f12c1d30101f,2,"[2026-09-21T22:19:23.861Z] ERROR: AUDIT: event: user.updated-password, type: user, id: 5, password change failed",False,0.8200,none,2026-09-26T11:11:38.983945+00:00
flowfuse,1723124097_661b84bfe4daa58d99c3cd086510a61db2296258,forge-unit,1,2398,abfb39d3bba4ebd9,5,"[2026-09-21T22:19:31.213Z] ERROR: AUDIT: event: users.deleted-user, type: user, id: 2, Error: Team BTeam which is being ",False,0.8200,none,2026-09-26T11:11:39.144509+00:00
flowfuse,1723192196_530d092486d5b435d2cd0093cf5a504a44059e20,forge-unit,1,1294,fb8612ec2a0af187,1,[2026-09-12T21:39:30.060Z] ERROR: Failed to start project 30a6a87b-a109-4f50-aae1-3efbc54db3e3: TypeError: Cannot read p,False,0.8000,none,2026-09-26T11:11:39.349487+00:00
flowfuse,1723205309_365ff53142edb8fd40bc83c59158ff5c247cc41f,forge-unit,2,1303,417c22f61132e159,4,[2026-09-21T06:58:46.210Z] ERROR: Failed to start project 4c7c1b63-d533-4cad-b0f7-324c161a7b37: TypeError: Cannot read p,False,0.7800,none,2026-09-26T11:11:39.451304+00:00
flowfuse,1723205309_365ff53142edb8fd40bc83c59158ff5c247cc41f,forge-unit,2,2334,34a8c39547f7bcfb,1,"[2026-09-21T07:01:00.456Z] ERROR: AUDIT: event: user.updated-password, type: user, id: 5, password change failed",False,0.7900,none,2026-09-26T11:11:39.571896+00:00
flowfuse,1723205309_365ff53142edb8fd40bc83c59158ff5c247cc41f,forge-unit,2,2402,da4dbaba553fa71d,2,"[2026-09-21T07:01:09.804Z] ERROR: AUDIT: event: users.deleted-user, type: user, id: 1, Error: Cannot delete the last pla",False,0.7900,none,2026-09-26T11:11:39.792771+00:00
flowfuse,1723749466_6a4dfd22bcb7ef494998dca4383695e93ba8a834,forge-unit,210,283,beddb5c535677582,2,[2026-09-21T07:05:55.976Z] ERROR: Error: Cannot find module '../../services/product.js',False,0.5800,module_resolution,2026-09-26T11:11:39.939700+00:00
flowfuse,1723749466_6a4dfd22bcb7ef494998dca4383695e93ba8a834,forge-unit,210,331,d71a819c2f67875b,2,[2026-09-21T07:05:56.610Z] ERROR: Failed to start: Error: Cannot find module '../../services/product.js',False,0.5700,module_resolution,2026-09-26T11:11:40.031933+00:00
flowfuse,1723749466_6a4dfd22bcb7ef494998dca4383695e93ba8a834,forge-unit,210,1275,fc9a107465dfccbf,10,[2026-09-21T07:06:09.723Z] ERROR: Failed to start: Error: Cannot find module '../../services/product.js',False,0.5300,module_resolution,2026-09-26T11:11:40.212754+00:00
flowfuse,1723749466_6a4dfd22bcb7ef494998dca4383695e93ba8a834,forge-unit,210,1310,8f60a0404aeaa072,9,[2026-09-21T07:06:10.162Z] ERROR: Failed to start: Error: Cannot find module '../../services/product.js',False,0.6400,module_resolution,2026-09-26T11:11:40.412420+00:00
flowfuse,1723749466_6a4dfd22bcb7ef494998dca4383695e93ba8a834,forge-unit,210,1380,acff8c13f33781c8,9,[2026-09-21T07:06:11.092Z] ERROR: Failed to start: Error: Cannot find module '../../services/product.js',False,0.6200,module_resolution,2026-09-26T11:11:40.481636+00:00
flowfuse,1723749466_6a4dfd22bcb7ef494998dca4383695e93ba8a834,forge-unit,210,1415,912fc7e1d3c24eb0,10,[2026-09-21T07:06:11.541Z] ERROR: Failed to start: Error: Cannot find module '../../services/product.js',False,0.6500,module_resolution,2026-09-26T11:11:40.660570+00:00
flowfuse,1723749466_6a4dfd22bcb7ef494998dca4383695e93ba8a834,forge-unit,210,1451,5d3da9b09ef4c731,10,[2026-09-21T07:06:11.996Z] ERROR: Failed to start: Error: Cannot find module '../../services/product.js',False,0.5700,module_resolution,2026-09-26T11:11:40.774208+00:00
flowfuse,1723749466_6a4dfd22bcb7ef494998dca4383695e93ba8a834,forge-unit,210,2663,f18f2ed45d4b4ca1,14,[2026-09-21T07:06:28.472Z] ERROR: Failed to start: Error: Cannot find module '../../services/product.js',False,0.5700,module_resolution,2026-09-26T11:11:40.979268+00:00
flowfuse,1723749466_6a4dfd22bcb7ef494998dca4383695e93ba8a834,forge-unit,210,3310,50e49b62c3c75d86,7,[2026-09-21T07:06:36.727Z] ERROR: Failed to start: Error: Cannot find module '../../services/product.js',False,0.5900,module_resolution,2026-09-26T11:11:41.115200+00:00
flowfuse,1723749466_6a4dfd22bcb7ef494998dca4383695e93ba8a834,forge-unit,210,3764,f75cde29a7893d3a,9,[2026-09-21T07:06:42.485Z] ERROR: Failed to start: Error: Cannot find module '../../services/product.js',False,0.6200,module_resolution,2026-09-26T11:11:41.269765+00:00
flowfuse,1723749466_6a4dfd22bcb7ef494998dca4383695e93ba8a834,forge-unit,210,4253,e64c58d7d18dd421,9,[2026-09-21T07:06:48.999Z] ERROR: Failed to start: Error: Cannot find module '../../services/product.js',False,0.5800,module_resolution,2026-09-26T11:11:41.382685+00:00
flowfuse,1723749466_6a4dfd22bcb7ef494998dca4383695e93ba8a834,forge-unit,210,4348,44dca06fb7b9b140,10,[2026-09-21T07:06:49.910Z] ERROR: Failed to start: Error: Cannot find module '../../services/product.js',False,0.6400,module_resolution,2026-09-26T11:11:41.650413+00:00
flowfuse,1723749466_6a4dfd22bcb7ef494998dca4383695e93ba8a834,forge-unit,210,4696,dffe71bbd2e344be,2,     Error: Cannot find module '../../services/product.js',False,0.5800,module_resolution,2026-09-26T11:11:41.698743+00:00
flowfuse,1723749466_6a4dfd22bcb7ef494998dca4383695e93ba8a834,forge-unit,210,5421,fdd23cd96dc4658b,11,     Error: Cannot find module '../../services/product.js',False,0.5600,module_resolution,2026-09-26T11:11:41.827885+00:00
flowfuse,1723749466_6a4dfd22bcb7ef494998dca4383695e93ba8a834,forge-unit,210,5487,025d9596902d151e,18,     Error: Cannot find module '../../services/product.js',False,0.5600,module_resolution,2026-09-26T11:11:42.043431+00:00
flowfuse,1723749466_6a4dfd22bcb7ef494998dca4383695e93ba8a834,forge-unit,210,5520,09b53d6bdef3ae4a,11,     Error: Cannot find module '../../services/product.js',False,0.5800,module_resolution,2026-09-26T11:11:42.151063+00:00
flowfuse,1723749466_6a4dfd22bcb7ef494998dca4383695e93ba8a834,forge-unit,210,5553,b4921f9dc6a6b0de,11,     Error: Cannot find module '../../services/product.js',False,0.5800,module_resolution,2026-09-26T11:11:42.328288+00:00
flowfuse,1723749466_6a4dfd22bcb7ef494998dca4383695e93ba8a834,forge-unit,210,7223,572f6f98a86c74e3,25,     Error: Cannot find module '../../services/product.js',False,0.6000,module_resolution,2026-09-26T11:11:42.593571+00:00
flowfuse,1723749466_6a4dfd22bcb7ef494998dca4383695e93ba8a834,forge-unit,210,6617,163f6ad464c8e09d,3,     Error: Cannot find module '../../services/product.js',False,0.5100,module_resolution,2026-09-26T11:11:42.651978+00:00
flowfuse,1723749466_6a4dfd22bcb7ef494998dca4383695e93ba8a834,system,12,8924,58ac670912ca46f0,12,[2026-09-21T07:07:28.041Z] ERROR: Failed to start: Error: Cannot find module '../../services/product.js',False,0.6200,module_resolution,2026-09-26T11:11:42.718155+00:00
flowfuse,1723751831_a905be1ff9749e8e3be5115e7d9c007480d45f8e,forge-unit,3,1915,509a65407e09f36d,6,[2026-09-08T22:58:02.563Z] ERROR: Failed to start: Error: ConnectionManager.getConnection was called after the connectio,False,0.5700,none,2026-09-26T11:11:42.942604+00:00
flowfuse,1723751831_a905be1ff9749e8e3be5115e7d9c007480d45f8e,forge-unit,3,2344,7c484b076c35a933,347,"[2026-09-08T22:59:13.447Z] ERROR: AUDIT: event: user.updated-password, type: user, id: 5, password change failed",False,0.7900,none,2026-09-26T11:11:43.070382+00:00
flowfuse,1723751831_a905be1ff9749e8e3be5115e7d9c007480d45f8e,forge-unit,3,2350,db84cae30a236ba2,348,"[2026-09-08T22:59:15.663Z] ERROR: AUDIT: event: user.deleted, type: user, id: 39, Error: Team BTeam which is being delet",False,0.8400,none,2026-09-26T11:11:43.166903+00:00
flowfuse,1723751831_a905be1ff9749e8e3be5115e7d9c007480d45f8e,forge-unit,3,2414,656803551b17e7d8,11,"[2026-09-08T22:59:23.862Z] ERROR: AUDIT: event: users.updated-user, type: user, id: 1, Error: Invalid username",False,0.8000,none,2026-09-26T11:11:43.393213+00:00
flowfuse,1723818214_4817197722257004f27c7e4b12ef883e0aa6502c,forge-unit,210,1751,dc835c1576ae3253,4,[2026-09-11T13:06:26.696Z] ERROR: Failed to start: Error: You must pass your PostHog project's api key.,True,0.7200,runner_env_config,2026-09-26T11:11:43.519731+00:00
flowfuse,1723818214_4817197722257004f27c7e4b12ef883e0aa6502c,forge-unit,210,3810,45de52ad7e06bbe3,1,[2026-09-11T13:06:29.148Z] ERROR: Failed to start: Error: You must pass your PostHog project's api key.,True,0.7000,runner_env_config,2026-09-26T11:11:43.710113+00:00
flowfuse,1724769025_d8c452cc28367bfd98b8ba20a324a9d8dee35f3c,forge-unit,1,2348,aeb07aa0a82747ef,92,"[2026-09-10T10:28:49.368Z] ERROR: AUDIT: event: user.updated-password, type: user, id: 5, password change failed",False,0.7300,none,2026-09-26T11:11:43.849781+00:00
flowfuse,1724769025_d8c452cc28367bfd98b8ba20a324a9d8dee35f3c,forge-unit,1,2355,2b1c0b4c6e532cb1,71,"[2026-09-10T10:28:52.479Z] ERROR: AUDIT: event: user.deleted, type: user, id: 50, Error: Team nabooTeam which is being d",False,0.7400,none,2026-09-26T11:11:43.975213+00:00
flowfuse,1724769025_d8c452cc28367bfd98b8ba20a324a9d8dee35f3c,forge-unit,1,2433,9db9f940eab1501b,463,"[2026-09-10T10:28:59.519Z] ERROR: AUDIT: event: users.updated-user, type: user, id: 1, Error: Invalid username",False,0.8000,none,2026-09-26T11:11:44.073286+00:00
flowfuse,1724769025_d8c452cc28367bfd98b8ba20a324a9d8dee35f3c,forge-unit,1,2618,013cfed7e969ec13,20,     AssertionError: expected Array [] to have property length of 1 (got 0),False,0.8400,none,2026-09-26T11:11:44.268108+00:00
flowfuse,1724772074_ad334ac02230e9d268fb7b6f4342dc9bf843acfa,forge-unit,1,1293,83a783d2e3b49d43,1,[2026-09-21T02:49:27.010Z] ERROR: Failed to start project 27c3563d-0ffb-4ce1-ae18-6afdbf17e5bc: TypeError: Cannot read p,False,0.7700,none,2026-09-26T11:11:44.388815+00:00
flowfuse,1724772074_ad334ac02230e9d268fb7b6f4342dc9bf843acfa,forge-unit,1,2417,1bcadba517ce097e,2,"[2026-09-21T02:51:52.233Z] ERROR: AUDIT: event: users.updated-user, type: user, id: 1, Error: Invalid username",False,0.7900,false_positive,2026-09-26T11:11:44.540979+00:00
flowfuse,1724772074_ad334ac02230e9d268fb7b6f4342dc9bf843acfa,forge-unit,1,2423,1d4d444ad1495981,4,"[2026-09-21T02:51:52.369Z] ERROR: AUDIT: event: users.deleted-user, type: user, id: 3, Error: Team CTeam which is being ",False,0.8100,none,2026-09-26T11:11:44.726389+00:00
flowfuse,1725532761_94863681c97c604bd56e5a80a804e6ee5f4da1c3,forge-unit,94,1437,e14327505b292a31,9,[2026-09-15T23:18:04.307Z] ERROR: Failed to start: SyntaxError: Unexpected token '<<',True,0.6700,none,2026-09-26T11:11:44.824995+00:00
flowfuse,1725532761_94863681c97c604bd56e5a80a804e6ee5f4da1c3,forge-unit,94,1599,2da42fd758823949,1,[2026-09-15T23:18:08.666Z] ERROR: Failed to start: SyntaxError: Unexpected token '<<',True,0.6600,none,2026-09-26T11:11:45.010422+00:00
flowfuse,1725532761_94863681c97c604bd56e5a80a804e6ee5f4da1c3,forge-unit,94,1666,615776894835c87a,11,[2026-09-15T23:18:10.548Z] ERROR: Failed to start: SyntaxError: Unexpected token '<<',True,0.6200,none,2026-09-26T11:11:45.220760+00:00
flowfuse,1725532761_94863681c97c604bd56e5a80a804e6ee5f4da1c3,forge-unit,94,1874,8465d0f660a49c85,9,[2026-09-15T23:18:16.457Z] ERROR: Failed to start: SyntaxError: Unexpected token '<<',True,0.6400,none,2026-09-26T11:11:45.318742+00:00
flowfuse,1725532761_94863681c97c604bd56e5a80a804e6ee5f4da1c3,forge-unit,94,2020,dafcdae7a532bb90,9,[2026-09-15T23:18:20.753Z] ERROR: Failed to start: SyntaxError: Unexpected token '<<',True,0.5700,none,2026-09-26T11:11:45.433630+00:00
flowfuse,1725532761_94863681c97c604bd56e5a80a804e6ee5f4da1c3,forge-unit,94,2932,aeb1c58495ac4930,1,SyntaxError: Unexpected token '<<',True,0.5500,none,2026-09-26T11:11:45.574140+00:00
flowfuse,1725532761_94863681c97c604bd56e5a80a804e6ee5f4da1c3,forge-unit,94,4155,a4c3488455dbe00f,40,     TypeError: Cannot read properties of undefined (reading 'close'),True,0.6500,node_runtime_syntax,2026-09-26T11:11:45.766395+00:00
flowfuse,1725532761_94863681c97c604bd56e5a80a804e6ee5f4da1c3,forge-unit,94,4483,8e4b55bc6e05bd3c,21,     TypeError: Cannot read properties of undefined (reading 'close'),True,0.6200,none,2026-09-26T11:11:45.862842+00:00
flowfuse,1725533560_82d09961362f38f9b9668b020f97556c5ac825e3,system,2,3312,3c15466917417fe7,1,[2026-09-09T23:00:32.855Z] ERROR: Error running task 'licenseOverage: SequelizeDatabaseError: SQLITE_MISUSE: Database ha,False,0.5900,none,2026-09-26T11:11:46.040829+00:00
flowfuse,1725612769_ccb818695b475935acb3ab7651257f725f5ec2ee,forge-unit,1,353,84abf7e966262ecf,1,"[2026-09-10T19:15:10.186Z] ERROR: AUDIT: event: project.start-failed, type: project, id: 2f61d75d-e9e5-40d9-a38a-5e3f432",False,0.6600,false_positive,2026-09-26T11:11:46.163088+00:00
flowfuse,1726151062_8f62b7f75a3dde8289197ab7e1770607a26b4fa4,forge-unit,1,2416,1945591d085a8271,4,"[2026-09-14T20:58:02.130Z] ERROR: AUDIT: event: user.deleted, type: user, id: 39, Error: Team BTeam which is being delet",False,0.8300,none,2026-09-26T11:11:46.392429+00:00
flowfuse,1726214053_f761cc8eeb0a3bf24a6a0cc2dfa13f15e20f5450,forge-unit,1,2484,cb9c65bda14ab98d,3,"[2026-09-16T05:28:20.818Z] ERROR: AUDIT: event: users.updated-user, type: user, id: 1, Error: Invalid username",False,0.8100,false_positive,2026-09-26T11:11:46.462076+00:00
flowfuse,1726214053_f761cc8eeb0a3bf24a6a0cc2dfa13f15e20f5450,forge-unit,1,2491,3d29f94e887db825,2,"[2026-09-16T05:28:20.949Z] ERROR: AUDIT: event: users.deleted-user, type: user, id: 3, Error: Team CTeam which is being ",False,0.8100,none,2026-09-26T11:11:46.649222+00:00
flowfuse,1726214550_c4a076a74bc1dca20596b27255ed04865da2e318,forge-unit,1,2420,43a5510970fcc2fe,17,"[2026-09-21T09:21:48.645Z] ERROR: AUDIT: event: user.deleted, type: user, id: 50, Error: Team nabooTeam which is being d",False,0.8400,none,2026-09-26T11:11:46.927383+00:00
flowfuse,1726218372_6f4ad27df541ee984a9414790f66c5ea3708abda,forge-unit,1,1319,d19a83b1d4613266,1,[2026-09-21T14:31:18.109Z] ERROR: Failed to start project 4a731c44-f2c7-49b0-83fc-852987cf5bfc: TypeError: Cannot read p,False,0.8000,none,2026-09-26T11:11:47.059808+00:00
flowfuse,1726218634_a08c5b384ab643888b6fe7cd7eb480a45f3c9e16,forge-unit,1,2416,ed633ced725c5d1e,39,"[2026-09-12T11:05:07.063Z] ERROR: AUDIT: event: user.deleted, type: user, id: 39, Error: Team BTeam which is being delet",False,0.8300,none,2026-09-26T11:11:47.239436+00:00
flowfuse,1726481676_5d2198dce51c5e8fbb1e76c47209debc1263b03f,forge-unit,1,1318,7e420a16aebaefee,1,[2026-09-10T09:10:29.027Z] ERROR: Failed to start project 9b1de65b-705e-4dff-a094-fac1d549459e: TypeError: Cannot read p,False,0.7900,none,2026-09-26T11:11:47.372325+00:00
flowfuse,1726214053_f761cc8eeb0a3bf24a6a0cc2dfa13f15e20f5450,forge-unit,1,2609,7d7ca63c5ef5e225,1,"[2026-09-16T05:28:33.620Z] ERROR: AUDIT: event: project.start-failed, type: project, id: e775053a-00ad-4f1c-abce-45e2738",False,0.6800,false_positive,2026-09-26T11:11:47.521978+00:00
flowfuse,1726482407_230b951e98cd2726c2172d23749025d11feb9b33,forge-unit,1,2555,391b75a6466bfe14,52,"[2026-09-09T18:53:38.554Z] ERROR: AUDIT: event: account.reset-password, type: user, Password reset failed",False,0.7400,false_positive,2026-09-26T11:11:47.535345+00:00
flowfuse,1726482890_8c826848446569789b85750c35b74c886e692086,forge-unit,1,2234,5b6b4958bb003a3b,1,"[2026-09-13T07:49:47.857Z] ERROR: AUDIT: event: platform.team.created, type: platform, Error: license limit reached",False,0.6800,none,2026-09-26T11:11:47.702698+00:00
flowfuse,1726652253_2ffbf31f0a59ffcc7cb188f4d05c53311ac39d46,forge-unit,12,363,21cc25e0ef63a608,8,"[2026-09-13T19:33:52.076Z] ERROR: AUDIT: event: project.start-failed, type: project, id: 89670ea3-a7d7-496a-a612-508253c",False,0.6500,none,2026-09-26T11:11:47.817425+00:00
flowfuse,1726652253_2ffbf31f0a59ffcc7cb188f4d05c53311ac39d46,forge-unit,12,1301,1a0d0d036b99e63f,1,[2026-09-13T19:36:10.774Z] ERROR: Failed to start project 55490720-10b5-4714-af09-80ee99aa65d0: TypeError: Cannot read p,False,0.7800,none,2026-09-26T11:11:48.035288+00:00
flowfuse,1726652284_dd829f1bf8291a7d6b15eefa98c6e268d4805f43,forge-unit,113,295,ac7d87aaddc28ad6,7,    24) Provides a logger for device start failed action,False,0.7500,none,2026-09-26T11:11:48.111424+00:00
flowfuse,1726652284_dd829f1bf8291a7d6b15eefa98c6e268d4805f43,forge-unit,113,413,2d2a845803be791c,7,    99) Provides a logger for a failed login attempt,False,0.7300,false_positive,2026-09-26T11:11:48.283332+00:00
flowfuse,1726652284_dd829f1bf8291a7d6b15eefa98c6e268d4805f43,forge-unit,113,3973,ca48ff29aab16177,1,"    error: Object { code: 'something_happened', message: 'Project start failed' }",False,0.9000,none,2026-09-26T11:11:48.429732+00:00
flowfuse,1726652329_918f0a2a206f616a6ab0c21ec69ce8200f51e18a,forge-unit,113,3973,f1489429a8a72784,1,"    error: Object { code: 'something_happened', message: 'Project start failed' }",False,0.8900,none,2026-09-26T11:11:48.597762+00:00
flowfuse,1726652548_e6aae185c0453a69a015f58a46475da9bf545ce6,forge-unit,113,2547,0c9c0afa0334b441,1,"[2026-09-10T13:01:15.443Z] ERROR: AUDIT: event: account.reset-password, type: user, Password reset failed",False,0.7000,false_positive,2026-09-26T11:11:48.729159+00:00
flowfuse,1726652548_e6aae185c0453a69a015f58a46475da9bf545ce6,forge-unit,113,3973,3758eec4b85a8e6d,1,"    error: Object { code: 'something_happened', message: 'Project start failed' }",False,0.9000,none,2026-09-26T11:11:48.852330+00:00
flowfuse,1726652609_536b9219228cae80442de6dbd3d6aa182ca86c16,forge-unit,114,1303,957c409e63fd0fa4,12,[2026-09-13T19:42:44.573Z] ERROR: Failed to start project 5925d60a-1daf-4d40-a549-ca34b1d7d63d: TypeError: Cannot read p,False,0.7800,none,2026-09-26T11:11:49.042400+00:00
flowfuse,1726652609_536b9219228cae80442de6dbd3d6aa182ca86c16,forge-unit,114,3986,28c2714700bdbeb4,1,"    error: Object { code: 'something_happened', message: 'Project start failed' }",False,0.9000,none,2026-09-26T11:11:49.201954+00:00
flowfuse,1726652609_536b9219228cae80442de6dbd3d6aa182ca86c16,forge-unit,114,6020,2cd6cdce5ac35180,10,     AssertionError: expected Object {,False,0.9100,none,2026-09-26T11:11:49.298937+00:00
flowfuse,1726657668_2c444cb222378b1caae3f57ff6886468f1b3dc49,forge-unit,113,1298,eee2b4e1714567bd,1,[2026-09-11T04:07:08.390Z] ERROR: Failed to start project badda631-0979-4ade-8942-462e6d60dd73: TypeError: Cannot read p,False,0.7700,none,2026-09-26T11:11:49.537165+00:00
flowfuse,1726657668_2c444cb222378b1caae3f57ff6886468f1b3dc49,forge-unit,113,3986,9e0174ed0f5cff14,1,"    error: Object { code: 'something_happened', message: 'Project start failed' }",False,0.8900,none,2026-09-26T11:11:49.620606+00:00
flowfuse,1726657700_1112e04236f4d466a333ff9b2a27c532e63a13eb,forge-unit,114,3989,106aa77244accca6,1,"    error: Object { code: 'something_happened', message: 'Project start failed' }",False,0.9000,none,2026-09-26T11:11:49.827570+00:00
flowfuse,1726657724_23b163f93bcb0e6defbd898226dc6cfed055dc78,forge-unit,113,351,8c3982d5797ad9bd,1,"[2026-09-13T15:23:50.064Z] ERROR: AUDIT: event: project.start-failed, type: project, id: fdfbe759-aa87-4767-9ef6-fc518f4",False,0.6500,false_positive,2026-09-26T11:11:49.944068+00:00
flowfuse,1726657724_23b163f93bcb0e6defbd898226dc6cfed055dc78,forge-unit,113,3989,9bdfd13e6649a987,1,"    error: Object { code: 'something_happened', message: 'Project start failed' }",False,0.8900,none,2026-09-26T11:11:50.094069+00:00
flowfuse,1726661398_83ffcd3c1c9992075ef66291c7baddf6d9585805,forge-unit,13,349,6117ad6a46c1e742,2,"[2026-09-16T00:17:24.735Z] ERROR: AUDIT: event: project.start-failed, type: project, id: 544d8310-c778-41d3-a910-16f52d5",False,0.6800,false_positive,2026-09-26T11:11:50.223465+00:00
flowfuse,1726833651_0b421a4634827f0d801b452ab212cfa7996040e0,forge-unit,1,2666,10fd3ce540272c3a,1,"[2026-09-21T11:21:11.131Z] ERROR: AUDIT: event: project.start-failed, type: project, id: 9f37611d-e27e-44b7-ad57-2269233",False,0.6200,none,2026-09-26T11:11:50.528708+00:00
flowfuse,1726835718_5f875e59bb793cc1596e75f0d3180f5f9ffc68bd,forge-unit,1,1327,253bfe259880ac8b,444,[2026-09-11T14:30:49.161Z] ERROR: Failed to start project 676e5258-d0fe-4201-8a05-6cfbff968443: TypeError: Cannot read p,False,0.8000,none,2026-09-26T11:11:50.737481+00:00
flowfuse,1726835718_5f875e59bb793cc1596e75f0d3180f5f9ffc68bd,forge-unit,1,2720,3cc44982650fae9a,1,      AssertionError: expected 'project.snapshot.created' to be 'flows.set',False,0.9100,none,2026-09-26T11:11:50.868659+00:00
flowfuse,1726661523_728f0286eee82e52c4a83c6910ffd00f059e89e6,forge-unit,13,2563,6d549574e006c288,3,"[2026-09-21T14:10:38.061Z] ERROR: AUDIT: event: account.reset-password, type: user, Password reset failed",False,0.7100,false_positive,2026-09-26T11:11:51.094923+00:00
flowfuse,1727085350_d6a6f44a604cbfb0b43b9fd40dd53bc2247f4158,forge-unit,1,1330,5c3527c20c639662,1,[2026-09-16T04:53:30.926Z] ERROR: Failed to start project 68c63cf0-467b-469f-bdfe-778598e5a995: TypeError: Cannot read p,False,0.7900,none,2026-09-26T11:11:51.131824+00:00
flowfuse,1727082054_d24ccba1fdabaa5dade3e93630a55f20d0b3a1d8,forge-unit,2,2704,5236e80f4c734f4a,9,"     AssertionError: expected Object { wanted: undefined, current: undefined } to have property semver",False,0.8800,none,2026-09-26T11:11:51.148929+00:00
flowfuse,1727701228_ce4264583cbfcc34643f314c6f778d1f17e56912,forge-unit,1,1899,2bbd8f661f5a3690,5,          Error: Name can only be changed when suspended,False,0.8900,none,2026-09-26T11:11:51.317833+00:00
flowfuse,1727701228_ce4264583cbfcc34643f314c6f778d1f17e56912,forge-unit,1,2530,77ead6b38abd1459,3,"[2026-09-11T10:14:54.610Z] ERROR: AUDIT: event: users.updated-user, type: user, id: 1, Error: Invalid username",False,0.7700,false_positive,2026-09-26T11:11:51.435644+00:00
flowfuse,1727707729_25df4cddcdc363dcaee5ebb0f09f8dafc63efe28,forge-unit,3,2462,fe11779c2409ff4b,4,"[2026-09-13T17:16:30.559Z] ERROR: AUDIT: event: user.deleted, type: user, id: 50, Error: Team nabooTeam which is being d",False,0.8100,none,2026-09-26T11:11:51.614290+00:00
flowfuse,1727710098_d22c14c7668346ab5b8a2d62205469c0dd974f87,forge-unit,1,2724,b21c74f9fc818c0b,6,      AssertionError: expected 200 to be 500,False,0.9000,none,2026-09-26T11:11:51.732547+00:00
flowfuse,1728037013_88f8650b3bc805806f15ab54ed984e579e7c89b6,forge-unit,2,2488,89282aba88c08007,1,          TypeError: app.db.models.Notification.markNotificationsAsRead is not a function,False,0.8800,none,2026-09-26T11:11:51.887769+00:00
flowfuse,1728037020_fb3d2a04704226d58417af5fdc6971c54f049f48,forge-unit,2,2488,ec4957baa4c32825,1,          TypeError: app.db.models.Notification.updateNotificationsState is not a function,False,0.8700,none,2026-09-26T11:11:52.012271+00:00
flowfuse,1728553355_fd8bf2c74ba06171f0571126a443a29edcf21a8b,forge-unit,1,2732,a1863db00c693657,36,     AssertionError: expected Object { result: 'deny' } to have property result of 'allow' (got 'deny'),False,0.9000,none,2026-09-26T11:11:52.185075+00:00
flowfuse,1728557973_6a1f5fd9dafd170d4569e3bcc26f86a7f0d041f7,forge-unit,1,2338,4f1fbf7a9bd40acb,2,"[2026-09-09T19:57:29.779Z] ERROR: AUDIT: event: team.device.provisioning.created, type: team, id: 1, Error: Token name m",False,0.7800,none,2026-09-26T11:11:52.390558+00:00
flowfuse,1730481952_bacc9de6e36802a512c83ad17074b11c6cfa0d42,forge-unit,1,2384,b3240bca22636f4f,1,"[2026-09-08T19:35:56.756Z] ERROR: AUDIT: event: platform.team.created, type: platform, Error: license limit reached",False,0.7200,none,2026-09-26T11:11:52.478667+00:00
flowfuse,1731321988_36e9769d70239a3a98fd4d1e411a5dd4e76e17ae,forge-unit,10,2866,78e51f7cd3c064a8,11,"     AssertionError: expected Object { entityType: 'team', entityId: '1' } to have property entityId of 1 (got '1')",False,0.9200,none,2026-09-26T11:11:52.637397+00:00
flowfuse,1731321988_36e9769d70239a3a98fd4d1e411a5dd4e76e17ae,forge-unit,10,2877,d7de794f91d7b276,1,"      AssertionError: expected Array [ '1', '2' ] to equal Array [ 1, 2 ] (at '0', A has '1' and B has 1)",False,0.9200,none,2026-09-26T11:11:52.830027+00:00
flowfuse,1731321988_36e9769d70239a3a98fd4d1e411a5dd4e76e17ae,forge-unit,10,2897,c1483a8f21751ed3,1,"      AssertionError: expected Array [ '1', '2', '3', '4', '5', '6', '7', '8', '9', '10', '11', '12' ] to equal Array [ ",False,0.9100,none,2026-09-26T11:11:52.947022+00:00
flowfuse,1731321988_36e9769d70239a3a98fd4d1e411a5dd4e76e17ae,forge-unit,10,2997,6bb3d8bf4508073b,1,"      AssertionError: expected Array [ '5', '6' ] to equal Array [ 5, 6 ] (at '0', A has '5' and B has 5)",False,0.9100,none,2026-09-26T11:11:53.128626+00:00
flowfuse,1731491293_4e9e5d3ec1a02b5ab9f1a4c26bdb6c786f2ce824,forge-unit,1,1708,16d9d7bc6481e13b,1,          TypeError: Cannot read properties of undefined (reading 'addUsedTopic'),False,0.8400,none,2026-09-26T11:11:53.225750+00:00
flowfuse,1731510079_4d807ceab9c1a38748f6fac20e9100193fa1239d,forge-unit,246,328,b57c8486df1199d1,2,[2026-09-11T16:39:20.449Z] ERROR: Failed to start: SyntaxError: Unexpected token 'else',True,0.5200,node_runtime_syntax,2026-09-26T11:11:53.402621+00:00
flowfuse,1731510079_4d807ceab9c1a38748f6fac20e9100193fa1239d,forge-unit,246,948,b5f9e3772bab1d78,6,[2026-09-11T16:39:35.565Z] ERROR: Failed to start: SyntaxError: Unexpected token 'else',True,0.5200,node_runtime_syntax,2026-09-26T11:11:53.541994+00:00
flowfuse,1731510079_4d807ceab9c1a38748f6fac20e9100193fa1239d,forge-unit,246,1040,715d660f9a0af257,7,[2026-09-11T16:39:37.697Z] ERROR: Failed to start: SyntaxError: Unexpected token 'else',True,0.5000,node_runtime_syntax,2026-09-26T11:11:53.679763+00:00
flowfuse,1731510079_4d807ceab9c1a38748f6fac20e9100193fa1239d,forge-unit,246,1064,93f8faa51468e1ee,2,[2026-09-11T16:39:38.216Z] ERROR: Failed to start: SyntaxError: Unexpected token 'else',True,0.5800,node_runtime_syntax,2026-09-26T11:11:53.852887+00:00
flowfuse,1731510079_4d807ceab9c1a38748f6fac20e9100193fa1239d,forge-unit,246,1897,6190ed737ee89fb1,8,[2026-09-11T16:39:57.928Z] ERROR: Failed to start: SyntaxError: Unexpected token 'else',True,0.5900,node_runtime_syntax,2026-09-26T11:11:53.979043+00:00
flowfuse,1731510079_4d807ceab9c1a38748f6fac20e9100193fa1239d,forge-unit,246,2358,5a487f0c47469cc1,6,[2026-09-11T16:40:08.727Z] ERROR: Failed to start: SyntaxError: Unexpected token 'else',True,0.6400,node_runtime_syntax,2026-09-26T11:11:54.138622+00:00
flowfuse,1731510079_4d807ceab9c1a38748f6fac20e9100193fa1239d,forge-unit,246,2380,31d07dd1ef3a5a2a,8,[2026-09-11T16:40:09.225Z] ERROR: Failed to start: SyntaxError: Unexpected token 'else',True,0.5500,node_runtime_syntax,2026-09-26T11:11:54.283850+00:00
flowfuse,1731510079_4d807ceab9c1a38748f6fac20e9100193fa1239d,forge-unit,246,2402,11ead84e69b30461,7,[2026-09-11T16:40:09.774Z] ERROR: Failed to start: SyntaxError: Unexpected token 'else',True,0.5600,node_runtime_syntax,2026-09-26T11:11:54.450890+00:00
flowfuse,1731510079_4d807ceab9c1a38748f6fac20e9100193fa1239d,forge-unit,246,2624,36042d8ca7bde138,7,[2026-09-11T16:40:15.208Z] ERROR: Failed to start: SyntaxError: Unexpected token 'else',True,0.5800,node_runtime_syntax,2026-09-26T11:11:54.575307+00:00
flowfuse,1731510079_4d807ceab9c1a38748f6fac20e9100193fa1239d,forge-unit,246,2647,6b2e7febac9dfa6b,7,[2026-09-11T16:40:15.744Z] ERROR: Failed to start: SyntaxError: Unexpected token 'else',True,0.5200,node_runtime_syntax,2026-09-26T11:11:54.804702+00:00
flowfuse,1731510079_4d807ceab9c1a38748f6fac20e9100193fa1239d,forge-unit,246,3174,b49b4966440814ff,7,[2026-09-11T16:40:27.968Z] ERROR: Failed to start: SyntaxError: Unexpected token 'else',True,0.5100,node_runtime_syntax,2026-09-26T11:11:54.867384+00:00
flowfuse,1731510079_4d807ceab9c1a38748f6fac20e9100193fa1239d,forge-unit,246,3461,1af6cfa469b6f476,2,SyntaxError: Unexpected token 'else',True,0.5000,node_runtime_syntax,2026-09-26T11:11:55.024638+00:00
flowfuse,1731510079_4d807ceab9c1a38748f6fac20e9100193fa1239d,forge-unit,246,4299,b65c23be81d9c440,8,     TypeError: Cannot read properties of undefined (reading 'close'),True,0.5800,node_runtime_syntax,2026-09-26T11:11:55.211177+00:00
flowfuse,1731929643_a7c1c60798634c14f69083d1775914bd09a4d98f,forge-unit,12,2983,5ff645f9a6cb3c0b,4,     TypeError: AuditLog.buildScopeClause is not a function,False,0.8800,none,2026-09-26T11:11:55.483570+00:00
flowfuse,1731510719_417bcedbcaa8d0c4d6da73b3906ab78dcf39b204,forge-unit,246,286,71d48098360850c2,3,"    4) ""after all"" hook for ""Provides a logger for device suspend failed action""",True,0.5600,node_runtime_syntax,2026-09-26T11:11:55.605216+00:00
flowfuse,1733478980_451a89579f667499f8e4e0f1b3fcde260514e6e2,forge-unit,1,2911,e825f923b6b61e82,33,      AssertionError: expected 0 to be 1,False,0.8900,none,2026-09-26T11:11:55.805382+00:00
flowfuse,1733413641_a1521dcc586ddd278fa97c9d915eb80b0d0e2212,forge-unit,1,2913,5be60449577dd7de,3,"     Error: Timeout of 10000ms exceeded. For async tests and hooks, ensure ""done()"" is called; if returning a Promise, e",False,0.7500,none,2026-09-26T11:11:55.842648+00:00
flowfuse,1733822767_acfb4a88e1fa048c17f2ed47e66b47135c4166c3,forge-unit,1,634,7cbf8facd8b94fa2,402,[2026-09-20T22:01:29.249Z] ERROR: Error running task 'licenseOverage: SequelizeDatabaseError: SQLITE_MISUSE: Database ha,False,0.6000,none,2026-09-26T11:11:55.896107+00:00
flowfuse,1733843381_e5ccd414f5e1a5da647c0814e2c4f71ed881f751,forge-unit,1,2507,6af9209f995b2242,1,"[2026-09-11T20:31:32.208Z] ERROR: AUDIT: event: team.device.provisioning.created, type: team, id: 1, Error: Token name m",False,0.7800,none,2026-09-26T11:11:56.115382+00:00
flowfuse,1734438611_e431d575d79b305008b565dc4da37753033d1bb4,forge-unit,250,308,7524536d888689af,2,[2026-09-15T15:42:26.342Z] ERROR: Failed to start: SyntaxError: Invalid or unexpected token,False,0.5700,node_runtime_syntax,2026-09-26T11:11:56.274971+00:00
flowfuse,1734438611_e431d575d79b305008b565dc4da37753033d1bb4,forge-unit,250,537,52212b807196b456,2,SyntaxError: Invalid or unexpected token,False,0.6800,none,2026-09-26T11:11:56.386146+00:00
flowfuse,1734438611_e431d575d79b305008b565dc4da37753033d1bb4,forge-unit,250,1128,67b1c14902a0c8e8,5,[2026-09-15T15:42:28.776Z] ERROR: Failed to start: SyntaxError: Invalid or unexpected token,False,0.5600,node_runtime_syntax,2026-09-26T11:11:56.532803+00:00
flowfuse,1734438611_e431d575d79b305008b565dc4da37753033d1bb4,forge-unit,250,3203,5cea0ab982b70178,5,[2026-09-15T15:42:35.592Z] ERROR: Failed to start: SyntaxError: Invalid or unexpected token,True,0.5000,node_runtime_syntax,2026-09-26T11:11:56.715064+00:00
flowfuse,1734439326_077ed9f91e47f8ca7cedd8e19381675d24c8f30b,forge-unit,250,1156,ec1750d9683febd7,4,[2026-09-20T11:33:14.231Z] ERROR: Failed to start: SyntaxError: Invalid or unexpected token,False,0.5800,node_runtime_syntax,2026-09-26T11:11:56.889128+00:00
flowfuse,1736941729_50e0dacacb45a64437e7721a3100eb2936f69f27,forge-unit,101,1472,c4af5e58eaf05872,1,[2026-09-11T15:04:02.215Z] ERROR: Failed to start: Error: Unrecognised scope requested: 'broker:topics:delete',False,0.7600,none,2026-09-26T11:11:57.071678+00:00
flowfuse,1737370166_bef7a04f4864c6412d5115a35ed31108fe580612,forge-unit,3,2528,0d4d76edf214d920,2,"[2026-09-15T09:13:34.641Z] ERROR: AUDIT: event: team.device.provisioning.created, type: team, id: 1, Error: Token name m",False,0.7900,none,2026-09-26T11:11:57.138064+00:00
flowfuse,1737379841_2e7f36bb242a804f5e21976939ef875971bcc802,forge-unit,6,1123,bcfe016f67b36b9f,11,          TypeError: Cannot read properties of undefined (reading 'map'),False,0.8600,none,2026-09-26T11:11:57.448166+00:00
flowfuse,1737379841_2e7f36bb242a804f5e21976939ef875971bcc802,forge-unit,6,1131,c039689bc80fdb22,8,          TypeError: Cannot read properties of undefined (reading 'map'),False,0.8500,none,2026-09-26T11:11:57.459208+00:00
flowfuse,1737379841_2e7f36bb242a804f5e21976939ef875971bcc802,forge-unit,6,1505,96645543cc818077,11,          TypeError: Cannot read properties of undefined (reading 'map'),False,0.8600,none,2026-09-26T11:11:57.619739+00:00
flowfuse,1737379841_2e7f36bb242a804f5e21976939ef875971bcc802,forge-unit,6,2079,05835a3de83f5478,3,          TypeError: Cannot read properties of undefined (reading 'map'),False,0.8700,none,2026-09-26T11:11:57.820446+00:00
flowfuse,1737379841_2e7f36bb242a804f5e21976939ef875971bcc802,forge-unit,6,2088,f6602b29032bae02,5,          TypeError: Cannot read properties of undefined (reading 'map'),False,0.8700,none,2026-09-26T11:11:57.934922+00:00
flowfuse,1737379841_2e7f36bb242a804f5e21976939ef875971bcc802,forge-unit,6,2098,f322dd5751ccfb21,6,          TypeError: Cannot read properties of undefined (reading 'map'),False,0.8600,none,2026-09-26T11:11:58.068010+00:00
flowfuse,1737379841_2e7f36bb242a804f5e21976939ef875971bcc802,forge-unit,6,2107,08916a845e3514a0,9,          TypeError: Cannot read properties of undefined (reading 'map'),False,0.8800,none,2026-09-26T11:11:58.164385+00:00
flowfuse,1737379841_2e7f36bb242a804f5e21976939ef875971bcc802,forge-unit,6,2141,563ca1bd0c6d7308,10,          TypeError: Cannot read properties of undefined (reading 'map'),False,0.8500,none,2026-09-26T11:11:58.436894+00:00
flowfuse,1737379841_2e7f36bb242a804f5e21976939ef875971bcc802,forge-unit,6,2154,381481e593e2929f,2,          TypeError: Cannot read properties of undefined (reading 'map'),False,0.8600,none,2026-09-26T11:11:58.517229+00:00
flowfuse,1737379841_2e7f36bb242a804f5e21976939ef875971bcc802,forge-unit,6,2242,0ca8f86052465d4a,11,          TypeError: Cannot read properties of undefined (reading 'map'),False,0.8500,none,2026-09-26T11:11:58.788250+00:00
flowfuse,1737379841_2e7f36bb242a804f5e21976939ef875971bcc802,forge-unit,6,2191,9097afbf932d3aaf,9,          TypeError: Cannot read properties of undefined (reading 'map'),False,0.8600,none,2026-09-26T11:11:58.914077+00:00
flowfuse,1737379841_2e7f36bb242a804f5e21976939ef875971bcc802,forge-unit,6,3088,1c7cf9aa1d184cae,11,"        message: 'Error: WHERE parameter ""id"" has invalid ""undefined"" value'",False,0.8300,none,2026-09-26T11:11:58.942201+00:00
flowfuse,1737380000_a40fd06a5fd39909144e789d230b7359080a2690,forge-unit,6,2155,a348fc7e6615efbd,8,          TypeError: Cannot read properties of undefined (reading 'map'),False,0.8600,none,2026-09-26T11:11:59.108228+00:00
flowfuse,1737380000_a40fd06a5fd39909144e789d230b7359080a2690,forge-unit,6,2763,39f0512ba5f7491d,2,"[2026-09-08T21:20:46.668Z] ERROR: AUDIT: event: user.deleted, type: user, id: 26, Error: Cannot delete the last platform",False,0.8000,none,2026-09-26T11:11:59.393314+00:00
flowfuse,1737380000_a40fd06a5fd39909144e789d230b7359080a2690,forge-unit,6,2757,331690c4141a87b2,5,"[2026-09-08T21:20:45.053Z] ERROR: AUDIT: event: user.updated-password, type: user, id: 5, password change failed",False,0.7900,false_positive,2026-09-26T11:11:59.458969+00:00
flowfuse,1737385115_f0dbb10582c9b2bd1d379b9d5132b6ccb4045b17,forge-unit,6,1119,7d6f8e91a79fdace,3,          TypeError: Cannot read properties of undefined (reading 'map'),False,0.8700,none,2026-09-26T11:11:59.626221+00:00
flowfuse,1737385115_f0dbb10582c9b2bd1d379b9d5132b6ccb4045b17,forge-unit,6,1128,a53faebb2989ebcf,3,          TypeError: Cannot read properties of undefined (reading 'map'),False,0.8600,none,2026-09-26T11:11:59.730236+00:00
flowfuse,1737390424_5b7a94c8314b022cc298a003170cd6471131f4ae,forge-unit,6,2088,7ac0c5ae822091b8,1,          TypeError: Cannot read properties of undefined (reading 'map'),False,0.8700,none,2026-09-26T11:11:59.880345+00:00
flowfuse,1737390424_5b7a94c8314b022cc298a003170cd6471131f4ae,forge-unit,6,2097,28bde13844d8bba4,3,          TypeError: Cannot read properties of undefined (reading 'map'),False,0.8700,none,2026-09-26T11:12:00.050201+00:00
flowfuse,1737390424_5b7a94c8314b022cc298a003170cd6471131f4ae,forge-unit,6,2106,320c1da555f96314,2,          TypeError: Cannot read properties of undefined (reading 'map'),False,0.8700,none,2026-09-26T11:12:00.150258+00:00
flowfuse,1737390474_a8c730c76b825bacd9e1e69b9c23450c1d5774c9,forge-unit,6,2141,b9de2754764a8bc4,1,          TypeError: Cannot read properties of undefined (reading 'map'),False,0.8400,none,2026-09-26T11:12:00.319429+00:00
flowfuse,1737390474_a8c730c76b825bacd9e1e69b9c23450c1d5774c9,forge-unit,6,2150,8eff0f04e4824de3,1,          TypeError: Cannot read properties of undefined (reading 'map'),False,0.8500,none,2026-09-26T11:12:00.453232+00:00
flowfuse,1737391609_3bddd82e803bd92ba6ae71bbb4e4d7fde3a42af8,forge-unit,6,2081,bf554e45e57dc702,2,          TypeError: Cannot read properties of undefined (reading 'map'),False,0.8700,none,2026-09-26T11:12:00.615216+00:00
flowfuse,1737392279_8468ac0e60289a83c3f09fda6af4ead2b4b2e45d,forge-unit,6,2078,3f6c65fb7a88826b,1,          TypeError: Cannot read properties of undefined (reading 'map'),False,0.8700,none,2026-09-26T11:12:00.791704+00:00
flowfuse,1737392279_8468ac0e60289a83c3f09fda6af4ead2b4b2e45d,forge-unit,6,2182,59cf5fdc505c20f6,1,          TypeError: Cannot read properties of undefined (reading 'map'),False,0.8400,none,2026-09-26T11:12:00.884348+00:00
flowfuse,1737395999_4ddf24e121061a98e1bd41c2fc8cd0c9b1ee6841,forge-unit,6,2181,616c33ed4ae000ec,1,          TypeError: Cannot read properties of undefined (reading 'map'),False,0.8400,none,2026-09-26T11:12:01.006347+00:00
flowfuse,1737477462_cf5374c4d6a750319e2b62ac54478af963f56b6b,forge-unit,1,2514,0ad85bec812d20f0,2,"[2026-09-16T08:40:07.740Z] ERROR: AUDIT: event: team.device.provisioning.created, type: team, id: 1, Error: Token name m",False,0.7700,none,2026-09-26T11:12:01.199634+00:00
flowfuse,1737994933_021fa19db52e753a53d6369f735ba5169fe5a7d7,forge-unit,3,2932,2e3f69a87e0656be,29,     TypeError: Cannot read properties of undefined (reading 'refreshAuthTokens'),False,0.8400,none,2026-09-26T11:12:01.366089+00:00
flowfuse,1738146040_7edf42c39d9af882ec366d3f4e3e2aaf5d14b8c1,forge-unit,4,1711,fdb0cbd87cf8b1ad,1,"[2026-09-22T02:55:13.020Z] ERROR: The serializer for the given status code failed {""reqId"":""req-4"",""statusCode"":500}",False,0.8400,none,2026-09-26T11:12:01.519972+00:00
flowfuse,1738146040_7edf42c39d9af882ec366d3f4e3e2aaf5d14b8c1,forge-unit,4,1741,b5879ad7d5dc8e10,1,          TypeError: Cannot read properties of null (reading 'update'),False,0.8400,none,2026-09-26T11:12:01.664720+00:00
flowfuse,1738230039_4099d6189eb0f8e6f1914e63dd361800418b4b62,forge-unit,1,1940,c2e5aa6714826dcd,1,          TypeError: Cannot read properties of undefined (reading 'map'),False,0.8300,none,2026-09-26T11:12:01.798079+00:00
flowfuse,1738682986_68053e1e8a4243fb7de60ea633c8062a0956456d,forge-unit,1,2549,495bc1c59166bab9,1,"[2026-09-15T07:02:03.487Z] ERROR: AUDIT: event: team.device.provisioning.created, type: team, id: 1, Error: Token name m",False,0.7800,none,2026-09-26T11:12:01.982411+00:00
flowfuse,1738762763_cdf00e2897a1a17fbd32c7dd253c040338734f39,forge-unit,2,631,5d5affb3ac1ada5c,8,[2026-09-10T16:40:37.962Z] ERROR: Error running task 'licenseOverage: Error: ConnectionManager.getConnection was called ,False,0.6000,none,2026-09-26T11:12:02.156208+00:00
flowfuse,1740590639_578dbc24f0ad1dd7771489eeba259ee1903150c2,forge-unit,1,2987,f15d9f9568a247a7,24,     ReferenceError: Roles is not defined,False,0.8300,none,2026-09-26T11:12:02.381834+00:00
flowfuse,1740590850_4143542cac233bb8395b2335cfa6478c8340b8fe,forge-unit,1,2573,a2ce27a87bda21a3,1,"[2026-09-12T04:17:40.277Z] ERROR: AUDIT: event: team.device.provisioning.created, type: team, id: 1, Error: Token name m",False,0.7900,none,2026-09-26T11:12:02.526194+00:00
flowfuse,1741094394_da8dce8d88e929e278a21cda8f4aa0d45c145e27,forge-unit,44,1390,45ee8d97c812b294,1,"Deploy failed, but response already sent PipelineControllerError: Error during deploy: TypeError: Cannot read properties",False,0.8100,none,2026-09-26T11:12:02.733008+00:00
flowfuse,1741094394_da8dce8d88e929e278a21cda8f4aa0d45c145e27,forge-unit,44,1396,799cd9ffed875f22,4,  [cause]: TypeError: Cannot read properties of undefined (reading 'getProperty'),False,0.7900,none,2026-09-26T11:12:02.913339+00:00
flowfuse,1741094394_da8dce8d88e929e278a21cda8f4aa0d45c145e27,forge-unit,44,1427,20db59eb73f42fc3,4,  [cause]: TypeError: Cannot read properties of undefined (reading 'getProperty'),False,0.8100,none,2026-09-26T11:12:03.096218+00:00
flowfuse,1740130427_16e018f33f7e23fc8c9cdc386389964c123cc02f,forge-unit,1,2614,1ef62543b5f08e4c,1,          TypeError: Cannot read properties of null (reading 'hashid'),False,0.8700,none,2026-09-26T11:12:03.181444+00:00
flowfuse,1741094394_da8dce8d88e929e278a21cda8f4aa0d45c145e27,forge-unit,44,1462,4d3eacb4563d0ed7,4,  [cause]: TypeError: Cannot read properties of undefined (reading 'getProperty'),False,0.8300,none,2026-09-26T11:12:03.192689+00:00
flowfuse,1741094394_da8dce8d88e929e278a21cda8f4aa0d45c145e27,forge-unit,44,1519,d2ab8dcdc7d6a072,1,  [cause]: TypeError: Cannot read properties of undefined (reading 'getProperty'),False,0.8000,none,2026-09-26T11:12:03.328532+00:00
flowfuse,1741259874_3d1f017616d077e51ec3d19098f6459cb71b517d,forge-unit,4,2838,88c5cb25dd1c9384,1,"[2026-09-08T16:52:35.733Z] ERROR: AUDIT: event: account.register, type: user, Error: license limit reached",False,0.7000,none,2026-09-26T11:12:03.510265+00:00
flowfuse,1741270379_c6bacb4ad09fdada0954f717ac60a18d7de82e99,forge-unit,2,1693,4424b843b8caf16b,1,Failed to log user scope audit event account.register Error: ConnectionManager.getConnection was called after the connec,False,0.6800,none,2026-09-26T11:12:03.614259+00:00
flowfuse,1741270532_6664259457faa197377bd98cbc17b1064637e703,forge-unit,1,2573,0e800b70a3a4c19e,1,"[2026-09-15T15:39:03.932Z] ERROR: AUDIT: event: team.device.provisioning.created, type: team, id: 1, Error: Token name m",False,0.7800,false_positive,2026-09-26T11:12:03.764399+00:00
flowfuse,1742493457_28cf0677d76d2a068d73bbfec06d9b80a445dba3,forge-unit,1,1773,a7f4488e369f814a,3,          TypeError: Cannot set properties of undefined (setting 'id'),False,0.8600,none,2026-09-26T11:12:03.907175+00:00
flowfuse,1743783192_42c3b9306971f8cd81ad78202219fcee076fda94,forge-unit,1,2622,9f643a41fa763aea,1,"[2026-09-10T03:39:05.986Z] ERROR: AUDIT: event: team.device.provisioning.created, type: team, id: 1, Error: Token name m",False,0.7800,none,2026-09-26T11:12:04.123433+00:00
flowfuse,1743783192_42c3b9306971f8cd81ad78202219fcee076fda94,forge-unit,1,2628,7940370c7517c804,1,"[2026-09-10T03:39:06.096Z] ERROR: AUDIT: event: team.device.provisioning.created, type: team, id: 1, Error: Invalid appl",False,0.7300,none,2026-09-26T11:12:04.191002+00:00
flowfuse,1743783215_2734d484d98e45c92ebbb0421e2426f9d6c1a019,forge-unit,1,2630,46b3565e5acdef4b,180,"[2026-09-22T03:30:49.047Z] ERROR: AUDIT: event: team.device.provisioning.updated, type: team, id: 1, Error: Invalid appl",False,0.7200,none,2026-09-26T11:12:04.554457+00:00
flowfuse,1743783215_2734d484d98e45c92ebbb0421e2426f9d6c1a019,forge-unit,1,2624,26bf9d985b762669,214,"[2026-09-22T03:30:48.921Z] ERROR: AUDIT: event: team.device.provisioning.created, type: team, id: 1, Error: Token name m",False,0.7600,none,2026-09-26T11:12:04.577617+00:00
flowfuse,1743783519_8d87abe8ba5bfdc9da4b31a68deecb497025f471,forge-unit,1,2623,72f92458f69a592e,11,"[2026-09-15T18:44:54.515Z] ERROR: AUDIT: event: team.device.provisioning.updated, type: team, id: 1, Error: Invalid appl",False,0.7600,none,2026-09-26T11:12:04.706415+00:00
flowfuse,1744210425_4e350d4b269bb05dda4a7fdbc97a34f451369291,forge-unit,116,1417,21d22d6eb8bfb88a,1,          TypeError: Cannot read properties of undefined (reading 'map'),False,0.8500,none,2026-09-26T11:12:04.828337+00:00
flowfuse,1744210425_4e350d4b269bb05dda4a7fdbc97a34f451369291,forge-unit,116,1741,444418f8ad71de37,1,          TypeError: Cannot read properties of undefined (reading 'map'),False,0.8300,none,2026-09-26T11:12:04.967338+00:00
flowfuse,1744210425_4e350d4b269bb05dda4a7fdbc97a34f451369291,forge-unit,116,1751,633f948e918a6ef5,1,          TypeError: Cannot read properties of undefined (reading 'map'),False,0.8400,none,2026-09-26T11:12:05.080545+00:00
flowfuse,1744210425_4e350d4b269bb05dda4a7fdbc97a34f451369291,forge-unit,116,1762,8e43f4cac05b03f6,1,          TypeError: Cannot read properties of undefined (reading 'map'),False,0.8500,none,2026-09-26T11:12:05.204418+00:00
flowfuse,1744210425_4e350d4b269bb05dda4a7fdbc97a34f451369291,forge-unit,116,1771,8c9c647e65551795,1,          TypeError: Cannot read properties of undefined (reading 'map'),False,0.8500,none,2026-09-26T11:12:05.405692+00:00
flowfuse,1744210425_4e350d4b269bb05dda4a7fdbc97a34f451369291,forge-unit,116,1781,d078d8cd78e2d864,1,          TypeError: Cannot read properties of undefined (reading 'map'),False,0.8400,none,2026-09-26T11:12:05.574913+00:00
flowfuse,1744210425_4e350d4b269bb05dda4a7fdbc97a34f451369291,forge-unit,116,1793,e7b5ea7aa7b60fa9,1,          TypeError: Cannot read properties of undefined (reading 'map'),False,0.8400,none,2026-09-26T11:12:05.749360+00:00
flowfuse,1744210425_4e350d4b269bb05dda4a7fdbc97a34f451369291,forge-unit,116,1802,53531a9ca3e859fb,1,          TypeError: Cannot read properties of undefined (reading 'map'),False,0.8500,none,2026-09-26T11:12:05.868327+00:00
flowfuse,1744210425_4e350d4b269bb05dda4a7fdbc97a34f451369291,forge-unit,116,3424,f99db81dad76b9fe,1,          TypeError: Cannot read properties of undefined (reading 'map'),False,0.8500,none,2026-09-26T11:12:06.020422+00:00
flowfuse,1744210425_4e350d4b269bb05dda4a7fdbc97a34f451369291,forge-unit,116,3466,2d1ad29f34a6b033,1,          TypeError: Cannot read properties of undefined (reading 'map'),False,0.8500,none,2026-09-26T11:12:06.119407+00:00
flowfuse,1744210425_4e350d4b269bb05dda4a7fdbc97a34f451369291,forge-unit,116,3492,f1fa994134df054b,1,          TypeError: Cannot read properties of undefined (reading 'map'),False,0.8500,none,2026-09-26T11:12:06.319638+00:00
flowfuse,1744210425_4e350d4b269bb05dda4a7fdbc97a34f451369291,forge-unit,116,3517,f47711b36c217d26,1,          TypeError: Cannot read properties of undefined (reading 'map'),False,0.8400,none,2026-09-26T11:12:06.510954+00:00
flowfuse,1744210425_4e350d4b269bb05dda4a7fdbc97a34f451369291,forge-unit,116,6467,830fc99cf494a89c,1,          TypeError: Cannot read properties of undefined (reading 'map'),False,0.8400,none,2026-09-26T11:12:06.594271+00:00
flowfuse,1744210425_4e350d4b269bb05dda4a7fdbc97a34f451369291,forge-unit,116,6533,2ba45c16536a7092,1,          TypeError: Cannot read properties of undefined (reading 'map'),False,0.8500,none,2026-09-26T11:12:06.758619+00:00
flowfuse,1744210425_4e350d4b269bb05dda4a7fdbc97a34f451369291,forge-unit,116,6576,7658aa490438281e,1,          TypeError: Cannot read properties of undefined (reading 'map'),False,0.8500,none,2026-09-26T11:12:06.932380+00:00
flowfuse,1744210425_4e350d4b269bb05dda4a7fdbc97a34f451369291,forge-unit,116,6618,a961349e67689825,1,          TypeError: Cannot read properties of undefined (reading 'map'),False,0.8400,none,2026-09-26T11:12:07.062989+00:00
flowfuse,1744210425_4e350d4b269bb05dda4a7fdbc97a34f451369291,forge-unit,116,10856,6eab926b1d022a8c,3,          TypeError: Cannot read properties of undefined (reading 'map'),False,0.8500,none,2026-09-26T11:12:07.217357+00:00
flowfuse,1744210425_4e350d4b269bb05dda4a7fdbc97a34f451369291,forge-unit,116,10890,9d219b36a743b7c2,1,          TypeError: Cannot read properties of undefined (reading 'map'),False,0.8500,none,2026-09-26T11:12:07.337018+00:00
flowfuse,1744210425_4e350d4b269bb05dda4a7fdbc97a34f451369291,forge-unit,116,13468,d3594dbdc8fb754a,3,          TypeError: Cannot read properties of undefined (reading 'map'),False,0.8500,none,2026-09-26T11:12:07.514895+00:00
flowfuse,1744210425_4e350d4b269bb05dda4a7fdbc97a34f451369291,forge-unit,116,13509,c36a6df46efaaa40,1,          TypeError: Cannot read properties of undefined (reading 'map'),False,0.8400,none,2026-09-26T11:12:07.653594+00:00
flowfuse,1744210425_4e350d4b269bb05dda4a7fdbc97a34f451369291,forge-unit,116,13535,ee9eea73e029eab6,1,          TypeError: Cannot read properties of undefined (reading 'map'),False,0.8400,none,2026-09-26T11:12:07.876953+00:00
flowfuse,1744210425_4e350d4b269bb05dda4a7fdbc97a34f451369291,forge-unit,116,16451,8762c905c7c2b5d1,1,          TypeError: Cannot read properties of undefined (reading 'map'),False,0.8600,none,2026-09-26T11:12:07.997118+00:00
flowfuse,1744210425_4e350d4b269bb05dda4a7fdbc97a34f451369291,forge-unit,116,19677,7f9826e8f09583f6,1,          TypeError: Cannot read properties of undefined (reading 'map'),False,0.5500,none,2026-09-26T11:12:08.134107+00:00
flowfuse,1744210425_4e350d4b269bb05dda4a7fdbc97a34f451369291,forge-unit,116,19754,fe4e29f3d8c2f7b9,3,[2026-09-13T23:05:05.614Z] ERROR: Failed to start: SequelizeDatabaseError: SQLITE_ERROR: no such table: MetaVersions,True,0.5700,none,2026-09-26T11:12:08.249626+00:00
flowfuse,1744210425_4e350d4b269bb05dda4a7fdbc97a34f451369291,forge-unit,116,19767,1ac505d103195cee,4,[2026-09-13T23:05:05.616Z] ERROR: Failed to start: SequelizeDatabaseError: SQLITE_ERROR: no such table: MetaVersions,True,0.5700,none,2026-09-26T11:12:08.478592+00:00
flowfuse,1744210425_4e350d4b269bb05dda4a7fdbc97a34f451369291,forge-unit,116,19841,081f7f4e1568e308,3,[2026-09-13T23:05:05.721Z] ERROR: Failed to start: SequelizeDatabaseError: SQLITE_ERROR: no such table: MetaVersions,True,0.5500,none,2026-09-26T11:12:08.543098+00:00
flowfuse,1744210425_4e350d4b269bb05dda4a7fdbc97a34f451369291,forge-unit,116,19863,633f9931125e8109,1,[2026-09-13T23:05:05.719Z] ERROR: Error: ConnectionManager.getConnection was called after the connection manager was clo,False,0.5800,none,2026-09-26T11:12:08.743057+00:00
flowfuse,1744210425_4e350d4b269bb05dda4a7fdbc97a34f451369291,forge-unit,116,19910,1155fd7a734c0fb5,3,[2026-09-13T23:05:05.773Z] ERROR: Failed to start: SequelizeDatabaseError: SQLITE_ERROR: no such table: MetaVersions,True,0.5300,none,2026-09-26T11:12:08.999559+00:00
flowfuse,1744210425_4e350d4b269bb05dda4a7fdbc97a34f451369291,forge-unit,116,20009,d6dcdfe1d013f35c,2,[2026-09-13T23:05:06.061Z] ERROR: Failed to start: SequelizeDatabaseError: SQLITE_ERROR: no such table: Devices,True,0.5300,none,2026-09-26T11:12:09.011543+00:00
flowfuse,1744210425_4e350d4b269bb05dda4a7fdbc97a34f451369291,forge-unit,116,20034,cab967b2f70ec2aa,1,[2026-09-13T23:05:06.077Z] ERROR: Failed to start: SequelizeDatabaseError: SQLITE_ERROR: duplicate column name: credenti,True,0.5500,none,2026-09-26T11:12:09.151388+00:00
flowfuse,1744210425_4e350d4b269bb05dda4a7fdbc97a34f451369291,forge-unit,116,20138,a71cb529db66a14f,2,[2026-09-13T23:05:08.802Z] ERROR: Failed to start: SequelizeDatabaseError: SQLITE_ERROR: no such table: MetaVersions,True,0.5700,none,2026-09-26T11:12:09.321625+00:00
flowfuse,1744210425_4e350d4b269bb05dda4a7fdbc97a34f451369291,forge-unit,116,20201,ce33a030f4c45715,1,[2026-09-13T23:05:10.964Z] ERROR: Failed to start: SequelizeDatabaseError: SQLITE_ERROR: no such table: MetaVersions,True,0.5200,none,2026-09-26T11:12:09.603212+00:00
flowfuse,1744210425_4e350d4b269bb05dda4a7fdbc97a34f451369291,forge-unit,116,20241,8406998a72127273,1,[2026-09-13T23:05:11.012Z] ERROR: Failed to start: SequelizeDatabaseError: SQLITE_ERROR: duplicate column name: editorAf,False,0.6100,none,2026-09-26T11:12:09.636753+00:00
flowfuse,1744210425_4e350d4b269bb05dda4a7fdbc97a34f451369291,forge-unit,116,20574,0b75fffb1986796f,19,     Uncaught FastifyError: Fastify has already been closed and cannot be reopened,False,0.5900,none,2026-09-26T11:12:09.879595+00:00
flowfuse,1744210425_4e350d4b269bb05dda4a7fdbc97a34f451369291,forge-unit,116,20850,3a6a07d60f82b192,16,     Uncaught FastifyError: Fastify has already been closed and cannot be reopened,False,0.6400,none,2026-09-26T11:12:09.969742+00:00
flowfuse,1744210425_4e350d4b269bb05dda4a7fdbc97a34f451369291,forge-unit,116,20955,4fa37112bcd21025,1,"  Error: done() called multiple times in hook <License API licensed - separate projects/devices claims ""before all"" hook",False,0.6300,none,2026-09-26T11:12:10.109828+00:00
flowfuse,1744210425_4e350d4b269bb05dda4a7fdbc97a34f451369291,forge-unit,116,21152,d17e3eb236b38540,2,"  Error: done() called multiple times in hook <Application API ""before all"" hook in ""Application API""> of file /coverage",False,0.5900,none,2026-09-26T11:12:10.236490+00:00
flowfuse,1744210425_4e350d4b269bb05dda4a7fdbc97a34f451369291,system,6,21946,4c8e1693824147b1,8,[2026-09-13T23:06:02.556Z] ERROR: Error running task 'licenseOverage: SequelizeDatabaseError: SQLITE_MISUSE: Database ha,False,0.6900,none,2026-09-26T11:12:10.397638+00:00
flowfuse,1744210425_4e350d4b269bb05dda4a7fdbc97a34f451369291,system,6,21952,6ce17d7777f8a6a0,1,[2026-09-13T23:06:03.766Z] ERROR: Error running task 'licenseOverage: Error: ConnectionManager.getConnection was called ,False,0.7200,none,2026-09-26T11:12:10.528537+00:00
flowfuse,1744210425_4e350d4b269bb05dda4a7fdbc97a34f451369291,system,6,22065,68429837faf22a07,1,          TypeError: Cannot read properties of undefined (reading 'settings'),False,0.8200,none,2026-09-26T11:12:10.657647+00:00
flowfuse,1744711147_82d9fa22aa3454fdf41a55dc90117e1272c03d8a,forge-unit,2,2707,90c75cdd7605f5ad,2,"[2026-09-08T19:42:58.693Z] ERROR: AUDIT: event: user.updated-user, type: user, id: 6, Error: Invalid email address",False,0.8000,none,2026-09-26T11:12:10.839648+00:00
flowfuse,1744711147_82d9fa22aa3454fdf41a55dc90117e1272c03d8a,forge-unit,2,2715,5f1cf7c3611e6b26,1,"[2026-09-08T19:43:00.077Z] ERROR: AUDIT: event: user.updated-password, type: user, id: 6, password change failed",False,0.7700,none,2026-09-26T11:12:10.970221+00:00
flowfuse,1744799741_2d193231a332c430437f5169406a72621d257497,forge-unit,2,2623,f98847bb54360f1c,9,"[2026-09-21T07:10:19.297Z] ERROR: AUDIT: event: team.device.provisioning.updated, type: team, id: 1, Error: Invalid inst",False,0.7700,none,2026-09-26T11:12:11.250928+00:00
flowfuse,1744799741_2d193231a332c430437f5169406a72621d257497,forge-unit,2,3039,084ab4f95a6bac4b,1,      AssertionError: expected 2 to be 3,False,0.9000,none,2026-09-26T11:12:11.423015+00:00
flowfuse,1744799741_2d193231a332c430437f5169406a72621d257497,forge-unit,2,3055,62d637ba45f1855a,1,      AssertionError: expected 0 to be 2,False,0.9000,none,2026-09-26T11:12:11.580146+00:00
flowfuse,1744799741_2d193231a332c430437f5169406a72621d257497,forge-unit,2,2616,cd8da9a6e6382fbb,3,"[2026-09-21T07:10:19.193Z] ERROR: AUDIT: event: team.device.provisioning.created, type: team, id: 1, Error: Token name m",False,0.7900,none,2026-09-26T11:12:11.720159+00:00
flowfuse,1744800392_ea1c613ea3b87d38eaa295c02f70d6b1071a47cc,forge-unit,3,2626,82704a59d4be1859,4,"[2026-09-13T07:23:04.741Z] ERROR: AUDIT: event: team.device.provisioning.updated, type: team, id: 1, Error: Invalid appl",False,0.7600,none,2026-09-26T11:12:11.761788+00:00
flowfuse,1745831009_af5dfc6479ef01ced0e5b6a147f046e9ff84f45f,forge-unit,2,1490,9fef14340e9430f6,1,[2026-09-12T00:24:52.621Z] ERROR: Failed to start project f773f0fc-c1c6-48d6-aa9e-f57420d7ebd1: TypeError: Cannot read p,False,0.7900,none,2026-09-26T11:12:11.868271+00:00
flowfuse,1745831009_af5dfc6479ef01ced0e5b6a147f046e9ff84f45f,forge-unit,2,2608,889fc5d6acfd665b,14,"[2026-09-12T00:27:47.679Z] ERROR: AUDIT: event: team.device.provisioning.created, type: team, id: 1, Error: Token name m",False,0.8000,none,2026-09-26T11:12:12.025582+00:00
flowfuse,1745831009_af5dfc6479ef01ced0e5b6a147f046e9ff84f45f,forge-unit,2,2617,dea452c8757985bf,23,"[2026-09-12T00:27:47.777Z] ERROR: AUDIT: event: team.device.provisioning.updated, type: team, id: 1, Error: Invalid inst",False,0.7700,false_positive,2026-09-26T11:12:12.160088+00:00
flowfuse,1745831009_af5dfc6479ef01ced0e5b6a147f046e9ff84f45f,forge-unit,2,2623,aca1a4b578c7f800,32,"[2026-09-12T00:27:47.802Z] ERROR: AUDIT: event: team.device.provisioning.updated, type: team, id: 1, Error: Invalid appl",False,0.7800,none,2026-09-26T11:12:12.285837+00:00
flowfuse,1745924033_b37825f85412a810106ed3723a2dfbcc5f4cf2e4,forge-unit,1,2609,abe5e5a790fb3127,16,"[2026-09-10T11:48:26.107Z] ERROR: AUDIT: event: team.device.provisioning.created, type: team, id: 1, Error: Token name m",False,0.7900,none,2026-09-26T11:12:12.473763+00:00
flowfuse,1745924033_b37825f85412a810106ed3723a2dfbcc5f4cf2e4,forge-unit,1,2619,9181126babf2e770,1,"[2026-09-10T11:48:26.200Z] ERROR: AUDIT: event: team.device.provisioning.updated, type: team, id: 1, Error: Invalid inst",False,0.7500,false_positive,2026-09-26T11:12:12.631662+00:00
flowfuse,1746191263_f1818a2ee60ba2bed0fd4a33e2b64be7d92e8992,forge-unit,1,2651,bb0974fd900c6340,6,"[2026-09-13T01:36:48.139Z] ERROR: AUDIT: event: team.device.provisioning.created, type: team, id: 1, Error: Token name m",False,0.7900,false_positive,2026-09-26T11:12:12.776450+00:00
flowfuse,1746191263_f1818a2ee60ba2bed0fd4a33e2b64be7d92e8992,forge-unit,1,2668,596101617b362095,1,"[2026-09-13T01:36:48.232Z] ERROR: AUDIT: event: team.device.provisioning.updated, type: team, id: 1, Error: Invalid inst",False,0.7100,none,2026-09-26T11:12:12.946281+00:00
flowfuse,1746191299_66fbca986a6d6c7097f72144b14d14369a62a43b,forge-unit,1,2657,a542b59256c3b68b,6,"[2026-09-14T05:43:37.589Z] ERROR: AUDIT: event: team.device.provisioning.created, type: team, id: 1, Error: Token name m",False,0.7800,none,2026-09-26T11:12:13.091658+00:00
flowfuse,1746191299_66fbca986a6d6c7097f72144b14d14369a62a43b,forge-unit,1,2663,aece3d9d18b16403,3,"[2026-09-14T05:43:37.687Z] ERROR: AUDIT: event: team.device.provisioning.updated, type: team, id: 1, Error: Invalid appl",False,0.7600,none,2026-09-26T11:12:13.254699+00:00
flowfuse,1746809069_e8f2831b957e72888b70c12baf5915d37488f74a,forge-unit,3,2606,a04780caecc1b76c,6,"[2026-09-09T02:55:24.732Z] ERROR: AUDIT: event: team.device.provisioning.created, type: team, id: 1, Error: Token name m",False,0.8000,false_positive,2026-09-26T11:12:13.364396+00:00
flowfuse,1746809069_e8f2831b957e72888b70c12baf5915d37488f74a,forge-unit,3,2621,556938911602e12c,4,"[2026-09-09T02:55:24.847Z] ERROR: AUDIT: event: team.device.provisioning.updated, type: team, id: 1, Error: Invalid inst",False,0.7700,false_positive,2026-09-26T11:12:13.518815+00:00
flowfuse,1748596397_6662c58982e4b3379950cfcbdb88ca53f2a66ac4,forge-unit,9,3102,b07c60e0f8546766,1,     Error: Unrecognised pipeline stage,False,0.8600,none,2026-09-26T11:12:13.677414+00:00
flowfuse,1749022247_b4d043ef2430c161e716104d1b815ff76b9591f7,forge-unit,4,2689,5338a777231586e9,16,"[2026-09-11T03:37:25.524Z] ERROR: AUDIT: event: team.device.provisioning.updated, type: team, id: 1, Error: Invalid inst",False,0.7500,false_positive,2026-09-26T11:12:13.851426+00:00
flowfuse,1750172026_0a3da56ee564eb1748a76fe15a904e6f520b0185,forge-unit,1,2707,dba91c07b4e4e73d,12,"[2026-09-12T03:30:36.537Z] ERROR: AUDIT: event: team.device.provisioning.updated, type: team, id: 1, Error: Invalid appl",False,0.7700,false_positive,2026-09-26T11:12:14.048950+00:00
flowfuse,1750175028_7eaa42b12bc0215c01cc3a754d9efdd3c08cca13,forge-unit,2,3063,70b48831071c3541,1,"[2026-09-10T04:55:58.604Z] ERROR: AUDIT: event: project.start-failed, type: project, id: 500b4d41-4c70-46f4-b6f7-3a7c378",False,0.5200,none,2026-09-26T11:12:14.108466+00:00
flowfuse,1750327993_cd4e899e90bf5334c1c184f23baa286bfc10dc6c,forge-unit,2,3132,27fbb1813450d3ad,1,      AssertionError: expected 401 to be 400,False,0.9100,none,2026-09-26T11:12:14.307014+00:00
flowfuse,1750429892_3482fd6a5fb5e54f54d0e0b71b41add23062860c,system,4,3717,d23700d036106f96,2,[2026-09-09T03:06:13.732Z] ERROR: Failed to start: SequelizeDatabaseError: SQLITE_ERROR: no such table: TeamBrokerClient,False,0.6000,none,2026-09-26T11:12:14.469297+00:00
flowfuse,1750779307_54dcc44eab1de8eed26fa2b6d57fab0a2e1b9b4d,forge-unit,3,2712,0686c01dc5ecce86,2,"[2026-09-13T07:01:03.587Z] ERROR: AUDIT: event: team.device.provisioning.created, type: team, id: 1, Error: Token name m",False,0.7500,none,2026-09-26T11:12:14.602268+00:00
flowfuse,1751373243_fa0e0705113bd6db42acbd0e2ae23b32b2fa1a27,forge-unit,2,2720,5300f0277476c121,1,          ReferenceError: literal is not defined,False,0.8600,none,2026-09-26T11:12:14.712659+00:00
flowfuse,1751454450_e929575d82c72e3915935a71132b0f16afdf1b76,forge-unit,1,2838,e6cdf32b66046dda,7,"[2026-09-09T04:39:43.127Z] ERROR: AUDIT: event: user.updated-password, type: user, id: 5, password change failed",False,0.7600,false_positive,2026-09-26T11:12:14.896220+00:00
flowfuse,1751454450_e929575d82c72e3915935a71132b0f16afdf1b76,forge-unit,1,3013,ac0ac962edbf80b0,221,"[2026-09-09T04:40:13.617Z] ERROR: AUDIT: event: account.reset-password, type: user, Password reset failed",False,0.7300,false_positive,2026-09-26T11:12:14.998954+00:00
flowfuse,1751461692_ac0b4258cb1cee71a0f08f6f35ebb1b69f770c89,forge-unit,2,2744,ce909f0d2b9d5019,14,"[2026-09-15T22:13:41.076Z] ERROR: AUDIT: event: team.device.provisioning.updated, type: team, id: 1, Error: Invalid inst",False,0.7800,false_positive,2026-09-26T11:12:15.171018+00:00
flowfuse,1751967090_9ec6fc213f37ac3b858840199a9a9fc99007a464,forge-unit,1,2857,b5e47e6ecd0ce9d0,1,"[2026-09-15T00:40:12.846Z] ERROR: AUDIT: event: user.updated-password, type: user, id: 6, password change failed",False,0.7900,false_positive,2026-09-26T11:12:15.331633+00:00
flowfuse,1752076449_705657a02cf145d855481282d3a0700761adf00c,forge-unit,4,3015,4efb0a3f275c2622,35,"[2026-09-12T20:10:45.358Z] ERROR: AUDIT: event: account.reset-password, type: user, Password reset failed",False,0.7200,false_positive,2026-09-26T11:12:15.555927+00:00
flowfuse,1752241170_53970096aad053e3314d4d09d21205c8e96382cd,forge-unit,3,1457,2a56ba1514d526b4,1,"Deploy failed, but response already sent PipelineControllerError: Error during deploy: Error: Invalid module version: cu",False,0.7400,none,2026-09-26T11:12:15.693302+00:00
flowfuse,1752241170_53970096aad053e3314d4d09d21205c8e96382cd,forge-unit,3,1463,04f94d8e1612318b,1,  [cause]: Error: Invalid module version: custom-module,False,0.6800,none,2026-09-26T11:12:15.776464+00:00
flowfuse,1752241170_53970096aad053e3314d4d09d21205c8e96382cd,forge-unit,3,2785,ff3840738c8fa80c,1,"[2026-09-21T05:12:36.407Z] ERROR: AUDIT: event: team.device.provisioning.created, type: team, id: 1, Error: Token name m",False,0.7800,none,2026-09-26T11:12:15.908972+00:00
flowfuse,1752241170_53970096aad053e3314d4d09d21205c8e96382cd,forge-unit,3,3233,e2291835f22172a7,1,     AssertionError: expected false to be true,False,0.8700,none,2026-09-26T11:12:16.041159+00:00
flowfuse,1752756197_1698e68660bea9c926e329b19873a37e438696ec,forge-unit,1,2724,8632ee8ae2f4ea7d,9,"[2026-09-14T13:56:38.054Z] ERROR: AUDIT: event: team.device.provisioning.created, type: team, id: 1, Error: Token name m",False,0.7900,none,2026-09-26T11:12:16.255261+00:00
flowfuse,1752756197_1698e68660bea9c926e329b19873a37e438696ec,forge-unit,1,2734,f93808fae4e1f1be,8,"[2026-09-14T13:56:38.139Z] ERROR: AUDIT: event: team.device.provisioning.updated, type: team, id: 1, Error: Invalid inst",False,0.7600,false_positive,2026-09-26T11:12:16.416848+00:00
flowfuse,1753360907_9f4331ceeca26c68d0b5d24f62c265c679fbb654,forge-unit,3,3237,8459ae9b13e25c93,9,     AssertionError: expected [Promise] to be rejected,False,0.8600,none,2026-09-26T11:12:16.504961+00:00
flowfuse,1753360907_9f4331ceeca26c68d0b5d24f62c265c679fbb654,forge-unit,3,3245,3b4d0c5bef4e230a,11,     AssertionError: expected [Promise] to be rejected,False,0.8800,none,2026-09-26T11:12:16.707574+00:00
flowfuse,1753360907_9f4331ceeca26c68d0b5d24f62c265c679fbb654,forge-unit,3,3252,5c1e38d8aee037b5,26,     AssertionError: expected Object {,False,0.9100,none,2026-09-26T11:12:16.830164+00:00
flowfuse,1753429306_388dadbe0511fc695b0636d6d637b54ee30218fa,forge-unit,1,3167,b72e41bb1e923ca7,8,     AssertionError: expected functionStub {} to be an instance of functionStub,False,0.8800,none,2026-09-26T11:12:17.049531+00:00
flowfuse,1753429375_e3bc8dbaf09a88b60ee1e24afc52fa8138f5bf18,forge-unit,1,2742,3813cee7e4dfd663,7,"[2026-09-16T03:35:52.360Z] ERROR: AUDIT: event: team.device.provisioning.created, type: team, id: 1, Error: Token name m",False,0.7900,none,2026-09-26T11:12:17.122756+00:00
flowfuse,1753429529_59550ba4c93eea0423c941bfaa4a10514f03da42,forge-unit,1,1255,51dd577625d851d8,13,Error retrieving table: Error: Table table1 does not exist in database t1hash for team t1hash,False,0.7000,none,2026-09-26T11:12:17.276209+00:00
flowfuse,1753430112_98d70ed3d9b0a7901e7273b49a4bcb3c3011e700,forge-unit,1,2821,221a8e01b75c8b8e,2,"[2026-09-09T22:39:52.844Z] ERROR: AUDIT: event: team.device.provisioning.created, type: team, id: 1, Error: Token name m",False,0.7900,none,2026-09-26T11:12:17.463744+00:00
flowfuse,1753430112_98d70ed3d9b0a7901e7273b49a4bcb3c3011e700,forge-unit,1,2827,4fedd61d8449c252,1,"[2026-09-09T22:39:52.940Z] ERROR: AUDIT: event: team.device.provisioning.updated, type: team, id: 1, Error: Invalid inst",False,0.7600,none,2026-09-26T11:12:17.642506+00:00
flowfuse,1753435657_261d24b58a0896b97fac6fb2b8b0bb094b0ea32d,forge-unit,5,1255,552c8aaf47243476,2,Error retrieving table: Error: Table table1 does not exist in database t1hash for team t1hash,False,0.7000,none,2026-09-26T11:12:17.772916+00:00
flowfuse,1753435657_261d24b58a0896b97fac6fb2b8b0bb094b0ea32d,forge-unit,5,2818,a709f0fce488433c,9,"[2026-09-13T04:07:01.396Z] ERROR: AUDIT: event: team.device.provisioning.created, type: team, id: 1, Error: Token name m",False,0.7800,none,2026-09-26T11:12:17.874656+00:00
flowfuse,1753437543_efed501d44f3f9ab929d0815f8f6b4264deaac0e,forge-unit,3,2811,4dd3a5012e86c7d5,3,"[2026-09-12T09:27:56.325Z] ERROR: AUDIT: event: team.device.provisioning.created, type: team, id: 1, Error: Token name m",False,0.7800,none,2026-09-26T11:12:18.085737+00:00
flowfuse,1753437543_efed501d44f3f9ab929d0815f8f6b4264deaac0e,forge-unit,3,2832,046f40fc4b49aca9,3,"[2026-09-12T09:27:56.414Z] ERROR: AUDIT: event: team.device.provisioning.updated, type: team, id: 1, Error: Invalid inst",False,0.7000,none,2026-09-26T11:12:18.168255+00:00
flowfuse,1753440370_43ac63c43bdc67236ccfd5de5c60bba20c278391,forge-unit,1,2827,e20ca216f6579ce3,1,"[2026-09-21T14:00:43.819Z] ERROR: AUDIT: event: team.device.provisioning.created, type: team, id: 1, Error: Token name m",False,0.7800,none,2026-09-26T11:12:18.448107+00:00
flowfuse,1753440370_43ac63c43bdc67236ccfd5de5c60bba20c278391,forge-unit,1,2833,f1a5aa4c44fed76e,1,"[2026-09-21T14:00:43.915Z] ERROR: AUDIT: event: team.device.provisioning.updated, type: team, id: 1, Error: Invalid inst",False,0.7200,none,2026-09-26T11:12:18.559741+00:00
flowfuse,1753440547_77f1222012d55df77078f256622d85cb8528f432,forge-unit,1,2830,17b4426016cd966d,1,"[2026-09-21T04:36:28.362Z] ERROR: AUDIT: event: team.device.provisioning.updated, type: team, id: 1, Error: Invalid inst",False,0.7600,none,2026-09-26T11:12:18.678427+00:00
flowfuse,1753700813_fa20ce3cb2416f1b56621a5352cd0da292d53f6f,forge-unit,1,2822,406ba6f82a31d537,2,"[2026-09-12T10:25:21.088Z] ERROR: AUDIT: event: team.device.provisioning.created, type: team, id: 1, Error: Token name m",False,0.8000,false_positive,2026-09-26T11:12:18.822452+00:00
flowfuse,1754481294_723b4cef4f2bbd9de896cb7b77fcf5a18344b69c,forge-unit,2,2853,233b1f893a1c1794,4,"[2026-09-14T20:29:13.987Z] ERROR: AUDIT: event: team.device.provisioning.updated, type: team, id: 1, Error: Invalid appl",False,0.7500,none,2026-09-26T11:12:18.948979+00:00
flowfuse,1754988020_d9c80ae42789dfe1231ba0b20e554de613930c4f,forge-unit,10,3165,2f5f4f67957cc64e,9,      AssertionError: expected 400 to be 201,False,0.8500,none,2026-09-26T11:12:19.131166+00:00
flowfuse,1754988020_d9c80ae42789dfe1231ba0b20e554de613930c4f,forge-unit,10,3233,098172ff591643ff,10,      AssertionError: expected 400 to be 401,False,0.8900,none,2026-09-26T11:12:19.249617+00:00
flowfuse,1755181571_d099d7576d03b0545427996611b1a1fed06165e1,forge-unit,6,3338,eb26fdb6779cd20b,3,     TypeError: Cannot read properties of undefined (reading 'id'),False,0.8600,none,2026-09-26T11:12:19.423556+00:00
flowfuse,1755190357_eb013c88678d73bf5a904d9573a142305fdc6366,forge-unit,8,3339,d2c78726223d7ca5,4,      AssertionError: expected 404 to be 201,False,0.7900,none,2026-09-26T11:12:19.582739+00:00
flowfuse,1756045494_8d48782321332fc7674036e0da04a3aff1bfdfe6,forge-unit,2,1780,f56cbe3f5219058b,1,          TypeError: Cannot read properties of undefined (reading 'startsWith'),False,0.8500,none,2026-09-26T11:12:19.721181+00:00
flowfuse,1756045494_8d48782321332fc7674036e0da04a3aff1bfdfe6,forge-unit,2,3392,0b1ef1e659121a3f,1,      AssertionError: expected 422 to be 400,False,0.9100,none,2026-09-26T11:12:19.841532+00:00
flowfuse,1756301943_e5b82e9fb15777e4d52c24c6551a90b3fb077622,forge-unit,1,2526,11ae0eb343fc9aeb,1,          TypeError: latestSnapshot.toJSON is not a function,False,0.8200,none,2026-09-26T11:12:20.010520+00:00
flowfuse,1756306295_3aa8fa1313616b06065513aca64155f0eacd1dcb,forge-unit,2,3072,582dc8715f3515f8,1,"[2026-09-12T05:45:54.963Z] ERROR: AUDIT: event: user.updated-password, type: user, id: 5, password change failed",False,0.7700,false_positive,2026-09-26T11:12:20.231000+00:00
flowfuse,1756398959_81206d83811d707da1e41d66cc1886e12c4c4517,forge-unit,4,2525,fa6daaeda13c9aea,2,          TypeError: app.db.controllers.ProjectSnapshot.buildSnapshot is not a function,False,0.8300,none,2026-09-26T11:12:20.290819+00:00
flowfuse,1756398959_81206d83811d707da1e41d66cc1886e12c4c4517,forge-unit,4,2533,e52ea8a9990d9508,2,          TypeError: app.db.controllers.ProjectSnapshot.buildSnapshot is not a function,False,0.8100,none,2026-09-26T11:12:20.467618+00:00
flowfuse,1756839081_90a8f677458bc43f633a55f0c7884440c83e94e5,forge-unit,12,3443,5c4e63b6c38f3e79,7,      AssertionError: expected 404 to be 500,False,0.8700,none,2026-09-26T11:12:20.665768+00:00
flowfuse,1756839081_90a8f677458bc43f633a55f0c7884440c83e94e5,forge-unit,12,3577,e807f7f68c5c7644,2,     AssertionError: expected false to be true,False,0.8700,none,2026-09-26T11:12:20.760714+00:00
flowfuse,1756917966_9bfb14517a1082c06e88703d08d484939e288457,forge-unit,4,3397,363f4067ad74b318,8,     AssertionError: expected false to be true,False,0.8700,none,2026-09-26T11:12:20.926977+00:00
flowfuse,1757000548_fe7a22a83414b236d9092b51a4f1d935c46aef50,forge-unit,39,1378,1c6698a2c4f3015b,1,          TypeError: Cannot read properties of undefined (reading 'BlGNzEVqX1'),False,0.8500,none,2026-09-26T11:12:21.030999+00:00
flowfuse,1757000548_fe7a22a83414b236d9092b51a4f1d935c46aef50,forge-unit,39,1389,c54fe5b2486cb24c,2,          TypeError: Cannot read properties of undefined (reading 'BlGNzEVqX1'),False,0.8400,none,2026-09-26T11:12:21.263591+00:00
flowfuse,1757000548_fe7a22a83414b236d9092b51a4f1d935c46aef50,forge-unit,39,1415,d507b985d685d01a,1,          TypeError: Cannot read properties of undefined (reading 'qb9QO7QL7G'),False,0.8600,none,2026-09-26T11:12:21.341391+00:00
flowfuse,1757000548_fe7a22a83414b236d9092b51a4f1d935c46aef50,forge-unit,39,1437,d10d33fa116dd4fc,1,          TypeError: Cannot read properties of undefined (reading 'qv5VZXj40l'),False,0.8500,none,2026-09-26T11:12:21.699532+00:00
flowfuse,1757000548_fe7a22a83414b236d9092b51a4f1d935c46aef50,forge-unit,39,1448,22d7864633ebba6c,1,          TypeError: Cannot read properties of undefined (reading 'w2YVqpQvlO'),False,0.8500,none,2026-09-26T11:12:21.781642+00:00
flowfuse,1757000548_fe7a22a83414b236d9092b51a4f1d935c46aef50,forge-unit,39,1459,129031a40cf66504,1,          TypeError: Cannot read properties of undefined (reading 'venQwMNyrw'),False,0.8500,none,2026-09-26T11:12:22.117721+00:00
flowfuse,1757000548_fe7a22a83414b236d9092b51a4f1d935c46aef50,forge-unit,39,1470,bbcbedd81c6a0db1,1,          TypeError: Cannot read properties of undefined (reading 'M4mj9KVrZY'),False,0.8500,none,2026-09-26T11:12:22.217028+00:00
flowfuse,1757000548_fe7a22a83414b236d9092b51a4f1d935c46aef50,forge-unit,39,1426,fbf933011f7bd7a3,1,          TypeError: Cannot read properties of undefined (reading 'ZYJV73V8Lk'),False,0.8600,none,2026-09-26T11:12:22.236923+00:00
flowfuse,1757000548_fe7a22a83414b236d9092b51a4f1d935c46aef50,forge-unit,39,1481,cf5992e49de84071,1,          TypeError: Cannot read properties of undefined (reading '1brj0bVPyw'),False,0.8600,none,2026-09-26T11:12:22.326662+00:00
flowfuse,1757000548_fe7a22a83414b236d9092b51a4f1d935c46aef50,forge-unit,39,1492,0ca0edc77f93ff9f,1,          TypeError: Cannot read properties of undefined (reading 'JkGVglN2Kz'),False,0.8300,none,2026-09-26T11:12:22.397685+00:00
flowfuse,1757000548_fe7a22a83414b236d9092b51a4f1d935c46aef50,forge-unit,39,1503,a762d81a8fdbac64,2,          TypeError: Cannot read properties of undefined (reading 'B2GQmnVMxY'),False,0.8500,none,2026-09-26T11:12:22.541372+00:00
flowfuse,1757000548_fe7a22a83414b236d9092b51a4f1d935c46aef50,forge-unit,39,1515,f1e7913838c8b240,2,          TypeError: Cannot read properties of undefined (reading 'aR2VaKjqZX'),False,0.8300,none,2026-09-26T11:12:22.746186+00:00
flowfuse,1757000548_fe7a22a83414b236d9092b51a4f1d935c46aef50,forge-unit,39,1527,8e925547146a9b6c,2,          TypeError: Cannot read properties of undefined (reading 'DpbQ3njv4B'),False,0.8400,none,2026-09-26T11:12:22.853812+00:00
flowfuse,1757000548_fe7a22a83414b236d9092b51a4f1d935c46aef50,forge-unit,39,1539,049c0676669fd6e8,2,          TypeError: Cannot read properties of undefined (reading 'yq1QrdNkPZ'),False,0.8400,none,2026-09-26T11:12:22.961456+00:00
flowfuse,1757000548_fe7a22a83414b236d9092b51a4f1d935c46aef50,forge-unit,39,1551,d2319b24a7c1ffb9,2,          TypeError: Cannot read properties of undefined (reading 'GXdjX1QgY3'),False,0.8300,none,2026-09-26T11:12:23.197183+00:00
flowfuse,1757000548_fe7a22a83414b236d9092b51a4f1d935c46aef50,forge-unit,39,1563,c86db7f5c3d3e98f,2,          TypeError: Cannot read properties of undefined (reading 'v0kQDbN1a7'),False,0.8400,none,2026-09-26T11:12:23.373311+00:00
flowfuse,1757000548_fe7a22a83414b236d9092b51a4f1d935c46aef50,forge-unit,39,1575,095a018412346eab,2,          TypeError: Cannot read properties of undefined (reading 'gkeV46jbvr'),False,0.8500,none,2026-09-26T11:12:23.489159+00:00
flowfuse,1757000548_fe7a22a83414b236d9092b51a4f1d935c46aef50,forge-unit,39,1589,896c09430fd78538,1,          TypeError: Cannot read properties of undefined (reading 'y14QYbVE3D'),False,0.8600,none,2026-09-26T11:12:23.609761+00:00
flowfuse,1757000548_fe7a22a83414b236d9092b51a4f1d935c46aef50,forge-unit,39,1614,fbf449de9cdec880,1,          TypeError: Cannot read properties of undefined (reading 'zrZjJAN176'),False,0.8400,none,2026-09-26T11:12:23.917637+00:00
flowfuse,1757000548_fe7a22a83414b236d9092b51a4f1d935c46aef50,forge-unit,39,1601,28036f1a2537b91c,2,          TypeError: Cannot read properties of undefined (reading 'd39jWDQ5zR'),False,0.8400,none,2026-09-26T11:12:23.982901+00:00
flowfuse,1757000548_fe7a22a83414b236d9092b51a4f1d935c46aef50,forge-unit,39,1625,2914e575bb83cc07,2,          TypeError: Cannot read properties of undefined (reading 'WroQnRQpqR'),False,0.8400,none,2026-09-26T11:12:24.028568+00:00
flowfuse,1757000548_fe7a22a83414b236d9092b51a4f1d935c46aef50,forge-unit,39,1639,74a3d0eae2482899,2,          TypeError: Cannot read properties of undefined (reading 'ykDjK7jnYM'),False,0.8400,none,2026-09-26T11:12:24.179634+00:00
flowfuse,1757000548_fe7a22a83414b236d9092b51a4f1d935c46aef50,forge-unit,39,1651,e5d074f9433441e3,2,          TypeError: Cannot read properties of undefined (reading 'ao0NAdVGg3'),False,0.8300,none,2026-09-26T11:12:24.344480+00:00
flowfuse,1757000548_fe7a22a83414b236d9092b51a4f1d935c46aef50,forge-unit,39,1665,ad42d99daf2d05a1,2,          TypeError: Cannot read properties of undefined (reading 'DAOQMvVJ4K'),False,0.8300,none,2026-09-26T11:12:24.475884+00:00
flowfuse,1757000548_fe7a22a83414b236d9092b51a4f1d935c46aef50,forge-unit,39,1677,729f4abfb7d3bbd9,2,          TypeError: Cannot read properties of undefined (reading 'gp3Q8DQXa0'),False,0.8600,none,2026-09-26T11:12:24.622405+00:00
flowfuse,1757000548_fe7a22a83414b236d9092b51a4f1d935c46aef50,forge-unit,39,1689,3a8ee1efca1f4004,2,          TypeError: Cannot read properties of undefined (reading '3yKj63QZE6'),False,0.8500,none,2026-09-26T11:12:24.798934+00:00
flowfuse,1757000548_fe7a22a83414b236d9092b51a4f1d935c46aef50,forge-unit,39,1701,97242454e3e9d018,2,          TypeError: Cannot read properties of undefined (reading 'K9YNpbQbG4'),False,0.8400,none,2026-09-26T11:12:24.933222+00:00
flowfuse,1757000548_fe7a22a83414b236d9092b51a4f1d935c46aef50,forge-unit,39,1713,7884f483230f9442,2,          TypeError: Cannot read properties of undefined (reading 'X2BVBdjyL0'),False,0.8500,none,2026-09-26T11:12:25.088599+00:00
flowfuse,1757000548_fe7a22a83414b236d9092b51a4f1d935c46aef50,forge-unit,39,1725,e2b25cd999b55c4c,2,          TypeError: Cannot read properties of undefined (reading 'BlGNzEVqX1'),False,0.8500,none,2026-09-26T11:12:25.210336+00:00
flowfuse,1757000548_fe7a22a83414b236d9092b51a4f1d935c46aef50,forge-unit,39,1737,28455c0b34af8de8,2,          TypeError: Cannot read properties of undefined (reading 'BlGNzEVqX1'),False,0.8500,none,2026-09-26T11:12:25.397775+00:00
flowfuse,1757000548_fe7a22a83414b236d9092b51a4f1d935c46aef50,forge-unit,39,1749,664237eedb54b4b3,2,          TypeError: Cannot read properties of undefined (reading 'BlGNzEVqX1'),False,0.8600,none,2026-09-26T11:12:25.563238+00:00
flowfuse,1757000548_fe7a22a83414b236d9092b51a4f1d935c46aef50,forge-unit,39,1761,f4ba00361d83a39f,2,          TypeError: Cannot read properties of undefined (reading 'DmxVlqN32Z'),False,0.8300,none,2026-09-26T11:12:25.664334+00:00
flowfuse,1757000548_fe7a22a83414b236d9092b51a4f1d935c46aef50,forge-unit,39,1775,c902cdda686e661a,2,          TypeError: Cannot read properties of undefined (reading 'BlGNzEVqX1'),False,0.8500,none,2026-09-26T11:12:25.838667+00:00
flowfuse,1757000548_fe7a22a83414b236d9092b51a4f1d935c46aef50,forge-unit,39,2007,6d364ac5a3d314d1,1,          TypeError: Cannot read properties of undefined (reading '12lQ1KN80Z'),False,0.8100,none,2026-09-26T11:12:25.991223+00:00
flowfuse,1757000548_fe7a22a83414b236d9092b51a4f1d935c46aef50,forge-unit,39,4332,55a91346a5bc7207,3,     AssertionError: expected Object {} to not exist,False,0.8300,none,2026-09-26T11:12:26.114526+00:00
flowfuse,1757000576_c0b79664dea5f662f4e74f2feb606229dac79b3d,forge-unit,59,1376,a9d15eaaf8d19b55,1,          TypeError: Cannot read properties of undefined (reading 'dGRg4pgyNz'),False,0.8300,none,2026-09-26T11:12:26.276230+00:00
flowfuse,1757000576_c0b79664dea5f662f4e74f2feb606229dac79b3d,forge-unit,59,1413,1bc9808ad795d89f,1,          TypeError: Cannot read properties of undefined (reading 'P6oVjJVkJY'),False,0.8400,none,2026-09-26T11:12:26.418667+00:00
flowfuse,1757000576_c0b79664dea5f662f4e74f2feb606229dac79b3d,forge-unit,59,1424,83973469050d1c1b,1,          TypeError: Cannot read properties of undefined (reading 'BlJV1bg7RN'),False,0.8600,none,2026-09-26T11:12:26.597101+00:00
flowfuse,1757000576_c0b79664dea5f662f4e74f2feb606229dac79b3d,forge-unit,59,1435,4d7350489b7c3294,1,          TypeError: Cannot read properties of undefined (reading 'wQr9ZQgMD0'),False,0.8500,none,2026-09-26T11:12:26.761354+00:00
flowfuse,1757000576_c0b79664dea5f662f4e74f2feb606229dac79b3d,forge-unit,59,1446,30755df931bd88a6,1,          TypeError: Cannot read properties of undefined (reading 'ZqRg07VGXE'),False,0.8500,none,2026-09-26T11:12:26.922786+00:00
flowfuse,1757000576_c0b79664dea5f662f4e74f2feb606229dac79b3d,forge-unit,59,1457,ae194b7b6215cd5e,1,          TypeError: Cannot read properties of undefined (reading 'AJ29PogRYm'),False,0.8500,none,2026-09-26T11:12:27.010743+00:00
flowfuse,1757000576_c0b79664dea5f662f4e74f2feb606229dac79b3d,forge-unit,59,1468,9de0767c3fa04c62,1,          TypeError: Cannot read properties of undefined (reading 'GDwVAyV61Y'),False,0.8500,none,2026-09-26T11:12:27.207902+00:00
flowfuse,1757000576_c0b79664dea5f662f4e74f2feb606229dac79b3d,forge-unit,59,1479,cf14bde5442ba6b5,1,          TypeError: Cannot read properties of undefined (reading 'N2RgqmgO8A'),False,0.8600,none,2026-09-26T11:12:27.327787+00:00
flowfuse,1757000576_c0b79664dea5f662f4e74f2feb606229dac79b3d,forge-unit,59,1490,bbdead7dd4a44538,1,          TypeError: Cannot read properties of undefined (reading 'E0W3DngDO7'),False,0.8500,none,2026-09-26T11:12:27.466278+00:00
flowfuse,1757000576_c0b79664dea5f662f4e74f2feb606229dac79b3d,forge-unit,59,1588,d8a440619b4c3261,1,          TypeError: Cannot read properties of undefined (reading 'M073wEgaRA'),False,0.8600,none,2026-09-26T11:12:27.592387+00:00
flowfuse,1757000576_c0b79664dea5f662f4e74f2feb606229dac79b3d,forge-unit,59,1612,61402d20c47d7236,1,          TypeError: Cannot read properties of undefined (reading 'leQVJrVYdA'),False,0.8400,none,2026-09-26T11:12:27.767848+00:00
flowfuse,1757000576_c0b79664dea5f662f4e74f2feb606229dac79b3d,forge-unit,59,2031,3ea1a15104d65c24,1,          TypeError: Cannot read properties of undefined (reading 'BJxVdXV2re'),False,0.8100,none,2026-09-26T11:12:27.940419+00:00
flowfuse,1757000576_c0b79664dea5f662f4e74f2feb606229dac79b3d,forge-unit,59,2053,44c4a344ab0587b0,1,[2026-09-15T15:10:32.410Z] ERROR: Failed to start project b0b4d080-344d-4d14-8709-34d9aca7aba3: TypeError: Cannot read p,False,0.8200,none,2026-09-26T11:12:28.118410+00:00
flowfuse,1757000576_c0b79664dea5f662f4e74f2feb606229dac79b3d,forge-unit,59,2062,2de8eafe972d2c50,1,          TypeError: Cannot read properties of undefined (reading 'BJxVdXV2re'),False,0.8300,none,2026-09-26T11:12:28.248381+00:00
flowfuse,1757000576_c0b79664dea5f662f4e74f2feb606229dac79b3d,forge-unit,59,3876,b52d9f07a975d8c1,1,          TypeError: Cannot read properties of undefined (reading 'BJxVdXV2re'),False,0.8400,none,2026-09-26T11:12:28.425798+00:00
flowfuse,1757000576_c0b79664dea5f662f4e74f2feb606229dac79b3d,forge-unit,59,3885,d93710977c92927e,1,          TypeError: Cannot read properties of undefined (reading 'BJxVdXV2re'),False,0.8300,none,2026-09-26T11:12:28.525998+00:00
flowfuse,1757000576_c0b79664dea5f662f4e74f2feb606229dac79b3d,forge-unit,59,3894,618b3f2e914040b4,1,          TypeError: Cannot read properties of undefined (reading 'BJxVdXV2re'),False,0.8200,none,2026-09-26T11:12:28.670846+00:00
flowfuse,1757000576_c0b79664dea5f662f4e74f2feb606229dac79b3d,forge-unit,59,3903,c0b89c12df8077d2,2,          TypeError: Cannot read properties of undefined (reading 'BJxVdXV2re'),False,0.8300,none,2026-09-26T11:12:28.837625+00:00
flowfuse,1757000576_c0b79664dea5f662f4e74f2feb606229dac79b3d,forge-unit,59,3942,f7099003382f3e45,1,          TypeError: Cannot read properties of undefined (reading 'BJxVdXV2re'),False,0.8300,none,2026-09-26T11:12:29.010772+00:00
flowfuse,1757067244_7359bd4eff0fc44e44ab1acdfff8e87f153ff9a5,forge-unit,5,3303,f604e49bceae8ff6,1,          TypeError: Cannot read properties of undefined (reading 'jOK1w5nW2g'),False,0.8600,none,2026-09-26T11:12:29.147579+00:00
flowfuse,1757067244_7359bd4eff0fc44e44ab1acdfff8e87f153ff9a5,forge-unit,5,3312,c49d45620b293f35,1,          TypeError: Cannot read properties of undefined (reading 'jOK1w5nW2g'),False,0.8400,none,2026-09-26T11:12:29.299308+00:00
flowfuse,1757067244_7359bd4eff0fc44e44ab1acdfff8e87f153ff9a5,forge-unit,5,3321,7bc288361edd4a32,1,          TypeError: Cannot read properties of undefined (reading 'jOK1w5nW2g'),False,0.8500,none,2026-09-26T11:12:29.460932+00:00
flowfuse,1757067244_7359bd4eff0fc44e44ab1acdfff8e87f153ff9a5,forge-unit,5,3369,c4f573ede47d84d2,1,          TypeError: Cannot read properties of undefined (reading 'jOK1w5nW2g'),False,0.8300,none,2026-09-26T11:12:29.613705+00:00
flowfuse,1757346349_7bb67e206e88f5d29b7ede2fd5bb0dbf7dd4ba8b,forge-unit,9,6912,be486ddabde8f5a8,1,[2026-09-15T18:29:14.330Z] ERROR: Error running task 'licenseOverage: SequelizeDatabaseError: SQLITE_MISUSE: Database ha,True,0.5100,none,2026-09-26T11:12:29.737375+00:00
flowfuse,1757346349_7bb67e206e88f5d29b7ede2fd5bb0dbf7dd4ba8b,forge-unit,9,8637,5f23efe46f38ba79,1,[2026-09-15T18:29:28.016Z] ERROR: Problem adding project to subscription: Error: Billing add error,False,0.6800,none,2026-09-26T11:12:29.863582+00:00
flowfuse,1757346349_7bb67e206e88f5d29b7ede2fd5bb0dbf7dd4ba8b,forge-unit,9,8830,b950b4da5084ff37,1,[2026-09-15T18:29:29.675Z] ERROR: Failed to start project cb429ee2-b993-406b-a78c-ad931d2fbc84: Error: failing to start ,False,0.5300,none,2026-09-26T11:12:30.051943+00:00
flowfuse,1757346349_7bb67e206e88f5d29b7ede2fd5bb0dbf7dd4ba8b,forge-unit,9,35461,7bc7dbcc3440f00c,2,          ReferenceError: user is not defined,False,0.8700,none,2026-09-26T11:12:30.324194+00:00
flowfuse,1757346349_7bb67e206e88f5d29b7ede2fd5bb0dbf7dd4ba8b,forge-unit,9,44996,dd5efaf4e48d0b7d,1,"[2026-09-15T18:34:17.340Z] ERROR: AUDIT: event: platform.project-type.deleted, type: platform, Error: Cannot delete Proj",False,0.7900,none,2026-09-26T11:12:30.337140+00:00
flowfuse,1757346349_7bb67e206e88f5d29b7ede2fd5bb0dbf7dd4ba8b,forge-unit,9,56139,a08c98e45d6e7868,1,"[2026-09-15T18:35:26.012Z] ERROR: AUDIT: event: platform.team.created, type: platform, Error: license limit reached",False,0.6100,none,2026-09-26T11:12:30.499841+00:00
flowfuse,1757346349_7bb67e206e88f5d29b7ede2fd5bb0dbf7dd4ba8b,forge-unit,9,59358,dd1bab2ad3b3ea1a,1,"[2026-09-15T18:35:55.257Z] ERROR: AUDIT: event: user.updated-password, type: user, id: 6, password change failed",False,0.7500,none,2026-09-26T11:12:30.655055+00:00
flowfuse,1757346349_7bb67e206e88f5d29b7ede2fd5bb0dbf7dd4ba8b,forge-unit,9,61431,95225a20f9097f5f,1,"[2026-09-15T18:36:20.582Z] ERROR: AUDIT: event: account.reset-password, type: user, Password reset failed",False,0.7100,false_positive,2026-09-26T11:12:30.773595+00:00
flowfuse,1758299844_370684c30fe9c4a935b1043cd77fd47c3f5f9edc,forge-unit,34,1667,aa7b4c2e366f3f19,1,          TypeError: The value of 'merged_995259d9-e5d2-408e-8109-c4d1f6829fa0#/properties/SSOGroups' does not match sch,False,0.8700,none,2026-09-26T11:12:30.928822+00:00
flowfuse,1758299844_370684c30fe9c4a935b1043cd77fd47c3f5f9edc,forge-unit,34,1897,daee549b2adaa4e1,1,          TypeError: The value of 'merged_129e296c-9a10-4969-86ef-94e798e83774#/properties/SSOGroups' does not match sch,False,0.8800,none,2026-09-26T11:12:31.060903+00:00
flowfuse,1758299844_370684c30fe9c4a935b1043cd77fd47c3f5f9edc,forge-unit,34,1989,73269f67c2fbfadc,1,          TypeError: The value of 'merged_4c5406a1-61da-43a4-b6a8-ada271a79a35#/properties/SSOGroups' does not match sch,False,0.8800,none,2026-09-26T11:12:31.225715+00:00
flowfuse,1758299844_370684c30fe9c4a935b1043cd77fd47c3f5f9edc,forge-unit,34,3281,f12918b7d38b6991,1,          TypeError: The value of 'merged_cbe659c0-ec6f-493e-9be1-a464705641c7#/properties/SSOGroups' does not match sch,False,0.8700,none,2026-09-26T11:12:31.437746+00:00
flowfuse,1758299844_370684c30fe9c4a935b1043cd77fd47c3f5f9edc,forge-unit,34,3301,476073547c83fb0b,1,          TypeError: The value of 'merged_caa8bb6d-2c6f-4394-9e92-2e0e785443cc#/properties/SSOGroups' does not match sch,False,0.8600,none,2026-09-26T11:12:31.512358+00:00
flowfuse,1758299844_370684c30fe9c4a935b1043cd77fd47c3f5f9edc,forge-unit,34,3315,9b6c9e538d1c8400,1,"[2026-09-09T03:59:08.651Z] ERROR: AUDIT: event: user.updated-user, type: user, id: 6, Error: Invalid email address",False,0.8500,none,2026-09-26T11:12:31.666524+00:00
flowfuse,1758299844_370684c30fe9c4a935b1043cd77fd47c3f5f9edc,forge-unit,34,3361,73b6eb3ce78d710d,1,"[2026-09-09T03:59:10.612Z] ERROR: AUDIT: event: user.updated-password, type: user, id: 6, password change failed",False,0.8400,none,2026-09-26T11:12:31.818317+00:00
flowfuse,1758299844_370684c30fe9c4a935b1043cd77fd47c3f5f9edc,forge-unit,34,3373,ed1a760a1669c8cc,1,          TypeError: The value of 'merged_301cdb7f-7922-4c34-912d-8d517194a377#/properties/SSOGroups' does not match sch,False,0.8700,none,2026-09-26T11:12:31.982548+00:00
flowfuse,1758299844_370684c30fe9c4a935b1043cd77fd47c3f5f9edc,forge-unit,34,3388,852379df0301bd6c,1,"[2026-09-09T03:59:13.108Z] ERROR: AUDIT: event: user.updated-user, type: user, id: 9, Error: Cannot change email for sso",False,0.8700,none,2026-09-26T11:12:32.118666+00:00
flowfuse,1758299844_370684c30fe9c4a935b1043cd77fd47c3f5f9edc,forge-unit,34,3406,ad1875615abd784c,1,          TypeError: The value of 'merged_e5822276-2d4e-4b3c-af52-706c5e22e80b#/properties/SSOGroups' does not match sch,False,0.8700,none,2026-09-26T11:12:32.297538+00:00
flowfuse,1758299844_370684c30fe9c4a935b1043cd77fd47c3f5f9edc,forge-unit,34,3426,1eada68a2c67bf92,1,          TypeError: The value of 'merged_849b8ec6-bb78-4a37-9891-1363899a2ff3#/properties/SSOGroups' does not match sch,False,0.8700,none,2026-09-26T11:12:32.430340+00:00
flowfuse,1758299844_370684c30fe9c4a935b1043cd77fd47c3f5f9edc,forge-unit,34,3489,1c9dbfaaa33acb67,1,"[2026-09-09T03:59:17.586Z] ERROR: AUDIT: event: user.deleted, type: user, id: 26, Error: Cannot delete the last platform",False,0.8100,false_positive,2026-09-26T11:12:32.719678+00:00
flowfuse,1758299844_370684c30fe9c4a935b1043cd77fd47c3f5f9edc,forge-unit,34,3483,02e346bfdffff539,3,"[2026-09-09T03:59:15.938Z] ERROR: AUDIT: event: user.updated-password, type: user, id: 5, password change failed",False,0.7800,false_positive,2026-09-26T11:12:32.807608+00:00
flowfuse,1758299844_370684c30fe9c4a935b1043cd77fd47c3f5f9edc,forge-unit,34,3495,90e141a2470fbeb4,3,"[2026-09-09T03:59:19.733Z] ERROR: AUDIT: event: user.deleted, type: user, id: 59, Error: Team nabooTeam2 which is being ",False,0.8300,none,2026-09-26T11:12:32.903687+00:00
flowfuse,1758299844_370684c30fe9c4a935b1043cd77fd47c3f5f9edc,forge-unit,34,3581,0a0b11a058aad40f,1,          TypeError: The value of 'merged_09670fb4-c939-4e3c-8b8e-f8718efe8e1a#/properties/SSOGroups' does not match sch,False,0.8600,none,2026-09-26T11:12:33.013844+00:00
flowfuse,1758299844_370684c30fe9c4a935b1043cd77fd47c3f5f9edc,forge-unit,34,3681,df6d13a83bea71a6,1,          TypeError: The value of 'merged_eb7ed418-9968-4408-b218-d68ac67b5d26#/properties/SSOGroups' does not match sch,False,0.8700,none,2026-09-26T11:12:33.177882+00:00
flowfuse,1758299844_370684c30fe9c4a935b1043cd77fd47c3f5f9edc,forge-unit,34,3737,0f13ecb89d4b0773,1,"[2026-09-09T03:59:27.114Z] ERROR: AUDIT: event: users.updated-user, type: user, id: 1, Error: Invalid username",False,0.8100,none,2026-09-26T11:12:33.340486+00:00
flowfuse,1758299844_370684c30fe9c4a935b1043cd77fd47c3f5f9edc,forge-unit,34,3746,cf0ad69052df29da,1,          TypeError: The value of 'merged_de32b536-3eda-4bec-8637-4a41b4be0557#/properties/SSOGroups' does not match sch,False,0.8700,none,2026-09-26T11:12:33.442227+00:00
flowfuse,1758299844_370684c30fe9c4a935b1043cd77fd47c3f5f9edc,forge-unit,34,3830,e585f244a10566c4,1,"[2026-09-09T03:59:38.135Z] ERROR: AUDIT: event: account.reset-password, type: user, Password reset failed",False,0.8200,none,2026-09-26T11:12:33.652834+00:00
flowfuse,1758299844_370684c30fe9c4a935b1043cd77fd47c3f5f9edc,forge-unit,34,3843,4779fbe152ac7629,1,          TypeError: The value of 'merged_4e636db7-a7f5-473a-bb88-b3731331b87b#/properties/SSOGroups' does not match sch,False,0.8700,none,2026-09-26T11:12:33.779394+00:00
flowfuse,1758299844_370684c30fe9c4a935b1043cd77fd47c3f5f9edc,forge-unit,34,3873,3d9ba450f4087619,1,          TypeError: The value of 'merged_59bf7cb0-2352-4749-b12b-b427fc97287d#/properties/SSOGroups' does not match sch,False,0.8600,none,2026-09-26T11:12:34.007199+00:00
flowfuse,1758299844_370684c30fe9c4a935b1043cd77fd47c3f5f9edc,system,7,7028,69fdfb01ed571451,5,[2026-09-09T04:00:51.524Z] ERROR: Error running task 'licenseOverage: SequelizeDatabaseError: SQLITE_MISUSE: Database ha,False,0.6100,none,2026-09-26T11:12:34.107160+00:00
flowfuse,1758299844_370684c30fe9c4a935b1043cd77fd47c3f5f9edc,system,7,7064,ecd5e0a90c08ec94,1,          TypeError: The value of 'merged_668c22e2-ed52-4ed7-800f-b9fca4f66e28#/properties/SSOGroups' does not match sch,False,0.8600,none,2026-09-26T11:12:34.238835+00:00
flowfuse,1758299844_370684c30fe9c4a935b1043cd77fd47c3f5f9edc,system,7,7298,3761a1a5b0121877,1,          TypeError: The value of 'merged_0c327f65-7a02-4342-ad64-afacf8cdadd6#/properties/SSOGroups' does not match sch,False,0.8700,none,2026-09-26T11:12:34.379490+00:00
flowfuse,1758535249_864352eac681ae866c6dc91df94a7feff0117b6c,forge-unit,2,3436,b2d6d1cfb72435e4,1,      AssertionError: expected '@flowfuse-certified-nodes:registry=https://localhost/\n@flowfuse-nodes:registry=https://,False,0.9100,none,2026-09-26T11:12:34.536331+00:00
flowfuse,1758802783_10c7ba6fdba1f234093282776126474444e33f44,forge-unit,2,2981,0d839badf9c959c9,1,          RangeError: Invalid string length,False,0.5600,none,2026-09-26T11:12:34.747785+00:00
flowfuse,1758802783_10c7ba6fdba1f234093282776126474444e33f44,forge-unit,2,3079,f5e042c2c2de2afc,1,              at AssertionError.value (/coverage_reloaded/repo/node_modules/should/cjs/should.js:139:20),False,0.6700,none,2026-09-26T11:12:34.796190+00:00
flowfuse,1758802783_10c7ba6fdba1f234093282776126474444e33f44,forge-unit,2,3190,e9e60b2c9917c059,1,              at AssertionError.value (/coverage_reloaded/repo/node_modules/should/cjs/should.js:139:20),False,0.8100,none,2026-09-26T11:12:34.985061+00:00
flowfuse,1759154503_67661e278efd23f75bbc14251cf31138a1ea6120,forge-unit,2,3053,16d15bd2bc7b6606,2,"[2026-09-09T00:38:19.093Z] ERROR: AUDIT: event: team.device.provisioning.created, type: team, id: 1, Error: Token name m",False,0.8200,false_positive,2026-09-26T11:12:35.107663+00:00
flowfuse,1759154526_510cb7556a2b4c57e8596d3996894a249f4330b7,forge-unit,3,3356,ba8924b25176ed6e,4,"[2026-09-14T14:57:10.868Z] ERROR: AUDIT: event: account.reset-password, type: user, Password reset failed",False,0.7200,none,2026-09-26T11:12:35.380143+00:00
flowfuse,1759155064_98f89fcaa75993923f4be358728d457e1e9434e9,forge-unit,3,2647,cddba4bbd8c3fcb8,1,"[2026-09-16T05:29:03.637Z] ERROR: AUDIT: event: platform.project-type.deleted, type: platform, Error: Cannot delete Proj",False,0.8200,none,2026-09-26T11:12:35.444823+00:00
flowfuse,1759166256_5360c80875e4db2cfad5e1db5b51f104b563e60e,forge-unit,1,1989,c0328deb1b2d6bf1,1,          TypeError: Cannot read properties of null (reading 'instanceType'),False,0.8600,none,2026-09-26T11:12:35.549617+00:00
flowfuse,1759166256_5360c80875e4db2cfad5e1db5b51f104b563e60e,forge-unit,1,3238,eae9211d9577c77b,2,"[2026-09-13T18:58:56.573Z] ERROR: AUDIT: event: user.deleted, type: user, id: 26, Error: Cannot delete the last platform",False,0.8100,false_positive,2026-09-26T11:12:35.725626+00:00
flowfuse,1759243892_fb12d107fee7c80c6592157924781ad4465d1b82,forge-unit,1,3078,d781b972196ab11f,1,"[2026-09-15T19:55:36.010Z] ERROR: AUDIT: event: team.device.provisioning.created, type: team, id: 1, Error: Token name m",False,0.7800,none,2026-09-26T11:12:35.886115+00:00
flowfuse,1759243892_fb12d107fee7c80c6592157924781ad4465d1b82,forge-unit,1,3084,1d66844ada9727dc,1,"[2026-09-15T19:55:36.127Z] ERROR: AUDIT: event: team.device.provisioning.updated, type: team, id: 1, Error: Invalid inst",False,0.7300,none,2026-09-26T11:12:36.020918+00:00
flowfuse,1759414969_e88525cdde2ab38eb8859605cdc6b6c8d3f61c85,forge-unit,1,3277,de2519fc23dfa830,1,"[2026-09-08T22:59:27.724Z] ERROR: AUDIT: event: account.register, type: user, Error: license limit reached",False,0.7000,none,2026-09-26T11:12:36.183287+00:00
flowfuse,1759918672_b80aba6f4775a89548a906ed7073c01b29b3d7ad,forge-unit,87,1695,f29a5b6de90a941b,4,[2026-09-13T15:27:39.685Z] WARN: Failed to apply supplied license: SequelizeDatabaseError: SQLITE_ERROR: no such table: ,False,0.5500,none,2026-09-26T11:12:36.323768+00:00
flowfuse,1759918672_b80aba6f4775a89548a906ed7073c01b29b3d7ad,forge-unit,87,1709,4cf62986054df0a3,1,[2026-09-13T15:27:39.683Z] ERROR: Failed to start: SequelizeDatabaseError: SQLITE_ERROR: no such table: MetaVersions,True,0.5600,none,2026-09-26T11:12:36.480151+00:00
flowfuse,1759918672_b80aba6f4775a89548a906ed7073c01b29b3d7ad,forge-unit,87,1740,1eacddabb8c9f218,4,[2026-09-13T15:27:39.695Z] ERROR: Failed to start: SequelizeDatabaseError: SQLITE_ERROR: no such table: MetaVersions,True,0.5000,none,2026-09-26T11:12:36.590351+00:00
flowfuse,1759918672_b80aba6f4775a89548a906ed7073c01b29b3d7ad,forge-unit,87,1814,9f253881b506c0ba,5,[2026-09-13T15:27:39.827Z] WARN: Failed to apply supplied license: SequelizeDatabaseError: SQLITE_ERROR: no such table: ,False,0.6400,none,2026-09-26T11:12:36.746180+00:00
flowfuse,1759918672_b80aba6f4775a89548a906ed7073c01b29b3d7ad,forge-unit,87,1834,e6e61080bf2b1599,1,[2026-09-13T15:27:40.238Z] ERROR: Failed to start: SequelizeDatabaseError: SQLITE_ERROR: no such table: MetaVersions,True,0.5800,none,2026-09-26T11:12:36.902589+00:00
flowfuse,1759918672_b80aba6f4775a89548a906ed7073c01b29b3d7ad,forge-unit,87,1914,b50001bc53c0c01c,4,[2026-09-13T15:27:41.741Z] ERROR: Failed to start: SequelizeDatabaseError: SQLITE_ERROR: index user_username_lower_uniqu,True,0.5300,none,2026-09-26T11:12:37.077308+00:00
flowfuse,1759918672_b80aba6f4775a89548a906ed7073c01b29b3d7ad,forge-unit,87,2234,a17f634190a40a37,2,"  Error: done() called multiple times in hook <Projects API (EE) Projects API - with billing enabled ""before each"" hook ",False,0.6500,none,2026-09-26T11:12:37.232674+00:00
flowfuse,1759918672_b80aba6f4775a89548a906ed7073c01b29b3d7ad,forge-unit,87,2292,a9b471e787099ac9,2,"  Error: done() called multiple times in hook <Projects API (EE) npmrc values should be hidden from none owners ""before ",False,0.5600,none,2026-09-26T11:12:37.381697+00:00
flowfuse,1759918672_b80aba6f4775a89548a906ed7073c01b29b3d7ad,forge-unit,87,2430,afc801259a59f914,1,"  Error: done() called multiple times in hook <Billing routes ""before all"" hook in ""Billing routes""> of file /coverage_r",False,0.6400,none,2026-09-26T11:12:37.524316+00:00
flowfuse,1759918672_b80aba6f4775a89548a906ed7073c01b29b3d7ad,forge-unit,87,2538,1b47cdf3ad6047d1,1,"  Error: done() called multiple times in hook <Device Editor API ""before all"" hook in ""Device Editor API""> of file /cove",False,0.6000,none,2026-09-26T11:12:37.704194+00:00
flowfuse,1759918672_b80aba6f4775a89548a906ed7073c01b29b3d7ad,forge-unit,87,2616,5b2f56efa6d36143,1,"  Error: done() called multiple times in hook <Devices API (EE) History timeline ""before all"" hook for ""Owner should get",False,0.6100,none,2026-09-26T11:12:37.846582+00:00
flowfuse,1759918672_b80aba6f4775a89548a906ed7073c01b29b3d7ad,forge-unit,87,2638,dd79e14f7f37cd18,12,     Uncaught FastifyError: Fastify has already been closed and cannot be reopened,False,0.6100,none,2026-09-26T11:12:38.001150+00:00
flowfuse,1759918672_b80aba6f4775a89548a906ed7073c01b29b3d7ad,forge-unit,87,2770,7d3c78b8942090ea,12,     Uncaught FastifyError: Fastify has already been closed and cannot be reopened,False,0.5300,none,2026-09-26T11:12:38.127347+00:00
flowfuse,1759918672_b80aba6f4775a89548a906ed7073c01b29b3d7ad,forge-unit,87,2872,e440285acca30b1e,1,"  Error: done() called multiple times in hook <Tables API ""before all"" hook for ""Get empty Team database list""> of file ",False,0.7000,none,2026-09-26T11:12:38.266715+00:00
flowfuse,1759918672_b80aba6f4775a89548a906ed7073c01b29b3d7ad,forge-unit,87,2940,793f054738a00b11,1,  Error: done() called multiple times in test <Team Broker API old license client limit set to 20 for old license format,False,0.5400,none,2026-09-26T11:12:38.438366+00:00
flowfuse,1759918672_b80aba6f4775a89548a906ed7073c01b29b3d7ad,forge-unit,87,3025,deb9d038ad12473e,1,     Uncaught FastifyError: Fastify has already been closed and cannot be reopened,False,0.7200,none,2026-09-26T11:12:38.633565+00:00
flowfuse,1760105791_c19a360469a9a0d07543000335a1cc9b7712aeea,forge-unit,255,361,bf81b7ef7228dffa,3,[2026-09-09T14:43:48.893Z] ERROR: Failed to start: TypeError: Cannot read properties of undefined (reading 'getCache'),False,0.6800,none,2026-09-26T11:12:38.759983+00:00
flowfuse,1760105791_c19a360469a9a0d07543000335a1cc9b7712aeea,forge-unit,255,674,97980e20d87c14eb,3,[2026-09-09T14:44:13.998Z] ERROR: Failed to start: TypeError: Cannot read properties of undefined (reading 'getCache'),False,0.6200,none,2026-09-26T11:12:39.014662+00:00
flowfuse,1760105791_c19a360469a9a0d07543000335a1cc9b7712aeea,forge-unit,255,595,fdb79bca7df1d456,3,[2026-09-09T14:44:07.642Z] ERROR: Failed to start: TypeError: Cannot read properties of undefined (reading 'getCache'),False,0.6400,none,2026-09-26T11:12:39.083049+00:00
flowfuse,1760105791_c19a360469a9a0d07543000335a1cc9b7712aeea,forge-unit,255,983,7cfd8555c79341e9,3,[2026-09-09T14:44:40.400Z] ERROR: Failed to start: TypeError: Cannot read properties of undefined (reading 'getCache'),False,0.6600,none,2026-09-26T11:12:39.187447+00:00
flowfuse,1760105791_c19a360469a9a0d07543000335a1cc9b7712aeea,forge-unit,255,1152,d3a68a838abe51ff,3,[2026-09-09T14:44:48.286Z] ERROR: Failed to start: TypeError: Cannot read properties of undefined (reading 'getCache'),False,0.6400,none,2026-09-26T11:12:39.304735+00:00
flowfuse,1760105791_c19a360469a9a0d07543000335a1cc9b7712aeea,forge-unit,255,1189,6566863fd5634a01,5,[2026-09-09T14:44:51.188Z] ERROR: Failed to start: TypeError: Cannot read properties of undefined (reading 'getCache'),False,0.6400,none,2026-09-26T11:12:39.483142+00:00
flowfuse,1760105791_c19a360469a9a0d07543000335a1cc9b7712aeea,forge-unit,255,1198,5fd46dee5695fe8d,3,[2026-09-09T14:44:51.884Z] ERROR: Failed to start: TypeError: Cannot read properties of undefined (reading 'getCache'),False,0.6700,none,2026-09-26T11:12:39.631181+00:00
flowfuse,1760105791_c19a360469a9a0d07543000335a1cc9b7712aeea,forge-unit,255,1280,c77dc01064f530f7,3,[2026-09-09T14:44:58.348Z] ERROR: Failed to start: TypeError: Cannot read properties of undefined (reading 'getCache'),False,0.6300,none,2026-09-26T11:12:39.798242+00:00
flowfuse,1760105791_c19a360469a9a0d07543000335a1cc9b7712aeea,forge-unit,255,1289,d9078d23e6184fba,4,[2026-09-09T14:44:59.029Z] ERROR: Failed to start: TypeError: Cannot read properties of undefined (reading 'getCache'),False,0.6700,none,2026-09-26T11:12:39.938759+00:00
flowfuse,1760105791_c19a360469a9a0d07543000335a1cc9b7712aeea,forge-unit,255,1308,781569a64186ba28,3,[2026-09-09T14:45:00.473Z] ERROR: Failed to start: TypeError: Cannot read properties of undefined (reading 'getCache'),False,0.7100,none,2026-09-26T11:12:40.149731+00:00
flowfuse,1760105791_c19a360469a9a0d07543000335a1cc9b7712aeea,forge-unit,255,1333,b98ce30d1824737d,3,[2026-09-09T14:45:02.502Z] ERROR: Failed to start: TypeError: Cannot read properties of undefined (reading 'getCache'),False,0.6900,none,2026-09-26T11:12:40.208277+00:00
flowfuse,1760105791_c19a360469a9a0d07543000335a1cc9b7712aeea,forge-unit,255,1342,ed02cb518d4b1c14,4,[2026-09-09T14:45:03.222Z] ERROR: Failed to start: TypeError: Cannot read properties of undefined (reading 'getCache'),False,0.6800,none,2026-09-26T11:12:40.387412+00:00
flowfuse,1760105791_c19a360469a9a0d07543000335a1cc9b7712aeea,forge-unit,255,1508,e3fcfbf1d9282d9a,3,[2026-09-09T14:45:10.982Z] ERROR: Failed to start: TypeError: Cannot read properties of undefined (reading 'getCache'),False,0.7100,none,2026-09-26T11:12:40.572029+00:00
flowfuse,1760105791_c19a360469a9a0d07543000335a1cc9b7712aeea,forge-unit,255,1514,25534c7ad7068883,3,[2026-09-09T14:45:11.675Z] ERROR: Failed to start: TypeError: Cannot read properties of undefined (reading 'getCache'),False,0.6800,none,2026-09-26T11:12:40.657468+00:00
flowfuse,1760105791_c19a360469a9a0d07543000335a1cc9b7712aeea,forge-unit,255,1521,4a05e4bc9efd612c,3,[2026-09-09T14:45:12.390Z] ERROR: Failed to start: TypeError: Cannot read properties of undefined (reading 'getCache'),False,0.6800,none,2026-09-26T11:12:40.793424+00:00
flowfuse,1760105791_c19a360469a9a0d07543000335a1cc9b7712aeea,forge-unit,255,1530,2243ce24218a2a5f,4,[2026-09-09T14:45:13.087Z] ERROR: Failed to start: TypeError: Cannot read properties of undefined (reading 'getCache'),False,0.7000,none,2026-09-26T11:12:41.018903+00:00
flowfuse,1760105791_c19a360469a9a0d07543000335a1cc9b7712aeea,forge-unit,255,1629,ac45b837b1d637dd,3,[2026-09-09T14:45:21.136Z] ERROR: Failed to start: TypeError: Cannot read properties of undefined (reading 'getCache'),False,0.6800,none,2026-09-26T11:12:41.131041+00:00
flowfuse,1760105791_c19a360469a9a0d07543000335a1cc9b7712aeea,forge-unit,255,1646,01133320679eae26,4,[2026-09-09T14:45:22.562Z] ERROR: Failed to start: TypeError: Cannot read properties of undefined (reading 'getCache'),False,0.6200,none,2026-09-26T11:12:41.294380+00:00
flowfuse,1760105791_c19a360469a9a0d07543000335a1cc9b7712aeea,forge-unit,255,1700,e12bfbc2d350ae44,3,[2026-09-09T14:45:26.736Z] ERROR: Failed to start: TypeError: Cannot read properties of undefined (reading 'getCache'),False,0.6700,none,2026-09-26T11:12:41.437122+00:00
flowfuse,1760105791_c19a360469a9a0d07543000335a1cc9b7712aeea,forge-unit,255,1708,e96b7340d016dc7b,3,[2026-09-09T14:45:27.466Z] ERROR: Failed to start: TypeError: Cannot read properties of undefined (reading 'getCache'),False,0.6600,none,2026-09-26T11:12:41.548027+00:00
flowfuse,1760105791_c19a360469a9a0d07543000335a1cc9b7712aeea,forge-unit,255,1717,589010f817992d16,4,[2026-09-09T14:45:28.178Z] ERROR: Failed to start: TypeError: Cannot read properties of undefined (reading 'getCache'),False,0.6500,none,2026-09-26T11:12:41.726605+00:00
flowfuse,1760105791_c19a360469a9a0d07543000335a1cc9b7712aeea,forge-unit,255,1794,c1a233c9b4f435a5,4,[2026-09-09T14:45:34.527Z] ERROR: Failed to start: TypeError: Cannot read properties of undefined (reading 'getCache'),False,0.6600,none,2026-09-26T11:12:41.894607+00:00
flowfuse,1760105791_c19a360469a9a0d07543000335a1cc9b7712aeea,forge-unit,255,1972,baf51641eb29a960,4,     TypeError: Cannot read properties of undefined (reading 'getCache'),False,0.7400,none,2026-09-26T11:12:42.037776+00:00
flowfuse,1760105791_c19a360469a9a0d07543000335a1cc9b7712aeea,forge-unit,255,2087,625aef8182a6388d,9,     TypeError: Cannot read properties of undefined (reading 'close'),False,0.7100,none,2026-09-26T11:12:42.180117+00:00
flowfuse,1760105791_c19a360469a9a0d07543000335a1cc9b7712aeea,forge-unit,255,2840,e045223d406392bf,4,     TypeError: Cannot read properties of undefined (reading 'getCache'),False,0.6700,none,2026-09-26T11:12:42.348324+00:00
flowfuse,1760107562_b7bdfacf023aaf5b359de5a97bb64d372e7bac14,forge-unit,255,3928,909675a51ae2e2ec,1,[2026-09-10T02:07:56.894Z] ERROR: TypeError: Cannot read properties of undefined (reading 'getCache'),False,0.7700,none,2026-09-26T11:12:42.474200+00:00
flowfuse,1761227078_eeb1d1f162eda45b10ee264b38d33c9f7dd54dc1,forge-unit,8,3050,ed170b74f163388c,2,"Rolling back transaction 54a8729c-882d-48a2-b2fa-16b36ad865e9 failed with error ""SQLITE_ERROR: cannot rollback - no tran",False,0.6000,none,2026-09-26T11:12:42.632050+00:00
flowfuse,1761227078_eeb1d1f162eda45b10ee264b38d33c9f7dd54dc1,forge-unit,8,3056,2f8cfbe4f91af151,2,"Rolling back transaction b13f7980-d7b7-4a4d-b2d6-5f1800c9ebef failed with error ""SQLITE_ERROR: cannot rollback - no tran",False,0.7300,none,2026-09-26T11:12:42.776592+00:00
flowfuse,1761227078_eeb1d1f162eda45b10ee264b38d33c9f7dd54dc1,forge-unit,8,3083,a10785cee00dd2f3,4,"Rolling back transaction 772e520d-baba-4ee6-b5e8-07d518147b08 failed with error ""SQLITE_ERROR: cannot rollback - no tran",False,0.7700,none,2026-09-26T11:12:42.977130+00:00
flowfuse,1761227078_eeb1d1f162eda45b10ee264b38d33c9f7dd54dc1,forge-unit,8,3107,e9151412fe848689,2,            Error: SQLITE_ERROR: cannot rollback - no transaction is active,False,0.8200,none,2026-09-26T11:12:43.113033+00:00
flowfuse,1761227078_eeb1d1f162eda45b10ee264b38d33c9f7dd54dc1,forge-unit,8,3274,7ae6cafc17b375bb,107,          Error: Simulated error,False,0.8200,none,2026-09-26T11:12:43.240796+00:00
flowfuse,1761230518_99a330135c45f1949d21a4b1c128e4db93631c87,forge-unit,16,3047,2bd24ff42d163194,1,          ReferenceError: transaction is not defined,False,0.9000,none,2026-09-26T11:12:43.398735+00:00
flowfuse,1761230518_99a330135c45f1949d21a4b1c128e4db93631c87,forge-unit,16,3056,745e4ae6eceba1bf,1,          ReferenceError: transaction is not defined,False,0.8800,none,2026-09-26T11:12:43.523238+00:00
flowfuse,1761230518_99a330135c45f1949d21a4b1c128e4db93631c87,forge-unit,16,3065,3498237656d1f272,1,          ReferenceError: transaction is not defined,False,0.8800,none,2026-09-26T11:12:43.684832+00:00
flowfuse,1761230518_99a330135c45f1949d21a4b1c128e4db93631c87,forge-unit,16,3074,694a710c983fc184,1,          ReferenceError: transaction is not defined,False,0.8900,none,2026-09-26T11:12:43.912509+00:00
flowfuse,1761230518_99a330135c45f1949d21a4b1c128e4db93631c87,forge-unit,16,3142,3fba9c5093c876f5,1,          ReferenceError: transaction is not defined,False,0.8800,none,2026-09-26T11:12:44.098106+00:00
flowfuse,1761230518_99a330135c45f1949d21a4b1c128e4db93631c87,forge-unit,16,3158,962920bee752bb16,1,          ReferenceError: transaction is not defined,False,0.8800,none,2026-09-26T11:12:44.245280+00:00
flowfuse,1761230518_99a330135c45f1949d21a4b1c128e4db93631c87,forge-unit,16,3166,bddca019efdf99bc,1,          ReferenceError: transaction is not defined,False,0.8700,none,2026-09-26T11:12:44.471538+00:00
flowfuse,1761230518_99a330135c45f1949d21a4b1c128e4db93631c87,forge-unit,16,3083,5947f01acb04f042,1,          ReferenceError: transaction is not defined,False,0.8900,none,2026-09-26T11:12:44.612924+00:00
flowfuse,1761230518_99a330135c45f1949d21a4b1c128e4db93631c87,forge-unit,16,3643,820e1068df049717,9,      AssertionError: expected 500 to be 404,False,0.8900,none,2026-09-26T11:12:44.628371+00:00
flowfuse,1761230518_99a330135c45f1949d21a4b1c128e4db93631c87,forge-unit,16,3768,b22e9f1e3cdb904c,3,     AssertionError: expected Device {,False,0.8400,none,2026-09-26T11:12:44.810195+00:00
flowfuse,1761230518_99a330135c45f1949d21a4b1c128e4db93631c87,forge-unit,16,3879,3bceb7a85484dbb8,3,     SQLITE_CONSTRAINT: FOREIGN KEY constraint failed,False,0.8200,none,2026-09-26T11:12:44.929473+00:00
flowfuse,1761230581_acaab5ce262da203bb5b94ca92051a5369109d00,forge-unit,16,3068,cca91258e12ca57b,1,          ReferenceError: transaction is not defined,False,0.8900,none,2026-09-26T11:12:45.058299+00:00
flowfuse,1761230581_acaab5ce262da203bb5b94ca92051a5369109d00,forge-unit,16,3108,858ebed9178dcf8e,2,          ReferenceError: transaction is not defined,False,0.8900,none,2026-09-26T11:12:45.204454+00:00
flowfuse,1761230581_acaab5ce262da203bb5b94ca92051a5369109d00,forge-unit,16,3119,1711c238a88abd99,2,          ReferenceError: transaction is not defined,False,0.9100,none,2026-09-26T11:12:45.343674+00:00
flowfuse,1761230581_acaab5ce262da203bb5b94ca92051a5369109d00,forge-unit,16,3149,978bafbb39ace055,2,          ReferenceError: transaction is not defined,False,0.8900,none,2026-09-26T11:12:45.456365+00:00
flowfuse,1761296072_69d168e14dde6e8e79f5184946ae1066d30fe12b,forge-unit,15,3097,30540f2a792ea7bb,1,          ReferenceError: transaction is not defined,False,0.8900,none,2026-09-26T11:12:45.762922+00:00
flowfuse,1761296072_69d168e14dde6e8e79f5184946ae1066d30fe12b,forge-unit,15,3065,56667198b688d231,1,          ReferenceError: transaction is not defined,False,0.8900,none,2026-09-26T11:12:45.839724+00:00
flowfuse,1762343516_c93c3185c29f36d1d0a6092a67e497f4a106b764,forge-unit,1,3393,83e1864bfd438a69,2,"[2026-09-08T19:43:48.166Z] ERROR: AUDIT: event: account.register, type: user, Error: license limit reached",False,0.6900,none,2026-09-26T11:12:45.913484+00:00
flowfuse,1762427745_c5595e1a1e3d824f8dda0b9bdd1cd5adc1a870be,forge-unit,112,4751,82e5ce69720c0d54,2,      AssertionError: expected 404 to be 409,False,0.8500,none,2026-09-26T11:12:46.108232+00:00
flowfuse,1762427745_c5595e1a1e3d824f8dda0b9bdd1cd5adc1a870be,forge-unit,112,5001,892bee6e1487a6ac,3,      AssertionError: expected 404 to be 401,False,0.8700,none,2026-09-26T11:12:46.280328+00:00
flowfuse,1762511661_25fa9671d85b46d0c2ee9e94ec0088675024fe32,forge-unit,1,3517,180b21098dbba25c,1,"[2026-09-08T16:24:38.354Z] ERROR: AUDIT: event: project.start-failed, type: project, id: 6d705465-ba9b-4a03-b0b5-3819888",False,0.8000,none,2026-09-26T11:12:46.414477+00:00
flowfuse,1762511661_25fa9671d85b46d0c2ee9e94ec0088675024fe32,forge-unit,1,3524,40cb432e9af71991,1,          TypeError: Cannot read properties of undefined (reading 'getFeatureProperty'),False,0.8400,none,2026-09-26T11:12:46.532973+00:00
flowfuse,1762522472_2c8a20c926e38c761de5b12f6e683823808c9af9,forge-unit,255,379,f485d97b807367f8,1,"[2026-09-12T19:31:21.617Z] ERROR: AUDIT: event: project.start-failed, type: project, id: 97fae045-5a82-43cb-912e-f73c960",False,0.6300,none,2026-09-26T11:12:46.731652+00:00
flowfuse,1762522472_2c8a20c926e38c761de5b12f6e683823808c9af9,forge-unit,255,1614,9ff0cc649fa23c5e,1,[2026-09-12T19:43:47.690Z] ERROR: Failed to start project 223eb888-46c1-441f-b62e-50824eeb9fc5: TypeError: Cannot read p,False,0.7900,none,2026-09-26T11:12:46.834700+00:00
flowfuse,1762522472_2c8a20c926e38c761de5b12f6e683823808c9af9,forge-unit,255,1651,c7f18b2c31953a60,1,      charge.failed,False,0.6400,none,2026-09-26T11:12:46.988454+00:00
flowfuse,1762522472_2c8a20c926e38c761de5b12f6e683823808c9af9,forge-unit,255,2606,ac6b1c592bf8f22b,1,"[2026-09-12T19:53:10.912Z] ERROR: AUDIT: event: platform.project-type.deleted, type: platform, Error: Cannot delete Proj",False,0.7900,none,2026-09-26T11:12:47.115257+00:00
flowfuse,1762522472_2c8a20c926e38c761de5b12f6e683823808c9af9,forge-unit,255,2957,6261df57754a32ad,2,"[2026-09-12T19:54:25.158Z] ERROR: AUDIT: event: team.device.provisioning.created, type: team, id: 1, Error: Token name m",False,0.7300,none,2026-09-26T11:12:47.280747+00:00
flowfuse,1762522472_2c8a20c926e38c761de5b12f6e683823808c9af9,forge-unit,255,2963,0e7ff161134f0450,1,"[2026-09-12T19:54:25.253Z] ERROR: AUDIT: event: team.device.provisioning.updated, type: team, id: 1, Error: Invalid appl",False,0.6900,none,2026-09-26T11:12:47.491288+00:00
flowfuse,1762522472_2c8a20c926e38c761de5b12f6e683823808c9af9,forge-unit,255,3190,50f92949288ce496,1,"[2026-09-12T19:55:56.150Z] ERROR: AUDIT: event: account.reset-password, type: user, Password reset failed",False,0.5900,none,2026-09-26T11:12:47.583508+00:00
flowfuse,1762522472_2c8a20c926e38c761de5b12f6e683823808c9af9,forge-unit,255,3276,26c775935881993a,1,"[2026-09-12T19:56:23.509Z] ERROR: AUDIT: event: project.start-failed, type: project, id: c54f9655-9bd1-4648-ae8c-3031503",False,0.5600,none,2026-09-26T11:12:47.704604+00:00
flowfuse,1762522472_2c8a20c926e38c761de5b12f6e683823808c9af9,forge-unit,255,5722,33febc46a5aa2cb2,1,  Error: done() called multiple times in hook <Team Devices API Team Devices Supports bulk operations reassign to device,False,0.7400,none,2026-09-26T11:12:47.924375+00:00
flowfuse,1762522472_2c8a20c926e38c761de5b12f6e683823808c9af9,forge-unit,255,5961,e3f1d8843f729070,1,"  Error: done() called multiple times in hook <User API User deletes own account ""before each"" hook for ""Admin can delet",False,0.7600,none,2026-09-26T11:12:48.037942+00:00
flowfuse,1762855613_c7aff6d3292c15d552b81a6bb04358e26e48e75b,forge-unit,10,1227,9a7faaa1d23fb9e2,3,          TypeError: Cannot read properties of undefined (reading 'getFeatureProperty'),False,0.8500,none,2026-09-26T11:12:48.200472+00:00
flowfuse,1763139507_e617d3d7903dd9f8369f391eda13a3fc07116ac6,forge-unit,5,2292,b0605e517d92ea9a,1,          TypeError: Cannot read properties of undefined (reading 'TeamType'),False,0.8600,none,2026-09-26T11:12:48.305099+00:00
flowfuse,1763139507_e617d3d7903dd9f8369f391eda13a3fc07116ac6,forge-unit,5,3634,ad80e1c5d325b132,1,      AssertionError: expected 500 to be 401,False,0.8800,none,2026-09-26T11:12:48.527131+00:00
flowfuse,1763544843_f4981cee334582644fce7a2a6fef8827b673493d,forge-unit,1,3588,d3d7f546c2057bfd,12,      AssertionError: expected 403 to be 200,False,0.8700,none,2026-09-26T11:12:48.655420+00:00
flowfuse,1764167650_1f0a48962db695869d76aec6a869859baa037687,forge-unit,208,1912,0a0568b9edd5fd4c,1,          TypeError: Cannot read properties of undefined (reading 'npmrc'),False,0.8000,none,2026-09-26T11:12:48.897458+00:00
flowfuse,1764167650_1f0a48962db695869d76aec6a869859baa037687,forge-unit,208,1598,4e0370396120a1e2,2,          TypeError: Cannot read properties of undefined (reading 'npmrc'),False,0.8100,none,2026-09-26T11:12:49.050959+00:00
flowfuse,1764167650_1f0a48962db695869d76aec6a869859baa037687,forge-unit,208,1922,82390f2eb74eefbf,2,          TypeError: Cannot read properties of undefined (reading 'npmrc'),False,0.7800,none,2026-09-26T11:12:49.069977+00:00
flowfuse,1764167650_1f0a48962db695869d76aec6a869859baa037687,forge-unit,208,1932,e9d977982d3a76b0,1,          TypeError: Cannot read properties of undefined (reading 'npmrc'),False,0.8000,none,2026-09-26T11:12:49.317038+00:00
flowfuse,1764167650_1f0a48962db695869d76aec6a869859baa037687,forge-unit,208,1942,5ea6e4d9e02e1e68,2,          TypeError: Cannot read properties of undefined (reading 'npmrc'),False,0.8200,none,2026-09-26T11:12:49.379684+00:00
flowfuse,1764167650_1f0a48962db695869d76aec6a869859baa037687,forge-unit,208,1962,3848361826170773,2,          TypeError: Cannot read properties of undefined (reading 'npmrc'),False,0.8000,none,2026-09-26T11:12:49.521935+00:00
flowfuse,1764167650_1f0a48962db695869d76aec6a869859baa037687,forge-unit,208,1973,eb8de71f4d422154,1,          TypeError: Cannot read properties of undefined (reading 'npmrc'),False,0.8000,none,2026-09-26T11:12:49.695703+00:00
flowfuse,1764167650_1f0a48962db695869d76aec6a869859baa037687,forge-unit,208,1983,e24c89e4e5556b73,1,          TypeError: Cannot read properties of undefined (reading 'npmrc'),False,0.8100,none,2026-09-26T11:12:49.823928+00:00
flowfuse,1764167650_1f0a48962db695869d76aec6a869859baa037687,forge-unit,208,3613,33e5a68bb59b4bdf,2,          TypeError: Cannot read properties of undefined (reading 'npmrc'),False,0.8200,none,2026-09-26T11:12:49.974374+00:00
flowfuse,1764167650_1f0a48962db695869d76aec6a869859baa037687,forge-unit,208,3647,5f9cba5c3b342eee,2,          TypeError: Cannot read properties of undefined (reading 'npmrc'),False,0.8300,none,2026-09-26T11:12:50.159886+00:00
flowfuse,1764167650_1f0a48962db695869d76aec6a869859baa037687,forge-unit,208,3665,2912891ac2d56fc7,2,          TypeError: Cannot read properties of undefined (reading 'npmrc'),False,0.8300,none,2026-09-26T11:12:50.254392+00:00
flowfuse,1764167650_1f0a48962db695869d76aec6a869859baa037687,forge-unit,208,3674,32a8b759f2477274,2,          TypeError: Cannot read properties of undefined (reading 'npmrc'),False,0.8300,none,2026-09-26T11:12:50.447341+00:00
flowfuse,1764167650_1f0a48962db695869d76aec6a869859baa037687,forge-unit,208,6664,76509bbc394dd27d,2,          TypeError: Cannot read properties of undefined (reading 'npmrc'),False,0.8000,none,2026-09-26T11:12:50.697791+00:00
flowfuse,1764167650_1f0a48962db695869d76aec6a869859baa037687,forge-unit,208,6674,46969a7f138ba2e4,2,          TypeError: Cannot read properties of undefined (reading 'npmrc'),False,0.8100,none,2026-09-26T11:12:50.719317+00:00
flowfuse,1764167650_1f0a48962db695869d76aec6a869859baa037687,forge-unit,208,6756,64ab2e6c82836b3b,2,          TypeError: Cannot read properties of undefined (reading 'npmrc'),False,0.8100,none,2026-09-26T11:12:50.897480+00:00
flowfuse,1764167650_1f0a48962db695869d76aec6a869859baa037687,forge-unit,208,6800,dcf4b65e6e91dfc9,2,          TypeError: Cannot read properties of undefined (reading 'npmrc'),False,0.8100,none,2026-09-26T11:12:51.002998+00:00
flowfuse,1764167650_1f0a48962db695869d76aec6a869859baa037687,forge-unit,208,11062,af97944a08552113,2,          TypeError: Cannot read properties of undefined (reading 'npmrc'),False,0.8200,none,2026-09-26T11:12:51.189656+00:00
flowfuse,1764167650_1f0a48962db695869d76aec6a869859baa037687,forge-unit,208,13681,d5c99656654c0db3,2,          TypeError: Cannot read properties of undefined (reading 'npmrc'),False,0.8200,none,2026-09-26T11:12:51.327436+00:00
flowfuse,1764167650_1f0a48962db695869d76aec6a869859baa037687,forge-unit,208,13723,4827a4c6025cb461,2,          TypeError: Cannot read properties of undefined (reading 'npmrc'),False,0.8000,none,2026-09-26T11:12:51.488172+00:00
flowfuse,1764167650_1f0a48962db695869d76aec6a869859baa037687,forge-unit,208,13733,eb256f2a762ce054,2,          TypeError: Cannot read properties of undefined (reading 'npmrc'),False,0.8200,none,2026-09-26T11:12:51.623004+00:00
flowfuse,1764167650_1f0a48962db695869d76aec6a869859baa037687,forge-unit,208,13847,5344622a2a40f9d8,2,          TypeError: Cannot read properties of undefined (reading 'npmrc'),False,0.8200,none,2026-09-26T11:12:51.863882+00:00
flowfuse,1764167650_1f0a48962db695869d76aec6a869859baa037687,forge-unit,208,13970,c4079ad52d56fea0,1,[2026-09-16T05:13:07.911Z] ERROR: Failed to start: SequelizeDatabaseError: SQLITE_ERROR: no such table: MetaVersions,True,0.5700,none,2026-09-26T11:12:51.934405+00:00
flowfuse,1764167650_1f0a48962db695869d76aec6a869859baa037687,forge-unit,208,14154,bac53944c87d9819,1,[2026-09-16T05:13:10.452Z] ERROR: Failed to start: SequelizeDatabaseError: SQLITE_ERROR: no such table: MetaVersions,True,0.5800,none,2026-09-26T11:12:52.164957+00:00
flowfuse,1764167650_1f0a48962db695869d76aec6a869859baa037687,forge-unit,208,14189,4a8bb6e207f12b2c,2,[2026-09-16T05:13:11.557Z] ERROR: Failed to start: SequelizeDatabaseError: SQLITE_ERROR: no such table: MetaVersions,True,0.6500,none,2026-09-26T11:12:52.248852+00:00
flowfuse,1764167650_1f0a48962db695869d76aec6a869859baa037687,forge-unit,208,14250,21bc185726363890,1,[2026-09-16T05:13:12.414Z] ERROR: Failed to start: SequelizeDatabaseError: SQLITE_ERROR: no such table: MetaVersions,True,0.5400,none,2026-09-26T11:12:52.511154+00:00
flowfuse,1764167650_1f0a48962db695869d76aec6a869859baa037687,forge-unit,208,14202,e7a2e4b96fecf2f0,1,[2026-09-16T05:13:11.847Z] ERROR: Failed to start: Error: ConnectionManager.getConnection was called after the connectio,False,0.5300,none,2026-09-26T11:12:52.561158+00:00
flowfuse,1764167650_1f0a48962db695869d76aec6a869859baa037687,forge-unit,208,14426,c130e9c8b083709a,2,[2026-09-16T05:13:15.957Z] ERROR: Failed to start: SequelizeDatabaseError: SQLITE_ERROR: index user_username_lower_uniqu,True,0.5300,none,2026-09-26T11:12:52.689353+00:00
flowfuse,1764167650_1f0a48962db695869d76aec6a869859baa037687,forge-unit,208,14446,5f5eec43f670ac7f,2,[2026-09-16T05:13:17.038Z] ERROR: Failed to start: SequelizeDatabaseError: SQLITE_ERROR: no such table: MetaVersions,True,0.6300,none,2026-09-26T11:12:52.839742+00:00
flowfuse,1764167650_1f0a48962db695869d76aec6a869859baa037687,forge-unit,208,14721,76b63dacaefdfe0e,1,[2026-09-16T05:13:25.905Z] ERROR: Failed to start: SequelizeDatabaseError: SQLITE_ERROR: no such table: MetaVersions,True,0.5400,none,2026-09-26T11:12:52.970567+00:00
flowfuse,1764167650_1f0a48962db695869d76aec6a869859baa037687,forge-unit,208,14765,4b901b63f8211366,1,[2026-09-16T05:13:26.701Z] ERROR: Failed to start: SequelizeDatabaseError: SQLITE_ERROR: duplicate column name: icon,False,0.5500,none,2026-09-26T11:12:53.169388+00:00
flowfuse,1764167650_1f0a48962db695869d76aec6a869859baa037687,forge-unit,208,14794,566cff53f9da4aec,1,[2026-09-16T05:13:26.645Z] ERROR: Failed to start: SequelizeDatabaseError: SQLITE_ERROR: no such table: PlatformSettings,True,0.5500,none,2026-09-26T11:12:53.302087+00:00
flowfuse,1764167650_1f0a48962db695869d76aec6a869859baa037687,forge-unit,208,14875,070e916acfb34286,1,[2026-09-16T05:13:29.187Z] ERROR: Failed to start: SequelizeDatabaseError: SQLITE_ERROR: no such table: MetaVersions,True,0.5400,none,2026-09-26T11:12:53.425259+00:00
flowfuse,1764167650_1f0a48962db695869d76aec6a869859baa037687,forge-unit,208,15283,1a3c809fa0d2edc0,1,"  Error: done() called multiple times in hook <Projects API (EE) Project Resources ""before all"" hook for ""should return ",False,0.6500,none,2026-09-26T11:12:53.571882+00:00
flowfuse,1764167650_1f0a48962db695869d76aec6a869859baa037687,forge-unit,208,15756,60e046bb964a6eda,1,"  Error: done() called multiple times in hook <Tables API ""before all"" hook for ""Get empty Team database list""> of file ",False,0.6500,none,2026-09-26T11:12:53.908487+00:00
flowfuse,1764167650_1f0a48962db695869d76aec6a869859baa037687,forge-unit,208,15811,f7877f6273302bf5,2,"  Error: done() called multiple times in hook <3rd Party Broker API ""before all"" hook in ""3rd Party Broker API""> of file",False,0.6300,none,2026-09-26T11:12:54.044312+00:00
flowfuse,1764167650_1f0a48962db695869d76aec6a869859baa037687,forge-unit,208,15922,6cf047f892aa97b6,1,"  Error: done() called multiple times in hook <Team Broker API licensed ""before all"" hook in ""licensed""> of file /covera",False,0.5500,none,2026-09-26T11:12:54.254345+00:00
flowfuse,1764167650_1f0a48962db695869d76aec6a869859baa037687,forge-unit,208,16105,2e87b0e556cb1c89,2,"  Error: done() called multiple times in hook <License API licensed - 0 claims ""before all"" hook for ""Returns 0 as the l",False,0.5900,none,2026-09-26T11:12:54.363770+00:00
flowfuse,1764167650_1f0a48962db695869d76aec6a869859baa037687,forge-unit,208,15560,242b63396d8904b7,1,"  Error: done() called multiple times in hook <NR HTTP Bearer Tokens ""before all"" hook for ""create HTTP token""> of file ",False,0.5800,none,2026-09-26T11:12:54.448456+00:00
flowfuse,1764167650_1f0a48962db695869d76aec6a869859baa037687,forge-unit,208,16401,56570ec028665a4e,1,"  Error: done() called multiple times in hook <Device Snapshots API ""before all"" hook in ""Device Snapshots API""> of file",False,0.5300,none,2026-09-26T11:12:54.475833+00:00
flowfuse,1764167650_1f0a48962db695869d76aec6a869859baa037687,forge-unit,208,16530,4a28ea66edef8554,1,"  Error: done() called multiple times in hook <Project Type API ""before all"" hook in ""Project Type API""> of file /covera",False,0.6900,none,2026-09-26T11:12:54.653535+00:00
flowfuse,1764167650_1f0a48962db695869d76aec6a869859baa037687,forge-unit,208,16607,ae3012173cf99161,1,  Error: done() called multiple times in test <Endpoint Rate Limiting Rate Limiting plugin Plugin is loaded when config ,False,0.6100,none,2026-09-26T11:12:54.794187+00:00
flowfuse,1764167650_1f0a48962db695869d76aec6a869859baa037687,forge-unit,208,16697,32af9692fa4b9fe0,1,  Error: done() called multiple times in hook <Endpoint Rate Limiting Rate Limiting Routes Only specific Routes use limi,False,0.5800,none,2026-09-26T11:12:55.021308+00:00
flowfuse,1764167650_1f0a48962db695869d76aec6a869859baa037687,forge-unit,208,16797,91cb046e375d2e88,1,"  Error: done() called multiple times in hook <Settings API ""before all"" hook in ""Settings API""> of file /coverage_reloa",False,0.5900,none,2026-09-26T11:12:55.161033+00:00
flowfuse,1764167650_1f0a48962db695869d76aec6a869859baa037687,forge-unit,208,16909,0980029a573cfc05,1,"  Error: done() called multiple times in hook <Team API ""before each"" hook for ""admin can access any team""> of file /cov",False,0.5800,none,2026-09-26T11:12:55.254142+00:00
flowfuse,1764167650_1f0a48962db695869d76aec6a869859baa037687,forge-unit,208,16991,e3b046668d29dba9,1,"  Error: done() called multiple times in hook <Team Invitations API ""before all"" hook in ""Team Invitations API""> of file",False,0.5500,none,2026-09-26T11:12:55.370412+00:00
flowfuse,1764167650_1f0a48962db695869d76aec6a869859baa037687,forge-unit,208,17048,a5ebe5b64e9c54a8,1,"  Error: done() called multiple times in hook <Team Members API Default ""before all"" hook in ""Default""> of file /coverag",False,0.6400,none,2026-09-26T11:12:55.500595+00:00
flowfuse,1764167650_1f0a48962db695869d76aec6a869859baa037687,forge-unit,208,17174,ea6c71053d590560,1,"  Error: done() called multiple times in hook <User Notifications API ""before all"" hook in ""User Notifications API""> of ",False,0.5800,none,2026-09-26T11:12:55.689062+00:00
flowfuse,1764167650_1f0a48962db695869d76aec6a869859baa037687,forge-unit,208,17331,77f990f7381ce53e,1,"  Error: done() called multiple times in hook <Accounts API MFA Tokens ""before all"" hook in ""MFA Tokens""> of file /cover",False,0.5500,none,2026-09-26T11:12:55.923347+00:00
flowfuse,1764167650_1f0a48962db695869d76aec6a869859baa037687,forge-unit,208,17423,73af15b4ca1bc21e,1,"  Error: done() called multiple times in hook <Accounts API Session length ""before all"" hook for ""Short cookie session a",False,0.5600,none,2026-09-26T11:12:55.975184+00:00
flowfuse,1764169082_639da98deddb3b2d5e49d572d7f97cb1e5c82201,forge-unit,14,1668,942696c492fb10b1,3,[2026-09-21T23:58:14.561Z] ERROR: Failed to start project 256d3347-d0c1-41dd-84fc-213237938c04: TypeError: Cannot read p,False,0.8100,none,2026-09-26T11:12:56.141735+00:00
flowfuse,1764169082_639da98deddb3b2d5e49d572d7f97cb1e5c82201,forge-unit,14,2456,a927f15a8d819536,4,          TypeError: Cannot read properties of null (reading 'deviceConfig'),False,0.8700,none,2026-09-26T11:12:56.285218+00:00
flowfuse,1764169082_639da98deddb3b2d5e49d572d7f97cb1e5c82201,forge-unit,14,3791,c8ffa18db67a0f3c,1,      AssertionError: expected 'example npmrc\n@flowfuse-certified-nodes:registry=https://localhost:1234/\n//localhost:1,False,0.8800,none,2026-09-26T11:12:56.483744+00:00
flowfuse,1764171740_40e6d3d763d2c26f7bed53cce5f32ec32fa8702b,forge-unit,105,1973,ff6ac94c6a617326,1,          TypeError: Cannot read properties of undefined (reading 'npmrc'),False,0.8000,none,2026-09-26T11:12:56.554681+00:00
flowfuse,1764171740_40e6d3d763d2c26f7bed53cce5f32ec32fa8702b,forge-unit,105,1982,bb0256dcf72e51f0,1,          TypeError: Cannot read properties of undefined (reading 'npmrc'),False,0.8100,none,2026-09-26T11:12:56.747872+00:00
flowfuse,1764171740_40e6d3d763d2c26f7bed53cce5f32ec32fa8702b,forge-unit,105,6782,83d55a4e3a85a12f,1,          TypeError: Cannot read properties of undefined (reading 'npmrc'),False,0.8100,none,2026-09-26T11:12:56.877246+00:00
flowfuse,1764171740_40e6d3d763d2c26f7bed53cce5f32ec32fa8702b,forge-unit,105,14041,9fe36643a162a3fe,1,          TypeError: Cannot read properties of undefined (reading 'npmrc'),False,0.7600,none,2026-09-26T11:12:57.041971+00:00
flowfuse,1764171740_40e6d3d763d2c26f7bed53cce5f32ec32fa8702b,forge-unit,105,14204,bccb004c0ba90beb,1,[2026-09-12T09:01:32.223Z] ERROR: Failed to start: SequelizeDatabaseError: SQLITE_ERROR: no such table: MetaVersions,True,0.6300,none,2026-09-26T11:12:57.194991+00:00
flowfuse,1764171740_40e6d3d763d2c26f7bed53cce5f32ec32fa8702b,forge-unit,105,14223,dd31cea44f727d89,1,[2026-09-12T09:01:32.350Z] ERROR: Failed to start: SequelizeDatabaseError: SQLITE_ERROR: no such table: Devices,True,0.5200,none,2026-09-26T11:12:57.349909+00:00
flowfuse,1764171740_40e6d3d763d2c26f7bed53cce5f32ec32fa8702b,forge-unit,105,14261,68a9196acbb312d1,1,[2026-09-12T09:01:32.381Z] ERROR: Failed to start: SequelizeDatabaseError: SQLITE_ERROR: no such table: MetaVersions,True,0.6100,none,2026-09-26T11:12:57.523213+00:00
flowfuse,1764171740_40e6d3d763d2c26f7bed53cce5f32ec32fa8702b,forge-unit,105,14325,a830795b7446ec19,1,[2026-09-12T09:01:33.591Z] ERROR: Failed to start: SequelizeDatabaseError: SQLITE_ERROR: no such table: MetaVersions,True,0.5800,none,2026-09-26T11:12:57.634532+00:00
flowfuse,1764171740_40e6d3d763d2c26f7bed53cce5f32ec32fa8702b,forge-unit,105,14535,df21c4e1a371cfc4,1,[2026-09-12T09:01:36.978Z] ERROR: Failed to start: SequelizeDatabaseError: SQLITE_ERROR: no such table: MetaVersions,True,0.5300,none,2026-09-26T11:12:57.810097+00:00
flowfuse,1764171740_40e6d3d763d2c26f7bed53cce5f32ec32fa8702b,forge-unit,105,14552,daa7e130cbe109fe,1,[2026-09-12T09:01:37.106Z] ERROR: Failed to start: SequelizeDatabaseError: SQLITE_ERROR: duplicate column name: editorAf,True,0.5000,none,2026-09-26T11:12:57.973435+00:00
flowfuse,1764171740_40e6d3d763d2c26f7bed53cce5f32ec32fa8702b,forge-unit,105,14751,a5597f62011d034d,1,"  Error: done() called multiple times in hook <Projects API (EE) Projects API - with billing enabled ""before each"" hook ",False,0.5600,none,2026-09-26T11:12:58.085968+00:00
flowfuse,1764171740_40e6d3d763d2c26f7bed53cce5f32ec32fa8702b,forge-unit,105,15224,6c9c4ec7cbd2f1e0,1,"  Error: done() called multiple times in hook <Static Files APIs ""before all"" hook for ""list files""> of file /coverage_r",False,0.6100,none,2026-09-26T11:12:58.194629+00:00
flowfuse,1764171740_40e6d3d763d2c26f7bed53cce5f32ec32fa8702b,forge-unit,105,15468,bcf1f2eee4a6d78f,1,"  Error: done() called multiple times in hook <License API unlicensed ""before all"" hook for ""Uses default limits when no",False,0.5800,none,2026-09-26T11:12:58.376324+00:00
flowfuse,1764581684_ccf514e99f26e7e34347fd42324089db77b3833f,forge-unit,1,2559,3f0b7ae713ae18ed,81, ControllerError: Invalid template,False,0.7900,none,2026-09-26T11:12:58.507432+00:00
flowfuse,1764581684_ccf514e99f26e7e34347fd42324089db77b3833f,forge-unit,1,2565,7c29fbf7ddaa17be,81, ControllerError: Invalid stack,False,0.7900,none,2026-09-26T11:12:58.669543+00:00
flowfuse,1764581684_ccf514e99f26e7e34347fd42324089db77b3833f,forge-unit,1,2571,a0502769086ea063,81, ControllerError: Invalid project type,False,0.8200,none,2026-09-26T11:12:58.837357+00:00
flowfuse,1764581684_ccf514e99f26e7e34347fd42324089db77b3833f,forge-unit,1,2577,32acc13001caa4d0,81, ControllerError: name in use,False,0.7900,none,2026-09-26T11:12:58.969430+00:00
flowfuse,1764581684_ccf514e99f26e7e34347fd42324089db77b3833f,forge-unit,1,2589,078dc406acde7f96,81, ControllerError: name not allowed,False,0.8000,none,2026-09-26T11:12:59.178469+00:00
flowfuse,1764581684_ccf514e99f26e7e34347fd42324089db77b3833f,forge-unit,1,2623,5c3a29f9b6bc83a5,78, ControllerError: Source Project Not in Same Team,False,0.8300,none,2026-09-26T11:12:59.297431+00:00
flowfuse,1764581684_ccf514e99f26e7e34347fd42324089db77b3833f,forge-unit,1,2634,e86460f9cbd7e764,79, ControllerError: Invalid HA configuration,False,0.7800,none,2026-09-26T11:12:59.407987+00:00
flowfuse,1765211204_4fdbb147f3a3809816bdc38522493a66518f3129,forge-unit,1,2788,a000d61d51daeeed,2,"[2026-09-09T14:20:42.295Z] ERROR: AUDIT: event: platform.project-type.deleted, type: platform, Error: Cannot delete Proj",False,0.8100,false_positive,2026-09-26T11:12:59.567055+00:00
flowfuse,1765633256_f01dbdf267536465ef274fc1b05c430df150f6f3,forge-unit,9,2571,d987fcf88b52a4d8,3,          Error: User not in team,False,0.8300,none,2026-09-26T11:12:59.709997+00:00
flowfuse,1765633256_f01dbdf267536465ef274fc1b05c430df150f6f3,forge-unit,9,2655,975331262ccabbe3,1, ControllerError: Source Project Not in Same Team,False,0.8200,none,2026-09-26T11:12:59.924230+00:00
flowfuse,1765633256_f01dbdf267536465ef274fc1b05c430df150f6f3,forge-unit,9,3773,ac2f1f0df9d44cb2,3,      AssertionError: expected 401 to be 404,False,0.8800,none,2026-09-26T11:13:00.077348+00:00
flowfuse,1765633354_ad85e4811ebcbbd1bbc6d418a1da1546ab601dd2,forge-unit,7,2571,f5089490bf600581,2,          Error: User not in team,False,0.8200,none,2026-09-26T11:13:00.207074+00:00
flowfuse,1765633354_ad85e4811ebcbbd1bbc6d418a1da1546ab601dd2,forge-unit,7,3844,1f5ada4d141ea619,62,     AssertionError: expected Object {,False,0.8900,none,2026-09-26T11:13:00.388320+00:00
flowfuse,1765633474_527cd77235d5b57eab225b5aefa5d5b4a6e55767,forge-unit,3,3298,a7150021463a877e,1,"[2026-09-08T22:32:03.708Z] ERROR: AUDIT: event: team.device.provisioning.updated, type: team, id: 1, Error: Invalid appl",False,0.7900,false_positive,2026-09-26T11:13:00.511851+00:00
flowfuse,1765911675_ecb5236fced5b76977f44834e7c775befa6e3123,forge-unit,3,1936,a43ce855c673a67c,2,[2026-09-14T11:05:18.779Z] ERROR: register MCP Server SequelizeValidationError: notNull Violation: MCPRegistration.mcpNa,False,0.8700,none,2026-09-26T11:13:00.772581+00:00
flowfuse,1765877139_e0fd4c97912f2b8fad0f9111e59e8c6966f25372,forge-unit,27,3129,ec1d266fd2514bf4,7,"[2026-09-13T11:08:41.646Z] ERROR: AUDIT: event: platform.team.deleted, type: platform, Error: ConnectionManager.getConne",False,0.7500,none,2026-09-26T11:13:00.785303+00:00
flowfuse,1765972856_9437096afe93f2dc2af13e399c9d86ebe4f8d354,forge-unit,1,3283,5517334977c9aea1,1,"[2026-09-09T21:00:56.284Z] ERROR: AUDIT: event: team.device.provisioning.created, type: team, id: 1, Error: Token name m",False,0.8000,false_positive,2026-09-26T11:13:00.928674+00:00
flowfuse,1765985236_f0671bac0b8c022647255f531c99d90a33e8cdab,forge-unit,2,3661,8daa8be5449d545a,1,"[2026-09-08T23:02:53.855Z] ERROR: AUDIT: event: project.start-failed, type: project, id: 12a1a825-2c69-4bda-b93b-d9bf8c9",False,0.6700,false_positive,2026-09-26T11:13:01.107881+00:00
flowfuse,1765985674_ce66069f64171307a3da690263378e53431f814d,forge-unit,1,2647,e3f0a23dac9cbadd,2, ControllerError: Source Project Not in Same Team,False,0.8300,none,2026-09-26T11:13:01.226076+00:00
flowfuse,1765985674_ce66069f64171307a3da690263378e53431f814d,forge-unit,1,2653,72fcf9499d000c47,2,[2026-09-15T05:01:26.500Z] ERROR: ControllerError: Source Project Not in Same Team,False,0.8100,none,2026-09-26T11:13:01.440471+00:00
flowfuse,1765985674_ce66069f64171307a3da690263378e53431f814d,forge-unit,1,2662,a02d5246e0afcdd8,2,[2026-09-15T05:01:28.416Z] ERROR: ControllerError: Invalid HA configuration,False,0.7600,none,2026-09-26T11:13:01.520258+00:00
flowfuse,1765985674_ce66069f64171307a3da690263378e53431f814d,forge-unit,1,2668,e8b6527e0812cc89,2,[2026-09-15T05:01:28.425Z] ERROR: ControllerError: Invalid HA configuration,False,0.7600,none,2026-09-26T11:13:01.730430+00:00
flowfuse,1766073363_0541e152e50402dc78c740f75f39acf6d8429277,forge-unit,8,3816,0360303b43e98597,1,      AssertionError: expected 400 to be 404,False,0.8900,none,2026-09-26T11:13:01.818158+00:00
flowfuse,1766073363_0541e152e50402dc78c740f75f39acf6d8429277,forge-unit,8,3864,8bb71f206bcc597c,1,      AssertionError: expected 400 to be 500,False,0.9200,none,2026-09-26T11:13:02.076831+00:00
flowfuse,1766083129_9cf9b3eb9ff8b10fcd5ec3e9403e45ace8ba2a4b,forge-unit,1,3301,f2613e830cd8354b,1,"[2026-09-21T05:19:15.327Z] ERROR: AUDIT: event: team.device.provisioning.updated, type: team, id: 1, Error: Invalid appl",False,0.7600,false_positive,2026-09-26T11:13:02.124307+00:00
flowfuse,1766089503_a9c223ace9a5dfe25b3db7c5a03eeccfb9f96231,forge-unit,1,2572,6894abe1b894c08c,1,          Error: Transaction ID mismatch,False,0.8000,none,2026-09-26T11:13:02.281637+00:00
flowfuse,1766089503_a9c223ace9a5dfe25b3db7c5a03eeccfb9f96231,forge-unit,1,2580,0cb1d5873f959238,1,          Error: Transaction ID mismatch,False,0.7800,none,2026-09-26T11:13:02.472816+00:00
flowfuse,1766089503_a9c223ace9a5dfe25b3db7c5a03eeccfb9f96231,forge-unit,1,3532,b7c1adb16f9aa4d4,1,"[2026-09-12T19:11:07.582Z] ERROR: AUDIT: event: users.updated-user, type: user, id: 1, Error: Invalid username",False,0.8000,false_positive,2026-09-26T11:13:02.563562+00:00
flowfuse,1766399496_cb467c8e0fd3673a5c3bad6ee76b4f9bfe5d3e01,forge-unit,214,576,504f6a6f7ce3a17c,2,[2026-09-14T04:03:40.014Z] ERROR: Problem adding project to subscription: Error: Billing add error,False,0.7100,none,2026-09-26T11:13:02.868401+00:00
flowfuse,1766399496_cb467c8e0fd3673a5c3bad6ee76b4f9bfe5d3e01,forge-unit,214,1943,e785800c021174fb,5,"[2026-09-14T04:07:50.031Z] ERROR: AUDIT: event: account.register, type: user, Error: license limit reached",False,0.5300,none,2026-09-26T11:13:03.077420+00:00
flowfuse,1766399496_cb467c8e0fd3673a5c3bad6ee76b4f9bfe5d3e01,system,28,4583,812e190328a9dace,1,[2026-09-14T04:09:07.907Z] ERROR: Error running task 'licenseOverage: SequelizeDatabaseError: SQLITE_MISUSE: Database ha,True,0.5200,none,2026-09-26T11:13:03.187961+00:00
flowfuse,1766399496_cb467c8e0fd3673a5c3bad6ee76b4f9bfe5d3e01,system,28,4591,2a70089ef50ca2b1,1,[2026-09-14T04:09:09.174Z] ERROR: Error running task 'licenseOverage: SequelizeDatabaseError: SQLITE_MISUSE: Database ha,False,0.5100,none,2026-09-26T11:13:03.327396+00:00
flowfuse,1766399496_cb467c8e0fd3673a5c3bad6ee76b4f9bfe5d3e01,system,28,4597,f9a756b5438aa290,5,[2026-09-14T04:09:10.597Z] ERROR: Error running task 'licenseOverage: SequelizeDatabaseError: SQLITE_MISUSE: Database ha,True,0.5300,runner_env_config,2026-09-26T11:13:03.470784+00:00
flowfuse,1766401236_81728ba061fbd41d3321117c4efe4a0580a615be,system,28,4583,05ec61946c4d4b24,1,[2026-09-10T14:26:59.958Z] ERROR: Error running task 'licenseOverage: SequelizeDatabaseError: SQLITE_MISUSE: Database ha,True,0.5200,none,2026-09-26T11:13:03.630202+00:00
flowfuse,1766401236_81728ba061fbd41d3321117c4efe4a0580a615be,system,28,4591,9b6c95fb7deee1a8,1,[2026-09-10T14:27:01.260Z] ERROR: Error running task 'licenseOverage: SequelizeDatabaseError: SQLITE_MISUSE: Database ha,True,0.5000,none,2026-09-26T11:13:03.803876+00:00
flowfuse,1766402331_169c883ccc99846c83a7bcafa60d02c969e6bdfd,system,28,4342,d0f92abe12e9da43,1,[2026-09-11T05:09:39.692Z] ERROR: Error running task 'licenseOverage: Error: ConnectionManager.getConnection was called ,False,0.5500,none,2026-09-26T11:13:03.926587+00:00
flowfuse,1766405972_737bcdcd7ad0d56d00e1645554b49d35744629bf,forge-unit,15,1705,8d7b6890ae253979,1,      charge.failed,False,0.7900,none,2026-09-26T11:13:04.066293+00:00
flowfuse,1766407881_9c682727dda55c3ccbded1e68ea7927a62e808a5,forge-unit,5,2814,72200a61944a371f,1,"[2026-09-15T02:55:09.359Z] ERROR: AUDIT: event: platform.project-type.deleted, type: platform, Error: Cannot delete Proj",False,0.8200,none,2026-09-26T11:13:04.209136+00:00
