Script called as:
bash docker-run.sh vuetify exec fc981e02b8f572f6e9f15c6820787ccd61e9cadb 1595985762 yarn@1.12.0 14 vuetify

Rerun with:
bash $(basename "$0") $@ 2>&1 | tee projects/$1/logs/node${6}_${4}_${3}_\$(date +\"%Y%m%d_%H%M%S\").rerun

STEP 1/25: FROM debian:bullseye-slim
STEP 2/25: ARG NODE_VERSION=22
--> Using cache afc972e2317a17e72573626266faf7a4408ec81b8081349b35d8559ca1277b26
--> afc972e2317a
STEP 3/25: WORKDIR /coverage_reloaded
--> Using cache 637f4aece976524515cb51147466af46059a342cb8844fbf81761f9e0b01c3c3
--> 637f4aece976
STEP 4/25: RUN apt-get update &&     apt-get install -y         git         curl         wget         bash         make         build-essential         cmake         zip         nano         lcov=1.14-2         jq
--> Using cache 1268276c8418a8753502c6915900fd392c8ac96186e2c4a48720aaafcea12c54
--> 1268276c8418
STEP 5/25: RUN apt-get update && apt-get install -y python2.7 &&     update-alternatives --install /usr/bin/python2 python2 /usr/bin/python2.7 1
--> Using cache 3069c727ba72e9ae10c6e659dbb968fb845e7c8a85e6c611920a0b1d5a5d6774
--> 3069c727ba72
STEP 6/25: RUN curl -Ls https://astral.sh/uv/install.sh | sh
--> Using cache 38ca06fdb59cd021df58d80c40a332ff3e2885c2e866a0184b650c94ad568944
--> 38ca06fdb59c
STEP 7/25: ENV PATH="/root/.local/bin:$PATH"
--> Using cache 9963e34ab5617629ffe1d9c197b6cae44ae1b1f5bf2e16bdeb0249f83f8290ac
--> 9963e34ab561
STEP 8/25: RUN uv python install 3.10 3.8
--> Using cache 4ba8cb00a9eea216a877f3de6a08bca31c84884b7f304c0271f0b95ada9aca23
--> 4ba8cb00a9ee
STEP 9/25: RUN NODE_MAJOR=$(echo "$NODE_VERSION" | cut -d. -f1) &&     if [ "$NODE_MAJOR" -le 12 ]; then         PYTHON_BIN=$(uv python find 3.8);     else         PYTHON_BIN=$(uv python find 3.10);     fi &&     ln -sf "$PYTHON_BIN" /usr/local/bin/python &&     ln -sf "$PYTHON_BIN" /usr/local/bin/python3 &&     ln -sf "$PYTHON_BIN" /usr/bin/python &&     ln -sf "$PYTHON_BIN" /usr/bin/python3
--> Using cache 67cdbacda42c73d4de1cc2c4fa45e8b72e54e3ba7d8861104ea77fc3c0ec51b3
--> 67cdbacda42c
STEP 10/25: RUN python --version && echo "Python set for Node ${NODE_VERSION}"
--> Using cache 1371999cb436b1e29528077d2f6885e3d4817357fdd106b54df393912e83af1a
--> 1371999cb436
STEP 11/25: RUN curl -L https://bit.ly/n-install | bash -s -- -y
--> Using cache a0471073f3701d0edc6586e04ab2cdee7b7a9d45314b080eb16bbd5b96434046
--> a0471073f370
STEP 12/25: ENV N_PREFIX=/root/n
--> Using cache f8f7e0c9f1b3a5ef2de2037c2c54a005030fe284194fd29b41d828f6ff006bad
--> f8f7e0c9f1b3
STEP 13/25: ENV PATH="$N_PREFIX/bin:${PATH}"
--> Using cache dbb3a665c6ab92df58ab9f4ff3d23764d01fe1da75a09ddbf4ccf62d101b88ab
--> dbb3a665c6ab
STEP 14/25: RUN n "$NODE_VERSION"
--> Using cache 6314213f532a2c113bc6d0827a18013bbbfcbc6d092f5373e0a195976811370c
--> 6314213f532a
STEP 15/25: RUN node --version
--> Using cache 0a522eea8931a113b8741d9d954a9ba8f5f9b32269c2000c49e4b2f2df5df4ce
--> 0a522eea8931
STEP 16/25: ENV CI=true
--> Using cache 40b4cb13daf60b90e50045abffddadfc49d368597df3590da307387473cc5255
--> 40b4cb13daf6
STEP 17/25: RUN apt-get install -y libfaketime
--> Using cache e97cfa459f2750a87e6928cc93ef1206a79e777e6f44aaf05073b12cad86a892
--> e97cfa459f27
STEP 18/25: COPY ./execute.sh /coverage_reloaded/execute.sh
--> 70ad4775e7c7
STEP 19/25: RUN chmod +x /coverage_reloaded/execute.sh
--> a7862e7a9a59
STEP 20/25: COPY helper/find-and-move-lcov.sh /coverage_reloaded/find-and-move-lcov.sh
--> 73f65753b665
STEP 21/25: COPY helper/logging.sh /coverage_reloaded/logging.sh
--> a73c266ca0b6
STEP 22/25: COPY helper/fake-time.sh /coverage_reloaded/fake-time.sh
--> 8102bf765585
STEP 23/25: RUN chmod +x /coverage_reloaded/find-and-move-lcov.sh /coverage_reloaded/logging.sh /coverage_reloaded/fake-time.sh
--> 95abc98a2116
STEP 24/25: COPY helper/cypress/cypress-patcher.sh /coverage_reloaded/cypress-patcher.sh
--> dfa04c913d95
STEP 25/25: RUN chmod +x /coverage_reloaded/cypress-patcher.sh
COMMIT core_node14_base
--> fffd2d43d71d
Successfully tagged localhost/core_node14_base:latest
fffd2d43d71dc353f1a67e2ebb45fbb70c95d30168861cc93ad547e275eb3556
STEP 1/7: FROM core_node14_base
STEP 2/7: WORKDIR /coverage_reloaded
--> 7d5165f28444
STEP 3/7: RUN apt-get update &&     apt-get install -y --no-install-recommends         xvfb         libglib2.0-0         libgtk-3-0         libgdk-pixbuf2.0-0         libpango-1.0-0         libcairo2         libatk1.0-0         libatk-bridge2.0-0         libasound2         libxss1         libx11-xcb1         libxcomposite1         libxcursor1         libxdamage1         libxi6         libxtst6         libgbm1         libnss3         && rm -rf /var/lib/apt/lists/*
Hit:1 http://deb.debian.org/debian bullseye InRelease
Get:2 http://deb.debian.org/debian-security bullseye-security InRelease [27.2 kB]
Hit:3 http://deb.debian.org/debian bullseye-updates InRelease
Get:4 http://deb.debian.org/debian-security bullseye-security/main amd64 Packages [457 kB]
Fetched 484 kB in 0s (1155 kB/s)
Reading package lists...
Reading package lists...
Building dependency tree...
Reading state information...
The following additional packages will be installed:
  adwaita-icon-theme dbus dbus-user-session dconf-gsettings-backend
  dconf-service dmsetup fontconfig glib-networking glib-networking-common
  glib-networking-services gsettings-desktop-schemas gtk-update-icon-cache
  hicolor-icon-theme libapparmor1 libargon2-1 libasound2-data libatk1.0-data
  libatspi2.0-0 libavahi-client3 libavahi-common-data libavahi-common3
  libcairo-gobject2 libcap2 libcolord2 libcryptsetup12 libcups2 libdatrie1
  libdbus-1-3 libdconf1 libdevmapper1.02.1 libdrm-amdgpu1 libdrm-common
  libdrm-intel1 libdrm-nouveau2 libdrm-radeon1 libdrm2 libelf1 libepoxy0
  libfontenc1 libfribidi0 libgdk-pixbuf-2.0-0 libgdk-pixbuf-xlib-2.0-0
  libgdk-pixbuf2.0-common libgl1 libgl1-mesa-dri libglapi-mesa libglvnd0
  libglx-mesa0 libglx0 libgraphite2-3 libgtk-3-common libharfbuzz0b libice6
  libip4tc2 libjson-c5 libjson-glib-1.0-0 libjson-glib-1.0-common libkmod2
  liblcms2-2 libllvm11 libnspr4 libpam-systemd libpangocairo-1.0-0
  libpangoft2-1.0-0 libpciaccess0 libpixman-1-0 libproxy1v5 librest-0.7-0
  libsensors-config libsensors5 libsm6 libsoup-gnome2.4-1 libsoup2.4-1
  libsystemd0 libthai-data libthai0 libunwind8 libvulkan1 libwayland-client0
  libwayland-cursor0 libwayland-egl1 libwayland-server0 libxaw7 libxcb-dri2-0
  libxcb-dri3-0 libxcb-glx0 libxcb-present0 libxcb-render0 libxcb-shm0
  libxcb-sync1 libxcb-xfixes0 libxfixes3 libxfont2 libxinerama1 libxkbcommon0
  libxkbfile1 libxmu6 libxrandr2 libxrender1 libxshmfence1 libxt6 libxxf86vm1
  libz3-4 shared-mime-info systemd systemd-sysv x11-common x11-xkb-utils
  xkb-data xserver-common
Suggested packages:
  libasound2-plugins alsa-utils colord cups-common gvfs liblcms2-utils
  pciutils lm-sensors systemd-container policykit-1
Recommended packages:
  librsvg2-common alsa-ucm-conf alsa-topology-conf at-spi2-core
  libgdk-pixbuf2.0-bin libglib2.0-data xdg-user-dirs libgtk-3-bin
  mesa-vulkan-drivers | vulkan-icd systemd-timesyncd | time-daemon
  libnss-systemd xfonts-base
The following NEW packages will be installed:
  adwaita-icon-theme dbus dbus-user-session dconf-gsettings-backend
  dconf-service dmsetup fontconfig glib-networking glib-networking-common
  glib-networking-services gsettings-desktop-schemas gtk-update-icon-cache
  hicolor-icon-theme libapparmor1 libargon2-1 libasound2 libasound2-data
  libatk-bridge2.0-0 libatk1.0-0 libatk1.0-data libatspi2.0-0 libavahi-client3
  libavahi-common-data libavahi-common3 libcairo-gobject2 libcairo2 libcap2
  libcolord2 libcryptsetup12 libcups2 libdatrie1 libdbus-1-3 libdconf1
  libdevmapper1.02.1 libdrm-amdgpu1 libdrm-common libdrm-intel1
  libdrm-nouveau2 libdrm-radeon1 libdrm2 libelf1 libepoxy0 libfontenc1
  libfribidi0 libgbm1 libgdk-pixbuf-2.0-0 libgdk-pixbuf-xlib-2.0-0
  libgdk-pixbuf2.0-0 libgdk-pixbuf2.0-common libgl1 libgl1-mesa-dri
  libglapi-mesa libglib2.0-0 libglvnd0 libglx-mesa0 libglx0 libgraphite2-3
  libgtk-3-0 libgtk-3-common libharfbuzz0b libice6 libip4tc2 libjson-c5
  libjson-glib-1.0-0 libjson-glib-1.0-common libkmod2 liblcms2-2 libllvm11
  libnspr4 libnss3 libpam-systemd libpango-1.0-0 libpangocairo-1.0-0
  libpangoft2-1.0-0 libpciaccess0 libpixman-1-0 libproxy1v5 librest-0.7-0
  libsensors-config libsensors5 libsm6 libsoup-gnome2.4-1 libsoup2.4-1
  libthai-data libthai0 libunwind8 libvulkan1 libwayland-client0
  libwayland-cursor0 libwayland-egl1 libwayland-server0 libx11-xcb1 libxaw7
  libxcb-dri2-0 libxcb-dri3-0 libxcb-glx0 libxcb-present0 libxcb-render0
  libxcb-shm0 libxcb-sync1 libxcb-xfixes0 libxcomposite1 libxcursor1
  libxdamage1 libxfixes3 libxfont2 libxi6 libxinerama1 libxkbcommon0
  libxkbfile1 libxmu6 libxrandr2 libxrender1 libxshmfence1 libxss1 libxt6
  libxtst6 libxxf86vm1 libz3-4 shared-mime-info systemd systemd-sysv
  x11-common x11-xkb-utils xkb-data xserver-common xvfb
The following packages will be upgraded:
  libsystemd0
1 upgraded, 127 newly installed, 0 to remove and 13 not upgraded.
Need to get 79.6 MB of archives.
After this operation, 289 MB of additional disk space will be used.
Get:1 http://deb.debian.org/debian-security bullseye-security/main amd64 libsystemd0 amd64 247.3-7+deb11u8 [377 kB]
Get:2 http://deb.debian.org/debian bullseye/main amd64 libapparmor1 amd64 2.13.6-10 [99.3 kB]
Get:3 http://deb.debian.org/debian-security bullseye-security/main amd64 libcap2 amd64 1:2.44-1+deb11u1 [24.2 kB]
Get:4 http://deb.debian.org/debian bullseye/main amd64 libargon2-1 amd64 0~20171227-0.2 [19.6 kB]
Get:5 http://deb.debian.org/debian bullseye/main amd64 dmsetup amd64 2:1.02.175-2.1 [92.1 kB]
Get:6 http://deb.debian.org/debian bullseye/main amd64 libdevmapper1.02.1 amd64 2:1.02.175-2.1 [143 kB]
Get:7 http://deb.debian.org/debian bullseye/main amd64 libjson-c5 amd64 0.15-2+deb11u1 [42.9 kB]
Get:8 http://deb.debian.org/debian bullseye/main amd64 libcryptsetup12 amd64 2:2.3.7-1+deb11u1 [248 kB]
Get:9 http://deb.debian.org/debian bullseye/main amd64 libip4tc2 amd64 1.8.7-1 [34.6 kB]
Get:10 http://deb.debian.org/debian bullseye/main amd64 libkmod2 amd64 28-1 [55.6 kB]
Get:11 http://deb.debian.org/debian-security bullseye-security/main amd64 systemd amd64 247.3-7+deb11u8 [4502 kB]
Get:12 http://deb.debian.org/debian-security bullseye-security/main amd64 systemd-sysv amd64 247.3-7+deb11u8 [114 kB]
Get:13 http://deb.debian.org/debian bullseye/main amd64 libdbus-1-3 amd64 1.12.28-0+deb11u1 [223 kB]
Get:14 http://deb.debian.org/debian bullseye/main amd64 dbus amd64 1.12.28-0+deb11u1 [244 kB]
Get:15 http://deb.debian.org/debian-security bullseye-security/main amd64 libpam-systemd amd64 247.3-7+deb11u8 [284 kB]
Get:16 http://deb.debian.org/debian bullseye/main amd64 hicolor-icon-theme all 0.17-2 [11.4 kB]
Get:17 http://deb.debian.org/debian-security bullseye-security/main amd64 libgdk-pixbuf2.0-common all 2.42.2+dfsg-1+deb11u5 [321 kB]
Get:18 http://deb.debian.org/debian-security bullseye-security/main amd64 libglib2.0-0 amd64 2.66.8-1+deb11u8 [1377 kB]
Get:19 http://deb.debian.org/debian bullseye/main amd64 shared-mime-info amd64 2.0-1 [701 kB]
Get:20 http://deb.debian.org/debian-security bullseye-security/main amd64 libgdk-pixbuf-2.0-0 amd64 2.42.2+dfsg-1+deb11u5 [148 kB]
Get:21 http://deb.debian.org/debian bullseye/main amd64 gtk-update-icon-cache amd64 3.24.24-4+deb11u4 [88.4 kB]
Get:22 http://deb.debian.org/debian bullseye/main amd64 adwaita-icon-theme all 3.38.0-1 [10.9 MB]
Get:23 http://deb.debian.org/debian bullseye/main amd64 dbus-user-session amd64 1.12.28-0+deb11u1 [100 kB]
Get:24 http://deb.debian.org/debian bullseye/main amd64 libdconf1 amd64 0.38.0-2 [43.5 kB]
Get:25 http://deb.debian.org/debian bullseye/main amd64 dconf-service amd64 0.38.0-2 [37.4 kB]
Get:26 http://deb.debian.org/debian bullseye/main amd64 dconf-gsettings-backend amd64 0.38.0-2 [30.6 kB]
Get:27 http://deb.debian.org/debian bullseye/main amd64 fontconfig amd64 2.13.1-4.2 [417 kB]
Get:28 http://deb.debian.org/debian bullseye/main amd64 libproxy1v5 amd64 0.4.17-1 [59.5 kB]
Get:29 http://deb.debian.org/debian bullseye/main amd64 glib-networking-common all 2.66.0-2 [68.1 kB]
Get:30 http://deb.debian.org/debian bullseye/main amd64 glib-networking-services amd64 2.66.0-2 [17.5 kB]
Get:31 http://deb.debian.org/debian bullseye/main amd64 gsettings-desktop-schemas all 3.38.0-2 [588 kB]
Get:32 http://deb.debian.org/debian bullseye/main amd64 glib-networking amd64 2.66.0-2 [67.6 kB]
Get:33 http://deb.debian.org/debian-security bullseye-security/main amd64 libasound2-data all 1.2.4-1.1+deb11u1 [38.4 kB]
Get:34 http://deb.debian.org/debian-security bullseye-security/main amd64 libasound2 amd64 1.2.4-1.1+deb11u1 [357 kB]
Get:35 http://deb.debian.org/debian bullseye/main amd64 libatk1.0-data all 2.36.0-2 [149 kB]
Get:36 http://deb.debian.org/debian bullseye/main amd64 libatk1.0-0 amd64 2.36.0-2 [52.2 kB]
Get:37 http://deb.debian.org/debian bullseye/main amd64 libatspi2.0-0 amd64 2.38.0-4+deb11u1 [72.4 kB]
Get:38 http://deb.debian.org/debian bullseye/main amd64 libatk-bridge2.0-0 amd64 2.38.0-1 [64.6 kB]
Get:39 http://deb.debian.org/debian-security bullseye-security/main amd64 libavahi-common-data amd64 0.8-5+deb11u3 [124 kB]
Get:40 http://deb.debian.org/debian-security bullseye-security/main amd64 libavahi-common3 amd64 0.8-5+deb11u3 [59.0 kB]
Get:41 http://deb.debian.org/debian-security bullseye-security/main amd64 libavahi-client3 amd64 0.8-5+deb11u3 [62.7 kB]
Get:42 http://deb.debian.org/debian bullseye/main amd64 libpixman-1-0 amd64 0.40.0-1.1~deb11u1 [543 kB]
Get:43 http://deb.debian.org/debian bullseye/main amd64 libxcb-render0 amd64 1.14-3 [111 kB]
Get:44 http://deb.debian.org/debian bullseye/main amd64 libxcb-shm0 amd64 1.14-3 [101 kB]
Get:45 http://deb.debian.org/debian bullseye/main amd64 libxrender1 amd64 1:0.9.10-1 [33.0 kB]
Get:46 http://deb.debian.org/debian bullseye/main amd64 libcairo2 amd64 1.16.0-5 [694 kB]
Get:47 http://deb.debian.org/debian bullseye/main amd64 libcairo-gobject2 amd64 1.16.0-5 [125 kB]
Get:48 http://deb.debian.org/debian-security bullseye-security/main amd64 liblcms2-2 amd64 2.12~rc1-2+deb11u1 [150 kB]
Get:49 http://deb.debian.org/debian bullseye/main amd64 libcolord2 amd64 1.4.5-3 [144 kB]
Get:50 http://deb.debian.org/debian-security bullseye-security/main amd64 libcups2 amd64 2.3.3op2-3+deb11u10 [351 kB]
Get:51 http://deb.debian.org/debian bullseye/main amd64 libdatrie1 amd64 0.2.13-1 [42.7 kB]
Get:52 http://deb.debian.org/debian bullseye/main amd64 libdrm-common all 2.4.104-1 [14.9 kB]
Get:53 http://deb.debian.org/debian bullseye/main amd64 libdrm2 amd64 2.4.104-1 [41.5 kB]
Get:54 http://deb.debian.org/debian bullseye/main amd64 libdrm-amdgpu1 amd64 2.4.104-1 [28.5 kB]
Get:55 http://deb.debian.org/debian bullseye/main amd64 libpciaccess0 amd64 0.16-1 [53.6 kB]
Get:56 http://deb.debian.org/debian bullseye/main amd64 libdrm-intel1 amd64 2.4.104-1 [71.8 kB]
Get:57 http://deb.debian.org/debian bullseye/main amd64 libdrm-nouveau2 amd64 2.4.104-1 [26.8 kB]
Get:58 http://deb.debian.org/debian bullseye/main amd64 libdrm-radeon1 amd64 2.4.104-1 [30.2 kB]
Get:59 http://deb.debian.org/debian bullseye/main amd64 libelf1 amd64 0.183-1 [165 kB]
Get:60 http://deb.debian.org/debian bullseye/main amd64 libepoxy0 amd64 1.5.5-1 [193 kB]
Get:61 http://deb.debian.org/debian bullseye/main amd64 libfontenc1 amd64 1:1.1.4-1 [24.3 kB]
Get:62 http://deb.debian.org/debian bullseye/main amd64 libfribidi0 amd64 1.0.8-2+deb11u1 [64.9 kB]
Get:63 http://deb.debian.org/debian bullseye/main amd64 libwayland-server0 amd64 1.18.0-2~exp1.1 [34.4 kB]
Get:64 http://deb.debian.org/debian bullseye/main amd64 libgbm1 amd64 20.3.5-1 [73.5 kB]
Get:65 http://deb.debian.org/debian bullseye/main amd64 libgdk-pixbuf-xlib-2.0-0 amd64 2.40.2-2 [47.9 kB]
Get:66 http://deb.debian.org/debian bullseye/main amd64 libgdk-pixbuf2.0-0 amd64 2.40.2-2 [14.1 kB]
Get:67 http://deb.debian.org/debian bullseye/main amd64 libglapi-mesa amd64 20.3.5-1 [71.7 kB]
Get:68 http://deb.debian.org/debian bullseye/main amd64 libz3-4 amd64 4.8.10-1 [6949 kB]
Get:69 http://deb.debian.org/debian bullseye/main amd64 libllvm11 amd64 1:11.0.1-2 [17.9 MB]
Get:70 http://deb.debian.org/debian bullseye/main amd64 libsensors-config all 1:3.6.0-7 [32.3 kB]
Get:71 http://deb.debian.org/debian bullseye/main amd64 libsensors5 amd64 1:3.6.0-7 [52.3 kB]
Get:72 http://deb.debian.org/debian bullseye/main amd64 libvulkan1 amd64 1.2.162.0-1 [103 kB]
Get:73 http://deb.debian.org/debian bullseye/main amd64 libgl1-mesa-dri amd64 20.3.5-1 [9633 kB]
Get:74 http://deb.debian.org/debian bullseye/main amd64 libglvnd0 amd64 1.3.2-1 [53.6 kB]
Get:75 http://deb.debian.org/debian bullseye/main amd64 libx11-xcb1 amd64 2:1.7.2-1+deb11u2 [204 kB]
Get:76 http://deb.debian.org/debian bullseye/main amd64 libxcb-dri2-0 amd64 1.14-3 [103 kB]
Get:77 http://deb.debian.org/debian bullseye/main amd64 libxcb-dri3-0 amd64 1.14-3 [102 kB]
Get:78 http://deb.debian.org/debian bullseye/main amd64 libxcb-glx0 amd64 1.14-3 [118 kB]
Get:79 http://deb.debian.org/debian bullseye/main amd64 libxcb-present0 amd64 1.14-3 [101 kB]
Get:80 http://deb.debian.org/debian bullseye/main amd64 libxcb-sync1 amd64 1.14-3 [105 kB]
Get:81 http://deb.debian.org/debian bullseye/main amd64 libxcb-xfixes0 amd64 1.14-3 [105 kB]
Get:82 http://deb.debian.org/debian bullseye/main amd64 libxdamage1 amd64 1:1.1.5-2 [15.7 kB]
Get:83 http://deb.debian.org/debian bullseye/main amd64 libxfixes3 amd64 1:5.0.3-2 [22.1 kB]
Get:84 http://deb.debian.org/debian bullseye/main amd64 libxshmfence1 amd64 1.3-1 [8820 B]
Get:85 http://deb.debian.org/debian bullseye/main amd64 libxxf86vm1 amd64 1:1.1.4-1+b2 [20.8 kB]
Get:86 http://deb.debian.org/debian bullseye/main amd64 libglx-mesa0 amd64 20.3.5-1 [186 kB]
Get:87 http://deb.debian.org/debian bullseye/main amd64 libgraphite2-3 amd64 1.3.14-1 [81.2 kB]
Get:88 http://deb.debian.org/debian bullseye/main amd64 libharfbuzz0b amd64 2.7.4-1 [1471 kB]
Get:89 http://deb.debian.org/debian bullseye/main amd64 libjson-glib-1.0-common all 1.6.2-1 [56.9 kB]
Get:90 http://deb.debian.org/debian bullseye/main amd64 libjson-glib-1.0-0 amd64 1.6.2-1 [65.4 kB]
Get:91 http://deb.debian.org/debian bullseye/main amd64 libthai-data all 0.1.28-3 [170 kB]
Get:92 http://deb.debian.org/debian bullseye/main amd64 libthai0 amd64 0.1.28-3 [54.2 kB]
Get:93 http://deb.debian.org/debian bullseye/main amd64 libpango-1.0-0 amd64 1.46.2-3 [191 kB]
Get:94 http://deb.debian.org/debian bullseye/main amd64 libpangoft2-1.0-0 amd64 1.46.2-3 [62.2 kB]
Get:95 http://deb.debian.org/debian bullseye/main amd64 libpangocairo-1.0-0 amd64 1.46.2-3 [50.6 kB]
Get:96 http://deb.debian.org/debian-security bullseye-security/main amd64 libsoup2.4-1 amd64 2.72.0-2+deb11u3 [283 kB]
Get:97 http://deb.debian.org/debian-security bullseye-security/main amd64 libsoup-gnome2.4-1 amd64 2.72.0-2+deb11u3 [24.1 kB]
Get:98 http://deb.debian.org/debian bullseye/main amd64 librest-0.7-0 amd64 0.8.1-1.1 [33.8 kB]
Get:99 http://deb.debian.org/debian bullseye/main amd64 libwayland-client0 amd64 1.18.0-2~exp1.1 [26.9 kB]
Get:100 http://deb.debian.org/debian bullseye/main amd64 libwayland-cursor0 amd64 1.18.0-2~exp1.1 [14.6 kB]
Get:101 http://deb.debian.org/debian bullseye/main amd64 libwayland-egl1 amd64 1.18.0-2~exp1.1 [8448 B]
Get:102 http://deb.debian.org/debian bullseye/main amd64 libxcomposite1 amd64 1:0.4.5-1 [16.6 kB]
Get:103 http://deb.debian.org/debian bullseye/main amd64 libxcursor1 amd64 1:1.2.0-2 [37.3 kB]
Get:104 http://deb.debian.org/debian bullseye/main amd64 libxi6 amd64 2:1.7.10-1 [83.4 kB]
Get:105 http://deb.debian.org/debian bullseye/main amd64 libxinerama1 amd64 2:1.1.4-2 [17.7 kB]
Get:106 http://deb.debian.org/debian bullseye/main amd64 xkb-data all 2.29-2 [655 kB]
Get:107 http://deb.debian.org/debian bullseye/main amd64 libxkbcommon0 amd64 1.0.3-2 [101 kB]
Get:108 http://deb.debian.org/debian bullseye/main amd64 libxrandr2 amd64 2:1.5.1-1 [37.5 kB]
Get:109 http://deb.debian.org/debian bullseye/main amd64 libgtk-3-common all 3.24.24-4+deb11u4 [3757 kB]
Get:110 http://deb.debian.org/debian bullseye/main amd64 libgtk-3-0 amd64 3.24.24-4+deb11u4 [2715 kB]
Get:111 http://deb.debian.org/debian bullseye/main amd64 x11-common all 1:7.7+22 [252 kB]
Get:112 http://deb.debian.org/debian bullseye/main amd64 libice6 amd64 2:1.0.10-1 [58.5 kB]
Get:113 http://deb.debian.org/debian bullseye/main amd64 libnspr4 amd64 2:4.29-1 [112 kB]
Get:114 http://deb.debian.org/debian-security bullseye-security/main amd64 libnss3 amd64 2:3.61-1+deb11u5 [1305 kB]
Get:115 http://deb.debian.org/debian bullseye/main amd64 libsm6 amd64 2:1.2.3-1 [35.1 kB]
Get:116 http://deb.debian.org/debian bullseye/main amd64 libunwind8 amd64 1.3.2-2 [54.5 kB]
Get:117 http://deb.debian.org/debian bullseye/main amd64 libxt6 amd64 1:1.2.0-1 [189 kB]
Get:118 http://deb.debian.org/debian bullseye/main amd64 libxmu6 amd64 2:1.1.2-2+b3 [60.8 kB]
Get:119 http://deb.debian.org/debian bullseye/main amd64 libxaw7 amd64 2:1.0.13-1.1 [202 kB]
Get:120 http://deb.debian.org/debian bullseye/main amd64 libxfont2 amd64 1:2.0.4-1 [136 kB]
Get:121 http://deb.debian.org/debian bullseye/main amd64 libxkbfile1 amd64 1:1.1.0-1 [75.2 kB]
Get:122 http://deb.debian.org/debian bullseye/main amd64 libxss1 amd64 1:1.2.3-1 [17.8 kB]
Get:123 http://deb.debian.org/debian bullseye/main amd64 libxtst6 amd64 2:1.2.3-1 [27.8 kB]
Get:124 http://deb.debian.org/debian bullseye/main amd64 x11-xkb-utils amd64 7.7+5 [163 kB]
Get:125 http://deb.debian.org/debian-security bullseye-security/main amd64 xserver-common all 2:1.20.11-1+deb11u17 [2285 kB]
Get:126 http://deb.debian.org/debian bullseye/main amd64 libglx0 amd64 1.3.2-1 [35.7 kB]
Get:127 http://deb.debian.org/debian bullseye/main amd64 libgl1 amd64 1.3.2-1 [89.5 kB]
Get:128 http://deb.debian.org/debian-security bullseye-security/main amd64 xvfb amd64 2:1.20.11-1+deb11u17 [3045 kB]
debconf: delaying package configuration, since apt-utils is not installed
Fetched 79.6 MB in 1s (70.1 MB/s)
(Reading database ... 
(Reading database ... 5%
(Reading database ... 10%
(Reading database ... 15%
(Reading database ... 20%
(Reading database ... 25%
(Reading database ... 30%
(Reading database ... 35%
(Reading database ... 40%
(Reading database ... 45%
(Reading database ... 50%
(Reading database ... 55%
(Reading database ... 60%
(Reading database ... 65%
(Reading database ... 70%
(Reading database ... 75%
(Reading database ... 80%
(Reading database ... 85%
(Reading database ... 90%
(Reading database ... 95%
(Reading database ... 100%
(Reading database ... 21738 files and directories currently installed.)
Preparing to unpack .../libsystemd0_247.3-7+deb11u8_amd64.deb ...
Unpacking libsystemd0:amd64 (247.3-7+deb11u8) over (247.3-7+deb11u7) ...
Setting up libsystemd0:amd64 (247.3-7+deb11u8) ...
Selecting previously unselected package libapparmor1:amd64.
(Reading database ... 
(Reading database ... 5%
(Reading database ... 10%
(Reading database ... 15%
(Reading database ... 20%
(Reading database ... 25%
(Reading database ... 30%
(Reading database ... 35%
(Reading database ... 40%
(Reading database ... 45%
(Reading database ... 50%
(Reading database ... 55%
(Reading database ... 60%
(Reading database ... 65%
(Reading database ... 70%
(Reading database ... 75%
(Reading database ... 80%
(Reading database ... 85%
(Reading database ... 90%
(Reading database ... 95%
(Reading database ... 100%
(Reading database ... 21738 files and directories currently installed.)
Preparing to unpack .../0-libapparmor1_2.13.6-10_amd64.deb ...
Unpacking libapparmor1:amd64 (2.13.6-10) ...
Selecting previously unselected package libcap2:amd64.
Preparing to unpack .../1-libcap2_1%3a2.44-1+deb11u1_amd64.deb ...
Unpacking libcap2:amd64 (1:2.44-1+deb11u1) ...
Selecting previously unselected package libargon2-1:amd64.
Preparing to unpack .../2-libargon2-1_0~20171227-0.2_amd64.deb ...
Unpacking libargon2-1:amd64 (0~20171227-0.2) ...
Selecting previously unselected package dmsetup.
Preparing to unpack .../3-dmsetup_2%3a1.02.175-2.1_amd64.deb ...
Unpacking dmsetup (2:1.02.175-2.1) ...
Selecting previously unselected package libdevmapper1.02.1:amd64.
Preparing to unpack .../4-libdevmapper1.02.1_2%3a1.02.175-2.1_amd64.deb ...
Unpacking libdevmapper1.02.1:amd64 (2:1.02.175-2.1) ...
Selecting previously unselected package libjson-c5:amd64.
Preparing to unpack .../5-libjson-c5_0.15-2+deb11u1_amd64.deb ...
Unpacking libjson-c5:amd64 (0.15-2+deb11u1) ...
Selecting previously unselected package libcryptsetup12:amd64.
Preparing to unpack .../6-libcryptsetup12_2%3a2.3.7-1+deb11u1_amd64.deb ...
Unpacking libcryptsetup12:amd64 (2:2.3.7-1+deb11u1) ...
Selecting previously unselected package libip4tc2:amd64.
Preparing to unpack .../7-libip4tc2_1.8.7-1_amd64.deb ...
Unpacking libip4tc2:amd64 (1.8.7-1) ...
Selecting previously unselected package libkmod2:amd64.
Preparing to unpack .../8-libkmod2_28-1_amd64.deb ...
Unpacking libkmod2:amd64 (28-1) ...
Selecting previously unselected package systemd.
Preparing to unpack .../9-systemd_247.3-7+deb11u8_amd64.deb ...
Unpacking systemd (247.3-7+deb11u8) ...
Setting up libapparmor1:amd64 (2.13.6-10) ...
Setting up libcap2:amd64 (1:2.44-1+deb11u1) ...
Setting up libargon2-1:amd64 (0~20171227-0.2) ...
Setting up libjson-c5:amd64 (0.15-2+deb11u1) ...
Setting up libip4tc2:amd64 (1.8.7-1) ...
Setting up libkmod2:amd64 (28-1) ...
Setting up libdevmapper1.02.1:amd64 (2:1.02.175-2.1) ...
Setting up libcryptsetup12:amd64 (2:2.3.7-1+deb11u1) ...
Setting up systemd (247.3-7+deb11u8) ...
Created symlink /etc/systemd/system/getty.target.wants/getty@tty1.service → /lib/systemd/system/getty@.service.
Created symlink /etc/systemd/system/multi-user.target.wants/remote-fs.target → /lib/systemd/system/remote-fs.target.
Created symlink /etc/systemd/system/sysinit.target.wants/systemd-pstore.service → /lib/systemd/system/systemd-pstore.service.
Initializing machine ID from random generator.
Setting up dmsetup (2:1.02.175-2.1) ...
Selecting previously unselected package systemd-sysv.
(Reading database ... 
(Reading database ... 5%
(Reading database ... 10%
(Reading database ... 15%
(Reading database ... 20%
(Reading database ... 25%
(Reading database ... 30%
(Reading database ... 35%
(Reading database ... 40%
(Reading database ... 45%
(Reading database ... 50%
(Reading database ... 55%
(Reading database ... 60%
(Reading database ... 65%
(Reading database ... 70%
(Reading database ... 75%
(Reading database ... 80%
(Reading database ... 85%
(Reading database ... 90%
(Reading database ... 95%
(Reading database ... 100%
(Reading database ... 22588 files and directories currently installed.)
Preparing to unpack .../000-systemd-sysv_247.3-7+deb11u8_amd64.deb ...
Unpacking systemd-sysv (247.3-7+deb11u8) ...
Selecting previously unselected package libdbus-1-3:amd64.
Preparing to unpack .../001-libdbus-1-3_1.12.28-0+deb11u1_amd64.deb ...
Unpacking libdbus-1-3:amd64 (1.12.28-0+deb11u1) ...
Selecting previously unselected package dbus.
Preparing to unpack .../002-dbus_1.12.28-0+deb11u1_amd64.deb ...
Unpacking dbus (1.12.28-0+deb11u1) ...
Selecting previously unselected package libpam-systemd:amd64.
Preparing to unpack .../003-libpam-systemd_247.3-7+deb11u8_amd64.deb ...
Unpacking libpam-systemd:amd64 (247.3-7+deb11u8) ...
Selecting previously unselected package hicolor-icon-theme.
Preparing to unpack .../004-hicolor-icon-theme_0.17-2_all.deb ...
Unpacking hicolor-icon-theme (0.17-2) ...
Selecting previously unselected package libgdk-pixbuf2.0-common.
Preparing to unpack .../005-libgdk-pixbuf2.0-common_2.42.2+dfsg-1+deb11u5_all.deb ...
Unpacking libgdk-pixbuf2.0-common (2.42.2+dfsg-1+deb11u5) ...
Selecting previously unselected package libglib2.0-0:amd64.
Preparing to unpack .../006-libglib2.0-0_2.66.8-1+deb11u8_amd64.deb ...
Unpacking libglib2.0-0:amd64 (2.66.8-1+deb11u8) ...
Selecting previously unselected package shared-mime-info.
Preparing to unpack .../007-shared-mime-info_2.0-1_amd64.deb ...
Unpacking shared-mime-info (2.0-1) ...
Selecting previously unselected package libgdk-pixbuf-2.0-0:amd64.
Preparing to unpack .../008-libgdk-pixbuf-2.0-0_2.42.2+dfsg-1+deb11u5_amd64.deb ...
Unpacking libgdk-pixbuf-2.0-0:amd64 (2.42.2+dfsg-1+deb11u5) ...
Selecting previously unselected package gtk-update-icon-cache.
Preparing to unpack .../009-gtk-update-icon-cache_3.24.24-4+deb11u4_amd64.deb ...
Unpacking gtk-update-icon-cache (3.24.24-4+deb11u4) ...
Selecting previously unselected package adwaita-icon-theme.
Preparing to unpack .../010-adwaita-icon-theme_3.38.0-1_all.deb ...
Unpacking adwaita-icon-theme (3.38.0-1) ...
Selecting previously unselected package dbus-user-session.
Preparing to unpack .../011-dbus-user-session_1.12.28-0+deb11u1_amd64.deb ...
Unpacking dbus-user-session (1.12.28-0+deb11u1) ...
Selecting previously unselected package libdconf1:amd64.
Preparing to unpack .../012-libdconf1_0.38.0-2_amd64.deb ...
Unpacking libdconf1:amd64 (0.38.0-2) ...
Selecting previously unselected package dconf-service.
Preparing to unpack .../013-dconf-service_0.38.0-2_amd64.deb ...
Unpacking dconf-service (0.38.0-2) ...
Selecting previously unselected package dconf-gsettings-backend:amd64.
Preparing to unpack .../014-dconf-gsettings-backend_0.38.0-2_amd64.deb ...
Unpacking dconf-gsettings-backend:amd64 (0.38.0-2) ...
Selecting previously unselected package fontconfig.
Preparing to unpack .../015-fontconfig_2.13.1-4.2_amd64.deb ...
Unpacking fontconfig (2.13.1-4.2) ...
Selecting previously unselected package libproxy1v5:amd64.
Preparing to unpack .../016-libproxy1v5_0.4.17-1_amd64.deb ...
Unpacking libproxy1v5:amd64 (0.4.17-1) ...
Selecting previously unselected package glib-networking-common.
Preparing to unpack .../017-glib-networking-common_2.66.0-2_all.deb ...
Unpacking glib-networking-common (2.66.0-2) ...
Selecting previously unselected package glib-networking-services.
Preparing to unpack .../018-glib-networking-services_2.66.0-2_amd64.deb ...
Unpacking glib-networking-services (2.66.0-2) ...
Selecting previously unselected package gsettings-desktop-schemas.
Preparing to unpack .../019-gsettings-desktop-schemas_3.38.0-2_all.deb ...
Unpacking gsettings-desktop-schemas (3.38.0-2) ...
Selecting previously unselected package glib-networking:amd64.
Preparing to unpack .../020-glib-networking_2.66.0-2_amd64.deb ...
Unpacking glib-networking:amd64 (2.66.0-2) ...
Selecting previously unselected package libasound2-data.
Preparing to unpack .../021-libasound2-data_1.2.4-1.1+deb11u1_all.deb ...
Unpacking libasound2-data (1.2.4-1.1+deb11u1) ...
Selecting previously unselected package libasound2:amd64.
Preparing to unpack .../022-libasound2_1.2.4-1.1+deb11u1_amd64.deb ...
Unpacking libasound2:amd64 (1.2.4-1.1+deb11u1) ...
Selecting previously unselected package libatk1.0-data.
Preparing to unpack .../023-libatk1.0-data_2.36.0-2_all.deb ...
Unpacking libatk1.0-data (2.36.0-2) ...
Selecting previously unselected package libatk1.0-0:amd64.
Preparing to unpack .../024-libatk1.0-0_2.36.0-2_amd64.deb ...
Unpacking libatk1.0-0:amd64 (2.36.0-2) ...
Selecting previously unselected package libatspi2.0-0:amd64.
Preparing to unpack .../025-libatspi2.0-0_2.38.0-4+deb11u1_amd64.deb ...
Unpacking libatspi2.0-0:amd64 (2.38.0-4+deb11u1) ...
Selecting previously unselected package libatk-bridge2.0-0:amd64.
Preparing to unpack .../026-libatk-bridge2.0-0_2.38.0-1_amd64.deb ...
Unpacking libatk-bridge2.0-0:amd64 (2.38.0-1) ...
Selecting previously unselected package libavahi-common-data:amd64.
Preparing to unpack .../027-libavahi-common-data_0.8-5+deb11u3_amd64.deb ...
Unpacking libavahi-common-data:amd64 (0.8-5+deb11u3) ...
Selecting previously unselected package libavahi-common3:amd64.
Preparing to unpack .../028-libavahi-common3_0.8-5+deb11u3_amd64.deb ...
Unpacking libavahi-common3:amd64 (0.8-5+deb11u3) ...
Selecting previously unselected package libavahi-client3:amd64.
Preparing to unpack .../029-libavahi-client3_0.8-5+deb11u3_amd64.deb ...
Unpacking libavahi-client3:amd64 (0.8-5+deb11u3) ...
Selecting previously unselected package libpixman-1-0:amd64.
Preparing to unpack .../030-libpixman-1-0_0.40.0-1.1~deb11u1_amd64.deb ...
Unpacking libpixman-1-0:amd64 (0.40.0-1.1~deb11u1) ...
Selecting previously unselected package libxcb-render0:amd64.
Preparing to unpack .../031-libxcb-render0_1.14-3_amd64.deb ...
Unpacking libxcb-render0:amd64 (1.14-3) ...
Selecting previously unselected package libxcb-shm0:amd64.
Preparing to unpack .../032-libxcb-shm0_1.14-3_amd64.deb ...
Unpacking libxcb-shm0:amd64 (1.14-3) ...
Selecting previously unselected package libxrender1:amd64.
Preparing to unpack .../033-libxrender1_1%3a0.9.10-1_amd64.deb ...
Unpacking libxrender1:amd64 (1:0.9.10-1) ...
Selecting previously unselected package libcairo2:amd64.
Preparing to unpack .../034-libcairo2_1.16.0-5_amd64.deb ...
Unpacking libcairo2:amd64 (1.16.0-5) ...
Selecting previously unselected package libcairo-gobject2:amd64.
Preparing to unpack .../035-libcairo-gobject2_1.16.0-5_amd64.deb ...
Unpacking libcairo-gobject2:amd64 (1.16.0-5) ...
Selecting previously unselected package liblcms2-2:amd64.
Preparing to unpack .../036-liblcms2-2_2.12~rc1-2+deb11u1_amd64.deb ...
Unpacking liblcms2-2:amd64 (2.12~rc1-2+deb11u1) ...
Selecting previously unselected package libcolord2:amd64.
Preparing to unpack .../037-libcolord2_1.4.5-3_amd64.deb ...
Unpacking libcolord2:amd64 (1.4.5-3) ...
Selecting previously unselected package libcups2:amd64.
Preparing to unpack .../038-libcups2_2.3.3op2-3+deb11u10_amd64.deb ...
Unpacking libcups2:amd64 (2.3.3op2-3+deb11u10) ...
Selecting previously unselected package libdatrie1:amd64.
Preparing to unpack .../039-libdatrie1_0.2.13-1_amd64.deb ...
Unpacking libdatrie1:amd64 (0.2.13-1) ...
Selecting previously unselected package libdrm-common.
Preparing to unpack .../040-libdrm-common_2.4.104-1_all.deb ...
Unpacking libdrm-common (2.4.104-1) ...
Selecting previously unselected package libdrm2:amd64.
Preparing to unpack .../041-libdrm2_2.4.104-1_amd64.deb ...
Unpacking libdrm2:amd64 (2.4.104-1) ...
Selecting previously unselected package libdrm-amdgpu1:amd64.
Preparing to unpack .../042-libdrm-amdgpu1_2.4.104-1_amd64.deb ...
Unpacking libdrm-amdgpu1:amd64 (2.4.104-1) ...
Selecting previously unselected package libpciaccess0:amd64.
Preparing to unpack .../043-libpciaccess0_0.16-1_amd64.deb ...
Unpacking libpciaccess0:amd64 (0.16-1) ...
Selecting previously unselected package libdrm-intel1:amd64.
Preparing to unpack .../044-libdrm-intel1_2.4.104-1_amd64.deb ...
Unpacking libdrm-intel1:amd64 (2.4.104-1) ...
Selecting previously unselected package libdrm-nouveau2:amd64.
Preparing to unpack .../045-libdrm-nouveau2_2.4.104-1_amd64.deb ...
Unpacking libdrm-nouveau2:amd64 (2.4.104-1) ...
Selecting previously unselected package libdrm-radeon1:amd64.
Preparing to unpack .../046-libdrm-radeon1_2.4.104-1_amd64.deb ...
Unpacking libdrm-radeon1:amd64 (2.4.104-1) ...
Selecting previously unselected package libelf1:amd64.
Preparing to unpack .../047-libelf1_0.183-1_amd64.deb ...
Unpacking libelf1:amd64 (0.183-1) ...
Selecting previously unselected package libepoxy0:amd64.
Preparing to unpack .../048-libepoxy0_1.5.5-1_amd64.deb ...
Unpacking libepoxy0:amd64 (1.5.5-1) ...
Selecting previously unselected package libfontenc1:amd64.
Preparing to unpack .../049-libfontenc1_1%3a1.1.4-1_amd64.deb ...
Unpacking libfontenc1:amd64 (1:1.1.4-1) ...
Selecting previously unselected package libfribidi0:amd64.
Preparing to unpack .../050-libfribidi0_1.0.8-2+deb11u1_amd64.deb ...
Unpacking libfribidi0:amd64 (1.0.8-2+deb11u1) ...
Selecting previously unselected package libwayland-server0:amd64.
Preparing to unpack .../051-libwayland-server0_1.18.0-2~exp1.1_amd64.deb ...
Unpacking libwayland-server0:amd64 (1.18.0-2~exp1.1) ...
Selecting previously unselected package libgbm1:amd64.
Preparing to unpack .../052-libgbm1_20.3.5-1_amd64.deb ...
Unpacking libgbm1:amd64 (20.3.5-1) ...
Selecting previously unselected package libgdk-pixbuf-xlib-2.0-0:amd64.
Preparing to unpack .../053-libgdk-pixbuf-xlib-2.0-0_2.40.2-2_amd64.deb ...
Unpacking libgdk-pixbuf-xlib-2.0-0:amd64 (2.40.2-2) ...
Selecting previously unselected package libgdk-pixbuf2.0-0:amd64.
Preparing to unpack .../054-libgdk-pixbuf2.0-0_2.40.2-2_amd64.deb ...
Unpacking libgdk-pixbuf2.0-0:amd64 (2.40.2-2) ...
Selecting previously unselected package libglapi-mesa:amd64.
Preparing to unpack .../055-libglapi-mesa_20.3.5-1_amd64.deb ...
Unpacking libglapi-mesa:amd64 (20.3.5-1) ...
Selecting previously unselected package libz3-4:amd64.
Preparing to unpack .../056-libz3-4_4.8.10-1_amd64.deb ...
Unpacking libz3-4:amd64 (4.8.10-1) ...
Selecting previously unselected package libllvm11:amd64.
Preparing to unpack .../057-libllvm11_1%3a11.0.1-2_amd64.deb ...
Unpacking libllvm11:amd64 (1:11.0.1-2) ...
Selecting previously unselected package libsensors-config.
Preparing to unpack .../058-libsensors-config_1%3a3.6.0-7_all.deb ...
Unpacking libsensors-config (1:3.6.0-7) ...
Selecting previously unselected package libsensors5:amd64.
Preparing to unpack .../059-libsensors5_1%3a3.6.0-7_amd64.deb ...
Unpacking libsensors5:amd64 (1:3.6.0-7) ...
Selecting previously unselected package libvulkan1:amd64.
Preparing to unpack .../060-libvulkan1_1.2.162.0-1_amd64.deb ...
Unpacking libvulkan1:amd64 (1.2.162.0-1) ...
Selecting previously unselected package libgl1-mesa-dri:amd64.
Preparing to unpack .../061-libgl1-mesa-dri_20.3.5-1_amd64.deb ...
Unpacking libgl1-mesa-dri:amd64 (20.3.5-1) ...
Selecting previously unselected package libglvnd0:amd64.
Preparing to unpack .../062-libglvnd0_1.3.2-1_amd64.deb ...
Unpacking libglvnd0:amd64 (1.3.2-1) ...
Selecting previously unselected package libx11-xcb1:amd64.
Preparing to unpack .../063-libx11-xcb1_2%3a1.7.2-1+deb11u2_amd64.deb ...
Unpacking libx11-xcb1:amd64 (2:1.7.2-1+deb11u2) ...
Selecting previously unselected package libxcb-dri2-0:amd64.
Preparing to unpack .../064-libxcb-dri2-0_1.14-3_amd64.deb ...
Unpacking libxcb-dri2-0:amd64 (1.14-3) ...
Selecting previously unselected package libxcb-dri3-0:amd64.
Preparing to unpack .../065-libxcb-dri3-0_1.14-3_amd64.deb ...
Unpacking libxcb-dri3-0:amd64 (1.14-3) ...
Selecting previously unselected package libxcb-glx0:amd64.
Preparing to unpack .../066-libxcb-glx0_1.14-3_amd64.deb ...
Unpacking libxcb-glx0:amd64 (1.14-3) ...
Selecting previously unselected package libxcb-present0:amd64.
Preparing to unpack .../067-libxcb-present0_1.14-3_amd64.deb ...
Unpacking libxcb-present0:amd64 (1.14-3) ...
Selecting previously unselected package libxcb-sync1:amd64.
Preparing to unpack .../068-libxcb-sync1_1.14-3_amd64.deb ...
Unpacking libxcb-sync1:amd64 (1.14-3) ...
Selecting previously unselected package libxcb-xfixes0:amd64.
Preparing to unpack .../069-libxcb-xfixes0_1.14-3_amd64.deb ...
Unpacking libxcb-xfixes0:amd64 (1.14-3) ...
Selecting previously unselected package libxdamage1:amd64.
Preparing to unpack .../070-libxdamage1_1%3a1.1.5-2_amd64.deb ...
Unpacking libxdamage1:amd64 (1:1.1.5-2) ...
Selecting previously unselected package libxfixes3:amd64.
Preparing to unpack .../071-libxfixes3_1%3a5.0.3-2_amd64.deb ...
Unpacking libxfixes3:amd64 (1:5.0.3-2) ...
Selecting previously unselected package libxshmfence1:amd64.
Preparing to unpack .../072-libxshmfence1_1.3-1_amd64.deb ...
Unpacking libxshmfence1:amd64 (1.3-1) ...
Selecting previously unselected package libxxf86vm1:amd64.
Preparing to unpack .../073-libxxf86vm1_1%3a1.1.4-1+b2_amd64.deb ...
Unpacking libxxf86vm1:amd64 (1:1.1.4-1+b2) ...
Selecting previously unselected package libglx-mesa0:amd64.
Preparing to unpack .../074-libglx-mesa0_20.3.5-1_amd64.deb ...
Unpacking libglx-mesa0:amd64 (20.3.5-1) ...
Selecting previously unselected package libgraphite2-3:amd64.
Preparing to unpack .../075-libgraphite2-3_1.3.14-1_amd64.deb ...
Unpacking libgraphite2-3:amd64 (1.3.14-1) ...
Selecting previously unselected package libharfbuzz0b:amd64.
Preparing to unpack .../076-libharfbuzz0b_2.7.4-1_amd64.deb ...
Unpacking libharfbuzz0b:amd64 (2.7.4-1) ...
Selecting previously unselected package libjson-glib-1.0-common.
Preparing to unpack .../077-libjson-glib-1.0-common_1.6.2-1_all.deb ...
Unpacking libjson-glib-1.0-common (1.6.2-1) ...
Selecting previously unselected package libjson-glib-1.0-0:amd64.
Preparing to unpack .../078-libjson-glib-1.0-0_1.6.2-1_amd64.deb ...
Unpacking libjson-glib-1.0-0:amd64 (1.6.2-1) ...
Selecting previously unselected package libthai-data.
Preparing to unpack .../079-libthai-data_0.1.28-3_all.deb ...
Unpacking libthai-data (0.1.28-3) ...
Selecting previously unselected package libthai0:amd64.
Preparing to unpack .../080-libthai0_0.1.28-3_amd64.deb ...
Unpacking libthai0:amd64 (0.1.28-3) ...
Selecting previously unselected package libpango-1.0-0:amd64.
Preparing to unpack .../081-libpango-1.0-0_1.46.2-3_amd64.deb ...
Unpacking libpango-1.0-0:amd64 (1.46.2-3) ...
Selecting previously unselected package libpangoft2-1.0-0:amd64.
Preparing to unpack .../082-libpangoft2-1.0-0_1.46.2-3_amd64.deb ...
Unpacking libpangoft2-1.0-0:amd64 (1.46.2-3) ...
Selecting previously unselected package libpangocairo-1.0-0:amd64.
Preparing to unpack .../083-libpangocairo-1.0-0_1.46.2-3_amd64.deb ...
Unpacking libpangocairo-1.0-0:amd64 (1.46.2-3) ...
Selecting previously unselected package libsoup2.4-1:amd64.
Preparing to unpack .../084-libsoup2.4-1_2.72.0-2+deb11u3_amd64.deb ...
Unpacking libsoup2.4-1:amd64 (2.72.0-2+deb11u3) ...
Selecting previously unselected package libsoup-gnome2.4-1:amd64.
Preparing to unpack .../085-libsoup-gnome2.4-1_2.72.0-2+deb11u3_amd64.deb ...
Unpacking libsoup-gnome2.4-1:amd64 (2.72.0-2+deb11u3) ...
Selecting previously unselected package librest-0.7-0:amd64.
Preparing to unpack .../086-librest-0.7-0_0.8.1-1.1_amd64.deb ...
Unpacking librest-0.7-0:amd64 (0.8.1-1.1) ...
Selecting previously unselected package libwayland-client0:amd64.
Preparing to unpack .../087-libwayland-client0_1.18.0-2~exp1.1_amd64.deb ...
Unpacking libwayland-client0:amd64 (1.18.0-2~exp1.1) ...
Selecting previously unselected package libwayland-cursor0:amd64.
Preparing to unpack .../088-libwayland-cursor0_1.18.0-2~exp1.1_amd64.deb ...
Unpacking libwayland-cursor0:amd64 (1.18.0-2~exp1.1) ...
Selecting previously unselected package libwayland-egl1:amd64.
Preparing to unpack .../089-libwayland-egl1_1.18.0-2~exp1.1_amd64.deb ...
Unpacking libwayland-egl1:amd64 (1.18.0-2~exp1.1) ...
Selecting previously unselected package libxcomposite1:amd64.
Preparing to unpack .../090-libxcomposite1_1%3a0.4.5-1_amd64.deb ...
Unpacking libxcomposite1:amd64 (1:0.4.5-1) ...
Selecting previously unselected package libxcursor1:amd64.
Preparing to unpack .../091-libxcursor1_1%3a1.2.0-2_amd64.deb ...
Unpacking libxcursor1:amd64 (1:1.2.0-2) ...
Selecting previously unselected package libxi6:amd64.
Preparing to unpack .../092-libxi6_2%3a1.7.10-1_amd64.deb ...
Unpacking libxi6:amd64 (2:1.7.10-1) ...
Selecting previously unselected package libxinerama1:amd64.
Preparing to unpack .../093-libxinerama1_2%3a1.1.4-2_amd64.deb ...
Unpacking libxinerama1:amd64 (2:1.1.4-2) ...
Selecting previously unselected package xkb-data.
Preparing to unpack .../094-xkb-data_2.29-2_all.deb ...
Unpacking xkb-data (2.29-2) ...
Selecting previously unselected package libxkbcommon0:amd64.
Preparing to unpack .../095-libxkbcommon0_1.0.3-2_amd64.deb ...
Unpacking libxkbcommon0:amd64 (1.0.3-2) ...
Selecting previously unselected package libxrandr2:amd64.
Preparing to unpack .../096-libxrandr2_2%3a1.5.1-1_amd64.deb ...
Unpacking libxrandr2:amd64 (2:1.5.1-1) ...
Selecting previously unselected package libgtk-3-common.
Preparing to unpack .../097-libgtk-3-common_3.24.24-4+deb11u4_all.deb ...
Unpacking libgtk-3-common (3.24.24-4+deb11u4) ...
Selecting previously unselected package libgtk-3-0:amd64.
Preparing to unpack .../098-libgtk-3-0_3.24.24-4+deb11u4_amd64.deb ...
Unpacking libgtk-3-0:amd64 (3.24.24-4+deb11u4) ...
Selecting previously unselected package x11-common.
Preparing to unpack .../099-x11-common_1%3a7.7+22_all.deb ...
Unpacking x11-common (1:7.7+22) ...
Selecting previously unselected package libice6:amd64.
Preparing to unpack .../100-libice6_2%3a1.0.10-1_amd64.deb ...
Unpacking libice6:amd64 (2:1.0.10-1) ...
Selecting previously unselected package libnspr4:amd64.
Preparing to unpack .../101-libnspr4_2%3a4.29-1_amd64.deb ...
Unpacking libnspr4:amd64 (2:4.29-1) ...
Selecting previously unselected package libnss3:amd64.
Preparing to unpack .../102-libnss3_2%3a3.61-1+deb11u5_amd64.deb ...
Unpacking libnss3:amd64 (2:3.61-1+deb11u5) ...
Selecting previously unselected package libsm6:amd64.
Preparing to unpack .../103-libsm6_2%3a1.2.3-1_amd64.deb ...
Unpacking libsm6:amd64 (2:1.2.3-1) ...
Selecting previously unselected package libunwind8:amd64.
Preparing to unpack .../104-libunwind8_1.3.2-2_amd64.deb ...
Unpacking libunwind8:amd64 (1.3.2-2) ...
Selecting previously unselected package libxt6:amd64.
Preparing to unpack .../105-libxt6_1%3a1.2.0-1_amd64.deb ...
Unpacking libxt6:amd64 (1:1.2.0-1) ...
Selecting previously unselected package libxmu6:amd64.
Preparing to unpack .../106-libxmu6_2%3a1.1.2-2+b3_amd64.deb ...
Unpacking libxmu6:amd64 (2:1.1.2-2+b3) ...
Selecting previously unselected package libxaw7:amd64.
Preparing to unpack .../107-libxaw7_2%3a1.0.13-1.1_amd64.deb ...
Unpacking libxaw7:amd64 (2:1.0.13-1.1) ...
Selecting previously unselected package libxfont2:amd64.
Preparing to unpack .../108-libxfont2_1%3a2.0.4-1_amd64.deb ...
Unpacking libxfont2:amd64 (1:2.0.4-1) ...
Selecting previously unselected package libxkbfile1:amd64.
Preparing to unpack .../109-libxkbfile1_1%3a1.1.0-1_amd64.deb ...
Unpacking libxkbfile1:amd64 (1:1.1.0-1) ...
Selecting previously unselected package libxss1:amd64.
Preparing to unpack .../110-libxss1_1%3a1.2.3-1_amd64.deb ...
Unpacking libxss1:amd64 (1:1.2.3-1) ...
Selecting previously unselected package libxtst6:amd64.
Preparing to unpack .../111-libxtst6_2%3a1.2.3-1_amd64.deb ...
Unpacking libxtst6:amd64 (2:1.2.3-1) ...
Selecting previously unselected package x11-xkb-utils.
Preparing to unpack .../112-x11-xkb-utils_7.7+5_amd64.deb ...
Unpacking x11-xkb-utils (7.7+5) ...
Selecting previously unselected package xserver-common.
Preparing to unpack .../113-xserver-common_2%3a1.20.11-1+deb11u17_all.deb ...
Unpacking xserver-common (2:1.20.11-1+deb11u17) ...
Selecting previously unselected package libglx0:amd64.
Preparing to unpack .../114-libglx0_1.3.2-1_amd64.deb ...
Unpacking libglx0:amd64 (1.3.2-1) ...
Selecting previously unselected package libgl1:amd64.
Preparing to unpack .../115-libgl1_1.3.2-1_amd64.deb ...
Unpacking libgl1:amd64 (1.3.2-1) ...
Selecting previously unselected package xvfb.
Preparing to unpack .../116-xvfb_2%3a1.20.11-1+deb11u17_amd64.deb ...
Unpacking xvfb (2:1.20.11-1+deb11u17) ...
Setting up libgraphite2-3:amd64 (1.3.14-1) ...
Setting up libxcb-dri3-0:amd64 (1.14-3) ...
Setting up liblcms2-2:amd64 (2.12~rc1-2+deb11u1) ...
Setting up libpixman-1-0:amd64 (0.40.0-1.1~deb11u1) ...
Setting up libwayland-server0:amd64 (1.18.0-2~exp1.1) ...
Setting up libx11-xcb1:amd64 (2:1.7.2-1+deb11u2) ...
Setting up libpciaccess0:amd64 (0.16-1) ...
Setting up fontconfig (2.13.1-4.2) ...
Regenerating fonts cache... done.
Setting up systemd-sysv (247.3-7+deb11u8) ...
Setting up libproxy1v5:amd64 (0.4.17-1) ...
Setting up libxdamage1:amd64 (1:1.1.5-2) ...
Setting up libxcb-xfixes0:amd64 (1.14-3) ...
Setting up hicolor-icon-theme (0.17-2) ...
Setting up libxi6:amd64 (2:1.7.10-1) ...
Setting up libxrender1:amd64 (1:0.9.10-1) ...
Setting up libdatrie1:amd64 (0.2.13-1) ...
Setting up libxcb-render0:amd64 (1.14-3) ...
Setting up libglib2.0-0:amd64 (2.66.8-1+deb11u8) ...
Setting up libglvnd0:amd64 (1.3.2-1) ...
Setting up libxcb-glx0:amd64 (1.14-3) ...
Setting up libgdk-pixbuf2.0-common (2.42.2+dfsg-1+deb11u5) ...
Setting up x11-common (1:7.7+22) ...
debconf: unable to initialize frontend: Dialog
debconf: (TERM is not set, so the dialog frontend is not usable.)
debconf: falling back to frontend: Readline
invoke-rc.d: could not determine current runlevel
invoke-rc.d: policy-rc.d denied execution of start.
Setting up libsensors-config (1:3.6.0-7) ...
Setting up xkb-data (2.29-2) ...
Setting up libxcb-shm0:amd64 (1.14-3) ...
Setting up libunwind8:amd64 (1.3.2-2) ...
Setting up libcairo2:amd64 (1.16.0-5) ...
Setting up libcolord2:amd64 (1.4.5-3) ...
Setting up libxxf86vm1:amd64 (1:1.1.4-1+b2) ...
Setting up libxcb-present0:amd64 (1.14-3) ...
Setting up libdconf1:amd64 (0.38.0-2) ...
Setting up libasound2-data (1.2.4-1.1+deb11u1) ...
Setting up libfontenc1:amd64 (1:1.1.4-1) ...
Setting up libz3-4:amd64 (4.8.10-1) ...
Setting up libllvm11:amd64 (1:11.0.1-2) ...
Setting up libepoxy0:amd64 (1.5.5-1) ...
Setting up libnspr4:amd64 (2:4.29-1) ...
Setting up libxfixes3:amd64 (1:5.0.3-2) ...
Setting up libxcb-sync1:amd64 (1.14-3) ...
Setting up libavahi-common-data:amd64 (0.8-5+deb11u3) ...
Setting up libdbus-1-3:amd64 (1.12.28-0+deb11u1) ...
Setting up dbus (1.12.28-0+deb11u1) ...
invoke-rc.d: could not determine current runlevel
invoke-rc.d: policy-rc.d denied execution of start.
Setting up libfribidi0:amd64 (1.0.8-2+deb11u1) ...
Setting up shared-mime-info (2.0-1) ...
Setting up libxinerama1:amd64 (2:1.1.4-2) ...
Setting up libxrandr2:amd64 (2:1.5.1-1) ...
Setting up libsensors5:amd64 (1:3.6.0-7) ...
Setting up libglapi-mesa:amd64 (20.3.5-1) ...
Setting up libvulkan1:amd64 (1.2.162.0-1) ...
Setting up libxcb-dri2-0:amd64 (1.14-3) ...
Setting up libatk1.0-data (2.36.0-2) ...
Setting up libxshmfence1:amd64 (1.3-1) ...
Setting up libasound2:amd64 (1.2.4-1.1+deb11u1) ...
Setting up libpam-systemd:amd64 (247.3-7+deb11u8) ...
debconf: unable to initialize frontend: Dialog
debconf: (TERM is not set, so the dialog frontend is not usable.)
debconf: falling back to frontend: Readline
Setting up libharfbuzz0b:amd64 (2.7.4-1) ...
Setting up libthai-data (0.1.28-3) ...
Setting up libgdk-pixbuf-2.0-0:amd64 (2.42.2+dfsg-1+deb11u5) ...
Setting up libjson-glib-1.0-common (1.6.2-1) ...
Setting up libcairo-gobject2:amd64 (1.16.0-5) ...
Setting up libatk1.0-0:amd64 (2.36.0-2) ...
Setting up libwayland-egl1:amd64 (1.18.0-2~exp1.1) ...
Setting up libxss1:amd64 (1:1.2.3-1) ...
Setting up libxkbfile1:amd64 (1:1.1.0-1) ...
Setting up glib-networking-common (2.66.0-2) ...
Setting up libdrm-common (2.4.104-1) ...
Setting up libelf1:amd64 (0.183-1) ...
Setting up libxcomposite1:amd64 (1:0.4.5-1) ...
Setting up libxfont2:amd64 (1:2.0.4-1) ...
Setting up libxkbcommon0:amd64 (1.0.3-2) ...
Setting up libwayland-client0:amd64 (1.18.0-2~exp1.1) ...
Setting up glib-networking-services (2.66.0-2) ...
Setting up gtk-update-icon-cache (3.24.24-4+deb11u4) ...
Setting up libice6:amd64 (2:1.0.10-1) ...
Setting up libgdk-pixbuf-xlib-2.0-0:amd64 (2.40.2-2) ...
Setting up libxtst6:amd64 (2:1.2.3-1) ...
Setting up libxcursor1:amd64 (1:1.2.0-2) ...
Setting up libavahi-common3:amd64 (0.8-5+deb11u3) ...
Setting up libnss3:amd64 (2:3.61-1+deb11u5) ...
Setting up libatspi2.0-0:amd64 (2.38.0-4+deb11u1) ...
Setting up libjson-glib-1.0-0:amd64 (1.6.2-1) ...
Setting up libatk-bridge2.0-0:amd64 (2.38.0-1) ...
Setting up libthai0:amd64 (0.1.28-3) ...
Setting up dbus-user-session (1.12.28-0+deb11u1) ...
Setting up adwaita-icon-theme (3.38.0-1) ...
update-alternatives: using /usr/share/icons/Adwaita/cursor.theme to provide /usr/share/icons/default/index.theme (x-cursor-theme) in auto mode
Setting up libgdk-pixbuf2.0-0:amd64 (2.40.2-2) ...
Setting up libdrm2:amd64 (2.4.104-1) ...
Setting up libwayland-cursor0:amd64 (1.18.0-2~exp1.1) ...
Setting up libsm6:amd64 (2:1.2.3-1) ...
Setting up libavahi-client3:amd64 (0.8-5+deb11u3) ...
Setting up libdrm-amdgpu1:amd64 (2.4.104-1) ...
Setting up libdrm-nouveau2:amd64 (2.4.104-1) ...
Setting up libgbm1:amd64 (20.3.5-1) ...
Setting up libdrm-radeon1:amd64 (2.4.104-1) ...
Setting up libpango-1.0-0:amd64 (1.46.2-3) ...
Setting up libdrm-intel1:amd64 (2.4.104-1) ...
Setting up libgl1-mesa-dri:amd64 (20.3.5-1) ...
Setting up dconf-service (0.38.0-2) ...
Setting up libxt6:amd64 (1:1.2.0-1) ...
Setting up libcups2:amd64 (2.3.3op2-3+deb11u10) ...
Setting up libpangoft2-1.0-0:amd64 (1.46.2-3) ...
Setting up libpangocairo-1.0-0:amd64 (1.46.2-3) ...
Setting up libxmu6:amd64 (2:1.1.2-2+b3) ...
Setting up libglx-mesa0:amd64 (20.3.5-1) ...
Setting up libglx0:amd64 (1.3.2-1) ...
Setting up dconf-gsettings-backend:amd64 (0.38.0-2) ...
Setting up libxaw7:amd64 (2:1.0.13-1.1) ...
Setting up libgl1:amd64 (1.3.2-1) ...
Setting up libgtk-3-common (3.24.24-4+deb11u4) ...
Setting up gsettings-desktop-schemas (3.38.0-2) ...
Setting up x11-xkb-utils (7.7+5) ...
Setting up xserver-common (2:1.20.11-1+deb11u17) ...
Setting up glib-networking:amd64 (2.66.0-2) ...
Setting up libsoup2.4-1:amd64 (2.72.0-2+deb11u3) ...
Setting up xvfb (2:1.20.11-1+deb11u17) ...
Setting up libsoup-gnome2.4-1:amd64 (2.72.0-2+deb11u3) ...
Setting up librest-0.7-0:amd64 (0.8.1-1.1) ...
Setting up libgtk-3-0:amd64 (3.24.24-4+deb11u4) ...
Processing triggers for libc-bin (2.31-13+deb11u13) ...
--> 7cab0fec2dc8
STEP 4/7: COPY cypress-coverage-configs /coverage_reloaded/cypress-coverage-configs
--> 65208da771ed
STEP 5/7: COPY ./repo /coverage_reloaded/repo
--> 596b56add8d0
STEP 6/7: COPY ./install-and-run.sh /coverage_reloaded/install-and-run.sh
--> f370a5001f4e
STEP 7/7: RUN chmod +x /coverage_reloaded/install-and-run.sh
COMMIT core_node14_vuetify
--> 2cdc0456aba6
Successfully tagged localhost/core_node14_vuetify:latest
2cdc0456aba669d60456a177aa5eeb10b197c022d9b01ab7119bfefacf6bf234

╔════════════════════════════════════════════════════════════╗
║  Starting run-coverage.sh                                  ║
║  Revision: fc981e02b8f572f6e9f15c6820787ccd61e9cadb        ║
╚════════════════════════════════════════════════════════════╝

Commit date: 2020-07-29 01:22:42
Current date: Thu May 28 10:30:23 UTC 2026
Timestamp: 1595985762
Package Manager: yarn@1.12.0

┌────────────────────────────────────────────────────────────┐
│  System Information                                        │
└────────────────────────────────────────────────────────────┘
Linux 1d3c38fc9c18 6.8.0-110-generic #110-Ubuntu SMP PREEMPT_DYNAMIC Thu Mar 19 15:09:20 UTC 2026 x86_64 GNU/Linux

┌────────────────────────────────────────────────────────────┐
│  Linux Distribution                                        │
└────────────────────────────────────────────────────────────┘
PRETTY_NAME="Debian GNU/Linux 11 (bullseye)"
NAME="Debian GNU/Linux"
VERSION_ID="11"
VERSION="11 (bullseye)"
VERSION_CODENAME=bullseye
ID=debian
HOME_URL="https://www.debian.org/"
SUPPORT_URL="https://www.debian.org/support"
BUG_REPORT_URL="https://bugs.debian.org/"

┌────────────────────────────────────────────────────────────┐
│  Git Version                                               │
└────────────────────────────────────────────────────────────┘
git version 2.30.2

┌────────────────────────────────────────────────────────────┐
│  Python Version                                            │
└────────────────────────────────────────────────────────────┘
Python 3.10.20

┌────────────────────────────────────────────────────────────┐
│  CPU Information                                           │
└────────────────────────────────────────────────────────────┘
256

┌────────────────────────────────────────────────────────────┐
│  Memory Information                                        │
└────────────────────────────────────────────────────────────┘
               total        used        free      shared  buff/cache   available
Mem:           2.2Ti        48Gi       1.9Ti        12Mi       227Gi       2.2Ti
Swap:          8.0Gi          0B       8.0Gi

┌────────────────────────────────────────────────────────────┐
│  Disk Information                                          │
└────────────────────────────────────────────────────────────┘
Filesystem      Size  Used Avail Use% Mounted on
/dev/md0         18T  542G   16T   4% /coverage_reloaded/coverage
tmpfs           227G  420K  227G   1% /etc/hosts
shm              63M     0   63M   0% /dev/shm
overlay          18T  542G   16T   4% /
tmpfs            64M     0   64M   0% /dev
udev            1.2T     0  1.2T   0% /dev/tty

┌────────────────────────────────────────────────────────────┐
│  Current Folder                                            │
└────────────────────────────────────────────────────────────┘
/coverage_reloaded/repo

┌────────────────────────────────────────────────────────────┐
│  Git Checkout                                              │
└────────────────────────────────────────────────────────────┘
Note: switching to 'fc981e02b8f572f6e9f15c6820787ccd61e9cadb'.

You are in 'detached HEAD' state. You can look around, make experimental
changes and commit them, and you can discard any commits you make in this
state without impacting any branches by switching back to a branch.

If you want to create a new branch to retain commits you create, you may
do so (now or later) by using -c with the switch command. Example:

  git switch -c <new-branch-name>

Or undo this operation with:

  git switch -

Turn off this advice by setting config variable advice.detachedHead to false

HEAD is now at fc981e02b chore: update webpack chunking

┌────────────────────────────────────────────────────────────┐
│  Node Version                                              │
└────────────────────────────────────────────────────────────┘
v14.21.3

┌────────────────────────────────────────────────────────────┐
│  Setting up Package Managers                               │
└────────────────────────────────────────────────────────────┘
 --> Manual setup for yarn@1.12.0
up to date in 0.016s
/root/n/bin/yarnpkg -> /root/n/lib/node_modules/yarn/bin/yarn.js
/root/n/bin/yarn -> /root/n/lib/node_modules/yarn/bin/yarn.js
+ yarn@1.12.0
added 1 package in 0.247s

▶ Yarn Version After Setup
1.12.0
Legacy Yarn: true
yarn config v1.12.0
success Set "registry" to "http://waypack:3000/yarn/1595985762/".
Done in 0.02s.
http://waypack:3000/yarn/1595985762/


┌────────────────────────────────────────────────────────────┐
│  Cleaning package manager lock files                       │
└────────────────────────────────────────────────────────────┘
Searching for patterns: package-lock.json */package-lock.json
Ignoring patterns: */node_modules/*
0 files processed
Searching for patterns: yarn.lock */yarn.lock
Ignoring patterns: */node_modules/*
Found file: ./yarn.lock
Found file: ./packages/docs-next/yarn.lock
2 files processed
Searching for patterns: pnpm-lock.yaml */pnpm-lock.yaml
Ignoring patterns: */node_modules/*
0 files processed


╔════════════════════════════════════════════════════════════╗
║  Calling install-and-run.sh                                ║
╚════════════════════════════════════════════════════════════╝


┌────────────────────────────────────────────────────────────┐
│  Applying Cypress coverage patches                         │
└────────────────────────────────────────────────────────────┘
==> cypress-patcher.sh — applying coverage patches
  Found 46 patches available
==> Done — 0 patches applied, 0 missing

┌────────────────────────────────────────────────────────────┐
│  Installing dependencies                                   │
└────────────────────────────────────────────────────────────┘

▶  Installing dependencies with yarn...
yarn cache v1.12.0
success Cleared cache.
Done in 0.02s.
yarn install v1.12.0
[1/5] Validating package.json...
[2/5] Resolving packages...
warning workspace-aggregator-780d03b7-1605-4025-bd75-6932b038408d > docs-next > core-js@3.6.5: core-js@<3.23.3 is no longer maintained and not recommended for usage due to the number of issues. Because of the V8 engine whims, feature detection in old core-js versions could cause a slowdown up to 100x even if nothing is polyfilled. Some versions have web compatibility issues. Please, upgrade your dependencies to the actual version of core-js.
warning workspace-aggregator-780d03b7-1605-4025-bd75-6932b038408d > docs-next > vue-i18n@8.19.0: v9 and v10 no longer supported. please migrate to v11. about maintenance status, see https://vue-i18n.intlify.dev/guide/maintenance.html
warning workspace-aggregator-780d03b7-1605-4025-bd75-6932b038408d > docs-next > babel-eslint@10.1.0: babel-eslint is now @babel/eslint-parser. This package will no longer receive updates.
warning workspace-aggregator-780d03b7-1605-4025-bd75-6932b038408d > docs-next > cosmicjs@3.3.1: This package is no longer supported. Upgrade to the latest version at https://www.npmjs.com/package/@cosmicjs/sdk
warning workspace-aggregator-780d03b7-1605-4025-bd75-6932b038408d > docs-next > eslint@6.8.0: This version is no longer supported. Please see https://eslint.org/version-support for other options.
warning workspace-aggregator-780d03b7-1605-4025-bd75-6932b038408d > docs-next > eslint-config-vuetify > eslint@6.8.0: This version is no longer supported. Please see https://eslint.org/version-support for other options.
warning workspace-aggregator-780d03b7-1605-4025-bd75-6932b038408d > docs-next > eslint-config-vuetify > babel-eslint@10.1.0: babel-eslint is now @babel/eslint-parser. This package will no longer receive updates.
warning workspace-aggregator-780d03b7-1605-4025-bd75-6932b038408d > docs-next > @vue/cli-plugin-babel > @vue/babel-preset-app > core-js@3.6.5: core-js@<3.23.3 is no longer maintained and not recommended for usage due to the number of issues. Because of the V8 engine whims, feature detection in old core-js versions could cause a slowdown up to 100x even if nothing is polyfilled. Some versions have web compatibility issues. Please, upgrade your dependencies to the actual version of core-js.
warning workspace-aggregator-780d03b7-1605-4025-bd75-6932b038408d > docs-next > @vue/cli-service > webpack-chain@6.5.1: Package no longer supported. Contact Support at https://www.npmjs.com/support for more info.
warning workspace-aggregator-780d03b7-1605-4025-bd75-6932b038408d > docs-next > cosmicjs > axios@0.19.2: Critical security vulnerability fixed in v0.21.1. For more information, see https://github.com/axios/axios/pull/3410
warning workspace-aggregator-780d03b7-1605-4025-bd75-6932b038408d > docs-next > http-server > ecstatic@3.3.2: This package is unmaintained and deprecated. See the GH Issue 259.
warning workspace-aggregator-780d03b7-1605-4025-bd75-6932b038408d > docs-next > markdownlint-cli > glob@7.1.6: Old versions of glob are not supported, and contain widely publicized security vulnerabilities, which have been fixed in the current version. Please update. Support for old versions may be purchased (at exorbitant rates) by contacting i@izs.me
warning workspace-aggregator-780d03b7-1605-4025-bd75-6932b038408d > docs-next > webpack-virtual-modules > debug@3.2.6: Debug versions >=3.2.0 <3.2.7 || >=4 <4.3.1 have a low-severity ReDos regression when used in a Node.js environment. It is recommended you upgrade to 3.2.7 or 4.3.1. (https://github.com/visionmedia/debug/issues/797)
warning workspace-aggregator-780d03b7-1605-4025-bd75-6932b038408d > docs-next > @vue/cli-service > portfinder > debug@3.2.6: Debug versions >=3.2.0 <3.2.7 || >=4 <4.3.1 have a low-severity ReDos regression when used in a Node.js environment. It is recommended you upgrade to 3.2.7 or 4.3.1. (https://github.com/visionmedia/debug/issues/797)
warning workspace-aggregator-780d03b7-1605-4025-bd75-6932b038408d > docs-next > @vue/cli-plugin-babel > @vue/babel-preset-app > @babel/plugin-proposal-class-properties@7.10.4: This proposal has been merged to the ECMAScript standard and thus this plugin is no longer maintained. Please use @babel/plugin-transform-class-properties instead.
warning workspace-aggregator-780d03b7-1605-4025-bd75-6932b038408d > docs-next > @vue/cli-plugin-babel > @vue/babel-preset-app > @babel/preset-env > @babel/plugin-proposal-class-properties@7.10.4: This proposal has been merged to the ECMAScript standard and thus this plugin is no longer maintained. Please use @babel/plugin-transform-class-properties instead.
warning workspace-aggregator-780d03b7-1605-4025-bd75-6932b038408d > docs-next > @vue/cli-plugin-babel > @vue/cli-shared-utils > request@2.88.2: request has been deprecated, see https://github.com/request/request/issues/3142
warning workspace-aggregator-780d03b7-1605-4025-bd75-6932b038408d > docs-next > @vue/cli-plugin-babel > @vue/cli-shared-utils > @hapi/joi@15.1.1: Switch to 'npm install joi'
warning workspace-aggregator-780d03b7-1605-4025-bd75-6932b038408d > docs-next > @vue/cli-service > cli-highlight > highlight.js@9.18.3: Version no longer supported. Upgrade to @latest
warning workspace-aggregator-780d03b7-1605-4025-bd75-6932b038408d > docs-next > @vue/cli-plugin-pwa > workbox-webpack-plugin > workbox-build > @hapi/joi@15.1.1: Switch to 'npm install joi'
warning workspace-aggregator-780d03b7-1605-4025-bd75-6932b038408d > docs-next > eslint-config-vuetify > @release-it/conventional-changelog > release-it > debug@4.1.1: Debug versions >=3.2.0 <3.2.7 || >=4 <4.3.1 have a low-severity ReDos regression when used in a Node.js environment. It is recommended you upgrade to 3.2.7 or 4.3.1. (https://github.com/visionmedia/debug/issues/797)
warning workspace-aggregator-780d03b7-1605-4025-bd75-6932b038408d > docs-next > @vue/cli-plugin-babel > @vue/babel-preset-app > @babel/preset-env > @babel/plugin-proposal-dynamic-import@7.10.4: This proposal has been merged to the ECMAScript standard and thus this plugin is no longer maintained. Please use @babel/plugin-transform-dynamic-import instead.
warning workspace-aggregator-780d03b7-1605-4025-bd75-6932b038408d > docs-next > @vue/cli-plugin-babel > @vue/babel-preset-app > @babel/preset-env > @babel/plugin-proposal-json-strings@7.10.4: This proposal has been merged to the ECMAScript standard and thus this plugin is no longer maintained. Please use @babel/plugin-transform-json-strings instead.
warning workspace-aggregator-780d03b7-1605-4025-bd75-6932b038408d > docs-next > @vue/cli-plugin-babel > @vue/babel-preset-app > @babel/preset-env > @babel/plugin-proposal-private-methods@7.10.4: This proposal has been merged to the ECMAScript standard and thus this plugin is no longer maintained. Please use @babel/plugin-transform-private-methods instead.
warning workspace-aggregator-780d03b7-1605-4025-bd75-6932b038408d > docs-next > @vue/cli-plugin-babel > @vue/babel-preset-app > @babel/preset-env > @babel/plugin-proposal-object-rest-spread@7.10.4: This proposal has been merged to the ECMAScript standard and thus this plugin is no longer maintained. Please use @babel/plugin-transform-object-rest-spread instead.
warning workspace-aggregator-780d03b7-1605-4025-bd75-6932b038408d > docs-next > @vue/cli-plugin-babel > @vue/babel-preset-app > @babel/preset-env > @babel/plugin-proposal-optional-catch-binding@7.10.4: This proposal has been merged to the ECMAScript standard and thus this plugin is no longer maintained. Please use @babel/plugin-transform-optional-catch-binding instead.
warning workspace-aggregator-780d03b7-1605-4025-bd75-6932b038408d > docs-next > @vue/cli-plugin-babel > @vue/babel-preset-app > @babel/preset-env > @babel/plugin-proposal-optional-chaining@7.10.4: This proposal has been merged to the ECMAScript standard and thus this plugin is no longer maintained. Please use @babel/plugin-transform-optional-chaining instead.
warning workspace-aggregator-780d03b7-1605-4025-bd75-6932b038408d > docs-next > @vue/cli-plugin-babel > @vue/babel-preset-app > @babel/preset-env > @babel/plugin-proposal-async-generator-functions@7.10.5: This proposal has been merged to the ECMAScript standard and thus this plugin is no longer maintained. Please use @babel/plugin-transform-async-generator-functions instead.
warning workspace-aggregator-780d03b7-1605-4025-bd75-6932b038408d > docs-next > @vue/cli-plugin-babel > @vue/babel-preset-app > @babel/preset-env > @babel/plugin-proposal-nullish-coalescing-operator@7.10.4: This proposal has been merged to the ECMAScript standard and thus this plugin is no longer maintained. Please use @babel/plugin-transform-nullish-coalescing-operator instead.
warning workspace-aggregator-780d03b7-1605-4025-bd75-6932b038408d > docs-next > @vue/cli-plugin-babel > @vue/babel-preset-app > @babel/preset-env > @babel/plugin-proposal-numeric-separator@7.10.4: This proposal has been merged to the ECMAScript standard and thus this plugin is no longer maintained. Please use @babel/plugin-transform-numeric-separator instead.
warning workspace-aggregator-780d03b7-1605-4025-bd75-6932b038408d > docs-next > @vue/cli-plugin-babel > @vue/babel-preset-app > @babel/preset-env > @babel/plugin-proposal-unicode-property-regex@7.10.4: This proposal has been merged to the ECMAScript standard and thus this plugin is no longer maintained. Please use @babel/plugin-transform-unicode-property-regex instead.
warning workspace-aggregator-780d03b7-1605-4025-bd75-6932b038408d > docs-next > @vue/cli-plugin-babel > @vue/cli-shared-utils > request > har-validator@5.1.3: this library is no longer supported
warning workspace-aggregator-780d03b7-1605-4025-bd75-6932b038408d > docs-next > @vue/cli-plugin-babel > @vue/cli-shared-utils > @hapi/joi > @hapi/address@2.1.4: Moved to 'npm install @sideway/address'
warning workspace-aggregator-780d03b7-1605-4025-bd75-6932b038408d > docs-next > @vue/cli-plugin-babel > @vue/cli-shared-utils > @hapi/joi > @hapi/hoek@8.5.1: This version has been deprecated and is no longer supported or maintained
warning workspace-aggregator-780d03b7-1605-4025-bd75-6932b038408d > docs-next > @vue/cli-plugin-babel > @vue/cli-shared-utils > @hapi/joi > @hapi/topo@3.1.6: This version has been deprecated and is no longer supported or maintained
warning workspace-aggregator-780d03b7-1605-4025-bd75-6932b038408d > docs-next > @vue/cli-plugin-babel > @vue/cli-shared-utils > @hapi/joi > @hapi/topo > @hapi/hoek@8.5.1: This version has been deprecated and is no longer supported or maintained
warning workspace-aggregator-780d03b7-1605-4025-bd75-6932b038408d > docs-next > @vue/cli-plugin-babel > @vue/cli-shared-utils > @hapi/joi > @hapi/bourne@1.3.2: This version has been deprecated and is no longer supported or maintained
warning workspace-aggregator-780d03b7-1605-4025-bd75-6932b038408d > docs-next > @vue/cli-service > webpack-dev-server > sockjs > uuid@3.4.0: Please upgrade  to version 7 or higher.  Older versions may use Math.random() in certain circumstances, which is known to be problematic.  See https://v8.dev/blog/math-random for details.
warning workspace-aggregator-780d03b7-1605-4025-bd75-6932b038408d > docs-next > @vue/cli-plugin-pwa > workbox-webpack-plugin > workbox-build > workbox-google-analytics@4.3.1: It is not compatible with newer versions of GA starting with v4, as long as you are using GAv3 it should be ok, but the package is not longer being maintained
warning workspace-aggregator-780d03b7-1605-4025-bd75-6932b038408d > docs-next > eslint-config-vuetify > @release-it/conventional-changelog > release-it > deprecated-obj > flat@4.1.0: Fixed a prototype pollution security issue in 4.1.0, please upgrade to ^4.1.1 or ^5.0.1.
[3/5] Fetching packages...
info fsevents@1.2.9: The platform "linux" is incompatible with this module.
info "fsevents@1.2.9" is an optional dependency and failed compatibility check. Excluding it from installation.
info fsevents@2.0.7: The platform "linux" is incompatible with this module.
info "fsevents@2.0.7" is an optional dependency and failed compatibility check. Excluding it from installation.
info fsevents@1.2.12: The platform "linux" is incompatible with this module.
info "fsevents@1.2.12" is an optional dependency and failed compatibility check. Excluding it from installation.
info fsevents@2.1.3: The platform "linux" is incompatible with this module.
info "fsevents@2.1.3" is an optional dependency and failed compatibility check. Excluding it from installation.
[4/5] Linking dependencies...
warning " > @babel/helper-create-regexp-features-plugin@7.8.8" has unmet peer dependency "@babel/core@^7.0.0".
warning " > babel-jest@24.8.0" has unmet peer dependency "@babel/core@^7.0.0".
warning "babel-jest > babel-preset-jest@24.6.0" has unmet peer dependency "@babel/core@^7.0.0".
warning "babel-jest > babel-preset-jest > @babel/plugin-syntax-object-rest-spread@7.2.0" has unmet peer dependency "@babel/core@^7.0.0-0".
warning " > eslint-plugin-vue@5.2.3" has incorrect peer dependency "eslint@^5.0.0".
warning "eslint-plugin-vue > vue-eslint-parser@5.0.0" has incorrect peer dependency "eslint@^5.0.0".
warning " > eslint-plugin-vuetify@1.0.0-beta.4" has unmet peer dependency "release-it@*".
warning " > vue-loader@15.7.1" has unmet peer dependency "css-loader@*".
warning "workspace-aggregator-780d03b7-1605-4025-bd75-6932b038408d > @vuetify/api-generator > @babel/node@7.5.5" has unmet peer dependency "@babel/core@^7.0.0-0".
warning "workspace-aggregator-780d03b7-1605-4025-bd75-6932b038408d > @vuetify/api-generator > @babel/preset-env@7.5.5" has unmet peer dependency "@babel/core@^7.0.0-0".
warning "workspace-aggregator-780d03b7-1605-4025-bd75-6932b038408d > vuetify > vuetify-loader@1.2.2" has incorrect peer dependency "vuetify@^1.3.0".
warning "workspace-aggregator-780d03b7-1605-4025-bd75-6932b038408d > @vuetify/api-generator > @babel/node > @babel/register@7.5.5" has unmet peer dependency "@babel/core@^7.0.0-0".
warning "workspace-aggregator-780d03b7-1605-4025-bd75-6932b038408d > @vuetify/api-generator > @babel/preset-env > @babel/plugin-proposal-async-generator-functions@7.2.0" has unmet peer dependency "@babel/core@^7.0.0-0".
warning "workspace-aggregator-780d03b7-1605-4025-bd75-6932b038408d > @vuetify/api-generator > @babel/preset-env > @babel/plugin-proposal-dynamic-import@7.5.0" has unmet peer dependency "@babel/core@^7.0.0-0".
warning "workspace-aggregator-780d03b7-1605-4025-bd75-6932b038408d > @vuetify/api-generator > @babel/preset-env > @babel/plugin-proposal-json-strings@7.2.0" has unmet peer dependency "@babel/core@^7.0.0-0".
warning "workspace-aggregator-780d03b7-1605-4025-bd75-6932b038408d > @vuetify/api-generator > @babel/preset-env > @babel/plugin-proposal-optional-catch-binding@7.2.0" has unmet peer dependency "@babel/core@^7.0.0-0".
warning "workspace-aggregator-780d03b7-1605-4025-bd75-6932b038408d > @vuetify/api-generator > @babel/preset-env > @babel/plugin-proposal-unicode-property-regex@7.4.4" has unmet peer dependency "@babel/core@^7.0.0-0".
warning "workspace-aggregator-780d03b7-1605-4025-bd75-6932b038408d > @vuetify/api-generator > @babel/preset-env > @babel/plugin-syntax-async-generators@7.2.0" has unmet peer dependency "@babel/core@^7.0.0-0".
warning "workspace-aggregator-780d03b7-1605-4025-bd75-6932b038408d > @vuetify/api-generator > @babel/preset-env > @babel/plugin-syntax-dynamic-import@7.2.0" has unmet peer dependency "@babel/core@^7.0.0-0".
warning "workspace-aggregator-780d03b7-1605-4025-bd75-6932b038408d > @vuetify/api-generator > @babel/preset-env > @babel/plugin-syntax-json-strings@7.2.0" has unmet peer dependency "@babel/core@^7.0.0-0".
warning "workspace-aggregator-780d03b7-1605-4025-bd75-6932b038408d > @vuetify/api-generator > @babel/preset-env > @babel/plugin-syntax-optional-catch-binding@7.2.0" has unmet peer dependency "@babel/core@^7.0.0-0".
warning "workspace-aggregator-780d03b7-1605-4025-bd75-6932b038408d > @vuetify/api-generator > @babel/preset-env > @babel/plugin-transform-arrow-functions@7.2.0" has unmet peer dependency "@babel/core@^7.0.0-0".
warning "workspace-aggregator-780d03b7-1605-4025-bd75-6932b038408d > @vuetify/api-generator > @babel/preset-env > @babel/plugin-transform-async-to-generator@7.5.0" has unmet peer dependency "@babel/core@^7.0.0-0".
warning "workspace-aggregator-780d03b7-1605-4025-bd75-6932b038408d > @vuetify/api-generator > @babel/preset-env > @babel/plugin-transform-block-scoped-functions@7.2.0" has unmet peer dependency "@babel/core@^7.0.0-0".
warning "workspace-aggregator-780d03b7-1605-4025-bd75-6932b038408d > @vuetify/api-generator > @babel/preset-env > @babel/plugin-transform-block-scoping@7.5.5" has unmet peer dependency "@babel/core@^7.0.0-0".
warning "workspace-aggregator-780d03b7-1605-4025-bd75-6932b038408d > @vuetify/api-generator > @babel/preset-env > @babel/plugin-transform-classes@7.5.5" has unmet peer dependency "@babel/core@^7.0.0-0".
warning "workspace-aggregator-780d03b7-1605-4025-bd75-6932b038408d > @vuetify/api-generator > @babel/preset-env > @babel/plugin-transform-computed-properties@7.2.0" has unmet peer dependency "@babel/core@^7.0.0-0".
warning "workspace-aggregator-780d03b7-1605-4025-bd75-6932b038408d > @vuetify/api-generator > @babel/preset-env > @babel/plugin-transform-destructuring@7.5.0" has unmet peer dependency "@babel/core@^7.0.0-0".
warning "workspace-aggregator-780d03b7-1605-4025-bd75-6932b038408d > @vuetify/api-generator > @babel/preset-env > @babel/plugin-transform-dotall-regex@7.4.4" has unmet peer dependency "@babel/core@^7.0.0-0".
warning "workspace-aggregator-780d03b7-1605-4025-bd75-6932b038408d > @vuetify/api-generator > @babel/preset-env > @babel/plugin-transform-duplicate-keys@7.5.0" has unmet peer dependency "@babel/core@^7.0.0-0".
warning "workspace-aggregator-780d03b7-1605-4025-bd75-6932b038408d > @vuetify/api-generator > @babel/preset-env > @babel/plugin-transform-exponentiation-operator@7.2.0" has unmet peer dependency "@babel/core@^7.0.0-0".
warning "workspace-aggregator-780d03b7-1605-4025-bd75-6932b038408d > @vuetify/api-generator > @babel/preset-env > @babel/plugin-transform-for-of@7.4.4" has unmet peer dependency "@babel/core@^7.0.0-0".
warning "workspace-aggregator-780d03b7-1605-4025-bd75-6932b038408d > @vuetify/api-generator > @babel/preset-env > @babel/plugin-transform-function-name@7.4.4" has unmet peer dependency "@babel/core@^7.0.0-0".
warning "workspace-aggregator-780d03b7-1605-4025-bd75-6932b038408d > @vuetify/api-generator > @babel/preset-env > @babel/plugin-transform-literals@7.2.0" has unmet peer dependency "@babel/core@^7.0.0-0".
warning "workspace-aggregator-780d03b7-1605-4025-bd75-6932b038408d > @vuetify/api-generator > @babel/preset-env > @babel/plugin-transform-member-expression-literals@7.2.0" has unmet peer dependency "@babel/core@^7.0.0-0".
warning "workspace-aggregator-780d03b7-1605-4025-bd75-6932b038408d > @vuetify/api-generator > @babel/preset-env > @babel/plugin-transform-modules-amd@7.5.0" has unmet peer dependency "@babel/core@^7.0.0-0".
warning "workspace-aggregator-780d03b7-1605-4025-bd75-6932b038408d > @vuetify/api-generator > @babel/preset-env > @babel/plugin-transform-modules-commonjs@7.5.0" has unmet peer dependency "@babel/core@^7.0.0-0".
warning "workspace-aggregator-780d03b7-1605-4025-bd75-6932b038408d > @vuetify/api-generator > @babel/preset-env > @babel/plugin-transform-modules-systemjs@7.5.0" has unmet peer dependency "@babel/core@^7.0.0-0".
warning "workspace-aggregator-780d03b7-1605-4025-bd75-6932b038408d > @vuetify/api-generator > @babel/preset-env > @babel/plugin-transform-modules-umd@7.2.0" has unmet peer dependency "@babel/core@^7.0.0-0".
warning "workspace-aggregator-780d03b7-1605-4025-bd75-6932b038408d > @vuetify/api-generator > @babel/preset-env > @babel/plugin-transform-named-capturing-groups-regex@7.4.5" has unmet peer dependency "@babel/core@^7.0.0".
warning "workspace-aggregator-780d03b7-1605-4025-bd75-6932b038408d > @vuetify/api-generator > @babel/preset-env > @babel/plugin-transform-new-target@7.4.4" has unmet peer dependency "@babel/core@^7.0.0-0".
warning "workspace-aggregator-780d03b7-1605-4025-bd75-6932b038408d > @vuetify/api-generator > @babel/preset-env > @babel/plugin-transform-object-super@7.5.5" has unmet peer dependency "@babel/core@^7.0.0-0".
warning "workspace-aggregator-780d03b7-1605-4025-bd75-6932b038408d > @vuetify/api-generator > @babel/preset-env > @babel/plugin-transform-parameters@7.4.4" has unmet peer dependency "@babel/core@^7.0.0-0".
warning "workspace-aggregator-780d03b7-1605-4025-bd75-6932b038408d > @vuetify/api-generator > @babel/preset-env > @babel/plugin-transform-property-literals@7.2.0" has unmet peer dependency "@babel/core@^7.0.0-0".
warning "workspace-aggregator-780d03b7-1605-4025-bd75-6932b038408d > @vuetify/api-generator > @babel/preset-env > @babel/plugin-transform-regenerator@7.4.5" has unmet peer dependency "@babel/core@^7.0.0-0".
warning "workspace-aggregator-780d03b7-1605-4025-bd75-6932b038408d > @vuetify/api-generator > @babel/preset-env > @babel/plugin-transform-reserved-words@7.2.0" has unmet peer dependency "@babel/core@^7.0.0-0".
warning "workspace-aggregator-780d03b7-1605-4025-bd75-6932b038408d > @vuetify/api-generator > @babel/preset-env > @babel/plugin-transform-shorthand-properties@7.2.0" has unmet peer dependency "@babel/core@^7.0.0-0".
warning "workspace-aggregator-780d03b7-1605-4025-bd75-6932b038408d > @vuetify/api-generator > @babel/preset-env > @babel/plugin-transform-spread@7.2.2" has unmet peer dependency "@babel/core@^7.0.0-0".
warning "workspace-aggregator-780d03b7-1605-4025-bd75-6932b038408d > @vuetify/api-generator > @babel/preset-env > @babel/plugin-transform-sticky-regex@7.2.0" has unmet peer dependency "@babel/core@^7.0.0-0".
warning "workspace-aggregator-780d03b7-1605-4025-bd75-6932b038408d > @vuetify/api-generator > @babel/preset-env > @babel/plugin-transform-template-literals@7.4.4" has unmet peer dependency "@babel/core@^7.0.0-0".
warning "workspace-aggregator-780d03b7-1605-4025-bd75-6932b038408d > @vuetify/api-generator > @babel/preset-env > @babel/plugin-transform-typeof-symbol@7.2.0" has unmet peer dependency "@babel/core@^7.0.0-0".
warning "workspace-aggregator-780d03b7-1605-4025-bd75-6932b038408d > @vuetify/api-generator > @babel/preset-env > @babel/plugin-transform-unicode-regex@7.4.4" has unmet peer dependency "@babel/core@^7.0.0-0".
warning "workspace-aggregator-780d03b7-1605-4025-bd75-6932b038408d > docs-next > eslint-config-vuetify@0.6.1" has incorrect peer dependency "eslint@^7.0.0".
warning "workspace-aggregator-780d03b7-1605-4025-bd75-6932b038408d > docs-next > eslint-plugin-vuetify@1.0.0-beta.7" has incorrect peer dependency "eslint@^6.0.0 | ^7.0.0".
warning "workspace-aggregator-780d03b7-1605-4025-bd75-6932b038408d > docs-next > sass-loader@8.0.2" has unmet peer dependency "node-sass@^4.0.0".
warning "workspace-aggregator-780d03b7-1605-4025-bd75-6932b038408d > docs-next > sass-loader@8.0.2" has unmet peer dependency "fibers@>= 3.1.0".
[5/5] Building fresh packages...
error /coverage_reloaded/repo/node_modules/fibers: Command failed.
Exit code: 127
Command: node build.js || nodejs build.js
Arguments: 
Directory: /coverage_reloaded/repo/node_modules/fibers
Output:
gyp info it worked if it ends with ok
gyp info using node-gyp@5.0.3
gyp info using node@14.21.3 | linux | x64
gyp info find Python using Python version 2.7.18 found at "/usr/bin/python2"
gyp http GET https://nodejs.org/download/release/v14.21.3/node-v14.21.3-headers.tar.gz
gyp http 200 https://nodejs.org/download/release/v14.21.3/node-v14.21.3-headers.tar.gz
gyp http GET https://nodejs.org/download/release/v14.21.3/SHASUMS256.txt
gyp http 200 https://nodejs.org/download/release/v14.21.3/SHASUMS256.txt
gyp info spawn /usr/bin/python2
gyp info spawn args [
gyp info spawn args   '/coverage_reloaded/repo/node_modules/node-gyp/gyp/gyp_main.py',
gyp info spawn args   'binding.gyp',
gyp info spawn args   '-f',
gyp info spawn args   'make',
gyp info spawn args   '-I',
gyp info spawn args   '/coverage_reloaded/repo/node_modules/fibers/build/config.gypi',
gyp info spawn args   '-I',
gyp info spawn args   '/coverage_reloaded/repo/node_modules/node-gyp/addon.gypi',
gyp info spawn args   '-I',
gyp info spawn args   '/root/.cache/node-gyp/14.21.3/include/node/common.gypi',
gyp info spawn args   '-Dlibrary=shared_library',
gyp info spawn args   '-Dvisibility=default',
gyp info spawn args   '-Dnode_root_dir=/root/.cache/node-gyp/14.21.3',
gyp info spawn args   '-Dnode_gyp_dir=/coverage_reloaded/repo/node_modules/node-gyp',
gyp info spawn args   '-Dnode_lib_file=/root/.cache/node-gyp/14.21.3/<(target_arch)/node.lib',
gyp info spawn args   '-Dmodule_root_dir=/coverage_reloaded/repo/node_modules/fibers',
gyp info spawn args   '-Dnode_engine=v8',
gyp info spawn args   '--depth=.',
gyp info spawn args   '--no-parallel',
gyp info spawn args   '--generator-output',
gyp info spawn args   'build',
gyp info spawn args   '-Goutput_dir=.'
gyp info spawn args ]
gyp info spawn make
gyp info spawn args [ 'BUILDTYPE=Release', '-C', 'build' ]
../src/fibers.cc: In function 'void uni::SetAccessor(v8::Isolate*, v8::Local<v8::Object>, v8::Local<v8::String>, uni::FunctionType (*)(v8::Local<v8::String>, const GetterCallbackInfo&), void (*)(v8::Local<v8::String>, v8::Local<v8::Value>, const SetterCallbackInfo&))':
../src/fibers.cc:362:59: warning: cast between incompatible function types from 'uni::FunctionType (*)(v8::Local<v8::String>, const GetterCallbackInfo&)' {aka 'void (*)(v8::Local<v8::String>, const v8::PropertyCallbackInfo<v8::Value>&)'} to 'v8::AccessorNameGetterCallback' {aka 'void (*)(v8::Local<v8::Name>, const v8::PropertyCallbackInfo<v8::Value>&)'} [-Wcast-function-type]
  362 |   object->SetAccessor(isolate->GetCurrentContext(), name, (AccessorNameGetterCallback)getter, (AccessorNameSetterCallback)setter).ToChecked();
      |                                                           ^~~~~~~~~~~~~~~~~~~~~~~~~~~~~~~~~~
../src/fibers.cc:362:95: warning: cast between incompatible function types from 'void (*)(v8::Local<v8::String>, v8::Local<v8::Value>, const SetterCallbackInfo&)' {aka 'void (*)(v8::Local<v8::String>, v8::Local<v8::Value>, const v8::PropertyCallbackInfo<void>&)'} to 'v8::AccessorNameSetterCallback' {aka 'void (*)(v8::Local<v8::Name>, v8::Local<v8::Value>, const v8::PropertyCallbackInfo<void>&)'} [-Wcast-function-type]
  362 |   object->SetAccessor(isolate->GetCurrentContext(), name, (AccessorNameGetterCallback)getter, (AccessorNameSetterCallback)setter).ToChecked();
      |                                                                                               ^~~~~~~~~~~~~~~~~~~~~~~~~~~~~~~~~~
../src/fibers.cc: In static member function 'static void Fiber::Init(v8::Local<v8::Object>)':
../src/fibers.cc:899:32: error: no matching function for call to 'v8::Object::Set(v8::Local<v8::String>&, v8::Local<v8::Function>&)'
  899 |    target->Set(sym_yield, yield);
      |                                ^
In file included from /root/.cache/node-gyp/14.21.3/include/node/node.h:67,
                 from ../src/coroutine.h:1,
                 from ../src/fibers.cc:1:
/root/.cache/node-gyp/14.21.3/include/node/v8.h:3670:37: note: candidate: 'v8::Maybe<bool> v8::Object::Set(v8::Local<v8::Context>, v8::Local<v8::Value>, v8::Local<v8::Value>)'
 3670 |   V8_WARN_UNUSED_RESULT Maybe<bool> Set(Local<Context> context,
      |                                     ^~~
/root/.cache/node-gyp/14.21.3/include/node/v8.h:3670:37: note:   candidate expects 3 arguments, 2 provided
/root/.cache/node-gyp/14.21.3/include/node/v8.h:3673:37: note: candidate: 'v8::Maybe<bool> v8::Object::Set(v8::Local<v8::Context>, uint32_t, v8::Local<v8::Value>)'
 3673 |   V8_WARN_UNUSED_RESULT Maybe<bool> Set(Local<Context> context, uint32_t index,
      |                                     ^~~
/root/.cache/node-gyp/14.21.3/include/node/v8.h:3673:37: note:   candidate expects 3 arguments, 2 provided
../src/fibers.cc:903:28: error: no matching function for call to 'v8::Function::Set(v8::Local<v8::String>&, v8::Local<v8::Function>&)'
  903 |    fn->Set(sym_yield, yield);
      |                            ^
In file included from /root/.cache/node-gyp/14.21.3/include/node/node.h:67,
                 from ../src/coroutine.h:1,
                 from ../src/fibers.cc:1:
/root/.cache/node-gyp/14.21.3/include/node/v8.h:3670:37: note: candidate: 'v8::Maybe<bool> v8::Object::Set(v8::Local<v8::Context>, v8::Local<v8::Value>, v8::Local<v8::Value>)'
 3670 |   V8_WARN_UNUSED_RESULT Maybe<bool> Set(Local<Context> context,
      |                                     ^~~
/root/.cache/node-gyp/14.21.3/include/node/v8.h:3670:37: note:   candidate expects 3 arguments, 2 provided
/root/.cache/node-gyp/14.21.3/include/node/v8.h:3673:37: note: candidate: 'v8::Maybe<bool> v8::Object::Set(v8::Local<v8::Context>, uint32_t, v8::Local<v8::Value>)'
 3673 |   V8_WARN_UNUSED_RESULT Maybe<bool> Set(Local<Context> context, uint32_t index,
      |                                     ^~~
/root/.cache/node-gyp/14.21.3/include/node/v8.h:3673:37: note:   candidate expects 3 arguments, 2 provided
../src/fibers.cc:909:58: error: no matching function for call to 'v8::Object::Set(v8::Local<v8::String>, v8::Local<v8::Function>&)'
  909 |    target->Set(uni::NewLatin1Symbol(isolate, "Fiber"), fn);
      |                                                          ^
In file included from /root/.cache/node-gyp/14.21.3/include/node/node.h:67,
                 from ../src/coroutine.h:1,
                 from ../src/fibers.cc:1:
/root/.cache/node-gyp/14.21.3/include/node/v8.h:3670:37: note: candidate: 'v8::Maybe<bool> v8::Object::Set(v8::Local<v8::Context>, v8::Local<v8::Value>, v8::Local<v8::Value>)'
 3670 |   V8_WARN_UNUSED_RESULT Maybe<bool> Set(Local<Context> context,
      |                                     ^~~
/root/.cache/node-gyp/14.21.3/include/node/v8.h:3670:37: note:   candidate expects 3 arguments, 2 provided
/root/.cache/node-gyp/14.21.3/include/node/v8.h:3673:37: note: candidate: 'v8::Maybe<bool> v8::Object::Set(v8::Local<v8::Context>, uint32_t, v8::Local<v8::Value>)'
 3673 |   V8_WARN_UNUSED_RESULT Maybe<bool> Set(Local<Context> context, uint32_t index,
      |                                     ^~~
/root/.cache/node-gyp/14.21.3/include/node/v8.h:3673:37: note:   candidate expects 3 arguments, 2 provided
../src/fibers.cc: In function 'void init(v8::Local<v8::Object>)':
../src/fibers.cc:927:69: error: no matching function for call to 'v8::Object::Get(v8::Local<v8::String>)'
  927 |  if (did_init || !target->Get(uni::NewLatin1Symbol(isolate, "Fiber"))->IsUndefined()) {
      |                                                                     ^
In file included from /root/.cache/node-gyp/14.21.3/include/node/node.h:67,
                 from ../src/coroutine.h:1,
                 from ../src/fibers.cc:1:
/root/.cache/node-gyp/14.21.3/include/node/v8.h:3717:43: note: candidate: 'v8::MaybeLocal<v8::Value> v8::Object::Get(v8::Local<v8::Context>, v8::Local<v8::Value>)'
 3717 |   V8_WARN_UNUSED_RESULT MaybeLocal<Value> Get(Local<Context> context,
      |                                           ^~~
/root/.cache/node-gyp/14.21.3/incinfo Visit https://yarnpkg.com/en/docs/cli/install for documentation about this command.
lude/node/v8.h:3717:43: note:   candidate expects 2 arguments, 1 provided
/root/.cache/node-gyp/14.21.3/include/node/v8.h:3720:43: note: candidate: 'v8::MaybeLocal<v8::Value> v8::Object::Get(v8::Local<v8::Context>, uint32_t)'
 3720 |   V8_WARN_UNUSED_RESULT MaybeLocal<Value> Get(Local<Context> context,
      |                                           ^~~
/root/.cache/node-gyp/14.21.3/include/node/v8.h:3720:43: note:   candidate expects 2 arguments, 1 provided
In file included from ../src/coroutine.h:1,
                 from ../src/fibers.cc:1:
../src/fibers.cc: At global scope:
/root/.cache/node-gyp/14.21.3/include/node/node.h:793:7: warning: cast between incompatible function types from 'void (*)(v8::Local<v8::Object>)' to 'node::addon_register_func' {aka 'void (*)(v8::Local<v8::Object>, v8::Local<v8::Value>, void*)'} [-Wcast-function-type]
  793 |       (node::addon_register_func) (regfunc),                          \
      |       ^~~~~~~~~~~~~~~~~~~~~~~~~~~~~~~~~~~~~
/root/.cache/node-gyp/14.21.3/include/node/node.h:827:3: note: in expansion of macro 'NODE_MODULE_X'
  827 |   NODE_MODULE_X(modname, regfunc, NULL, 0)  // NOLINT (readability/null_usage)
      |   ^~~~~~~~~~~~~
../src/fibers.cc:940:1: note: in expansion of macro 'NODE_MODULE'
  940 | NODE_MODULE(fibers, init)
      | ^~~~~~~~~~~
../src/fibers.cc: In instantiation of 'void uni::Return(v8::Persistent<T, v8::NonCopyablePersistentTraits<T> >&, uni::GetterCallbackInfo) [with T = v8::Object; uni::GetterCallbackInfo = v8::PropertyCallbackInfo<v8::Value>]':
../src/fibers.cc:838:45:   required from here
../src/fibers.cc:206:28: error: no matching function for call to 'v8::ReturnValue<v8::Value>::Set(v8::Persistent<v8::Object>&)'
  206 |   info.GetReturnValue().Set(handle);
      |   ~~~~~~~~~~~~~~~~~~~~~~~~~^~~~~~~~
In file included from /root/.cache/node-gyp/14.21.3/include/node/node.h:67,
                 from ../src/coroutine.h:1,
                 from ../src/fibers.cc:1:
/root/.cache/node-gyp/14.21.3/include/node/v8.h:4220:18: note: candidate: 'template<class S> void v8::ReturnValue<T>::Set(const v8::Global<S>&) [with S = S; T = v8::Value]'
 4220 |   V8_INLINE void Set(const Global<S>& handle);
      |                  ^~~
/root/.cache/node-gyp/14.21.3/include/node/v8.h:4220:18: note:   template argument deduction/substitution failed:
../src/fibers.cc:206:28: note:   'v8::Persistent<v8::Object>' is not derived from 'const v8::Global<T>'
  206 |   info.GetReturnValue().Set(handle);
      |   ~~~~~~~~~~~~~~~~~~~~~~~~~^~~~~~~~
In file included from /root/.cache/node-gyp/14.21.3/include/node/node.h:67,
                 from ../src/coroutine.h:1,
                 from ../src/fibers.cc:1:
/root/.cache/node-gyp/14.21.3/include/node/v8.h:4222:18: note: candidate: 'template<class S> void v8::ReturnValue<T>::Set(const v8::TracedReferenceBase<S>&) [with S = S; T = v8::Value]'
 4222 |   V8_INLINE void Set(const TracedReferenceBase<S>& handle);
      |                  ^~~
/root/.cache/node-gyp/14.21.3/include/node/v8.h:4222:18: note:   template argument deduction/substitution failed:
../src/fibers.cc:206:28: note:   'v8::Persistent<v8::Object>' is not derived from 'const v8::TracedReferenceBase<T>'
  206 |   info.GetReturnValue().Set(handle);
      |   ~~~~~~~~~~~~~~~~~~~~~~~~~^~~~~~~~
In file included from /root/.cache/node-gyp/14.21.3/include/node/node.h:67,
                 from ../src/coroutine.h:1,
                 from ../src/fibers.cc:1:
/root/.cache/node-gyp/14.21.3/include/node/v8.h:4224:18: note: candidate: 'template<class S> void v8::ReturnValue<T>::Set(v8::Local<S>) [with S = S; T = v8::Value]'
 4224 |   V8_INLINE void Set(const Local<S> handle);
      |                  ^~~
/root/.cache/node-gyp/14.21.3/include/node/v8.h:4224:18: note:   template argument deduction/substitution failed:
../src/fibers.cc:206:28: note:   'v8::Persistent<v8::Object>' is not derived from 'v8::Local<T>'
  206 |   info.GetReturnValue().Set(handle);
      |   ~~~~~~~~~~~~~~~~~~~~~~~~~^~~~~~~~
In file included from /root/.cache/node-gyp/14.21.3/include/node/node.h:67,
                 from ../src/coroutine.h:1,
                 from ../src/fibers.cc:1:
/root/.cache/node-gyp/14.21.3/include/node/v8.h:11161:6: note: candidate: 'void v8::ReturnValue<T>::Set(bool) [with T = v8::Value]'
11161 | void ReturnValue<T>::Set(bool value) {
      |      ^~~~~~~~~~~~~~
/root/.cache/node-gyp/14.21.3/include/node/v8.h:11161:31: note:   no known conversion for argument 1 from 'v8::Persistent<v8::Object>' to 'bool'
11161 | void ReturnValue<T>::Set(bool value) {
      |                          ~~~~~^~~~~
/root/.cache/node-gyp/14.21.3/include/node/v8.h:11132:6: note: candidate: 'void v8::ReturnValue<T>::Set(double) [with T = v8::Value]'
11132 | void ReturnValue<T>::Set(double i) {
      |      ^~~~~~~~~~~~~~
/root/.cache/node-gyp/14.21.3/include/node/v8.h:11132:33: note:   no known conversion for argument 1 from 'v8::Persistent<v8::Object>' to 'double'
11132 | void ReturnValue<T>::Set(double i) {
      |                          ~~~~~~~^
/root/.cache/node-gyp/14.21.3/include/node/v8.h:11138:6: note: candidate: 'void v8::ReturnValue<T>::Set(int32_t) [with T = v8::Value; int32_t = int]'
11138 | void ReturnValue<T>::Set(int32_t i) {
      |      ^~~~~~~~~~~~~~
/root/.cache/node-gyp/14.21.3/include/node/v8.h:11138:34: note:   no known conversion for argument 1 from 'v8::Persistent<v8::Object>' to 'int32_t' {aka 'int'}
11138 | void ReturnValue<T>::Set(int32_t i) {
      |                          ~~~~~~~~^
/root/.cache/node-gyp/14.21.3/include/node/v8.h:11149:6: note: candidate: 'void v8::ReturnValue<T>::Set(uint32_t) [with T = v8::Value; uint32_t = unsigned int]'
11149 | void ReturnValue<T>::Set(uint32_t i) {
      |      ^~~~~~~~~~~~~~
/root/.cache/node-gyp/14.21.3/include/node/v8.h:11149:35: note:   no known conversion for argument 1 from 'v8::Persistent<v8::Object>' to 'uint32_t' {aka 'unsigned int'}
11149 | void ReturnValue<T>::Set(uint32_t i) {
      |                          ~~~~~~~~~^
/root/.cache/node-gyp/14.21.3/include/node/v8.h:4239:18: note: candidate: 'template<class S> void v8::ReturnValue<T>::Set(S*) [with S = S; T = v8::Value]'
 4239 |   V8_INLINE void Set(S* whatever);
      |                  ^~~
/root/.cache/node-gyp/14.21.3/include/node/v8.h:4239:18: note:   template argument deduction/substitution failed:
../src/fibers.cc:206:28: note:   mismatched types 'S*' and 'v8::Persistent<v8::Object>'
  206 |   info.GetReturnValue().Set(handle);
      |   ~~~~~~~~~~~~~~~~~~~~~~~~~^~~~~~~~
make: *** [fibers.target.mk:120: Release/obj.target/fibers/src/fibers.o] Error 1
gyp ERR! build error 
gyp ERR! stack Error: `make` failed with exit code: 2
gyp ERR! stack     at ChildProcess.onExit (/coverage_reloaded/repo/node_modules/node-gyp/lib/build.js:196:23)
gyp ERR! stack     at ChildProcess.emit (events.js:400:28)
gyp ERR! stack     at Process.ChildProcess._handle.onexit (internal/child_process.js:285:12)
gyp ERR! System Linux 6.8.0-110-generic
make: Entering directory '/coverage_reloaded/repo/node_modules/fibers/build'
  CXX(target) Release/obj.target/fibers/src/fibers.o
make: Leaving directory '/coverage_reloaded/repo/node_modules/fibers/build'
gyp ERR! command "/root/n/bin/node" "/coverage_reloaded/repo/node_modules/.bin/node-gyp" "rebuild" "--release"
gyp ERR! cwd /coverage_reloaded/repo/node_modules/fibers
gyp ERR! node -v v14.21.3
gyp ERR! node-gyp -v v5.0.3
gyp ERR! not ok 
node-gyp exited with code: 1
Please make sure you are using a supported platform and node version. If you
would like to compile fibers on this machine please make sure you have setup your
build environment--
Windows + OS X instructions here: https://github.com/nodejs/node-gyp
Ubuntu users please run: `sudo apt-get install g++ build-essential`
RHEL users please run: `yum install gcc-c++` and `yum groupinstall 'Development Tools'` 
Alpine users please run: `sudo apk add python make g++`
/bin/sh: 1: nodejs: not found
yarn install v1.12.0
[1/5] Validating package.json...
[2/5] Resolving packages...
warning workspace-aggregator-c15f8112-7ff1-4857-ae1c-1dfced39a148 > docs-next > core-js@3.6.5: core-js@<3.23.3 is no longer maintained and not recommended for usage due to the number of issues. Because of the V8 engine whims, feature detection in old core-js versions could cause a slowdown up to 100x even if nothing is polyfilled. Some versions have web compatibility issues. Please, upgrade your dependencies to the actual version of core-js.
warning workspace-aggregator-c15f8112-7ff1-4857-ae1c-1dfced39a148 > docs-next > vue-i18n@8.19.0: v9 and v10 no longer supported. please migrate to v11. about maintenance status, see https://vue-i18n.intlify.dev/guide/maintenance.html
warning workspace-aggregator-c15f8112-7ff1-4857-ae1c-1dfced39a148 > docs-next > babel-eslint@10.1.0: babel-eslint is now @babel/eslint-parser. This package will no longer receive updates.
warning workspace-aggregator-c15f8112-7ff1-4857-ae1c-1dfced39a148 > docs-next > eslint-config-vuetify > babel-eslint@10.1.0: babel-eslint is now @babel/eslint-parser. This package will no longer receive updates.
warning workspace-aggregator-c15f8112-7ff1-4857-ae1c-1dfced39a148 > docs-next > cosmicjs@3.3.1: This package is no longer supported. Upgrade to the latest version at https://www.npmjs.com/package/@cosmicjs/sdk
warning workspace-aggregator-c15f8112-7ff1-4857-ae1c-1dfced39a148 > docs-next > eslint@6.8.0: This version is no longer supported. Please see https://eslint.org/version-support for other options.
warning workspace-aggregator-c15f8112-7ff1-4857-ae1c-1dfced39a148 > docs-next > eslint-config-vuetify > eslint@6.8.0: This version is no longer supported. Please see https://eslint.org/version-support for other options.
warning workspace-aggregator-c15f8112-7ff1-4857-ae1c-1dfced39a148 > docs-next > @vue/cli-plugin-babel > @vue/babel-preset-app > core-js@3.6.5: core-js@<3.23.3 is no longer maintained and not recommended for usage due to the number of issues. Because of the V8 engine whims, feature detection in old core-js versions could cause a slowdown up to 100x even if nothing is polyfilled. Some versions have web compatibility issues. Please, upgrade your dependencies to the actual version of core-js.
warning workspace-aggregator-c15f8112-7ff1-4857-ae1c-1dfced39a148 > docs-next > @vue/cli-service > webpack-chain@6.5.1: Package no longer supported. Contact Support at https://www.npmjs.com/support for more info.
warning workspace-aggregator-c15f8112-7ff1-4857-ae1c-1dfced39a148 > docs-next > cosmicjs > axios@0.19.2: Critical security vulnerability fixed in v0.21.1. For more information, see https://github.com/axios/axios/pull/3410
warning workspace-aggregator-c15f8112-7ff1-4857-ae1c-1dfced39a148 > docs-next > http-server > ecstatic@3.3.2: This package is unmaintained and deprecated. See the GH Issue 259.
warning workspace-aggregator-c15f8112-7ff1-4857-ae1c-1dfced39a148 > docs-next > markdownlint-cli > glob@7.1.6: Old versions of glob are not supported, and contain widely publicized security vulnerabilities, which have been fixed in the current version. Please update. Support for old versions may be purchased (at exorbitant rates) by contacting i@izs.me
warning workspace-aggregator-c15f8112-7ff1-4857-ae1c-1dfced39a148 > docs-next > webpack-virtual-modules > debug@3.2.6: Debug versions >=3.2.0 <3.2.7 || >=4 <4.3.1 have a low-severity ReDos regression when used in a Node.js environment. It is recommended you upgrade to 3.2.7 or 4.3.1. (https://github.com/visionmedia/debug/issues/797)
warning workspace-aggregator-c15f8112-7ff1-4857-ae1c-1dfced39a148 > docs-next > @vue/cli-service > portfinder > debug@3.2.6: Debug versions >=3.2.0 <3.2.7 || >=4 <4.3.1 have a low-severity ReDos regression when used in a Node.js environment. It is recommended you upgrade to 3.2.7 or 4.3.1. (https://github.com/visionmedia/debug/issues/797)
warning workspace-aggregator-c15f8112-7ff1-4857-ae1c-1dfced39a148 > docs-next > @vue/cli-plugin-babel > @vue/cli-shared-utils > @hapi/joi@15.1.1: Switch to 'npm install joi'
warning workspace-aggregator-c15f8112-7ff1-4857-ae1c-1dfced39a148 > docs-next > @vue/cli-plugin-babel > @vue/cli-shared-utils > request@2.88.2: request has been deprecated, see https://github.com/request/request/issues/3142
warning workspace-aggregator-c15f8112-7ff1-4857-ae1c-1dfced39a148 > docs-next > @vue/cli-plugin-babel > @vue/babel-preset-app > @babel/plugin-proposal-class-properties@7.10.4: This proposal has been merged to the ECMAScript standard and thus this plugin is no longer maintained. Please use @babel/plugin-transform-class-properties instead.
warning workspace-aggregator-c15f8112-7ff1-4857-ae1c-1dfced39a148 > docs-next > @vue/cli-plugin-babel > @vue/babel-preset-app > @babel/preset-env > @babel/plugin-proposal-class-properties@7.10.4: This proposal has been merged to the ECMAScript standard and thus this plugin is no longer maintained. Please use @babel/plugin-transform-class-properties instead.
warning workspace-aggregator-c15f8112-7ff1-4857-ae1c-1dfced39a148 > docs-next > @vue/cli-plugin-pwa > workbox-webpack-plugin > workbox-build > @hapi/joi@15.1.1: Switch to 'npm install joi'
warning workspace-aggregator-c15f8112-7ff1-4857-ae1c-1dfced39a148 > docs-next > @vue/cli-service > cli-highlight > highlight.js@9.18.3: Version no longer supported. Upgrade to @latest
warning workspace-aggregator-c15f8112-7ff1-4857-ae1c-1dfced39a148 > docs-next > eslint-config-vuetify > @release-it/conventional-changelog > release-it > debug@4.1.1: Debug versions >=3.2.0 <3.2.7 || >=4 <4.3.1 have a low-severity ReDos regression when used in a Node.js environment. It is recommended you upgrade to 3.2.7 or 4.3.1. (https://github.com/visionmedia/debug/issues/797)
warning workspace-aggregator-c15f8112-7ff1-4857-ae1c-1dfced39a148 > docs-next > @vue/cli-plugin-babel > @vue/cli-shared-utils > @hapi/joi > @hapi/address@2.1.4: Moved to 'npm install @sideway/address'
warning workspace-aggregator-c15f8112-7ff1-4857-ae1c-1dfced39a148 > docs-next > @vue/cli-plugin-babel > @vue/cli-shared-utils > @hapi/joi > @hapi/bourne@1.3.2: This version has been deprecated and is no longer supported or maintained
warning workspace-aggregator-c15f8112-7ff1-4857-ae1c-1dfced39a148 > docs-next > @vue/cli-plugin-babel > @vue/cli-shared-utils > @hapi/joi > @hapi/topo@3.1.6: This version has been deprecated and is no longer supported or maintained
warning workspace-aggregator-c15f8112-7ff1-4857-ae1c-1dfced39a148 > docs-next > @vue/cli-plugin-babel > @vue/cli-shared-utils > @hapi/joi > @hapi/hoek@8.5.1: This version has been deprecated and is no longer supported or maintained
warning workspace-aggregator-c15f8112-7ff1-4857-ae1c-1dfced39a148 > docs-next > @vue/cli-plugin-babel > @vue/cli-shared-utils > @hapi/joi > @hapi/topo > @hapi/hoek@8.5.1: This version has been deprecated and is no longer supported or maintained
warning workspace-aggregator-c15f8112-7ff1-4857-ae1c-1dfced39a148 > docs-next > @vue/cli-plugin-babel > @vue/cli-shared-utils > request > har-validator@5.1.3: this library is no longer supported
warning workspace-aggregator-c15f8112-7ff1-4857-ae1c-1dfced39a148 > docs-next > @vue/cli-plugin-babel > @vue/babel-preset-app > @babel/preset-env > @babel/plugin-proposal-json-strings@7.10.4: This proposal has been merged to the ECMAScript standard and thus this plugin is no longer maintained. Please use @babel/plugin-transform-json-strings instead.
warning workspace-aggregator-c15f8112-7ff1-4857-ae1c-1dfced39a148 > docs-next > @vue/cli-plugin-babel > @vue/babel-preset-app > @babel/preset-env > @babel/plugin-proposal-dynamic-import@7.10.4: This proposal has been merged to the ECMAScript standard and thus this plugin is no longer maintained. Please use @babel/plugin-transform-dynamic-import instead.
warning workspace-aggregator-c15f8112-7ff1-4857-ae1c-1dfced39a148 > docs-next > @vue/cli-plugin-babel > @vue/babel-preset-app > @babel/preset-env > @babel/plugin-proposal-private-methods@7.10.4: This proposal has been merged to the ECMAScript standard and thus this plugin is no longer maintained. Please use @babel/plugin-transform-private-methods instead.
warning workspace-aggregator-c15f8112-7ff1-4857-ae1c-1dfced39a148 > docs-next > @vue/cli-plugin-babel > @vue/babel-preset-app > @babel/preset-env > @babel/plugin-proposal-numeric-separator@7.10.4: This proposal has been merged to the ECMAScript standard and thus this plugin is no longer maintained. Please use @babel/plugin-transform-numeric-separator instead.
warning workspace-aggregator-c15f8112-7ff1-4857-ae1c-1dfced39a148 > docs-next > @vue/cli-plugin-babel > @vue/babel-preset-app > @babel/preset-env > @babel/plugin-proposal-optional-chaining@7.10.4: This proposal has been merged to the ECMAScript standard and thus this plugin is no longer maintained. Please use @babel/plugin-transform-optional-chaining instead.
warning workspace-aggregator-c15f8112-7ff1-4857-ae1c-1dfced39a148 > docs-next > @vue/cli-plugin-babel > @vue/babel-preset-app > @babel/preset-env > @babel/plugin-proposal-object-rest-spread@7.10.4: This proposal has been merged to the ECMAScript standard and thus this plugin is no longer maintained. Please use @babel/plugin-transform-object-rest-spread instead.
warning workspace-aggregator-c15f8112-7ff1-4857-ae1c-1dfced39a148 > docs-next > @vue/cli-plugin-babel > @vue/babel-preset-app > @babel/preset-env > @babel/plugin-proposal-unicode-property-regex@7.10.4: This proposal has been merged to the ECMAScript standard and thus this plugin is no longer maintained. Please use @babel/plugin-transform-unicode-property-regex instead.
warning workspace-aggregator-c15f8112-7ff1-4857-ae1c-1dfced39a148 > docs-next > @vue/cli-plugin-babel > @vue/babel-preset-app > @babel/preset-env > @babel/plugin-proposal-optional-catch-binding@7.10.4: This proposal has been merged to the ECMAScript standard and thus this plugin is no longer maintained. Please use @babel/plugin-transform-optional-catch-binding instead.
warning workspace-aggregator-c15f8112-7ff1-4857-ae1c-1dfced39a148 > docs-next > @vue/cli-plugin-babel > @vue/babel-preset-app > @babel/preset-env > @babel/plugin-proposal-async-generator-functions@7.10.5: This proposal has been merged to the ECMAScript standard and thus this plugin is no longer maintained. Please use @babel/plugin-transform-async-generator-functions instead.
warning workspace-aggregator-c15f8112-7ff1-4857-ae1c-1dfced39a148 > docs-next > @vue/cli-plugin-babel > @vue/babel-preset-app > @babel/preset-env > @babel/plugin-proposal-nullish-coalescing-operator@7.10.4: This proposal has been merged to the ECMAScript standard and thus this plugin is no longer maintained. Please use @babel/plugin-transform-nullish-coalescing-operator instead.
warning workspace-aggregator-c15f8112-7ff1-4857-ae1c-1dfced39a148 > docs-next > @vue/cli-plugin-pwa > workbox-webpack-plugin > workbox-build > workbox-google-analytics@4.3.1: It is not compatible with newer versions of GA starting with v4, as long as you are using GAv3 it should be ok, but the package is not longer being maintained
warning workspace-aggregator-c15f8112-7ff1-4857-ae1c-1dfced39a148 > docs-next > @vue/cli-service > webpack-dev-server > sockjs > uuid@3.4.0: Please upgrade  to version 7 or higher.  Older versions may use Math.random() in certain circumstances, which is known to be problematic.  See https://v8.dev/blog/math-random for details.
warning workspace-aggregator-c15f8112-7ff1-4857-ae1c-1dfced39a148 > docs-next > eslint-config-vuetify > @release-it/conventional-changelog > release-it > deprecated-obj > flat@4.1.0: Fixed a prototype pollution security issue in 4.1.0, please upgrade to ^4.1.1 or ^5.0.1.
[3/5] Fetching packages...
info fsevents@1.2.9: The platform "linux" is incompatible with this module.
info "fsevents@1.2.9" is an optional dependency and failed compatibility check. Excluding it from installation.
info fsevents@2.0.7: The platform "linux" is incompatible with this module.
info "fsevents@2.0.7" is an optional dependency and failed compatibility check. Excluding it from installation.
info fsevents@1.2.12: The platform "linux" is incompatible with this module.
info "fsevents@1.2.12" is an optional dependency and failed compatibility check. Excluding it from installation.
info fsevents@2.1.3: The platform "linux" is incompatible with this module.
info "fsevents@2.1.3" is an optional dependency and failed compatibility check. Excluding it from installation.
[4/5] Linking dependencies...
warning " > @babel/helper-create-regexp-features-plugin@7.8.8" has unmet peer dependency "@babel/core@^7.0.0".
warning " > babel-jest@24.8.0" has unmet peer dependency "@babel/core@^7.0.0".
warning "babel-jest > babel-preset-jest@24.6.0" has unmet peer dependency "@babel/core@^7.0.0".
warning "babel-jest > babel-preset-jest > @babel/plugin-syntax-object-rest-spread@7.2.0" has unmet peer dependency "@babel/core@^7.0.0-0".
warning " > eslint-plugin-vue@5.2.3" has incorrect peer dependency "eslint@^5.0.0".
warning "eslint-plugin-vue > vue-eslint-parser@5.0.0" has incorrect peer dependency "eslint@^5.0.0".
warning " > eslint-plugin-vuetify@1.0.0-beta.4" has unmet peer dependency "release-it@*".
warning " > vue-loader@15.7.1" has unmet peer dependency "css-loader@*".
warning "workspace-aggregator-c15f8112-7ff1-4857-ae1c-1dfced39a148 > @vuetify/api-generator > @babel/node@7.5.5" has unmet peer dependency "@babel/core@^7.0.0-0".
warning "workspace-aggregator-c15f8112-7ff1-4857-ae1c-1dfced39a148 > @vuetify/api-generator > @babel/preset-env@7.5.5" has unmet peer dependency "@babel/core@^7.0.0-0".
warning "workspace-aggregator-c15f8112-7ff1-4857-ae1c-1dfced39a148 > vuetify > vuetify-loader@1.2.2" has incorrect peer dependency "vuetify@^1.3.0".
warning "workspace-aggregator-c15f8112-7ff1-4857-ae1c-1dfced39a148 > @vuetify/api-generator > @babel/node > @babel/register@7.5.5" has unmet peer dependency "@babel/core@^7.0.0-0".
warning "workspace-aggregator-c15f8112-7ff1-4857-ae1c-1dfced39a148 > @vuetify/api-generator > @babel/preset-env > @babel/plugin-proposal-async-generator-functions@7.2.0" has unmet peer dependency "@babel/core@^7.0.0-0".
warning "workspace-aggregator-c15f8112-7ff1-4857-ae1c-1dfced39a148 > @vuetify/api-generator > @babel/preset-env > @babel/plugin-proposal-dynamic-import@7.5.0" has unmet peer dependency "@babel/core@^7.0.0-0".
warning "workspace-aggregator-c15f8112-7ff1-4857-ae1c-1dfced39a148 > @vuetify/api-generator > @babel/preset-env > @babel/plugin-proposal-json-strings@7.2.0" has unmet peer dependency "@babel/core@^7.0.0-0".
warning "workspace-aggregator-c15f8112-7ff1-4857-ae1c-1dfced39a148 > @vuetify/api-generator > @babel/preset-env > @babel/plugin-proposal-optional-catch-binding@7.2.0" has unmet peer dependency "@babel/core@^7.0.0-0".
warning "workspace-aggregator-c15f8112-7ff1-4857-ae1c-1dfced39a148 > @vuetify/api-generator > @babel/preset-env > @babel/plugin-proposal-unicode-property-regex@7.4.4" has unmet peer dependency "@babel/core@^7.0.0-0".
warning "workspace-aggregator-c15f8112-7ff1-4857-ae1c-1dfced39a148 > @vuetify/api-generator > @babel/preset-env > @babel/plugin-syntax-async-generators@7.2.0" has unmet peer dependency "@babel/core@^7.0.0-0".
warning "workspace-aggregator-c15f8112-7ff1-4857-ae1c-1dfced39a148 > @vuetify/api-generator > @babel/preset-env > @babel/plugin-syntax-dynamic-import@7.2.0" has unmet peer dependency "@babel/core@^7.0.0-0".
warning "workspace-aggregator-c15f8112-7ff1-4857-ae1c-1dfced39a148 > @vuetify/api-generator > @babel/preset-env > @babel/plugin-syntax-json-strings@7.2.0" has unmet peer dependency "@babel/core@^7.0.0-0".
warning "workspace-aggregator-c15f8112-7ff1-4857-ae1c-1dfced39a148 > @vuetify/api-generator > @babel/preset-env > @babel/plugin-syntax-optional-catch-binding@7.2.0" has unmet peer dependency "@babel/core@^7.0.0-0".
warning "workspace-aggregator-c15f8112-7ff1-4857-ae1c-1dfced39a148 > @vuetify/api-generator > @babel/preset-env > @babel/plugin-transform-arrow-functions@7.2.0" has unmet peer dependency "@babel/core@^7.0.0-0".
warning "workspace-aggregator-c15f8112-7ff1-4857-ae1c-1dfced39a148 > @vuetify/api-generator > @babel/preset-env > @babel/plugin-transform-async-to-generator@7.5.0" has unmet peer dependency "@babel/core@^7.0.0-0".
warning "workspace-aggregator-c15f8112-7ff1-4857-ae1c-1dfced39a148 > @vuetify/api-generator > @babel/preset-env > @babel/plugin-transform-block-scoped-functions@7.2.0" has unmet peer dependency "@babel/core@^7.0.0-0".
warning "workspace-aggregator-c15f8112-7ff1-4857-ae1c-1dfced39a148 > @vuetify/api-generator > @babel/preset-env > @babel/plugin-transform-block-scoping@7.5.5" has unmet peer dependency "@babel/core@^7.0.0-0".
warning "workspace-aggregator-c15f8112-7ff1-4857-ae1c-1dfced39a148 > @vuetify/api-generator > @babel/preset-env > @babel/plugin-transform-classes@7.5.5" has unmet peer dependency "@babel/core@^7.0.0-0".
warning "workspace-aggregator-c15f8112-7ff1-4857-ae1c-1dfced39a148 > @vuetify/api-generator > @babel/preset-env > @babel/plugin-transform-computed-properties@7.2.0" has unmet peer dependency "@babel/core@^7.0.0-0".
warning "workspace-aggregator-c15f8112-7ff1-4857-ae1c-1dfced39a148 > @vuetify/api-generator > @babel/preset-env > @babel/plugin-transform-destructuring@7.5.0" has unmet peer dependency "@babel/core@^7.0.0-0".
warning "workspace-aggregator-c15f8112-7ff1-4857-ae1c-1dfced39a148 > @vuetify/api-generator > @babel/preset-env > @babel/plugin-transform-dotall-regex@7.4.4" has unmet peer dependency "@babel/core@^7.0.0-0".
warning "workspace-aggregator-c15f8112-7ff1-4857-ae1c-1dfced39a148 > @vuetify/api-generator > @babel/preset-env > @babel/plugin-transform-duplicate-keys@7.5.0" has unmet peer dependency "@babel/core@^7.0.0-0".
warning "workspace-aggregator-c15f8112-7ff1-4857-ae1c-1dfced39a148 > @vuetify/api-generator > @babel/preset-env > @babel/plugin-transform-exponentiation-operator@7.2.0" has unmet peer dependency "@babel/core@^7.0.0-0".
warning "workspace-aggregator-c15f8112-7ff1-4857-ae1c-1dfced39a148 > @vuetify/api-generator > @babel/preset-env > @babel/plugin-transform-for-of@7.4.4" has unmet peer dependency "@babel/core@^7.0.0-0".
warning "workspace-aggregator-c15f8112-7ff1-4857-ae1c-1dfced39a148 > @vuetify/api-generator > @babel/preset-env > @babel/plugin-transform-function-name@7.4.4" has unmet peer dependency "@babel/core@^7.0.0-0".
warning "workspace-aggregator-c15f8112-7ff1-4857-ae1c-1dfced39a148 > @vuetify/api-generator > @babel/preset-env > @babel/plugin-transform-literals@7.2.0" has unmet peer dependency "@babel/core@^7.0.0-0".
warning "workspace-aggregator-c15f8112-7ff1-4857-ae1c-1dfced39a148 > @vuetify/api-generator > @babel/preset-env > @babel/plugin-transform-member-expression-literals@7.2.0" has unmet peer dependency "@babel/core@^7.0.0-0".
warning "workspace-aggregator-c15f8112-7ff1-4857-ae1c-1dfced39a148 > @vuetify/api-generator > @babel/preset-env > @babel/plugin-transform-modules-amd@7.5.0" has unmet peer dependency "@babel/core@^7.0.0-0".
warning "workspace-aggregator-c15f8112-7ff1-4857-ae1c-1dfced39a148 > @vuetify/api-generator > @babel/preset-env > @babel/plugin-transform-modules-commonjs@7.5.0" has unmet peer dependency "@babel/core@^7.0.0-0".
warning "workspace-aggregator-c15f8112-7ff1-4857-ae1c-1dfced39a148 > @vuetify/api-generator > @babel/preset-env > @babel/plugin-transform-modules-systemjs@7.5.0" has unmet peer dependency "@babel/core@^7.0.0-0".
warning "workspace-aggregator-c15f8112-7ff1-4857-ae1c-1dfced39a148 > @vuetify/api-generator > @babel/preset-env > @babel/plugin-transform-modules-umd@7.2.0" has unmet peer dependency "@babel/core@^7.0.0-0".
warning "workspace-aggregator-c15f8112-7ff1-4857-ae1c-1dfced39a148 > @vuetify/api-generator > @babel/preset-env > @babel/plugin-transform-named-capturing-groups-regex@7.4.5" has unmet peer dependency "@babel/core@^7.0.0".
warning "workspace-aggregator-c15f8112-7ff1-4857-ae1c-1dfced39a148 > @vuetify/api-generator > @babel/preset-env > @babel/plugin-transform-new-target@7.4.4" has unmet peer dependency "@babel/core@^7.0.0-0".
warning "workspace-aggregator-c15f8112-7ff1-4857-ae1c-1dfced39a148 > @vuetify/api-generator > @babel/preset-env > @babel/plugin-transform-object-super@7.5.5" has unmet peer dependency "@babel/core@^7.0.0-0".
warning "workspace-aggregator-c15f8112-7ff1-4857-ae1c-1dfced39a148 > @vuetify/api-generator > @babel/preset-env > @babel/plugin-transform-parameters@7.4.4" has unmet peer dependency "@babel/core@^7.0.0-0".
warning "workspace-aggregator-c15f8112-7ff1-4857-ae1c-1dfced39a148 > @vuetify/api-generator > @babel/preset-env > @babel/plugin-transform-property-literals@7.2.0" has unmet peer dependency "@babel/core@^7.0.0-0".
warning "workspace-aggregator-c15f8112-7ff1-4857-ae1c-1dfced39a148 > @vuetify/api-generator > @babel/preset-env > @babel/plugin-transform-regenerator@7.4.5" has unmet peer dependency "@babel/core@^7.0.0-0".
warning "workspace-aggregator-c15f8112-7ff1-4857-ae1c-1dfced39a148 > @vuetify/api-generator > @babel/preset-env > @babel/plugin-transform-reserved-words@7.2.0" has unmet peer dependency "@babel/core@^7.0.0-0".
warning "workspace-aggregator-c15f8112-7ff1-4857-ae1c-1dfced39a148 > @vuetify/api-generator > @babel/preset-env > @babel/plugin-transform-shorthand-properties@7.2.0" has unmet peer dependency "@babel/core@^7.0.0-0".
warning "workspace-aggregator-c15f8112-7ff1-4857-ae1c-1dfced39a148 > @vuetify/api-generator > @babel/preset-env > @babel/plugin-transform-spread@7.2.2" has unmet peer dependency "@babel/core@^7.0.0-0".
warning "workspace-aggregator-c15f8112-7ff1-4857-ae1c-1dfced39a148 > @vuetify/api-generator > @babel/preset-env > @babel/plugin-transform-sticky-regex@7.2.0" has unmet peer dependency "@babel/core@^7.0.0-0".
warning "workspace-aggregator-c15f8112-7ff1-4857-ae1c-1dfced39a148 > @vuetify/api-generator > @babel/preset-env > @babel/plugin-transform-template-literals@7.4.4" has unmet peer dependency "@babel/core@^7.0.0-0".
warning "workspace-aggregator-c15f8112-7ff1-4857-ae1c-1dfced39a148 > @vuetify/api-generator > @babel/preset-env > @babel/plugin-transform-typeof-symbol@7.2.0" has unmet peer dependency "@babel/core@^7.0.0-0".
warning "workspace-aggregator-c15f8112-7ff1-4857-ae1c-1dfced39a148 > @vuetify/api-generator > @babel/preset-env > @babel/plugin-transform-unicode-regex@7.4.4" has unmet peer dependency "@babel/core@^7.0.0-0".
warning "workspace-aggregator-c15f8112-7ff1-4857-ae1c-1dfced39a148 > docs-next > eslint-config-vuetify@0.6.1" has incorrect peer dependency "eslint@^7.0.0".
warning "workspace-aggregator-c15f8112-7ff1-4857-ae1c-1dfced39a148 > docs-next > eslint-plugin-vuetify@1.0.0-beta.7" has incorrect peer dependency "eslint@^6.0.0 | ^7.0.0".
warning "workspace-aggregator-c15f8112-7ff1-4857-ae1c-1dfced39a148 > docs-next > sass-loader@8.0.2" has unmet peer dependency "node-sass@^4.0.0".
warning "workspace-aggregator-c15f8112-7ff1-4857-ae1c-1dfced39a148 > docs-next > sass-loader@8.0.2" has unmet peer dependency "fibers@>= 3.1.0".
[5/5] Building fresh packages...
error /coverage_reloaded/repo/node_modules/fibers: Command failed.
Exit code: 127
Command: node build.js || nodejs build.js
Arguments: 
Directory: /coverage_reloaded/repo/node_modules/fibers
Output:
make: Entering directory '/coverage_reloaded/repo/node_modules/fibers/build'
  CXX(target) Release/obj.target/fibers/src/fibers.o
gyp info it worked if it ends with ok
gyp info using node-gyp@5.0.3
gyp info using node@14.21.3 | linux | x64
gyp info find Python using Python version 2.7.18 found at "/usr/bin/python2"
gyp info spawn /usr/bin/python2
gyp info spawn args [
gyp info spawn args   '/coverage_reloaded/repo/node_modules/node-gyp/gyp/gyp_main.py',
gyp info spawn args   'binding.gyp',
gyp info spawn args   '-f',
gyp info spawn args   'make',
gyp info spawn args   '-I',
gyp info spawn args   '/coverage_reloaded/repo/node_modules/fibers/build/config.gypi',
gyp info spawn args   '-I',
gyp info spawn args   '/coverage_reloaded/repo/node_modules/node-gyp/addon.gypi',
gyp info spawn args   '-I',
gyp info spawn args   '/root/.cache/node-gyp/14.21.3/include/node/common.gypi',
gyp info spawn args   '-Dlibrary=shared_library',
gyp info spawn args   '-Dvisibility=default',
gyp info spawn args   '-Dnode_root_dir=/root/.cache/node-gyp/14.21.3',
gyp info spawn args   '-Dnode_gyp_dir=/coverage_reloaded/repo/node_modules/node-gyp',
gyp info spawn args   '-Dnode_lib_file=/root/.cache/node-gyp/14.21.3/<(target_arch)/node.lib',
gyp info spawn args   '-Dmodule_root_dir=/coverage_reloaded/repo/node_modules/fibers',
gyp info spawn args   '-Dnode_engine=v8',
gyp info spawn args   '--depth=.',
gyp info spawn args   '--no-parallel',
gyp info spawn args   '--generator-output',
gyp info spawn args   'build',
gyp info spawn args   '-Goutput_dir=.'
gyp info spawn args ]
gyp info spawn make
gyp info spawn args [ 'BUILDTYPE=Release', '-C', 'build' ]
make: Leaving directory '/coverage_reloaded/repo/node_modules/fibers/build'
../src/fibers.cc: In function 'void uni::SetAccessor(v8::Isolate*, v8::Local<v8::Object>, v8::Local<v8::String>, uni::FunctionType (*)(v8::Local<v8::String>, const GetterCallbackInfo&), void (*)(v8::Local<v8::String>, v8::Local<v8::Value>, const SetterCallbackInfo&))':
../src/fibers.cc:362:59: warning: cast between incompatible function types from 'uni::FunctionType (*)(v8::Local<v8::String>, const GetterCallbackInfo&)' {aka 'void (*)(v8::Local<v8::String>, const v8::PropertyCallbackInfo<v8::Value>&)'} to 'v8::AccessorNameGetterCallback' {aka 'void (*)(v8::Local<v8::Name>, const v8::PropertyCallbackInfo<v8::Value>&)'} [-Wcast-function-type]
  362 |   object->SetAccessor(isolate->GetCurrentContext(), name, (AccessorNameGetterCallback)getter, (AccessorNameSetterCallback)setter).ToChecked();
      |                                                           ^~~~~~~~~~~~~~~~~~~~~~~~~~~~~~~~~~
../src/fibers.cc:362:95: warning: cast between incompatible function types from 'void (*)(v8::Local<v8::String>, v8::Local<v8::Value>, const SetterCallbackInfo&)' {aka 'void (*)(v8::Local<v8::String>, v8::Local<v8::Value>, const v8::PropertyCallbackInfo<void>&)'} to 'v8::AccessorNameSetterCallback' {aka 'void (*)(v8::Local<v8::Name>, v8::Local<v8::Value>, const v8::PropertyCallbackInfo<void>&)'} [-Wcast-function-type]
  362 |   object->SetAccessor(isolate->GetCurrentContext(), name, (AccessorNameGetterCallback)getter, (AccessorNameSetterCallback)setter).ToChecked();
      |                                                                                               ^~~~~~~~~~~~~~~~~~~~~~~~~~~~~~~~~~
../src/fibers.cc: In static member function 'static void Fiber::Init(v8::Local<v8::Object>)':
../src/fibers.cc:899:32: error: no matching function for call to 'v8::Object::Set(v8::Local<v8::String>&, v8::Local<v8::Function>&)'
  899 |    target->Set(sym_yield, yield);
      |                                ^
In file included from /root/.cache/node-gyp/14.21.3/include/node/node.h:67,
                 from ../src/coroutine.h:1,
                 from ../src/fibers.cc:1:
/root/.cache/node-gyp/14.21.3/include/node/v8.h:3670:37: note: candidate: 'v8::Maybe<bool> v8::Object::Set(v8::Local<v8::Context>, v8::Local<v8::Value>, v8::Local<v8::Value>)'
 3670 |   V8_WARN_UNUSED_RESULT Maybe<bool> Set(Local<Context> context,
      |                                     ^~~
/root/.cache/node-gyp/14.21.3/include/node/v8.h:3670:37: note:   candidate expects 3 arguments, 2 provided
/root/.cache/node-gyp/14.21.3/include/node/v8.h:3673:37: note: candidate: 'v8::Maybe<bool> v8::Object::Set(v8::Local<v8::Context>, uint32_t, v8::Local<v8::Value>)'
 3673 |   V8_WARN_UNUSED_RESULT Maybe<bool> Set(Local<Context> context, uint32_t index,
      |                                     ^~~
/root/.cache/node-gyp/14.21.3/include/node/v8.h:3673:37: note:   candidate expects 3 arguments, 2 provided
../src/fibers.cc:903:28: error: no matching function for call to 'v8::Function::Set(v8::Local<v8::String>&, v8::Local<v8::Function>&)'
  903 |    fn->Set(sym_yield, yield);
      |                            ^
In file included from /root/.cache/node-gyp/14.21.3/include/node/node.h:67,
                 from ../src/coroutine.h:1,
                 from ../src/fibers.cc:1:
/root/.cache/node-gyp/14.21.3/include/node/v8.h:3670:37: note: candidate: 'v8::Maybe<bool> v8::Object::Set(v8::Local<v8::Context>, v8::Local<v8::Value>, v8::Local<v8::Value>)'
 3670 |   V8_WARN_UNUSED_RESULT Maybe<bool> Set(Local<Context> context,
      |                                     ^~~
/root/.cache/node-gyp/14.21.3/include/node/v8.h:3670:37: note:   candidate expects 3 arguments, 2 provided
/root/.cache/node-gyp/14.21.3/include/node/v8.h:3673:37: note: candidate: 'v8::Maybe<bool> v8::Object::Set(v8::Local<v8::Context>, uint32_t, v8::Local<v8::Value>)'
 3673 |   V8_WARN_UNUSED_RESULT Maybe<bool> Set(Local<Context> context, uint32_t index,
      |                                     ^~~
/root/.cache/node-gyp/14.21.3/include/node/v8.h:3673:37: note:   candidate expects 3 arguments, 2 provided
../src/fibers.cc:909:58: error: no matching function for call to 'v8::Object::Set(v8::Local<v8::String>, v8::Local<v8::Function>&)'
  909 |    target->Set(uni::NewLatin1Symbol(isolate, "Fiber"), fn);
      |                                                          ^
In file included from /root/.cache/node-gyp/14.21.3/include/node/node.h:67,
                 from ../src/coroutine.h:1,
                 from ../src/fibers.cc:1:
/root/.cache/node-gyp/14.21.3/include/node/v8.h:3670:37: note: candidate: 'v8::Maybe<bool> v8::Object::Set(v8::Local<v8::Context>, v8::Local<v8::Value>, v8::Local<v8::Value>)'
 3670 |   V8_WARN_UNUSED_RESULT Maybe<bool> Set(Local<Context> context,
      |                                     ^~~
/root/.cache/node-gyp/14.21.3/include/node/v8.h:3670:37: note:   candidate expects 3 arguments, 2 provided
/root/.cache/node-gyp/14.21.3/include/node/v8.h:3673:37: note: candidate: 'v8::Maybe<bool> v8::Object::Set(v8::Local<v8::Context>, uint32_t, v8::Local<v8::Value>)'
 3673 |   V8_WARN_UNUSED_RESULT Maybe<bool> Set(Local<Context> context, uint32_t index,
      |                                     ^~~
/root/.cache/node-gyp/14.21.3/include/node/v8.h:3673:37: note:   candidate expects 3 arguments, 2 provided
../src/fibers.cc: In function 'void init(v8::Local<v8::Object>)':
../src/fibers.cc:927:69: error: no matching function for call to 'v8::Object::Get(v8::Local<v8::String>)'
  927 |  if (did_init || !target->Get(uni::NewLatin1Symbol(isolate, "Fiber"))->IsUndefined()) {
      |                                                                     ^
In file included from /root/.cache/node-gyp/14.21.3/include/node/node.h:67,
                 from ../src/coroutine.h:1,
                 from ../src/fibers.cc:1:
/root/.cache/node-gyp/14.21.3/include/node/v8.h:3717:43: note: candidate: 'v8::MaybeLocal<v8::Value> v8::Object::Get(v8::Local<v8::Context>, v8::Local<v8::Value>)'
 3717 |   V8_WARN_UNUSED_RESULT MaybeLocal<Value> Get(Local<Context> context,
      |                                           ^~~
/root/.cache/node-gyp/14.21.3/include/node/v8.h:3717:43: note:   candidate expects 2 arguments, 1 provided
/root/.cache/node-gyp/14.21.3/include/node/v8.h:3720:43: note: candidate: 'v8::MaybeLocal<v8::Value> v8::Object::Get(v8::Local<v8::Context>, uint32_t)'
 3720 |   V8_WARN_UNUSED_RESULT MaybeLocal<Value> Get(Local<Context> context,
      |                                           ^~~
/root/.cache/node-gyp/14.21.3/include/node/v8.h:3720:43: note:   candidate expects 2 arguments, 1 provided
In file included from ../src/coroutine.h:1,
                 from ../src/fibers.cc:1:
../src/fibers.cc: At global scope:
/root/.cache/node-gyp/14.21.3/include/node/node.h:793:7: warning: cast between incompatible function types from 'void (*)(v8::Local<v8::Object>)' to 'node::addon_register_func' {aka 'void (*)(v8::Local<v8::Object>, v8::Local<v8::Value>, void*)'} [-Wcast-function-type]
  793 |       (node::addon_register_func) (regfunc),                          \
      |       ^~~~~~~~~~~~~~~~~~~~~~~~~~~~~~~~~~~~~
/root/.cache/node-gyp/14.21.3/include/node/node.h:827:3: note: in expansion of macro 'NODE_MODULE_X'
  827 |   NODE_MODULE_X(modname, regfunc, NULL, 0)  // NOLINT (readability/null_usage)
      |   ^~~~~~~~~~~~~
../src/fibers.cc:940:1: note: in expansion of macro 'NODE_MODULE'
  940 | NODE_MODULE(fibers, init)
      | ^~~~~~~~~~~
../src/fibers.cc: In instantiation of 'void uni::Return(v8::Persistent<T, v8::NonCopyablePersistentTraits<T> >&, uni::GetterCallbackInfo) [with T = v8::Object; uni::GetterCallbackInfo = v8::PropertyCallbackInfo<v8::Value>]':
../src/fibers.cc:838:45:   required from here
../src/fibers.cc:206:28: error: no matching function for call to 'v8::ReturnValue<v8::Value>::Set(v8::Persistent<v8::Object>&)'
  206 |   info.GetReturnValue().Set(handle);
      |   ~~~~~~~~~~~~~~~~~~~~~~~~~^~~~~~~~
In file included from /root/.cache/node-gyp/14.21.3/include/node/node.h:67,
                 from ../src/coroutine.h:1,
                 from ../src/fibers.cc:1:
/root/.cache/node-gyp/14.21.3/include/node/v8.h:4220:18: note: candidate: 'template<class S> void v8::ReturnValue<T>::Set(const v8::Global<S>&) [with S = S; T = v8::Value]'
 4220 |   V8_INLINE void Set(const Global<S>& handle);
      |                  ^~~
/root/.cache/node-gyp/14.21.3/include/node/v8.h:4220:18: note:   template argument deduction/substitution failed:
../src/fibers.cc:206:28: note:   'v8::Persistent<v8::Object>' is not derived from 'const v8::Global<T>'
  206 |   info.GetReturnValue().Set(handle);
      |   ~~~~~~~~~~~~~~~~~~~~~~~~~^~~~~~~~
In file included from /root/.cache/node-gyp/14.21.3/include/node/node.h:67,
                 from ../src/coroutine.h:1,
                 from ../src/fibers.cc:1:
/root/.cache/node-gyp/14.21.3/include/node/v8.h:4222:18: note: candidate: 'template<class S> void v8::ReturnValue<T>::Set(const v8::TracedReferenceBase<S>&) [with S = S; T = v8::Value]'
 4222 |   V8_INLINE void Set(const TracedReferenceBase<S>& handle);
      |                  ^~~
/root/.cache/node-gyp/14.21.3/include/node/v8.h:4222:18: note:   template argument deduction/substitution failed:
../src/fibers.cc:206:28: note:   'v8::Persistent<v8::Object>' is not derived from 'const v8::TracedReferenceBase<T>'
  206 |   info.GetReturnValue().Set(handle);
      |   ~~~~~~~~~~~~~~~~~~~~~~~~~^~~~~~~~
In file included from /root/.cache/node-gyp/14.21.3/include/node/node.h:67,
                 from ../src/coroutine.h:1,
                 from ../src/fibers.cc:1:
/root/.cache/node-gyp/14.21.3/include/node/v8.h:4224:18: note: candidate: 'template<class S> void v8::ReturnValue<T>::Set(v8::Local<S>) [with S = S; T = v8::Value]'
 4224 |   V8_INLINE void Set(const Local<S> handle);
      |                  ^~~
/root/.cache/node-gyp/14.21.3/include/node/v8.h:4224:18: note:   template argument deduction/substitution failed:
../src/fibers.cc:206:28: note:   'v8::Persistent<v8::Object>' is not derived from 'v8::Local<T>'
  206 |   info.GetReturnValue().Set(handle);
      |   ~~~~~~~~~~~~~~~~~~~~~~~~~^~~~~~~~
In file included from /root/.cache/node-gyp/14.21.3/include/node/node.h:67,
                 from ../src/coroutine.h:1,
                 from ../src/fibers.cc:1:
/root/.cache/node-gyp/14.21.3/include/node/v8.h:11161:6: note: candidate: 'void v8::ReturnValue<T>::Set(bool) [with T = v8::Value]'
11161 | void ReturnValue<T>::Set(bool value) {
      |      ^~~~~~~~~~~~~~
/root/.cache/node-gyp/14.21.3/include/node/v8.h:11161:31: note:   no known conversion for argument 1 from 'v8::Persistent<v8::Object>' to 'bool'
11161 | void ReturnValue<T>::Set(bool value) {
      |                          ~~~~~^~~~~
/root/.cache/node-gyp/14.21.3/include/node/v8.h:11132:6: note: candidate: 'void v8::ReturnValue<T>::Set(double) [with T = v8::Value]'
11132 | void ReturnValue<T>::Set(double i) {
      |      ^~~~~~~~~~~~~~
/root/.cache/node-gyp/14.21.3/include/node/v8.h:11132:33: note:   no known conversion for argument 1 from 'v8::Persistent<v8::Object>' to 'double'
11132 | void ReturnValue<T>::Set(double i) {
      |                          ~~~~~~~^
/root/.cache/node-gyp/14.21.3/include/node/v8.h:11138:6: note: candidate: 'void v8::ReturnValue<T>::Set(int32_t) [with T = v8::Value; int32_t = int]'
11138 | void ReturnValue<T>::Set(int32_t i) {
      |      ^~~~~~~~~~~~~~
/root/.cache/node-gyp/14.21.3/include/node/v8.h:11138:34: note:   no known conversion for argument 1 from 'v8::Persistent<v8::Object>' to 'int32_t' {aka 'int'}
11138 | void ReturnValue<T>::Set(int32_t i) {
      |                          ~~~~~~~~^
/root/.cache/node-gyp/14.21.3/include/node/v8.h:11149:6: note: candidate: 'void v8::ReturnValue<T>::Set(uint32_t) [with T = v8::Value; uint32_t = unsigned int]'
11149 | void ReturnValue<T>::Set(uint32_t i) {
      |      ^~~~~~~~~~~~~~
/root/.cache/node-gyp/14.21.3/include/node/v8.h:11149:35: note:   no known conversion for argument 1 from 'v8::Persistent<v8::Object>' to 'uint32_t' {aka 'unsigned int'}
11149 | void ReturnValue<T>::Set(uint32_t i) {
      |                          ~~~~~~~~~^
/root/.cache/node-gyp/14.21.3/include/node/v8.h:4239:18: note: candidate: 'template<class S> void v8::ReturnValue<T>::Set(S*) [with S = S; T = v8::Value]'
 4239 |   V8_INLINE void Set(S* whatever);
      |                  ^~~
/root/.cache/node-gyp/14.21.3/include/node/v8.h:4239:18: note:   template argument deduction/substitution failed:
../src/fibers.cc:206:28: note:   mismatched types 'S*' and 'v8::Persistent<v8::Object>'
  206 |   info.GetReturnValue().Set(handle);
      |   ~~~~~~~~~~~~~~~~~~~~~~~~~^~~~~~~~
make: *** [fibers.target.mk:120: Release/obj.target/fibers/src/fibers.o] Error 1
gyp ERR! build error 
gyp ERR! stack Error: `make` failed with exit code: 2
gyp ERR! stack     at ChildProcess.onExit (/coverage_reloaded/repo/node_modules/node-gyp/lib/build.js:196:23)
gyp ERR! stack     at ChildProcess.emit (events.js:400:28)
gyp ERR! stack     at Process.ChildProcess._handle.onexit (internal/child_process.js:285:12)
gyp ERR! System Linux 6.8.0-110-generic
gyp ERR! command "/root/n/bin/node" "/coverage_reloaded/repo/node_modules/.bin/node-gyp" "rebuild" "--release"
gyp ERR! cwd /coverage_reloaded/repo/node_modules/fibers
gyp ERR! node -v v14.21.3
gyp ERR! node-gyp -v v5.0.3
gyp ERR! not ok 
node-gyp exited with code: 1
Please make sure you are using a supported platform and node version. If you
would like to compile fibers on this machine please make sure you have setup your
build environment--
Windows + OS X instructions here: https://github.com/nodejs/node-gyp
Ubuntu users please run: `sudo apt-get install g++ build-essential`
RHEL users please run: `yum install gcc-c++` and `yum groupinstall 'Development Tools'` 
Alpine users please run: `sudo apk add python make g++`
/bin/sh: 1: nodejs: not found
info Visit https://yarnpkg.com/en/docs/cli/install for documentation about this command.

▶  Bootstrapping with lerna...
lerna notice cli v3.16.2
lerna info ci enabled
lerna info bootstrap root only
yarn install v1.12.0
[1/5] Validating package.json...
[2/5] Resolving packages...
warning workspace-aggregator-f543448b-67ac-4d0f-a495-6dc9699ed640 > docs-next > core-js@3.6.5: core-js@<3.23.3 is no longer maintained and not recommended for usage due to the number of issues. Because of the V8 engine whims, feature detection in old core-js versions could cause a slowdown up to 100x even if nothing is polyfilled. Some versions have web compatibility issues. Please, upgrade your dependencies to the actual version of core-js.
warning workspace-aggregator-f543448b-67ac-4d0f-a495-6dc9699ed640 > docs-next > vue-i18n@8.19.0: v9 and v10 no longer supported. please migrate to v11. about maintenance status, see https://vue-i18n.intlify.dev/guide/maintenance.html
warning workspace-aggregator-f543448b-67ac-4d0f-a495-6dc9699ed640 > docs-next > babel-eslint@10.1.0: babel-eslint is now @babel/eslint-parser. This package will no longer receive updates.
warning workspace-aggregator-f543448b-67ac-4d0f-a495-6dc9699ed640 > docs-next > cosmicjs@3.3.1: This package is no longer supported. Upgrade to the latest version at https://www.npmjs.com/package/@cosmicjs/sdk
warning workspace-aggregator-f543448b-67ac-4d0f-a495-6dc9699ed640 > docs-next > eslint-config-vuetify > babel-eslint@10.1.0: babel-eslint is now @babel/eslint-parser. This package will no longer receive updates.
warning workspace-aggregator-f543448b-67ac-4d0f-a495-6dc9699ed640 > docs-next > eslint@6.8.0: This version is no longer supported. Please see https://eslint.org/version-support for other options.
warning workspace-aggregator-f543448b-67ac-4d0f-a495-6dc9699ed640 > docs-next > eslint-config-vuetify > eslint@6.8.0: This version is no longer supported. Please see https://eslint.org/version-support for other options.
warning workspace-aggregator-f543448b-67ac-4d0f-a495-6dc9699ed640 > docs-next > @vue/cli-plugin-babel > @vue/babel-preset-app > core-js@3.6.5: core-js@<3.23.3 is no longer maintained and not recommended for usage due to the number of issues. Because of the V8 engine whims, feature detection in old core-js versions could cause a slowdown up to 100x even if nothing is polyfilled. Some versions have web compatibility issues. Please, upgrade your dependencies to the actual version of core-js.
warning workspace-aggregator-f543448b-67ac-4d0f-a495-6dc9699ed640 > docs-next > @vue/cli-service > webpack-chain@6.5.1: Package no longer supported. Contact Support at https://www.npmjs.com/support for more info.
info There appears to be trouble with the npm registry (returned undefined). Retrying...
warning workspace-aggregator-f543448b-67ac-4d0f-a495-6dc9699ed640 > docs-next > cosmicjs > axios@0.19.2: Critical security vulnerability fixed in v0.21.1. For more information, see https://github.com/axios/axios/pull/3410
warning workspace-aggregator-f543448b-67ac-4d0f-a495-6dc9699ed640 > docs-next > http-server > ecstatic@3.3.2: This package is unmaintained and deprecated. See the GH Issue 259.
warning workspace-aggregator-f543448b-67ac-4d0f-a495-6dc9699ed640 > docs-next > markdownlint-cli > glob@7.1.6: Old versions of glob are not supported, and contain widely publicized security vulnerabilities, which have been fixed in the current version. Please update. Support for old versions may be purchased (at exorbitant rates) by contacting i@izs.me
warning workspace-aggregator-f543448b-67ac-4d0f-a495-6dc9699ed640 > docs-next > webpack-virtual-modules > debug@3.2.6: Debug versions >=3.2.0 <3.2.7 || >=4 <4.3.1 have a low-severity ReDos regression when used in a Node.js environment. It is recommended you upgrade to 3.2.7 or 4.3.1. (https://github.com/visionmedia/debug/issues/797)
warning workspace-aggregator-f543448b-67ac-4d0f-a495-6dc9699ed640 > docs-next > @vue/cli-service > portfinder > debug@3.2.6: Debug versions >=3.2.0 <3.2.7 || >=4 <4.3.1 have a low-severity ReDos regression when used in a Node.js environment. It is recommended you upgrade to 3.2.7 or 4.3.1. (https://github.com/visionmedia/debug/issues/797)
warning workspace-aggregator-f543448b-67ac-4d0f-a495-6dc9699ed640 > docs-next > @vue/cli-plugin-babel > @vue/babel-preset-app > @babel/plugin-proposal-class-properties@7.10.4: This proposal has been merged to the ECMAScript standard and thus this plugin is no longer maintained. Please use @babel/plugin-transform-class-properties instead.
warning workspace-aggregator-f543448b-67ac-4d0f-a495-6dc9699ed640 > docs-next > @vue/cli-plugin-babel > @vue/babel-preset-app > @babel/preset-env > @babel/plugin-proposal-class-properties@7.10.4: This proposal has been merged to the ECMAScript standard and thus this plugin is no longer maintained. Please use @babel/plugin-transform-class-properties instead.
warning workspace-aggregator-f543448b-67ac-4d0f-a495-6dc9699ed640 > docs-next > @vue/cli-plugin-babel > @vue/cli-shared-utils > @hapi/joi@15.1.1: Switch to 'npm install joi'
warning workspace-aggregator-f543448b-67ac-4d0f-a495-6dc9699ed640 > docs-next > @vue/cli-plugin-babel > @vue/cli-shared-utils > request@2.88.2: request has been deprecated, see https://github.com/request/request/issues/3142
warning workspace-aggregator-f543448b-67ac-4d0f-a495-6dc9699ed640 > docs-next > @vue/cli-plugin-pwa > workbox-webpack-plugin > workbox-build > @hapi/joi@15.1.1: Switch to 'npm install joi'
warning workspace-aggregator-f543448b-67ac-4d0f-a495-6dc9699ed640 > docs-next > @vue/cli-service > cli-highlight > highlight.js@9.18.3: Version no longer supported. Upgrade to @latest
warning workspace-aggregator-f543448b-67ac-4d0f-a495-6dc9699ed640 > docs-next > eslint-config-vuetify > @release-it/conventional-changelog > release-it > debug@4.1.1: Debug versions >=3.2.0 <3.2.7 || >=4 <4.3.1 have a low-severity ReDos regression when used in a Node.js environment. It is recommended you upgrade to 3.2.7 or 4.3.1. (https://github.com/visionmedia/debug/issues/797)
warning workspace-aggregator-f543448b-67ac-4d0f-a495-6dc9699ed640 > docs-next > @vue/cli-plugin-babel > @vue/babel-preset-app > @babel/preset-env > @babel/plugin-proposal-json-strings@7.10.4: This proposal has been merged to the ECMAScript standard and thus this plugin is no longer maintained. Please use @babel/plugin-transform-json-strings instead.
warning workspace-aggregator-f543448b-67ac-4d0f-a495-6dc9699ed640 > docs-next > @vue/cli-plugin-babel > @vue/babel-preset-app > @babel/preset-env > @babel/plugin-proposal-dynamic-import@7.10.4: This proposal has been merged to the ECMAScript standard and thus this plugin is no longer maintained. Please use @babel/plugin-transform-dynamic-import instead.
warning workspace-aggregator-f543448b-67ac-4d0f-a495-6dc9699ed640 > docs-next > @vue/cli-plugin-babel > @vue/babel-preset-app > @babel/preset-env > @babel/plugin-proposal-private-methods@7.10.4: This proposal has been merged to the ECMAScript standard and thus this plugin is no longer maintained. Please use @babel/plugin-transform-private-methods instead.
warning workspace-aggregator-f543448b-67ac-4d0f-a495-6dc9699ed640 > docs-next > @vue/cli-plugin-babel > @vue/babel-preset-app > @babel/preset-env > @babel/plugin-proposal-numeric-separator@7.10.4: This proposal has been merged to the ECMAScript standard and thus this plugin is no longer maintained. Please use @babel/plugin-transform-numeric-separator instead.
warning workspace-aggregator-f543448b-67ac-4d0f-a495-6dc9699ed640 > docs-next > @vue/cli-plugin-babel > @vue/babel-preset-app > @babel/preset-env > @babel/plugin-proposal-optional-chaining@7.10.4: This proposal has been merged to the ECMAScript standard and thus this plugin is no longer maintained. Please use @babel/plugin-transform-optional-chaining instead.
warning workspace-aggregator-f543448b-67ac-4d0f-a495-6dc9699ed640 > docs-next > @vue/cli-plugin-babel > @vue/babel-preset-app > @babel/preset-env > @babel/plugin-proposal-object-rest-spread@7.10.4: This proposal has been merged to the ECMAScript standard and thus this plugin is no longer maintained. Please use @babel/plugin-transform-object-rest-spread instead.
warning workspace-aggregator-f543448b-67ac-4d0f-a495-6dc9699ed640 > docs-next > @vue/cli-plugin-babel > @vue/babel-preset-app > @babel/preset-env > @babel/plugin-proposal-unicode-property-regex@7.10.4: This proposal has been merged to the ECMAScript standard and thus this plugin is no longer maintained. Please use @babel/plugin-transform-unicode-property-regex instead.
warning workspace-aggregator-f543448b-67ac-4d0f-a495-6dc9699ed640 > docs-next > @vue/cli-plugin-babel > @vue/babel-preset-app > @babel/preset-env > @babel/plugin-proposal-optional-catch-binding@7.10.4: This proposal has been merged to the ECMAScript standard and thus this plugin is no longer maintained. Please use @babel/plugin-transform-optional-catch-binding instead.
warning workspace-aggregator-f543448b-67ac-4d0f-a495-6dc9699ed640 > docs-next > @vue/cli-plugin-babel > @vue/babel-preset-app > @babel/preset-env > @babel/plugin-proposal-nullish-coalescing-operator@7.10.4: This proposal has been merged to the ECMAScript standard and thus this plugin is no longer maintained. Please use @babel/plugin-transform-nullish-coalescing-operator instead.
warning workspace-aggregator-f543448b-67ac-4d0f-a495-6dc9699ed640 > docs-next > @vue/cli-plugin-babel > @vue/babel-preset-app > @babel/preset-env > @babel/plugin-proposal-async-generator-functions@7.10.5: This proposal has been merged to the ECMAScript standard and thus this plugin is no longer maintained. Please use @babel/plugin-transform-async-generator-functions instead.
warning workspace-aggregator-f543448b-67ac-4d0f-a495-6dc9699ed640 > docs-next > @vue/cli-plugin-babel > @vue/cli-shared-utils > @hapi/joi > @hapi/address@2.1.4: Moved to 'npm install @sideway/address'
warning workspace-aggregator-f543448b-67ac-4d0f-a495-6dc9699ed640 > docs-next > @vue/cli-plugin-babel > @vue/cli-shared-utils > @hapi/joi > @hapi/bourne@1.3.2: This version has been deprecated and is no longer supported or maintained
warning workspace-aggregator-f543448b-67ac-4d0f-a495-6dc9699ed640 > docs-next > @vue/cli-plugin-babel > @vue/cli-shared-utils > @hapi/joi > @hapi/topo@3.1.6: This version has been deprecated and is no longer supported or maintained
warning workspace-aggregator-f543448b-67ac-4d0f-a495-6dc9699ed640 > docs-next > @vue/cli-plugin-babel > @vue/cli-shared-utils > @hapi/joi > @hapi/hoek@8.5.1: This version has been deprecated and is no longer supported or maintained
warning workspace-aggregator-f543448b-67ac-4d0f-a495-6dc9699ed640 > docs-next > @vue/cli-plugin-babel > @vue/cli-shared-utils > @hapi/joi > @hapi/topo > @hapi/hoek@8.5.1: This version has been deprecated and is no longer supported or maintained
warning workspace-aggregator-f543448b-67ac-4d0f-a495-6dc9699ed640 > docs-next > @vue/cli-plugin-babel > @vue/cli-shared-utils > request > har-validator@5.1.3: this library is no longer supported
warning workspace-aggregator-f543448b-67ac-4d0f-a495-6dc9699ed640 > docs-next > @vue/cli-plugin-pwa > workbox-webpack-plugin > workbox-build > workbox-google-analytics@4.3.1: It is not compatible with newer versions of GA starting with v4, as long as you are using GAv3 it should be ok, but the package is not longer being maintained
warning workspace-aggregator-f543448b-67ac-4d0f-a495-6dc9699ed640 > docs-next > @vue/cli-service > webpack-dev-server > sockjs > uuid@3.4.0: Please upgrade  to version 7 or higher.  Older versions may use Math.random() in certain circumstances, which is known to be problematic.  See https://v8.dev/blog/math-random for details.
warning workspace-aggregator-f543448b-67ac-4d0f-a495-6dc9699ed640 > docs-next > eslint-config-vuetify > @release-it/conventional-changelog > release-it > deprecated-obj > flat@4.1.0: Fixed a prototype pollution security issue in 4.1.0, please upgrade to ^4.1.1 or ^5.0.1.
[3/5] Fetching packages...
info fsevents@1.2.9: The platform "linux" is incompatible with this module.
info "fsevents@1.2.9" is an optional dependency and failed compatibility check. Excluding it from installation.
info fsevents@2.0.7: The platform "linux" is incompatible with this module.
info "fsevents@2.0.7" is an optional dependency and failed compatibility check. Excluding it from installation.
info fsevents@1.2.12: The platform "linux" is incompatible with this module.
info "fsevents@1.2.12" is an optional dependency and failed compatibility check. Excluding it from installation.
info fsevents@2.1.3: The platform "linux" is incompatible with this module.
info "fsevents@2.1.3" is an optional dependency and failed compatibility check. Excluding it from installation.
[4/5] Linking dependencies...
warning " > @babel/helper-create-regexp-features-plugin@7.8.8" has unmet peer dependency "@babel/core@^7.0.0".
warning " > babel-jest@24.8.0" has unmet peer dependency "@babel/core@^7.0.0".
warning "babel-jest > babel-preset-jest@24.6.0" has unmet peer dependency "@babel/core@^7.0.0".
warning "babel-jest > babel-preset-jest > @babel/plugin-syntax-object-rest-spread@7.2.0" has unmet peer dependency "@babel/core@^7.0.0-0".
warning " > eslint-plugin-vue@5.2.3" has incorrect peer dependency "eslint@^5.0.0".
warning "eslint-plugin-vue > vue-eslint-parser@5.0.0" has incorrect peer dependency "eslint@^5.0.0".
warning " > eslint-plugin-vuetify@1.0.0-beta.4" has unmet peer dependency "release-it@*".
warning " > vue-loader@15.7.1" has unmet peer dependency "css-loader@*".
warning "workspace-aggregator-f543448b-67ac-4d0f-a495-6dc9699ed640 > @vuetify/api-generator > @babel/node@7.5.5" has unmet peer dependency "@babel/core@^7.0.0-0".
warning "workspace-aggregator-f543448b-67ac-4d0f-a495-6dc9699ed640 > @vuetify/api-generator > @babel/preset-env@7.5.5" has unmet peer dependency "@babel/core@^7.0.0-0".
warning "workspace-aggregator-f543448b-67ac-4d0f-a495-6dc9699ed640 > vuetify > vuetify-loader@1.2.2" has incorrect peer dependency "vuetify@^1.3.0".
warning "workspace-aggregator-f543448b-67ac-4d0f-a495-6dc9699ed640 > @vuetify/api-generator > @babel/node > @babel/register@7.5.5" has unmet peer dependency "@babel/core@^7.0.0-0".
warning "workspace-aggregator-f543448b-67ac-4d0f-a495-6dc9699ed640 > @vuetify/api-generator > @babel/preset-env > @babel/plugin-proposal-async-generator-functions@7.2.0" has unmet peer dependency "@babel/core@^7.0.0-0".
warning "workspace-aggregator-f543448b-67ac-4d0f-a495-6dc9699ed640 > @vuetify/api-generator > @babel/preset-env > @babel/plugin-proposal-dynamic-import@7.5.0" has unmet peer dependency "@babel/core@^7.0.0-0".
warning "workspace-aggregator-f543448b-67ac-4d0f-a495-6dc9699ed640 > @vuetify/api-generator > @babel/preset-env > @babel/plugin-proposal-json-strings@7.2.0" has unmet peer dependency "@babel/core@^7.0.0-0".
warning "workspace-aggregator-f543448b-67ac-4d0f-a495-6dc9699ed640 > @vuetify/api-generator > @babel/preset-env > @babel/plugin-proposal-optional-catch-binding@7.2.0" has unmet peer dependency "@babel/core@^7.0.0-0".
warning "workspace-aggregator-f543448b-67ac-4d0f-a495-6dc9699ed640 > @vuetify/api-generator > @babel/preset-env > @babel/plugin-proposal-unicode-property-regex@7.4.4" has unmet peer dependency "@babel/core@^7.0.0-0".
warning "workspace-aggregator-f543448b-67ac-4d0f-a495-6dc9699ed640 > @vuetify/api-generator > @babel/preset-env > @babel/plugin-syntax-async-generators@7.2.0" has unmet peer dependency "@babel/core@^7.0.0-0".
warning "workspace-aggregator-f543448b-67ac-4d0f-a495-6dc9699ed640 > @vuetify/api-generator > @babel/preset-env > @babel/plugin-syntax-dynamic-import@7.2.0" has unmet peer dependency "@babel/core@^7.0.0-0".
warning "workspace-aggregator-f543448b-67ac-4d0f-a495-6dc9699ed640 > @vuetify/api-generator > @babel/preset-env > @babel/plugin-syntax-json-strings@7.2.0" has unmet peer dependency "@babel/core@^7.0.0-0".
warning "workspace-aggregator-f543448b-67ac-4d0f-a495-6dc9699ed640 > @vuetify/api-generator > @babel/preset-env > @babel/plugin-syntax-optional-catch-binding@7.2.0" has unmet peer dependency "@babel/core@^7.0.0-0".
warning "workspace-aggregator-f543448b-67ac-4d0f-a495-6dc9699ed640 > @vuetify/api-generator > @babel/preset-env > @babel/plugin-transform-arrow-functions@7.2.0" has unmet peer dependency "@babel/core@^7.0.0-0".
warning "workspace-aggregator-f543448b-67ac-4d0f-a495-6dc9699ed640 > @vuetify/api-generator > @babel/preset-env > @babel/plugin-transform-async-to-generator@7.5.0" has unmet peer dependency "@babel/core@^7.0.0-0".
warning "workspace-aggregator-f543448b-67ac-4d0f-a495-6dc9699ed640 > @vuetify/api-generator > @babel/preset-env > @babel/plugin-transform-block-scoped-functions@7.2.0" has unmet peer dependency "@babel/core@^7.0.0-0".
warning "workspace-aggregator-f543448b-67ac-4d0f-a495-6dc9699ed640 > @vuetify/api-generator > @babel/preset-env > @babel/plugin-transform-block-scoping@7.5.5" has unmet peer dependency "@babel/core@^7.0.0-0".
warning "workspace-aggregator-f543448b-67ac-4d0f-a495-6dc9699ed640 > @vuetify/api-generator > @babel/preset-env > @babel/plugin-transform-classes@7.5.5" has unmet peer dependency "@babel/core@^7.0.0-0".
warning "workspace-aggregator-f543448b-67ac-4d0f-a495-6dc9699ed640 > @vuetify/api-generator > @babel/preset-env > @babel/plugin-transform-computed-properties@7.2.0" has unmet peer dependency "@babel/core@^7.0.0-0".
warning "workspace-aggregator-f543448b-67ac-4d0f-a495-6dc9699ed640 > @vuetify/api-generator > @babel/preset-env > @babel/plugin-transform-destructuring@7.5.0" has unmet peer dependency "@babel/core@^7.0.0-0".
warning "workspace-aggregator-f543448b-67ac-4d0f-a495-6dc9699ed640 > @vuetify/api-generator > @babel/preset-env > @babel/plugin-transform-dotall-regex@7.4.4" has unmet peer dependency "@babel/core@^7.0.0-0".
warning "workspace-aggregator-f543448b-67ac-4d0f-a495-6dc9699ed640 > @vuetify/api-generator > @babel/preset-env > @babel/plugin-transform-duplicate-keys@7.5.0" has unmet peer dependency "@babel/core@^7.0.0-0".
warning "workspace-aggregator-f543448b-67ac-4d0f-a495-6dc9699ed640 > @vuetify/api-generator > @babel/preset-env > @babel/plugin-transform-exponentiation-operator@7.2.0" has unmet peer dependency "@babel/core@^7.0.0-0".
warning "workspace-aggregator-f543448b-67ac-4d0f-a495-6dc9699ed640 > @vuetify/api-generator > @babel/preset-env > @babel/plugin-transform-for-of@7.4.4" has unmet peer dependency "@babel/core@^7.0.0-0".
warning "workspace-aggregator-f543448b-67ac-4d0f-a495-6dc9699ed640 > @vuetify/api-generator > @babel/preset-env > @babel/plugin-transform-function-name@7.4.4" has unmet peer dependency "@babel/core@^7.0.0-0".
warning "workspace-aggregator-f543448b-67ac-4d0f-a495-6dc9699ed640 > @vuetify/api-generator > @babel/preset-env > @babel/plugin-transform-literals@7.2.0" has unmet peer dependency "@babel/core@^7.0.0-0".
warning "workspace-aggregator-f543448b-67ac-4d0f-a495-6dc9699ed640 > @vuetify/api-generator > @babel/preset-env > @babel/plugin-transform-member-expression-literals@7.2.0" has unmet peer dependency "@babel/core@^7.0.0-0".
warning "workspace-aggregator-f543448b-67ac-4d0f-a495-6dc9699ed640 > @vuetify/api-generator > @babel/preset-env > @babel/plugin-transform-modules-amd@7.5.0" has unmet peer dependency "@babel/core@^7.0.0-0".
warning "workspace-aggregator-f543448b-67ac-4d0f-a495-6dc9699ed640 > @vuetify/api-generator > @babel/preset-env > @babel/plugin-transform-modules-commonjs@7.5.0" has unmet peer dependency "@babel/core@^7.0.0-0".
warning "workspace-aggregator-f543448b-67ac-4d0f-a495-6dc9699ed640 > @vuetify/api-generator > @babel/preset-env > @babel/plugin-transform-modules-systemjs@7.5.0" has unmet peer dependency "@babel/core@^7.0.0-0".
warning "workspace-aggregator-f543448b-67ac-4d0f-a495-6dc9699ed640 > @vuetify/api-generator > @babel/preset-env > @babel/plugin-transform-modules-umd@7.2.0" has unmet peer dependency "@babel/core@^7.0.0-0".
warning "workspace-aggregator-f543448b-67ac-4d0f-a495-6dc9699ed640 > @vuetify/api-generator > @babel/preset-env > @babel/plugin-transform-named-capturing-groups-regex@7.4.5" has unmet peer dependency "@babel/core@^7.0.0".
warning "workspace-aggregator-f543448b-67ac-4d0f-a495-6dc9699ed640 > @vuetify/api-generator > @babel/preset-env > @babel/plugin-transform-new-target@7.4.4" has unmet peer dependency "@babel/core@^7.0.0-0".
warning "workspace-aggregator-f543448b-67ac-4d0f-a495-6dc9699ed640 > @vuetify/api-generator > @babel/preset-env > @babel/plugin-transform-object-super@7.5.5" has unmet peer dependency "@babel/core@^7.0.0-0".
warning "workspace-aggregator-f543448b-67ac-4d0f-a495-6dc9699ed640 > @vuetify/api-generator > @babel/preset-env > @babel/plugin-transform-parameters@7.4.4" has unmet peer dependency "@babel/core@^7.0.0-0".
warning "workspace-aggregator-f543448b-67ac-4d0f-a495-6dc9699ed640 > @vuetify/api-generator > @babel/preset-env > @babel/plugin-transform-property-literals@7.2.0" has unmet peer dependency "@babel/core@^7.0.0-0".
warning "workspace-aggregator-f543448b-67ac-4d0f-a495-6dc9699ed640 > @vuetify/api-generator > @babel/preset-env > @babel/plugin-transform-regenerator@7.4.5" has unmet peer dependency "@babel/core@^7.0.0-0".
warning "workspace-aggregator-f543448b-67ac-4d0f-a495-6dc9699ed640 > @vuetify/api-generator > @babel/preset-env > @babel/plugin-transform-reserved-words@7.2.0" has unmet peer dependency "@babel/core@^7.0.0-0".
warning "workspace-aggregator-f543448b-67ac-4d0f-a495-6dc9699ed640 > @vuetify/api-generator > @babel/preset-env > @babel/plugin-transform-shorthand-properties@7.2.0" has unmet peer dependency "@babel/core@^7.0.0-0".
warning "workspace-aggregator-f543448b-67ac-4d0f-a495-6dc9699ed640 > @vuetify/api-generator > @babel/preset-env > @babel/plugin-transform-spread@7.2.2" has unmet peer dependency "@babel/core@^7.0.0-0".
warning "workspace-aggregator-f543448b-67ac-4d0f-a495-6dc9699ed640 > @vuetify/api-generator > @babel/preset-env > @babel/plugin-transform-sticky-regex@7.2.0" has unmet peer dependency "@babel/core@^7.0.0-0".
warning "workspace-aggregator-f543448b-67ac-4d0f-a495-6dc9699ed640 > @vuetify/api-generator > @babel/preset-env > @babel/plugin-transform-template-literals@7.4.4" has unmet peer dependency "@babel/core@^7.0.0-0".
warning "workspace-aggregator-f543448b-67ac-4d0f-a495-6dc9699ed640 > @vuetify/api-generator > @babel/preset-env > @babel/plugin-transform-typeof-symbol@7.2.0" has unmet peer dependency "@babel/core@^7.0.0-0".
warning "workspace-aggregator-f543448b-67ac-4d0f-a495-6dc9699ed640 > @vuetify/api-generator > @babel/preset-env > @babel/plugin-transform-unicode-regex@7.4.4" has unmet peer dependency "@babel/core@^7.0.0-0".
warning "workspace-aggregator-f543448b-67ac-4d0f-a495-6dc9699ed640 > docs-next > eslint-config-vuetify@0.6.1" has incorrect peer dependency "eslint@^7.0.0".
warning "workspace-aggregator-f543448b-67ac-4d0f-a495-6dc9699ed640 > docs-next > eslint-plugin-vuetify@1.0.0-beta.7" has incorrect peer dependency "eslint@^6.0.0 | ^7.0.0".
warning "workspace-aggregator-f543448b-67ac-4d0f-a495-6dc9699ed640 > docs-next > sass-loader@8.0.2" has unmet peer dependency "node-sass@^4.0.0".
warning "workspace-aggregator-f543448b-67ac-4d0f-a495-6dc9699ed640 > docs-next > sass-loader@8.0.2" has unmet peer dependency "fibers@>= 3.1.0".
[5/5] Building fresh packages...
error /coverage_reloaded/repo/node_modules/fibers: Command failed.
Exit code: 127
Command: node build.js || nodejs build.js
Arguments: 
Directory: /coverage_reloaded/repo/node_modules/fibers
Output:
gyp info it worked if it ends with ok
gyp info using node-gyp@5.0.3
gyp info using node@14.21.3 | linux | x64
gyp info find Python using Python version 2.7.18 found at "/usr/bin/python2"
gyp info spawn /usr/bin/python2
gyp info spawn args [
gyp info spawn args   '/coverage_reloaded/repo/node_modules/node-gyp/gyp/gyp_main.py',
gyp info spawn args   'binding.gyp',
gyp info spawn args   '-f',
gyp info spawn args   'make',
gyp info spawn args   '-I',
gyp info spawn args   '/coverage_reloaded/repo/node_modules/fibers/build/config.gypi',
gyp info spawn args   '-I',
gyp info spawn args   '/coverage_reloaded/repo/node_modules/node-gyp/addon.gypi',
gyp info spawn args   '-I',
gyp info spawn args   '/root/.cache/node-gyp/14.21.3/include/node/common.gypi',
gyp info spawn args   '-Dlibrary=shared_library',
gyp info spawn args   '-Dvisibility=default',
gyp info spawn args   '-Dnode_root_dir=/root/.cache/node-gyp/14.21.3',
gyp info spawn args   '-Dnode_gyp_dir=/coverage_reloaded/repo/node_modules/node-gyp',
gyp info spawn args   '-Dnode_lib_file=/root/.cache/node-gyp/14.21.3/<(target_arch)/node.lib',
gyp info spawn args   '-Dmodule_root_dir=/coverage_reloaded/repo/node_modules/fibers',
gyp info spawn args   '-Dnode_engine=v8',
gyp info spawn args   '--depth=.',
gyp info spawn args   '--no-parallel',
gyp info spawn args   '--generator-output',
gyp info spawn args   'build',
gyp info spawn args   '-Goutput_dir=.'
gyp info spawn args ]
gyp info spawn make
gyp info spawn args [ 'BUILDTYPE=Release', '-C', 'build' ]
../src/fibers.cc: In function 'void uni::SetAccessor(v8::Isolate*, v8::Local<v8::Object>, v8::Local<v8::String>, uni::FunctionType (*)(v8::Local<v8::String>, const GetterCallbackInfo&), void (*)(v8::Local<v8::String>, v8::Local<v8::Value>, const SetterCallbackInfo&))':
../src/fibers.cc:362:59: warning: cast between incompatible function types from 'uni::FunctionType (*)(v8::Local<v8::String>, const GetterCallbackInfo&)' {aka 'void (*)(v8::Local<v8::String>, const v8::PropertyCallbackInfo<v8::Value>&)'} to 'v8::AccessorNameGetterCallback' {aka 'void (*)(v8::Local<v8::Name>, const v8::PropertyCallbackInfo<v8::Value>&)'} [-Wcast-function-type]
  362 |   object->SetAccessor(isolate->GetCurrentContext(), name, (AccessorNameGetterCallback)getter, (AccessorNameSetterCallback)setter).ToChecked();
      |                                                           ^~~~~~~~~~~~~~~~~~~~~~~~~~~~~~~~~~
../src/fibers.cc:362:95: warning: cast between incompatible function types from 'void (*)(v8::Local<v8::String>, v8::Local<v8::Value>, const SetterCallbackInfo&)' {aka 'void (*)(v8::Local<v8::String>, v8::Local<v8::Value>, const v8::PropertyCallbackInfo<void>&)'} to 'v8::AccessorNameSetterCallback' {aka 'void (*)(v8::Local<v8::Name>, v8::Local<v8::Value>, const v8::PropertyCallbackInfo<void>&)'} [-Wcast-function-type]
  362 |   object->SetAccessor(isolate->GetCurrentContext(), name, (AccessorNameGetterCallback)getter, (AccessorNameSetterCallback)setter).ToChecked();
      |                                                                                               ^~~~~~~~~~~~~~~~~~~~~~~~~~~~~~~~~~
../src/fibers.cc: In static member function 'static void Fiber::Init(v8::Local<v8::Object>)':
../src/fibers.cc:899:32: error: no matching function for call to 'v8::Object::Set(v8::Local<v8::String>&, v8::Local<v8::Function>&)'
  899 |    target->Set(sym_yield, yield);
      |                                ^
In file included from /root/.cache/node-gyp/14.21.3/include/node/node.h:67,
                 from ../src/coroutine.h:1,
                 from ../src/fibers.cc:1:
/root/.cache/node-gyp/14.21.3/include/node/v8.h:3670:37: note: candidate: 'v8::Maybe<bool> v8::Object::Set(v8::Local<v8::Context>, v8::Local<v8::Value>, v8::Local<v8::Value>)'
 3670 |   V8_WARN_UNUSED_RESULT Maybe<bool> Set(Local<Context> context,
      |                                     ^~~
/root/.cache/node-gyp/14.21.3/include/node/v8.h:3670:37: note:   candidate expects 3 arguments, 2 provided
/root/.cache/node-gyp/14.21.3/include/node/v8.h:3673:37: note: candidate: 'v8::Maybe<bool> v8::Object::Set(v8::Local<v8::Context>, uint32_t, v8::Local<v8::Value>)'
 3673 |   V8_WARN_UNUSED_RESULT Maybe<bool> Set(Local<Context> context, uint32_t index,
      |                                     ^~~
/root/.cache/node-gyp/14.21.3/include/node/v8.h:3673:37: note:   candidate expects 3 arguments, 2 provided
../src/fibers.cc:903:28: error: no matching function for call to 'v8::Function::Set(v8::Local<v8::String>&, v8::Local<v8::Function>&)'
  903 |    fn->Set(sym_yield, yield);
      |                            ^
In file included from /root/.cache/node-gyp/14.21.3/include/node/node.h:67,
                 from ../src/coroutine.h:1,
                 from ../src/fibers.cc:1:
/root/.cache/node-gyp/14.21.3/include/node/v8.h:3670:37: note: candidate: 'v8::Maybe<bool> v8::Object::Set(v8::Local<v8::Context>, v8::Local<v8::Value>, v8::Local<v8::Value>)'
 3670 |   V8_WARN_UNUSED_RESULT Maybe<bool> Set(Local<Context> context,
      |                                     ^~~
/root/.cache/node-gyp/14.21.3/include/node/v8.h:3670:37: note:   candidate expects 3 arguments, 2 provided
/root/.cache/node-gyp/14.21.3/include/node/v8.h:3673:37: note: candidate: 'v8::Maybe<bool> v8::Object::Set(v8::Local<v8::Context>, uint32_t, v8::Local<v8::Value>)'
 3673 |   V8_WARN_UNUSED_RESULT Maybe<bool> Set(Local<Context> context, uint32_t index,
      |                                     ^~~
/root/.cache/node-gyp/14.21.3/include/node/v8.h:3673:37: note:   candidate expects 3 arguments, 2 provided
../src/fibers.cc:909:58: error: no matching function for call to 'v8::Object::Set(v8::Local<v8::String>, v8::Local<v8::Function>&)'
  909 |    target->Set(uni::NewLatin1Symbol(isolate, "Fiber"), fn);
      |                                                          ^
In file included from /root/.cache/node-gyp/14.21.3/include/node/node.h:67,
                 from ../src/coroutine.h:1,
                 from ../src/fibers.cc:1:
/root/.cache/node-gyp/14.21.3/include/node/v8.h:3670:37: note: candidate: 'v8::Maybe<bool> v8::Object::Set(v8::Local<v8::Context>, v8::Local<v8::Value>, v8::Local<v8::Value>)'
 3670 |   V8_WARN_UNUSED_RESULT Maybe<bool> Set(Local<Context> context,
      |                                     ^~~
/root/.cache/node-gyp/14.21.3/include/node/v8.h:3670:37: note:   candidate expects 3 arguments, 2 provided
/root/.cache/node-gyp/14.21.3/include/node/v8.h:3673:37: note: candidate: 'v8::Maybe<bool> v8::Object::Set(v8::Local<v8::Context>, uint32_t, v8::Local<v8::Value>)'
 3673 |   V8_WARN_UNUSED_RESULT Maybe<bool> Set(Local<Context> context, uint32_t index,
      |                                     ^~~
/root/.cache/node-gyp/14.21.3/include/node/v8.h:3673:37: note:   candidate expects 3 arguments, 2 provided
../src/fibers.cc: In function 'void init(v8::Local<v8::Object>)':
../src/fibers.cc:927:69: error: no matching function for call to 'v8::Object::Get(v8::Local<v8::String>)'
  927 |  if (did_init || !target->Get(uni::NewLatin1Symbol(isolate, "Fiber"))->IsUndefined()) {
      |                                                                     ^
In file included from /root/.cache/node-gyp/14.21.3/include/node/node.h:67,
                 from ../src/coroutine.h:1,
                 from ../src/fibers.cc:1:
/root/.cache/node-gyp/14.21.3/include/node/v8.h:3717:43: note: candidate: 'v8::MaybeLocal<v8::Value> v8::Object::Get(v8::Local<v8::Context>, v8::Local<v8::Value>)'
 3717 |   V8_WARN_UNUSED_RESULT MaybeLocal<Value> Get(Local<Context> context,
      |                                           ^~~
/root/.cache/node-gyp/14.21.3/include/node/v8.h:3717:43: note:   candidate expects 2 arguments, 1 provided
/root/.cache/node-gyp/14.21.3/include/node/v8.h:3720:43: note: candidate: 'v8::MaybeLocal<v8::Value> v8::Object::Get(v8::Local<v8::Context>, uint32_t)'
 3720 |   V8_WARN_UNUSED_RESULT MaybeLocal<Value> Get(Local<Context> context,
      |         info Visit https://yarnpkg.com/en/docs/cli/install for documentation about this command.
                                  ^~~
/root/.cache/node-gyp/14.21.3/include/node/v8.h:3720:43: note:   candidate expects 2 arguments, 1 provided
In file included from ../src/coroutine.h:1,
                 from ../src/fibers.cc:1:
../src/fibers.cc: At global scope:
/root/.cache/node-gyp/14.21.3/include/node/node.h:793:7: warning: cast between incompatible function types from 'void (*)(v8::Local<v8::Object>)' to 'node::addon_register_func' {aka 'void (*)(v8::Local<v8::Object>, v8::Local<v8::Value>, void*)'} [-Wcast-function-type]
  793 |       (node::addon_register_func) (regfunc),                          \
      |       ^~~~~~~~~~~~~~~~~~~~~~~~~~~~~~~~~~~~~
/root/.cache/node-gyp/14.21.3/include/node/node.h:827:3: note: in expansion of macro 'NODE_MODULE_X'
  827 |   NODE_MODULE_X(modname, regfunc, NULL, 0)  // NOLINT (readability/null_usage)
      |   ^~~~~~~~~~~~~
../src/fibers.cc:940:1: note: in expansion of macro 'NODE_MODULE'
  940 | NODE_MODULE(fibers, init)
      | ^~~~~~~~~~~
../src/fibers.cc: In instantiation of 'void uni::Return(v8::Persistent<T, v8::NonCopyablePersistentTraits<T> >&, uni::GetterCallbackInfo) [with T = v8::Object; uni::GetterCallbackInfo = v8::PropertyCallbackInfo<v8::Value>]':
../src/fibers.cc:838:45:   required from here
../src/fibers.cc:206:28: error: no matching function for call to 'v8::ReturnValue<v8::Value>::Set(v8::Persistent<v8::Object>&)'
  206 |   info.GetReturnValue().Set(handle);
      |   ~~~~~~~~~~~~~~~~~~~~~~~~~^~~~~~~~
In file included from /root/.cache/node-gyp/14.21.3/include/node/node.h:67,
                 from ../src/coroutine.h:1,
                 from ../src/fibers.cc:1:
/root/.cache/node-gyp/14.21.3/include/node/v8.h:4220:18: note: candidate: 'template<class S> void v8::ReturnValue<T>::Set(const v8::Global<S>&) [with S = S; T = v8::Value]'
 4220 |   V8_INLINE void Set(const Global<S>& handle);
      |                  ^~~
/root/.cache/node-gyp/14.21.3/include/node/v8.h:4220:18: note:   template argument deduction/substitution failed:
../src/fibers.cc:206:28: note:   'v8::Persistent<v8::Object>' is not derived from 'const v8::Global<T>'
  206 |   info.GetReturnValue().Set(handle);
      |   ~~~~~~~~~~~~~~~~~~~~~~~~~^~~~~~~~
In file included from /root/.cache/node-gyp/14.21.3/include/node/node.h:67,
                 from ../src/coroutine.h:1,
                 from ../src/fibers.cc:1:
/root/.cache/node-gyp/14.21.3/include/node/v8.h:4222:18: note: candidate: 'template<class S> void v8::ReturnValue<T>::Set(const v8::TracedReferenceBase<S>&) [with S = S; T = v8::Value]'
 4222 |   V8_INLINE void Set(const TracedReferenceBase<S>& handle);
      |                  ^~~
/root/.cache/node-gyp/14.21.3/include/node/v8.h:4222:18: note:   template argument deduction/substitution failed:
../src/fibers.cc:206:28: note:   'v8::Persistent<v8::Object>' is not derived from 'const v8::TracedReferenceBase<T>'
  206 |   info.GetReturnValue().Set(handle);
      |   ~~~~~~~~~~~~~~~~~~~~~~~~~^~~~~~~~
In file included from /root/.cache/node-gyp/14.21.3/include/node/node.h:67,
                 from ../src/coroutine.h:1,
                 from ../src/fibers.cc:1:
/root/.cache/node-gyp/14.21.3/include/node/v8.h:4224:18: note: candidate: 'template<class S> void v8::ReturnValue<T>::Set(v8::Local<S>) [with S = S; T = v8::Value]'
 4224 |   V8_INLINE void Set(const Local<S> handle);
      |                  ^~~
/root/.cache/node-gyp/14.21.3/include/node/v8.h:4224:18: note:   template argument deduction/substitution failed:
../src/fibers.cc:206:28: note:   'v8::Persistent<v8::Object>' is not derived from 'v8::Local<T>'
  206 |   info.GetReturnValue().Set(handle);
      |   ~~~~~~~~~~~~~~~~~~~~~~~~~^~~~~~~~
In file included from /root/.cache/node-gyp/14.21.3/include/node/node.h:67,
                 from ../src/coroutine.h:1,
                 from ../src/fibers.cc:1:
/root/.cache/node-gyp/14.21.3/include/node/v8.h:11161:6: note: candidate: 'void v8::ReturnValue<T>::Set(bool) [with T = v8::Value]'
11161 | void ReturnValue<T>::Set(bool value) {
      |      ^~~~~~~~~~~~~~
/root/.cache/node-gyp/14.21.3/include/node/v8.h:11161:31: note:   no known conversion for argument 1 from 'v8::Persistent<v8::Object>' to 'bool'
11161 | void ReturnValue<T>::Set(bool value) {
      |                          ~~~~~^~~~~
/root/.cache/node-gyp/14.21.3/include/node/v8.h:11132:6: note: candidate: 'void v8::ReturnValue<T>::Set(double) [with T = v8::Value]'
11132 | void ReturnValue<T>::Set(double i) {
      |      ^~~~~~~~~~~~~~
/root/.cache/node-gyp/14.21.3/include/node/v8.h:11132:33: note:   no known conversion for argument 1 from 'v8::Persistent<v8::Object>' to 'double'
11132 | void ReturnValue<T>::Set(double i) {
      |                          ~~~~~~~^
/root/.cache/node-gyp/14.21.3/include/node/v8.h:11138:6: note: candidate: 'void v8::ReturnValue<T>::Set(int32_t) [with T = v8::Value; int32_t = int]'
11138 | void ReturnValue<T>::Set(int32_t i) {
      |      ^~~~~~~~~~~~~~
/root/.cache/node-gyp/14.21.3/include/node/v8.h:11138:34: note:   no known conversion for argument 1 from 'v8::Persistent<v8::Object>' to 'int32_t' {aka 'int'}
11138 | void ReturnValue<T>::Set(int32_t i) {
      |                          ~~~~~~~~^
/root/.cache/node-gyp/14.21.3/include/node/v8.h:11149:6: note: candidate: 'void v8::ReturnValue<T>::Set(uint32_t) [with T = v8::Value; uint32_t = unsigned int]'
11149 | void ReturnValue<T>::Set(uint32_t i) {
      |      ^~~~~~~~~~~~~~
/root/.cache/node-gyp/14.21.3/include/node/v8.h:11149:35: note:   no known conversion for argument 1 from 'v8::Persistent<v8::Object>' to 'uint32_t' {aka 'unsigned int'}
11149 | void ReturnValue<T>::Set(uint32_t i) {
      |                          ~~~~~~~~~^
/root/.cache/node-gyp/14.21.3/include/node/v8.h:4239:18: note: candidate: 'template<class S> void v8::ReturnValue<T>::Set(S*) [with S = S; T = v8::Value]'
 4239 |   V8_INLINE void Set(S* whatever);
      |                  ^~~
/root/.cache/node-gyp/14.21.3/include/node/v8.h:4239:18: note:   template argument deduction/substitution failed:
../src/fibers.cc:206:28: note:   mismatched types 'S*' and 'v8::Persistent<v8::Object>'
  206 |   info.GetReturnValue().Set(handle);
      |   ~~~~~~~~~~~~~~~~~~~~~~~~~^~~~~~~~
make: *** [fibers.target.mk:120: Release/obj.target/fibers/src/fibers.o] Error 1
gyp ERR! build error 
gyp ERR! stack Error: `make` failed with exit code: 2
gyp ERR! stack     at ChildProcess.onExit (/coverage_reloaded/repo/node_modules/node-gyp/lib/build.js:196:23)
gyp ERR! stackmake: Entering directory '/coverage_reloaded/repo/node_modules/fibers/build'
  CXX(target) Release/obj.target/fibers/src/fibers.o
make: Leaving directory '/coverage_reloaded/repo/node_modules/fibers/build'
     at ChildProcess.emit (events.js:400:28)
gyp ERR! stack     at Process.ChildProcess._handle.onexit (internal/child_process.js:285:12)
gyp ERR! System Linux 6.8.0-110-generic
gyp ERR! command "/root/n/bin/node" "/coverage_reloaded/repo/node_modules/.bin/node-gyp" "rebuild" "--release"
gyp ERR! cwd /coverage_reloaded/repo/node_modules/fibers
gyp ERR! node -v v14.21.3
gyp ERR! node-gyp -v v5.0.3
gyp ERR! not ok 
node-gyp exited with code: 1
Please make sure you are using a supported platform and node version. If you
would like to compile fibers on this machine please make sure you have setup your
build environment--
Windows + OS X instructions here: https://github.com/nodejs/node-gyp
Ubuntu users please run: `sudo apt-get install g++ build-essential`
RHEL users please run: `yum install gcc-c++` and `yum groupinstall 'Development Tools'` 
Alpine users please run: `sudo apk add python make g++`
/bin/sh: 1: nodejs: not found
lerna ERR! yarn install --mutex network:42424 --non-interactive exited 1 in 'repo'
lerna ERR! yarn install --mutex network:42424 --non-interactive exited 1 in 'repo'

┌────────────────────────────────────────────────────────────┐
│  Ensuring cross-env availability                           │
└────────────────────────────────────────────────────────────┘

▶  cross-env not found globally, installing...
added 7 packages from 5 contributors in 0.714s

┌────────────────────────────────────────────────────────────┐
│  Ensuring @cypress/code-coverage availability              │
└────────────────────────────────────────────────────────────┘

▶   @cypress/code-coverage not found, installing...
Ubuntu users please run: `sudo apt-get install g++ build-essential`
RHEL users please run: `yum install gcc-c++` and `yum groupinstall 'Development Tools'` 
Alpine users please run: `sudo apk add python make g++`
/bin/sh: 1: nodejs: not found
make: Leaving directory '/coverage_reloaded/repo/node_modules/fibers/build'

┌────────────────────────────────────────────────────────────┐
│  Ensuring vite-plugin-istanbul availability                │
└────────────────────────────────────────────────────────────┘

▶   vite-plugin-istanbul not found, installing...
warning workspace-aggregator-d309d0de-a7d5-479b-996d-8dce208718a0 > docs-next > @vue/cli-plugin-pwa > workbox-webpack-plugin > workbox-build > workbox-google-analytics@4.3.1: It is not compatible with newer versions of GA starting with v4, as long as you are using GAv3 it should be ok, but the package is not longer being maintained
warning workspace-aggregator-d309d0de-a7d5-479b-996d-8dce208718a0 > docs-next > @vue/cli-service > webpack-dev-server > sockjs > uuid@3.4.0: Please upgrade  to version 7 or higher.  Older versions may use Math.random() in certain circumstances, which is known to be problematic.  See https://v8.dev/blog/math-random for details.
warning workspace-aggregator-d309d0de-a7d5-479b-996d-8dce208718a0 > docs-next > eslint-config-vuetify > @release-it/conventional-changelog > release-it > deprecated-obj > flat@4.1.0: Fixed a prototype pollution security issue in 4.1.0, please upgrade to ^4.1.1 or ^5.0.1.
error No valid versions found for "vite-plugin-istanbul". The package may be unpublished.
info Visit https://yarnpkg.com/en/docs/cli/add for documentation about this command.

┌────────────────────────────────────────────────────────────┐
│  Detecting test infrastructure era                         │
└────────────────────────────────────────────────────────────┘
IS_JEST:                    true
HAS_TEST_COVERAGE_SCRIPT:   true

┌────────────────────────────────────────────────────────────┐
│  Using test:coverage script                                │
└────────────────────────────────────────────────────────────┘
yarn run v1.12.0
$ yarn test --coverage
$ node build/run-tests.js --coverage
$ cross-env NODE_ENV=test jest --coverage
PASS Vuetify src/directives/click-outside/__tests__/click-outside.spec.ts
PASS Vuetify src/directives/mutate/__tests__/mutate.spec.ts
PASS Vuetify src/components/VDatePicker/util/__tests__/monthChange.spec.ts
PASS Vuetify src/directives/resize/__tests__/resize.spec.ts
PASS Vuetify src/directives/scroll/__tests__/scroll.spec.ts
PASS Vuetify src/components/VSubheader/__tests__/VSubheader.spec.ts
PASS Vuetify src/components/VDivider/__tests__/VDivider.spec.ts
PASS Vuetify src/mixins/roundable/__tests__/roundable.spec.ts
PASS Vuetify src/mixins/elevatable/__tests__/elevatable.spec.ts
PASS Vuetify src/directives/intersect/__tests__/intersect.spec.ts
PASS Vuetify src/util/__tests__/dateTimeUtils.spec.ts
PASS Vuetify src/components/VCalendar/util/__tests__/events.spec.ts
PASS Vuetify src/components/VList/__tests__/VListItemAction.spec.ts
PASS Vuetify src/services/application/__tests__/application.spec.ts
PASS Vuetify src/components/VGrid/__tests__/VGrid.spec.ts
PASS Vuetify src/components/VDatePicker/util/__tests__/pad.spec.ts
PASS Vuetify src/components/VCalendar/modes/__tests__/common.spec.ts
PASS Vuetify src/mixins/groupable/__tests__/groupable.spec.ts
PASS Vuetify src/components/VGrid/__tests__/VFlex.spec.ts
PASS Vuetify src/components/VCalendar/util/__tests__/timestamp.spec.ts (5.003s)
PASS Vuetify src/components/VTimeline/__tests__/VTimeline.spec.ts
PASS Vuetify src/components/VResponsive/__tests__/VResponsive.spec.ts (5.003s)
PASS Vuetify src/mixins/proxyable/__tests__/proxyable.spec.ts (5.113s)
PASS Vuetify src/components/VCalendar/mixins/__tests__/mouse.spec.ts
PASS Vuetify src/components/VApp/__tests__/VApp.spec.ts
PASS Vuetify src/components/VTreeview/util/__tests__/filterTreeItems.spec.ts
PASS Vuetify src/components/VSkeletonLoader/__tests__/VSkeletonLoader.spec.ts (5.179s)
PASS Vuetify src/components/VDatePicker/util/__tests__/createNativeLocaleFormatter.spec.ts (5.267s)
PASS Vuetify src/components/VDataTable/__tests__/MobileRow.spec.ts (5.34s)
PASS Vuetify src/components/VVirtualScroll/__tests__/VVirtualScroll.spec.ts (5.369s)
PASS Vuetify src/mixins/applicationable/__tests__/applicationable.spec.ts
PASS Vuetify src/components/VGrid/__tests__/VContainer.spec.ts (5.384s)
PASS Vuetify src/services/goto/__tests__/easing-patterns.spec.ts
PASS Vuetify src/components/VDataTable/__tests__/RowGroup.spec.ts (5.227s)
PASS Vuetify src/components/VGrid/__tests__/VLayout.spec.ts (5.307s)
PASS Vuetify src/util/__tests__/mergeData.spec.ts (5.432s)
PASS Vuetify src/components/VDataTable/__tests__/VVirtualTable.spec.ts
PASS Vuetify src/components/VDataTable/__tests__/VSimpleTable.spec.ts (5.153s)
PASS Vuetify src/components/VGrid/__tests__/VCol.spec.ts (5.301s)
PASS Vuetify src/components/VCalendar/util/__tests__/props.spec.ts (5.36s)
PASS Vuetify src/components/VMain/__tests__/VMain.spec.ts (5.349s)
PASS Vuetify src/components/VDataTable/__tests__/Row.spec.ts (5.815s)
PASS Vuetify src/components/VThemeProvider/__tests__/VThemeProvider.spec.ts (5.24s)
PASS Vuetify src/util/__tests__/helpers.spec.ts (5.715s)
PASS Vuetify src/components/VParallax/__tests__/VParallax.spec.ts (5.393s)
PASS Vuetify src/components/VLazy/__tests__/VLazy.spec.ts (5.238s)
PASS Vuetify src/components/VCalendar/mixins/__tests__/times.spec.ts (5.853s)
PASS Vuetify src/components/VCounter/__tests__/VCounter.spec.ts (5.526s)
PASS Vuetify src/directives/touch/__tests__/touch.spec.ts (6.076s)
PASS Vuetify src/services/icons/__tests__/icons.spec.ts (5.705s)
PASS Vuetify src/locale/__tests__/index.spec.ts (5.848s)
PASS Vuetify src/util/__tests__/console.spec.ts (6.062s)
PASS Vuetify src/services/lang/__tests__/lang.spec.ts (6.072s)
PASS Vuetify src/services/presets/__tests__/presets.spec.ts (5.822s)
PASS Vuetify src/services/theme/__tests__/theme-utils.spec.ts (5.558s)
PASS Vuetify src/components/VColorPicker/util/__tests__/index.spec.ts (5.792s)
PASS Vuetify src/components/VExpansionPanel/__tests__/VExpansionPanels.spec.ts (5.715s)
PASS Vuetify src/components/VStepper/__tests__/VStepper.spec.ts (6.065s)
PASS Vuetify src/components/VBreadcrumbs/__tests__/VBreadcrumbsItem.spec.ts (5.712s)
PASS Vuetify src/components/VAvatar/__tests__/VAvatar.spec.ts (6.175s)
PASS Vuetify src/mixins/rippleable/__tests__/rippleable.spec.ts (6.175s)
PASS Vuetify src/components/VOverlay/__tests__/VOverlay.spec.ts (5.629s)
PASS Vuetify src/components/VList/__tests__/VListItemGroup.spec.ts (6.097s)
PASS Vuetify src/components/VItemGroup/__tests__/VItem.spec.ts (5.931s)
PASS Vuetify src/components/VSystemBar/__tests__/VSystemBar.spec.ts (5.598s)
PASS Vuetify src/components/VLabel/__tests__/VLabel.spec.ts (6.026s)
PASS Vuetify src/mixins/menuable/__tests__/menuable.spec.ts (6.16s)
PASS Vuetify src/mixins/colorable/__tests__/colorable.spec.ts (5.759s)
PASS Vuetify src/mixins/dependent/__tests__/dependent.spec.ts (6.096s)
PASS Vuetify src/util/__tests__/colorUtils.spec.ts (5.818s)
PASS Vuetify src/mixins/intersectable/__tests__/intersectable.spec.ts (5.715s)
PASS Vuetify src/components/VList/__tests__/VListItemAvatar.spec.ts (5.663s)
PASS Vuetify src/components/VMessages/__tests__/VMessages.spec.ts (5.807s)
PASS Vuetify src/components/VSheet/__tests__/VSheet.spec.ts (5.772s)
PASS Vuetify src/components/VPicker/__tests__/VPicker.spec.ts (5.711s)
PASS Vuetify src/components/VFooter/__tests__/VFooter.spec.ts (6.179s)
PASS Vuetify src/components/VList/__tests__/VList.spec.ts (6.212s)
PASS Vuetify src/components/VProgressCircular/__tests__/VProgressCircular.spec.ts (6.263s)
PASS Vuetify src/components/VCheckbox/__tests__/VSimpleCheckbox.spec.ts (5.88s)
PASS Vuetify src/components/VBtnToggle/__tests__/VBtnToggle.spec.ts (6.153s)
PASS Vuetify src/components/VTabs/__tests__/VTabsSlider.spec.ts (5.884s)
PASS Vuetify src/directives/ripple/__tests__/ripple.spec.ts (5.86s)
PASS Vuetify src/mixins/routable/__tests__/routable.spec.ts (5.838s)
PASS Vuetify src/mixins/bootable/__tests__/bootable.spec.ts (6.29s)
PASS Vuetify src/components/VItemGroup/__tests__/VItemGroup.spec.ts (5.741s)
PASS Vuetify src/mixins/validatable/__tests__/validatable.spec.ts (6.206s)
PASS Vuetify src/components/VTimeline/__tests__/VTimelineItem.spec.ts (6.222s)
PASS Vuetify src/components/VSnackbar/__tests__/VSnackbar.spec.ts (6.013s)
PASS Vuetify src/components/VTabs/__tests__/VTab.spec.ts (5.808s)
PASS Vuetify src/components/VDatePicker/__tests__/VDatePickerTitle.spec.ts (6.303s)
PASS Vuetify src/components/VDataTable/mixins/__tests__/header.spec.ts (6.164s)
PASS Vuetify src/mixins/activatable/__tests__/activatable.spec.ts (5.694s)
PASS Vuetify src/directives/color/__tests__/color.spec.ts (5.676s)
PASS Vuetify src/components/VList/__tests__/VListItem.spec.ts (6.242s)
PASS Vuetify src/components/VExpansionPanel/__tests__/VExpansionPanel.spec.ts (6.177s)
PASS Vuetify src/components/VIcon/__tests__/VIcon.spec.ts (6.349s)
PASS Vuetify src/mixins/detachable/__tests__/detachable.spec.ts (5.998s)
PASS Vuetify src/components/VToolbar/__tests__/VToolbar.spec.ts (6.19s)
PASS Vuetify src/components/VBadge/__tests__/VBadge.spec.ts (6.128s)
PASS Vuetify src/components/VBreadcrumbs/__tests__/VBreadcrumbs.spec.ts (5.909s)
PASS Vuetify src/mixins/overlayable/__tests__/overlayable.spec.ts (6.263s)
PASS Vuetify src/components/VProgressLinear/__tests__/VProgressLinear.spec.ts (5.966s)
PASS Vuetify src/components/VCalendar/mixins/__tests__/calendar-base.spec.ts (6.203s)
PASS Vuetify src/components/VCalendar/mixins/__tests__/calendar-with-intervals.spec.ts (6.372s)
PASS Vuetify src/components/VRating/__tests__/VRating.spec.ts (6.196s)
PASS Vuetify src/components/VCard/__tests__/VCard.spec.ts (5.931s)
PASS Vuetify src/components/VColorPicker/__tests__/VColorPickerCanvas.spec.ts (5.887s)
PASS Vuetify src/components/VTimePicker/__tests__/VTimePickerClock.spec.ts (6.382s)
PASS Vuetify src/components/VBanner/__tests__/VBanner.spec.ts (5.897s)
PASS Vuetify src/components/VList/__tests__/VListGroup.spec.ts (6.261s)
PASS Vuetify src/services/theme/__tests__/theme.spec.ts (5.799s)
PASS Vuetify src/components/VDatePicker/__tests__/VDatePickerYears.spec.ts (5.994s)
PASS Vuetify src/components/VData/__tests__/VData.spec.ts (5.811s)
PASS Vuetify src/components/VImg/__tests__/VImg.spec.ts (5.821s)
PASS Vuetify src/components/VAppBar/__tests__/VAppBarNavIcon.spec.ts (6.184s)
PASS Vuetify src/components/VExpansionPanel/__tests__/VExpansionPanelHeader.spec.ts (6.14s)
PASS Vuetify src/components/VBottomNavigation/__tests__/VBottomNavigation.spec.ts (6.486s)
PASS Vuetify src/components/VColorPicker/__tests__/VColorPickerPreview.spec.ts (6.447s)
PASS Vuetify src/components/VTooltip/__tests__/VTooltip.spec.ts (6.416s)
PASS Vuetify src/components/VRadioGroup/__tests__/VRadio.spec.ts (6.202s)
PASS Vuetify src/components/VAlert/__tests__/VAlert.spec.ts (6.333s)
PASS Vuetify src/components/VSelect/__tests__/VSelectList.spec.ts (6.465s)
PASS Vuetify src/services/goto/__tests__/goto.spec.ts (6.245s)
PASS Vuetify src/components/VPagination/__tests__/VPagination.spec.ts (6.5s)
PASS Vuetify src/components/VRadioGroup/__tests__/VRadioGroup.spec.ts (6.097s)
PASS Vuetify src/components/VTabs/__tests__/VTabsBar.spec.ts (6.485s)
PASS Vuetify src/components/VHover/__tests__/VHover.spec.ts (6.168s)
PASS Vuetify src/components/VStepper/__tests__/VStepperStep.spec.ts (6.31s)
PASS Vuetify src/components/VSlideGroup/__tests__/VSlideGroup.spec.ts (6.634s)
PASS Vuetify src/mixins/selectable/__tests__/selectable.spec.ts (6.285s)
PASS Vuetify src/components/VRangeSlider/__tests__/VRangeSlider.spec.ts (6.593s)
PASS Vuetify src/components/VSwitch/__tests__/VSwitch.spec.ts (6.558s)
PASS Vuetify src/components/VCarousel/__tests__/VCarouselItem.spec.ts (6.4s)
PASS Vuetify src/components/VDatePicker/__tests__/VDatePickerMonthTable.spec.ts (6.32s)
PASS Vuetify src/components/VSparkline/__tests__/VSparkline.spec.ts (6.256s)
PASS Vuetify src/components/VDialog/__tests__/VDialog.spec.ts (6.281s)
PASS Vuetify src/components/VCalendar/mixins/__tests__/calendar-with-events.spec.ts (6.369s)
PASS Vuetify src/components/VColorPicker/__tests__/VColorPickerEdit.spec.ts (6.353s)
PASS Vuetify src/components/VCheckbox/__tests__/VCheckbox.spec.ts (6.327s)
PASS Vuetify src/components/VMenu/__tests__/VMenu.spec.ts (6.276s)
PASS Vuetify src/components/VDatePicker/__tests__/VDatePickerHeader.spec.ts (6.712s)
PASS Vuetify src/components/VSpeedDial/__tests__/VSpeedDial.spec.ts (6.665s)
PASS Vuetify src/components/VDatePicker/__tests__/VDatePickerDateTable.spec.ts (6.722s)
PASS Vuetify src/components/VTreeview/__tests__/VTreeviewNode.spec.ts (6.854s)
PASS Vuetify src/components/VInput/__tests__/VInput.spec.ts (6.442s)
PASS Vuetify src/components/VTimePicker/__tests__/VTimePickerTitle.spec.ts (6.239s)
PASS Vuetify src/components/VTextarea/__tests__/VTextarea.spec.ts (6.368s)
PASS Vuetify src/components/VSlider/__tests__/VSlider.spec.ts (6.517s)
PASS Vuetify src/components/VWindow/__tests__/VWindow.spec.ts (6.551s)
PASS Vuetify src/components/VCarousel/__tests__/VCarousel.spec.ts (6.927s)
PASS Vuetify src/components/VForm/__tests__/VForm.spec.ts (6.602s)
PASS Vuetify src/components/VColorPicker/__tests__/VColorPicker.spec.ts (6.596s)
PASS Vuetify src/components/VCalendar/__tests__/VCalendarDaily.spec.ts (6.639s)
PASS Vuetify src/components/VBtn/__tests__/VBtn.spec.ts (6.841s)
PASS Vuetify src/components/VTabs/__tests__/VTabs.spec.ts (6.633s)
PASS Vuetify src/components/VTextField/__tests__/VTextField.spec.ts (6.842s)
PASS Vuetify src/components/VChip/__tests__/VChip.spec.ts (7.104s)
PASS Vuetify src/mixins/mobile/__tests__/mobile.spec.ts (6.75s)
PASS Vuetify src/components/VStepper/__tests__/VStepperContent.spec.ts (7.311s)
PASS Vuetify src/components/VDataTable/__tests__/VEditDialog.spec.ts (7.077s)
PASS Vuetify src/components/VTreeview/__tests__/VTreeview.spec.ts (7.297s)
PASS Vuetify src/components/VWindow/__tests__/VWindowItem.spec.ts (7.162s)
PASS Vuetify src/components/VCalendar/__tests__/VCalendar.spec.ts (6.766s)
PASS Vuetify src/components/VChipGroup/__tests__/VChipGroup.spec.ts (6.797s)
PASS Vuetify src/mixins/scrollable/__tests__/scrollable.spec.ts (7.393s)
PASS Vuetify src/components/VFileInput/__tests__/VFileInput.spec.ts (6.957s)
PASS Vuetify src/components/VDatePicker/__tests__/VDatePicker.month.spec.ts (7.297s)
PASS Vuetify src/components/VCombobox/__tests__/VCombobox.spec.ts (7.49s)
PASS Vuetify src/components/VSelect/__tests__/VSelect.spec.ts (7.146s)
PASS Vuetify src/components/VDataTable/__tests__/VDataTableHeader.spec.ts (7.604s)
PASS Vuetify src/components/VAutocomplete/__tests__/VAutocomplete2.spec.ts (7.363s)
PASS Vuetify src/components/VDataIterator/__tests__/VDataFooter.spec.ts (7.413s)
PASS Vuetify src/components/VAutocomplete/__tests__/VAutocomplete3.spec.ts (6.997s)
PASS Vuetify src/components/VDataIterator/__tests__/VDataIterator.spec.ts (7.359s)
PASS Vuetify src/components/VSelect/__tests__/VSelect4.spec.ts (7.056s)
PASS Vuetify src/components/VOverflowBtn/__tests__/VOverflowBtn.spec.ts (7.66s)
PASS Vuetify src/components/VCombobox/__tests__/VCombobox-multiple.spec.ts (7.201s)
PASS Vuetify src/components/VAutocomplete/__tests__/VAutocomplete.spec.ts (7.2s)
PASS Vuetify src/components/VSelect/__tests__/VSelect3.spec.ts (7.737s)
PASS Vuetify src/components/VTimePicker/__tests__/VTimePicker.spec.ts (7.414s)
PASS Vuetify src/components/VSelect/__tests__/VSelect2.spec.ts (7.442s)
PASS Vuetify src/components/VDatePicker/__tests__/VDatePicker.date.spec.ts (7.602s)
PASS Vuetify src/services/breakpoint/__tests__/breakpoint.spec.ts (7.678s)
PASS Vuetify src/components/VAppBar/__tests__/VAppBar.spec.ts (10.22s)
PASS Vuetify src/components/VNavigationDrawer/__tests__/VNavigationDrawer.spec.ts (14.119s)
PASS Vuetify src/components/VDataTable/__tests__/VDataTable.spec.ts (17.12s)
-----------------------------------|----------|----------|----------|----------|-------------------|
File                               |  % Stmts | % Branch |  % Funcs |  % Lines | Uncovered Line #s |
-----------------------------------|----------|----------|----------|----------|-------------------|
All files                          |    84.17 |    79.94 |    89.08 |    85.61 |                   |
 src                               |    34.48 |        5 |    23.08 |    37.97 |                   |
  entry-lib.ts                     |        0 |      100 |        0 |        0 |           1,2,3,4 |
  framework.ts                     |    79.41 |       50 |       60 |    84.38 |    54,55,57,59,65 |
  index.ts                         |        0 |        0 |        0 |        0 |... 5,7,9,10,17,18 |
  install.ts                       |     7.89 |        0 |        0 |     8.82 |... 56,58,63,65,67 |
 src/components                    |        0 |      100 |      100 |        0 |                   |
  index.ts                         |        0 |      100 |      100 |        0 |... 76,77,78,79,80 |
 src/components/VAlert             |    92.19 |    84.09 |      100 |    92.98 |                   |
  VAlert.ts                        |    96.72 |    84.09 |      100 |    98.15 |               244 |
  index.ts                         |        0 |      100 |      100 |        0 |             1,3,4 |
 src/components/VApp               |    91.67 |       75 |      100 |    91.67 |                   |
  VApp.ts                          |    88.89 |       75 |      100 |    88.89 |                39 |
  index.ts                         |      100 |      100 |      100 |      100 |                   |
 src/components/VAppBar            |    94.34 |       93 |      100 |    94.51 |                   |
  VAppBar.ts                       |    98.89 |    92.71 |      100 |    98.73 |               227 |
  VAppBarNavIcon.ts                |      100 |      100 |      100 |      100 |                   |
  index.ts                         |        0 |      100 |      100 |        0 |           1,2,4,6 |
 src/components/VAutocomplete      |    96.08 |    92.13 |    96.15 |    97.14 |                   |
  VAutocomplete.ts                 |       96 |    92.13 |    96.15 |    97.08 |     84,86,194,208 |
  index.ts                         |      100 |      100 |      100 |      100 |                   |
 src/components/VAvatar            |      100 |      100 |      100 |      100 |                   |
  VAvatar.ts                       |      100 |      100 |      100 |      100 |                   |
  index.ts                         |      100 |      100 |      100 |      100 |                   |
 src/components/VBadge             |    84.13 |    70.83 |      100 |    90.91 |                   |
  VBadge.ts                        |    88.33 |    70.83 |      100 |    96.15 |             80,87 |
  index.ts                         |        0 |      100 |      100 |        0 |             1,3,4 |
 src/components/VBanner            |    92.68 |      100 |      100 |    92.31 |                   |
  VBanner.ts                       |      100 |      100 |      100 |      100 |                   |
  index.ts                         |        0 |      100 |      100 |        0 |             1,3,4 |
 src/components/VBottomNavigation  |    89.29 |      100 |      100 |    89.29 |                   |
  VBottomNavigation.ts             |      100 |      100 |      100 |      100 |                   |
  index.ts                         |        0 |      100 |      100 |        0 |             1,3,4 |
 src/components/VBottomSheet       |        0 |      100 |        0 |        0 |                   |
  VBottomSheet.ts                  |        0 |      100 |        0 |        0 |          1,4,7,24 |
  index.ts                         |        0 |      100 |      100 |        0 |             1,3,4 |
 src/components/VBreadcrumbs       |    82.93 |      100 |      100 |    85.29 |                   |
  VBreadcrumbs.ts                  |      100 |      100 |      100 |      100 |                   |
  VBreadcrumbsDivider.ts           |      100 |      100 |      100 |      100 |                   |
  VBreadcrumbsItem.ts              |      100 |      100 |      100 |      100 |                   |
  index.ts                         |        0 |      100 |      100 |        0 |         1,2,3,5,7 |
 src/components/VBtn               |      100 |       95 |      100 |      100 |                   |
  VBtn.ts                          |      100 |       95 |      100 |      100 |               119 |
  index.ts                         |      100 |      100 |      100 |      100 |                   |
 src/components/VBtnToggle         |    76.92 |      100 |      100 |       75 |                   |
  VBtnToggle.ts                    |      100 |      100 |      100 |      100 |                   |
  index.ts                         |        0 |      100 |      100 |        0 |             1,3,4 |
 src/components/VCalendar          |    57.79 |    40.99 |    57.28 |    58.82 |                   |
  VCalendar.ts                     |    47.19 |     29.9 |    40.74 |    44.72 |... 69,370,372,373 |
  VCalendarCategory.ts             |    17.24 |        0 |        0 |    19.23 |... 82,83,86,90,92 |
  VCalendarDaily.ts                |    86.15 |    79.17 |    77.14 |     91.8 |86,124,171,209,246 |
  VCalendarMonthly.ts              |      100 |      100 |      100 |      100 |                   |
  VCalendarWeekly.ts               |    82.54 |    64.29 |       72 |    81.97 |... 87,194,196,208 |
  index.ts                         |        0 |      100 |      100 |        0 |     1,2,3,4,5,7,9 |
 src/components/VCalendar/mixins   |    59.94 |     48.7 |    73.68 |    61.49 |                   |
  calendar-base.ts                 |    89.74 |    72.22 |     87.5 |    89.47 |       46,52,53,54 |
  calendar-with-events.ts          |    31.22 |    27.83 |    52.08 |    32.99 |... 07,508,509,512 |
  calendar-with-intervals.ts       |      100 |    88.57 |      100 |      100 |          44,45,80 |
  mouse.ts                         |      100 |    58.82 |      100 |      100 |          50,55,68 |
  times.ts                         |      100 |      100 |      100 |      100 |                   |
 src/components/VCalendar/modes    |     12.7 |       11 |    11.43 |    13.85 |                   |
  column.ts                        |    27.27 |        0 |        0 |    27.27 |... 12,13,14,15,19 |
  common.ts                        |    25.64 |    28.95 |    26.67 |    22.73 |... 31,132,135,139 |
  index.ts                         |      100 |      100 |      100 |      100 |                   |
  stack.ts                         |     3.75 |        0 |        0 |     5.22 |... 50,251,252,254 |
 src/components/VCalendar/util     |    84.92 |    70.06 |    85.71 |    84.47 |                   |
  events.ts                        |      100 |       90 |      100 |      100 |             24,27 |
  props.ts                         |    23.68 |        0 |       50 |       25 |... 49,251,254,257 |
  timestamp.ts                     |    91.53 |    81.54 |    91.89 |    91.25 |... 72,373,374,376 |
 src/components/VCard              |    65.71 |     87.5 |      100 |     62.5 |                   |
  VCard.ts                         |      100 |     87.5 |      100 |      100 |                83 |
  index.ts                         |        0 |      100 |      100 |        0 |... 11,12,13,14,17 |
 src/components/VCarousel          |    85.29 |    76.92 |    94.74 |    85.25 |                   |
  VCarousel.ts                     |     89.8 |    76.92 |    94.12 |    88.89 |   95,96,98,99,184 |
  VCarouselItem.ts                 |      100 |      100 |      100 |      100 |                   |
  index.ts                         |        0 |      100 |      100 |        0 |           1,2,4,6 |
 src/components/VCheckbox          |     87.5 |    88.57 |      100 |    90.38 |                   |
  VCheckbox.ts                     |    90.32 |       80 |      100 |       96 |                78 |
  VSimpleCheckbox.ts               |      100 |      100 |      100 |      100 |                   |
  index.ts                         |        0 |      100 |      100 |        0 |           1,2,4,5 |
 src/components/VChip              |      100 |    90.48 |      100 |      100 |                   |
  VChip.ts                         |      100 |    90.48 |      100 |      100 |           131,177 |
  index.ts                         |      100 |      100 |      100 |      100 |                   |
 src/components/VChipGroup         |    78.57 |       50 |      100 |    76.92 |                   |
  VChipGroup.ts                    |      100 |       50 |      100 |      100 |                42 |
  index.ts                         |        0 |      100 |      100 |        0 |             1,3,4 |
 src/components/VColorPicker       |    91.76 |    72.86 |    94.64 |    93.79 |                   |
  VColorPicker.ts                  |    96.77 |      100 |    91.67 |    96.67 |               124 |
  VColorPickerCanvas.ts            |    92.59 |       75 |    92.31 |    97.73 |                17 |
  VColorPickerEdit.ts              |       96 |       75 |      100 |    95.24 |             88,93 |
  VColorPickerPreview.ts           |      100 |       80 |      100 |      100 |             37,38 |
  VColorPickerSwatches.ts          |    95.83 |       30 |     87.5 |    95.83 |                76 |
  index.ts                         |        0 |      100 |      100 |        0 |         1,2,3,5,6 |
 src/components/VColorPicker/util  |    83.75 |    68.97 |      100 |    92.42 |                   |
  index.ts                         |    83.75 |    68.97 |      100 |    92.42 |... 48,149,152,166 |
 src/components/VCombobox          |    85.26 |    79.49 |    91.67 |    88.37 |                   |
  VCombobox.ts                     |    88.04 |    79.49 |    91.67 |    91.57 |... 43,144,146,154 |
  index.ts                         |        0 |      100 |      100 |        0 |             1,3,4 |
 src/components/VContent           |        0 |      100 |        0 |        0 |                   |
  VContent.ts                      |        0 |      100 |        0 |        0 |... 13,18,20,21,23 |
  index.ts                         |        0 |      100 |      100 |        0 |             1,3,5 |
 src/components/VCounter           |      100 |      100 |      100 |      100 |                   |
  VCounter.ts                      |      100 |      100 |      100 |      100 |                   |
  index.ts                         |      100 |      100 |      100 |      100 |                   |
 src/components/VData              |    92.19 |    87.21 |     90.2 |    92.73 |                   |
  VData.ts                         |       92 |    87.21 |     90.2 |    92.52 |... 97,298,299,301 |
  index.ts                         |      100 |      100 |      100 |      100 |                   |
 src/components/VDataIterator      |    91.67 |    87.74 |    90.48 |    94.19 |                   |
  VDataFooter.ts                   |      100 |     97.3 |      100 |      100 |               139 |
  VDataIterator.ts                 |    88.46 |    82.61 |    86.96 |    91.82 |... 98,299,300,301 |
  index.ts                         |      100 |      100 |      100 |      100 |                   |
 src/components/VDataTable         |    88.59 |    84.39 |    85.29 |    91.02 |                   |
  MobileRow.ts                     |      100 |      100 |      100 |      100 |                   |
  Row.ts                           |    90.48 |       80 |      100 |    89.47 |             31,33 |
  RowGroup.ts                      |      100 |      100 |      100 |      100 |                   |
  VDataTable.ts                    |    88.48 |    78.13 |    83.78 |    91.62 |... 85,586,588,589 |
  VDataTableHeader.ts              |      100 |      100 |      100 |      100 |                   |
  VDataTableHeaderDesktop.ts       |    90.74 |    79.49 |    77.78 |    93.62 |          16,17,72 |
  VDataTableHeaderMobile.ts        |    93.94 |      100 |       90 |    93.55 |             40,41 |
  VEditDialog.ts                   |      100 |       90 |      100 |      100 |               136 |
  VSimpleTable.ts                  |      100 |      100 |      100 |      100 |                   |
  VVirtualTable.ts                 |    82.35 |      100 |    77.27 |    82.35 |... 82,101,126,127 |
  index.ts                         |        0 |      100 |      100 |        0 |... ,5,6,7,9,11,13 |
 src/components/VDataTable/mixins  |    92.86 |      100 |       80 |    92.86 |                   |
  header.ts                        |    92.86 |      100 |       80 |    92.86 |                26 |
 src/components/VDatePicker        |    90.79 |    87.15 |    95.79 |     90.7 |                   |
  VDatePicker.ts                   |    95.45 |    88.24 |    96.08 |    95.89 |... 61,264,265,328 |
  VDatePickerDateTable.ts          |    97.83 |    95.45 |    92.86 |    97.73 |                45 |
  VDatePickerHeader.ts             |      100 |    96.15 |      100 |      100 |                78 |
  VDatePickerMonthTable.ts         |      100 |      100 |      100 |      100 |                   |
  VDatePickerTitle.ts              |      100 |      100 |      100 |      100 |                   |
  VDatePickerYears.ts              |    76.47 |    52.38 |     87.5 |    75.76 |... 62,63,64,65,67 |
  index.ts                         |        0 |      100 |      100 |        0 |... 11,12,13,14,17 |
 src/components/VDatePicker/mixins |     96.1 |    90.63 |      100 |    95.77 |                   |
  date-picker-table.ts             |     96.1 |    90.63 |      100 |    95.77 |       152,160,166 |
 src/components/VDatePicker/util   |      100 |    94.12 |      100 |      100 |                   |
  createNativeLocaleFormatter.ts   |      100 |      100 |      100 |      100 |                   |
  eventHelpers.ts                  |      100 |       75 |      100 |      100 |                15 |
  index.ts                         |      100 |      100 |      100 |      100 |                   |
  isDateAllowed.ts                 |      100 |    83.33 |      100 |      100 |                 4 |
  monthChange.ts                   |      100 |      100 |      100 |      100 |                   |
  pad.ts                           |      100 |      100 |      100 |      100 |                   |
 src/components/VDialog            |    74.19 |    47.69 |    76.67 |    78.82 |                   |
  VDialog.ts                       |    76.67 |    47.69 |    76.67 |    81.71 |... 33,237,238,239 |
  index.ts                         |        0 |      100 |      100 |        0 |             1,3,4 |
 src/components/VDivider           |      100 |      100 |      100 |      100 |                   |
  VDivider.ts                      |      100 |      100 |      100 |      100 |                   |
  index.ts                         |      100 |      100 |      100 |      100 |                   |
 src/components/VExpansionPanel    |     87.5 |    93.75 |    96.97 |    90.41 |                   |
  VExpansionPanel.ts               |      100 |      100 |      100 |      100 |                   |
  VExpansionPanelContent.ts        |      100 |      100 |      100 |      100 |                   |
  VExpansionPanelHeader.ts         |    95.65 |    83.33 |    91.67 |    95.65 |                66 |
  VExpansionPanels.ts              |      100 |      100 |      100 |      100 |                   |
  index.ts                         |        0 |      100 |      100 |        0 |       1,2,3,4,6,8 |
 src/components/VFileInput         |    86.87 |    77.14 |    94.12 |    89.41 |                   |
  VFileInput.ts                    |    89.58 |    77.14 |    94.12 |    92.68 |... 80,234,235,237 |
  index.ts                         |        0 |      100 |      100 |        0 |             1,3,4 |
 src/components/VFooter            |    89.29 |    96.67 |      100 |       88 |                   |
  VFooter.ts                       |      100 |    96.67 |      100 |      100 |                59 |
  index.ts                         |        0 |      100 |      100 |        0 |             1,3,4 |
 src/components/VForm              |    89.29 |       75 |       92 |     91.3 |                   |
  VForm.ts                         |    94.34 |       75 |       92 |    97.67 |               140 |
  index.ts                         |        0 |      100 |      100 |        0 |             1,3,4 |
 src/components/VGrid              |    55.81 |    61.82 |    55.56 |    56.29 |                   |
  VCol.ts                          |      100 |    94.12 |      100 |      100 |                51 |
  VContainer.ts                    |    60.87 |    21.43 |       50 |       60 |... 39,40,43,48,49 |
  VFlex.ts                         |      100 |      100 |      100 |      100 |                   |
  VLayout.ts                       |      100 |      100 |      100 |      100 |                   |
  VRow.ts                          |        0 |        0 |        0 |        0 |... 14,118,126,129 |
  VSpacer.ts                       |        0 |      100 |      100 |        0 |             1,2,4 |
  grid.ts                          |      100 |    93.75 |      100 |      100 |                23 |
  index.ts                         |        0 |      100 |      100 |        0 |... 11,12,13,14,17 |
 src/components/VHover             |     87.5 |    94.44 |      100 |     87.5 |                   |
  VHover.ts                        |      100 |    94.44 |      100 |      100 |                64 |
  index.ts                         |        0 |      100 |      100 |        0 |             1,3,4 |
 src/components/VIcon              |      100 |    93.33 |      100 |      100 |                   |
  VIcon.ts                         |      100 |    93.33 |      100 |      100 |        70,167,229 |
  index.ts                         |      100 |      100 |      100 |      100 |                   |
 src/components/VImg               |    97.59 |     91.3 |      100 |      100 |                   |
  VImg.ts                          |     97.5 |     91.3 |      100 |      100 |... 09,210,247,272 |
  index.ts                         |      100 |      100 |      100 |      100 |                   |
 src/components/VInput             |     95.4 |    92.86 |    96.97 |       95 |                   |
  VInput.ts                        |    95.24 |    92.86 |    96.97 |    94.81 |   124,126,198,199 |
  index.ts                         |      100 |      100 |      100 |      100 |                   |
 src/components/VItemGroup         |    94.12 |    96.51 |    96.97 |    94.23 |                   |
  VItem.ts                         |    95.24 |    92.86 |    66.67 |    95.24 |                27 |
  VItemGroup.ts                    |    98.92 |    97.22 |      100 |      100 |             61,64 |
  index.ts                         |        0 |      100 |      100 |        0 |         1,2,5,6,9 |
 src/components/VLabel             |      100 |      100 |      100 |      100 |                   |
  VLabel.ts                        |      100 |      100 |      100 |      100 |                   |
  index.ts                         |      100 |      100 |      100 |      100 |                   |
 src/components/VLazy              |    85.71 |      100 |      100 |    84.21 |                   |
  VLazy.ts                         |      100 |      100 |      100 |      100 |                   |
  index.ts                         |        0 |      100 |      100 |        0 |             1,3,4 |
 src/components/VList              |    90.96 |    87.16 |    90.48 |    94.81 |                   |
  VList.ts                         |       40 |       50 |       50 |    57.14 | 72,75,77,80,82,83 |
  VListGroup.ts                    |    98.18 |    86.36 |      100 |      100 |... 29,176,177,185 |
  VListItem.ts                     |       96 |    97.67 |      100 |    95.45 |           174,175 |
  VListItemAction.ts               |    90.91 |     87.5 |      100 |      100 |                15 |
  VListItemAvatar.ts               |      100 |       75 |      100 |      100 |                32 |
  VListItemGroup.ts                |      100 |      100 |      100 |      100 |                   |
  VListItemIcon.ts                 |      100 |       50 |      100 |      100 |                11 |
  index.ts                         |      100 |      100 |      100 |      100 |                   |
 src/components/VMain              |    82.35 |      100 |      100 |    72.73 |                   |
  VMain.ts                         |      100 |      100 |      100 |      100 |                   |
  index.ts                         |        0 |      100 |      100 |        0 |             1,3,5 |
 src/components/VMenu              |    80.66 |    67.94 |     76.6 |    83.54 |                   |
  VMenu.ts                         |    80.34 |    67.94 |     76.6 |    83.23 |... 93,430,431,432 |
  index.ts                         |      100 |      100 |      100 |      100 |                   |
 src/components/VMessages          |      100 |      100 |      100 |      100 |                   |
  VMessages.ts                     |      100 |      100 |      100 |      100 |                   |
  index.ts                         |      100 |      100 |      100 |      100 |                   |
 src/components/VNavigationDrawer  |    87.25 |    90.91 |    93.88 |     88.1 |                   |
  VNavigationDrawer.ts             |    89.04 |    90.91 |    93.88 |    90.24 |... 61,362,363,383 |
  index.ts                         |        0 |      100 |      100 |        0 |             1,3,4 |
 src/components/VOverflowBtn       |    69.77 |    53.33 |    91.67 |       70 |                   |
  VOverflowBtn.ts                  |       75 |    53.33 |    91.67 |    75.68 |... 99,100,101,102 |
  index.ts                         |        0 |      100 |      100 |        0 |             1,3,4 |
 src/components/VOverlay           |      100 |      100 |      100 |      100 |                   |
  VOverlay.ts                      |      100 |      100 |      100 |      100 |                   |
  index.ts                         |      100 |      100 |      100 |      100 |                   |
 src/components/VPagination        |    95.45 |      100 |      100 |    95.31 |                   |
  VPagination.ts                   |      100 |      100 |      100 |      100 |                   |
  index.ts                         |        0 |      100 |      100 |        0 |             1,3,4 |
 src/components/VParallax          |    66.67 |    66.67 |    71.43 |    69.23 |                   |
  VParallax.ts                     |       75 |    66.67 |    71.43 |    78.26 |    62,63,66,67,74 |
  index.ts                         |        0 |      100 |      100 |        0 |             1,3,4 |
 src/components/VPicker            |      100 |    91.67 |      100 |      100 |                   |
  VPicker.ts                       |      100 |    91.67 |      100 |      100 |                69 |
  index.ts                         |      100 |      100 |      100 |      100 |                   |
 src/components/VProgressCircular  |      100 |      100 |      100 |      100 |                   |
  VProgressCircular.ts             |      100 |      100 |      100 |      100 |                   |
  index.ts                         |      100 |      100 |      100 |      100 |                   |
 src/components/VProgressLinear    |    98.25 |     92.5 |      100 |      100 |                   |
  VProgressLinear.ts               |    98.15 |     92.5 |      100 |      100 |       206,230,232 |
  index.ts                         |      100 |      100 |      100 |      100 |                   |
 src/components/VRadioGroup        |    82.35 |    77.14 |    95.83 |    84.38 |                   |
  VRadio.ts                        |    92.86 |    77.42 |    94.74 |       95 |            89,128 |
  VRadioGroup.ts                   |    80.95 |       75 |      100 |       80 |       83,85,86,88 |
  index.ts                         |        0 |      100 |      100 |        0 |           1,2,4,6 |
 src/components/VRangeSlider       |    79.82 |       75 |    95.83 |    82.42 |                   |
  VRangeSlider.ts                  |    82.08 |       75 |    95.83 |    85.23 |... 85,188,190,197 |
  index.ts                         |        0 |      100 |      100 |        0 |             1,3,4 |
 src/components/VRating            |    96.43 |    98.28 |      100 |    95.95 |                   |
  VRating.ts                       |      100 |    98.28 |      100 |      100 |               176 |
  index.ts                         |        0 |      100 |      100 |        0 |             1,3,4 |
 src/components/VResponsive        |      100 |      100 |      100 |      100 |                   |
  VResponsive.ts                   |      100 |      100 |      100 |      100 |                   |
  index.ts                         |      100 |      100 |      100 |      100 |                   |
 src/components/VSelect            |    89.66 |    82.97 |    92.52 |    91.23 |                   |
  VSelect.ts                       |     89.9 |    84.09 |    93.98 |    92.11 |... 32,753,754,756 |
  VSelectList.ts                   |    91.95 |    78.57 |     87.5 |    91.78 |... 88,189,199,216 |
  index.ts                         |        0 |      100 |      100 |        0 |             1,3,4 |
 src/components/VSheet             |      100 |      100 |      100 |      100 |                   |
  VSheet.ts                        |      100 |      100 |      100 |      100 |                   |
  index.ts                         |      100 |      100 |      100 |      100 |                   |
 src/components/VSkeletonLoader    |    93.22 |    97.06 |      100 |    93.48 |                   |
  VSkeletonLoader.ts               |    98.21 |    97.06 |      100 |      100 |               173 |
  index.ts                         |        0 |      100 |      100 |        0 |             1,3,4 |
 src/components/VSlideGroup        |    72.81 |    77.61 |    82.35 |     72.9 |                   |
  VSlideGroup.ts                   |    79.05 |    77.61 |    82.35 |    79.59 |... 02,308,309,359 |
  VSlideItem.ts                    |        0 |      100 |      100 |        0 |           2,5,6,8 |
  index.ts                         |        0 |      100 |      100 |        0 |         1,2,5,6,9 |
 src/components/VSlider            |    94.63 |    85.14 |      100 |    97.78 |                   |
  VSlider.ts                       |    94.55 |    85.14 |      100 |    97.74 |   480,481,509,510 |
  index.ts                         |      100 |      100 |      100 |      100 |                   |
 src/components/VSnackbar          |    93.33 |    96.15 |      100 |    93.02 |                   |
  VSnackbar.ts                     |      100 |    96.15 |      100 |      100 |                70 |
  index.ts                         |        0 |      100 |      100 |        0 |             1,3,4 |
 src/components/VSparkline         |    79.05 |       70 |    97.22 |    78.95 |                   |
  VSparkline.ts                    |    81.37 |       70 |    97.22 |    81.52 |... 54,255,256,258 |
  index.ts                         |        0 |      100 |      100 |        0 |             1,3,5 |
 src/components/VSparkline/helpers |    96.67 |    82.14 |      100 |      100 |                   |
  core.ts                          |      100 |      100 |      100 |      100 |                   |
  math.ts                          |      100 |      100 |      100 |      100 |                   |
  path.ts                          |       90 |    72.22 |      100 |      100 |        7,12,28,36 |
 src/components/VSpeedDial         |     87.5 |      100 |     87.5 |    86.67 |                   |
  VSpeedDial.ts                    |    96.55 |      100 |     87.5 |     96.3 |                60 |
  index.ts                         |        0 |      100 |      100 |        0 |             1,3,4 |
 src/components/VStepper           |    74.24 |    70.49 |    78.57 |    75.21 |                   |
  VStepper.ts                      |    48.72 |     6.25 |       50 |       50 |... 11,112,116,119 |
  VStepperContent.ts               |      100 |      100 |      100 |      100 |                   |
  VStepperStep.ts                  |    94.12 |    82.35 |    85.71 |    96.97 |                89 |
  index.ts                         |        0 |      100 |      100 |        0 |... 11,12,13,14,17 |
 src/components/VSubheader         |      100 |      100 |      100 |      100 |                   |
  VSubheader.ts                    |      100 |      100 |      100 |      100 |                   |
  index.ts                         |      100 |      100 |      100 |      100 |                   |
 src/components/VSwitch            |    80.65 |       80 |      100 |    84.62 |                   |
  VSwitch.ts                       |    89.29 |       80 |      100 |    95.65 |                63 |
  index.ts                         |        0 |      100 |      100 |        0 |             1,3,4 |
 src/components/VSystemBar         |    83.33 |    90.91 |      100 |    83.33 |                   |
  VSystemBar.ts                    |      100 |    90.91 |      100 |      100 |                38 |
  index.ts                         |        0 |      100 |      100 |        0 |             1,3,4 |
 src/components/VTabs              |    84.48 |     80.9 |    91.43 |    87.76 |                   |
  VTab.ts                          |    96.77 |    94.12 |      100 |      100 |                83 |
  VTabItem.ts                      |    33.33 |        0 |        0 |    33.33 |       14,16,17,19 |
  VTabs.ts                         |     87.8 |       80 |    88.24 |    91.55 |... 01,230,270,271 |
  VTabsBar.ts                      |    97.06 |     87.5 |      100 |    96.15 |                57 |
  VTabsItems.ts                    |      100 |      100 |      100 |      100 |                   |
  VTabsSlider.ts                   |      100 |      100 |      100 |      100 |                   |
  index.ts                         |        0 |      100 |      100 |        0 |     1,2,3,4,5,7,9 |
 src/components/VTextField         |    96.88 |     89.1 |      100 |     97.2 |                   |
  VTextField.ts                    |    96.82 |     89.1 |      100 |    97.14 |   257,268,279,490 |
  index.ts                         |      100 |      100 |      100 |      100 |                   |
 src/components/VTextarea          |    88.24 |    93.75 |      100 |    90.91 |                   |
  VTextarea.ts                     |    96.77 |    93.75 |      100 |      100 |                76 |
  index.ts                         |        0 |      100 |      100 |        0 |             1,3,4 |
 src/components/VThemeProvider     |      100 |      100 |      100 |      100 |                   |
  VThemeProvider.ts                |      100 |      100 |      100 |      100 |                   |
  index.ts                         |      100 |      100 |      100 |      100 |                   |
 src/components/VTimePicker        |    94.64 |    88.97 |    95.95 |    96.67 |                   |
  SelectingTimes.ts                |      100 |      100 |      100 |      100 |                   |
  VTimePicker.ts                   |    95.33 |    86.11 |    92.86 |     97.6 |       273,282,283 |
  VTimePickerClock.ts              |    98.96 |    91.67 |      100 |      100 |   115,186,192,196 |
  VTimePickerTitle.ts              |      100 |      100 |      100 |      100 |                   |
  index.ts                         |        0 |      100 |      100 |        0 |         1,2,3,5,7 |
 src/components/VTimeline          |    85.71 |    85.71 |      100 |     87.5 |                   |
  VTimeline.ts                     |      100 |      100 |      100 |      100 |                   |
  VTimelineItem.ts                 |      100 |    85.71 |      100 |      100 |           115,116 |
  index.ts                         |        0 |      100 |      100 |        0 |           1,2,4,6 |
 src/components/VToolbar           |    79.25 |    85.29 |      100 |    79.55 |                   |
  VToolbar.ts                      |    95.45 |    85.29 |      100 |      100 |   58,59,63,64,126 |
  index.ts                         |        0 |      100 |      100 |        0 |... ,8,11,12,13,16 |
 src/components/VTooltip           |    87.65 |    82.81 |      100 |    94.37 |                   |
  VTooltip.ts                      |    91.03 |    82.81 |      100 |    98.53 |               147 |
  index.ts                         |        0 |      100 |      100 |        0 |             1,3,4 |
 src/components/VTreeview          |    93.88 |    88.13 |    97.65 |    97.09 |                   |
  VTreeview.ts                     |    94.47 |    85.85 |    95.83 |    97.81 |   367,368,369,387 |
  VTreeviewNode.ts                 |    97.09 |    92.59 |      100 |      100 |   124,171,233,251 |
  index.ts                         |        0 |      100 |      100 |        0 |           1,2,4,6 |
 src/components/VTreeview/util     |      100 |      100 |      100 |      100 |                   |
  filterTreeItems.ts               |      100 |      100 |      100 |      100 |                   |
 src/components/VVirtualScroll     |    85.19 |       50 |    92.31 |    85.19 |                   |
  VVirtualScroll.ts                |    95.83 |       50 |    92.31 |    95.83 |                36 |
  index.ts                         |        0 |      100 |      100 |        0 |             1,3,4 |
 src/components/VWindow            |    93.44 |     87.8 |      100 |    94.02 |                   |
  VWindow.ts                       |      100 |    89.29 |      100 |      100 |86,168,182,255,258 |
  VWindowItem.ts                   |    92.11 |    84.62 |      100 |    92.11 |        93,109,125 |
  index.ts                         |        0 |      100 |      100 |        0 |           1,2,4,6 |
 src/components/transitions        |    55.95 |    42.86 |    31.25 |    56.16 |                   |
  createTransition.ts              |       60 |       50 |       50 |       65 | 5,6,9,54,55,61,64 |
  expand-transition.ts             |       25 |     37.5 |     12.5 |    16.67 |... 75,79,80,81,82 |
  index.ts                         |      100 |      100 |      100 |      100 |                   |
 src/directives                    |      100 |      100 |    14.29 |      100 |                   |
  index.ts                         |      100 |      100 |    14.29 |      100 |                   |
 src/directives/click-outside      |       96 |    93.55 |      100 |      100 |                   |
  index.ts                         |       96 |    93.55 |      100 |      100 |             18,71 |
 src/directives/color              |    86.11 |    71.43 |    83.33 |    90.32 |                   |
  index.ts                         |    86.11 |    71.43 |    83.33 |    90.32 |          66,84,85 |
 src/directives/intersect          |    95.65 |      100 |       75 |      100 |                   |
  index.ts                         |    95.65 |      100 |       75 |      100 |                   |
 src/directives/mutate             |      100 |      100 |      100 |      100 |                   |
  index.ts                         |      100 |      100 |      100 |      100 |                   |
 src/directives/resize             |    93.33 |     87.5 |      100 |      100 |                   |
  index.ts                         |    93.33 |     87.5 |      100 |      100 |                24 |
 src/directives/ripple             |    77.25 |       65 |    80.77 |    79.77 |                   |
  index.ts                         |    77.25 |       65 |    80.77 |    79.77 |... 05,306,307,308 |
 src/directives/scroll             |      100 |    95.65 |      100 |      100 |                   |
  index.ts                         |      100 |    95.65 |      100 |      100 |                15 |
 src/directives/touch              |      100 |      100 |      100 |      100 |                   |
  index.ts                         |      100 |      100 |      100 |      100 |                   |
 src/locale                        |      100 |      100 |      100 |      100 |                   |
  af.ts                            |      100 |      100 |      100 |      100 |                   |
  ar.ts                            |      100 |      100 |      100 |      100 |                   |
  ca.ts                            |      100 |      100 |      100 |      100 |                   |
  cs.ts                            |      100 |      100 |      100 |      100 |                   |
  de.ts                            |      100 |      100 |      100 |      100 |                   |
  el.ts                            |      100 |      100 |      100 |      100 |                   |
  en.ts                            |      100 |      100 |      100 |      100 |                   |
  es.ts                            |      100 |      100 |      100 |      100 |                   |
  et.ts                            |      100 |      100 |      100 |      100 |                   |
  fa.ts                            |      100 |      100 |      100 |      100 |                   |
  fi.ts                            |      100 |      100 |      100 |      100 |                   |
  fr.ts                            |      100 |      100 |      100 |      100 |                   |
  he.ts                            |      100 |      100 |      100 |      100 |                   |
  hr.ts                            |      100 |      100 |      100 |      100 |                   |
  hu.ts                            |      100 |      100 |      100 |      100 |                   |
  id.ts                            |      100 |      100 |      100 |      100 |                   |
  index.ts                         |      100 |      100 |      100 |      100 |                   |
  it.ts                            |      100 |      100 |      100 |      100 |                   |
  ja.ts                            |      100 |      100 |      100 |      100 |                   |
  ko.ts                            |      100 |      100 |      100 |      100 |                   |
  lt.ts                            |      100 |      100 |      100 |      100 |                   |
  lv.ts                            |      100 |      100 |      100 |      100 |                   |
  nl.ts                            |      100 |      100 |      100 |      100 |                   |
  no.ts                            |      100 |      100 |      100 |      100 |                   |
  pl.ts                            |      100 |      100 |      100 |      100 |                   |
  pt.ts                            |      100 |      100 |      100 |      100 |                   |
  ro.ts                            |      100 |      100 |      100 |      100 |                   |
  ru.ts                            |      100 |      100 |      100 |      100 |                   |
  sk.ts                            |      100 |      100 |      100 |      100 |                   |
  sl.ts                            |      100 |      100 |      100 |      100 |                   |
  sr-Cyrl.ts                       |      100 |      100 |      100 |      100 |                   |
  sv.ts                            |      100 |      100 |      100 |      100 |                   |
  th.ts                            |      100 |      100 |      100 |      100 |                   |
  tr.ts                            |      100 |      100 |      100 |      100 |                   |
  uk.ts                            |      100 |      100 |      100 |      100 |                   |
  zh-Hans.ts                       |      100 |      100 |      100 |      100 |                   |
  zh-Hant.ts                       |      100 |      100 |      100 |      100 |                   |
 src/mixins/activatable            |    92.05 |    81.63 |       90 |    91.14 |                   |
  index.ts                         |    92.05 |    81.63 |       90 |    91.14 |... 28,148,161,164 |
 src/mixins/applicationable        |    88.89 |    91.67 |    83.33 |       90 |                   |
  index.ts                         |    88.89 |    91.67 |    83.33 |       90 |             36,51 |
 src/mixins/binds-attrs            |    90.91 |       50 |      100 |    90.91 |                   |
  index.ts                         |    90.91 |       50 |      100 |    90.91 |                12 |
 src/mixins/bootable               |      100 |      100 |      100 |      100 |                   |
  index.ts                         |      100 |      100 |      100 |      100 |                   |
 src/mixins/button-group           |      100 |      100 |      100 |      100 |                   |
  index.ts                         |      100 |      100 |      100 |      100 |                   |
 src/mixins/colorable              |      100 |    81.82 |      100 |      100 |                   |
  index.ts                         |      100 |    81.82 |      100 |      100 |       15,21,44,50 |
 src/mixins/comparable             |      100 |      100 |      100 |      100 |                   |
  index.ts                         |      100 |      100 |      100 |      100 |                   |
 src/mixins/delayable              |      100 |      100 |      100 |      100 |                   |
  index.ts                         |      100 |      100 |      100 |      100 |                   |
 src/mixins/dependent              |    96.97 |    91.67 |      100 |      100 |                   |
  index.ts                         |    96.97 |    91.67 |      100 |      100 |                75 |
 src/mixins/detachable             |    83.33 |    73.33 |    84.62 |    84.44 |                   |
  index.ts                         |    83.33 |    73.33 |    84.62 |    84.44 |... 00,101,102,107 |
 src/mixins/elevatable             |    88.89 |       75 |      100 |      100 |                   |
  index.ts                         |    88.89 |       75 |      100 |      100 |                18 |
 src/mixins/filterable             |      100 |      100 |      100 |      100 |                   |
  index.ts                         |      100 |      100 |      100 |      100 |                   |
 src/mixins/groupable              |      100 |      100 |      100 |      100 |                   |
  index.ts                         |      100 |      100 |      100 |      100 |                   |
 src/mixins/intersectable          |    84.21 |       75 |       75 |    81.25 |                   |
  index.ts                         |    84.21 |       75 |       75 |    81.25 |          13,27,42 |
 src/mixins/loadable               |      100 |       80 |      100 |      100 |                   |
  index.ts                         |      100 |       80 |      100 |      100 |             39,40 |
 src/mixins/localable              |      100 |      100 |      100 |      100 |                   |
  index.ts                         |      100 |      100 |      100 |      100 |                   |
 src/mixins/measurable             |     91.3 |    83.33 |      100 |      100 |                   |
  index.ts                         |     91.3 |    83.33 |      100 |      100 |             34,37 |
 src/mixins/menuable               |    87.23 |    77.59 |    93.75 |     94.4 |                   |
  index.ts                         |    87.23 |    77.59 |    93.75 |     94.4 |... 53,254,326,327 |
 src/mixins/mobile                 |      100 |     87.5 |      100 |      100 |                   |
  index.ts                         |      100 |     87.5 |      100 |      100 |                17 |
 src/mixins/overlayable            |    50.47 |    37.08 |     62.5 |    53.26 |                   |
  index.ts                         |    50.47 |    37.08 |     62.5 |    53.26 |... 12,214,217,219 |
 src/mixins/picker                 |    88.24 |      100 |       50 |    88.24 |                   |
  index.ts                         |    88.24 |      100 |       50 |    88.24 |             37,40 |
 src/mixins/picker-button          |    92.86 |       90 |      100 |      100 |                   |
  index.ts                         |    92.86 |       90 |      100 |      100 |                20 |
 src/mixins/positionable           |      100 |      100 |      100 |      100 |                   |
  index.ts                         |      100 |      100 |      100 |      100 |                   |
 src/mixins/proxyable              |    93.75 |    83.33 |      100 |      100 |                   |
  index.ts                         |    93.75 |    83.33 |      100 |      100 |                40 |
 src/mixins/registrable            |      100 |      100 |      100 |      100 |                   |
  index.ts                         |      100 |      100 |      100 |      100 |                   |
 src/mixins/returnable             |      100 |      100 |      100 |      100 |                   |
  index.ts                         |      100 |      100 |      100 |      100 |                   |
 src/mixins/rippleable             |      100 |      100 |      100 |      100 |                   |
  index.ts                         |      100 |      100 |      100 |      100 |                   |
 src/mixins/roundable              |      100 |      100 |      100 |      100 |                   |
  index.ts                         |      100 |      100 |      100 |      100 |                   |
 src/mixins/routable               |    95.65 |    92.86 |    81.82 |    97.44 |                   |
  index.ts                         |    95.65 |    92.86 |    81.82 |    97.44 |                79 |
 src/mixins/scrollable             |      100 |      100 |      100 |      100 |                   |
  index.ts                         |      100 |      100 |      100 |      100 |                   |
 src/mixins/selectable             |    90.48 |    86.67 |    88.24 |    96.36 |                   |
  index.ts                         |    90.48 |    86.67 |    88.24 |    96.36 |           129,143 |
 src/mixins/sizeable               |      100 |      100 |      100 |      100 |                   |
  index.ts                         |      100 |      100 |      100 |      100 |                   |
 src/mixins/ssr-bootable           |      100 |      100 |      100 |      100 |                   |
  index.ts                         |      100 |      100 |      100 |      100 |                   |
 src/mixins/stackable              |    76.19 |    64.29 |      100 |    88.24 |                   |
  index.ts                         |    76.19 |    64.29 |      100 |    88.24 |             57,58 |
 src/mixins/themeable              |    91.67 |       75 |      100 |    91.67 |                   |
  index.ts                         |    91.67 |       75 |      100 |    91.67 |             83,86 |
 src/mixins/toggleable             |      100 |    83.33 |      100 |      100 |                   |
  index.ts                         |      100 |    83.33 |      100 |      100 |                 7 |
 src/mixins/transitionable         |      100 |      100 |      100 |      100 |                   |
  index.ts                         |      100 |      100 |      100 |      100 |                   |
 src/mixins/translatable           |    16.67 |      100 |    14.29 |    16.67 |                   |
  index.ts                         |    16.67 |      100 |    14.29 |    16.67 |... 43,47,50,52,57 |
 src/mixins/validatable            |      100 |      100 |      100 |      100 |                   |
  index.ts                         |      100 |      100 |      100 |      100 |                   |
 src/presets/default               |      100 |      100 |      100 |      100 |                   |
  index.ts                         |      100 |      100 |      100 |      100 |                   |
 src/services                      |      100 |      100 |      100 |      100 |                   |
  index.ts                         |      100 |      100 |      100 |      100 |                   |
 src/services/application          |      100 |      100 |      100 |      100 |                   |
  index.ts                         |      100 |      100 |      100 |      100 |                   |
 src/services/breakpoint           |      100 |    92.54 |      100 |      100 |                   |
  index.ts                         |      100 |    92.54 |      100 |      100 |  91,92,93,177,186 |
 src/services/goto                 |      100 |    93.75 |    95.24 |      100 |                   |
  easing-patterns.ts               |      100 |      100 |      100 |      100 |                   |
  index.ts                         |      100 |       85 |       75 |      100 |          21,38,54 |
  util.ts                          |      100 |      100 |      100 |      100 |                   |
 src/services/icons                |      100 |      100 |      100 |      100 |                   |
  index.ts                         |      100 |      100 |      100 |      100 |                   |
 src/services/icons/presets        |      100 |      100 |      100 |      100 |                   |
  fa-svg.ts                        |      100 |      100 |      100 |      100 |                   |
  fa.ts                            |      100 |      100 |      100 |      100 |                   |
  fa4.ts                           |      100 |      100 |      100 |      100 |                   |
  index.ts                         |      100 |      100 |      100 |      100 |                   |
  md.ts                            |      100 |      100 |      100 |      100 |                   |
  mdi-svg.ts                       |      100 |      100 |      100 |      100 |                   |
  mdi.ts                           |      100 |      100 |      100 |      100 |                   |
 src/services/lang                 |    97.78 |    91.67 |      100 |      100 |                   |
  index.ts                         |    97.78 |    91.67 |      100 |      100 |                21 |
 src/services/presets              |    94.74 |    66.67 |      100 |    94.12 |                   |
  index.ts                         |    94.74 |    66.67 |      100 |    94.12 |                36 |
 src/services/service              |      100 |      100 |       50 |      100 |                   |
  index.ts                         |      100 |      100 |       50 |      100 |                   |
 src/services/theme                |    97.71 |       93 |    97.22 |    99.46 |                   |
  index.ts                         |    96.83 |    89.09 |     96.3 |    99.13 |               198 |
  utils.ts                         |    98.91 |    97.78 |      100 |      100 |                22 |
 src/util                          |    90.78 |     80.2 |    90.83 |    92.75 |                   |
  colorUtils.ts                    |    94.78 |    93.94 |    92.59 |    96.49 |   235,245,246,248 |
  colors.ts                        |      100 |      100 |      100 |      100 |                   |
  component.ts                     |        0 |      100 |        0 |        0 |             19,20 |
  console.ts                       |    77.19 |    63.79 |       75 |    77.78 |... 90,91,92,94,95 |
  dateTimeUtils.ts                 |    80.65 |    69.57 |      100 |    85.71 |          4,5,6,25 |
  dedupeModelListeners.ts          |    28.57 |    22.22 |      100 |    33.33 |       11,12,13,15 |
  helpers.ts                       |    93.43 |    84.15 |    92.73 |    97.16 |... 16,363,364,390 |
  mergeData.ts                     |    95.12 |    84.48 |      100 |    95.38 |          22,66,97 |
  mixins.ts                        |      100 |      100 |      100 |      100 |                   |
  rebuildFunctionalSlots.ts        |    66.67 |        0 |      100 |    66.67 |               7,8 |
 src/util/color                    |      100 |      100 |      100 |      100 |                   |
  transformCIELAB.ts               |      100 |      100 |      100 |      100 |                   |
  transformSRGB.ts                 |      100 |      100 |      100 |      100 |                   |
-----------------------------------|----------|----------|----------|----------|-------------------|

Test Suites: 186 passed, 186 total
Tests:       58 skipped, 1554 passed, 1612 total
Snapshots:   632 passed, 632 total
Time:        29.491s
Ran all test suites.
Done in 31.89s.

┌────────────────────────────────────────────────────────────┐
│  Looking for lcov files...                                 │
│  TEST_TYPE=test_coverage PREPEND_PATHS=true                │
└────────────────────────────────────────────────────────────┘

▶ Found ./packages/vuetify/coverage/lcov.info
Reading tracefile ./packages/vuetify/coverage/lcov.info
Summary coverage rate:
  lines......: 85.6% (8533 of 9967 lines)
  functions..: 89.1% (2536 of 2847 functions)
  branches...: no data found

▶ Moved and prepended packages/vuetify to SF: paths in ./packages/vuetify/coverage/lcov.info

┌────────────────────────────────────────────────────────────┐
│  Checking for Cypress tests                                │
└────────────────────────────────────────────────────────────┘

▶   No cy:run script found — skipping Cypress tests

┌────────────────────────────────────────────────────────────┐
│  Counting coverage reports                                 │
└────────────────────────────────────────────────────────────┘
--> Found 1 lcov.info files in /coverage_reloaded/exported (1 with size > 0)

┌────────────────────────────────────────────────────────────┐
│  Collecting individual coverage reports                    │
└────────────────────────────────────────────────────────────┘
  [OK]  test_coverage.lcov.info → fc981e02b8f572f6e9f15c6820787ccd61e9cadb__packages_vuetify_test_coverage.lcov

╔════════════════════════════════════════════════════════════╗
║  Coverage run completed                                    ║
║  Revision: fc981e02b8f572f6e9f15c6820787ccd61e9cadb        ║
╚════════════════════════════════════════════════════════════╝


----
Success!
