commit_hash,timestamp,node_version,node_version_source,pm_version,pm_version_source
2fbfabf06aa578b2319390eed82633e94de831c5,1577976296,8.12.0,package.json,yarn@1.21.1,package.json
67e9f7e5b3632980bc0bd2bd79f03baf45b72842,1577982396,8.12.0,package.json,yarn@1.21.1,package.json
e59739e24cc1602a71e57e1c375168bf95d5fd27,1577999216,8.12.0,package.json,yarn@1.21.1,package.json
965cfc0b1fc63e75b4cc6676f16ba7feb815490c,1578003576,8.12.0,package.json,yarn@1.21.1,package.json
a2407040d81dee3604ff90396606cf6eff5f89be,1578003804,8.12.0,package.json,yarn@1.21.1,package.json
0ad55f8189e39f630ad0a93e5945dba22942e64b,1578006455,8.12.0,package.json,yarn@1.21.1,package.json
b2b9b8636966af1819e6f2d168b55205a7f81dbb,1578006517,8.12.0,package.json,yarn@1.21.1,package.json
73fd33246ea1101f15c4295984b4862f6903da17,1578006578,8.12.0,package.json,yarn@1.21.1,package.json
4b8cac368b288e0aaddfd512460ebd6cf5badc5a,1578006808,8.12.0,package.json,yarn@1.21.1,package.json
9152991ffd8916d532f0140d330467c6b7a46707,1578008120,8.12.0,package.json,yarn@1.21.1,package.json
9697a750ae69b15947812f12da293a7128841d0e,1578008662,8.12.0,package.json,yarn@1.21.1,package.json
58b56944823afd81363adef8c066b4f7086105e8,1578065356,8.12.0,package.json,yarn@1.21.1,package.json
140cf642acf0f77c08cd4fe6946edf58d315f214,1578068781,8.12.0,package.json,yarn@1.21.1,package.json
d1f6e09d8893afc4118a90e683224bfe2066d1f2,1578070687,8.12.0,package.json,yarn@1.21.1,package.json
26e35090353952aa45382e4198dbe81ae17972e9,1578070687,8.12.0,package.json,yarn@1.21.1,package.json
6575a0fc95b4dc69fda76cf45d433eabadbac756,1578070687,8.12.0,package.json,yarn@1.21.1,package.json
e5a09e2d8f6bb245a77b280d5e5596a89316ec5f,1578070687,8.12.0,package.json,yarn@1.21.1,package.json
c453fdf29e935ca2ee6ad5003ba537826340605a,1578070687,8.12.0,package.json,yarn@1.21.1,package.json
d6e17b66ad022f0fb14f2aaedb06779f660f876b,1578070687,8.12.0,package.json,yarn@1.21.1,package.json
12f2165b7310cbe7631ee8a6e5b61f63176067da,1578070687,8.12.0,package.json,yarn@1.21.1,package.json
830f07cd7d03dd76af04971413295e360b52dc57,1578070687,8.12.0,package.json,yarn@1.21.1,package.json
763716ae6c4db45845761dd6cf2acde083746a51,1578070687,8.12.0,package.json,yarn@1.21.1,package.json
6f0312b53771cc443adac8ff13e179cb910892e2,1578070687,8.12.0,package.json,yarn@1.21.1,package.json
ca57e21373a7ba5c38950b479f5173745da6b84c,1578070687,8.12.0,package.json,yarn@1.21.1,package.json
05fca35ef16f80d2bb1b2ca515cf2f5398950f69,1578070687,8.12.0,package.json,yarn@1.21.1,package.json
bbfacafc55efc4640080604e9eb9b8f7fec1cbbb,1578070687,8.12.0,package.json,yarn@1.21.1,package.json
7d6ac108dc59c495eb2f09d1575d03922a162735,1578070687,8.12.0,package.json,yarn@1.21.1,package.json
46efe9f6b5098546f88d9c972ecb736b9b9a4ed9,1578070687,8.12.0,package.json,yarn@1.21.1,package.json
010d77cb2a731f3796a89b4869c9f723901c81f4,1578070688,8.12.0,package.json,yarn@1.21.1,package.json
4d4924d12c5cf6bc4539cc638367590d5dd7e965,1578070688,8.12.0,package.json,yarn@1.21.1,package.json
f24b030f94ddba992bc602a2768488e5478033a2,1578070688,8.12.0,package.json,yarn@1.21.1,package.json
c170baaef79e03b46082113c986a4f9b39f67f44,1578070688,8.12.0,package.json,yarn@1.21.1,package.json
fd7d5ae2a36c641c19745632882a320986f89015,1578070688,8.12.0,package.json,yarn@1.21.1,package.json
db41268d591ab73a651cb9017ff35a30383740ee,1578070688,8.12.0,package.json,yarn@1.21.1,package.json
123071c900b2b28d9e1e457689f114b5b2b9ab14,1578070688,8.12.0,package.json,yarn@1.21.1,package.json
acef57f392f719ef5400ea45c97a82c28f7325a1,1578070688,8.12.0,package.json,yarn@1.21.1,package.json
0164c468d9c7b12a3a13462800043fa9ca9cb649,1578070688,8.12.0,package.json,yarn@1.21.1,package.json
2ef97e3e1a13c1796fb820c3b9992d30692738b3,1578070688,8.12.0,package.json,yarn@1.21.1,package.json
24b0f4668c02278ae5504ffe994a0bb7debb3e81,1578070688,8.12.0,package.json,yarn@1.21.1,package.json
68f071401894c4bf6f07a1172b36ab4b432fbb08,1578070688,8.12.0,package.json,yarn@1.21.1,package.json
857e4434097da139f4e3a59f6ad50ec301c4bc77,1578070688,8.12.0,package.json,yarn@1.21.1,package.json
bb9f9ebe3f90ef5d766359be97c425ccbdcba814,1578070688,8.12.0,package.json,yarn@1.21.1,package.json
10e4294a98d4dad4285799aed44553477eb104e6,1578070688,8.12.0,package.json,yarn@1.21.1,package.json
f4386dfbfeb98ee0212ab4af60892691029b3034,1578070688,8.12.0,package.json,yarn@1.21.1,package.json
f1bbd3811a61ed18d3fa1d14bf16f16586f3bcf9,1578070688,8.12.0,package.json,yarn@1.21.1,package.json
9f15f9d1bf07e7f3dd8d5ab49d35dc1ab89dd9e4,1578070688,8.12.0,package.json,yarn@1.21.1,package.json
99e3cbeb8c36da478f8b3970af91f596db9635d5,1578070688,8.12.0,package.json,yarn@1.21.1,package.json
2d06357750bfaed3da07ed8aaff12df85f628fd3,1578070688,8.12.0,package.json,yarn@1.21.1,package.json
d8a4ec2399f3261ed815a45554b04250f651946a,1578070688,8.12.0,package.json,yarn@1.21.1,package.json
8f328f1809bfb07e43a0f09fba52a598f631bac9,1578070688,8.12.0,package.json,yarn@1.21.1,package.json
f551d9683e17b5762e28e633927286b066e1b256,1578070688,8.12.0,package.json,yarn@1.21.1,package.json
ac44f4e5a83111cda90792d5f7903232dde1f588,1578070688,8.12.0,package.json,yarn@1.21.1,package.json
ef96663ec5e2218cabbac3159660df4d11cd06b2,1578070688,8.12.0,package.json,yarn@1.21.1,package.json
0de8ebea8e83c61e842c6e24a3af9840321fa52e,1578070688,8.12.0,package.json,yarn@1.21.1,package.json
a1c8dc3179e3a8ad4e6eea87d7fb1ca1a194d68d,1578070688,8.12.0,package.json,yarn@1.21.1,package.json
e454df87861985d0afa388287dd4c21b8c4cd05b,1578070688,8.12.0,package.json,yarn@1.21.1,package.json
ff39d3ea639621c406eeea98c9dd4e3632643038,1578070688,8.12.0,package.json,yarn@1.21.1,package.json
9b55e6787b8dfdf0fd01d78f9e6fb7dc4cd67915,1578070688,8.12.0,package.json,yarn@1.21.1,package.json
0d3cd72c4d5ef9a2a7518a418dbff7aaa81a4590,1578070688,8.12.0,package.json,yarn@1.21.1,package.json
89fb5e8497c978e4477a26b0591a08a01e6f9a76,1578070688,8.12.0,package.json,yarn@1.21.1,package.json
951b0644903edb0dab0d6528d50420067662d854,1578070688,8.12.0,package.json,yarn@1.21.1,package.json
afdf8761a28f5eed380cf7a29ec7cbcd1c1e9035,1578070688,8.12.0,package.json,yarn@1.21.1,package.json
ad09a66d059ede866198f39259f709c4df8e5a09,1578070688,8.12.0,package.json,yarn@1.21.1,package.json
0c0a95f8e39652d659fb06e691cdcf35b6198be9,1578070688,8.12.0,package.json,yarn@1.21.1,package.json
738d3ec538c444d695a1a6fa204ae9f865d6a355,1578070688,8.12.0,package.json,yarn@1.21.1,package.json
7cd357968df04ad439041f2e2ce3b38db50482de,1578070688,8.12.0,package.json,yarn@1.21.1,package.json
bd675e4c1f2b2f0acff4d1a6b6280fa40be7a0a9,1578070688,8.12.0,package.json,yarn@1.21.1,package.json
f7e23e2e0f75c94f6841f2dfdf35334ef259ae9a,1578074904,8.12.0,package.json,yarn@1.13.0,package.json
55f842ed5bcfeab141f2bd0c3a6aec38cdafc73b,1578074981,8.12.0,package.json,yarn@1.21.1,package.json
a7d388085fe5f9a9c3571799a224e042501b074e,1578076073,8.12.0,package.json,yarn@1.21.1,package.json
4dfee530bf9da3531c15bc473763c779700b32d6,1578089526,8.12.0,package.json,yarn@1.21.1,package.json
56027e41eb4315a1d11ad8bcab711366b6e4fa46,1578340168,8.12.0,package.json,yarn@1.21.1,package.json
2bcb73957fa1c4b8a63d0a8b272d9caf142e7be8,1578345210,8.12.0,package.json,yarn@1.21.1,package.json
9142adb827ce307a97eb2ae01169e8d2ee43e068,1578348389,8.12.0,package.json,yarn@1.21.1,package.json
c966ebac2bb121e16e949ba99ccfa400022b0be1,1578348533,8.12.0,package.json,yarn@1.21.1,package.json
af8d80d05c05db76fc24d99d4e1353766f29312e,1578349328,8.12.0,package.json,yarn@1.21.1,package.json
1857823041276e4df6ae91c5c5836f629e9f000f,1578352097,8.12.0,package.json,yarn@1.21.1,package.json
545323adbca619dd1f222e7d71f0a8b5c7cd6784,1578420996,8.12.0,package.json,yarn@1.21.1,package.json
8daa958169d9a0d3ba45e7b5da755fd662fa16ad,1578422873,8.12.0,package.json,yarn@1.21.1,package.json
fd60730038f43751b276ec0b7131b0c35966ef6d,1578424026,8.12.0,package.json,yarn@1.21.1,package.json
c90b26d2c7029c14ba2f840ae92f56d2a7a297b7,1578427268,8.12.0,package.json,yarn@1.21.1,package.json
cf6b9d81609661edfc6699ca8634b93a602f30e9,1578428157,8.12.0,package.json,yarn@1.21.1,package.json
37f50008186eb5aa0167bce4c01ac8e0acb5d7f8,1578432625,8.12.0,package.json,yarn@1.21.1,package.json
e99efb7272cbd63b659680cf64be9011d43a4f1c,1578435885,8.12.0,package.json,yarn@1.21.1,package.json
fc8e83270f5b6fc67e24d7c603681c9d8d614357,1578436972,8.12.0,package.json,yarn@1.21.1,package.json
0e82ffa988e3b6ed1cf1204acedafd2aae1470bd,1578508120,8.12.0,package.json,yarn@1.21.1,package.json
bc3d1875dc96c7baec65fde7ffac62597036120a,1578508129,8.12.0,package.json,yarn@1.21.1,package.json
56afde8633a66754589415c25996b3aaa82d4cae,1578509942,8.12.0,package.json,yarn@1.21.1,package.json
49fbc79918f913234e41544aaa03c41ba9d4c8e7,1578516877,8.12.0,package.json,yarn@1.21.1,package.json
965902b05d99da7afb294aabddd2172af5869449,1578517678,8.12.0,package.json,yarn@1.21.1,package.json
72d6b9d29a105f656eaf9ca4f3b385eccf009d8e,1578517678,8.12.0,package.json,yarn@1.21.1,package.json
af542863651fe0dd86f1dc974219508d78bede51,1578517678,8.12.0,package.json,yarn@1.21.1,package.json
ad278a488fdcd75a373f5a3b698efb3fd9d82333,1578517678,8.12.0,package.json,yarn@1.21.1,package.json
a380295568b4b008bd0b0a146ce0e331a823a263,1578517678,8.12.0,package.json,yarn@1.21.1,package.json
f4f0dfce825f8d2188944c5f7e6ac7ea7de7de07,1578517678,8.12.0,package.json,yarn@1.21.1,package.json
436825913442a7f8e8df462734cec67003ad2df5,1578517678,8.12.0,package.json,yarn@1.21.1,package.json
35669d08506938b913c417eba04e2c7472ec4644,1578517678,8.12.0,package.json,yarn@1.21.1,package.json
11d6275f9e5eaadbf9745e7584d643a1fc5f0602,1578517678,8.12.0,package.json,yarn@1.21.1,package.json
2452d522755810de3350dfcf2fd023bbf2ded135,1578517678,8.12.0,package.json,yarn@1.21.1,package.json
3f1f9380031bc6a8e7560718745285abf5a5fd6d,1578517678,8.12.0,package.json,yarn@1.21.1,package.json
83fca862777247719c1278572b55be5a18e7e739,1578521722,8.12.0,package.json,yarn@1.21.1,package.json
b94d4397b910c29677ee8ed1b7caebdcec93a5cb,1578523525,8.12.0,package.json,yarn@1.21.1,package.json
b17b857f9d3c20bd16316e7a2768ca2acc61a8e6,1578525487,8.12.0,package.json,yarn@1.21.1,package.json
df14a5a269a483abd33ceb5570b9679c512b8f39,1578527024,8.12.0,package.json,yarn@1.21.1,package.json
d5057dd7173ffe3eeb1ed60434d1f5f5793ad1d1,1578527025,8.12.0,package.json,yarn@1.21.1,package.json
85497b681d775f2f736967f36b5b71773d5881d4,1578586896,8.12.0,package.json,yarn@1.21.1,package.json
4333eda2ab77188c4ca1e788be06cf8ff621b5e1,1578614003,8.12.0,package.json,yarn@1.21.1,package.json
1258be96270b2319f66c7fb2f0718c2c6e4fe133,1578679683,8.12.0,package.json,yarn@1.21.1,package.json
924d1cb900b72aded4bf7fcd6e64a1702c9cb7d4,1578692184,8.12.0,package.json,yarn@1.21.1,package.json
9aead747163bc6176ddac51369507a01e0660d28,1578837576,8.12.0,package.json,yarn@1.21.1,package.json
19de587e5541ab99923e8d4f620d58b91734802c,1578928807,8.12.0,package.json,yarn@1.21.1,package.json
3dc0ca5046df67d03fa168cb587f4e6fafdce59d,1578954828,8.12.0,package.json,yarn@1.21.1,package.json
47903ff382dc8ffa155419fd5356c045009316f5,1579021771,8.12.0,package.json,yarn@1.21.1,package.json
622af9f7702f5406df7081d625ee3789968f9443,1579026683,8.12.0,package.json,yarn@1.21.1,package.json
1c6dcc88dec3da39a3e5fb3d114b12bb23a44ee3,1579029964,8.12.0,package.json,yarn@1.21.1,package.json
f9f1673dd105b489d4a364574cf3b2a8a5a38b6f,1579031360,8.12.0,package.json,yarn@1.21.1,package.json
6045614d3ec28a1ce2a535fab07dd52ef6a7a94b,1579035483,8.12.0,package.json,yarn@1.21.1,package.json
b79c270fe5790f8949271710bd0ffb16a91fc9f5,1579036394,8.12.0,package.json,yarn@1.21.1,package.json
5c34d0601503445d2b47b86455fec088144f5dae,1579113820,8.12.0,package.json,yarn@1.21.1,package.json
24344bd51ab741599692f4ee16692a90ce09af55,1579114862,8.12.0,package.json,yarn@1.21.1,package.json
6064687cfcce0a23e8c15f157055d6b157fe2fab,1579117002,8.12.0,package.json,yarn@1.21.1,package.json
3ab33c3d53fcf38fa993f68d910baeaa6bbd0b56,1579122816,8.12.0,package.json,yarn@1.21.1,package.json
b3c0908f34df6416acff42f7195136b8f3e1ea3c,1579125594,8.12.0,package.json,yarn@1.21.1,package.json
c3cd7f4e3d113aa0f0366b19152b345c55b24033,1579176855,8.12.0,package.json,yarn@1.21.1,package.json
e420e3d9d0fadeae19a4f1988455f222df9595be,1579195051,8.12.0,package.json,yarn@1.21.1,package.json
d54622290eca9fe70e1f5211816f2ccb0b39c2f8,1579197236,8.12.0,package.json,yarn@1.21.1,package.json
166b8d9893c0dc355cee6d6e7378b22f4f70295b,1579202925,8.12.0,package.json,yarn@1.21.1,package.json
38473e8071fb4199d8557506e246f80e82da338b,1579207582,8.12.0,package.json,yarn@1.21.1,package.json
72cb1f04ccb35f72ff48ce56a05f9e0b4d670769,1579208503,8.12.0,package.json,yarn@1.21.1,package.json
8abe7956615a8a7611db23a80dd242724c0972a9,1579210575,8.12.0,package.json,yarn@1.21.1,package.json
796e02000d8a41c8b4c11fc74eabeca438a5cd29,1579215364,8.12.0,package.json,yarn@1.21.1,package.json
8ac34bdf409f862e348ddce392fbbf72540d4265,1579224457,8.12.0,package.json,yarn@1.21.1,package.json
424dcb6710ed4f70a3214403c1a83f70b963a3cd,1579276449,8.12.0,package.json,yarn@1.21.1,package.json
358095ff28b91904c919221a76221045e43a64c4,1579280157,8.12.0,package.json,yarn@1.21.1,package.json
887724e5a5ef30681390efbcb50deb01cfae0a7d,1579282865,8.12.0,package.json,yarn@1.21.1,package.json
e4921a36ea41d9c7c039b67e54c6e3b1b7b733d5,1579292443,8.12.0,package.json,yarn@1.21.1,package.json
fb2a81148d9cb6cc501256d10ea84d922144d779,1579293621,8.12.0,package.json,yarn@1.21.1,package.json
9d7c2a87f347f7f121d956099b4bd4b10c7a36d5,1579295763,8.12.0,package.json,yarn@1.21.1,package.json
1b891ef5b6647004a4e65e6b7ed6f3a09f78625b,1579296134,8.12.0,package.json,yarn@1.21.1,package.json
0c7c4db0b9cfbe0e0d49e4c87ab0773decc9dc89,1579299067,8.12.0,package.json,yarn@1.21.1,package.json
0cb56d97114d1e0baa2d6d59603cb431bee44b13,1579536653,8.12.0,package.json,yarn@1.21.1,package.json
b659dc85b7f476c96e5992715ed777ba0335cd59,1579547596,8.12.0,package.json,yarn@1.21.1,package.json
e6b6f1d1e59f72d8d573f34310c9f3d030cf601e,1579551650,8.12.0,package.json,yarn@1.21.1,package.json
c4b7c1652470f375ecc21c2566e2c2c3eb98a973,1579564583,8.12.0,package.json,yarn@1.21.1,package.json
76933554661ac002523fb423d8dbccb7855ea07d,1579566833,8.12.0,package.json,yarn@1.21.1,package.json
cf1d506fa7274dbe57a30d7bc1c028718ec2b719,1579568902,8.12.0,package.json,yarn@1.21.1,package.json
eb1294ee301dc9aca6df6cd352462a4c2bbd3a16,1579576492,8.12.0,package.json,yarn@1.21.1,package.json
bcc91d4477b5138b0f3a075c6a587ac91719c0c5,1579577872,8.12.0,package.json,yarn@1.21.1,package.json
fe996a3234a84ed3359074628db1928b5c52f009,1579577973,8.12.0,package.json,yarn@1.21.1,package.json
cdc8b45b6259a89b92ac0a75f0b95b7770dc2c2d,1579620533,8.12.0,package.json,yarn@1.21.1,package.json
da699f461fb6b842c1fd5e570a07adfa380e0326,1579624934,8.12.0,package.json,yarn@1.21.1,package.json
d763b7cc21cd5ad5ef1194d2cab26a3b27ff64c5,1579625930,8.12.0,package.json,yarn@1.21.1,package.json
c89b12310628ed9742034420f46242a8fea47a3e,1579626142,8.12.0,package.json,yarn@1.21.1,package.json
3b9de873fcef6693837e7570e6df86858c8ffc12,1579626142,8.12.0,package.json,yarn@1.21.1,package.json
49f3c325c4429f004c3de1b18d66b4ad2cab4fdb,1579629207,8.12.0,package.json,yarn@1.21.1,package.json
1801809742a47f382ac346e73a602f46d93d947f,1579641939,8.12.0,package.json,yarn@1.21.1,package.json
bf27f4481fcba5ffda7dfc4b3baf27c2278ad457,1579641940,8.12.0,package.json,yarn@1.21.1,package.json
46bd720b505cfbae00e152edcbc3d1626ce53331,1579641940,8.12.0,package.json,yarn@1.21.1,package.json
14f1fb1a842842a5f201c4eeb14a9baeba9d3669,1579641940,8.12.0,package.json,yarn@1.21.1,package.json
df72a45f092445c7ba1f3af69e7d36ba11a7e166,1579644968,8.12.0,package.json,yarn@1.21.1,package.json
918db05c1383e574966ebeb068acbed46d8693c0,1579647223,8.12.0,package.json,yarn@1.21.1,package.json
5b3a02aa03602101dc46a85c5333f54ae9d45d50,1579647463,8.12.0,package.json,yarn@1.21.1,package.json
c44dee6b1770310eea7d6eb9b8cc0c740f7a5d04,1579661887,8.12.0,package.json,yarn@1.21.1,package.json
6ceb99eadc32876a96d27f6313c018c381910a36,1579706091,8.12.0,package.json,yarn@1.21.1,package.json
8d6eb1dbabaae9eb8e979aefa49d81aa5d767564,1579706466,8.12.0,package.json,yarn@1.21.1,package.json
87248977347d076cb85dccc630d8c117914225ee,1579707007,8.12.0,package.json,yarn@1.21.1,package.json
125f2faac5d25aed5070c0a7db52b54783097d38,1579708149,8.12.0,package.json,yarn@1.21.1,package.json
c96ebd8cf1cda2155031fc41ebd4579fad21b52b,1579712430,8.12.0,package.json,yarn@1.21.1,package.json
cffcdf89da18992dc0476dbd5de6e4ec67eb7570,1579714354,8.12.0,package.json,yarn@1.21.1,package.json
db7fc7d5876d23ef22b30bd704a69c3b7a4a410f,1579717623,8.12.0,package.json,yarn@1.21.1,package.json
493b3609a198b78ffb83a87267689cbffc63ef55,1579717956,8.12.0,package.json,yarn@1.21.1,package.json
f3a97ce656efb5833a79f2d4640a33287959cd97,1579719002,8.12.0,package.json,yarn@1.21.1,package.json
f13f5baa7b94e8f7b4f16524ee4a9f6695f4fcb6,1579720604,8.12.0,package.json,yarn@1.21.1,package.json
9a1564776549241b0bc2d041b5b01095767018c8,1579720702,8.12.0,package.json,yarn@1.21.1,package.json
aa45d5c59cb3bc1397314e74d32cdf6063e3651e,1579725866,8.12.0,package.json,yarn@1.21.1,package.json
85f36c089c793c7d700b10a490485588949438e5,1579731840,8.12.0,package.json,yarn@1.21.1,package.json
97f26173d4d08304e87dea34a67ae2989bfee6f7,1579797004,8.12.0,package.json,yarn@1.21.1,package.json
ce5d04435aaa7934a758ada476761f8a3ba28afa,1579806459,8.12.0,package.json,yarn@1.21.1,package.json
b7d405b51a1a8eb07db280b474dd3d8654c3267a,1579809127,8.12.0,package.json,yarn@1.21.1,package.json
e6237b13c051f7c46da7bc11d0df41d01d8202e5,1579809399,8.12.0,package.json,yarn@1.21.1,package.json
0e82a3eba4804d07f904eb82dc19f2644078b095,1579809432,8.12.0,package.json,yarn@1.21.1,package.json
fdc735589ed28e0a60b9bbf1e1b1ad2d5ba5037b,1579810270,8.12.0,package.json,yarn@1.21.1,package.json
06c2e36e1d70f5919f2975625ae7810c69244cb1,1579810344,8.12.0,package.json,yarn@1.21.1,package.json
80611e10b002a8c197f8008d7531626f6d57b702,1579811717,8.12.0,package.json,yarn@1.21.1,package.json
16ea7a1204c1eb7f16178a6ce052e51d93df0022,1579815504,8.12.0,package.json,yarn@1.21.1,package.json
abc86d25c848f4dbcb30a50575b382bfcb851bd0,1579820251,8.12.0,package.json,yarn@1.21.1,package.json
3592585b1f48b19b1495dd872478262e68dd6115,1580138617,8.12.0,package.json,yarn@1.21.1,package.json
a51f5678d49f1304e6144bcb8ee6be3e80b42b14,1580139619,8.12.0,package.json,yarn@1.21.1,package.json
e7c590d977ec670cb0778dcf089cb3c0b69f1eab,1580143606,8.12.0,package.json,yarn@1.21.1,package.json
64a2973b404423a313606fe641b2cc6c20412968,1580155865,8.12.0,package.json,yarn@1.21.1,package.json
7f092145e3d9ba8d5f14bb8fe1f36c53acc0b67f,1580155865,8.12.0,package.json,yarn@1.21.1,package.json
27db292b4927a5f1dacf50074ecc2afca87e9800,1580155865,8.12.0,package.json,yarn@1.21.1,package.json
8d88a9bdbeae663858f8b3a520674f80ea7e9864,1580155865,8.12.0,package.json,yarn@1.21.1,package.json
d0a410402dbc39de364059fe08b8e87c7744209d,1580155865,8.12.0,package.json,yarn@1.21.1,package.json
bcde6976c3b521b6bf6b6abbeffc0fc1fc2f7b6d,1580155865,8.12.0,package.json,yarn@1.21.1,package.json
96e5051b6a259839ee24ac4d159547f8edd4096f,1580155865,8.12.0,package.json,yarn@1.21.1,package.json
9d609d4b95ca303a4b3679f1d57d806d5f3d078b,1580155865,8.12.0,package.json,yarn@1.21.1,package.json
55a49f121f66d58215f96c446dbb8a68051693ad,1580155865,8.12.0,package.json,yarn@1.21.1,package.json
4b34551089ef74655fd19b734cf8c54587d911bc,1580155865,8.12.0,package.json,yarn@1.21.1,package.json
d2be57be2cd4e4ce0ba83dc73c3a25284ed0a889,1580155865,8.12.0,package.json,yarn@1.21.1,package.json
54e9635bc1aea2d6e85c7a9d4b12c1fb99c9fdd8,1580155865,8.12.0,package.json,yarn@1.21.1,package.json
97bec3924861953d1b58b466ca03923ceb87bb47,1580159428,8.12.0,package.json,yarn@1.21.1,package.json
a8bd9115232d73bddf2dd98b9736016b31991c34,1580159428,8.12.0,package.json,yarn@1.21.1,package.json
436e2dd3cb98d7757ce7737e7d049cfc8e6d29ee,1580161499,8.12.0,package.json,yarn@1.21.1,package.json
8ec4f511eb2d5904c385f88acc6dab644459dca1,1580162428,8.12.0,package.json,yarn@1.21.1,package.json
abf68d23e976523a2dacda0b09711fcd5ae49cb6,1580162432,8.12.0,package.json,yarn@1.21.1,package.json
f0f3455ab450f7b258e3c69fe84dc985e23c80f6,1580163224,8.12.0,package.json,yarn@1.21.1,package.json
da35012f4bbb68d146fbce1b587b76106ca16cf5,1580164008,8.12.0,package.json,yarn@1.21.1,package.json
54eb8b338b1b9db3846b0de1a0cabcc1e8ef705f,1580164465,8.12.0,package.json,yarn@1.21.1,package.json
fd836f15e51fd90109aadb73aaefc5c5f60664e3,1580167913,8.12.0,package.json,yarn@1.21.1,package.json
cc3e96712dae27580604fc94cb5a6135cb6c3813,1580311114,8.12.0,package.json,yarn@1.21.1,package.json
429ce1553f94cc20032eb9957bacf08ac93627e4,1580316384,8.12.0,package.json,yarn@1.21.1,package.json
099f6fc60a1b653d56148868a83fa692638b3743,1580323366,8.12.0,package.json,yarn@1.21.1,package.json
b07de47a88f328a15c5fa18a24f13eceaab2f430,1580323465,8.12.0,package.json,yarn@1.21.1,package.json
7f20131d62254024a00cd6de288a3b8da44e5f6e,1580338272,8.12.0,package.json,yarn@1.21.1,package.json
af05ff4d10598757f2633d29aeeb82e4bc608e5e,1580338338,8.12.0,package.json,yarn@1.21.1,package.json
d78b73ab7f4d7e9b507c74a730e75d9253e2413b,1580341498,8.12.0,package.json,yarn@1.21.1,package.json
a71b3fb3c7253ef20468583f3e3cf37e6f40aa72,1580400069,8.12.0,package.json,yarn@1.21.1,package.json
0a2245eba3de0200215a31dd3315a9c63592b761,1580402535,8.12.0,package.json,yarn@1.21.1,package.json
acf24365c2b39e65f2a462eb4b13e8e8f7dba645,1580407064,8.12.0,package.json,yarn@1.21.1,package.json
1a0aeaaac82d0d8e87d1e48bebb8bb0da3752c1f,1580411134,8.12.0,package.json,yarn@1.21.1,package.json
5d8bc8b95fef3ad2f1cb0f5242b76da759a82294,1580413984,8.12.0,package.json,yarn@1.21.1,package.json
e7516125a7571541929ab652c09afd1b82f5089a,1580414512,8.12.0,package.json,yarn@1.21.1,package.json
998f2c44033142caaaf78f81a0889121329644a2,1580421507,8.12.0,package.json,yarn@1.21.1,package.json
265ccea26552978fff2d3ee83586cfa107f8980e,1580424923,8.12.0,package.json,yarn@1.21.1,package.json
f9e6a6863b4f96e4beb314f1950dd69cd662a62a,1580486141,8.12.0,package.json,yarn@1.21.1,package.json
9296170d3282d8323b2554a6a60baf8ba4c87d5f,1580486453,8.12.0,package.json,yarn@1.21.1,package.json
b9927f19f507790892623d7ebb3c0a43680c3d1f,1580488029,8.12.0,package.json,yarn@1.21.1,package.json
c2a41d18cb3daadf8fa2fdf2ace031b073cc84f3,1580489608,8.12.0,package.json,yarn@1.21.1,package.json
4278d824598ce0895122a74f8a3beeac8c39527c,1580500902,8.12.0,package.json,yarn@1.21.1,package.json
58e83bdf55c0d3e4ad344a03414a3dc98be51c9b,1580507103,8.12.0,package.json,yarn@1.21.1,package.json
94abd4579d3aef9ce753a75869b96916e151c949,1580510883,8.12.0,package.json,yarn@1.21.1,package.json
c81b30f50993c22484860bce51552879cee69584,1580569582,8.12.0,package.json,yarn@1.21.1,package.json
51281ed2a8d62a9ec383f9b865a144f739e02ef0,1580571948,8.12.0,package.json,yarn@1.21.1,package.json
59e893f7a056c73998ef18063afbb04eb73e5c9d,1580662752,8.12.0,package.json,yarn@1.21.1,package.json
cfde508bdb00953af6ab20a9487025c8b9432bbf,1580742580,8.12.0,package.json,yarn@1.21.1,package.json
ab94c47af272c42658f2cacc8c4eb1e2364d2532,1580745634,8.12.0,package.json,yarn@1.21.1,package.json
bf20987d238f987539bfc1b26bdc40c69e08f5fc,1580745653,8.12.0,package.json,yarn@1.21.1,package.json
4a366f4f5b615dfac53dfcf6f113f866bc647c97,1580754951,8.12.0,package.json,yarn@1.21.1,package.json
e2d8285e9ccb868e0f70106c1a0789dfde53d27b,1580771329,8.12.0,package.json,yarn@1.21.1,package.json
4679a6199b3837b4f5273de67e3f4639dc8b8e0d,1580771332,8.12.0,package.json,yarn@1.21.1,package.json
686d068d903d6f5763754b6544556ac0f60eeeec,1580834637,8.12.0,package.json,yarn@1.21.1,package.json
fba53feae24d8e52a7918f68022a1349965cf37a,1580838842,8.12.0,package.json,yarn@1.21.1,package.json
fd5f91c558dec64b483714a6a63894a5abc20085,1580841959,8.12.0,package.json,yarn@1.21.1,package.json
5bf5afc81a0dc9dd2bcc4a9941e898076fc0a5e1,1580937580,8.12.0,package.json,yarn@1.21.1,package.json
71a7ee505381f97c9ce5fb458d8b3b7e6a8960d6,1580939013,8.12.0,package.json,yarn@1.21.1,package.json
a1356271578b381db683c0fee54a2dd9b39956ed,1580943925,8.12.0,package.json,yarn@1.21.1,package.json
3ab8f83077e7fd2f6a4d14ef9118b930d39df037,1580943999,8.12.0,package.json,yarn@1.21.1,package.json
30b01b347fb1a877aea970f681bcb2e346ecac55,1581000022,8.12.0,package.json,yarn@1.21.1,package.json
41391779ace6d5c7d9f618327d88a0de2eb3067e,1581007610,8.12.0,package.json,yarn@1.21.1,package.json
3447c679c44c173842eb016e56e5d6b47777b4d0,1581008156,8.12.0,package.json,yarn@1.21.1,package.json
182b3d801799950758e04109801198b7cad4c3a5,1581009802,8.12.0,package.json,yarn@1.21.1,package.json
a5077458787e2fafcce8a1102f8c5c09c1298a5a,1581011020,8.12.0,package.json,yarn@1.21.1,package.json
b7391b62df1ab8a52d5eb56fd81e1fadaf10f694,1581011147,8.12.0,package.json,yarn@1.21.1,package.json
accf9739ce5a9baac601b60125b9a351a646cfce,1581011214,8.12.0,package.json,yarn@1.21.1,package.json
60f3f687ad5cbff258016f030f42153ce4f7f3f2,1581017414,8.12.0,package.json,yarn@1.21.1,package.json
79ae7d2310019c1c36df67cc1db1315667acc2ea,1581019216,8.12.0,package.json,yarn@1.21.1,package.json
cad80a93e43763e2e36a4b73a26064946e01aef9,1581019461,8.12.0,package.json,yarn@1.21.1,package.json
4309b9e742f3ec6765ebfb393cf85e8503a16104,1581019506,8.12.0,package.json,yarn@1.21.1,package.json
5eab2dbb3460f58bfbb28edd5182564e1cd0f4b0,1581020272,8.12.0,package.json,yarn@1.21.1,package.json
8c3530288440519ecd02c748114081cfd1b7b787,1581073875,8.12.0,package.json,yarn@1.21.1,package.json
5da2a7fa117eab67a2da5402a77905d31f7fa758,1581111889,8.12.0,package.json,yarn@1.21.1,package.json
0e56607f0ae0bdc82434d9f9be81ab3771350a09,1581249434,8.12.0,package.json,yarn@1.21.1,package.json
d694ab9de232ac08544cc3b2829070972d3a20f0,1581249878,8.12.0,package.json,yarn@1.21.1,package.json
91d90f5d3182a6e54c818eff19e1ccb0fb712c7d,1581266992,8.12.0,package.json,yarn@1.21.1,package.json
3d7224354cc187f7cbd2457ea1c8112104c4c91f,1581282320,8.12.0,package.json,yarn@1.21.1,package.json
8338b7203e77c62503bbd428041628f17263735f,1581355587,8.12.0,package.json,yarn@1.21.1,package.json
aa254c8bcf7704985d9e02cd1fc4fa8133f91e44,1581355881,8.12.0,package.json,yarn@1.21.1,package.json
5c0f7361f1ff200ed5dadad659a9e6f2d145d166,1581367825,8.12.0,package.json,yarn@1.21.1,package.json
2d38250918bae594138920c167ff400b01ccf2f7,1581367875,8.12.0,package.json,yarn@1.21.1,package.json
d2f3d21583b1dac8eff9095da530c058bae8c042,1581368351,8.12.0,package.json,yarn@1.21.1,package.json
1c69ad005e4f71878e74e62e73d9a6549747ce08,1581446146,8.12.0,package.json,yarn@1.21.1,package.json
7747edeefd73ff40e0f03db01390868905867093,1581547181,8.12.0,package.json,yarn@1.21.1,package.json
b10825e55299ca61e6129a3267832d8ae8de4ac3,1581612492,8.12.0,package.json,yarn@1.21.1,package.json
2f5e217b55e330ee5ce102f7133749944195e543,1581620441,8.12.0,package.json,yarn@1.21.1,package.json
ad8ad235be2e46e10edc9bf6729145550ee3663c,1581621736,8.12.0,package.json,yarn@1.21.1,package.json
d378a3599d7012f961fa4efbd91747d427d76c42,1581623919,8.12.0,package.json,yarn@1.21.1,package.json
f3d686e887baa36a4d207e8b7a482a4c059efb62,1581624148,8.12.0,package.json,yarn@1.21.1,package.json
00a9329ad626692537840e9920870e8fe80466be,1581633504,8.12.0,package.json,yarn@1.21.1,package.json
021495adf09dafcc0aa9bb37013c0aef59919e90,1581683436,8.12.0,package.json,yarn@1.21.1,package.json
684159e13cc9845ae4b50dd35b39e11425e2ebc3,1581694337,8.12.0,package.json,yarn@1.21.1,package.json
75afa9373f972af6f1f67dc76156d7983685ad1b,1581696733,8.12.0,package.json,yarn@1.21.1,package.json
a4a0e7a4c0e940e9c6925ee7abf152c8f9c7b3da,1581699769,8.12.0,package.json,yarn@1.21.1,package.json
ba54228c8fe924206ab354d3d95ed4698cb1fef0,1581703768,8.12.0,package.json,yarn@1.21.1,package.json
b4fd93d36ef6155bef086d0bca136b8158ab2291,1581706872,8.12.0,package.json,yarn@1.21.1,package.json
444d8480781ff13ca9fdab20aa55782ed399586b,1582055350,8.12.0,package.json,yarn@1.21.1,package.json
838369ce18565857ecc81c9d426bbe30df59ea52,1582055355,8.12.0,package.json,yarn@1.21.1,package.json
e544c4162ed6b4aa67e334adda4a22e2bf382cab,1582055355,8.12.0,package.json,yarn@1.21.1,package.json
ead445a955003b89c18bd58e325058604167cad7,1582057782,8.12.0,package.json,yarn@1.21.1,package.json
2fba9e9859ce56f062eea413f2134a3e5acc7497,1582059811,8.12.0,package.json,yarn@1.21.1,package.json
ad2163cb17abeb751d139ce7377beb8080d8a01a,1582068637,8.12.0,package.json,yarn@1.21.1,package.json
22a7ddfdfb1038f121f9c4940debbda2ade72b06,1582071384,8.12.0,package.json,yarn@1.21.1,package.json
24c9f08ac582a1c45a5d3e1831b25305b4f2cc70,1582122935,8.12.0,package.json,yarn@1.21.1,package.json
2d143b8c6a213cdb28391cde5378bf4b6d864051,1582127640,8.12.0,package.json,yarn@1.21.1,package.json
17666453cb2e58d4b61c167cbd13a26b1b06db52,1582133117,8.12.0,package.json,yarn@1.21.1,package.json
9a787452e1c41dbfa741c1d62700f20dd4342bcf,1582135423,8.12.0,package.json,yarn@1.21.1,package.json
e38f079ad0258102afcfd84d6987a6914173db9b,1582135630,8.12.0,package.json,yarn@1.21.1,package.json
ceb6608e97c08fbd5da90c442fc93f2882eec8f9,1582137992,8.12.0,package.json,yarn@1.21.1,package.json
19c1029dcc7e0165e6dfb8392b0cb55013e34c34,1582140596,8.12.0,package.json,yarn@1.21.1,package.json
da085e1ea522e604af4f08174dea1f45dfaaf336,1582141025,8.12.0,package.json,yarn@1.21.1,package.json
74a41e30ac343e970f72e0f18d0aac9931e745ea,1582143930,8.12.0,package.json,yarn@1.21.1,package.json
b9d0872b711f4bc239d84aa44228a9aea90f0790,1582143986,8.12.0,package.json,yarn@1.21.1,package.json
ea2567917ed9c55b858b92d9b38a640fafbb27bd,1582230636,8.12.0,package.json,yarn@1.21.1,package.json
2217253763d2b3150ed6b05bfb357a93c5502716,1582235699,8.12.0,package.json,yarn@1.21.1,package.json
942c62c565c4173d86eb13669f08901f6027bbe2,1582240950,8.12.0,package.json,yarn@1.21.1,package.json
d701c7feac57dca3e0beb0e4a44972da16c199d9,1582242387,8.12.0,package.json,yarn@1.21.1,package.json
716bbc61f817e76f373c7a309c0351e1d180128b,1582293008,8.12.0,package.json,yarn@1.21.1,package.json
6cdb27678e41fbe8c4c7c6d6f85b4c688766f257,1582293567,8.12.0,package.json,yarn@1.21.1,package.json
b81c8af86f7d8efd31c9ea6770ca354905791ebf,1582296128,8.12.0,package.json,yarn@1.21.1,package.json
2eb62af691525fbf90e1ee8579f00e41e076be9a,1582299126,8.12.0,package.json,yarn@1.21.1,package.json
acb27826196a62327f435236b397c96a94bc979a,1582305806,8.12.0,package.json,yarn@1.21.1,package.json
0acfb69d1424f56fdad91d2e94f56ae151eb988d,1582307412,8.12.0,package.json,yarn@1.21.1,package.json
ff162398ea5329e855a7be0715bb60ab097e32a3,1582309842,8.12.0,package.json,yarn@1.21.1,package.json
d6e233af06966dc89f70d60fd0be0ffd34cc6c11,1582314126,8.12.0,package.json,yarn@1.21.1,package.json
9d7aba52f5f9b7b54a25261d7a1ee3f15615b0c3,1582579588,8.12.0,package.json,yarn@1.21.1,package.json
ca625e402d9d72d0c01135c25c8e94276aad0c99,1582582828,8.12.0,package.json,yarn@1.21.1,package.json
6e6b90daf9a0df9dcc8dc6adbcb3373388e5a57d,1582732425,8.12.0,package.json,yarn@1.21.1,package.json
953ae26d75d20d401aa95cebc2d0babfefefbe43,1582746794,8.12.0,package.json,yarn@1.21.1,package.json
c4d216c24f398113cec55cb64c9619ec209e476b,1582750367,8.12.0,package.json,yarn@1.21.1,package.json
c57d4265e83d50e0a55b000922363fb7fe7a3b74,1582756461,8.12.0,package.json,yarn@1.21.1,package.json
8a8ef860e35ca294db7e82e2d7a1d2560aafd097,1582802732,8.12.0,package.json,yarn@1.21.1,package.json
152d9726e0f66f887954ce4dd0f9f6f3df8db18f,1582823553,8.12.0,package.json,yarn@1.21.1,package.json
ca92d5f73a87837e753f4f2044df1b8c11d108b6,1582833589,8.12.0,package.json,yarn@1.21.1,package.json
2d308177656627f7319c99025a1ef11505cda1b9,1582905011,8.12.0,package.json,yarn@1.21.1,package.json
21b0349b2f8f43667181bcfd07d5a8488e194e59,1582908205,8.12.0,package.json,yarn@1.21.1,package.json
45789cd9adf7ef777d90f1ec485250db45e21e85,1582910325,8.12.0,package.json,yarn@1.21.1,package.json
52f5dc75a52bfe91804bf6a2b6278c453bfab87f,1582910942,8.12.0,package.json,yarn@1.21.1,package.json
63d0c7aa9ccbc25700cdcbd274bb3ef3bd36898d,1582919381,8.12.0,package.json,yarn@1.21.1,package.json
04e34de859e21c79b8b3dab3da836c730d6cf66d,1582922879,8.12.0,package.json,yarn@1.21.1,package.json
72b845eeeb075fccad9743f89850708669bde670,1582922879,8.12.0,package.json,yarn@1.21.1,package.json
81b24cc314cddbb5b56959f15d60d283e3399251,1582997154,8.12.0,package.json,yarn@1.21.1,package.json
c2f4143ebccf2f13cbcbcf26352f84d9edf7c0ff,1583175615,8.12.0,package.json,yarn@1.21.1,package.json
e119a496a1bd78bc011f032444c7c2c445696444,1583176159,8.12.0,package.json,yarn@1.21.1,package.json
3dc92448d666bee434a5d08059e91b99775c3bfd,1583180709,8.12.0,package.json,yarn@1.21.1,package.json
647eb7d8cc8a7087d9bb0ebd15103a9bc3863b8e,1583184605,8.12.0,package.json,yarn@1.21.1,package.json
976efcdd027f9f2a28c19f8e6e053327c08217ad,1583191058,8.12.0,package.json,yarn@1.21.1,package.json
54adab3d0b68f72d17d4223aeee2a9bc6d5581f6,1583191058,8.12.0,package.json,yarn@1.21.1,package.json
ed5da09c82a91ee3c02b0d367f70a571b18df501,1583255665,8.12.0,package.json,yarn@1.21.1,package.json
749c3464000af865ae877848431b49da0d369171,1583255672,8.12.0,package.json,yarn@1.21.1,package.json
68b4af32ef274d7962d7f88aeb28001ad9d92759,1583255906,8.12.0,package.json,yarn@1.21.1,package.json
570b2919201ab3f955fb9f4efcc74c5a83b38db4,1583259978,8.12.0,package.json,yarn@1.21.1,package.json
db6fb40eb95a625e0125f0546ef1323b31cade13,1583267893,8.12.0,package.json,yarn@1.21.1,package.json
2ce6b6c056b1b5a3859406aa6ed2d999c31451db,1583268081,8.12.0,package.json,yarn@1.21.1,package.json
c948d21f61a50463f88602c3ef3e7fc11428ea40,1583355082,8.12.0,package.json,yarn@1.21.1,package.json
3a740573dbc5bc8295ddf2405333c3df1fb671e3,1583368142,8.12.0,package.json,yarn@1.21.1,package.json
d71a2de4739b8fa04fa0bcddd850114c60bab7eb,1583430853,8.12.0,package.json,yarn@1.21.1,package.json
08334182273fd7bbc851194875ff6a7af8652d77,1583440631,8.12.0,package.json,yarn@1.21.1,package.json
9169064082c0e315540caa488c34f70a7d05d217,1583443733,8.12.0,package.json,yarn@1.21.1,package.json
0fe8192153107bad509f26a26bf0118b27cb5b65,1583515815,8.12.0,package.json,yarn@1.21.1,package.json
69819541546dafe0451c4b886e54a70cd93ff8c5,1583519945,8.12.0,package.json,yarn@1.21.1,package.json
c2558e33c2290ae9ca17c08988b61877cb4b4bfc,1583521133,8.12.0,package.json,yarn@1.21.1,package.json
3bf9d843b5dec29610f2e676b2c24e6f3b7ca9bd,1583530877,8.12.0,package.json,yarn@1.21.1,package.json
898f500d75d2dd520111130d7059f07d5e7a7064,1583532464,8.12.0,package.json,yarn@1.21.1,package.json
c588e03e6ad415d03915b22419f90237ad2abb2a,1583769381,8.12.0,package.json,yarn@1.21.1,package.json
b54a82ac3d90f129b05fb4ba00f958273d1ad131,1583775090,8.12.0,package.json,yarn@1.21.1,package.json
bcf4e545cd255b23f9a2b92d96a13cbc3b67b51b,1583775090,8.12.0,package.json,yarn@1.21.1,package.json
a0cb1a3565587f7bfc73504c5c281a980ef2a6bb,1583775140,8.12.0,package.json,yarn@1.21.1,package.json
0637be73843b0ea377d7242fce50ec3f17ee2eca,1583781257,8.12.0,package.json,yarn@1.21.1,package.json
79aa6562e8a89bc0a4535d01c5adcd9d97eafabb,1583781857,8.12.0,package.json,yarn@1.21.1,package.json
30f0b98df93d09a3891b3f6d4cc17ca1fdd12575,1583785708,8.12.0,package.json,yarn@1.21.1,package.json
33cf1ca82cd7580b08cf4090ea7950095da09c55,1583791315,8.12.0,package.json,yarn@1.21.1,package.json
a4cd81777efa924f90540545b7cec968937ead0a,1583803744,8.12.0,package.json,yarn@1.21.1,package.json
c41907bc8145afe9bcdd17a43110b81c7d95e34d,1583886133,8.12.0,package.json,yarn@1.21.1,package.json
a7ed7e64b4721b5a95c1e8d6191efde2963d34e3,1583942812,8.12.0,package.json,yarn@1.21.1,package.json
e068b8a2bd28d16888e7021ed1254016aa2c1239,1584042848,8.12.0,package.json,yarn@1.21.1,package.json
e65ff88ff3dba420f7ce47deae7e884ba7ba25ce,1584052622,8.12.0,package.json,yarn@1.21.1,package.json
dd2575f82c5b71f3deed3f54c0cdf95a611fadb1,1584117621,8.12.0,package.json,yarn@1.21.1,package.json
6104881045292689434b8f488919eaacaf1dd8b0,1584329985,8.12.0,package.json,yarn@1.21.1,package.json
08a02b48a47dc8ff10dfa370e67cc4ab83170ce0,1584369391,8.12.0,package.json,yarn@1.21.1,package.json
e8d581efa34441eb06483fcb630b0a1bcabe496d,1584369928,8.12.0,package.json,yarn@1.21.1,package.json
0b7d21c8ae874c38f63b7b45d137ba18d8fab03f,1584467765,8.12.0,package.json,yarn@1.21.1,package.json
8d036c174c8cf7fa461f25953d2423837f459e18,1584478587,8.12.0,package.json,yarn@1.21.1,package.json
a383b3dcd02beb4b900711cc695409e84e03a140,1584479161,8.12.0,package.json,yarn@1.21.1,package.json
33bab0e0779622646e11bf02a5ff562d5c3b118b,1584499482,8.12.0,package.json,yarn@1.21.1,package.json
2e2d74056b183e93d3c81a3f125e137885ee4ff1,1584499482,8.12.0,package.json,yarn@1.21.1,package.json
dfa5d25996e84093d87f8fd36e4dd2c57a5f55d4,1584538599,8.12.0,package.json,yarn@1.21.1,package.json
d51c9f62ba3cffc530857c1c017ca048489ded63,1584541338,8.12.0,package.json,yarn@1.21.1,package.json
f0e3d00851c46bc761059bfa07c0b98e366a4484,1584562860,8.12.0,package.json,yarn@1.21.1,package.json
8854231bed20081b88bfe600e1aba390fa4d1075,1584646064,8.12.0,package.json,yarn@1.21.1,package.json
72bfdb864418e22134dcb52da936d1519497057b,1584648171,8.12.0,package.json,yarn@1.21.1,package.json
2119ebd8a2104f877fa17a8507ecac143fc8f20e,1584653233,8.12.0,package.json,yarn@1.21.1,package.json
50ae5d720066fd057fe1ad776f4ee237bc8a3963,1584665608,8.12.0,package.json,yarn@1.21.1,package.json
2d8f1b76082af4017d56db80e81128676a43a7ad,1584676802,8.12.0,package.json,yarn@1.21.1,package.json
1991d4e1303dc90c63ddd66de451905aec157535,1584716415,8.12.0,package.json,yarn@1.21.1,package.json
2002fdf9c748ba0bb22e83fd53953305a38c99a0,1584719015,8.12.0,package.json,yarn@1.21.1,package.json
e1007a6d16d460be0f430a7df3940871297a0183,1584719026,8.12.0,package.json,yarn@1.21.1,package.json
cec0566a6358e437652b742fb3cff5efd88fef54,1584721161,8.12.0,package.json,yarn@1.21.1,package.json
3748b16ba907fdd949d93eb375b8568c9ce4d584,1584730072,8.12.0,package.json,yarn@1.21.1,package.json
c8708fb87339f5eb73d876d516b4d1879abf3614,1584732335,8.12.0,package.json,yarn@1.21.1,package.json
655e1084a88a0e256e59d1338ea96b8878db3311,1584763202,8.12.0,package.json,yarn@1.21.1,package.json
48ef32d35b060062b56f38f4a70774710b95ef92,1584970155,8.12.0,package.json,yarn@1.21.1,package.json
d3cb5fbaa774ce84fc62dbedd3fcbdb3fe642e36,1584973880,8.12.0,package.json,yarn@1.21.1,package.json
fe9c6e54903d027dd685ba269362b112f7acb94c,1584975870,8.12.0,package.json,yarn@1.21.1,package.json
2eeae9aa3040804444928fa38aa65f9d9fabaeec,1584988224,8.12.0,package.json,yarn@1.21.1,package.json
3a572d4bd6bfe25712500ac2077db0690099e87a,1585022402,8.12.0,package.json,yarn@1.21.1,package.json
e8d856bc4d31015060f219aa594fe4191d1f876b,1585066770,8.12.0,package.json,yarn@1.21.1,package.json
5d84e9f55d38218fd38c149318abfedd88d64528,1585068498,8.12.0,package.json,yarn@1.21.1,package.json
6a85071d4d6160dc730996c5c85a12ead84eb2d1,1585108802,8.12.0,package.json,yarn@1.21.1,package.json
9da9b2649a3e1ed012bdbb6b62326e408642e62f,1585150162,8.12.0,package.json,yarn@1.21.1,package.json
fc3bb34c115580e586a45c7297b0394ee8c82097,1585153283,8.12.0,package.json,yarn@1.21.1,package.json
c9f6607a32bfe44f4b70a68933b07571918dc8ed,1585160713,8.12.0,package.json,yarn@1.21.1,package.json
b871c2839716933dc52ff5fb0b1e85fcfaacfbe8,1585160713,8.12.0,package.json,yarn@1.21.1,package.json
df4d48dd9e2bbf018034006344a55937fe5ac597,1585160714,8.12.0,package.json,yarn@1.21.1,package.json
ad0f8b5596c9a1a9a34b8bf1556088cff2c39e5e,1585160714,8.12.0,package.json,yarn@1.21.1,package.json
b6047ad633577daf01bea4d8d6b00654c84fb39b,1585160714,8.12.0,package.json,yarn@1.21.1,package.json
5d2e9ce489f1f1fabe0cff883bdae36700e7b8b2,1585163042,8.12.0,package.json,yarn@1.21.1,package.json
fdc833f8db0af34ad408affcc0d2e6497f85b20b,1585195203,8.12.0,package.json,yarn@1.21.1,package.json
cc4f415db657a13c0e29ac2bd74bb82347cd4509,1585254051,8.12.0,package.json,yarn@1.21.1,package.json
49ac65b138389d2161fbc16c831de7f27cd49bce,1585258396,8.12.0,package.json,yarn@1.21.1,package.json
aea8d4b98f55069df8162b93008ca97a1eb099b2,1585275005,8.12.0,package.json,yarn@1.21.1,package.json
30e6bf56045a43bfecf22e247472279b436ecb73,1585281602,8.12.0,package.json,yarn@1.21.1,package.json
4b9be417152a84f0c8d9ef9aeec7ddf3bd30d585,1585331976,8.12.0,package.json,yarn@1.21.1,package.json
5fd8f479b5fe008b7fe122250d8319b29fa3695b,1585334174,8.12.0,package.json,yarn@1.21.1,package.json
a9868d88b8433b0239869655ec50f7179c3bca14,1585336261,8.12.0,package.json,yarn@1.21.1,package.json
2610123abd0d86b21ee41b55109b1c3d2de2337d,1585350942,8.12.0,package.json,yarn@1.21.1,package.json
14215af6a9aaccd6d730475c52537ed813b5f065,1585356076,8.12.0,package.json,yarn@1.21.1,package.json
b5f68a020959356a1236306cbbd145bdfa728c81,1585368002,8.12.0,package.json,yarn@1.21.1,package.json
0cb5887e8935bf7be686258d2835569afc1329bf,1585588041,8.12.0,package.json,yarn@1.21.1,package.json
f0663f1e1a06390140b3c31a36712a9da61f38a2,1585590001,8.12.0,package.json,yarn@1.21.1,package.json
c28468d956595850ed2bd99d27d0564af1bc4f74,1585590001,8.12.0,package.json,yarn@1.21.1,package.json
dd8c2283b786e878c5c59b375bedea073a8703e2,1585590001,8.12.0,package.json,yarn@1.21.1,package.json
a2115b727631942e0a7acda19ea7789352cb9b4f,1585590001,8.12.0,package.json,yarn@1.21.1,package.json
d5e66d55bcfafc4c147daa4da569c7b1a4038f75,1585590001,8.12.0,package.json,yarn@1.21.1,package.json
87beb5d420aa9063e66861027c260220c1079e46,1585590001,8.12.0,package.json,yarn@1.21.1,package.json
855f8ce42b272114bcf7aa15e72ef97ec90d6f7e,1585590001,8.12.0,package.json,yarn@1.21.1,package.json
dbd52f040969fd1486e248309ec65308dd1baa1b,1585605768,8.12.0,package.json,yarn@1.21.1,package.json
270cf558cd70149dd9f50f4cff584d0b47c07d15,1585610097,8.12.0,package.json,yarn@1.21.1,package.json
7d733164fe8a2a2b0f245e99eeb2c6818c5b858b,1585610101,8.12.0,package.json,yarn@1.21.1,package.json
4253ee3d9fac7a95fe64090aea1ce02c0153292d,1585611190,8.12.0,package.json,yarn@1.21.1,package.json
a64f638953479c7c806a5f813cdab455a8008158,1585617713,8.12.0,package.json,yarn@1.21.1,package.json
997b0d70010d2f426cb14b8d536ab129b6476f84,1585618714,8.12.0,package.json,yarn@1.21.1,package.json
9645e8c2bdb5283cb64af7e4df35493aa6cd7540,1585627203,8.12.0,package.json,yarn@1.21.1,package.json
ea76078dfdbe095462f571ec197d43de8e17e74d,1585663955,8.12.0,package.json,yarn@1.21.1,package.json
44d2a2368e5736bb517fcb2ab672024d36d0ff74,1585664021,8.12.0,package.json,yarn@1.21.1,package.json
a890716f1906dc89bed5ecb73a0003b5fdbd354e,1585665208,8.12.0,package.json,yarn@1.21.1,package.json
c4f42ac66ac3c191e604ea626d895dbe0b7330b8,1585665208,8.12.0,package.json,yarn@1.21.1,package.json
7ecdbcf04a3b04d44d6724e90e9dd20b4c503ba8,1585671972,8.12.0,package.json,yarn@1.21.1,package.json
c2ab03d79d5becbde625591cbf7cf7f519a3239f,1585672394,8.12.0,package.json,yarn@1.21.1,package.json
91bfb7328ad62d2cbdce21cb91dcef75a4676e64,1585673606,8.12.0,package.json,yarn@1.21.1,package.json
3d6107d1d7211686abb1d981d849f742154d6d31,1585675448,8.12.0,package.json,yarn@1.21.1,package.json
98b8b4453be26bbb30016224cf4123ca91b05800,1585678927,8.12.0,package.json,yarn@1.21.1,package.json
a93c71f23a6250896d2f4b381aa1b42125b550fa,1585681629,8.12.0,package.json,yarn@1.21.1,package.json
1e1ca9e5728e49bbf0aa46098198a279b0657ced,1585682752,8.12.0,package.json,yarn@1.21.1,package.json
fd2b0c4e2caabaff3826a2927f424cc662e858dc,1585683490,8.12.0,package.json,yarn@1.21.1,package.json
e8addae8e7d5fa5ca3c62a85f49d509ef5d85f8a,1585684031,8.12.0,package.json,yarn@1.21.1,package.json
5a4206dfddd99de236c11ab26edf6526bba7b171,1585686783,8.12.0,package.json,yarn@1.21.1,package.json
f1b9acf8dabbc4ee6d93d97f8be49aae2e73f49c,1585688177,8.12.0,package.json,yarn@1.21.1,package.json
76a2ba439a27b9c0affca516531181b3983f7374,1585713603,8.12.0,package.json,yarn@1.21.1,package.json
14c08109d5326d42fa8b2d56142e03d136cb0910,1585764540,8.12.0,package.json,yarn@1.21.1,package.json
d3f461ed03292610f4b16d59e512fa269e32efa2,1585764540,8.12.0,package.json,yarn@1.21.1,package.json
202aa12aa73f2eb121c0a5d9dc40b3c3fd574570,1585764541,8.12.0,package.json,yarn@1.21.1,package.json
b6754a95a9b67166179421501bb8d421d562e855,1585766738,8.12.0,package.json,yarn@1.21.1,package.json
ab17e0102206ffd8b952ff52f992883f2133a82b,1585776672,8.12.0,package.json,yarn@1.21.1,package.json
9127c12ab21b3f91c69b983b70a8179a2e9cfddb,1585844864,8.12.0,package.json,yarn@1.21.1,package.json
5977d190b5833d02306553993b276b371f91e5b1,1585846214,8.12.0,package.json,yarn@1.21.1,package.json
cf091ade1001b5c0803afd5e05242fafaab70e97,1585886402,8.12.0,package.json,yarn@1.21.1,package.json
9b244973434e5c8b73f63d082303a82b6caaf0a0,1585916366,8.12.0,package.json,yarn@1.21.1,package.json
7fd3a767a7c5dfc93c0c35a398485fa2418d2cca,1585925020,8.12.0,package.json,yarn@1.21.1,package.json
f93d458951dd0d061badeb1d8f994717715ad2c6,1585930703,8.12.0,package.json,yarn@1.21.1,package.json
9fcb90388dc9acba924b3a41f506d3b4bbd16afa,1585940505,8.12.0,package.json,yarn@1.21.1,package.json
6c84f19e31b0b1d3d6e746b7a8881ccca90aa278,1585945472,8.12.0,package.json,yarn@1.21.1,package.json
5b8dafac5fe7d5f570981ed9e7aaa9a88025eb9f,1585946557,8.12.0,package.json,yarn@1.21.1,package.json
e2b6f76da7760e6bc9187d1c9b737f4c7124c0f0,1585951224,8.12.0,package.json,yarn@1.21.1,package.json
0d2a0c0cdbd8ebd436aeb58fa47d7672408aa49e,1585952905,8.12.0,package.json,yarn@1.21.1,package.json
e8684bacf74ad48962e9351c992504f51c4da302,1585972802,8.12.0,package.json,yarn@1.21.1,package.json
fc6fd05e4f9bc6cf4a936de64bea416fa6f2ece3,1586036466,8.12.0,package.json,yarn@1.21.1,package.json
5b944c7bd2684ae6d5c7f606118d0f147b519bfa,1586186900,8.12.0,package.json,yarn@1.21.1,package.json
84d0cc55574247c54671db347c0194d62c5c5667,1586192842,8.12.0,package.json,yarn@1.21.1,package.json
2b60c4050768169edaef4cfa429bf7f49db4d1ad,1586194237,8.12.0,package.json,yarn@1.21.1,package.json
dec3067028dd319fc741603654e815a9e8cb2265,1586194651,8.12.0,package.json,yarn@1.21.1,package.json
6b8d177987e24db050a4ffe40f356c0a52ef9151,1586207744,8.12.0,package.json,yarn@1.21.1,package.json
4d51574cd81de2b9b41231833f9483a6fb0f4b4b,1586209523,8.12.0,package.json,yarn@1.21.1,package.json
97ed8e329855a88c462ca6faefe0ed30f940467b,1586210008,8.12.0,package.json,yarn@1.21.1,package.json
c15d8cf87adb4530ab0d17af3f6bc7f26597bac2,1586210067,8.12.0,package.json,yarn@1.21.1,package.json
c67b65f617b6926889eb041a82958a7a4cee7e46,1586210067,8.12.0,package.json,yarn@1.21.1,package.json
6d6b70e3e9a72be747d782d827b754b833cf25b3,1586210067,8.12.0,package.json,yarn@1.21.1,package.json
81389b3aea3ad08af29bac2e891394649e0866c7,1586210077,8.12.0,package.json,yarn@1.21.1,package.json
53ae1b6a61016045904b8dd5ef97b0f363fb6fcc,1586212990,8.12.0,package.json,yarn@1.21.1,package.json
6e13e19ed9b3a83bd53cae6eff2ed7bee459a2a7,1586232002,8.12.0,package.json,yarn@1.21.1,package.json
48428fb92d2c0a63bee751c04a4688f0fc55b1d4,1586266610,8.12.0,package.json,yarn@1.21.1,package.json
43d65802428b23974e3ea8d4342c2066d8aa1665,1586273599,8.12.0,package.json,yarn@1.21.1,package.json
0601152753b9a42c84fdf68b0b871c5ad9a9849b,1586276678,8.12.0,package.json,yarn@1.21.1,package.json
34cf25a048fcb614f3381c2be985ad6d47869a44,1586287685,8.12.0,package.json,yarn@1.21.1,package.json
add9ce41e9396f8f034c0857622ac0e7d0e0b900,1586287856,8.12.0,package.json,yarn@1.21.1,package.json
92817a3906d0b736ffc3f5a0753042260da7da87,1586287856,8.12.0,package.json,yarn@1.21.1,package.json
9ae44a9fc3f52f1fea433e5022b2dff3674550af,1586287859,8.12.0,package.json,yarn@1.21.1,package.json
805483d1267b733ca435c15b58936dee60e488d1,1586292071,8.12.0,package.json,yarn@1.21.1,package.json
2b8f481061adcc95698a495a49be44dc0211c119,1586294180,8.12.0,package.json,yarn@1.21.1,package.json
b78850b18c2f08cb7b0f7f1538c5527448a45beb,1586318402,8.12.0,package.json,yarn@1.21.1,package.json
d521d96b8621b8ca6d8cb6685da04328c384964c,1586353104,8.12.0,package.json,yarn@1.21.1,package.json
cf9a4676a8918406067d3ac62007aa4fc31f7e58,1586390365,8.12.0,package.json,yarn@1.21.1,package.json
f0d367327e5652e1dc5745f399c82d651821653a,1586397472,8.12.0,package.json,yarn@1.21.1,package.json
4ff2ed84dd00c1a5f41020f0d9df52afc6627fd4,1586441867,8.12.0,package.json,yarn@1.21.1,package.json
e481421de81331a46cbc923aa97329562d4d3cfa,1586451911,8.12.0,package.json,yarn@1.21.1,package.json
32c168978552846dbb93378bbd9c1aef328c8ba5,1586461421,8.12.0,package.json,yarn@1.21.1,package.json
b2f0c01c87c45e7bfbbef68a8b7cbc0150ab1b8b,1586464435,8.12.0,package.json,yarn@1.21.1,package.json
cb8ee8b1f2ed84bdb1c9fab4be3f206b1715b994,1586469360,8.12.0,package.json,yarn@1.21.1,package.json
3c16d5e1d8184ee6e14c8dc3eea133909782a3cc,1586469385,8.12.0,package.json,yarn@1.21.1,package.json
e81b519a3655ad94d918cde7e62ee6bbdc3e587e,1586476149,8.12.0,package.json,yarn@1.21.1,package.json
9d8553b18512e7921d2cb1823ccd688b03fb9cdc,1586483493,8.12.0,package.json,yarn@1.21.1,package.json
2bf6ab89e5403259e9b5b04f272ab2e00c19b3b7,1586485204,8.12.0,package.json,yarn@1.21.1,package.json
a89c159bb788f360e8072f10bd0e41a4e5be8ffe,1586491202,8.12.0,package.json,yarn@1.21.1,package.json
10bf5f6af79ea599712560049ac1f196a537e2dc,1586531428,8.12.0,package.json,yarn@1.21.1,package.json
69b9bfddbfa60c7cc5c953d7eecdf638de457c82,1586533799,8.12.0,package.json,yarn@1.21.1,package.json
72407fe955957217d20b0a4edc2796be3bbeccb3,1586550001,8.12.0,package.json,yarn@1.21.1,package.json
a21b8f52acdf9f73d8d824646d72d40232a14a80,1586577602,8.12.0,package.json,yarn@1.21.1,package.json
50633990f0cd2eb6f26e7002ac7bc2c29cd5d443,1586786282,8.12.0,package.json,yarn@1.21.1,package.json
8111fc9da968abcb6ff4951c89b72790e4f37e44,1586794219,8.12.0,package.json,yarn@1.21.1,package.json
b9bc7787ce5e9494609c9f29bbad59bf014dfb42,1586799905,8.12.0,package.json,yarn@1.21.1,package.json
994e05ab409aa12f00b206f9a625e45abbd95f56,1586836803,8.12.0,package.json,yarn@1.21.1,package.json
3ae6242c6051f4864227d4241a795f06eb0ff839,1586889117,8.12.0,package.json,yarn@1.21.1,package.json
725b03aa01f101083f421838c023015c2b18acda,1586895009,8.12.0,package.json,yarn@1.21.1,package.json
9eb51c3303520bdcae99c812fa890ce730e53224,1586895157,8.12.0,package.json,yarn@1.21.1,package.json
12f22c51b815e871707cdbcbea79962c836aa30a,1586898517,8.12.0,package.json,yarn@1.21.1,package.json
8f40818a8ab95d37b96bb5b14b7a0bb87efa72fe,1586899034,8.12.0,package.json,yarn@1.21.1,package.json
a540c72b1e845021a43fd726d3ab946bc98bf910,1586901662,8.12.0,package.json,yarn@1.21.1,package.json
c17daada566c0c64d9ba24349765402d3ad4f2ee,1586908366,8.12.0,package.json,yarn@1.21.1,package.json
fe1ba8ac6791e227a301bdb119195652c9ef2a5c,1586915102,8.12.0,package.json,yarn@1.21.1,package.json
b07e5c2fbccf923ea6222b159d4b0a17084f4b07,1586923202,8.12.0,package.json,yarn@1.21.1,package.json
1ee13d44b894a8bb82b3e65725c2058ba893e876,1586928058,8.12.0,package.json,yarn@1.21.1,package.json
34ae299372a8add46242793db3c176def2e0d68a,1586957530,8.12.0,package.json,yarn@1.21.1,package.json
27cb12fb68089e5c2606a3626507a1792d1b11aa,1586977848,8.12.0,package.json,yarn@1.21.1,package.json
9d51743bc533973e1e3ac19e7003009a3a8abd17,1586992419,8.12.0,package.json,yarn@1.21.1,package.json
16da0d7c2e0e71adfcceff198062b4215d46499f,1587009603,8.12.0,package.json,yarn@1.21.1,package.json
fa963fbe8c1c95903bbff055951c8b86e455c6d7,1587049979,8.12.0,package.json,yarn@1.21.1,package.json
d413eb188b3a00332e9543489f875ed3bb1c7fd4,1587056555,8.12.0,package.json,yarn@1.21.1,package.json
875bba8dc56a4928dceb7cf8035adb859edaa68f,1587058302,8.12.0,package.json,yarn@1.21.1,package.json
2a52ce7b377f36e89f26ee8095397e86204507e4,1587059439,8.12.0,package.json,yarn@1.21.1,package.json
7721ef85840afd1e60dc6738c4b523ffcf254c20,1587060278,8.12.0,package.json,yarn@1.21.1,package.json
bb27d39849912c11eb969472a40aeb8671c7b166,1587060278,8.12.0,package.json,yarn@1.21.1,package.json
f47705365d082cd88f0d82b832afbda31461f789,1587063912,8.12.0,package.json,yarn@1.21.1,package.json
f516c31ea8033c1250b827e9fdcfb21ac78bc21d,1587096003,8.12.0,package.json,yarn@1.21.1,package.json
1269d6f071b7977e4135ca261810da1af596b3a2,1587152581,8.12.0,package.json,yarn@1.21.1,package.json
da2724caf26d831fb160d285faad4ebe968f4d30,1587154947,8.12.0,package.json,yarn@1.21.1,package.json
31192c561c5f06190daf81de1005f9c5808d230b,1587182402,8.12.0,package.json,yarn@1.21.1,package.json
2d1d48824944cd09711f13149a7835ccc426c123,1587264412,8.12.0,package.json,yarn@1.21.1,package.json
6d1690b9570c4c7bedd6bb5623898cec981c7a23,1587330840,8.12.0,package.json,yarn@1.21.1,package.json
e317b28507d41a9a238202e5800ad47f1b2479cf,1587355202,8.12.0,package.json,yarn@1.21.1,package.json
4cad374a32b1b8e426c8cae2672a79a7b0f98298,1587417793,8.12.0,package.json,yarn@1.21.1,package.json
216abfd7157a79866211b54280c88d808ff28fbf,1587417823,8.12.0,package.json,yarn@1.21.1,package.json
c46051eb95a15f086c4ad7d641f2282f38431296,1587417845,8.12.0,package.json,yarn@1.21.1,package.json
824d78fb1f7818e9b4c81994c9682de1efab7016,1587417845,8.12.0,package.json,yarn@1.21.1,package.json
61726e82379f9998e7ef79a0601c5cc7e6feed12,1587417845,8.12.0,package.json,yarn@1.21.1,package.json
c4682f22a5c2fb1fe9a625bdfb40b059688d1328,1587424049,8.12.0,package.json,yarn@1.21.1,package.json
093723d22fb45bb7d09e7a990808f1cb252bda16,1587441603,8.12.0,package.json,yarn@1.21.1,package.json
35899e83caeb6e8ec5346def70d0940c2b0caede,1587488142,8.12.0,package.json,yarn@1.21.1,package.json
243a9973c07cb86e5f83468d917d164553e118c5,1587495682,8.12.0,package.json,yarn@1.21.1,package.json
2cff7c5f93e04a9bd09e7ded6f8cfc54e9808cde,1587497516,8.12.0,package.json,yarn@1.21.1,package.json
37f72589e7508528e5e7bf0d44cb63202a48802a,1587503263,8.12.0,package.json,yarn@1.21.1,package.json
0a170989b8aec44e44175ef40509c75a051d23f8,1587503263,8.12.0,package.json,yarn@1.21.1,package.json
79e4a3f18abc8308325bee5af5985c15e23d7326,1587503263,8.12.0,package.json,yarn@1.21.1,package.json
706de7c49a436a3050398e03a69b88214176d8d4,1587503263,8.12.0,package.json,yarn@1.21.1,package.json
876f7923091df5ac2d56fbcc9759f8d7163e1b66,1587503263,8.12.0,package.json,yarn@1.21.1,package.json
0538ee2fbeb06b0e84b3384bc54192b305b5ac88,1587503264,8.12.0,package.json,yarn@1.21.1,package.json
79b723fff787aed32a0ae77f90a43a0170502dac,1587503264,8.12.0,package.json,yarn@1.21.1,package.json
5e29d19dfaa83962053b03467947760ce7160bab,1587503264,8.12.0,package.json,yarn@1.21.1,package.json
76683334cb06031691faa6bb9ce81b34eec3b034,1587503264,8.12.0,package.json,yarn@1.21.1,package.json
bbd5f2535bf308818d2bbb00a7974d4f779c1c5e,1587503920,8.12.0,package.json,yarn@1.21.1,package.json
74684ccdf535411c50365ed455945dc3db1de78e,1587505659,8.12.0,package.json,yarn@1.21.1,package.json
2de15ead0ca66883d37dece9738966210050c3a7,1587528003,8.12.0,package.json,yarn@1.21.1,package.json
783c0fef305110f4020c10f007da0ddd2900ce39,1587580859,8.12.0,package.json,yarn@1.21.1,package.json
41e5ae08524d30c2bf08c1697082ef9ac46d155d,1587588313,8.12.0,package.json,yarn@1.21.1,package.json
e855b6f1bdfaf9d8c42714e01065d38ddca6ad59,1587591902,8.12.0,package.json,yarn@1.21.1,package.json
dd7dd9750fd33caf9a13155955a4f526a7b74c46,1587593656,8.12.0,package.json,yarn@1.21.1,package.json
2f997bda6a93beb88368b561b89388d7306918b7,1587614403,8.12.0,package.json,yarn@1.21.1,package.json
b1c1407b1abfa7f9299a2317d891cfc16fa45937,1587653800,8.12.0,package.json,yarn@1.21.1,package.json
3273d16c5e02333480b2b441f040ea10beb6c60a,1587655190,8.12.0,package.json,yarn@1.21.1,package.json
35b8e7585139e82092c482505425851e9c4e5895,1587655280,8.12.0,package.json,yarn@1.21.1,package.json
145ec9b2ac32aaa7d458629a25811a010fd53ce0,1587657433,8.12.0,package.json,yarn@1.21.1,package.json
2ebd14bc9465188d9567be0620b500ed322a8c41,1587657618,8.12.0,package.json,yarn@1.21.1,package.json
774f0c3fcbe74445c2fc58657964d1c7ee21dbf0,1587657692,8.12.0,package.json,yarn@1.21.1,package.json
cae1d4702e764b3a3bb9c95a37567fdbc7583ed2,1587659431,8.12.0,package.json,yarn@1.21.1,package.json
872323a8d2fd78f0ee2d94e5413172b82274c9e3,1587674759,8.12.0,package.json,yarn@1.21.1,package.json
742eda51995c4f132df9b2c0d34cf828ba69f405,1587680977,8.12.0,package.json,yarn@1.21.1,package.json
f29dc03cfdb9ea66228444b3d25c1d49f7cebec7,1587682474,8.12.0,package.json,yarn@1.21.1,package.json
74ea5fad61ddef0de4af8aeec2a42af304813aed,1587686191,8.12.0,package.json,yarn@1.21.1,package.json
6962fbfae76f15072afb0743be1f89a478068a68,1587747588,8.12.0,package.json,yarn@1.21.1,package.json
696711246ed3d1aae572dd31bc546cdd8567058b,1587747588,8.12.0,package.json,yarn@1.21.1,package.json
4baaa53691e7d93e277d71a1ee1d82fa49515cd4,1587748973,8.12.0,package.json,yarn@1.21.1,package.json
e01b8866404c4aae26e46667471ca03214bdc311,1587751381,8.12.0,package.json,yarn@1.21.1,package.json
c4cd43ee49db2daf17fdef5ba2b985420c4d57ba,1587751449,8.12.0,package.json,yarn@1.21.1,package.json
b9d5b9bce803a1644e4aabba1e17f3cc90c6028c,1587751449,8.12.0,package.json,yarn@1.21.1,package.json
2474d56a300e6886d6aa66d7a37d41deade04d62,1587752024,8.12.0,package.json,yarn@1.21.1,package.json
626a6b858448f09f03ad9f576743f653bd738fa6,1587753997,8.12.0,package.json,yarn@1.21.1,package.json
ad56e36ef10b0a0fd159775a29f313b85fd78b83,1587756216,8.12.0,package.json,yarn@1.21.1,package.json
0cb0d171d80d411fb5022cb61107bd020428e8c7,1587759964,8.12.0,package.json,yarn@1.21.1,package.json
6ea9d7ed7e3026c1c629d6a538cc33d8cdd8bf6c,1587761855,8.12.0,package.json,yarn@1.21.1,package.json
b7c0097448ff33915aefa542ca4863c6af0f86b1,1587761908,8.12.0,package.json,yarn@1.21.1,package.json
c903017ee2ace48ee036aeda8e2043333d178b3e,1587761980,8.12.0,package.json,yarn@1.21.1,package.json
51a1ac0496a4ebc996e8731da4101ec212a8d4d9,1587763145,8.12.0,package.json,yarn@1.21.1,package.json
ea04b22f8a302ae954d15f71744e1cf722af9c45,1587763212,8.12.0,package.json,yarn@1.21.1,package.json
293730f0b8754e62a8c916b4e80707bf0c602afc,1587763213,8.12.0,package.json,yarn@1.21.1,package.json
fe1882b0eb358714eada9b6454b94d7ad08fc537,1587768780,8.12.0,package.json,yarn@1.21.1,package.json
ad44173ab5d9dd64ff05bf8c7ae1c558ec21bb7b,1587768923,8.12.0,package.json,yarn@1.21.1,package.json
54a543a118a13c0be136a3a08b91c08bda9dec0e,1587995441,8.12.0,package.json,yarn@1.21.1,package.json
98b480b3c941ccce43989ff5e09639b06f9437fc,1587995454,8.12.0,package.json,yarn@1.21.1,package.json
a17a7a9877ea597fae7fd3065339166ab34c0d97,1587998481,8.12.0,package.json,yarn@1.21.1,package.json
2cde759649e87b3a0f24db5a0b09432d4308c1f0,1588004566,8.12.0,package.json,yarn@1.21.1,package.json
ce40395e67c5ddb9461cd46f7712ce607724fae2,1588009724,8.12.0,package.json,yarn@1.21.1,package.json
93fc1eb97aaf341c61fd10aa817d9b49a1f42702,1588013905,8.12.0,package.json,yarn@1.21.1,package.json
af88e4fad1f5c15cf8290209308c09421e985ffc,1588020955,8.12.0,package.json,yarn@1.21.1,package.json
a57817a7c9c6684ec96666c09f23a83efaeca788,1588021117,8.12.0,package.json,yarn@1.21.1,package.json
fc45d319822c9a727ac1cb2787647b0d5ccbe738,1588023253,8.12.0,package.json,yarn@1.21.1,package.json
e12156f22f1cfe34bb2fa772dfe031863e1af2f4,1588131337,8.12.0,package.json,yarn@1.21.1,package.json
18b3f343d7516dbba383f7e0900d867946831af9,1588181005,8.12.0,package.json,yarn@1.21.1,package.json
5c3251c7fc7e6d1ee9738af62be3f07ae65a33d5,1588262164,8.12.0,package.json,yarn@1.21.1,package.json
4134f60c756d1909f68f28bcdd1cd3090e9e86b6,1588267522,8.12.0,package.json,yarn@1.21.1,package.json
9fd81c460c97699dc1a4a84adf38235efb71dfa3,1588268101,8.12.0,package.json,yarn@1.21.1,package.json
efe0c38600840350637ddbcae19b47c0e0c9dcdd,1588273374,8.12.0,package.json,yarn@1.21.1,package.json
693fe9b6e7233e743abd5c711d1875e56ea952c0,1588276751,8.12.0,package.json,yarn@1.21.1,package.json
ead9e2d75d7c9c02d452071d7db9eecfb85b1140,1588280300,8.12.0,package.json,yarn@1.21.1,package.json
14e791359dce6141e63ffe8d661fcc4921aac51d,1588280390,8.12.0,package.json,yarn@1.21.1,package.json
075923985cede0ad4b268a6b3389ad88a547e5f7,1588280606,8.12.0,package.json,yarn@1.21.1,package.json
1f69e052bd7b5a3ac8e6370eddf0d1ef1aef44f7,1588284276,8.12.0,package.json,yarn@1.21.1,package.json
707359d0c9a9668f01c2371574915db0b41b96c2,1588286925,8.12.0,package.json,yarn@1.21.1,package.json
f22ebd5cde9bd80b151b5eb8444239e69f9133a5,1588287501,8.12.0,package.json,yarn@1.21.1,package.json
a40272750294a68cc95bc02bfead19c4895e6b15,1588288061,8.12.0,package.json,yarn@1.21.1,package.json
af46e07ecb717c5be1ba3457cbce52478d0cc151,1588354510,8.12.0,package.json,yarn@1.21.1,package.json
2c8ccd00e774ac812eb84bcf98577c6ada4b5891,1588364835,8.12.0,package.json,yarn@1.21.1,package.json
49284022871e4a6e9d149b29a94cf417228913c1,1588372342,8.12.0,package.json,yarn@1.21.1,package.json
dc80240e9c9b96df01ce5c40f889ec52074ae748,1588372709,8.12.0,package.json,yarn@1.21.1,package.json
45e3e4c19f6aea8bd5e6723d4e655f500b42947d,1588375548,8.12.0,package.json,yarn@1.21.1,package.json
b3fda72b12ab62245e7e6798556c72985f79ae94,1588608700,8.12.0,package.json,yarn@1.21.1,package.json
c221d25e52a9d86b06f3fc73e182e5c9c4c616f1,1588615893,8.12.0,package.json,yarn@1.21.1,package.json
f661acf4714d04e599aa8098c3672f3a79704bb2,1588620430,8.12.0,package.json,yarn@1.21.1,package.json
cbf2194195077e58df1ffb5c57f3136a09b0a8e2,1588696745,8.12.0,package.json,yarn@1.21.1,package.json
1c62a652b642c59ade6cda3412c89ee12fea4f7d,1588701459,8.12.0,package.json,yarn@1.21.1,package.json
b4a916ffcee173bf04ccb533dc0fc9a24f22f401,1588704889,8.12.0,package.json,yarn@1.21.1,package.json
9f65f3b6aa4f00482b72a17102fe60f7f67bef6f,1588707109,8.12.0,package.json,yarn@1.21.1,package.json
04a08b525225fd2a488c39af662708cdf51cede2,1588715824,8.12.0,package.json,yarn@1.21.1,package.json
1ae3a9c383678935023ae1bd7077645357a0fd5b,1588781838,8.12.0,package.json,yarn@1.21.1,package.json
ca8cc32db039cfd0ebda59f83db28b9c1e3da796,1588787830,8.12.0,package.json,yarn@1.21.1,package.json
64808a097474815025c0dc7e24382b949e52769d,1588802573,8.12.0,package.json,yarn@1.21.1,package.json
9e1bc5774c1f5d08d641ac181a5a19042cdbd21d,1588857674,8.12.0,package.json,yarn@1.21.1,package.json
acbc658710eae7975a0a21387ed98307aedeb958,1588857733,8.12.0,package.json,yarn@1.21.1,package.json
b8c2c4c2b36ca53627a70f6a9cb4e8149e4ff78e,1588862552,8.12.0,package.json,yarn@1.21.1,package.json
7192cf5ce18d0f961acf1d771508a7a5d10d437b,1588867553,8.12.0,package.json,yarn@1.21.1,package.json
dabc8d31418cc36529ed58075c4738bd46896d71,1588870588,8.12.0,package.json,yarn@1.21.1,package.json
cd7218123363397d47d0a88d4c89dddf61f11ee5,1588876210,8.12.0,package.json,yarn@1.21.1,package.json
5de178f05f9f94446709b9ba8047c4054b47c1b5,1588878055,8.12.0,package.json,yarn@1.21.1,package.json
37b00bfef4eedf8fca7e29b1bb42bb7639908c92,1588879967,8.12.0,package.json,yarn@1.21.1,package.json
e1b5f32e6db53e5afe6cf42a5a4133ef7363288b,1588880584,8.12.0,package.json,yarn@1.21.1,package.json
7bbb2f382a8c055be71b8ac2be7dfa34e0a350ca,1588881867,8.12.0,package.json,yarn@1.21.1,package.json
426f72190f279cb3eb3f1557b189d5652baf6d74,1588882024,8.12.0,package.json,yarn@1.21.1,package.json
1fc42d93dfe96d450675d3fce0a440ba6299c646,1588882514,8.12.0,package.json,yarn@1.21.1,package.json
23143d45de72c8c1bda9217cbba0c08ad5d91fa9,1588884582,8.12.0,package.json,yarn@1.21.1,package.json
bb89683f4b0ac08afc814bad9abaee218dc89429,1588884681,8.12.0,package.json,yarn@1.21.1,package.json
4ef2a3549911d8d4512d73565a447b87fc4c775d,1588886888,8.12.0,package.json,yarn@1.21.1,package.json
ce8ac4084ec60373d4086154ee086506a7f3dc2f,1588888648,8.12.0,package.json,yarn@1.21.1,package.json
0ecf4b87eda47728a31f75d5ed19f2636a0513ad,1588892110,8.12.0,package.json,yarn@1.21.1,package.json
55871bc258ff889f12fd357830a81713f96b3be9,1588892647,8.12.0,package.json,yarn@1.21.1,package.json
67f2e12fb63c7192abdd6c2842393afb3597ddbf,1588893257,8.12.0,package.json,yarn@1.21.1,package.json
27626078921f310538b8fed5f854c383e60160f8,1588893480,8.12.0,package.json,yarn@1.22.4,package.json
4c4bede0de8d59f388279f020f9b06503e9bee24,1588895581,8.12.0,package.json,yarn@1.21.1,package.json
6fdceb9551d69156ca068831ae883b5aabdd5170,1588895720,8.12.0,package.json,yarn@1.21.1,package.json
0afbdd512c6da7d77f3fb123c5072a7d62336c0b,1588896059,8.12.0,package.json,yarn@1.22.4,package.json
7b00b6d0faf5eae21f5f7d503678291de7d00a0e,1588904573,8.12.0,package.json,yarn@1.22.4,package.json
8c99a8ae788b89989b6e0b20b9b312cba3237c61,1588948180,8.12.0,package.json,yarn@1.22.4,package.json
f402b70a2929fbf5e46e67641e795e13acdbb07c,1588949305,8.12.0,package.json,yarn@1.22.4,package.json
22486ee14b6f93357ba6551d04bd98fc1c0c3e67,1588959630,8.12.0,package.json,yarn@1.22.4,package.json
f395f016f2d1d6549f94a0eaae50f2cd54110cbe,1588959933,8.12.0,package.json,yarn@1.22.4,package.json
f2584a8dcec0692c8e9007eb89079794012623e6,1588960145,8.12.0,package.json,yarn@1.22.4,package.json
f3dc81b442a48a981ed8e1560c3e67247ecbe04a,1589295128,8.12.0,package.json,yarn@1.22.4,package.json
4673ecb8c6540400865f9997f0ed6e7a2acacb62,1589391083,8.12.0,package.json,yarn@1.22.4,package.json
93c9df3cb906cae0622e8702a763195d43b0e96c,1589398371,8.12.0,package.json,yarn@1.22.4,package.json
acf6d3e899af8f3ccaa4e599c5982bbd30fbf6ee,1589398545,8.12.0,package.json,yarn@1.22.4,package.json
5e031264c478b9504227d403bd10b2dec853d308,1589403015,8.12.0,package.json,yarn@1.22.4,package.json
01426c86e34975201eb69119bd66d051e2762fad,1589403015,8.12.0,package.json,yarn@1.22.4,package.json
073151e257a15f6929970cf88d29b1c5cce2ed74,1589403015,8.12.0,package.json,yarn@1.22.4,package.json
a11efc51c029e60cd1d634dc058710b27ab486b4,1589404776,8.12.0,package.json,yarn@1.22.4,package.json
8f380c0210eb941e112202841f13aa8d82d8e751,1589405505,8.12.0,package.json,yarn@1.22.4,package.json
86df694ef6062f4832a4a000733df8ef9b9f94ec,1589494204,8.12.0,package.json,yarn@1.22.4,package.json
b3f042f3c0f7875c33e850f6a8e20f8b5ebf3f6b,1589494467,8.12.0,package.json,yarn@1.22.4,package.json
cfa85330ed1388360f00528eb1b5b0362982bcfb,1589494707,8.12.0,package.json,yarn@1.22.4,package.json
b2bbec0b85aea0fa37be9727f96b5d41a23e9d7f,1589496013,8.12.0,package.json,yarn@1.22.4,package.json
c7560c272dcc2a63a0942123daff6e7957c853b9,1589496252,8.12.0,package.json,yarn@1.22.4,package.json
648e1480f30b23f599c0e40598010d1e1c53f575,1589550021,8.12.0,package.json,yarn@1.22.4,package.json
e8f07936df95df8c2b7bdcfb8464b617f7ccb086,1589553070,8.12.0,package.json,yarn@1.22.4,package.json
654433612b4a0293b61998f34eb10ca2d93c1b23,1589556851,8.12.0,package.json,yarn@1.22.4,package.json
399b97e9cbb3129a2bc914d432e5d73d20cbeaf3,1589562901,8.12.0,package.json,yarn@1.22.4,package.json
d946bc45727030d7c0c7661f0804cb8dfe689618,1589562941,8.12.0,package.json,yarn@1.22.4,package.json
3a6cf66e5453b01602987e5a86eb4583c02846e5,1589568088,8.12.0,package.json,yarn@1.22.4,package.json
7822119cef2173da3d39b35ef042791d46cb1a54,1589579984,8.12.0,package.json,yarn@1.22.4,package.json
790cc59e5dfdf3050097f6305b91ec4c571808cc,1589579984,8.12.0,package.json,yarn@1.22.4,package.json
09ea9a83379f43db66781ed1cde847661c229375,1589579984,8.12.0,package.json,yarn@1.22.4,package.json
981fb9f8ed7e5b1a4bb45d3f90a42a8562f50cac,1589579984,8.12.0,package.json,yarn@1.22.4,package.json
0b7a7e1bc3a84b7e96eb23b2355789e7477335cc,1589579984,8.12.0,package.json,yarn@1.22.4,package.json
443023fb7602d2834c1439a88b44a4c40350d3eb,1589579984,8.12.0,package.json,yarn@1.22.4,package.json
74eaa1c72b20fa4ceea3e0a0c1d53588399c2563,1589579984,8.12.0,package.json,yarn@1.22.4,package.json
c63eaee8677825eaa9a79781a040c7a323aecc74,1589579984,8.12.0,package.json,yarn@1.22.4,package.json
bae56ca6c5ff0c81f0291944c04fe51287d95705,1589579985,8.12.0,package.json,yarn@1.22.4,package.json
dcc479f45f9921dfbc2748cd584df4cec880c009,1589579985,8.12.0,package.json,yarn@1.22.4,package.json
39efab182fa407cfed4845004d9f2a437817b07e,1589579985,8.12.0,package.json,yarn@1.22.4,package.json
aaf919e61eb03e3ba4aa6e9848a17bc5a9de8850,1589579985,8.12.0,package.json,yarn@1.22.4,package.json
e9d45020da31e33a2445de87a22c46871e2ad386,1589579985,8.12.0,package.json,yarn@1.22.4,package.json
680ec2829a584e17b16010649c1dae5726e32cb4,1589579985,8.12.0,package.json,yarn@1.22.4,package.json
7563cdefaeff66d65ae547b58aace36ba63dfd5a,1589579985,8.12.0,package.json,yarn@1.22.4,package.json
a5f5c2d855e743ba4666c75cae0463d6c193cb76,1589579985,8.12.0,package.json,yarn@1.22.4,package.json
6b58e3446380b3e2b1f2c5fab2ec6dbdff57f530,1589579985,8.12.0,package.json,yarn@1.22.4,package.json
17df1edaca0f868b2a3e36baf078364ee8942584,1589579985,8.12.0,package.json,yarn@1.22.4,package.json
0bcf4809624f0dc7bd5d9169c2bef3172281b57c,1589579985,8.12.0,package.json,yarn@1.22.4,package.json
e8cf4ea7d2223e6ab8f9ad67c70837d146466807,1589579985,8.12.0,package.json,yarn@1.22.4,package.json
e45df9b71e487a3aa7e094300e1d41fd0af8382c,1589579985,8.12.0,package.json,yarn@1.22.4,package.json
196874469379bb5eaeaf6343d71ae11780e2c038,1589579985,8.12.0,package.json,yarn@1.22.4,package.json
a4186555d1a9052ff08d498210b3159b4c95fc54,1589579985,8.12.0,package.json,yarn@1.22.4,package.json
baf4298677a812ac549cb9eb4d8db2ae8d0e6645,1589579986,8.12.0,package.json,yarn@1.22.4,package.json
da29a2bec94b7964f3c5c7d76ec3cf16327d5ae6,1589580405,8.12.0,package.json,yarn@1.22.4,package.json
9c8734ab1138ced1d1109cae6a68c12810de802d,1589601604,8.12.0,package.json,yarn@1.22.4,package.json
04bfea337435c15c09e3c099d0ee1d68bded986c,1589751374,8.12.0,package.json,yarn@1.22.4,package.json
74048719d02bbed7b9922e4ddd7236366921662d,1589816808,8.12.0,package.json,yarn@1.22.4,package.json
629f23a1c3abac72f8260c04eea3601ba512db96,1589816953,8.12.0,package.json,yarn@1.22.4,package.json
f67f0d62ddafc54372450518cf9c65f256838510,1589840041,8.12.0,package.json,yarn@1.22.4,package.json
2b5f37eea5903fdba43f14b6833c39d14d7bbef2,1589840936,8.12.0,package.json,yarn@1.22.4,package.json
fe929f7a661c95ea3ce17200396deabf46b2c2ea,1589860802,8.12.0,package.json,yarn@1.22.4,package.json
51e8164a24728f9ad25dbe78521c1eaa9f897982,1589917773,8.12.0,package.json,yarn@1.22.4,package.json
f832aa56fb351fdb0f918a353202d4b0257e7cbc,1589919304,8.12.0,package.json,yarn@1.22.4,package.json
f2f13b425389fc26c537613a9f4095484e676af6,1589920200,8.12.0,package.json,yarn@1.22.4,package.json
96a64ff14dc71b916013eaae56f764295892a190,1589926502,8.12.0,package.json,yarn@1.22.4,package.json
6617aa7ad71e42934602ced5372c7242db36e5ed,1589947202,8.12.0,package.json,yarn@1.22.4,package.json
13e761000593801d3ffa1c73f1c238c97f11a0fe,1589953294,8.12.0,package.json,yarn@1.22.4,package.json
2bfcd63ead8f254d87ecb5f2f2fc8012e79d253a,1589954068,8.12.0,package.json,yarn@1.22.4,package.json
5991d3eb06d8db97dd9bb09e73b09dd42efe7995,1589983331,8.12.0,package.json,yarn@1.22.4,package.json
12f1cde9fcb8be2bd953f7c706cd5ef651051c40,1589987006,8.12.0,package.json,yarn@1.22.4,package.json
03a8e3b6a850d27a61fc5845d5825fccec0cbb29,1589999465,8.12.0,package.json,yarn@1.22.4,package.json
55bfda0aad761c9815514bb22dc9bcd2893c8ce5,1590081246,8.12.0,package.json,yarn@1.22.4,package.json
11c674d253aea194a929ce4f5d48f015fdf48d37,1590081937,8.12.0,package.json,yarn@1.22.4,package.json
dd2b015fc139ba6d9d754b445e090d2d36465589,1590088426,8.12.0,package.json,yarn@1.22.4,package.json
7aeee76346f9b20353c603ca20fc99585d1c80dd,1590090496,8.12.0,package.json,yarn@1.22.4,package.json
3c94aa9e1158e9d1fd1db642e3b41035fdbcac73,1590105550,8.12.0,package.json,yarn@1.22.4,package.json
9a91e3803f4a2fe3e7ec185c043356f2409f4d2b,1590105601,8.12.0,package.json,yarn@1.22.4,package.json
6f5554c36d9fa6e4fc0c857eeba1912880baf184,1590162746,8.12.0,package.json,yarn@1.22.4,package.json
d0041132b7bf771373f44d548226144846a7f335,1590167293,8.12.0,package.json,yarn@1.22.4,package.json
4089ea5a9a1fd13eb69d195177b7f03ac1de598a,1590170385,8.12.0,package.json,yarn@1.22.4,package.json
4f314d752838285b9674bf2ed0b5005f9ca5d4a9,1590172685,8.12.0,package.json,yarn@1.22.4,package.json
ee96fb7a4727f604e63b8b5903e012f88cbd2f6b,1590175257,8.12.0,package.json,yarn@1.22.4,package.json
71a1cb51f604b6b0ff7040b7010b9bb0d72639b1,1590181896,8.12.0,package.json,yarn@1.22.4,package.json
ba7b03ab64aa6e53e5184313707bf3ea2f3920d7,1590206402,8.12.0,package.json,yarn@1.22.4,package.json
92770d5c83b2c4afed400d0410d3f4442aa44c10,1590252950,8.12.0,package.json,yarn@1.22.4,package.json
6e63f29ef89658a75ea06027ccd94f8e23b165b6,1590262862,8.12.0,package.json,yarn@1.22.4,package.json
911b6941eac903c2acc096c1b3014d579c3e59ba,1590497766,8.12.0,package.json,yarn@1.22.4,package.json
64b365d5c8f7ea32bf437f6ff70f88ac1e8efa5c,1590498216,8.12.0,package.json,yarn@1.22.4,package.json
ad964a7dec12fb951e4d2273606dd491e0dfc48d,1590510376,8.12.0,package.json,yarn@1.22.4,package.json
6aedfeb79b106955ad058b1d107f8ec930458e8b,1590512959,8.12.0,package.json,yarn@1.22.4,package.json
0b93d6b72827bdc757f8ba13105c66f776031ccf,1590515279,8.12.0,package.json,yarn@1.22.4,package.json
93560ed7cd1421b15aabaeac43444e1ad0da8f7a,1590517672,8.12.0,package.json,yarn@1.22.4,package.json
5c7990479dd0c54f5c264cbc4ecd33f949694076,1590528307,8.12.0,package.json,yarn@1.22.4,package.json
3e22b843ffad9b69af717b742c47d5c1da2edd7b,1590592550,8.12.0,package.json,yarn@1.22.4,package.json
5585817451ec6310a9bac447fefd90f684f630a3,1590596554,8.12.0,package.json,yarn@1.22.4,package.json
65a621b2d7e3474e7ea89fa5ed08f6d7e4bcf1ef,1590604934,8.12.0,package.json,yarn@1.22.4,package.json
e5dbfeeb6f8f2a09674f96c20d190e3b08949f19,1590606888,8.12.0,package.json,yarn@1.22.4,package.json
adfa74e6bc330964195436817d528dc0a51e810d,1590608384,8.12.0,package.json,yarn@1.22.4,package.json
7eb2b6e44a09ec893699bfd30d31a864ed3d596c,1590609809,8.12.0,package.json,yarn@1.22.4,package.json
440cd725a3f64e5c9da3bc41e7e87afff649115c,1590610270,8.12.0,package.json,yarn@1.22.4,package.json
ad2e65173e4f438768af33b5beb2aa41230b271e,1590632730,8.12.0,package.json,yarn@1.22.4,package.json
f9d12c1a945b30b84fe501dee86f641b9a23cd0b,1590632866,8.12.0,package.json,yarn@1.22.4,package.json
108d8ffb19e454894a8274b837245468ced3b850,1590638402,8.12.0,package.json,yarn@1.22.4,package.json
394a9473dcb07c4fffb48a04a1a4735b1f9c4280,1590672251,8.12.0,package.json,yarn@1.22.4,package.json
da1ca9a1790c21252ebd7d350b7a6ca52a743287,1590672252,8.12.0,package.json,yarn@1.22.4,package.json
1ef0702b987fad3b92eabfb683aca47108b79a66,1590672920,8.12.0,package.json,yarn@1.22.4,package.json
89e0b01cb0ddd1380884ea06f5f8ae6ac1b83bd8,1590672920,8.12.0,package.json,yarn@1.22.4,package.json
fc302e289c84b3fc5582e837bd3b1b56a9b03c5c,1590676197,8.12.0,package.json,yarn@1.22.4,package.json
7915a2a0d572b782de631411aa9e815c92db34d5,1590684895,8.12.0,package.json,yarn@1.22.4,package.json
e14497040898dc295c02c6eb86cf60c90d481a63,1590689454,8.12.0,package.json,yarn@1.22.4,package.json
0e9fcb88c77f4f2ad204c9616064cd902e7992e5,1590689797,8.12.0,package.json,yarn@1.22.4,package.json
78dfab745dcf69f06748c5f037e070d25edc9696,1590696901,8.12.0,package.json,yarn@1.22.4,package.json
35fbe479c22a0f13badeaf1130c1dd46d3c2637a,1590700882,8.12.0,package.json,yarn@1.22.4,package.json
74ed79e88b73ba4900468e7dafacd93fa91c31cb,1590704411,8.12.0,package.json,yarn@1.22.4,package.json
2fa47438273612628ca3ab71d5198321e289d8f3,1590706126,8.12.0,package.json,yarn@1.22.4,package.json
6bee44106806a475d18ebeda21de17b03d16dd54,1590724802,8.12.0,package.json,yarn@1.22.4,package.json
b182eb688d3175755c37af4f364b42f362d333c6,1590783564,8.12.0,package.json,yarn@1.22.4,package.json
05b4f84d6727e8c96b177588a9c776b62fee5ed8,1590811203,8.12.0,package.json,yarn@1.22.4,package.json
76767af812f322abf4f6843a4ab4aa6fa2be50f7,1591031944,8.12.0,package.json,yarn@1.22.4,package.json
31b940ec99b01cc0c79576472155f22f7663fecd,1591035697,8.12.0,package.json,yarn@1.22.4,package.json
6b83a1cb1cb5062a4ebcd39f0db7b0d3832e6965,1591041637,8.12.0,package.json,yarn@1.22.4,package.json
16f166febc1ca62dde726d771f4a84399f4f7737,1591041663,8.12.0,package.json,yarn@1.22.4,package.json
032de4bc8911302773697a65e9a15f18fa348cc6,1591043008,8.12.0,package.json,yarn@1.22.4,package.json
f2abc4d2239b3d355fdaf9c670c7dec5e40c59e0,1591043526,8.12.0,package.json,yarn@1.22.4,package.json
3a67bd65fd199aa1a1581a4b57cb0fd38bcb8bde,1591045432,8.12.0,package.json,yarn@1.22.4,package.json
392c76f3f8c618b8b13a52ca3d0a1a28b03557cf,1591045593,8.12.0,package.json,yarn@1.22.4,package.json
805313ae900cbc7c1a34bf82afc46e4992803543,1591046127,8.12.0,package.json,yarn@1.22.4,package.json
33a9fa8a3dfe2e34018df207cc399085fa256fb8,1591049642,8.12.0,package.json,yarn@1.22.4,package.json
adad0b3784dc6c098e5cfa37aeaf03597a0bfda2,1591049801,8.12.0,package.json,yarn@1.22.4,package.json
542ae2b35e7b6bebda0eb8d32f490d42529ffb8d,1591051226,8.12.0,package.json,yarn@1.22.4,package.json
c1a8ff91c01d014a014dd015b4fbfaf577f6a086,1591070402,8.12.0,package.json,yarn@1.22.4,package.json
3df037a07448ed278c4b96e0b8358fb5fb4673d4,1591079750,8.12.0,package.json,yarn@1.22.4,package.json
89064b72a314713ead5f663edeb2600e887e53d3,1591106962,8.12.0,package.json,yarn@1.22.4,package.json
2552e2f24ddb084f67d3daf03263c534b2fd913c,1591108837,8.12.0,package.json,yarn@1.22.4,package.json
4e1bca81a33831ae2ac74b5de628bd367c58c965,1591109960,8.12.0,package.json,yarn@1.22.4,package.json
820b3beaaab67f133f19015c915dd225b1ab943b,1591123712,8.12.0,package.json,yarn@1.22.4,package.json
41c23070f378dc3929acf7c04e78d0482876b8f6,1591126056,8.12.0,package.json,yarn@1.22.4,package.json
683d3d546d6c8f2856ab7191053bbabb7a116572,1591126215,8.12.0,package.json,yarn@1.22.4,package.json
f98d5dcc14d43b53755f31ca95f5399af4579cd1,1591126880,8.12.0,package.json,yarn@1.22.4,package.json
41da3d06e460b75a2287f37b9d0ec3db9a62997e,1591130274,8.12.0,package.json,yarn@1.22.4,package.json
fabdf51cf89bbd98d1b0af475354c49d32e6bec1,1591130942,8.12.0,package.json,yarn@1.22.4,package.json
fbf37f8e42d2fa87343da521a37dd943776b383d,1591132131,8.12.0,package.json,yarn@1.22.4,package.json
1cf1c434a165d0d0385c60ec18d3066b6ec675a9,1591156803,8.12.0,package.json,yarn@1.22.4,package.json
a09d60f95ed9f14b10e385927ddeeba11c476230,1591214899,8.12.0,package.json,yarn@1.22.4,package.json
c2f1b4869d1bf418cd6648d803321d8111ec47a8,1591219854,8.12.0,package.json,yarn@1.22.4,package.json
29fde2ca6d1d582557b883e1e1cf0b7427c1c1ca,1591220624,8.12.0,package.json,yarn@1.22.4,package.json
c527ad4a0da033498bd41b93dd3d85e5636517d3,1591221389,8.12.0,package.json,yarn@1.22.4,package.json
29072a97e08318f01a52d793b701cd826cc508cc,1591225394,8.12.0,package.json,yarn@1.22.4,package.json
dc2efa942ff2b952bef7f5c89caa84a2ef25577e,1591271576,8.12.0,package.json,yarn@1.22.4,package.json
0955e2cb0551264e804858ecfef928c2c0982b95,1591271767,8.12.0,package.json,yarn@1.22.4,package.json
07aeb7661aa65eb932767374298101b7e06228cf,1591286766,8.12.0,package.json,yarn@1.22.4,package.json
0ceb6100015a93e36cb67e69fe459dd280b9ea7d,1591287299,8.12.0,package.json,yarn@1.22.4,package.json
43cd86e8de9228c67d7978f68cb880c2653e1415,1591289463,8.12.0,package.json,yarn@1.22.4,package.json
7106c7a1018e5bb5ea5b484f782e9c8905e3d188,1591297808,8.12.0,package.json,yarn@1.22.4,package.json
9bc8a6542332ab3be32a7567f80a51b4314ea284,1591302328,8.12.0,package.json,yarn@1.22.4,package.json
8b77f74d2bcd4055c5509e77208df02d1f58317a,1591309098,8.12.0,package.json,yarn@1.22.4,package.json
adc34db99028a6f432b998c7591b2bada04a9756,1591367857,8.12.0,package.json,yarn@1.22.4,package.json
8f89b3f4a30d7c71509f4b153312d31124e2fa5c,1591368232,8.12.0,package.json,yarn@1.22.4,package.json
df2f3a78236534aa3e7cfc69f5a458f0d38df694,1591376569,8.12.0,package.json,yarn@1.22.4,package.json
aa752751ea7b31dba7743e7f89d2f9de4441941a,1591376569,8.12.0,package.json,yarn@1.22.4,package.json
435e074254a799999c018ab20e1f918d50c2eb1f,1591376569,8.12.0,package.json,yarn@1.22.4,package.json
5282d260730056290798f0d3fd5d2fd0449df968,1591376569,8.12.0,package.json,yarn@1.22.4,package.json
752c9071e091f6eb5a4cdd24cf52e2d0f98a03a3,1591376569,8.12.0,package.json,yarn@1.22.4,package.json
c1a77af9d3fa561fed5863428bb1db58e4f72c04,1591376569,8.12.0,package.json,yarn@1.22.4,package.json
11acd4ff967689bd387dadccaa7bae25f191c85d,1591376569,8.12.0,package.json,yarn@1.22.4,package.json
ffda6b2cc8aaeabd675f367103f81b2620928d01,1591380476,8.12.0,package.json,yarn@1.22.4,package.json
404843a2951d4abc619bc73628294b8d3fa61bae,1591380526,8.12.0,package.json,yarn@1.22.4,package.json
402ccbd76cb8c05838f7e938fb0abb4a5f802bc6,1591380920,8.12.0,package.json,yarn@1.22.4,package.json
82b6ff0eda9b8df91a948671d1b13f376ef93e4d,1591384865,8.12.0,package.json,yarn@1.22.4,package.json
185f7e9c9f2359a7155e4a4c1bce7a6dffac6eff,1591386344,8.12.0,package.json,yarn@1.22.4,package.json
0836597773e19801ee6185a9899866078806cb34,1591388123,8.12.0,package.json,yarn@1.22.4,package.json
56a803294db9c3bd90f6620ce44972aca0a528be,1591389568,8.12.0,package.json,yarn@1.22.4,package.json
cb74eedbcf7fcd8be7b40502d33fe32d22dd21d2,1591389594,8.12.0,package.json,yarn@1.22.4,package.json
c81e23e3156d8d810b842b04130079cf2dab7057,1591389594,8.12.0,package.json,yarn@1.22.4,package.json
69411b33fdfce11a576c8619272beb6a9309a222,1591389594,8.12.0,package.json,yarn@1.22.4,package.json
b2c2ff7a823eb2fb5810d94385f6973aac6c22fb,1591389594,8.12.0,package.json,yarn@1.22.4,package.json
252f767302252d8e5c4940eea54a299a397da5a6,1591389594,8.12.0,package.json,yarn@1.22.4,package.json
3a349f60cfd81c3845a76d70b1289139680b1f91,1591389595,8.12.0,package.json,yarn@1.22.4,package.json
4d510ea7bfb01713fd123cc9a97ba99fb7ecd6ae,1591390053,8.12.0,package.json,yarn@1.22.4,package.json
0ba9736bfdf494888df0510e1f0b9d4711bc8be3,1591395230,8.12.0,package.json,yarn@1.22.4,package.json
48b52ae07c47121cdaafc618f9d3707696c38ca2,1591411206,8.12.0,package.json,yarn@1.22.4,package.json
316f92f655b1395d1a0ab12b85f49e9b87721646,1591450350,8.12.0,package.json,yarn@1.22.4,package.json
b8abd7e069f4e60bafaefb9605feb7ea3e85e4b0,1591457940,8.12.0,package.json,yarn@1.22.4,package.json
84f363a281ddb76000fb0a7079db697f499f272c,1591458083,8.12.0,package.json,yarn@1.22.4,package.json
2a53a7317ca7d8e30a7e500bbda26143c39fdaea,1591632824,8.12.0,package.json,yarn@1.22.4,package.json
1edb060882b1baabcd9c97ad9a2467519be2ad40,1591643954,8.12.0,package.json,yarn@1.22.4,package.json
5487cdd1e1830faf514ef79f6d68f7f9b6bdb30c,1591650595,8.12.0,package.json,yarn@1.22.4,package.json
6d535bee9d4b1f054b6b807197429a4dcc4f29bf,1591650818,8.12.0,package.json,yarn@1.22.4,package.json
3d8fc0cb20ea6c0d55afa2c40c290f319be84ddb,1591652590,8.12.0,package.json,yarn@1.22.4,package.json
9138fba74062dc3cc724301e9d7eab4d5d079f3d,1591656269,8.12.0,package.json,yarn@1.22.4,package.json
cf24e7a31e2657759b6c95c2972867335cd5c50a,1591712906,8.12.0,package.json,yarn@1.22.4,package.json
b27a9088405ab34c304db316de118c62763f902b,1591720391,8.12.0,package.json,yarn@1.22.4,package.json
4a6b1c38ec188053a2b3a758991c2ddd58b28628,1591722226,8.12.0,package.json,yarn@1.22.4,package.json
13c770c38f4d812a470a4ac3ee7c226aab3acc00,1591724738,8.12.0,package.json,yarn@1.22.4,package.json
a6ca5323b405f7e1eb998893a19553b66d447a30,1591727578,8.12.0,package.json,yarn@1.22.4,package.json
b73f8559adc14adc08a7aaa5a812132aea5a77e1,1591727578,8.12.0,package.json,yarn@1.22.4,package.json
2e6c574c4bb9f9fb0c4b124fad16e34d67713abb,1591727578,8.12.0,package.json,yarn@1.22.4,package.json
b04cc4e5d911ac4bb611e0df33a5e7bc96640b86,1591727578,8.12.0,package.json,yarn@1.22.4,package.json
3f461cd9610a3c0fe3d55207709f96fbe4128458,1591727578,8.12.0,package.json,yarn@1.22.4,package.json
116c63ca68164b0298bcdca472cfee267627a1dd,1591727578,8.12.0,package.json,yarn@1.22.4,package.json
4d3620fe6ebeab2b66463b6f8dce8d5534c667e0,1591727578,8.12.0,package.json,yarn@1.22.4,package.json
7abca893d6d3ec2f35d5d142121a2b8be23385e3,1591729765,8.12.0,package.json,yarn@1.22.4,package.json
ac3c4e6b37b22e99d16dcbaa2b8aca093aefe9be,1591878938,8.12.0,package.json,yarn@1.22.4,package.json
1a78fa0769fa94faa2b4b16ef509e6ba903ee9f7,1591878988,8.12.0,package.json,yarn@1.22.4,package.json
21477db52eae8cc619011dcc376f25e5fdd10443,1591890358,8.12.0,package.json,yarn@1.22.4,package.json
a9436f21b77e6d1b75b48168f8641a4287483b03,1591896235,8.12.0,package.json,yarn@1.22.4,package.json
65c60b101c34b50181e29fb7419af6a0bc7e90bb,1591896373,8.12.0,package.json,yarn@1.22.4,package.json
2abdb287007a34350413b008d5368ed603ca7f4d,1591906106,8.12.0,package.json,yarn@1.22.4,package.json
e078784a778643a0c56b36a588291af9fc973619,1591981352,8.12.0,package.json,yarn@1.22.4,package.json
9f0d4dc1ae13dc46348dbfffe1bdec5f0300ec84,1591986488,8.12.0,package.json,yarn@1.22.4,package.json
78f34f141d845ea7372ed8dc068a9f5533daf690,1592231540,8.12.0,package.json,yarn@1.22.4,package.json
0c73aff5686dcda4b16ff84c000fb983678e9580,1592247416,8.12.0,package.json,yarn@1.22.4,package.json
1daaa76aa7a96b7505d77b767ff14a93e95d4ce1,1592247434,8.12.0,package.json,yarn@1.22.4,package.json
dfe2813aa892049781cb13f8e9bfe364c42ed54a,1592257324,8.12.0,package.json,yarn@1.22.4,package.json
40dc6800ccdf95eb98477417fb84989b1bb6b5ef,1592257329,8.12.0,package.json,yarn@1.22.4,package.json
bf835fb958df5c33c954edb0d961df7ee0df1e9e,1592257344,8.12.0,package.json,yarn@1.22.4,package.json
96248c2a711d34bdc0f3326b6d087c2d777d899e,1592257478,8.12.0,package.json,yarn@1.22.4,package.json
b917ce651d35dedf40ad34037b48bc3313167da8,1592313510,8.12.0,package.json,yarn@1.22.4,package.json
0d8affdd89868aeb0bde5950d4c754a279ac25bb,1592318846,8.12.0,package.json,yarn@1.22.4,package.json
de3cfdc810c79c5a65eb9c89786a3ac446274975,1592345562,8.12.0,package.json,yarn@1.22.4,package.json
6ac1e9cb25e7a19fa87ea577efe02b646504c1ae,1592345648,8.12.0,package.json,yarn@1.22.4,package.json
b1f9eb1650160f30ab9f9aaef8dbc4fd1d5d5eda,1592513950,8.12.0,package.json,yarn@1.22.4,package.json
167e018598bb00b401520e9a0ae84994a16f0bd1,1592514116,8.12.0,package.json,yarn@1.22.4,package.json
fe38f16237263bf028ea3110213cfaf3bc340fa5,1592579448,8.12.0,package.json,yarn@1.22.4,package.json
a30bc7a99f20ec9589178ae5f0141a06df9f4b61,1592597723,8.12.0,package.json,yarn@1.22.4,package.json
2d08cbae36f9b9bd08416911dfc8521b2e1daed1,1592597865,8.12.0,package.json,yarn@1.22.4,package.json
736a20d96f04844bc3bf63197d9e57af776f1a6b,1592602540,8.12.0,package.json,yarn@1.22.4,package.json
443fa75daa0d4c8660d62a172120f24785d37283,1592602690,8.12.0,package.json,yarn@1.22.4,package.json
bf9bb370ac03a1b9d135717b5773ebbf93a5a717,1592842204,8.12.0,package.json,yarn@1.22.4,package.json
ae34d794b91bce6eee0bea898aa54890ee1b3c63,1592844670,8.12.0,package.json,yarn@1.22.4,package.json
590d69aea2f8864c727b0b7fe2eeacb2fa60a23e,1592861989,8.12.0,package.json,yarn@1.22.4,package.json
ec9cb603cdf8f9414a8dd33df8544dbb4f3c1c52,1592862146,8.12.0,package.json,yarn@1.22.4,package.json
b30478cc34a8d69f67a15dfeb80730ef962bd6c6,1592946626,8.12.0,package.json,yarn@1.22.4,package.json
bc78f85226188965a68b04300fcd71dfc96af016,1593125457,8.12.0,package.json,yarn@1.22.4,package.json
9fa46d046961143b543148521bc50534c70ff800,1593181486,8.12.0,package.json,yarn@1.22.4,package.json
70c9afafe1482ba27529c8d41bfbe8ca22c94c3c,1593191056,8.12.0,package.json,yarn@1.22.4,package.json
13b42ebfb70bf6e1ecaf49fdc7f866a37af2aaa5,1593191173,8.12.0,package.json,yarn@1.22.4,package.json
e9e1d4123822161664895cfe23c23dc773005a6c,1593194976,8.12.0,package.json,yarn@1.22.4,package.json
01c3338b6be2f638a9cf5e0dd07e9c257c660036,1593199854,8.12.0,package.json,yarn@1.22.4,package.json
063b190213aaef03e63bde71a95f603f6bccf4c6,1593199981,8.12.0,package.json,yarn@1.22.4,package.json
8f28e1540e5b011b93841895a7284d2ed3eb5ff6,1593201850,8.12.0,package.json,yarn@1.22.4,package.json
1e7fb804cb777bdef6d1157901f693fad94a7a2b,1593260096,8.12.0,package.json,yarn@1.22.4,package.json
2089c2ca66c4e646e65f4537822e966e99814bac,1593417374,8.12.0,package.json,yarn@1.22.4,package.json
8faed938c527461ef50264a0cfea5c7eb5070389,1593417374,8.12.0,package.json,yarn@1.22.4,package.json
75c60f2feca4171aa32bd64442e92b347a740791,1593417374,8.12.0,package.json,yarn@1.22.4,package.json
287b6e096df02967ca50e0453994395c90de5fc2,1593466947,8.12.0,package.json,yarn@1.22.4,package.json
9349315f0f313ab9a5d9611485b60d0b16877de2,1593532065,8.12.0,package.json,yarn@1.22.4,package.json
f8a67228cfe350ca49c765b7134ac4639437b70c,1593544380,8.12.0,package.json,yarn@1.22.4,package.json
8a918a2c7e0c3fb8a0c8a0355d998a6abf8f581f,1593544535,8.12.0,package.json,yarn@1.22.4,package.json
036296b6d070a08807820e1f9cf2f77dea0d964c,1593546552,8.12.0,package.json,yarn@1.22.4,package.json
feda09e4761894f7e842f833127003d7b7b7a363,1593546552,8.12.0,package.json,yarn@1.22.4,package.json
32da9c97cad45617d8b7c8b56ea710ee3201732d,1593546552,8.12.0,package.json,yarn@1.22.4,package.json
e196937fe1916aba43921622e8ac087ce8f3487d,1593546552,8.12.0,package.json,yarn@1.22.4,package.json
8a8ae83922eb05b607844f4cb34c0bd133785378,1593547290,8.12.0,package.json,yarn@1.22.4,package.json
2058758ffce323fb0e9ade16064f55ebc231ba4d,1593547290,8.12.0,package.json,yarn@1.22.4,package.json
8933366be3a6335e3603eb74bc6f4bc84354f923,1593547290,8.12.0,package.json,yarn@1.22.4,package.json
9cf762482a167feb4df7f1ca0e2f578da12a7de7,1593547425,8.12.0,package.json,yarn@1.22.4,package.json
13a235ce6a1f0c4b13482b455b3bee4afc135776,1593600062,8.12.0,package.json,yarn@1.22.4,package.json
76e19d74d3efece95763690c2b9645b97e5f203b,1593601095,8.12.0,package.json,yarn@1.22.4,package.json
8fd54fc9b11291cb23227d3dbba064ad7a1a9ce6,1593601134,8.12.0,package.json,yarn@1.22.4,package.json
6210b65b88212d19a12b7071327eca119b89290f,1593604876,8.12.0,package.json,yarn@1.22.4,package.json
32b1d83ff92bebdbb41a092ccc6779868d58f9df,1593622548,8.12.0,package.json,yarn@1.22.4,package.json
34fbfb17bce6dcd03e743e6e5962941f37f2342e,1593628641,8.12.0,package.json,yarn@1.22.4,package.json
095a664c334b9aa57a3d5ae220bfbc538c4acef0,1593633755,8.12.0,package.json,yarn@1.22.4,package.json
a4a2afdd0e50726149a21069dcd362c84ddf4620,1593636736,8.12.0,package.json,yarn@1.22.4,package.json
9509f4890ea04197e8155dbed7f60978cb8c58ad,1594127836,8.12.0,package.json,yarn@1.22.4,package.json
ebfb1e5e003f33e92a19de2574ca6cb1c4ca7c2e,1594140832,8.12.0,package.json,yarn@1.22.4,package.json
47030aa6069d4d56e95d68ae39890b3b528893f2,1594140995,8.12.0,package.json,yarn@1.22.4,package.json
37cc494c8c01c3db8709223d9e19e9222c85824f,1594213348,8.12.0,package.json,yarn@1.22.4,package.json
68651508b39167a44b3973bcf73c919a27540ecf,1594218064,8.12.0,package.json,yarn@1.22.4,package.json
e6be05a45504df074a344d792d3cc6e9b54e3add,1594240920,8.12.0,package.json,yarn@1.22.4,package.json
3b5f9cd3afd4d880a6c49adf307cd4d6c0e1a8d1,1594245929,8.12.0,package.json,yarn@1.22.4,package.json
1c6644884aba20b7dd5cb027c400ba0f8a02dc16,1594245929,8.12.0,package.json,yarn@1.22.4,package.json
246c024bb8176a27c336e7c42b57bf9964e2558f,1594245929,8.12.0,package.json,yarn@1.22.4,package.json
8336d64ae9b755e5977ad8d13e027f35f398bf85,1594245929,8.12.0,package.json,yarn@1.22.4,package.json
2a3d44759f04994663c5df74c0529a6333753d9d,1594309723,8.12.0,package.json,yarn@1.22.4,package.json
37273ab102f77702bdc07ea2cdf2d1330e8c29da,1594397119,8.12.0,package.json,yarn@1.22.4,package.json
b479c2b9beb12d1cd4bb53d30de7f4b7350ab0db,1594398247,8.12.0,package.json,yarn@1.22.4,package.json
12c60e8ec4051911b3ac29057a29eb42e77492aa,1594749637,8.12.0,package.json,yarn@1.22.4,package.json
a1c9e12299fcc5576e53c111eb4b4e038c1df14e,1594749799,8.12.0,package.json,yarn@1.22.4,package.json
e436ae1207b55db6d4ca49c4a05f307e10b19231,1594913834,8.12.0,package.json,yarn@1.22.4,package.json
edce461227833027376a35003bd481d5a12b17c8,1594925779,8.12.0,package.json,yarn@1.22.4,package.json
c70ff9c5e5a4caf4a843bc5a0417af9ff763b13a,1594925779,8.12.0,package.json,yarn@1.22.4,package.json
67ebe81ec005f0b13fd50e3465f821f3475431f5,1594925779,8.12.0,package.json,yarn@1.22.4,package.json
f1a1506d0dc94108dab33fe9edcd5b964cb67402,1594925779,8.12.0,package.json,yarn@1.22.4,package.json
0354bb3511711331434171bb696a344f575518ac,1594925779,8.12.0,package.json,yarn@1.22.4,package.json
e8336940507a2437865de324ad26f2b94a266a7f,1594925779,8.12.0,package.json,yarn@1.22.4,package.json
28aa396b388a923c31600ba897b3ebc3559c82a0,1594925779,8.12.0,package.json,yarn@1.22.4,package.json
ce9aca681e7f83e69b331e6eba156390f792fa67,1594925779,8.12.0,package.json,yarn@1.22.4,package.json
f6a874d73721a06114d710eb7d2ddcfbf705a6eb,1594925779,8.12.0,package.json,yarn@1.22.4,package.json
681cf0ea49d487c33e6f7daf349e203e0f625a00,1594925780,8.12.0,package.json,yarn@1.22.4,package.json
d4783fd670d17be2199d0e7a318b04340efe92e1,1594925780,8.12.0,package.json,yarn@1.22.4,package.json
29a872e74c4edab734c235648f66bf0f5a5196fa,1594925780,8.12.0,package.json,yarn@1.22.4,package.json
3a129ff3044f7872f816575862b2554cb166759b,1594925780,8.12.0,package.json,yarn@1.22.4,package.json
d5ea6754da28b6bb847177020bcb979a6774254a,1594925780,8.12.0,package.json,yarn@1.22.4,package.json
9101a9adc0e7f3ae5621ed307500567f0fdb7ccd,1594926885,8.12.0,package.json,yarn@1.22.4,package.json
fa5149b93359be74c749b9e765686551900d1c0d,1594928705,8.12.0,package.json,yarn@1.22.4,package.json
fd3670673a784dad655b358567d7216e7c2779d0,1594933967,8.12.0,package.json,yarn@1.22.4,package.json
3d88542ea23bb5383230cfb58d5e0cd764bbc13b,1594935088,8.12.0,package.json,yarn@1.22.4,package.json
58412d7d3c104d84f6be435b7c18d863be7adb39,1594935088,8.12.0,package.json,yarn@1.22.4,package.json
08a9e51998f1b545cca2fdd205543086aecb0f3f,1594935160,8.12.0,package.json,yarn@1.22.4,package.json
c21e51118fc8c091d8388f46c5232185528098ef,1595009126,8.12.0,package.json,yarn@1.22.4,package.json
ebd33c72e8c85d0a1a312623c5e644cfc1cc467c,1595013487,8.12.0,package.json,yarn@1.22.4,package.json
994032249a560b3cbf722e5d1d52baf8d0dc7b05,1595013487,8.12.0,package.json,yarn@1.22.4,package.json
86b45a230a7d7fe00be85f3817d4a66f43d3bece,1595013660,8.12.0,package.json,yarn@1.22.4,package.json
2b0aa3b3e9f4e9762f15e03541120eace174bf06,1595013660,8.12.0,package.json,yarn@1.22.4,package.json
1e5e16b5e21cd73e5331b5170dbe2124e6a1341a,1595013981,8.12.0,package.json,yarn@1.22.4,package.json
6ff18fd3877c8fc21c827491491cf2cc20cd7a70,1595014073,8.12.0,package.json,yarn@1.22.4,package.json
41db6e3d19c853f05a23bdc10aef1a91d2bbb8ed,1595014074,8.12.0,package.json,yarn@1.22.4,package.json
3e29fe38ffc804de63ef91e159425b5820014458,1595014989,8.12.0,package.json,yarn@1.22.4,package.json
031121dca48147bfa61f916f3c95fd6f391094cd,1595015601,8.12.0,package.json,yarn@1.22.4,package.json
281697762499fad480949c22cd260b157f1310d0,1595015622,8.12.0,package.json,yarn@1.22.4,package.json
eec8af88fa28e609f36907a68b45fd94c425f7cc,1595016013,8.12.0,package.json,yarn@1.22.4,package.json
51b4173a378fefd126fb6685df16d44a0e9b89d9,1595016305,8.12.0,package.json,yarn@1.22.4,package.json
b8b2eb54f55ec6d541424d49a3ed2b1e8e850161,1595016562,8.12.0,package.json,yarn@1.22.4,package.json
1148c35f0086c4113a32aebf84b367a8925b0197,1595018636,8.12.0,package.json,yarn@1.22.4,package.json
a81c7a354cd9ffb59703b9f8c80bed69aeb45e53,1595018851,8.12.0,package.json,yarn@1.22.4,package.json
5a5de489c1b7e51292de7c384d7dc67f80c280b3,1595018969,8.12.0,package.json,yarn@1.22.4,package.json
4b2160049620b11e1a2689347f1869598e8adf7f,1595019317,8.12.0,package.json,yarn@1.22.4,package.json
7fdc9c9265b010aa8506ea1bb5be64ed72bb85ae,1595250522,8.12.0,package.json,yarn@1.22.4,package.json
e86175c845a23995a66abcb4ba4264a3f893d35b,1595250610,8.12.0,package.json,yarn@1.22.4,package.json
20ab96e81c8f3d10126b28d2662968a8d13b94e5,1595262374,8.12.0,package.json,yarn@1.22.4,package.json
6bb2b0455e09dd81772253dae0af630aa666f3b6,1595270798,8.12.0,package.json,yarn@1.22.4,package.json
09fc5e8c6546ba765099c1424defdb8e06c63815,1595270932,8.12.0,package.json,yarn@1.22.4,package.json
fa336d96d0c1d7d40a7ae4b4e108c4701528407e,1595271763,8.12.0,package.json,yarn@1.22.4,package.json
57c5237196a6f785b342b122b68b71f37cf53675,1595271903,8.12.0,package.json,yarn@1.22.4,package.json
85a6c026c84df046f24763000156d488a148de8e,1595275647,8.12.0,package.json,yarn@1.22.4,package.json
83b4004feeac6ce5a19367590eaa9ac072462900,1595275647,8.12.0,package.json,yarn@1.22.4,package.json
27d3d82047e2f8f880baed31a161432ebe77c822,1595275647,8.12.0,package.json,yarn@1.22.4,package.json
909206638be4a9ee4d3b25261cab23a7863ed87f,1595275647,8.12.0,package.json,yarn@1.22.4,package.json
5a5c752874a9c7efa8be66892d8aa6f9fbd23637,1595275647,8.12.0,package.json,yarn@1.22.4,package.json
831266c0c5a32ac334321e0520f2cd46d11ba9eb,1595275647,8.12.0,package.json,yarn@1.22.4,package.json
9d7d0265ae7488d126a2ac70c79367d4c15b9cb0,1595275647,8.12.0,package.json,yarn@1.22.4,package.json
41c69f3fab9f9bf0d29eec620297d604d3c75db0,1595275647,8.12.0,package.json,yarn@1.22.4,package.json
088c112ed59769dd9f41ef33fa931fa37cf853b3,1595275648,8.12.0,package.json,yarn@1.22.4,package.json
00d01eef4252910c7fcfae744a92541dc24f33d1,1595275648,8.12.0,package.json,yarn@1.22.4,package.json
0e236bc725e553ca3bbc913703d15c3de91577fd,1595275648,8.12.0,package.json,yarn@1.22.4,package.json
7e207fa4cf69f5de076bd5bdcddfe5b74f1a4b66,1595275648,8.12.0,package.json,yarn@1.22.4,package.json
c3f6866202a2c7d683e1b4f0e7777c0d84859a93,1595286376,8.12.0,package.json,yarn@1.22.4,package.json
de4ce7cbe2fc78e6831fbbee48a7fc28f5c32dea,1595336756,8.12.0,package.json,yarn@1.22.4,package.json
390d7c0748638de8fc238fd5dabed92172092720,1595337053,8.12.0,package.json,yarn@1.22.4,package.json
17b1e6578d714d8ec10edce1431c11868cbb3e30,1595337322,8.12.0,package.json,yarn@1.22.4,package.json
9e119156d2c0236f6e43b37aa00abb20f7cda2da,1595337498,8.12.0,package.json,yarn@1.22.4,package.json
253075deec07910e42906e73b7161c4e94912d7c,1595337656,8.12.0,package.json,yarn@1.22.4,package.json
ef723a28635ca1ab43941c509b2a17e758234932,1595337795,8.12.0,package.json,yarn@1.22.4,package.json
45d41a5be01411e712d365aceadeca4aab127b62,1595340210,8.12.0,package.json,yarn@1.22.4,package.json
92463eded13087e16d2cdbf66cbe3246b923e279,1595340600,8.12.0,package.json,yarn@1.22.4,package.json
b8652af5537a4336035b9421caf461a24f8787d3,1595340681,8.12.0,package.json,yarn@1.22.4,package.json
cc9e9609e62e31108d35120f559c26df0b8c35cc,1595342528,8.12.0,package.json,yarn@1.22.4,package.json
b243d483a1db7f2996c845a657ceb42ea68d4e7f,1595365996,8.12.0,package.json,yarn@1.22.4,package.json
7ffcb4472de9f8b85015ec069067d1e24ad7f19d,1595450094,8.12.0,package.json,yarn@1.22.4,package.json
75e156f8f485425afea1f9b5155cbcd5cb03748a,1595526922,8.12.0,package.json,yarn@1.22.4,package.json
7b2556f92831ad941d23a12a2fd43e744e52b7ca,1595539556,8.12.0,package.json,yarn@1.22.4,package.json
a6c1ec916423f621023f6b95d2f2589741ab6b6e,1595567571,8.12.0,package.json,yarn@1.22.4,package.json
1ca24c1984316c5b59bdaebee8b88ff1e6571d15,1595619603,8.12.0,package.json,yarn@1.22.4,package.json
10825340e86d6094b399a87d636a39b4694f7d7e,1595619617,8.12.0,package.json,yarn@1.22.4,package.json
318e3429b70992972161fc6e627a537fe568f5d7,1595857918,8.12.0,package.json,yarn@1.22.4,package.json
4c84325836f24608681e505ac1c3dd675dfcd67a,1595866304,8.12.0,package.json,yarn@1.22.4,package.json
aa1b259b4020995514148b8abab51cf7600ded63,1595869553,8.12.0,package.json,yarn@1.22.4,package.json
0d4c5e97537dc11393ed41701472acf0a0fa5af0,1595875034,8.12.0,package.json,yarn@1.22.4,package.json
582b90aa467e022120fcff2cf7e7b72ceda63de5,1595940875,8.12.0,package.json,yarn@1.22.4,package.json
135e049402b45da988fcb974168201086e964833,1595958382,8.12.0,package.json,yarn@1.22.4,package.json
a24d34dca2379fee0bbeefd7193a2faa96007322,1595958646,8.12.0,package.json,yarn@1.22.4,package.json
863aeb76ea3eea9e0356522ed946dd3e99769601,1595961213,8.12.0,package.json,yarn@1.22.4,package.json
555197e24e6651fabaf9a2c2029509e221c8d9a5,1595970526,8.12.0,package.json,yarn@1.22.4,package.json
d10ea958987ac84d154611edb64200834da199d9,1595971803,8.12.0,package.json,yarn@1.22.4,package.json
5a2e3a3abe15c5638fa24d9ac0080e3af0b3ce94,1595972217,8.12.0,package.json,yarn@1.22.4,package.json
c49afbd5f4c4ca988ce17a900b469b88908011b8,1596041721,8.12.0,package.json,yarn@1.22.4,package.json
06bf4ec781e13e27ae643e2796acd90b670a2c9e,1596044360,8.12.0,package.json,yarn@1.22.4,package.json
c1f2aee5e017ffac1a74be56bf20909c07b77b0b,1596049473,8.12.0,package.json,yarn@1.22.4,package.json
a43df8b79119231b3c56fed14be27b8e46ebba54,1596053900,8.12.0,package.json,yarn@1.22.4,package.json
3e7d1ee49531bad8873c9e3f78da6d929e52bb31,1596054275,8.12.0,package.json,yarn@1.22.4,package.json
6aec6ba512b897c6128d0ce9afe0a123d577106e,1596055763,8.12.0,package.json,yarn@1.22.4,package.json
fb4bee4c2f071fd9e365b395c49488b6321d8c6c,1596128765,8.12.0,package.json,yarn@1.22.4,package.json
3dffe5c075d1291cfa7ced3c5d100573e908713d,1596132191,8.12.0,package.json,yarn@1.22.4,package.json
c4bb8a514692d852c4547ba6aace49a7da422adb,1596133431,8.12.0,package.json,yarn@1.22.4,package.json
8dff17b7bf8789af9c27bc5dcf5083e90a315b35,1596147376,8.12.0,package.json,yarn@1.22.4,package.json
77fc0a9c82a762e3e73de51152b5b899c2d58ce3,1596229512,8.12.0,package.json,yarn@1.22.4,package.json
1faad39471e2806c327017d1c4e24cc68420ec4c,1596229773,8.12.0,package.json,yarn@1.22.4,package.json
c4dc2962b511e01d95f9070af04ec8579d5e26db,1596465702,8.12.0,package.json,yarn@1.22.4,package.json
e6470914774200b4482a28588b7546170fc50bd2,1596465702,8.12.0,package.json,yarn@1.22.4,package.json
58761d86f5d53bea39d9a667d7a946c3398ff36b,1596483650,8.12.0,package.json,yarn@1.22.4,package.json
78f1c944ff764504b174727ad7d2458d4d9d026c,1596483799,8.12.0,package.json,yarn@1.22.4,package.json
23f6e408a565ff6be2ac7453b812638d54138905,1596490348,8.12.0,package.json,yarn@1.22.4,package.json
f9d078a6e2ef95f17ac5d14ff50b7c37f3382563,1596491542,8.12.0,package.json,yarn@1.22.4,package.json
847a64880e7833005707639cf230c764d881fc75,1596498652,8.12.0,package.json,yarn@1.22.4,package.json
caeb99da7ce3162589699193eac7db90cb9fe029,1596549969,8.12.0,package.json,yarn@1.22.4,package.json
2dc233ebebc15de16cb39cf07303f327a67efb4a,1596550144,8.12.0,package.json,yarn@1.22.4,package.json
4705f5ebf51ae5d47a6fc74337bb65723b1ccd79,1596550298,8.12.0,package.json,yarn@1.22.4,package.json
2cfda03a98cad09c7b2fffabdc0fafd88a395917,1596566322,8.12.0,package.json,yarn@1.22.4,package.json
b5f7e404246457754cf3c86af7d211455028286d,1596566323,8.12.0,package.json,yarn@1.22.4,package.json
b6d583638b88453675d18cdd7650a553c6f28f63,1596566323,8.12.0,package.json,yarn@1.22.4,package.json
b79a46eb849c9b2c663418716b57081b08d6ee70,1596566325,8.12.0,package.json,yarn@1.22.4,package.json
ddb44fffaa11a3b3e7680110caeb6c7a68986792,1596569963,8.12.0,package.json,yarn@1.22.4,package.json
3d6ea2b8cff96502367e0c0113f0e4e612ab2371,1596573488,8.12.0,package.json,yarn@1.22.4,package.json
3081320cbade6a946f1801a2835a2891df2178e3,1596574544,8.12.0,package.json,yarn@1.22.4,package.json
1b22d91837f404b2a3f4a0edc3f37964b7b660b4,1596634076,8.12.0,package.json,yarn@1.22.4,package.json
d3d425d8c9deecfd3fffbf8ae56618b22c8a9690,1596634076,8.12.0,package.json,yarn@1.22.4,package.json
598a681b4b8bd42a6d38b350de28873004bc8fbc,1596634076,8.12.0,package.json,yarn@1.22.4,package.json
5b60ca9303e5531006e02faf12bdad36dc10390b,1596645935,8.12.0,package.json,yarn@1.22.4,package.json
d5a7674ca03f3e3dfdf41ff527577577980e4255,1596659550,8.12.0,package.json,yarn@1.22.4,package.json
dd6b631eed5510abf42719670519f9019981f02a,1596659872,8.12.0,package.json,yarn@1.22.4,package.json
e045ac48baf390031e481d68fb8aaaec82372038,1596661731,8.12.0,package.json,yarn@1.22.4,package.json
e2f76b961bc8ad28b5e5f3c2966dae37c1d940ec,1596740268,8.12.0,package.json,yarn@1.22.4,package.json
c50cafffad7e1472088d63aa03472c2d226b2e6d,1596740288,8.12.0,package.json,yarn@1.22.4,package.json
7ebdf22e094c530f361fec203013440060b2e92f,1596746806,8.12.0,package.json,yarn@1.22.4,package.json
ef5a948016abd506c0f52c6a34fe6c278c7e0da5,1596794611,8.12.0,package.json,yarn@1.22.4,package.json
d8cc2109aaff7784822b6586848570fd2c7055e1,1596794611,8.12.0,package.json,yarn@1.22.4,package.json
f609bd6c306ac419ae9582646ccb4c283c090640,1596794611,8.12.0,package.json,yarn@1.22.4,package.json
8a2c76ec40d2ca7409833d006c4611542319a809,1596796834,8.12.0,package.json,yarn@1.22.4,package.json
82a4483f80fc9499119b9aa89eac2f95e50b22f8,1596796836,8.12.0,package.json,yarn@1.22.4,package.json
081dd435811dcf174aae223381dc93e6dc5271bc,1596796887,8.12.0,package.json,yarn@1.22.4,package.json
ad2220a2948a0b6eb96b957c021c4897750f8416,1596813396,8.12.0,package.json,yarn@1.22.4,package.json
73dc1a0908ef0bc14aec2b26f40f727d2fb9ec86,1596825394,8.12.0,package.json,yarn@1.22.4,package.json
63ffb24bbad56121be0eec9e20d3193ec84faba7,1596825647,8.12.0,package.json,yarn@1.22.4,package.json
0b847f0790e699f44d9c344f5756aed6fcf71e93,1596825670,8.12.0,package.json,yarn@1.22.4,package.json
765c6c16902b8b0a044f2a6b9f1db3b7cc265d68,1596825988,8.12.0,package.json,yarn@1.22.4,package.json
886d9eb32d1de91cda247bf57a7c471873fa91ae,1596833448,8.12.0,package.json,yarn@1.22.4,package.json
33277e6ec3348129b303af9fa94ae6a0853ce3f3,1597050922,8.12.0,package.json,yarn@1.22.4,package.json
90d85ed4698d8d41fe1457955afddc844cf3fdd3,1597051300,8.12.0,package.json,yarn@1.22.4,package.json
f52ce3812eb4fc38cf2ac15aa44902187348fc2d,1597073700,8.12.0,package.json,yarn@1.22.4,package.json
caca020e747c006f9fbe16d8e8c30516a507836f,1597074430,8.12.0,package.json,yarn@1.22.4,package.json
8054a59fd4f02551be6f17c368491522b88308b3,1597074580,8.12.0,package.json,yarn@1.22.4,package.json
2b07bce1133126fda951ba22f9f39714bf860a81,1597075276,8.12.0,package.json,yarn@1.22.4,package.json
c28730694c83051e54e028887afa90345e54361e,1597075508,8.12.0,package.json,yarn@1.22.4,package.json
16b145e735ebf979b6c609af3cc7b050a3b28ec9,1597075551,8.12.0,package.json,yarn@1.22.4,package.json
e788ead2640681e4fdea964a50caeedc0b448c4a,1597075674,8.12.0,package.json,yarn@1.22.4,package.json
f25e983e9bb5f3ebdf1490a2c7b015a066fce9aa,1597075862,8.12.0,package.json,yarn@1.22.4,package.json
47c361b26a47237d2b286e40072ea13f5ceb903d,1597075904,8.12.0,package.json,yarn@1.22.4,package.json
85d9a86ae55c925f1fe607939829eebce08c03eb,1597076118,8.12.0,package.json,yarn@1.22.4,package.json
9afd26d633172f7de2e6ce2aea018fa9242b12de,1597076357,8.12.0,package.json,yarn@1.22.4,package.json
6b60463da1e181704c5d291dd687aec0bc5b8ae0,1597090237,8.12.0,package.json,yarn@1.22.4,package.json
7c003c5f479f5af7a606c29ed0f829ecee8d15fb,1597090448,8.12.0,package.json,yarn@1.22.4,package.json
2c82e4679fca6e1ef153bfc2354ec85694175441,1597092583,8.12.0,package.json,yarn@1.22.4,package.json
8a420ea243380dd60fd638f7a14ae8ca0b275482,1597131162,8.12.0,package.json,yarn@1.22.4,package.json
5306fd132cd9ce8664ba396de123a27d09c00c3a,1597150916,8.12.0,package.json,yarn@1.22.4,package.json
7155b4a0e8bb4d66203d9d1a8c31d393d513f356,1597245886,8.12.0,package.json,yarn@1.22.4,package.json
231f5ff3c35f701dfd4c33339267fcbbd97b5cb3,1597248292,8.12.0,package.json,yarn@1.22.4,package.json
f350d5b04f0065c90b185534f0f5b174470dd861,1597256148,8.12.0,package.json,yarn@1.22.4,package.json
d540bd1be879b2b979099c6d546859efa683ed01,1597256317,8.12.0,package.json,yarn@1.22.4,package.json
e9a8cecb4fc4139844e57993e9cb26e88701bdbb,1597256616,8.12.0,package.json,yarn@1.22.4,package.json
02aa6a96503c67060cee11fe360196a8d1cc6264,1597340936,8.12.0,package.json,yarn@1.22.4,package.json
7e65cb10aeb824e688fd1eb32ae72119f10aad7c,1597368091,8.12.0,package.json,yarn@1.22.4,package.json
f24789367fd7e3aa86c8b284d7e98b5bdbea3bc8,1597368247,8.12.0,package.json,yarn@1.22.4,package.json
ead2b0d499f5aa19e25131ea906cf138261b59dc,1597693173,8.12.0,package.json,yarn@1.22.4,package.json
a3faf2ad8f0c854d44433f2a456bed46ebf7ee73,1597698883,8.12.0,package.json,yarn@1.22.4,package.json
7d862d29b09f5ca9b3283cdfc395587b7bb063e9,1597778278,8.12.0,package.json,yarn@1.22.4,package.json
58598c2dcb9a2bb280affe0525f79ab8d2796ee9,1598024117,8.12.0,package.json,yarn@1.22.4,package.json
8a77a6f55012548be1c3bed9dba3558ff8dddfeb,1598028895,8.12.0,package.json,yarn@1.22.4,package.json
71ccd91d725b190c55ff29237d0d8499f1fcd4a2,1598029046,8.12.0,package.json,yarn@1.22.4,package.json
4c030d151e498492a2fd77b2015b82b36fc9c996,1598035317,8.12.0,package.json,yarn@1.22.4,package.json
f540d38fbf0b646b0edaf4747790fe7c6bd8e350,1598035318,8.12.0,package.json,yarn@1.22.4,package.json
30ccc18f6365f6927f80fdcfc2bd0a8ab1d953c1,1598037892,8.12.0,package.json,yarn@1.22.4,package.json
21c9c87a5fbf5b6cf042bcee6112ef7a3c0c13c5,1598039929,8.12.0,package.json,yarn@1.22.4,package.json
47be25abb05b2e817d8f049821600505341b139f,1598040059,8.12.0,package.json,yarn@1.22.4,package.json
6fec1ae028a7aaece010a71bbe5eb8928f4d3a24,1598040664,8.12.0,package.json,yarn@1.22.4,package.json
89551741eb1022d2c2ecae80d5bfd8f3aa6272ba,1598052804,8.12.0,package.json,yarn@1.22.4,package.json
65f62607998b2b6586d094902da3049741a9e8bb,1598113998,8.12.0,package.json,yarn@1.22.4,package.json
376833c75f2c69841d6f780aef25c40e186f0e71,1598114179,8.12.0,package.json,yarn@1.22.4,package.json
39644e0d1f4795e71667a94711b24fc7c0ea42e0,1598282235,8.12.0,package.json,yarn@1.22.4,package.json
ea5335d1f021f5e57517fabd483d6f42c25b5e47,1598282235,8.12.0,package.json,yarn@1.22.4,package.json
8a390eacd381c060c50bd99fc00c3ec43d42f738,1598282235,8.12.0,package.json,yarn@1.22.4,package.json
a81117542e54f74fb3be1f24e6b9beedf96f4f8e,1598282235,8.12.0,package.json,yarn@1.22.4,package.json
1aeefdbfd910e64bd1de733b0b9af0cf90e53086,1598282235,8.12.0,package.json,yarn@1.22.4,package.json
0d774f201a9322d657c5acec39a3cc9d573c71fc,1598297076,8.12.0,package.json,yarn@1.22.4,package.json
b846eb9ec8d62b461aae45ba27a239cafccf2943,1598298848,8.12.0,package.json,yarn@1.22.4,package.json
2191e8a9d4f613d6df5269a4b2e433da35ef50d4,1598300446,8.12.0,package.json,yarn@1.22.4,package.json
633e407b77a253004ed13dd0df569f2737c36c3d,1598300600,8.12.0,package.json,yarn@1.22.4,package.json
1841c6eccc1e80fcc6f27d2a01280c4b88c2492d,1598366459,8.12.0,package.json,yarn@1.22.4,package.json
dcea4d0726b507482ee8ebf054af13bf829710d1,1598375753,8.12.0,package.json,yarn@1.22.4,package.json
528acf40c7c4c6ca733f9099160e343787da9baf,1598375903,8.12.0,package.json,yarn@1.22.4,package.json
8a81341c79473f8c612c182109f4ed0c2ae3b2ad,1598385427,8.12.0,package.json,yarn@1.22.4,package.json
d50b012c557b06835e6902625fee6e8bd8c19371,1598387097,8.12.0,package.json,yarn@1.22.4,package.json
01572462c4b5003c018e8ae57a91f08b1b468637,1598460503,8.12.0,package.json,yarn@1.22.4,package.json
9b23415fd7ac02502c03900859bf1bf43d05be5d,1598464972,8.12.0,package.json,yarn@1.22.4,package.json
ef88c78d0acb9cc26818900b2ccd3842985870aa,1598465181,8.12.0,package.json,yarn@1.22.4,package.json
d00a95fa013ba955df0e32cb611f2143d50dff5f,1598472767,8.12.0,package.json,yarn@1.22.4,package.json
657aa166bdaa174020e96c0d5fd75a8905d97d2b,1598476913,8.12.0,package.json,yarn@1.22.4,package.json
ddd299a3a77f513ee387f31319af549fae9218ae,1598476913,8.12.0,package.json,yarn@1.22.4,package.json
5b3578ba8aa145faa0d4cdc9670f291e3fe03c26,1598477459,8.12.0,package.json,yarn@1.22.4,package.json
57bc2184e3be673a967da5270c6469d61544c972,1598479609,8.12.0,package.json,yarn@1.22.4,package.json
7a99c0a1ec78f53eba261e0dc05c8ed263d9734f,1598483710,8.12.0,package.json,yarn@1.22.4,package.json
8709870de9e3661f6c66526a955795507e74987a,1598556094,8.12.0,package.json,yarn@1.22.4,package.json
b99bb15fcc758168cf9ba6e24857d03c30ec839a,1598556242,8.12.0,package.json,yarn@1.22.4,package.json
c848e41ccda54eb02ae37bc6384e35548b0e6b38,1598635694,8.12.0,package.json,yarn@1.22.4,package.json
f28a709db491a965e2b2778464a70c3aa9fee7a8,1598896930,8.12.0,package.json,yarn@1.22.4,package.json
aef74a32a0fcbbb1b636cdbcae71cf7d27bad4ac,1598973978,8.12.0,package.json,yarn@1.22.4,package.json
bb930fb19c4732c96e59a81e85258bc0b91cdf20,1598989006,8.12.0,package.json,yarn@1.22.4,package.json
f137c588fcefe21b563ed37b3e7ba0cca19c8ca0,1598994651,8.12.0,package.json,yarn@1.22.4,package.json
51bbff025d13e5ffd2ae00e34b1cbf61c943ed31,1599068198,8.12.0,package.json,yarn@1.22.4,package.json
b7107c6437a6520cbec88443b40d4bb25b1f09fe,1599145391,8.12.0,package.json,yarn@1.22.4,package.json
348494e3cf46802fd7e8145267ff434b72e99b55,1599147082,8.12.0,package.json,yarn@1.22.4,package.json
672ffde5478351d2694edec10248a546fd987c27,1599149022,8.12.0,package.json,yarn@1.22.4,package.json
eeba61fba5141681cf5d65199dc71f1f6e123b54,1599150340,8.12.0,package.json,yarn@1.22.4,package.json
8641918b22144af76863209820cab36d95cf84eb,1599163588,8.12.0,package.json,yarn@1.22.4,package.json
7fc614ad5214cd24b768f4c2b7b58329112ec328,1599163756,8.12.0,package.json,yarn@1.22.4,package.json
f34fad0f5bb22896e0c40842e5f45f366e8d9689,1599164651,8.12.0,package.json,yarn@1.22.4,package.json
2e4d28bd9bfb925f526861cc6c25f166b6bb94d9,1599164651,8.12.0,package.json,yarn@1.22.4,package.json
b03a56dddba6f2943e2c02614ea3c4b030733248,1599164651,8.12.0,package.json,yarn@1.22.4,package.json
da0e8e6ca16644ffc92bc88f98bde1ae7adb1b1c,1599164651,8.12.0,package.json,yarn@1.22.4,package.json
c712cc05185672b559c2129241b0c7f4b099dc68,1599164906,8.12.0,package.json,yarn@1.22.4,package.json
38d747b5053e7215f2696abf2bcbea5dd931a301,1599166232,8.12.0,package.json,yarn@1.22.4,package.json
ad696bc9c192cec713d298fbf276d27040d55309,1599235325,8.12.0,package.json,yarn@1.22.4,package.json
842839b48c2a0619cb0d3cd0a157a0c69b939dad,1599235886,8.12.0,package.json,yarn@1.22.4,package.json
5b47310faec0c1702173a546afa76e8ea55d1053,1599238930,8.12.0,package.json,yarn@1.22.4,package.json
0bd28ed83fbafd535020ac7e745acfbef3f5f9b1,1599239095,8.12.0,package.json,yarn@1.22.4,package.json
4e74b3b8b899145a11e4d89200e9269e4748d143,1599247602,8.12.0,package.json,yarn@1.22.4,package.json
19d19c497e0b47434680ad734650a53d682f152e,1599247764,8.12.0,package.json,yarn@1.22.4,package.json
0f22903a6bf780fe0d0a280947335fa5069e90b5,1599270792,8.12.0,package.json,yarn@1.22.4,package.json
bdec36694938c580f08f02140594e990f3ba226c,1599557083,8.12.0,package.json,yarn@1.22.4,package.json
4f9d573ee4a22805f0211ec6250b49d82bee5369,1599589580,8.12.0,package.json,yarn@1.22.4,package.json
55475ddf16f64089272fd6b6f48bfc58d10f9bf4,1599592492,8.12.0,package.json,yarn@1.22.4,package.json
68685ffaca4485baa364191929090ca99d9f86d8,1599592598,8.12.0,package.json,yarn@1.22.4,package.json
52b794c1ac718794bee6ef7a1903a40eb6928017,1599637287,8.12.0,package.json,yarn@1.22.4,package.json
c84c62985fec35d27ef4031dae68a852fd06ccdd,1599664022,8.12.0,package.json,yarn@1.22.4,package.json
f2c06abdc2d6f63aa67546185da3967f98d3b90a,1599664213,8.12.0,package.json,yarn@1.22.4,package.json
601fde6e4fc31efe6d9f5a475beb1b965ba80835,1599683460,8.12.0,package.json,yarn@1.22.4,package.json
2b1d78bf9a7c6f83d1071f45dcebbd0bf68ce6fd,1599685373,8.12.0,package.json,yarn@1.22.4,package.json
11d040705b8dd5f4f4ccb39cb7fe9439b356ec7f,1599688271,8.12.0,package.json,yarn@1.22.4,package.json
761d1d2eccca0f79911d16a6e647ed8a57faf693,1599722694,8.12.0,package.json,yarn@1.22.4,package.json
4365587b7ea7ca6ec7d18559dff3ed66902ad982,1599738778,8.12.0,package.json,yarn@1.22.4,package.json
7a990e142e8136618cb3781be02221e8090c2c04,1599739011,8.12.0,package.json,yarn@1.22.4,package.json
35425933e4a46ea09b4bcfa7310f69115a533a49,1599739192,8.12.0,package.json,yarn@1.22.4,package.json
573cd71fb4c254d820b013b8dac63af34479c260,1599748932,8.12.0,package.json,yarn@1.22.4,package.json
ab700333456ecac7b8be17851261290f869962ca,1599761263,8.12.0,package.json,yarn@1.22.4,package.json
3fd0e1fd0d09eb4a5c5afffa773ca2b889253f7c,1599767464,8.12.0,package.json,yarn@1.22.4,package.json
9b01eb71139aeac5e589207091eff7afc109c6dd,1599767690,8.12.0,package.json,yarn@1.22.4,package.json
42a53860df5eea530fb6340083f9057b819bebf6,1599809199,8.12.0,package.json,yarn@1.22.4,package.json
b83597bcb3ed42ee7963d408255a800e684859dd,1599809199,8.12.0,package.json,yarn@1.22.4,package.json
ef45f9addc80ff1b2f0fedafc015861ba040054a,1599856290,8.12.0,package.json,yarn@1.22.4,package.json
51789857224d651ed8942dd2509170fe0123188b,1599856436,8.12.0,package.json,yarn@1.22.4,package.json
65af1fda037132cd40025b18877d155aee30e341,1600182431,8.12.0,package.json,yarn@1.22.4,package.json
a1d6d5d23abc529b8583681fa006cc992f21d829,1600182700,8.12.0,package.json,yarn@1.22.4,package.json
1171c2bbfdba7eafeb7f800ccb932e931f2c1e62,1600183275,8.12.0,package.json,yarn@1.22.4,package.json
4dffd5cee4693c3f481c32eced72e35dadc2992e,1600263539,8.12.0,package.json,yarn@1.22.4,package.json
2eab3bb575222b7b8617bfd446ef421e6a05cb15,1600263769,8.12.0,package.json,yarn@1.22.4,package.json
1d9b1929e9116c21c8a3857090047ad968da8bfa,1600266186,8.12.0,package.json,yarn@1.22.4,package.json
bd7e865c58bf21ceb2d86ac100d06c7ee0d4b718,1600270263,8.12.0,package.json,yarn@1.22.4,package.json
0c64dd99abd71165a34c4bf5009a66dc1981b646,1600283936,8.12.0,package.json,yarn@1.22.4,package.json
ca357c0ab3f8f2a5b9fb693d146b482112af2b71,1600372185,8.12.0,package.json,yarn@1.22.4,package.json
38caf5b34b31c1200bb561966c125ca9a1971bbe,1600372261,8.12.0,package.json,yarn@1.22.4,package.json
d1eb5afec8fd7094a4aa929b9da489be7af02cf4,1600380344,8.12.0,package.json,yarn@1.22.4,package.json
12393f426fb10ba0b3492027d31d4e05fd54d675,1600380488,8.12.0,package.json,yarn@1.22.4,package.json
2b87f44876bd23f2bedbc08da36a79735650757a,1600439898,8.12.0,package.json,yarn@1.22.4,package.json
09d9bb59ffdb3deff40a5ecf3aaa222f3d2f2521,1600447955,8.12.0,package.json,yarn@1.22.4,package.json
c205c0a41cdc73bf831ef87c51e3aa1c82418af1,1600456056,8.12.0,package.json,yarn@1.22.4,package.json
face45ed8f091b95172b1a041359af6e4d8bd6ba,1600456075,8.12.0,package.json,yarn@1.22.4,package.json
355c011866ef08a042ecebecffdb1ae2c0ae4339,1600457953,8.12.0,package.json,yarn@1.22.4,package.json
0ac0348da006964b49ed8721b4b89f73389b11ea,1600705609,8.12.0,package.json,yarn@1.22.4,package.json
b726a32f38f00422117a478cda4879afb2d10ccf,1600705750,8.12.0,package.json,yarn@1.22.4,package.json
b7c1d3b8c8cf3feb9d971f3b4c422ebb0dd3b310,1600712364,8.12.0,package.json,yarn@1.22.4,package.json
e480f9adb0a4e4929a283ec93d65349f0518bede,1600716171,8.12.0,package.json,yarn@1.22.4,package.json
632741d840b120cb731840f9e11162c0cd42d80c,1600718632,8.12.0,package.json,yarn@1.22.4,package.json
878fa21974ad0da2dd4a79f058f792440429116b,1600812785,8.12.0,package.json,yarn@1.22.4,package.json
87554b10a0cf81a68786b2cbd7894f7ceb08e854,1600869082,8.12.0,package.json,yarn@1.22.4,package.json
b28d76d2c68a209994315b0e966b172178b8ffc9,1600972327,8.12.0,package.json,yarn@1.22.4,package.json
d305e09e77ad7a07111810faeb0fec401ab52466,1600988564,8.12.0,package.json,yarn@1.22.4,package.json
dd45d19df4a290efe2e4ef724f86616cf83e55ee,1601067450,8.12.0,package.json,yarn@1.22.4,package.json
87dfba1d79438f14db27e27b967d18ec39598106,1601082164,8.12.0,package.json,yarn@1.22.4,package.json
07e6b064a02345278cd2fe205ebeb1ec86130415,1601303023,8.12.0,package.json,yarn@1.22.4,package.json
d9035d1c5e214341923db04ba7133e9599080564,1601303185,8.12.0,package.json,yarn@1.22.4,package.json
ea8183b58b95e391be8d67f1337be4c42e1d4ed6,1601325499,8.12.0,package.json,yarn@1.22.4,package.json
1b98a51d77fb648d41b320c0932d7984d279cd7e,1601328613,8.12.0,package.json,yarn@1.22.4,package.json
1905c43c328c9e50eb76f96bf980a6eb4ea11ab1,1601400798,8.12.0,package.json,yarn@1.22.4,package.json
3b14541639576b9b6413b7419a705853a675da01,1601406701,8.12.0,package.json,yarn@1.22.4,package.json
81f2d7160a152360d81546ed31f02667ef8046f8,1601407768,8.12.0,package.json,yarn@1.22.4,package.json
bfb7cde307adc2efc316ea80922046cc8f2eeeca,1601413357,8.12.0,package.json,yarn@1.22.4,package.json
54e43c9b56c040ad0447ca9f8535dda3720b005c,1601413828,8.12.0,package.json,yarn@1.22.4,package.json
b9519b66adb8adc54cd4620f5aa74c96ac025de1,1601488485,8.12.0,package.json,yarn@1.22.4,package.json
f5c6e88dfb634d91f4f7f7adfd63c8d7018dddb4,1601502374,8.12.0,package.json,yarn@1.22.4,package.json
940155454c52bbcf80aa2441eb78f3db1ee01f35,1601522834,8.12.0,package.json,yarn@1.22.4,package.json
cef1bb1e2bfb2282086b1c43c937edf9b291fe09,1601522981,8.12.0,package.json,yarn@1.22.4,package.json
46dc373c36f2a06c0ce7916d1889e96eeafd4c8d,1601537379,8.12.0,package.json,yarn@1.22.4,package.json
104578dfd1fa3aae2644ab546a7183d00821fed1,1601557798,8.12.0,package.json,yarn@1.22.4,package.json
3a41e2b8629f7e63ec015899dd03c95a7804d1b6,1601560475,8.12.0,package.json,yarn@1.22.4,package.json
4452a34078462ee0f51ff386deda44cfb37dd091,1601588761,8.12.0,package.json,yarn@1.22.4,package.json
bb03a0b58996e8d7d37e09691917c734ea0f0468,1601589238,8.12.0,package.json,yarn@1.22.4,package.json
8c646736d334e213c46cc7f2ea43283dd36db348,1601589701,8.12.0,package.json,yarn@1.22.4,package.json
9edb069f1786a47cadf856b83be07a42023a7a58,1601651772,8.12.0,package.json,yarn@1.22.4,package.json
3feb0328ca134cf3891259e3e2aa1bdbbe5528aa,1601654527,8.12.0,package.json,yarn@1.22.4,package.json
01dbc2ff64c55764c06b949a979ff6f8619d0c46,1601655235,8.12.0,package.json,yarn@1.22.4,package.json
ee9905bb15acda4538a3bdc235d8e744d239439d,1601656844,8.12.0,package.json,yarn@1.22.4,package.json
a2da0562f2a6dab00a9e1c7b8370a8b954ea5b5b,1601660767,8.12.0,package.json,yarn@1.22.4,package.json
be5d4a257a66573f840771cca0afb5f2aa79d77b,1601662584,8.12.0,package.json,yarn@1.22.4,package.json
a3544cbd906561c96e91b41bf6b0221df2353a88,1601663036,8.12.0,package.json,yarn@1.22.4,package.json
f571000343df251a84cf341a6778465ab3522f91,1601911083,8.12.0,package.json,yarn@1.22.4,package.json
2c3bb4efc566f18e35e059e89705e6bb536f9df4,1601916675,8.12.0,package.json,yarn@1.22.4,package.json
2dd2472b03c736b3d2144d1dcd3376392d8b1382,1601995654,8.12.0,package.json,yarn@1.22.4,package.json
5bf4fd4a39312ebe3671300f376c7656f77f1c07,1601999893,8.12.0,package.json,yarn@1.22.4,package.json
2758c6b59844dda7d874342de451616f01e3c34f,1602000060,8.12.0,package.json,yarn@1.22.4,package.json
55311fbddff8317355615b7466612c81f6a194bc,1602011918,8.12.0,package.json,yarn@1.22.4,package.json
6603ad9d6dbd9cfcc4a407a888bbf0f11a49f9c6,1602012683,8.12.0,package.json,yarn@1.22.4,package.json
8527f0920e8712d4a1426c6febd1000f792d8ef1,1602014292,8.12.0,package.json,yarn@1.22.4,package.json
8063553422e8c4926e12ff5164f7b988f245c1ca,1602020037,8.12.0,package.json,yarn@1.22.4,package.json
7cdbf28e5334b7a9c49cc926ffe5537e5d319f73,1602082277,8.12.0,package.json,yarn@1.22.4,package.json
3fe0e4e5482db532aa4e1da15a55edf9c0e34a3b,1602082464,8.12.0,package.json,yarn@1.22.4,package.json
2489cf5a4c1063ac4b1dd44c00c531f1d5d6942e,1602082571,8.12.0,package.json,yarn@1.22.4,package.json
7204a9af482a026e96b0793bb76b657af315ec9c,1602082815,8.12.0,package.json,yarn@1.22.4,package.json
aa43aaf44705f79d3346af1d1115622601b5447f,1602085046,8.12.0,package.json,yarn@1.22.4,package.json
c81380ed30cec83a8a7959f93d20610acd48ab57,1602175557,8.12.0,package.json,yarn@1.22.4,package.json
f507d109e1182d5b86ceb80a99828978e2df67c9,1602175557,8.12.0,package.json,yarn@1.22.4,package.json
9564cb4c846d43f7e68381dab7089861c6ce5526,1602175558,8.12.0,package.json,yarn@1.22.4,package.json
347eeecd6a764bb89008a576e62975bdf44d3883,1602175558,8.12.0,package.json,yarn@1.22.4,package.json
bb608cc5e60e228fd7aae185eecff3e9b157b6ba,1602175558,8.12.0,package.json,yarn@1.22.4,package.json
a9a2c06046c310d78c8f7a68497906eaf7a9fbcb,1602175558,8.12.0,package.json,yarn@1.22.4,package.json
ecdc80a13e3f264b32c4f7be119664f7fa965dab,1602175558,8.12.0,package.json,yarn@1.22.4,package.json
b9dc2ac553863184a8658ef85c40d46dedc9ba55,1602175558,8.12.0,package.json,yarn@1.22.4,package.json
b1ba99eb194b0e9a4278466ae1ff1d20cd40496f,1602175558,8.12.0,package.json,yarn@1.22.4,package.json
c5c005a18058c5dbf8d915e714ee0d1583ea9234,1602175558,8.12.0,package.json,yarn@1.22.4,package.json
000b1965595b61ff519e62e5b1f921b05eaaf69a,1602180957,8.12.0,package.json,yarn@1.22.4,package.json
b40f60dcbe1ac0e60dfe8151e1789d142acc25e2,1602181130,8.12.0,package.json,yarn@1.22.4,package.json
5db027e89a3386863aee448df1f08f21cf57d7dc,1602185383,8.12.0,package.json,yarn@1.22.4,package.json
83671b0115985df137720e3c96b41625bfcba664,1602185553,8.12.0,package.json,yarn@1.22.4,package.json
5fc7afb0a01561503ee630b63bd22bc009b94cc3,1602197557,8.12.0,package.json,yarn@1.22.4,package.json
bf480c95044d6256ceee7628495cc98bcd268d6d,1602257816,8.12.0,package.json,yarn@1.22.4,package.json
196aa14b00e06589d0b1a1f57e2e4dcfb625645e,1602268296,8.12.0,package.json,yarn@1.22.4,package.json
094b097ffb92e18fb874daaa9f867abfa6b0ac1d,1602268296,8.12.0,package.json,yarn@1.22.4,package.json
a22d6678d3bc629cb66afcb4094bfeef63417a8f,1602268296,8.12.0,package.json,yarn@1.22.4,package.json
fc638815099b8b10ae83c8de69a81b6c66f82501,1602268296,8.12.0,package.json,yarn@1.22.4,package.json
3632567f5fe880a73db78181df862836ba8956ac,1602272644,8.12.0,package.json,yarn@1.22.4,package.json
5df84245d91355e90cb4f2a043fe5ab4717f72dc,1602278096,8.12.0,package.json,yarn@1.22.4,package.json
2a760ab7659ec3d3eb965c8978ae1f9c4ea630b0,1602279421,8.12.0,package.json,yarn@1.22.4,package.json
540ad43c6c942411bbaef460e572365197293a53,1602454642,8.12.0,package.json,yarn@1.22.4,package.json
0c9e3a0ccd764b7bd1d459bfb8e26be72916a8fe,1602460152,8.12.0,package.json,yarn@1.22.4,package.json
7c98a55e9a71e112695fc3fd24401712f59f682f,1602531039,8.12.0,package.json,yarn@1.22.4,package.json
5972046550ffea3e2a5433f1f1d25d1c856cb73b,1602531644,8.12.0,package.json,yarn@1.22.4,package.json
38a6e560431e990b826cddfb6f0639d186cf9723,1602598062,8.12.0,package.json,yarn@1.22.4,package.json
0b8f275d0fe10725999908c636eed32efa47f205,1602604659,8.12.0,package.json,yarn@1.22.4,package.json
bdf2469728af5a21ac81b2a9fa119c8d00da7ee0,1602626418,8.12.0,package.json,yarn@1.22.4,package.json
19652c02335dbcca1d05494d56adcf9c125c4598,1602626567,8.12.0,package.json,yarn@1.22.4,package.json
640349e8617ca797e3fec7df21a279be925518eb,1602630932,8.12.0,package.json,yarn@1.22.4,package.json
fdf71d197688469519044cfdc30def6d92f18d72,1602630933,8.12.0,package.json,yarn@1.22.4,package.json
c4106524011966c67072d0dc89c1a31231c7ba93,1602633343,8.12.0,package.json,yarn@1.22.4,package.json
08888b9dfe002234bc2bc65e06d88983f53390bf,1602699959,8.12.0,package.json,yarn@1.22.4,package.json
db3132c7703bcff0d621743d97a1dd310c19335a,1602700322,8.12.0,package.json,yarn@1.22.4,package.json
2a2ac657bb6de4c1a31a3091f5e4d55276b0b07c,1602700322,8.12.0,package.json,yarn@1.22.4,package.json
254c452d1b2c690da67e3481cf258ec327d10c86,1602700322,8.12.0,package.json,yarn@1.22.4,package.json
4dac0d4d63a6bd1da8c35d1b35c473f4dc0385ed,1602700322,8.12.0,package.json,yarn@1.22.4,package.json
0f75a7c23bae29ed3caee1bfd473c37c4bef6ec4,1602700322,8.12.0,package.json,yarn@1.22.4,package.json
9304c6adbea7551ecdf8cc80806f86a78e85d365,1602700322,8.12.0,package.json,yarn@1.22.4,package.json
d18c54bad3f14f529558b2c936d18e702f0ebb86,1602700322,8.12.0,package.json,yarn@1.22.4,package.json
fa044c1310e793f8877bea9c53055497e384770e,1602700322,8.12.0,package.json,yarn@1.22.4,package.json
0885b34ee87ae3194727d39e1e5163eef02b9c04,1602700323,8.12.0,package.json,yarn@1.22.4,package.json
f8cad33edf6b746c9874ecdc74d8ba274f69abd9,1602700323,8.12.0,package.json,yarn@1.22.4,package.json
778830329ace7380268d84c5e7fdb4ee7ba30171,1602700323,8.12.0,package.json,yarn@1.22.4,package.json
ed07c79101619d3fa8b2798bb184ab35836eab92,1602706577,8.12.0,package.json,yarn@1.22.4,package.json
921386cb7c34ca0aec1d0dfb08ca53d6edf3288e,1602778886,8.12.0,package.json,yarn@1.22.4,package.json
b6b6934f5fbbdc21da2a56f51ce3c76e4c0d76aa,1602785536,8.12.0,package.json,yarn@1.22.4,package.json
6e64680a483ec3a5113d1edff39e0d4f91527ee4,1602787291,8.12.0,package.json,yarn@1.22.4,package.json
2545887cb049f73807d20db607ab60a76eedba58,1602787291,8.12.0,package.json,yarn@1.22.4,package.json
5e076c5c2758c9aa5d35b1e70e8908826a6519ae,1602787291,8.12.0,package.json,yarn@1.22.4,package.json
05a01476a84062bb11444304a1cf701f0f8a0a1c,1602787291,8.12.0,package.json,yarn@1.22.4,package.json
c298d0ef3cd7bc3a8dba64eeb7ef065045c57ff6,1602790702,8.12.0,package.json,yarn@1.22.4,package.json
444eb660e93187fa0745f705047e2949a60acadc,1602792570,8.12.0,package.json,yarn@1.22.4,package.json
74b999727253d905cb9b292a4d45d45992cba780,1602792730,8.12.0,package.json,yarn@1.22.4,package.json
1eec7a87f4a5374c1b1f3a16fc6d9026a52b391a,1602859695,8.12.0,package.json,yarn@1.22.4,package.json
47184abf89aa1c110042670cd81ecc8eccd4efa2,1602859695,8.12.0,package.json,yarn@1.22.4,package.json
bcc99cda67f2d3d6221bfbc7302068e9ee8177c5,1602859695,8.12.0,package.json,yarn@1.22.4,package.json
f42c89c5662443a48b96a364c1aa173c51edec9c,1602859695,8.12.0,package.json,yarn@1.22.4,package.json
f7fabae5ac9ed41ecaaf122e8f88f266e75ae5ad,1602861314,8.12.0,package.json,yarn@1.22.4,package.json
a9ec0d2d40ef5599862d6027f4d0e6101433e67a,1602866543,8.12.0,package.json,yarn@1.22.4,package.json
6c1adbf3b7356bf67a9e351791298bdac634fdeb,1602875434,8.12.0,package.json,yarn@1.22.4,package.json
b9b5d79e4acb57492dc3c055ac50d286954f86ef,1602875845,8.12.0,package.json,yarn@1.22.4,package.json
0b9ca5dc04f77529352ce416273cb51b8cf59453,1602875915,8.12.0,package.json,yarn@1.22.4,package.json
73bf4e4abf88c34d094d2c87b53ebde67be5e62a,1602875915,8.12.0,package.json,yarn@1.22.4,package.json
86753998b05a8b5c566fa3aae5b18ea8ca8f2d85,1602875915,8.12.0,package.json,yarn@1.22.4,package.json
05aba3958438ef64c92d3a47acd2434234d30e8d,1602875915,8.12.0,package.json,yarn@1.22.4,package.json
2d62d42d41f4b537bc9ee0757ab54244e2b21c07,1603124768,8.12.0,package.json,yarn@1.22.4,package.json
267dd785f3532276e55980f15479c818eb1e1a64,1603125168,8.12.0,package.json,yarn@1.22.4,package.json
2d6b5e21bccf6d0a9ef0c3b125297a110569e11e,1603125225,8.12.0,package.json,yarn@1.22.4,package.json
963a821e435e1d11730b06427829f1d6b18fae0c,1603133542,8.12.0,package.json,yarn@1.22.4,package.json
8d0dd0a5fc4b2e868a6a7b1a908fcc9078167809,1603141992,8.12.0,package.json,yarn@1.22.4,package.json
7ee93a6c6b2c04fd29477bc5ae477e52674a3b93,1603147685,8.12.0,package.json,yarn@1.22.4,package.json
3f9f508f6f47aca6f2f2e3d050a8b16e19dcfc6d,1603194175,8.12.0,package.json,yarn@1.22.4,package.json
be03f06b618c6ddbef83661abf435ec1761a80dd,1603194462,8.12.0,package.json,yarn@1.22.4,package.json
b334cde7e490689a9054c6434f379b2422106a28,1603200811,8.12.0,package.json,yarn@1.22.4,package.json
d76d9ff212414d559729a2777ef4771a1ae02280,1603209241,8.12.0,package.json,yarn@1.22.4,package.json
494b1cdcaf001a43567d581f4fcd02a7fefe06db,1603218261,8.12.0,package.json,yarn@1.22.4,package.json
947fc5bb8626bdb44dbc82c0f8781cd4c35be818,1603222934,8.12.0,package.json,yarn@1.22.4,package.json
54b94e05b807d303bd1f9a0fc34539102cdfb4c2,1603315692,8.12.0,package.json,yarn@1.22.4,package.json
d0a0489ed333cb0a9db13cefc6f760033e9c9b26,1603315692,8.12.0,package.json,yarn@1.22.4,package.json
763070a022ba6ede574be7b4ae1d67127594bf84,1603385520,8.12.0,package.json,yarn@1.22.4,package.json
e9dff9b0f6a39a816ea28d7a6e1485811981e3ec,1603468240,8.12.0,package.json,yarn@1.22.4,package.json
845f8fd1aa082413aab2bef598de5e0932a3be20,1603468410,8.12.0,package.json,yarn@1.22.4,package.json
3618e820d91daa3f2ec9c4349fc2c87ca9d8521a,1603741737,8.12.0,package.json,yarn@1.22.4,package.json
e25c7bf23bf5cb85411fe1aec6dc85fb994c03e7,1603743938,8.12.0,package.json,yarn@1.22.4,package.json
357644fa3f59bb4a11d5f8d8c4a025ec256bf9b9,1603746639,8.12.0,package.json,yarn@1.22.4,package.json
042fa5f4a9586f5fc1594b46aff0190b5be82ad9,1603746810,8.12.0,package.json,yarn@1.22.4,package.json
9bd7626e1b48f5bd21c6dd9bac01d2085b8cafce,1603748286,8.12.0,package.json,yarn@1.22.4,package.json
c9c98ff63ddaec668d0d496a2b2bca025faf58ce,1603810634,8.12.0,package.json,yarn@1.22.4,package.json
f24d511eb992ea7943484f61baa64d1113c4f5ff,1603810800,8.12.0,package.json,yarn@1.22.4,package.json
c8940c3203eaeca4da16036a420f352b2004937a,1603814878,8.12.0,package.json,yarn@1.22.4,package.json
29aaec3576f0f9befecb7ccf883e9e9342290e14,1603815056,8.12.0,package.json,yarn@1.22.4,package.json
c289aaade6d9723697d933a5d3439258f2133e26,1603823114,8.12.0,package.json,yarn@1.22.4,package.json
238835ad22f5539ebc297583e676711142dc2304,1603823289,8.12.0,package.json,yarn@1.22.4,package.json
703d2d353b4677b6f092aedf541cb978f5ab5f51,1603891720,8.12.0,package.json,yarn@1.22.4,package.json
0c60dc599dcc4da17c7b1f719835827baf6d8548,1603897126,8.12.0,package.json,yarn@1.22.4,package.json
09ab927c492a783880adfec6c9864d2e2a622e9d,1603900039,8.12.0,package.json,yarn@1.22.4,package.json
a2de3a5372ce232e5efc0ab8e00782af909c0102,1603903811,8.12.0,package.json,yarn@1.22.4,package.json
75eaf766c88180e50a43e56eb5a3522077b61df2,1603982844,8.12.0,package.json,yarn@1.22.4,package.json
d797e5bd6aea8b0dc2bd220c32e17819164c25b3,1603997888,8.12.0,package.json,yarn@1.22.4,package.json
db5d4df2ed4f9e812e704d635326862a9cb93a9c,1604001317,8.12.0,package.json,yarn@1.22.4,package.json
f082ff348fdebe0ed3619109b9491e57c0e0b584,1604020011,8.12.0,package.json,yarn@1.22.4,package.json
22e926c2d359f7e81b90291efaa5d4d8dfc59fc8,1604068440,8.12.0,package.json,yarn@1.22.4,package.json
8d17f186e15ca6ec911eeec70dbe93b752544d78,1604082679,8.12.0,package.json,yarn@1.22.4,package.json
a575808e753136d50e16f2711984900a361d86ca,1604085288,8.12.0,package.json,yarn@1.22.4,package.json
120385903ce73f1bc6d9a673e4645e262425a867,1604085407,8.12.0,package.json,yarn@1.22.4,package.json
27c9d6547319f316a800192ae358c8ae6eb9d7c6,1604085453,8.12.0,package.json,yarn@1.22.4,package.json
f786b904f82ff3d53307894249838d3e7d9976ad,1604087344,8.12.0,package.json,yarn@1.22.4,package.json
fbdf09bc004b844c7db89b531f487daa21b13135,1604088425,8.12.0,package.json,yarn@1.22.4,package.json
137013db6fe0dfc9c29c987808356b32fa491156,1604093681,8.12.0,package.json,yarn@1.22.4,package.json
f7d91f6a9155e4aa38ee19a80f3e52da7edfafed,1604303357,8.12.0,package.json,yarn@1.22.4,package.json
4e120d7cce4a074c8eef7e7857b2019575edebe9,1604303357,8.12.0,package.json,yarn@1.22.4,package.json
f2ddcb27c3f58b448cb853f9a33680ccdaebe88b,1604303849,8.12.0,package.json,yarn@1.22.4,package.json
0e2df44ccad545307397074eda0dd9124e8b9d55,1604323428,8.12.0,package.json,yarn@1.22.4,package.json
c9e9c422d5dfd217ab4e2f1803b12a67c3e98a6e,1604323606,8.12.0,package.json,yarn@1.22.4,package.json
43ec1a7109809d2efc6d3ef8aea9b65f1d8dfed3,1604346405,8.12.0,package.json,yarn@1.22.4,package.json
6212c682a741bc76b1969bbe5b00d8ac9e6fac44,1604346466,8.12.0,package.json,yarn@1.22.4,package.json
961e9b5f83eaa26a0fd9ebc5e0c0c75d98d738be,1604356539,8.12.0,package.json,yarn@1.22.4,package.json
a0f51d3d87753c583f53cd4b5ee73f69794ca546,1604398919,8.12.0,package.json,yarn@1.22.4,package.json
5fbd07df26cfb82ad37f0b4029e495a472e180df,1604415855,8.12.0,package.json,yarn@1.22.4,package.json
eb3b891d4a37dbbbb1d06ac635c738a0caae3300,1604428330,8.12.0,package.json,yarn@1.22.4,package.json
5ea64ff2d66ca8f43c03a6ec3564b8928556b1c7,1604428436,8.12.0,package.json,yarn@1.22.4,package.json
7d545bac61c01771a43a01bdce829b5e79739b96,1604428558,8.12.0,package.json,yarn@1.22.4,package.json
b266ee2ed4e34884bee239a67f43cf3d4d72c925,1604433585,8.12.0,package.json,yarn@1.22.4,package.json
d65a8e41758285ee2db85dec3d207721d3034002,1604514082,8.12.0,package.json,yarn@1.22.4,package.json
a5334fd1dfd93af1ef53ed2460aa655cd2440a5e,1604515024,8.12.0,package.json,yarn@1.22.4,package.json
cc3443aa6c214b1d8eb842334cc222b8c56e844b,1604517035,8.12.0,package.json,yarn@1.22.4,package.json
d20f95e37571c692f5175560c8119e87eeb2b247,1604517035,8.12.0,package.json,yarn@1.22.4,package.json
51d6021c70ffc57d194429b0614822990608f380,1604517035,8.12.0,package.json,yarn@1.22.4,package.json
2b5360667f94ad23cf006a31b907e9ff034d46f9,1604517035,8.12.0,package.json,yarn@1.22.4,package.json
6c7a4eff42539f3977f14f932d65f6d37a21f9f3,1604517203,8.12.0,package.json,yarn@1.22.4,package.json
04bd7b0c617ff5c3b73202b0cced5a1122111fdb,1604522865,8.12.0,package.json,yarn@1.22.4,package.json
c921f54cb93f7f2aba2fe5dae5c1ea35c07fe1a1,1604529128,8.12.0,package.json,yarn@1.22.4,package.json
dd4c007bef86272f940d2297eca0dca9bd09dbe0,1604535149,8.12.0,package.json,yarn@1.22.4,package.json
677fa40218f2006247165e728e6f9e13c125ebbc,1604538488,8.12.0,package.json,yarn@1.22.4,package.json
1db62327a9187215c2593d54987630383f2ac47b,1604603486,8.12.0,package.json,yarn@1.22.4,package.json
849841bbd3dbcfcfff4d3d0136b466915f8beff7,1604603558,8.12.0,package.json,yarn@1.22.4,package.json
fcd2a525d5cb7fb893c876906f666912afc684f8,1604615065,8.12.0,package.json,yarn@1.22.4,package.json
26546d4ef3609a4825cc2656e3418a8704f98465,1604653524,8.12.0,package.json,yarn@1.22.4,package.json
cd7e7b527dee0c16d04dc7f4f7d75e72eec4833f,1604668727,8.12.0,package.json,yarn@1.22.4,package.json
1fe4c3c56b86689749d73f150a70f938e588ad50,1604670661,8.12.0,package.json,yarn@1.22.4,package.json
28158175a68910f49c5483c7ac5292af2ee10e0b,1604675881,8.12.0,package.json,yarn@1.22.4,package.json
f6450e2d71671adc3e601a68afc64a294f0e9ba3,1604695365,8.12.0,package.json,yarn@1.22.4,package.json
dfafb20a64582c91b59843713f67b6962734efba,1604943689,8.12.0,package.json,yarn@1.22.4,package.json
b2d5cb06b61dbff6688690169c21260d5f63b3b2,1604944208,8.12.0,package.json,yarn@1.22.4,package.json
4e9d3f668ef58d36b2e2a4ea39600d5aba8676df,1604950408,8.12.0,package.json,yarn@1.22.4,package.json
f5914d8aab04b1ff92b5682742a86b5e964abcd2,1604963798,8.12.0,package.json,yarn@1.22.4,package.json
d65596481f5c8feb3e4e5d603f91701fd83d7a03,1605017235,8.12.0,package.json,yarn@1.22.4,package.json
447c962c4cd95e09f142c85b659b39a0fcd66258,1605027939,8.12.0,package.json,yarn@1.22.4,package.json
66d9db9b6a3538b1cbce34c61465a4c6d7dcf138,1605039494,8.12.0,package.json,yarn@1.22.4,package.json
dc208ade3d0353b541b2ce2249fe9c68d86c56bf,1605133948,8.12.0,package.json,yarn@1.22.4,package.json
0a124a2d1500231fd6586f5ed6d430a668270bdf,1605138348,8.12.0,package.json,yarn@1.22.4,package.json
0ab0f2a38df66a4a15a259158bbb06fa77187e21,1605534715,8.12.0,package.json,yarn@1.22.4,package.json
59e8432f9dc4e8a2f93ce9f4763db73fcd76c49b,1605540230,8.12.0,package.json,yarn@1.22.4,package.json
1d7619d35f37b7761dfa989ba86df4480769d3f3,1605541916,8.12.0,package.json,yarn@1.22.4,package.json
129a347c3b538f4a36a2463e173f05c21684e895,1605546180,8.12.0,package.json,yarn@1.22.4,package.json
d57615d28ebc41f2f4006c4c8e76087e7f2e63e1,1605554389,8.12.0,package.json,yarn@1.22.4,package.json
d2a16ec5ac55712e9d97d18283d987bfe49d69aa,1605554552,8.12.0,package.json,yarn@1.22.4,package.json
db23f525681cf805004e0a15975ad6c729a9bb23,1605559436,8.12.0,package.json,yarn@1.22.4,package.json
b3013fec110b8f0fe84395baba0e445369234e66,1605628117,8.12.0,package.json,yarn@1.22.4,package.json
27f7f81975b6215b9932b7192804778c4dcb7a49,1605724686,8.12.0,package.json,yarn@1.22.4,package.json
91dcfef913c6d1a41175fdd9ce16015607ab18b4,1605730035,8.12.0,package.json,yarn@1.22.4,package.json
841df5370e980ae5107cac342ae571605bb17bea,1605731831,8.12.0,package.json,yarn@1.22.4,package.json
9b896059c6973c13dcacb34eba94a7df160fffd3,1605736234,8.12.0,package.json,yarn@1.22.4,package.json
ff565ad1d4bdaf578ea10c9f9c770ec021a1856f,1605736391,8.12.0,package.json,yarn@1.22.4,package.json
752e9fc490ecadf5a5f3eea0a088bd68e7835a0e,1605751837,8.12.0,package.json,yarn@1.22.4,package.json
87d37343aae3d3a19af9433c9c64e975c0852be8,1605794512,8.12.0,package.json,yarn@1.22.4,package.json
97c4cf714813cd4a78b77e4c7f99fdffb197258b,1605797346,8.12.0,package.json,yarn@1.22.4,package.json
a9ce85c6be9c133333c6f9d2be8bec545ad66a39,1605811723,8.12.0,package.json,yarn@1.22.4,package.json
e1202f046f3fb7b58fa4e94611a50587ed77973a,1605815844,8.12.0,package.json,yarn@1.22.4,package.json
750abb38a610da4aecdd455dce617b930c54488f,1605818121,8.12.0,package.json,yarn@1.22.4,package.json
1648dc4434ac2cb2884ec04efe069e79a866d5d8,1605887584,8.12.0,package.json,yarn@1.22.4,package.json
ae5d5918068f21b50a43f8d207b0765bfd2f7d28,1605887591,8.12.0,package.json,yarn@1.22.4,package.json
7753c7ecec1c1d52278b64a26b4e87b9767d7a81,1605891046,8.12.0,package.json,yarn@1.22.4,package.json
1b02d508a7650f667139b7e54cf9642002d03820,1605892609,8.12.0,package.json,yarn@1.22.4,package.json
c342a1f2cce68174a23b2e80caa6acab1d29ab74,1605899359,8.12.0,package.json,yarn@1.22.4,package.json
a0870a6f87cd648c529accb0eeb957c52546eefd,1605899501,8.12.0,package.json,yarn@1.22.4,package.json
977d20ba41c13fe45ef9acdd4a72db093240a7be,1605907427,8.12.0,package.json,yarn@1.22.4,package.json
e31655556af140d31f858665c6b4e5f9f7602666,1605907928,8.12.0,package.json,yarn@1.22.4,package.json
372b416665c142d61a5d7c3b5651116a0c69955c,1605909179,8.12.0,package.json,yarn@1.22.4,package.json
304906fed2d7b77298a1b0563967628ab2902c57,1605909197,8.12.0,package.json,yarn@1.22.4,package.json
249702ef682f958df574ee896a36edece0b3faf6,1605910884,8.12.0,package.json,yarn@1.22.4,package.json
fe2ed8eefa0257059927cb41aae2b2aa687ab1bc,1605911036,8.12.0,package.json,yarn@1.22.4,package.json
274d237630e474b1a5a4db73642ea8f879a58290,1605913892,8.12.0,package.json,yarn@1.22.4,package.json
b6fa90b92def066e850f2b193e67166408b410f5,1605913964,8.12.0,package.json,yarn@1.22.4,package.json
889159443322f100325d51742021d6ea0c81ab42,1606235778,8.12.0,package.json,yarn@1.22.4,package.json
fc55754ffb532da85ffdabcfbff54c53f9c0d467,1606237903,8.12.0,package.json,yarn@1.22.4,package.json
1401f3dfc966e969f1e0240be586fc38417d1c70,1606238493,8.12.0,package.json,yarn@1.22.4,package.json
b537f0e9659263b107753ec07449f57dbb3dc21a,1606238493,8.12.0,package.json,yarn@1.22.4,package.json
5e1abd0847dd57cd959fdaa0b1b296b579cbf79b,1606238493,8.12.0,package.json,yarn@1.22.4,package.json
5a380e1034b70d09d68e36a071e2f2869a20c3ce,1606238493,8.12.0,package.json,yarn@1.22.4,package.json
fce6004c7b676e577d546b40c074de35654768db,1606238493,8.12.0,package.json,yarn@1.22.4,package.json
ffc31f1aa9397f8085de683008b13f06264f67f1,1606253848,8.12.0,package.json,yarn@1.22.4,package.json
3df133a3cb8018910440abbccbdfb79df47a7417,1606254007,8.12.0,package.json,yarn@1.22.4,package.json
bee4612b35dd268d8b39f8b64e6b02ec5e239b45,1606257536,8.12.0,package.json,yarn@1.22.4,package.json
c3b37fc252254f062683fa1267df4e3e1363a7c7,1606261639,8.12.0,package.json,yarn@1.22.4,package.json
52096edea78eb6a4373aa19b587335902aafd590,1606264433,8.12.0,package.json,yarn@1.22.4,package.json
33100718bd0b46739534164a8d853ecfe8db0850,1606266483,8.12.0,package.json,yarn@1.22.4,package.json
eb8f3566b2003479748d5a89ea7604dffdd52449,1606266645,8.12.0,package.json,yarn@1.22.4,package.json
fc9759bdab94c7996fd9bf90faff84589cd0667f,1606317725,8.12.0,package.json,yarn@1.22.4,package.json
7f51208b9dc31687770330c6ea641af5fc8225d6,1606332559,8.12.0,package.json,yarn@1.22.4,package.json
ea64bf4d5e066f36c600f81b21e2895c5fd76829,1606458707,8.12.0,package.json,yarn@1.22.4,package.json
3c0fe4dd40a86eb94c911320859d05150272e256,1606458955,8.12.0,package.json,yarn@1.22.4,package.json
42cc8ffb22600d3f2ebee824c9d7ed9d74f2dc11,1606769670,8.12.0,package.json,yarn@1.22.4,package.json
d5331a8dc01cdfe7e8fae085b536f479497cfa53,1606941821,8.12.0,package.json,yarn@1.22.4,package.json
ae6227971bd881f4333edb8d0f2f81f1c6cfe7c1,1606944072,8.12.0,package.json,yarn@1.22.4,package.json
545b20ddd1eb5b62f4b7d7101ee6d6ce32eb054b,1607027198,8.12.0,package.json,yarn@1.22.4,package.json
02a9cd40a5377b6264258fe23ca9067b2bdc4514,1607106832,8.12.0,package.json,yarn@1.22.4,package.json
452a39216db12c06e933e70c3a496191a34b27a9,1607118281,8.12.0,package.json,yarn@1.22.4,package.json
4c2b6ca390387f9766adc9a688c4e3e81fc7bf79,1607354179,8.12.0,package.json,yarn@1.22.4,package.json
e8c66dc7457e80887572c79d196d079d1488d75d,1607354333,8.12.0,package.json,yarn@1.22.4,package.json
7d126d1525921d6807a8234a00b685126308c31f,1607366568,8.12.0,package.json,yarn@1.22.4,package.json
400f295b063d4cf0ed3026124c585e83c2546123,1607373440,8.12.0,package.json,yarn@1.22.4,package.json
fbab9c677c19ba4bccdedab74228d87d2409dc87,1607374536,8.12.0,package.json,yarn@1.22.4,package.json
1d5cbc430135f61cb830fb0ff483c5fe1ec254b9,1607374557,8.12.0,package.json,yarn@1.22.4,package.json
aecec87dd522fd11f594ac780fc1dd5fed85c35d,1607382423,8.12.0,package.json,yarn@1.22.4,package.json
dddf75ad4fc25ad0ff3df4c3b3d13e17cc8059db,1607382608,8.12.0,package.json,yarn@1.22.4,package.json
98dd32fefd54f94229a4fcd696e429c558d3b1d4,1607411773,8.12.0,package.json,yarn@1.22.4,package.json
d89440832301504fbeaee9354d5f9c37355786c1,1607547338,8.12.0,package.json,yarn@1.22.4,package.json
00c3ae224d789f828dbeb948a7a447724e2e441e,1607555415,8.12.0,package.json,yarn@1.22.4,package.json
8c1ee29e73321361d99a892b6cd1aad2bda6f0e4,1607562173,8.12.0,package.json,yarn@1.22.4,package.json
85f3fd8ced6755243d573cb11cbde47a6a573bd1,1607562312,8.12.0,package.json,yarn@1.22.4,package.json
9b86f53dae2b295d8afcb3d9a9b70784b68cd550,1607622444,8.12.0,package.json,yarn@1.22.4,package.json
e2f178f6e6c018e9636bc4d6b5c012c1cb92e363,1607628036,8.12.0,package.json,yarn@1.22.4,package.json
80b2f53c570496bd9e3bbdc859c52f14c9e4ee1e,1607719105,8.12.0,package.json,yarn@1.22.4,package.json
db85303a14c91291399280c0ae6dfddbab994a77,1607977652,8.12.0,package.json,yarn@1.22.4,package.json
9de21f13a3e1a142b04f75dc0301ddf58e8dd651,1607981607,8.12.0,package.json,yarn@1.22.4,package.json
3169533645d570f8aa4cee5adeeb44f9d06ad067,1607981772,8.12.0,package.json,yarn@1.22.4,package.json
a511cddbafaf6227ceabd65f236f6b93b5afb104,1608042196,8.12.0,package.json,yarn@1.22.4,package.json
34a458ae79a75ed44f9b5ba793e73ae9f3c10652,1608068424,8.12.0,package.json,yarn@1.22.4,package.json
ac5e6a4781a098d2c2e8ce0641465973cfb94b82,1608157136,8.12.0,package.json,yarn@1.22.4,package.json
0a34ba516de08588a69fdacdbdb25cb546e28f4f,1608217572,8.12.0,package.json,yarn@1.22.4,package.json
1bc8af6760941a8f8ec554ab7b725539880b82bc,1608226357,8.12.0,package.json,yarn@1.22.4,package.json
9b1f6125079e0117c1f6f4425c0a3e5f9cbba4a9,1608239646,8.12.0,package.json,yarn@1.22.4,package.json
c8ce802417c6922c84f3173bb3c4172cbf67cde2,1608249717,8.12.0,package.json,yarn@1.22.4,package.json
1ee74e38c21be319cccf6259b0f916ba03db6d5c,1608250557,8.12.0,package.json,yarn@1.22.4,package.json
4662388c35026041eb2efb19be6f3e68a3710a1f,1608252721,8.12.0,package.json,yarn@1.22.4,package.json
3b86900c2a105bea78ccfba97c9eb84d6ca8e7d1,1608312153,8.12.0,package.json,yarn@1.22.4,package.json
a026ce6b0d16caa8bd707c3b3acb44ec2075b534,1608312162,8.12.0,package.json,yarn@1.22.4,package.json
33bfdbd290f237b8896e79c3ab3faef316708644,1608316528,8.12.0,package.json,yarn@1.22.4,package.json
3ff7ebb967a1e0e6349cb8ccc0a5ef8252e289f0,1608316693,8.12.0,package.json,yarn@1.22.4,package.json
ec19eabb1c6aadf08aa42202b1ef5e432b52b496,1608321589,8.12.0,package.json,yarn@1.22.4,package.json
ccbbb1436e624b4ec889fce381616021a8b4d67c,1608574659,8.12.0,package.json,yarn@1.22.4,package.json
aa50e64710f900453923adfc90bd0d82db40486c,1608577137,8.12.0,package.json,yarn@1.22.4,package.json
0b311680af292f79eef22e699d187ac74471684f,1608593497,8.12.0,package.json,yarn@1.22.4,package.json
3abf057906a1a920ee120e568a2ccf833c5b5f6f,1608595352,8.12.0,package.json,yarn@1.22.4,package.json
b02a9e896cc8a3185fde96b46b22016a8e859159,1608639138,8.12.0,package.json,yarn@1.22.4,package.json
3cd702578cfc0ec88ba27944be61a77555f61594,1608653463,8.12.0,package.json,yarn@1.22.4,package.json
53313c105cbc1c761ecf64b515cb49cb7a26c904,1608660220,8.12.0,package.json,yarn@1.22.4,package.json
954d5175af36c0c5fc2e5fd545d52f3d3a6bcfa2,1608660364,8.12.0,package.json,yarn@1.22.4,package.json
7bb8adb3424c6b9bbc0495e59ecaa49012212a42,1608735533,8.12.0,package.json,yarn@1.22.4,package.json
e20da97cefd4e6315ac96feab40764e1db6259ff,1608752895,8.12.0,package.json,yarn@1.22.4,package.json
a9561a0e687d09ac9913a498086e815629e65460,1608753030,8.12.0,package.json,yarn@1.22.4,package.json
887b27313cc77fa039cac42da25f23f08c62f900,1609193652,8.12.0,package.json,yarn@1.22.4,package.json
62929c2c141f509c8d871773a872f3e7dc564f07,1609276243,8.12.0,package.json,yarn@1.22.4,package.json
f1d35aa37a9c7c0b08c6d09a8be2243c683fa961,1609276400,8.12.0,package.json,yarn@1.22.4,package.json
50cb57dc640d3a3658c92ae2ce8651723b3a9d4a,1609379950,8.12.0,package.json,yarn@1.22.4,package.json
a99d461e2e7b9979182c1497275ba02043a8b1ca,1609424210,8.12.0,package.json,yarn@1.22.4,package.json
b34a71f22b3637711a2524499de65b64946b39cf,1609552602,8.12.0,package.json,yarn@1.22.4,package.json
6959b0f37d6920d339b0501ffc9a80be60fbaad2,1609552638,8.12.0,package.json,yarn@1.22.4,package.json
5dfe047d2260b913b57fa2b4fed4b466f7dad88b,1609773756,8.12.0,package.json,yarn@1.22.4,package.json
3c10e033ea5328a88abbe1315d9ee10a01e0f984,1609787222,8.12.0,package.json,yarn@1.22.4,package.json
a6ecc4df88cfe5d5adc02c161cfe9cfbd428c0a3,1609789834,8.12.0,package.json,yarn@1.22.4,package.json
d6b7928aecce18734286501d9dcaee6c5437a743,1609790620,8.12.0,package.json,yarn@1.22.4,package.json
279ff611cd753dfa391007b796e7fea63d98c408,1609865139,8.12.0,package.json,yarn@1.22.4,package.json
f518c04658e1a9bcf3f8ce688b9eb38f67cec79a,1609870450,8.12.0,package.json,yarn@1.22.4,package.json
5933cc946f105b52390637fc05e83c6fbafb0072,1609870450,8.12.0,package.json,yarn@1.22.4,package.json
8b35706201f31343ca0ffe93c293b3dc0183ba34,1609870450,8.12.0,package.json,yarn@1.22.4,package.json
d2c0a19d94e6d6a69461757394ee3f615a9143c6,1609870804,8.12.0,package.json,yarn@1.22.4,package.json
7ebc6163bd6b3cb2dbbc0d812382dd2ccc8a8129,1609877362,8.12.0,package.json,yarn@1.22.4,package.json
5239c466b5a5db4481df1961e2dd14da9a9df8ee,1609877514,8.12.0,package.json,yarn@1.22.4,package.json
f50e6fb40d4f70d9c1e739e4caabf21e091379d3,1609878087,8.12.0,package.json,yarn@1.22.4,package.json
37c6b2e9dff2f6a73322aa67927c1075660c458e,1609884426,8.12.0,package.json,yarn@1.22.4,package.json
c777edf99ffa13ef58e5aa42b012c9ae46ea52ac,1609887185,8.12.0,package.json,yarn@1.22.4,package.json
44c185c6e82f1872db5809587a4e162fb7fe955d,1609948982,8.12.0,package.json,yarn@1.22.4,package.json
165fa712c3c97e485e55818851ee76fd15dd0782,1609955182,8.12.0,package.json,yarn@1.22.4,package.json
6ffede502e3abae9606d7981cb56b3d80b023c8f,1609956693,8.12.0,package.json,yarn@1.22.4,package.json
6345a9d433c8e188a5d1e1cd9c646f08fb831eac,1609966433,8.12.0,package.json,yarn@1.22.4,package.json
2fec61152d788dd4eca316a458334927d6cad99c,1609968675,8.12.0,package.json,yarn@1.22.4,package.json
902338c7223e89065de90cb2126e6c0a1b4c6bbe,1609972621,8.12.0,package.json,yarn@1.22.4,package.json
b95a637929164cf5e9dccf23d6e3432b21cfbbf6,1610039727,8.12.0,package.json,yarn@1.22.4,package.json
bf8298e794b2515a187c6e76c8e66ee7f7a1017f,1610042049,8.12.0,package.json,yarn@1.22.4,package.json
c8158805279e4e652303d95f5f947a322333ba87,1610043397,8.12.0,package.json,yarn@1.22.4,package.json
9ec8598e7a571a51dd5b5bb0f8d5930ccd220bec,1610046414,8.12.0,package.json,yarn@1.22.4,package.json
b5b89e4a99220013bc5ef36dd4a1f320a2dc147d,1610065001,8.12.0,package.json,yarn@1.22.4,package.json
f83f6ea5fbd10243001aeb9ba8c65469117d123b,1610067728,8.12.0,package.json,yarn@1.22.4,package.json
6932826a173b40b6f5dbf062885dcc2b9e5587a1,1610119260,8.12.0,package.json,yarn@1.22.4,package.json
612b4c1d72a4f8aab857d66e099f58952fdcae21,1610124932,8.12.0,package.json,yarn@1.22.4,package.json
19fdec30f98bc7605ab70a8bec474a6b4fd52eb1,1610125768,8.12.0,package.json,yarn@1.22.4,package.json
234e0a1d0a98f71ac2b0e0dc5b4d09f2c1f363c8,1610133403,8.12.0,package.json,yarn@1.22.4,package.json
06c5dc1cff048b708774fef58f1e5c2760eafe1d,1610133446,8.12.0,package.json,yarn@1.22.4,package.json
aef02eca9fc7d22c8935d198feeb2e123fd9cd3f,1610133447,8.12.0,package.json,yarn@1.22.4,package.json
28bcfab8c74d1cd536fab0720043f6ccbecafc96,1610133447,8.12.0,package.json,yarn@1.22.4,package.json
5b1ebf422cc5a364c2f1b222636f16513cab686d,1610134940,8.12.0,package.json,yarn@1.22.4,package.json
3335e7597992651561016d9b9cdec1e0dee365ff,1610136166,8.12.0,package.json,yarn@1.22.4,package.json
533ac66545d7358170e4e8b0c41744ba3a7cf3f6,1610136429,8.12.0,package.json,yarn@1.22.4,package.json
419ff98bee85f801bd47588f944734e48355b608,1610140357,8.12.0,package.json,yarn@1.22.4,package.json
860b304d3ad8e097e21eb822688024f56211480e,1610140524,8.12.0,package.json,yarn@1.22.4,package.json
5212e9cf7b183c7b86070eea9b94845ea5476914,1610141318,8.12.0,package.json,yarn@1.22.4,package.json
8c4e20803f0305d5b46e7a5a05f80755084efcbf,1610154375,8.12.0,package.json,yarn@1.22.4,package.json
50235b5c516c18700f22b302672a728bfadd3a36,1610158024,8.12.0,package.json,yarn@1.22.4,package.json
debffffd8dd8d3d8f77b12174f39e87c54e7889b,1610390914,8.12.0,package.json,yarn@1.22.4,package.json
7f103a41abed3219da9b40ea79a4af9363ba6696,1610392878,8.12.0,package.json,yarn@1.22.4,package.json
e5c711bb200b53814f787bb3a0b0852817e50611,1610394800,8.12.0,package.json,yarn@1.22.4,package.json
e21911e66dd73235a2d1c9b7fd5991a9995cb757,1610406030,8.12.0,package.json,yarn@1.22.4,package.json
a74adf4f37d2162d9e73902de0539025430118ae,1610410592,8.12.0,package.json,yarn@1.22.4,package.json
30180ec6e038dc0def27ef8e0adfce78c59f9aca,1610410592,8.12.0,package.json,yarn@1.22.4,package.json
55e35d9a198b4dd3e018dc8de34c47bade9d1c96,1610410592,8.12.0,package.json,yarn@1.22.4,package.json
e99365d6a6167e34c825ec86ebe24c55137ce91c,1610460677,8.12.0,package.json,yarn@1.22.4,package.json
ff3b7cbac839e6c62320a593aef651ea33951cdf,1610460836,8.12.0,package.json,yarn@1.22.4,package.json
d120cd2cd5187b544c229b2f75469f60b8e6dfc0,1610463146,8.12.0,package.json,yarn@1.22.4,package.json
20c67ede635c4e3d43bc092a346ddad11a66c6b8,1610463299,8.12.0,package.json,yarn@1.22.4,package.json
6db609d2f2b825435fb17473bb0584fb631268a6,1610466658,8.12.0,package.json,yarn@1.22.4,package.json
600c7097f037ca9e201a38245f3a0745386827c3,1610495125,8.12.0,package.json,yarn@1.22.4,package.json
d59a562053687e5ede9cad29da9d7ba45b61918d,1610496123,8.12.0,package.json,yarn@1.22.4,package.json
f5446501f4408a2f212d755a654813bd76c98fb0,1610496289,8.12.0,package.json,yarn@1.22.4,package.json
a4c43a64b7104b0e1955ebb94d4ab74f68db26b4,1610498646,8.12.0,package.json,yarn@1.22.4,package.json
056e27debac6c66a6fe801f50a5ae0008be4fee1,1610551094,8.12.0,package.json,yarn@1.22.4,package.json
1c58f475bd7b4122a378065c6f1b057401d409c3,1610559388,8.12.0,package.json,yarn@1.22.4,package.json
be2e8cebbe467bf8f93bbe243b531a2636b94071,1610564700,8.12.0,package.json,yarn@1.22.4,package.json
70d390a4b8a99731bdd0bdbd040fb7bacfc4f16c,1610565981,8.12.0,package.json,yarn@1.22.4,package.json
f8c102c07582250ed1ee14495922b81a8687b00e,1610566322,8.12.0,package.json,yarn@1.22.4,package.json
113d90cbc59a16a9464ee6e846b49f0e3978e2e1,1610567279,8.12.0,package.json,yarn@1.22.4,package.json
8e95294d6ecca484dd332d5e87e3718e2a992e7d,1610572914,8.12.0,package.json,yarn@1.22.4,package.json
69c27c366ff14774d6e461c503f290182d3422e4,1610573056,8.12.0,package.json,yarn@1.22.4,package.json
b1f244be03c58040d6db2e07f4f13f34b43ce145,1610574523,8.12.0,package.json,yarn@1.22.4,package.json
0954c89d125f31882086328b1a21193b0d2c8388,1610577579,8.12.0,package.json,yarn@1.22.4,package.json
1c4c165547108acc763f561d94c96e8d298f857f,1610577579,8.12.0,package.json,yarn@1.22.4,package.json
1ae3c71a6612ccfbb945adef0f3dac48da9a7840,1610577975,8.12.0,package.json,yarn@1.22.4,package.json
f5b3937416aba59ea2e0033324dc2d4bb48cf232,1610577975,8.12.0,package.json,yarn@1.22.4,package.json
15db05ae8ea62e6f48f0a57dc4127fd29308b468,1610578041,8.12.0,package.json,yarn@1.22.4,package.json
92704f6f35543e72224c846271076ee221db3244,1610635014,8.12.0,package.json,yarn@1.22.4,package.json
0a65309457ecd302daaaf0bdde60490f3e20e2cc,1610638712,8.12.0,package.json,yarn@1.22.4,package.json
7c0f074a04491d2a6819319eb27cfc7374711684,1610638860,8.12.0,package.json,yarn@1.22.4,package.json
d30e15448f4ba594f1da88c7b796e6acde428881,1610666548,8.12.0,package.json,yarn@1.22.4,package.json
ba92c154194e45e9d77821b6bd169d1e8ac0c352,1610685325,8.12.0,package.json,yarn@1.22.4,package.json
6e5f0f3c11722d9dcd91f9a6ed9764fc01ec5232,1610736351,8.12.0,package.json,yarn@1.22.4,package.json
34c0811b43026dbdc50787cd081f9de588916840,1610739398,8.12.0,package.json,yarn@1.22.4,package.json
70e04f037d67ed550d1e4ab3e1dee5b3bdef17fc,1610739557,8.12.0,package.json,yarn@1.22.4,package.json
905f3360287bb7c8c26d6f0f63c1804e700fe520,1610740796,8.12.0,package.json,yarn@1.22.4,package.json
0b3c15b7ab2ece96aeb1ee544ec347ca6891e93f,1610746062,8.12.0,package.json,yarn@1.22.4,package.json
bba80802ed42040d1001fa177005b8c946d19ade,1610746229,8.12.0,package.json,yarn@1.22.4,package.json
1730ff3504d8b0daaf03794642a0f51928195ac8,1610747558,8.12.0,package.json,yarn@1.22.4,package.json
d6f9a642b15cedb90e2b7d2d08fae11faace7320,1610749054,8.12.0,package.json,yarn@1.22.4,package.json
782eac0f5a389bba564de1c9ae1a1afc1c6c480f,1610754851,8.12.0,package.json,yarn@1.22.4,package.json
6f1c365df97864d5a8140a3a1f5ba46f2c6dae5b,1610755002,8.12.0,package.json,yarn@1.22.4,package.json
af575d3005fdb92d6a3d52dfda45f4c24b37460c,1610762646,8.12.0,package.json,yarn@1.22.4,package.json
8761c975bae1ffa6006b650536097d892d80e10a,1610764221,8.12.0,package.json,yarn@1.22.4,package.json
511b1c3a342ba3a325bbb0058a4a7c31a3c59147,1610771804,8.12.0,package.json,yarn@1.22.4,package.json
f578f2337a89e8180e5f260ed3c3031fd30bcb18,1611076434,8.12.0,package.json,yarn@1.22.4,package.json
8ddede7657abff4559de9bd50458360d495a1fc8,1611078224,8.12.0,package.json,yarn@1.22.4,package.json
c289366cef548b02254e0ad9d8683a74c19531fd,1611082384,8.12.0,package.json,yarn@1.22.4,package.json
857199ed6a483d34c1af2d2dcad0f412fe728ac6,1611093230,8.12.0,package.json,yarn@1.22.4,package.json
f7f1d7a277edf85223d1cc12dff131e83cbedd1f,1611158861,8.12.0,package.json,yarn@1.22.4,package.json
b79e7e800118ecfdbfb525ba137a15c5bbef03c2,1611169551,8.12.0,package.json,yarn@1.22.4,package.json
25113725fa941556122f86ff42a6abf5cff39157,1611169651,8.12.0,package.json,yarn@1.22.4,package.json
1c6ab9cac05adf1d502f4396fa7cc24a8ed11346,1611270402,8.12.0,package.json,yarn@1.22.4,package.json
1498e5e2674105637fd66e9d4ae50be4bd53b5ed,1611275762,8.12.0,package.json,yarn@1.22.4,package.json
eb3a46b0c54b4a76fbf79dd81fc9e83df0627ff3,1611278209,8.12.0,package.json,yarn@1.22.4,package.json
61bbff7cf0bb2e99ef6ed1fdb082e0e9c6030537,1611279934,8.12.0,package.json,yarn@1.22.4,package.json
4493acde470d35db8d21b7543588c98db37dab24,1611337751,8.12.0,package.json,yarn@1.22.4,package.json
a0ffc87d7008cfe5b0abeb66fd8571f7d302a790,1611355789,8.12.0,package.json,yarn@1.22.4,package.json
093f674aac40a36d8fde39c1747d7f6c91696355,1611588333,8.12.0,package.json,yarn@1.22.4,package.json
abec33ceacdd38af2ad539fa9c356212e69c08b6,1611588497,8.12.0,package.json,yarn@1.22.4,package.json
4c75e3322a916102008976d95620f8957b0ba693,1611591879,8.12.0,package.json,yarn@1.22.4,package.json
af330aa2f78ffc8d569d0e60af4048551d753f4a,1611592044,8.12.0,package.json,yarn@1.22.4,package.json
698f0793d59f1dc41071c8cfb920287178fad3ee,1611604705,8.12.0,package.json,yarn@1.22.4,package.json
22b9f3a35337d687a23aee5fcc894c52266a1162,1611607108,8.12.0,package.json,yarn@1.22.4,package.json
68f026d425f0bd414bcbca63e48e3ae46f3d5578,1611610265,8.12.0,package.json,yarn@1.22.4,package.json
69f03638bc884dbd941d65ca424bb0f4969025eb,1611611083,8.12.0,package.json,yarn@1.22.4,package.json
e5b6b5561cf7edd0c4f0311f695cc25d01bf99c7,1611611518,8.12.0,package.json,yarn@1.22.4,package.json
1bdb326e4577b81b5d77944b8dcae5679eb07308,1611613263,8.12.0,package.json,yarn@1.22.4,package.json
9e0f8def5bc62478b3f6f07019b5a1db9158bf13,1611623655,8.12.0,package.json,yarn@1.22.4,package.json
56ea3ecebfeadd2672bc967300729ae7568f3820,1611669732,8.12.0,package.json,yarn@1.22.4,package.json
8a991a761b832bbb0b983ceb60f99bafc2474998,1611669732,8.12.0,package.json,yarn@1.22.4,package.json
0f13c66bc73a8f007d08c5c0ea1d42be555b5fad,1611669732,8.12.0,package.json,yarn@1.22.4,package.json
e72106a1d7abfdff243b0290ec62d6950793c1b5,1611669768,8.12.0,package.json,yarn@1.22.4,package.json
e374fb891467cf5e10e5dd3a95a493ee081a1114,1611674384,8.12.0,package.json,yarn@1.22.4,package.json
5d53cba7a8251af3777f7dbae6314650511c2418,1611676985,8.12.0,package.json,yarn@1.22.4,package.json
6235e8d6d88ab3b2302a18aac25d3ffed7da1162,1611677525,8.12.0,package.json,yarn@1.22.4,package.json
31037a2b9706f1fcaedf2f97db15262739c10e0a,1611679707,8.12.0,package.json,yarn@1.22.4,package.json
326d117a8160eb8d9e045286a266fa5e40f2bf0d,1611685722,8.12.0,package.json,yarn@1.22.4,package.json
5039a9310c25e71e76e53bbb17e5e9c4be30b62c,1611687957,8.12.0,package.json,yarn@1.22.4,package.json
3cf3ae2e4594a6ff85b226810cee38a0653950f9,1611690122,8.12.0,package.json,yarn@1.22.4,package.json
b1631cf7dc2b2712ca142b4326ece862b80ad1e8,1611694838,8.12.0,package.json,yarn@1.22.4,package.json
de1a97c6fb3f9f7b8f8720aff4a56ae8ea8044b5,1611696528,8.12.0,package.json,yarn@1.22.4,package.json
1bea937ed5d524dd7a590149519a4962dedc6eee,1611696783,8.12.0,package.json,yarn@1.22.4,package.json
9ef54459c5bdcba146a965dc4231fa5d5a4b5b88,1611697262,8.12.0,package.json,yarn@1.22.4,package.json
6c7b038d25d856c71285bad37868f89484a36b4e,1611698226,8.12.0,package.json,yarn@1.22.4,package.json
a1504c07a51df40ebf7e30ad173fb0a82cb29d7e,1611701664,8.12.0,package.json,yarn@1.22.4,package.json
91d719dde59919a23132298f03de2950d241fcf5,1611704376,8.12.0,package.json,yarn@1.22.4,package.json
b3272b4141fdc6565b990fe070e5645d23f50227,1611705735,8.12.0,package.json,yarn@1.22.4,package.json
5903eaf7e07e2131bd2b04723cc805a0dc77d24a,1611717464,8.12.0,package.json,yarn@1.22.4,package.json
c0bed37aced1b4601b6892a733081464b4aba246,1611718369,8.12.0,package.json,yarn@1.22.4,package.json
eb1812b845331557d0e1c6719ff7b1e2770423dd,1611762561,8.12.0,package.json,yarn@1.22.4,package.json
6a2830b8610268185f050c583594cd9d9e28dfca,1611762657,8.12.0,package.json,yarn@1.22.4,package.json
e22ccfab9571b7b8d4b2937e000375f5ca0be605,1611762801,8.12.0,package.json,yarn@1.22.4,package.json
635fb9ea6c2d219a4ee8cea85ab973cdeb752c89,1611764502,8.12.0,package.json,yarn@1.22.4,package.json
703d3a1fa34c0cc80fc31a58ea97a78821070812,1611764672,8.12.0,package.json,yarn@1.22.4,package.json
44b19b6c4373d47de78e3726836f0be3457201e1,1611765671,8.12.0,package.json,yarn@1.22.4,package.json
695d0f0f38d4d77d892c85c46e9b22725c8bb578,1611768954,8.12.0,package.json,yarn@1.22.4,package.json
1db491d3ea0569cd1d6d043f0718a016b7f1644b,1611769122,8.12.0,package.json,yarn@1.22.4,package.json
fc2619ea416aae355915661c8e2a6242eb198687,1611785934,8.12.0,package.json,yarn@1.22.4,package.json
8adff63b824b59730f150f211addafcdfc71ccd5,1611788071,8.12.0,package.json,yarn@1.22.4,package.json
ffc02a824819dd26131f33fcc38534f2f751d14b,1611847456,8.12.0,package.json,yarn@1.22.4,package.json
33bb1b6534127164b51436151ba070fd8a148457,1611847620,8.12.0,package.json,yarn@1.22.4,package.json
811d8b02cb5d72254f5b2d1928c6ea3c5b4d47fb,1611853387,8.12.0,package.json,yarn@1.22.4,package.json
4071ede9fef100139bf6b69270d9d247735fe3ec,1611853549,8.12.0,package.json,yarn@1.22.4,package.json
8a5d7162d823d8fcb264412c05d3e3a37f6b3d44,1611881334,8.12.0,package.json,yarn@1.22.4,package.json
8878e0ad762a33cb38f81aeab7678128a0ece6e4,1612204369,8.12.0,package.json,yarn@1.22.4,package.json
7ac72f43046abacdee2930e37c3d3f62fb9a6e04,1612275830,8.12.0,package.json,yarn@1.22.4,package.json
dfdb115daaddf3d036429f5911545e4addbb3556,1612279136,8.12.0,package.json,yarn@1.22.4,package.json
7d07892c7ce39442391b58dfd21fcc1adfd750fd,1612279995,8.12.0,package.json,yarn@1.22.4,package.json
9e30db802ac74b4154120cc3a0d776e12326d150,1612287074,8.12.0,package.json,yarn@1.22.4,package.json
323aa37e7b865d6905d068f5713839bb63a9cfc2,1612290188,8.12.0,package.json,yarn@1.22.4,package.json
ebe2dd962e9131a22314a815e6bbbbf45c502aa2,1612298886,8.12.0,package.json,yarn@1.22.4,package.json
2bc3f0df96ef2fd4ce2c61cb3803446f8f64d911,1612299036,8.12.0,package.json,yarn@1.22.4,package.json
2d8040c038af73214df960df914a705f10064847,1612391506,8.12.0,package.json,yarn@1.22.4,package.json
a9dffab4563a1cdf1db06fdefbac3a75e2c58dff,1612462127,8.12.0,package.json,yarn@1.22.4,package.json
aa85b47c80cffd82a364741f46f3faac9dae3d19,1612540419,8.12.0,package.json,yarn@1.22.4,package.json
678b1f595866ca525da2ad850118af378a9b72a4,1612545246,8.12.0,package.json,yarn@1.22.4,package.json
4083e62647d1dd4f9df7869ab7579f8bb435d545,1612552966,8.12.0,package.json,yarn@1.22.4,package.json
8381be219600d88a6c48f9505a48eae3587c42d5,1612554639,8.12.0,package.json,yarn@1.22.4,package.json
7dadf880ddbf5e04253a21641d9e35fffc8a64e3,1612556280,8.12.0,package.json,yarn@1.22.4,package.json
b26cf1229ee781a3b2e79162707207a9d8bc7222,1612562103,8.12.0,package.json,yarn@1.22.4,package.json
37dca187a66defbe27db361508767f6796b98bb2,1612886861,8.12.0,package.json,yarn@1.22.4,package.json
830f19356192db3bd4967fca7b46e0ae804de1c3,1612890562,8.12.0,package.json,yarn@1.22.4,package.json
8bcd4f78cb8c6e37a02e99a6ed42e12abb8d9d63,1612993656,8.12.0,package.json,yarn@1.22.4,package.json
45dc9eaf7a55ce63f27982eba74eed49bbd4505a,1613053542,8.12.0,package.json,yarn@1.22.4,package.json
bd44774d800c861c928df2ef7817642944bd069e,1613053542,8.12.0,package.json,yarn@1.22.4,package.json
220ac48b42b5894700e305066586946775be9bd3,1613053542,8.12.0,package.json,yarn@1.22.4,package.json
081f16e874384f4f04e9fac5f0c9a23eee956208,1613111649,8.12.0,package.json,yarn@1.22.4,package.json
a200647c5b5e14705386b95cd7d344947d44d748,1613139038,8.12.0,package.json,yarn@1.22.4,package.json
a5a40031fbc832dab836338a6c39b818d1c3b9a4,1613492957,8.12.0,package.json,yarn@1.22.4,package.json
2ab452f9591a4e29fa6dc02b584b64973fe87a1a,1613504056,8.12.0,package.json,yarn@1.22.4,package.json
f1eec2c622f439bfaa8ab3b82f5c4132e7eed0c9,1613504235,8.12.0,package.json,yarn@1.22.4,package.json
a144e41ac4f0c8d3f61610fbbf6320ad769013ce,1613572473,8.12.0,package.json,yarn@1.22.4,package.json
7589508df7f7ceb5a13356bcb783e948d24b504d,1613572473,8.12.0,package.json,yarn@1.22.4,package.json
f1b52ef135553006649be87eeb7ce330e916a015,1613581912,8.12.0,package.json,yarn@1.22.4,package.json
509bca3b72dcc1cdf0e6302d2fa9a18386b18381,1613582281,8.12.0,package.json,yarn@1.22.4,package.json
052299153bc46b5f5d36f2607e3c5373ccde0618,1613582299,8.12.0,package.json,yarn@1.22.4,package.json
c538ccf1af60c481665871bf012fcdcbbba8c1a8,1613582311,8.12.0,package.json,yarn@1.22.4,package.json
1ad4b3a89a4bc553c7e1125888002fe91a6b18d7,1613582320,8.12.0,package.json,yarn@1.22.4,package.json
2a082b26bc16fafd4dc09741d45259d5fbc1eb11,1613582329,8.12.0,package.json,yarn@1.22.4,package.json
f44ddf2d5e2c6f448a415bb5a9552a762619077b,1613582339,8.12.0,package.json,yarn@1.22.4,package.json
1c080ff4dab3014f134a054fd850ec1c3075edf6,1613594467,8.12.0,package.json,yarn@1.22.4,package.json
b716d99d195250166fea0e56b5178c6e5dde6f14,1613594671,8.12.0,package.json,yarn@1.22.4,package.json
2afbea7c398ad8e05653bff2f0013f3f004bb4d8,1613596532,8.12.0,package.json,yarn@1.22.4,package.json
b672b38ecfe3546227b09348635a3089fcc166ae,1613600701,8.12.0,package.json,yarn@1.22.4,package.json
ace1fc0822480b818358ad01d8604da3f5410baf,1613600849,8.12.0,package.json,yarn@1.22.4,package.json
c9707b954e596a6c0e6468f0d11b587b6c4a1fc3,1613667814,8.12.0,package.json,yarn@1.22.4,package.json
af937d9b834ab11f5c8d4566b657d3d5b9f1605e,1613671728,8.12.0,package.json,yarn@1.22.4,package.json
86eb0c23e9ece17f50c7d1af0a7c9321f5de5724,1613675632,8.12.0,package.json,yarn@1.22.4,package.json
900d73aa98de6c1a40f1c2bbe2d25c894483821b,1613690570,8.12.0,package.json,yarn@1.22.4,package.json
6eb6e044ae886018ad91565923588931c3d711c1,1613690625,8.12.0,package.json,yarn@1.22.4,package.json
bbb642ed3b889efa68993df97ad72475f67a2281,1613752614,8.12.0,package.json,yarn@1.22.4,package.json
fe5d72aebb53473bdf94f345f88c4747e7083857,1613752673,8.12.0,package.json,yarn@1.22.4,package.json
5aa6465254e94069a994db1ed2b36e96c74f4ee5,1613756363,8.12.0,package.json,yarn@1.22.4,package.json
b8a18d5492d03d4514020050151d62ee32e232aa,1614005633,8.12.0,package.json,yarn@1.22.4,package.json
6ba6c80aee99fee620d4ed286347f7cd365fce38,1614007256,8.12.0,package.json,yarn@1.22.4,package.json
85bc703a0e32cc8d25eeaca65ffde19e445fd600,1614012140,8.12.0,package.json,yarn@1.22.4,package.json
85d025db8cc79d47230005f0ac20a9ba0f3bdd8c,1614013671,8.12.0,package.json,yarn@1.22.4,package.json
99659b4292512f7c457c27c976f0629b12e0ff44,1614014835,8.12.0,package.json,yarn@1.22.4,package.json
c36eadb14784bb3079096b58d1df5ff28ccfb507,1614018786,8.12.0,package.json,yarn@1.22.4,package.json
490114b588d8027a32e67f0c50415656f88e97b1,1614018960,8.12.0,package.json,yarn@1.22.4,package.json
f54a34a0fe7a70186d3db795afdabaae3255e685,1614020431,8.12.0,package.json,yarn@1.22.4,package.json
410841e17e028f7543ddc1cea1bebcf3d6fb3a84,1614020598,8.12.0,package.json,yarn@1.22.4,package.json
d79e0c55daa04f22a29e077d20d184cda54f00ae,1614021303,8.12.0,package.json,yarn@1.22.4,package.json
76adbaf9bdb9d8fa62d037b1d9c6167077ac7dc6,1614026242,8.12.0,package.json,yarn@1.22.4,package.json
5479e1c3311e2359c09674b07fa43de8961e497e,1614026912,8.12.0,package.json,yarn@1.22.4,package.json
12901c1a4fb86ee17d04818d8c4427ff3278f60b,1614028108,8.12.0,package.json,yarn@1.22.4,package.json
ef7952c3523668bc77f4b48b329a8d8554892cb4,1614031928,8.12.0,package.json,yarn@1.22.4,package.json
a1e907fcd1eaf815a86260eee15b79d6735e7c3a,1614032101,8.12.0,package.json,yarn@1.22.4,package.json
94c8dbfadd4ed2f107991561abe1d30fff49cacb,1614094100,8.12.0,package.json,yarn@1.22.4,package.json
5fdf317e51a6a9732e67e995961192b744afd37d,1614098688,8.12.0,package.json,yarn@1.22.4,package.json
10e36f2e3ed0b210020144633e2a561f9e596d78,1614098688,8.12.0,package.json,yarn@1.22.4,package.json
b41894163083dabbe2638313dac507bc815b5c7c,1614098688,8.12.0,package.json,yarn@1.22.4,package.json
8100c4baabdb893877c0732aa7f874704703ab56,1614103708,8.12.0,package.json,yarn@1.22.4,package.json
8e01aa5bb991c85f7137028ace6ab3e3d0b569b4,1614103874,8.12.0,package.json,yarn@1.22.4,package.json
ec5b92958edb2d04543cb3a7627f424c9b37b890,1614107395,8.12.0,package.json,yarn@1.22.4,package.json
b7d38304ed2d51daf1e49057595b9a9147426eba,1614185776,8.12.0,package.json,yarn@1.22.4,package.json
56f5208692ef1cf005759be429530c5f16d24706,1614283167,8.12.0,package.json,yarn@1.22.4,package.json
e39a7c2618255cc17a936abdd19e16241866e420,1614283167,8.12.0,package.json,yarn@1.22.4,package.json
989c28f451b0c8807cf52d97093417b7f30d253a,1614283263,8.12.0,package.json,yarn@1.22.4,package.json
a15791048a2427c0ef330a5bff391bf1f50a40a5,1614354721,8.12.0,package.json,yarn@1.22.4,package.json
89f68d353d653e744cc98ba4c348cb6b2072d510,1614370311,8.12.0,package.json,yarn@1.22.4,package.json
0039877ce6f3c59ed380c2b38157ca72b2f84e3a,1614372243,8.12.0,package.json,yarn@1.22.4,package.json
f8b078b586dcb8e3b35cc8b0b6d6e3c5a288d324,1614374710,8.12.0,package.json,yarn@1.22.4,package.json
37721359a94b6e93234e1fca056e7201c9c281e9,1614375580,8.12.0,package.json,yarn@1.22.4,package.json
5983c2bb4448326d6a4184a211ab5e19ac4150b7,1614456401,8.12.0,package.json,yarn@1.22.4,package.json
952e4f77fd283dcdac6b4cf31a9d322ef0b637e2,1614457310,8.12.0,package.json,yarn@1.22.4,package.json
2af508135929245e268b973d24d992f579a519d3,1614558142,8.12.0,package.json,yarn@1.22.4,package.json
6d002302ab2678377ee6bf9d922e71ed07df2c6f,1614623067,8.12.0,package.json,yarn@1.22.4,package.json
d5368f8706feeed097d019f8686c9b4a2fc79436,1614623185,8.12.0,package.json,yarn@1.22.4,package.json
320b92dc2fd79a4202e79cceed620d918e493b70,1614623307,8.12.0,package.json,yarn@1.22.4,package.json
a1826c7599e67fa0f2b07ae1caf21c32fc3040e9,1614626096,8.12.0,package.json,yarn@1.22.4,package.json
e50ce9c5291e6f20f8403903e47c01a57beb1e85,1614628302,8.12.0,package.json,yarn@1.22.4,package.json
f15fb58fc95c11f2373acbf3e8d626ed53666226,1614629803,8.12.0,package.json,yarn@1.22.4,package.json
e50190cd9c09a6088806efe31b1d330d4393c9b6,1614630791,8.12.0,package.json,yarn@1.22.4,package.json
4b98912f9c24331b2e352ea904aefed1ed266147,1614632329,8.12.0,package.json,yarn@1.22.4,package.json
db5b78a76bdf4665ec078af0a77ca6c89e7c25f5,1614633294,8.12.0,package.json,yarn@1.22.4,package.json
fb4f8bd0beed4f3a47ecc9417760c94df21ce4f3,1614638209,8.12.0,package.json,yarn@1.22.4,package.json
14addcca0d893e19cacf061fe3a3c671a40483a1,1614648374,8.12.0,package.json,yarn@1.22.4,package.json
9fbcb3073ac121fa0e71f9857a912e3e74ad885e,1614648559,8.12.0,package.json,yarn@1.22.4,package.json
daea369b1ac985e86c9ec22a20b41302d9c2a2db,1614696943,8.12.0,package.json,yarn@1.22.4,package.json
8a3a84a95e6da4600eafb2bd07404cd96665d84d,1614709052,8.12.0,package.json,yarn@1.22.4,package.json
8724b4c7dda1ccc272fe1bc7c2bd7831df306f5a,1614711089,8.12.0,package.json,yarn@1.22.4,package.json
482c2662feca72db2e218f7760c4a0281400ec97,1614795807,8.12.0,package.json,yarn@1.22.4,package.json
8790871ecbe3a65f16d3ceecaf600cd266e357ce,1614799813,8.12.0,package.json,yarn@1.22.4,package.json
17e9e2a856d09f54b2642670cd48f1fc772a0d07,1614799963,8.12.0,package.json,yarn@1.22.4,package.json
7451e42ba8da488f10a64710f979b966c09220fb,1614807234,8.12.0,package.json,yarn@1.22.4,package.json
9b41aa7c6526ce9ab05bf30a90e57f8d83b7c377,1614812168,8.12.0,package.json,yarn@1.22.4,package.json
f531c3c44092ffbd8b150446425ca2d0775de461,1614813941,8.12.0,package.json,yarn@1.22.4,package.json
bef354790efb71af6d847102a2d975366c6498ba,1614814835,8.12.0,package.json,yarn@1.22.4,package.json
c04ffd3578ccfd60d078b32ffe6077967b03041b,1614819293,8.12.0,package.json,yarn@1.22.4,package.json
d2d90feae150ff4fff9051670d9889af3b76c090,1614819380,8.12.0,package.json,yarn@1.22.4,package.json
688971b1bd5523af2bee905e5b2e36ed2c2a0687,1614969803,8.12.0,package.json,yarn@1.22.4,package.json
ac3f6d31b794102b242045d1f33dea448f120fcd,1614973200,8.12.0,package.json,yarn@1.22.4,package.json
99e322348f5930637f1c127c3f637b393964084b,1614977959,8.12.0,package.json,yarn@1.22.4,package.json
dbf7db7cd4b0514a355af49cbeae8d174ff4afaf,1615226659,8.12.0,package.json,yarn@1.22.4,package.json
bba427755ed0e5714234dab9e240c8f9f8eff545,1615227369,8.12.0,package.json,yarn@1.22.4,package.json
f8a0a3ba1db0b8f4222347664458dbdca6502e5a,1615227369,8.12.0,package.json,yarn@1.22.4,package.json
4ad2f9ca927f57bf73a08c6cb88527555eaf0d0c,1615227369,8.12.0,package.json,yarn@1.22.4,package.json
de57ffb4f5a788fed024f07d60a21e7d4a91b9b0,1615227369,8.12.0,package.json,yarn@1.22.4,package.json
f10ca2a4cd93b7542c0f0be3c8213cdfcbd69632,1615227369,8.12.0,package.json,yarn@1.22.4,package.json
da80aaed0d6150174c53ce5c32b4920af7ed7094,1615227369,8.12.0,package.json,yarn@1.22.4,package.json
454143a0ffa3d7a4cf116cad27af467243662301,1615234649,8.12.0,package.json,yarn@1.22.4,package.json
0ffc2866e6a2cf9311115421fbcdbc68cb6d3ef0,1615335360,8.12.0,package.json,yarn@1.22.4,package.json
3e700d2d8610974fd7c3e3c24ed98540291e80e8,1615388266,8.12.0,package.json,yarn@1.22.4,package.json
760b5e012b63fbe25d51f60c09ca6eda4674129d,1615406620,8.12.0,package.json,yarn@1.22.4,package.json
29cadcf55d43b5e7b5e7a80cb71099063d4666f0,1615406620,8.12.0,package.json,yarn@1.22.4,package.json
1f192f7881bd9656494fe8d84072e86f6af6c149,1615437471,8.12.0,package.json,yarn@1.22.4,package.json
2570eefad10416510ffdca52e2f19473dc1cfab6,1615488718,8.12.0,package.json,yarn@1.22.4,package.json
46d018bc12f3e1f21d715f0ee4c08292c9e2aff8,1615488884,8.12.0,package.json,yarn@1.22.4,package.json
b327a031e064e15d7bd8fb690f8a0fee7e10dc94,1615493857,8.12.0,package.json,yarn@1.22.4,package.json
ce9daff4f67de169de4383de8b6a9c17fd509845,1615493900,8.12.0,package.json,yarn@1.22.4,package.json
45da15fc67bfeef06d5f49bcb5feb133ae959d9b,1615587574,8.12.0,package.json,yarn@1.22.4,package.json
fe0365f31b5b4870bb84dfa96e3cc95b43370d8c,1615818066,8.12.0,package.json,yarn@1.22.4,package.json
a01c28d7d5479480420e1fb3f6b5a7a07f52abef,1615826138,8.12.0,package.json,yarn@1.22.4,package.json
3ea5e01ec1aec45944ee33719b3e6dfe4600527c,1615834876,8.12.0,package.json,yarn@1.22.4,package.json
21e674c118843511fee6b3be03bc44f8f76ac8a5,1615834876,8.12.0,package.json,yarn@1.22.4,package.json
02f4bc67ae97b65a8d94486598c0934885e50cd5,1615845231,8.12.0,package.json,yarn@1.22.4,package.json
90daf63b9551f2d7cee8baa78d63a862cd4c0f40,1615850668,8.12.0,package.json,yarn@1.22.4,package.json
23c72d9ddc3b8452f49992c8327ec30ef98d751d,1615850844,8.12.0,package.json,yarn@1.22.4,package.json
3054ef8e856a8ac2b270efe7fb4001ee460a054b,1615903687,8.12.0,package.json,yarn@1.22.4,package.json
b73d4a3ee77ebc7689ccc3c0a387eaa9e651c2b1,1615903879,8.12.0,package.json,yarn@1.22.4,package.json
0a88c354d36f051f7dd708f6dace38cf89617fbb,1616441150,8.12.0,package.json,yarn@1.22.4,package.json
e75d6f484518e48c7ddb02c90ce152c678cccd4e,1616441317,8.12.0,package.json,yarn@1.22.4,package.json
661db944e0ad7fcfd34e2d1128da4271f82b5b6b,1616446780,8.12.0,package.json,yarn@1.22.4,package.json
3df4edb5fd98cfccc9ae854e91a0c41ad30338bf,1616446780,8.12.0,package.json,yarn@1.22.4,package.json
41db177dfe76d803d1fb3524e50db3f5a9bba202,1616505320,8.12.0,package.json,yarn@1.22.4,package.json
470d270359dff9a81fd0970f26406d6532f934e4,1616556283,8.12.0,package.json,yarn@1.22.4,package.json
2bb70c76e58ef2bbdc80e76c488c72dcfb4b3efc,1616562372,8.12.0,package.json,yarn@1.22.4,package.json
af954a16ffd214d0e881f41f32aa7ab61fe7a060,1616562425,8.12.0,package.json,yarn@1.22.4,package.json
313903028a6bff6573ce43fa10baced0e8c72385,1616565188,8.12.0,package.json,yarn@1.22.4,package.json
5aefcbadd546be86b5c3d3bde7477d43988d74f6,1616599815,8.12.0,package.json,yarn@1.22.4,package.json
cb33c5d06ccd2237bf782d01c52da824ea466eb3,1616615077,8.12.0,package.json,yarn@1.22.4,package.json
d6721d5e9de8313be2ceb5c72e2ffd4e135c4a70,1616618478,8.12.0,package.json,yarn@1.22.4,package.json
c829c47c10d5be270e33667e28ef8f8598b8c10b,1616620462,8.12.0,package.json,yarn@1.22.4,package.json
4818b44daed77bea1dbdb8a5cb95ba536ff6092b,1616620613,8.12.0,package.json,yarn@1.22.4,package.json
5812dc0ece80e5b341dbb9cf3ca6690fa1e71cfa,1616620866,8.12.0,package.json,yarn@1.22.4,package.json
4ce88e43dd91a2c03a2fac23ac8c31d767c10e86,1616622400,8.12.0,package.json,yarn@1.22.4,package.json
e0887d79b7a7dd091fab5eaa5fe6fcdb514806cb,1616622537,8.12.0,package.json,yarn@1.22.4,package.json
2cb3113eab5f4c5db7b756e0f1e4ac28023f6fe9,1616622699,8.12.0,package.json,yarn@1.22.4,package.json
fce41a287f64fe88e8bad06d81d3aad861917ad4,1616623555,8.12.0,package.json,yarn@1.22.4,package.json
d93f23a5247a199afa5b067c722f0425c0027ac4,1616676089,8.12.0,package.json,yarn@1.22.4,package.json
b1b374ad7f5e826c160f9197983aee4a541b15fd,1616685048,8.12.0,package.json,yarn@1.22.4,package.json
ae515e9ff4f8f25298a2927df169fec4dead5cbb,1616685129,8.12.0,package.json,yarn@1.22.4,package.json
87f9d891382b4c7c114199519da872138918974d,1617138338,8.12.0,package.json,yarn@1.22.4,package.json
335fdf56f6673e3bee0934d10ac311c3d9e114e0,1617140290,8.12.0,package.json,yarn@1.22.4,package.json
5471077382be8de5c1f6eb5a1d3499b2555573d5,1617377753,8.12.0,package.json,yarn@1.22.4,package.json
6ea390f4a86e508e9bd197c240bc32a3b814242e,1617635669,8.12.0,package.json,yarn@1.22.4,package.json
75815625adfa9e0a2962955665701b9adcd470a0,1617638136,8.12.0,package.json,yarn@1.22.4,package.json
325eecb78b9d71ccfc4fcb32c99670b6ec68f5ea,1617644865,8.12.0,package.json,yarn@1.22.4,package.json
959db1cf386e820cd5eb7bd252d4a5c6665c01c4,1617647323,8.12.0,package.json,yarn@1.22.4,package.json
3e37b524ef1279926b58a1d90ee220af67585fb2,1617647323,8.12.0,package.json,yarn@1.22.4,package.json
fb404a8bef1c2598c4c394d0f3a4e9f4c2ea00ce,1617647323,8.12.0,package.json,yarn@1.22.4,package.json
ea0bddea3d6682b9c3557ccf196c675c87a64662,1617647324,8.12.0,package.json,yarn@1.22.4,package.json
85939fc7dda14b32d2348afee9363495a64ef23b,1617647324,8.12.0,package.json,yarn@1.22.4,package.json
46a59d274c941955cf48662ee0671e8ffbc77393,1617651971,8.12.0,package.json,yarn@1.22.4,package.json
ddd9911210a0209570989153f4de864bed5ec1fe,1617663614,8.12.0,package.json,yarn@1.22.4,package.json
d8f53f32b4777a6824212233eff168610888994f,1617714446,8.12.0,package.json,yarn@1.22.4,package.json
161d0399fbb391b26c945895cb03160900ebcee3,1617714572,8.12.0,package.json,yarn@1.22.4,package.json
f44a25e815d106d648534dc8d6b288acd3c5592b,1617740526,8.12.0,package.json,yarn@1.22.4,package.json
95ea2dd52147d90a370fdfc85e5ae76ea9e978c8,1617745233,8.12.0,package.json,yarn@1.22.4,package.json
dfbea431fb1863be67c337c3de6eeecc972742ab,1617810661,8.12.0,package.json,yarn@1.22.4,package.json
4860725fb90c37cd0a1aab96b2f869d3f7b482ae,1617813279,8.12.0,package.json,yarn@1.22.4,package.json
2760bf5e15a0ad04b76549a773e8b3170af46996,1617887108,8.12.0,package.json,yarn@1.22.4,package.json
01d64316d38b996a22abf215470a554b9951f1c4,1617899906,8.12.0,package.json,yarn@1.22.4,package.json
2b19a33c8417e8e7d4ef7c3933f7b5260100efef,1617905439,8.12.0,package.json,yarn@1.22.4,package.json
0415d8e4010e772bd22590b3e47b55cce6dbf0d1,1617908449,8.12.0,package.json,yarn@1.22.4,package.json
ec822152ba2d87450de4c21513e895dc71128780,1617986791,8.12.0,package.json,yarn@1.22.4,package.json
b30134ebecb5ae210ab9ed59112c8673ff21cf54,1617986792,8.12.0,package.json,yarn@1.22.4,package.json
778f709d5a3b34e07be594056588641075d0a55e,1617993527,8.12.0,package.json,yarn@1.22.4,package.json
b1649a97ae569f5fadaa9001241116ffbc22d1ec,1618000829,8.12.0,package.json,yarn@1.22.4,package.json
4824a7d0cd75fc96c8d51cd2201d0204a310b1b9,1618005850,8.12.0,package.json,yarn@1.22.4,package.json
0c29c2c81df36b5db2358d2597b74cee1857535f,1618245552,8.12.0,package.json,yarn@1.22.4,package.json
7b992c5971d0bee47af4f6060a85bdfc321877f6,1618245698,8.12.0,package.json,yarn@1.22.4,package.json
c0f1d7da7b0383bac348fba7f5269190db28781e,1618253404,8.12.0,package.json,yarn@1.22.4,package.json
a7f1cea185f665e4de4d14be02e18432e3f0f828,1618338668,8.12.0,package.json,yarn@1.22.4,package.json
57f53b5392c3f854d9672d64c2cd4aae77cf9364,1618414678,8.12.0,package.json,yarn@1.22.4,package.json
7b9e8cfe108794bc472eb37b22e39026e43f3d7f,1618414725,8.12.0,package.json,yarn@1.22.4,package.json
067857a25587d8fa67b8de211467b06ba4a33272,1618499398,8.12.0,package.json,yarn@1.22.4,package.json
f242d740f28e661f0b9aa554fa27fd8f3755dc97,1618580665,8.12.0,package.json,yarn@1.22.4,package.json
b1120902af07f8fc7c6f2d7b6e6c28dda4276bca,1618591046,8.12.0,package.json,yarn@1.22.4,package.json
c0096a018e58883d4506970c79d92e2b9402aeee,1618594024,8.12.0,package.json,yarn@1.22.4,package.json
d8fba26cc38eb9b95edd1ecde1ed482743a10809,1618597243,8.12.0,package.json,yarn@1.22.4,package.json
148a0272a9949ed35400a148bee013a072927c57,1618605292,8.12.0,package.json,yarn@1.22.4,package.json
eb447ae138cf1e8c054bfea8df52a2d0fcf6744b,1618605472,8.12.0,package.json,yarn@1.22.4,package.json
32918f708ece38d5bd14e10b641ad98a178db199,1618846468,8.12.0,package.json,yarn@1.22.4,package.json
ac0ea38ff2847ef3dbf63e3b017314c79fbef23d,1618923748,8.12.0,package.json,yarn@1.22.4,package.json
b909eea794863cefcb1bf38b6a08323e759ba376,1618923906,8.12.0,package.json,yarn@1.22.4,package.json
c4efc856206935e97b2ee2e74a2cf86eb5ebed62,1618949532,8.12.0,package.json,yarn@1.22.4,package.json
a7b7bd73c124dcafb416e5031aca6ff46982d0d4,1618957735,8.12.0,package.json,yarn@1.22.4,package.json
468eac96cad2c82aa6f209e87dfd1d39ee01a0d2,1619015185,8.12.0,package.json,yarn@1.22.4,package.json
e2af33ee3a4a715ae9260140494e1a5fe11952f2,1619015351,8.12.0,package.json,yarn@1.22.4,package.json
20eca83cfd39964898f43dff2977c68eb4f20275,1619018249,8.12.0,package.json,yarn@1.22.4,package.json
7d296553960d9ad0c8f7b245b4cd099f73eec6dd,1619023520,8.12.0,package.json,yarn@1.22.4,package.json
d74315b65d36b06d5691da3928a521e7ce8d4bf8,1619025599,8.12.0,package.json,yarn@1.22.4,package.json
0c83a674cd0b8d97a1ee99f7cfc3b8ea06e22174,1619028106,8.12.0,package.json,yarn@1.22.4,package.json
8820e7b5ecaefd6317273ab213c52389ef009b5c,1619028483,8.12.0,package.json,yarn@1.22.4,package.json
2fc7ef9f1586c431d84a9bbf1f8a85b8f8906453,1619031660,8.12.0,package.json,yarn@1.22.4,package.json
7078c2a69b6fa41374d1b8ab4360e818e8f61b78,1619113604,8.12.0,package.json,yarn@1.22.4,package.json
6bb8d3ab7b3d2f40ba46044e6f996fccd80adc51,1619123157,8.12.0,package.json,yarn@1.22.4,package.json
f13654a3610e9d26150c89e276c545920d58ebfb,1619128073,8.12.0,package.json,yarn@1.22.4,package.json
b083cfc020f4a7eef59fe9e061d6d69345e1e8a2,1619202996,8.12.0,package.json,yarn@1.22.4,package.json
3846f03975f7233df858ac77564b9f70a022d8f8,1619458339,8.12.0,package.json,yarn@1.22.4,package.json
67ac18ea4c3629c83f0856e20e68a1718dfd2a87,1619461576,8.12.0,package.json,yarn@1.22.4,package.json
b93848fa16693edc3e1eeed9e78aa24fe71cf897,1619560621,8.12.0,package.json,yarn@1.22.4,package.json
40620c6a476478075ca1e451c1cc44c645230e67,1619566254,8.12.0,package.json,yarn@1.22.4,package.json
741c30800ab5c30b3843614e569042e0913989e1,1619566413,8.12.0,package.json,yarn@1.22.4,package.json
2c02e621dea9f69074de7862ebf296518c65b89d,1619622861,8.12.0,package.json,yarn@1.22.4,package.json
11a317c383d221ff2f903a6384eeca3be74f502d,1619629308,8.12.0,package.json,yarn@1.22.4,package.json
0240cb18c726f562a34b900b331bd0ac4c0eebb3,1619629351,8.12.0,package.json,yarn@1.22.4,package.json
bf68e6dffee99a927a982a3768d56a86254237eb,1619633639,8.12.0,package.json,yarn@1.22.4,package.json
49d2a59acd39ea2e0969e869c393c9d5a7c51452,1619633690,8.12.0,package.json,yarn@1.22.4,package.json
c2f28145992d91d451afcf5e5c53559541a98815,1619646452,8.12.0,package.json,yarn@1.22.4,package.json
7174185d2c8ae56abac34a6b2200ea61cfcb7f3e,1619726001,8.12.0,package.json,yarn@1.22.4,package.json
38db1f7dc4721c01add451e29e5ca5bf9ba14a59,1619726162,8.12.0,package.json,yarn@1.22.4,package.json
3791d1d6e9b8f63bd95f1d47fcd39f2edaf0b9a4,1619798633,8.12.0,package.json,yarn@1.22.4,package.json
912ef60ef29e8f975be2ae7a32f787f07818caec,1619800557,8.12.0,package.json,yarn@1.22.4,package.json
6dfd8d95e6526424a77d47c60b4cbd3d02aa9c21,1619802683,8.12.0,package.json,yarn@1.22.4,package.json
762f8eb47ad7b4a476175a62af4c175f9524ff3d,1619807778,8.12.0,package.json,yarn@1.22.4,package.json
72338fc843b9b699721f0574917a31fced14ed62,1619807926,8.12.0,package.json,yarn@1.22.4,package.json
b632e97c2e4f9b68f9320e9e02db7ffe7c91a94c,1620243166,8.12.0,package.json,yarn@1.22.4,package.json
752006fa90958b497e1bf46f320f07cd5babf793,1620250322,8.12.0,package.json,yarn@1.22.4,package.json
5b793b2e583cb94df2554182dd875007806dfbb5,1620306204,8.12.0,package.json,yarn@1.22.4,package.json
5e46c261c88c46beb270b4dc79c69d14e4a509c9,1620309114,8.12.0,package.json,yarn@1.22.4,package.json
4c8358c0ff67070c72c3f9706b696e25e618a9a8,1620314089,8.12.0,package.json,yarn@1.22.4,package.json
242cc5124e62b88291fbfcc829a5fb1e411ff169,1620319026,8.12.0,package.json,yarn@1.22.4,package.json
3867a2b1839a8b4e0572e5e2d2418dacbe35f0c9,1620322855,8.12.0,package.json,yarn@1.22.4,package.json
0e1101c6721ccea2ebceaecb7b30fec7affa4dff,1620324445,8.12.0,package.json,yarn@1.22.4,package.json
15ea58eedf0154f71b381d3e8e399e7d06b3421d,1620325508,8.12.0,package.json,yarn@1.22.4,package.json
acc0da8fd3f3959e26ed531dd7ceabd3e44dd46e,1620332668,8.12.0,package.json,yarn@1.22.4,package.json
db914fd37c7e9f915f87fa9cc562d089c02bf60b,1620384002,8.12.0,package.json,yarn@1.22.4,package.json
d212bcb7e5a84204cd855412bef40a8f1551208e,1620396482,8.12.0,package.json,yarn@1.22.4,package.json
79da44112d340e3362eef08454ee6792638bfc2e,1620396655,8.12.0,package.json,yarn@1.22.4,package.json
e9eeeaa89572578c63f7e4ec6bd5280252255a4b,1620667105,8.12.0,package.json,yarn@1.22.4,package.json
9d9f5c3d680fd47c750490804a1e1a37c734cf90,1620669733,8.12.0,package.json,yarn@1.22.4,package.json
fba4ace3d6176973f636131fad3688370a6d7d39,1620675079,8.12.0,package.json,yarn@1.22.4,package.json
3027569e5c47170a67eb7c72fab2396302e8cf23,1620675079,8.12.0,package.json,yarn@1.22.4,package.json
25b6cd107a65a8f9e0042841599e8fa41b930dc2,1620675079,8.12.0,package.json,yarn@1.22.4,package.json
e1a9974231c159c970c41448f9e1ec21e8541bd9,1620684322,8.12.0,package.json,yarn@1.22.4,package.json
8bf7fd3a697bf0cfc76846d69caefcf9412304d8,1620685390,8.12.0,package.json,yarn@1.22.4,package.json
a42ba8f318cec31eccda3298df2e6770ee2f547f,1620743914,8.12.0,package.json,yarn@1.22.4,package.json
bb29c71e978bfc826be6ad1b5f4d883e4dbac731,1620845738,8.12.0,package.json,yarn@1.22.4,package.json
861f9d488415b45aba8307c2a95d6c75fe228376,1620910190,8.12.0,package.json,yarn@1.22.4,package.json
9c881133ffe68bbc88b9d22f7040fdc853d6fdef,1620935826,8.12.0,package.json,yarn@1.22.4,package.json
8d78716c33e6f8630ad029e7b0175e72331e5c53,1621035807,8.12.0,package.json,yarn@1.22.4,package.json
a012ab44dafb343b6dd53d93c529cec99871a292,1621273098,8.12.0,package.json,yarn@1.22.4,package.json
97e15fccbdf9fe8f65f1bac6922fe54cf329d864,1621273260,8.12.0,package.json,yarn@1.22.4,package.json
cf31ece3ffed7e5e46ff4b69c31a22ab859d031f,1621283907,8.12.0,package.json,yarn@1.22.4,package.json
a3bca296ed19f28a7a887695b73651947c2c1fa5,1621284669,8.12.0,package.json,yarn@1.22.4,package.json
8a7573153a388e0e7ef9dad708c9babc0f65fa21,1621290285,8.12.0,package.json,yarn@1.22.4,package.json
106d0dbac317d344fd3e20e6e66228c4587f0a51,1621290785,8.12.0,package.json,yarn@1.22.4,package.json
da60f9f7491341f3c44890aa73c33e140df4d033,1621295750,8.12.0,package.json,yarn@1.22.4,package.json
d41f073c5320ebd4b93dfafe1a9c5db92a8c1944,1621296534,8.12.0,package.json,yarn@1.22.4,package.json
10ce7bf692513178341b5a2f4f01940c502ab635,1621297110,8.12.0,package.json,yarn@1.22.4,package.json
42574639b157fb33083fcef4f7652acd965877c7,1621363440,8.12.0,package.json,yarn@1.22.4,package.json
b7bdc813b6475c39ea867cd99ffea721013f1f65,1621363440,8.12.0,package.json,yarn@1.22.4,package.json
3ea985f9ba5228dc8f816f1032e3c6060187e645,1621363440,8.12.0,package.json,yarn@1.22.4,package.json
9e1bd591cb395607a21b42cf9b0786efe8c61767,1621441288,8.12.0,package.json,yarn@1.22.4,package.json
2a97a8f5cc8ac8c9180bb25151f60cf0ebe9cb09,1621446619,8.12.0,package.json,yarn@1.22.4,package.json
18396f6e22061b0b7418ea4f3c9b0f79952f8c6b,1621457921,8.12.0,package.json,yarn@1.22.4,package.json
89c96163b66c7d839b6b5d264211f382cf9a8739,1621526001,8.12.0,package.json,yarn@1.22.4,package.json
024f94004e993f1e4be6c1807700b6e5149dc413,1621526758,8.12.0,package.json,yarn@1.22.4,package.json
5ddb5ad1a1e2be0cd6aaca9139b252e1c9c4c998,1621548529,8.12.0,package.json,yarn@1.22.4,package.json
e6ee00f429be14d2403e9211c530737604b0b376,1621548630,8.12.0,package.json,yarn@1.22.4,package.json
8ae350f059d39cac32f21e48b17e2af9f1adb170,1621549068,8.12.0,package.json,yarn@1.22.4,package.json
6dc1ea66eb6550f5d0e13c8a809be946659336e8,1621551657,8.12.0,package.json,yarn@1.22.4,package.json
3bd8aba790ebabe2284a69a1b48db3d9a9a61abc,1621619465,8.12.0,package.json,yarn@1.22.4,package.json
7748b14c65fe4d3903d1f3c6b94b903ae2e26c53,1621629723,8.12.0,package.json,yarn@1.22.4,package.json
9fb39e03dbfba2cd17ed09a7a4811142a3794559,1621629892,8.12.0,package.json,yarn@1.22.4,package.json
7fdabcf726eacb97f6e106ca3d009c30c5ea02c3,1621634138,8.12.0,package.json,yarn@1.22.4,package.json
c33792ebbdda8b14bfaeaea24854872e72cc2362,1621636257,8.12.0,package.json,yarn@1.22.4,package.json
2b9601ac2e43e450304d0eb2b8cec8283e895598,1621863815,8.12.0,package.json,yarn@1.22.4,package.json
598fc28045189093be0c660d1311de7960da3e76,1621866540,8.12.0,package.json,yarn@1.22.4,package.json
d794c3b05b9262751a1650bb8f4e5fb2c9291bc2,1621876224,8.12.0,package.json,yarn@1.22.4,package.json
573cae3f37230bab92600bae85b2445fa3b6d17c,1621881192,8.12.0,package.json,yarn@1.22.4,package.json
460e521101beea449beb96f75c79c1ed875f1476,1621881452,8.12.0,package.json,yarn@1.22.4,package.json
047c91f855a1c840bfd9e793a2f214a825cce8f5,1621902785,8.12.0,package.json,yarn@1.22.4,package.json
fdea17fba0accf139e18c19dcb5d485fb8455c71,1621952270,8.12.0,package.json,yarn@1.22.4,package.json
8d4fb236f5f96eeafad0254e20703a9c69789176,1621953156,8.12.0,package.json,yarn@1.22.4,package.json
81b07b85603d3ff6fa27fedcc2ba01c745f9233d,1621953343,8.12.0,package.json,yarn@1.22.4,package.json
b562c66b7eb66057048e794d8ac5e1baf62e3dc6,1622036706,8.12.0,package.json,yarn@1.22.4,package.json
21dcac0412970dccf898fa4e094cacc21904bb9a,1622052442,8.12.0,package.json,yarn@1.22.4,package.json
bf66ce75cb566eb0940bfa8af2a597e747e733a0,1622137178,8.12.0,package.json,yarn@1.22.4,package.json
10258e6ad15039cad7dc15f6c1d3082a1310ca6e,1622148421,8.12.0,package.json,yarn@1.22.4,package.json
94ebe3a1bbf82071b15c50d48ffb01781c12985b,1622211411,8.12.0,package.json,yarn@1.22.4,package.json
2f1d5f86740b0ff725d62a6626e342c286254132,1622211797,8.12.0,package.json,yarn@1.22.4,package.json
8d0f079df5ffd359a2599d4db42e9a79aa0748f9,1622220441,8.12.0,package.json,yarn@1.22.4,package.json
f4126f02380892598cc1a7237251152294a1d37a,1622523415,8.12.0,package.json,yarn@1.22.4,package.json
5d3bad6da75acf0b2bce53bb6cb57daa6f2c1c3f,1622557262,8.12.0,package.json,yarn@1.22.4,package.json
987b3dff8be91aa0f65630ae099dd4090bf4341c,1622557716,8.12.0,package.json,yarn@1.22.4,package.json
294cb62097f54fa3e9bd35c2a99a6ec5635d3b93,1622557824,8.12.0,package.json,yarn@1.22.4,package.json
326864f89757755d0dd5cac21c4c301451fb7ad2,1622569613,8.12.0,package.json,yarn@1.22.4,package.json
db43b2114c1414073ccd9888e68bb31c208aa1ea,1622574314,8.12.0,package.json,yarn@1.22.4,package.json
32cbddd79ccea5532eded5cc70827e5d3b1e0428,1622577398,8.12.0,package.json,yarn@1.22.4,package.json
9e6cd2b88b70f42068a3b16085c0fe81d9c5a79d,1622637426,8.12.0,package.json,yarn@1.22.4,package.json
eeea406cb142262eece404af8ebf3797a6ae663a,1622650404,15.2.1,package.json,yarn@1.22.5,package.json
52772d5ec7ab7409e1ddafe90ddb23cb9087bfc7,1622650404,15.2.1,package.json,yarn@1.22.5,package.json
56b02bee8a7e3d2ca3729f03f784283972e81185,1622650405,15.2.1,package.json,yarn@1.22.5,package.json
e604f0587326944d53f33aecccc0b36239631ca6,1622651799,8.12.0,package.json,yarn@1.22.4,package.json
963579b0a720d6a3d45cebade398268e5faf0190,1622651844,8.12.0,package.json,yarn@1.22.4,package.json
df8033ea8104dcd6af34c26c5720e829723ef609,1622665884,8.12.0,package.json,yarn@1.22.4,package.json
fcfb6bd635ab35633f8dfbc2b1c0e8a0d1c39432,1622667343,8.12.0,package.json,yarn@1.22.4,package.json
138ac74f8688c460eb5d3bb408dbce68c5882a43,1622732167,8.12.0,package.json,yarn@1.22.4,package.json
fe7a64f8dc872a6c7bd014a6eddf6ea94c1171b4,1622735087,8.12.0,package.json,yarn@1.22.4,package.json
ec2c21f6447d61bee6bf0246dba22394a8729cd7,1622740752,8.12.0,package.json,yarn@1.22.4,package.json
870d49b33f8fc138ffaf2be7915c759cf9b23536,1622749377,8.12.0,package.json,yarn@1.22.4,package.json
226d0977b04006627c2efdcd8fc117e8c9528228,1622750705,8.12.0,package.json,yarn@1.22.4,package.json
deb039e86657819b45fbb417c36c285d4ec5b4cb,1622752273,8.12.0,package.json,yarn@1.22.4,package.json
627fabdfc259f28f9c30a46223ff456a8cd674a1,1622755862,8.12.0,package.json,yarn@1.22.4,package.json
20a94a246c0c0698f62ff802cee3a975e931dfd8,1622816496,8.12.0,package.json,yarn@1.22.4,package.json
7032f43176707fae7cf23c6ad1fe98b74aa276ed,1622816668,8.12.0,package.json,yarn@1.22.4,package.json
f2025b831ebfb46c0587cb80f6563c7ecca3b70b,1622840510,8.12.0,package.json,yarn@1.22.4,package.json
44847bac82ff4267858575210538a32e1b278729,1622892463,8.12.0,package.json,yarn@1.22.4,package.json
80c6328231245d5908d80480c19794a66ccd0dd8,1622892679,8.12.0,package.json,yarn@1.22.4,package.json
295b1becb9833f8e50d2165dbe083f2ee09caf48,1623074651,8.12.0,package.json,yarn@1.22.4,package.json
1919c7c3191fa2287d252e79d6fd12a7416093d3,1623074709,8.12.0,package.json,yarn@1.22.4,package.json
7945079cf81e042b162b2cc76589a965d2240bb7,1623074832,8.12.0,package.json,yarn@1.22.4,package.json
f866bc1937947118bf92dd7a291e2913a1874d77,1623084026,8.12.0,package.json,yarn@1.22.4,package.json
702e4e43c1d77ca51cc70d9640e572e32d152e0c,1623086508,8.12.0,package.json,yarn@1.22.4,package.json
25c86c9c3d0e8566d8c9a1be20af8f507cba27e4,1623088486,8.12.0,package.json,yarn@1.22.4,package.json
69ffdf906dd63d145b56fd69b1ff29c0db9bc1b1,1623091102,8.12.0,package.json,yarn@1.22.4,package.json
28688f5ada8bcc37f21637ed8837e61bdcc07658,1623091250,8.12.0,package.json,yarn@1.22.4,package.json
c50d5b49199ffd8e36791f1f56c0c5fa22b75d33,1623098757,8.12.0,package.json,yarn@1.22.4,package.json
b56663a27bdbb0ee165ae02c5b609b59ce24477a,1623098757,8.12.0,package.json,yarn@1.22.4,package.json
7b17ff18e7c7e80de0693c5cb0d18c1259efdcb1,1623098757,8.12.0,package.json,yarn@1.22.4,package.json
92ae0ebf6c69ea4e2b4c8e522119aebd1cb3a7e1,1623099226,8.12.0,package.json,yarn@1.22.4,package.json
18c38d864a2e730daaac7340ba2012b1b3271b5c,1623105137,8.12.0,package.json,yarn@1.22.4,package.json
782f9433f0a2394b80aebe8561a011d72763e878,1623105294,8.12.0,package.json,yarn@1.22.4,package.json
0e346509335918c56a65e323f1e2184a7cddac99,1623264507,8.12.0,package.json,yarn@1.22.4,package.json
ca0ccaa10d5c3dac87e16941b565b15b8f975721,1623272072,8.12.0,package.json,yarn@1.22.4,package.json
c6f01c079323fcb973851cc77603e4ad2cdeca36,1623272108,8.12.0,package.json,yarn@1.22.4,package.json
0fccb5bdfe6a45ed2d9477a3638ee1adfe566d50,1623273631,8.12.0,package.json,yarn@1.22.4,package.json
6d43267f92804ce087dc7e3bc3366f4e79cde2aa,1623337099,8.12.0,package.json,yarn@1.22.4,package.json
b0caf1aee8eeb0190eca654d51e764822d63e685,1623347034,8.12.0,package.json,yarn@1.22.4,package.json
acd9b205ce9cc2d24effbf7a03d9ac0ed4453292,1623347198,8.12.0,package.json,yarn@1.22.4,package.json
ca8b314e7876c87b6546fa316e4680259ca14dc2,1623420162,8.12.0,package.json,yarn@1.22.4,package.json
f80026836193935e7f938eb2db5a5ccfdb5e2bf8,1623682637,8.12.0,package.json,yarn@1.22.4,package.json
2fe6c30d7f9295591f1794cd1eb8e5872bc3f95a,1623686026,8.12.0,package.json,yarn@1.22.4,package.json
2920739db62b4a7d4f8e14f9c7a50922a8ebc3b2,1623696568,8.12.0,package.json,yarn@1.22.4,package.json
0027473ee4f596e19c79905bc1e02dbf46756450,1623699563,8.12.0,package.json,yarn@1.22.4,package.json
ecfd7660f8333e84e25948550cdcc5cb4b9dcd1e,1623699860,8.12.0,package.json,yarn@1.22.4,package.json
217b3781f3a995421624a43b2f2916344d45ac18,1623705745,8.12.0,package.json,yarn@1.22.4,package.json
f70704878513cc85512c7b7c2bfb037fde243120,1623767739,8.12.0,package.json,yarn@1.22.4,package.json
bc4023ab63c42ff84c654f9dd91d1c7c5727efc9,1623793024,8.12.0,package.json,yarn@1.22.4,package.json
d4c899e72a093258a9ffa3b62ee8035642086686,1623793690,8.12.0,package.json,yarn@1.22.4,package.json
e07c28cd64ebb9a39ced242f1036aea925bc6c90,1623835107,8.12.0,package.json,yarn@1.22.4,package.json
62db75353b820f1436a4af3df7aa443b85b0419a,1623861315,8.12.0,package.json,yarn@1.22.4,package.json
13fa323194b6ffbb445ec7fc7430f2ec1d6236c6,1623922233,8.12.0,package.json,yarn@1.22.4,package.json
90de807080c8abf8122fdde327cc32a6972bee9a,1623940418,8.12.0,package.json,yarn@1.22.4,package.json
55d39e8f4adc6ac875c5b4c1fc4375e466b20462,1623940655,8.12.0,package.json,yarn@1.22.4,package.json
159985fb0fdbdc494976a99615019d0e91a33d62,1623944610,8.12.0,package.json,yarn@1.22.4,package.json
fd447aa6dae78a22e361810024593af0c267ea5f,1623952868,8.12.0,package.json,yarn@1.22.4,package.json
96deb5f507d675f7f99e3b9d9ca3d5b65019e98d,1623966352,8.12.0,package.json,yarn@1.22.4,package.json
9f4874db5907dd310d8fb91293db28d5d18733bb,1624029322,8.12.0,package.json,yarn@1.22.4,package.json
983ddcfff9f6de02ea1a7b813fb9a2975c946af7,1624029571,8.12.0,package.json,yarn@1.22.4,package.json
48715547c9fb9295f5ea76fab584d61c4acd5ff3,1624029623,8.12.0,package.json,yarn@1.22.4,package.json
08eebb90544eb5fc6c181068095181ff5f3dae9a,1624029711,8.12.0,package.json,yarn@1.22.4,package.json
f6be59e545302879daf31b89a6842c197e175280,1624029785,8.12.0,package.json,yarn@1.22.4,package.json
680ebef898f9d740b3a03b5a1144de00b5b525f5,1624037760,8.12.0,package.json,yarn@1.22.4,package.json
492f2b1019863bd793ef84700b379924075de787,1624290427,8.12.0,package.json,yarn@1.22.4,package.json
b9dcc7b63022125ba729679be2ef047cdf56ddc0,1624290427,8.12.0,package.json,yarn@1.22.4,package.json
d9de3ec46b8b44a5215cae2b1b28d563a1ad427e,1624290540,8.12.0,package.json,yarn@1.22.4,package.json
aa815faab79a6bf7e2cc71bdc85465fd7bbf6b35,1624294012,8.12.0,package.json,yarn@1.22.4,package.json
5b8a529e454ba73dad7d8944946d23fab62fbaf5,1624297933,8.12.0,package.json,yarn@1.22.4,package.json
7e1b7cba6a2984b71904f948f0efcbe8f6309f94,1624302502,8.12.0,package.json,yarn@1.22.4,package.json
34311854c2243747af2a02f00a83a41667d42ee3,1624303100,8.12.0,package.json,yarn@1.22.4,package.json
88605b93cbfbd2eac956dfd030a843738869e500,1624371213,8.12.0,package.json,yarn@1.22.4,package.json
c628ae2c88d1eca96f79d26d716b440401df0ae3,1624373822,8.12.0,package.json,yarn@1.22.4,package.json
1adf1ae9e766d49d6add620c1d7275ac04ebd949,1624398174,8.12.0,package.json,yarn@1.22.4,package.json
c1f055c881e45af61983df47c8a0555daa5db048,1624462651,8.12.0,package.json,yarn@1.22.4,package.json
27b04df017f2a164bc66cd003f7e8e29a3d0f555,1624547998,8.12.0,package.json,yarn@1.22.4,package.json
aa66f4f5d2110db3020f7766904a247b5ba2fec0,1624982087,8.12.0,package.json,yarn@1.22.4,package.json
b9533bc33ac2fe612a12a9d91630e6b55f2df73a,1625004296,8.12.0,package.json,yarn@1.22.4,package.json
f47ad7af065cdd40b1ff46c51bc7da914e891370,1625063984,8.12.0,package.json,yarn@1.22.4,package.json
b894fdace21c8f7e0adcf9d488b64ba923b71f5b,1625064139,8.12.0,package.json,yarn@1.22.4,package.json
ee5951591d96cfe12c8560eaed2abb20f02a5e9b,1625082543,8.12.0,package.json,yarn@1.22.4,package.json
2cd55a0e783fbee2d36cb0ece99dd84ac081538c,1625096509,8.12.0,package.json,yarn@1.22.4,package.json
7ec63905d52afd5041f5a375aec0c561768e2126,1625096722,8.12.0,package.json,yarn@1.22.4,package.json
5e8a6fd730cb04096d9848aeaac4dcc19d074962,1625096879,8.12.0,package.json,yarn@1.22.4,package.json
48ca4c22e43c76ddb56ef8fb1f511e9a4e24a1c4,1625164077,8.12.0,package.json,yarn@1.22.4,package.json
8c5c6725d14b9e1c9ddb9c9bbb57b13b06ae71e7,1625165933,8.12.0,package.json,yarn@1.22.4,package.json
1d2356c70425189e4a8d3f0a95fe64a43cd824b4,1625170209,8.12.0,package.json,yarn@1.22.4,package.json
2d74571766b1821ad4dd6fc095ec9b6742b95a0d,1625173605,8.12.0,package.json,yarn@1.22.4,package.json
d884d1cb664f95511fc1b90e08228f87e04e8385,1625175749,8.12.0,package.json,yarn@1.22.4,package.json
e71f1b5639e1c454da13c7714266930017c0b0d2,1625243518,8.12.0,package.json,yarn@1.22.4,package.json
af93c15a75a83202e786c871e4288a613ffd7ba4,1625243520,8.12.0,package.json,yarn@1.22.4,package.json
01541e402b53c48d336882941c28ab26b5de56c3,1625243521,8.12.0,package.json,yarn@1.22.4,package.json
b4379fd175b878f583e0dc3e2f172d3fdf80b375,1625243607,8.12.0,package.json,yarn@1.22.4,package.json
057be308c8961336b518597a8eb21c3c51aad580,1625243608,8.12.0,package.json,yarn@1.22.4,package.json
472087d0a8a0b210c6126abab851891ccba4426c,1625243608,8.12.0,package.json,yarn@1.22.4,package.json
53d746259de32b3fdc3194d72c4429fc27f31bbd,1625243608,8.12.0,package.json,yarn@1.22.4,package.json
563d432e60d30e5e34543e4160603a77fa44163d,1625243608,8.12.0,package.json,yarn@1.22.4,package.json
f86fbe4f84c4a6a02b90d2cca585ba7726c14091,1625243608,8.12.0,package.json,yarn@1.22.4,package.json
79095147d78bee0d41bc40635d44dba1942fb4db,1625243608,8.12.0,package.json,yarn@1.22.4,package.json
4b940181b2c70a354fdcead4e35ee519a478c456,1625243608,8.12.0,package.json,yarn@1.22.4,package.json
12980e57096239afa843024889a6ee40d32ec0e5,1625243608,8.12.0,package.json,yarn@1.22.4,package.json
d29041c336a4635eec1fb893b05ff512fe6b83bd,1625243608,8.12.0,package.json,yarn@1.22.4,package.json
440c60d9d32e348ea783f528d38e3a4039743964,1625243608,8.12.0,package.json,yarn@1.22.4,package.json
221537391e9641386f989d3de45b0c980e72ddee,1625243608,8.12.0,package.json,yarn@1.22.4,package.json
c784a54b63b321800a211fa8e31a757f9fc7c8d6,1625243608,8.12.0,package.json,yarn@1.22.4,package.json
5d883992336cd58c308286da9c47a76fbd1660af,1625252130,8.12.0,package.json,yarn@1.22.4,package.json
d3be4886256c84a23bb4e146be142e51d8b908f0,1625252979,8.12.0,package.json,yarn@1.22.4,package.json
186485f8d21da7737c8e3ee93f669a712149c6d4,1625253130,8.12.0,package.json,yarn@1.22.4,package.json
43056949ff7bf94bdf642365c68c169ab7428b04,1625558045,8.12.0,package.json,yarn@1.22.4,package.json
56cf3c8ae699cf458217aa7e1079329c3a215763,1625583457,8.12.0,package.json,yarn@1.22.4,package.json
ea2c9680beb7085fb1e9cc93b18ed78e12b01fb4,1625583457,8.12.0,package.json,yarn@1.22.4,package.json
d258555bf01ced021d6c84deabaac9826e327742,1625583457,8.12.0,package.json,yarn@1.22.4,package.json
d57b554f5c4ef5547c8b110aa2c72f20f0afe200,1625658705,8.12.0,package.json,yarn@1.22.4,package.json
c7522b406f9d3c79d344f0843285087bf244814b,1626103205,8.12.0,package.json,yarn@1.22.4,package.json
05a851a63aae677607bb5589b717334d48d9547e,1626103288,8.12.0,package.json,yarn@1.22.4,package.json
f0ef51f563128fac760d5603146c5485854a2821,1626108692,8.12.0,package.json,yarn@1.22.4,package.json
8173b3c42ffe59c6267898139435e2786374708e,1626115750,15.2.1,package.json,yarn@1.22.5,package.json
926fd48a558effa5a65b761f97ae7ccc6d24bc63,1626116193,8.12.0,package.json,yarn@1.22.4,package.json
fd3495e846a8b1643142521fada750e9c255af00,1626130855,15.2.1,package.json,yarn@1.22.5,package.json
eed4afebd96c76680f926a41ebca8e96d3aad7fa,1626181632,8.12.0,package.json,yarn@1.22.4,package.json
63ede5fdc20fa3c43d8f9a1aa3ac11853876dc80,1626181814,8.12.0,package.json,yarn@1.22.4,package.json
1a3c8dcaa8a1acd6ebccfc984070ec9d8c8e7062,1626181873,8.12.0,package.json,yarn@1.22.4,package.json
7e6715732d24e49c8d44e10a82791c91e5828348,1626182031,8.12.0,package.json,yarn@1.22.4,package.json
219c813f9cb4e2a8154ebcfd9fa62f95a0f41669,1626188996,8.12.0,package.json,yarn@1.22.4,package.json
2afff32ff1661c863f39b56215aeb33fad22049c,1626211162,15.2.1,package.json,yarn@1.22.5,package.json
fc21db86d25b14f190b27200c81bbc4fd6bfd0e7,1626273563,15.2.1,package.json,yarn@1.22.5,package.json
8fc211600653661ec73304961e8e2bd9340de874,1626288093,15.2.1,package.json,yarn@1.22.5,package.json
519d8931a5d3cebc3283472f06649757829f7b67,1626297089,15.2.1,package.json,yarn@1.22.5,package.json
370aeadba5d56f662fb5b74da925fa6a52ce0951,1626303871,15.2.1,package.json,yarn@1.22.5,package.json
50a7607ded044c4bc51ba0e069ef2c722c59a91a,1626368862,8.12.0,package.json,yarn@1.22.4,package.json
2f3c5838886a1d3b57e2b4e8396f36dbd9ae9500,1626370481,15.2.1,package.json,yarn@1.22.5,package.json
a0fadc5986386227d821b7f659292106eb758431,1626370721,15.2.1,package.json,yarn@1.22.5,package.json
d646d21b72d23e2502cfb5ad58c63b20f8c937e8,1626370726,15.2.1,package.json,yarn@1.22.5,package.json
723d70d2751d1b4a6ae2db94540dfeb1a60563ad,1626370733,15.2.1,package.json,yarn@1.22.5,package.json
3ab4fd7f806f3d6e136561e6cb8067a49b0edb8f,1626378154,15.2.1,package.json,yarn@1.22.5,package.json
d91da82eaf4463a24c92b981182dd92c60f9574e,1626378154,15.2.1,package.json,yarn@1.22.5,package.json
1e8cafad623069f803d200bd8cd95a55bd3c9a68,1626378194,15.2.1,package.json,yarn@1.22.5,package.json
027edc8a1fb3aba2021ce3b566308257d02918dd,1626378471,15.2.1,package.json,yarn@1.22.5,package.json
f9736026e501b4f48ab05ea1582b886824e64ecf,1626437609,8.12.0,package.json,yarn@1.22.4,package.json
6cfb6a8403d6b43aa3354caf9943493a07988fd2,1626453588,15.2.1,package.json,yarn@1.22.5,package.json
d95d97c6520207ac1c72b8483903371769812b7c,1626456989,15.2.1,package.json,yarn@1.22.5,package.json
57c09f7e7df1df28d2528f3229a61e049c4c83d9,1626456989,15.2.1,package.json,yarn@1.22.5,package.json
f5fb90c6a4e3c40ea50d2b420e4448e75f168121,1626457121,15.2.1,package.json,yarn@1.22.5,package.json
623dc0f249092a32c85d720d49b65105cfa25d4d,1626464894,15.2.1,package.json,yarn@1.22.5,package.json
166c09e2b8fae043cfbb9bb611927c65509309a8,1626467425,8.12.0,package.json,yarn@1.22.4,package.json
5ac25bcd6bd594d30a0db9fb238344602c7442e6,1626467572,8.12.0,package.json,yarn@1.22.4,package.json
1de1aeb87367fa102bff1b5e5342561958364dd8,1626470083,15.2.1,package.json,yarn@1.22.5,package.json
507dc06b9cc01b48c59278f14b9a03e1ff22500f,1626705754,15.2.1,package.json,yarn@1.22.5,package.json
9fde08b5ac0492d96df44dfb62bf593755d7a81c,1626711137,15.2.1,package.json,yarn@1.22.5,package.json
32988d7a922952944e729d4baa362d03c7bdd7c3,1626714989,15.2.1,package.json,yarn@1.22.5,package.json
6006daca2d62dbb432bd74dbb986b7a1825465b6,1626718336,15.2.1,package.json,yarn@1.22.5,package.json
441319312af9fb73738ca6f592098bc3be6311ae,1626718507,15.2.1,package.json,yarn@1.22.5,package.json
b1a59236e155c55f830de16a62ec62a76cee7279,1626721901,15.2.1,package.json,yarn@1.22.5,package.json
90e3224cffadee93d3b5d3a09e73f7f57154d9d9,1626721983,15.2.1,package.json,yarn@1.22.5,package.json
d5f2ecb1d32519e3457eb34e879cb5865daa9b23,1626727514,15.2.1,package.json,yarn@1.22.5,package.json
87a155afb5daedd19120035753ac089c6816b45a,1626789743,15.2.1,package.json,yarn@1.22.5,package.json
ca8463585d8630709c90bd38fd74be66c3cea18f,1626793113,15.2.1,package.json,yarn@1.22.5,package.json
274e924b47f6197b3b5180ca29e41d9ee33be7a8,1626867753,15.2.1,package.json,yarn@1.22.5,package.json
a2a2474d7fa0bc22f64c54deccccee01121c36e5,1626882759,15.2.1,package.json,yarn@1.22.5,package.json
02198effc724e24f859f43dc373e712720f60e5d,1626887427,15.2.1,package.json,yarn@1.22.5,package.json
e9089e4aedad3f33d2b264cff73fe977c4cacdab,1626887693,15.2.1,package.json,yarn@1.22.5,package.json
203fa9a51d73731ac2eb09be660b8b8d0eb8d17b,1626891472,15.2.1,package.json,yarn@1.22.5,package.json
f291c0e9c1e8989991a18152754e8546976f2d87,1626891558,15.2.1,package.json,yarn@1.22.5,package.json
8ba24471330caafb44a743663948bc4b14e59353,1626904609,15.2.1,package.json,yarn@1.22.5,package.json
c0ec3530c4b04ceff1aba16a1f055a92bed66bc7,1626960629,15.2.1,package.json,yarn@1.22.5,package.json
e0cfdc88dfce9af566f55531ea91d8b69d1edd75,1626960737,15.2.1,package.json,yarn@1.22.5,package.json
3c1150ae789dcfcd416c0de41a49b58a1da3a148,1626968363,15.2.1,package.json,yarn@1.22.5,package.json
9a9eccf4349396b77044b4b33c68359a53a1e18b,1626968683,15.2.1,package.json,yarn@1.22.5,package.json
fd7941b14d322ba7df999d992a86775613c58e57,1626969383,15.2.1,package.json,yarn@1.22.5,package.json
ae722a96bcdf5d6a1324f78a42982c54f9d556ed,1626979304,15.2.1,package.json,yarn@1.22.5,package.json
fd2cc9fedbc9932ecea46d34c08f1af20bb5c3ad,1626983674,15.2.1,package.json,yarn@1.22.5,package.json
39faddc0f6dd785d852fa6f435e582d6d60003c1,1626985363,15.2.1,package.json,yarn@1.22.5,package.json
e0f8cdd0ca1428023ccf771d160306aec6f5fbc2,1626985460,15.2.1,package.json,yarn@1.22.5,package.json
c1c2078ade84d6ae92e58875e8049ac3a7c10553,1626997482,15.2.1,package.json,yarn@1.22.5,package.json
d9da3fb03308be1ecad2d58c696e3b6dbcad6821,1627051553,15.2.1,package.json,yarn@1.22.5,package.json
cac72928517894c52948137bf05218a530ab85ad,1627052360,15.2.1,package.json,yarn@1.22.5,package.json
5cbb43583bcb5fa6c59c19e659c4b9ffa34297ee,1627052521,15.2.1,package.json,yarn@1.22.5,package.json
2bb7e2256b986d16fdf94ff397a6b1fc504c4a6b,1627052665,15.2.1,package.json,yarn@1.22.5,package.json
1ec4f98b6c18e2d431aebbf661f894ea17abbaa3,1627054553,15.2.1,package.json,yarn@1.22.5,package.json
5b90e9ad6d2e4f703cae1e429b38093996be8e8c,1627060929,15.2.1,package.json,yarn@1.22.5,package.json
0e51182c3d4c5cb6b39dc3870b76328f7ff78631,1627061239,15.2.1,package.json,yarn@1.22.5,package.json
27364b2cfe8037c4ff0dd3a26ff90b1af176338a,1627061251,15.2.1,package.json,yarn@1.22.5,package.json
63037bc683643944bb9d96ba5e51d12be8243614,1627061335,15.2.1,package.json,yarn@1.22.5,package.json
4e45ffb36c24dd32a3c5087f7d799711d6a2ce3f,1627061936,15.2.1,package.json,yarn@1.22.5,package.json
a7dfba2541d3f3328d96ddca7f5397595e6a8aca,1627067529,15.2.1,package.json,yarn@1.22.5,package.json
713c32c4f1a0ccea166cd603b3977f41f0b32189,1627067562,15.2.1,package.json,yarn@1.22.5,package.json
fbe4221905fa7d2f9e175d685b32c8156ffa72bd,1627069146,15.2.1,package.json,yarn@1.22.5,package.json
a812ef951bd73c59ee2d31d64b8dbfedd4e4acd7,1627069290,15.2.1,package.json,yarn@1.22.5,package.json
2e875a6f663f0225845649e07a8109e8b7de50a5,1627072049,15.2.1,package.json,yarn@1.22.5,package.json
bc02af0d85dabbb09d90a5e7f04c0bd2437c9bc8,1627072557,15.2.1,package.json,yarn@1.22.5,package.json
46c2ff2a06d30d34a245fe40dbd32654cc7594a7,1627072684,15.2.1,package.json,yarn@1.22.5,package.json
6d9df6d9fbd65eef3400c851b5400ab49c72bc03,1627319795,15.2.1,package.json,yarn@1.22.5,package.json
6bde30a9ad8a0ba321381672deb2e18eaab852c6,1627335582,15.2.1,package.json,yarn@1.22.5,package.json
d097b012dae227b3e758c7b5ea7608ebb8b1f355,1627336425,15.2.1,package.json,yarn@1.22.5,package.json
92a9eb450c11ae484c3e118c608d88166dcf1a00,1627338099,15.2.1,package.json,yarn@1.22.5,package.json
829ece09bac18d87b2881083c0a875b07252186d,1627397406,15.2.1,package.json,yarn@1.22.5,package.json
1860bc6f86ad2a3949e1a4868f1b5e6164de9dde,1627402383,15.2.1,package.json,yarn@1.22.5,package.json
cba7a5bbeaa21bdd1d56131a12ae250b029f419c,1627405971,15.2.1,package.json,yarn@1.22.5,package.json
37686d73997f0daf58e90f527e221bc41e75adc8,1627406844,15.2.1,package.json,npm,default (npm)
f6dea12430b5773b5f19189da2ad90fa13c64c1e,1627410761,15.2.1,package.json,yarn@1.22.5,package.json
a898e4b5d5a877658701e3317488da879b0f3788,1627413069,15.2.1,package.json,npm,default (npm)
4b917a23dd9209deee9166963c06d832a497977f,1627422731,15.2.1,package.json,yarn@1.22.5,package.json
88d7bcebd974459c3348be9020b5113dd63369a1,1627423327,15.2.1,package.json,yarn@1.22.5,package.json
1ea9af77dbfb849b00894f7354cc2ee417e5461c,1627424044,15.2.1,package.json,npm,default (npm)
de3d6bbe3e2a2ac185a480253b515e64a3b9644b,1627461678,15.2.1,package.json,npm,default (npm)
edf0976857cb2bd6ed355177f4d56788fa3f23ec,1627496970,15.2.1,package.json,npm,default (npm)
656ffcf7d5a7f89ff642b2fb9cccb049ea1d54ee,1627502475,15.2.1,package.json,npm,default (npm)
31f3dc6484b0bff0764280b9f6b43ff9b46b872d,1627503610,15.2.1,package.json,npm,default (npm)
78c6b47082b7a88980a86d0a72ed871d221641c7,1627506672,15.2.1,package.json,npm,default (npm)
b4d2433c46436b41523efd305eaa689dd63f1ce6,1627510238,15.2.1,package.json,npm,default (npm)
d57cc45b490e9bb98d5299bb858e30490f1f95e6,1627510381,15.2.1,package.json,npm,default (npm)
8355c17cd1f6c637600bf3041e8893a71439a609,1627568908,15.2.1,package.json,npm,default (npm)
a48f59875d73b60f855125d23f5fbec312d05e83,1627569829,15.2.1,package.json,npm,package-lock.json
4def55bb6c2cc12e04ef68e23a27ca7de3b277ad,1627569829,15.2.1,package.json,npm,package-lock.json
15f0bee945845fdaea1ff50ede16e971c48039ae,1627569829,15.2.1,package.json,npm,package-lock.json
2426c695cc32bff54eed216264bebb8161f16330,1627569829,15.2.1,package.json,npm,package-lock.json
7cd17f44d5c5a433ba6a362cb9fe6f6bb376a23c,1627569829,15.2.1,package.json,npm,package-lock.json
8813ed2584dbc01b595e9ba9475e1ceea201d65d,1627569829,15.2.1,package.json,npm,package-lock.json
15e921f5f878743d1c478239a61ab83bd3c78d94,1627569829,15.2.1,package.json,npm,package-lock.json
85cb6815fd661cdea9f5db99794882c8f57526cd,1627569829,15.2.1,package.json,npm,package-lock.json
a2aed5834567947dd06da50626e9b82aa1f52406,1627569829,15.2.1,package.json,npm,default (npm)
c4fcf528ec04a88f7604777eaff4f7655c76d22a,1627569829,15.2.1,package.json,npm,default (npm)
9798c157feaed134089d0c47f26f38a8bdb982ba,1627569829,15.2.1,package.json,npm,default (npm)
fe22029276d5bf9c8be05f2895b01586614d483f,1627569829,15.2.1,package.json,npm,default (npm)
2deb57cecbf4e63fee6a544e4a80280fac9130d3,1627569829,15.2.1,package.json,npm,default (npm)
1354bf6134d709679f382e4f22840e61b389a02a,1627569829,15.2.1,package.json,npm,default (npm)
21198227117772e9185c51912091e4eb5f37b640,1627569829,15.2.1,package.json,npm,default (npm)
49f3740c43fdd4fb5796db7ae1c9392bf2342ddf,1627569829,15.2.1,package.json,npm,default (npm)
bf627a978dcdebf1c5209d91a3896083f451c360,1627569829,15.2.1,package.json,npm,default (npm)
ddc1900e0cdfa50ce1d55c15bc9e3dc85b0fe292,1627569829,15.2.1,package.json,npm,default (npm)
82ea0a2a1df977cf21406964b09d8d5f84a165a0,1627569829,15.2.1,package.json,npm,default (npm)
21d86c88dabe7f4685763ed3af53595bef44dd93,1627569829,15.2.1,package.json,npm,default (npm)
5c42a2041401ac2e8dcd2208e26778ab33966b7d,1627569829,15.2.1,package.json,npm,default (npm)
00121e673866d7e25347598cbf95443f9415377a,1627569829,15.2.1,package.json,npm,default (npm)
d1baea4b62a98adc368e8cf8b2cdd888e7542d17,1627569829,15.2.1,package.json,npm,default (npm)
c018c531fdfc2633d9eb10d6b35130792d69a165,1627569829,15.2.1,package.json,npm,default (npm)
b45f5178bfef8501df663b1e990d3b6c40b88013,1627586915,15.2.1,package.json,npm,default (npm)
3d584f1534f6d46e99ebaf4961bf48c796762fb4,1627587056,15.2.1,package.json,npm,default (npm)
b9f4121f60bf525a3d4d7edb444852bd3c82f5dd,1627591658,15.2.1,package.json,npm,default (npm)
bc8e3c9e2c339d998927fbaf12c7d3d28e724ba5,1627598919,15.2.1,package.json,npm,default (npm)
f775b235b08447115b2fca4519626e9adde7ce17,1627599072,15.2.1,package.json,npm,default (npm)
8974bc1c74b9d4560f65662b595b15c226e05a57,1627632035,15.2.1,package.json,yarn@1.22.5,package.json
14b7ae28763fb0a7710a67ca0ff0d8c6a9e219ed,1627655661,15.2.1,package.json,npm,default (npm)
1118aa3938b7c1b27c4122b4b652dc4302dd2f5c,1627657998,15.2.1,package.json,npm,default (npm)
460509f9763759cff5bb3d11eb6b97ffd98215d5,1627660509,15.2.1,package.json,npm,default (npm)
44fcfa7e9a74778a3b18b1e49c7e09c0833e4f33,1627661260,15.2.1,package.json,npm,default (npm)
ed363cd5454afd233ff2d91d5d44a3ebf0fd663a,1627663366,15.2.1,package.json,npm,default (npm)
ec7fb73b14c41c5883abc9bff7a8238ad3b689e6,1627859926,15.2.1,package.json,npm,default (npm)
70c54c8b4fe6940d5fa767a2d2904d96b4958894,1627916348,15.2.1,package.json,npm,default (npm)
493be5bbe5abbd601f16596d603e94e6e03df694,1627918673,15.2.1,package.json,npm,default (npm)
e7f49a47d0fde5fe0807d4702a1d20ee0d418ea0,1627919782,15.2.1,package.json,npm,default (npm)
cc845c61055db89c48da45cc6f8748d505490b73,1627922681,15.2.1,package.json,npm,default (npm)
c7c8a6cd8bbd5accf10f9ac37ead2a258c3ce249,1627926054,15.2.1,package.json,npm,default (npm)
d14c3e721099bc40ed37fb0809b466f38da04db0,1627931043,15.2.1,package.json,npm,default (npm)
1862728ae088de957e293c29f3090ebc7a721d86,1627933662,15.2.1,package.json,npm,default (npm)
cb2bd2216740e520c5f59ae991aaca4f2bfad608,1627934811,15.2.1,package.json,npm,default (npm)
31be912622b8456f1d26a40c3e4b76a44d299e50,1627936473,15.2.1,package.json,npm,default (npm)
ded262a9053fdd4b1337a588b9efb7110b0b6bd2,1627936601,15.2.1,package.json,npm,default (npm)
0c02ff6169626467766c61e4979327946d5a36b8,1627937010,15.2.1,package.json,npm,default (npm)
9943fcf62bad7e744f390c7453b5492506f39076,1627937086,15.2.1,package.json,npm,default (npm)
0e3190bcbdc1ec1c7f30689667c11742f55591a3,1627996387,15.2.1,package.json,npm,default (npm)
ff6a4ca854fd4cb4191d74a42b14a8e9ee607770,1628011173,15.2.1,package.json,npm,default (npm)
52569e473a0b232030e7380dc25be5020120e97d,1628015816,15.2.1,package.json,npm,default (npm)
19285be1ee0d65cca7adf5776eee2b1508e70b93,1628043405,15.2.1,package.json,npm,default (npm)
9e1ba66c9e53bf6a2300d3cc43b9be01eff27500,1628079273,15.2.1,package.json,npm,default (npm)
4cc060052a4ab540e6009bf118f889a9301202d6,1628102466,15.2.1,package.json,npm,default (npm)
d7b22f486df4a83f16463fa203d8b79aa7718a9f,1628104344,15.2.1,package.json,npm,default (npm)
6fe7db77bcc9940de289522a27d5a263dacede85,1628105229,15.2.1,package.json,npm,default (npm)
a0bcfb28f10cf5939fa5b80f0ee84611e16220b0,1628105229,15.2.1,package.json,npm,default (npm)
a5c976ad80b880029e8476b9ac7b6638d8308eb3,1628105948,15.2.1,package.json,npm,default (npm)
ee11fa2836044e8a986fa3664ab6153cf55bb93f,1628106082,15.2.1,package.json,npm,default (npm)
1a09b0c028158681a6a0aa5250bd1f7afc7155d0,1628174036,15.2.1,package.json,npm,default (npm)
0d40c1092d6c4bd1cbeb90d4e12a91c1043c42f0,1628175341,15.2.1,package.json,npm,default (npm)
1a6353eaea7fa76dc81e9c5e7f16beacb3a531a6,1628175432,15.2.1,package.json,npm,default (npm)
a112da9f1b5219e2391fd2e40bbd8ba17363664c,1628180380,15.2.1,package.json,npm,default (npm)
53d87869cd1b810df3494ff02d57e444ebf6f68b,1628180613,15.2.1,package.json,npm,default (npm)
de390e1e7176247baa2c2e2775da3bb7140912d4,1628188805,15.2.1,package.json,npm,default (npm)
a045b7592a12e1fcee3ee16a70d71034df0d8822,1628193104,15.2.1,package.json,npm,default (npm)
7fbf408acfe23b5f04cc3b5f327e25a25fb885c1,1628193262,15.2.1,package.json,npm,default (npm)
2134302b33ec3f6c5b93007da0e2d09f44c9c12a,1628210867,15.2.1,package.json,npm,default (npm)
310a47220893c545e2479d2f9749803dbf9207a6,1628219861,15.2.1,package.json,npm,default (npm)
4fab6b21ef7fdb6f11dada1cbd9d19e0d2ea2e26,1628265786,15.2.1,package.json,npm,default (npm)
120e7438e58369e818284b97be36387609200017,1628266393,15.2.1,package.json,npm,default (npm)
c2a123a716b00bd3271764fb387544c5d61944fb,1628266473,15.2.1,package.json,npm,default (npm)
c4b5eaaf32518c79a6feba551afcaec48b92f3ab,1628267672,15.2.1,package.json,npm,default (npm)
01c82ec1d9c55d02e43cd6fa152f437abd7d17d0,1628269990,15.2.1,package.json,npm,default (npm)
579505f633c7a49f5757b70c4b55cd0786671555,1628270846,15.2.1,package.json,npm,default (npm)
e4b8b1d582bc29e0d4b227992b156548c8da86a1,1628271877,15.2.1,package.json,npm,default (npm)
97a8fb1a3b0b54d29e2d0eb480ed5b7435be5bae,1628274201,15.2.1,package.json,npm,default (npm)
539aa5eb5e0fb2b6805d95d13f88ee198aca3d26,1628537608,15.2.1,package.json,npm,default (npm)
079d821fad7a75f5bb62f95f4ae4c3dfef5ff63a,1628542924,15.2.1,package.json,npm,default (npm)
1272f9a3f98c2457a4e292fdd31c28b6fa5f815d,1628546022,15.2.1,package.json,npm,default (npm)
5a30dd2865c76353d1b2f0f21c125167261648b3,1628546307,15.2.1,package.json,npm,default (npm)
0b43dd8f0b162cada1a002a8d53ca196488b0276,1628607346,15.2.1,package.json,npm,default (npm)
acace58e8a6dc825cf068be7cf35dbf2f3813767,1628623591,15.2.1,package.json,npm,default (npm)
1d14ee3fb2fc941f59e2ac6eb7636f9a3f4d4ee2,1628624268,15.2.1,package.json,npm,default (npm)
7d3279d6d1d10f7e87b3909ec853b54c2720ab77,1628626001,15.2.1,package.json,npm,default (npm)
dcf29c998603b9878e6fc35bf881b61098edd025,1628690127,15.2.1,package.json,npm,default (npm)
e0543079b77615965043376681e1ac3969f4bee4,1628690352,15.2.1,package.json,npm,default (npm)
348eef52a8742bed105e4ac37d702a82d3121caa,1628690420,15.2.1,package.json,npm,default (npm)
ba94e4a92ec38cc0fb018da149953136a06ff6ee,1628690757,15.2.1,package.json,npm,default (npm)
a4d0fbc3c5da91952ec101577599a4fc053a43d5,1628692970,15.2.1,package.json,npm,default (npm)
f66c2569050e479b82bed32c44f03d25248dcba0,1628695602,15.2.1,package.json,npm,default (npm)
cc29efc2a232d8ed7b00dcd3eb1254ee6e80d121,1628695602,15.2.1,package.json,npm,default (npm)
cb1bea5ff9142b2df0e7f7e0da0743a6eb521bbe,1628695602,15.2.1,package.json,npm,default (npm)
49c670faa7bafc30fadfae9d4985c0d958447a4f,1628695602,15.2.1,package.json,npm,default (npm)
33c10f6cfa42344ade061192ad90e57421941554,1628695602,15.2.1,package.json,npm,default (npm)
9ed45b55786080a00199155ce2f130d5c127db27,1628695602,15.2.1,package.json,npm,default (npm)
ac1f4eff314db832058fb87246a43139a8e8f305,1628716498,15.2.1,package.json,npm,default (npm)
8b20a5ac5c9d6bacea05793d3bf44d954b0527a0,1628718051,15.2.1,package.json,npm,default (npm)
4ca63ee3c078ce4b5234831fae15a8f70a5d72dc,1628718189,15.2.1,package.json,npm,default (npm)
ab97b6c1e87fa7b5ee3ea199ec2276dc2dccb00e,1628780127,15.2.1,package.json,npm,default (npm)
c4685ec76459f75ba867ebcf614d13825bd04887,1628780579,15.2.1,package.json,npm,default (npm)
995e8e3eebda96e1ff253fd15b47f42caf077a26,1628792738,15.2.1,package.json,npm,default (npm)
5b3f72a06efaae9731ee7676319e8b2bd1f4464a,1628867318,15.2.1,package.json,npm,default (npm)
b2545d9e3c82fdc6f1bd0d7adfefcfe8102c4003,1629144792,15.2.1,package.json,npm,default (npm)
ed3e12fc0a51c0c40a554d2b7f1248170c47425a,1629145742,15.2.1,package.json,npm,default (npm)
0c0c1cc23f8ed562277b4489bd88afee4133e959,1629145908,15.2.1,package.json,npm,default (npm)
cb0214ddc34e9b4432eb2d6b5ac7cef4ff9bec61,1629151377,15.2.1,package.json,npm,default (npm)
e7f33e4bc537e00bee4fd75050c08af5910929a9,1629151515,15.2.1,package.json,npm,default (npm)
070fbd4c7610754d4fea2beea276bcf52ef2c182,1629207873,15.2.1,package.json,npm,default (npm)
c38609746cb3d5f6013de84fb5419efdbce6b6dc,1629207961,15.2.1,package.json,npm,default (npm)
868016a17fc42b6e86231e1694106016cf4c95d7,1629211711,15.2.1,package.json,npm,default (npm)
76f2f43aecb1244b5d0a74d2833c2736ce4b42c6,1629216142,15.2.1,package.json,npm,default (npm)
5e27d230c91978f2bb2c90c09fbab7a251733874,1629219203,15.2.1,package.json,npm,default (npm)
bc32248814df288ec61ee767686036637e9d0c41,1629225393,15.2.1,package.json,npm,default (npm)
d070bb939aa297253ded52c232b947daaff6851a,1629234057,15.2.1,package.json,npm,default (npm)
9de4fccc540f46b8df6c79e259248dc5b701bab8,1629234138,15.2.1,package.json,npm,default (npm)
57ad1c8fb77dc00f038b8f8a2757ac52e93d44eb,1629236949,15.2.1,package.json,npm,default (npm)
4f13f838ec9f150a8ea61ac1a9678d6f10d5102b,1629286859,15.2.1,package.json,npm,default (npm)
31fcb7e95378c1b5be74bbde88e36ad4121ef755,1629293607,15.2.1,package.json,npm,default (npm)
451204327a5b7f5d5952975f3330053c54321622,1629303456,15.2.1,package.json,npm,default (npm)
7827a502736e164c86789db048651441308ffd70,1629303462,15.2.1,package.json,npm,default (npm)
f21d6739d5ed7879811a1c882335f258e66666b4,1629308023,15.2.1,package.json,npm,default (npm)
0dd36de7b67cbf06b973d6be7d3f16652495cd3e,1629308152,15.2.1,package.json,npm,default (npm)
49b0a4ae5175f971ed80b4f114e81b2330548ab3,1629382435,15.2.1,package.json,npm,default (npm)
cabab6e89fa9a550fa5529e6f957e3526a31749c,1629388066,15.2.1,package.json,npm,default (npm)
9444072c2efff066b8b803b419f693362f43c04f,1629406549,15.2.1,package.json,npm,default (npm)
5cde59b636299c8df95fb70b9ed7cf960c8b36d0,1629406688,15.2.1,package.json,npm,default (npm)
328c447b898dc00ff99e7c3e4eac1827050dff97,1629408634,15.2.1,package.json,npm,default (npm)
9aa8d7300d58cb9f0ce96e2b6496e1161f8f082d,1629470561,15.2.1,package.json,npm,default (npm)
bb2d7f8aa136959950fa10234892d06fa5eeb0ec,1629484735,15.2.1,package.json,npm,default (npm)
648b50f7d340640c718cfcb449d261a586079c9b,1629487342,15.2.1,package.json,npm,default (npm)
cb6dc8095c1c6de28ae9e5c4232d3594978d00b2,1629487481,15.2.1,package.json,npm,default (npm)
5a1868159430ac3e7873c31c6d527406458f5c39,1629736417,15.2.1,package.json,npm,default (npm)
6621c113ec68f9da3cdf1e8774edd481c1ba8ed9,1629742542,15.2.1,package.json,npm,default (npm)
84e2174319a3eb3ddaf583ad33d51b2e366ca0e7,1629742583,15.2.1,package.json,npm,default (npm)
bb116a03aa39c7d5d69996be9dc92c75d2e10f78,1629753036,15.2.1,package.json,npm,default (npm)
7b41a69d4f574f2b42433a8fefc84b4d8f4616e3,1629848767,15.2.1,package.json,npm,default (npm)
602d09f43263dea21f80b5412fcc70d00cac5887,1629908487,15.2.1,package.json,npm,default (npm)
1f2d00a60ba6c28aeeddab3e8c84340b6245f2bc,1629909961,15.2.1,package.json,npm,default (npm)
76a7c0deded7e9eaf490108d332c5ee951216e1e,1629910091,15.2.1,package.json,npm,default (npm)
8117bf7d74e5ce977da5c8ffdf660526c2249f0e,1629913191,15.2.1,package.json,npm,default (npm)
745da13eb5d1de12ad516c0e035f6ff9e97b4259,1629913325,15.2.1,package.json,npm,default (npm)
ffb3d64f0d9b25cbb43c67a5acf9f37d8639af80,1629914242,15.2.1,package.json,npm,default (npm)
f8988bde0bfd30746caea20837f9f4887a405e6f,1629989381,15.2.1,package.json,npm,default (npm)
829e3f45e1ba1dcab97a0278b7d55f9562c6b31c,1629994616,15.2.1,package.json,npm,default (npm)
244cf4ade7efe1c77dd86cc5d505501cfb2fef11,1629998069,15.2.1,package.json,npm,default (npm)
ace503d93e402fbd6cd36487e7d37b8d4d550a94,1630012985,15.2.1,package.json,npm,default (npm)
662a3c56da7ed297dfd8d05f690d475d0dad3c06,1630015288,15.2.1,package.json,npm,default (npm)
a53a249f8b4766fb794a4ffe6c2ab535bd195902,1630015427,15.2.1,package.json,npm,default (npm)
f0d763ef3f74ddd689751d7d300ea2030df0da6c,1630078553,15.2.1,package.json,npm,default (npm)
97e22003bdcc470e94a9e08f3484c4e4d1aaaee0,1630085144,15.2.1,package.json,npm,default (npm)
fe6b18296f5ebacf2808bce92c11396d540022bb,1630085295,15.2.1,package.json,npm,default (npm)
77ceeb25d0a1c864c383255278a70f3e54113983,1630087120,15.2.1,package.json,npm,default (npm)
b359b0334df1ddfbb44365eea438a1a99aa3ba18,1630094433,15.2.1,package.json,npm,default (npm)
f7fb610017c70764185965a70cb012ecbef31505,1630347689,15.2.1,package.json,npm,default (npm)
de431cf1fa3e47877aef2eb2e73a092aba301122,1630356163,15.2.1,package.json,npm,default (npm)
b2f4b98c82851e57140f74dda6436965063a23fc,1630419175,15.2.1,package.json,npm,default (npm)
ac4731884cbbb331ff62d507566e37ef03916183,1630419373,15.2.1,package.json,npm,default (npm)
5a3dca69da145a959495e7edd51ebf419f1583d1,1630517008,15.2.1,package.json,npm,default (npm)
16b6e291c85c4cf9b3ea774b3b89f004c91b7dfc,1630517126,15.2.1,package.json,npm,default (npm)
49c5f2a15d1199d76719099395a4caf96650c714,1630521043,15.2.1,package.json,npm,default (npm)
4753031d6eaa5a0b31283ad249a73945cc1c0f89,1630525222,15.2.1,package.json,npm,default (npm)
eab814bc8a85d86be2669abb45c07909067d05fd,1630525383,15.2.1,package.json,npm,default (npm)
89696ddc7091ef0acd7f838d3bb66192d1a10f24,1630529466,15.2.1,package.json,npm,default (npm)
be35e5504fec713789defdaa2290007a60c53cbb,1630531907,15.2.1,package.json,npm,default (npm)
e342268b49fd5862ef35027c0f00f26ca32f769b,1630532056,15.2.1,package.json,npm,default (npm)
6f2d9d5d26f0e502629eacb13aee60e18dd9874d,1630596456,15.2.1,package.json,npm,default (npm)
75c2803ddcb32cd8431a36046b534f518a33c1e3,1630601717,15.2.1,package.json,npm,default (npm)
89a4910cf37dd0813b2d457e138c9e4c0328e18d,1630609258,15.2.1,package.json,npm,default (npm)
8ec66037404925cf48ce4525661fe3ec85de3150,1630610206,15.2.1,package.json,npm,default (npm)
de98f72488b8977d3ec376b9ac4e52290110a907,1630612722,15.2.1,package.json,npm,default (npm)
63c5c39bf65d3b8666c02e7a33ebb49cc1e66bc8,1630612950,15.2.1,package.json,npm,default (npm)
3832acc7f7a4cc350d36e7e6d77274e9228c1dc8,1630617378,15.2.1,package.json,npm,default (npm)
f99d4937a0162e23a13c9506ad8f048c394b1ceb,1630676199,15.2.1,package.json,npm,default (npm)
9061edce4e75d159da2e661c26fe867a42bfd404,1631126097,15.2.1,package.json,npm,default (npm)
dda7ab841f6a91c53ee20ae7612af614bbff5a56,1631640696,15.2.1,package.json,npm,default (npm)
6a0d41227176c91451e2a660f3d400e4609a4886,1631645851,15.2.1,package.json,npm,default (npm)
38ab15b59a94d4dfe41f55146d8449b3cb2d9a80,1631648293,15.2.1,package.json,npm,default (npm)
3cf79dc79cc01719e9c7f177b1a80b9170dbfa98,1631652659,15.2.1,package.json,npm,default (npm)
852a3f81f98ae833f37e4ccbe5e2047d1c807481,1631652927,15.2.1,package.json,npm,default (npm)
618bade9e05a9aedf62de2c07e22ca205afa6d72,1631656844,15.2.1,package.json,npm,default (npm)
65868dc6f412a8fd0f8066a7e7978496c6c8bb60,1631806249,15.2.1,package.json,npm,default (npm)
aa96b53311e8b5e1f620a2240cf1a93b439544e2,1631821757,15.2.1,package.json,npm,default (npm)
54db716cf34ff6a5c7634709b66b5d5f04aff067,1631821933,15.2.1,package.json,npm,default (npm)
fd5a72b5680880844daf42dee63f19792980a2b7,1631876680,15.2.1,package.json,npm,default (npm)
cc92b448a8ff621b8c3943b34617c823c4c56c30,1631912769,15.2.1,package.json,npm,default (npm)
927b5e6914dae9cf46b612de7ea5c1d96c000e0d,1631912893,15.2.1,package.json,npm,default (npm)
1d8ca84ec3ab4802847d5ef1fb145d7d7493bcb4,1631916148,15.2.1,package.json,npm,default (npm)
76dde2f6c48953cca8a9834c2bddc7f1fdbc0d5a,1632221200,15.2.1,package.json,npm,default (npm)
0f1ef48fa093aac39607b10837653f15a6757017,1632230450,15.2.1,package.json,npm,default (npm)
c40754c6aed8035b0a9a1f7b89107ab08df39488,1632238200,15.2.1,package.json,npm,default (npm)
5ed4195b1224b2922e3bcae80ec4d2870dcd6d65,1632240150,15.2.1,package.json,npm,default (npm)
72d8f88ba6be403a5ba04e4be88198a753f9c264,1632244040,15.2.1,package.json,npm,default (npm)
bf5951bb2873f806476459080fb6eccf11b98e36,1632244738,15.2.1,package.json,npm,default (npm)
22058ad0d99e268c00f704bd4258f856ce9cbe6d,1632245452,15.2.1,package.json,npm,default (npm)
a266f92469c8bb16b549992a514d7efa4526e6ba,1632245958,15.2.1,package.json,npm,default (npm)
e20ed2665fdbbe1b0cb9adf5416bcfbee15c0413,1632261206,15.2.1,package.json,npm,default (npm)
95ced875fae1ed5ad748f87bca86424370e5997a,1632330057,15.2.1,package.json,npm,default (npm)
87e29d4a5eb5ca787ec1a964305ccbf512885878,1632340622,15.2.1,package.json,npm,default (npm)
6e02651250fc67e74b6b8415e2c832ac96ec0445,1632344013,15.2.1,package.json,npm,default (npm)
955d4b274e0dc43feb52468856a0808182ceb183,1632410398,15.2.1,package.json,npm,default (npm)
6a3e1d3ddeb341530a5677b757fe9f3d5e1bda3a,1632411199,15.2.1,package.json,npm,default (npm)
b84ce8b7b2e1c682cf63abb840237cc3bfa5c41a,1632411369,15.2.1,package.json,npm,default (npm)
7546bd7f07bec6aad0505788a30820b6e85438ac,1632414017,15.2.1,package.json,npm,default (npm)
9e7406313d8a666422cdf60b5beea91492294da1,1632430389,15.2.1,package.json,npm,default (npm)
326c65b42a6b45c42b4ed83c3ed93407e945323b,1632432203,15.2.1,package.json,npm,default (npm)
13261e8a3abfe8d29c2d70de7f336e9dfb6551a1,1632517491,15.2.1,package.json,npm,default (npm)
643119b84d75e9d6c77d510a6f13ef853ce83979,1632747809,15.2.1,package.json,npm,default (npm)
944b432560c944aaf6a2d5e79444ec8647d03a16,1632770172,15.2.1,package.json,npm,default (npm)
2144a8e8a2e15a187912d7b79fb0565d2b453b85,1632773145,15.2.1,package.json,npm,default (npm)
377800900f07353892bcc4f33c0e72aeaf195662,1632773307,15.2.1,package.json,npm,default (npm)
6845f647fb8d15affcfff7161901ac12bc925175,1632774907,15.2.1,package.json,npm,default (npm)
fed62c6df37826f1dea63cc37633e74696a9907a,1632780380,15.2.1,package.json,npm,default (npm)
f5a51fd67440707d9d23e4f582b1f12a215f84ff,1632791953,15.2.1,package.json,npm,default (npm)
8f16cc9813d7e8f6621a37fe9d42f671489a858c,1632792129,15.2.1,package.json,npm,default (npm)
ba31b6382b6bae1a13a263045add9d2329078f4f,1632795321,15.2.1,package.json,npm,default (npm)
62dd6a95d9872f5c7946802a05177c4062bb8579,1632834609,15.2.1,package.json,npm,default (npm)
68347ba94b52dba1ac5f436c1e6a2f2f22d1cea9,1632835085,15.2.1,package.json,npm,default (npm)
d54a0b7d742407bf8d25d23df76ad242be171030,1632835317,15.2.1,package.json,npm,default (npm)
a008b8a416aead82c1ead2eaf581b5af9b5c1cce,1632836823,15.2.1,package.json,npm,default (npm)
e8777329f0f4fde25579b312205c8895bb72a206,1632836957,15.2.1,package.json,npm,default (npm)
a53b1ee062908910df92abb26c5dd43eeb8a7640,1632837425,15.2.1,package.json,npm,default (npm)
624596e73b88aeb249679c6efe7af3bd17c4a0dd,1632837599,15.2.1,package.json,npm,default (npm)
b86c72cdb429be63826d18bfe6f14c8ebc5f4add,1632838548,15.2.1,package.json,npm,default (npm)
20d32c036b4a436a7236e305cfe37522e7bbddcf,1632839757,15.2.1,package.json,npm,default (npm)
9fbf8de41079740b65840095da37e258aef33518,1632847012,15.2.1,package.json,npm,default (npm)
34aa43808ae1e51c491f6cf0035a845c00034f19,1632849770,15.2.1,package.json,npm,default (npm)
6f4b05fc2dbf74b8020fa6ef2eeb3785483ff177,1632849810,15.2.1,package.json,npm,default (npm)
bd1fdd3fc91037e76812642167ef35c14752606f,1632852356,15.2.1,package.json,npm,default (npm)
393df5abc22282b0e49d5fc0697c16b2d6488e24,1632852499,15.2.1,package.json,npm,default (npm)
4baf233a45e8c4769a8f095fb17aa25c64b2df08,1632852674,15.2.1,package.json,npm,default (npm)
7b7bb76396802980b0b403e6305c764ea2f0ccee,1632857444,15.2.1,package.json,npm,default (npm)
eb9bc6464c04d72fc56157cded918f0c492bbc1f,1632936947,15.2.1,package.json,npm,default (npm)
75c831ad465e0d86133558def07add84f586135b,1632940116,15.2.1,package.json,npm,default (npm)
c0a65bbfb508cc459794281435238b6872749cdd,1632940268,15.2.1,package.json,npm,default (npm)
fcd72868953518b2b6db95fd4c6095200e172722,1632951381,15.2.1,package.json,npm,default (npm)
65e45f92b624d76ada9c899633ce701afcd361ba,1632956623,15.2.1,package.json,npm,default (npm)
77e2b7eced756e352045c2f49de248ce99f45c84,1633014930,15.2.1,package.json,npm,default (npm)
78b478bc25d1d37fd59a2296352c3860536cf899,1633020297,15.2.1,package.json,npm,default (npm)
389f1740d8cd1df33753b3d051aa1de09676e33b,1633022924,15.2.1,package.json,npm,default (npm)
9b3fdb0faef6fcb065d2df3d59942ed10f69ae0a,1633029577,15.2.1,package.json,npm,default (npm)
877cc287491a27d29ff5bf9f2728d3c5c4befada,1633029713,15.2.1,package.json,npm,default (npm)
a5295fde6a689bb4145e1187454cd964016b24ef,1633048017,15.2.1,package.json,npm,default (npm)
56b2bcc72ef89a83c02858b8b9ede1e7e8cc7bcf,1633100587,15.2.1,package.json,npm,default (npm)
2bae37193915b19d5ec1371279e4898b2efb275c,1633111749,15.2.1,package.json,npm,default (npm)
1f0116bd236c63712606c189461805929d45610d,1633123817,15.2.1,package.json,npm,default (npm)
d99278e8c8708b4981cbd0dd4d06d3318deb42c6,1633376010,15.2.1,package.json,npm,default (npm)
84bfe4c66ab805f1496c03df65674fdaf267032f,1633377368,15.2.1,package.json,npm,default (npm)
d53339b27b2610e02312741d438ca5b8dfcb2639,1633729652,15.2.1,package.json,npm,default (npm)
1c1b4fa5b971b803b603be305781ada87f19ad58,1633983301,15.2.1,package.json,npm,default (npm)
12f7b49c998f440778bc8e51c1df74ad94d7ec12,1633984270,15.2.1,package.json,npm,default (npm)
2135467d77bb03b541b764afc8c21ae83c8ed497,1634053785,15.2.1,package.json,npm,default (npm)
28e13afe7ef9ac71a546cf9f5402d52e137fd29a,1634058124,15.2.1,package.json,npm,default (npm)
b6e4f94d663e0edfd12528696ee15e931a74e306,1634061494,15.2.1,package.json,npm,default (npm)
5c3bd4f3e610dd066d303a3f42f48efd513a66d4,1634061562,15.2.1,package.json,npm,default (npm)
89e4efc00a35991074f363edbb5fda0fd318a6f1,1634065316,15.2.1,package.json,npm,default (npm)
2aad46d0a22a88337975e0102c896cecda21583b,1634067556,15.2.1,package.json,npm,default (npm)
f25a5495562cc18536e1b31ea2001b03da35a330,1634151571,15.2.1,package.json,npm,default (npm)
96936fc7c4700dca63ae78deb60abd3f9fb77d9e,1634309843,15.2.1,package.json,npm,default (npm)
cc9ae4239e01dfc35ef77181ca2994bddba11e6d,1634312442,15.2.1,package.json,npm,default (npm)
83e27b3d103c1a0995927776201959472d24c248,1634314551,15.2.1,package.json,npm,default (npm)
cd93d12f9646ce79e48888adc05a93c621a04a97,1634319854,15.2.1,package.json,npm,default (npm)
65d79196f614b894ea67467469f7b4584e30ce3d,1634322110,15.2.1,package.json,npm,default (npm)
017dc9ab5730ba1698d80dcd94420f0e57a3217d,1634323646,15.2.1,package.json,npm,default (npm)
4ecc1b919bd152371a23840581d5022142c8b261,1634325791,15.2.1,package.json,npm,default (npm)
c3df5af2a0acb904868700bbb2374e6291792624,1634325791,15.2.1,package.json,npm,default (npm)
e2f1b0891982a2b9e673512b094023a90755ab15,1634325791,15.2.1,package.json,npm,default (npm)
baa98883cc6a1df07e5f82fe90505e6b0c9bf920,1634650727,15.2.1,package.json,npm,default (npm)
0666b05f62f31cf90986cf9a2aa8ae070ceed417,1634655500,15.2.1,package.json,npm,default (npm)
b3faa6838756c9f3d8c2cdbcb86c82cee30c43f5,1634655500,15.2.1,package.json,npm,default (npm)
fc3a2c42c4ead8b1da8473cde93069b45c196fbb,1634655500,15.2.1,package.json,npm,default (npm)
0a7dce76bdd610a92f5c61eefcf6fd458ebd7571,1634655500,15.2.1,package.json,npm,default (npm)
27f90ec97296f3cacd2fbe4a6d61d482aec3012f,1634655500,15.2.1,package.json,npm,default (npm)
15ab9e314799f7d9247ed272a070eccb0cd719ec,1634655500,15.2.1,package.json,npm,default (npm)
78afbcbc043feadfd0767f0db38ebde33873e0d6,1634655500,15.2.1,package.json,npm,default (npm)
8aa24fe9de2f8ab7be2248675f80da7db7bb4c79,1634655500,15.2.1,package.json,npm,default (npm)
f798ebd069880a78f4669e1a6c2058ce7ee94f9d,1634655825,15.2.1,package.json,npm,default (npm)
85d4544f558334fde0b8b9bcc93edec5fd6a9e18,1634656265,15.2.1,package.json,npm,default (npm)
2f9b7e2bbc6dd9151252df4561d139e62a0c667d,1634665501,15.2.1,package.json,npm,default (npm)
117b3413fee33bd049ab4029525997d76bcb1755,1634737663,15.2.1,package.json,npm,default (npm)
f13aabbf61543b695514dc8bf4f1e9cc4c1519d3,1634755489,15.2.1,package.json,npm,default (npm)
ce65e944b916607eae999a833d8b1982c26c5812,1634755489,15.2.1,package.json,npm,default (npm)
090ef969b3b73077981ad24c351347ba0e99fe0c,1634755884,15.2.1,package.json,npm,default (npm)
3a8e6c89e43c1bbec138b36ba6bb62a910f1db44,1634755885,15.2.1,package.json,npm,default (npm)
3a71204188dd9999dec0fd7ac94c5664d2be5db7,1634755885,15.2.1,package.json,npm,default (npm)
24bcfe35fca49c6258341199e8def4fb04d0535e,1634755885,15.2.1,package.json,npm,default (npm)
e1f209309ff6bd1265800ea0ce5f9fef6d63849d,1634755885,15.2.1,package.json,npm,default (npm)
82785e76ab88f628de95aaefb279f2961568342c,1634755885,15.2.1,package.json,npm,default (npm)
fea69c35e5511ae18fc1d514b0524f9ef5326d34,1634755885,15.2.1,package.json,npm,default (npm)
de581602068ccdb1c112107f3c8b226d5a90c16d,1634755885,15.2.1,package.json,npm,default (npm)
f6599441befb1b7509067416e421c726d1e01bd9,1634755885,15.2.1,package.json,npm,default (npm)
105c17260329d6614fde5541e4f4299a71a02e4f,1634755885,15.2.1,package.json,npm,default (npm)
5a598ee12dcee7f5d91815173ddcbb4ffe3b39a1,1634755886,15.2.1,package.json,npm,default (npm)
c6b9369bd08a0d982e81623360d68c18b7525ed0,1634755886,15.2.1,package.json,npm,default (npm)
5bd40bed38dcf4c3019e1dca21ed2846dbad760f,1634755886,15.2.1,package.json,npm,default (npm)
a73d72eb5b3c5caa2a1af1f65cc57a717b97b7c0,1634755886,15.2.1,package.json,npm,default (npm)
03fb047627dd57899c27145bb0e3e560b8f5bb38,1634755886,15.2.1,package.json,npm,default (npm)
25742906d6359d4266558ef776aec1f9f2dc857b,1634755886,15.2.1,package.json,npm,default (npm)
b85ff7bd91dd2dbf930384456ef31ec7eb3ede1f,1634755886,15.2.1,package.json,npm,default (npm)
04dc88d962d085fe5c98742106e2a7cb0d3fda2b,1634755886,15.2.1,package.json,npm,default (npm)
e42808e4fb30a915c9313fa93c08d910ead8f03d,1634755886,15.2.1,package.json,npm,default (npm)
8308fccceabeb7f71be49e9db625db5c9294b3ea,1634755886,15.2.1,package.json,npm,default (npm)
91caa31bd27d26c64b8bd12d88b1fbbe70eef58c,1634755886,15.2.1,package.json,npm,default (npm)
cd7854df86936d26c611954ca87fab6e50e95e85,1634755886,15.2.1,package.json,npm,default (npm)
78f630991731027ce9bbc8e8540cdb681ef278c9,1634755886,15.2.1,package.json,npm,default (npm)
b78ba3b84cc0b96641fc17c39e399761f80de5d3,1634755886,15.2.1,package.json,npm,default (npm)
5139b83b3dfe121336b868a8f545dc42c0e4e4f9,1634755886,15.2.1,package.json,npm,default (npm)
f0ebeeca6fc006fac232aa580cbd16090149bcfc,1634755886,15.2.1,package.json,npm,default (npm)
fe567f000cf28fa78428804743eb39457de386aa,1634761410,15.2.1,package.json,npm,default (npm)
11b431baada44043f67d75eab91df017f0ebb559,1634826885,15.2.1,package.json,npm,default (npm)
a8d5a00ced7c032d2d5833a1834ff589c0321da9,1634826886,15.2.1,package.json,npm,default (npm)
aa793cbf2d77dc37a37252f86910b96e7a2e7352,1634826886,15.2.1,package.json,npm,default (npm)
2ff26fa253b27abac7b5476c02ffadb24a3896d9,1634826886,15.2.1,package.json,npm,default (npm)
603fc9bbe0d5f03605fe8f3ed2519383ac4006e1,1634826886,15.2.1,package.json,npm,default (npm)
b2d546d65c29971bc0e7fb95a2962cea6fa32e91,1634827299,15.2.1,package.json,npm,default (npm)
23428b474519e419f64bea1a87aff69b4892041f,1634827299,15.2.1,package.json,npm,default (npm)
1b0cc111ee3a6b28228b8ba5c1057f6e134585ca,1634831756,15.2.1,package.json,npm,default (npm)
0ff8e5a4c522ca48cef3fd3fa5f9f79e7bbef473,1634831947,15.2.1,package.json,npm,default (npm)
46270c5fccff64c923267a5ce425cb86c3682ac6,1634921011,15.2.1,package.json,npm,default (npm)
d1b4b846a55d8db5c7a8d6232c1e91866d14b050,1634943602,15.2.1,package.json,npm,default (npm)
43e9f0d823884981d89720949735fca659f1cab4,1635172433,15.2.1,package.json,npm,default (npm)
540febf0688b3a8966a74fa04e7a69ecc390f732,1635183941,15.2.1,package.json,npm,default (npm)
6bbc73a7b82be51c2ccf1a22c1c74add620208a9,1635185961,15.2.1,package.json,npm,default (npm)
3da1e323d62c2cf69cb464505ca437bbcfa40962,1635187205,15.2.1,package.json,npm,default (npm)
28629eff0e536eb1f12597dd2284abee965f5002,1635187222,15.2.1,package.json,npm,default (npm)
ad202226c40f0579294e49f18e8b56b7fe05d5cd,1635187512,15.2.1,package.json,npm,default (npm)
6bc9402a069fb97e9cebf63ea83df899088f592f,1635187575,15.2.1,package.json,npm,default (npm)
742b0e174aa8b80aebb2f81d75b15202dfd343ac,1635187739,15.2.1,package.json,npm,default (npm)
c40a9e38fca6ab03f5413ec4b308ce0d6562bc41,1635264150,15.2.1,package.json,npm,default (npm)
904efe3f7fa4d7c713f29ab6dfd966d0dc011dfc,1635269093,15.2.1,package.json,npm,default (npm)
609f58efa539d4639a41963487a2cb2fe78e3e8b,1635284329,15.2.1,package.json,npm,default (npm)
5d77c96d43aae483f7ef2ac47396e96b662e1924,1635284424,15.2.1,package.json,npm,default (npm)
ae410fd61b6cb4a455e06f7034a0fc31328061a5,1635340441,15.2.1,package.json,npm,default (npm)
a1ca46b447f1db05b33c8970715e06cd88f56b09,1635340620,15.2.1,package.json,npm,default (npm)
67f5e9e5a83b1476f13f00d0aafb88f924d4eb64,1635369275,15.2.1,package.json,npm,default (npm)
286a2e3d7da195ffa3d0295c23dc90c640f115f5,1635369516,15.2.1,package.json,npm,default (npm)
df99c0ee57afac404b9f8116028dc8f9d303eea2,1635421876,15.2.1,package.json,npm,default (npm)
e6c6a8ced10eda97ed07dab2e8d0fec00dcc8062,1635429768,15.2.1,package.json,npm,default (npm)
32fb4c55d9d3887b591341d4efedbc9139fdcc64,1635431568,15.2.1,package.json,npm,default (npm)
0096115fc739793f73c165dec379180ff829092f,1635431821,15.2.1,package.json,npm,default (npm)
20b68e0bf2aa47e60ab3c36d2496ab15daa33622,1635435938,15.2.1,package.json,npm,default (npm)
045f4015b2397b738f996d02a7b8e82767db5ab3,1635437753,15.2.1,package.json,npm,default (npm)
14c693cb897afa0989bbe960eab64ffef9f4303d,1635463034,15.2.1,package.json,npm,default (npm)
276003407fd3527eb6da73150ccf427681a722ec,1635463034,15.2.1,package.json,npm,default (npm)
72104e8e53efeec03fb08dcd60a6ff72b73cf61f,1635463034,15.2.1,package.json,npm,default (npm)
c3f78f02a65261f1ac23415d8af27a56c5103223,1635519015,15.2.1,package.json,npm,default (npm)
97d13c473d2af2905f739bc4e6398d6c53c6a680,1635519197,15.2.1,package.json,npm,default (npm)
10388ddeb95d1227a65c9245ade3ab6e54acbd9b,1635526185,15.2.1,package.json,npm,default (npm)
3dd85a39f08e147d34287811066bbd467c878f46,1635801401,15.2.1,package.json,npm,default (npm)
584714fadde41ce73eb0cb5eb4d3d194bddd461b,1635806626,15.2.1,package.json,npm,default (npm)
448c82ecdcf649b98a7754d1e796c0ecb485d0b5,1635854374,15.2.1,package.json,npm,default (npm)
3adfbe3903fb7424c9d7bb43f147fbc36618a174,1635871036,15.2.1,package.json,npm,default (npm)
fa7f40f5dc86c3281908670d618e872db058806b,1635882573,15.2.1,package.json,npm,default (npm)
2a9f98c9c02d60e5d7f286b883f79c985d4d8d40,1635950441,15.2.1,package.json,npm,default (npm)
9c3e67e65c51d894828d7068619f99adcb2599fd,1635957074,15.2.1,package.json,npm,default (npm)
0093086aebe97c1459f9d790e227cd725187edd0,1635961164,15.2.1,package.json,npm,default (npm)
f2f36f5f37adfd1edbc14096263c8e32f9b151bc,1635961332,15.2.1,package.json,npm,default (npm)
38a5e191f427c18dfbc08e63e4e1493386c58f76,1635969025,15.2.1,package.json,npm,default (npm)
edbcc4a4ba273bd64855df1fa723df5ad54191a9,1635972290,15.2.1,package.json,npm,default (npm)
67a9c68a90ab2c825e523313ecb627dd611454d4,1635972638,15.2.1,package.json,npm,default (npm)
e1692d9823925af80e62cb36342dc55763f80127,1635974425,15.2.1,package.json,npm,default (npm)
bc0235415f0d498069701751cabe3de093c50527,1635981592,15.2.1,package.json,npm,default (npm)
099e4e9f3aba66bf83b64167d81d7be29b002d0a,1636033671,15.2.1,package.json,npm,default (npm)
bf6baca32f309a68944fbcbe33a8330a7c1929ee,1636035526,15.2.1,package.json,npm,default (npm)
bbb5651a0b4964920d118687f5a9d6af00921815,1636039212,15.2.1,package.json,npm,default (npm)
b5223cec345ff1473c4d8e5b6a90052f09c06b2d,1636040136,15.2.1,package.json,npm,default (npm)
2cfd70671f105dd960490fd2b2cacfcb27855fc2,1636066842,15.2.1,package.json,npm,default (npm)
73cce5fb76fea038d852a1d65b6b299e0c4af5ed,1636122569,15.2.1,package.json,npm,default (npm)
137f54d887be5a32d9643c8aca6f7cf90df9e6cf,1636126888,15.2.1,package.json,npm,default (npm)
90a52561809e036f3051879d0e3219039dfbea4a,1636127265,15.2.1,package.json,npm,default (npm)
8a8bf22a2709ace80156e77ba37609fa7682d622,1636135815,15.2.1,package.json,npm,default (npm)
c939b9c90498183f213102f9f978cd7caa6c7416,1636136423,15.2.1,package.json,npm,default (npm)
dc427b2ee70d64da357d7827acb0c59e64ab28bb,1636139499,15.2.1,package.json,npm,default (npm)
3c9832430b3cda0f0dd6a4cc1434da5dda7573a1,1636144763,15.2.1,package.json,npm,default (npm)
5e7d3fabca4398d6c2fcc7410cbd30399de9fb52,1636400336,15.2.1,package.json,npm,default (npm)
7c91c924c1d5ee881bef874bf5ef11c5062ecdcb,1636408017,15.2.1,package.json,npm,default (npm)
816e97ed79d88eee6fac2f2fab8749841c46be71,1636460155,15.2.1,package.json,npm,default (npm)
6192c757492f796e9a89748c8d7668b5cc4cd63e,1636557328,15.2.1,package.json,npm,default (npm)
bfbe7c6018f6709e74cf8f338ade978369d1d4a0,1636557549,15.2.1,package.json,npm,default (npm)
1e0b1e31f6370b4a64746fe3f5ad058d2fa30be7,1636558722,15.2.1,package.json,npm,default (npm)
3bbe668df68945b7fda1a4f1681c059f2438f2bf,1636558979,15.2.1,package.json,npm,default (npm)
748f586cb69cee9e6140721bf5d9917cca51f57e,1636560872,15.2.1,package.json,npm,default (npm)
a84b5fb7112e690abe331becc3ab73b0e8a65758,1636562211,15.2.1,package.json,npm,default (npm)
76a0008b0d12c6f11e5f18fd65a3eab0c61202e0,1636562219,15.2.1,package.json,npm,default (npm)
96618538aea60f0c98e8511b5c2c819f1f729894,1636562292,15.2.1,package.json,npm,default (npm)
07dde2eed018aefb50df6d253e46c343c422df52,1636576204,15.2.1,package.json,npm,default (npm)
126d7fd4ca430fb49ffc4dc5eeaf3e5a5458d15c,1636578296,15.2.1,package.json,npm,default (npm)
92b98bf1f54366caecb2a6f5779729c52a615f05,1636578475,15.2.1,package.json,npm,default (npm)
40b2c939ec451bd070b235e4c206b17e27b2cf96,1636583171,15.2.1,package.json,npm,default (npm)
7e1b0d645988350f34f2fb5720d40a76931a3f6d,1636583824,15.2.1,package.json,npm,default (npm)
1bd7a5129010b0abb948abae577ca784dffd9a19,1636583973,15.2.1,package.json,npm,default (npm)
2d114102e0361f52a72aabcf9fb2f4901a78fe3a,1636649147,15.2.1,package.json,npm,default (npm)
c59eb8a5f8c14dd770f1eabe3f79d9bb199d7edb,1636657688,15.2.1,package.json,npm,default (npm)
a593ffc37c6f9ddb6ad4b0dcb780c7992ff8baff,1636670533,15.2.1,package.json,npm,default (npm)
b4c934c32edcccdef6ab05f07cfd22071962c38d,1636724476,15.2.1,package.json,npm,default (npm)
030884d2e62166879083c916e920d48714f99c4a,1636729474,15.2.1,package.json,npm,default (npm)
21a4639211ff8d6f0b478dbcd963ba13b4918a42,1636740015,15.2.1,package.json,npm,default (npm)
ee251a2ed4c68e539353369fe20ce35b2771cd5d,1636740298,15.2.1,package.json,npm,default (npm)
6e91e0bda011a4e9ec905635254190a796fdc154,1636747603,15.2.1,package.json,npm,default (npm)
464bcd2c5e918aabf8dd8a752e9788b8c39333a9,1636990834,15.2.1,package.json,npm,default (npm)
e4b91d567882743b23518c19a5ae8e3f85e0176a,1636990834,15.2.1,package.json,npm,default (npm)
54578df4d762b9b917defaac6714b5f42152976c,1637016985,15.2.1,package.json,npm,default (npm)
679b1d5b10a9c74660a445850a2ca02a6bf009f3,1637257844,15.2.1,package.json,npm,default (npm)
f531cebe496345fad1b9ca78005307d781fc0eb7,1637277815,15.2.1,package.json,npm,default (npm)
e53683de2725e696e4275eb9d8bf0e79e04fa8a3,1637336028,15.2.1,package.json,npm,default (npm)
3db19188b30b45ce5a8bda86698f1049a45d136c,1637336383,15.2.1,package.json,npm,default (npm)
b5a88e3b60ae6980b6977231237dbe724aa48387,1637336383,15.2.1,package.json,npm,default (npm)
71ca8399b3874e044d2640167db7a5f1b87792fe,1637336383,15.2.1,package.json,npm,default (npm)
7d766a68f9e545a68bf16b167ff04617d4e951b9,1637336383,15.2.1,package.json,npm,default (npm)
8bd2607aeadeb2345af233bf3c28b128d877382f,1637336383,15.2.1,package.json,npm,default (npm)
4d6e64d8ff7d5ed712d85de0a93fcb428029915b,1637336383,15.2.1,package.json,npm,default (npm)
07ad057b850dda53130dec4eb0058f614ee9a5d4,1637336383,15.2.1,package.json,npm,default (npm)
9535a5eae8d8dfa9817f693579643424dd336662,1637336383,15.2.1,package.json,npm,default (npm)
337c8b51e12cf7f4e361988a8f1c13015ceafc31,1637336383,15.2.1,package.json,npm,default (npm)
5661db5134e321d30ee265038f51d316b8a198da,1637336383,15.2.1,package.json,npm,default (npm)
07562ddd927773675ee9f58ea07458b6e288c35d,1637336383,15.2.1,package.json,npm,default (npm)
97626d078e4756ff95717256e3eb41bd84f1ce0d,1637339743,15.2.1,package.json,npm,default (npm)
a66a3431ce4bf2545b7a0553c397041ef92c88b6,1637341606,15.2.1,package.json,npm,default (npm)
3864b42e70ed48995614087987c83046e6de73d3,1637344369,15.2.1,package.json,npm,default (npm)
d9874a4168468267d9773194bc0b87e51614c8b6,1637350795,15.2.1,package.json,npm,default (npm)
b50de0ea2b8b1086eb891aa9cb5af4eeb34825ba,1637353848,15.2.1,package.json,npm,default (npm)
b384678e7c07577e036733195d2522f9bace49f1,1637354862,15.2.1,package.json,npm,default (npm)
c217c39b6aa1ef0db56ec8f553c75cd50739d395,1637679495,15.2.1,package.json,npm,default (npm)
542c992498002bba8eddcb951def38ffa4ab9bfe,1637681364,15.2.1,package.json,npm,default (npm)
e06d15dd805d5157925e90731252d3ef4ba90ab2,1637686021,15.2.1,package.json,npm,default (npm)
ee2ecbb0171fe1be1df608085d17af7826ca572b,1637688109,15.2.1,package.json,npm,default (npm)
b850229037feb6ffa1d2483b564c33af48c9c312,1637697276,15.2.1,package.json,npm,default (npm)
006b9c1847177911340dc5e5ed557ac695983140,1637697393,15.2.1,package.json,npm,default (npm)
8e1f73725207c3e54b4b0ffb970cf373091594c5,1637773266,15.2.1,package.json,npm,default (npm)
6f6f471edf927390d1da620146e18c986e1814ad,1637773974,15.2.1,package.json,npm,default (npm)
4268ac03bce8b64025683a17b0468601fee31537,1638200556,15.2.1,package.json,npm,default (npm)
fa18b43126a44046d7930ef75c5c9e185d084dc8,1638201979,15.2.1,package.json,npm,default (npm)
65cd9a0d33e7b3af8a5f96632b3ddfb9da55fba9,1638205840,15.2.1,package.json,npm,default (npm)
63331884d6bb59e6edbc65e4d469e1e3171797a4,1638209950,15.2.1,package.json,npm,default (npm)
fc48e380cdb4d0529945dcfb2cad3113c4fc31ce,1638209950,15.2.1,package.json,npm,default (npm)
8a858a4b81d6c464f243d3b2bf699ed1cd951956,1638213225,15.2.1,package.json,npm,default (npm)
25d3bf8655e169dcdecdcddecac3d549317ca4a5,1638280957,15.2.1,package.json,npm,default (npm)
94ee2e23797043b09e67e4d36e02ab92e09a8b86,1638304733,15.2.1,package.json,npm,default (npm)
fefe8d7af6725508f26396aac99110d505c667af,1638304904,15.2.1,package.json,npm,default (npm)
06a71bced7ac4fbe72194f16e4215f22d00b65b7,1638460382,15.2.1,package.json,npm,default (npm)
d4f4927fd67a99e49c229337abb008fbe8a1c71f,1638473986,15.2.1,package.json,npm,default (npm)
b860de6f6e9a2c8fc8727cf9e68bf8e0485f428d,1638486050,15.2.1,package.json,npm,default (npm)
07f6832603a36780575f97694b600bda8d074f4b,1638560026,15.2.1,package.json,npm,default (npm)
d56df36d680bad1402cb60de271474690b49d79f,1638564089,15.2.1,package.json,npm,default (npm)
a355573e9287418e5e4ee4cc3e752c7df5678f0a,1638803289,15.2.1,package.json,npm,default (npm)
6262e3fdbf5f4993a2bd7db85146ea4957a97eca,1638803912,15.2.1,package.json,npm,default (npm)
8152efb6d9a7f9ce2974a7dfd6873ca24ec83fe5,1638804717,15.2.1,package.json,npm,default (npm)
286a9f6d4e4f47dc830479c4eab30e62e09355fa,1638818713,15.2.1,package.json,npm,default (npm)
a5bafe85ce919281189cf19de6766cfe3d592cb2,1638821380,15.2.1,package.json,npm,default (npm)
50113983a6e57a53051c37d227cda3a26f7fec37,1638832169,15.2.1,package.json,npm,default (npm)
00d5c3ac5bdac7de640316d93c2166286bb8aa89,1638832991,15.2.1,package.json,npm,default (npm)
ef550c22612e2ed8bc0eff1e30e9b48efbba6214,1638838703,15.2.1,package.json,npm,default (npm)
a9f4f37a4a26ce1f90e2bf4530b2f95c36837972,1638890346,15.2.1,package.json,npm,default (npm)
fc8fe7639ff30f50a76479e1eab1ebcf02b20c4b,1638890404,15.2.1,package.json,npm,default (npm)
87266c9d605c45127f275a25cd95e392ac1fea71,1638909680,15.2.1,package.json,npm,default (npm)
7390918346bdfe1412cb3a7eccace48ccd961370,1638920459,15.2.1,package.json,npm,default (npm)
f3eb872cc541a0820f12656505756fc52477df80,1638987453,15.2.1,package.json,npm,default (npm)
0f75db66c2afa88202acd74f78facaf74e2d7547,1638992255,15.2.1,package.json,npm,default (npm)
aaf037e1c5352fd53cd722aa6a900b99c1316683,1638992318,15.2.1,package.json,npm,default (npm)
e9fa611739df6b7cc1da29309295b98a1aa69a42,1638994591,15.2.1,package.json,npm,default (npm)
fc1300411697271657c42bf18f6d33ca7debc5fc,1638995653,15.2.1,package.json,npm,default (npm)
94d3f9e402ebe8c1250f43e903716fdf47f3e92b,1639059290,15.2.1,package.json,npm,default (npm)
2ddaab010c990891989b3a2c1e58cab4471a28c7,1639061770,15.2.1,package.json,npm,default (npm)
26a63e6979ed6a99f7753d9c9f4ba15e73af2601,1639069888,15.2.1,package.json,npm,default (npm)
c14e850532adb1f9f223a959526283aadb22a785,1639070052,15.2.1,package.json,npm,default (npm)
d92ca977748b77ea6c3b83cfa819bc03d7e1005e,1639075527,15.2.1,package.json,npm,default (npm)
cb3e587c054536fa10c5ca3932433968f65c87be,1639148233,15.2.1,package.json,npm,default (npm)
fa1645c1fddb9c5d4e08499f83c14583829b7c8f,1639149237,15.2.1,package.json,npm,default (npm)
dc9c6217fa5094d15b20848603338aa4dfebd16c,1639149381,15.2.1,package.json,npm,default (npm)
7286e69b2494d70f2ee9d998ff2cceb27ee2a456,1639149597,15.2.1,package.json,npm,default (npm)
9453de2cee1d1ed3c3aec21166e5fb4b3c201ee6,1639149619,15.2.1,package.json,npm,default (npm)
0094ecbe60c54cb51c9af66a3bcf5e79dd9a9f9d,1639155850,15.2.1,package.json,npm,default (npm)
af78fae3541fb8f308d1914d505153c84e886055,1639157039,15.2.1,package.json,npm,default (npm)
a7fe4fcf84e07c4b7062d66837700768329df866,1639164046,15.2.1,package.json,npm,default (npm)
67c9d4392a7952e860c120f90c092c5a13be1a86,1639166308,15.2.1,package.json,npm,default (npm)
462e84a62c58ff8a6c0e72d63967d98e21ea5f6a,1639167753,15.2.1,package.json,npm,default (npm)
b79a49d16f61ca8b303f6b63a9e6eb2146569a7a,1639170209,15.2.1,package.json,npm,default (npm)
9a4d07991c7fb7800420c3384b8ba30085a3c0ae,1639394820,15.2.1,package.json,npm,default (npm)
941fadad5a34a1e66340a6425e1c3995aeffeff7,1639394843,15.2.1,package.json,npm,default (npm)
8e5200f608251f17ef90076418b4bec7c7a4a0c8,1639394952,15.2.1,package.json,npm,default (npm)
a243c84370648767b41a77e650579e1f6b334e21,1639401416,15.2.1,package.json,npm,default (npm)
c00a758d51cfe720b5ec4bb7030af07e5786b3cb,1639401416,15.2.1,package.json,npm,default (npm)
b550e04efdb183f29063009b8ce90c96c12cacb6,1639401643,15.2.1,package.json,npm,default (npm)
ff0b6f7a1727016f349ef4f627c14fcb9889febb,1639408345,15.2.1,package.json,npm,default (npm)
c7da8417e01b3c2f630036ea6c458862173ea9df,1639449372,15.2.1,package.json,npm,default (npm)
2dc27d01987de5c0edbcd866fe4a909d97166b23,1639495446,15.2.1,package.json,npm,default (npm)
93d1a4476c5f2bcdd91a807707f849c91b9f40d0,1639515507,15.2.1,package.json,npm,default (npm)
8476427d2009efac700165990dc8eb5b16c79144,1639608521,15.2.1,package.json,npm,default (npm)
e51ce8f05ca5b2f9ceb8c0feee09234c663ae935,1639667408,15.2.1,package.json,npm,default (npm)
b9fe5a72e81daea09af23cd842129dbdedafe1d6,1639668350,15.2.1,package.json,npm,default (npm)
bbe0705e823805daac132761cbe398a85548eea5,1639738923,15.2.1,package.json,npm,default (npm)
2c2ce668088c6cd42cf9a035acc7d0732eced76f,1639752482,15.2.1,package.json,npm,default (npm)
e7576596196505dbc870e53b08bda796a54e85f3,1639771041,15.2.1,package.json,npm,default (npm)
ab985e9446b2146c55f0d047476b80f75d226590,1639823740,15.2.1,package.json,npm,default (npm)
a19afa683e73f9e52cb8190c28cc18e1bbd5ef06,1640016509,15.2.1,package.json,npm,default (npm)
e61694b6ea3a911d98b718cf8558583dfaf915e1,1640016694,15.2.1,package.json,npm,default (npm)
45ba3527b418be5631cb03ff22acfac020427220,1640016754,15.2.1,package.json,npm,default (npm)
d8b67418a890dfd183edbafb0d0636d4f0c8f120,1640034329,15.2.1,package.json,npm,default (npm)
536cd7538a7656bb7fa5631657a9a69a1c2f3dc1,1640207544,15.2.1,package.json,npm,default (npm)
70c658cc839dd8f178fad2aae3378f61ddfe6757,1640212227,15.2.1,package.json,npm,default (npm)
d50a1394e13594dce3a27325743ffd3e2da3f76e,1640727137,15.2.1,package.json,npm,default (npm)
ec5f1baafc79473b9c04b39cd912f4dd4f43da9e,1640728435,15.2.1,package.json,npm,default (npm)
daf19418628605b545aa63c6ce59f05d394c5e5a,1640737777,15.2.1,package.json,npm,default (npm)
26e13f637ff5813272d500b24166e3a11f6f4e49,1640737777,15.2.1,package.json,npm,default (npm)
23ce8c5861ec7e66bfa34ff2b23505c571301144,1640737863,15.2.1,package.json,npm,default (npm)
837db878cfcf4dc67dcc14a5e064559c5dd4c196,1640792841,15.2.1,package.json,npm,default (npm)
aa0d24cd73dd95f97185ce85d5344675c8ba10a7,1640877300,15.2.1,package.json,npm,default (npm)
5eee883a54e34e161ae055efe6df6deac452c026,1641235288,15.2.1,package.json,npm,default (npm)
188d827db4fe1944fc88968b919d8ebf3df34884,1641237839,15.2.1,package.json,npm,default (npm)
41cf771777228a166defcef1b7284584de98cbe5,1641239904,15.2.1,package.json,npm,default (npm)
f357a88c124665962c0ece0a41075e5cdd6cd6bf,1641240116,15.2.1,package.json,npm,default (npm)
76c2093a66e64e213129782bd63ea7795611e2fc,1641246468,15.2.1,package.json,npm,default (npm)
d32b2ba763ce6d836d73fb5d901e35c61d386299,1641246513,15.2.1,package.json,npm,default (npm)
fa86ca51b2a535aad89c2428270e35f1068e75f6,1641324541,15.2.1,package.json,npm,default (npm)
8808535a7dbc83e19a0afe327d6dc714c793ad03,1641328153,15.2.1,package.json,npm,default (npm)
d3aeb1353726c766c10bbe9a2ee965590f7c274d,1641328316,15.2.1,package.json,npm,default (npm)
bb2a5c627462e7fa63bd0c3c334ceb152d4334d8,1641332111,15.2.1,package.json,npm,default (npm)
d0bff580ff49d4711ce0914e8eb169cb841165b0,1641399455,15.2.1,package.json,npm,default (npm)
cc9d4ea2fdc7c08e41c625999afe7bcb21e2ed8c,1641482998,15.2.1,package.json,npm,default (npm)
c8de7ad1768e2c1c351cd0cac4ea405cc8a046d1,1641498529,15.2.1,package.json,npm,default (npm)
7b1e08a2cdcfa641acb84845efe871a9f8ce1891,1641504600,15.2.1,package.json,npm,default (npm)
f14653f4baca4147d4fc1222c424e1644f7296c8,1641507942,15.2.1,package.json,npm,default (npm)
b78540ea09f7355cd232a0b0303e6307c0d2feab,1641552677,15.2.1,package.json,npm,default (npm)
2088d2284a273aa4bbb359f8ea06c0222fa9326b,1641562809,15.2.1,package.json,npm,default (npm)
bc07fc13267240bd2d324732794c5ea6da69fb6d,1641591087,15.2.1,package.json,npm,default (npm)
bf0fc4a01caf5d042645a66e3b5aa6b687f46d45,1641826641,15.2.1,package.json,npm,default (npm)
31876041e087a7a3741883fd88852b778a60f769,1641826641,15.2.1,package.json,npm,default (npm)
2e0ebec8ae5024c157fa14176011e7650e1cb67d,1641826641,15.2.1,package.json,npm,default (npm)
93dda57c63aa28e11bf9e1a23a0b818398d04191,1641830408,15.2.1,package.json,npm,default (npm)
d631fee0b63b78a588dba7787cdd9bb14e8317f5,1641830408,15.2.1,package.json,npm,default (npm)
f504dca933422b6da109321dea2f1c8bea874681,1641830408,15.2.1,package.json,npm,default (npm)
9a95b32b2199eb5ed7fd6fa01e80139bb9f6d7b2,1641830425,15.2.1,package.json,npm,default (npm)
c4462008be294645c79a5d3143df47c90ecfeaaf,1641830425,15.2.1,package.json,npm,default (npm)
bb433725e75235776faf7b04afc2e76be5cc4917,1641830563,15.2.1,package.json,npm,default (npm)
15c0fb31d79cf71fbc21f787852774ef21e57a5b,1641830758,15.2.1,package.json,npm,default (npm)
8274d63e8095a2bb7dc10a878fc6c76a89738562,1641840052,15.2.1,package.json,npm,default (npm)
4d425de74fbdef098410f05f02282b9df3b3474c,1641840261,15.2.1,package.json,npm,default (npm)
9bc6f10dbec651c42e3e325da4836dcf47cdaba9,1641842889,15.2.1,package.json,npm,default (npm)
174853942e539393c94e76404fc66970207f28b2,1641843051,15.2.1,package.json,npm,default (npm)
59875bd1c45bcf835952015368dd079b42f6905d,1641933425,15.2.1,package.json,npm,default (npm)
a33846edb394605634ae683abeec4c7aa0a4c9f9,1641934388,15.2.1,package.json,npm,default (npm)
0827660249c344ee9399ac833084940dc42dcb64,1641934529,15.2.1,package.json,npm,default (npm)
e713000359196e3d91e39fc1b4039ca54eded370,1641935655,15.2.1,package.json,npm,default (npm)
bfbc81b52519de328058da5b798434748fb83678,1641938193,15.2.1,package.json,npm,default (npm)
a0cf05eac8a0adfbcb4c6ea674639ad69aa1d9b0,1641945542,15.2.1,package.json,npm,default (npm)
3cf43703f6248df0c9018aeb093c89bc9e0d2a0d,1642004419,15.2.1,package.json,npm,default (npm)
844f78e7b68bc6c5c190e62a9ff4ea572499d87c,1642014778,15.2.1,package.json,npm,default (npm)
503158b59629f2999dae3f37dc469df349e2032e,1642025257,15.2.1,package.json,npm,default (npm)
51a1f8011b49b350a738623cedb5e7a18ad08c87,1642027613,15.2.1,package.json,npm,default (npm)
2d7cafe5ab5322823a0e9e98d31ca042dc67cd5f,1642088362,15.2.1,package.json,npm,default (npm)
55d82ac7e0fd6c10f483043eea6bcdfaced73706,1642090040,15.2.1,package.json,yarn@1.22.5,package.json
fbed8d30d0fdc11140c5edb719c5bc17f136794f,1642516673,15.2.1,package.json,yarn@1.22.5,package.json
68f978f59ce2c48f4e2c0e75f6e70833b0c90627,1642523475,15.2.1,package.json,yarn@1.22.5,package.json
3a9a50c17e9d3cbc78514c2da965937759f46378,1642543688,15.2.1,package.json,yarn@1.22.5,package.json
afd0ab7266e504062a53c16db09036ace14d3fbb,1642545123,15.2.1,package.json,yarn@1.22.5,package.json
078b871885028491aa0d8e4422fce4e14b5115a9,1642579496,15.2.1,package.json,yarn@1.22.5,package.json
513eb5edd06316c09d6ee0894b05c466b7a1574e,1642593532,15.2.1,package.json,yarn@1.22.5,package.json
0fe0d0e579de6556feea69997398848381039817,1642606683,15.2.1,package.json,yarn@1.22.5,package.json
43c9ae300320f488077869ca934fc5b3387847c0,1642620847,15.2.1,package.json,yarn@1.22.5,package.json
d73ab3a91857d0d7113840dc37adc59dec0b20c1,1642620969,15.2.1,package.json,yarn@1.22.5,package.json
42443a13c066bdb98fe3c62c33af21faca27a82c,1642627038,15.2.1,package.json,yarn@1.22.5,package.json
f7467748584c1c617b75b4e9b6a55436c3c9565b,1642627204,15.2.1,package.json,yarn@1.22.5,package.json
01853642725989f963a0a79aa620d5a034f85c56,1642627204,15.2.1,package.json,yarn@1.22.5,package.json
9ac717451114320b8e93303521de69a1a9a1788b,1642631383,15.2.1,package.json,yarn@1.22.5,package.json
e266531cba18e2cceae24b2a37841712198d50bf,1642687351,15.2.1,package.json,yarn@1.22.5,package.json
f771debb1fb9d9f21bf6f33f9dc35a3af61a98e5,1642696881,15.2.1,package.json,yarn@1.22.5,package.json
b52df215d2e273d77c4a82622651b41a91e207bb,1642774117,15.2.1,package.json,yarn@1.22.5,package.json
63b73b2b967abafff45426de4af1f2bf1c14ddad,1643043387,15.2.1,package.json,yarn@1.22.5,package.json
f3a15972a9bcc36c27af1dbe1a1355b66843b672,1643047683,15.2.1,package.json,yarn@1.22.5,package.json
8b037fdb0110354ff3b52b22c9e7d880f733ecc6,1643052195,15.2.1,package.json,yarn@1.22.5,package.json
e0e3661c9ab874b3e8553a2664c5c5dfdb9bf581,1643052275,15.2.1,package.json,yarn@1.22.5,package.json
a41eb2c873cddc975f3a9ad737df1da43499bd9a,1643056944,15.2.1,package.json,yarn@1.22.5,package.json
fe9802564ed62ffa3a22ff8cb35ced2ea3a03740,1643058209,15.2.1,package.json,yarn@1.22.5,package.json
9236b6f671ac4b8d0d8fcf0d9f7f5678ce564c8a,1643058209,15.2.1,package.json,yarn@1.22.5,package.json
6a5c7b39d902dfa1e777c836a2d99286dc906770,1643061503,15.2.1,package.json,yarn@1.22.5,package.json
e66fa1ff02e103beb8cb4dcd0e1a66cb8516d04e,1643084228,15.2.1,package.json,yarn@1.22.5,package.json
1dd9b3d4482c63fe0654ae9619a6634355309976,1643122872,15.2.1,package.json,yarn@1.22.5,package.json
016fb2c08add59590dbff8e177a0d2a173a5acd8,1643135422,15.2.1,package.json,yarn@1.22.5,package.json
f8abe740a53f43dbaebe2babb3bc4f8b17ddf513,1643145181,15.2.1,package.json,yarn@1.22.5,package.json
c12dada08bc85e4939e6c00d73a5f44edd4a9f2e,1643218494,15.2.1,package.json,yarn@1.22.5,package.json
926b23963d853b39c4d556ce51b19a7999bf9127,1643223353,15.2.1,package.json,yarn@1.22.5,package.json
c2a48e1b9ed6cc4f6d595cf5861ae2b8cd7a061f,1643226128,15.2.1,package.json,yarn@1.22.5,package.json
e2525da3fb946cf8f4455e7bd9e7d6c0a787648b,1643226266,15.2.1,package.json,yarn@1.22.5,package.json
8bf88f2701743477a239cc70b56919c72a9e32ec,1643231904,15.2.1,package.json,yarn@1.22.5,package.json
a50eafe3a804920037ab49a1dee47ed5d3df5d92,1643235738,15.2.1,package.json,yarn@1.22.5,package.json
4809951185c0c8b29e066ea36e084b74794c2e2c,1643236530,15.2.1,package.json,yarn@1.22.5,package.json
9b0c3587c67ca4020a85e5eba84e6b1d6df82910,1643402197,15.2.1,package.json,yarn@1.22.5,package.json
034c7275ca1993e3aa4403cc92db19ca08f55019,1643642857,15.2.1,package.json,yarn@1.22.5,package.json
d6a00a026b806c2c5203067b65a03b3e07b5d702,1643643156,15.2.1,package.json,yarn@1.22.5,package.json
13bb2121b04b1cdb22af5f5324fd293b567eaaed,1643643704,15.2.1,package.json,yarn@1.22.5,package.json
5e67a02643a7fc17b35b20470d7666e8a87705fe,1643643704,15.2.1,package.json,yarn@1.22.5,package.json
27b46149ad6db3237253f5b56c34648e417831c9,1643651433,15.2.1,package.json,yarn@1.22.5,package.json
e2cc529c90f6aea23d5edf8a4668f6f8be35c363,1643655073,15.2.1,package.json,yarn@1.22.5,package.json
a9c43344e953230002a555ba947b9665103d8fdb,1643655156,15.2.1,package.json,yarn@1.22.5,package.json
5f90b0ad1f9f21c93f02ff4e195d5e78f28fc2a5,1643659693,15.2.1,package.json,yarn@1.22.5,package.json
79f1605813a395840fd36774ec8c5f7653f15916,1643659850,15.2.1,package.json,yarn@1.22.5,package.json
ef48c93aca79b55294b45bab2898559e2fe55b4e,1643662179,15.2.1,package.json,yarn@1.22.5,package.json
a7c7126d3e6b4d7b80e40bfeadd54037fda624ea,1643663060,15.2.1,package.json,yarn@1.22.5,package.json
bcb36c109d6bee8775eec497790c5f4b7c8b09a3,1643736415,15.2.1,package.json,yarn@1.22.5,package.json
b416b4bcf6c2c432ed3e1e7e6b72440d40a09a23,1643738930,15.2.1,package.json,yarn@1.22.5,package.json
b97cb17217ab9d28912873b90679546a5cd9a487,1643811104,15.2.1,package.json,yarn@1.22.5,package.json
8571d2d59d2bb14428d0abaef8cb11ea12211fb5,1643811160,15.2.1,package.json,yarn@1.22.5,package.json
b9a1bfd876a46fae04c76442793639266dde091e,1643884267,15.2.1,package.json,yarn@1.22.5,package.json
1d654ca91d10498c96d858f173c997283a23708d,1643884351,15.2.1,package.json,yarn@1.22.5,package.json
681b3e0fb6d68a7a5699b7362cefdcd722d0f84a,1643884351,15.2.1,package.json,yarn@1.22.5,package.json
b65885c50e4bea0654ed456936d973ea454417a1,1643908629,15.2.1,package.json,yarn@1.22.5,package.json
ce221f2409be55a8cbbd080950a9dfc1f3039f41,1643908695,15.2.1,package.json,yarn@1.22.5,package.json
ea5eb50ac9f8c17345eb401086069457913a495e,1643916049,15.2.1,package.json,yarn@1.22.5,package.json
b19fbed32983c4cb8279564af4325147bb9c0509,1643923511,15.2.1,package.json,yarn@1.22.5,package.json
4286f415b6bdb4241086577d3ef2c02fd9497c6e,1643987720,15.2.1,package.json,yarn@1.22.5,package.json
d96636d489d0348c3c76d26c300a09452b6dfc34,1644000921,15.2.1,package.json,yarn@1.22.5,package.json
e9aa3f851ff5bf5258b637244ed47bd52817d640,1644000921,15.2.1,package.json,yarn@1.22.5,package.json
019c3bbaa5908ea2adc49095e49ad61b63a54248,1644000921,15.2.1,package.json,yarn@1.22.5,package.json
9d5bd958ac888429b217dc95ac699d6a030c4f27,1644000921,15.2.1,package.json,yarn@1.22.5,package.json
5ed5d84efc58765a7c9c6e64e3a6a4c4683cae08,1644000921,15.2.1,package.json,yarn@1.22.5,package.json
d66a905c6317340f95904964d23b4d2a7efcdfd1,1644005660,15.2.1,package.json,yarn@1.22.5,package.json
37c8975943c1719c4014536b4188387530ee57a9,1644006609,15.2.1,package.json,yarn@1.22.5,package.json
372c5456496b2ca23df0b2fed54bd34915fec089,1644010956,15.2.1,package.json,yarn@1.22.5,package.json
1ae8cabf9ee6c54367b83c2cbbcdb91046021164,1644161897,15.2.1,package.json,yarn@1.22.5,package.json
7a253abacabd59d90cb1221ce914cc08d539e803,1644259308,15.2.1,package.json,yarn@1.22.5,package.json
4480b67b18143a11ca4015f18ecda65ee536c19a,1644310447,15.2.1,package.json,yarn@1.22.5,package.json
730e16e5674c0e181fc1d20eb111e1a9816056fd,1644313288,15.2.1,package.json,yarn@1.22.5,package.json
f887b77b7124671e1201379aa15fd1a8f494281a,1644314534,15.2.1,package.json,yarn@1.22.5,package.json
f11e78e86bf5fa72c40476794360fd230cd1d2e3,1644333197,15.2.1,package.json,yarn@1.22.5,package.json
1c35b5e155671915bec7e93148a9d5f43217d3d9,1644353734,15.2.1,package.json,yarn@1.22.5,package.json
7cdcce690c04a1b9fb51b431d36e99c1d22ae4c8,1644353789,15.2.1,package.json,yarn@1.22.5,package.json
b6cdf830074650f3ba4b097a81f48e44e0714be1,1644420248,15.2.1,package.json,yarn@1.22.5,package.json
c966353b8bb9c3a5289a815424048e2677bd95b3,1644422596,15.2.1,package.json,yarn@1.22.5,package.json
51e36518add2215042acb3cb7d4a87788433e1e4,1644440122,15.2.1,package.json,yarn@1.22.5,package.json
d200371d16ca75e38ed76770c4cc5cfc19a108b4,1644510308,15.2.1,package.json,yarn@1.22.5,package.json
54837ec1339e4769690b96d73060272d17bb8395,1644595051,15.2.1,package.json,yarn@1.22.5,package.json
6add5e7657458fff3cffe848b630369f94bf81f7,1644595370,15.2.1,package.json,yarn@1.22.5,package.json
bc4e1f362b8804c6494f510785078b6a2ca17951,1644867585,15.2.1,package.json,yarn@1.22.5,package.json
616f4a6fab9b85799adbb3600ac3859f385dffaa,1645027166,15.2.1,package.json,yarn@1.22.5,package.json
b55d9eca4edc8e08311994b90abe416d98ae04cd,1645046137,15.2.1,package.json,yarn@1.22.5,package.json
6a91bfc4b42fab10b3d9d012748ed8105baaefaf,1645110252,15.2.1,package.json,yarn@1.22.5,package.json
fd886068505fe87dfe477b5cfab347fcd8d0309a,1645199211,15.2.1,package.json,yarn@1.22.5,package.json
9292d487c4333854dbe657276c4d41e4bc1db2e9,1645202621,15.2.1,package.json,yarn@1.22.5,package.json
9aabd592f861a068b7a4c51a395d8fb9983633ef,1645214963,15.2.1,package.json,yarn@1.22.5,package.json
686cb75584984ea06e6a48990e8e31ada1d11771,1645574611,15.2.1,package.json,yarn@1.22.5,package.json
b82eb8eb6b36550f275bbfc530d482de858269b1,1645655015,15.2.1,package.json,yarn@1.22.5,package.json
a7fca95b59757b53bc708e9eac741d66313eb5a8,1645732380,15.2.1,package.json,yarn@1.22.5,package.json
3d3770b8338f3b75c6bf43ce26f9d6c39ddabd97,1645732715,15.2.1,package.json,yarn@1.22.5,package.json
e8945c3d462ba6384bef6f78a252288cde7056b4,1645807103,15.2.1,package.json,yarn@1.22.5,package.json
003107ffafa24ee8eb0260fc95500925e025f8bc,1645807103,15.2.1,package.json,yarn@1.22.5,package.json
9f551e357fbcb6df9cf78016bd50d989b727217d,1645807480,15.2.1,package.json,yarn@1.22.5,package.json
18417bb334367bb765b816c38ba0faf69a5ca9c5,1645808861,15.2.1,package.json,yarn@1.22.5,package.json
b2414a05443e7aebd77d8e2e3cb98f2575763959,1645817436,15.2.1,package.json,yarn@1.22.5,package.json
a3624e461e77417367519c3664ea400f996913e9,1645817990,15.2.1,package.json,yarn@1.22.5,package.json
09475cf34c0bd36d597dd984cc5cb1dc901a524d,1645819620,15.2.1,package.json,yarn@1.22.5,package.json
56c4b2a1cc06d6509c231211b2c63fcb2d65d06a,1646060130,15.2.1,package.json,yarn@1.22.5,package.json
69b847dfca81d8d9a2e419fc1538b31964d20589,1646064808,15.2.1,package.json,yarn@1.22.5,package.json
694be26a0b4a6ba15d9d221d5d3f0ce6a9481772,1646077324,15.2.1,package.json,yarn@1.22.5,package.json
e2761c13943e971c5eb0b05a8990d02c78666b43,1646235855,15.2.1,package.json,yarn@1.22.5,package.json
769a7ac209c2c12c685e807b69fe74e089e8894e,1646245359,15.2.1,package.json,yarn@1.22.5,package.json
8277d57ad78e701bebe4b22420210882172f6680,1646324406,15.2.1,package.json,yarn@1.22.5,package.json
f9f543c30b4b29b34aa68d3ff8e4e1eb8cf3929c,1646403775,15.2.1,package.json,yarn@1.22.5,package.json
e88393b4263eef21fa45b9aa6c4f3068683ab1c0,1646422973,15.2.1,package.json,yarn@1.22.5,package.json
d5febda8efc1bf88f84c0dc9ec6461f78f886f3c,1646423016,15.2.1,package.json,yarn@1.22.5,package.json
688cd214173b5c827cc0bd5a691ab2f57c1375e6,1646423170,15.2.1,package.json,yarn@1.22.5,package.json
668702a1ec07dd088d9b731d6691b341b55b02a6,1646676210,15.2.1,package.json,yarn@1.22.5,package.json
07811fcd2620594d618e70109372d07e17273996,1646689049,15.2.1,package.json,yarn@1.22.5,package.json
c6d8a3b6c9cd51bf1d6dac3e3ffe6ffbe907600f,1646752907,15.2.1,package.json,yarn@1.22.5,package.json
d1d93a915ae40e00183a74c5b1dea60189c7316f,1646774090,15.2.1,package.json,yarn@1.22.5,package.json
8cf205455c4b3ec8e4f0e84514fdb246610bdf4d,1646936311,15.2.1,package.json,yarn@1.22.5,package.json
dc0d20fbba4416f1547537ddf28f48e00fbec240,1646939998,15.2.1,package.json,yarn@1.22.5,package.json
0494c4a646ec3ce6e78853ab94a8c4bc3e3fcdc5,1646943479,15.2.1,package.json,yarn@1.22.5,package.json
ad439fee610ecd34c833952068ef2744abe0db85,1646945554,15.2.1,package.json,yarn@1.22.5,package.json
153c235f1122e712ed1edf1f21a988f9211a352c,1647032753,15.2.1,package.json,yarn@1.22.5,package.json
14b09a4f5512bd7563ed0c65e6520a1367b16bf6,1647268468,15.2.1,package.json,yarn@1.22.5,package.json
8114c8bbb2e7af0c6f4ef815456f4920e8dc6818,1647283269,15.2.1,package.json,yarn@1.22.5,package.json
f2442b3cbebf947095f0e413e0ef777c4bf9ce9a,1647283403,15.2.1,package.json,yarn@1.22.5,package.json
816075e676f70d57402e975a0e7402a1e2c97357,1647285311,15.2.1,package.json,yarn@1.22.5,package.json
724ff6c7322ca77d9d06c12f3dca9232e6c5c585,1647351317,15.2.1,package.json,yarn@1.22.5,package.json
b0ce59853031a049341fd06513b373158fc27c4d,1647546262,15.2.1,package.json,yarn@1.22.5,package.json
a3e531c8ec50c73eddd082c5ff430259c1ec59a8,1647546399,15.2.1,package.json,yarn@1.22.5,package.json
bb70aab4c4960b375832e9eb00cd965f79e622a2,1647621045,15.2.1,package.json,yarn@1.22.5,package.json
e4240f26a38c7fc7538c1587918766fda391a561,1647621587,15.2.1,package.json,yarn@1.22.5,package.json
c6195de48a037e43ad09584a21532cba264395e3,1647621608,15.2.1,package.json,yarn@1.22.5,package.json
6e1dd3f9f4e499271acd1953af93514c5f4cf402,1647626058,15.2.1,package.json,yarn@1.22.5,package.json
fdd45cdb182fe7dea5fa50b119809735c7eaf512,1647872356,15.2.1,package.json,yarn@1.22.5,package.json
eef0129f0f4d91b8e24ea5ba5c9150d1bd38b029,1647934433,15.2.1,package.json,yarn@1.22.5,package.json
382c36d065a201990d6f735c4fd30f9e912b2c2d,1647934433,15.2.1,package.json,yarn@1.22.5,package.json
acaa87037d16797d85fa7d1bbb4006ab57495b85,1647934433,15.2.1,package.json,yarn@1.22.5,package.json
e5fc6c6956023160c7250d9c8ee950c43845adfb,1647934433,15.2.1,package.json,yarn@1.22.5,package.json
468491c8ce7b87a2f7e875cdad2592b584e0c26a,1647956403,15.2.1,package.json,yarn@1.22.5,package.json
7960748404bd84fd01560319b5d3a2f79b6b3890,1648045480,15.2.1,package.json,yarn@1.22.5,package.json
196cee52edb73b436b9ad343467a1632b56bd1d5,1648045677,15.2.1,package.json,yarn@1.22.5,package.json
c70ba3beb5d69235ed4fe9fd950c63ab0a08cced,1648133696,15.2.1,package.json,yarn@1.22.5,package.json
3bcbcc896d91a5ec69fe517a3050813e6fb9fdb7,1648133757,15.2.1,package.json,yarn@1.22.5,package.json
c8b1cb7c7472bea4f9c5fd7252a7a1ae3ef3e8da,1648140318,15.2.1,package.json,yarn@1.22.5,package.json
a646219c41844249a1f84b87ffc74408a6c3d84c,1648218606,15.2.1,package.json,yarn@1.22.5,package.json
cd06b53c6bf08e54a9a09f5d1bcf0060130f467b,1648221568,15.2.1,package.json,yarn@1.22.5,package.json
974cbbeb32db46438ea47904b9b160f16d8e25c6,1648221732,15.2.1,package.json,yarn@1.22.5,package.json
9e2a01d9596a93693963a350311c59a54173d3b3,1648492748,15.2.1,package.json,yarn@1.22.5,package.json
c1f66c05a1726efba20cbc00c12bfc2034771682,1648583509,15.2.1,package.json,yarn@1.22.5,package.json
b0e5d51a6f680954442e69fe948784dd4c3453e6,1648660534,15.2.1,package.json,yarn@1.22.5,package.json
21ec76d65c4adbcaa89cc6f5ef7bcc7a01da7441,1648956340,15.2.1,package.json,yarn@1.22.5,package.json
7b449a0432d4f324bf69727364d79defc049897d,1649168989,15.2.1,package.json,yarn@1.22.5,package.json
e21901965b70773c663f2f0795d1e103ce7b85a0,1649180151,15.2.1,package.json,yarn@1.22.5,package.json
c456440272d2b7e50b889ae760a2918c0aa5f9e2,1649184086,15.2.1,package.json,yarn@1.22.5,package.json
7073262fee611f7f1d340ec564528c8b3cc8084c,1649184233,15.2.1,package.json,yarn@1.22.5,package.json
76ddcb0d5aebaf5e879edbf0baacfeb19839ce56,1649269612,15.2.1,package.json,yarn@1.22.5,package.json
7030101a88a8b5ed16cbbbbecabaed2e66fde797,1649278298,15.2.1,package.json,yarn@1.22.5,package.json
e6f0275878b5cc3bcb9b0df49d292e1dbb8e44fa,1649278484,15.2.1,package.json,yarn@1.22.5,package.json
a3c17d103f3dc244b2f3a85d08648db369c9ab9f,1649280169,15.2.1,package.json,yarn@1.22.5,package.json
1cb7a3f6956a31954cba4e5fb6578ad78ea20742,1649341042,15.2.1,package.json,yarn@1.22.5,package.json
8ec49e607661c754daa3eefbea6c740799669252,1649345726,15.2.1,package.json,yarn@1.22.5,package.json
db08b660cbe0bf3a1c95ccf66a2fb74ff1e8e875,1649354660,15.2.1,package.json,yarn@1.22.5,package.json
0bf9ec63ad379297f1e4effde6c8feb8e3c755bc,1649429103,15.2.1,package.json,yarn@1.22.5,package.json
1400740cca0baadd23b0fb8a1c4ca6d409e43820,1649429203,15.2.1,package.json,yarn@1.22.5,package.json
2c0fa7348a8935e2dabad5d0081b863330526888,1649451880,15.2.1,package.json,yarn@1.22.5,package.json
449658b86f783d76e2c6570879248413cd772164,1649685748,15.2.1,package.json,yarn@1.22.5,package.json
a603849bff1bebcf1f893a4db7b570244ad1bb57,1649708456,15.2.1,package.json,yarn@1.22.5,package.json
854bddc1b7d41ade082867c0bdc1503aeac993dd,1649710454,15.2.1,package.json,yarn@1.22.5,package.json
b9b0959628c82fc6ca8df2c20100ed398eeadee6,1649710749,15.2.1,package.json,yarn@1.22.5,package.json
a4bb0e467f3ea417644049d3db35e8debf6bd2be,1649710749,15.2.1,package.json,yarn@1.22.5,package.json
a1217b8062e0c07baa6fbc9599453b34940388ce,1649722035,15.2.1,package.json,yarn@1.22.5,package.json
2f225cf583706d2052b694c87954b939c2d9f5d6,1649778897,15.2.1,package.json,yarn@1.22.5,package.json
f8782baa28c23ed97a6b3534742e5d67c9f0d308,1649781945,15.2.1,package.json,yarn@1.22.5,package.json
f492d18cf2fe51d7615ecaea65b98b4b068e4780,1649955220,15.2.1,package.json,yarn@1.22.5,package.json
7dab6023dc27fd0d916fdc5545a332d30a8c498e,1649955570,15.2.1,package.json,yarn@1.22.5,package.json
2986acef1f4fbf107faf8b858dba034ba747191b,1650048017,15.2.1,package.json,yarn@1.22.5,package.json
153aab5b35c6de441831ad6290f2433648fe0463,1650488967,15.2.1,package.json,yarn@1.22.5,package.json
2906d2d2e2092e9432094a3b8e60f71f83e8c81e,1650899781,15.2.1,package.json,yarn@1.22.5,package.json
a45d56a43f39e96b07341ad13847595e1ad64a34,1650908020,15.2.1,package.json,yarn@1.22.5,package.json
8e69b1e098e9cd5e14d76f2880d54f3680aca45b,1650915585,15.2.1,package.json,yarn@1.22.5,package.json
4ccaf8f9350351c3a1467e268ca8213f561da289,1650915719,15.2.1,package.json,yarn@1.22.5,package.json
bb9ebaba0712465f612a6208d5bb4173cdeda09a,1650978917,15.2.1,package.json,yarn@1.22.5,package.json
7e10e82c22e6f536f7c523c0443a2c3d51b4c377,1650981677,15.2.1,package.json,yarn@1.22.5,package.json
4a3374e34a07658e33718be0c0d362397a7237f1,1650988587,15.2.1,package.json,yarn@1.22.5,package.json
3bfe95086e06c3793715b1337e99f322d515cd48,1651007654,15.2.1,package.json,yarn@1.22.5,package.json
1f99f7b2854bf1ed419cea139783bd67c4751e2a,1651069513,15.2.1,package.json,yarn@1.22.5,package.json
c5d6cc4e4a5d9d0d020792ce94c6753c8ce20383,1651075279,15.2.1,package.json,yarn@1.22.5,package.json
939c1ceb024d2c321d5929d7683ad9c5356224bb,1651501556,15.2.1,package.json,yarn@1.22.5,package.json
a83c7a43601b70bfe601fe687d40fa3c4f295676,1651501556,15.2.1,package.json,yarn@1.22.5,package.json
11fd1a0a1bbea1e4b74520e30f93946375b60d8a,1651515906,15.2.1,package.json,yarn@1.22.5,package.json
a6371e6a938043ec448612576f883bf453a71bd5,1651527513,15.2.1,package.json,yarn@1.22.5,package.json
b85c44386ac8714fb786f0fab82f72bc3b756ca6,1651700844,15.2.1,package.json,yarn@1.22.5,package.json
0e5245cb0d7200331bb3d931d8fa2077aaf92f4f,1651701102,15.2.1,package.json,yarn@1.22.5,package.json
07f0345b5adb790c131bb36ddcd5823b7b81240d,1651759555,15.2.1,package.json,yarn@1.22.5,package.json
afdad416831c7c12dae083c824ab4a46f8b54fe0,1651759689,15.2.1,package.json,yarn@1.22.5,package.json
8756377cbd18ebfc234eb3ff29b00645ac544795,1651760216,15.2.1,package.json,yarn@1.22.5,package.json
5137a7b8ef2fcdf1438d4397412b79baab9c8d8b,1651777626,15.2.1,package.json,yarn@1.22.5,package.json
035ff682e664bff4fffe57ef7a36c9b899235530,1651779468,15.2.1,package.json,yarn@1.22.5,package.json
b660f4c092de0018054a7462a6e6ffe73d822364,1651781367,15.2.1,package.json,yarn@1.22.5,package.json
f5e21a8ac68cbb4a7b2dfccf3c38d1faff1e000e,1651783430,15.2.1,package.json,yarn@1.22.5,package.json
8cd24c1d935b41e5192d657f4ad3647cd34d074a,1651848045,15.2.1,package.json,yarn@1.22.5,package.json
73a334a7ad083ebadf268593f108ffdd8f7e5c0d,1651848178,15.2.1,package.json,yarn@1.22.5,package.json
89f991bdf3122ba58ba6b23a8b1dc20962cf9e45,1652121977,15.2.1,package.json,yarn@1.22.5,package.json
079f52c6dfa6263b8e1b310ab38949dca4ba4cc7,1652122116,15.2.1,package.json,yarn@1.22.5,package.json
4278832a04adad64e451a523864406af5246cb7f,1652129087,15.2.1,package.json,yarn@1.22.5,package.json
0298a9ac30fbd755755e59eff8ff8739fe029ae5,1652129217,15.2.1,package.json,yarn@1.22.5,package.json
4c73825789d2e8331a7c9d1ae094ff202a21ec7a,1652204504,15.2.1,package.json,yarn@1.22.5,package.json
c6cfa1ba2283ec1358407f12f2f1149d2db41c0c,1652204578,15.2.1,package.json,yarn@1.22.5,package.json
907218b633351c34e956ef1f8365413f498ef677,1652287238,15.2.1,package.json,yarn@1.22.5,package.json
fbcf95dba504d7f479e0d7468b4e847328236667,1652370821,15.2.1,package.json,yarn@1.22.5,package.json
bacad978a341a2a0e5051b5cc3894be16a37d310,1652390863,15.2.1,package.json,yarn@1.22.5,package.json
ace5cc874b760957643c949c658899b7546aa744,1652474780,15.2.1,package.json,yarn@1.22.5,package.json
2152cda3f210ab6b9edfc829f6bc07e791e2c070,1652475142,15.2.1,package.json,yarn@1.22.5,package.json
bbc1c64c908d19da401e8c22b633469c7460b512,1652716387,15.2.1,package.json,yarn@1.22.5,package.json
7fed092e5dbef19f1062749a61bd94ffa24dd668,1652888858,15.2.1,package.json,yarn@1.22.5,package.json
be4491b07e9c3a4e78d4181354201331b9b97467,1652974452,15.2.1,package.json,yarn@1.22.5,package.json
91e92460503816f2e096fe31bc7653b30af74910,1652981099,15.2.1,package.json,yarn@1.22.5,package.json
fc7e489d9741a67db8923f463fd8a9dddf53f0d2,1652985694,15.2.1,package.json,yarn@1.22.5,package.json
60f118c35be81c815a610fda3fee8f96a10bbb82,1652989278,15.2.1,package.json,yarn@1.22.5,package.json
6de1e0c766951e58ca467c7ce21437327caed951,1652989315,15.2.1,package.json,yarn@1.22.5,package.json
127661bc130ef2369545cd725f785a4c5342b2dd,1652989503,15.2.1,package.json,yarn@1.22.5,package.json
28d1e4e5eb27142dc6d3f87cd0d0270b176bd7e2,1652989822,15.2.1,package.json,yarn@1.22.5,package.json
b3e13a809d125de1322e1f6c436d1085d08a07bb,1653057215,15.2.1,package.json,yarn@1.22.5,package.json
eea32dd907cf03dcf2ea3b3a764cc2c8f0ace584,1653060454,15.2.1,package.json,yarn@1.22.5,package.json
8179b79be2cba30c51b9d8bbb231b0ef74bad406,1653065486,15.2.1,package.json,yarn@1.22.5,package.json
7acb4e6750a4f7ff45eae6dc817a0c083f5063ac,1653068756,15.2.1,package.json,yarn@1.22.5,package.json
81166beb57feb13c21f1e797fd66abff31bf17d9,1653068906,15.2.1,package.json,yarn@1.22.5,package.json
ec3843bfe80bd07e0c335d229b1ef748f02bba65,1653068906,15.2.1,package.json,yarn@1.22.5,package.json
992e696508e1367a8e0fa8835d36d5611de12a86,1653069950,15.2.1,package.json,yarn@1.22.5,package.json
86ec3f3e05ac01c5e52da6febc23f58cf674cd52,1653072599,15.2.1,package.json,yarn@1.22.5,package.json
ad87a472069d17aa68e76881a5581f75b329be1a,1653292583,15.2.1,package.json,yarn@1.22.5,package.json
3fa3ad1a277263bfbba393d976cee5c426145ff2,1653304032,15.2.1,package.json,yarn@1.22.5,package.json
46f5fd5b520a9cc6a684d2c40d05b4f381b86b22,1653316930,15.2.1,package.json,yarn@1.22.5,package.json
d2440fbee757dbb1e8d5b5c27f2ae5785961baf8,1653400746,15.2.1,package.json,yarn@1.22.5,package.json
0d9876d524f147e9efb3219049707d2ce9ff38e3,1653405359,15.2.1,package.json,yarn@1.22.5,package.json
2169f4138f2e5049d5f0f8c83f49054436e39ff9,1653412938,15.2.1,package.json,yarn@1.22.5,package.json
198e25adbc268d4e9a345b5b4338f7c08418e815,1653414898,15.2.1,package.json,yarn@1.22.5,package.json
7cfea386eb410a03acbc6c03bcad4af2f5da586f,1653415034,15.2.1,package.json,yarn@1.22.5,package.json
46fd93d3283d5ce7401bbefd58b609085f0e3a94,1653463275,15.2.1,package.json,yarn@1.22.5,package.json
3fd26d4edf5475b876aeac5fd8a28bdba9b0ae62,1653463275,15.2.1,package.json,yarn@1.22.5,package.json
23686ea876eefb4d15fd8e63e27afe98638d324e,1653463275,15.2.1,package.json,yarn@1.22.5,package.json
7f285d13060fdc2edc0377025134d7809ae69ad7,1653463275,15.2.1,package.json,yarn@1.22.5,package.json
210c8918b738c753ceae5981899ea78cf134e0a1,1653463275,15.2.1,package.json,yarn@1.22.5,package.json
8dded34e6f9790cd805e8d1d501e3f00033c890c,1653463275,15.2.1,package.json,yarn@1.22.5,package.json
5bf7e3f9af499ffac0d5ef9c274287f62e0a7368,1653463275,15.2.1,package.json,yarn@1.22.5,package.json
d0f38e4f73c56b09e63ca106d5ea6916423f5d40,1653463275,15.2.1,package.json,yarn@1.22.5,package.json
4ef949072158757634b35699dd29933e2f00a77e,1653463275,15.2.1,package.json,yarn@1.22.5,package.json
fd1d5e8113178392a1494fa7a9c558edbd93d293,1653463275,15.2.1,package.json,yarn@1.22.5,package.json
4444972d89ad37784e993b3b930fa1cbed6cb8b3,1653463275,15.2.1,package.json,yarn@1.22.5,package.json
9bb5bc1aab84731d7c9405d3b47b33bfebcb6802,1653463275,15.2.1,package.json,yarn@1.22.5,package.json
39284a8a7a782879174b0b691ee7f9d0e587a6cd,1653469929,15.2.1,package.json,yarn@1.22.5,package.json
a4aaf9fb9c1a70d9e61b5a44d65db552ea12613b,1653490012,15.2.1,package.json,yarn@1.22.5,package.json
6ccb8cf03955a6923e9091f9ca79a8dede3619f8,1653512826,15.2.1,package.json,yarn@1.22.5,package.json
8f918e05925d53e685a797b43cdbae16d77920f9,1653514721,15.2.1,package.json,yarn@1.22.5,package.json
12ad2d85c59a4ad30909a3e7fb9e99ca2fa97ed7,1653524725,15.2.1,package.json,yarn@1.22.5,package.json
0208a3f0807f09ce4e3abc4544a08505a04bc067,1653524884,15.2.1,package.json,yarn@1.22.5,package.json
b4759e6835eaa75d33aa4a83d1ec32a729608012,1653574212,15.2.1,package.json,yarn@1.22.5,package.json
182812aaa89b071784b28f41760dc96b8b92c285,1653576045,15.2.1,package.json,yarn@1.22.5,package.json
d08fd49b12543ee71c10c15499856b5a6fb8db58,1653592064,15.2.1,package.json,yarn@1.22.5,package.json
ebe638c99db7ea6d3738934acd99afad680563db,1653599743,15.2.1,package.json,yarn@1.22.5,package.json
4de0f07908eef37fa938d7373c2440881701655e,1653662237,15.2.1,package.json,yarn@1.22.5,package.json
76ed6be40f170f517703d4379ec5f03b42f4a719,1653662362,15.2.1,package.json,yarn@1.22.5,package.json
332c393f9d453eabd2820db68d4270615c4d7574,1653679002,15.2.1,package.json,yarn@1.22.5,package.json
7b267d05444b66579ad63e6b3b4a3a0a5fc5a6aa,1653680852,15.2.1,package.json,yarn@1.22.5,package.json
3736455301e6b00748df12ed3ac6143bc0574385,1653915534,15.2.1,package.json,yarn@1.22.5,package.json
9f3c20248ed1fd4ae01844346a264cb39dc4b0c0,1654003238,15.2.1,package.json,yarn@1.22.5,package.json
2004ec63289004efa93cbb4fc58c96f17625799e,1654003719,15.2.1,package.json,yarn@1.22.5,package.json
2b844d763a0eaf258f660062c2af26b9351c1296,1654023594,15.2.1,package.json,yarn@1.22.5,package.json
b39f086f5c8592efe7d0a6bd3c42ba44005fb069,1654023738,15.2.1,package.json,yarn@1.22.5,package.json
6e2b52881e8bd1cb6809fc82a47ce52bf22380c9,1654026592,15.2.1,package.json,yarn@1.22.5,package.json
992cfa216e1434e4bf5a7297ec670394671dde38,1654030395,15.2.1,package.json,yarn@1.22.5,package.json
70dd865ab02851b4c13745f6070cb3b67bf26485,1654112243,15.2.1,package.json,yarn@1.22.5,package.json
aee932bbf9c6feff48db480f783f0d652bee681f,1654196848,15.2.1,package.json,yarn@1.22.5,package.json
5382ab13ae05431d17d37bee78feb85c9d748a2a,1654541756,15.2.1,package.json,yarn@1.22.5,package.json
ac6cb64d0255a6f1a19fd7769e7eb9fd62f8bc0f,1654562898,15.2.1,package.json,yarn@1.22.5,package.json
91e8f0c3cc90e4cc3aa63a3c238d6f4dda25ed4c,1654563021,15.2.1,package.json,yarn@1.22.5,package.json
1ea79f505725bbe67af4ff23c5f0f401bfaa5ae6,1654607254,15.2.1,package.json,yarn@1.22.5,package.json
de475f04ad24761546d6c0fcf6fe0084af50914f,1654622313,15.2.1,package.json,yarn@1.22.5,package.json
57c6d38c8688836226b3c9b9f6973772a580eced,1654697219,15.2.1,package.json,yarn@1.22.5,package.json
28c2e91c675da692f212066807d0843e3d4abd29,1654697220,15.2.1,package.json,yarn@1.22.5,package.json
15ad34549cbacae4ec4612b976575e0eed776d33,1654697220,15.2.1,package.json,yarn@1.22.5,package.json
083c1d32760a303d9dda05c0115b538ee07267f8,1654697220,15.2.1,package.json,yarn@1.22.5,package.json
c80cc2b19bdb9e45c9580b988995875e8ee0791d,1654697220,15.2.1,package.json,yarn@1.22.5,package.json
4751f6dc3d5dff4cbb14e8ccf311b4c5f809eb04,1654697220,15.2.1,package.json,yarn@1.22.5,package.json
f0efb93e23f2a3a17046f849a3c5ca7c3e7d13c9,1654697220,15.2.1,package.json,yarn@1.22.5,package.json
78be2b0efd712855f7b49e08bfbc95c200df5960,1654697220,15.2.1,package.json,yarn@1.22.5,package.json
c836035dc23710730c0b8fb588573ce16d7a20d9,1654697220,15.2.1,package.json,yarn@1.22.5,package.json
82c5fbd7d8e23cb175ef86a41bbbd1a6416d96f6,1654697220,15.2.1,package.json,yarn@1.22.5,package.json
57bb3df220033452eb606acb57d8c1c71322a9c7,1654697220,15.2.1,package.json,yarn@1.22.5,package.json
cbf4ff4a804113b7d9267a488f187d4bbfe9e160,1654697220,15.2.1,package.json,yarn@1.22.5,package.json
287895683d553129769cc6e364161c21c70f6d59,1654697220,15.2.1,package.json,yarn@1.22.5,package.json
3baef0689d4435c1f7a98e9b9d114bd443fd8cd9,1654697220,15.2.1,package.json,yarn@1.22.5,package.json
e57098caf8239fe6a32cf1633d94deb7b0f2c971,1654697220,15.2.1,package.json,yarn@1.22.5,package.json
1fff612168a54ff7da98199fa7552ff0107ea736,1654697220,15.2.1,package.json,yarn@1.22.5,package.json
0a37ad48086436a6f0b6a230e77c5da67944e824,1654697220,15.2.1,package.json,yarn@1.22.5,package.json
22421e66e7a6c2877bfc4100561e51a05d93a392,1654697220,15.2.1,package.json,yarn@1.22.5,package.json
8806dd99caca19f8869f5c6331576af0ecca35ea,1654697220,15.2.1,package.json,yarn@1.22.5,package.json
55c7664feb912cb9df042234ec81aa8556456764,1654697220,15.2.1,package.json,yarn@1.22.5,package.json
14e55869d1ae3bf818852c8278f645a81c4db47d,1654697220,15.2.1,package.json,yarn@1.22.5,package.json
88bc83fa4bcd2e48e10b4318d30a5b84a5547c35,1654697220,15.2.1,package.json,yarn@1.22.5,package.json
1c53428da2daddbfbf5a24d6510df8a7cd412ca1,1654697220,15.2.1,package.json,yarn@1.22.5,package.json
4e57682d96a14fcbadb61693df445f3280beca5d,1654697220,15.2.1,package.json,yarn@1.22.5,package.json
044361c2e628c8ee0b642412814552f7813fd028,1654697220,15.2.1,package.json,yarn@1.22.5,package.json
6b56d8931f247679ad6636e922e7db04102b983c,1654697220,15.2.1,package.json,yarn@1.22.5,package.json
8fa191579a0793c6830b2ba57699ef212b570ea4,1654697220,15.2.1,package.json,yarn@1.22.5,package.json
65bca46122a8017efe6c94ae7055faeebe2e91cc,1654697220,15.2.1,package.json,yarn@1.22.5,package.json
cc702dcaa7ca33f72ad56d7339c3c26a3c7b424e,1654697220,15.2.1,package.json,yarn@1.22.5,package.json
afeba9db126a865d3a0feadf0ba319b41c13dbb3,1654697220,15.2.1,package.json,yarn@1.22.5,package.json
698d3af154d526326eec75f9cbbd5dd9c9400710,1654697220,15.2.1,package.json,yarn@1.22.5,package.json
cf74cec4eecaa18ca799e049f54fb7569704b91c,1654697220,15.2.1,package.json,yarn@1.22.5,package.json
5323f5d1ca4d8e13756bab2a02b8f9f871a6aa51,1654697220,15.2.1,package.json,yarn@1.22.5,package.json
23c9b98d0731e3cd9f045e858717ee9b84985ec9,1654697220,15.2.1,package.json,yarn@1.22.5,package.json
bf69c0be368b7aacd99c001811865e56a745b544,1654697220,15.2.1,package.json,yarn@1.22.5,package.json
66031df2fb1144604230e08789b609e87507061c,1654697220,15.2.1,package.json,yarn@1.22.5,package.json
6f1120548066c4a94feea8d5bdebc7975c4fb4a2,1654697220,15.2.1,package.json,yarn@1.22.5,package.json
c5b3e70d458961f5777e8d106d55ed6fb2dd1d9c,1654697220,15.2.1,package.json,yarn@1.22.5,package.json
264fc2685fe796c8c0530d1713c381d5c8258643,1654697220,15.2.1,package.json,yarn@1.22.5,package.json
c321bea8a72ff99593a35c6cd2983d2525c908a6,1654697220,15.2.1,package.json,yarn@1.22.5,package.json
20dba8a2ddf2e039f15f5e525e278e898355ebdd,1654697220,15.2.1,package.json,yarn@1.22.5,package.json
1a092943eb6bc2b8b1cbd66c103e706a7c3ba61b,1654697220,15.2.1,package.json,yarn@1.22.5,package.json
b100ef2e822d240125c415fd6e117ba665a318ee,1654697220,15.2.1,package.json,yarn@1.22.5,package.json
8f440ea49887e43496b7267748907963ceb64bc9,1654697221,15.2.1,package.json,yarn@1.22.5,package.json
0462ea5c60ce85a8210a234935db6f3cdb2d3169,1654697221,15.2.1,package.json,yarn@1.22.5,package.json
0752af3a4dd12fb56507cbbc88f6866bcd431960,1654697221,15.2.1,package.json,yarn@1.22.5,package.json
b0b0a8582f86e2fefbb65f9af013b4f1b6e00f3d,1654697221,15.2.1,package.json,yarn@1.22.5,package.json
53c6ff1735fd8bd6d0dea6798bc173708e42a9c2,1654697221,15.2.1,package.json,yarn@1.22.5,package.json
4f0dd0b3db5ec5c9378b54a2b8c6ef2b6be4cf6a,1654697221,15.2.1,package.json,yarn@1.22.5,package.json
719fa92476faae26a6c80f47bd3c2915f7d819ed,1654697221,15.2.1,package.json,yarn@1.22.5,package.json
98fd7bf855cb6f1c4a99e250aae8e062bda4d175,1654697221,15.2.1,package.json,yarn@1.22.5,package.json
349f2d3069a779b7303f4385d74674d82df28b6f,1654697221,15.2.1,package.json,yarn@1.22.5,package.json
ef352908f04559d68d0352e07203becbc5f9d360,1654697221,15.2.1,package.json,yarn@1.22.5,package.json
b0958bd5c9a934bd638100e542239269b5e77245,1654697221,15.2.1,package.json,yarn@1.22.5,package.json
f9df843bdd6d88a6997286c2455192bc223dde40,1654697221,15.2.1,package.json,yarn@1.22.5,package.json
82a1445f990eaeeae3d0daa8d0fa9d14246472a0,1654697221,15.2.1,package.json,yarn@1.22.5,package.json
dc22507a12ed27c1d56a8ccf062051de19115ef0,1654697221,15.2.1,package.json,yarn@1.22.5,package.json
7294609f67c1c995fcfb6eb2ebba1c4b6aa4a3f6,1654697221,15.2.1,package.json,yarn@1.22.5,package.json
72e5c3f3b4fe771b022856c2922f9e400e09138f,1654697221,15.2.1,package.json,yarn@1.22.5,package.json
aba1d53fc6718a2f79420af2fc00fc3e380063d9,1654697221,15.2.1,package.json,yarn@1.22.5,package.json
0fd962f5aa62268e6700923d28554737a0347eb8,1654697221,15.2.1,package.json,yarn@1.22.5,package.json
2189191e13681cb98fd72f5929072100bd22f7e0,1654697221,15.2.1,package.json,yarn@1.22.5,package.json
42683844d833f4499c59b88d5ce8a38be46024bb,1654697221,15.2.1,package.json,yarn@1.22.5,package.json
b53ab02f761b738421ed6a3ac8cc600a001f332a,1654697221,15.2.1,package.json,yarn@1.22.5,package.json
0dc892b3551df491d22a76b92f45f4fc2269f0c9,1654697221,15.2.1,package.json,yarn@1.22.5,package.json
801dcb6482461f2a0b904e3026fb6a270cb635c7,1654697221,15.2.1,package.json,yarn@1.22.5,package.json
2d4bd15a28f5c280dcb90d629c7e3007d958d320,1654697221,15.2.1,package.json,yarn@1.22.5,package.json
698cc990c2ac695fec4bd570a9f7b517203b6889,1654697221,15.2.1,package.json,yarn@1.22.5,package.json
cd7e00bcce749d441fb0b2b99e02a81b7895fe5f,1654697221,15.2.1,package.json,yarn@1.22.5,package.json
741994e57f7e0077ed674c125b04323ca21fdf9b,1654697221,15.2.1,package.json,yarn@1.22.5,package.json
c8e7bff9cddf8f4b81406f5ba80647ed71f69758,1654697221,15.2.1,package.json,yarn@1.22.5,package.json
9871139ee4c5f86a793298fab36d4cf4a9939b3a,1654697221,15.2.1,package.json,yarn@1.22.5,package.json
913a0249785c45592f7baee36e4b36c953ffb0a0,1654697221,15.2.1,package.json,yarn@1.22.5,package.json
70e517ed739f21d43d28eb87579ed9969d15eeb9,1654697221,15.2.1,package.json,yarn@1.22.5,package.json
d399525e7b111cd351be04f12806c3d3c494e2db,1654697221,15.2.1,package.json,yarn@1.22.5,package.json
264d2ba9c66c997b0d1e2829a005f55f141021e0,1654697221,15.2.1,package.json,yarn@1.22.5,package.json
a2b4dc18d7a5dcb154ac18f87774a3c92f25cddd,1654697221,15.2.1,package.json,yarn@1.22.5,package.json
d536f3078dd779d015f040328f56f8ff1c8f128e,1654697221,15.2.1,package.json,yarn@1.22.5,package.json
9829ba2f99550bf0b7c61fa1a04b771cc2150841,1654697221,15.2.1,package.json,yarn@1.22.5,package.json
c3a44612a0c5d404dfebd815039ca603c8698c42,1654697221,15.2.1,package.json,yarn@1.22.5,package.json
3442e2bcda3090effb4f274395ef05e000c46a37,1654697221,15.2.1,package.json,yarn@1.22.5,package.json
b24951e443af20851bdc81379fbf585d0e1087ff,1654697221,15.2.1,package.json,yarn@1.22.5,package.json
7e1b09a86a7021a4456fc84c8c5d908d8cbb403e,1654697221,15.2.1,package.json,yarn@1.22.5,package.json
4d6ccb97592a361769b65107341aa12276ab0710,1654697221,15.2.1,package.json,yarn@1.22.5,package.json
7f2fa59a8dd39a85bc4c793bd4d3ca32e556b6a9,1654697221,15.2.1,package.json,yarn@1.22.5,package.json
d6b1f72fa26c50e544a76d58d580fe5c69a6e7e0,1654697221,15.2.1,package.json,yarn@1.22.5,package.json
945614cec0dbac4c2cc7c237e3070de86e7548c6,1654697221,15.2.1,package.json,yarn@1.22.5,package.json
b6fd1493beaa951e647f5058d9d4ce973a927762,1654697221,15.2.1,package.json,yarn@1.22.5,package.json
f4b5399627bcdeee7001e07ce4a9441b57136315,1654697221,15.2.1,package.json,yarn@1.22.5,package.json
eca930887babf8a65410bfa9b1beae584e718c42,1654697221,15.2.1,package.json,yarn@1.22.5,package.json
c14b833113a48859619ef9a08188867d9fc62feb,1654697221,15.2.1,package.json,yarn@1.22.5,package.json
9ca6df9c3616c8d19a7c9240467eff50d1a50afc,1654697221,15.2.1,package.json,yarn@1.22.5,package.json
b8da9c433d6247be940a9ed467d9bfbff7c52109,1654697221,15.2.1,package.json,yarn@1.22.5,package.json
8eb10692086ba97f6e4d2f5295e270f93a5fe76e,1654697221,15.2.1,package.json,yarn@1.22.5,package.json
7e7916066f1e210f0aabefb8115211a54557b0fc,1654697222,15.2.1,package.json,yarn@1.22.5,package.json
24a8ef7a4dccafa6a4ebe3ff03b818b54d5c6ea8,1654697222,15.2.1,package.json,yarn@1.22.5,package.json
f6066f56c19abbaf0a5daac4d1d93a6c8580ddd4,1654697222,15.2.1,package.json,yarn@1.22.5,package.json
69d7f72d8ae914ad548c0b97a3a2b6797724f380,1654697222,15.2.1,package.json,yarn@1.22.5,package.json
091f8f17fdac7cd48279e2be5fdfe588fa41af0f,1654697222,15.2.1,package.json,yarn@1.22.5,package.json
ec8c5ea9407432caa0f3f8431a8a8b56061895fb,1654697222,15.2.1,package.json,yarn@1.22.5,package.json
e5f52ff81d2c371d07a95bb7f466a21829122025,1654697222,15.2.1,package.json,yarn@1.22.5,package.json
9423929f2376e55e51114b9377aaf602d351c6e0,1654697222,15.2.1,package.json,yarn@1.22.5,package.json
3324362346d21fff44412dff930157a596b4e436,1654697222,15.2.1,package.json,yarn@1.22.5,package.json
7b97d8af1a5f37af772311f123dd7e3339ebd629,1654697222,15.2.1,package.json,yarn@1.22.5,package.json
098545672fd9c59b69458ef277fbab1749f0304e,1654697222,15.2.1,package.json,yarn@1.22.5,package.json
f8ebd7cf6aa23632b0c60d18bf1742ce25183bba,1654697222,15.2.1,package.json,yarn@1.22.5,package.json
de01a24f611dbb65c675027641824e62be7debbd,1654697222,15.2.1,package.json,yarn@1.22.5,package.json
00a44b610cbdb44855429191d262add554cc147b,1654697222,15.2.1,package.json,yarn@1.22.5,package.json
f35dafe39980a721082c733548dd5f40ee928c15,1654697222,15.2.1,package.json,yarn@1.22.5,package.json
20b619ee5b77de0f4d219494855297b9e1db8aaf,1654697222,15.2.1,package.json,yarn@1.22.5,package.json
4162c1dc0486c4475875bc5502f272e827d48e52,1654697222,15.2.1,package.json,yarn@1.22.5,package.json
53229ee996d3a866f95346c11cc46b19aaf47a6a,1654697222,15.2.1,package.json,yarn@1.22.5,package.json
b7b1ba4b8e0f0d0132832ec9e8e4b1ac8580a5c4,1654697222,15.2.1,package.json,yarn@1.22.5,package.json
9f26cb157bd75377b78157bb1001fc3a5f0bd4f2,1654697222,15.2.1,package.json,yarn@1.22.5,package.json
49b267936dfcf5e6c2ac24636cd059c2a1e496f9,1654697222,15.2.1,package.json,yarn@1.22.5,package.json
47cf2ee46375437afa3e3bc22cf2ef81d2bbe14b,1654697222,15.2.1,package.json,yarn@1.22.5,package.json
401a807a92f962542d51850354c8a69efaceb189,1654697222,15.2.1,package.json,yarn@1.22.5,package.json
250230aa1bc40a17b8b6df811b2a38b4f9f4660c,1654697222,15.2.1,package.json,yarn@1.22.5,package.json
2842b621d66050ee4a89f68558d69ba955bbbbfa,1654697222,15.2.1,package.json,yarn@1.22.5,package.json
0457158a9d93740f0b70d770d29883d4bc9d9ae0,1654697222,15.2.1,package.json,yarn@1.22.5,package.json
10273b0aeba0283a59f512c4bc10a255e6d8ac15,1654697222,15.2.1,package.json,yarn@1.22.5,package.json
01dd47249030e6697e613c2c49e909f7a81a7d65,1654697222,15.2.1,package.json,yarn@1.22.5,package.json
386cf461665ef72e0b1a50fca46ed6322b8ed75c,1654697222,15.2.1,package.json,yarn@1.22.5,package.json
9643cb131511ec121d3b1727be0e81a82a783b16,1654697222,15.2.1,package.json,yarn@1.22.5,package.json
974b3085628c4566e4f1b20177df5b70d9355193,1654697222,15.2.1,package.json,yarn@1.22.5,package.json
67de80b575c5fde1e5eb23cebcc721bbfd46124b,1654697222,15.2.1,package.json,yarn@1.22.5,package.json
1b04ffd700968238023bab43f8bd42c66c749e1d,1654697222,15.2.1,package.json,yarn@1.22.5,package.json
8e70340c289eb58effb7fb6935b5e1ace466aec4,1654697222,15.2.1,package.json,yarn@1.22.5,package.json
7cc2c38d824035e021453015361baff86f91ac44,1654697222,15.2.1,package.json,yarn@1.22.5,package.json
8adc5d5beff7fcfccf811e1f2cce1e37c015fecd,1654697222,15.2.1,package.json,yarn@1.22.5,package.json
1abea167d7b1e2f932cd12bd6af1b2528e846ddc,1654697222,15.2.1,package.json,yarn@1.22.5,package.json
98a2bb8f80eea8d22090f9ecd46f300413e60811,1654697222,15.2.1,package.json,yarn@1.22.5,package.json
f7aa9f9c6edc2f76b8fe82e5d17b1359cea0fc73,1654697222,15.2.1,package.json,yarn@1.22.5,package.json
af863cd634773eb0867ed8d65e9c6b6ab0a851d3,1654697222,15.2.1,package.json,yarn@1.22.5,package.json
c47e3ab62b994efea5315230b38ae9a04fd96d58,1654697222,15.2.1,package.json,yarn@1.22.5,package.json
488948cd53c8245448819907ca6f798d5dfb15ac,1654697222,15.2.1,package.json,yarn@1.22.5,package.json
2adaf726b94dedafc599658b88b5453a170b05c7,1654697222,15.2.1,package.json,yarn@1.22.5,package.json
98b3ee5315a58dfb5969167790fdbab7320fae19,1654697222,15.2.1,package.json,yarn@1.22.5,package.json
ba20654764627792812cd195652e34b3bf9afa1d,1654697222,15.2.1,package.json,yarn@1.22.5,package.json
a733515de8402675cf01ba42b029a17df4441616,1654697222,15.2.1,package.json,yarn@1.22.5,package.json
c474d85b049a3130c212fb9213c47d28ced4b7a2,1654697222,15.2.1,package.json,yarn@1.22.5,package.json
ed5f124e9c0c05ff3dceb2c80ca994b55318fe6a,1654697222,15.2.1,package.json,yarn@1.22.5,package.json
e4db07391acfa13d655772b0004a0f15cca3f9a9,1654697222,15.2.1,package.json,yarn@1.22.5,package.json
c7be4d2bd157efe044f831fb56c2e1ae00d1012d,1654697222,15.2.1,package.json,yarn@1.22.5,package.json
ece039f3b273b2be4aee6dce97f73bb313435c1b,1654697222,15.2.1,package.json,yarn@1.22.5,package.json
71023a6bdf6ee8d3fe8a489bb1a0d7f00bd25098,1654697222,15.2.1,package.json,yarn@1.22.5,package.json
3bc4b1ac29566b5801ca1c5573f38891791d101f,1654697222,15.2.1,package.json,yarn@1.22.5,package.json
94a459a4cb364a5dc53b3af427a4406f2418db95,1654697222,15.2.1,package.json,yarn@1.22.5,package.json
ecc05e8f75effff764fe8d83feb9577f14d98cd4,1654697222,15.2.1,package.json,yarn@1.22.5,package.json
1dfff3e30d47a0c087c093668e2e9dc29bed1baa,1654697222,15.2.1,package.json,yarn@1.22.5,package.json
42dd1b0fcb1488f12b9c2f5dc000bc96672a9906,1654697222,15.2.1,package.json,yarn@1.22.5,package.json
d4cdee564b2d2ac7596316498f529c3a1ac1d38a,1654697223,15.2.1,package.json,yarn@1.22.5,package.json
97fc63050298f9339ae381c7fd7164c77a3585b1,1654697223,15.2.1,package.json,yarn@1.22.5,package.json
304bcfd6d1015c52488f111e05e2a42314574f2f,1654697223,15.2.1,package.json,yarn@1.22.5,package.json
9ecf6f5027bffdb66cc557c96790a0a57b2f6064,1654697223,15.2.1,package.json,yarn@1.22.5,package.json
41d4ceded5eac68458ad8d9b7e179565b36f9ab8,1654697223,15.2.1,package.json,yarn@1.22.5,package.json
65423613a59f530a2647988eabbd52ac6e7fe80c,1654697223,15.2.1,package.json,yarn@1.22.5,package.json
7becc94b9a009b59a09df08a87b39bee9063b1bc,1654697223,15.2.1,package.json,yarn@1.22.5,package.json
19547999f2da330244754903af3757b47d8d4405,1654697223,15.2.1,package.json,yarn@1.22.5,package.json
8cb2bc4e31648f57c3a99a1df3cd048aae351a63,1654697223,15.2.1,package.json,yarn@1.22.5,package.json
22bbd1db8b16979d4ba7ea67637057ce5c743d89,1654697223,15.2.1,package.json,yarn@1.22.5,package.json
122796d774124ef8f0da2810c9628ad3a7b4e8a6,1654697223,15.2.1,package.json,yarn@1.22.5,package.json
953194d3455b4f6b54a39d03bb4157f12bcb7ec7,1654697223,15.2.1,package.json,yarn@1.22.5,package.json
88fdb6277c291af2142446a79b51f6aa2186528e,1654697223,15.2.1,package.json,yarn@1.22.5,package.json
d3fb5a925587b936a78805095073869ba60a4513,1654697223,15.2.1,package.json,yarn@1.22.5,package.json
39d7036f35ecb08661e3f4122a17b5464aa13933,1654697223,15.2.1,package.json,yarn@1.22.5,package.json
e3395ea58ff441b1f5d7f0e720e5284faf238157,1654697223,15.2.1,package.json,yarn@1.22.5,package.json
ff6e67c3b9e67cd9a67c2783d1cf4d661c15e842,1654697223,15.2.1,package.json,yarn@1.22.5,package.json
79165b14c59df023e378933201bf9f5ced4ac5d2,1654697223,15.2.1,package.json,yarn@1.22.5,package.json
eac3bb4b658d827d0be4ef2ceb68d5c9f02537e4,1654697223,15.2.1,package.json,yarn@1.22.5,package.json
52862c8e57acaad5e52198acb53ea9eb53d05b34,1654697223,15.2.1,package.json,yarn@1.22.5,package.json
674366ab0fdc8db64f6cb7b67bce24b789841d26,1654697223,15.2.1,package.json,yarn@1.22.5,package.json
fda29a93c8b2beb0b0b721e8709b257ab7d9bde5,1654697223,15.2.1,package.json,yarn@1.22.5,package.json
b52938343b108e117dc8a43dc1bf695d4dcc79b9,1654697223,15.2.1,package.json,yarn@1.22.5,package.json
7ce97910fe6b37c7ed2bfe21d3ffc1ed5df5d225,1654697223,15.2.1,package.json,yarn@1.22.5,package.json
d0e1cccb7748d9a71d656a0adbb538a9f7ed8d76,1654697223,15.2.1,package.json,yarn@1.22.5,package.json
7e366e4dd265ba1f5520d9350b1a9383d5516177,1654697223,15.2.1,package.json,yarn@1.22.5,package.json
1e8059098e6d37622975d9358b1756e793e229d8,1654697223,15.2.1,package.json,yarn@1.22.5,package.json
cd703033915a72c685db81e1ccc7892ebc7fad78,1654697223,15.2.1,package.json,yarn@1.22.5,package.json
b3f436347fe615fb716ae5a994037c1c80f710b9,1654697223,15.2.1,package.json,yarn@1.22.5,package.json
c5f5a38fcadbb628c9d5624d202a7c08d9ecd9ad,1654697223,15.2.1,package.json,yarn@1.22.5,package.json
0ea3367f48a5f5821380942e8ed021bb0ba5274e,1654697223,15.2.1,package.json,yarn@1.22.5,package.json
d63c90010612a97fbeaa21e110306358d4d937bc,1654697223,15.2.1,package.json,yarn@1.22.5,package.json
4d671d7c4356ac1586068dcc567a6ca6b73ebfbd,1654697223,15.2.1,package.json,yarn@1.22.5,package.json
7d1903bacbd4cc2a4925daef6b36d41afae11f9d,1654697223,15.2.1,package.json,yarn@1.22.5,package.json
e8d6e2f042457dee0c1904441fb4ffbeadf9cd8d,1654697223,15.2.1,package.json,yarn@1.22.5,package.json
be06708022baa6922e70cab2be4ae993e72c37a9,1654697223,15.2.1,package.json,yarn@1.22.5,package.json
259b692a34389d39fe09c1393091ceea0655cef6,1654697223,15.2.1,package.json,yarn@1.22.5,package.json
f6599fca6d08a9054b8f2a2660c088d8d34dbbcf,1654697223,15.2.1,package.json,yarn@1.22.5,package.json
4335adf8fe1d10d019d81ddc32f27760a5ee3b03,1654697223,15.2.1,package.json,yarn@1.22.5,package.json
2dc7f41fe32b7b1384371ec5936a28f55273c114,1654697223,15.2.1,package.json,yarn@1.22.5,package.json
ffd20037fa34c3d2ff07149c1f508fceafb03078,1654697223,15.2.1,package.json,yarn@1.22.5,package.json
753b3b09d40f1a4fcf39e162038926766b06216b,1654697223,15.2.1,package.json,yarn@1.22.5,package.json
e43919330d82bb7f6a39d8062398b1ead372791f,1654697224,15.2.1,package.json,yarn@1.22.5,package.json
a0b90da3040f074f3c05892f22acef5553ebcd94,1654697224,15.2.1,package.json,yarn@1.22.5,package.json
68d8a3b2482a47e367eb16bcf111a1d2408fc4ae,1654697224,15.2.1,package.json,yarn@1.22.5,package.json
051077c2b4ccb859b54d3eeeaffc00d6cc192a30,1654697224,15.2.1,package.json,yarn@1.22.5,package.json
fd36d0e93500d0034222125d5b077e5063af49eb,1654697224,15.2.1,package.json,yarn@1.22.5,package.json
10aeb3b5846976eae8a7945630722ff6e37834b1,1654697224,15.2.1,package.json,yarn@1.22.5,package.json
77cc8209417a9aa6a4353da5d8883f7c93c209e5,1654697224,15.2.1,package.json,yarn@1.22.5,package.json
aa476b5f4482f8665c4e4153661ee50c759c77ba,1654697224,15.2.1,package.json,yarn@1.22.5,package.json
a728cdf614ee113e60c3411b2277d05ba5db0bc1,1654697224,15.2.1,package.json,yarn@1.22.5,package.json
d660d6232f7a30cc3817af03e33730563afff028,1654697224,15.2.1,package.json,yarn@1.22.5,package.json
0247b8975d331f94d200d2a8958329f5a3685d5a,1654697224,15.2.1,package.json,yarn@1.22.5,package.json
5968809b08aa1e812b6b157bae150bacc7794e0c,1654697224,15.2.1,package.json,yarn@1.22.5,package.json
d320cb293e9ea56cae483cb0de79081094dfbbab,1654697224,15.2.1,package.json,yarn@1.22.5,package.json
1f7f68778e867e1c50aed4af3e3d0f7de32848de,1654697224,15.2.1,package.json,yarn@1.22.5,package.json
7cabdf497a061cd8f7adc3eb6b8c1c708d422cc4,1654697224,15.2.1,package.json,yarn@1.22.5,package.json
b0a4d2e7e26a8c61a15162a99514de5487e1e963,1654697224,15.2.1,package.json,yarn@1.22.5,package.json
35b9f810a307cf132db134c87442deba4527c509,1654697224,15.2.1,package.json,yarn@1.22.5,package.json
f212d725a28cc094791a76cdd84ab0bda834493e,1654697224,15.2.1,package.json,yarn@1.22.5,package.json
2074b4223e4488d67ce9d232e2401148d31acbee,1654697224,15.2.1,package.json,yarn@1.22.5,package.json
a884e5bcc3cf882e99acc9f049dc364376f35da6,1654697224,15.2.1,package.json,yarn@1.22.5,package.json
e66d1df793b376d095d6a7e280205e4a842d2d9c,1654697224,15.2.1,package.json,yarn@1.22.5,package.json
3a870dbc219141bb80b3804525077f564223d117,1654697224,15.2.1,package.json,yarn@1.22.5,package.json
f27d909022b660bb2867478cf94292b54bf221cd,1654697224,15.2.1,package.json,yarn@1.22.5,package.json
f64fa2c1256d0b1e59178a37954f2f0406c469f9,1654697224,15.2.1,package.json,yarn@1.22.5,package.json
168ddd1c63c042d682fcb017ea89ebb00db82d5d,1654697224,15.2.1,package.json,yarn@1.22.5,package.json
34030e3574cf7552dca3ff7706a73f6d3761a936,1654697224,15.2.1,package.json,yarn@1.22.5,package.json
f1b9d3d25fbb32e40a95c6cafd7e79ab0473833b,1654697224,15.2.1,package.json,yarn@1.22.5,package.json
f45797a0bcaa991c10964f2859c6521ee84b7501,1654697224,15.2.1,package.json,yarn@1.22.5,package.json
c8629245da88bf60bbdb438e520aee19a1cace35,1654697224,15.2.1,package.json,yarn@1.22.5,package.json
57425fedcfd5ddc9afa4eb435af33f1613685a22,1654697224,15.2.1,package.json,yarn@1.22.5,package.json
77e9ff162ce935780f6ecc6820f2c22ba00ea687,1654697224,15.2.1,package.json,yarn@1.22.5,package.json
e4507911f3cdcc615664faa9468a177ac88f4966,1654697224,15.2.1,package.json,yarn@1.22.5,package.json
0b94a17b3865f9b1deecb0898cefd0026d3fbd7f,1654697224,15.2.1,package.json,yarn@1.22.5,package.json
f96226073d168dcd2215d54ddbc4802090228d85,1654697224,15.2.1,package.json,yarn@1.22.5,package.json
601aaffb5ab5bce8fd2e1b5d6c56ff9048a579a5,1654697224,15.2.1,package.json,yarn@1.22.5,package.json
b104c53d4dc7056b848f3a6bdcc01ec5674bcf51,1654697224,15.2.1,package.json,yarn@1.22.5,package.json
50c7b0d1d299e64aeb8c58f3c5d3a95dfd36554e,1654697224,15.2.1,package.json,yarn@1.22.5,package.json
351152edfcda25c2c4c7774565b9b45bf6c2e6cd,1654697224,15.2.1,package.json,yarn@1.22.5,package.json
9f332912c292540abab44075c909648ab4ba5302,1654697224,15.2.1,package.json,yarn@1.22.5,package.json
9db6af3cfc5eea953b97eb7ecb40642dd256bad5,1654697224,15.2.1,package.json,yarn@1.22.5,package.json
5a270d6d316bece1ec9ce8967142a0786c4e0bf9,1654697224,15.2.1,package.json,yarn@1.22.5,package.json
11483686b90069c297f82314c390223ffd75cbdc,1654697224,15.2.1,package.json,yarn@1.22.5,package.json
332bdc089ec00507be774d858df0802dcac453f5,1654697224,15.2.1,package.json,yarn@1.22.5,package.json
72ec0faa68897fbaafec20125af7b1061efb7f3a,1654697225,15.2.1,package.json,yarn@1.22.5,package.json
1cf0ab568d1f487d5f7529aec87eabfbf380f492,1654697225,15.2.1,package.json,yarn@1.22.5,package.json
e7106211623de343f2d6f0473744259a5da568d6,1654697225,15.2.1,package.json,yarn@1.22.5,package.json
8b73b4aba2d6e8856cfd1ee87c7e267697fb37e6,1654697225,15.2.1,package.json,yarn@1.22.5,package.json
1b2d9fb53ef2af68f8750e4aede88ac41a0b18ab,1654697225,15.2.1,package.json,yarn@1.22.5,package.json
3d0dec9f1382ca16468b2ddaa847525c826ce4b2,1654697225,15.2.1,package.json,yarn@1.22.5,package.json
a18ce7fcb3b66b4df04a72bb6d22a82dcc870c72,1654697225,15.2.1,package.json,yarn@1.22.5,package.json
40f91c4edb059e9380c92591b889ce784365eb3a,1654697225,15.2.1,package.json,yarn@1.22.5,package.json
1e8562990a7bd9336f80ccc40fe5430d6ea2e0c1,1654697225,15.2.1,package.json,yarn@1.22.5,package.json
7d068ab26ac3517fa3a2e23ad0f829ed2fcb38a9,1654697225,15.2.1,package.json,yarn@1.22.5,package.json
aff1545657f9a67fef83638ebea20098b15687f5,1654697225,15.2.1,package.json,yarn@1.22.5,package.json
09ea56b96bc73ef1adda9a6cbb53b5a5497ee0ab,1654697225,15.2.1,package.json,yarn@1.22.5,package.json
66c8fe407d636363f29e00b7fad016dc8e2748ec,1654697225,15.2.1,package.json,yarn@1.22.5,package.json
999e593e2c4893b09d45e10d2d27faf0ff9dfff1,1654697225,15.2.1,package.json,yarn@1.22.5,package.json
55559679ad36c3b15488649d9abd6b4eb3cdc933,1654697225,15.2.1,package.json,yarn@1.22.5,package.json
b52afb533f5c1fe7a7429f496a1f3e96cb4014e6,1654697225,15.2.1,package.json,yarn@1.22.5,package.json
55b2dce9326662b0a49eaf7791d7dd0faa308de0,1654697225,15.2.1,package.json,yarn@1.22.5,package.json
fc41beb2d63dc10db6d4ee7f0a3f64fedefe1d34,1654697225,15.2.1,package.json,yarn@1.22.5,package.json
bceabc263fab0d14b786b971277de02e8c64032d,1654697225,15.2.1,package.json,yarn@1.22.5,package.json
ec2204b28da160bde7c3aeee75fffe65ad0a6efd,1654697225,15.2.1,package.json,yarn@1.22.5,package.json
fdaca109313f9d5878f7c8c750e241d5a3c972a9,1654697225,15.2.1,package.json,yarn@1.22.5,package.json
722d34fba5341080fc0a222044eccf39b1355d60,1654697225,15.2.1,package.json,yarn@1.22.5,package.json
f9faa350001a93fac1573846ee63eaa3b7a249d5,1654697225,15.2.1,package.json,yarn@1.22.5,package.json
b0a7443e13dc670ae7c31d88bb7573573b0761d2,1654697225,15.2.1,package.json,yarn@1.22.5,package.json
e923d2d124702ccc97ed9d3d68f1f077702e9df5,1654697225,15.2.1,package.json,yarn@1.22.5,package.json
d4e3b24112db1f964ca4a1251f79b2571153b417,1654697225,15.2.1,package.json,yarn@1.22.5,package.json
ec4368d6f5b1767225db4d1c014373d534f12685,1654697225,15.2.1,package.json,yarn@1.22.5,package.json
5cd666c69c91a0244f50d8bfc60421eb105f47e9,1654697225,15.2.1,package.json,yarn@1.22.5,package.json
b4655c16ee26a2403780662901ec4c9ea32f43e6,1654697225,15.2.1,package.json,yarn@1.22.5,package.json
8caca28cf7a3fca4b380e842cb3f241c57b71c6e,1654697225,15.2.1,package.json,yarn@1.22.5,package.json
d8e44c13e41681109e2df9b1c261f78ea9760238,1654697225,15.2.1,package.json,yarn@1.22.5,package.json
ffba6eb23e00c032bcbf8234732788ba1256d485,1654697225,15.2.1,package.json,yarn@1.22.5,package.json
ec849451f24474854488848a7ecb5290e65e86b6,1654697225,15.2.1,package.json,yarn@1.22.5,package.json
6d526998015925e59ae8433517e8e9d46210a7a9,1654697225,15.2.1,package.json,yarn@1.22.5,package.json
562f042446e6a5e1d79ddb525f460137749e7b2c,1654697225,15.2.1,package.json,yarn@1.22.5,package.json
3bac081c39895604ff2a4d8d1e94a713f86a6703,1654697225,15.2.1,package.json,yarn@1.22.5,package.json
dc4546b510da2417e993a1e8a4451a9940f6e453,1654697225,15.2.1,package.json,yarn@1.22.5,package.json
c5e48765b775ab11d7d31825405efdbad9e7a28b,1654697225,15.2.1,package.json,yarn@1.22.5,package.json
a2a430b63cbd568e665d3658fda579f948c6ee48,1654697225,15.2.1,package.json,yarn@1.22.5,package.json
2145747ed5f4fa5b31fb3fb993e2eb7f4f27c580,1654697225,15.2.1,package.json,yarn@1.22.5,package.json
c197bd204b8600dd4e68c08c5493283f75b8a181,1654697225,15.2.1,package.json,yarn@1.22.5,package.json
f15183093d7e24fc459628ae905d1795be18433d,1654697225,15.2.1,package.json,yarn@1.22.5,package.json
e3d4916e11716f41247dc9f7285761dad699e335,1654697225,15.2.1,package.json,yarn@1.22.5,package.json
dc58d4539df8d3d6ef4aa3ba6e131f59e79b4921,1654697225,15.2.1,package.json,yarn@1.22.5,package.json
f1a7af3e867de59e3449440969ff07caa0183558,1654697225,15.2.1,package.json,yarn@1.22.5,package.json
f9a40efc069e9839f6594e1c3ae490582b2e1d87,1654697226,15.2.1,package.json,yarn@1.22.5,package.json
f60f4774042831209cd45ebe303a619440f673e5,1654697226,15.2.1,package.json,yarn@1.22.5,package.json
930e75682b91ee342730429fbbb3c7e6d0f6f229,1654697226,15.2.1,package.json,yarn@1.22.5,package.json
34d3908d77a964bdbaa0d645217dc11c0a15b82e,1654697226,15.2.1,package.json,yarn@1.22.5,package.json
1f03c67871fb1e573c14ef3583f7c08da5917208,1654697226,15.2.1,package.json,yarn@1.22.5,package.json
6898fba385fcf7e27aaf8bfecf6a5bac400c121d,1654697226,15.2.1,package.json,yarn@1.22.5,package.json
429feac764e664a85c785ff424ceddea6ef4c949,1654697226,15.2.1,package.json,yarn@1.22.5,package.json
794ad227aa4445ad13bb9603b2e43123106748b5,1654697226,15.2.1,package.json,yarn@1.22.5,package.json
185df917af457bead6647c18518dd39ac477bc62,1654697226,15.2.1,package.json,yarn@1.22.5,package.json
f542c03aedfa3f945f1432ef3d852ae450e2733f,1654697226,15.2.1,package.json,yarn@1.22.5,package.json
4d2bc85d891ce596cf3c291ff6fb55a445650b1f,1654697226,15.2.1,package.json,yarn@1.22.5,package.json
36db9379acbd1888c5cfef71306e4e4522388622,1654697226,15.2.1,package.json,yarn@1.22.5,package.json
9c790b1fb56facc0cc27a02abb86ca80d7444d5c,1654697226,15.2.1,package.json,yarn@1.22.5,package.json
ebcbb4000e4c10361923a35ce9838c26a8f82ee9,1654697226,15.2.1,package.json,yarn@1.22.5,package.json
3f5421223e90c3009a0e864b07cff4c4e5c34cb7,1654697226,15.2.1,package.json,yarn@1.22.5,package.json
1685c4d59bf3370414c6d2252b8f3951a2956f02,1654697226,15.2.1,package.json,yarn@1.22.5,package.json
b12431322b6744f5be22a30ef1156095672fe5af,1654697226,15.2.1,package.json,yarn@1.22.5,package.json
d5c1add5f919a868d8b6e2c22713b16550628584,1654697226,15.2.1,package.json,yarn@1.22.5,package.json
9e02b2cfe197ed9b65b2028f2f65c28712429a8c,1654697226,15.2.1,package.json,yarn@1.22.5,package.json
5939691619984c6b06f0503a896bb6bf89731aec,1654697226,15.2.1,package.json,yarn@1.22.5,package.json
7ec178cbc6a58f786a12d2b31f5a672d66945ae1,1654697226,15.2.1,package.json,yarn@1.22.5,package.json
df4037427e93bd46ba1fa6f8f0d9c584a03578f9,1654697226,15.2.1,package.json,yarn@1.22.5,package.json
d7f465656c883496a3d8bcedabfea9936e9da3e3,1654697226,15.2.1,package.json,yarn@1.22.5,package.json
2dcf413b361f699644016b61b408b162c11f06eb,1654697226,15.2.1,package.json,yarn@1.22.5,package.json
500b14baaf34b92690226d6cc0dff07e1608d409,1654697226,15.2.1,package.json,yarn@1.22.5,package.json
bfd3d110f0ad585bb5af331aa28b34b10ce725ad,1654697226,15.2.1,package.json,yarn@1.22.5,package.json
680131f968b62f957f709b9e529ee2c0758cc516,1654697226,15.2.1,package.json,yarn@1.22.5,package.json
70f0c7ec0cea07e469248a88ede4e10281ccfa8d,1654697226,15.2.1,package.json,yarn@1.22.5,package.json
35f7c494ddf7e90489d76153fc3df9315ea1c638,1654697226,15.2.1,package.json,yarn@1.22.5,package.json
8b7cb3c80577b7b7e457e36df9b7a86a320f4c1c,1654697226,15.2.1,package.json,yarn@1.22.5,package.json
8bcce88334624fbf08f367429bbfcadf4fe33c04,1654697226,15.2.1,package.json,yarn@1.22.5,package.json
ed0ca9021d962f90a851515cc25948ef93bfcb54,1654697226,15.2.1,package.json,yarn@1.22.5,package.json
f99c1e8fe804dcb1564df40d09b81754ce5ec96c,1654697226,15.2.1,package.json,yarn@1.22.5,package.json
8ec56e9eed784376556f667fa260dd37d57760a7,1654697226,15.2.1,package.json,yarn@1.22.5,package.json
2bab1c113784d7e022a612b97b928e07816786a9,1654697226,15.2.1,package.json,yarn@1.22.5,package.json
4283142fb8749c61e450ed8cb3da7934b700e71d,1654697226,15.2.1,package.json,yarn@1.22.5,package.json
254b6c60b1b934427bf88a7f59805d1b5126f18a,1654697226,15.2.1,package.json,yarn@1.22.5,package.json
3395dd9ee0c53a906f5d8c4bb8d79e3915ca8092,1654697226,15.2.1,package.json,yarn@1.22.5,package.json
607f836c54f976cb1820512ce0f4d8f5b404bf15,1654697226,15.2.1,package.json,yarn@1.22.5,package.json
310be2f409207c25b9e7ba1d29d7ef794687e20b,1654697226,15.2.1,package.json,yarn@1.22.5,package.json
2026d2e4988559c6aab948284cdf981f21ae64be,1654697226,15.2.1,package.json,yarn@1.22.5,package.json
8d86da01992ca10727c7ef700838cb32f1027360,1654697226,15.2.1,package.json,yarn@1.22.5,package.json
52d829dda34996e6d5e7d3b22ac799306521632a,1654697226,15.2.1,package.json,yarn@1.22.5,package.json
f46ae1cc60b425fed732dc21f8641100255541f0,1654697226,15.2.1,package.json,yarn@1.22.5,package.json
9cbf17985e2f4a9ef9a4d4827c5ca7d4b7961dc1,1654697227,15.2.1,package.json,yarn@1.22.5,package.json
ab9b7b728cca83ed519af518eaad4ae3bf985689,1654697227,15.2.1,package.json,yarn@1.22.5,package.json
0f5d16161a6361e52aa2a375323e4ca4243e0def,1654697227,15.2.1,package.json,yarn@1.22.5,package.json
6ea9c51d36baa45976f163f1a6382a1b55f6115b,1654697227,15.2.1,package.json,yarn@1.22.5,package.json
08899cdd6cd33752daeba3f8359a84f1a009ef4b,1654697227,15.2.1,package.json,yarn@1.22.5,package.json
57160a3225da9d717faed596251f5afd4db88cff,1654697227,15.2.1,package.json,yarn@1.22.5,package.json
049e44021202d2376d3d9d0ab4d0403e2c3653be,1654697227,15.2.1,package.json,yarn@1.22.5,package.json
d6b37bd309e78843cd2176ecfe6e08053b670a79,1654697227,15.2.1,package.json,yarn@1.22.5,package.json
84a210f165cbfbfb3c73bedf2077395bd7a2ccdf,1654697227,15.2.1,package.json,yarn@1.22.5,package.json
8e3602ffc8e0de9e92f29ccbc0ea0c5999f03f98,1654697227,15.2.1,package.json,yarn@1.22.5,package.json
31b99d5f568f18325ce12a6ecc76abeed1361b43,1654697227,15.2.1,package.json,yarn@1.22.5,package.json
ace4425fa9c99338fbad6a8dfd63384adda0ce7a,1654697227,15.2.1,package.json,yarn@1.22.5,package.json
481867a368db6f7e5565b684e62d7c72a54068bb,1654697227,15.2.1,package.json,yarn@1.22.5,package.json
855c6159f24e3ff5d6e7cde5dd421825982cd353,1654697227,15.2.1,package.json,yarn@1.22.5,package.json
dbb248fa2b19d1629f059ae9a46453310de46226,1654697227,15.2.1,package.json,yarn@1.22.5,package.json
7578f43b14989fd332c2b9038afb3512c722c4d7,1654697281,15.2.1,package.json,yarn@1.22.5,package.json
dd231de0c83250af45bf5c988fd3f2e6a7e5331a,1654697284,15.2.1,package.json,yarn@1.22.5,package.json
6cb3ddf0bec758932a4ae9484ca63a8087293a8e,1654697284,15.2.1,package.json,yarn@1.22.5,package.json
2d9f920f687bfe57f830ba3d4d6180c620efc91d,1654700633,15.2.1,package.json,yarn@1.22.5,package.json
acc9cbdbb6f3c83f854679e84c03555be10769d3,1654700789,15.2.1,package.json,yarn@1.22.5,package.json
425aac5400cf2d3e22c0c30d4371257288d40280,1654701750,15.2.1,package.json,yarn@1.22.5,package.json
6054e63cd13d196b47691ab1dc52afc1cac0c2f6,1654707389,15.2.1,package.json,yarn@1.22.5,package.json
2f3b3299d71e975b2aa852adac72f09ba7c5311a,1654751743,15.2.1,package.json,yarn@1.22.5,package.json
bef70055c1b5a821174b1efbd6c044bf35f0794c,1654800079,15.2.1,package.json,yarn@1.22.5,package.json
98728ff940c6de158cdcf53d809e1505604d3167,1654805891,15.2.1,package.json,yarn@1.22.5,package.json
e40d9a461054a4918520134e642cebab94bcab28,1654868562,15.2.1,package.json,yarn@1.22.5,package.json
893f06eec2cc36f8daac80090bd5cda101f55b4a,1654876181,15.2.1,package.json,yarn@1.22.5,package.json
185af147ae7d89328c07bc15645de867400c618d,1654876181,15.2.1,package.json,yarn@1.22.5,package.json
18e77b1875d45ad03cc1ad59f32b89ae3f29c4f8,1654879819,15.2.1,package.json,yarn@1.22.5,package.json
671205e2d218d4721902935ee7cd9a7244bf1573,1654884179,15.2.1,package.json,yarn@1.22.5,package.json
12c0d3436d2b605a5410f0acad7d74f7e45f112a,1654884395,15.2.1,package.json,yarn@1.22.5,package.json
9fdb9155744a9d07e81da67c185ce42fe9acf854,1654888407,15.2.1,package.json,yarn@1.22.5,package.json
73ec1aa69a6c587bf670dde404c141a4550482a9,1654889985,15.2.1,package.json,yarn@1.22.5,package.json
9870764526127c47b7cf6680e84b12faa4ed5a5f,1654890102,15.2.1,package.json,yarn@1.22.5,package.json
266b700e72a0e705ff051b7bd8880ff42a917949,1654895714,15.2.1,package.json,yarn@1.22.5,package.json
4b0ff731253c639d14035c426ebcbf949e63cde9,1655133876,15.2.1,package.json,yarn@1.22.5,package.json
e2308badbcdc6665b3f164a16f537f8a28d076d8,1655135244,15.2.1,package.json,yarn@1.22.5,package.json
0a07aaecaf0b35eb9953f02f40f2e094fedc493b,1655142099,15.2.1,package.json,yarn@1.22.5,package.json
8ec93d63e6bba28fbd07ce132e6edde882c9e87e,1655217112,15.2.1,package.json,yarn@1.22.5,package.json
f0677d60e998324235cfe1b821e1f2fc2c416867,1655233981,15.2.1,package.json,yarn@1.22.5,package.json
09f1b0830572886872cdd176cadce00608f7e9b0,1655234112,15.2.1,package.json,yarn@1.22.5,package.json
e324136e87a4f17acfb8b5dc4f8b4a8ee48b87e8,1655241556,15.2.1,package.json,yarn@1.22.5,package.json
7e95cf5d1893a3e217d633e56f5f646e1b790f4a,1655241679,15.2.1,package.json,yarn@1.22.5,package.json
0ee325f413ee1f0d7f35d6de87bc03e985699fda,1655305834,15.2.1,package.json,yarn@1.22.5,package.json
20f96c6d7b02e70ae11bda7c29b151644ae27382,1655316418,15.2.1,package.json,yarn@1.22.5,package.json
9849db8dda5ef7cb4c0b8a46aa362c4d61417289,1655320988,15.2.1,package.json,yarn@1.22.5,package.json
83cdaba7dda6714cfc6c907a97814a0adf9bdf72,1655323036,15.2.1,package.json,yarn@1.22.5,package.json
7c6819c6705e1a3d2eae56b40d951bfe17390e13,1655328292,15.2.1,package.json,yarn@1.22.5,package.json
0c1048f6fed131f36377c4c979ff39bce16a74af,1655369439,15.2.1,package.json,yarn@1.22.5,package.json
5c956c6267504b723c64ff52ad16c9b42f843827,1655378713,15.2.1,package.json,yarn@1.22.5,package.json
b3aeaf6022bd65c4abb4d5d216ac59520645c165,1655396288,15.2.1,package.json,yarn@1.22.5,package.json
c5146cf9e2e45b1fb3d8dba7730d66dc0d7d4d04,1655404607,15.2.1,package.json,yarn@1.22.5,package.json
6f77ef8a711b6a5e6cb6ba29255ccc29f7dbae1d,1655404751,15.2.1,package.json,yarn@1.22.5,package.json
8320e3897fefb67a64e0ff3846a038bce8ef04fe,1655821249,15.2.1,package.json,yarn@1.22.5,package.json
d02363a05cea0e49fc54af55d764a47454cc7447,1655821821,15.2.1,package.json,yarn@1.22.5,package.json
ec405e2b814696e75f910e174e695f9f23d937fd,1655822017,15.2.1,package.json,yarn@1.22.5,package.json
4adb61e1174d43c2ba1d04d7d37567c68456d371,1655932925,15.2.1,package.json,yarn@1.22.5,package.json
b4145dc3cfedd4224b281fb9e95730832b192856,1656315492,15.2.1,package.json,yarn@1.22.5,package.json
498eba2c5e504d1ff8dd6359f5330614c3a72980,1656315492,15.2.1,package.json,yarn@1.22.5,package.json
f0cf92e7cf08f9c8a72a2696430b3f1914aaafd0,1656315492,15.2.1,package.json,yarn@1.22.5,package.json
aebc9a64b23c85b5bcf2f02059a21e62405c9cf0,1656323692,15.2.1,package.json,yarn@1.22.5,package.json
75e5f1e2a5f515374daaf8ebff9820b01cb57d94,1656335878,15.2.1,package.json,yarn@1.22.5,package.json
b41000d9ea9a207ba9ed282a32413909fa94e252,1656340570,15.2.1,package.json,yarn@1.22.5,package.json
f4d4f999c480f95b907d4c37947f421f16edb4f5,1656340701,15.2.1,package.json,yarn@1.22.5,package.json
c51fdb25fd1fd3f9fc30170d68c1f0a5414c7edf,1656343390,15.2.1,package.json,yarn@1.22.5,package.json
d935476c9f5ba9ff4fa49c27db184b19de428d43,1656353509,15.2.1,package.json,yarn@1.22.5,package.json
ab3a65bf96fdfafb3879865f0bfca2db146d86ff,1656503684,15.2.1,package.json,yarn@1.22.5,package.json
de2bac6fccb977675e487ec99cb023f7fe7220ce,1656522658,15.2.1,package.json,yarn@1.22.5,package.json
24f5a433187a2bae597cbe57bad34ecc3fef5ce9,1656525027,15.2.1,package.json,yarn@1.22.5,package.json
5fde2d5ac9a75a0106092dd60d6ac3c6d6402d02,1656539290,15.2.1,package.json,yarn@1.22.5,package.json
de546abc430ccdb797533a78550f3b758c26263c,1656562142,15.2.1,package.json,yarn@1.22.5,package.json
0925ea2f724f015e007a8e85c71b288ea9da6b22,1656694267,15.2.1,package.json,yarn@1.22.5,package.json
11e09c2820fc7786273476124951064a98d02b68,1657037337,15.2.1,package.json,yarn@1.22.5,package.json
585d6b9183a0e7ed5676015c3300097a7337291c,1657044181,15.2.1,package.json,yarn@1.22.5,package.json
5213086d941d389e8eee998a04f9b14b4ab37357,1657050411,15.2.1,package.json,yarn@1.22.5,package.json
326ba0d673ff72e3c649a5e8d4ac7462b38035a5,1657128789,15.2.1,package.json,yarn@1.22.5,package.json
18b1c69d78d4fede3807e0036404afc0889721d2,1657132831,15.2.1,package.json,yarn@1.22.5,package.json
5bf716ebf3944fde14711a7e16cff574633febbd,1657132965,15.2.1,package.json,yarn@1.22.5,package.json
c2973314f1eb11934f7ece4f134b4cd2dd4bef30,1657344495,15.2.1,package.json,yarn@1.22.5,package.json
bb72defa3804d80b198760480b9e82b619a6f17e,1657549743,15.2.1,package.json,yarn@1.22.5,package.json
d0161b949ac0bc5aeb8e52a00e4f02e07acc6064,1657650529,15.2.1,package.json,yarn@1.22.5,package.json
e59b6374c3162d0e7e6974c88139cb81e87859c4,1657652946,15.2.1,package.json,yarn@1.22.5,package.json
3b77ac8959c6b72ed54efa15be8f8b2735dc0d26,1657670188,15.2.1,package.json,yarn@1.22.5,package.json
96385c2783a6ed1a00fe73dd474f3a4c99d8b412,1657910392,15.2.1,package.json,yarn@1.22.5,package.json
0e0364e594e1e5e88b4c172d185297fd724acd80,1658169745,15.2.1,package.json,yarn@1.22.5,package.json
b794f3cc24534bb0770606098d7dd53af11e2b93,1658169891,15.2.1,package.json,yarn@1.22.5,package.json
86767447a30d11be6503531fe9ea9ba707322030,1658331633,15.2.1,package.json,yarn@1.22.5,package.json
377fdae5bc22928168ec15e3694717251ee3497c,1658432868,15.2.1,package.json,yarn@1.22.5,package.json
c562b25a0969ceeb017daa70d5a329b01b12dc16,1658515130,15.2.1,package.json,yarn@1.22.5,package.json
76c0b4cd6ec55ac6df771aa6c37e183d284fcfdd,1658864455,15.2.1,package.json,yarn@1.22.5,package.json
0b8658cc8a62517afee778ad56f435a4a29ae9b6,1658869210,15.2.1,package.json,yarn@1.22.5,package.json
86ce5fecdf8456853d57e92d0014acdf7bce6336,1658945758,15.2.1,package.json,yarn@1.22.5,package.json
9f649d1c3ce8f26c29dafa767edac7c8cb531f5f,1658946180,15.2.1,package.json,yarn@1.22.5,package.json
d1f708d58579569d2accf2f50ad4a1173d0ee1ad,1658946221,15.2.1,package.json,yarn@1.22.5,package.json
997424e36011f52ce819786035419b760f8f0dcb,1659026325,15.2.1,package.json,yarn@1.22.5,package.json
e06ce7f95e8c23edee803ef8ed6f7adaccb6b469,1659033803,15.2.1,package.json,yarn@1.22.5,package.json
bfc9bcaee4f6bbbddae73536b34002ada053e5fd,1659116818,15.2.1,package.json,yarn@1.22.5,package.json
f9d2c90a8c1301df83b4e51e3847ed10690fee7a,1659117949,15.2.1,package.json,yarn@1.22.5,package.json
2655e1a777dc403295d5e8e17f90b49123f9ce0c,1659456484,15.2.1,package.json,yarn@1.22.5,package.json
1d368e6e4b3963f8b93a5051aebe1724a2071d36,1659623163,15.2.1,package.json,yarn@1.22.5,package.json
573571778905d956e35102c58f3acc4779f01486,1659977125,15.2.1,package.json,yarn@1.22.5,package.json
92991564bf8bfebcdaabef2800d10786aafe1e9d,1660055776,15.2.1,package.json,yarn@1.22.5,package.json
d2f3731b761ccbefed80afc50b4f7f3258c04b9d,1660229554,15.2.1,package.json,yarn@1.22.5,package.json
19c5a7755f380686b2dd445ef0c1869cc09fc2f0,1660229554,15.2.1,package.json,yarn@1.22.5,package.json
5259c66f74319849584a5b798fb17c194a28f9bd,1660229554,15.2.1,package.json,yarn@1.22.5,package.json
d063fd6da128aac636288dca51301f3f0fc68c43,1660229554,15.2.1,package.json,yarn@1.22.5,package.json
1a4ddfaee813176b44956f64192afc6dc06a9a52,1660229554,15.2.1,package.json,yarn@1.22.5,package.json
1e8a0739c8e3217c6a428b14626331d95ebe82e4,1660229554,15.2.1,package.json,yarn@1.22.5,package.json
a2eb0faa2d98f85afb73922af001627e548459f4,1660229554,15.2.1,package.json,yarn@1.22.5,package.json
1df5d30a1920ab5a8221ef36cc2817176fc4748e,1660229554,15.2.1,package.json,yarn@1.22.5,package.json
000c7ec3e1934b414b2d564f9130f5868f92b8fe,1660229555,15.2.1,package.json,yarn@1.22.5,package.json
9f9f3ac4262d8a92e9d88a7f21f4a1695b8bf000,1660229555,15.2.1,package.json,yarn@1.22.5,package.json
38677b75c1a9646d9ee0ba1de7219f9457ea007f,1660229555,15.2.1,package.json,yarn@1.22.5,package.json
70dea02e65455343d31050a9915e9eed7b2279d3,1660229555,15.2.1,package.json,yarn@1.22.5,package.json
29c985c57ccd31c88da299367ca43a55f6d3369f,1660229555,15.2.1,package.json,yarn@1.22.5,package.json
d6522f794cff088ee4ced185e49214179647b2f8,1660229555,15.2.1,package.json,yarn@1.22.5,package.json
36bd7808affa2c566c91b2709d51d0121a7d452d,1660229555,15.2.1,package.json,yarn@1.22.5,package.json
e07619978833e091e26ff2ec186b3ac891b5110d,1660229555,15.2.1,package.json,yarn@1.22.5,package.json
be0a2f0fa80ea1a11b55050f5108e4cecbd2a230,1660229555,15.2.1,package.json,yarn@1.22.5,package.json
2d5a6f7ec72c2c1aa7c4c1fc6b649ac1cd211000,1660229555,15.2.1,package.json,yarn@1.22.5,package.json
eb4668eca8c3272852dd8dc1a790a56dd41500ec,1660229555,15.2.1,package.json,yarn@1.22.5,package.json
d0ce0a0ad1ea191c128d05e6e3a81df0a7da962a,1660229555,15.2.1,package.json,yarn@1.22.5,package.json
c6e543a4ee0d4530d9d0d3a8ca2f2e6d7ebe5c31,1660229555,15.2.1,package.json,yarn@1.22.5,package.json
5f94c6ae9b04c50024d12941698f93c1892a1545,1660229555,15.2.1,package.json,yarn@1.22.5,package.json
11ba41f03093d5c39369102393133602d1a00cce,1660229555,15.2.1,package.json,yarn@1.22.5,package.json
56e410b415e24e5928dfa6f37ac47a6f50ae57f9,1660229555,15.2.1,package.json,yarn@1.22.5,package.json
4dfda27f34ff839791449c76bf9903d55603df36,1660229555,15.2.1,package.json,yarn@1.22.5,package.json
0cc94c102c6ec479d42e2431ab91a8ab2f81fa03,1660229555,15.2.1,package.json,yarn@1.22.5,package.json
714d316ea6fbe00a25b6d8daa344e7153a911fe3,1660229555,15.2.1,package.json,yarn@1.22.5,package.json
bffc0eb55488970ae4bf6a87e81ddf40bbbf56b5,1660229555,15.2.1,package.json,yarn@1.22.5,package.json
e5bfac9a5aab91d2650d7b9e3b4f5de463a56020,1660229555,15.2.1,package.json,yarn@1.22.5,package.json
2da8e0451c46137efd025c1438a384ba3d0e50c1,1660229555,15.2.1,package.json,yarn@1.22.5,package.json
a82ae85a02d6c399750cf834b19a0724bc8d60fe,1660229555,15.2.1,package.json,yarn@1.22.5,package.json
4b0701869405d4a6bdf528548c1c6e1dd719a15b,1660229555,15.2.1,package.json,yarn@1.22.5,package.json
1462e501cb73250578624f0755d999124850a4d7,1660229555,15.2.1,package.json,yarn@1.22.5,package.json
7691b14e91b16ca28df0775c0d11935425e33c24,1660229555,15.2.1,package.json,yarn@1.22.5,package.json
71531d77c9a2c8c2ccbbe46298e46776e387c2b4,1660229555,15.2.1,package.json,yarn@1.22.5,package.json
bb58dcba616117ec67a288c89a26553ac5688c1a,1660229555,15.2.1,package.json,yarn@1.22.5,package.json
7b01f9bf3fca6ccf579888c9622798995ed531b6,1660229631,15.2.1,package.json,yarn@1.22.5,package.json
50ac7246616c79118a450d3a0458d4d0996d9e97,1660230196,15.2.1,package.json,yarn@1.22.5,package.json
14b0cd414ab955594e69e40ec2dd28ebcb21ea4f,1660231832,15.2.1,package.json,yarn@1.22.5,package.json
b33369f53eb80c775a0a56788cd2759164949903,1660234823,15.2.1,package.json,yarn@1.22.5,package.json
671bf46f811706f2fd9f22d0e01404a8803ccddb,1660244338,15.2.1,package.json,yarn@1.22.5,package.json
864c037724ae03185085a7d891e7c642c0dd84e5,1660244481,15.2.1,package.json,yarn@1.22.5,package.json
75a151dd80f70c3e491857cc9123ca7211db8ede,1660244567,15.2.1,package.json,yarn@1.22.5,package.json
573a27d13554cabdef6bada40ba387b55b8f9b80,1660249275,15.2.1,package.json,yarn@1.22.5,package.json
03d576a92e03125baf57224ee6f26119e400f946,1660316419,15.2.1,package.json,yarn@1.22.5,package.json
4895e2d5702abdebfe58d680a31c9e889f4a53b0,1660572654,15.2.1,package.json,yarn@1.22.5,package.json
12274072d21f01a458e932d94001503da10d24d1,1660572706,15.2.1,package.json,yarn@1.22.5,package.json
e84d8557ae8453614de7b924dbca1b419e0c0f11,1660576215,15.2.1,package.json,yarn@1.22.5,package.json
3d987eb94c5909ee3da3c2e585273a200e6effd9,1660576262,15.2.1,package.json,yarn@1.22.5,package.json
0c41a8598912102a392dde6b473a9a9cd2bbcfaa,1660584015,15.2.1,package.json,yarn@1.22.5,package.json
dcb412753c2bd26debb6a582b88d71df01b849cc,1660584015,15.2.1,package.json,yarn@1.22.5,package.json
cd91845493b14add623325ffbd02b9e8fd20c692,1660584015,15.2.1,package.json,yarn@1.22.5,package.json
0e657b7ab07be28d5c8b109c70a53c670e954aa6,1660669120,15.2.1,package.json,yarn@1.22.5,package.json
35d5fb2e729d3a73cae04bdacb5f1af429cd9716,1660678891,15.2.1,package.json,yarn@1.22.5,package.json
29701fc5d11c0de341209b3c11faafd4f2040bfa,1660829367,15.2.1,package.json,yarn@1.22.5,package.json
9b3d237d4877bc4beb984585d40197701b0d2833,1660829368,15.2.1,package.json,yarn@1.22.5,package.json
5b9e5e3200d74801a3f72541ff3731054fc98eae,1660829368,15.2.1,package.json,yarn@1.22.5,package.json
1bd32150aa83749d89e319dbc746483e44438e64,1660836126,15.2.1,package.json,yarn@1.22.5,package.json
760023b3456b164059d986c57a7bf4a9f62df982,1660846534,15.2.1,package.json,yarn@1.22.5,package.json
1053383aeee1a2707c2dab4b57847d4098bc946c,1660853613,15.2.1,package.json,yarn@1.22.5,package.json
20f5b4957df039003d18e804ff1faad07cb5d40c,1660855314,15.2.1,package.json,yarn@1.22.5,package.json
62d7129a982eb2d523ef19d599688b91a051fc6d,1660932264,15.2.1,package.json,yarn@1.22.5,package.json
92db948db8a0a7d73e71f81531f7d67ba4007615,1661063041,15.2.1,package.json,yarn@1.22.5,package.json
e9578eb486b9eb615afdc377d2f80e44f605fb22,1661183202,15.2.1,package.json,yarn@1.22.5,package.json
2a7dbd6ac6a709253876239581bcd8a9ca368cbe,1661193913,15.2.1,package.json,yarn@1.22.5,package.json
09136b761325a4db8be2b394b7fc3d0f9b62d2f5,1661194062,15.2.1,package.json,yarn@1.22.5,package.json
3fbd9d962bd536b81f8bd27b2224a13ca4db77c6,1661194482,15.2.1,package.json,yarn@1.22.5,package.json
a7eca39d82f31d1a21b8e37bc7574f7628827990,1661205253,15.2.1,package.json,yarn@1.22.5,package.json
3b3e8a3fb06f29c69f80d06b8c5831040dbe810d,1661206133,15.2.1,package.json,yarn@1.22.5,package.json
7b93fa5c97f66c84442c9ea80b3674dd8d0c52af,1661418020,15.2.1,package.json,yarn@1.22.5,package.json
98c38805cd3edcf114afabc3df96c0fa911bada0,1661442107,15.2.1,package.json,yarn@1.22.5,package.json
1066340b7054d46f3ea0d6d381915e4f3ece0d3b,1661800368,15.2.1,package.json,yarn@1.22.5,package.json
b1e2a1e08c20d91b98463220d3de3b09bff19304,1661801201,15.2.1,package.json,yarn@1.22.5,package.json
4a3ae8c8ea2074f2c8d0b938e2a35727e81c29cb,1661807275,15.2.1,package.json,yarn@1.22.5,package.json
4da23c0137f21f3be410308f0040e6a2de8b6ff6,1661870979,15.2.1,package.json,yarn@1.22.5,package.json
c3a01306193ba2ecb68dcbf3303a7073c614489b,1661897208,15.2.1,package.json,yarn@1.22.5,package.json
1f54fac8a2f338bef7b8c808a7989abb80c0a445,1661968096,15.2.1,package.json,yarn@1.22.5,package.json
ebb38975b43545e0c1b6248d250e2d2a115bc58d,1661978227,15.2.1,package.json,yarn@1.22.5,package.json
9d07ee05343d6671a2c3439c0de13ad3261661f4,1661982971,15.2.1,package.json,yarn@1.22.5,package.json
ab05006c1c105e0390cd331ff2aaccef06e871a7,1662061186,15.2.1,package.json,yarn@1.22.5,package.json
3d344037cd5b11ab9af817cf95e00c35b0b5cb12,1662061470,15.2.1,package.json,yarn@1.22.5,package.json
c8ed1733d4ac7f403fcb8df60813f400cfae72d1,1662061623,15.2.1,package.json,yarn@1.22.5,package.json
28e0f96c9770ab51706025bd5c2fd3ca6a026e76,1662150276,15.2.1,package.json,yarn@1.22.5,package.json
1f7a23feb9ecc4a433550c6e8f49ca471559d72d,1662150276,15.2.1,package.json,yarn@1.22.5,package.json
8cf57a0d8f146c9a7b03c34181b4d24c0a2118ed,1662152639,15.2.1,package.json,yarn@1.22.5,package.json
b581b89874b8b0a2575feb8c4cd1ce8b5ce93594,1662367785,15.2.1,package.json,yarn@1.22.5,package.json
7b773735e47d33f029406536b99ad433317317f8,1662409680,15.2.1,package.json,yarn@1.22.5,package.json
55e2361b9a827a64425355ebecb819a7453e4b63,1662463243,15.2.1,package.json,yarn@1.22.5,package.json
386e96ee083f7d5dbe43be8d8329970fee830926,1662470048,15.2.1,package.json,yarn@1.22.5,package.json
5f832bec0963add5236b3af36852d9cc16b2af1f,1662472450,15.2.1,package.json,yarn@1.22.5,package.json
7a905b6d18a5cd2e10b68f0b1db7f480315307d6,1662473976,15.2.1,package.json,yarn@1.22.5,package.json
c20f897f41a3e6e9961062b1efca27aa8af0c6bf,1662490811,15.2.1,package.json,yarn@1.22.5,package.json
80e61d5d51821539c977a4155bfde4755116af15,1662490949,15.2.1,package.json,yarn@1.22.5,package.json
7aec8c4bbf56cb28d090b1c2cfd25608a9483a3f,1662500195,15.2.1,package.json,yarn@1.22.5,package.json
d56dcff58efc7a752d1bd6030a6029bbba83ed24,1662500318,15.2.1,package.json,yarn@1.22.5,package.json
ff4270844197366b3fc300a77bdc58ea763301a4,1662564794,15.2.1,package.json,yarn@1.22.5,package.json
8b107e03c495231c4868a1cdf8a31209f26bdf89,1662564929,15.2.1,package.json,yarn@1.22.5,package.json
874bc2ce8a9162ae6848a8b57dffb6a1a9adb235,1662585596,15.2.1,package.json,yarn@1.22.5,package.json
9aa0eb6919f9b95ee42750182bbcd2f434d36e46,1662626864,15.2.1,package.json,yarn@1.22.5,package.json
c8da21c6eead9ed645bbddcb83c073d35f5444dc,1662659448,15.2.1,package.json,yarn@1.22.5,package.json
a076a522504c43a23403498d747e58481e9d4825,1662662311,15.2.1,package.json,yarn@1.22.5,package.json
e2c6b9c0af7fd62abc06c9fb35ab6e5575a5b819,1662663688,15.2.1,package.json,yarn@1.22.5,package.json
4acb1348d7afe4dfdf470b8615b94f38825a2e2a,1662730388,15.2.1,package.json,yarn@1.22.5,package.json
05de966cb6b5127bc7a249ea4e93efe7ae082172,1662734139,15.2.1,package.json,yarn@1.22.5,package.json
cf2e3fa62d8573ecedd393a3e46ca7fe92664828,1662976270,15.2.1,package.json,yarn@1.22.5,package.json
a2317eda2c16308e7b8d0bcc7d8e6e8917bd3c73,1662976270,15.2.1,package.json,yarn@1.22.5,package.json
df195643f45fd8b92ee150b94eec4651cff42a34,1662976270,15.2.1,package.json,yarn@1.22.5,package.json
e340a6fba13213960e63ae86f7a4d67b22615bd4,1662976270,15.2.1,package.json,yarn@1.22.5,package.json
aebb3590756813932fb9acee97a249f2260d8f59,1662976270,15.2.1,package.json,yarn@1.22.5,package.json
0d2a3e7a2a1afb08a2ffc076221654c032fbd6a5,1662976270,15.2.1,package.json,yarn@1.22.5,package.json
2acccf57a4d8b4f78ddcbc17dd51ba4d12f73477,1662976270,15.2.1,package.json,yarn@1.22.5,package.json
eb59d821e7c980ae47ef400247ab50c06f46adb0,1662976270,15.2.1,package.json,yarn@1.22.5,package.json
846f9fc5d44f3ce41a80e939b0a43f0509badfdd,1662976270,15.2.1,package.json,yarn@1.22.5,package.json
6877d0d858109ec97f8e0c199a03512c4198bcd7,1662976270,15.2.1,package.json,yarn@1.22.5,package.json
ccd317c98e1389dfe9bec15fa3186e9e19cde5db,1662976270,15.2.1,package.json,yarn@1.22.5,package.json
3fd7c3b4ef13e136c8130f6fe6460a988256bf2d,1662976270,15.2.1,package.json,yarn@1.22.5,package.json
00dcd30ca6ed3ffdffa3105e7d43b0bf8ff7ae04,1662976270,15.2.1,package.json,yarn@1.22.5,package.json
5a11978269898e3699a41938d6f31744f359f1ff,1662976270,15.2.1,package.json,yarn@1.22.5,package.json
f21859cab957516e1b74278336c76483ad9aa7b1,1662976270,15.2.1,package.json,yarn@1.22.5,package.json
0941f363e52fd2e92de0ca46b754033f1d933128,1662976270,15.2.1,package.json,yarn@1.22.5,package.json
02ff24c7f81366bf8a8c7b8f0260f2a438cca34c,1662976270,15.2.1,package.json,yarn@1.22.5,package.json
35cc5d3178c41fe46a7339c94de0c4e26bc3e9d5,1662976270,15.2.1,package.json,yarn@1.22.5,package.json
04f43693e5bb182b4a720f313d807bae50f7a3f5,1662976270,15.2.1,package.json,yarn@1.22.5,package.json
b3ff3b491aae0cb61a3f2e90f3b03f9477c3e024,1662976270,15.2.1,package.json,yarn@1.22.5,package.json
79f0348e1ce13a3db29e76eb3bb46d2b2af77403,1662976270,15.2.1,package.json,yarn@1.22.5,package.json
93be246f4326a565b582f28264cfda20fcac245f,1662976270,15.2.1,package.json,yarn@1.22.5,package.json
778ab1112b816e974fa6fff4c8a655ed2ef567f7,1662976270,15.2.1,package.json,yarn@1.22.5,package.json
4aaf5262f9af372a39ebe72d1fb3fc339a4f39e1,1662976270,15.2.1,package.json,yarn@1.22.5,package.json
e62c8a05d703f30af24a9fddf25d62f281d3ae1c,1662976270,15.2.1,package.json,yarn@1.22.5,package.json
b286b4438ea824c63c5d874ee052055b2a3a8f97,1662976270,15.2.1,package.json,yarn@1.22.5,package.json
04b793a3d207fb14deaf800b839dcaed388a97b4,1662976270,15.2.1,package.json,yarn@1.22.5,package.json
97b2cbb8a581268d0650f13bf442a65822ce311d,1662976270,15.2.1,package.json,yarn@1.22.5,package.json
2b7e1a93a88e238f9b51c77b402cbbca1010fab5,1662976270,15.2.1,package.json,yarn@1.22.5,package.json
838f0c207aaa59b83dcaa52c1a0c4c24811617c0,1662976270,15.2.1,package.json,yarn@1.22.5,package.json
591d00be05a74e23a1182222539aa669be2671e5,1662976270,15.2.1,package.json,yarn@1.22.5,package.json
896fd9c426e3395f8b4ff9dd29590068d33eaecb,1662976270,15.2.1,package.json,yarn@1.22.5,package.json
cf77fb1bbe27c126ce4b432fed2ee93572282986,1662976270,15.2.1,package.json,yarn@1.22.5,package.json
d27b98b6933764b8107549f185ded1308547a39f,1662976270,15.2.1,package.json,yarn@1.22.5,package.json
35772c89cb0c8b3ac986a41cc665c86d7fa58675,1662976270,15.2.1,package.json,yarn@1.22.5,package.json
7cfb5418c60169757a4f95a55087463910581b3f,1662976270,15.2.1,package.json,yarn@1.22.5,package.json
db2068637daa74f974854ee990c1d96145611857,1662976270,15.2.1,package.json,yarn@1.22.5,package.json
4d81985f49f7e431caf74e2832e5c12c1bf34018,1662976270,15.2.1,package.json,yarn@1.22.5,package.json
555971693151205dda25ae4e9216f38ced423672,1662976270,15.2.1,package.json,yarn@1.22.5,package.json
9bda45dc60a68664a138cdb98d332bd0ff51b947,1662976270,15.2.1,package.json,yarn@1.22.5,package.json
3c1e9e4f0b8a40be797ef98d91763696115fa2fa,1662976270,15.2.1,package.json,yarn@1.22.5,package.json
1efeb62b3a1e2e07f537bd0ad86ad6adb125955a,1662976270,15.2.1,package.json,yarn@1.22.5,package.json
b283a18932c5e7dd711d2bf8da66b07875eebeef,1662976270,15.2.1,package.json,yarn@1.22.5,package.json
344c1f4e3f8aec0edb1db947c2815820b968868d,1662976270,15.2.1,package.json,yarn@1.22.5,package.json
f30a4ab33bf71b5b9e16015702c021fd57989cfe,1662976270,15.2.1,package.json,yarn@1.22.5,package.json
3d5da38ce106c28404327af11763c277bbf95134,1662976270,15.2.1,package.json,yarn@1.22.5,package.json
6fa6ce1b7e629afc7c60c9280bed814bf486c9b9,1662976270,15.2.1,package.json,yarn@1.22.5,package.json
7f9c8899b42bd95a0597d5d8adb9912b5cea03f2,1662976270,15.2.1,package.json,yarn@1.22.5,package.json
51c63010072a6e192e0df43a1e7ec5eb85d0aa11,1662976270,15.2.1,package.json,yarn@1.22.5,package.json
07276c4c9433914797f78676b931e92296f6170d,1662976270,15.2.1,package.json,yarn@1.22.5,package.json
d03da46aa033e8a5d327a07d17cedc3e257bee03,1662976270,15.2.1,package.json,yarn@1.22.5,package.json
cebe6aa5906b32ebc62f8283b1da6e6a649c3094,1662976270,15.2.1,package.json,yarn@1.22.5,package.json
05d67b44f66544ae597169ee1d449eb228e4016a,1662976270,15.2.1,package.json,yarn@1.22.5,package.json
c4a38645154d85a7b1c2818a92cc1aded926ad6d,1662976270,15.2.1,package.json,yarn@1.22.5,package.json
a075b1b0f09819d34d87c3d11cca9fb1da7620bd,1662976270,15.2.1,package.json,yarn@1.22.5,package.json
bd67fc324fd48f8473c6903b0f8f50a06766128e,1662976270,15.2.1,package.json,yarn@1.22.5,package.json
4a8d7a26d69da2885d5ea30ef2c5bf391ff71381,1662976270,15.2.1,package.json,yarn@1.22.5,package.json
24fc30c3aca7a0cf1cd2835acf1f53b8db00037f,1662976270,15.2.1,package.json,yarn@1.22.5,package.json
51d7b768e9428f8ac464cba81b4f9e426275f862,1662976270,15.2.1,package.json,yarn@1.22.5,package.json
a94257d7ff7b097a05011d8ce2e9b71904bad255,1662976270,15.2.1,package.json,yarn@1.22.5,package.json
2e91b51653453c152313ea5aac3a87d185047a83,1662976270,15.2.1,package.json,yarn@1.22.5,package.json
a854d0fa64814d6bcca4759048c29e7ca423ec69,1662976270,15.2.1,package.json,yarn@1.22.5,package.json
fca8986cfdc7b6e143b1f40b68f28974e0ac66d7,1662976270,15.2.1,package.json,yarn@1.22.5,package.json
6b0bece1247244ec3cde0183effa396d80420072,1662979681,15.2.1,package.json,yarn@1.22.5,package.json
478c83a305e5e5fbdfc598c7b1801ea2cb953a5c,1663094141,15.2.1,package.json,yarn@1.22.5,package.json
32f3a7dc5fbbfca18cca3ecb0601e8f956cc07c6,1663103258,15.2.1,package.json,yarn@1.22.5,package.json
7f4e3f5d50b40363d4f7cdf835879ed4c4113cfd,1663138538,15.2.1,package.json,yarn@1.22.5,package.json
bb5a1909f4c5b32562089e48f1eb97e0023d4334,1663230095,15.2.1,package.json,yarn@1.22.5,package.json
74603a6deb0e241e3c558830afde3abb49ae462b,1663274478,15.2.1,package.json,yarn@1.22.5,package.json
9db37732dab04fcfea7fd73585a2e7a0d63377b3,1663312304,15.2.1,package.json,yarn@1.22.5,package.json
1f07ab06ba7f583b66d3908d5b5729c16542e38c,1663337134,15.2.1,package.json,yarn@1.22.5,package.json
18c1def578154f719b40631fde3526c2de6d9b37,1663547962,15.2.1,package.json,yarn@1.22.5,package.json
de25e26f8bcab3f93c704673341294133856fb3d,1663596806,15.2.1,package.json,yarn@1.22.5,package.json
ba666752f2ad1655f8ccf004fe7500925e93f8af,1663596807,15.2.1,package.json,yarn@1.22.5,package.json
cba907aafbc7d827f62fe5769cc8a61ebd5314d1,1663601547,15.2.1,package.json,yarn@1.22.5,package.json
1be18b454cc2f58c734f0f757737218345406ad5,1663718196,15.2.1,package.json,yarn@1.22.5,package.json
18608c021005c4093cbafa2d63740af3811a6479,1663770571,15.2.1,package.json,yarn@1.22.5,package.json
89299911bf495e4aee859c6a68a5d89f23c9afe1,1663776718,15.2.1,package.json,yarn@1.22.5,package.json
11059ecb561551cb3e8bb93b34666abc4d2566e4,1663781952,15.2.1,package.json,yarn@1.22.5,package.json
b618f1b6a9898e9f9f57a1b2cabcca545eceaab3,1663787055,15.2.1,package.json,yarn@1.22.5,package.json
d7bbce01b6b512661971ada032835a625d8ad898,1663857550,15.2.1,package.json,yarn@1.22.5,package.json
da74c09f8d85ca25d5851e435e46ee4060f4cb5d,1663870742,15.2.1,package.json,yarn@1.22.5,package.json
d3c6517d895a6940765a6fd1803b0e116cd48a76,1663870798,15.2.1,package.json,yarn@1.22.5,package.json
994c9f53f1b7226e148ca1813573729cc18b1663,1663947176,15.2.1,package.json,yarn@1.22.5,package.json
ac5ab414bba7cb97574980fb6bb1287c4cb41035,1663947245,15.2.1,package.json,yarn@1.22.5,package.json
f7f25e0e2e551c1cc28ab6be4c8c99923801e1ed,1663953268,15.2.1,package.json,yarn@1.22.5,package.json
6d758b36c96c54b7cfc00f75d71e78bb0050b855,1663954587,15.2.1,package.json,yarn@1.22.5,package.json
9f2dbb43cc3f8ca86f10b2f65cf4f4274c6f8520,1664308641,15.2.1,package.json,yarn@1.22.5,package.json
310a57b677fa94ac44c92afdaffb46fef692d3b3,1664308827,15.2.1,package.json,yarn@1.22.5,package.json
d83a2acb0b7780002cd95a98da82ad6c54207098,1664311197,15.2.1,package.json,yarn@1.22.5,package.json
295446b39e03e8fb3d3b5a1ebedf1d844c4326e3,1664367075,15.2.1,package.json,yarn@1.22.5,package.json
a09f715cad638d47fac698f4409f4c697eac192b,1664389777,15.2.1,package.json,yarn@1.22.5,package.json
315e598256540e228913abd615b90cd65763af71,1664396781,15.2.1,package.json,yarn@1.22.5,package.json
ab59faec2ce7303426d7cc86da7df43970438bc5,1664460408,15.2.1,package.json,yarn@1.22.5,package.json
ee5244ed936d3c491eb3d41409ad1d623f0bd252,1664461572,15.2.1,package.json,yarn@1.22.5,package.json
1eee3251163ac76ea0d6b69628202c5243190ed1,1664461572,15.2.1,package.json,yarn@1.22.5,package.json
1752d1a1f4b09c9420e77d00fde75cf8c4fe0db1,1664468579,15.2.1,package.json,yarn@1.22.5,package.json
2a642a7d5d204106957bef4a7eb4d5fac327d5b7,1664551218,15.2.1,package.json,yarn@1.22.5,package.json
22089d51cf9c0782e814c3c300b722b73e133ae3,1664555838,15.2.1,package.json,yarn@1.22.5,package.json
043d781409dd4db4c62575157e4ad4a67df09ed7,1664558573,15.2.1,package.json,yarn@1.22.5,package.json
c8d0bd14221580d663a2e59e51db2d2a625a9f19,1664566851,15.2.1,package.json,yarn@1.22.5,package.json
2a2fe3bbabc4d4bde261c6174c099e57835ca888,1664567175,15.2.1,package.json,yarn@1.22.5,package.json
ea1b53bafb15b3a91f86322e5d24923456a4ab1e,1664825621,15.2.1,package.json,yarn@1.22.5,package.json
4e2e1f3716b8266e9cea28a2fb0698097f62b41d,1664831517,15.2.1,package.json,yarn@1.22.5,package.json
91cee7c8f45ed84635f0d6d376c353b7108be8fd,1664831661,15.2.1,package.json,yarn@1.22.5,package.json
f4892e50d7e56376c6ebe4c7efa25bb6300c0906,1664832751,15.2.1,package.json,yarn@1.22.5,package.json
3c62b50fb63e8d513939c0c37e90250b99ce42aa,1664832808,15.2.1,package.json,yarn@1.22.5,package.json
b66a9a448a445cfad6a10146b9d182b13a2218aa,1664990230,15.2.1,package.json,yarn@1.22.5,package.json
6c0f589e032687f1d1b3028c28c102f9ddf97016,1664995711,15.2.1,package.json,yarn@1.22.5,package.json
a34c4a3df699a9617701165030f84ea994690ce5,1665699127,15.2.1,package.json,yarn@1.22.5,package.json
721d2012b14c5dd615ee7e52db523c8311a96d15,1666125480,15.2.1,package.json,yarn@1.22.5,package.json
ec56f9eea45010a77ac30acb1eeedcd6da1a2249,1666127830,15.2.1,package.json,yarn@1.22.5,package.json
aa3d471e0089d11d00dfa0a0fd4ade4ad0952d78,1666129399,15.2.1,package.json,yarn@1.22.5,package.json
274c2da11fb26c13682608b99ea3afe241e39f8e,1666131432,15.2.1,package.json,yarn@1.22.5,package.json
a72e9e1f759159e559beb59bc48f3e99f9dbd39e,1666173640,15.2.1,package.json,yarn@1.22.5,package.json
b6735167eb2dafad07ec8b69bce567c117ff4381,1666188643,15.2.1,package.json,yarn@1.22.5,package.json
153a877afbc39273356cb18e3b2d0669e533891c,1666193176,15.2.1,package.json,yarn@1.22.5,package.json
85aa46fa53d31080b88bf254241e8921e1795ead,1666195520,15.2.1,package.json,yarn@1.22.5,package.json
9ec27c2eeb4868c9eb366e64324847593d52e7f6,1666200319,15.2.1,package.json,yarn@1.22.5,package.json
7ddd1fe1aadf2235467fdc0a645a79e36add24e0,1666200319,15.2.1,package.json,yarn@1.22.5,package.json
3adc10c4ada88548f1fa562b76d537656f5bbedf,1666200319,15.2.1,package.json,yarn@1.22.5,package.json
9e01043d981d5db24579f4ad3e11c18a3aa5d609,1666201734,15.2.1,package.json,yarn@1.22.5,package.json
7157958ad98588b34f375d8d2dd9481b63e0c2c9,1666201965,15.2.1,package.json,yarn@1.22.5,package.json
255d5d62e75eaf9627db85c8d8a0c78d0eca4a9c,1666202154,15.2.1,package.json,yarn@1.22.5,package.json
bf125d53a1111bef2ca2eb4fae44922997dda32d,1666278135,15.2.1,package.json,yarn@1.22.5,package.json
3684a15223e2871b029b9405b69490270314eee0,1666278135,15.2.1,package.json,yarn@1.22.5,package.json
4c59f3225f33c3abd00b044b01e6cebc62f85195,1666282254,15.2.1,package.json,yarn@1.22.5,package.json
88063182c0c1f75a04a1708fdca1a620ef668f6a,1666284816,15.2.1,package.json,yarn@1.22.5,package.json
d0b9345b7487e65ec1e625c403a19f18f64beaf4,1666287266,15.2.1,package.json,yarn@1.22.5,package.json
b47289ac7e9fd64e4d4dd9d8a32765bd829caf22,1666603811,15.2.1,package.json,yarn@1.22.5,package.json
a5be70a07d779f699ddae329d01b32679be7f435,1666705039,15.2.1,package.json,yarn@1.22.5,package.json
ece94e2c42e0785febbcedc2b86d5b0299b1b76d,1666708093,15.2.1,package.json,yarn@1.22.5,package.json
aa5bfcf85974fb13c9e7374dd1b19aca4b10f847,1666709270,15.2.1,package.json,yarn@1.22.5,package.json
5f197083162bd9b40ea2c96f15f03a322f796eb1,1666726570,15.2.1,package.json,yarn@1.22.5,package.json
052e53dea9e8bb294fb262b0fa8d0eb2119388c1,1666726727,15.2.1,package.json,yarn@1.22.5,package.json
6c29f9f00d59d8719db865acab7c86ef0677197d,1666881937,15.2.1,package.json,yarn@1.22.5,package.json
316e9e3556020d85fcdd4aec8d1279d17aa0678b,1666897714,15.2.1,package.json,yarn@1.22.5,package.json
a9129c752305d7d014392edd62ccea77cfc37c15,1666897714,15.2.1,package.json,yarn@1.22.5,package.json
54861d3c679a20ea2c101bdd8ffdba8abbe5db5b,1666897715,15.2.1,package.json,yarn@1.22.5,package.json
e1e46af7bf1d75c28892427dec367f57e3838ef5,1666897715,15.2.1,package.json,yarn@1.22.5,package.json
5bcc5f9e723da8e22f65f9f42ab0a6d55be06ad0,1666904379,15.2.1,package.json,yarn@1.22.5,package.json
9ce8d4e6c9216e86f7b8d00d653ccecc74f2faef,1666931589,15.2.1,package.json,yarn@1.22.5,package.json
4b9caddd65ba999d460e54ce3485e9617d1b8238,1666968531,15.2.1,package.json,yarn@1.22.5,package.json
72eb93ecb281f47dde324c233d91aca31db17452,1666968699,15.2.1,package.json,yarn@1.22.5,package.json
4c4515cd2f4af76e4cf30e53687931cea729d6d9,1666969438,15.2.1,package.json,yarn@1.22.5,package.json
13dda2d496f2ba38407afad3a5387aabdbdb5f7b,1666972161,15.2.1,package.json,yarn@1.22.5,package.json
6b55776b0fc3c16b2bfc1c6f0795f27377caec2c,1666977430,15.2.1,package.json,yarn@1.22.5,package.json
551b62c2415928f254de6e6b14d8f174e7c0c941,1667230741,15.2.1,package.json,yarn@1.22.5,package.json
513c851903e855caa65a2be2890d012546da0cbe,1667313982,15.2.1,package.json,yarn@1.22.5,package.json
b66403c005d236e42bfd3b248fbe77d313ad416c,1667314126,15.2.1,package.json,yarn@1.22.5,package.json
8c51bffd7be9efc76c8dee7587a00e2fcc86235b,1667340251,15.2.1,package.json,yarn@1.22.5,package.json
77a3e6407d995e8d5628077b5a84a209cb73f318,1667340299,15.2.1,package.json,yarn@1.22.5,package.json
29d4b6186f517fc6cdd455899b2c2599379157fb,1667397061,15.2.1,package.json,yarn@1.22.5,package.json
7fcab45ba8e528d2b64de2a06a029e87c17e1bb8,1667397061,15.2.1,package.json,yarn@1.22.5,package.json
effee8ffe9514f89392c786cbd9ec1fbd1bae58e,1667397061,15.2.1,package.json,yarn@1.22.5,package.json
711ebb80dd853628e522e6a7a42c73cfac7fa5eb,1667397061,15.2.1,package.json,yarn@1.22.5,package.json
92baed988adfab1ad395fcc7b844d0dc2056f587,1667397775,15.2.1,package.json,yarn@1.22.5,package.json
bc1edf8cef2d39bf71b36dcff0b719bd1be5f7ab,1667409642,15.2.1,package.json,yarn@1.22.5,package.json
77212aca03ec5cc93ea358f39805b2039f88ede0,1667493492,15.2.1,package.json,yarn@1.22.5,package.json
23ca78be94ca95c11b006ea7bea59e7dd300c15a,1667510945,15.2.1,package.json,yarn@1.22.5,package.json
e1b4ff178d7d9b5b97ac57d0ffad8d79341657b1,1667593799,15.2.1,package.json,yarn@1.22.5,package.json
0832dca94e2964d936958dd6b0c0a5e9601f23b0,1667853031,15.2.1,package.json,yarn@1.22.5,package.json
2fea73554dd6d42929f2126edf2e9ec1a4026d00,1667927131,15.2.1,package.json,yarn@1.22.5,package.json
d68751514cccef92264e5ed3217a0473d2551594,1667934919,15.2.1,package.json,yarn@1.22.5,package.json
504c607ab3cef4c132951e67fa71a7a7c3489101,1667941198,15.2.1,package.json,yarn@1.22.5,package.json
6db26e46a48aa44dc79e3fe57e40d1ca6e60f71b,1667941741,15.2.1,package.json,yarn@1.22.5,package.json
7a3571d406ae313d4689054168672d087faa13ce,1667941889,15.2.1,package.json,yarn@1.22.5,package.json
b5c17586e33a061ba2e91a28c9faa60866d42401,1667955256,15.2.1,package.json,yarn@1.22.5,package.json
b6a448fe0bd476b5b2e40afbf18bdea23a104203,1668030598,15.2.1,package.json,yarn@1.22.5,package.json
29dceb89f9e895657f335950fe9dc2becbea0106,1668030598,15.2.1,package.json,yarn@1.22.5,package.json
4fe4cca232426ab89701518941d2d8771ecf0a65,1668030599,15.2.1,package.json,yarn@1.22.5,package.json
96dce93aad9047377ce43add3fbe7fae5b2706d8,1668030682,15.2.1,package.json,yarn@1.22.5,package.json
0bb839accf8dd2786711732906705af2c33b0a92,1668030682,15.2.1,package.json,yarn@1.22.5,package.json
531ff1277abfb80d5f49378d60b53743624579c2,1668030682,15.2.1,package.json,yarn@1.22.5,package.json
84585b1a69ef2565d9facebcb64d6af20311cc39,1668030714,15.2.1,package.json,yarn@1.22.5,package.json
5e29b4853bb44867c9ed4a81faa480664cc0cd8f,1668030714,15.2.1,package.json,yarn@1.22.5,package.json
b59c9000065488a4adc997a7652bcd795879eabc,1668034108,15.2.1,package.json,yarn@1.22.5,package.json
a53535dbced22b3bc1b2a28104928eb0475a9216,1668095861,15.2.1,package.json,yarn@1.22.5,package.json
ffcbea9b57cdbd69f7203c306ddecf52c0a1b087,1668106841,15.2.1,package.json,yarn@1.22.5,package.json
b87cad5301757b8986fd98002cb2a3e1c62e347a,1668180185,15.2.1,package.json,yarn@1.22.5,package.json
c0f97eac37fbe8d9f5ea40f83849d8f548ec5a84,1668180285,15.2.1,package.json,yarn@1.22.5,package.json
707da42f044e64d40fbac931d603f9865de94edb,1668198064,15.2.1,package.json,yarn@1.22.5,package.json
2d11065ee9a1ae4842cb431fa8e6d14803c35a32,1668443039,15.2.1,package.json,yarn@1.22.5,package.json
a3b9cd7cc381c864391f55b2a2d59d887628613b,1668445564,15.2.1,package.json,yarn@1.22.5,package.json
276f38503d9076fd7ee2a62a530caab3aa79dd48,1668473055,15.2.1,package.json,yarn@1.22.5,package.json
68fd10057a2567a824af0d073ae24dbc8ec5d906,1668473100,15.2.1,package.json,yarn@1.22.5,package.json
f1edebec005e7d72449c4f2ecb1d990fdbff923b,1668697956,15.2.1,package.json,yarn@1.22.5,package.json
bf05e30f8e6ae619768d3b4a518375a7f4be7565,1668701749,15.2.1,package.json,yarn@1.22.5,package.json
8c20f6e65e52f9e3da45e26abed158fa3d3bc510,1668701924,15.2.1,package.json,yarn@1.22.5,package.json
465b3e8f378dcfd9549db33269374c2ee5ec6b52,1668705314,15.2.1,package.json,yarn@1.22.5,package.json
c0042076fd99cc987b82bcb51f78b22916742115,1668798951,15.2.1,package.json,yarn@1.22.5,package.json
6b32491efd7ce8d24a15b66e3e36194a86b242bb,1669036903,15.2.1,package.json,yarn@1.22.5,package.json
6e2a94326dd814be6ce4f61c1be6104323b108fa,1669036903,15.2.1,package.json,yarn@1.22.5,package.json
34a49dd34dd8e227a5b7ff78a5d39dfa257483ca,1669042810,15.2.1,package.json,yarn@1.22.5,package.json
b2ad3a28cd1840d58880fcf4037353f84ff29950,1669043953,15.2.1,package.json,yarn@1.22.5,package.json
eaeb602b198dcbad8a100ede480409361c92b5ea,1669049139,15.2.1,package.json,yarn@1.22.5,package.json
f125a20e7e09b4d388184668b7b51dcd12f9cee0,1669049354,15.2.1,package.json,yarn@1.22.5,package.json
d5a100cb7038c0d76af3141d6da6a35f8d65f6b3,1669050899,15.2.1,package.json,yarn@1.22.5,package.json
60d3a070684d43fbb78fbc022ba4fe27e6fe759f,1669055785,15.2.1,package.json,yarn@1.22.5,package.json
9cf03e98a3844256459ceae2fca9e104fd096576,1669058479,15.2.1,package.json,yarn@1.22.5,package.json
955fd6b1dd0c00586905cd738dc9c48becc02f5f,1669135389,15.2.1,package.json,yarn@1.22.5,package.json
b01ef3380962a9513401d103c80cdc47f19f8e34,1669142398,15.2.1,package.json,yarn@1.22.5,package.json
000f87c4b0d64ed8f5e172b29ae071974a1fa112,1669212869,15.2.1,package.json,yarn@1.22.5,package.json
65ea8cacee62220a8efe53b1696eaecd9e1e2151,1669670576,15.2.1,package.json,yarn@1.22.5,package.json
2e7d3ac533bf619cfb71f642b7ab22aac972034e,1669670663,15.2.1,package.json,yarn@1.22.5,package.json
1c4e19c334deca6d2af2f49810eb9755e5ac0944,1669795324,15.2.1,package.json,yarn@1.22.5,package.json
dae988c0212070689413660e6ab22411837c3ae2,1669909462,15.2.1,package.json,yarn@1.22.5,package.json
c9ab461b367befc583fd0e5b13537d54e771d284,1669914845,15.2.1,package.json,yarn@1.22.5,package.json
c22a1c9917ce95894d3eb1fe14b6fb36715f264c,1669915026,15.2.1,package.json,yarn@1.22.5,package.json
feb28f4d60d7032cdbc1c5ae5f9ed5d2509258ad,1669915615,15.2.1,package.json,yarn@1.22.5,package.json
c6a95506f38e90df1e570d4f006d61fbfb4e368f,1669920764,15.2.1,package.json,yarn@1.22.5,package.json
5df3d371bea1c7605d4decd057079f3f53ed7ec9,1669920904,15.2.1,package.json,yarn@1.22.5,package.json
d0fe3b9ccc8a8a166fc8033565579971c61116c0,1669925542,15.2.1,package.json,yarn@1.22.5,package.json
0d5746a468c628f8bf4ef3bf6f07d0be054619ac,1669926420,15.2.1,package.json,yarn@1.22.5,package.json
b58c35b7c210d3262e5f083c5bfe2a1da9d0cb29,1669997851,15.2.1,package.json,yarn@1.22.5,package.json
7a2862b01bf75f76803b793be51130d1c662aa3a,1670018400,15.2.1,package.json,yarn@1.22.5,package.json
d8c8f8ea2d5b511bbb73c576d3a78e325532b431,1670245460,15.2.1,package.json,yarn@1.22.5,package.json
32b8665f2a3aa07770ff690325ef281a056db946,1670256968,15.2.1,package.json,yarn@1.22.5,package.json
892cb79f4cf03bfe6da685daea4894b37074dc77,1670257491,15.2.1,package.json,yarn@1.22.5,package.json
2632ec88a44a230f62520d69c1750476ca24e6a9,1670260584,15.2.1,package.json,yarn@1.22.5,package.json
6f4758051019d02d72adb6b5ffbc842f00b37205,1670261185,15.2.1,package.json,yarn@1.22.5,package.json
0266028e5d413311483debf29069351bec9c7185,1670261352,15.2.1,package.json,yarn@1.22.5,package.json
7496d386f6abbd2f756ef676786a25b3c9b4f0ab,1670274222,15.2.1,package.json,yarn@1.22.5,package.json
c1d4d5e651cfdbce2e8986e719ab6bcf7661f643,1670274419,15.2.1,package.json,yarn@1.22.5,package.json
42152d2d5dffbf7ec7c51e784448936fb6811cbf,1670275443,15.2.1,package.json,yarn@1.22.5,package.json
57009953dc162a9a70318660da047d292dc8e2aa,1670339289,15.2.1,package.json,yarn@1.22.5,package.json
d3e1f9ee1b1e9f05396b902cf68f4cff4c5498a5,1670339461,15.2.1,package.json,yarn@1.22.5,package.json
8cf256a3acaa02442865fbbcaae30269b33c70b0,1670363716,15.2.1,package.json,yarn@1.22.5,package.json
9d66eebcd949f1c0ff2cee624bc59342aa65022f,1670416257,15.2.1,package.json,yarn@1.22.5,package.json
fa174c1bbacd54bd453f3003e540e6ffe63cdf5c,1670598296,15.2.1,package.json,yarn@1.22.5,package.json
ab0462d53ffea17d220a324f696bad8fe97c0dc5,1670858240,15.2.1,package.json,yarn@1.22.5,package.json
511c5455e469a0eafe1839e222ada6d2b78de422,1670859681,15.2.1,package.json,yarn@1.22.5,package.json
6d3775fb0832c9cf0dac0961684662ba42dc877a,1670859718,15.2.1,package.json,yarn@1.22.5,package.json
d607351f08acba58edd716fc165437fa35072585,1670860049,15.2.1,package.json,yarn@1.22.5,package.json
6aef0454789d61b244f5d4fea2207a040b869d20,1670864116,15.2.1,package.json,yarn@1.22.5,package.json
1b69a523cf54e50050dd294495d7bb0464ef8355,1670864272,15.2.1,package.json,yarn@1.22.5,package.json
c2bfe91ed201bdce1133fa48f190762955733f50,1670876615,15.2.1,package.json,yarn@1.22.5,package.json
7a4698bf14b2da89296718a80a3162f59d66322a,1670882260,15.2.1,package.json,yarn@1.22.5,package.json
f6839acd12289cbd1198fb14d41364e3dee8eb40,1670946950,15.2.1,package.json,yarn@1.22.5,package.json
5e9f19863ebc953c67dbe561408149a5e6488c16,1670957642,15.2.1,package.json,yarn@1.22.5,package.json
78075a65189592e726f3df1cf0cf7d7b74ada59b,1670968460,15.2.1,package.json,yarn@1.22.5,package.json
8caac8fb93d25204e83064f42f9ed4a0143a2c62,1670968597,15.2.1,package.json,yarn@1.22.5,package.json
b732d4c746678cfee749e59d88869acc05f8f2a1,1671036779,15.2.1,package.json,yarn@1.22.5,package.json
4fb923380a3eed43953453ab23b3b203e13e8e16,1671037165,15.2.1,package.json,yarn@1.22.5,package.json
3a5f80649360aecef03fd9a79fb36fc38155649f,1671044577,15.2.1,package.json,yarn@1.22.5,package.json
32a8d323e30b54c0c4bc21db6db686ae400a506b,1671050929,15.2.1,package.json,yarn@1.22.5,package.json
82e8d406dc53f83e160d95225ac63a194f422e11,1671051627,15.2.1,package.json,yarn@1.22.5,package.json
63d382d8e0dc43706fab10b5812ded0c96ab53b7,1671051750,15.2.1,package.json,yarn@1.22.5,package.json
64c50652dea367ecdb871c732cf7b028a1beed6e,1671117020,15.2.1,package.json,yarn@1.22.5,package.json
a12c39bf8152a025bf94610650dfeb92fee4678f,1671124287,15.2.1,package.json,yarn@1.22.5,package.json
3eb47def96ea77834887a6ff60744b28368d5e5e,1671222018,15.2.1,package.json,yarn@1.22.5,package.json
8e576c6bcdc4ec9f4b79e6df0064d8d4c14adb8e,1671222866,15.2.1,package.json,yarn@1.22.5,package.json
7708be6a77e4a1c4e94524d5f78756e996896a64,1671226070,15.2.1,package.json,yarn@1.22.5,package.json
6a5ce1d0d6bea53f7a48d44a6c67892379283021,1671226216,15.2.1,package.json,yarn@1.22.5,package.json
eeced8f1198f29a50c1c07e2a2bc7c95d1f92d4d,1671227336,15.2.1,package.json,yarn@1.22.5,package.json
d63735efc5b908359c2127163c54d45d823ace89,1671227339,15.2.1,package.json,yarn@1.22.5,package.json
3481eb44ab6594ca29528f4fbc34a583de0c8164,1671227340,15.2.1,package.json,yarn@1.22.5,package.json
634421d48da5156540b77993d011a194132339d3,1671227340,15.2.1,package.json,yarn@1.22.5,package.json
a5a76b330ccd996ccb1b05afa68e0bcb95420517,1671227340,15.2.1,package.json,yarn@1.22.5,package.json
defb645e6104f18658b4f888439fdfdcf5490241,1671227353,15.2.1,package.json,yarn@1.22.5,package.json
46bd4db492c57d793b7556c8bd541e928f856ff8,1671475158,15.2.1,package.json,yarn@1.22.5,package.json
53d0bb9582c3f48c05e3009adc713af4b62229c6,1671485361,15.2.1,package.json,yarn@1.22.5,package.json
da933ecfb06c36e26a54d629f18dd9ffaa9b04ba,1671488661,15.2.1,package.json,yarn@1.22.5,package.json
42e1cf0141474671dcd7f956e8cdb8dac8e0fa72,1671488761,15.2.1,package.json,yarn@1.22.5,package.json
443da9b9941cb69d44f3956c965a5eb5ab9bad4e,1671488954,15.2.1,package.json,yarn@1.22.5,package.json
3bda177d2b16a4e03d1491012ead78986ad85ae0,1671649571,15.2.1,package.json,yarn@1.22.5,package.json
526ead560669a13a1e294ce9a3e17faf58a39bb2,1671655716,15.2.1,package.json,yarn@1.22.5,package.json
86e821403724579fdf694e066712799c0dbc87fe,1671730615,15.2.1,package.json,yarn@1.22.5,package.json
43fbe1cfaedd87136ae2e3773b67ffabd5bd734c,1671733797,15.2.1,package.json,yarn@1.22.5,package.json
9a8abe0649c291ba68ab487446e6aa46e2e4360c,1671739732,15.2.1,package.json,yarn@1.22.5,package.json
c971488698c81847d1bebf48766ea54ccd4efd91,1671740757,15.2.1,package.json,yarn@1.22.5,package.json
4915893a2b85c2401d2e752510308e27a62ccf1d,1671740842,15.2.1,package.json,yarn@1.22.5,package.json
d91cfee75c6e60b6a2004c87b0ac6a5aff3c09b9,1671740842,15.2.1,package.json,yarn@1.22.5,package.json
56afb7a5e3d9595f1201e04375e12f0b96315222,1671740842,15.2.1,package.json,yarn@1.22.5,package.json
bfb49119985ff7f2044d17e252939cc167b19f8f,1671740842,15.2.1,package.json,yarn@1.22.5,package.json
9446a03df7c015123f851aa657da1f1145e89111,1671740842,15.2.1,package.json,yarn@1.22.5,package.json
7cd61e4e9ab6ea11353b2ccc04a44aeb4014c66e,1671740842,15.2.1,package.json,yarn@1.22.5,package.json
3e47dd12cb0c1ba13bcff802414e621afb4f2dd9,1671746342,15.2.1,package.json,yarn@1.22.5,package.json
331b920a363063edb1a16b4872aee7fdcc321b1a,1671808632,15.2.1,package.json,yarn@1.22.5,package.json
6217105974ba1e3113534bcc8b3e77feb70021dd,1671808769,15.2.1,package.json,yarn@1.22.5,package.json
2c18167e0ca859dc670123d56d0d780352d26834,1671810395,15.2.1,package.json,yarn@1.22.5,package.json
684678348eb26eb11ed046932357714bf86115c2,1671810552,15.2.1,package.json,yarn@1.22.5,package.json
c293c94922a9f4647dc4a983eefa645da779215b,1671811976,15.2.1,package.json,yarn@1.22.5,package.json
dba29ca94d907916dfe173c02bdfeef6fa2d4be0,1671820476,15.2.1,package.json,yarn@1.22.5,package.json
e8bfe174e99e87ca639b38550f9a3194104d1cad,1671820623,15.2.1,package.json,yarn@1.22.5,package.json
7f6e33e2177305e87991d18b1b78179a58d0db2e,1672171653,15.2.1,package.json,yarn@1.22.5,package.json
6b9ddd61fadcd7919d048059c5a18016dc884282,1672250798,15.2.1,package.json,yarn@1.22.5,package.json
84c29de294c899775663a793eff94f620b032078,1672351399,15.2.1,package.json,yarn@1.22.5,package.json
fabc627402e87e7d51466fca74a193d0ba4add8f,1672784637,15.2.1,package.json,yarn@1.22.5,package.json
2bb86657bc60179f2703ef2f9aaafdcc8253d957,1672784813,15.2.1,package.json,yarn@1.22.5,package.json
380aa682f25ce236df79fc6cbf07856ada005178,1672785793,15.2.1,package.json,yarn@1.22.5,package.json
6ffbe5e2a41ce6e765f40391fda37fa91c221232,1672793780,15.2.1,package.json,yarn@1.22.5,package.json
04ca676c8dc99b7b9e0d24bf1a75a5e0c02e285b,1672793780,15.2.1,package.json,yarn@1.22.5,package.json
237580c2c2e0d0e3da5e50fb942662b1d7295af2,1672793780,15.2.1,package.json,yarn@1.22.5,package.json
97593027d1655e55cb1e81406f369902d394b007,1672794822,15.2.1,package.json,yarn@1.22.5,package.json
6af72c491ad46979f0545fcb8fa7454dde83ce31,1672846529,15.2.1,package.json,yarn@1.22.5,package.json
d73cc658f438df0747dac57ef35159152d85c05f,1672855432,15.2.1,package.json,yarn@1.22.5,package.json
c6a3f053caa82668d46b42f2634e870e12039652,1672858455,15.2.1,package.json,yarn@1.22.5,package.json
3d32876cc7b0a7b9fac47a51a2231307e173e2b1,1672956687,15.2.1,package.json,yarn@1.22.5,package.json
490b7121b07d23df320aa70b7b54416f5e082d3a,1673015956,15.2.1,package.json,yarn@1.22.5,package.json
0fcb668157c525623f43aaa044edd7035a4ff2ba,1673018945,15.2.1,package.json,yarn@1.22.5,package.json
e895b28e9c1141f5decebd4152b3bccc9fa05ea1,1673019045,15.2.1,package.json,yarn@1.22.5,package.json
165414730b8e8816b8d54d40b945c481b662cd14,1673039521,15.2.1,package.json,yarn@1.22.5,package.json
7c682c8da4c583da732cb2c0938b4707000677b2,1673041365,15.2.1,package.json,yarn@1.22.5,package.json
559771a4bb593cf5353298472d9a88c11a804946,1673044711,15.2.1,package.json,yarn@1.22.5,package.json
408e6604002548965cc537d87ea1e06c7adcef62,1673231022,15.2.1,package.json,yarn@1.22.5,package.json
8c6db24bdaedcb3f980fa2f65f7fec5245d388dc,1673276720,15.2.1,package.json,yarn@1.22.5,package.json
7967e4cda53110619cbf5bb1a1fe5c26b4106dce,1673276862,15.2.1,package.json,yarn@1.22.5,package.json
c899064d78e08acfaeea67100d3670e042b00fa7,1673277222,15.2.1,package.json,yarn@1.22.5,package.json
bccc437e76d4ed0a5e89bb91e55104d16ba54830,1673300790,15.2.1,package.json,yarn@1.22.5,package.json
f6c71dade56dfc07ded7270ca41b73d99e367f66,1673339043,15.2.1,package.json,yarn@1.22.5,package.json
ae0b9faab5a8b83325823bf348ebc557e8c0e889,1673359617,15.2.1,package.json,yarn@1.22.5,package.json
8972fe14eed3742ec6494b40eaeee245024f2566,1673363767,15.2.1,package.json,yarn@1.22.5,package.json
30601b592ac46b4041b553aa3b20331b1414b92d,1673365943,15.2.1,package.json,yarn@1.22.5,package.json
26bfff591e750bf71c23d8b953af371ab3a59a5f,1673375976,15.2.1,package.json,yarn@1.22.5,package.json
13575ccc9dcd858fd87bba988df5b66635550cff,1673376253,15.2.1,package.json,yarn@1.22.5,package.json
05a3890ea4a692ee00456121f2b629b96d9699a3,1673376419,15.2.1,package.json,yarn@1.22.5,package.json
7519e7ab21ed27ff1aafb618964705c4153de15f,1673456859,15.2.1,package.json,yarn@1.22.5,package.json
6cdfc21921dfdc2e3e2cb6bb5324ecfe41c43df3,1673469222,15.2.1,package.json,yarn@1.22.5,package.json
dea6b6973915da72716b23e309b9cf15cd2a5cfe,1673477662,15.2.1,package.json,yarn@1.22.5,package.json
44ecd5658151a2bfc93e88653e7342106647c17f,1673478811,15.2.1,package.json,yarn@1.22.5,package.json
8f46e69afd087e4071864b10331c4594124c96f7,1673478952,15.2.1,package.json,yarn@1.22.5,package.json
327af92489bb2ae0f3fe497c49a29f47d00943b3,1673557447,15.2.1,package.json,yarn@1.22.5,package.json
a4edc1c6ae700940e56bac7eaf43b247d06f673e,1673557561,15.2.1,package.json,yarn@1.22.5,package.json
dcb7a4972ecf1784f54e737a83080a8f09ca9df6,1673557638,15.2.1,package.json,yarn@1.22.5,package.json
ae414dcc56dfc44c3287805a74e5c743adc91ca6,1673557812,15.2.1,package.json,yarn@1.22.5,package.json
75f45c2a354cb74cb60c3a29e9e9ff226f2ff3fc,1673557928,15.2.1,package.json,yarn@1.22.5,package.json
e8acf1404932b5094385cf7ff4a7560ee17abfd0,1673557928,15.2.1,package.json,yarn@1.22.5,package.json
08789f1b443f9d661c12350a4d5cfbd8de92efeb,1673557928,15.2.1,package.json,yarn@1.22.5,package.json
60a3b397a6309685c36a6d692bce5c664ef4bd1c,1673557928,15.2.1,package.json,yarn@1.22.5,package.json
efb468792246bd7747af97d90ba5e803ba545b08,1673557928,15.2.1,package.json,yarn@1.22.5,package.json
9dd1111116d07566d30eb680d75df0a68d630565,1673564958,15.2.1,package.json,yarn@1.22.5,package.json
c367dbcf0ff3d24f9c1d4e0d131777319f74c4a8,1673565112,15.2.1,package.json,yarn@1.22.5,package.json
ee9b21d5114999f3205b30fe55b53a2594e017b5,1673624920,15.2.1,package.json,yarn@1.22.5,package.json
874e759009e85b9709fc7e147c25053c44a6c4f1,1673625814,15.2.1,package.json,yarn@1.22.5,package.json
8b9f421b1fa0b6e8ff3963b6e3892c462e6e9e11,1673628637,15.2.1,package.json,yarn@1.22.5,package.json
a04d9475f4be632be60e6dba2f84a60a69075e4f,1673628637,15.2.1,package.json,yarn@1.22.5,package.json
12475349db90fc75ee175837da08d689a89d84a5,1673628637,15.2.1,package.json,yarn@1.22.5,package.json
d2bb10bb35fcb2b46780400b6c7a4f01fe1d2477,1673641473,15.2.1,package.json,yarn@1.22.5,package.json
d1c6455ba932a4c13f7d80eae456f85d35503f18,1673642453,15.2.1,package.json,yarn@1.22.5,package.json
e1633c559ec3033af13116475bfe7314d574e348,1673646535,15.2.1,package.json,yarn@1.22.5,package.json
2f2dab75f49ad15cb0929ff8e5fbcf9318bde49c,1673879401,15.2.1,package.json,yarn@1.22.5,package.json
17918ea815462cc73d4b8b781e2a7528d862975a,1673968338,15.2.1,package.json,yarn@1.22.5,package.json
c02fa17c58edf615a1326517983e17e2b52f8145,1673968481,15.2.1,package.json,yarn@1.22.5,package.json
288bf957855c70ed0ae6f346d3b19a7c2a1b103c,1673978949,15.2.1,package.json,yarn@1.22.5,package.json
994e4b5916096ada19f44ee973c6c3256d4bbf3c,1674043938,15.2.1,package.json,yarn@1.22.5,package.json
18499bc46392b5d81e3d48797fdf5cc143b302ad,1674047893,15.2.1,package.json,yarn@1.22.5,package.json
b62e78532dd4ed41501e25c640019c9bf5daf85e,1674060878,15.2.1,package.json,yarn@1.22.5,package.json
c381dca533c1b667622cf8f24cff8737f703518b,1674065824,15.2.1,package.json,yarn@1.22.5,package.json
563d32de7558492a5b498d6a8042baeb05334abb,1674065966,15.2.1,package.json,yarn@1.22.5,package.json
ecee1f10baa018087f5dde0bd67dd3be0c6b9640,1674066657,15.2.1,package.json,yarn@1.22.5,package.json
daaad2b58c57e624f4e3641bb5bb311b314dea3c,1674148516,15.2.1,package.json,yarn@1.22.5,package.json
24ef34e501a07ee0b5d57879a3ba37500b4601f6,1674159321,15.2.1,package.json,yarn@1.22.5,package.json
2dd56eef8a1d1443ca7ac2d9ad1d279e79d7b4de,1674159321,15.2.1,package.json,yarn@1.22.5,package.json
f41944acbe31c92b5f9fab9c58f85e3d7a7364a4,1674159659,15.2.1,package.json,yarn@1.22.5,package.json
9ac0eb5b78345fa4c8db2d609c6ac59193fb1e0a,1674226568,15.2.1,package.json,yarn@1.22.5,package.json
8d5ddcaf5d44503001d0d49794d500a711b6b589,1674233959,15.2.1,package.json,yarn@1.22.5,package.json
7ca60d2e874ce6d507fe3248a093d8d45bbdd7ca,1674234130,15.2.1,package.json,yarn@1.22.5,package.json
b60c0658b7f0740d556b865283dcc1e243de178e,1674237605,15.2.1,package.json,yarn@1.22.5,package.json
6dfc539fef1a65fc005aa4c0a63801e31bfc237e,1674247972,15.2.1,package.json,yarn@1.22.5,package.json
1510ee9eda00ad960eb1fc09e2ef243f4788b3af,1674248111,15.2.1,package.json,yarn@1.22.5,package.json
b2e1478d205083f8296c54aef56e9c944998b975,1674515962,15.2.1,package.json,yarn@1.22.5,package.json
046181a2a5eed939e6560b3df114c54a888748a8,1674578818,15.2.1,package.json,yarn@1.22.5,package.json
79760c71bcb3b4fcf2d4a451b99928843051ef55,1674595553,15.2.1,package.json,yarn@1.22.5,package.json
1aabd72dc940145eb74178a1785cb91620fb233a,1674598509,15.2.1,package.json,yarn@1.22.5,package.json
a9d2d648ec2162fc18eba1d6dd8db524273a8101,1674679222,15.2.1,package.json,yarn@1.22.5,package.json
bc9a9fb524cf7f4e43dedd5fa08604f26ded3f88,1674685843,15.2.1,package.json,yarn@1.22.5,package.json
04288662f52931528ae165e8e4b24fe5464e77ff,1675104244,15.2.1,package.json,yarn@1.22.5,package.json
f3195f03ab022ebee4fba3b883966861960a3635,1675107860,15.2.1,package.json,yarn@1.22.5,package.json
b368172858c2c6fa63b170da737318a3c1ac20d1,1675110138,15.2.1,package.json,yarn@1.22.5,package.json
59e7aa5fe0787323cf559b2312e107bbfdf55fca,1675112328,15.2.1,package.json,yarn@1.22.5,package.json
90615e65774f8b7086b54456c53fb2fd1f598ec6,1675113342,15.2.1,package.json,yarn@1.22.5,package.json
f95206b9d834c1ade58deb80bf4e0f2bbba2edd1,1675115244,15.2.1,package.json,yarn@1.22.5,package.json
192fd2e90912c8bdfb8ac5f985535aceac5439f6,1675115327,15.2.1,package.json,yarn@1.22.5,package.json
4b6f7289609425fca77025f9f1a3bac906c85441,1675115390,15.2.1,package.json,yarn@1.22.5,package.json
e92dcf2cc6fd8031f2dec392c485e2f1c1bd3834,1675207630,15.2.1,package.json,yarn@1.22.5,package.json
9dae8d9c97ccee7655650fbf451b36c0d141f983,1675354864,15.2.1,package.json,yarn@1.22.5,package.json
535d576ab9c75132802ac0d3ab5270e958e6f0f9,1675443679,15.2.1,package.json,yarn@1.22.5,package.json
db691807b2a01b2a00f41ec9d8482a83ba3796d8,1675445646,15.2.1,package.json,yarn@1.22.5,package.json
3f95176f9a5ab0c3829402e91743313281457de5,1675447427,15.2.1,package.json,yarn@1.22.5,package.json
3b801da770037c917ab14e52e90e6a5040611e6b,1675452563,15.2.1,package.json,yarn@1.22.5,package.json
2ff5a14725d301bcb491572ecc7aac6adf695db7,1675452683,15.2.1,package.json,yarn@1.22.5,package.json
210959149379e0ecac79f48546900b27563ec239,1675453181,15.2.1,package.json,yarn@1.22.5,package.json
379f95f696f441eefcc09e5aaa3a51c6e023b4ff,1675453197,15.2.1,package.json,yarn@1.22.5,package.json
a364e288ad8857e886b1e110a03ae1fa98ebf9a1,1675458191,15.2.1,package.json,yarn@1.22.5,package.json
18919665c0ba721bbd12b4d75b6944435dd4ea49,1675458336,15.2.1,package.json,yarn@1.22.5,package.json
b15cdba9a31f56dbbf16de768d2ec4bb23b08807,1675671119,15.2.1,package.json,yarn@1.22.5,package.json
c904c139820b19ea969b2c4c9af50ca728a66a03,1675688266,15.2.1,package.json,yarn@1.22.5,package.json
d97408f17d648cb2c48ba46e663b69ca97d97088,1675967526,15.2.1,package.json,yarn@1.22.5,package.json
9e30d39219f65db9cf437d276563f877d3a9ff24,1675980212,15.2.1,package.json,yarn@1.22.5,package.json
8865160ea149368d17f6c140a3cf675b3b160b5d,1675980356,15.2.1,package.json,yarn@1.22.5,package.json
5544eec6a512f936c02dab1b0c774006d3afa848,1676267495,15.2.1,package.json,yarn@1.22.5,package.json
101e0480b7eba4f44b8bad69c104b0ba7c58c5dd,1676300368,15.2.1,package.json,yarn@1.22.5,package.json
c54a5d79120b606cd2bc235d38568e3adb55dc4c,1676300368,15.2.1,package.json,yarn@1.22.5,package.json
551ef0ab606f4c1704486c1c901a04a86bcf7995,1676306578,15.2.1,package.json,yarn@1.22.5,package.json
73cbef4137f6ce2b248e41e359f2b8a714e429e7,1676306953,15.2.1,package.json,yarn@1.22.5,package.json
e6fb346354907911992b0d1bbebf9e839bb460a2,1676307093,15.2.1,package.json,yarn@1.22.5,package.json
fe2844b34380602651cc1a9691312e5d25962c30,1676309701,15.2.1,package.json,yarn@1.22.5,package.json
43c71d0c261238f6c9f2f9001db3639f03d8b4b7,1676322271,15.2.1,package.json,yarn@1.22.5,package.json
34475135119eb94f312b7b667d03de3f84f51b90,1676323998,15.2.1,package.json,yarn@1.22.5,package.json
3ad2d6437fb2ef9993af0f77c8b8b210c45e6732,1676327369,15.2.1,package.json,yarn@1.22.5,package.json
a3b035171d6bbf47261f75573b47c5231b139a63,1676337459,15.2.1,package.json,yarn@1.22.5,package.json
804b51fb1ff9467a061d1918b78466e8fb56b623,1676398353,15.2.1,package.json,yarn@1.22.5,package.json
98ee6cb8664ee8726e90f2abe7062b7623a04a11,1676473777,15.2.1,package.json,yarn@1.22.5,package.json
cb83c996679281389847709a965b3ac76c7c4357,1676473930,15.2.1,package.json,yarn@1.22.5,package.json
479f9129c05ca64bc056d35ef8c38201286fed55,1676474192,15.2.1,package.json,yarn@1.22.5,package.json
3b18cf5151da0e0485c2953b8a7d076f5658fd11,1676500507,15.2.1,package.json,yarn@1.22.5,package.json
a575ea2e9a747e3cc93f0bfeb42ee0a58f3abeaf,1676500647,15.2.1,package.json,yarn@1.22.5,package.json
88314568702e3246db97ea029fa5fcec9ab64f18,1676501131,15.2.1,package.json,yarn@1.22.5,package.json
80968548948c0b5148629fc63c49fd80598d1fb5,1676501253,15.2.1,package.json,yarn@1.22.5,package.json
58aeb6c6c6c6c2c5dd659681a0edd3cfcea4d9ac,1676561204,15.2.1,package.json,yarn@1.22.5,package.json
8c43fc170944dc38f758a4da9a5df481cc9b5177,1676561363,15.2.1,package.json,yarn@1.22.5,package.json
c42cd532bd8292f1b64259fed86f30d53ec4528f,1676579860,15.2.1,package.json,yarn@1.22.5,package.json
08f289b9b316cdb8fa216f5632277d1e47a4eec5,1676666054,15.2.1,package.json,yarn@1.22.5,package.json
42e572903259d7e3561ba0478524293f94193fb2,1676667740,15.2.1,package.json,yarn@1.22.5,package.json
65d9763fa8dbf21ed2675cece64dc000a2e9e561,1676904884,15.2.1,package.json,yarn@1.22.5,package.json
56ee28790d6f639ff9be4482fa3966d05aa5444a,1676904884,15.2.1,package.json,yarn@1.22.5,package.json
9fbcf1a529c9a9872c5ba823ead46b7e7e43689e,1677018981,15.2.1,package.json,yarn@1.22.5,package.json
68b74ebcb09343ff3a19da75f5c03e883e55b263,1677190317,15.2.1,package.json,yarn@1.22.5,package.json
6340198cc85b7a905e234bc35faa455f05658f10,1677343783,15.2.1,package.json,yarn@1.22.5,package.json
51d745bc4051d36fe0b4160b06d0fee98c2867c8,1677512744,15.2.1,package.json,yarn@1.22.5,package.json
c0ee37bf53efe56e448097910acf36dc9dd646e2,1677512864,15.2.1,package.json,yarn@1.22.5,package.json
e73df57b4ec76dcedad9003d55bf619ee1937394,1677516279,15.2.1,package.json,yarn@1.22.5,package.json
4fcdb4a17b0dd04a453e9bc8ce4dfec2c8b3f176,1677572341,15.2.1,package.json,yarn@1.22.5,package.json
dad9eadeb7a5f3f47d59d472c3e0cf331c4a54b0,1677581216,15.2.1,package.json,yarn@1.22.5,package.json
a4a5bfed2477b71ca2fa8ffe43b156ea71d59bf2,1677623347,15.2.1,package.json,yarn@1.22.5,package.json
c5aac28f1dc2a59f5b473977a336223470372f64,1677662644,15.2.1,package.json,yarn@1.22.5,package.json
925f8c1c5405ba655ed765c50172bbb31b2f8af9,1677686277,15.2.1,package.json,yarn@1.22.5,package.json
08e03afc6f72d3ddbe8b2fa4a2f4c0a3855cb4d0,1677687154,15.2.1,package.json,yarn@1.22.5,package.json
f99c7dd5b0dfdb91c87cb66b129271981a14acab,1677701881,15.2.1,package.json,yarn@1.22.5,package.json
128e5afa85574a1a2f4f67c39b7caae56716260f,1677704213,15.2.1,package.json,yarn@1.22.5,package.json
7ced6fa530358fedd7e4a5214cb22ac5343904b4,1677749731,15.2.1,package.json,yarn@1.22.5,package.json
c75ea71e04b20a83ee324db5d7985d69eb44ace9,1677776280,15.2.1,package.json,yarn@1.22.5,package.json
e47032b0e8a34e114ed499f04a678a45a3c87df6,1677859161,15.2.1,package.json,yarn@1.22.5,package.json
8d9f20bed87056f5e68fa4af70e37bd9512d4ec4,1677877134,15.2.1,package.json,yarn@1.22.5,package.json
f978e3e543d612423dddbc934a334cdee1319c30,1677877179,15.2.1,package.json,yarn@1.22.5,package.json
2d4cd23f8020b4356679ce6e76da8c8e1bf8d4d0,1677877846,15.2.1,package.json,yarn@1.22.5,package.json
a438347baceb1783a7dd98ee3cdb19c7fc260802,1677877864,15.2.1,package.json,yarn@1.22.5,package.json
fa9cc113a0d14393cce9f54f25074fde23cbf511,1678121861,15.2.1,package.json,yarn@1.22.5,package.json
a39724903c8592d9b1967a5628d8d946f4730ac4,1678136036,15.2.1,package.json,yarn@1.22.5,package.json
92316dd7d165969b71262bfdeb0ee38d7f3deaee,1678150854,15.2.1,package.json,yarn@1.22.5,package.json
5e8d6a1ad9c350616d12c9ed338beae0d8977297,1678164659,15.2.1,package.json,yarn@1.22.5,package.json
48059cad0cbef9ec4839e887c3a0a3b893968daf,1678192621,15.2.1,package.json,yarn@1.22.5,package.json
ae779ed663b90f3db9e83058af117f4b7e87b98c,1678293719,15.2.1,package.json,yarn@1.22.5,package.json
e53db3beecd3e17ffb42370e46f7f8bbcf939c38,1678297835,15.2.1,package.json,yarn@1.22.5,package.json
7dc71ee90e9db6d87a8b6c182a79aba431032337,1678311736,15.2.1,package.json,yarn@1.22.5,package.json
bcd344bbe835b21fe64415be105adea113f7244a,1678315159,15.2.1,package.json,yarn@1.22.5,package.json
2c08f668f47e7d6246728057cebb25b3aa37caa7,1678369768,15.2.1,package.json,yarn@1.22.5,package.json
351d18d909eb27d9653f1b619e6ec05b7e674908,1678372105,15.2.1,package.json,yarn@1.22.5,package.json
ccd01945c4d19cb5d9ac9ab91ca4b08dafc99e27,1678374445,15.2.1,package.json,yarn@1.22.5,package.json
86f311d46df9f0bff9893322ee54b0d428bbb452,1678375514,15.2.1,package.json,yarn@1.22.5,package.json
fc9298e4bca0ee9e8ec8616156f332dc95c23234,1678380097,15.2.1,package.json,yarn@1.22.5,package.json
10b68a433d5093fb32208ded40457f887c20e27d,1678381592,15.2.1,package.json,yarn@1.22.5,package.json
ff927bec65208bcbeb8a1ed4ae068c40aa569e6a,1678382835,15.2.1,package.json,yarn@1.22.5,package.json
f9d30ccb05d417517327578bdb0afb35822f80a2,1678391447,15.2.1,package.json,yarn@1.22.5,package.json
c7adaa07b87e8fce5580caaff557108cc2362057,1678391600,15.2.1,package.json,yarn@1.22.5,package.json
6e28e9879657c791fec4309d2a9769712d5aa16c,1678397847,15.2.1,package.json,yarn@1.22.5,package.json
59463de5edfc059809ae5f338eacaa6467f270bf,1678465649,15.2.1,package.json,yarn@1.22.5,package.json
0fc3bbc4295b3ce92146dacb4f0dd3672847f833,1678818468,15.2.1,package.json,yarn@1.22.5,package.json
0b3480c6e108e2b45a2240779a908c62f096854e,1678818468,15.2.1,package.json,yarn@1.22.5,package.json
f01b8925efec33be65e47495737d3df3c3d01832,1678818468,15.2.1,package.json,yarn@1.22.5,package.json
64852423b2b01c734507b9ccf91ba4fdf361fc43,1678818468,15.2.1,package.json,yarn@1.22.5,package.json
2894692dc0ae1e02b7985aa2fe49fb44f9c7631d,1678900929,15.2.1,package.json,yarn@1.22.5,package.json
f3d9f16330eec719f0959426390fb3f6269f27cb,1678966358,15.2.1,package.json,yarn@1.22.5,package.json
1ed40506197cf6009e97cf558ff987944cd781bb,1678977471,15.2.1,package.json,yarn@1.22.5,package.json
015e5bda995b7f5db563416c53b9320e0c9da3a8,1678977593,15.2.1,package.json,yarn@1.22.5,package.json
61e5fb458b4a47d2638157dd65d09cde4ef62c64,1678981510,15.2.1,package.json,yarn@1.22.5,package.json
ea0ef101ed0eb988312dd44ce8eea5e02f6c6b86,1679077094,15.2.1,package.json,yarn@1.22.5,package.json
710252b32e8222738bc89d2fc5d917181832122f,1679077466,15.2.1,package.json,yarn@1.22.5,package.json
30d9e274c9e6dbc39d155d16fc6f86276ce15974,1679082048,15.2.1,package.json,yarn@1.22.5,package.json
2dae40fa12d9c355c975f38b69ffac0e1078a8fd,1679082048,15.2.1,package.json,yarn@1.22.5,package.json
94f05f9e773e997de96bfa536fd00d6a91a14e85,1679334481,15.2.1,package.json,yarn@1.22.5,package.json
47e6f9592ab8996d08fe7e68843c5c98b438d8de,1679400689,15.2.1,package.json,yarn@1.22.5,package.json
6c7536e559fbf6529093f20cd34e4d958458c8b5,1679404235,15.2.1,package.json,yarn@1.22.5,package.json
5a1921dada3f33700d2cf70f0ac984923a5795e3,1679408381,15.2.1,package.json,yarn@1.22.5,package.json
a46eccb5248ec912a6b00f1ce6c6a2a1725e986d,1679417560,15.2.1,package.json,yarn@1.22.5,package.json
6147a20cb89d24dd4e7de2cf09183589574a8d19,1679424951,15.2.1,package.json,yarn@1.22.5,package.json
ba59b5e0173356b42d898e5fba70f17f4c2a26af,1679436572,15.2.1,package.json,yarn@1.22.5,package.json
2373a1f335532eb946e66ac2228884558ac03cd3,1679478131,15.2.1,package.json,yarn@1.22.5,package.json
10fd52f04f24defc3946d07b70ac3ecebc659471,1679491265,15.2.1,package.json,yarn@1.22.5,package.json
4d9c404ff4522f310f7b08e5dbec4f87c7497f75,1679493871,15.2.1,package.json,yarn@1.22.5,package.json
126d88c4239f2a47d922dbb8d9ca0fc8078fe8ae,1679495961,15.2.1,package.json,yarn@1.22.5,package.json
cc356b38bb4d40c52f2f6942359ccf0f9210ecd3,1679496219,15.2.1,package.json,yarn@1.22.5,package.json
fe64c9a7e846bcc811df645cea57b3ecd45416b3,1679509760,15.2.1,package.json,yarn@1.22.5,package.json
681bdfebec5f10e017388c1e455615fd302d2d2b,1679511207,15.2.1,package.json,yarn@1.22.5,package.json
0ff02313a76a59657ddb075d9d1e44a8575600b5,1679511513,15.2.1,package.json,yarn@1.22.5,package.json
9573b27e829129efa5f61fe6bbbe523001029c65,1679512088,15.2.1,package.json,yarn@1.22.5,package.json
a024a40d420de7181c13f0d074a743a98e0e4627,1679606705,15.2.1,package.json,yarn@1.22.5,package.json
92021b66c9ba9d3c566304b4ba803019476f29d3,1679669762,15.2.1,package.json,yarn@1.22.5,package.json
302dfa0776dbbf77ae0a779e6102fbcf54a2b737,1679691138,15.2.1,package.json,yarn@1.22.5,package.json
13d8b0982f11b668f2a3ea81abf912eb91d22490,1679691138,15.2.1,package.json,yarn@1.22.5,package.json
c47d7f8bbf74b5acef0a89a502627df18bd3da3f,1679922876,15.2.1,package.json,yarn@1.22.5,package.json
7ced3b6c9e8046f18528ff167cd5f3170f269498,1679933374,15.2.1,package.json,yarn@1.22.5,package.json
d646e4dee24cbfbee0f060ee8dffb999a65a6b53,1679939173,15.2.1,package.json,yarn@1.22.5,package.json
bb742654c07da2457c2ec481db412fed71a823e6,1679950820,15.2.1,package.json,yarn@1.22.5,package.json
135ee08409561d331e29840c188197aee27de59f,1680009526,15.2.1,package.json,yarn@1.22.5,package.json
754c9cc537ed8ca9127b81922aff9e816af1dfe3,1680014026,15.2.1,package.json,yarn@1.22.5,package.json
f5dc6d55bca03fcd47d9dc07a1c7c0d5523e3c9e,1680033763,15.2.1,package.json,yarn@1.22.5,package.json
575715690e100acf8392940914d33ee673fe2ad0,1680039393,15.2.1,package.json,yarn@1.22.5,package.json
a97cd735f06cd6b2be40e131686f25f7f9f94e7a,1680039514,15.2.1,package.json,yarn@1.22.5,package.json
6717175d846a03264b4833fc1fca822b02e99f40,1680073852,15.2.1,package.json,yarn@1.22.5,package.json
31c480147c09f1249f8e310e08796718cbe2f84b,1680102876,15.2.1,package.json,yarn@1.22.5,package.json
9c782f2970802fc9a0f732d3274ea8d478f47145,1680118438,15.2.1,package.json,yarn@1.22.5,package.json
81ef940062f10ec9ceef0da0df6fc0c5b2c73438,1680261961,15.2.1,package.json,yarn@1.22.5,package.json
89966510fd1fef7e9d0d77ebfafedab5ca08341e,1680528962,15.2.1,package.json,yarn@1.22.5,package.json
8ef6cf6ddcf077af2e8b2c7812c13e2afe564ba3,1680533265,15.2.1,package.json,yarn@1.22.5,package.json
8021fc3436bcba45d8252a825c8afa0d35e17ba6,1680545035,15.2.1,package.json,yarn@1.22.5,package.json
20f573fc00fffb39debc2effb6eb6983831cd4ab,1680549358,15.2.1,package.json,yarn@1.22.5,package.json
8c0d9e1207b9cfdbc49975fb569887314e9a3195,1680555515,15.2.1,package.json,yarn@1.22.5,package.json
3805802b0517361f56247050a406c5111d7310e1,1680555644,15.2.1,package.json,yarn@1.22.5,package.json
f01a897d34bb528bd192a474d4fd2dda967d2099,1680555656,15.2.1,package.json,yarn@1.22.5,package.json
c31c2cda4a4d41c8b4de1ce4023e418984cd5bd8,1680555669,15.2.1,package.json,yarn@1.22.5,package.json
6dcf77f06ffe18b3f0ffe98e7a8d22a5488906c1,1680555797,15.2.1,package.json,yarn@1.22.5,package.json
5eafa9421b10487715c828175e9749fa3d795914,1680558111,15.2.1,package.json,yarn@1.22.5,package.json
729e1fa4c0aef3a9913cdcc81b0a7ab5e9d17f8d,1680629854,15.2.1,package.json,yarn@1.22.5,package.json
dd3576782e227293756b605706f4d990de187021,1680631556,15.2.1,package.json,yarn@1.22.5,package.json
3e75e74fb7cb7a6a19039887af2cf86f01cfdc1f,1680632570,15.2.1,package.json,yarn@1.22.5,package.json
5a111dcaca79662ee1c768c0450ed873aeaa0bad,1680640191,15.2.1,package.json,yarn@1.22.5,package.json
b70c36ed592c0797e0a36b1b79b2baa6fcd0e3db,1680712088,15.2.1,package.json,yarn@1.22.5,package.json
b1205a3fce813f2c06f507bcba7c1235ebbfee2e,1680805902,15.2.1,package.json,yarn@1.22.5,package.json
6e20ce1a1844ba6d87ffd17a7ae30e1eeded6d79,1680815748,15.2.1,package.json,yarn@1.22.5,package.json
13ad1a03c9b18ba4b03114e8bfa234b91a0a62ca,1680818825,15.2.1,package.json,yarn@1.22.5,package.json
211a367585ed8b76e80057c5fd4b01601e335f63,1680893653,15.2.1,package.json,yarn@1.22.5,package.json
f405a4469e66f05140f152076ea4ef56f2be12d1,1680893743,15.2.1,package.json,yarn@1.22.5,package.json
2ae672faa5960b391a54e9a923107695e292910c,1681072285,15.2.1,package.json,yarn@1.22.5,package.json
4a0d640d2964d460cc20747e60dbe97cc2b86070,1681395086,15.2.1,package.json,yarn@1.22.5,package.json
e961a578308e3af98dc6ba0924468bc446e1ad20,1681485771,15.2.1,package.json,yarn@1.22.5,package.json
f85ee40f4cab73467b5f9529faa8711f43c49e77,1681488951,15.2.1,package.json,yarn@1.22.5,package.json
9c0d87a827a26675592e5edfe79a9a74e27dd07c,1681490045,15.2.1,package.json,yarn@1.22.5,package.json
5b22d2352accbbda4d690abef8ae01e590a81d65,1681490133,15.2.1,package.json,yarn@1.22.5,package.json
0e8461568757b5dc5edcea503dfc27bf87191bd3,1681498675,15.2.1,package.json,yarn@1.22.5,package.json
d50d1bdaff7b2c6a62a5a7644085f81f4a7d6292,1681505885,15.2.1,package.json,yarn@1.22.5,package.json
9b9e9d5c3b9f6afa4ac046d330ec9cd1dc9d6b2d,1681740999,15.2.1,package.json,yarn@1.22.5,package.json
9e1a37cba17e2c036664477146b734848ce2ecbb,1681741363,15.2.1,package.json,yarn@1.22.5,package.json
33089b478649349480f4c1945c43c2809eb58c5a,1681745716,15.2.1,package.json,yarn@1.22.5,package.json
d8e880da3eef6a3d134f5e57a57b38f7a4c745dd,1681748156,15.2.1,package.json,yarn@1.22.5,package.json
bb350fa104761617c0278337cef3d8477e5159cd,1681757331,15.2.1,package.json,yarn@1.22.5,package.json
a36e1ca6b6be74c67d2d889b94af546b0b51177e,1681847773,15.2.1,package.json,yarn@1.22.5,package.json
76513047084bed2019fe15c31695ece2e27d5e4a,1681847814,15.2.1,package.json,yarn@1.22.5,package.json
8a74ca4a060fcb7185ab94c7ee5b1ac9eac721a4,1681847935,15.2.1,package.json,yarn@1.22.5,package.json
f2c40790bfd2d42bf3af9e92284afd5433e138bc,1682017852,15.2.1,package.json,yarn@1.22.5,package.json
c6def7947c0e345c756a9c75ea59a68b9eaea407,1682017938,15.2.1,package.json,yarn@1.22.5,package.json
81021a4a86bc705937d43c985bce463b11e04ff6,1682018059,15.2.1,package.json,yarn@1.22.5,package.json
d8699dd029b5f2151f4f24a908750cb00ce7ac0a,1682018945,15.2.1,package.json,yarn@1.22.5,package.json
faeca13017380790ba67cacc87bd4fc4ce38fe41,1682019079,15.2.1,package.json,yarn@1.22.5,package.json
9c97e0c1b516c012b244f6c49b25ed9d3cfcb3e6,1682102358,15.2.1,package.json,yarn@1.22.5,package.json
df0d724fd0352b323c30773816fd587229fb0bac,1682106140,15.2.1,package.json,yarn@1.22.5,package.json
41ef8157c96a26ba9199c180482a28be1084573d,1682111023,15.2.1,package.json,yarn@1.22.5,package.json
cb95321d456900c602170389c7a6b71c1ce1cfd4,1682111085,15.2.1,package.json,yarn@1.22.5,package.json
c5d86bab7202d9988631380aa82322c624618bdf,1682111202,15.2.1,package.json,yarn@1.22.5,package.json
46267055c85b2526320d4788cf290544e6ff0b15,1682413037,15.2.1,package.json,yarn@1.22.5,package.json
de12bed88111a02fd620e636a9f358f475319209,1682432449,15.2.1,package.json,yarn@1.22.5,package.json
88c0c8d8090125ce7273ad5677503b4e59c0ff10,1682437052,15.2.1,package.json,yarn@1.22.5,package.json
eb9c15cb5b284d9116e35621302caf45728b47ca,1682483842,15.2.1,package.json,yarn@1.22.5,package.json
dd9a466c71100bbd4a3cafcebc2eea651b8c7492,1682518750,15.2.1,package.json,yarn@1.22.5,package.json
88899c227efd407314de9c8618e082713b478357,1682605979,15.2.1,package.json,yarn@1.22.5,package.json
3f0ac3d4e09c03c8d1ae5779c501f060eeeadcdb,1682612195,15.2.1,package.json,yarn@1.22.5,package.json
b1ffadad01ed91684e41f4e6743f69ce69f3153d,1682613775,15.2.1,package.json,yarn@1.22.5,package.json
4a7f35810205611ccf601736662b54a4c9bcd254,1682712121,15.2.1,package.json,yarn@1.22.5,package.json
c8800b0c1a5681702cdf7353bdfec272f300a26c,1682712240,15.2.1,package.json,yarn@1.22.5,package.json
1cbf8a6cf9375ff4a0678ef7a709aecdeefaeaec,1682735200,15.2.1,package.json,yarn@1.22.5,package.json
7e6a44b909d2dac7bfda7be9e01305dbc6126a6a,1682868249,15.2.1,package.json,yarn@1.22.5,package.json
6973955584d58169106f9dfc9540b00e0a0a5951,1682868996,15.2.1,package.json,yarn@1.22.5,package.json
8cee17fb3db159523d9f5ee67956db9bf48ea14c,1682869135,15.2.1,package.json,yarn@1.22.5,package.json
b7f06a4c3ad6aced24df7ada1562746d8efb5c87,1682873805,15.2.1,package.json,yarn@1.22.5,package.json
d5bf57fb9938a873a2d6f95173046e3edb568f3b,1682947022,15.2.1,package.json,yarn@1.22.5,package.json
67aca76e4c39707b78e1695e00165be812e178bf,1682961873,15.2.1,package.json,yarn@1.22.5,package.json
4e6d3ea27a13d3be076d9ca251369c1ff32e932b,1682964794,15.2.1,package.json,yarn@1.22.5,package.json
d71d12122f2121cf4d1f7556f91ffcbfec04087c,1682964834,15.2.1,package.json,yarn@1.22.5,package.json
dff3426edfe57bbf4567d0ded93be2d7ba3227de,1682967121,15.2.1,package.json,yarn@1.22.5,package.json
44be7b999a7785cd20842d6ee1d53f9894798a56,1682967268,15.2.1,package.json,yarn@1.22.5,package.json
3f8fbaad28ee341ed489f4f546c6bc5e8a3258e4,1682968689,15.2.1,package.json,yarn@1.22.5,package.json
5c97dc775d2e38edf3ae6a8f8ce3c1994a301e99,1682976989,15.2.1,package.json,yarn@1.22.5,package.json
57bb441b986c4d299a20adc422c30a8351759226,1683038239,15.2.1,package.json,yarn@1.22.5,package.json
bcfb07d23d84037e0c3b437c79201c0f970c65aa,1683042656,15.2.1,package.json,yarn@1.22.5,package.json
17dbe550beea52d7516c9ef8b572f6c991ef7ab6,1683042686,15.2.1,package.json,yarn@1.22.5,package.json
76b402a4b99856e2bd996ad8b6a6337001b8902d,1683054103,15.2.1,package.json,yarn@1.22.5,package.json
48b8e07eae7fa432a62104cedc9cbcd6290f7c2a,1683054222,15.2.1,package.json,yarn@1.22.5,package.json
e88a91878fb18926b2d594e304c4d59f0d7ec097,1683121431,15.2.1,package.json,yarn@1.22.5,package.json
69c0d61012d82ce7828b80be7c1eeba64c5567be,1683123355,15.2.1,package.json,yarn@1.22.5,package.json
78642bf70b934fc80767714f8e9c5c7433a778e6,1683148349,15.2.1,package.json,yarn@1.22.5,package.json
451b04551d549af85cf3cad7cffce5559008fd05,1683206841,15.2.1,package.json,yarn@1.22.5,package.json
33142273c686490c8220cb734007a791c4bae9fc,1683215136,15.2.1,package.json,yarn@1.22.5,package.json
46817eaecc1fe10fbb0cbc1ddcbd5937db01dec9,1683228145,15.2.1,package.json,yarn@1.22.5,package.json
184afdfaec5041ff9daaf2bd40e5258d77071b98,1683228262,15.2.1,package.json,yarn@1.22.5,package.json
f3ad97fc5a7d26570cd94e49c81d20ed38bfcb90,1683232099,15.2.1,package.json,yarn@1.22.5,package.json
e81ef6400273af7321fe616f9e5f23032a383fc9,1683298821,15.2.1,package.json,yarn@1.22.5,package.json
0e11c0b1dba714bca7dbfe064bfe6611b8cfb4c7,1683303691,15.2.1,package.json,yarn@1.22.5,package.json
92897f75b02c57304992a54f9a938afc481c07a3,1683525777,15.2.1,package.json,yarn@1.22.5,package.json
650f29e1390d6bc03519839d80895a5028a244a1,1683525853,15.2.1,package.json,yarn@1.22.5,package.json
24d01d2fc95a7ce43cea5234626debd038353642,1683525854,15.2.1,package.json,yarn@1.22.5,package.json
7bef7f2e2999f694f447f839bf0605a8514b4e85,1683525854,15.2.1,package.json,yarn@1.22.5,package.json
1c1f25a884dd53249679e09dddd0e4b74aa5e43c,1683555077,15.2.1,package.json,yarn@1.22.5,package.json
0556cf43754f219053cfd3982d0285d558edb84b,1683556117,15.2.1,package.json,yarn@1.22.5,package.json
2f15ad8aa688c8d66c8a2aac9b1b6f437c3a436c,1683570469,15.2.1,package.json,yarn@1.22.5,package.json
13f74476cfdf48af333bdebc8a8e865057178b54,1683579129,15.2.1,package.json,yarn@1.22.5,package.json
f8a14abfc842267a8c333006ff9297d7d9745fb2,1683640949,15.2.1,package.json,yarn@1.22.5,package.json
0db55e753f1991937c76f87a0a9f22466557a9ca,1683641987,15.2.1,package.json,yarn@1.22.5,package.json
1472e6c2938b1846c861d33db931bff66c7e28e9,1683663653,15.2.1,package.json,yarn@1.22.5,package.json
78b7c93449f51c5bec34dc6ea4e47a7e272fba51,1683666449,15.2.1,package.json,yarn@1.22.5,package.json
c17bf779e0b6cc83389de6178dd755482198d759,1683666663,15.2.1,package.json,yarn@1.22.5,package.json
8ac1d928d6c293bbaeae6cc605ec991494e84509,1683830092,15.2.1,package.json,yarn@1.22.5,package.json
8273f1fc47c177b9b9adb9d08ce4aafaf5d3427d,1683835952,15.2.1,package.json,yarn@1.22.5,package.json
a546714da31eaf90665d96ca680b814b5cb34e7a,1684490290,15.2.1,package.json,yarn@1.22.5,package.json
182f6793605cc97503aa286505660d2a1646666c,1684516227,15.2.1,package.json,yarn@1.22.5,package.json
51a24a9c25806d8570e871c164f11e79003940e6,1684521255,15.2.1,package.json,yarn@1.22.5,package.json
137133cb1f9e7846e3a74b2ce493fa73a0b65490,1684522524,15.2.1,package.json,yarn@1.22.5,package.json
a305c6ff2b187706270aad18ef7a847c00de6e32,1684522660,15.2.1,package.json,yarn@1.22.5,package.json
a323e73653c6e53901352dc607f8eeac253a1929,1684527308,15.2.1,package.json,yarn@1.22.5,package.json
c03ca34da9fd7b33c5dcf3a9f440e3bdc5267150,1684527380,15.2.1,package.json,yarn@1.22.5,package.json
eb8cfa6c25774558f72f53c999d240624a76bd46,1684771347,15.2.1,package.json,yarn@1.22.5,package.json
9672ab92d47e726248135afed186a7b8f3a26fb7,1684771378,15.2.1,package.json,yarn@1.22.5,package.json
376a20ae870541db3f09f41e81cf922a063a3a5a,1684788549,15.2.1,package.json,yarn@1.22.5,package.json
e3ffd54fd07bf432094b32ea50f011713a4e3398,1684789455,15.2.1,package.json,yarn@1.22.5,package.json
5be7d0425a0c25a3f6a5a7f895fbe948b58146eb,1684796273,15.2.1,package.json,yarn@1.22.5,package.json
3bacf3e9db4c4507b12b89e9561510eff24ff067,1684813005,15.2.1,package.json,yarn@1.22.5,package.json
1b0cdbaf696016f4678c957dda90c5b540179a6b,1684849125,15.2.1,package.json,yarn@1.22.5,package.json
ca5435a521856a9ee878fed2d9d83715fa51a463,1684852298,15.2.1,package.json,yarn@1.22.5,package.json
d5b0e63c5cfc4981ea660e6ccc32020d9636dc00,1684852521,15.2.1,package.json,yarn@1.22.5,package.json
6fb056de460e52e2ef2b1f8fa286279538bb5b52,1684867826,15.2.1,package.json,yarn@1.22.5,package.json
345fb9bc2711d89647f5c26a141d5eab5dcffd8e,1684867910,15.2.1,package.json,yarn@1.22.5,package.json
833c0c9fb0209e91409c9c3a6581701e45a7fc87,1684876689,15.2.1,package.json,yarn@1.22.5,package.json
63a94699242d917607f699ce527591fdd7316356,1684943990,15.2.1,package.json,yarn@1.22.5,package.json
b0c58e14e893c4d12ac950a289d51c0f18823cfb,1684945756,15.2.1,package.json,yarn@1.22.5,package.json
1fd7d7bd2166602aa7feede7a4358ae543d84210,1685469065,15.2.1,package.json,yarn@1.22.5,package.json
26456836b5d095fbd33f6a48b1e093e73e6cd12b,1685646648,15.2.1,package.json,yarn@1.22.5,package.json
5a34a881e6973c8032caf43afde6008503523dea,1685646721,15.2.1,package.json,yarn@1.22.5,package.json
d10110739ade41273fc5c9c69e038ff52a72fb56,1685655603,15.2.1,package.json,yarn@1.22.5,package.json
ce3885ce4cdc310c80c1b1a7e091f730b2422191,1685684172,15.2.1,package.json,yarn@1.22.5,package.json
4bdf4a89c8ba14ee600329d9f22bfca7e03b9701,1685714957,15.2.1,package.json,yarn@1.22.5,package.json
d77f7ef6e4541bfed58fb97822f2cc43649c3c82,1685716711,15.2.1,package.json,yarn@1.22.5,package.json
108c87b0589da2def535cd4bc4465469b32a03ad,1685719064,15.2.1,package.json,yarn@1.22.5,package.json
2740f07f89aad73ad6c6d8abc4b1f3656c593b73,1685719128,15.2.1,package.json,yarn@1.22.5,package.json
6890ad8627037142cba1445c94dfd1a4e7236a02,1685722384,15.2.1,package.json,yarn@1.22.5,package.json
e4fef0c1e11ce53cfbc4673ec2aec675d64e695e,1685742884,15.2.1,package.json,yarn@1.22.5,package.json
bf23302648d7816c0cfd9a9741108c2d6a8ed98b,1685743003,15.2.1,package.json,yarn@1.22.5,package.json
e9a08df7a362cbc2ec3dd70e52ab4cfc84f89609,1686148926,15.2.1,package.json,yarn@1.22.5,package.json
afe499b82af269716562f261d901e56cdc48921b,1686155630,15.2.1,package.json,yarn@1.22.5,package.json
248643955fd88e3afa1ece7b55e1b12e008918b0,1686165928,15.2.1,package.json,yarn@1.22.5,package.json
95ceec504483ee8eee26b435ca54ae9aca393ece,1686761363,15.2.1,package.json,yarn@1.22.5,package.json
7a4ad7942ebcaf6e41e3d473e664e8fd2cfcf392,1686761966,15.2.1,package.json,yarn@1.22.5,package.json
b844ac45e2f0e65fdb2ea8cbce23668318243dc1,1686762113,15.2.1,package.json,yarn@1.22.5,package.json
11e7099c21a3cd7c92cedec40775089c7fe9112b,1686833678,15.2.1,package.json,yarn@1.22.5,package.json
001469abfe0000501fae6b0654be88b86bf3f679,1686849719,15.2.1,package.json,yarn@1.22.5,package.json
0ef9111d7eaf54f915e444c0955d700e3bd76c17,1686849789,15.2.1,package.json,yarn@1.22.5,package.json
c85e24a99e01d50247b72211c3ff0e723b50eee7,1687189722,15.2.1,package.json,yarn@1.22.5,package.json
08449d9525a4e1b651b2850f95d0a405086d2f4f,1687193584,15.2.1,package.json,yarn@1.22.5,package.json
fdf4b49f2979ce61837bfe5271eada9c19a6e6aa,1687370559,15.2.1,package.json,yarn@1.22.5,package.json
b8bdf98996367bd5a864251c91688995944c45e0,1687438625,15.2.1,package.json,yarn@1.22.5,package.json
e9084e776d2650112001c5cb77537bcd71fe4c7d,1687557415,15.2.1,package.json,yarn@1.22.5,package.json
42b7a48d68e653bf1fbdf7a54ec401e689316309,1687791784,15.2.1,package.json,yarn@1.22.5,package.json
9fb644d93b0a49a9bcb6860f7695684512c14074,1687792241,15.2.1,package.json,yarn@1.22.5,package.json
d99933a004aa69d23a759bb985f9942dd911186a,1687800698,15.2.1,package.json,yarn@1.22.5,package.json
bd2d562ec43996751e4ec8e507549e19dd9b45b8,1687802324,15.2.1,package.json,yarn@1.22.5,package.json
b6d906e8cb4186fd08cd0a78797f272a430168d5,1687802922,15.2.1,package.json,yarn@1.22.5,package.json
170d60e03a2292a682c7810f4e344dd6635ff50e,1687804303,15.2.1,package.json,yarn@1.22.5,package.json
937b077f3eb91f5ddcae22a1b5b28cea7dea4673,1687805060,15.2.1,package.json,yarn@1.22.5,package.json
c096cee1e55dabe1133326ec06dde22e1041df9d,1687805221,15.2.1,package.json,yarn@1.22.5,package.json
09f87b3a42e13face2cd86c8b097cfa8fb9428b1,1687811232,15.2.1,package.json,yarn@1.22.5,package.json
ab13b6bbd459b3dcc9af2af3aeb44c4eb383a056,1687811232,15.2.1,package.json,yarn@1.22.5,package.json
34f1233f96d6c39f53fb27649491c61598a68f1c,1687811232,15.2.1,package.json,yarn@1.22.5,package.json
b03f23d79b337bb61575da96f5383ddcadda43b4,1687811232,15.2.1,package.json,yarn@1.22.5,package.json
1e6e6c6e780bdd6a3c1310b345e83d48550be41c,1687811232,15.2.1,package.json,yarn@1.22.5,package.json
2fdf21a27c280c6563c40be442af3f86d3b8e22c,1687887979,15.2.1,package.json,yarn@1.22.5,package.json
9019ae5b6db60c2926a5b5857b9f104eee9e4731,1687890226,15.2.1,package.json,yarn@1.22.5,package.json
fb5fcd3ef959320a1caad0ee9a765da22a2bac80,1687895229,15.2.1,package.json,yarn@1.22.5,package.json
2c914911ce25a82e4a51f4260d565899605cab84,1687947717,15.2.1,package.json,yarn@1.22.5,package.json
c0e1028124730b64a179a972fbd68f3258c90141,1688501618,15.2.1,package.json,yarn@1.22.5,package.json
0afcacb8ed5e2f9122e0002a2762228dee557cb9,1688569165,15.2.1,package.json,yarn@1.22.5,package.json
348f8295e572bdf17e46cbb7ac3430e7baf0dbfa,1688569295,15.2.1,package.json,yarn@1.22.5,package.json
daf0473622361f05bad30833d6384a2bdf07193c,1688664683,15.2.1,package.json,yarn@1.22.5,package.json
8016d90d68a02288e6787dc0b2130cf02852564d,1688664756,15.2.1,package.json,yarn@1.22.5,package.json
6f94eaa3a96b969309f2a8990667ef6159bc73b1,1688749399,15.2.1,package.json,yarn@1.22.5,package.json
8407aba97030c8e40121184d1c554e70855f6186,1688749544,15.2.1,package.json,yarn@1.22.5,package.json
7ab7e01cc2f72f0a82423284a6aeec5f83b9e143,1689033031,15.2.1,package.json,yarn@1.22.5,package.json
1f49b0d908bc88763872ac8ee7f2b8a70769cadb,1689278370,15.2.1,package.json,yarn@1.22.5,package.json
a6b2e61b3b25d91a839902e8c70633090b21a5a7,1689281739,15.2.1,package.json,yarn@1.22.5,package.json
ff93ce3229d6d14af03b13510331cf3e6a5b2209,1689606143,15.2.1,package.json,yarn@1.22.5,package.json
d6d313728b39b457ec51e85d3dd8b02d56bce4c8,1689617817,15.2.1,package.json,yarn@1.22.5,package.json
c306862ee177bedb17247b7d4a94f2c08d727b87,1689623548,15.2.1,package.json,yarn@1.22.5,package.json
8e1324403e9a6cb24a46ab20ea3fd2e5f77f2f5a,1689631202,15.2.1,package.json,yarn@1.22.5,package.json
e55422b694b00664052892433ee62aec35fed403,1689631352,15.2.1,package.json,yarn@1.22.5,package.json
616b8bcba39ccd1bd9a66c3dff7878e45d18e553,1689744106,15.2.1,package.json,yarn@1.22.5,package.json
df7dde7f766fec48b0479b8888d6b5297697deba,1689779768,15.2.1,package.json,yarn@1.22.5,package.json
75634e2efb56e9ffdc4357522a0365d5c164f1ce,1689860394,15.2.1,package.json,yarn@1.22.5,package.json
dadfcf96cfddac3d3ab5b2e7f006914a79928093,1689877494,15.2.1,package.json,yarn@1.22.5,package.json
3966173e5630734b662c666749bfe84440ba345d,1689877642,15.2.1,package.json,yarn@1.22.5,package.json
5007e965090f55175b33d11771a09eec913a9c25,1689949740,15.2.1,package.json,yarn@1.22.5,package.json
9626fb142ea454414f5266a3bbb2fe5add26f4eb,1689949817,15.2.1,package.json,yarn@1.22.5,package.json
35979947e67adeb4fdd1ce3ca9669fa73d49c555,1690244961,15.2.1,package.json,yarn@1.22.5,package.json
b542fcf8e1a8b6f10282e37d2fbdcafb824f9b77,1690245067,15.2.1,package.json,yarn@1.22.5,package.json
0c1b146953fcb87bb82d020668447c235ccf7514,1690403825,15.2.1,package.json,yarn@1.22.5,package.json
d603b8f398e71709eabc58ded7b032fefa43065c,1690475615,15.2.1,package.json,yarn@1.22.5,package.json
58518379ea1e7e2ed793fcb175c4e39f849ec047,1690479501,15.2.1,package.json,yarn@1.22.5,package.json
ca598387a33143d8f8398d497fbc36e83ae608f2,1690485565,15.2.1,package.json,yarn@1.22.5,package.json
41755a5ff35bf1b1e66936a5bd2ba9041ef81c6f,1690485577,15.2.1,package.json,yarn@1.22.5,package.json
4cb2126f4f517257631fdb4b4f254687097288fc,1690486645,15.2.1,package.json,yarn@1.22.5,package.json
c993f0d95ae91eb6b087d8d28fa968117d2c73ae,1690486766,15.2.1,package.json,yarn@1.22.5,package.json
297d0a873b6fbfc86f487316b72ca0fd3f1450e6,1690490708,15.2.1,package.json,yarn@1.22.5,package.json
506e28b9c12fe169a8254071ca1da67acf04aad6,1690493697,15.2.1,package.json,yarn@1.22.5,package.json
89022b86e895a634990f1f60a284cc65f54f0c68,1690493697,15.2.1,package.json,yarn@1.22.5,package.json
c173d0ff216212cc9761ba24e279499556de5da9,1690493697,15.2.1,package.json,yarn@1.22.5,package.json
8788acb5749844c5de551cbd00c982a16db9dcc6,1690571382,15.2.1,package.json,yarn@1.22.5,package.json
86dc89a056b3a0388056bcaaa1d599903961637d,1690571539,15.2.1,package.json,yarn@1.22.5,package.json
21828d2442590bea374b1cfc937c0cc7d9c3152f,1690572237,15.2.1,package.json,yarn@1.22.5,package.json
381888c87cd8816a5f41b6b93d0b647832ae8c97,1690575796,15.2.1,package.json,yarn@1.22.5,package.json
59ff1cced1ae7a2b52d891bef2877731b5a504c4,1690575964,15.2.1,package.json,yarn@1.22.5,package.json
3b90420008df8a0d55982233200f87c5b1d2890f,1690811906,15.2.1,package.json,yarn@1.22.5,package.json
fca0273beede1b3998602d0e7ef98d8d681f9efe,1690864189,15.2.1,package.json,yarn@1.22.5,package.json
8342353a516ddd2badb96b7a874a9bb7a182e9d4,1690878981,15.2.1,package.json,yarn@1.22.5,package.json
edf1566587eed04b8125823e26d1f986ab208d25,1690878981,15.2.1,package.json,yarn@1.22.5,package.json
cf2dca81675b97209eadb3b8d5ec851ec2d93ba0,1690878981,15.2.1,package.json,yarn@1.22.5,package.json
585f13b0f16c1a9a5d90ce1302d949027072259f,1690888508,15.2.1,package.json,yarn@1.22.5,package.json
1179e5fa2d884d41860b6044741e872a560d84ec,1690895191,15.2.1,package.json,yarn@1.22.5,package.json
d0285e98cf06e985116d98f992fb4b352a4a5b5f,1690908068,15.2.1,package.json,yarn@1.22.5,package.json
26830372fd20e05536743269e56d4b854c2cf018,1690988086,15.2.1,package.json,yarn@1.22.5,package.json
a971b83d063695b5d4ce1f2ce7e25a8bd561881a,1691002542,15.2.1,package.json,yarn@1.22.5,package.json
8cc2eebbb8ed27574af493c5fc98ae8a1420ca1b,1691007161,15.2.1,package.json,yarn@1.22.5,package.json
a68d7f525e0aae095d7249049a317790f6163c15,1691079331,15.2.1,package.json,yarn@1.22.5,package.json
f1fd4d2996fb38eb0d6eba18ea6b87cb733518bd,1691080299,15.2.1,package.json,yarn@1.22.5,package.json
617e8e1b7a423e2c64a9ce338408d99c98d76742,1691145198,15.2.1,package.json,yarn@1.22.5,package.json
ee23593740d3ccc531f18b8d6b2348097c16dc76,1691150424,15.2.1,package.json,yarn@1.22.5,package.json
5423c6094ef312dea085097f3b6084c320e7a9cc,1691166606,15.2.1,package.json,yarn@1.22.5,package.json
6f247f204c0ce87d57ced09308dd7c3dd0a0d272,1691168659,15.2.1,package.json,yarn@1.22.5,package.json
5c172de2e3d2ee05e5493965d283aa158f307055,1691169330,15.2.1,package.json,yarn@1.22.5,package.json
c54d4bd03a34c3f3e4484452d405bec0f1c88bd8,1691170972,15.2.1,package.json,yarn@1.22.5,package.json
6ae51d39b072b1814c6a1465d2cc4cf029ce1cd4,1691459483,15.2.1,package.json,yarn@1.22.5,package.json
8cec858bd538e0bc91c3ea6a1f9028f624e638fe,1691459895,15.2.1,package.json,yarn@1.22.5,package.json
1d8d3e8d1ac76d8f6178c388495c8cd9c081f5dc,1691459961,15.2.1,package.json,yarn@1.22.5,package.json
a02f3341bb5db39227c110a9bf0975a9e472bd1a,1691610540,15.2.1,package.json,yarn@1.22.5,package.json
d4bcaeb3c1875a514181b285c279c62f94dd40fa,1691610541,15.2.1,package.json,yarn@1.22.5,package.json
12fa7a1e7d00ebd0e6d4f9d8aa896df935cb0761,1691621994,15.2.1,package.json,yarn@1.22.5,package.json
646a942b75caa6397861049ea3c3395e91442ff4,1691642411,15.2.1,package.json,yarn@1.22.5,package.json
5aaf030e29debed63caae0b03736b623e6898bfb,1691747415,15.2.1,package.json,yarn@1.22.5,package.json
523dd099a2578ec6fbfa25f0c7b7cf5df9cf7f33,1691765123,15.2.1,package.json,yarn@1.22.5,package.json
c70ba4e638abadb1409504620dc6d8f31def48ff,1692084738,15.2.1,package.json,yarn@1.22.5,package.json
320a981b399027c51c268db37f57ff5fa0710538,1692107869,15.2.1,package.json,yarn@1.22.5,package.json
e96e76d31423e5dcfe6eabe07407e7e70667336e,1692123498,15.2.1,package.json,yarn@1.22.5,package.json
2ffc7f0ee202990b1d663b1869db8df610585e31,1692125679,15.2.1,package.json,yarn@1.22.5,package.json
da4aec2dfc2a4aa7b48ca78ee70825b342dd4e5d,1692128725,15.2.1,package.json,yarn@1.22.5,package.json
f408c45cdafd6e8340bf3f29821ec4aa7d6febef,1692133453,15.2.1,package.json,yarn@1.22.5,package.json
0e9c82567d88934726bff835528a75ccb6715725,1692192402,15.2.1,package.json,yarn@1.22.5,package.json
4b6ccab220c1b5b67c613e0941c7c12dbf3c78ea,1692193732,15.2.1,package.json,yarn@1.22.5,package.json
212a973bcaaa9b70bef9e750b62315544d6d6bb4,1692215232,15.2.1,package.json,yarn@1.22.5,package.json
0f2f1197b884c36137a79e9ab00e6839f0992254,1692220524,15.2.1,package.json,yarn@1.22.5,package.json
378093eacb7aa70371e3dbaf0c4beb2907f4eaf8,1692223319,15.2.1,package.json,yarn@1.22.5,package.json
0bbb84b1a0e46e748a86a3a4c49dd22f53daa3b8,1692262141,15.2.1,package.json,yarn@1.22.5,package.json
af6bbcc07e5592d13c760468dc0a5e6ff4ab9c5f,1692374571,15.2.1,package.json,yarn@1.22.5,package.json
6ff9a39530685feafda73dcdd8f3cc218abc2e9c,1692630930,15.2.1,package.json,yarn@1.22.5,package.json
b21a67ccde9f98922c4cb10ebd834e4453f8e379,1692630970,15.2.1,package.json,yarn@1.22.5,package.json
43faab545a77be4845c9028552c961a852fa0d3e,1692643943,15.2.1,package.json,yarn@1.22.5,package.json
85a5af3f58b577cd9e2241c847a6560e7e92db17,1692650562,15.2.1,package.json,yarn@1.22.5,package.json
b79cc3e28e61fe7b060224323e939507286321e3,1692745601,15.2.1,package.json,yarn@1.22.5,package.json
332d7451e748697a453ee42f4cd4654586b4d0c1,1692911824,15.2.1,package.json,yarn@1.22.5,package.json
da388a2a027220838fa9e8dcd95eff04c88d9459,1692953943,15.2.1,package.json,yarn@1.22.5,package.json
299433bba268997e4f3741c5f7d11fcb405fe17f,1692955057,15.2.1,package.json,yarn@1.22.5,package.json
929f75aca89d151222e29be6d37e4a43a0643356,1692956473,15.2.1,package.json,yarn@1.22.5,package.json
e979cf9a1d6ec3ba1e7af6f9cf811ec1e2021dff,1693236514,15.2.1,package.json,yarn@1.22.5,package.json
375c2c7c1f963f13fac85488659c250d36ffe6d6,1693240094,15.2.1,package.json,yarn@1.22.5,package.json
494bafad5920bdbfbe14b9934dac19841775e0c1,1693242116,15.2.1,package.json,yarn@1.22.5,package.json
f930cf596d19e658a4e1abecf87e824b575e8d42,1693422167,15.2.1,package.json,yarn@1.22.5,package.json
5fb879758883e268518f800f1c265b44b7ba02c9,1693490957,15.2.1,package.json,yarn@1.22.5,package.json
8be81770fd74c140fd618176dd072bcc4431090a,1693491118,15.2.1,package.json,yarn@1.22.5,package.json
614eac8c4b3d8532749f4451462c0133ae4e670b,1693493266,15.2.1,package.json,yarn@1.22.5,package.json
45cd9ac145c0473e3cfb9b910eb66938bb49d054,1693494270,15.2.1,package.json,yarn@1.22.5,package.json
f6077d8666b844a83524d8bd406e8f6d4a0b2ac4,1693578918,15.2.1,package.json,yarn@1.22.5,package.json
0fe810d547c1af8bf32869d21d30961c03460429,1693579075,15.2.1,package.json,yarn@1.22.5,package.json
ce686534412999a73e8672eae3e500641424953f,1693581136,15.2.1,package.json,yarn@1.22.5,package.json
09f3a86c3cdf66c16b783c001e3b0b45f2b8896e,1693581136,15.2.1,package.json,yarn@1.22.5,package.json
bfadef6ad774b3e71af0478ec459c4de75f2ea77,1693581136,15.2.1,package.json,yarn@1.22.5,package.json
3d0bbfb0375580118a9f5e0ae3e22287b6768f97,1693581136,15.2.1,package.json,yarn@1.22.5,package.json
752ce706f762e13972442bac92ac5c8d87b28ba8,1693584591,15.2.1,package.json,yarn@1.22.5,package.json
48ce0cdf5450d002173ea85c29e812c2c1b734cd,1693586446,15.2.1,package.json,yarn@1.22.5,package.json
dd263696c2159bbd9c304b1070729347419fe776,1693589356,15.2.1,package.json,yarn@1.22.5,package.json
fcaff404f335abf31fefc6eac46d37650f5ed3fc,1693589603,15.2.1,package.json,yarn@1.22.5,package.json
16bed322e4be3769097c9ba6adc7a1ad1159de39,1693589681,15.2.1,package.json,yarn@1.22.5,package.json
768e629dd6d421ede0aeff6f179b0a8781d0a762,1693592681,15.2.1,package.json,yarn@1.22.5,package.json
ef4367aaf67353d1b19cb951ede73b83bdccb30a,1693592827,15.2.1,package.json,yarn@1.22.5,package.json
030a9dccf21d7b3df46180cfdf8f5331d8dd6bdb,1693596853,15.2.1,package.json,yarn@1.22.5,package.json
1dc5fafccebf8781f2879f8384d83bbb1faf4db7,1693876094,15.2.1,package.json,yarn@1.22.5,package.json
922376f2e75e1deeb5b6438f4cf1c9231c6ea86a,1693937827,15.2.1,package.json,yarn@1.22.5,package.json
7e6a9c3d169b6c4e33b678211cd1871ab47066be,1694096123,15.2.1,package.json,yarn@1.22.5,package.json
9cd1da0c55788b22825092cfd9fdefbc1e63b013,1694096243,15.2.1,package.json,yarn@1.22.5,package.json
8876aca294a835cd359b58ac172f6e9004d7efcc,1694096323,15.2.1,package.json,yarn@1.22.5,package.json
a15de3866e8e6875b05b525c7ce7907f048f03a9,1694096624,15.2.1,package.json,yarn@1.22.5,package.json
6eef30d88b823d17e1c345810622217ac6e55a3a,1694204195,15.2.1,package.json,yarn@1.22.5,package.json
6cfd9aecf7636adae3d3e068d63f6ed35057d213,1694360893,15.2.1,package.json,yarn@1.22.5,package.json
e410bacbbb3e7653849ab17f837feff53efb0c51,1694443521,15.2.1,package.json,yarn@1.22.5,package.json
3861c9792d97ee555a7acf9d2a2cf931b211072a,1694443705,15.2.1,package.json,yarn@1.22.5,package.json
b96e11e66e24c0cfb5cc8c772942d746f93d0b93,1694466787,15.2.1,package.json,yarn@1.22.5,package.json
7d889f65537b30dfcffda6972362d7bd15957fd6,1694519072,15.2.1,package.json,yarn@1.22.5,package.json
677e20d0526eb72c8c4273bddee50405bcf7ff35,1695072876,15.2.1,package.json,yarn@1.22.5,package.json
e8764c7b68cfbe54d89595382f0369fced29d69d,1695073313,15.2.1,package.json,yarn@1.22.5,package.json
d4ad3c74719663f6aa414d6c1a13556143b872ab,1695130051,15.2.1,package.json,yarn@1.22.5,package.json
f55cea8a4e3d58c4f0ad2301df30214dc5162c87,1695211285,15.2.1,package.json,yarn@1.22.5,package.json
19546b3bf2f0272253c5357572a334e2f10a0ff5,1695239028,15.2.1,package.json,yarn@1.22.5,package.json
ca43da7f6b653f8db38fc59309a9c8a55b43284c,1695239028,15.2.1,package.json,yarn@1.22.5,package.json
dd772daac337bd84a0356e8837fb7655f5437167,1695257970,15.2.1,package.json,yarn@1.22.5,package.json
4a0fd7c6ed0c64aa487e86d1369a3d3690476956,1695263601,15.2.1,package.json,yarn@1.22.5,package.json
fa10857d2fba4b586a97cf44c0f9bbbb315aa8ac,1695263724,15.2.1,package.json,yarn@1.22.5,package.json
56514aff042afef4f69520f280e75f9b90ff3b2c,1695307200,15.2.1,package.json,yarn@1.22.5,package.json
bb3cf85840dc6eb25e3f26779006aaed307504d9,1695307339,15.2.1,package.json,yarn@1.22.5,package.json
5ef951273d8ca4bdc085fe250cdfcbb874b5bfc0,1695315980,15.2.1,package.json,yarn@1.22.5,package.json
b4e76f384324955224a24b54fac3efd4f8dc8127,1695316054,15.2.1,package.json,yarn@1.22.5,package.json
912202642c6ab4fbbed53a13b8f71589d9846f70,1695655224,15.2.1,package.json,yarn@1.22.5,package.json
1e2095f5f3000dfe0271b9699b27b65d27fbd92b,1695750773,15.2.1,package.json,yarn@1.22.5,package.json
1fcb82c310acf35a30868f4bf88cdf658a4defa1,1695912198,15.2.1,package.json,yarn@1.22.5,package.json
02aa56f97a79633147cec48dbe891963f2aa0c2f,1696008229,15.2.1,package.json,yarn@1.22.5,package.json
7aca68bcf3e6838e00377c96aa4cc4b9817ca595,1696010719,15.2.1,package.json,yarn@1.22.5,package.json
b695aa48122a8c65171a91396b321a051329af15,1696019461,15.2.1,package.json,yarn@1.22.5,package.json
8bd440387d24a46eef9badb38810d1ed894be539,1696019604,15.2.1,package.json,yarn@1.22.5,package.json
8ce6212f9a0a338d65dd039e1a2f53160d44aca4,1696019732,15.2.1,package.json,yarn@1.22.5,package.json
2a27e0ba05e2f39c0aee06b4ab580f6cf29e144d,1696255318,15.2.1,package.json,yarn@1.22.5,package.json
eb8e7fb2e5a3f58bdb3e167af79cd4c0222c3c1f,1696255371,15.2.1,package.json,yarn@1.22.5,package.json
358cbcaa5ec00f316e2d1ce9376a35aadb87ed00,1696343260,15.2.1,package.json,yarn@1.22.5,package.json
1f7a3924f3afb0edef134126981b2d92df4f874d,1696516891,15.2.1,package.json,yarn@1.22.5,package.json
80ae67ed736ab83f4bf0fead1d48379092698995,1696605465,15.2.1,package.json,yarn@1.22.5,package.json
d94c81f856ac265ca504bfcca6289f92b92c1453,1696613072,15.2.1,package.json,yarn@1.22.5,package.json
077581b46ff9571a3769ebab316f83f5fc3cb29a,1696867170,15.2.1,package.json,yarn@1.22.5,package.json
c55a8139153941f9a1c5d0c5df0eaad1a54049f4,1696873162,15.2.1,package.json,yarn@1.22.5,package.json
466903a49af84a860381566303dcb5e21f56169c,1697035473,15.2.1,package.json,yarn@1.22.5,package.json
3628f5bb9e055108103573f99b7557da7f442dc2,1697035619,15.2.1,package.json,yarn@1.22.5,package.json
a91e5c7627c4448e839f3d6828db9c497180c124,1697053447,15.2.1,package.json,yarn@1.22.5,package.json
4a84511802756b55406d062382df844a7d8d946e,1697058172,15.2.1,package.json,yarn@1.22.5,package.json
2e24485cf1ec91716d0673e8fa833c298b136b27,1697468812,15.2.1,package.json,yarn@1.22.5,package.json
14db4410b3b767a2571aed86ae08134fad53860f,1697737414,15.2.1,package.json,yarn@1.22.5,package.json
8aa7e8c7cfcac2cfc55b126af53770dae5b4238d,1697831787,15.2.1,package.json,yarn@1.22.5,package.json
1eb7ac5700c19387e7a0071784e50ecf930dc163,1697831898,15.2.1,package.json,yarn@1.22.5,package.json
9e6c5a1b208dde89e9d3f0a1a17c3ad74f796cd9,1697834072,15.2.1,package.json,yarn@1.22.5,package.json
5a758b52ba1746bfcab6241906e22aafc5b97e91,1697837429,15.2.1,package.json,yarn@1.22.5,package.json
db1e86fd722dc0315464c80c144ffd1b4163aebe,1698265711,15.2.1,package.json,yarn@1.22.5,package.json
847bd95eec1c7b3f558f7a0776c6d0f9e8e5d5c0,1698336688,15.2.1,package.json,yarn@1.22.5,package.json
104869a12a4ed71ff2cc2b27f21ea5ef1ce90ee9,1698336819,15.2.1,package.json,yarn@1.22.5,package.json
674c88853b2da19a181df16aa37a0556247bc7da,1698438502,15.2.1,package.json,yarn@1.22.5,package.json
b35ca82a0a29ca86bfcf29c0e43212aca1d51536,1698674999,15.2.1,package.json,yarn@1.22.5,package.json
da668f6621ebf174149b4af9bee149923311ae41,1698676135,15.2.1,package.json,yarn@1.22.5,package.json
ace14e19970f8f22b951ccac6bc0c77be7304ef3,1698676281,15.2.1,package.json,yarn@1.22.5,package.json
1a41aa4c049e5dbd8d1f43423dab52a2ff1869be,1698677965,15.2.1,package.json,yarn@1.22.5,package.json
db20b05669904fc7ae6d4da714a03c22370d9949,1698678141,15.2.1,package.json,yarn@1.22.5,package.json
6643663eb39dc2ee0acd9f99a6a52b5a465f02fc,1698862613,15.2.1,package.json,yarn@1.22.5,package.json
e85a23ad0cbec84adb6f38d01b8aa526c965679c,1698862704,15.2.1,package.json,yarn@1.22.5,package.json
eec4050d724eb18151f04b9cc17f48e3fc5987f9,1699035621,15.2.1,package.json,yarn@1.22.5,package.json
f73a4e0fb13be9eabac30882a04e6c6f3b3a44cf,1699310307,15.2.1,package.json,yarn@1.22.5,package.json
bfd177b9d4f25204e00135842f59423013392259,1699369823,15.2.1,package.json,yarn@1.22.5,package.json
2357d4f641401645e98cdfd6f3e7c6752b086c73,1699379046,15.2.1,package.json,yarn@1.22.5,package.json
e0fdd7920ca0c476d8792d25bd20d515c7734bd3,1699387189,15.2.1,package.json,yarn@1.22.5,package.json
33a5b9c1bf3665b6546e914bd474ae424f982fb3,1699471643,15.2.1,package.json,yarn@1.22.5,package.json
a7d3da3ff77982b090b7ed5d17119c85f8392636,1699471683,15.2.1,package.json,yarn@1.22.5,package.json
c7df6d2a9176c5c3c9fe5c04ca38ca71e2bd733b,1699976035,15.2.1,package.json,yarn@1.22.5,package.json
1c6186e78acabc71c59c365c422fb7b11943c541,1699977824,15.2.1,package.json,yarn@1.22.5,package.json
36a0a64cfb9ab9e6a886e127fbfe033ebfb6fb01,1699977824,15.2.1,package.json,yarn@1.22.5,package.json
304f7a402bbd2a6fc35043f1e11da3a6ed76290e,1699985331,15.2.1,package.json,yarn@1.22.5,package.json
82c8d62453ae3008f82c5c99585b34fca1a81f16,1699986639,15.2.1,package.json,yarn@1.22.5,package.json
d5e4a5df6b411ca2145f6b8f0a3eccd69661007c,1699990308,15.2.1,package.json,yarn@1.22.5,package.json
6735e785bccf11156f25df003bad716a107f09fa,1699993395,15.2.1,package.json,yarn@1.22.5,package.json
00743bcfb9d752deabdcb1e8235cdb9cc0feb7c5,1699993511,15.2.1,package.json,yarn@1.22.5,package.json
b19aa9fce07571329660115989cfbe20ba39b935,1700061043,15.2.1,package.json,yarn@1.22.5,package.json
25629213631634dcb419e7ea21e0a809f2eb5524,1700061163,15.2.1,package.json,yarn@1.22.5,package.json
7a04dcb287c6959ae5b417454492dbd825754ed8,1700252493,15.2.1,package.json,yarn@1.22.5,package.json
add285e6ccb6f9924ec5064eb4eada6950a1ccf5,1700504925,15.2.1,package.json,yarn@1.22.5,package.json
692d24a85597d0f9005a39f698abdbcea07aeb44,1700504969,15.2.1,package.json,yarn@1.22.5,package.json
96b79a82694659deb1b06520d65e98633299055d,1700505076,15.2.1,package.json,yarn@1.22.5,package.json
10ca8f11433759a76f602f4f30357d4541b8eadb,1700505267,15.2.1,package.json,yarn@1.22.5,package.json
bdab324f879a808789eb9a4cb5df766a33c38e6c,1700505267,15.2.1,package.json,yarn@1.22.5,package.json
17ac47c0ec0b0b38580ac3ef3e32065fa590436a,1700505267,15.2.1,package.json,yarn@1.22.5,package.json
e175bd79a13e3fca78eeba1728efeae0b3d427b6,1700505267,15.2.1,package.json,yarn@1.22.5,package.json
3606f25858aa5bb92d7a0a15add11a907508cde7,1700505267,15.2.1,package.json,yarn@1.22.5,package.json
89a2ce4d6eb54b040ad41185d7d4c38c7e05d5bd,1700505267,15.2.1,package.json,yarn@1.22.5,package.json
0a0665dfd7e90de4305ba5d9a337f9a41c46bd81,1700505267,15.2.1,package.json,yarn@1.22.5,package.json
ecaf631d7c71d5db94e2d520a1f31010283a836e,1700505267,15.2.1,package.json,yarn@1.22.5,package.json
ce96829925e7f770fd572a0c9f560cd24634af9b,1700505267,15.2.1,package.json,yarn@1.22.5,package.json
e1ecd52b703eda2e28cdecb9f7d27267933daa86,1700505267,15.2.1,package.json,yarn@1.22.5,package.json
6c8825b594a4401b45240c0052c6bc50cb3f1efa,1700505267,15.2.1,package.json,yarn@1.22.5,package.json
5459293f509ac3b2dc929f9875ec3efd98ed02d9,1700505267,15.2.1,package.json,yarn@1.22.5,package.json
5e8f879d579abab65f66ee85ba67c84e2fc59d03,1700505267,15.2.1,package.json,yarn@1.22.5,package.json
049fb6d196f9456a0cf6adc363eca7e1159f6ae6,1700505267,15.2.1,package.json,yarn@1.22.5,package.json
aa38eeafd5d1e0b7a9fc3be99dde00a7f5a2438d,1700509555,15.2.1,package.json,yarn@1.22.5,package.json
511ba8df4f71d689b23f10c346895ebbe7d4328c,1700510594,15.2.1,package.json,yarn@1.22.5,package.json
82f8467359b3e1c2bfb01df00e45b8969d2c54bf,1700513451,15.2.1,package.json,yarn@1.22.5,package.json
5281bbd34331e543f52741741b8a3be9989b094d,1700513653,15.2.1,package.json,yarn@1.22.5,package.json
ca9abb32499d75d4e3cbd534fd8c0100076e3377,1701117349,15.2.1,package.json,yarn@1.22.5,package.json
4bcbe7e7a68efa2350d8766801a1658aa08a69bf,1701120600,15.2.1,package.json,yarn@1.22.5,package.json
5a8b09f5bb71db019e2cb1663205f5387dd179a9,1701800851,15.2.1,package.json,yarn@1.22.5,package.json
22288f21aacdf7c5275d527faae73fd1b4b6d2c8,1701902231,15.2.1,package.json,yarn@1.22.5,package.json
f587395ccec656cd35e6c8a354fc849ce8ec37c7,1701982535,15.2.1,package.json,yarn@1.22.5,package.json
fb7a6e35251bea3099cb5938758a9e4c427adb14,1702054894,15.2.1,package.json,yarn@1.22.5,package.json
100f4b9e96d421c8737dcb0efc0a19fc90de30d5,1702061505,15.2.1,package.json,yarn@1.22.5,package.json
744cee972976f48093a0f216eb3920d71f064940,1702062325,15.2.1,package.json,yarn@1.22.5,package.json
f1a16aca28a880a276923906dc0568b83ba8087b,1702069994,15.2.1,package.json,yarn@1.22.5,package.json
a9cf7be2322cf11b17fdbd5deff05960d64f218c,1702485565,15.2.1,package.json,yarn@1.22.5,package.json
d23bbd7a999d6c28b8774cef72485ed5e58e0209,1702485640,15.2.1,package.json,yarn@1.22.5,package.json
942a607edac3dc6887f86b90d400a707bfd811fd,1702486006,15.2.1,package.json,yarn@1.22.5,package.json
3a2651b76e314cb390064de588d4ba8991d9c562,1702566784,15.2.1,package.json,yarn@1.22.5,package.json
a8d75d66be08ffd11e1ec27d744ee6c9848b0817,1702651555,15.2.1,package.json,yarn@1.22.5,package.json
2d9c8521587aa1f68f17ec8ba39639201eee0b2b,1702890305,15.2.1,package.json,yarn@1.22.5,package.json
d68cbd72a0e108a083781efa16fc9e6c62da764f,1702914378,15.2.1,package.json,yarn@1.22.5,package.json
fec966cb2d53a387c39cdc63fd5b9bb3898266ba,1702934676,15.2.1,package.json,yarn@1.22.5,package.json
26ca790a245afd59bd71227ccbc4361cc46355d0,1702934790,15.2.1,package.json,yarn@1.22.5,package.json
f1ef713ca772e197e3766fdc44ee7651d96eda69,1702936354,15.2.1,package.json,yarn@1.22.5,package.json
824daa43a4c452a0b5d64b3a3fbd8368ef2caaa9,1702989220,15.2.1,package.json,yarn@1.22.5,package.json
3de7f25a274032afd90e459605a913bb94f3b702,1704298219,15.2.1,package.json,yarn@1.22.5,package.json
7b13542eb73d0846d65954ef21c9148aa978b1de,1704306114,15.2.1,package.json,yarn@1.22.5,package.json
f8eddaf6469c1f83da5bd85d15230dd80a5bad2d,1704469039,15.2.1,package.json,yarn@1.22.5,package.json
a7868b511b30180fb07c40f64a009a0cc75470b6,1704985819,15.2.1,package.json,yarn@1.22.5,package.json
ca3531d8c83811188e9a11dac4df920dda022dae,1704986866,15.2.1,package.json,yarn@1.22.5,package.json
15cde15bec07bc7af43c5ae44a82ab15d6482f5f,1705093171,15.2.1,package.json,yarn@1.22.5,package.json
d9865253a9a96f62e79d5554b0b0a23f7027a174,1705093281,15.2.1,package.json,yarn@1.22.5,package.json
d1405dd4d40eb7ff9b259445932fd142789272f0,1705108242,15.2.1,package.json,yarn@1.22.5,package.json
7011dd64f0222b051d665b48cf5d06800a7eef7b,1705445693,15.2.1,package.json,yarn@1.22.5,package.json
dd7ddba038dde7eefa7fc5c6407f5f97ab926568,1705445776,15.2.1,package.json,yarn@1.22.5,package.json
1be41d2eddbaf5f8419a0e192696929b579b0359,1705445885,15.2.1,package.json,yarn@1.22.5,package.json
5f850c231b97afe810c0bb2042d4956bad9ada78,1705513736,15.2.1,package.json,yarn@1.22.5,package.json
b6bd0b271232b34dc6727000cec7ca0a6cafeb61,1705945321,15.2.1,package.json,yarn@1.22.5,package.json
efac1387ee28c065714f26a6afacbda453bc10cc,1705950816,15.2.1,package.json,yarn@1.22.5,package.json
51be5d0ceddcdc09f040cdf86582ba56f97dacaf,1705950916,15.2.1,package.json,yarn@1.22.5,package.json
8a0df80e7b00cabe4f4dbff5ec3a63e7b5c2d33f,1706131742,15.2.1,package.json,yarn@1.22.5,package.json
9e01d7c66b596abf0816637944673720aaf65972,1706291444,15.2.1,package.json,yarn@1.22.5,package.json
f593e6b6abc8604561a89ee7ee4b4a83a24ca13e,1706538580,15.2.1,package.json,yarn@1.22.5,package.json
5f1dc5251aa32e8297ec68c565dd4adf833348c2,1706538707,15.2.1,package.json,yarn@1.22.5,package.json
6c9b18095367121201a331faac4034dc52c7177a,1706542682,15.2.1,package.json,yarn@1.22.5,package.json
a046344f0f6dd84594adf1211ee499f513a8348a,1706554040,15.2.1,package.json,yarn@1.22.5,package.json
bfe81c105ad1d54a7067549cd5270936e9b0fb4f,1706554148,15.2.1,package.json,yarn@1.22.5,package.json
759b34f4058eca14f3184d9240f507dc26a356d4,1706659925,15.2.1,package.json,yarn@1.22.5,package.json
f7750971ffd610287e42bfc4d68807b504a762ac,1706847934,15.2.1,package.json,yarn@1.22.5,package.json
2097f99d85fe1589db1eb0111db2e7f83341465d,1707162034,15.2.1,package.json,yarn@1.22.5,package.json
8e132c33e8bc16e9bc845fdd850d5880c8d6fe9e,1707162799,15.2.1,package.json,yarn@1.22.5,package.json
61a7cc00e14d8abc6d1f3edec5cfd85ebd3ed446,1707168386,15.2.1,package.json,yarn@1.22.5,package.json
da144c3bb67831e8f3d39b0a5aa40aae3d484353,1707168491,15.2.1,package.json,yarn@1.22.5,package.json
5c208f4e244b3c0aa5d66163c7c5a3449402c1e4,1707247466,15.2.1,package.json,yarn@1.22.5,package.json
7380db55221d62be0605696d8e5a445abbfec6f0,1707247575,15.2.1,package.json,yarn@1.22.5,package.json
211c75afa2aa0aa47fc1410c2858852d18dff125,1707320657,15.2.1,package.json,yarn@1.22.5,package.json
aa6783b797152dc0a539b38ab68200b55e76cb64,1707332863,15.2.1,package.json,yarn@1.22.5,package.json
ae38e108f12efe5cfa4b4bac00d5fb848129dcf2,1707405052,15.2.1,package.json,yarn@1.22.5,package.json
aef2dab4d5514dd2535ae222de6fd11e1a5962a2,1708021105,15.2.1,package.json,yarn@1.22.5,package.json
e0ea405ed8ffbfc7640e2cac969216187e320e58,1708028304,15.2.1,package.json,yarn@1.22.5,package.json
7895f1f64361bf4d50c88c2257ee9da8ee4f19b4,1708030150,15.2.1,package.json,yarn@1.22.5,package.json
a8349fab6ce87435d8453566f8a5debf19a60f06,1708030260,15.2.1,package.json,yarn@1.22.5,package.json
5b493419bc0d4b6f5304adb73a5a0356d0a48cd1,1708030851,15.2.1,package.json,yarn@1.22.5,package.json
6cc6ec199285c2dfde5879791c99fc75c053f422,1708033315,15.2.1,package.json,yarn@1.22.5,package.json
7e6cef3a353185f6d7b9984e69b6a4e09cc33015,1708967597,15.2.1,package.json,yarn@1.22.5,package.json
3e541b5bb0563263089c5941ba9a471080c0cfcd,1708969275,15.2.1,package.json,yarn@1.22.5,package.json
e4e5e0e02397cb85d23ed13e707f3f7bad586d63,1708979504,15.2.1,package.json,yarn@1.22.5,package.json
cec7b880b66625329e70dbf3f9e842461aeea612,1708987417,15.2.1,package.json,yarn@1.22.5,package.json
87c0f5e0b638e3bf7fbc7a4392053e7437825bf3,1709130974,15.2.1,package.json,yarn@1.22.5,package.json
32de3d5bc461d6e7484381b2da6fb9f69bc49e1c,1709310851,15.2.1,package.json,yarn@1.22.5,package.json
0b095b1c3eef6d2b4119acb36795720202b231a2,1709317213,15.2.1,package.json,yarn@1.22.5,package.json
bbbf795f9fe4109b7a0b02034bd220a87782e4e4,1709317327,15.2.1,package.json,yarn@1.22.5,package.json
5206c1adca33bdebc6fd20e3d3a4981384c97fe3,1709571869,15.2.1,package.json,yarn@1.22.5,package.json
001fea2a07dcdefc1ff45a082ed90af032f7546b,1709571981,15.2.1,package.json,yarn@1.22.5,package.json
60b8f22cb09c0abfab3d6ac2a44bb23f95e42b03,1709585291,15.2.1,package.json,yarn@1.22.5,package.json
46ce32e7beea7b0ba71354f3f1687e3d627eced5,1709821395,15.2.1,package.json,yarn@1.22.5,package.json
8325737c7ec7498ea255ebd92c50f94850795e24,1709823606,15.2.1,package.json,yarn@1.22.5,package.json
80440f56eb11eb81a2b986957008c05e7cd5c8ac,1709825586,15.2.1,package.json,yarn@1.22.5,package.json
b59eefcaf76e60fee4a3286a038dd10eded4880b,1710347173,15.2.1,package.json,yarn@1.22.5,package.json
43c736831fe1f6ec701ece3f7739177d7a41f4c1,1710358548,15.2.1,package.json,yarn@1.22.5,package.json
dea6f20326462ea80c24fcb8bf58a13c30bb66ca,1710862135,15.2.1,package.json,yarn@1.22.5,package.json
ae5428b7cbde8d6fe030e3880110a3bb81fcc258,1711032677,15.2.1,package.json,yarn@1.22.5,package.json
dc7dbe93d91f98efd7e7ccdbf7ce4da5a6c49b3c,1711035268,15.2.1,package.json,yarn@1.22.5,package.json
5e42b4cb9d171f574b0b4076e13a48e2ed1db451,1711043323,15.2.1,package.json,yarn@1.22.5,package.json
92cda0fbec9621c6161e0bdca6cf6094b110d40e,1711045368,15.2.1,package.json,yarn@1.22.5,package.json
f1f9be77392db2e4ad9c66c38224ceebc6f05b06,1711047275,15.2.1,package.json,yarn@1.22.5,package.json
db8d21afd1b554e33c46ba9c782850309be0efa5,1711047383,15.2.1,package.json,yarn@1.22.5,package.json
8288996d672ce1ea4e6cf7bb0da85d5e18920554,1711377272,15.2.1,package.json,yarn@1.22.5,package.json
88b2c646d6eff7cfcaa6b0221e31666e74908593,1711487484,15.2.1,package.json,yarn@1.22.5,package.json
50cf526054b56cc77b128f27690bd1e608005513,1711728411,15.2.1,package.json,yarn@1.22.5,package.json
8f28e2477dd3e92b4426850e161888e1fad9edb8,1711982248,15.2.1,package.json,yarn@1.22.5,package.json
1c126fc096b47524e95ab171538792aa90258a47,1711995916,15.2.1,package.json,yarn@1.22.5,package.json
c9f73d8856e4bd37a27ffa9dea3f74f8bdd06b0d,1712339528,15.2.1,package.json,yarn@1.22.5,package.json
075074e2e63643e772f1ec7436debac35b517081,1712342427,15.2.1,package.json,yarn@1.22.5,package.json
323d80ea6898cc4570fcfcd34ed903a4a8f6ed30,1712342537,15.2.1,package.json,yarn@1.22.5,package.json
3492a3136415c75880e6ecf6a450a2da7f2b1066,1712345797,15.2.1,package.json,yarn@1.22.5,package.json
2b380dd98e0f24c74fc9a044b2769badee7f3338,1712608984,15.2.1,package.json,yarn@1.22.5,package.json
340ebc5adb9b514309d8d3a19a79b07e697eb509,1712758136,15.2.1,package.json,yarn@1.22.5,package.json
55b1201ca75efe84e3ed315ef0daef40dce36004,1712768592,15.2.1,package.json,yarn@1.22.5,package.json
ff03554180e62481bdc240acd5521601b07d124a,1712778433,15.2.1,package.json,yarn@1.22.5,package.json
f87c744f610675b5e56223522a8674073b25a1bb,1713192598,15.2.1,package.json,yarn@1.22.5,package.json
ba2dbc398d1012014d7986432773b2ebeee44c0f,1713192711,15.2.1,package.json,yarn@1.22.5,package.json
a02b26d57c13c44b1bc47e301044b4c1310ad31c,1714056583,15.2.1,package.json,yarn@1.22.5,package.json
d6b275ee74d698e70c352feb570a8ec227017680,1714404462,15.2.1,package.json,yarn@1.22.5,package.json
c1548a2d3d5747373792b735254872a81bf4b49d,1714770654,15.2.1,package.json,yarn@1.22.5,package.json
46a1b789c0533104296481b01ce46066169f4e66,1714770764,15.2.1,package.json,yarn@1.22.5,package.json
2e8222e90140f335cf8260de36c00306fffa34ce,1715006249,15.2.1,package.json,yarn@1.22.5,package.json
4642088f57e33aff6a7a1395c9ed5eb8ef05bcbf,1715091736,15.2.1,package.json,yarn@1.22.5,package.json
8a32a0f4736ca9145e7e2b4b5aeb5e2b44ba728e,1715091847,15.2.1,package.json,yarn@1.22.5,package.json
debadced7792c8459125ac652c2f992b6351d726,1715199613,15.2.1,package.json,yarn@1.22.5,package.json
0486ad801480b41deeee8d9cbf30a079bf7efdd8,1715266265,15.2.1,package.json,yarn@1.22.5,package.json
769f89504d52caf80f75ff017a55ca0e58e575a2,1715266377,15.2.1,package.json,yarn@1.22.5,package.json
2fb1bd6dd8167644f63c282d74563940348f4c6a,1715281917,15.2.1,package.json,yarn@1.22.5,package.json
911ae1e61702a9de74fd80adbbe58478d8363729,1715713171,15.2.1,package.json,yarn@1.22.5,package.json
d1b6cd56aef7cedec536a61c7c2ef794e5311c64,1715867619,15.2.1,package.json,yarn@1.22.5,package.json
20cf5ad6614a5ccda141e2f62e79c60ee2476b44,1716569542,15.2.1,package.json,yarn@1.22.5,package.json
2e1a275377bf257c0db301b42177e1e76be24d0d,1717715930,15.2.1,package.json,yarn@1.22.5,package.json
418be26cb805adf7f889acc0cbd1c2f1cdf29d5d,1717716042,15.2.1,package.json,yarn@1.22.5,package.json
6efbdf7bb073f7cfcc122fe03bd960abfaaf5748,1718186496,15.2.1,package.json,yarn@1.22.5,package.json
14e9db9379fa66647224d429ab38387fa282afe3,1718829567,15.2.1,package.json,yarn@1.22.5,package.json
0e6fb0979e06ffc351f94f11bca5547f3d4f60e2,1718978620,15.2.1,package.json,yarn@1.22.5,package.json
a4608a43022177428fc24209cfafdec96ab7c915,1719231473,15.2.1,package.json,yarn@1.22.5,package.json
ac91b6e1c8b63fe206f931256ec5618f67015d28,1719231519,15.2.1,package.json,yarn@1.22.5,package.json
94ccb95bb051e569eb2c53ee5a13557b9a62963f,1719238967,15.2.1,package.json,yarn@1.22.5,package.json
3aedd7228cd1127e2ff1ede0f8a43780464517e3,1719364052,15.2.1,package.json,yarn@1.22.5,package.json
fa4a480176bfe7bdf131cb83cc5038265214467d,1719504502,15.2.1,package.json,yarn@1.22.5,package.json
25fc31cd17f46bd9e9389268433eef2686636799,1719564238,15.2.1,package.json,yarn@1.22.5,package.json
b14bcf09424d71d35b6ced53e64612ceb8117ad1,1719857702,15.2.1,package.json,yarn@1.22.5,package.json
026142e54fdd929df50c5ae22848c7a0d3be930c,1719956821,15.2.1,package.json,yarn@1.22.5,package.json
12e9b13bf0a5a1d3c1a3ce0b1f0b8d7082704965,1720042519,15.2.1,package.json,yarn@1.22.5,package.json
126167e720616a16ff3bf7c917ab2e8e0e709773,1720042629,15.2.1,package.json,yarn@1.22.5,package.json
0ab0f9b5958a472275195cc179a9b9795f30b19f,1720047729,15.2.1,package.json,yarn@1.22.5,package.json
301625eda5ce4738d73513a1c1686c0a8e09b415,1720550944,15.2.1,package.json,yarn@1.22.5,package.json
34295ccc5ad2771136d01242150b859c5b71f278,1720643529,15.2.1,package.json,yarn@1.22.5,package.json
40c28b302354f1d3ee99a03bfe37f3e22f2527aa,1720643642,15.2.1,package.json,yarn@1.22.5,package.json
ddf473a4f860df0c6e276d2990416c442eb2d60d,1720710032,15.2.1,package.json,yarn@1.22.5,package.json
a9531ef64fd0bee9b4ee25fa344ac14d2947a329,1720717634,15.2.1,package.json,yarn@1.22.5,package.json
19812bf742d99522e653f4ce7ffaca106567fe65,1720717733,15.2.1,package.json,yarn@1.22.5,package.json
186d5709e638b689a7c2ec4a86e84415966b487b,1720717841,15.2.1,package.json,yarn@1.22.5,package.json
abd9c7878bf4eb85af32b311f4d5ab6d614e05d3,1720723320,15.2.1,package.json,yarn@1.22.5,package.json
e9de2cc210e93915e848eaafae068896fc995163,1720723692,15.2.1,package.json,yarn@1.22.5,package.json
5da378a248101a5235fb8de771dcc0927e32cade,1720812360,15.2.1,package.json,yarn@1.22.5,package.json
534daad653d52595c97c5927cb59acfe8b25d427,1721240322,15.2.1,package.json,yarn@1.22.5,package.json
9ca3198effa01004919e75da30b5e287a5ae601b,1721334271,15.2.1,package.json,yarn@1.22.5,package.json
895d50fe7c6af7690c63eeaed0956e0f10d2afff,1722289461,15.2.1,package.json,yarn@1.22.5,package.json
dcae06d8eae8f9708922e63d4c8822ceb181b476,1723478362,15.2.1,package.json,yarn@1.22.5,package.json
797e4d962c985a5fec610ee55c477638ab82e36a,1723493404,15.2.1,package.json,yarn@1.22.5,package.json
29a5a89935457e00e050d011ce599b18260d8f84,1723496175,15.2.1,package.json,yarn@1.22.5,package.json
3e46c7a35b6b9101b02cd17ea50d101bd867dd8e,1723496280,15.2.1,package.json,yarn@1.22.5,package.json
0b828d85988c7408beb70b3aff55c5641ff261a5,1723560320,15.2.1,package.json,yarn@1.22.5,package.json
9937567a67b588e80a133c146c5c67e1c4e381a6,1723735361,15.2.1,package.json,yarn@1.22.5,package.json
aab9c4cb94971c1a97dfb4e1d60496bc0e73b1f3,1723827261,15.2.1,package.json,yarn@1.22.5,package.json
50adab2bad7b15db0a430c56069ba5d025044efd,1724081762,15.2.1,package.json,yarn@1.22.5,package.json
4ebcaed973b6cd8f31d988aba5dba0dbe58c7590,1724101147,15.2.1,package.json,yarn@1.22.5,package.json
b1a387c344a28c7c5a75a0cbc907337b32bee085,1724101233,15.2.1,package.json,yarn@1.22.5,package.json
76e378ec9b69bf6a172bea72a982b7166cd9810c,1724442791,15.2.1,package.json,yarn@1.22.5,package.json
441a3d52741e9d509d433f4a185ae8d3e1f96dbe,1724700414,15.2.1,package.json,yarn@1.22.5,package.json
f49b8c5570e42a27be78fddded77ed4faafe7ce6,1726429341,15.2.1,package.json,yarn@1.22.5,package.json
7926a39952403920ad671f360741a5d41b4aa2f8,1726770149,15.2.1,package.json,yarn@1.22.5,package.json
a51ac15a92d3af5b1067ae615f6b2e9886b598c4,1726858061,15.2.1,package.json,yarn@1.22.5,package.json
62335e5640758e0eb98115b13d0867edb81e19d0,1726858169,15.2.1,package.json,yarn@1.22.5,package.json
3ac91f95b6193cc3deef1dbfbe32d7bfd35ceb59,1727103060,15.2.1,package.json,yarn@1.22.5,package.json
1dd45afb4ecd67ae7976b4b8f77fabf80948f532,1727198083,15.2.1,package.json,yarn@1.22.5,package.json
c0bf914f189335e3f781ce6adbcb80b201d3787b,1728395575,15.2.1,package.json,yarn@1.22.5,package.json
019c970cf883fcda6c4cfa56574b27f4fabea266,1728412459,15.2.1,package.json,yarn@1.22.5,package.json
d6e63648e1bd8bfd25bb7083207bb5ba3725f7fa,1728412459,15.2.1,package.json,yarn@1.22.5,package.json
b1a0aad1c6b8211e23997c92e4da52c453af737e,1728412459,15.2.1,package.json,yarn@1.22.5,package.json
b51029c327cb89272ad26b9dbf0929f8b956b655,1728415528,15.2.1,package.json,yarn@1.22.5,package.json
f3125f889d873037a2cdf34bef549b52ec64ca1b,1728415638,15.2.1,package.json,yarn@1.22.5,package.json
50c71b7b32ced63cc1e89220a57fa8223260e611,1728832122,15.2.1,package.json,yarn@1.22.5,package.json
fae19ee256bef37a8bffc0504f44b86239c47dde,1729177047,15.2.1,package.json,yarn@1.22.5,package.json
15011e04c6be9dc0d92d5ca0ad4279e968021b8e,1729181769,15.2.1,package.json,yarn@1.22.5,package.json
f73ce356492dff750d1677c1a197117f407e7f30,1729195308,15.2.1,package.json,yarn@1.22.5,package.json
fed651148f250b797cda85a606ffa2c9f8e56179,1729271174,15.2.1,package.json,yarn@1.22.5,package.json
f30039db2d73e317141b1f97befbf4cdd81f98cd,1729272422,15.2.1,package.json,yarn@1.22.5,package.json
8511d3b1051d3309c73a5be5ee65dc60445e64a0,1729630000,15.2.1,package.json,yarn@1.22.5,package.json
8a3b8d5423e67f49fa1cd598aec0582bc3b53d44,1729889426,15.2.1,package.json,yarn@1.22.5,package.json
8d6511c4503875026b5b52500bb9652a6f15b15a,1730122798,15.2.1,package.json,yarn@1.22.5,package.json
f3e91779a819069373c9c7ba7a78f9c9d0c8e2d2,1730389311,15.2.1,package.json,yarn@1.22.5,package.json
3cc6c0980419e88c218258acb265d2c8ce015e0e,1730393258,15.2.1,package.json,yarn@1.22.5,package.json
ab104952b3e2f62122c9ddc6423b59e7778d0ada,1730409370,15.2.1,package.json,yarn@1.22.5,package.json
8fa0ce3ea689cfafdea416e88f2055502ab4e798,1730409403,15.2.1,package.json,yarn@1.22.5,package.json
0658e316022f9c3bee6df9fa28b97624ad7c9ef9,1730409483,15.2.1,package.json,yarn@1.22.5,package.json
813db5d9651a1bbfa530c9075ded3dc7bd7d18b6,1730409589,15.2.1,package.json,yarn@1.22.5,package.json
9a02d70d7e272f1a8fc4ced9e392396ccf53b3fa,1730487557,15.2.1,package.json,yarn@1.22.5,package.json
9ff20aabb3988a52fdf4547d32c09b877ca30faf,1730487660,15.2.1,package.json,yarn@1.22.5,package.json
108190810efcae21e788431bf04a0044b7b2ef48,1730819007,15.2.1,package.json,yarn@1.22.5,package.json
3dff871bb685411ff013c529edf45d65530181d5,1730929128,15.2.1,package.json,yarn@1.22.5,package.json
9a8511aa089824c7dcc4e4c09c12d46c0aa63713,1730929675,15.2.1,package.json,yarn@1.22.5,package.json
8146f554cb75c9f3ddd62daacf2c3b675a6224f2,1731358173,15.2.1,package.json,yarn@1.22.5,package.json
84108c1a26139dda1ccbcabc7d75fd7d3eee2054,1731363900,15.2.1,package.json,yarn@1.22.5,package.json
72b9b0966ba7e4ea8f1a4303fc28dbdca1eb182e,1731364007,15.2.1,package.json,yarn@1.22.5,package.json
f968f82d80b0098ee3661b38460f857d1b2a6c76,1731705582,15.2.1,package.json,yarn@1.22.5,package.json
17526f2a0560ed1a721d4ccc621249f4b5bb3ac1,1731949395,15.2.1,package.json,yarn@1.22.5,package.json
69f34fbed62ee0b71696ea2cc361681d90e475c1,1731966795,15.2.1,package.json,yarn@1.22.5,package.json
1f7e44ebd653dcd3ce58f3baa289cbba950dee75,1732217186,15.2.1,package.json,yarn@1.22.5,package.json
9a6fb6d05febc4de2cd267d2b2b3057bbf450ce7,1732553211,15.2.1,package.json,yarn@1.22.5,package.json
d646f63fa13b164e8ceda2364d455f9dea25be6c,1732635792,15.2.1,package.json,yarn@1.22.5,package.json
8388039c620f92e996f104779b9abbbf959e18a6,1732639064,15.2.1,package.json,yarn@1.22.5,package.json
c4befd60232828533d916a1b595748d809e0caa7,1732640197,15.2.1,package.json,yarn@1.22.5,package.json
0c6a6944f24430fdbc8b3f23c73be86e2e09842a,1732640252,15.2.1,package.json,yarn@1.22.5,package.json
5d407ea07a0be60668f02c2e2d18452a0fb2ca97,1732640943,15.2.1,package.json,yarn@1.22.5,package.json
8cfd0d10d5b2ea4cd4815cddb13e65d0ff4fb32e,1732641687,15.2.1,package.json,yarn@1.22.5,package.json
124540497e7be4e4f26580233ab5f9945924a9e2,1732653270,15.2.1,package.json,yarn@1.22.5,package.json
7672a1ef680bb89ae39e3f3351ceea904c5eb5b6,1732653537,15.2.1,package.json,yarn@1.22.5,package.json
209c834bf6c714885b127edc3825b27d5e48710a,1733152890,15.2.1,package.json,yarn@1.22.5,package.json
00337ba8ab4b48f18a6f1cd916c5814c3ab0daec,1733438195,15.2.1,package.json,yarn@1.22.5,package.json
56be7a48a0d9dad6d949e5427f8215fbc9761705,1733448026,15.2.1,package.json,yarn@1.22.5,package.json
d8f18ea6f905a0bac91fc675878d6161f26ef946,1733453258,15.2.1,package.json,yarn@1.22.5,package.json
ae72006a8ea93646a08705f9524c0c7bf8293576,1733453402,15.2.1,package.json,yarn@1.22.5,package.json
8987b96c8eedf4b8d1f5230ce983b28d9b994513,1733496243,15.2.1,package.json,yarn@1.22.5,package.json
05339706a3e84f16caeb1b7b8acb012e8adf26ce,1734120858,15.2.1,package.json,yarn@1.22.5,package.json
0ef4124bca4a998cacbea6f0f5a5b6972d07d4f4,1734276375,15.2.1,package.json,yarn@1.22.5,package.json
432dc6c6a02d97ba85ac4bfdc261306ff7b08296,1734276433,15.2.1,package.json,yarn@1.22.5,package.json
caf478953836e00a154a0921dded650bfe3f907d,1734365361,15.2.1,package.json,yarn@1.22.5,package.json
0930a255527051150f7b58b7d7465386682fa59c,1734456702,15.2.1,package.json,yarn@1.22.5,package.json
6c8d705e509d8363aed538dcb68a1b2abed88e05,1734457093,15.2.1,package.json,yarn@1.22.5,package.json
a09bfd734afcdf0fd84d07abc43c7d9f24d5d45b,1734463767,15.2.1,package.json,yarn@1.22.5,package.json
cf4524a0f08ee4ee572b7bf60b953026ba524318,1734538696,15.2.1,package.json,yarn@1.22.5,package.json
cd844ece949722a75c4af3f1288b0e7440736e09,1734620702,15.2.1,package.json,yarn@1.22.5,package.json
554c49b1c7f8689768ffc5c21ce83b7a32df0eaf,1734620816,15.2.1,package.json,yarn@1.22.5,package.json
75cc6531c35879904d8939391f9e6aafdb012b70,1734640031,15.2.1,package.json,yarn@1.22.5,package.json
24b5bede39ac8e3ef627c15aa9e5ab0de835e17f,1734640129,15.2.1,package.json,yarn@1.22.5,package.json
c2673eb9aa3702fbaddf66da2f4189a81c5868f2,1734642721,15.2.1,package.json,yarn@1.22.5,package.json
2c5ff74e531c60bdc13bbc259b3fe476c30a8640,1735570639,15.2.1,package.json,yarn@1.22.5,package.json
3a893e1d08138ca727266874deea137a2f2cd8be,1735590695,15.2.1,package.json,yarn@1.22.5,package.json
6828ab02cefa0bab51cd88110178da45e4ab190e,1735918772,15.2.1,package.json,yarn@1.22.5,package.json
637668131bdc506844fb52b27cabdfc1fbe6a848,1736269491,15.2.1,package.json,yarn@1.22.5,package.json
1df324a90a0089c60a81418b59630fda0d88b8dd,1736373426,15.2.1,package.json,yarn@1.22.5,package.json
cf407de1c66f6f890f6e27d66a2321cd1bb56915,1736446323,15.2.1,package.json,yarn@1.22.5,package.json
8c7f9a536cec847f1742e16f5c88535131e3961b,1736446434,15.2.1,package.json,yarn@1.22.5,package.json
4d3957861ec62c22e1ee79384053049b085b274c,1736472208,15.2.1,package.json,yarn@1.22.5,package.json
c2f6554097612ef6d1361a86f3f9621aa034cd26,1736472320,15.2.1,package.json,yarn@1.22.5,package.json
040ae83e2d5511f6dec8439b7a511d16f5c96587,1736533429,15.2.1,package.json,yarn@1.22.5,package.json
6702f6f3ec696ef74409a7972b9aa99813ad0b31,1736805049,15.2.1,package.json,yarn@1.22.5,package.json
6908c3291877d4d09ab3e6679474d856371cbc26,1736960194,15.2.1,package.json,yarn@1.22.5,package.json
b1d675f3a90ff77c817f69bbb2b62d5e7f325956,1737041131,15.2.1,package.json,yarn@1.22.5,package.json
746c66b111b4113373c0e2f16b577cbd457851b9,1737041273,15.2.1,package.json,yarn@1.22.5,package.json
c7222e9b2bbc73795265f60308e1d00045f720e8,1737058515,15.2.1,package.json,yarn@1.22.5,package.json
5662414bd683643cd0dec805d8d027468613d9e4,1737061826,15.2.1,package.json,yarn@1.22.5,package.json
7cbf290fcd74ec308aa62684b2a31bd903ef09b4,1737066855,15.2.1,package.json,yarn@1.22.5,package.json
ce9f9fd69c4af696c1c6bae6c6335be441e33b2f,1737127153,15.2.1,package.json,yarn@1.22.5,package.json
8fce8f89e7e92066aa05f90181f9feee22bcdfba,1737149000,15.2.1,package.json,yarn@1.22.5,package.json
a92277456ddcd875fcd233162178415bfa7761fb,1737150963,15.2.1,package.json,yarn@1.22.5,package.json
e9e68b6e40d61ca1ab687870a9ffed6b93b50d66,1737152865,15.2.1,package.json,yarn@1.22.5,package.json
4501ff8d13b2be92534bb0a4b6918e6c3583e892,1737566906,15.2.1,package.json,yarn@1.22.5,package.json
13dc6994502f95369b996cafa54ee99d1cba13d7,1737996309,15.2.1,package.json,yarn@1.22.5,package.json
3ffcb5781c5cb42e5f874fe26b57a7b4fb14371b,1737998419,15.2.1,package.json,yarn@1.22.5,package.json
a66842ad1a492d8b4d18f4c10adc2142bb4fd569,1738000390,15.2.1,package.json,yarn@1.22.5,package.json
33d43be0389bf74d7ed7051eccce7bf114a3bd94,1738000822,15.2.1,package.json,yarn@1.22.5,package.json
ba11b44c5528dab5367527f6c6b027175553d6bb,1738015934,15.2.1,package.json,yarn@1.22.5,package.json
70966cac6a6480e9560a859ee21009a93c265c3f,1738016002,15.2.1,package.json,yarn@1.22.5,package.json
3ff4904cf2cf19285a111691e73b7a4113b1c3b8,1738016255,15.2.1,package.json,yarn@1.22.5,package.json
ed681f179b7b146d6927edb488c7a5b7d6fe0b35,1738104448,15.2.1,package.json,yarn@1.22.5,package.json
7d2d54aadc1fa0d552696d0823237031662e9bf7,1738171778,15.2.1,package.json,yarn@1.22.5,package.json
e02291ff56594d722413b043066ca3dd1f8aa999,1738171894,15.2.1,package.json,yarn@1.22.5,package.json
3f3f27f742c4f344bcd7e3c18814cd70ab139201,1738336149,15.2.1,package.json,yarn@1.22.5,package.json
4a13b6ca3aaf610c45aec0fd479d6bf5cfff69ac,1738343013,15.2.1,package.json,yarn@1.22.5,package.json
a4ea1f01e46f1b1e1d18835aa20e0ff5f3ff8654,1738353387,15.2.1,package.json,yarn@1.22.5,package.json
f2ba2b8754cc39c5a44e190f79a7756a3da6c7f2,1738776324,15.2.1,package.json,yarn@1.22.5,package.json
1ffc36f454be4d398ce4065954de062866585d6d,1738858320,15.2.1,package.json,yarn@1.22.5,package.json
94b3cfbeecfdebe42df5a279d6019b52c3d01d26,1738960790,15.2.1,package.json,yarn@1.22.5,package.json
dd4d311eb36138b649e2f44f4e0199d19a587f84,1739301217,15.2.1,package.json,yarn@1.22.5,package.json
ee88b3ef5145206539a332470db99537c5cac666,1739392157,15.2.1,package.json,yarn@1.22.5,package.json
dda9c002b06defce4f7e1a909a7202ff13bcc85c,1739461132,15.2.1,package.json,yarn@1.22.5,package.json
a76636bcd88f4f8e30db25e5e7392032aaedffa6,1739484822,15.2.1,package.json,yarn@1.22.5,package.json
ae72e54463cbe58edb3a0d1189916733053b2b6e,1739485008,15.2.1,package.json,yarn@1.22.5,package.json
a4cf16712a46efca2f2bc41f0d92029eb3710f87,1739728176,15.2.1,package.json,yarn@1.22.5,package.json
e9bc19037b43b62422c8cad2d7cb39403aae1c6d,1739728694,15.2.1,package.json,yarn@1.22.5,package.json
1f7c1a521a7bc64ff69cb5ecaed18c466c81605b,1739892214,15.2.1,package.json,yarn@1.22.5,package.json
e883acd17656f6a3debc52f3b7d3349075ae581c,1739892538,15.2.1,package.json,yarn@1.22.5,package.json
ff5f50cd22868c8f83f6a7ec42b71f2ab5e0602d,1740423255,15.2.1,package.json,yarn@1.22.5,package.json
4142a92ff1446ce5e78410e9ed39b4fe9c57a99b,1740432186,15.2.1,package.json,yarn@1.22.5,package.json
b40991bed0d61de473a256e5aed9fdc2500e7d22,1740500272,15.2.1,package.json,yarn@1.22.5,package.json
fa2181ab25b23b5d56637b77992627650d91f004,1740603453,15.2.1,package.json,yarn@1.22.5,package.json
07d5a4521e2ecf90652f2585451197481b3e4761,1740603453,15.2.1,package.json,yarn@1.22.5,package.json
fd4be8f97af0bcda105e6f796b93d972e6d55cd5,1740665479,15.2.1,package.json,yarn@1.22.5,package.json
ef6834eabfba08158b8d9207b31a61b7603659be,1740670168,15.2.1,package.json,yarn@1.22.5,package.json
09f46a0ad48e6bd358ed5796ec538cf261169030,1740697986,15.2.1,package.json,yarn@1.22.5,package.json
5fb784d8a0b4f8c6330be26f34205d2984cc903d,1740778334,15.2.1,package.json,yarn@1.22.5,package.json
b0e0b32d76c578ce6e61405750af4cbb72a02289,1741104860,15.2.1,package.json,yarn@1.22.5,package.json
2c0bf4c6024bbe4bd03b5292d4e6e64c2c6de159,1741117708,15.2.1,package.json,yarn@1.22.5,package.json
7a2006b3d46f42d1cb156c1adfba6a07e684bd44,1741275925,15.2.1,package.json,yarn@1.22.5,package.json
bc9269631f37521d6b086c2a49d796c47c6c5b3f,1741702866,15.2.1,package.json,yarn@1.22.5,package.json
777550c9c1bb2d3408cdf6b1b2a23114718610df,1741715975,15.2.1,package.json,yarn@1.22.5,package.json
bad985159ff19be445b9eb8b447188de4d47fd94,1741716412,15.2.1,package.json,yarn@1.22.5,package.json
d3247e77f730d2a317a12771420e643bee2c686a,1741796735,15.2.1,package.json,yarn@1.22.5,package.json
00ec828394cfdaec1237c99a744425b31b4768c6,1741796857,15.2.1,package.json,yarn@1.22.5,package.json
a35851ce0447f4fa8ca243f965206b11e4874898,1742228390,15.2.1,package.json,yarn@1.22.5,package.json
fc13faa2fd395a64f5fd3522b973560d29dfcbe8,1742248192,15.2.1,package.json,yarn@1.22.5,package.json
4d04ec870382728f905d4592bb7f0ae92dbabfa2,1742313691,15.2.1,package.json,yarn@1.22.5,package.json
a2d9d9bfc707a9edf18213ba9b35fca9f3eebc19,1742313691,15.2.1,package.json,yarn@1.22.5,package.json
bbb74d6a9734aa702554a297a5ab5edd47f10466,1742313691,15.2.1,package.json,yarn@1.22.5,package.json
8c02bbc8b032dd82be35f2235dbd4b4b65bf07c0,1742313691,15.2.1,package.json,yarn@1.22.5,package.json
33e1d3bfb9d8f4102d309febc651a70bd8460c0d,1742313691,15.2.1,package.json,yarn@1.22.5,package.json
c1a9ef712bf4e471b9cd10800b2c7778aa927609,1742313691,15.2.1,package.json,yarn@1.22.5,package.json
c42bda23f9dca08727d467a9d5f4559e2e147f59,1742313691,15.2.1,package.json,yarn@1.22.5,package.json
93d2ce5e4d40329f53616b5cb0bf41391d73dc48,1742313750,15.2.1,package.json,yarn@1.22.5,package.json
0edf2715d487045a9185c1466768b40e31ca30bc,1742313753,15.2.1,package.json,yarn@1.22.5,package.json
d7dbc00c9d27ca80c597c4e2635a93d0885a8372,1742313753,15.2.1,package.json,yarn@1.22.5,package.json
84517226eac23e39836a5f160edd86e5d370315b,1742313754,15.2.1,package.json,yarn@1.22.5,package.json
a38a5b96af105344f256299d4334e218eb377503,1742313754,15.2.1,package.json,yarn@1.22.5,package.json
f99fcff973da5f2de19f6ab0ee87d18bbef8fa58,1742313754,15.2.1,package.json,yarn@1.22.5,package.json
7caa71fc67761e666a49edff6063b74fec0bd532,1742313754,15.2.1,package.json,yarn@1.22.5,package.json
487dcd0bab94b08a6d2aabf115afc124cb6e0167,1742313754,15.2.1,package.json,yarn@1.22.5,package.json
62086c0eef91c885f25b17ac35aca45bab12b368,1742313754,15.2.1,package.json,yarn@1.22.5,package.json
232fd06d0794bd6c1426d5dc945f2c756494546d,1742313754,15.2.1,package.json,yarn@1.22.5,package.json
ac322a12b1e6c605e96e24490d9746517d75046b,1742494296,15.2.1,package.json,yarn@1.22.5,package.json
98ca460e0bcb4a64db9844f48d8596b8421a74ed,1742496238,15.2.1,package.json,yarn@1.22.5,package.json
5187a9f135f2c20b6b0ce2c2da719f9355a61928,1742565285,15.2.1,package.json,yarn@1.22.5,package.json
1d61ff5a1b4533bb87552e51320397011d3d967c,1742565823,15.2.1,package.json,yarn@1.22.5,package.json
14e1a082281e72c6293056453cc31d8f8c78184b,1742845005,15.2.1,package.json,yarn@1.22.5,package.json
abbd18c198fc8d2d3935f88bd37d577941c2e47b,1742845104,15.2.1,package.json,yarn@1.22.5,package.json
bb94e6a44489c9d52eb723b283c6bc7aa6cd5ec3,1742917208,15.2.1,package.json,yarn@1.22.5,package.json
70ee3000b652164e84d2603afb29241ac870e4ee,1743172974,15.2.1,package.json,yarn@1.22.5,package.json
48eadcde6006a7821555a5b98e4e4e580ee80162,1743173152,15.2.1,package.json,yarn@1.22.5,package.json
96b3144dc6c135b951c0b96822485a8ec4ef103a,1743528930,15.2.1,package.json,yarn@1.22.5,package.json
a1f61a14453233b80172d1082368e517005a294f,1743611444,15.2.1,package.json,yarn@1.22.5,package.json
c99239e70a3de0703e18aac0468e6ebe82d10c83,1743625594,15.2.1,package.json,yarn@1.22.5,package.json
87cdc5fffda569b6d94c491ea6043de2e37c93b4,1743711986,15.2.1,package.json,yarn@1.22.5,package.json
88e345092dcaa5f7e664413f51e14738ace7ad5a,1743715136,15.2.1,package.json,yarn@1.22.5,package.json
5bb79389bd32b240d417570dc66a48f7b1e8f3d4,1743715495,15.2.1,package.json,yarn@1.22.5,package.json
4ff8dfce4ef8a583fe28d7e106b5a4dbb730a6c5,1743715627,15.2.1,package.json,yarn@1.22.5,package.json
4cab0a9f225c71f8d0c42342273d18f645d4c5d7,1743715791,15.2.1,package.json,yarn@1.22.5,package.json
1d38a81082f704e8bc3077b8d4ba3fe39dd13ce2,1743716930,15.2.1,package.json,yarn@1.22.5,package.json
b77eb1b8a52cedfaf37d85a4bf6a67d6a4c3058e,1743717058,15.2.1,package.json,yarn@1.22.5,package.json
94e5eec9d294b9c1ca6297f25d57fa9b3e71be67,1743717585,15.2.1,package.json,yarn@1.22.5,package.json
b6bc38a058e23c321f71330a8dc4ff2c5b62507c,1744034983,15.2.1,package.json,yarn@1.22.5,package.json
726051d70d1af725b26c1a2aa6ed52c43c0d6070,1744134228,15.2.1,package.json,yarn@1.22.5,package.json
9ae9216d0b3bf875c5ff5cabfd8f3a1b1ae648f8,1744136206,15.2.1,package.json,yarn@1.22.5,package.json
7f35449dc4dc9cfcf05168aaff237ed46d87e74e,1744137039,15.2.1,package.json,yarn@1.22.5,package.json
690ac990030c05e2b13367547dfba45e38b4cd50,1744138893,15.2.1,package.json,yarn@1.22.5,package.json
a6f11b1ecded7b072857ec6c5da4b86171c1ff01,1744145941,15.2.1,package.json,yarn@1.22.5,package.json
c1d8cd2b34ee499665bcc1e8715f24886c9bc34e,1744208886,15.2.1,package.json,yarn@1.22.5,package.json
74defdae277511cd1c7eb43747518b4a40c2bc98,1744219477,15.2.1,package.json,yarn@1.22.5,package.json
6296770cb5421cac827e33aa706ee587ee9ac476,1744295869,15.2.1,package.json,yarn@1.22.5,package.json
d0060fd18401afee827261b259919c9009d98143,1744299456,15.2.1,package.json,yarn@1.22.5,package.json
1c501f1977dd8f146ac7990b9998e8089436474a,1744301381,15.2.1,package.json,yarn@1.22.5,package.json
f765776018ef5976d8621ce9e283123669e8e3b8,1744302041,15.2.1,package.json,yarn@1.22.5,package.json
76d759eb10f7a1b6f5a17d0604a29e8c8c9a9aff,1744304457,15.2.1,package.json,yarn@1.22.5,package.json
b15f3ae780bc208731124b3d001995172f5d9693,1744304602,15.2.1,package.json,yarn@1.22.5,package.json
ed4380f2b3bcb145afc72c76128107f79273f776,1744305716,15.2.1,package.json,yarn@1.22.5,package.json
d7b34a7adffadfb6b3af3c4830040a4f449f3bd8,1744306915,15.2.1,package.json,yarn@1.22.5,package.json
6fac0c132a13a70fccfff29985f882d3abe997e4,1744309197,15.2.1,package.json,yarn@1.22.5,package.json
22a9f55cd6bf0c7b5eee48a3d37ba540d1604563,1744309799,15.2.1,package.json,yarn@1.22.5,package.json
ab823512108ea4d4cda15033392e107af0a032fa,1744401362,15.2.1,package.json,yarn@1.22.5,package.json
35a51a4aab225ced34def5765fadaa7e8bed0288,1744663740,15.2.1,package.json,yarn@1.22.5,package.json
8ae277ce5bf404001caacfd70d1159c2f958303e,1744666247,15.2.1,package.json,yarn@1.22.5,package.json
c48becb307e7d8f15ddd3702a6540197a949fcb5,1744729723,15.2.1,package.json,yarn@1.22.5,package.json
377e48051771f9e1eea2c485f691410b8caafb73,1744729834,15.2.1,package.json,yarn@1.22.5,package.json
73706d747748e6f34e8707943d82b16bc48ee396,1744748300,15.2.1,package.json,yarn@1.22.5,package.json
757883199606b997aaf2f5e38095a030895bcfa5,1744753485,15.2.1,package.json,yarn@1.22.5,package.json
0ac7968c276abe291cd31773e79a2a021f8322bb,1744831486,15.2.1,package.json,yarn@1.22.5,package.json
7967ac53c6dc1ccb20e1654ca198dbfaff5dfba2,1744836344,15.2.1,package.json,yarn@1.22.5,package.json
e187f72454574b01c2dc993d2a5ade58b9bfe980,1744836576,15.2.1,package.json,yarn@1.22.5,package.json
bb986e78872fc4f3c5bdca72d846c4d7de8d95aa,1744836589,15.2.1,package.json,yarn@1.22.5,package.json
5cf6c9e498e0657ea754db6e28c733193dfb235e,1744914575,15.2.1,package.json,yarn@1.22.5,package.json
dd5cc097a7082eb855894e6c288dbcd6b3a63f32,1744930147,15.2.1,package.json,yarn@1.22.5,package.json
496602fce898e9076a482627d22b5d8d77c77a27,1745263862,15.2.1,package.json,yarn@1.22.5,package.json
3148e0e450f9653d0f5283d717198a89fb8ccdaa,1745331130,15.2.1,package.json,yarn@1.22.5,package.json
ee2780eeefac502397d2658c93d2191fa176ca62,1745335562,15.2.1,package.json,yarn@1.22.5,package.json
f5e2956aee147026e34ea9dee79e374d07ee145a,1745343960,15.2.1,package.json,yarn@1.22.5,package.json
4dd721572da856e3fec7d5b0728aab455793b6fa,1745417370,15.2.1,package.json,yarn@1.22.5,package.json
2a1fe23c6f11e731d547dd119b008519ed975045,1745429026,15.2.1,package.json,yarn@1.22.5,package.json
a3395bb9761ca65713378b59da0b1c3df2389d2b,1745432603,15.2.1,package.json,yarn@1.22.5,package.json
f43cc5769f1d482592eeab76057e77e3d947dda6,1745521236,15.2.1,package.json,yarn@1.22.5,package.json
ce9cb678902e4ef2d15dc736cece118914768768,1746101384,15.2.1,package.json,yarn@1.22.5,package.json
f6c5f282e8f5d317d37ea719a7a0eff006025439,1746129700,15.2.1,package.json,yarn@1.22.5,package.json
0ffc7cc31928948540bebb3ea7cc96fc9eb3519f,1746132233,15.2.1,package.json,yarn@1.22.5,package.json
192265be7720a2b3ef352113193bd83535eda184,1746194486,15.2.1,package.json,yarn@1.22.5,package.json
31bba69ec98b38a1c3ba295f3de9a42c9ffdc09b,1746194889,15.2.1,package.json,yarn@1.22.5,package.json
16cfbdf3f19f6d08764bc14c47b33104ba249f5b,1746195371,15.2.1,package.json,yarn@1.22.5,package.json
aabf28be57a02ff4112dadc1399bba31ebe285ad,1746195477,15.2.1,package.json,yarn@1.22.5,package.json
bd06f19ee5d390d73b8a31f028ea5a25fc0c6dbf,1746477935,15.2.1,package.json,yarn@1.22.5,package.json
2afd033e2d1ffa34775cf85ce6ddef993323f80d,1746541065,15.2.1,package.json,yarn@1.22.5,package.json
ac351a92f0478a7e996f090f656215545ccf4b09,1746553736,15.2.1,package.json,yarn@1.22.5,package.json
2633b7a80cff591a20f490561fe92b306ff063be,1746624995,15.2.1,package.json,yarn@1.22.5,package.json
736485b3eee4f9563cb1aaf0567f897a7b11cfe8,1746625108,15.2.1,package.json,yarn@1.22.5,package.json
66a72ba3a545934c405f2b9760d0d6fc5e216e39,1746828656,15.2.1,package.json,yarn@1.22.5,package.json
45ef250f1a3c9413ced91c6a1157ee2d93786ebc,1747062299,15.2.1,package.json,yarn@1.22.5,package.json
f5f62e9972a991c239ff9bc5d3f6341861768a64,1747069783,15.2.1,package.json,yarn@1.22.5,package.json
80ce5d71e5d6a5af33da1ec58bcfde0e0ea2504c,1747079740,15.2.1,package.json,yarn@1.22.5,package.json
fe708cadc0de65b236bfd656a6d932fcbfa9ebca,1747161672,15.2.1,package.json,yarn@1.22.5,package.json
1578ef720dd874426091d7f52c8846fae9e8d201,1747332833,15.2.1,package.json,yarn@1.22.5,package.json
f3a7c7a08301bd8d558f3c9dc98bd7e2c5880126,1747408504,15.2.1,package.json,yarn@1.22.5,package.json
6daebbffa9cec3a5ae51f75f79baef4a8f2c8228,1747930319,15.2.1,package.json,yarn@1.22.5,package.json
d8b2e32461b79e4d19f22c4d62bbf05e08b147a3,1747939033,15.2.1,package.json,yarn@1.22.5,package.json
4f5c82eeca23cbb11da2bb72a8f2e5115f16dc8c,1747955428,15.2.1,package.json,yarn@1.22.5,package.json
5035aa88a16311595c00ef05c826df04d0ef6a8e,1748615917,15.2.1,package.json,yarn@1.22.5,package.json
d920bfdc2507aeea88827a6b8622a996b9be901e,1748616024,15.2.1,package.json,yarn@1.22.5,package.json
a855f8267c5897dd6e72cdb1e790c44ba954ed87,1748883125,15.2.1,package.json,yarn@1.22.5,package.json
d689cfa668bec918e6a3c7467e502b508796b112,1749135539,15.2.1,package.json,yarn@1.22.5,package.json
f38d165e34064e1044c340e611efde3865cba09e,1749138964,15.2.1,package.json,yarn@1.22.5,package.json
f37cee616762f010de3a50b56d2c48594eae377e,1749480532,15.2.1,package.json,yarn@1.22.5,package.json
0ea276e559ef6272bd88e5e40fa95ac1154fc278,1749480639,15.2.1,package.json,yarn@1.22.5,package.json
0784b5f9f13147218ebf119e4c776166fced1827,1749485541,15.2.1,package.json,yarn@1.22.5,package.json
8b0663f444d206868692c2064c744f56268e4ecf,1749751448,15.2.1,package.json,yarn@1.22.5,package.json
89e9cda183c7f0ae5c80937c6e33ccefca7aaf4c,1749845056,15.2.1,package.json,yarn@1.22.5,package.json
5471899345d43393304310a954d907b0693fa818,1749847885,15.2.1,package.json,yarn@1.22.5,package.json
989c7dded36771604349db14c5466aa130dba897,1750182407,15.2.1,package.json,yarn@1.22.5,package.json
0abea55db6cfce868b8b6c0b444a5f49a2077826,1750866917,15.2.1,package.json,yarn@1.22.5,package.json
3fee52ac7001e8e428b92df601f8bbdabe47ad03,1750880099,15.2.1,package.json,yarn@1.22.5,package.json
cfbdf0f6fa86426ecc2fa7173d553ea982e2a2d3,1752208749,15.2.1,package.json,yarn@1.22.5,package.json
8d663aa39d56aabd21c9026e5380b5850e500b21,1752208852,15.2.1,package.json,yarn@1.22.5,package.json
f47b4fe97b9fb17255e23f4b38dde67a4b064704,1752504656,15.2.1,package.json,yarn@1.22.5,package.json
0f18baf3bc0d064a1ff34069b4586ab4d1569631,1752516685,15.2.1,package.json,yarn@1.22.5,package.json
1b57ce6da95e52f85b487dd3ad5be58f1b3ba3f6,1752589384,15.2.1,package.json,yarn@1.22.5,package.json
e864d663e6e1ae901908e8aa606d5870d62bc0a3,1752709111,15.2.1,package.json,yarn@1.22.5,package.json
898e754858913c4c8e1489d8297ba3f76e37f1a0,1752763538,15.2.1,package.json,yarn@1.22.5,package.json
ea1644287a5dd02c4734ad8988191dd5bf99cc68,1752766836,15.2.1,package.json,yarn@1.22.5,package.json
72a60d7549d33a09b65d74a1c719d104819131e7,1752780643,15.2.1,package.json,yarn@1.22.5,package.json
17b0ec36df405271faff7e5e4144ed4bef096383,1752786547,15.2.1,package.json,yarn@1.22.5,package.json
99ecc61194fcbc87f95343adbed80f8dfffe2626,1753285397,15.2.1,package.json,yarn@1.22.5,package.json
965df20a6b0569aff91f72c8da1eeca7398e433c,1753285734,15.2.1,package.json,yarn@1.22.5,package.json
2b1aabeea68c56709f4fcc3dbab361764d8dc1a9,1753454457,15.2.1,package.json,yarn@1.22.5,package.json
bbe3c66dbcd372e42bbf1e8788b20c7bb8fa3d90,1753454523,15.2.1,package.json,yarn@1.22.5,package.json
3e431f06359aa5afb459e5ba79e02a93346f5639,1753799095,15.2.1,package.json,yarn@1.22.5,package.json
be8b34f35bbf2d5da7940b79c76dae1c92ad1482,1753799460,15.2.1,package.json,yarn@1.22.5,package.json
c285f70acdc7b1fc03b0aa0733d4e1cbc2cd5039,1753887220,15.2.1,package.json,yarn@1.22.5,package.json
2553354266bfc2b83d392f742efa45c9cf04dff6,1753887329,15.2.1,package.json,yarn@1.22.5,package.json
62a994701b44b1d2c94637de6cce68f2ba3bf770,1753895128,15.2.1,package.json,yarn@1.22.5,package.json
2fe8d7e48021e035c4e21e94413be34ea9835ce6,1753897543,15.2.1,package.json,yarn@1.22.5,package.json
2a081b41193c0f576a21c1a0cde5718e600f3e78,1753906764,15.2.1,package.json,yarn@1.22.5,package.json
09c2272ee0e6bed9d3d5b1a9cdf60e1a260c0ab5,1754411151,15.2.1,package.json,yarn@1.22.5,package.json
129dae5c9dd6ab110616f013f210efa2e76f0b5a,1754411264,15.2.1,package.json,yarn@1.22.5,package.json
71475a170f77640570a8c0f5a462696331ae8bfe,1755283841,15.2.1,package.json,yarn@1.22.5,package.json
56d19bb62e1f72630ae41850dfcad1d176d588c2,1755529788,15.2.1,package.json,yarn@1.22.5,package.json
1b7dae01e8ff1cd7099309d0a9d52be97350d2b2,1755703662,15.2.1,package.json,yarn@1.22.5,package.json
3ec9054baf7a535d635ea0519453b084b3ad190c,1756150162,15.2.1,package.json,yarn@1.22.5,package.json
55fd9b0a7ffd20d5fea0d166181bc5838e6aa4f3,1756150293,15.2.1,package.json,yarn@1.22.5,package.json
051d2d97f4fe57e8697acad993d99e6445fdee31,1756303443,15.2.1,package.json,yarn@1.22.5,package.json
3fcc26dca140e3b7ee1e88b16aa763c532faedfa,1756493472,15.2.1,package.json,yarn@1.22.5,package.json
93dd7e86890ab9b36cd18aaa64d7402f92b9c916,1756843788,15.2.1,package.json,yarn@1.22.5,package.json
54dc00ac636c876883e46a20224f8502f4b0eafd,1757083353,15.2.1,package.json,yarn@1.22.5,package.json
1d4f6b744f629d58b01dfab9320ef5cab481905c,1757365519,15.2.1,package.json,yarn@1.22.5,package.json
bf9d8bf9202009e3d389da3d58efd9590ec49066,1757963989,15.2.1,package.json,yarn@1.22.5,package.json
16291ddb308954cff382673d9d4215a6ddfbb429,1758721417,15.2.1,package.json,yarn@1.22.5,package.json
6becc83e910fc26073d9c9cd50b6e8841113f924,1759940689,15.2.1,package.json,yarn@1.22.5,package.json
4461b8a6104e707b610cde03af1ad10863b4439d,1760108294,15.2.1,package.json,yarn@1.22.5,package.json
d1d9c7139d6817c8aacf646e08ca28ec73d8e42b,1760127013,15.2.1,package.json,yarn@1.22.5,package.json
cf4b73e355fd885eac53bbeffe922428ab945810,1762185153,15.2.1,package.json,yarn@1.22.5,package.json
a1cfa1f8f41a02599baf6b267fceef05034211e3,1762203448,15.2.1,package.json,yarn@1.22.5,package.json
6f2666041a521015e2319640bb866774116ee15a,1762203576,15.2.1,package.json,yarn@1.22.5,package.json
21541825e972e4c93534b1ea8830bd37eacececa,1762378803,15.2.1,package.json,yarn@1.22.5,package.json
64983f6453158d6d1c9a612d7e0c3234e3ade66f,1762448474,15.2.1,package.json,yarn@1.22.5,package.json
404646c1c24c834ac46e4a4050af6f4e81428641,1762531670,15.2.1,package.json,yarn@1.22.5,package.json
1b3a5ee0d41eda5b278e4a1b3573f433b133cb6f,1762546114,15.2.1,package.json,yarn@1.22.5,package.json
ea926e793651447a86bf13587753314488f6e795,1763484315,15.2.1,package.json,yarn@1.22.5,package.json
111362945232ce100257403c13d58c923ae1b018,1763688717,15.2.1,package.json,yarn@1.22.5,package.json
130c98c318cd139c78ca634768f4d2d327b42688,1763998565,15.2.1,package.json,yarn@1.22.5,package.json
2f9e40e33d2fb2d71ab3a8c685b20be3e3028c77,1765915007,15.2.1,package.json,yarn@1.22.5,package.json
ddc7f01b88d1516c059f7cda7df04811ba463fb1,1766074719,15.2.1,package.json,yarn@1.22.5,package.json
1f70f9fe42d85dcde7df61d04a31a0b6f146435b,1766418784,15.2.1,package.json,yarn@1.22.5,package.json
0d5f5109b22b79da1cc3a7c33ea7aeeed5aeed00,1766527760,15.2.1,package.json,yarn@1.22.5,package.json
1b0920b1f8b06786b8d9091809de40b74e1323ab,1766530702,15.2.1,package.json,yarn@1.22.5,package.json
d71bf29aae9cd851599bbbbb28e0067a9985d02f,1766534959,15.2.1,package.json,yarn@1.22.5,package.json
