commit_hash,timestamp,node_version,node_version_source,pm_version,pm_version_source
bc7fbccac76bb3db9a2ec2add8bc9a0d9f355b1a,1578461871,11,node_releases.json (12 months offset),yarn,yarn.lock
2b019cee5bb6d07df09095bc04dbcb96c50f3bc1,1578463378,11,node_releases.json (12 months offset),yarn,yarn.lock
06ce7f6a547c1a452b8838abc2ae7cfe667aa51f,1578473392,11,node_releases.json (12 months offset),yarn,yarn.lock
eff9a868de1c7e40bca290b4d3382b1aa3d47562,1578491493,11,node_releases.json (12 months offset),yarn,yarn.lock
692976d3e012b5c60ab886b568d8caf39f215908,1578556517,11,node_releases.json (12 months offset),yarn,yarn.lock
3e1a536a877a11cc844e7fbcab0a8aa1441c9fde,1578561482,11,node_releases.json (12 months offset),yarn,yarn.lock
bf0e726c1f5cff1755e5dde4580ad95fc7219805,1578634150,11,node_releases.json (12 months offset),yarn,yarn.lock
cac78fe9810e5271d854ec296b47e8c29dfcf79c,1578659667,11,node_releases.json (12 months offset),yarn,yarn.lock
4137b10b28bbfd5b73f2be1a29d05dad16937af7,1578884168,11,node_releases.json (12 months offset),yarn,yarn.lock
2226066cb9fe066e1e4b7ce487ccaff7bfbd5305,1578891932,11,node_releases.json (12 months offset),yarn,yarn.lock
efe1a37a2cf989a8f1c681f663d9c5b300358e0a,1578906038,11,node_releases.json (12 months offset),yarn,yarn.lock
3699ffc1819dd5908841626c065e0b971ca9fdf4,1578937018,11,node_releases.json (12 months offset),yarn,yarn.lock
9d6d0b5ae04e4aef22be12c7c55a8c3ae31267ea,1578985383,11,node_releases.json (12 months offset),yarn,yarn.lock
288bf6b24448e2fa90efa7f38e97dce2a965692d,1578985522,11,node_releases.json (12 months offset),yarn,yarn.lock
f289043c0d578ce50303823b21a40df1b3c5d78b,1579044908,11,node_releases.json (12 months offset),yarn,yarn.lock
8fd25ee5f398b53544b3ff5df0c0c4175adaf7ee,1579046315,11,node_releases.json (12 months offset),yarn,yarn.lock
5c23b4f68a0128953a28bc84a21a079ac3745a52,1579047268,11,node_releases.json (12 months offset),yarn,yarn.lock
e96296ce1c4c2f690a17b8a01fb71afe43caa9af,1579048468,11,node_releases.json (12 months offset),yarn,yarn.lock
7b50a2fbcf6f273a2cdec1397fb5b266196c2bd5,1579049360,11,node_releases.json (12 months offset),yarn,yarn.lock
646229d4407b369f1c159d85e11d598fa700d87b,1579050193,11,node_releases.json (12 months offset),yarn,yarn.lock
ae4e48bfa1e671bda2bebad83cd6a14b2128ab44,1579059654,11,node_releases.json (12 months offset),yarn,yarn.lock
899ff97c630d031f5dee2650dae9935400f71ff3,1579062426,11,node_releases.json (12 months offset),yarn,yarn.lock
942fd0b2336b30b5140e3c25377062cd5305328f,1579062444,11,node_releases.json (12 months offset),yarn,yarn.lock
3a6b8a59cea85b586b8614b7ee944f2ddbf021c3,1579062687,11,node_releases.json (12 months offset),yarn,yarn.lock
22b846cc1cc9fb6cc06786905faab9eade536886,1579066347,11,node_releases.json (12 months offset),yarn,yarn.lock
4bc95887e218fb5c38b560c8c9b397d8f8ca914a,1579069534,11,node_releases.json (12 months offset),yarn,yarn.lock
56f3efbc90dc6ed012dec1e60823a5c75b4962d2,1579084239,11,node_releases.json (12 months offset),yarn,yarn.lock
5a195d63bbaa29d4ae3f62c32a516ff14eb9b85e,1579130621,11,node_releases.json (12 months offset),yarn,yarn.lock
031443a7dba159ac50000b5691a3706ed03403b6,1579130712,11,node_releases.json (12 months offset),yarn,yarn.lock
9e794d0f814745ee0fd672017a46e9243ed8c918,1579134762,11,node_releases.json (12 months offset),yarn,yarn.lock
d738bf2dba6a32f616d2554bc3558813e1792a62,1579216996,11,node_releases.json (12 months offset),yarn,yarn.lock
88db32c9f3311760fc571ab4f8f0588ad3c50825,1579217566,11,node_releases.json (12 months offset),yarn,yarn.lock
d7b9ee502fd57833a2782807f73ee5af5229d0c0,1579477865,11,node_releases.json (12 months offset),yarn,yarn.lock
fccb831d61d652f15c6607f502e7aa21dfbe1da9,1579478159,11,node_releases.json (12 months offset),yarn,yarn.lock
0a927df67ea80c42dad5c485ae807cc447209042,1579490437,11,node_releases.json (12 months offset),yarn,yarn.lock
a41b8730e217456bf12693b37433ede46c3d1b92,1579491774,11,node_releases.json (12 months offset),yarn,yarn.lock
ab4be8ce63734ca5b7a8c278b72e926db6356a91,1579492044,11,node_releases.json (12 months offset),yarn,yarn.lock
0b743c073040729ba210d7f6e6e20b2eac86113a,1579495221,11,node_releases.json (12 months offset),yarn,yarn.lock
9722801b299f2d3863ee5ff6d943e977d94e9f01,1579499199,11,node_releases.json (12 months offset),yarn,yarn.lock
f1ce4920493f605c0c2441d1f7268f0dd2b15e4b,1579500022,11,node_releases.json (12 months offset),yarn,yarn.lock
3c78925143d7be5dc35f928a39e3b74aa1fcde59,1579501292,11,node_releases.json (12 months offset),yarn,yarn.lock
7708defdacdc5ccf82ae74a2961e2da58e1314db,1579564199,11,node_releases.json (12 months offset),yarn,yarn.lock
48bd2e9812b266e95ad2f87e2660def6f8e20882,1579564199,11,node_releases.json (12 months offset),yarn,yarn.lock
e72c17f17acc13ad12fa5459e0a624ac1c22ee18,1579564199,11,node_releases.json (12 months offset),yarn,yarn.lock
67d26e3d22e3858a5154fed91ea1dc1f537a249d,1579565974,11,node_releases.json (12 months offset),yarn,yarn.lock
05120ce87fa36bec5d4dde0ae87992f27efeefba,1579579452,11,node_releases.json (12 months offset),yarn,yarn.lock
fc5c66a5def18c610967d70fe13aeab199d80c49,1579588178,11,node_releases.json (12 months offset),yarn,yarn.lock
dfb21a1afef0bfc5e7679a30bf70cb082fc52952,1579588572,11,node_releases.json (12 months offset),yarn,yarn.lock
bb97dfc8c9589c4e687e9b0b07af3fd2e7c99f29,1579589459,11,node_releases.json (12 months offset),yarn,yarn.lock
7ba4761d6f9f5d5faaffd607d13748698828216d,1579642211,11,node_releases.json (12 months offset),yarn,yarn.lock
e54394f32f1deea985f8aa71245c985c7bab5bde,1579652975,11,node_releases.json (12 months offset),yarn,yarn.lock
fc7c790a8aa8a35f3a7e068ac1e2e3cd8dbb9a65,1579658735,11,node_releases.json (12 months offset),yarn,yarn.lock
873be73bd2769e2d5697cbaedea9e74712287208,1579662733,11,node_releases.json (12 months offset),yarn,yarn.lock
fb40ada1d4a8601de3335e55b3baa1d7d2098d60,1579665408,11,node_releases.json (12 months offset),yarn,yarn.lock
918fd16ea1d5a76473558ce50d1360a7fdde45df,1579670798,11,node_releases.json (12 months offset),yarn,yarn.lock
db38f1ff60a7fe721fb4f6dce8772800c460cfd8,1579689264,11,node_releases.json (12 months offset),yarn,yarn.lock
73f290273e7dffd9fa708656ee3059467e1050c3,1579696839,11,node_releases.json (12 months offset),yarn,yarn.lock
707eccae6438fc708a6659d5df3df5f41c5a9002,1579701077,11,node_releases.json (12 months offset),yarn,yarn.lock
9207edf747f30f76d1833443c704a0d3ac1bafb3,1579701081,11,node_releases.json (12 months offset),yarn,yarn.lock
db7c45db6537bca77badadf0f290447c718bbaf8,1579744670,11,node_releases.json (12 months offset),yarn,yarn.lock
04dfcd4eb5c24202b8bd0e2170bfa188d86d7ac8,1579761987,11,node_releases.json (12 months offset),yarn,yarn.lock
e14b5f008b58ffedfc104f38791ba913fd4af78a,1579830577,11,node_releases.json (12 months offset),yarn,yarn.lock
04c6fd8549f0d8fe0aa6e71beca5123069d49b46,1579842240,11,node_releases.json (12 months offset),yarn,yarn.lock
52c76ae2ae10149bc119938f05e25e9c63a6c639,1579845673,11,node_releases.json (12 months offset),yarn,yarn.lock
5dfae303dc20f706f348434befb47ea8e077012f,1579870433,11,node_releases.json (12 months offset),yarn,yarn.lock
7e0b39ef1c2508a8b73336868a66158d47b138eb,1579870573,11,node_releases.json (12 months offset),yarn,yarn.lock
744dbdee51346ee1eac5ab205d1a4bb9a8b28b4e,1580045309,11,node_releases.json (12 months offset),yarn,yarn.lock
f89235f626bb5975c1bb4209358402f7616330e6,1580162598,11,node_releases.json (12 months offset),yarn,yarn.lock
a6d7933cc3f6c31fb64679787223d19feff126f2,1580164663,11,node_releases.json (12 months offset),yarn,yarn.lock
082b0daa63b5ab49f631d13ccc194410ba5fbd9f,1580178992,11,node_releases.json (12 months offset),yarn,yarn.lock
6ee9a9f668dafed74f67af0071a4303e8fdb3d52,1580180371,11,node_releases.json (12 months offset),yarn,yarn.lock
58eef4f32e653ee5a7ae5d0056494dbb3a49bf3e,1580180854,11,node_releases.json (12 months offset),yarn,yarn.lock
009840e91ada8d64c2985227d63294de0230d3af,1580181367,11,node_releases.json (12 months offset),yarn,yarn.lock
b59e5737f89190b94ec6cbef0af3b54a193b5872,1580182222,11,node_releases.json (12 months offset),yarn,yarn.lock
0db6f71157eed05337ab6e26ab152aa90432883f,1580182337,11,node_releases.json (12 months offset),yarn,yarn.lock
a2d24970b2bb74ef331ef6e5a59f08b0d18b15e4,1580182674,11,node_releases.json (12 months offset),yarn,yarn.lock
ff32f8439b915f6c5d534e828c5b89b0bd6ce772,1580183070,11,node_releases.json (12 months offset),yarn,yarn.lock
c9ad8042aea9c9dd50e5f0c114fb135e9f2ad29c,1580183815,11,node_releases.json (12 months offset),yarn,yarn.lock
09fbbb58a56819c5276ae41dc2aee1e009244705,1580185904,11,node_releases.json (12 months offset),yarn,yarn.lock
ed9e6a4f5226d8efbc9c0e361cffe9cf3d7f1847,1580186094,11,node_releases.json (12 months offset),yarn,yarn.lock
67af5950e6db229225c9bfdbd3478339579bbd72,1580186133,11,node_releases.json (12 months offset),yarn,yarn.lock
471cdb7eb07766ecf1c2b5fe4eecbedcefa85a9f,1580186142,11,node_releases.json (12 months offset),yarn,yarn.lock
3f1ccfd7e92889bb15a5616cb056e25e7cc00c2f,1580186224,11,node_releases.json (12 months offset),yarn,yarn.lock
09841ba39a4429bc6ff721948bd0502303abec49,1580187159,11,node_releases.json (12 months offset),yarn,yarn.lock
758acba6f7e9011f7eae759c02122624c894646b,1580187733,11,node_releases.json (12 months offset),yarn,yarn.lock
b429b4861f84c3b05abd9926f546c4f734d69dc6,1580188515,11,node_releases.json (12 months offset),yarn,yarn.lock
9676efcd70486ac2f734540467102225c4bb887b,1580199919,11,node_releases.json (12 months offset),yarn,yarn.lock
3c44e449d7fac65d1e36deb86a3329ca9c2401d9,1580252073,11,node_releases.json (12 months offset),yarn,yarn.lock
920a71b3e80aff4b4ba1541dd30c935cda3dc4f3,1580256447,11,node_releases.json (12 months offset),yarn,yarn.lock
436e1088d0c91a644ea8bbc09f2bb583de7ab715,1580258491,11,node_releases.json (12 months offset),yarn,yarn.lock
8488c682b38608f0e330028cf6fa719f5e084602,1580259509,11,node_releases.json (12 months offset),yarn,yarn.lock
e908350378dfaf12fd4c5d3a69f37330e8f75efb,1580260818,11,node_releases.json (12 months offset),yarn,yarn.lock
5ec3d53e2104fcf67108f87788e8846f97219799,1580268774,11,node_releases.json (12 months offset),yarn,yarn.lock
393745843efc71ac25abfea47eb16b7f11e91828,1580270741,11,node_releases.json (12 months offset),yarn,yarn.lock
8dda8d4e77595912114f87029b91a5a0abb2c04f,1580270882,11,node_releases.json (12 months offset),yarn,yarn.lock
de2ad76628c6362ae8d957bc0209ed3e08fd9d3e,1580271674,11,node_releases.json (12 months offset),yarn,yarn.lock
ae2a2fa923c71f6b3fcf45fc0a42cad10344e64c,1580276047,11,node_releases.json (12 months offset),yarn,yarn.lock
5093a7a72aa9380e2b1f0d8e1c17290e93b2ff6f,1580281929,11,node_releases.json (12 months offset),yarn,yarn.lock
9b4c917b07d9aa16a350dafd543ac66532b389fa,1580344933,11,node_releases.json (12 months offset),yarn,yarn.lock
bd549b1848e6de3c4e738f265b175f538975ab7a,1580349574,11,node_releases.json (12 months offset),yarn,yarn.lock
b1b45779880228163a91d3b61a614076911e9951,1580353438,11,node_releases.json (12 months offset),yarn,yarn.lock
371974be1c5cf8bf26d9859b954c953c973c6228,1580353877,11,node_releases.json (12 months offset),yarn,yarn.lock
172cafc6de112e10c3fba14e27d410bbf53fafcf,1580355320,11,node_releases.json (12 months offset),yarn,yarn.lock
6c94d66bd1d8d634711d0d3be6adc1bcbe271a0a,1580357372,11,node_releases.json (12 months offset),yarn,yarn.lock
75fd48cbff176106ac4fb6d52ff2d473a8305ce4,1580357463,11,node_releases.json (12 months offset),yarn,yarn.lock
91411f06b0e5e0b47a6d1330939f6e605249d80c,1580359106,11,node_releases.json (12 months offset),yarn,yarn.lock
451a0fec42e67f6dbd7e0793d635dd4118ff3a3f,1580359406,11,node_releases.json (12 months offset),yarn,yarn.lock
3ae86385492d23bb9b61e5947c0f755222a80082,1580360336,11,node_releases.json (12 months offset),yarn,yarn.lock
d4c05ac6031a3e4e695021877b9e7532513eb1b9,1580375607,11,node_releases.json (12 months offset),yarn,yarn.lock
d55787862e596d6de11dcf711358792031d8c91f,1580375610,11,node_releases.json (12 months offset),yarn,yarn.lock
f8d059d4684269f696ec72f31453cbe179b6d203,1580375610,11,node_releases.json (12 months offset),yarn,yarn.lock
84f23b73a863a7225cf319f60af893e30869e4ae,1580375610,11,node_releases.json (12 months offset),yarn,yarn.lock
138217623e612b8d5dbe11f066684366fade43e7,1580375610,11,node_releases.json (12 months offset),yarn,yarn.lock
739370d44897c46075dc40d95d5fd3b62bae99a0,1580375642,11,node_releases.json (12 months offset),yarn,yarn.lock
ba9ef4ad6fc6e821592745e325867d1593063cf1,1580377480,11,node_releases.json (12 months offset),yarn,yarn.lock
609b9b6869e93bc6fcbcacb844159ba1b27e4b58,1580382287,11,node_releases.json (12 months offset),yarn,yarn.lock
3ee57c128b3b1dd12382bbdc6e0a1bf2cc1f7eb9,1580384393,11,node_releases.json (12 months offset),yarn,yarn.lock
1c8e11c80d5fb897d72780f97b504812889c2413,1580385449,11,node_releases.json (12 months offset),yarn,yarn.lock
9b716c28a1db2e7d12d8de73f521af9cd4f66bbe,1580416052,11,node_releases.json (12 months offset),yarn,yarn.lock
88efee60d9730d61407cbcf48a8a7318e88a3a01,1580421866,11,node_releases.json (12 months offset),yarn,yarn.lock
a617a5cb1f45420d83c2ae823679728c4128eea5,1580422748,11,node_releases.json (12 months offset),yarn,yarn.lock
afcc80dce6a89c06c0eab52467ce1dc2b213c17a,1580436725,11,node_releases.json (12 months offset),yarn,yarn.lock
d34b2b08bbe3cb2bafa694e884a5222c8e84b7fc,1580443973,11,node_releases.json (12 months offset),yarn,yarn.lock
31f89733abe2e9596e63d873d0a1e1316785a391,1580444620,11,node_releases.json (12 months offset),yarn,yarn.lock
a0741ffe58b4086ce09397c35ea5602189cfe38f,1580446820,11,node_releases.json (12 months offset),yarn,yarn.lock
ee1cec73c90e3dfc2897efabef768a80dcb5730b,1580448378,11,node_releases.json (12 months offset),yarn,yarn.lock
ebe8fbd6b3f9495298f47a54ebc6a8f941b36b22,1580450330,11,node_releases.json (12 months offset),yarn,yarn.lock
1eaeeb3eaff0421e8fa787e5b258d5753b4f3f2d,1580456733,11,node_releases.json (12 months offset),yarn,yarn.lock
7afbce9c5aa8a29ca5cdb6f7dd1907c24b0d2911,1580508002,11,node_releases.json (12 months offset),yarn,yarn.lock
7590a99d6c3ce137032303ed39708cfb4bd67953,1580543322,11,node_releases.json (12 months offset),yarn,yarn.lock
a2b58c5950feefd8c8365825343425d64a623cb1,1580544049,11,node_releases.json (12 months offset),yarn,yarn.lock
23281bcdc30878e0483db20b0d7d374fa3dffce1,1580604950,11,node_releases.json (12 months offset),yarn,yarn.lock
472b20f99c6b7d06842aeb437508bd8641ff7c19,1580612302,11,node_releases.json (12 months offset),yarn,yarn.lock
af90609b9c9182c2db28d19bd916bf695bfaa5f9,1580613191,11,node_releases.json (12 months offset),yarn,yarn.lock
1ef38c48ea5bc4d23d5f66556f68aff51148b4a5,1580614830,11,node_releases.json (12 months offset),yarn,yarn.lock
4aa7de12e0d2cd005eb4bf9675531b75108a61ef,1580701535,11,node_releases.json (12 months offset),yarn,yarn.lock
38ed08cbdd212a04b90e6648dab39375be9dd31c,1580724238,11,node_releases.json (12 months offset),yarn,yarn.lock
8208946a372f1645704d6a740b2c5dca4580c1f5,1580725177,11,node_releases.json (12 months offset),yarn,yarn.lock
4bc95c3f60a73c6f73992912479bee30403fa0c2,1580726188,11,node_releases.json (12 months offset),yarn,yarn.lock
107ff2e1225dc7455bb2a2092057c0187245c848,1580726478,11,node_releases.json (12 months offset),yarn,yarn.lock
a02a1870048fcc8c5fc19a601c9b4727b968efec,1580726504,11,node_releases.json (12 months offset),yarn,yarn.lock
321041388ec52e6bf0b7cfc158d2832b49b5d1c2,1580726526,11,node_releases.json (12 months offset),yarn,yarn.lock
8c593a11158e800a1135654e577a037e01c9bb66,1580728022,11,node_releases.json (12 months offset),yarn,yarn.lock
3a80c2dea0422858694de31f73f64a62fa26fa82,1580732020,11,node_releases.json (12 months offset),yarn,yarn.lock
e11bda35edb7f7a0064d5701bbfadf491c74e16d,1580734674,11,node_releases.json (12 months offset),yarn,yarn.lock
c67c20d3756a3686c3bd24188d97d05ffc1fb663,1580734907,11,node_releases.json (12 months offset),yarn,yarn.lock
66f88c698effcb6ea12c4cc0368c3b0a6d668bb1,1580787716,11,node_releases.json (12 months offset),yarn,yarn.lock
bc543af9a64dce9f007ad96fb1ad7622c1e5e943,1580788741,11,node_releases.json (12 months offset),yarn,yarn.lock
4f15aff9ae517f0206aec776b60e1776308a1a3d,1580794067,11,node_releases.json (12 months offset),yarn,yarn.lock
25dfef7104d77c4e84f0eaac2b215dfa9418c7bf,1580807279,11,node_releases.json (12 months offset),yarn,yarn.lock
78093046ff2f147329b5881a3374e542888928b3,1580807310,11,node_releases.json (12 months offset),yarn,yarn.lock
add10ce25ef74b3b122d59445d104bad3b14d5d4,1580808517,11,node_releases.json (12 months offset),yarn,yarn.lock
67fdde35b935b8033da464fc150e1131d2cddd86,1580809202,11,node_releases.json (12 months offset),yarn,yarn.lock
66f3070424669de091686b522063828e71266d8b,1580872605,11,node_releases.json (12 months offset),yarn,yarn.lock
61e8681b792d19ce19916f786e39101c68da0e74,1580915947,11,node_releases.json (12 months offset),yarn,yarn.lock
f30c90d08e9e36c9870ad24e2c45dbb871ee9141,1580915966,11,node_releases.json (12 months offset),yarn,yarn.lock
688a1659671122d8b7e0ded302f3e235e7b52ab3,1580993544,11,node_releases.json (12 months offset),yarn,yarn.lock
3178962381257da7e10938323f4be86b9d83e739,1580995599,11,node_releases.json (12 months offset),yarn,yarn.lock
fa5df6bc3d404b1b8f177b0da824c7ae38ec893a,1581002874,11,node_releases.json (12 months offset),yarn,yarn.lock
66c78ea30a2002df1fd7b4c760a00d9594f3ccc5,1581002894,11,node_releases.json (12 months offset),yarn,yarn.lock
36dc1301c4def3140025b4689f967cac48ff4c19,1581030811,11,node_releases.json (12 months offset),yarn,yarn.lock
e41db47d318436bf802f2f208662de8faf9fa25b,1581039038,11,node_releases.json (12 months offset),yarn,yarn.lock
cc4c75fbaa9429b8491fba78a9cb35108b1d569b,1581056819,11,node_releases.json (12 months offset),yarn,yarn.lock
58e304632b19711bb82e3135447d57ea3758aafd,1581244787,11,node_releases.json (12 months offset),yarn,yarn.lock
aecc9e032d81ee71f1e5ca65e9a9dccf085675bd,1581288922,11,node_releases.json (12 months offset),yarn,yarn.lock
6d5d87e2b85eb0cfff412d3b888812ae969f699b,1581289214,11,node_releases.json (12 months offset),yarn,yarn.lock
1045cc90717cee8297694695c12eae496b2ca96a,1581290382,11,node_releases.json (12 months offset),yarn,yarn.lock
9d25a07c26289ac2a6649454db9da87cfef4b9eb,1581290571,11,node_releases.json (12 months offset),yarn,yarn.lock
ad110020397e832380bb49f094a1964103534fc6,1581292262,11,node_releases.json (12 months offset),yarn,yarn.lock
7f1103ebd19efe7c8269ee607626205dfc0afa1f,1581299497,11,node_releases.json (12 months offset),yarn,yarn.lock
57384943ea9b7f4b623333c66e25879ac4f40a38,1581372711,11,node_releases.json (12 months offset),yarn,yarn.lock
11be71735b3c4eb4ee38d506acca970ef576a79c,1581374460,11,node_releases.json (12 months offset),yarn,yarn.lock
643ad0c538ec018a7a73ecc7fbe474934251db6f,1581375412,11,node_releases.json (12 months offset),yarn,yarn.lock
9e80635117272ceeaf0615ffa141cfd2b7a254af,1581376406,11,node_releases.json (12 months offset),yarn,yarn.lock
f39dbd9d3e95db4128022530a26aa5b48b0a5589,1581403748,11,node_releases.json (12 months offset),yarn,yarn.lock
2cedf89237e4da426d10dbc036fd53a8f747d2e1,1581420493,11,node_releases.json (12 months offset),yarn,yarn.lock
c54ac76faa974896c506880553965e31cb009819,1581422669,11,node_releases.json (12 months offset),yarn,yarn.lock
dc01335d259f417408965c61fb01f02481806e47,1581422746,11,node_releases.json (12 months offset),yarn,yarn.lock
9cc2c4a635069240eef15d17fe226381662bf1ab,1581422776,11,node_releases.json (12 months offset),yarn,yarn.lock
6eca0a14cdff534dd43856d4c7ab16184226c1b4,1581423701,11,node_releases.json (12 months offset),yarn,yarn.lock
e29208e7b9e5d8a0ac3b219fe107b080d101de5c,1581463969,11,node_releases.json (12 months offset),yarn,yarn.lock
3206268b156fe9f34c086ece5e6538cf4763fb0d,1581469751,11,node_releases.json (12 months offset),yarn,yarn.lock
b5bee1b784a8a49dfa1f3888abbc2eede7bb80be,1581476614,11,node_releases.json (12 months offset),yarn,yarn.lock
e2c1850eae04f26e32c31cefe289d41aa2de468b,1581490501,11,node_releases.json (12 months offset),yarn,yarn.lock
cee27aa2957b5c29cd61a5f7e386908fd73c9778,1581546908,11,node_releases.json (12 months offset),yarn,yarn.lock
875398364e7e55d87c95df8b68a27638d839348d,1581547079,11,node_releases.json (12 months offset),yarn,yarn.lock
8605cef792e166f6d7b3f6c83f77d332ba3535e7,1581547331,11,node_releases.json (12 months offset),yarn,yarn.lock
88a93975b6cf54b163bae6ced5307a64c4fe6f81,1581548883,11,node_releases.json (12 months offset),yarn,yarn.lock
041d4bd2ac7200757e873df1519c5280c2a131ca,1581553651,11,node_releases.json (12 months offset),yarn,yarn.lock
ef2e550369214101e83ec62551bbba5c8650b557,1581555260,11,node_releases.json (12 months offset),yarn,yarn.lock
5054b291756249db4a589ffa8da53470ba1ac58b,1581555381,11,node_releases.json (12 months offset),yarn,yarn.lock
276e603604213f99d3ef19c26f84d8a7c4d2c317,1581558053,11,node_releases.json (12 months offset),yarn,yarn.lock
b6366d083a794d150e9c0d54cb24ea33a6c31f84,1581561279,11,node_releases.json (12 months offset),yarn,yarn.lock
97c2d84c45de8594f3127ea26c8954f3053313a9,1581562529,11,node_releases.json (12 months offset),yarn,yarn.lock
b04ad5648f3c8966f97de00ee5c0dedff199b4a1,1581563594,11,node_releases.json (12 months offset),yarn,yarn.lock
11bd247dfa44702bc8309bfcbc294530dccb9eb9,1581564292,11,node_releases.json (12 months offset),yarn,yarn.lock
517abb88850d78d80be30fa23060ecc981ce6289,1581641237,11,node_releases.json (12 months offset),yarn,yarn.lock
66e664750c252439dae78abd424fda56d1dcdcc3,1581641244,11,node_releases.json (12 months offset),yarn,yarn.lock
9c01e210d208bb6c9e01b53d9056499447e0d4ad,1581641959,11,node_releases.json (12 months offset),yarn,yarn.lock
d0c833a4f9acc67db0b3017fc6db4d1d00db9b39,1581655560,11,node_releases.json (12 months offset),yarn,yarn.lock
f9e5dbf6165fa75d53a2cb9ee8c84df5736aaaf7,1581655834,11,node_releases.json (12 months offset),yarn,yarn.lock
eca69159bc082d48abac0fd290b0ef95ee198ce5,1581902665,11,node_releases.json (12 months offset),yarn,yarn.lock
e2848c76a4cd023a14a901d60e79d6173e8e9ad4,1581903360,11,node_releases.json (12 months offset),yarn,yarn.lock
0bb8774e15a8f3f6b962acdaa262a0fc16eb8357,1581921803,11,node_releases.json (12 months offset),yarn,yarn.lock
2686c5f8653a9f4ebee4cf15378f1d38f545162f,1581999164,11,node_releases.json (12 months offset),yarn,yarn.lock
9ba7b2cf407386029cb0f2269c50c8e54234dda9,1582003109,11,node_releases.json (12 months offset),yarn,yarn.lock
7ffb6bacf58accc98b79fe8196fd6a2d8a72df70,1582065029,11,node_releases.json (12 months offset),yarn,yarn.lock
2130688ac75be0a4bcdcb5110c838c4efd485b79,1582074203,11,node_releases.json (12 months offset),yarn,yarn.lock
c0f23923ed2f39d5510a51a7cb07ec7eb537f04a,1582077072,11,node_releases.json (12 months offset),yarn,yarn.lock
59748a11303fb7cf00fdb8c9392dcb082ee9d965,1582089799,11,node_releases.json (12 months offset),yarn,yarn.lock
1337706e9c06c9c3062a5827e8a4dbf4bba558e3,1582091675,11,node_releases.json (12 months offset),yarn,yarn.lock
d107cb44bacb4efd1a347c2309be6a8ce2ea7c37,1582093388,11,node_releases.json (12 months offset),yarn,yarn.lock
1e4fdb43a0b920c5da1e6f6ece38ddc4bbbc186b,1582093422,11,node_releases.json (12 months offset),yarn,yarn.lock
59e8928a0ddb1d5f53ef5e9faaee2e3fb520d66d,1582149528,11,node_releases.json (12 months offset),yarn,yarn.lock
b446b9f3c95fd347bbad76cb396cfc6d10da3f4d,1582154657,11,node_releases.json (12 months offset),yarn,yarn.lock
46ebe51329f3626f6f80c10c67597b1b55c55ce5,1582156483,11,node_releases.json (12 months offset),yarn,yarn.lock
a766db3e8d952d5892da0568345145cecc3ff1af,1582164410,11,node_releases.json (12 months offset),yarn,yarn.lock
dbee4ea990d643ea7cafdeb7528558e53db3bab5,1582167278,11,node_releases.json (12 months offset),yarn,yarn.lock
7c1131353bcf1bed1c8d51cc8d7e7d696e962c59,1582172409,11,node_releases.json (12 months offset),yarn,yarn.lock
74dfd42645254acc4cbd2ba0accd913bc0e01d1b,1582184138,11,node_releases.json (12 months offset),yarn,yarn.lock
db215d19b0044f11ef72c5e4b1ec259a35f6beb4,1582184511,11,node_releases.json (12 months offset),yarn,yarn.lock
d639bc77d861c5680feaae24449e5e5c968aa4b8,1582239128,11,node_releases.json (12 months offset),yarn,yarn.lock
c561372c29e101678ca9be55982aa5c65bc0776b,1582245594,11,node_releases.json (12 months offset),yarn,yarn.lock
b9813853ab6653b50007ca1f37083c374dcbbd9b,1582245777,11,node_releases.json (12 months offset),yarn,yarn.lock
7c07326ffb48bf6f531d0da564d37adf6ef2b29f,1582246672,11,node_releases.json (12 months offset),yarn,yarn.lock
05750b5c0b22a2b24086e7656850f23be3a79b13,1582257450,11,node_releases.json (12 months offset),yarn,yarn.lock
6ae1ab3082e427d9a7677a9deb49d31bd5c1a0ad,1582257796,11,node_releases.json (12 months offset),yarn,yarn.lock
58052a80ae1473f385b7cdce2e1e950f1fedb435,1582284304,11,node_releases.json (12 months offset),yarn,yarn.lock
c83c15faeb13be0ab8ee55e7356329e2f6540215,1582498954,11,node_releases.json (12 months offset),yarn,yarn.lock
7d57cd6e8673c62f89fa8cfc349a14b98dc540ce,1582501388,11,node_releases.json (12 months offset),yarn,yarn.lock
1129089b85daff6f43220746eaa23a02472be83f,1582507098,11,node_releases.json (12 months offset),yarn,yarn.lock
099e06ef98fd1a4e59a4979d4a3ef20d98b36153,1582507339,11,node_releases.json (12 months offset),yarn,yarn.lock
38d498605b8b07fe60a0a7e1684a3dbd47b0e3fd,1582507707,11,node_releases.json (12 months offset),yarn,yarn.lock
4f90c1d95e3943d121f218e00b7f640a6da5af21,1582508107,11,node_releases.json (12 months offset),yarn,yarn.lock
b239c4c5f832abc7fd10eb6be0e34d00aadde033,1582512759,11,node_releases.json (12 months offset),yarn,yarn.lock
0bae0c5f349ad77f7c838145455bedb830f8cdc2,1582520823,11,node_releases.json (12 months offset),yarn,yarn.lock
3eeec6b33a900621ac18209f263e8f2298c014c6,1582521769,11,node_releases.json (12 months offset),yarn,yarn.lock
76282868795672071e3e1de9f85a43cc9ebc7838,1582525797,11,node_releases.json (12 months offset),yarn,yarn.lock
58cab5b5a1652a00a6d1db754ce59cb0885dd448,1582525960,11,node_releases.json (12 months offset),yarn,yarn.lock
4bd4db0ab952cb42f28ae1a1d2d76912db8f1a3a,1582542859,11,node_releases.json (12 months offset),yarn,yarn.lock
7427f315aae5633423e209fb0b94878daa3e263b,1582543606,11,node_releases.json (12 months offset),yarn,yarn.lock
68381143f5893784747c98947b152d8a728a8511,1582545281,11,node_releases.json (12 months offset),yarn,yarn.lock
20201e601e5255cd47a7985d12ccbc835a858921,1582547802,11,node_releases.json (12 months offset),yarn,yarn.lock
5c504e547e5de20761f97d9735f65d609541d138,1582587119,11,node_releases.json (12 months offset),yarn,yarn.lock
d31f05fd3d31275c8dd740aa45888a2875789ee7,1582587195,11,node_releases.json (12 months offset),yarn,yarn.lock
8e86c2ff4197407474f67560a0bb63d85e1ca439,1582591640,11,node_releases.json (12 months offset),yarn,yarn.lock
3d262ad2ad29ccb96088268de620bb03892487df,1582593238,11,node_releases.json (12 months offset),yarn,yarn.lock
b68abf547c2b205b097ada631832ff48b0b591b6,1582593723,11,node_releases.json (12 months offset),yarn,yarn.lock
8afa19d6b020024423f5ae761fa133fed500a3dc,1582593842,11,node_releases.json (12 months offset),yarn,yarn.lock
4c4fe7f04214f8ad7ab792509d208beeaaf7427f,1582594293,11,node_releases.json (12 months offset),yarn,yarn.lock
76f1e34a775ba219d5c2ab12dcb581d5a3dc3235,1582595015,11,node_releases.json (12 months offset),yarn,yarn.lock
27404679e77ee9540728df14d21fc4cbe863bc70,1582599209,11,node_releases.json (12 months offset),yarn,yarn.lock
9b7b3c9210180b15ee58fbc7c1aa3f32bbcb9de5,1582602292,11,node_releases.json (12 months offset),yarn,yarn.lock
4f15187850d2fd756018001e625eaba9896c6271,1582603690,11,node_releases.json (12 months offset),yarn,yarn.lock
8c5bf0d239173eae6a8dc48658d51357d4fdaee7,1582609261,11,node_releases.json (12 months offset),yarn,yarn.lock
f358c8816e26190a1f3263f9807bf50c90e590f7,1582609821,11,node_releases.json (12 months offset),yarn,yarn.lock
87a501d0a43dd5869ad96743b15fbad980b0a847,1582610348,11,node_releases.json (12 months offset),yarn,yarn.lock
7d5081a925494d2dbb28b6709dd0f1192fddeed0,1582610902,11,node_releases.json (12 months offset),yarn,yarn.lock
4a6231eaaec230f019aeb1fd31b5886cf292f9ea,1582625721,11,node_releases.json (12 months offset),yarn,yarn.lock
58337d634e7f8ab6818dc804af98801f58f4be0f,1582626118,11,node_releases.json (12 months offset),yarn,yarn.lock
6ea2a4f21bf2c582a62febdea9c1f8b535580ebe,1582626503,11,node_releases.json (12 months offset),yarn,yarn.lock
f1d6fa0224fb7f35b16f70ad98f4e44c61d7ad2a,1582654667,11,node_releases.json (12 months offset),yarn,yarn.lock
9120772be77ea820b2173d8ae9e88b857e954c6b,1582673123,11,node_releases.json (12 months offset),yarn,yarn.lock
01e27505b5722b7f8ed0b0f096b97e1c27792f94,1582673746,11,node_releases.json (12 months offset),yarn,yarn.lock
5bd146758789825317206a52554795f0ef34b346,1582675908,11,node_releases.json (12 months offset),yarn,yarn.lock
f50e27a7a6e9151ab3d762ceb3b0b1f1bcc494dd,1582676698,11,node_releases.json (12 months offset),yarn,yarn.lock
e25ec422bcf3889fc47aa46f0a230666a21b5e22,1582684464,11,node_releases.json (12 months offset),yarn,yarn.lock
23d5a0fcb257844435075bb6bf59e0075ded3d0a,1582687629,11,node_releases.json (12 months offset),yarn,yarn.lock
4158d6d6a5021ef60c4340fb647fc0737faf9e04,1582707620,11,node_releases.json (12 months offset),yarn,yarn.lock
2e850f0abc7a3a472dc0271ff51ad73d74ffe3a6,1582709488,11,node_releases.json (12 months offset),yarn,yarn.lock
4aad1251ab57e951e157b681190cc413787a54db,1582709984,11,node_releases.json (12 months offset),yarn,yarn.lock
bf6d25cc03ba94e4c6242e12e73182a6dfa0af7f,1582710924,11,node_releases.json (12 months offset),yarn,yarn.lock
a6707a384fbb40eb7acf3f82da8f3ec9645a6e98,1582712647,11,node_releases.json (12 months offset),yarn,yarn.lock
07593b8a1d772a588fe97375317ff15c6a064a93,1582716589,11,node_releases.json (12 months offset),yarn,yarn.lock
973459f8cb677487fea7be30840718947edb5a4c,1582717340,11,node_releases.json (12 months offset),yarn,yarn.lock
0ecfbb7d3d343fa53c345eadcb1f963631809166,1582717880,11,node_releases.json (12 months offset),yarn,yarn.lock
118f6da2d8485bf9125b42e919738374cd87a9d9,1582732047,11,node_releases.json (12 months offset),yarn,yarn.lock
3bd19d6c7df16509c4f3b0818e90deda21953767,1582741078,11,node_releases.json (12 months offset),yarn,yarn.lock
6e35d0046a87a3184ae5646c0d6657dd88880631,1582758424,11,node_releases.json (12 months offset),yarn,yarn.lock
031357b28b9f50c06f8d095e2000396eade862ae,1582765982,11,node_releases.json (12 months offset),yarn,yarn.lock
a0e315d7d00e67f691568d2184366a69b0ef31db,1582766643,11,node_releases.json (12 months offset),yarn,yarn.lock
86cba2f3d4532d71384a84243a2255b07694f009,1582773435,11,node_releases.json (12 months offset),yarn,yarn.lock
c4779ec9534ef1ffd3385ab7a18225aa97406705,1582777198,11,node_releases.json (12 months offset),yarn,yarn.lock
d6cfa1fec4a7aed5c91f62d72b5eeda003c9b3ec,1582779676,11,node_releases.json (12 months offset),yarn,yarn.lock
7f3ec5388d4208789465fceaf7150e157f404707,1582780507,11,node_releases.json (12 months offset),yarn,yarn.lock
ace1fc59917b1916b20dbfa9a64b962c7fccd832,1582780836,11,node_releases.json (12 months offset),yarn,yarn.lock
261aa1d81f91fbbe3690cc7d3748c5ee4af691e7,1582780963,11,node_releases.json (12 months offset),yarn,yarn.lock
a184a7352abbb2e9f4beb416337f63335aa06212,1582782389,11,node_releases.json (12 months offset),yarn,yarn.lock
4aa5e837d3c055b45ec49863265f2df9a8f22e27,1582787649,11,node_releases.json (12 months offset),yarn,yarn.lock
30ea12fa7b7df4038e29977aa5befb295f8e9c83,1582788590,11,node_releases.json (12 months offset),yarn,yarn.lock
85e54831a32d9adc0e5e75c66b6b8db1e2a41dd5,1582788685,11,node_releases.json (12 months offset),yarn,yarn.lock
11da82a0afe271d9dbf956776df43adbef5fcceb,1582790888,11,node_releases.json (12 months offset),yarn,yarn.lock
0f0cc4d44258c90099854a244d66aad509cfc9af,1582792836,11,node_releases.json (12 months offset),yarn,yarn.lock
56f26595f52bed4d568d9c86bb1102e62d312e51,1582793923,11,node_releases.json (12 months offset),yarn,yarn.lock
e5aca9804f9530502e23552685156aaab2b54ccb,1582797148,11,node_releases.json (12 months offset),yarn,yarn.lock
59f45351ada67f04dc3af474ae1569efc56fa5a2,1582797818,11,node_releases.json (12 months offset),yarn,yarn.lock
ce462ebdcdd6897f9be68ac72f7caaa53033ceab,1582805894,11,node_releases.json (12 months offset),yarn,yarn.lock
58bf011ba248aa3b18b9eca71e4e2bfbab6e8b30,1582805985,11,node_releases.json (12 months offset),yarn,yarn.lock
2626e26c16012fa63c313b846874edfb1258c14c,1582841536,11,node_releases.json (12 months offset),yarn,yarn.lock
e64ab800d3a832247f27242ae3561a957fda8441,1582860780,11,node_releases.json (12 months offset),yarn,yarn.lock
0395b0ce148f2f31b2b63232fb33e13c874572cd,1582861050,11,node_releases.json (12 months offset),yarn,yarn.lock
946fd5ff8bfb997bab27d691e29240715ac17edc,1582861815,11,node_releases.json (12 months offset),yarn,yarn.lock
b3bc75586696b124becdf017051ee4e5f47517bb,1582863374,11,node_releases.json (12 months offset),yarn,yarn.lock
c92bba2aad4923c634e8398cff9d15196df96326,1582867539,11,node_releases.json (12 months offset),yarn,yarn.lock
a22ea1479b97f7bb2ebb4b3e22e22119d0185319,1582869821,11,node_releases.json (12 months offset),yarn,yarn.lock
3e346c10f153d14fda7cc1bd564708868d8fbd6b,1582907773,11,node_releases.json (12 months offset),yarn,yarn.lock
5f3291f6822e0e26ce6b8b7e36123fa0fcb895bf,1582932687,11,node_releases.json (12 months offset),yarn,yarn.lock
2322a71d44afdd604d323fefbd57a4e45a4cd160,1582932687,11,node_releases.json (12 months offset),yarn,yarn.lock
2bd3cd1a981d2971cd24d1197f0215cc12dc6aad,1582933610,11,node_releases.json (12 months offset),yarn,yarn.lock
b9f317ab8e5f67ac9d918b39cc5b79f9b21dce8f,1582946523,11,node_releases.json (12 months offset),yarn,yarn.lock
ea9e5c9dedf61f1058017ca40c9dfc048d5633f0,1582952783,11,node_releases.json (12 months offset),yarn,yarn.lock
849dae894dcaa05b5ff6e06335247f40f59b6c39,1582952785,11,node_releases.json (12 months offset),yarn,yarn.lock
31cb983abe2fc8a05bc943a58aacf22d92120e51,1582970621,11,node_releases.json (12 months offset),yarn,yarn.lock
6d876161d6ec4d2838c9d70432aab83e5bca4e99,1583044758,11,node_releases.json (12 months offset),yarn,yarn.lock
d1844577a85e97732bca782892a1aa653341c9e1,1583044794,11,node_releases.json (12 months offset),yarn,yarn.lock
e2bc854e574c974abfd6db145a34fe4a3c21fec2,1583047247,11,node_releases.json (12 months offset),yarn,yarn.lock
1e142e6b271e6498caeb5c0d1b30a8c6d01cdc7e,1583055107,11,node_releases.json (12 months offset),yarn,yarn.lock
720358a6e344a00ee940f8c33d92f206af833c85,1583061864,11,node_releases.json (12 months offset),yarn,yarn.lock
2324f0be7de2564547caf63d89a5cec63e273872,1583063943,11,node_releases.json (12 months offset),yarn,yarn.lock
e9cdd8afd085b8e5fb0b830f19fc297350a8ec8c,1583110812,11,node_releases.json (12 months offset),yarn,yarn.lock
c016db038bed6719a18b150ba5dbfcb76b9c07cd,1583113358,11,node_releases.json (12 months offset),yarn,yarn.lock
58e2bcf46c63c377d8b9bdbd022cc30f7f5f852a,1583118653,11,node_releases.json (12 months offset),yarn,yarn.lock
d776a8cf8497db6e67b1fb2f21c9c8f87b5596b5,1583118682,11,node_releases.json (12 months offset),yarn,yarn.lock
37fcbb9d4d2f9924afddf8021ee8653bd718cf1f,1583192823,11,node_releases.json (12 months offset),yarn,yarn.lock
b579315f1613c85f0946f93b1a45477219db6b21,1583194143,11,node_releases.json (12 months offset),yarn,yarn.lock
0a805407a88f296c14be8c054f7a6655150435ca,1583200681,11,node_releases.json (12 months offset),yarn,yarn.lock
9af4417877a2ec39eb027b74412a4d8c0a8e288c,1583207190,11,node_releases.json (12 months offset),yarn,yarn.lock
bb55c1de0b37f150460068b9477884026dc7795d,1583209264,11,node_releases.json (12 months offset),yarn,yarn.lock
eefdda1add4857efe409c8c5f201dd24216e0ba0,1583210517,11,node_releases.json (12 months offset),yarn,yarn.lock
697b87d41270e6477e43b12d960140d71b9d69bd,1583222833,11,node_releases.json (12 months offset),yarn,yarn.lock
3cad32c35fa064dbe47ba46f346535779c5d9d33,1583223004,11,node_releases.json (12 months offset),yarn,yarn.lock
21dc1e5e263932fa869418e6cf223b27d09ef669,1583223046,11,node_releases.json (12 months offset),yarn,yarn.lock
591d27956b0fcde6450312ec59cfe0cbb934a70d,1583223153,11,node_releases.json (12 months offset),yarn,yarn.lock
905118aa1f042800995ea42e2f0456a2d7ed61da,1583227796,11,node_releases.json (12 months offset),yarn,yarn.lock
947f79a9e86f610cceaa86bb105e4ac8b17b06c1,1583228124,11,node_releases.json (12 months offset),yarn,yarn.lock
41a978a6318335e6db8e52f9e3526b263892298c,1583229265,11,node_releases.json (12 months offset),yarn,yarn.lock
05cf9a59764b230802ecbda00190cb913daf692c,1583231306,11,node_releases.json (12 months offset),yarn,yarn.lock
c9445fccc42da1050c64b3f957e7a997d1fb76f7,1583232326,11,node_releases.json (12 months offset),yarn,yarn.lock
51c04a0dd1c774f759ae004b23be0caae98ed288,1583233651,11,node_releases.json (12 months offset),yarn,yarn.lock
9fc56b81090649c805575532294c05cc63a14e1b,1583237256,11,node_releases.json (12 months offset),yarn,yarn.lock
ff363bb5df8750f71926990dea02f984f9f84d90,1583237511,11,node_releases.json (12 months offset),yarn,yarn.lock
2c839c860b559626aa9438a2011ab1f2383a17da,1583238467,11,node_releases.json (12 months offset),yarn,yarn.lock
431e44b4f70766322eb1f847d5d159fce684923d,1583238545,11,node_releases.json (12 months offset),yarn,yarn.lock
53d25a0d75e4a47bf79c9b4244782269e0169da7,1583246871,11,node_releases.json (12 months offset),yarn,yarn.lock
b9de4c1704570cc124b6b93f8886e71fc92057e8,1583246930,11,node_releases.json (12 months offset),yarn,yarn.lock
0417e74c162f2cfdcf81fa913e8aec27f9bfa3e8,1583246969,11,node_releases.json (12 months offset),yarn,yarn.lock
1f2a19800ca9788ce2c6c1d7fab7da87e5d4e5a5,1583247022,11,node_releases.json (12 months offset),yarn,yarn.lock
dd9fea361ec07ff4536bc24de53bd2b92f7bc317,1583247082,11,node_releases.json (12 months offset),yarn,yarn.lock
3837bf8db76f1c01b82792494b8bf04ca9e45de5,1583247265,11,node_releases.json (12 months offset),yarn,yarn.lock
ee0296298cc7b1116d97bb1e4bfc180a703c77f3,1583247703,11,node_releases.json (12 months offset),yarn,yarn.lock
45699b73d0dd44d1932a3677f64e3d04b7a66735,1583248236,11,node_releases.json (12 months offset),yarn,yarn.lock
eb50f96803b5eb7ef89e26d48844afeda41299fe,1583249974,11,node_releases.json (12 months offset),yarn,yarn.lock
9dd0f610a0945fc2375bb4d714f59df36888b7e9,1583272417,11,node_releases.json (12 months offset),yarn,yarn.lock
6958ea6e6d5cfa10b3cdae6edd893851d34558b8,1583273245,11,node_releases.json (12 months offset),yarn,yarn.lock
8c59e2f3e653b2dd5a33ed92cbeacb800c6301ac,1583285044,11,node_releases.json (12 months offset),yarn,yarn.lock
e9d907ff90831707bd49d036e05fa9810087f159,1583285813,11,node_releases.json (12 months offset),yarn,yarn.lock
f53ebc9d7d8785ac11ae32336a307c2c395b9f1b,1583288477,11,node_releases.json (12 months offset),yarn,yarn.lock
93c70d3cbf69d9b44c72645ac84950224a5493f4,1583289730,11,node_releases.json (12 months offset),yarn,yarn.lock
c2433e24d842a39316f35f891b21c14a53110e5c,1583291235,11,node_releases.json (12 months offset),yarn,yarn.lock
b2d74ec8e8dae56e7f9bd8a24f4a503e4e5494b5,1583291337,11,node_releases.json (12 months offset),yarn,yarn.lock
05f732c7d88120bbf3637a5044dca8b150ac07fa,1583292754,11,node_releases.json (12 months offset),yarn,yarn.lock
a6abc372ba5435934d21494ba512476a07ad9e86,1583292907,11,node_releases.json (12 months offset),yarn,yarn.lock
2667d25ab05f9d229117d1451e8d82d568430a5c,1583293080,11,node_releases.json (12 months offset),yarn,yarn.lock
3ff3c741bb660d93971064d4350fcd2bc4563355,1583293228,11,node_releases.json (12 months offset),yarn,yarn.lock
071309ca2783e83a46eba9d5ce0fd31f4342b553,1583293992,11,node_releases.json (12 months offset),yarn,yarn.lock
44b367638818ce975baa5cb0e291c10b343cfb1a,1583311558,11,node_releases.json (12 months offset),yarn,yarn.lock
67969622d3579fe486ca06ef21c2cf27b124451b,1583313647,11,node_releases.json (12 months offset),yarn,yarn.lock
75b9936ea5dab79ff044d2c47372a404398a6919,1583326143,11,node_releases.json (12 months offset),yarn,yarn.lock
c4aec03719f02869686adbdc147d7dbc27d99a33,1583366302,11,node_releases.json (12 months offset),yarn,yarn.lock
28e4a5c9e0c1ea139b54a52727b2a3b625097d73,1583366801,11,node_releases.json (12 months offset),yarn,yarn.lock
8219672548de59b429af4a3a5197c2806ff5b449,1583367921,11,node_releases.json (12 months offset),yarn,yarn.lock
2e8227e5bdbf5d6ad0fece0f79323929e99702eb,1583368871,11,node_releases.json (12 months offset),yarn,yarn.lock
d20dee4b4b05f225b1f95434450f80fc493d3030,1583373642,11,node_releases.json (12 months offset),yarn,yarn.lock
1912574ee167fa14862d539cc39d4a09dbc94307,1583374074,11,node_releases.json (12 months offset),yarn,yarn.lock
4bdfa36098098ec4771ca3647e523df8bf0852eb,1583374269,11,node_releases.json (12 months offset),yarn,yarn.lock
b09122857c5b6826a8a68eb2ca585c4217a39c95,1583388472,11,node_releases.json (12 months offset),yarn,yarn.lock
ea5ac8a4407edcdc238712be9bd363e2e6f208c9,1583388776,11,node_releases.json (12 months offset),yarn,yarn.lock
11908e69144145e50d6bb6033b4a6b67144ddd36,1583389396,11,node_releases.json (12 months offset),yarn,yarn.lock
f40614b6aefd1790ad3a6bec39720b8f00b6f29e,1583390409,11,node_releases.json (12 months offset),yarn,yarn.lock
3b8965356fe37c3fafb3c3bc4b6ec663d240c6da,1583391006,11,node_releases.json (12 months offset),yarn,yarn.lock
7c837ee31189a4fe0b28839519e22d027a89a8ad,1583391879,11,node_releases.json (12 months offset),yarn,yarn.lock
f38f48af967b0524cf4683a79628306f80e909e1,1583391931,11,node_releases.json (12 months offset),yarn,yarn.lock
0d2dcac1a8fa233a9bffb2d3c3d6b13e983dbfa6,1583391948,11,node_releases.json (12 months offset),yarn,yarn.lock
263c83cc9ec5a9bc539a4433ebc306981b771bc3,1583391968,11,node_releases.json (12 months offset),yarn,yarn.lock
9b52da5f1be7beaf2f8264e22798ed5a767d79ce,1583392548,11,node_releases.json (12 months offset),yarn,yarn.lock
9d8de9dc5c0d54b289da63ca8512fa90580dc8d2,1583432805,11,node_releases.json (12 months offset),yarn,yarn.lock
3b4a1e91d87de0811af9bad9adae4659114ed4e9,1583447273,11,node_releases.json (12 months offset),yarn,yarn.lock
0917f3a1c83da80bdf67bab6b29fd4b9ea4e43bf,1583448426,11,node_releases.json (12 months offset),yarn,yarn.lock
f2a6be93d50dcc517c00e4bc41dc744b47f59bdb,1583451447,11,node_releases.json (12 months offset),yarn,yarn.lock
b516c4070a985fa01e3c36b6fb60d8d846c820f3,1583454472,11,node_releases.json (12 months offset),yarn,yarn.lock
82ea14292d5813c1f9af69f09791dc71b4e26b26,1583463715,11,node_releases.json (12 months offset),yarn,yarn.lock
95269be5a6849bf49ee18907d974359d386af895,1583463785,11,node_releases.json (12 months offset),yarn,yarn.lock
bb6d6b823b0c6e1abf088f8c974831284e90eb19,1583463808,11,node_releases.json (12 months offset),yarn,yarn.lock
c8307d5830ea5f46b72da6d9f6d4f708607cb21e,1583464320,11,node_releases.json (12 months offset),yarn,yarn.lock
424c4fe39190d888fdba5389e3f7e11cd4f24b17,1583464437,11,node_releases.json (12 months offset),yarn,yarn.lock
97d2ac9326a65368ba127c33f83a91c8a8a2f6a6,1583472255,11,node_releases.json (12 months offset),yarn,yarn.lock
554873b91b114b6a6efa2d45951145ac33ca42e6,1583472341,11,node_releases.json (12 months offset),yarn,yarn.lock
1159428a359b982919b43806709b13d3b464018b,1583474394,11,node_releases.json (12 months offset),yarn,yarn.lock
e4d2093ac906f7ff7ceecaac1d98a38386515323,1583567230,11,node_releases.json (12 months offset),yarn,yarn.lock
bf51fd5d3520e8a816345132e227f9b4594ce58c,1583568307,11,node_releases.json (12 months offset),yarn,yarn.lock
cc1fd45cfdca1897e99fcc71589f3143b53ad996,1583572492,11,node_releases.json (12 months offset),yarn,yarn.lock
90a0ed26993cb848d1617c8c5d9dcf38fb43339f,1583572672,11,node_releases.json (12 months offset),yarn,yarn.lock
a4c5ac681783759ee1fbc138a961a2898125d73d,1583573360,11,node_releases.json (12 months offset),yarn,yarn.lock
7361378e343097f8a051763f10ca101952ddade1,1583574728,11,node_releases.json (12 months offset),yarn,yarn.lock
9c98d7b2ec4ac6d5accf80825b2cb703732c6137,1583578303,11,node_releases.json (12 months offset),yarn,yarn.lock
3a94ddd69682eeda400fa8b199405e30bf567c74,1583615383,11,node_releases.json (12 months offset),yarn,yarn.lock
68c37794ec4fa4ce483e97ecab760494d605a75b,1583615715,11,node_releases.json (12 months offset),yarn,yarn.lock
f6b5ccf16b0aaf694e02b3c62e44b47d65886722,1583625636,11,node_releases.json (12 months offset),yarn,yarn.lock
c57fe78b16b034e36abcbbf3e7d077efbf3f286e,1583627191,11,node_releases.json (12 months offset),yarn,yarn.lock
dcec6aa37235b4d4e8039ea1d6906d846f633180,1583628040,11,node_releases.json (12 months offset),yarn,yarn.lock
0acede291ca4ff679690e941fab787af0a917748,1583628120,11,node_releases.json (12 months offset),yarn,yarn.lock
a1f9a404b456526daf983472f6cbc21935fe5b37,1583628325,11,node_releases.json (12 months offset),yarn,yarn.lock
7c60549c94c4bf3e73b4362586239bf1ad717344,1583629451,11,node_releases.json (12 months offset),yarn,yarn.lock
cabd61b9978c96b760697e329c3f43751cca8be2,1583629469,11,node_releases.json (12 months offset),yarn,yarn.lock
b693324934cdfbc102313f29b0792361ba093eb1,1583630129,11,node_releases.json (12 months offset),yarn,yarn.lock
4dd554240f581483fcfe81039222e14270240080,1583636843,11,node_releases.json (12 months offset),yarn,yarn.lock
14f46a56773bbdeba65762ad42956be72f02adb4,1583637052,11,node_releases.json (12 months offset),yarn,yarn.lock
b5caa96c2296402f72a949393f609b627261dbe6,1583637267,11,node_releases.json (12 months offset),yarn,yarn.lock
c08aed39a5d354cf02f9922a8f7971260205d8f0,1583637406,11,node_releases.json (12 months offset),yarn,yarn.lock
0d25543da630268cbdc2e7792c428d4ab1758aaf,1583637737,11,node_releases.json (12 months offset),yarn,yarn.lock
3d7b493a7a67c04a83fbcbdf2f83b0096737b64f,1583637818,11,node_releases.json (12 months offset),yarn,yarn.lock
72503ae2cbbf12c60d146796aaadc016c3ba3cf9,1583648050,11,node_releases.json (12 months offset),yarn,yarn.lock
be916dc62a5232cd3d8df0ccbf5b5f0a858b154f,1583648461,11,node_releases.json (12 months offset),yarn,yarn.lock
58b2a6ca753b2008bb56a3c6a9f497c0f8fe8eab,1583649023,11,node_releases.json (12 months offset),yarn,yarn.lock
a43d0a4acf55ef36a5f47f640966124bf9455079,1583649896,11,node_releases.json (12 months offset),yarn,yarn.lock
83ddc33b3dbfd555cdabe1c0fb51288c14ee26d9,1583650027,11,node_releases.json (12 months offset),yarn,yarn.lock
68e000ca9e5b84bee49cdfdad5603deda8d5843b,1583650119,11,node_releases.json (12 months offset),yarn,yarn.lock
12a965dfc98db01c0967fe05e8136dcad7469eda,1583650625,11,node_releases.json (12 months offset),yarn,yarn.lock
809301e26416d6f1d50231f903030ac66f9f5df8,1583671735,11,node_releases.json (12 months offset),yarn,yarn.lock
f00163ae6f91b97553a313e36737371dc653fcaa,1583672313,11,node_releases.json (12 months offset),yarn,yarn.lock
4416d12948e3dc642682c34ff387214ec1b6b0db,1583672527,11,node_releases.json (12 months offset),yarn,yarn.lock
fd50ef47950a75f75dbbfccab285776b88af2c34,1583691906,11,node_releases.json (12 months offset),yarn,yarn.lock
a091ee251e9d6a7a00332b61e9570cd2b12e7f60,1583713208,11,node_releases.json (12 months offset),yarn,yarn.lock
8dce8a6d7aab5d9742387de63946069c1b741f8a,1583713441,11,node_releases.json (12 months offset),yarn,yarn.lock
5e2af3f0db7ca3c342cd023832f37803a62f4b95,1583713533,11,node_releases.json (12 months offset),yarn,yarn.lock
b20172700548957fb9ca4a38bd1649d72cf033ea,1583713763,11,node_releases.json (12 months offset),yarn,yarn.lock
f8bca03ac472a956e2ad8079e0a3e228a0a1ce51,1583714098,11,node_releases.json (12 months offset),yarn,yarn.lock
9a783dcaf9dd3a384c4709dcbeee5472e7b14e45,1583722926,11,node_releases.json (12 months offset),yarn,yarn.lock
b254a7933c0d427e2bce3afffc5aee35b173e9ed,1583723038,11,node_releases.json (12 months offset),yarn,yarn.lock
9d35e22361a8ec36ceb4dc7da48509997a565b0f,1583723500,11,node_releases.json (12 months offset),yarn,yarn.lock
1148dd4129008211180d105a9734cb945e40af4c,1583723880,11,node_releases.json (12 months offset),yarn,yarn.lock
80a57a98221aaa9a6dca1d3505b114fcad7e0c7c,1583729782,11,node_releases.json (12 months offset),yarn,yarn.lock
90d4bc48edd4f98d3ec5f7f5b1e0ba4c84dfd356,1583732886,11,node_releases.json (12 months offset),yarn,yarn.lock
f86599fd1b0159c18c16aeec21fd2c63a7f06cb4,1583738119,11,node_releases.json (12 months offset),yarn,yarn.lock
5368fbc71f73a742f12f11a7517e5a1f1ed1d38e,1583739215,11,node_releases.json (12 months offset),yarn,yarn.lock
1eb0b0571ff1d04c44361122ed8a4b4ebf7b2c87,1583750322,11,node_releases.json (12 months offset),yarn,yarn.lock
0f9a70a95ef4620fc058acaf4d68620f5e886d26,1583751327,11,node_releases.json (12 months offset),yarn,yarn.lock
77facc345bd45a93ca22d3bf95e5fb2d44f3dc33,1583751446,11,node_releases.json (12 months offset),yarn,yarn.lock
cd78fbd6c1016b88cd1a6845432eea9984d07b5f,1583751632,11,node_releases.json (12 months offset),yarn,yarn.lock
5982e154b533ab2fc933f01ffdea9ac7a463b2dd,1583751996,11,node_releases.json (12 months offset),yarn,yarn.lock
c4c79e22d2b3ffdfaab763702116ec0479cedafe,1583752172,11,node_releases.json (12 months offset),yarn,yarn.lock
61839b133622c506e766c1fb5d7f424ec9775f1f,1583752329,11,node_releases.json (12 months offset),yarn,yarn.lock
98b10d5edfd6a7e5e2d5147dae0a5089999008b6,1583752475,11,node_releases.json (12 months offset),yarn,yarn.lock
b7cfb8f3f844c17a791c82b727290c97894f0011,1583752595,11,node_releases.json (12 months offset),yarn,yarn.lock
6abd99503b58d1b985b26e79648562c360a153bf,1583752629,11,node_releases.json (12 months offset),yarn,yarn.lock
9c3f9b29d17ac3243d0ad330b19cad837ebc6392,1583752665,11,node_releases.json (12 months offset),yarn,yarn.lock
f6c04a91c6e0caffe3af5038f11257d35374fd2d,1583753260,11,node_releases.json (12 months offset),yarn,yarn.lock
c9743596642415e1bf03df88c5525f864af999c8,1583753873,11,node_releases.json (12 months offset),yarn,yarn.lock
27aa7fb852670a854b0f36d32c8b39027e1ed142,1583753987,11,node_releases.json (12 months offset),yarn,yarn.lock
8656bc6243c76bc9d8863233b13718e8f4a03a94,1583754185,11,node_releases.json (12 months offset),yarn,yarn.lock
485874f1ee1ab11804e222ee0f93f4147541027c,1583754229,11,node_releases.json (12 months offset),yarn,yarn.lock
0b664f2f3e8a4dc5699830c6f76ba6512a981175,1583754582,11,node_releases.json (12 months offset),yarn,yarn.lock
2afaabf666fd58c28eaffc73b7b0f0815d26a98c,1583754888,11,node_releases.json (12 months offset),yarn,yarn.lock
912512cad3bdc0fc72d33a104aafa3e7f5999f82,1583754937,11,node_releases.json (12 months offset),yarn,yarn.lock
a3b0f7a1891994cec3a6de9fb0d0cf1602ef4d8e,1583755418,11,node_releases.json (12 months offset),yarn,yarn.lock
10c320b845b4205bec3375976ab8c198d316a262,1583755426,11,node_releases.json (12 months offset),yarn,yarn.lock
a3968a5b2d6256d8abdca802f0a82db6642e2133,1583755562,11,node_releases.json (12 months offset),yarn,yarn.lock
3e473698b2f04baab45fffa86abe446b7fdb64e1,1583756106,11,node_releases.json (12 months offset),yarn,yarn.lock
69b283494c62ca9cb851e80228f108879e0600a4,1583756333,11,node_releases.json (12 months offset),yarn,yarn.lock
37bc4c171b62324c469ab1a84c5d8fc6cfdc08eb,1583756791,11,node_releases.json (12 months offset),yarn,yarn.lock
9e5600763453c4323d09a84b229bf7cbf12fdb25,1583829824,11,node_releases.json (12 months offset),yarn,yarn.lock
5cd6764a0af9e386eb718a0eb4337e2c6f42b547,1583898421,11,node_releases.json (12 months offset),yarn,yarn.lock
e95369e5e3157f464b4312f4e85d3786a9b1d4c4,1583898458,11,node_releases.json (12 months offset),yarn,yarn.lock
477446f465003906b524382d5037f40c3c668f17,1583898485,11,node_releases.json (12 months offset),yarn,yarn.lock
954ee7fce0052846e4cff6759d817330324bf4f9,1583898676,11,node_releases.json (12 months offset),yarn,yarn.lock
1ef85b895152b4abcaefdde4a4721754e713883c,1583967030,11,node_releases.json (12 months offset),yarn,yarn.lock
4ab147ddf9060460b61eea82cde8637809967393,1583993453,11,node_releases.json (12 months offset),yarn,yarn.lock
4542fcaa9f1692cdf4e0fc9dc65db9894d6668ab,1583998682,11,node_releases.json (12 months offset),yarn,yarn.lock
dce8d54bbdff7fc1f1eeeb23a145347082fe9704,1584004157,11,node_releases.json (12 months offset),yarn,yarn.lock
da6620942faa2e51b57ce17d591a2bf28ac0a0e9,1584004157,11,node_releases.json (12 months offset),yarn,yarn.lock
be600e8ce98416f9be80dee55c1ddbf0753229ff,1584076074,11,node_releases.json (12 months offset),yarn,yarn.lock
81087246a88e81a51b03dc036db4c3a04cb9209e,1584079219,11,node_releases.json (12 months offset),yarn,yarn.lock
69bc6947fd9b7cf9439a131123846f80fdec5017,1584094111,11,node_releases.json (12 months offset),yarn,yarn.lock
921c63b4c36e2b40b923dbbaa92dfedefbb9c658,1584358208,11,node_releases.json (12 months offset),yarn,yarn.lock
82a0a8d3461fe74254d290a02098616a78e1fb1c,1584359022,11,node_releases.json (12 months offset),yarn,yarn.lock
9fb74afe1f8237fc6ad6c14e2139fea667528bd1,1584359406,11,node_releases.json (12 months offset),yarn,yarn.lock
40ea0ffd4cdc81ec94e634101043cccfbb753585,1584360697,11,node_releases.json (12 months offset),yarn,yarn.lock
87bda60c07e6f32309d276f4b71fdf812f3cf20b,1584397165,11,node_releases.json (12 months offset),yarn,yarn.lock
5a901b76587c8b3c672b7d9c20f476b3bb24f99d,1584406743,11,node_releases.json (12 months offset),yarn,yarn.lock
5292f536c06c5f562a876795ea404428de05055d,1584407466,11,node_releases.json (12 months offset),yarn,yarn.lock
c0b1c3c63418e47ff73edbd6b0aedb52b8e83165,1584407582,11,node_releases.json (12 months offset),yarn,yarn.lock
abfd8c6ca5412f0b4f8a8814cedc5abfe0bead21,1584410759,11,node_releases.json (12 months offset),yarn,yarn.lock
4caa244b9e2c2e2d10cf98b2a724d2ec04fee31d,1584412985,11,node_releases.json (12 months offset),yarn,yarn.lock
f6820bdbad788b6a29a82d0ace7ffa75a7868b14,1584418906,11,node_releases.json (12 months offset),yarn,yarn.lock
2e490a315a050686fab32ca4389a7aa1ecbf236b,1584420198,11,node_releases.json (12 months offset),yarn,yarn.lock
dcb3727a0551fad0b8e4f6818f3d82932433ce30,1584423278,11,node_releases.json (12 months offset),yarn,yarn.lock
b7eb7aedac9b03f167c4128e4fcbe303091e7b0b,1584424428,11,node_releases.json (12 months offset),yarn,yarn.lock
7645313aba0949eb45b50393e1c48fc65dea2408,1584425161,11,node_releases.json (12 months offset),yarn,yarn.lock
22d082e01f89409bdf0d1ee70220d1c30eec8048,1584425849,11,node_releases.json (12 months offset),yarn,yarn.lock
8bc44e27e2e67665a6c0c9d709e0f683c5049093,1584427843,11,node_releases.json (12 months offset),yarn,yarn.lock
1d18970885b2d6f8548e8b411a8d93889c640fe1,1584430401,11,node_releases.json (12 months offset),yarn,yarn.lock
366a5b0c72e993fc55a6b12abfcd434876b97898,1584430499,11,node_releases.json (12 months offset),yarn,yarn.lock
032e5fa5e9fd59476e8a8815764ee1f3a457925d,1584430622,11,node_releases.json (12 months offset),yarn,yarn.lock
9529418f0f1edf9eee69302d2df4b83f5320488e,1584432148,11,node_releases.json (12 months offset),yarn,yarn.lock
0acda2389ccc8ceda035cde7d8193c05e45ca6c4,1584433415,11,node_releases.json (12 months offset),yarn,yarn.lock
2fd8647892244f55496f4427ea25fbb961252e63,1584433440,11,node_releases.json (12 months offset),yarn,yarn.lock
c41733ba7fe598512dd567e9dee240a3ff168f1c,1584433463,11,node_releases.json (12 months offset),yarn,yarn.lock
f8be93bfa3955425cde0c32858affbb40c9c1930,1584433883,11,node_releases.json (12 months offset),yarn,yarn.lock
91b4e3ac41cef593fd4629f2a010afffe6189fe3,1584434503,11,node_releases.json (12 months offset),yarn,yarn.lock
fe40fade5afaab266509cfa51c30265420b7574b,1584435112,11,node_releases.json (12 months offset),yarn,yarn.lock
81c9eeeffe9a40f666c59b738b6eb0dd7ef102fa,1584435214,11,node_releases.json (12 months offset),yarn,yarn.lock
bc03a852ee3a334924c9872e91f5835f440c8f7a,1584435901,11,node_releases.json (12 months offset),yarn,yarn.lock
58e61c6af0d0406584cc621cdfe2217d443a2fa5,1584441611,11,node_releases.json (12 months offset),yarn,yarn.lock
791e94a63b7fa659e527349508986d2ccef88296,1584443801,11,node_releases.json (12 months offset),yarn,yarn.lock
1d71456385b633210e2bba8a8454562df659da84,1584443901,11,node_releases.json (12 months offset),yarn,yarn.lock
9dc143431fca55ba00d89c7db76bd3ca0167e810,1584469533,11,node_releases.json (12 months offset),yarn,yarn.lock
7725914f586d6e671c1d1da4d240dbf750af6cf1,1584483759,11,node_releases.json (12 months offset),yarn,yarn.lock
4903c43bb207a2c867086db2664ca0412142ba1b,1584483900,11,node_releases.json (12 months offset),yarn,yarn.lock
e81832e9fe8ecf307771739358d552c854cb6dde,1584507469,11,node_releases.json (12 months offset),yarn,yarn.lock
3e890bc0bbabf14dc0ebef51011571802b58a69f,1584507520,11,node_releases.json (12 months offset),yarn,yarn.lock
fb18287bd0cfcb1483800bd3a3abd2a83a1ab8d0,1584510187,11,node_releases.json (12 months offset),yarn,yarn.lock
e3a56e390478ffff5d589389281a114c7ff79191,1584532557,11,node_releases.json (12 months offset),yarn,yarn.lock
cda9aa3891118ab29a4bf9312f0fdf14f9863c51,1584572999,11,node_releases.json (12 months offset),yarn,yarn.lock
562f2d3a06d5d1001fb795d2af5983509c566980,1584579317,11,node_releases.json (12 months offset),yarn,yarn.lock
d5c55e739134c23208b7c7043f8e7f0cedfc8c03,1584579327,11,node_releases.json (12 months offset),yarn,yarn.lock
6fa70b573328dc44b7c727e48dd9cb3192227950,1584580738,11,node_releases.json (12 months offset),yarn,yarn.lock
8521b3da990af8cdce76015de8468025d5270dc4,1584580834,11,node_releases.json (12 months offset),yarn,yarn.lock
78f603caf937848d78290da5d026d06085a40b02,1584581283,11,node_releases.json (12 months offset),yarn,yarn.lock
593aa1236cf01bea1be824251225b6a821265ba2,1584583490,11,node_releases.json (12 months offset),yarn,yarn.lock
54988dae4f2b290ed31362421ebaa2607645f826,1584584265,11,node_releases.json (12 months offset),yarn,yarn.lock
3cf1f1fccc559a5e6bfd9b98596ec21f1a86d8f7,1584584348,11,node_releases.json (12 months offset),yarn,yarn.lock
cd8878723ee101c598b4ce6b5e5a378bc0be456e,1584584379,11,node_releases.json (12 months offset),yarn,yarn.lock
1c3655656452dff7b7bae7726e7972108efe7c14,1584584430,11,node_releases.json (12 months offset),yarn,yarn.lock
bfc3970010b336c56a087b7b6711a3d336055537,1584584725,11,node_releases.json (12 months offset),yarn,yarn.lock
7365a5a774134434ab91e280d700debaef6f0840,1584587575,11,node_releases.json (12 months offset),yarn,yarn.lock
33f4ede3631691d38ec9c056cc0237d827bd9cf3,1584588075,11,node_releases.json (12 months offset),yarn,yarn.lock
c5555d3dbafbc09f3d41605b0f340f328746f4f1,1584588854,11,node_releases.json (12 months offset),yarn,yarn.lock
0be34223433aa522a310f1514a3ccc9a096e0368,1584589659,11,node_releases.json (12 months offset),yarn,yarn.lock
d3b7b76d3988ff7e924ec2a3f346aa0832b80862,1584590707,11,node_releases.json (12 months offset),yarn,yarn.lock
7d6309bba88c5ef99b0094411a09f5fd15642cc6,1584590726,11,node_releases.json (12 months offset),yarn,yarn.lock
115eb68ee54a61b25f1f8963b152ad5a92b40426,1584590773,11,node_releases.json (12 months offset),yarn,yarn.lock
7954c1f9988703f92e8c0c258ca700719519fb86,1584594318,11,node_releases.json (12 months offset),yarn,yarn.lock
0b2c0e696f3c8f1c2a8318d85fd3a1b91ab689b7,1584600743,11,node_releases.json (12 months offset),yarn,yarn.lock
75e6a317068b6d7230aaff1401a1ee9dfae58015,1584665211,11,node_releases.json (12 months offset),yarn,yarn.lock
044a48cb3fa0f173957902c1572ab5e870aa655c,1584691516,11,node_releases.json (12 months offset),yarn,yarn.lock
701a9d30f1c3fd62106c114c21a1a1a5d98457f4,1584918083,11,node_releases.json (12 months offset),yarn,yarn.lock
936508b01eb00f08db3478a50f5789e6f9789271,1584922286,11,node_releases.json (12 months offset),yarn,yarn.lock
3ee9f1a14e9d050a2921c03253454b835680204f,1584925858,11,node_releases.json (12 months offset),yarn,yarn.lock
6ccac88799a13d63c85ab4a7518499cb7d17e227,1584926899,11,node_releases.json (12 months offset),yarn,yarn.lock
1ac52053224165998fe49b7d5d2d6236fa7f94ab,1584936369,11,node_releases.json (12 months offset),yarn,yarn.lock
2e042bb4f71a349f6eb58a4dab28248221cfdac8,1584937386,11,node_releases.json (12 months offset),yarn,yarn.lock
e84ccb8492356210ee4f356ae63844e7305ae29a,1584945254,11,node_releases.json (12 months offset),yarn,yarn.lock
742d699f63c8fcde7fb3706b8ed989ab18ba706b,1584946030,11,node_releases.json (12 months offset),yarn,yarn.lock
fea682d2f59184fef0af4fd7d59b737a956f1959,1584947050,11,node_releases.json (12 months offset),yarn,yarn.lock
b6e3bf918da1d78c65af7b947a8d345920cbac58,1584947300,11,node_releases.json (12 months offset),yarn,yarn.lock
a56086249db59899f93215e78bb08634cacfae63,1584957885,11,node_releases.json (12 months offset),yarn,yarn.lock
605b7c639e3bbba0ff21a626503454c1e982497c,1584959355,11,node_releases.json (12 months offset),yarn,yarn.lock
d09681b8b0a37ae26cf8111afa1d86c613c76b65,1585008465,11,node_releases.json (12 months offset),yarn,yarn.lock
a98ff9dafabbb77a85ad9bdffb9a1e43bb80d7a5,1585021017,11,node_releases.json (12 months offset),yarn,yarn.lock
0679422283360752b3d7373dada2098a79441bc9,1585021560,11,node_releases.json (12 months offset),yarn,yarn.lock
ae886ce8c5a08fd5df8e1326a7a53ac976084b74,1585094326,11,node_releases.json (12 months offset),yarn,yarn.lock
91b9ee75dc34d3e7b567132e4c58a744f9beb5b1,1585099108,11,node_releases.json (12 months offset),yarn,yarn.lock
49cb074fcf41c7ed5ad22f37048350f4d7fd43bd,1585100013,11,node_releases.json (12 months offset),yarn,yarn.lock
aa50c3d4fdaed2993008bec4b40e4040c4b44fbd,1585101164,11,node_releases.json (12 months offset),yarn,yarn.lock
8a4ff148e1fc07c7d785653308a5cdcd1e5b1496,1585105489,11,node_releases.json (12 months offset),yarn,yarn.lock
26b948ac85b75991ab9e50d0affdf4f5c0b34f65,1585112254,11,node_releases.json (12 months offset),yarn,yarn.lock
53cb628f5b3e11aff8ea9d31932fb907c40256b2,1585116679,11,node_releases.json (12 months offset),yarn,yarn.lock
3d1b1763aae5eade98498c1af7f2a5a6654fadb2,1585116965,11,node_releases.json (12 months offset),yarn,yarn.lock
d5fae0e8845cab42d3c87a3410a8bb58f2be3b0d,1585117384,11,node_releases.json (12 months offset),yarn,yarn.lock
7c3b2221169d3ed74bbdb2170509001bb6aa9e24,1585117509,11,node_releases.json (12 months offset),yarn,yarn.lock
b8f258fbf15881f96f5db97d0dde4faa3d5f35ca,1585131759,11,node_releases.json (12 months offset),yarn,yarn.lock
e9f14820322a6cdfc230dc6595ef1714065278f9,1585131759,11,node_releases.json (12 months offset),yarn,yarn.lock
79600482bd516af52c0b35ffda0a7f9cf36b58f7,1585131795,11,node_releases.json (12 months offset),yarn,yarn.lock
6a3480da9e6b8f181cb57283a46834b098b68a74,1585131795,11,node_releases.json (12 months offset),yarn,yarn.lock
e76a49543c17d8df56267049225b15f6c2ecfe54,1585131795,11,node_releases.json (12 months offset),yarn,yarn.lock
512101f521eb237497c0e2baa09f0fefd1f0f82e,1585131795,11,node_releases.json (12 months offset),yarn,yarn.lock
397db7956794eb0d16088774daab1f1b75a7f333,1585186432,11,node_releases.json (12 months offset),yarn,yarn.lock
952194f9bcd349582adff75e9647cd946bd59bb3,1585186609,11,node_releases.json (12 months offset),yarn,yarn.lock
60ca2133a4be50fa256aebef63f76108ce62c061,1585188158,11,node_releases.json (12 months offset),yarn,yarn.lock
bdbde237d18f4830cf920f5bd6acb7b3ae381745,1585188407,11,node_releases.json (12 months offset),yarn,yarn.lock
0639269d743e79d609adca10c82c93cd4902500d,1585193757,11,node_releases.json (12 months offset),yarn,yarn.lock
3bbd1700055bae45772c41daaae06cc2b3d8b40b,1585195895,11,node_releases.json (12 months offset),yarn,yarn.lock
df76025b0df137a8724bff010b4f655b2c67cdd7,1585196843,11,node_releases.json (12 months offset),yarn,yarn.lock
8dc39ea727f69800da93a4098a262508d2ffc326,1585196910,11,node_releases.json (12 months offset),yarn,yarn.lock
d1bc4f5db63a249673a159cf0e67298f2c663aa9,1585198845,11,node_releases.json (12 months offset),yarn,yarn.lock
3fa6a4c1309669bc68bab94f29e3d70de7323229,1585200054,11,node_releases.json (12 months offset),yarn,yarn.lock
e11d2f1ec72689d17c1ce5a00879a13c8dba8088,1585201036,11,node_releases.json (12 months offset),yarn,yarn.lock
3da9e226b4fb1ab29feee0b6bb2872f9dc2c1f2c,1585207438,11,node_releases.json (12 months offset),yarn,yarn.lock
898144ba705195c5c60a33645318b358ccb01c01,1585210865,11,node_releases.json (12 months offset),yarn,yarn.lock
672dbe6da49185965429ce7af61059332933ebde,1585258728,11,node_releases.json (12 months offset),yarn,yarn.lock
8f7bbf18f186c6d5d3796332a7f5d236e7ab25c9,1585273883,11,node_releases.json (12 months offset),yarn,yarn.lock
8967a451ff52e4ff9ab258876f4bf72a9ad34ddd,1585274034,11,node_releases.json (12 months offset),yarn,yarn.lock
47537dd8020a51e409090fa01e44ca7da7ddae37,1585274498,11,node_releases.json (12 months offset),yarn,yarn.lock
ba458c664f7d54b922e1a3407264fab08eb92df8,1585275160,11,node_releases.json (12 months offset),yarn,yarn.lock
17f0dd32c751c1115191ca2275338dc9179c326e,1585278862,11,node_releases.json (12 months offset),yarn,yarn.lock
12e84d34ffceaaa45ecda01dd39f666d65096e2d,1585282273,11,node_releases.json (12 months offset),yarn,yarn.lock
1e2bb6645b38ed076e92d63af983b14a243e535c,1585284420,11,node_releases.json (12 months offset),yarn,yarn.lock
a6756e2e59a43625554f45bbcda1e5c433644d19,1585291094,11,node_releases.json (12 months offset),yarn,yarn.lock
ee743707ff31a9d7ccb1c8a70b9431cb5fb660b7,1585533291,11,node_releases.json (12 months offset),yarn,yarn.lock
5864a52083c71032e64afe37af7ce541df9e56f5,1585548014,11,node_releases.json (12 months offset),yarn,yarn.lock
7e9ae38bffcacca4d389cceea6689c05c8f79800,1585548458,11,node_releases.json (12 months offset),yarn,yarn.lock
7dad9ce9f0ae7ff1485f5a2fc77c0785c3572638,1585549228,11,node_releases.json (12 months offset),yarn,yarn.lock
31479ff1bef8f7d5dc597e0f13f08e425cc88c49,1585549551,11,node_releases.json (12 months offset),yarn,yarn.lock
9b57877f00c58f753181c8ba0aa607eb38d118a5,1585550540,11,node_releases.json (12 months offset),yarn,yarn.lock
6368ad111e4724136ddfb139d35e90ad7723ddeb,1585551006,11,node_releases.json (12 months offset),yarn,yarn.lock
7dec2ea266dd99d23075a86a027b8510774fcdb0,1585560376,11,node_releases.json (12 months offset),yarn,yarn.lock
45acbb4b0cf1ee17c277490e1360b8374a94d783,1585561315,11,node_releases.json (12 months offset),yarn,yarn.lock
07315116a75736d80db9e46d68f3d4231dbd76ab,1585566900,11,node_releases.json (12 months offset),yarn,yarn.lock
ba43c7b967c1378e61f428dbeebe7730ea2c094b,1585611923,11,node_releases.json (12 months offset),yarn,yarn.lock
5cced95c3f05777c68596bce6037aed98f8e281d,1585612495,11,node_releases.json (12 months offset),yarn,yarn.lock
3ab2c277c56f4b37950a6db660739a62b7b5ff6b,1585615307,11,node_releases.json (12 months offset),yarn,yarn.lock
1f79399bafdda5a21500d00315f87cce8b386eb6,1585618867,11,node_releases.json (12 months offset),yarn,yarn.lock
cde445db9e8bf86f451cdeb9c7478ebd00cde568,1585619595,11,node_releases.json (12 months offset),yarn,yarn.lock
04c133512e9e5fb07da4ff68b3f0e5cd1410a338,1585619595,11,node_releases.json (12 months offset),yarn,yarn.lock
96af05565f89a6a9b4845a328571d3efd8f91093,1585619870,11,node_releases.json (12 months offset),yarn,yarn.lock
1436631591ec66a2b3531dfa43cf52a572649b7c,1585620769,11,node_releases.json (12 months offset),yarn,yarn.lock
74fd0965ab2b051e038c814bac82b1f9fc861fbd,1585622035,11,node_releases.json (12 months offset),yarn,yarn.lock
9de408326b4dd32fc70b237f5309b2497edae07e,1585623310,11,node_releases.json (12 months offset),yarn,yarn.lock
19debaf5e8880481385a3e0ae435fab8843c6464,1585623873,11,node_releases.json (12 months offset),yarn,yarn.lock
2843a8efd470d6be7a0d8a3949a75b956f009e79,1585625336,11,node_releases.json (12 months offset),yarn,yarn.lock
70506fba4866cf45fdb978c4e8cc83d3491899e3,1585625584,11,node_releases.json (12 months offset),yarn,yarn.lock
ba4ef29d09ac17bf12852ed227e4928b930ab776,1585647414,11,node_releases.json (12 months offset),yarn,yarn.lock
914797224ee7265d272b56848899420ed08cc0c4,1585647832,11,node_releases.json (12 months offset),yarn,yarn.lock
bc7902ab9451751aece0aa19fd2ad229ac863af9,1585704274,11,node_releases.json (12 months offset),yarn,yarn.lock
90eb63ae81fe04e862e82927f4f7e144b1cd0785,1585785389,11,node_releases.json (12 months offset),yarn,yarn.lock
c0755cc6a90021dd5e88562ece4e6c405fb871ff,1585898198,11,node_releases.json (12 months offset),yarn,yarn.lock
36fa39c04fafd1e25aa8df9a360848a27d39b6ab,1585902578,11,node_releases.json (12 months offset),yarn,yarn.lock
96d4cd38e44634dfb60f87e3f25a18d3235ea2c7,1585903826,11,node_releases.json (12 months offset),yarn,yarn.lock
1aa86f672f20577c615a08df0dd71b7a55b48005,1586095106,11,node_releases.json (12 months offset),yarn,yarn.lock
51f8aa5f205036f5549e7df77147595dda4baac0,1586148490,11,node_releases.json (12 months offset),yarn,yarn.lock
eff843a595b915a17538abf03b8d7a01a4aebdf4,1586148763,11,node_releases.json (12 months offset),yarn,yarn.lock
773d478d875c3dd7408bcc1d158efb2bc58302fb,1586149478,11,node_releases.json (12 months offset),yarn,yarn.lock
1a6f189065ed5eef6a36830c06f826c0035560f6,1586149659,11,node_releases.json (12 months offset),yarn,yarn.lock
7b1dd5496ba4a792daf38e307881ed50c3e69fb3,1586150312,11,node_releases.json (12 months offset),yarn,yarn.lock
fe51043bbc1b2d5c9694bdaff7dc9858d0fb4912,1586150410,11,node_releases.json (12 months offset),yarn,yarn.lock
d50d5b6711305577861ec68796d65a66b18b3c54,1586150743,11,node_releases.json (12 months offset),yarn,yarn.lock
0c096e473dc06e39129639c4db2e810f9e2454a2,1586150988,11,node_releases.json (12 months offset),yarn,yarn.lock
6505c2ffe5078c2593439e734fd7e2d840975259,1586151106,11,node_releases.json (12 months offset),yarn,yarn.lock
e4c0cbb3bf424eed10442a5e7c79f4a58b23b4b3,1586151294,11,node_releases.json (12 months offset),yarn,yarn.lock
f5c3c371b2ac80b15cd6fa013446a882c98d5758,1586151387,11,node_releases.json (12 months offset),yarn,yarn.lock
905a822578997211243c30d2e3ae07af979de8fe,1586152697,11,node_releases.json (12 months offset),yarn,yarn.lock
215b6f679bcc585f4b52854392791fcc0fed1f5e,1586154181,11,node_releases.json (12 months offset),yarn,yarn.lock
14a1d5c77d5f4c9b4efa8bcd515cbc1af90258f1,1586157522,11,node_releases.json (12 months offset),yarn,yarn.lock
bf7b4051c521dbcac5c5832f2c48095c22811943,1586163596,11,node_releases.json (12 months offset),yarn,yarn.lock
9250f302f6a00e5d2fbb890d42513b408d78a681,1586165498,11,node_releases.json (12 months offset),yarn,yarn.lock
9e408b0c84e02b4d44c076edf90d65f080567ef3,1586215366,11,node_releases.json (12 months offset),yarn,yarn.lock
7c312b6c98e0c52a93b7e4924e0177913863854d,1586215915,11,node_releases.json (12 months offset),yarn,yarn.lock
b078461a2d492eac672c1fe437b328e7024ee82d,1586230572,11,node_releases.json (12 months offset),yarn,yarn.lock
c099438c3844abeb20a727c61d1513a935271fed,1586232059,11,node_releases.json (12 months offset),yarn,yarn.lock
73ce0fefbdf1213e3e45570aadecce59b882e47f,1586234951,11,node_releases.json (12 months offset),yarn,yarn.lock
3c555bea8db143e4fc4dfcc0c16b308c70bb6ee8,1586240400,11,node_releases.json (12 months offset),yarn,yarn.lock
35020027a23e5413689666b77f678f89c7f28e78,1586306521,11,node_releases.json (12 months offset),yarn,yarn.lock
a90ee6b9a5d18ac0f018dcb7964e991ddb01502e,1586314442,11,node_releases.json (12 months offset),yarn,yarn.lock
98cf5482319caa28c510a6634b4ba3c9736f47f7,1586323119,11,node_releases.json (12 months offset),yarn,yarn.lock
10c098cb9f593364d5a6b1ed6260636b456d3327,1586407581,11,node_releases.json (12 months offset),yarn,yarn.lock
1c7620510ed305aead80422c05e499c5cffc9dac,1586407748,11,node_releases.json (12 months offset),yarn,yarn.lock
5da1a0e0a3b6f44693e784f21b24acca23052dfa,1586831675,11,node_releases.json (12 months offset),yarn,yarn.lock
a9b3b010305976c85e19e0608730d028dff2f510,1586835227,11,node_releases.json (12 months offset),yarn,yarn.lock
c9cc0e8ecd056983c5e722794da7c9d057551fb4,1586843991,11,node_releases.json (12 months offset),yarn,yarn.lock
1efc096297442a556c1aab3ad5cfce665892ef7a,1586894828,11,node_releases.json (12 months offset),yarn,yarn.lock
cff8a8966b3c99c28a39894f0c9e866d53d8af36,1586904399,11,node_releases.json (12 months offset),yarn,yarn.lock
2455673dc48bbcdee4a23fed02f36f5b6ec261a3,1586919105,11,node_releases.json (12 months offset),yarn,yarn.lock
f26640702739d45cec51e3162e8d62221b4da876,1586999707,11,node_releases.json (12 months offset),yarn,yarn.lock
95ef9565eb3702dd2dd65e486e393201ab9bd588,1587006558,11,node_releases.json (12 months offset),yarn,yarn.lock
9c99025b9465eac48a0a1f686578b9b60ebaf0c9,1587008190,11,node_releases.json (12 months offset),yarn,yarn.lock
521db0d4b8fb19437516fc7b4a5c31e37cd747ae,1587008918,11,node_releases.json (12 months offset),yarn,yarn.lock
68204bbd214044700af584f0246296d04b3dc864,1587023603,11,node_releases.json (12 months offset),yarn,yarn.lock
5781a264d306f1d661597cd1965a74b8733173e3,1587082099,12,node_releases.json (12 months offset),yarn,yarn.lock
24e85ccf032337ebea3babb16f94462307472297,1587082258,12,node_releases.json (12 months offset),yarn,yarn.lock
c6d8e58375317ac4ecbd6f538f5490a346213a0a,1587085051,12,node_releases.json (12 months offset),yarn,yarn.lock
d33db52fdde939aaebd17794250a69291723685a,1587087855,12,node_releases.json (12 months offset),yarn,yarn.lock
88d2d84e7fae1dff57266ad5c0fb047e6f930990,1587176279,12,node_releases.json (12 months offset),yarn,yarn.lock
fa5ce99d8e3124ccdc4c8bbf23cf28f44e4e9634,1587176279,12,node_releases.json (12 months offset),yarn,yarn.lock
d78db7159eebc28a503f60c59cfbbb02336b5833,1587176279,12,node_releases.json (12 months offset),yarn,yarn.lock
ff1a67850633c05a5882cd6e1a4c4536de7e3c96,1587347754,12,node_releases.json (12 months offset),yarn,yarn.lock
f28ebc5c97274aed1001269b925991f7c9eafaf9,1587348232,12,node_releases.json (12 months offset),yarn,yarn.lock
23cbc6c6ce6abda8120ad9600aedf8c5b2495ace,1587358104,12,node_releases.json (12 months offset),yarn,yarn.lock
4f364228d0c24b8d486a366f6a1dab93d914d46f,1587359238,12,node_releases.json (12 months offset),yarn,yarn.lock
7ea1cb2e3113e7a6ec1b917f1e84ec845bb336e7,1587359800,12,node_releases.json (12 months offset),yarn,yarn.lock
51d61bd0e4060c19f96ec401243ef89667029edc,1587441662,12,node_releases.json (12 months offset),yarn,yarn.lock
d9c3ac71c79ee0b7e8a2b65f811e4b11e97ed1ed,1587442184,12,node_releases.json (12 months offset),yarn,yarn.lock
b823f31f81671dcd58f6bc14c61a7442b141d751,1587442850,12,node_releases.json (12 months offset),yarn,yarn.lock
399ebc0921c6131f6341c58b28c499098b889a43,1587444704,12,node_releases.json (12 months offset),yarn,yarn.lock
5b07abdd903ab6168bb4fee526674153e8e62f1d,1587455074,12,node_releases.json (12 months offset),yarn,yarn.lock
af2d964c26c5bef727ba66724bbeca23644b44cf,1587527675,12,node_releases.json (12 months offset),yarn,yarn.lock
6e2d90e8c927922fd938ddf492c72d4cbaa6db41,1587537315,12,node_releases.json (12 months offset),yarn,yarn.lock
2a6d45c33afc857537d52bd2ca49c75dc35f202e,1587537886,12,node_releases.json (12 months offset),yarn,yarn.lock
06673b104ee91b0eb1bc4ec5f77a6d6ecc616b79,1587597660,12,node_releases.json (12 months offset),yarn,yarn.lock
6f14016ca22b691e018c48037538cdf70a83cab5,1587599320,12,node_releases.json (12 months offset),yarn,yarn.lock
bc750358bdaa218be9982627835dec6e4d064cb9,1587600019,12,node_releases.json (12 months offset),yarn,yarn.lock
e04844c126f4172c3f248e448b1a1504e9d1e3db,1587627281,12,node_releases.json (12 months offset),yarn,yarn.lock
b165cb5d19b93e927cb0670d29227da2e37a0984,1587632935,12,node_releases.json (12 months offset),yarn,yarn.lock
a1a776e49508b1244381850c8e01754ed822832b,1587945108,12,node_releases.json (12 months offset),yarn,yarn.lock
ed9e15925ed328e498f5c1ff1ab273b8ae2b093b,1587991989,12,node_releases.json (12 months offset),yarn,yarn.lock
f9d0aec4560b4bd5a464a51246cd79bd86e3b53b,1588026665,12,node_releases.json (12 months offset),yarn,yarn.lock
0e038ccc68f63a304d4b25a86d02ebbc22e9582e,1588031078,12,node_releases.json (12 months offset),yarn,yarn.lock
a8c7c0e132cfcbdf0556f5ce82120093b4ba6d9d,1588045655,12,node_releases.json (12 months offset),yarn,yarn.lock
a69041db122e143789537a6e6c5775b936307ec6,1588052682,12,node_releases.json (12 months offset),yarn,yarn.lock
a8a3579cf81e5343a48ebd0ef9faa648e1b9db74,1588120405,12,node_releases.json (12 months offset),yarn,yarn.lock
12add385701003a7b3934f5a4f118c2bed619d32,1588129473,12,node_releases.json (12 months offset),yarn,yarn.lock
3cd52cec69a7f79f8d70b2552d5638d0924b19e5,1588130674,12,node_releases.json (12 months offset),yarn,yarn.lock
3f0ff4437d0f59555cc7b779a16469f9d809e5d3,1588142377,12,node_releases.json (12 months offset),yarn,yarn.lock
20abd2d717f27ca2714968c7e0de512f86ee2b8c,1588146684,12,node_releases.json (12 months offset),yarn,yarn.lock
e7b893961375389160b2a26183f9568adf00bfae,1588212603,12,node_releases.json (12 months offset),yarn,yarn.lock
727585dc714f7e74c05c8a4fb6181f7674cf0b44,1588212756,12,node_releases.json (12 months offset),yarn,yarn.lock
7ad0dd71620f42567d958a8075818bd67b71d907,1588228846,12,node_releases.json (12 months offset),yarn,yarn.lock
3140ea02d38cc994ec4c040fc5e84677d4c515ec,1588288511,12,node_releases.json (12 months offset),yarn,yarn.lock
ab5119415a480a4c27014863238cbd3e930b0815,1588290650,12,node_releases.json (12 months offset),yarn,yarn.lock
fa4c3629ba8465578fdcfaf12713c3f39ed2a080,1588315151,12,node_releases.json (12 months offset),yarn,yarn.lock
97e11f72566d00db1fff747470b1baf035ad6247,1588373741,12,node_releases.json (12 months offset),yarn,yarn.lock
e1a6509f1e5a9d192e8d9c9cec7326e70196b5ca,1588480991,12,node_releases.json (12 months offset),yarn,yarn.lock
f0ae97d0f2b7989e4dac7c30c9687d24a68295cd,1588600483,12,node_releases.json (12 months offset),yarn,yarn.lock
a9c386ebe2c2a0ee676f5ac3f5ce673ddebdb2f0,1588636893,12,node_releases.json (12 months offset),yarn,yarn.lock
9c7806302fe7c125f0439e0f21f1bf6ec6f5afb2,1588638943,12,node_releases.json (12 months offset),yarn,yarn.lock
7df90a7bb0f81932cf01326ee53dedce15be548b,1588647449,12,node_releases.json (12 months offset),yarn,yarn.lock
b0c0841b48a8b68a33aeb3696b28011f5558361b,1588653818,12,node_releases.json (12 months offset),yarn,yarn.lock
c8899d0b651cc8983e0cfbd17b65710284044934,1588723151,12,node_releases.json (12 months offset),yarn,yarn.lock
baaea33d69898a06cd46de345103c2f55527bc76,1588724709,12,node_releases.json (12 months offset),yarn,yarn.lock
51152e47388dfc3b0a313514ce128a85ebbe60fd,1588725817,12,node_releases.json (12 months offset),yarn,yarn.lock
9efe732ed2ce1b669140402a805281601a929e90,1588726005,12,node_releases.json (12 months offset),yarn,yarn.lock
9e7aa62ee941bbf886d1c8cee3cb6f9813652942,1588726536,12,node_releases.json (12 months offset),yarn,yarn.lock
5a3642fe1df07b5766c5ce69866a911bc423794f,1588726962,12,node_releases.json (12 months offset),yarn,yarn.lock
a9ec6fd39f96990efffd4d1b09b476aae52e6373,1588728413,12,node_releases.json (12 months offset),yarn,yarn.lock
da5cca74cbdafce5b3c243d3c743f40472426cf6,1588728914,12,node_releases.json (12 months offset),yarn,yarn.lock
8593e4f33ce5c50b760c5f0f5f9b304b2274447c,1588729965,12,node_releases.json (12 months offset),yarn,yarn.lock
e5ac41d865b54d1f070429bf9659763425bfd9b3,1588734241,12,node_releases.json (12 months offset),yarn,yarn.lock
d51a20e31555d25a27b3a9fc0bc811d9486c8df4,1588735589,12,node_releases.json (12 months offset),yarn,yarn.lock
36f6b440d6f807cbf284a33000bcc7515cb97c12,1588735736,12,node_releases.json (12 months offset),yarn,yarn.lock
2100ad71f78e037b0ae0be44db2fde5bc9b34fee,1588826728,12,node_releases.json (12 months offset),yarn,yarn.lock
84c1bbbdc9761c818649cf8bc6a02633e5cf1f83,1588838081,12,node_releases.json (12 months offset),yarn,yarn.lock
1c306dff1fc4632d6eea6019cfda7295fcd5cf64,1588841403,12,node_releases.json (12 months offset),yarn,yarn.lock
4b9b14257c8312b491081a09c240eb9c88529587,1588842053,12,node_releases.json (12 months offset),yarn,yarn.lock
691a14e638bf2b53e4cef8ea62779a7cf872426f,1588848034,12,node_releases.json (12 months offset),yarn,yarn.lock
15d332eb067f683162c6b38cc99f978c2966dd0c,1588879124,12,node_releases.json (12 months offset),yarn,yarn.lock
9a9bf068b7858efa453249553b189903820a6010,1588881652,12,node_releases.json (12 months offset),yarn,yarn.lock
f48e731f7e6eb138dd655fc73c67873c22137fbf,1588884374,12,node_releases.json (12 months offset),yarn,yarn.lock
335f7068f870435679d795d7096e591b5f0c8499,1588887143,12,node_releases.json (12 months offset),yarn,yarn.lock
a842b6822c50618ef862eb6208f8847f9d498b4a,1588899251,12,node_releases.json (12 months offset),yarn,yarn.lock
1170470f9637b3a26d199cb8a90c689864179691,1588900205,12,node_releases.json (12 months offset),yarn,yarn.lock
d06f017f8188a593d74472297f2a360eabe4fc08,1588934153,12,node_releases.json (12 months offset),yarn,yarn.lock
20f9cb5f96468b1ff7763ba0e02de308e9d55b5c,1588941567,12,node_releases.json (12 months offset),yarn,yarn.lock
e6f0d8696de2175358cc684ef99d48c3794cfe5d,1588942909,12,node_releases.json (12 months offset),yarn,yarn.lock
29d3f0953e768c844a135f7dd0b9c416e3c73b3b,1589163534,12,node_releases.json (12 months offset),yarn,yarn.lock
b0262d4ebed1207f2c046a6b9800bcc5de2fe8e5,1589163534,12,node_releases.json (12 months offset),yarn,yarn.lock
190f0946314252222959edcf7034d7b6ec4fa18c,1589168537,12,node_releases.json (12 months offset),yarn,yarn.lock
774f420049e4e3fd12dcf48dbb517e981d73650c,1589173567,12,node_releases.json (12 months offset),yarn,yarn.lock
c70975a2df0af76a1ef155069047865107bd484a,1589175888,12,node_releases.json (12 months offset),yarn,yarn.lock
389c7d6b1e5eedbed8915e8b88bc14f3597dfef5,1589176670,12,node_releases.json (12 months offset),yarn,yarn.lock
0b73827f90fed7ecc1effa6e51034fe7ce5ce7e6,1589186884,12,node_releases.json (12 months offset),yarn,yarn.lock
11241fd3edbc2c894d0a30fa1634793af9b382fb,1589187110,12,node_releases.json (12 months offset),yarn,yarn.lock
ded8355ce3552bdd5088d312f38a7cb66c14631a,1589187540,12,node_releases.json (12 months offset),yarn,yarn.lock
2719aab8950fdf8a227e4bb4405694e412a848fe,1589197394,12,node_releases.json (12 months offset),yarn,yarn.lock
0813cd76942d77df0e84c6eafd4019ee4f846112,1589242235,12,node_releases.json (12 months offset),yarn,yarn.lock
b3de248e78a437ea23ed6f7cdee932b57338be91,1589243002,12,node_releases.json (12 months offset),yarn,yarn.lock
45b4127eee842e61ee70fdec8ed0fd86fb502857,1589245636,12,node_releases.json (12 months offset),yarn,yarn.lock
47b2b8a963205e5314c5c523dcfa7d0de34f0f31,1589250066,12,node_releases.json (12 months offset),yarn,yarn.lock
d1e55e43e3c1a6ae5acbc621fabf373aa65a6a2d,1589250513,12,node_releases.json (12 months offset),yarn,yarn.lock
3a8747f74c4dd3484c01eadb0c59b5f1e8bbc7cd,1589253523,12,node_releases.json (12 months offset),yarn,yarn.lock
258e0257e796675197b919361830c7479f89c97d,1589312810,12,node_releases.json (12 months offset),yarn,yarn.lock
6a356ef3708e208ecdcecb8da2b7bdb5ebf3e460,1589329431,12,node_releases.json (12 months offset),yarn,yarn.lock
8fd56ed4b1eba870dc97110849b7871128ce7c6a,1589332351,12,node_releases.json (12 months offset),yarn,yarn.lock
e80ae16f14dc16704eb752e29b344722abba2d6a,1589335545,12,node_releases.json (12 months offset),yarn,yarn.lock
bea5e4f8899d693a377fbf934f1d2d013400d85e,1589345728,12,node_releases.json (12 months offset),yarn,yarn.lock
9caebf111d8eec2efb9a260746a1aa828e1878fb,1589345848,12,node_releases.json (12 months offset),yarn,yarn.lock
c048bc3e788335b4fbe9f9fa305d9dee639de8ac,1589358177,12,node_releases.json (12 months offset),yarn,yarn.lock
a8b91b16800eff5f5d2fe0d16b26f479f5382fe1,1589358581,12,node_releases.json (12 months offset),yarn,yarn.lock
73b6c069676564be9eeec04775417e10e58d0009,1589409178,12,node_releases.json (12 months offset),yarn,yarn.lock
3e3d71a65ad23069cee5be484ebb60cd633192a6,1589431720,12,node_releases.json (12 months offset),yarn,yarn.lock
53655edef52c5e29ec8af046bcf3559f2e7e0135,1589433384,12,node_releases.json (12 months offset),yarn,yarn.lock
29bc15c2706b6bbad6656760756a6feb6cd06996,1589441822,12,node_releases.json (12 months offset),yarn,yarn.lock
6264fafb4de98a97ffdfc95f575b6d791afeca35,1589441881,12,node_releases.json (12 months offset),yarn,yarn.lock
351bb104e6d01eac8211d34688a453274b8d68b9,1589499461,12,node_releases.json (12 months offset),yarn,yarn.lock
c337c9300c6fe716b27441187893972e44cc03f5,1589520948,12,node_releases.json (12 months offset),yarn,yarn.lock
6f2d9090cc1ce753e7ec99c5475b44f7d5797816,1589523836,12,node_releases.json (12 months offset),yarn,yarn.lock
a721f13297b155f0440f7d5c54dd26b1afcc052f,1589623377,12,node_releases.json (12 months offset),yarn,yarn.lock
08ca064c23cf9410a3b78710285217c447281f22,1589767340,12,node_releases.json (12 months offset),yarn,yarn.lock
5a1d39c6c6bde8b6d6187eab35a940c9827668b1,1589768263,12,node_releases.json (12 months offset),yarn,yarn.lock
6ab423b502c3db091abedf63ee8ddbe0628a65fa,1589769814,12,node_releases.json (12 months offset),yarn,yarn.lock
e21584fdb1f07827177bbddac4c20864daaaeb56,1589771753,12,node_releases.json (12 months offset),yarn,yarn.lock
3afd8db191c5d5fa0ad10ebcd1665364c10dcd66,1589779374,12,node_releases.json (12 months offset),yarn,yarn.lock
291cfd47d0237e6f7757f44e6cdfac2b678f4581,1589781628,12,node_releases.json (12 months offset),yarn,yarn.lock
7f5173bc489aa118b7af15f0abb33a50b0d43f57,1589785841,12,node_releases.json (12 months offset),yarn,yarn.lock
5fe2e38752b27fe0e76635b3f73e88e0f68a876d,1589786038,12,node_releases.json (12 months offset),yarn,yarn.lock
6a8afb6f3979d378cdad67974cd9a828e5f2f060,1589790991,12,node_releases.json (12 months offset),yarn,yarn.lock
1c973e4b1c4d93618127803861d48a7a0d05aee4,1589791042,12,node_releases.json (12 months offset),yarn,yarn.lock
660dff0de5f5c558c5176c565420e36151867200,1589858859,12,node_releases.json (12 months offset),yarn,yarn.lock
4395eb1c67fdc2d1a18e3cbb9ffd67c3832cf603,1589876806,12,node_releases.json (12 months offset),yarn,yarn.lock
6200fd902d1fcadfb52626f008342902bacf9cd4,1589932607,12,node_releases.json (12 months offset),yarn,yarn.lock
9c8dfe47c129966ebe4adc588666df59fe3381be,1589937164,12,node_releases.json (12 months offset),yarn,yarn.lock
e2a9e5828c716ead4a858763f92b2443d9169989,1589937626,12,node_releases.json (12 months offset),yarn,yarn.lock
c37e215fa35c11cf4fb5a97d2cf8ab5dc9a57159,1589937667,12,node_releases.json (12 months offset),yarn,yarn.lock
9a6d4160f8b1e4b430666900feca090d3f7e1760,1589939640,12,node_releases.json (12 months offset),yarn,yarn.lock
49a1478200b9bff04fcc25b8d361b06b38240603,1589946917,12,node_releases.json (12 months offset),yarn,yarn.lock
a70d4a44b93f09c4050fd4344c8051673abc828e,1590015191,12,node_releases.json (12 months offset),yarn,yarn.lock
4cc623897917472ba418f1378170727d7a94575b,1590016821,12,node_releases.json (12 months offset),yarn,yarn.lock
58cc69a7b471fcbac03e67cf58f98a0be278c849,1590016928,12,node_releases.json (12 months offset),yarn,yarn.lock
c35b56c0809630e2510e319cd47cd0bd46c7c6f3,1590024269,12,node_releases.json (12 months offset),yarn,yarn.lock
a127a213f36e85c8396ee7f4a403e3dcb6585e34,1590024620,12,node_releases.json (12 months offset),yarn,yarn.lock
ea55538783127ba465b968d89dbf7087c80882a7,1590028996,12,node_releases.json (12 months offset),yarn,yarn.lock
b14826bd6e4ddb832fbcdff76a785ba3bc07083f,1590133442,12,node_releases.json (12 months offset),yarn,yarn.lock
5822d34b25619eda18ac3607d3d74a8650bd2ce3,1590133565,12,node_releases.json (12 months offset),yarn,yarn.lock
ab7233dc967a2789bb1b49e279b3d00f0e04511c,1590133565,12,node_releases.json (12 months offset),yarn,yarn.lock
dfb654d3b91354997cfb6926f0b5a9ec9feb376d,1590134774,12,node_releases.json (12 months offset),yarn,yarn.lock
617cd36a8f9b7099976b9f27270496d26a805077,1590368638,12,node_releases.json (12 months offset),yarn,yarn.lock
6452281eef54f19b19041440fcc015c0d8601611,1590369977,12,node_releases.json (12 months offset),yarn,yarn.lock
e4c1b15a278f70187222d4a56b1e56a8c415d090,1590373057,12,node_releases.json (12 months offset),yarn,yarn.lock
c0ff621033414010caf3dfedf22d52e02cf34e62,1590373252,12,node_releases.json (12 months offset),yarn,yarn.lock
42fa2b13c63ec52ea83e618d5553e8826bc82f9b,1590373417,12,node_releases.json (12 months offset),yarn,yarn.lock
c494a605cd6d1ae82594a975abb1386dcf0c5481,1590375948,12,node_releases.json (12 months offset),yarn,yarn.lock
dae9c38020bb8f6d2f409d350cc816db95cf1be8,1590376039,12,node_releases.json (12 months offset),yarn,yarn.lock
eb55a7194fbd31a6e8b54d79a4f566d54e119709,1590379757,12,node_releases.json (12 months offset),yarn,yarn.lock
59d2efb434b07bcb05925c982050068e8dec4233,1590453613,12,node_releases.json (12 months offset),yarn,yarn.lock
a76dc622feebc9ac8e7338c17e4647c07dda4575,1590461154,12,node_releases.json (12 months offset),yarn,yarn.lock
88c9bac59da54f8a586c61b9357ea854bf839410,1590461184,12,node_releases.json (12 months offset),yarn,yarn.lock
5463fea73b431bc928165b7086151a17b68fa643,1590463682,12,node_releases.json (12 months offset),yarn,yarn.lock
da9be46564da63144c6a1d619861e086e461fc29,1590479076,12,node_releases.json (12 months offset),yarn,yarn.lock
e2127fe5364f897335c95f97341048a9810a1a8a,1590542072,12,node_releases.json (12 months offset),yarn,yarn.lock
e99cb3ee16dde3991477a64be45764b5e8ac3002,1590551883,12,node_releases.json (12 months offset),yarn,yarn.lock
d943d4fe8f7c73a84c9141f9fc7df443b406249d,1590555348,12,node_releases.json (12 months offset),yarn,yarn.lock
46fa8cf64089fdf4a1aabb1663abb6f97053157f,1590568931,12,node_releases.json (12 months offset),yarn,yarn.lock
83c7e95cb6e2180cec49ad8c83961225b8a3359a,1590569026,12,node_releases.json (12 months offset),yarn,yarn.lock
d9a2631426cb8eb7edaf574dd69c26a1f531c3d9,1590569625,12,node_releases.json (12 months offset),yarn,yarn.lock
b3e6ade01f5570deb613f167febe055861b5669f,1590630107,12,node_releases.json (12 months offset),yarn,yarn.lock
dce32b705155dce00d010b0036e99eb03bf0d292,1590636144,12,node_releases.json (12 months offset),yarn,yarn.lock
ccfdb9e830865cd14ee68a919cf5626182675d6b,1590721080,12,node_releases.json (12 months offset),yarn,yarn.lock
8fcb606f68729b859f4f492d903ee97436a9dff0,1590723723,12,node_releases.json (12 months offset),yarn,yarn.lock
17748da23c5a58d226426e6c089b52b546110c37,1590881671,12,node_releases.json (12 months offset),yarn,yarn.lock
3569f5fbd10a9321d45213384f9ca3c280a0afc8,1590918850,12,node_releases.json (12 months offset),yarn,yarn.lock
5e3f790baaa103a6831d5e46950584a2a7e5dcac,1590972305,12,node_releases.json (12 months offset),yarn,yarn.lock
db8b11711e8d7722b2207ad0c4a826c6281d26a7,1590974048,12,node_releases.json (12 months offset),yarn,yarn.lock
aa2b83063bcaffecd3e9a95e40d9758fa3f8cb3b,1590978198,12,node_releases.json (12 months offset),yarn,yarn.lock
398ed3be587b4e299afc6e0b44287b087c4fd831,1590996766,12,node_releases.json (12 months offset),yarn,yarn.lock
8e39f3037ea63b4afcfac3cecefb02c2d81d0b19,1591070617,12,node_releases.json (12 months offset),yarn,yarn.lock
0e0b5d35e19cae2cb3dfac798106b62ab9c2dcec,1591169246,12,node_releases.json (12 months offset),yarn,yarn.lock
2549a7855dc8bdaa0dfdbb1aa9815676ee804ff2,1591169487,12,node_releases.json (12 months offset),yarn,yarn.lock
a626eb4da4541e929d8c632c04c335e2d1fdd830,1591169573,12,node_releases.json (12 months offset),yarn,yarn.lock
9bb48a3422f41a6544f869710f1f577ce19cfccb,1591170828,12,node_releases.json (12 months offset),yarn,yarn.lock
d2d43deacfd911b9217cfeab7e564421bf61ea78,1591172675,12,node_releases.json (12 months offset),yarn,yarn.lock
d549fb53818b461b4850a225f82b9f02a5561ded,1591232969,12,node_releases.json (12 months offset),yarn,yarn.lock
c1f9d019fc3c7d429484c3194f19d613ff0c1f31,1591232969,12,node_releases.json (12 months offset),yarn,yarn.lock
985aa64b729b77ba803b3a641a1cf45c9e4bba55,1591233432,12,node_releases.json (12 months offset),yarn,yarn.lock
ee21c54f260f33396cf961c0eb61b9dc65b57f8e,1591243238,12,node_releases.json (12 months offset),yarn,yarn.lock
20a616ac55203fe90d27f949cb3ba4e4edc8ecce,1591244458,12,node_releases.json (12 months offset),yarn,yarn.lock
3928ca070d41edce930d6052bb01b06cf3730e53,1591247418,12,node_releases.json (12 months offset),yarn,yarn.lock
ea56e84f2f4ddd1ddb3fb208f21e524d6d80a279,1591247844,12,node_releases.json (12 months offset),yarn,yarn.lock
a5625f6b46d6eb199fb91435286dbaf446512b4c,1591250195,12,node_releases.json (12 months offset),yarn,yarn.lock
e71b1e16d354f0909c8689fbcc4d7f92c6da59bb,1591250284,12,node_releases.json (12 months offset),yarn,yarn.lock
0508832ca6cc8a5c862e67a284a4fc203015ecd9,1591251561,12,node_releases.json (12 months offset),yarn,yarn.lock
35cb356bf568112d624a515a44f78f63e4fd3672,1591252271,12,node_releases.json (12 months offset),yarn,yarn.lock
5c36cf588aae8efed18313ace61255745cb77795,1591252580,12,node_releases.json (12 months offset),yarn,yarn.lock
e8fc6d8a537df5c3dbde77f5f5b7de76f00edc02,1591257288,12,node_releases.json (12 months offset),yarn,yarn.lock
88fe59379f6b691c8d387af32ff0fe6fc7371953,1591258408,12,node_releases.json (12 months offset),yarn,yarn.lock
7921ff8a30c22589370abcf7382c1b2a789b6ce6,1591259911,12,node_releases.json (12 months offset),yarn,yarn.lock
4a50b341f30e7c493815c562f85c4be6e82e6f1d,1591265864,12,node_releases.json (12 months offset),yarn,yarn.lock
c8d6605a568dc13c8331315e2efaaa5954743e84,1591266141,12,node_releases.json (12 months offset),yarn,yarn.lock
5332a54439e5b5b0c416bf96019edfa7a99ce72a,1591318591,12,node_releases.json (12 months offset),yarn,yarn.lock
fce85ed3e48f7131d573254adcde224cc6f200ad,1591318675,12,node_releases.json (12 months offset),yarn,yarn.lock
35eb10892739b9c76c787d3dacf945d5e138db5d,1591320165,12,node_releases.json (12 months offset),yarn,yarn.lock
31ed0f60748920e39eae4c10dce6be400d6077e0,1591320355,12,node_releases.json (12 months offset),yarn,yarn.lock
515bbf5ffcf486d9639c9a570592e210b424ac60,1591321530,12,node_releases.json (12 months offset),yarn,yarn.lock
cd47ccf8adcd7603d960557467273958f76c5761,1591321865,12,node_releases.json (12 months offset),yarn,yarn.lock
df94c9c84613877d3f0dcf95c878e7e30a54ccff,1591329444,12,node_releases.json (12 months offset),yarn,yarn.lock
e428a97fd09f92491214742ba90a9bb3924717d1,1591329543,12,node_releases.json (12 months offset),yarn,yarn.lock
c69e351a9c214062834e8f4f9944982ce398a44b,1591331747,12,node_releases.json (12 months offset),yarn,yarn.lock
a321a7d37899b40159b6bc5e68a3b99f576246cf,1591346948,12,node_releases.json (12 months offset),yarn,yarn.lock
724ca3d013ee0549d366124fa491c73559b6b9eb,1591362364,12,node_releases.json (12 months offset),yarn,yarn.lock
b2cc95d98860eed044a637132eb7a1d892a32a0f,1591429578,12,node_releases.json (12 months offset),yarn,yarn.lock
16593dc3c1f90e003c9204170a054c4564abbf27,1591577965,12,node_releases.json (12 months offset),yarn,yarn.lock
62b3fcff6a55528c868357c44a52f7eb52467a31,1591581215,12,node_releases.json (12 months offset),yarn,yarn.lock
1ce277ac5bed99a0ec576013f39e76d148bd4de8,1591585345,12,node_releases.json (12 months offset),yarn,yarn.lock
862273ecee21bddc42d2c258b6279bf031aad1f0,1591588832,12,node_releases.json (12 months offset),yarn,yarn.lock
db2ca1234aa3c2a0a246a98c042ac6647153e275,1591590553,12,node_releases.json (12 months offset),yarn,yarn.lock
938661475126b1d5f9370178929789cc4dce1f44,1591590585,12,node_releases.json (12 months offset),yarn,yarn.lock
945d1e3b0aa4e94086584014b3b551f6d8b6e7b6,1591591192,12,node_releases.json (12 months offset),yarn,yarn.lock
9255438790b67ef0c77c19a5eb5281a71d26324c,1591594741,12,node_releases.json (12 months offset),yarn,yarn.lock
37ef9aab9548d90c4b4cf0b2800f2cb9e53baa0a,1591595049,12,node_releases.json (12 months offset),yarn,yarn.lock
891a0fb04fbff6b40a41d5b96a08d6ea5d838a4b,1591598066,12,node_releases.json (12 months offset),yarn,yarn.lock
8f007e2646c60b2be8e67900c86056560a95632f,1591599730,12,node_releases.json (12 months offset),yarn,yarn.lock
ccac590fb0d46f178b3ad67de5a1c73abb02ff5b,1591604711,12,node_releases.json (12 months offset),yarn,yarn.lock
a9a9c0352fef5aee799addf8f5820cc89ac9c53e,1591607437,12,node_releases.json (12 months offset),yarn,yarn.lock
ded72248a7ae8d9ba3324dc8b713eb61819dc5ba,1591607741,12,node_releases.json (12 months offset),yarn,yarn.lock
3a31a13ea92750c6b16b58b125d86979233514d0,1591670798,12,node_releases.json (12 months offset),yarn,yarn.lock
f6296e6f92f7db412ff355ea2bfe7a01c09e1830,1591670825,12,node_releases.json (12 months offset),yarn,yarn.lock
fc89e647328e7e9294708722b748e4060364498b,1591670983,12,node_releases.json (12 months offset),yarn,yarn.lock
fc158bdf99556132a94d38763729365e9060d577,1591671312,12,node_releases.json (12 months offset),yarn,yarn.lock
bb745302509da91de0f692414a323dda9ac2f9d8,1591671519,12,node_releases.json (12 months offset),yarn,yarn.lock
d03e32515214528aef710bbbabb640611777558e,1591673057,12,node_releases.json (12 months offset),yarn,yarn.lock
78253fbb2a69d91bdbfc7cf19faa7ab0941c0529,1591673451,12,node_releases.json (12 months offset),yarn,yarn.lock
1f0f5733d95c528b6415a345c077829822a9eff0,1591673495,12,node_releases.json (12 months offset),yarn,yarn.lock
85190068adfcd58804fab873c53951255b93e3cf,1591677336,12,node_releases.json (12 months offset),yarn,yarn.lock
713d478a67431a58279831c442697ffdb623b7cd,1591677998,12,node_releases.json (12 months offset),yarn,yarn.lock
5c9d6b496efa16bd287da76b309a49e3acfd1dec,1591680590,12,node_releases.json (12 months offset),yarn,yarn.lock
164a05570086d3054f2d24907e30eceb9f15b839,1591682889,12,node_releases.json (12 months offset),yarn,yarn.lock
a72f0c05dfdc35af06b23e447e7c8fc3bd602fba,1591682909,12,node_releases.json (12 months offset),yarn,yarn.lock
0c0b234a133090852346276447d2473889077f1d,1591682950,12,node_releases.json (12 months offset),yarn,yarn.lock
0eb00a6f25e82f86af65ee1ed22bc1b5d8674ed2,1591683208,12,node_releases.json (12 months offset),yarn,yarn.lock
e1240cff6f310dd439c1aaeea1c2233a167ab5b1,1591683208,12,node_releases.json (12 months offset),yarn,yarn.lock
36d195a2dc9f5bee422494b38c5304e2f4f94a24,1591683208,12,node_releases.json (12 months offset),yarn,yarn.lock
76f8b16dc728778bc14dcead62a5bc4f24b1bbd7,1591683208,12,node_releases.json (12 months offset),yarn,yarn.lock
5e4aba0abf1c8a7b44019701cb9f802448234f13,1591683462,12,node_releases.json (12 months offset),yarn,yarn.lock
a18fc12aead80f228b8d6668e7032f7030394693,1591683906,12,node_releases.json (12 months offset),yarn,yarn.lock
193e62d774629705e58b464b0fb5dea462939ea9,1591688041,12,node_releases.json (12 months offset),yarn,yarn.lock
17fce4a232f055f8a65081e367d2094328a8e3c3,1591689531,12,node_releases.json (12 months offset),yarn,yarn.lock
797079f0493873cc10ed5e31770ec3cf129ec998,1591689861,12,node_releases.json (12 months offset),yarn,yarn.lock
70fe9e45b2a39a5f7977781070035e68b9ec7536,1591690043,12,node_releases.json (12 months offset),yarn,yarn.lock
70768c696fbf32fb39667992b3fed82398ad8b53,1591690435,12,node_releases.json (12 months offset),yarn,yarn.lock
5b33dbd79ff2474991078670dbbdf83c651d28f5,1591691740,12,node_releases.json (12 months offset),yarn,yarn.lock
c37e3b870fd4f6c5e57d713a43ffdc28ad8a7f5b,1591703302,12,node_releases.json (12 months offset),yarn,yarn.lock
74c9ab736335c5ef738bc2b39c0a46c5861b5ac5,1591704106,12,node_releases.json (12 months offset),yarn,yarn.lock
0d303cf9fbbc28761d048086d224d37768411f40,1591704872,12,node_releases.json (12 months offset),yarn,yarn.lock
bb4db46fe1d163ad6a412996e52fc1fef61e2461,1591705048,12,node_releases.json (12 months offset),yarn,yarn.lock
2bfd06844056a1f04043201f252aeda45d6813d3,1591755417,12,node_releases.json (12 months offset),yarn,yarn.lock
2ad252dc54aab7531892f93a812e4d00637cc21e,1591758556,12,node_releases.json (12 months offset),yarn,yarn.lock
7c7ba6b5305390e59d11bb70a3f14292f6eb708f,1591758934,12,node_releases.json (12 months offset),yarn,yarn.lock
faf467898a9b64eb720455ae9e8989f74989d18b,1591758939,12,node_releases.json (12 months offset),yarn,yarn.lock
169a99214e3802c27d1b0bf8c36d50436e21e211,1591760171,12,node_releases.json (12 months offset),yarn,yarn.lock
7a98bee89f961b91feead1ea1fdb06e1dea8a919,1591773245,12,node_releases.json (12 months offset),yarn,yarn.lock
3601d8e65d9c7bd97c98ecfdddb167d8e8184fde,1591773514,12,node_releases.json (12 months offset),yarn,yarn.lock
d5d9fc220a23caef80bb06474b18939ec7895d84,1591775142,12,node_releases.json (12 months offset),yarn,yarn.lock
e8ec37cbb38ec7777535fba47a9a3d67d1bc35db,1591834234,12,node_releases.json (12 months offset),yarn,yarn.lock
d589115bcc8ab754fb38c3441b14cd720114ec14,1591842293,12,node_releases.json (12 months offset),yarn,yarn.lock
775c6aae83903c55d67bd8a736586348c6b2ae57,1591842544,12,node_releases.json (12 months offset),yarn,yarn.lock
cbf87d177745e4e784abd992e9b0cc03eaeff8db,1591850741,12,node_releases.json (12 months offset),yarn,yarn.lock
7d76c8358aea0e4fa2ed0311a2ea5a784f1d147f,1591851326,12,node_releases.json (12 months offset),yarn,yarn.lock
3003badc6ed9779b6e145322594be1b4ccdbb002,1591852562,12,node_releases.json (12 months offset),yarn,yarn.lock
c44a6169ef1ab85d93b653285ebf0890d98e1f2c,1591853571,12,node_releases.json (12 months offset),yarn,yarn.lock
08cb33f44cfa7dd0cdf03cffb87804633d918593,1591856102,12,node_releases.json (12 months offset),yarn,yarn.lock
cc89261b408bf836cfa6979b0a350f4f7cb3aead,1591870416,12,node_releases.json (12 months offset),yarn,yarn.lock
0a43f13dc0aeb790b2efb8a11415411fac4bae6e,1591870897,12,node_releases.json (12 months offset),yarn,yarn.lock
f272c6cf583c71c2b45775f66916bed382c94620,1591877105,12,node_releases.json (12 months offset),yarn,yarn.lock
48f2d20b2aa6e3ebe5b3ec0d2149a759e32102c3,1591878205,12,node_releases.json (12 months offset),yarn,yarn.lock
d7b1cb957bf8fe2d29b294fccebbce9726330c02,1591881141,12,node_releases.json (12 months offset),yarn,yarn.lock
408436ad4f73f87e603d0e46ee3eb0a096741ff0,1591881358,12,node_releases.json (12 months offset),yarn,yarn.lock
a0b64f87630ad03649a18fab9beb19b61932bc13,1591920178,12,node_releases.json (12 months offset),yarn,yarn.lock
c19aa3464cf54fdbca36b68bdb80c15565476d04,1591921873,12,node_releases.json (12 months offset),yarn,yarn.lock
85203d054d07f44a7178d69f67a49fc50a741e62,1591925106,12,node_releases.json (12 months offset),yarn,yarn.lock
ae7f369dcd21c43d3a0a7b39644192405c54cb77,1591925148,12,node_releases.json (12 months offset),yarn,yarn.lock
bf3630477bc548c551ae8af0034e11904106d63a,1591928180,12,node_releases.json (12 months offset),yarn,yarn.lock
b2646d9da4ee9b057da0ca0849404f4f2a5fbcd1,1591928602,12,node_releases.json (12 months offset),yarn,yarn.lock
2429f154746e5737aadb65acdb5fdda07632cce7,1591929756,12,node_releases.json (12 months offset),yarn,yarn.lock
4fc63cdbafc4cf3ce1eb81a0a086de2e09cdaea4,1591931530,12,node_releases.json (12 months offset),yarn,yarn.lock
a0382a581989d9e8997a565490c5b0a8abd644c1,1591931890,12,node_releases.json (12 months offset),yarn,yarn.lock
756c6b4b9cc206e0a0ae702e00606059312bf825,1591934678,12,node_releases.json (12 months offset),yarn,yarn.lock
24b3854ebe7e1268d348b104beda36971a2be247,1591935170,12,node_releases.json (12 months offset),yarn,yarn.lock
c81e666cb4548d2181d85f8a0212207670a5874e,1591936497,12,node_releases.json (12 months offset),yarn,yarn.lock
843ccee4810d859ab0e4140ad07633b52daabe21,1591943887,12,node_releases.json (12 months offset),yarn,yarn.lock
e408d963d5a37168bc15737535da6d2b5ed9401f,1591944137,12,node_releases.json (12 months offset),yarn,yarn.lock
24a766baaf7002c9a5da23fb7f39811b323a3576,1591952384,12,node_releases.json (12 months offset),yarn,yarn.lock
5d0168de469659facc99ceca9d3da74b4e7f137a,1591952386,12,node_releases.json (12 months offset),yarn,yarn.lock
97dfad51e54e2592796240d730258bba8b643613,1591963898,12,node_releases.json (12 months offset),yarn,yarn.lock
266ff05d03535b7b5db64871a07c39fc6a6701a6,1591963967,12,node_releases.json (12 months offset),yarn,yarn.lock
f909efd5632e63e4a093db12a668ff79a4913b38,1591966448,12,node_releases.json (12 months offset),yarn,yarn.lock
f09a2d349206effa4ee902d95afda4970189a1c7,1592053244,12,node_releases.json (12 months offset),yarn,yarn.lock
4290ecf6d83884788b9486e9ad5ef0cf2086cec7,1592110317,12,node_releases.json (12 months offset),yarn,yarn.lock
9f30aaf29f53b6efa48f7f0e7825c4c85410331e,1592178008,12,node_releases.json (12 months offset),yarn,yarn.lock
16d30bb4a65056bb2b7d93e65acba6a3ab01ea55,1592178396,12,node_releases.json (12 months offset),yarn,yarn.lock
1b497eb29b844556f9857bc349b81f13818bd27d,1592179481,12,node_releases.json (12 months offset),yarn,yarn.lock
96ecd81cc6b24979bb5d60e6013d2486e64a88f7,1592180210,12,node_releases.json (12 months offset),yarn,yarn.lock
a60b7040ae9cc57f5ecabf2b60dd94f8d8991c83,1592185291,12,node_releases.json (12 months offset),yarn,yarn.lock
b8f05055decbf27c35ef65fd0794daeb7580db82,1592189109,12,node_releases.json (12 months offset),yarn,yarn.lock
443aa30d3cb8a5df7a818f781c53c6f5d5d5a90b,1592197943,12,node_releases.json (12 months offset),yarn,yarn.lock
fad08154590cb9d79860396e2aefb789e244a543,1592198424,12,node_releases.json (12 months offset),yarn,yarn.lock
ae3944dc10dfd966bf01986e3b07a3e97795aba6,1592201332,12,node_releases.json (12 months offset),yarn,yarn.lock
1327265665254bb480efac05984cde2823347075,1592208130,12,node_releases.json (12 months offset),yarn,yarn.lock
417779b3655c97a21789a23a5c0dcb489c239da2,1592208654,12,node_releases.json (12 months offset),yarn,yarn.lock
cd081bcd4a83cec33c0e8e2bc1eaa5f23cc99f61,1592211295,12,node_releases.json (12 months offset),yarn,yarn.lock
118ffc359b3dc595253a4f395ec7121f4b67fe03,1592211705,12,node_releases.json (12 months offset),yarn,yarn.lock
34743b5537fce797fac383f1aa51d5dd95034a47,1592213235,12,node_releases.json (12 months offset),yarn,yarn.lock
207ee914b91f66800ae77921c4e38b74e16c4851,1592216345,12,node_releases.json (12 months offset),yarn,yarn.lock
026ceef4064784e55dae7724c544f4414075599d,1592262415,12,node_releases.json (12 months offset),yarn,yarn.lock
36af793d40e9afc490b1418ddae836919a074e3c,1592262475,12,node_releases.json (12 months offset),yarn,yarn.lock
5ea3ed8fa08376016a653dab6b497e0f0c096a67,1592265104,12,node_releases.json (12 months offset),yarn,yarn.lock
f39399af95abcbc42ef8c726106a4761e1896b04,1592265214,12,node_releases.json (12 months offset),yarn,yarn.lock
97b9d3e190426782197fb7324b7e61b9031ff084,1592266137,12,node_releases.json (12 months offset),yarn,yarn.lock
f593fdcbb358b9a7b9eef7968f67ed93a702b307,1592266189,12,node_releases.json (12 months offset),yarn,yarn.lock
8cbba9dd57a5ed9cd84d3ebfc4cca100114ce747,1592269602,12,node_releases.json (12 months offset),yarn,yarn.lock
14645e27cbd7771952c6e11e2bacc88d258d3f66,1592269653,12,node_releases.json (12 months offset),yarn,yarn.lock
5ddeabd5ec98e785403428d9d0e0fec7a1fadb10,1592270420,12,node_releases.json (12 months offset),yarn,yarn.lock
b797a645f84758029afc98c4940864c6557934cc,1592271243,12,node_releases.json (12 months offset),yarn,yarn.lock
538fb2609140a3bd7a950efc296822b4214978bf,1592279278,12,node_releases.json (12 months offset),yarn,yarn.lock
deea28acda9e4397c613a708b24a60be588329eb,1592283436,12,node_releases.json (12 months offset),yarn,yarn.lock
b866611c319e302e1406e0cd74978aebd79154ed,1592290176,12,node_releases.json (12 months offset),yarn,yarn.lock
c206309c5ba0a32de0cb4138032952437a2c2877,1592291153,12,node_releases.json (12 months offset),yarn,yarn.lock
641d10ba98721a321ace841df92dbe9358750ed3,1592291306,12,node_releases.json (12 months offset),yarn,yarn.lock
5f95e2d58ff96e5314526ee6e7f59dfc62e933f7,1592293806,12,node_releases.json (12 months offset),yarn,yarn.lock
bf55b8e86a8f2d7dbb7e9f1264c80e30b8467c1c,1592293835,12,node_releases.json (12 months offset),yarn,yarn.lock
1dcd8c6626fae0ed336c7dc6f012ce99af33a690,1592294088,12,node_releases.json (12 months offset),yarn,yarn.lock
b891e5528cf6d78195b76f64e27cf9cbd8d29fc4,1592294158,12,node_releases.json (12 months offset),yarn,yarn.lock
03205a34b6f85b264c0e1df1127d883264fe0632,1592294655,12,node_releases.json (12 months offset),yarn,yarn.lock
bbe8be1da3885b22190acf909bf431e3ba20d5c6,1592300897,12,node_releases.json (12 months offset),yarn,yarn.lock
408415705d748f3dc2a6d0ddb665a1332d44330a,1592301450,12,node_releases.json (12 months offset),yarn,yarn.lock
530e670a5a040e765a0dcca80395a3e97afdd9b8,1592301830,12,node_releases.json (12 months offset),yarn,yarn.lock
1d741b6a6a2708b0b40bcd158f86965d7e7eb12b,1592301841,12,node_releases.json (12 months offset),yarn,yarn.lock
900d3fc5274fe27a4ad5473c800336ef1c8c7514,1592304127,12,node_releases.json (12 months offset),yarn,yarn.lock
8cb1bda0d750f4bc8bb441f93abeadc7918ed5f0,1592304839,12,node_releases.json (12 months offset),yarn,yarn.lock
7a8f12d2bcd4dc8ee34d9b16e31108d6c57cd070,1592306067,12,node_releases.json (12 months offset),yarn,yarn.lock
80d33a4097bdf637a4caecf9e7b139c505ab7286,1592308208,12,node_releases.json (12 months offset),yarn,yarn.lock
f2441612043d2291680ee47ece25c622dd94fde7,1592308455,12,node_releases.json (12 months offset),yarn,yarn.lock
9c371b925b1ae8f42e56e19312affad51cdc2016,1592309042,12,node_releases.json (12 months offset),yarn,yarn.lock
31b72e451ff89d60fef284c07fec536e325fae01,1592310688,12,node_releases.json (12 months offset),yarn,yarn.lock
e6882c9ea8efd1815f642010ac46b44d30bf3f0f,1592311422,12,node_releases.json (12 months offset),yarn,yarn.lock
09bd40bcd7e409099d6ec5e6c7e92d0ee2e4e506,1592358247,12,node_releases.json (12 months offset),yarn,yarn.lock
065b17e2b2531861d6e640862895b7d149ca9c7f,1592361873,12,node_releases.json (12 months offset),yarn,yarn.lock
95f46ad83de585d1799744bba19b4fbb1aa2ee71,1592369609,12,node_releases.json (12 months offset),yarn,yarn.lock
c9f199863fcd8b21baf1a43b105015f8a2be4fe9,1592375557,12,node_releases.json (12 months offset),yarn,yarn.lock
cab618934a9a3073d60fed5e98bbbe64bab75a6c,1592375710,12,node_releases.json (12 months offset),yarn,yarn.lock
41f3b3724334e07c01b3a835ec3f06d5b53e45f3,1592377997,12,node_releases.json (12 months offset),yarn,yarn.lock
71dd53b3c6b35e10c0f024db617056cf61c4306a,1592380859,12,node_releases.json (12 months offset),yarn,yarn.lock
7ecdec44c49cebd733fef7ac9a2c3c79c0af974e,1592394131,12,node_releases.json (12 months offset),yarn,yarn.lock
e3a71d1c38c53f860bc63fe34fb3786a42e1b605,1592459578,12,node_releases.json (12 months offset),yarn,yarn.lock
4332940b8abdca463f7d3ff58139b1560faa9ddd,1592468202,12,node_releases.json (12 months offset),yarn,yarn.lock
4184f6ca130b7972380787ecf2b80d247af13049,1592470363,12,node_releases.json (12 months offset),yarn,yarn.lock
d4f03e60b3a54fb030b3eef5d37894735bd6d883,1592470522,12,node_releases.json (12 months offset),yarn,yarn.lock
bf37857d9f1972fc11e1e53120c12ea28a3fa94c,1592518824,12,node_releases.json (12 months offset),yarn,yarn.lock
5ca8c13723e15c11e228cb8c3d44b3047f6bad52,1592544071,12,node_releases.json (12 months offset),yarn,yarn.lock
bdc4873bf8a5864e341573f1845d1da0ca1ac44a,1592561890,12,node_releases.json (12 months offset),yarn,yarn.lock
f59a8be05b96d708be178955b30cb25b5e15fd2c,1592572081,12,node_releases.json (12 months offset),yarn,yarn.lock
54d7a1f57635ad3df474e65448842440449caa2d,1592642064,12,node_releases.json (12 months offset),yarn,yarn.lock
fadb00f54475b380606c02e9890bfb88bdca11f1,1592643211,12,node_releases.json (12 months offset),yarn,yarn.lock
c187c41db972e3d2640d90a5c66c4002d338e1f8,1592647123,12,node_releases.json (12 months offset),yarn,yarn.lock
5c9e99257f4c0f98f65f2fa46a6c24e9346bf30f,1592650155,12,node_releases.json (12 months offset),yarn,yarn.lock
01c7ef1b08e92bd588c8d3a8ac1b02c3c388fd94,1592656931,12,node_releases.json (12 months offset),yarn,yarn.lock
33ff18410faaba17e0ff5c5b974458067462cb45,1592657223,12,node_releases.json (12 months offset),yarn,yarn.lock
0148587836be6dad5460252418314e1d4b0b499e,1592658071,12,node_releases.json (12 months offset),yarn,yarn.lock
298e48da3801d8895edb2cb7a7b4e606bf42cde6,1592658398,12,node_releases.json (12 months offset),yarn,yarn.lock
1d68aff78626b2f959a07d3b73b05955468b7afb,1592658762,12,node_releases.json (12 months offset),yarn,yarn.lock
6da5bf3f05a9c2c29a25d3d165e056419053e6f4,1592658868,12,node_releases.json (12 months offset),yarn,yarn.lock
78599593c942a43112fa47c2de70644bcb25c0c2,1592712030,12,node_releases.json (12 months offset),yarn,yarn.lock
e1ca9853d2522fea8ed6b706f3f72138e3083a4c,1592712163,12,node_releases.json (12 months offset),yarn,yarn.lock
1d8afdaa4c35c662c1c9f606da20296fcd19c6e8,1592783224,12,node_releases.json (12 months offset),yarn,yarn.lock
b0211f01778a5ee5c0750197e7e59ae2c7056c04,1592783894,12,node_releases.json (12 months offset),yarn,yarn.lock
26c178e3f961b8e1617be0a896aba63aa8697df5,1592783964,12,node_releases.json (12 months offset),yarn,yarn.lock
1f2a996d19ebbca9de1a6cf53b214827573a8587,1592789578,12,node_releases.json (12 months offset),yarn,yarn.lock
dfca348dcae592aa3433da2bb54ac5ac9d7fcc1a,1592789742,12,node_releases.json (12 months offset),yarn,yarn.lock
2fd5ef66aad142c6f7c900676faecad7e3a4ee5d,1592789854,12,node_releases.json (12 months offset),yarn,yarn.lock
a911f2541df4e549dd7164d2a8d8534fb35a5a77,1592792440,12,node_releases.json (12 months offset),yarn,yarn.lock
20e34aceb46d758c6dc412f581ace4fa9c435adf,1592793205,12,node_releases.json (12 months offset),yarn,yarn.lock
713c2035609005d28b7a468da0886631dd50a9e8,1592793369,12,node_releases.json (12 months offset),yarn,yarn.lock
f68422dd8767ae92d36d3850fe3657474f0f8f5a,1592793577,12,node_releases.json (12 months offset),yarn,yarn.lock
6706ceab532f23908cf69db121c9bbbaf90294e7,1592797601,12,node_releases.json (12 months offset),yarn,yarn.lock
7d75f80033d8a9d408359c54db0a7ff0fe6adf80,1592797905,12,node_releases.json (12 months offset),yarn,yarn.lock
e3a7831b78f36e5b8c1f8ebfe81f04292af01c81,1592798922,12,node_releases.json (12 months offset),yarn,yarn.lock
26ce76740854befb3d6d1cbb4bd1daaea4416a59,1592799509,12,node_releases.json (12 months offset),yarn,yarn.lock
454530cdcfe7dc46efc84baa4a72bf51cced3478,1592800526,12,node_releases.json (12 months offset),yarn,yarn.lock
8e1f77c380057a6b0bbbc003df1d9019f62000a3,1592804474,12,node_releases.json (12 months offset),yarn,yarn.lock
7b02270e67882108698ff2bec87705795dc15c82,1592804807,12,node_releases.json (12 months offset),yarn,yarn.lock
b09d53381733b2429325295f322b00b8495133c3,1592806027,12,node_releases.json (12 months offset),yarn,yarn.lock
fbc50ddcea0e0d573a593821bfff44af6a425c2f,1592807261,12,node_releases.json (12 months offset),yarn,yarn.lock
a3d7fbae40b2f0ceb1b8b0f35dedb4971c6e41ca,1592807285,12,node_releases.json (12 months offset),yarn,yarn.lock
f5317e4762f8f7043e9e85c6e3eba4e7607eac11,1592807316,12,node_releases.json (12 months offset),yarn,yarn.lock
4e831417d34fb69b4dcbcb244793763ead563e85,1592807327,12,node_releases.json (12 months offset),yarn,yarn.lock
b7d5120b3fe880c5b8fa2fc11d815bb01b57673b,1592810783,12,node_releases.json (12 months offset),yarn,yarn.lock
e6f2767e2fec0302a0fe762d32bcae53d32d9ee6,1592810992,12,node_releases.json (12 months offset),yarn,yarn.lock
cb73fddd2743bbdc1e1184cf0da25e5486db018d,1592812322,12,node_releases.json (12 months offset),yarn,yarn.lock
c1e19044e35d47db103cf4845aab779793780a70,1592813443,12,node_releases.json (12 months offset),yarn,yarn.lock
0082fd438b2fefbcbb129e96e21bf22f971a3c89,1592814126,12,node_releases.json (12 months offset),yarn,yarn.lock
d7be93e4b00f61a58201dd13f74277100ccd0c3b,1592825454,12,node_releases.json (12 months offset),yarn,yarn.lock
083c8f4385d675dec6f67040a2a386215f1f144d,1592828850,12,node_releases.json (12 months offset),yarn,yarn.lock
bc4e9220e29d5f4acfc5398be846b54300ed2abb,1592829316,12,node_releases.json (12 months offset),yarn,yarn.lock
ec9350a66d7a9ef18729dc79116b97339e3af7f9,1592829511,12,node_releases.json (12 months offset),yarn,yarn.lock
20cff4a2ae0c79d06b01d648de0ea5069e29a848,1592829712,12,node_releases.json (12 months offset),yarn,yarn.lock
643c1fb00b4aad3da8140b3f72a0636616a252c8,1592829972,12,node_releases.json (12 months offset),yarn,yarn.lock
f68c2c4c624fd2092088f735e033b0365c140afe,1592837349,12,node_releases.json (12 months offset),yarn,yarn.lock
9567510318b739547098dd065aa32e7dd7a803d4,1592868019,12,node_releases.json (12 months offset),yarn,yarn.lock
ace541cd4df87f19bbac2622282ad64a4dc6bd1a,1592873070,12,node_releases.json (12 months offset),yarn,yarn.lock
8e39e89b6ceaf8d8fdf4b5d0dc9a7452f81931c3,1592874314,12,node_releases.json (12 months offset),yarn,yarn.lock
9a49a57307bf4fcea9eddbfaed0baaaa267f923c,1592875295,12,node_releases.json (12 months offset),yarn,yarn.lock
1319bfbf83be5eac39d2fe980406088c96df8bc0,1592883312,12,node_releases.json (12 months offset),yarn,yarn.lock
3ebf61be36e1153122bc4cb41c07e27764c83fd6,1592884342,12,node_releases.json (12 months offset),yarn,yarn.lock
da37ba6800a63ad728545a659e8fe14a84e821ed,1592884807,12,node_releases.json (12 months offset),yarn,yarn.lock
e13495050a7ebbcc85d2af3818fda707faae90bf,1592887775,12,node_releases.json (12 months offset),yarn,yarn.lock
2967ab824bfebfb5ef0e9abf700c8f2c24aa6c35,1592889768,12,node_releases.json (12 months offset),yarn,yarn.lock
26d7a73d3a5c73ddb78615ba9e1a9c7340c04de5,1592890042,12,node_releases.json (12 months offset),yarn,yarn.lock
74a46215aafc62a0ee3d5b3dd3155428d1102447,1592890063,12,node_releases.json (12 months offset),yarn,yarn.lock
e666b360161cc5c0883eae876299dfa48bb00e8a,1592890495,12,node_releases.json (12 months offset),yarn,yarn.lock
5c14b1dc7cbe799539f1a1680d5f2121f72b31c8,1592897308,12,node_releases.json (12 months offset),yarn,yarn.lock
8337b660eded58eb56bdf9ba30a0e6c47ed75431,1592897348,12,node_releases.json (12 months offset),yarn,yarn.lock
b8694688cf20240ad2000a1926f1004bb1288629,1592898503,12,node_releases.json (12 months offset),yarn,yarn.lock
ca871fba3d8f46dd6920d60885447ed5e5736036,1592898772,12,node_releases.json (12 months offset),yarn,yarn.lock
1090a6e1513f5e35e67f4ba62d33057feda58f63,1592899147,12,node_releases.json (12 months offset),yarn,yarn.lock
19311972e00380d322475f2958f50e947e059f7c,1592954537,12,node_releases.json (12 months offset),yarn,yarn.lock
31b697432efeae2451f7a55ef0b76b9319ab2d07,1592973587,12,node_releases.json (12 months offset),yarn,yarn.lock
15af207f7134582fb79e42bbe7de5bb9864a5916,1592975598,12,node_releases.json (12 months offset),yarn,yarn.lock
130f6c33cacf4d7bf2f793eb1633931e380c3c9d,1592979266,12,node_releases.json (12 months offset),yarn,yarn.lock
cce21b8e18d1273acccd1312c7090c08aea351d4,1592997911,12,node_releases.json (12 months offset),yarn,yarn.lock
aacfb0746af080d5ac8e4dd58ffef616d383a0ee,1592998199,12,node_releases.json (12 months offset),yarn,yarn.lock
be8783420abafa16ff1ff4c06c031a71760f1ddd,1593001207,12,node_releases.json (12 months offset),yarn,yarn.lock
024c57ad9267f00c6905ac01b4f138ef3f82febd,1593001241,12,node_releases.json (12 months offset),yarn,yarn.lock
c40e4c53012e75c79a6750db0efff42fb39a80bc,1593041869,12,node_releases.json (12 months offset),yarn,yarn.lock
507fdf7376051cc8afd644ed6531b87648367be9,1593041994,12,node_releases.json (12 months offset),yarn,yarn.lock
4c5134736ffcee45b169388c9e5937bcd647156c,1593046646,12,node_releases.json (12 months offset),yarn,yarn.lock
d529f251d209f149394cf9e5bbcc4b9c0d6b9dfb,1593047797,12,node_releases.json (12 months offset),yarn,yarn.lock
9a4ad9313b9b45c792467bd101d1b1fe4191c82e,1593050089,12,node_releases.json (12 months offset),yarn,yarn.lock
7b2d96a5e2a20af0b1cfc7a568f63c95e0fd7526,1593052027,12,node_releases.json (12 months offset),yarn,yarn.lock
ca5d25aeb6192fc956eb9878d14e0b9d8f0951ab,1593052287,12,node_releases.json (12 months offset),yarn,yarn.lock
379b4ce451f720c79d61b8577ab9b596a1167204,1593054636,12,node_releases.json (12 months offset),yarn,yarn.lock
a3c518e374ac520d67aa2aee5b02aac4e68b4a5b,1593054657,12,node_releases.json (12 months offset),yarn,yarn.lock
b94f168b845a2e7ef7ac8aa70b057480110564c1,1593054686,12,node_releases.json (12 months offset),yarn,yarn.lock
54d088764e04cc6f1ecf61b70f1c100d48ff436d,1593054720,12,node_releases.json (12 months offset),yarn,yarn.lock
fd8d2218180081a83088f693b762acfe45f74d47,1593054999,12,node_releases.json (12 months offset),yarn,yarn.lock
683deb83183d42dc67f8189621848cc523535621,1593056297,12,node_releases.json (12 months offset),yarn,yarn.lock
5550fde72cbe2a5ef57f466ee4318ee260e29073,1593056723,12,node_releases.json (12 months offset),yarn,yarn.lock
7fc70e3cd2cd716be2fcfd4a036542e2c0eba974,1593057254,12,node_releases.json (12 months offset),yarn,yarn.lock
be0aca5bd8cb6758c5e13667823cbb57b5f43169,1593059690,12,node_releases.json (12 months offset),yarn,yarn.lock
980a27078b741c6f979e5d7b245dee5a103de10c,1593059907,12,node_releases.json (12 months offset),yarn,yarn.lock
5251b11e7fe1e24abbade9f327fa607c5b73ad2f,1593063087,12,node_releases.json (12 months offset),yarn,yarn.lock
285a54dab758ddaa36ba63f0543ab5a484c4a9e0,1593065581,12,node_releases.json (12 months offset),yarn,yarn.lock
8fe9cffed44cd1e88cca6e978bf8295bf2def32e,1593066448,12,node_releases.json (12 months offset),yarn,yarn.lock
5aadfed18c21f6e0f857cade475348a10dc21d1e,1593066760,12,node_releases.json (12 months offset),yarn,yarn.lock
445dd01ed6ab97337c8487df664289de8d41dcb1,1593067958,12,node_releases.json (12 months offset),yarn,yarn.lock
173a33e805a69fda71f6015e729ffd9a15ae677f,1593067978,12,node_releases.json (12 months offset),yarn,yarn.lock
4319abd7c9dc776ccde000cab02b3acb569af3e5,1593068649,12,node_releases.json (12 months offset),yarn,yarn.lock
786d9fcdd467c8055d080150508065a32db7fe73,1593069516,12,node_releases.json (12 months offset),yarn,yarn.lock
6f3379431b163bf25b0bb8528908facfafe56bc7,1593069647,12,node_releases.json (12 months offset),yarn,yarn.lock
f6499367d112d8c54653efdf68319d5497944188,1593070188,12,node_releases.json (12 months offset),yarn,yarn.lock
a2080d47d52c4ba856fcd1a960921e2e17098d8b,1593070624,12,node_releases.json (12 months offset),yarn,yarn.lock
1e73a9e113a10d88fedb71066b12a5f7f0406121,1593126562,12,node_releases.json (12 months offset),yarn,yarn.lock
2b0c7ff517cd28b8f019ebd69af0d887e3283b5b,1593127633,12,node_releases.json (12 months offset),yarn,yarn.lock
61bb9f8b4322cce17174e43ddf8f6a6691d31cfb,1593132908,12,node_releases.json (12 months offset),yarn,yarn.lock
17da7fc94d6816a811f2cff656ca8fb06986a418,1593135668,12,node_releases.json (12 months offset),yarn,yarn.lock
6c6c4f88bed80cdc3a31089be255245ee639ce99,1593136660,12,node_releases.json (12 months offset),yarn,yarn.lock
c5a27b9f997bad40dc96eec7612dd26f6c81e1f3,1593136854,12,node_releases.json (12 months offset),yarn,yarn.lock
521ca072201d10e515893ea91350e9d9870e5bd8,1593136953,12,node_releases.json (12 months offset),yarn,yarn.lock
9a071a3fef0972eee8e2717897fa1193d8bb10da,1593138763,12,node_releases.json (12 months offset),yarn,yarn.lock
b53b0d28c005386ff3112257bc9af2ae2b134700,1593138801,12,node_releases.json (12 months offset),yarn,yarn.lock
4ffc93a2e04bb2304789e4e0d710d5d3d58c98f0,1593141037,12,node_releases.json (12 months offset),yarn,yarn.lock
74852b0047f8c679b219851248dbc2ee07ea00de,1593141374,12,node_releases.json (12 months offset),yarn,yarn.lock
8df6d67b0d1eddd096f6a945cfc1da2d61f7db2e,1593149652,12,node_releases.json (12 months offset),yarn,yarn.lock
43ce5f3b5ee0df49663423f7fd9fa1bc6a1e29c8,1593328220,12,node_releases.json (12 months offset),yarn,yarn.lock
e3cbef2e505f96e4f09f94a9801d5ab1fd48022e,1593395041,12,node_releases.json (12 months offset),yarn,yarn.lock
ee33070a3751c99bb054dca3536ae58737e74211,1593397405,12,node_releases.json (12 months offset),yarn,yarn.lock
c11fff066748c66fca62c00b52f0457170d2dfe0,1593397780,12,node_releases.json (12 months offset),yarn,yarn.lock
be42c4c7d760ce1f047dda397dce1d115eeba0ef,1593398673,12,node_releases.json (12 months offset),yarn,yarn.lock
060834e7826d6f9ef4318836d17f36f302583cd1,1593401627,12,node_releases.json (12 months offset),yarn,yarn.lock
5ceb2d15cc20a42b3224392759efa05a17443666,1593406702,12,node_releases.json (12 months offset),yarn,yarn.lock
e224e74a21877b0f9981806aac7c7bf48d888748,1593408952,12,node_releases.json (12 months offset),yarn,yarn.lock
bcd27fd2c10fdf5a0389ad17bb8b6da406490934,1593409561,12,node_releases.json (12 months offset),yarn,yarn.lock
06bf8690ea90bc899ff5248027a72d77e174026b,1593409791,12,node_releases.json (12 months offset),yarn,yarn.lock
69f864908d4ffb7a89c81cd9245b701c7d6d7556,1593410537,12,node_releases.json (12 months offset),yarn,yarn.lock
b48842ef97f70a27d9494528c9b03ef1695e7813,1593410992,12,node_releases.json (12 months offset),yarn,yarn.lock
fab9a0d3621044171e794fd2157132691ca6b52b,1593415124,12,node_releases.json (12 months offset),yarn,yarn.lock
c0643511a9e126869945f6a91682ef041ac478cc,1593415836,12,node_releases.json (12 months offset),yarn,yarn.lock
46cf8216341d3f0e219537a7b6a27cf132271f76,1593415971,12,node_releases.json (12 months offset),yarn,yarn.lock
a26910ba446a243131cc1c0a10ba636a1735e33e,1593417585,12,node_releases.json (12 months offset),yarn,yarn.lock
e97a94e974d56f43cdc037ee668550d937e81901,1593417670,12,node_releases.json (12 months offset),yarn,yarn.lock
76f99491c4b609193a750f20f3e6bc3782daf5a1,1593418757,12,node_releases.json (12 months offset),yarn,yarn.lock
c3ec1fa103cec3ccdcce164d8918ec759c4938fc,1593430678,12,node_releases.json (12 months offset),yarn,yarn.lock
615b3d5c3c0880572b71fe63fac7b622e21648da,1593432979,12,node_releases.json (12 months offset),yarn,yarn.lock
dbfda808c2e079072c352260637d1a52ac58dc5e,1593432998,12,node_releases.json (12 months offset),yarn,yarn.lock
94ebefd64127477b6a518fa67ac260c62e6b233a,1593433426,12,node_releases.json (12 months offset),yarn,yarn.lock
b231150417c8c1bc6d8f8859e54973d206bb61c5,1593433434,12,node_releases.json (12 months offset),yarn,yarn.lock
a284e096d7f43c9cf846efdd318227d5230e8198,1593434544,12,node_releases.json (12 months offset),yarn,yarn.lock
4d51b2d5f5e0fae79e1e6585d62a0f36741a8955,1593437305,12,node_releases.json (12 months offset),yarn,yarn.lock
5b6f207705b9ed6b19b86f6f98021cb489685b7f,1593472853,12,node_releases.json (12 months offset),yarn,yarn.lock
98253f14a55a5361286c6a67fff509eabd054ad7,1593474997,12,node_releases.json (12 months offset),yarn,yarn.lock
8e871df9fa57cf391ac8fb8290e6b17bfbc5c192,1593476097,12,node_releases.json (12 months offset),yarn,yarn.lock
26fbefd6f5f2087d8bbe4ea67f936ec999387fd3,1593476842,12,node_releases.json (12 months offset),yarn,yarn.lock
4cb669a906c94d24c4faa4e960b88e2844c5de16,1593484668,12,node_releases.json (12 months offset),yarn,yarn.lock
3c8e63eb8e66464cbca2709611ea192dcdf7ade6,1593487093,12,node_releases.json (12 months offset),yarn,yarn.lock
861b3f127eec2236ed952e7a6deb0520fc116654,1593488986,12,node_releases.json (12 months offset),yarn,yarn.lock
762ec10587b52ab2749d52b9ba5001e7c62b7215,1593489287,12,node_releases.json (12 months offset),yarn,yarn.lock
f29a50c019809f6175a92f20d73e90f049566ddf,1593489401,12,node_releases.json (12 months offset),yarn,yarn.lock
233177f6c87cd7d80cc81f45971d7bf079770cbe,1593490648,12,node_releases.json (12 months offset),yarn,yarn.lock
b84d2872e4b4da05a91024a8cd06687902e724a9,1593490728,12,node_releases.json (12 months offset),yarn,yarn.lock
bed498e2708e3b7b070ff0abe43573196ca15b73,1593492641,12,node_releases.json (12 months offset),yarn,yarn.lock
05ebd9f6e29ff471003ba9e8e87105f63e1241f5,1593493676,12,node_releases.json (12 months offset),yarn,yarn.lock
32a269c84ef5e3b75343a3ba6e9f45a125e2abf6,1593494497,12,node_releases.json (12 months offset),yarn,yarn.lock
1eb258992a6e4b94d9b216f7ddc401d04181125e,1593496124,12,node_releases.json (12 months offset),yarn,yarn.lock
398de9002adc6f3b8c9df489fb138132df632a8d,1593496286,12,node_releases.json (12 months offset),yarn,yarn.lock
1d6a2d8ace56a74c069b6d741dc80b610f318fe4,1593498691,12,node_releases.json (12 months offset),yarn,yarn.lock
b5ed97d0c65991bd9326108510d5c9751ed6994c,1593502474,12,node_releases.json (12 months offset),yarn,yarn.lock
c692ec27d57a3d0556e818e1463ded6dcc745269,1593503649,12,node_releases.json (12 months offset),yarn,yarn.lock
278fceb1802cca6adda1127a0fd6e8cdfd5f83e4,1593504830,12,node_releases.json (12 months offset),yarn,yarn.lock
d00553d565200802ac5cdbeebf27607438883ad9,1593517290,12,node_releases.json (12 months offset),yarn,yarn.lock
3b748e407be84a64849a787569e4a81b67fe0306,1593557343,12,node_releases.json (12 months offset),yarn,yarn.lock
8d93f12f5757427f80c36f861e8234c95364bb3b,1593564442,12,node_releases.json (12 months offset),yarn,yarn.lock
48c611ca9ed25f3da0a3813a39f1a9b3bd1a5c78,1593581532,12,node_releases.json (12 months offset),yarn,yarn.lock
6f57d3483553ad2458264a1abde9de0a2dbec3dc,1593582649,12,node_releases.json (12 months offset),yarn,yarn.lock
0fe55690d1b0b09a19cd4cbeeb58bb02093d95d8,1593586576,12,node_releases.json (12 months offset),yarn,yarn.lock
d1f630a8fed37515eb6f65512822625df4ab9ea7,1593643124,12,node_releases.json (12 months offset),yarn,yarn.lock
07be54bc20cfb7d0cc24c4a0f3e82b6b60fa7b32,1593649156,12,node_releases.json (12 months offset),yarn,yarn.lock
1dd6fcf09249544d179cf00f3e4432153d258788,1593650925,12,node_releases.json (12 months offset),yarn,yarn.lock
923c0ba17384b7f932d93035ece17fc066cb4076,1593650959,12,node_releases.json (12 months offset),yarn,yarn.lock
73fa3eb3dfb3fef3d5e3cb8136b7dc8d64b1e7fc,1593651547,12,node_releases.json (12 months offset),yarn,yarn.lock
347b47e09b5216d826ea1fae39bd9f72e926af0b,1593655584,12,node_releases.json (12 months offset),yarn,yarn.lock
8cce1d155df481b60d4782a3108d71483a7f692e,1593660347,12,node_releases.json (12 months offset),yarn,yarn.lock
a0ccc33d02210514760fd7419159170e250f7eca,1593660460,12,node_releases.json (12 months offset),yarn,yarn.lock
09c7a5dc41d9103c600534b9aa4e5e499fda3668,1593661490,12,node_releases.json (12 months offset),yarn,yarn.lock
d2d5026e29c908e8616dc46638fc3053b6c6097c,1593661613,12,node_releases.json (12 months offset),yarn,yarn.lock
a0cd7bdbe288d13bc55f03beaa6913dd4b5fa85e,1593665898,12,node_releases.json (12 months offset),yarn,yarn.lock
d91a655c1f9e0f564084916bc53e4f2ef9ab0d6a,1593745502,12,node_releases.json (12 months offset),yarn,yarn.lock
696e43658dc9750ec24fdc4650bd2be9653daf5b,1593745558,12,node_releases.json (12 months offset),yarn,yarn.lock
ba4e1e86ebabd34d141bb17b331abcac2665c7c6,1593747268,12,node_releases.json (12 months offset),yarn,yarn.lock
8a4588bd9b797dfb196ca0293d42c6e0c9d1558c,1593748224,12,node_releases.json (12 months offset),yarn,yarn.lock
ceb616974a81fab423ed3e75c3f6997a3a6176ac,1593748349,12,node_releases.json (12 months offset),yarn,yarn.lock
fbead379c2ecb08860e5a6b71097da4051a93c13,1593748392,12,node_releases.json (12 months offset),yarn,yarn.lock
636af87b8b5ffe0401ecf9fd9ceffde3239d189f,1593748935,12,node_releases.json (12 months offset),yarn,yarn.lock
7463d79d803a7b37f30bb307b630d0e23a304942,1593750580,12,node_releases.json (12 months offset),yarn,yarn.lock
2bc4cc4bbb72fbf390c429ce4dab9e5bf8bb717b,1593751844,12,node_releases.json (12 months offset),yarn,yarn.lock
dbb286aaf0cfaa9d9acd894cfcabcbee262bf8fb,1593751984,12,node_releases.json (12 months offset),yarn,yarn.lock
b47dd9b5a73b84bce3471b152732f89b65a7e716,1593752379,12,node_releases.json (12 months offset),yarn,yarn.lock
41e075a8ab75a189ddeea7493e2e1852dbd6416e,1593782117,12,node_releases.json (12 months offset),yarn,yarn.lock
97bf936551ebc5118e4cdfbb8a98db5d3e63f4db,1593790665,12,node_releases.json (12 months offset),yarn,yarn.lock
855050e130c3824c00281a10abc9088dc34bcbbb,1593829223,12,node_releases.json (12 months offset),yarn,yarn.lock
f566a5366c2f29c6acda04eb72493f03d94948ee,1593831541,12,node_releases.json (12 months offset),yarn,yarn.lock
5b36e5807e1f8ad2ce2684690a2adba98205ccab,1593832733,12,node_releases.json (12 months offset),yarn,yarn.lock
3e5f8a9c65009c4e68c7720670891dc38bdb8758,1593833008,12,node_releases.json (12 months offset),yarn,yarn.lock
63cfa5aa9042e551c85bd3b6f3d8c36432e8fe72,1593999452,12,node_releases.json (12 months offset),yarn,yarn.lock
f6c341a6e1c42e4046b6290a7826186f23d73e1c,1593999459,12,node_releases.json (12 months offset),yarn,yarn.lock
c2d758c038a2a67468fbb789d6e6b8e445c8c95d,1593999467,12,node_releases.json (12 months offset),yarn,yarn.lock
466be9e3fb61057943c5bf8c463d454426ec9128,1593999471,12,node_releases.json (12 months offset),yarn,yarn.lock
7648c326bc51e48113050996f8cd508192fb2243,1594000841,12,node_releases.json (12 months offset),yarn,yarn.lock
c020562dadb7e3d9061f043009b686a8ca1366c5,1594004280,12,node_releases.json (12 months offset),yarn,yarn.lock
bc20c563b6060b765de0ae777101a992455eb935,1594011116,12,node_releases.json (12 months offset),yarn,yarn.lock
6a40173073f09d46b2fe4a07f0e609ccc043c427,1594011116,12,node_releases.json (12 months offset),yarn,yarn.lock
65bb44be8691d9dc1560062bcbaf6f8523c8887c,1594011116,12,node_releases.json (12 months offset),yarn,yarn.lock
224e5f380f3cf91b2b15e05ba019003c8bc28d34,1594016477,12,node_releases.json (12 months offset),yarn,yarn.lock
0e9886a2131f452301df679e2bbbf79849c6c7ad,1594017534,12,node_releases.json (12 months offset),yarn,yarn.lock
4c702fbda66a8b9b6d2cd1e354bd93c176ec06a6,1594018529,12,node_releases.json (12 months offset),yarn,yarn.lock
ddaeaf7342d3018e9dd47844e097efa04b7d0b36,1594025904,12,node_releases.json (12 months offset),yarn,yarn.lock
503af2b8589402e12c15694aae492a2b2ad919b0,1594080311,12,node_releases.json (12 months offset),yarn,yarn.lock
9bf6be669aa88f948897a2740f8406e6432f8d77,1594080330,12,node_releases.json (12 months offset),yarn,yarn.lock
a3bb3bac5bab93ea2ce8e910a11eced3256a85c8,1594089473,12,node_releases.json (12 months offset),yarn,yarn.lock
d6344de465cf968188bedcbc2dcbca502207ef17,1594090162,12,node_releases.json (12 months offset),yarn,yarn.lock
26d6976e8eab52e8891b7281ae6349e148504ea7,1594090214,12,node_releases.json (12 months offset),yarn,yarn.lock
fc17c3439183025eeac1eccd4c20b6170446fdfd,1594090789,12,node_releases.json (12 months offset),yarn,yarn.lock
91ca30fc38c0fedf9d282d2e6758b4ba4d5ded03,1594091726,12,node_releases.json (12 months offset),yarn,yarn.lock
35469d0bb4002a0b8526e6a252426cd7d82f5027,1594091745,12,node_releases.json (12 months offset),yarn,yarn.lock
4d968d7d00c9ff9bc3db484cf378d01c86f48493,1594098368,12,node_releases.json (12 months offset),yarn,yarn.lock
2f31c7e044fe393d7348aca922e8d2aa079e89d9,1594099111,12,node_releases.json (12 months offset),yarn,yarn.lock
9ff76f865eca2cadb7cf0953f104f6d50ec5ab46,1594099406,12,node_releases.json (12 months offset),yarn,yarn.lock
c7fa99af216b1f63913814c48825b4bd84aaf3b9,1594101112,12,node_releases.json (12 months offset),yarn,yarn.lock
b48e2f64ad547dfb309f6df3f0488d0e5ce019da,1594101501,12,node_releases.json (12 months offset),yarn,yarn.lock
d100e7a4a2b41dd581ccd92b275d88440b774653,1594105929,12,node_releases.json (12 months offset),yarn,yarn.lock
c19ab7a1eda674179c8ebb39012f6bec90532040,1594106884,12,node_releases.json (12 months offset),yarn,yarn.lock
c306a9860acbef6b7c7678f607e5ba8b8bbc05e7,1594107480,12,node_releases.json (12 months offset),yarn,yarn.lock
46e14b07ea2b46b17433f3f74401168d0fc3af6d,1594107581,12,node_releases.json (12 months offset),yarn,yarn.lock
2874d3cc58cdafbb7aa3780a20f122a4b12c8943,1594109023,12,node_releases.json (12 months offset),yarn,yarn.lock
5286c93e7ef9f64d6305a3cb1b89073003ba28f3,1594116666,12,node_releases.json (12 months offset),yarn,yarn.lock
c26c2a1361f7f4122813ea9d2184b987c22c2012,1594163228,12,node_releases.json (12 months offset),yarn,yarn.lock
606df6b750a9d276540c8587da47a79f83d0b4f0,1594178049,12,node_releases.json (12 months offset),yarn,yarn.lock
d6b97f45cae6f6ce31b474f2094dc461918c6b61,1594178443,12,node_releases.json (12 months offset),yarn,yarn.lock
97508cc5b038f5c44fc7729c3583cb811d26a38b,1594179332,12,node_releases.json (12 months offset),yarn,yarn.lock
9eb1f8a6bcacec7299efef3b3e0d446c7dde3b3b,1594179395,12,node_releases.json (12 months offset),yarn,yarn.lock
cbc51029d166d670db1516015328ff0e2eb19f0c,1594255599,12,node_releases.json (12 months offset),yarn,yarn.lock
46311b42e7c0f6b5c1397d0a989285afcaaaa151,1594257618,12,node_releases.json (12 months offset),yarn,yarn.lock
6b23ad0a018f16e2ad6a5354aacd5d47402bbd34,1594280391,12,node_releases.json (12 months offset),yarn,yarn.lock
99cb2906ba62541d7f5bb024d486a63f121efb17,1594346759,12,node_releases.json (12 months offset),yarn,yarn.lock
3e1b1c595e607da2ac0d34d047c0797abbd723f4,1594365186,12,node_releases.json (12 months offset),yarn,yarn.lock
337f3e34805d83f1991e0f4ed292b2b9accff01f,1594365390,12,node_releases.json (12 months offset),yarn,yarn.lock
31f2f28e069afa4d184d17e70e0edc378913130f,1594366052,12,node_releases.json (12 months offset),yarn,yarn.lock
54e535ac32ab3cd091f80e9d4129257439a751ad,1594366184,12,node_releases.json (12 months offset),yarn,yarn.lock
0e2b1678c4ac3f785122891a4918347b45eab8bc,1594367808,12,node_releases.json (12 months offset),yarn,yarn.lock
74de62517bcba4723654cb7c1df345fed7b52f95,1594368859,12,node_releases.json (12 months offset),yarn,yarn.lock
8ca3e8134a05af07a25f57d4abe660f27bf3a6e0,1594448831,12,node_releases.json (12 months offset),yarn,yarn.lock
fbe04d17ed627bfd68223cfd315b1faf61fe3f05,1594537825,12,node_releases.json (12 months offset),yarn,yarn.lock
3663f4085094ec5c142394ef205307e1dc96684b,1594543908,12,node_releases.json (12 months offset),yarn,yarn.lock
5a81c2458c5cfabaf9a42e13651b52732066b189,1594593328,12,node_releases.json (12 months offset),yarn,yarn.lock
08144c7b853e6d0af0b7f1036296b4b21fa00e8a,1594602581,12,node_releases.json (12 months offset),yarn,yarn.lock
b563153351039b3111ae0cb68b2068307945dec4,1594624817,12,node_releases.json (12 months offset),yarn,yarn.lock
252d74026673f82e464fed69d84a1f41d921b504,1594628628,12,node_releases.json (12 months offset),yarn,yarn.lock
e0e8986c21cab2f07306881d92fcfe9187b41e6f,1594633190,12,node_releases.json (12 months offset),yarn,yarn.lock
70088697d6e4fccd1f1c7e10ef0432447bebdb06,1594639291,12,node_releases.json (12 months offset),yarn,yarn.lock
79948b84696fe4c89f75e52545fa33a2abf4406d,1594694272,12,node_releases.json (12 months offset),yarn,yarn.lock
e72aaf721d63a1024dc5ef5df1c388b67d3953f7,1594695162,12,node_releases.json (12 months offset),yarn,yarn.lock
dfd91a943452ecbe3a4940873bca67216e008d6d,1594703652,12,node_releases.json (12 months offset),yarn,yarn.lock
36ef93fb947cfb7f86c68b2b82571d9dc79947a6,1594708343,12,node_releases.json (12 months offset),yarn,yarn.lock
d2305689b7ac609dafe66c1adece7a5788d0c580,1594711007,12,node_releases.json (12 months offset),yarn,yarn.lock
01d73df313be847fd8deeecf0b1f2fa0b8310782,1594728252,12,node_releases.json (12 months offset),yarn,yarn.lock
d1190d23ff2fa4e7feea46eace1eaad0d18c4e81,1594769609,12,node_releases.json (12 months offset),yarn,yarn.lock
1dcc21b1c3433d781c7022f4b9ad9988d04edec7,1594793155,12,node_releases.json (12 months offset),yarn,yarn.lock
5c129beff7f3c4073c6d7f699773ace22a6c928b,1594793252,12,node_releases.json (12 months offset),yarn,yarn.lock
f8edf37d73878f2aa1613214df6d3c890297b9a8,1594879465,12,node_releases.json (12 months offset),yarn,yarn.lock
d00fd455d98276de328c2a6be192b139e1d69dec,1594984002,12,node_releases.json (12 months offset),yarn,yarn.lock
d8613dd380986b7da37e75f162c9652c2e22381b,1595205873,12,node_releases.json (12 months offset),yarn,yarn.lock
48db236a5b2c3cb9fb8120a4a6792a7bca04c244,1595221973,12,node_releases.json (12 months offset),yarn,yarn.lock
c1dc85a7531ae0968ef03a9d1b0fa824f6e70de7,1595300664,12,node_releases.json (12 months offset),yarn,yarn.lock
d8781b1d84b59c138838871ecc8d61b3bc6fd996,1595381199,12,node_releases.json (12 months offset),yarn,yarn.lock
87407ff66a8c501b1eb4660c9fe40c7294516036,1595417786,12,node_releases.json (12 months offset),yarn,yarn.lock
d0b78b36b03220f82ba05dcfaea72839afc49b64,1595418623,12,node_releases.json (12 months offset),yarn,yarn.lock
3030d6718c32ca37d08b74c7519e54e48eaf2048,1595490321,12,node_releases.json (12 months offset),yarn,yarn.lock
4e25d749b689dba15ff5d09e47e5e88876fcfdeb,1595490355,12,node_releases.json (12 months offset),yarn,yarn.lock
7e4aa1b65df2c4cd299c51dd177fead8d3a602e2,1595490783,12,node_releases.json (12 months offset),yarn,yarn.lock
7a749464a84a8d6a55035b0ef74f4c1fdd2bdc15,1595491707,12,node_releases.json (12 months offset),yarn,yarn.lock
f0881100d6d08d0b790c08721b1fc36b484ddb09,1595559626,12,node_releases.json (12 months offset),yarn,yarn.lock
5f45b198532e57fb7f01a4bb29724bcc3d055ba6,1595559653,12,node_releases.json (12 months offset),yarn,yarn.lock
5c1702a119e683f93e03ecc2231f11d17ce57395,1595559696,12,node_releases.json (12 months offset),yarn,yarn.lock
f5f809c2cf90d825b0807ab6ac5a1c8cf5c3d31f,1595559708,12,node_releases.json (12 months offset),yarn,yarn.lock
724fbc5ef649fd2a07efe7060c76eba9779de7c0,1595561855,12,node_releases.json (12 months offset),yarn,yarn.lock
3172fce52da6ef0537fe87752f3f7e439599db18,1595573422,12,node_releases.json (12 months offset),yarn,yarn.lock
38daac291493ed77c11b244a46dad9c8fa4db79c,1595580519,12,node_releases.json (12 months offset),yarn,yarn.lock
d9242d45f1bd4f8d7ca61e05a68d0caa977adbb8,1595813844,12,node_releases.json (12 months offset),yarn,yarn.lock
9baf5a9f15572812c89aeb748b501507895e4540,1595814208,12,node_releases.json (12 months offset),yarn,yarn.lock
1e1661695b3b2d034603d5279d13d336483e0a00,1595841855,12,node_releases.json (12 months offset),yarn,yarn.lock
d9d005d489cb1fe0e9e5ad923f80a6ff2ca819dc,1595841898,12,node_releases.json (12 months offset),yarn,yarn.lock
ff550d0b9d3b6d519d7d1ecd98a97eaafd8cc334,1595841953,12,node_releases.json (12 months offset),yarn,yarn.lock
8f7358a5c21af6e4ddcb9742f007ea73ee7261ca,1595890549,12,node_releases.json (12 months offset),yarn,yarn.lock
bb82d194a8163dbcdf6b5fd3ea03a55152b8835b,1595904208,12,node_releases.json (12 months offset),yarn,yarn.lock
cdce58a2b54d02adcf3a321e9bb4fe275ac53fc0,1595908202,12,node_releases.json (12 months offset),yarn,yarn.lock
62120145d547de772928808ce0467062ed157ac9,1595919434,12,node_releases.json (12 months offset),yarn,yarn.lock
616bfb42a9f9068d0851b0e2f44ddd5b5ef0497f,1595919995,12,node_releases.json (12 months offset),yarn,yarn.lock
fea38efcb484de7b3151acd41d487200534ba5f3,1596064792,12,node_releases.json (12 months offset),yarn,yarn.lock
a3a84777105b14e2f84eed39d7121a2fe12917d3,1596069119,12,node_releases.json (12 months offset),yarn,yarn.lock
046b10703b2d96847de027c9b2992a44a9e7f0e7,1596069557,12,node_releases.json (12 months offset),yarn,yarn.lock
196e2b896b0fb194bd9ffe25631f91ad75dfbd6d,1596072829,12,node_releases.json (12 months offset),yarn,yarn.lock
72bad7606ccbc7267ba33ca5cf8c501c49743e0d,1596081926,12,node_releases.json (12 months offset),yarn,yarn.lock
2970f4a0f1533c3d868d9d6bbc338cfb5a33f73b,1596082688,12,node_releases.json (12 months offset),yarn,yarn.lock
c711bd719b0287daae85c0fdc9610760edfa2c5b,1596082688,12,node_releases.json (12 months offset),yarn,yarn.lock
1886753932a98dbd99c44274c38c685b0f39b209,1596082688,12,node_releases.json (12 months offset),yarn,yarn.lock
ca9a89cc67cf8ab4eeab3cc11c74c947eb63cdd3,1596082688,12,node_releases.json (12 months offset),yarn,yarn.lock
d8dcbe195ea476539346dc25bc6d15d1403c98d2,1596082956,12,node_releases.json (12 months offset),yarn,yarn.lock
8d59f39d3250df7fc606a3cd56fe3a26391d1b30,1596082956,12,node_releases.json (12 months offset),yarn,yarn.lock
13ae867afaec28e2f2d5f43d04676d3b70a79eba,1596082956,12,node_releases.json (12 months offset),yarn,yarn.lock
83fd249d027212761c723814a8757f09dab74958,1596082956,12,node_releases.json (12 months offset),yarn,yarn.lock
48f0ca86eb50dfc87dde9548fc086e9733a6a03a,1596082956,12,node_releases.json (12 months offset),yarn,yarn.lock
12130cfbd49b20f2f8bd8b41609559b146df06b7,1596082956,12,node_releases.json (12 months offset),yarn,yarn.lock
a8f7eeec4e96837fa0eef8b316762a5bf444c69a,1596082956,12,node_releases.json (12 months offset),yarn,yarn.lock
6ab72776eb69c97bec5a6bb0b4d28ab272550dfe,1596082956,12,node_releases.json (12 months offset),yarn,yarn.lock
319e0a41758226484e4bd6cc7db80596f10d017e,1596082956,12,node_releases.json (12 months offset),yarn,yarn.lock
c10da0cbbe127b705da57c3f1edb2f56f6da792c,1596082956,12,node_releases.json (12 months offset),yarn,yarn.lock
e54c49413f6b00bb346dab186f61ef91e9564e3a,1596082956,12,node_releases.json (12 months offset),yarn,yarn.lock
400c75214da084d6cfd13185f1e64ae2bcb40780,1596082956,12,node_releases.json (12 months offset),yarn,yarn.lock
bb57c428269d642227a7f368cd452272e406318e,1596082956,12,node_releases.json (12 months offset),yarn,yarn.lock
ba94a705f0ff2c57b776955e5f43ab078b5d4ac5,1596082956,12,node_releases.json (12 months offset),yarn,yarn.lock
53ff523e3eee1c9b874ec82da1fe90e0af49a696,1596082956,12,node_releases.json (12 months offset),yarn,yarn.lock
8dbec65cbcd7ee96af1aad592a5a76d15df8e798,1596082956,12,node_releases.json (12 months offset),yarn,yarn.lock
7b70d50d5744db10d3b3bbc5819d04b37decdcdc,1596082956,12,node_releases.json (12 months offset),yarn,yarn.lock
8512fcd022035f5156a359ef349faa8fb00cc692,1596082956,12,node_releases.json (12 months offset),yarn,yarn.lock
5d4a09b580ded471925dd3a03e03475c1bb7948a,1596082956,12,node_releases.json (12 months offset),yarn,yarn.lock
cc37dc843936f767a6fe42d7a2e939194cd778cf,1596082956,12,node_releases.json (12 months offset),yarn,yarn.lock
541d4a67a0981328c5459d02b3f3962d7d7f9570,1596082956,12,node_releases.json (12 months offset),yarn,yarn.lock
13cc774b5269ff34aca4518cebce58aee24dbecb,1596099507,12,node_releases.json (12 months offset),yarn,yarn.lock
007474e95092f95507daa2a0d02b6c36ff434940,1596162596,12,node_releases.json (12 months offset),yarn,yarn.lock
7c27e4d7e88574a2eaeb0aa80e86208e34daf54f,1596162835,12,node_releases.json (12 months offset),yarn,yarn.lock
6afcc72ee3265d700404fdf70a519b05230ceb00,1596171164,12,node_releases.json (12 months offset),yarn,yarn.lock
a9d88a1fc5d16c44e79cbda37132f111561c0fb4,1596180718,12,node_releases.json (12 months offset),yarn,yarn.lock
713604599290e9092783098f2722bfa152ad56d5,1596181161,12,node_releases.json (12 months offset),yarn,yarn.lock
22e71a2a76f4ef65f9ee1e038dc847ba4d55ef5b,1596353100,12,node_releases.json (12 months offset),yarn,yarn.lock
967e34474c575a47ce1f2925a38e7a2ac29d746b,1596416323,12,node_releases.json (12 months offset),yarn,yarn.lock
5f963b3ffbdddffb0f575f904399ce05feeefa48,1596424965,12,node_releases.json (12 months offset),yarn,yarn.lock
22a1f5d96fc16694b80a698496f72bd7394a1ee6,1596428147,12,node_releases.json (12 months offset),yarn,yarn.lock
a01b6b166292db02f279ccc8ea5e87a9122f1ad7,1596431392,12,node_releases.json (12 months offset),yarn,yarn.lock
e44d887ab9603504b754ffbdac1ddadfaa6fc575,1596431908,12,node_releases.json (12 months offset),yarn,yarn.lock
a71b2253565c0d9fea3144c2a1ed3d92ed9e0469,1596432326,12,node_releases.json (12 months offset),yarn,yarn.lock
028aac9bd9ec035ce12c4492e9f097f0e36bdcf9,1596446896,12,node_releases.json (12 months offset),yarn,yarn.lock
7b2ddc7d3205f3b3acabda28468e0e8094f465cb,1596447370,12,node_releases.json (12 months offset),yarn,yarn.lock
6b770ef2d482f1fa7cba722071a5f3a4e214a3d1,1596494178,12,node_releases.json (12 months offset),yarn,yarn.lock
977275291c264f02f0e4a33af5b4b3c45b9c0a77,1596497204,12,node_releases.json (12 months offset),yarn,yarn.lock
185a15443758b9361f8b8f60a2341fcb4031b8f5,1596499436,12,node_releases.json (12 months offset),yarn,yarn.lock
b6ddaa8057af3cbb652b9854f53256f0a494b06e,1596501774,12,node_releases.json (12 months offset),yarn,yarn.lock
47405aabf906305a425ed60e7a03ae386abf2c60,1596503180,12,node_releases.json (12 months offset),yarn,yarn.lock
896d11fa997b7c8f8cd7d2e9268536d87a85901a,1596505859,12,node_releases.json (12 months offset),yarn,yarn.lock
42a82be4c09be94959372d208533f0752eac15b6,1596507998,12,node_releases.json (12 months offset),yarn,yarn.lock
d52a268437abe900f1e1841063208add23d2a248,1596529290,12,node_releases.json (12 months offset),yarn,yarn.lock
ea0ac13e803f4fe800bc2f620250ce76252b74fe,1596529918,12,node_releases.json (12 months offset),yarn,yarn.lock
0e38b87f19632324942cbbc8ae7eef0e422cb479,1596531188,12,node_releases.json (12 months offset),yarn,yarn.lock
e337371e3411db7bd82cbe6d2a953a93e6e01fde,1596589267,12,node_releases.json (12 months offset),yarn,yarn.lock
8a23b0017bb03ec4515c467bbb8b487440c1af71,1596600569,12,node_releases.json (12 months offset),yarn,yarn.lock
6cbb3c2d7e38a75f90269b73a87e5eb13166dc2f,1596615398,12,node_releases.json (12 months offset),yarn,yarn.lock
3ee6100176e25d2f952598e3ed8af56c4befedf7,1596615398,12,node_releases.json (12 months offset),yarn,yarn.lock
7e60c5c91df1582574f4636e5f253382447f8fcc,1596682372,12,node_releases.json (12 months offset),yarn,yarn.lock
5799b5d09d234faaba322aeab785a8afa7f1c091,1596682387,12,node_releases.json (12 months offset),yarn,yarn.lock
fdb6188244bce182ee94933b026b0343f7bdd5d1,1596682830,12,node_releases.json (12 months offset),yarn,yarn.lock
4310d4e4b96aa4cb1847619a2fe42fc012713c04,1596700143,12,node_releases.json (12 months offset),yarn,yarn.lock
49e82225bf2d5cfb593f315f1d3970299be144a6,1596704864,12,node_releases.json (12 months offset),yarn,yarn.lock
3cd54eb8f3f3b49f9385c434fc0327c7bc00c601,1596762533,12,node_releases.json (12 months offset),yarn,yarn.lock
e54cffd88edfd8f59dc6ccf34901789db150cc3a,1596769282,12,node_releases.json (12 months offset),yarn,yarn.lock
301c378961c013005d889399ad91622355e43676,1596772476,12,node_releases.json (12 months offset),yarn,yarn.lock
81905849981f742d65bac0af2e8fb63b064a4992,1596781361,12,node_releases.json (12 months offset),yarn,yarn.lock
7b76ccf2daf3c253b3197bc732b5e84c37c55838,1596782910,12,node_releases.json (12 months offset),yarn,yarn.lock
91efb81169669b503cdc877ae756368a5cc84690,1596784293,12,node_releases.json (12 months offset),yarn,yarn.lock
9226e6d491fcc482344c1091d0260285179821e0,1596784976,12,node_releases.json (12 months offset),yarn,yarn.lock
e8893bbefaf19101dd19b734712e94e1c578de5e,1596858831,12,node_releases.json (12 months offset),yarn,yarn.lock
642c17bd7dd91ce741e9e9280dc8904b07cc79eb,1596864045,12,node_releases.json (12 months offset),yarn,yarn.lock
5ad83a3ead74aa0e41b35f87a2b83c51fe8a7063,1596874166,12,node_releases.json (12 months offset),yarn,yarn.lock
02ef8e6fe24edc7f6e861491a293f1abbfe24bfe,1596927540,12,node_releases.json (12 months offset),yarn,yarn.lock
6ae873a7a7d1d5d066970ae5a0861ede7d3fd33e,1596928007,12,node_releases.json (12 months offset),yarn,yarn.lock
6ca063b69d37cab9995cba9e95de9cd29ec34233,1596928188,12,node_releases.json (12 months offset),yarn,yarn.lock
2b1488716ded987c42278a15169f4341d2d55d4b,1596933786,12,node_releases.json (12 months offset),yarn,yarn.lock
d83be9a0fb14049a15f15a1d192503e1ef1613d1,1597021995,12,node_releases.json (12 months offset),yarn,yarn.lock
5190e64d4b80985490e4368cb87d0f1141e76ef2,1597025615,12,node_releases.json (12 months offset),yarn,yarn.lock
5d02cc39522b0b2ef79285c4a3541a3de90ab602,1597029407,12,node_releases.json (12 months offset),yarn,yarn.lock
c2db987f5d83e81b91c65c3bed1f94a30ea75d1f,1597033665,12,node_releases.json (12 months offset),yarn,yarn.lock
49c36347c1ff2d1d4dc8014c283f3b885447fc41,1597033666,12,node_releases.json (12 months offset),yarn,yarn.lock
5eb28bb18736d7b7d3ee9ac1d79223c0e3bae812,1597036273,12,node_releases.json (12 months offset),yarn,yarn.lock
67ee358e5b18d830b97c1fb8753755bb3c1a8832,1597036392,12,node_releases.json (12 months offset),yarn,yarn.lock
861060667e15e3c8621fbfd1f50e6a3c78e5a56e,1597037034,12,node_releases.json (12 months offset),yarn,yarn.lock
209c328ed96a2fa6a7dac9f811f3b36d022ededa,1597038002,12,node_releases.json (12 months offset),yarn,yarn.lock
b097f519e1462483b343ce1fe12cb84296dde7be,1597038151,12,node_releases.json (12 months offset),yarn,yarn.lock
5c81f87c1069c87f2b36cf45607030010abf3197,1597040536,12,node_releases.json (12 months offset),yarn,yarn.lock
a87976b59f7c96364a37417562cbd94cfc0ecc29,1597041557,12,node_releases.json (12 months offset),yarn,yarn.lock
d580ac106476f352b37b4bd2eccd43b047f52342,1597042866,12,node_releases.json (12 months offset),yarn,yarn.lock
a7971e340905854b5ef22dd5fe08ea88c3fd5618,1597044932,12,node_releases.json (12 months offset),yarn,yarn.lock
acead24c7be9532bf8c88f44dd1fa819b9c5e212,1597046551,12,node_releases.json (12 months offset),yarn,yarn.lock
add084b189e950ae27a48eecff459d2fb48b79a0,1597083986,12,node_releases.json (12 months offset),yarn,yarn.lock
61afdf0de26e3340016bb63f1b2380dbb7c3bc79,1597105060,12,node_releases.json (12 months offset),yarn,yarn.lock
42ef19e0534cea5da3b0212567f774ee84524edb,1597117509,12,node_releases.json (12 months offset),yarn,yarn.lock
bb4c2c78078d7cfb9d8929b3e189d3aad706df93,1597120642,12,node_releases.json (12 months offset),yarn,yarn.lock
16056a78e46def08d0604053ebf55ed1ae44b212,1597130439,12,node_releases.json (12 months offset),yarn,yarn.lock
c0d6b39a281244504b4712258dfd3891ac91d0ad,1597131770,12,node_releases.json (12 months offset),yarn,yarn.lock
ab60e189531d67a5cb47a831960d0b44052496cd,1597202118,12,node_releases.json (12 months offset),yarn,yarn.lock
1f414d45a49218e11bfa8ad64823ee6b5fa19689,1597203232,12,node_releases.json (12 months offset),yarn,yarn.lock
2e1a41cb7c17a710e3e547df76967bc0233945cb,1597203508,12,node_releases.json (12 months offset),yarn,yarn.lock
435a2f4181db31048a2c8a917e8dcef313f97c55,1597256786,12,node_releases.json (12 months offset),yarn,yarn.lock
0ac43f47cffb9e63ba829ab17e8beb8c8b4f7c83,1597298194,12,node_releases.json (12 months offset),yarn,yarn.lock
bf7e8f9b87b27f16dca6fb80f727342b1b4d9fd0,1597301921,12,node_releases.json (12 months offset),yarn,yarn.lock
5c7136055f545002c84bf2b83dbd12eaa14f86f6,1597462384,12,node_releases.json (12 months offset),yarn,yarn.lock
02702c62d07725a067faa4a787ac4f3544bed0ee,1597567445,12,node_releases.json (12 months offset),yarn,yarn.lock
d19a0c59eecfd7c2e5de67c1a42391db7649c688,1597567842,12,node_releases.json (12 months offset),yarn,yarn.lock
94cf2532b762f6a834c0673845ab6894408bb03e,1597633371,12,node_releases.json (12 months offset),yarn,yarn.lock
a2a001839ad39aa35e0b4c7ba6d2f1ab167d7622,1597635063,12,node_releases.json (12 months offset),yarn,yarn.lock
48bb0d4aea347783b863be744b1adf29a9fc103d,1597637458,12,node_releases.json (12 months offset),yarn,yarn.lock
f349da73190fc5d27070da9a7dba9d3f8aba1cc0,1597662135,12,node_releases.json (12 months offset),yarn,yarn.lock
63f93d6d8e25c718ea9b907e9dc8389a6b48a198,1597725922,12,node_releases.json (12 months offset),yarn,yarn.lock
256c502e39aa2384f2d041cc0f59ba66f5e54ddf,1597738064,12,node_releases.json (12 months offset),yarn,yarn.lock
5138d9487537d0b395fff7d0985c3168dbd3a4fa,1597790367,12,node_releases.json (12 months offset),yarn,yarn.lock
3d91c1b9b9a7e408e9f5d0f098f183969d426148,1597807726,12,node_releases.json (12 months offset),yarn,yarn.lock
b2eac901702803ed995493faa49fe8fcfda3632e,1597820808,12,node_releases.json (12 months offset),yarn,yarn.lock
203130ca6511f4dbff0d623ba627e7e99e738c84,1597824285,12,node_releases.json (12 months offset),yarn,yarn.lock
98a6d139ff83ee6041df01382206471ad3e70d65,1597891134,12,node_releases.json (12 months offset),yarn,yarn.lock
c1f6b36c8514e75e20b1c06debb96eb519b35376,1597908796,12,node_releases.json (12 months offset),yarn,yarn.lock
c4437ebb6c024bccb6e7029c79ad9d92bc498871,1597908840,12,node_releases.json (12 months offset),yarn,yarn.lock
be2c5661b4eff474c06b31ea4d0faf184319504d,1597911383,12,node_releases.json (12 months offset),yarn,yarn.lock
138cd727048d53ac7ac1916ca5e6932a51025e70,1597913965,12,node_releases.json (12 months offset),yarn,yarn.lock
7f41ffb4f41d31456894fb8d4db9a36545b9397a,1597997846,12,node_releases.json (12 months offset),yarn,yarn.lock
00050b47959c5105051f0faff45f9b269526ee0e,1597997971,12,node_releases.json (12 months offset),yarn,yarn.lock
d5a582266777f3c4602a4a6cf74cbbcbb7df3f39,1597998949,12,node_releases.json (12 months offset),yarn,yarn.lock
74415ec4962df9ce920fce2c606b8175109da5e5,1598078210,12,node_releases.json (12 months offset),yarn,yarn.lock
520b4b50ce25b1d78d3a7573eed4b20fe5786677,1598078210,12,node_releases.json (12 months offset),yarn,yarn.lock
b2034d53dfbfc0fcaa131495aff55d1d7d44ccdf,1598078210,12,node_releases.json (12 months offset),yarn,yarn.lock
7c6ab81c8e13f7810a46f222bc585ed10a8479d0,1598078210,12,node_releases.json (12 months offset),yarn,yarn.lock
b13b98d02cef1cee3cde21595d114ac052393050,1598080873,12,node_releases.json (12 months offset),yarn,yarn.lock
3a309904779ea808691bcba63926463e5c1d17ff,1598096951,12,node_releases.json (12 months offset),yarn,yarn.lock
d0c1c76f1f09286c48191a994cca86276770d3b2,1598227427,12,node_releases.json (12 months offset),yarn,yarn.lock
a275e64b3bd0914d7969182fc7bc29b2ae9dc0f2,1598319586,12,node_releases.json (12 months offset),yarn,yarn.lock
3aad9e5fd93ff98825da8dee0191a7c230c63106,1598321096,12,node_releases.json (12 months offset),yarn,yarn.lock
43c9c6058cc4a02cfc8dc3444a65fc40ee2a4d76,1598325721,12,node_releases.json (12 months offset),yarn,yarn.lock
3c4072d6f217e7aae34d112865a5711bc3d5f90b,1598330918,12,node_releases.json (12 months offset),yarn,yarn.lock
69dddc4bfdb9b5177c352ae42febff481ad48d13,1598524072,12,node_releases.json (12 months offset),yarn,yarn.lock
be54adb5ebc2329f5d46a5d53798f1834db3890c,1598525835,12,node_releases.json (12 months offset),yarn,yarn.lock
105b518627ad197a3385778b21daf321be106b64,1598595172,12,node_releases.json (12 months offset),yarn,yarn.lock
e56f9bee3fafcff777bbaf0db8287a7ecf8cc6b6,1598595213,12,node_releases.json (12 months offset),yarn,yarn.lock
b7f40c918371f21f9968202edb863a519ab0c64a,1598596566,12,node_releases.json (12 months offset),yarn,yarn.lock
4e525a097c5d93da11bb31041fed467cb8ddf471,1598607323,12,node_releases.json (12 months offset),yarn,yarn.lock
60c64dea14312379f216807dae27f883b3732235,1598842775,12,node_releases.json (12 months offset),yarn,yarn.lock
bb32e18813f397e01f3636a8b2adf97eb338f115,1598857731,12,node_releases.json (12 months offset),yarn,yarn.lock
09ac0b753688b6b083538039a0cd6ac010119f13,1598863895,12,node_releases.json (12 months offset),yarn,yarn.lock
0ea451a60c43f4d33bcbbe8f2e022acf2f3290e2,1598865665,12,node_releases.json (12 months offset),yarn,yarn.lock
12f8eeeee7f31cc6ab8c0a2ee30e1f1ab52a2ab5,1598871083,12,node_releases.json (12 months offset),yarn,yarn.lock
07fba1ee3df10799bf96898333f6a8d59f85f742,1598918988,12,node_releases.json (12 months offset),yarn,yarn.lock
9267cdd6c8cb567b3f726caae9f4c0c0b9df24e5,1598930292,12,node_releases.json (12 months offset),yarn,yarn.lock
b17ca50483c0be38c7e339c14acb6a89214f1f5a,1598933502,12,node_releases.json (12 months offset),yarn,yarn.lock
580b5636291adcbe388ac62343a719c726948aca,1598946888,12,node_releases.json (12 months offset),yarn,yarn.lock
7149c9231155505b04b5f35634bf5d940399f74d,1598954056,12,node_releases.json (12 months offset),yarn,yarn.lock
a20d6c765c80bed9552a43c72abec54a43dff8ef,1599023851,12,node_releases.json (12 months offset),yarn,yarn.lock
1ad275d5305e3c58f6ac9e31d2922c92296b21a0,1599037635,12,node_releases.json (12 months offset),yarn,yarn.lock
1735ca985b9d4dcf0863075d0708790eece5d316,1599064752,12,node_releases.json (12 months offset),yarn,yarn.lock
048b9bb38a6c831cff48527bde14312caa1cb2af,1599091296,12,node_releases.json (12 months offset),yarn,yarn.lock
400e0caeff3de61fbba73266bc660f1bc9d6a716,1599092076,12,node_releases.json (12 months offset),yarn,yarn.lock
d3e9d36c8803d1f759ebf01dffaf799825bc42fb,1599113734,12,node_releases.json (12 months offset),yarn,yarn.lock
8fa321ec07e04f1eb78055fe9650d21dfe010114,1599204368,12,node_releases.json (12 months offset),yarn,yarn.lock
9822916785f7ff08b8266eaae5204537058960b5,1599436138,12,node_releases.json (12 months offset),yarn,yarn.lock
7d7260db4a45dd2bfbb5c38dccef14f6cf31cce8,1599467260,12,node_releases.json (12 months offset),yarn,yarn.lock
8b0b71377e5b5d304c8ade3ff6e209981ae40e75,1599477559,12,node_releases.json (12 months offset),yarn,yarn.lock
cf76530a3a1256f9a020e24aeaea1241193055a9,1599549748,12,node_releases.json (12 months offset),yarn,yarn.lock
052fe8b31657ec40f79dd4e2ffbe16775bee3cf2,1599559419,12,node_releases.json (12 months offset),yarn,yarn.lock
985e028705e5ca2918b6fccc9d9b352010d5cf1e,1599605261,12,node_releases.json (12 months offset),yarn,yarn.lock
4d630b16c9fcc315a31b4768192b5dfdfaf9577d,1599605586,12,node_releases.json (12 months offset),yarn,yarn.lock
06387469da1919ab934f77dee711315948b4fb5b,1599639480,12,node_releases.json (12 months offset),yarn,yarn.lock
122596e48743395402252fb9a54fadacd7bc1caa,1599639505,12,node_releases.json (12 months offset),yarn,yarn.lock
d0bfe2e1a067d6f6d5a88bd3c5d317bd7f94433f,1599640970,12,node_releases.json (12 months offset),yarn,yarn.lock
c0d7d3c889620981a620a4ceb5770187aa49e02f,1599652179,12,node_releases.json (12 months offset),yarn,yarn.lock
9ded70be0077bfdd0af022cc9eda00c55e573c9f,1599697403,12,node_releases.json (12 months offset),yarn,yarn.lock
6c57ae7f90df0d5a380ea5909369fc58c15c60d5,1599724397,12,node_releases.json (12 months offset),yarn,yarn.lock
030bd06d8ded126f62eb85bb0a859a678162224a,1599820481,12,node_releases.json (12 months offset),yarn,yarn.lock
9a689ea9ea891f9e1d89c20de8ae99839b300046,1599820930,12,node_releases.json (12 months offset),yarn,yarn.lock
cca2229aea538345b8e64ffdb30c7f7766a7868c,1599848697,12,node_releases.json (12 months offset),yarn,yarn.lock
7d02f7182ccaab8bb08c4822031f0223241631c7,1599995732,12,node_releases.json (12 months offset),yarn,yarn.lock
0874e8614797276833ac36ff329595ee4c1d6f9a,1600043418,12,node_releases.json (12 months offset),yarn,yarn.lock
611759a9f6129720312515289b5622cd69804f3a,1600045480,12,node_releases.json (12 months offset),yarn,yarn.lock
497d0a2625a8327841c8f0634e97b596092360c1,1600061975,12,node_releases.json (12 months offset),yarn,yarn.lock
cab1851b36ada9c30d47d7b4c2fc494f0644d4ad,1600066352,12,node_releases.json (12 months offset),yarn,yarn.lock
41d385c6910f1038e5c38342bee5a78ef477131e,1600066364,12,node_releases.json (12 months offset),yarn,yarn.lock
6b47912aa887a1ba782cb7da1837e25c8e6fcd22,1600070155,12,node_releases.json (12 months offset),yarn,yarn.lock
e6a7c42f9b6706c5a3f1848b446dbed4f338eb05,1600070966,12,node_releases.json (12 months offset),yarn,yarn.lock
3a804731b54919dbbfd9b6e51aa6d60e2888656e,1600072058,12,node_releases.json (12 months offset),yarn,yarn.lock
a33417d7112fe2ced37f78ae6da58585630bce00,1600073049,12,node_releases.json (12 months offset),yarn,yarn.lock
1904e24a4c0a419117d8cb608fb3cc794a85c900,1600122823,12,node_releases.json (12 months offset),yarn,yarn.lock
b3787cdfea99ef24df013a7980f96b7e1b8dc543,1600148667,12,node_releases.json (12 months offset),yarn,yarn.lock
afc2f9a59b87e566fe6c106c59e684340f0927fd,1600158162,12,node_releases.json (12 months offset),yarn,yarn.lock
0e6b95924f3fc4883014970931d5a1d5c212a75c,1600232955,12,node_releases.json (12 months offset),yarn,yarn.lock
78b6336606509bb14a2fe14dc8b0e85da5a66608,1600238254,12,node_releases.json (12 months offset),yarn,yarn.lock
9d21cf148d12c163c650cdfb5226f711de6a5a8d,1600246271,12,node_releases.json (12 months offset),yarn,yarn.lock
ff596e6f7f90f6d160342aa6e92584b4a71b097d,1600288039,12,node_releases.json (12 months offset),yarn,yarn.lock
29a7753a0522afed387c43792a36d5a671b19e5d,1600289550,12,node_releases.json (12 months offset),yarn,yarn.lock
14461f415a6b276c3fe7be24916b16c16c88e05e,1600297026,12,node_releases.json (12 months offset),yarn,yarn.lock
d6a829533a3c1281878b26c563bcff791c326743,1600303111,12,node_releases.json (12 months offset),yarn,yarn.lock
448f729dcd8a7bd881f6824e6ad3c70280cf495d,1600327433,12,node_releases.json (12 months offset),yarn,yarn.lock
66563726541b93b091ceaa68f7ac4c8c1c750b40,1600328563,12,node_releases.json (12 months offset),yarn,yarn.lock
4e352526128a8dd20a7dd2307e977686ec59bee5,1600401404,12,node_releases.json (12 months offset),yarn,yarn.lock
08d435fbc933f7c3c332a5787f6f4a672e07f77c,1600468613,12,node_releases.json (12 months offset),yarn,yarn.lock
4b249cd3aba6598778eaf62404919714c1f4bfb2,1600670065,12,node_releases.json (12 months offset),yarn,yarn.lock
2a87b5f5ca4a63fffdb184780f4f75a92657de32,1600670898,12,node_releases.json (12 months offset),yarn,yarn.lock
30d83eb8a39241b9179bb7bb7131cc62dbdd83bf,1600670971,12,node_releases.json (12 months offset),yarn,yarn.lock
48a442645a7ee9fbe298f8e673e1c76baba32f5a,1600673806,12,node_releases.json (12 months offset),yarn,yarn.lock
c5a54705e545302b1eb6b10e2e3c673faf58510a,1600758307,12,node_releases.json (12 months offset),yarn,yarn.lock
0d204be8cdc1da7e319552a9ffd1e2c5e5d81176,1600760094,12,node_releases.json (12 months offset),yarn,yarn.lock
d7e11966f4f2340ba9681e1022fba8667f4a0b86,1600785467,12,node_releases.json (12 months offset),yarn,yarn.lock
cb3d06c449284ef53fd445d6f0d0d5878026029a,1600823125,12,node_releases.json (12 months offset),yarn,yarn.lock
dd5042541ce0be0106780b1b4ae84334bf127b72,1600826331,12,node_releases.json (12 months offset),yarn,yarn.lock
636583ded959dcb452c89b9c8d9b57c89c71305a,1600826687,12,node_releases.json (12 months offset),yarn,yarn.lock
99937f80b5ae0f08f3fb1f5939c272fe72e380f8,1600827175,12,node_releases.json (12 months offset),yarn,yarn.lock
e56ee6ba50199084a64df4498fd6e20d948df5dc,1600829112,12,node_releases.json (12 months offset),yarn,yarn.lock
aa4d23eb0ad420ebc9ae1f30f2ad932c80caa182,1600832906,12,node_releases.json (12 months offset),yarn,yarn.lock
3be66118e512563476b1ebbcd0fca50c1ba7f00d,1600833884,12,node_releases.json (12 months offset),yarn,yarn.lock
ac3ba6195f5f5af1081dabc788fcd5a8c5573b61,1600838676,12,node_releases.json (12 months offset),yarn,yarn.lock
b2b6d906794014ff235f68456aba15f9d6c54f83,1600839840,12,node_releases.json (12 months offset),yarn,yarn.lock
48fbfbdf1e6030f83141424f31f45df800972047,1600846051,12,node_releases.json (12 months offset),yarn,yarn.lock
9c67ef5881d09508fba87ae8b13e2fe95585160d,1600847108,12,node_releases.json (12 months offset),yarn,yarn.lock
49bafd9956def56686e99b301f7ecf70aca51b77,1600866800,12,node_releases.json (12 months offset),yarn,yarn.lock
3ede4a144af6c4620b213159be88fa0d6a230302,1600908112,12,node_releases.json (12 months offset),yarn,yarn.lock
5edbd0c599961facc5081a31df47c934bcffe481,1600930058,12,node_releases.json (12 months offset),yarn,yarn.lock
5de93fe66867cde3d194c595b1ebec7abb17f71f,1601173330,12,node_releases.json (12 months offset),yarn,yarn.lock
9b766f6468eeb5e0340e7c31ba5bcd52a2cec8b4,1601250240,12,node_releases.json (12 months offset),yarn,yarn.lock
e4f02415ba2a931924b8cb5d54d1bfd7faee4249,1601250263,12,node_releases.json (12 months offset),yarn,yarn.lock
0b3a2862e6a6e6604944a97c31dac7292e1c289c,1601250371,12,node_releases.json (12 months offset),yarn,yarn.lock
9ac870ca2c93ed4d10b0776333d72a24b9b626db,1601250425,12,node_releases.json (12 months offset),yarn,yarn.lock
6438957f2d2aabd8bedd39c6777da161ee902378,1601250462,12,node_releases.json (12 months offset),yarn,yarn.lock
da2554f479232f23a5009a85deaa6c45d94d995e,1601250462,12,node_releases.json (12 months offset),yarn,yarn.lock
44a7d2e86ab34c3a5db76c13dfd2348cb16d2967,1601250482,12,node_releases.json (12 months offset),yarn,yarn.lock
9d35c09a33ce30499fab57c7977e80a2cd1b6154,1601250528,12,node_releases.json (12 months offset),yarn,yarn.lock
bb61d480b843aa3740eca0cec80f58f0cb6fee2d,1601250528,12,node_releases.json (12 months offset),yarn,yarn.lock
890684ff6fc86525ff6cd32fd49fa40cffa58813,1601254095,12,node_releases.json (12 months offset),yarn,yarn.lock
3d8977c047c36631b2eeaaedcd2918896205188a,1601254251,12,node_releases.json (12 months offset),yarn,yarn.lock
436bbcbb6e34aba9086fb6019d3d248dc443a2c5,1601270810,12,node_releases.json (12 months offset),yarn,yarn.lock
20f230787fb2b92f799c75e8ab763d0ddddb1de5,1601280204,12,node_releases.json (12 months offset),yarn,yarn.lock
bac2efbe05434435442573d51340737f83e44fc3,1601282441,12,node_releases.json (12 months offset),yarn,yarn.lock
3e7170b7b253d19777e8bebd1607e2075ef4177e,1601336186,12,node_releases.json (12 months offset),yarn,yarn.lock
38b36acdf3610b8116014570b7a065710730db90,1601336229,12,node_releases.json (12 months offset),yarn,yarn.lock
c165a71d82887e0f026ea450093a61435bbb5f49,1601336324,12,node_releases.json (12 months offset),yarn,yarn.lock
2d773b5e5074b46ebc8b3f1703ea57be81f87238,1601344820,12,node_releases.json (12 months offset),yarn,yarn.lock
1c2d4a8b76bf9076be757f74907d8559bf60ef2b,1601345015,12,node_releases.json (12 months offset),yarn,yarn.lock
b76de3afeacc4b463eccd92dbaed249730e5feea,1601347886,12,node_releases.json (12 months offset),yarn,yarn.lock
54746f2e8a548ea1fe0f373515af58590cfe7c6f,1601350275,12,node_releases.json (12 months offset),yarn,yarn.lock
5c2ce87a7b086c0d6f6dec6d581d80cb6c9a6aa0,1601365720,12,node_releases.json (12 months offset),yarn,yarn.lock
e9e59c79ac050eb1fe45e83acb9bf3e476f2bbf9,1601365774,12,node_releases.json (12 months offset),yarn,yarn.lock
6f157adfca890cf751c10663af6c78c95b06ad2d,1601439373,12,node_releases.json (12 months offset),yarn,yarn.lock
f1ffd3a7636f98050ba15ae62f642072b1dd46cc,1601450214,12,node_releases.json (12 months offset),yarn,yarn.lock
5cf9883062c95a77d2ddef1436a6a1423d087c8f,1601451276,12,node_releases.json (12 months offset),yarn,yarn.lock
80849d559ee5e882f9f7b192cc88009b63b6d825,1601451349,12,node_releases.json (12 months offset),yarn,yarn.lock
2408e661dcebb710c703ea00fab4676aff9298fe,1601519228,12,node_releases.json (12 months offset),yarn,yarn.lock
3c85fc4d7be52faf5a3227ea96a45a16984f75ab,1601520246,12,node_releases.json (12 months offset),yarn,yarn.lock
5eddc855dd5f1283397ea1e892fa4830cd16ddc0,1601523134,12,node_releases.json (12 months offset),yarn,yarn.lock
a693f6bfceeb0302f317eca1781ea196c30afdf7,1601524333,12,node_releases.json (12 months offset),yarn,yarn.lock
1589dc91656e37afbbf8c8eaf4c257dc580aa365,1601524347,12,node_releases.json (12 months offset),yarn,yarn.lock
bccab62fb693413bcc41124c1e6bd1d20f27502f,1601524834,12,node_releases.json (12 months offset),yarn,yarn.lock
e28d96ab271fd2cc5557fa4e52f7e9eb4bb0f927,1601526538,12,node_releases.json (12 months offset),yarn,yarn.lock
cb9b9d15de808fc4108dd57317c0b869ac3ea81e,1602050541,12,node_releases.json (12 months offset),yarn,yarn.lock
cc4039b80b8c18167e0db4cedb862162d08cb62f,1602050541,12,node_releases.json (12 months offset),yarn,yarn.lock
ca525806a0dda7ae5d816bc2d998714fef440c14,1602207605,12,node_releases.json (12 months offset),yarn,yarn.lock
29fcd98bf109d62d43b6b17e97c43cc5a623a9f6,1602208594,12,node_releases.json (12 months offset),yarn,yarn.lock
312b1e9d57caf07e7f511384936ffeed982024dc,1602221427,12,node_releases.json (12 months offset),yarn,yarn.lock
2e488122fba1d342dbe02dcec56d467ea19e7c50,1602552036,12,node_releases.json (12 months offset),yarn,yarn.lock
268d710b729b045c90fc92e4299dfede6a812888,1602613789,12,node_releases.json (12 months offset),yarn,yarn.lock
1f96f84e2fea3f654140189581489db66aa7d426,1602657265,12,node_releases.json (12 months offset),yarn,yarn.lock
976243586b080d50a2ad54e388ddc201caaa49c5,1602884927,13,node_releases.json (12 months offset),yarn,yarn.lock
7000a51e6a550285d62c93debb3cd494c102a199,1603084608,13,node_releases.json (12 months offset),yarn,yarn.lock
2d1ec2adef0afe2fc9823a75b0a434c54461eb7e,1603089690,13,node_releases.json (12 months offset),yarn,yarn.lock
65c707c3de4c2fc39ae0b3cd612014668f4275c3,1603147728,13,node_releases.json (12 months offset),yarn,yarn.lock
0e616ff46285c2f1e5cfeb8b0ea20c754e40a5a8,1603150205,13,node_releases.json (12 months offset),yarn,yarn.lock
d14c38410be3bd4ea96c78082693d5a5b485f520,1603153635,13,node_releases.json (12 months offset),yarn,yarn.lock
25651ccc6ae420615d34e51f20456c444dd6993d,1603262748,13,node_releases.json (12 months offset),yarn,yarn.lock
ba2a1e9a9bee1f2a6636a33b29784642c8f6fec5,1603351839,13,node_releases.json (12 months offset),yarn,yarn.lock
215bb18c611e187560c8a9f74c844845f22f00d2,1603351839,13,node_releases.json (12 months offset),yarn,yarn.lock
5355cd6a0c682a20e4bcd44440c197b5d5b967e4,1603351839,13,node_releases.json (12 months offset),yarn,yarn.lock
2659c20ab78a401c9b9a757a43b833bd242ea708,1603351839,13,node_releases.json (12 months offset),yarn,yarn.lock
71525ed8bf3013ab5d66c5e7f84313e0d1a50cb9,1603351839,13,node_releases.json (12 months offset),yarn,yarn.lock
bc642d863fc5c05a72306d413e52e31f95f2c4e5,1603351839,13,node_releases.json (12 months offset),yarn,yarn.lock
09f24c0e7abd3fb78f525962e1129a56938ba240,1603351839,13,node_releases.json (12 months offset),yarn,yarn.lock
bf1244c9f22deff934f6e5c4b35b94aafb60d92e,1603351839,13,node_releases.json (12 months offset),yarn,yarn.lock
c5fef15cdcc94b45fc03f35ea865d77d958d5a61,1603351839,13,node_releases.json (12 months offset),yarn,yarn.lock
cfd4c2e02a52de76d319014faa30ad721291c77e,1603351839,13,node_releases.json (12 months offset),yarn,yarn.lock
dbcfc4cded9ff782a6e0a45b31bdd8369d77aeb8,1603361430,13,node_releases.json (12 months offset),yarn,yarn.lock
d9cc56961a4ec8d89cc66bdebf88376cb00a7f66,1603426841,13,node_releases.json (12 months offset),yarn,yarn.lock
0a418f826bb6b95ff8fabd0499103c6616169431,1603434302,13,node_releases.json (12 months offset),yarn,yarn.lock
d936b9f7a2603093520e1fd840f7b6ed844b1a15,1603442295,13,node_releases.json (12 months offset),yarn,yarn.lock
7e6fc831e406e3a895b169c38f2feb7c7e61c768,1603442980,13,node_releases.json (12 months offset),yarn,yarn.lock
dfa6506a90722f707de58981becdaf745de4fc8b,1603700950,13,node_releases.json (12 months offset),yarn,yarn.lock
6cb01017247ee3bf03564142cada2ec40515c55c,1603785638,13,node_releases.json (12 months offset),yarn,yarn.lock
1b6cfb6d12e3a3db8683af8c4b09588f46fed473,1603785688,13,node_releases.json (12 months offset),yarn,yarn.lock
5d09fe93803496087d91dfe9d9ef24b691522989,1603785688,13,node_releases.json (12 months offset),yarn,yarn.lock
caf05f088357ba753908da3310fc689dbdbf74cf,1603785688,13,node_releases.json (12 months offset),yarn,yarn.lock
ff0b839e4dceec1408224c9a53fa5e68ad293ab0,1603785688,13,node_releases.json (12 months offset),yarn,yarn.lock
025d286490dd8c8d8d632dfdb4d89bff2317f950,1603785688,13,node_releases.json (12 months offset),yarn,yarn.lock
1db030d22e3ad21238470871ca7de67f1097775f,1603788094,13,node_releases.json (12 months offset),yarn,yarn.lock
88dac7ac19e59fea0583973d418bf777c15008da,1603953722,13,node_releases.json (12 months offset),yarn,yarn.lock
4870b8be893e0e41aca5ba6bf88f4acfa782a955,1603953737,13,node_releases.json (12 months offset),yarn,yarn.lock
442fbdfbc22ca2e98bd67dd3716c8f9c29646b22,1604276620,13,node_releases.json (12 months offset),yarn,yarn.lock
3fe17c09fb786ad278ee48c99382bfe5a1cf7c9c,1604284559,13,node_releases.json (12 months offset),yarn,yarn.lock
dd8d3d778fa3ef2af8dcd58d13906f644ce65fb7,1604290015,13,node_releases.json (12 months offset),yarn,yarn.lock
9f1f378779b2a68d8a4b577f341461616d408ac3,1604296738,13,node_releases.json (12 months offset),yarn,yarn.lock
75da764eb0ff31ea70c89bf97094b8dc6ad8fcd5,1604394843,13,node_releases.json (12 months offset),yarn,yarn.lock
2903e55db20f8d962eac1f16b3190dd8f56f2483,1604477112,13,node_releases.json (12 months offset),yarn,yarn.lock
2b420a5363710546865ea4180526d0342bc1a79f,1604551479,13,node_releases.json (12 months offset),yarn,yarn.lock
9a494e3cb0ad572b5eb1401ee9a1f8643215dc11,1604555074,13,node_releases.json (12 months offset),yarn,yarn.lock
4d4397811804379441f80349c401f36ec9f22953,1604562762,13,node_releases.json (12 months offset),yarn,yarn.lock
dec95429736176935440f46b6559a7ff6ba8f6eb,1604567165,13,node_releases.json (12 months offset),yarn,yarn.lock
5feafc1ef8f53b7fe6f4d8d242b51145ab5a17d9,1604639803,13,node_releases.json (12 months offset),yarn,yarn.lock
5464b8b0e6264b1b4ae1e50daefc21046eb19183,1604906405,13,node_releases.json (12 months offset),yarn,yarn.lock
ca4c998e1d36f4f7176a1988777bd1b6ee6f3269,1604969247,13,node_releases.json (12 months offset),yarn,yarn.lock
53a7b8ee6cabf4bda0e4e321db6499faca807898,1604971113,13,node_releases.json (12 months offset),yarn,yarn.lock
d72cbd6996a78616a08db7d6fc78626435109b6f,1604990091,13,node_releases.json (12 months offset),yarn,yarn.lock
2b652d05a3ab2e166e66c4f745a3de7e68c37e07,1604998442,13,node_releases.json (12 months offset),yarn,yarn.lock
b8e3738fa1513b22fdffd9b2ce418641132414a6,1605003230,13,node_releases.json (12 months offset),yarn,yarn.lock
aa6cf45e365bb838bac22a463dc8ae947753b4b6,1605056315,13,node_releases.json (12 months offset),yarn,yarn.lock
a1f69ee1b2e41c0ff08497b1a2a9d0c4c359cba0,1605075824,13,node_releases.json (12 months offset),yarn,yarn.lock
a846973a8a17c1daf8d50f1ab87d4e488a9d8b59,1605082016,13,node_releases.json (12 months offset),yarn,yarn.lock
c00abff653a7c05e081f48f6fa0b8652d50bcc12,1605082272,13,node_releases.json (12 months offset),yarn,yarn.lock
7215bde2e83e89ec9be21ec4f5f7d70fceb7ed36,1605082765,13,node_releases.json (12 months offset),yarn,yarn.lock
d4990da3f2144aa226f3b48654949f32ff0cf619,1605085274,13,node_releases.json (12 months offset),yarn,yarn.lock
a64e41d1c5d33af0dbd5e897d1cf000c742c43e6,1605149287,13,node_releases.json (12 months offset),yarn,yarn.lock
91e7f357ca8db3aeaa6f48c7efa97eb8c5c39fbb,1605160603,13,node_releases.json (12 months offset),yarn,yarn.lock
85e11f2f819b8802fcb2c339992b2ecfd3aafab1,1605260899,13,node_releases.json (12 months offset),yarn,yarn.lock
bcee43137c23c8db8ee51321128d1ecc55189ba9,1605494244,13,node_releases.json (12 months offset),yarn,yarn.lock
34ba5f6e235e3790bf395c68591349112fdd2b14,1605496858,13,node_releases.json (12 months offset),yarn,yarn.lock
dd15ea827da499b9cde7d4cb6d9dabae70349ec7,1605498245,13,node_releases.json (12 months offset),yarn,yarn.lock
10e68c34942e19635524d7ffc27f45e770268543,1605503114,13,node_releases.json (12 months offset),yarn,yarn.lock
7add25b8938882ed32a5d742cacdcc77845a0546,1605503154,13,node_releases.json (12 months offset),yarn,yarn.lock
229e628134bb2cfcc4a53fc7fabce165824822db,1605503154,13,node_releases.json (12 months offset),yarn,yarn.lock
2ec727a7f6707c35d8350b00e3978f01dade5684,1605503722,13,node_releases.json (12 months offset),yarn,yarn.lock
44445a6c4051885432e06bc48b54eabc1b3c0d73,1605505623,13,node_releases.json (12 months offset),yarn,yarn.lock
8a272e2dcea7af338aa772d8f128f54a4ad8a4c3,1605509317,13,node_releases.json (12 months offset),yarn,yarn.lock
e8c9c859e86d97fef0fcd0837056e28e3ccc214e,1605512130,13,node_releases.json (12 months offset),yarn,yarn.lock
ccc0771916c0a8237aa5df8cfbcc69ec15cab64e,1605574199,13,node_releases.json (12 months offset),yarn,yarn.lock
d157ab455360e7fa568b8c7b329901a2ff0c994f,1605574199,13,node_releases.json (12 months offset),yarn,yarn.lock
509420bc30d2e6c46cc3b167640c9b1e9ef0d8ea,1605580109,13,node_releases.json (12 months offset),yarn,yarn.lock
2128d40a2569a97cc4a5484d2f8164326e7bfb29,1605601022,13,node_releases.json (12 months offset),yarn,yarn.lock
5f4631f73e6d33a244b847276554e16e02a40c9f,1605601578,13,node_releases.json (12 months offset),yarn,yarn.lock
3ca1b14df8dedcaef0b799c49f2ecdbed8068c25,1605601587,13,node_releases.json (12 months offset),yarn,yarn.lock
5124dd40b81543a7a580dad9e43dc57688bf6c6a,1605658846,13,node_releases.json (12 months offset),yarn,yarn.lock
5f90f84bdec64243221aee03d576e5d80b8dcd89,1605669623,13,node_releases.json (12 months offset),yarn,yarn.lock
3fe8994b7790c8281d3fda6114bfe83644a5438a,1605669754,13,node_releases.json (12 months offset),yarn,yarn.lock
efa312577e6d4e2d538cf0dd59aa657e837bd157,1605669919,13,node_releases.json (12 months offset),yarn,yarn.lock
8b00c91b342e5fa9f509bf2cc674d70d5fb191c4,1605669950,13,node_releases.json (12 months offset),yarn,yarn.lock
ea124ce0de1577182097ce2b37f79ca14df9f661,1605671711,13,node_releases.json (12 months offset),yarn,yarn.lock
13b7deae95401bdf67f0a9eec493d1bc5d37362f,1605672178,13,node_releases.json (12 months offset),yarn,yarn.lock
e5fd9cf56de29b2881788eaddab8a28f5271e07a,1605672367,13,node_releases.json (12 months offset),yarn,yarn.lock
a089f0a57a6c02f2e5eddbb132d4d3ae669b108b,1605674909,13,node_releases.json (12 months offset),yarn,yarn.lock
655605d4b0cbb86076331d42bb27a825a4b2503d,1605677380,13,node_releases.json (12 months offset),yarn,yarn.lock
4da6a82be929a0f21ecf0b5c8174863fd8649095,1605766226,13,node_releases.json (12 months offset),yarn,yarn.lock
95b324e7158f958bca99e24dce34a5f3489086f5,1606114707,13,node_releases.json (12 months offset),yarn,yarn.lock
af99140ba9842dd14ffdacad4ccaf3aab89cece0,1606118243,13,node_releases.json (12 months offset),yarn,yarn.lock
89e74887d99d1a8ac9096ff07743525afb92572c,1606121712,13,node_releases.json (12 months offset),yarn,yarn.lock
e1ffc48899d0a825a5d42c395722790629bdc5b5,1606121819,13,node_releases.json (12 months offset),yarn,yarn.lock
38188b2a420b2040edc2442f8a7c59a1515aaafc,1606156240,13,node_releases.json (12 months offset),yarn,yarn.lock
b28d1269c08ca6dcaacbae57f3d21fc7ea52a05f,1606185466,13,node_releases.json (12 months offset),yarn,yarn.lock
40047c36b20c5e891f5daade489f90c70aec20be,1606185466,13,node_releases.json (12 months offset),yarn,yarn.lock
1727ee67ace82a81102fd89a578450988b4a0049,1606188320,13,node_releases.json (12 months offset),yarn,yarn.lock
bf13cd666189050d0b243069d71df00ccd82cf1b,1606188340,13,node_releases.json (12 months offset),yarn,yarn.lock
e54a399574cddce208f57d0562bd97eae832a326,1606266030,13,node_releases.json (12 months offset),yarn,yarn.lock
9bca60a764f6278e577dd2dfeacd624a4a03b0bd,1606267876,13,node_releases.json (12 months offset),yarn,yarn.lock
2cd20881bcf4beb4e80c2ce644a0ebc9eb0b36b3,1606268204,13,node_releases.json (12 months offset),yarn,yarn.lock
043532a380f3322e0b1d50c6b51b0d24b624409b,1606381154,13,node_releases.json (12 months offset),yarn,yarn.lock
d62bbca754bc59d509537031674b77e336849d1d,1606450445,13,node_releases.json (12 months offset),yarn,yarn.lock
8089c64d1af2bfe1eeefe439c65f2a241579ae01,1606452797,13,node_releases.json (12 months offset),yarn,yarn.lock
edfca15b3174b37eb4e159095a9e337042682fd5,1606465355,13,node_releases.json (12 months offset),yarn,yarn.lock
19dcc35ba9a364946e2a120789d0d1e2ca7a59ab,1606789424,13,node_releases.json (12 months offset),yarn,yarn.lock
d8236e57c9efaa16c094e10e9458ba453daff591,1606794823,13,node_releases.json (12 months offset),yarn,yarn.lock
0ed7b0230882c80026c4357d2caa9cc7a185cf08,1606804265,13,node_releases.json (12 months offset),yarn,yarn.lock
c0921d1e1dc249dbc2ccc6fc25f45b6e68b0372c,1606880198,13,node_releases.json (12 months offset),yarn,yarn.lock
6d048d6da8cf0219581a110e8013223c618b71b8,1606978697,13,node_releases.json (12 months offset),yarn,yarn.lock
01395ac30f4ce8cb6298c27de9bed41d929b0eb5,1606978697,13,node_releases.json (12 months offset),yarn,yarn.lock
43aa906efe9ab27616db2f47926667a9f31632c1,1606978851,13,node_releases.json (12 months offset),yarn,yarn.lock
cc6766d77da0e1684b47cad9c913682efc1c2b84,1607303252,13,node_releases.json (12 months offset),yarn,yarn.lock
68dd40bbf6da83b4887b2470d7c874ca9f326565,1607311226,13,node_releases.json (12 months offset),yarn,yarn.lock
b68e72e8f96e7d55c85082dc6c47907e4071ec9c,1607313403,13,node_releases.json (12 months offset),yarn,yarn.lock
108e669682322ff8aef26c78310db5794775c869,1607313647,13,node_releases.json (12 months offset),yarn,yarn.lock
ca7b57709fc28c550aa1664dd53d11fdd3022ab5,1607333199,13,node_releases.json (12 months offset),yarn,yarn.lock
66328ac1af232defe657d2c5286a2a6175fec9dd,1607333199,13,node_releases.json (12 months offset),yarn,yarn.lock
76063a80bd160cfbe7ddb9ff5603e32f8be29fc5,1607333199,13,node_releases.json (12 months offset),yarn,yarn.lock
3431f8496c9d454c2a5276b070e8709a119d0efc,1607333199,13,node_releases.json (12 months offset),yarn,yarn.lock
ca35b14fd0b5eeb74d026b443da06c203da7e310,1607333199,13,node_releases.json (12 months offset),yarn,yarn.lock
cfc4c68b2fa61ac28db27a940ba15ac7add45421,1607333199,13,node_releases.json (12 months offset),yarn,yarn.lock
cff3ab44bd212518d6d9514e58b307f4d3cdd6c0,1607347687,13,node_releases.json (12 months offset),yarn,yarn.lock
6bd96ca672e7066f4471ee9d3780feabc0229a71,1607378894,13,node_releases.json (12 months offset),yarn,yarn.lock
7bf9c066a06abe1b478c73628241fad71085da6d,1607410058,13,node_releases.json (12 months offset),yarn,yarn.lock
b39cefda8809b18673506f5edf3accfb8a232c76,1607410841,13,node_releases.json (12 months offset),yarn,yarn.lock
f7a6df9bf7f7a1b77b4d6b77e159bb341ef501b5,1607410882,13,node_releases.json (12 months offset),yarn,yarn.lock
8f5030ea3af955074454fa88e24084294ee200f4,1607580747,13,node_releases.json (12 months offset),yarn,yarn.lock
851e63bd55cdd515f0a7cc58a80753ee3f9c8ee7,1607593687,13,node_releases.json (12 months offset),yarn,yarn.lock
9b868fe521db997406dff11d5903d99e0ff3835f,1607672293,13,node_releases.json (12 months offset),yarn,yarn.lock
d37186e2c8e971eb08f4f8d4df9799655b1ca2f6,1607672293,13,node_releases.json (12 months offset),yarn,yarn.lock
77c6209c78a9983b08205118f3a1cc261715849d,1607902155,13,node_releases.json (12 months offset),yarn,yarn.lock
7d3c7e5a0a834509f92c88e2149d9cce6775a50b,1607921142,13,node_releases.json (12 months offset),yarn,yarn.lock
1a0237d0841366c05f55fac4556f88833ded6e46,1608008715,13,node_releases.json (12 months offset),yarn,yarn.lock
3a73fb763a919e7a15c747d3b07fc095a956613a,1608026214,13,node_releases.json (12 months offset),yarn,yarn.lock
b2692cff4cd8b2f3a713eb7592521279982f5920,1608026214,13,node_releases.json (12 months offset),yarn,yarn.lock
8f4c972e02e810ed163d96292dcbbb5cd388a3a6,1608026214,13,node_releases.json (12 months offset),yarn,yarn.lock
6f61621d2557450ae97ef727e523fc2425578cdb,1608028421,13,node_releases.json (12 months offset),yarn,yarn.lock
8958aab2459353a61f4de0f9b7001e2b46077818,1608090785,13,node_releases.json (12 months offset),yarn,yarn.lock
765c63519f77a1ee40a66a9de6fcad98b70731ae,1608091442,13,node_releases.json (12 months offset),yarn,yarn.lock
5738064738a9c365aca1d361ef036b3dd47026ce,1608092814,13,node_releases.json (12 months offset),yarn,yarn.lock
bbbb5eba96c93b6b35428e0a4606a4ea37c26530,1608092814,13,node_releases.json (12 months offset),yarn,yarn.lock
9d5a217b576ab6d2662c91edbfbbb3460a1683e1,1608093993,13,node_releases.json (12 months offset),yarn,yarn.lock
014d8599bb398168a98e8c9964bc29a394d75cd8,1608095413,13,node_releases.json (12 months offset),yarn,yarn.lock
644815fffd1ad5fefed4155171e820f4930bc369,1608098720,13,node_releases.json (12 months offset),yarn,yarn.lock
f7fb88d95f59f8f80357fbd05f7db14b44ea6436,1608098720,13,node_releases.json (12 months offset),yarn,yarn.lock
eae627190ef2a71cce7123565562c40b7bd0daf1,1608101341,13,node_releases.json (12 months offset),yarn,yarn.lock
ad61fbbe14ce58174ef7c8635c368696c61c18fd,1608101341,13,node_releases.json (12 months offset),yarn,yarn.lock
502f177ba4c6b39cec8896c8fddb8b469acf48ca,1608185133,13,node_releases.json (12 months offset),yarn,yarn.lock
145d79e80ac0b6bf5baff2f1f0d626d7e6f10730,1608620805,13,node_releases.json (12 months offset),yarn,yarn.lock
129c1a4f956c34be1b1c21a65a96f254e14dc531,1609818845,13,node_releases.json (12 months offset),yarn,yarn.lock
3840e2c40a9d8e2f8303c378645412d71028576b,1609908226,13,node_releases.json (12 months offset),yarn,yarn.lock
93d00bbe1baee299056eb16273520bfd04f01c0e,1609919275,13,node_releases.json (12 months offset),yarn,yarn.lock
2b9a71c358dff7bfb48ce2ecb5355749115f100a,1609921809,13,node_releases.json (12 months offset),yarn,yarn.lock
9c01df42d50c4c3a9a89453d9f157afe657a32a9,1610064938,13,node_releases.json (12 months offset),yarn,yarn.lock
d864849e88316503a4f6202ef276cd34586fcf71,1610067431,13,node_releases.json (12 months offset),yarn,yarn.lock
c7ffd06d6e4e9ca4e9d665ed5b0fddb8465499da,1610093999,13,node_releases.json (12 months offset),yarn,yarn.lock
001faaa307d81e0461195ddf4b6528ea3edf6f0f,1610324792,13,node_releases.json (12 months offset),yarn,yarn.lock
164f8a5480287f3a976fb69d15aa7e928307af8b,1610346575,13,node_releases.json (12 months offset),yarn,yarn.lock
c0d9e13e7f4f5fdde6c01e6af26c696bb9e680c8,1610352706,13,node_releases.json (12 months offset),yarn,yarn.lock
b251279425a92cbf81443dffa85c3d76e9424987,1610353138,13,node_releases.json (12 months offset),yarn,yarn.lock
df9895038a01c8344566ff7a2768abd9486d8036,1610437416,13,node_releases.json (12 months offset),yarn,yarn.lock
30348e7e56e3a6709208d186e0ddce0a6b32f323,1610437416,13,node_releases.json (12 months offset),yarn,yarn.lock
8b32caf35f5bc7b0b650165bd0e95c8d1688ab23,1610437416,13,node_releases.json (12 months offset),yarn,yarn.lock
bd0be5a99f029b1f3839c7ea46b8cef369fd4708,1610439775,13,node_releases.json (12 months offset),yarn,yarn.lock
b149bd311f3b2ead6e4f198f462cc5499b54c671,1610439775,13,node_releases.json (12 months offset),yarn,yarn.lock
d8aec0f91e943b98417f7c277065b976450bc017,1610441453,13,node_releases.json (12 months offset),yarn,yarn.lock
dba2afa13933f5edc3681b6aa6ff58a74a5c0bb7,1610441833,13,node_releases.json (12 months offset),yarn,yarn.lock
7bc25dc55eba39690ade955df3f33a986a1d307f,1610442351,13,node_releases.json (12 months offset),yarn,yarn.lock
e92632162034d22534bb878198c5af0ff86a167a,1610442351,13,node_releases.json (12 months offset),yarn,yarn.lock
ae8bc7b60115a895d4132f1fe008cb900236f5b5,1610500114,13,node_releases.json (12 months offset),yarn,yarn.lock
fbddb1a43d9c78ca0a9c27cda7f76b72872f7ca5,1610523612,13,node_releases.json (12 months offset),yarn,yarn.lock
da4e110778887bac063bee7264d30685f5c7cabc,1610530220,13,node_releases.json (12 months offset),yarn,yarn.lock
2d700a3f976b78831060d961a1564ad5907acc66,1610608712,13,node_releases.json (12 months offset),yarn,yarn.lock
e1c184ea4ce25070b368ab0c9c74026cdad8a9f1,1610608712,13,node_releases.json (12 months offset),yarn,yarn.lock
36e9ec0394b174b58495162a45c43ec6e0c0b10f,1610608740,13,node_releases.json (12 months offset),yarn,yarn.lock
573234d21de072ad7678bb70b1ac2280c3bcc941,1610609357,13,node_releases.json (12 months offset),yarn,yarn.lock
2abc0cf14e4f60065af41e496dabba3866a03ba3,1610609639,13,node_releases.json (12 months offset),yarn,yarn.lock
0d27c18943bf361861f33e5fa53be7da4496fb34,1610609687,13,node_releases.json (12 months offset),yarn,yarn.lock
d8ab263ee61ae2e2153cb8218ec7b99de3031bd4,1610609732,13,node_releases.json (12 months offset),yarn,yarn.lock
fea6c3249cb9ffa4685111f5a34597486cbee0de,1610609805,13,node_releases.json (12 months offset),yarn,yarn.lock
cf7a72936a73881d2606f900c07a603b2db1f784,1610610395,13,node_releases.json (12 months offset),yarn,yarn.lock
afb7adc055653d950812c42bafe555cb78852e57,1610610395,13,node_releases.json (12 months offset),yarn,yarn.lock
8cdacb77840451089cd9f436ee962ab0e634402a,1610610429,13,node_releases.json (12 months offset),yarn,yarn.lock
b86cc733ca3ea826272a4469019fe74ae2fb8aac,1610626636,13,node_releases.json (12 months offset),yarn,yarn.lock
0e8de631a571085a87a0e570593226f5af08e1ad,1610942821,13,node_releases.json (12 months offset),yarn,yarn.lock
9f4dc73e0edaf5c1d5a493d76089f37578b36f68,1610944906,13,node_releases.json (12 months offset),yarn,yarn.lock
be58afcc9144a19f0dfad93cf4fe3e2dda20ef80,1610944906,13,node_releases.json (12 months offset),yarn,yarn.lock
8a09a451097952230688bdbdab7a2da63e21fb31,1610944906,13,node_releases.json (12 months offset),yarn,yarn.lock
2da8733e50f29a3428d2799671c4b6948e6ae6ac,1610947858,13,node_releases.json (12 months offset),yarn,yarn.lock
63e46e2907dbb7524baa13630996ead5a375464b,1610948027,13,node_releases.json (12 months offset),yarn,yarn.lock
e73fd2e8b498f5982274fe3efb37ec4ba93458f0,1610948288,13,node_releases.json (12 months offset),yarn,yarn.lock
f62ddcb42ff7de82e55971955b7ab2392aba1692,1610948288,13,node_releases.json (12 months offset),yarn,yarn.lock
142de8fe12a2fb2e8c67a21c9458b19b8a1d6c22,1610948288,13,node_releases.json (12 months offset),yarn,yarn.lock
39648465eb832bcc9a725c36b92c9229274d206a,1610948288,13,node_releases.json (12 months offset),yarn,yarn.lock
bb6f8e7e92bc13281fe0f03d8157f490168fe876,1610948288,13,node_releases.json (12 months offset),yarn,yarn.lock
c84e45db8cb85153e9525fb751d7d72459220ae5,1610954321,13,node_releases.json (12 months offset),yarn,yarn.lock
90ca0fcc4d33e5dc4d7ce939a77bdeeec728651e,1610959007,13,node_releases.json (12 months offset),yarn,yarn.lock
26992324628b45e997d65164c73b118ece592e88,1611097124,13,node_releases.json (12 months offset),yarn,yarn.lock
ec96f114f4dfb62f848ced7889059d41ab7f8860,1611126486,13,node_releases.json (12 months offset),yarn,yarn.lock
51f0d3c09a848718539d0e75c8e9e945c51243c6,1611280621,13,node_releases.json (12 months offset),yarn,yarn.lock
ffc6b57fbb79ec0eadde8cefc0341f24de120eb3,1611280621,13,node_releases.json (12 months offset),yarn,yarn.lock
195cdbc5b138727110a06404dff0a22a13640fb4,1611280621,13,node_releases.json (12 months offset),yarn,yarn.lock
176d7a222102a8f50024689e1a230588b95a9c5f,1611290356,13,node_releases.json (12 months offset),yarn,yarn.lock
f231d971304c5308978fbb80d585e906bb4ea109,1611290356,13,node_releases.json (12 months offset),yarn,yarn.lock
e24e8f98b31da5b2d78d01b8865356df3e8acc7a,1611300847,13,node_releases.json (12 months offset),yarn,yarn.lock
fee033832db331b9ce4a0e0065054aac7be254dd,1611349354,13,node_releases.json (12 months offset),yarn,yarn.lock
ab3d7a504477ce56932bb05495a425f5e31640bb,1611727593,13,node_releases.json (12 months offset),yarn,yarn.lock
fbce85e8f3113cc789a6f1ad7ce5b74546802a69,1611734682,13,node_releases.json (12 months offset),yarn,yarn.lock
d0cbbc0c4bb309a24398b0844bbdd09dccb5fdf3,1611737384,13,node_releases.json (12 months offset),yarn,yarn.lock
63958b7824503a622b51467899ab31c175feb133,1611740432,13,node_releases.json (12 months offset),yarn,yarn.lock
8f2a20fcc1e539f1a6de42b74d69a342d1498340,1611743848,13,node_releases.json (12 months offset),yarn,yarn.lock
557ddedb3c4b4ffed2254555754e18d9e51ad22b,1611823083,13,node_releases.json (12 months offset),yarn,yarn.lock
5b3d1baeef5eea24dc517c688083493d5142ee8d,1611823122,13,node_releases.json (12 months offset),yarn,yarn.lock
d3e760209cd8aaeea6c36fadc8baff59cc791211,1611963841,13,node_releases.json (12 months offset),yarn,yarn.lock
3720606423af78372d0fd8a2aebf991bf7734bb1,1612218340,13,node_releases.json (12 months offset),yarn,yarn.lock
1c2fb3010067dcb482bb9e13f34eaaa129d98f4e,1612247773,13,node_releases.json (12 months offset),yarn,yarn.lock
d26a313569d89ad914f65e2b6e9474262f27745d,1612248738,13,node_releases.json (12 months offset),yarn,yarn.lock
b02d91a199ddb7e39d59db5dfa93a3171d806f7d,1612248738,13,node_releases.json (12 months offset),yarn,yarn.lock
2223082908db422e4e5bea1fab728bbf0025a097,1612248738,13,node_releases.json (12 months offset),yarn,yarn.lock
2009facc9360618492838e5f9e86d6d8f9d5aa68,1612248738,13,node_releases.json (12 months offset),yarn,yarn.lock
5343d4b538468690fb2c597da9bd10ffd5cef654,1612248738,13,node_releases.json (12 months offset),yarn,yarn.lock
576783992f31a28e18e226bcbc2d13f5ae99ea24,1612249298,13,node_releases.json (12 months offset),yarn,yarn.lock
ecb170a0e0fd993a66ddc18e496ae41798be110a,1612255194,13,node_releases.json (12 months offset),yarn,yarn.lock
ac356932d852dd1541c080abc0965e92f4553558,1612259852,13,node_releases.json (12 months offset),yarn,yarn.lock
5e482c44243b9966cd3dfd71ea888140927d7181,1612335341,13,node_releases.json (12 months offset),yarn,yarn.lock
e0212021c206cf123a1d7633f439d708c9fc3d5d,1612399206,13,node_releases.json (12 months offset),yarn,yarn.lock
c3fed70c810a5adeb023a67f33a44a9ccfcc94ad,1612472148,13,node_releases.json (12 months offset),yarn,yarn.lock
7daeaa1ea3d4bb08944303234737183d903b70d7,1612497682,13,node_releases.json (12 months offset),yarn,yarn.lock
80b05b03220a231a6d68fd7ea43adc1d8a8f3681,1612510020,13,node_releases.json (12 months offset),yarn,yarn.lock
3d104985fbccaf621e2a102de34ef329040ca068,1612742954,13,node_releases.json (12 months offset),yarn,yarn.lock
fad5ff6ec01d7fea40540a7012e5fcd92c82e0db,1612742978,13,node_releases.json (12 months offset),yarn,yarn.lock
edb064fb987fd122ee99e206322ae9329a5c8871,1612752353,13,node_releases.json (12 months offset),yarn,yarn.lock
1d4d7550a423fac41c5bee270ea209bfcb877a75,1612753836,13,node_releases.json (12 months offset),yarn,yarn.lock
e80a270bbd761cabc5540d150e4e1dbad64da93a,1612756458,13,node_releases.json (12 months offset),yarn,yarn.lock
38336327e361811da48992080ee643351ba913e4,1612760363,13,node_releases.json (12 months offset),yarn,yarn.lock
e8eef571182ed63b260b16e969437de5826b3937,1612764173,13,node_releases.json (12 months offset),yarn,yarn.lock
048a594ffc20c039f4dc6f28f780926c8e61026a,1612768692,13,node_releases.json (12 months offset),yarn,yarn.lock
39df82ef9b4bac38e8c17063c707f66fc2e40cfb,1612807622,13,node_releases.json (12 months offset),yarn,yarn.lock
fedf22db826a658ea20aaf9c1fd025abf469c26e,1612828206,13,node_releases.json (12 months offset),yarn,yarn.lock
603a590a88be907e4dcd95ba98f2845978cec2a5,1612922069,13,node_releases.json (12 months offset),yarn,yarn.lock
08143d8faaad7968ef3ec35a35ea2dedb4160d2a,1612922069,13,node_releases.json (12 months offset),yarn,yarn.lock
fd69e020035a6e4e180d6cbe6e8a2394f7806778,1612922164,13,node_releases.json (12 months offset),yarn,yarn.lock
d5160f5bf01a61fa4ae91656f4eaac1cf5654492,1612926408,13,node_releases.json (12 months offset),yarn,yarn.lock
70ec541e5d1ea8aeb4a9536eb7afaff00e021163,1612948007,13,node_releases.json (12 months offset),yarn,yarn.lock
ceb0a04eccb005f8d381c5ee9792e1e5d7389706,1613024905,13,node_releases.json (12 months offset),yarn,yarn.lock
7b9a42c8b25747266fcb6e69caf4efc611362f44,1613088401,13,node_releases.json (12 months offset),yarn,yarn.lock
dd96c166307dfc724d226b8f60d33f3335ec4bd8,1613108400,13,node_releases.json (12 months offset),yarn,yarn.lock
ad06f0728ea4fcd9f8da0e7bb52d929f6db08917,1613442389,13,node_releases.json (12 months offset),yarn,yarn.lock
537313c3f5826441dbb027d458c6636be0cb0ee4,1613442389,13,node_releases.json (12 months offset),yarn,yarn.lock
b280ec65d8c0d8d792f3260c861fdc0bdf8a420c,1613442389,13,node_releases.json (12 months offset),yarn,yarn.lock
8004c0cc2a5be385bcdcfef0597d58f75155b655,1613442389,13,node_releases.json (12 months offset),yarn,yarn.lock
0d3bc5ae4265a5c400198020ad6ac6acbb6b110c,1613442389,13,node_releases.json (12 months offset),yarn,yarn.lock
587ecba68a11c92421a734e2ba83cd407ebff9cf,1613470986,13,node_releases.json (12 months offset),yarn,yarn.lock
720ebfe26b2989b9404393d043df686462f54361,1613687252,13,node_releases.json (12 months offset),yarn,yarn.lock
e4676eda475dc3522ad738ab15ea0af7e0df0f63,1613687252,13,node_releases.json (12 months offset),yarn,yarn.lock
097520477639312c12d58ceefdc693baf7d00c6b,1614045509,13,node_releases.json (12 months offset),yarn,yarn.lock
9247a2752df18d204354a72a162917cf120ffd19,1614050715,13,node_releases.json (12 months offset),yarn,yarn.lock
2a17a8eb0ccec7decea9d438e0a24a6d54b9ba38,1614050768,13,node_releases.json (12 months offset),yarn,yarn.lock
eb618dd55824ba63c4d30982ebf58dc554f57c06,1614051907,13,node_releases.json (12 months offset),yarn,yarn.lock
09bfb1dcb176611d22a477666d8cea72cd14c3fe,1614558062,13,node_releases.json (12 months offset),yarn,yarn.lock
d0cc6cdf33185229bd80a86ba9f9dce72689d50b,1614567671,13,node_releases.json (12 months offset),yarn,yarn.lock
6451665a559731c50d820dd38a20819aee22a289,1614642021,13,node_releases.json (12 months offset),yarn,yarn.lock
f8ca8930aec09d1a33b6625440e52937a8acc913,1614642437,13,node_releases.json (12 months offset),yarn,yarn.lock
4db77be9914891b225622dc1ebe9d9b52c414285,1614642593,13,node_releases.json (12 months offset),yarn,yarn.lock
dce17e86acfbd30aa9062f8d900968c8099cafb7,1614646960,13,node_releases.json (12 months offset),yarn,yarn.lock
14dc9ca912b98abcf63758b2d7cbc61b421457aa,1614647125,13,node_releases.json (12 months offset),yarn,yarn.lock
eac0fc4040b2bd136da0e30176676aade3c26a5d,1614735753,13,node_releases.json (12 months offset),yarn,yarn.lock
4b0853bbc58660945a8e4cb4293ffa223534d73a,1614749734,13,node_releases.json (12 months offset),yarn,yarn.lock
0b3b5943488116be0b1d4bc86cd721c10875528c,1614750918,13,node_releases.json (12 months offset),yarn,yarn.lock
107e118738c0a7b32c3da5e5d5a3c0ca9db11b8a,1614753659,13,node_releases.json (12 months offset),yarn,yarn.lock
19071eb7ac1447ef767d2eed7898890be60e18a3,1614753659,13,node_releases.json (12 months offset),yarn,yarn.lock
5761d76b07eb7b59410855b8d76de6e9b1aa5bc5,1614841702,13,node_releases.json (12 months offset),yarn,yarn.lock
f2b27ff56734637080a278265f1ae4cece92d094,1615161992,13,node_releases.json (12 months offset),yarn,yarn.lock
f29e6b455077e673afd59c2197ba4d4f958526bf,1615188686,13,node_releases.json (12 months offset),yarn,yarn.lock
acd62fa76b0f0d64256c68893c9ff7a1c467427d,1615188686,13,node_releases.json (12 months offset),yarn,yarn.lock
034964d83fc563e31abda1560a64bbe940a945e7,1615188870,13,node_releases.json (12 months offset),yarn,yarn.lock
7572564394d0e76607c77e029ac73a4dccd309f0,1615188939,13,node_releases.json (12 months offset),yarn,yarn.lock
a39ba7674bf656b2c8bf5dd9a5e7416e00ac3a2a,1615191113,13,node_releases.json (12 months offset),yarn,yarn.lock
965f74bfbb486c900b0787151d39af45c9de6699,1615199316,13,node_releases.json (12 months offset),yarn,yarn.lock
a7a294806a38f1a465663500b58f338af8a0fb7e,1615336468,13,node_releases.json (12 months offset),yarn,yarn.lock
5d1b5a06e3bdb3bf13ad060149c728584b767b4b,1615423939,13,node_releases.json (12 months offset),yarn,yarn.lock
1bbee1bee8b6c280e9a2005d8df0a88047aa8951,1615442545,13,node_releases.json (12 months offset),yarn,yarn.lock
aca747c1395cff44175175211fa5d39d3e5c595f,1615442852,13,node_releases.json (12 months offset),yarn,yarn.lock
30e12f427cd5c08e5c22d4b03a87357d4979e604,1615767370,13,node_releases.json (12 months offset),yarn,yarn.lock
f0e777f5659be00af8345313cffbca58f92d3590,1615867298,13,node_releases.json (12 months offset),yarn,yarn.lock
78b0d70245690fed3a27162babbb4b57fd96ac02,1615867438,13,node_releases.json (12 months offset),yarn,yarn.lock
8649f50b48793070cc7fce83c780a417122da1dc,1615940406,13,node_releases.json (12 months offset),yarn,yarn.lock
11fbf3600e0993207c3a15ff05dfeabc2fad0d11,1615942816,13,node_releases.json (12 months offset),yarn,yarn.lock
42500c2358bd86e1c8af9ca99d38f3ad4a69d6c9,1615944890,13,node_releases.json (12 months offset),yarn,yarn.lock
04a8a359597448ccbfcce2b63b00e78a308dec16,1615968462,13,node_releases.json (12 months offset),yarn,yarn.lock
c14cdb8a0675619fea972b1465599dd35891d65d,1616032371,13,node_releases.json (12 months offset),yarn,yarn.lock
6615a776de47ea44d2c5cb018840809df82b7f89,1616033451,13,node_releases.json (12 months offset),yarn,yarn.lock
16d0637f6e52e0a84325478bbb1d9759636dad28,1616543569,13,node_releases.json (12 months offset),yarn,yarn.lock
9175cb9a2880d2bc32ec9ccdac7cf0fccd51a9b4,1617011463,13,node_releases.json (12 months offset),yarn,yarn.lock
3abe29a81b2d6bed35fe39777b3d2fade0a868d7,1617011568,13,node_releases.json (12 months offset),yarn,yarn.lock
ec27cf95c3e823c29e94a69ce4ced1ec372897fa,1617159361,13,node_releases.json (12 months offset),yarn,yarn.lock
b503d15b4c1b25dbeb003cc4a749536a2c230cfe,1617776904,13,node_releases.json (12 months offset),yarn,yarn.lock
4d5112e45ed1aea2bb8aa611298b9b9e95a5357a,1617779202,13,node_releases.json (12 months offset),yarn,yarn.lock
fcff09c6a6a207f7037c5cb4b356c692a63aa4f2,1617785793,13,node_releases.json (12 months offset),yarn,yarn.lock
3860c3da51bdcf18d3d6e18319bd828ebf54d5b6,1617841391,13,node_releases.json (12 months offset),yarn,yarn.lock
84ce865eacab7d6dc26d4fae33f3f551ee32afb1,1617856788,13,node_releases.json (12 months offset),yarn,yarn.lock
edf347999fcf9581bfe9ecbc50b1f03eb14f0bba,1618189109,13,node_releases.json (12 months offset),yarn,yarn.lock
df1af9284e52db2c81748a8d6238ecc655f07842,1618877227,14,node_releases.json (12 months offset),yarn,yarn.lock
c6b7a7ac94271dee9b0565d11a6212420e8a7d2b,1618881430,14,node_releases.json (12 months offset),yarn,yarn.lock
2545a81dd0279b79d0ac85b1147276d4da1c774a,1618901946,14,node_releases.json (12 months offset),yarn,yarn.lock
234f156869100cd3594c092875cafa2213ec7ccd,1618903219,14,node_releases.json (12 months offset),yarn,yarn.lock
9b6047b0c668e9404fbc92f8d649e73dacc4b054,1618903831,14,node_releases.json (12 months offset),yarn,yarn.lock
83cf90141de7417bfafb9dd7ede39381e76a3e52,1619067498,14,node_releases.json (12 months offset),yarn,yarn.lock
c6fe6b923d9f131a5bf8839f00240f2d070278da,1619161797,14,node_releases.json (12 months offset),yarn,yarn.lock
8f0d7e766c8a7f3860162acc2581a11b54a31645,1619570938,14,node_releases.json (12 months offset),yarn,yarn.lock
80e0bce3d96d30270dd83dff4eb0a31d2c7f4de5,1619584730,14,node_releases.json (12 months offset),yarn,yarn.lock
2531adc60c0bb685d7f96ca3a146957f8fdeced3,1619646001,14,node_releases.json (12 months offset),yarn,yarn.lock
902e996cddab137a144b50f8a50c481ee79474c4,1619678185,14,node_releases.json (12 months offset),yarn,yarn.lock
f9daa8353d2821fe49ba27372140aeac3139f529,1619679053,14,node_releases.json (12 months offset),yarn,yarn.lock
8ee371a17185ea44f9594ac6a663b46a08497dbd,1619684021,14,node_releases.json (12 months offset),yarn,yarn.lock
5087d07384c2171ae4ba2c3b1a0ac61f5768f3a3,1619687916,14,node_releases.json (12 months offset),yarn,yarn.lock
29411525bb124eda5934c351ecd9a30f52f8f663,1619741356,14,node_releases.json (12 months offset),yarn,yarn.lock
6f5df4c2271e51f2560968b09f0e1851c8bc35b4,1620086875,14,node_releases.json (12 months offset),yarn,yarn.lock
e82134003ab64860982c27c21d51ccd7e8cf2a60,1620102108,14,node_releases.json (12 months offset),yarn,yarn.lock
5eed6158aff6ac3ae11758b8df2b2b0868e7932d,1620102125,14,node_releases.json (12 months offset),yarn,yarn.lock
36b9692072aa4e09986cf15e6decb080cc15ed92,1620102801,14,node_releases.json (12 months offset),yarn,yarn.lock
c7dd005d2a80e08375dd53d74bca0db2f342c479,1620108687,14,node_releases.json (12 months offset),yarn,yarn.lock
eea1e875957e0a4b274022cca4e32695dad5f38f,1620137134,14,node_releases.json (12 months offset),yarn,yarn.lock
3be3d5b77738ae2bc55001b4abe45270de3b53e4,1620137144,14,node_releases.json (12 months offset),yarn,yarn.lock
f71b1af2e9f80c542a2e174215b16ea15b5d6a29,1620170715,14,node_releases.json (12 months offset),yarn,yarn.lock
72c28552946b3fb3d1435dc7d7efbcd4263bacaa,1620172624,14,node_releases.json (12 months offset),yarn,yarn.lock
94473cdce5ea015fe098ebe3ef445022faa84f60,1620192661,14,node_releases.json (12 months offset),yarn,yarn.lock
d2ec8455fc3eee63a70bf7a24d65e7af6b674915,1620258912,14,node_releases.json (12 months offset),yarn,yarn.lock
26d83a40536d8177747c1f165f6ce48c31cd421a,1620262228,14,node_releases.json (12 months offset),yarn,yarn.lock
5fd2aff89b8f0241280c5b8b2ef751012aa6e3b7,1620262228,14,node_releases.json (12 months offset),yarn,yarn.lock
ac6ed04bff0b47e71c2ebe9e9cb2f7d09d3f37bc,1620262228,14,node_releases.json (12 months offset),yarn,yarn.lock
29e7c73f8881ff1fb66035c02b6c1f8ea1650fa6,1620262228,14,node_releases.json (12 months offset),yarn,yarn.lock
236d09c072c7af18bd12629078409972d7d451f7,1620262956,14,node_releases.json (12 months offset),yarn,yarn.lock
09c0b9f85b1cb417565f087c58b0803bbf445e8f,1620263028,14,node_releases.json (12 months offset),yarn,yarn.lock
17afb1a332b0093cbc017a0d40b1651b55b2a196,1620265517,14,node_releases.json (12 months offset),yarn,yarn.lock
c4382b7fba54ed2e6c25b94c47c807b82773edc8,1620265994,14,node_releases.json (12 months offset),yarn,yarn.lock
9de4312d2f17c2e5e6ccc8627930d3dcbf59cb96,1620266080,14,node_releases.json (12 months offset),yarn,yarn.lock
9ab4a100077c69d5223f0348cc2bbeea7710d7d0,1620346099,14,node_releases.json (12 months offset),yarn,yarn.lock
17cacd2a145761d5f9a5a480944c8d914b5af60c,1620346466,14,node_releases.json (12 months offset),yarn,yarn.lock
42bd17c9c58def06c1e6e6d95a862b1a91bea272,1620360823,14,node_releases.json (12 months offset),yarn,yarn.lock
2375dc2ff7cc1a14e3270d4d31227ddd44effa6f,1620365597,14,node_releases.json (12 months offset),yarn,yarn.lock
2c32c0ba217ad9bf9430a9c8e82c8d8984f993dc,1620372987,14,node_releases.json (12 months offset),yarn,yarn.lock
9489b69f3ee2028f9cfc1105c2a7af93801645c9,1620675879,14,node_releases.json (12 months offset),yarn,yarn.lock
23f75207ea11206d0653e9129b61774c35fc9691,1620675879,14,node_releases.json (12 months offset),yarn,yarn.lock
dca13c364bc565abbc04df4044d732e86db65a2b,1620686238,14,node_releases.json (12 months offset),yarn,yarn.lock
7966b8b3108d354a3400f92f761dba6144b5f81d,1620693719,14,node_releases.json (12 months offset),yarn,yarn.lock
d804786c72c9b3907417cf2cb3969ea9d36c623a,1620693852,14,node_releases.json (12 months offset),yarn,yarn.lock
bf06f8021c8dfaf242214d9187b146bac33a5391,1620774182,14,node_releases.json (12 months offset),yarn,yarn.lock
0d2c595b54a18168c55f186aac7c2469d12dc4d3,1620774397,14,node_releases.json (12 months offset),yarn,yarn.lock
fe265acfd1ea61a47a1ac4a9e209bc2d0e487468,1620774651,14,node_releases.json (12 months offset),yarn,yarn.lock
eb984288d0f56599da596fcb6fb2f93e5f7a40cd,1620801428,14,node_releases.json (12 months offset),yarn,yarn.lock
a1c234a1d8681fb0db6499029066c2e84b5816cf,1620863744,14,node_releases.json (12 months offset),yarn,yarn.lock
db7339c4b1f4d33711114c3779dbc35842add0ec,1620864249,14,node_releases.json (12 months offset),yarn,yarn.lock
b08ccb192f6f36f09bc75fe0cc1f63a23df9aff8,1620864674,14,node_releases.json (12 months offset),yarn,yarn.lock
a4302883529c7a8f85913de2e2a5a62cc8f9aee5,1620864694,14,node_releases.json (12 months offset),yarn,yarn.lock
a870f0d73a36cb7b3de85fc35734bdf093fc6932,1620864711,14,node_releases.json (12 months offset),yarn,yarn.lock
793a8d7ec88daf33ee655100f5d2104d4d39d69e,1620864729,14,node_releases.json (12 months offset),yarn,yarn.lock
8c47947cd2e2168d7749359d365ef1d282f34aa1,1620976431,14,node_releases.json (12 months offset),yarn,yarn.lock
769cfa447d4e64f4537557e43a1a694b47cf220f,1620976431,14,node_releases.json (12 months offset),yarn,yarn.lock
b54c36a24026cd14e9dc7333f560af77238ecd8c,1620976431,14,node_releases.json (12 months offset),yarn,yarn.lock
9055f85900ea102a2bdcfa26dec0b40152f3c84f,1620976452,14,node_releases.json (12 months offset),yarn,yarn.lock
8ad4a1a2df1b79bc8856d99a0b7be69bcd238001,1621212166,14,node_releases.json (12 months offset),yarn,yarn.lock
a7f933cf78384e7c5288475d70e3de147ad30a68,1621406385,14,node_releases.json (12 months offset),yarn,yarn.lock
77b327d158c826384ac58824a48c2dc059abd077,1621406665,14,node_releases.json (12 months offset),yarn,yarn.lock
2f0f8e12dfb577de498321dd09c387938e3fde39,1621409854,14,node_releases.json (12 months offset),yarn,yarn.lock
3ee38de80b48cca9fd74605540ad91f92e0c3f49,1621462061,14,node_releases.json (12 months offset),yarn,yarn.lock
61412010a3e893489f88ac4d1e6b9ac26ffe5c42,1621464194,14,node_releases.json (12 months offset),yarn,yarn.lock
8b3d7f44c1cebbe28d14e8cdcd9e5860794aaa8b,1621466439,14,node_releases.json (12 months offset),yarn,yarn.lock
de5235202fe34b164e2613625ddf2c4fe59509a5,1621469688,14,node_releases.json (12 months offset),yarn,yarn.lock
7b6e5f16dffaf3bf9158431da88ad69bf6cb9d44,1621473494,14,node_releases.json (12 months offset),yarn,yarn.lock
815037db5b57d728423a5eba8b7bec1e3b60d1a6,1621474884,14,node_releases.json (12 months offset),yarn,yarn.lock
8689b0664a91842aceb305fad8c286c89c8392db,1621482513,14,node_releases.json (12 months offset),yarn,yarn.lock
468836bd0b60b897ff6cd7aac52a9c1ea5cf9cb8,1621812952,14,node_releases.json (12 months offset),yarn,yarn.lock
8438a16739b87cab6386be6b0f07898eb7da9899,1621818180,14,node_releases.json (12 months offset),yarn,yarn.lock
685c1f32523dd9b66a70c09a2be345e938d59a54,1621839507,14,node_releases.json (12 months offset),yarn,yarn.lock
8b67fe1047ba2b021e8265825d4bf3031a6e5d62,1621990709,14,node_releases.json (12 months offset),yarn,yarn.lock
100f46bdc9348557d64e3a532ea9f736bd94e103,1622014836,14,node_releases.json (12 months offset),yarn,yarn.lock
e48785b5822cac7cd45e5a35a7242f866f60fb9f,1622023190,14,node_releases.json (12 months offset),yarn,yarn.lock
6027f3a878f96397fa3c7fd121ab37fd5c120dec,1622038268,14,node_releases.json (12 months offset),yarn,yarn.lock
da3b1ea41e385a456119f46393661697589843f6,1622071044,14,node_releases.json (12 months offset),yarn,yarn.lock
d4eb9bc1ee67553278902118c73b07f3bd0e798f,1622159797,14,node_releases.json (12 months offset),yarn,yarn.lock
d049d4422af9603360a479221e600dea5d64de8a,1622176824,14,node_releases.json (12 months offset),yarn,yarn.lock
8a1f698b2737fe3fb1ede5dc97f9956520df52d2,1622420629,14,node_releases.json (12 months offset),yarn,yarn.lock
b7a387943df16007571a7a9e68c9f65e053cb95b,1622421995,14,node_releases.json (12 months offset),yarn,yarn.lock
63db0ed9a5fd4f333306ff8e7b33447e846fa538,1622422009,14,node_releases.json (12 months offset),yarn,yarn.lock
dbcc47f08df657a6d5861450215981f95318c3e4,1622422009,14,node_releases.json (12 months offset),yarn,yarn.lock
24ab7cf9a4faa64237674e44f1c0613b055565c5,1622429867,14,node_releases.json (12 months offset),yarn,yarn.lock
b683d75693c1c635d0e2030d751173fc3fb1fe9f,1622447906,14,node_releases.json (12 months offset),yarn,yarn.lock
e2a2e95c23bf76340b79ceeffeef8ff029182b70,1622603232,14,node_releases.json (12 months offset),yarn,yarn.lock
8542aee5e68e7be9863f709e1bb3d99c264e0160,1622672128,14,node_releases.json (12 months offset),yarn,yarn.lock
677372648ff0203fa3b569f829e4c5e6ffe92070,1622672188,14,node_releases.json (12 months offset),yarn,yarn.lock
3fd919885e183dc75101a93707c0f2c5ecdb5c39,1622677373,14,node_releases.json (12 months offset),yarn,yarn.lock
b99ed59f4e55742b7f74f2646bce16272d81e840,1622696712,14,node_releases.json (12 months offset),yarn,yarn.lock
92e5ae23db727adaaeb281de091026a7dd83ec04,1623024036,14,node_releases.json (12 months offset),yarn,yarn.lock
8720133ee49e3c3a3e107d2a234c5587ab670c8c,1623040479,14,node_releases.json (12 months offset),yarn,yarn.lock
ad6a5e219fab42159e9501b78ed779e660253a79,1623109209,14,node_releases.json (12 months offset),yarn,yarn.lock
0a1a22fec27ec3901dd3700f2a987927e6bac1a8,1623109273,14,node_releases.json (12 months offset),yarn,yarn.lock
f4caaa3325fec5952e0d93bebb1cc83c2eb5dcdf,1623109281,14,node_releases.json (12 months offset),yarn,yarn.lock
f65140eb1a7bfc035ab7b795028d626c584980ef,1623109281,14,node_releases.json (12 months offset),yarn,yarn.lock
d1f85c76d0d5501b07effbf96af801762f33c4e6,1623110641,14,node_releases.json (12 months offset),yarn,yarn.lock
74d8c608183f3a98f6ba6a6df7fce2e2f4a094fd,1623113956,14,node_releases.json (12 months offset),yarn,yarn.lock
57e883434e1506c8503cc8d83baec2a56f1e0c01,1623223966,14,node_releases.json (12 months offset),yarn,yarn.lock
07fa6dad0bede025621348aa1f8aa85c300ab1b2,1623373847,14,node_releases.json (12 months offset),yarn,yarn.lock
6e663606954d220a2a2aa83eeebe5ab977a9910c,1623374036,14,node_releases.json (12 months offset),yarn,yarn.lock
8843d2c23c3e9c5b2a4b77271a099499014536cc,1623389740,14,node_releases.json (12 months offset),yarn,yarn.lock
ddd5125021e8b1b8397cc0c508f8bcd2aa27dd1c,1623391689,14,node_releases.json (12 months offset),yarn,yarn.lock
9a7a7f13643ffc2d84155e4e0b1c6505b6041e60,1623392561,14,node_releases.json (12 months offset),yarn,yarn.lock
659beef5310a9c0b9e5145fdc9ad20a0135390be,1623395246,14,node_releases.json (12 months offset),yarn,yarn.lock
fcdd5852a99b67e13028ebda61c1ba183f380253,1623449422,14,node_releases.json (12 months offset),yarn,yarn.lock
650896ab12fb4f7f15c91e94175e04b468b0f6b4,1623639322,14,node_releases.json (12 months offset),yarn,yarn.lock
7789ef83337c5b35993d3d01e0aca02e44309f1e,1623653105,14,node_releases.json (12 months offset),yarn,yarn.lock
8908c6bc7c7694bbb37e463d075b5e6b9bf22617,1623723381,14,node_releases.json (12 months offset),yarn,yarn.lock
e5a3ca7fe67fc22773c9578147a9e4eff68b09a1,1623724906,14,node_releases.json (12 months offset),yarn,yarn.lock
16676bc48409eb440ad1e2bb3021d62c24d975fa,1623725763,14,node_releases.json (12 months offset),yarn,yarn.lock
0b6573d254800d6cee20b66a52b001a507042216,1623836120,14,node_releases.json (12 months offset),yarn,yarn.lock
f2c86bc12abbcfb4dd27a664717375486f712793,1623914222,14,node_releases.json (12 months offset),yarn,yarn.lock
8eac1ff61101f2c1bd34c3378acd25ec05f1f04a,1623914260,14,node_releases.json (12 months offset),yarn,yarn.lock
0bc1cdc5b15e9b4c9aa08aa7cfd60746f7e20116,1623975033,14,node_releases.json (12 months offset),yarn,yarn.lock
61005bcc759b0ecd1ac63b42285fa48e71203539,1623975033,14,node_releases.json (12 months offset),yarn,yarn.lock
1e3ba13790b3ea4fbd00b0c3a780960a2c474580,1623975033,14,node_releases.json (12 months offset),yarn,yarn.lock
4c5594dd71e314bb0dd43ad8582688287f99a9bf,1623994570,14,node_releases.json (12 months offset),yarn,yarn.lock
8ee937c891eabef49cb86cce605680b913915346,1623994570,14,node_releases.json (12 months offset),yarn,yarn.lock
310bafec6dbd453be7746cd2ecf5f5c40b18ed1b,1623994570,14,node_releases.json (12 months offset),yarn,yarn.lock
580371636f2c3a34e4f8ff1162aef4957325086b,1624320704,14,node_releases.json (12 months offset),yarn,yarn.lock
e291f0ec54e17a0b1232a4b5f811207841fd2b17,1624322870,14,node_releases.json (12 months offset),yarn,yarn.lock
0a803fac9367081411f002332194cfc451eb296c,1624342812,14,node_releases.json (12 months offset),yarn,yarn.lock
6420a85df651389c31dcb9c47e897e5a2da6a643,1624425549,14,node_releases.json (12 months offset),yarn,yarn.lock
5b273efa5039f178892186a142fa42401787374b,1624425549,14,node_releases.json (12 months offset),yarn,yarn.lock
326a8ac2e27c24b01b922bb7069bb3a4ec0d47cd,1624425549,14,node_releases.json (12 months offset),yarn,yarn.lock
04c4d83a8deabfd10d902485e45682c2ba1bfa57,1624425549,14,node_releases.json (12 months offset),yarn,yarn.lock
c25555110487683892e611234c68f7116f58af14,1624428358,14,node_releases.json (12 months offset),yarn,yarn.lock
9a697fd53a2e9fbc1bf52ceb5be83822e0692ac9,1624432174,14,node_releases.json (12 months offset),yarn,yarn.lock
e8c2066b945c6cb409876154f7ad36f3afcd9b47,1624492118,14,node_releases.json (12 months offset),yarn,yarn.lock
658d2674e7ed1aa242cdeca67adf50583920a1d1,1624495577,14,node_releases.json (12 months offset),yarn,yarn.lock
acda185178f47733d17d37647f100430a79d8e8e,1624923858,14,node_releases.json (12 months offset),yarn,yarn.lock
0e343ef9cd9ca72ed737fc82810fb7d8f86179ff,1624929192,14,node_releases.json (12 months offset),yarn,yarn.lock
e0860347f169bea853fb80ecbab0fef973d5c742,1624929192,14,node_releases.json (12 months offset),yarn,yarn.lock
b69c943324af5e127fe53f296f8ff1d4df0769b2,1624929192,14,node_releases.json (12 months offset),yarn,yarn.lock
0f3b75bb87d37709c0be5a4d7c3d89463b74f716,1624932438,14,node_releases.json (12 months offset),yarn,yarn.lock
7a528146e83945c1d34df7a6cfe5554ff4152e64,1624932963,14,node_releases.json (12 months offset),yarn,yarn.lock
345c8f18e5a5b3ffd0b9d2f31f3db96d4744f2d5,1624933136,14,node_releases.json (12 months offset),yarn,yarn.lock
9c0617c81bb6ccb11fc1fb131d8514996eabe7aa,1624937075,14,node_releases.json (12 months offset),yarn,yarn.lock
ec92de695069159eb63ba3cce7c086031e264d10,1625113224,14,node_releases.json (12 months offset),yarn,yarn.lock
c2b0be23bb32a81060b4d95b94ca0fd36d3384c0,1625196264,14,node_releases.json (12 months offset),yarn,yarn.lock
5328ef244314cd5e0eef110bde87fe4edcda15f1,1625196358,14,node_releases.json (12 months offset),yarn,yarn.lock
01f0a215b11fc8780ec4db9eccb5f4072c7970fd,1625422343,14,node_releases.json (12 months offset),yarn,yarn.lock
58b3ce7f58ab07fbbe1606829f32ea0c1d69642a,1625526357,14,node_releases.json (12 months offset),yarn,yarn.lock
e61e7d0f8569a166bc96458c10d7bc6a271bd590,1625526389,14,node_releases.json (12 months offset),yarn,yarn.lock
23b4176acd13971229176206536d759336b97369,1625535593,14,node_releases.json (12 months offset),yarn,yarn.lock
706d8bfc69e1605cabb97ff7912c90bc29d0f483,1625536587,14,node_releases.json (12 months offset),yarn,yarn.lock
5311506d9707668f00f4fbb897ef2a1eab71f3e8,1625649694,14,node_releases.json (12 months offset),yarn,yarn.lock
0435f9baf075f4c145b424e0de90a5fb945d523b,1626054330,14,node_releases.json (12 months offset),yarn,yarn.lock
13aa0d7b277b676bcdb30c7a6d1f5fa5be090879,1626054410,14,node_releases.json (12 months offset),yarn,yarn.lock
c754959a492f5ac7f6f09afbfb42ae5949e638b7,1626054634,14,node_releases.json (12 months offset),yarn,yarn.lock
aaeef02bb4de5ffc4880b95379ec3472bc00d6bb,1626054935,14,node_releases.json (12 months offset),yarn,yarn.lock
943a513b5f27e38b91413b780e6cb59d72f5cf15,1626055667,14,node_releases.json (12 months offset),yarn,yarn.lock
6aecec5dd83fa1b2df994089170d3e0fa7038537,1626058705,14,node_releases.json (12 months offset),yarn,yarn.lock
ccc0bbbac5a8e44cfab5bfd5d29ec3767d6699c8,1626131590,14,node_releases.json (12 months offset),yarn,yarn.lock
99fd0bf9efd6e86e308a73b840413f3531f09d5d,1626136594,14,node_releases.json (12 months offset),yarn,yarn.lock
06668a55677b7f80139c81f5fe16d157878a6c6a,1626136618,14,node_releases.json (12 months offset),yarn,yarn.lock
6a2ce4d674eb2dec4d5180bd766f2d0492292812,1626143778,14,node_releases.json (12 months offset),yarn,yarn.lock
c9bbce08220e63c3dcc3a4b93cbfb42120d6ccbc,1626146781,14,node_releases.json (12 months offset),yarn,yarn.lock
1c769d1b01218059880f0519052bfa73c6755477,1626152384,14,node_releases.json (12 months offset),yarn,yarn.lock
4061867d4d90c62064472624169e8c2cd827997c,1626310642,14,node_releases.json (12 months offset),yarn,yarn.lock
e06f03ad4a95c332c4d3f1edeefebd23b33496b7,1626310642,14,node_releases.json (12 months offset),yarn,yarn.lock
0aba795712e36848b655d401b246d7f6e007a187,1626310642,14,node_releases.json (12 months offset),yarn,yarn.lock
f3e55be5563577a46b092530437ee8354e42b4e0,1626393672,14,node_releases.json (12 months offset),yarn,yarn.lock
c24e6a6d0330b89f4af4207eeefc293fd70dc785,1626393672,14,node_releases.json (12 months offset),yarn,yarn.lock
3cb5fe988724ba00b41afcd7e69d00bd85e484d2,1626394659,14,node_releases.json (12 months offset),yarn,yarn.lock
9cea00057f742b2705f8f460f131166ca5c8b955,1626394728,14,node_releases.json (12 months offset),yarn,yarn.lock
da916ce7d41ff1488df6521a14ae3e5e61b7e816,1626394759,14,node_releases.json (12 months offset),yarn,yarn.lock
0b01fc9f9d466d0fb571757818d64c88f81a7405,1626396048,14,node_releases.json (12 months offset),yarn,yarn.lock
ee6103e793c835a4eb5ce3163ce495bb96d4fdab,1626408770,14,node_releases.json (12 months offset),yarn,yarn.lock
21c6a29be1427a87513bfa85f0251f43da4417bc,1626655576,14,node_releases.json (12 months offset),yarn,yarn.lock
f61e21a2117d923d43eba29b8d05f805dd8f95e6,1626674841,14,node_releases.json (12 months offset),yarn,yarn.lock
1124f5ef003710788d6982575d668a06e511d680,1626718302,14,node_releases.json (12 months offset),yarn,yarn.lock
90dd5caaa17441c01001bf4adc4cb84f9530f256,1626746338,14,node_releases.json (12 months offset),yarn,yarn.lock
e65e296576b0792cce16df0289cb69bf832399e3,1626747772,14,node_releases.json (12 months offset),yarn,yarn.lock
f6674dd7462a8b012579450e2b99882339f126a5,1626754578,14,node_releases.json (12 months offset),yarn,yarn.lock
c9b39ca9dcf5dc156196fbe87968c375205e4a23,1626754974,14,node_releases.json (12 months offset),yarn,yarn.lock
98ff8f900706e124f6dc22a3244d2c6cdffb2a20,1626756220,14,node_releases.json (12 months offset),yarn,yarn.lock
d9670fc9192ca4faa6ed5c5a2b1777a640293a5d,1626843914,14,node_releases.json (12 months offset),yarn,yarn.lock
e4c840bc4ebdae386131275966e2035642acd88f,1626908575,14,node_releases.json (12 months offset),yarn,yarn.lock
d9abd71321341396dbe65bc516260f27a38e312c,1626908606,14,node_releases.json (12 months offset),yarn,yarn.lock
a3207e8a1349cad6f04ed198c0b8a88000a75fa9,1626908850,14,node_releases.json (12 months offset),yarn,yarn.lock
9d48e2c476679e741c5371022cfe6cd5eea50199,1627000246,14,node_releases.json (12 months offset),yarn,yarn.lock
df6c01f5c8e5828575afbc8a58a0e64fcf6d9402,1627000263,14,node_releases.json (12 months offset),yarn,yarn.lock
8851638a723d0ed91d2ecc3a0e36d1638df5bb1e,1627000286,14,node_releases.json (12 months offset),yarn,yarn.lock
22741207db3dd614355fe887680a425902a921a6,1627267105,14,node_releases.json (12 months offset),yarn,yarn.lock
d5c2aae35083e0b5fa8b8fe561b53947a4b8aaf4,1627269871,14,node_releases.json (12 months offset),yarn,yarn.lock
2cde3c99658a3174ac4434691b44a5ecb3ba3a72,1627269871,14,node_releases.json (12 months offset),yarn,yarn.lock
64b7aef0d6f10d1bf8f9c1e862b9185ea5fa430e,1627269871,14,node_releases.json (12 months offset),yarn,yarn.lock
76b20c55aa8a19cc5f4650a0da98e423f7a0d557,1627269871,14,node_releases.json (12 months offset),yarn,yarn.lock
371f89b24b74f931d711ce78694b455d5cecfd16,1627271214,14,node_releases.json (12 months offset),yarn,yarn.lock
63575159e9365a3318b3b4b8c288891122a730f6,1627348691,14,node_releases.json (12 months offset),yarn,yarn.lock
715f59c3a8b2bb35d2a158902a1b245987185b17,1627444185,14,node_releases.json (12 months offset),yarn,yarn.lock
9a886f697b50b23f8fecd0c81e04121c5b6f9ca3,1627444185,14,node_releases.json (12 months offset),yarn,yarn.lock
36f32935d63d0d8bf30e3f42578e3a693ddc9673,1627450347,14,node_releases.json (12 months offset),yarn,yarn.lock
2d8b95517a43d1f1967a2f3898371865a2fa18e4,1627450602,14,node_releases.json (12 months offset),yarn,yarn.lock
e41fd029cbd223b7b158c79a71b042ddddc9e2a9,1627614340,14,node_releases.json (12 months offset),yarn,yarn.lock
7538905b97e6fdb50d515a51a423841d81b63487,1627619252,14,node_releases.json (12 months offset),yarn,yarn.lock
b488c37fd073c4a8f186693ffd5c380f3866d308,1627625934,14,node_releases.json (12 months offset),yarn,yarn.lock
b4350818633134ff7d58da8a2fbe33927f5e6fb7,1627865424,14,node_releases.json (12 months offset),yarn,yarn.lock
fd926ab394b3b27528a259b4efa8118fbb49fb17,1627865448,14,node_releases.json (12 months offset),yarn,yarn.lock
ee2c9197b5cdc02c5a23e8283c20d7e9cc1b8371,1627870591,14,node_releases.json (12 months offset),yarn,yarn.lock
30932111794c14879980c5624f7371a65acd651e,1627876687,14,node_releases.json (12 months offset),yarn,yarn.lock
d05ef0259e949c309d56e5ad9211bbcde50e69af,1627972549,14,node_releases.json (12 months offset),yarn,yarn.lock
df64e9f078af57859c6d1646d22d9d66d7e12cc5,1628051239,14,node_releases.json (12 months offset),yarn,yarn.lock
27dd1eb9738c42e25f29faf99f23009531fad7d0,1628055725,14,node_releases.json (12 months offset),yarn,yarn.lock
2674c4d80a987653065a4d8be9c52a1bf1942bf1,1628121725,14,node_releases.json (12 months offset),yarn,yarn.lock
a4068be7b1407a61fa9f9b944ccb44a02da5f106,1628125264,14,node_releases.json (12 months offset),yarn,yarn.lock
42f17157130db8a81c3a9226e5684d10c814dc2b,1628125293,14,node_releases.json (12 months offset),yarn,yarn.lock
81719aaf9ca4afd26f5bff9e3016988eec99d51a,1628463802,14,node_releases.json (12 months offset),yarn,yarn.lock
00f2f81c68951e9ff220bfed203b6cac770edeea,1628478611,14,node_releases.json (12 months offset),yarn,yarn.lock
7f0a2cb81e398fee517d5a3a796bcfd83e345f59,1628490789,14,node_releases.json (12 months offset),yarn,yarn.lock
d596ba0d36427d8bb58514bf40a9d3cb8decb6b9,1628496577,14,node_releases.json (12 months offset),yarn,yarn.lock
8db53791e9cddadeafa9c3121cdbb7122dea87a6,1628496830,14,node_releases.json (12 months offset),yarn,yarn.lock
f12598031f33a87cc8f79e1418f9e4b574fdeea6,1628562785,14,node_releases.json (12 months offset),yarn,yarn.lock
6e7b01b820fd962dd96c36593768c28a2b3e186f,1628562793,14,node_releases.json (12 months offset),yarn,yarn.lock
6cb9c736550cf973d1b8f81cf509c7961167c229,1628563725,14,node_releases.json (12 months offset),yarn,yarn.lock
62a49689dcc10b2db0f67ed1b6730f78b4cf245e,1628642197,14,node_releases.json (12 months offset),yarn,yarn.lock
fb14f1d78b12b26dfa457a0ecd681cf7c81b0a98,1628724950,14,node_releases.json (12 months offset),yarn,yarn.lock
7a60bb08058f166503db908476f1c9c08533125d,1628732204,14,node_releases.json (12 months offset),yarn,yarn.lock
24daa28cec95262c10ce2d8fe9bfa44f4c5fe41e,1628732670,14,node_releases.json (12 months offset),yarn,yarn.lock
33e48638a8eecbd351a753ba597dece02380aa69,1628810676,14,node_releases.json (12 months offset),yarn,yarn.lock
79ebf002ffc31b673c165d5bcef516d337d45c0c,1628810676,14,node_releases.json (12 months offset),yarn,yarn.lock
b0a61459f6b0c3d5f961926944321ff27e75bf1a,1628810676,14,node_releases.json (12 months offset),yarn,yarn.lock
0c4a45ea6ec25940a23e6fe284a830694bf08050,1628810676,14,node_releases.json (12 months offset),yarn,yarn.lock
5264b90d0640e602ad9d55827df36f41d079081a,1628810676,14,node_releases.json (12 months offset),yarn,yarn.lock
114dc64f24646c0df97b53e4c0febf7744192e1b,1628810676,14,node_releases.json (12 months offset),yarn,yarn.lock
e7330a00e3b054d6d919b25dd7d7247736badb1f,1628810676,14,node_releases.json (12 months offset),yarn,yarn.lock
2b0709fdc93d857dab05253fc59de9f6bb78349e,1628810676,14,node_releases.json (12 months offset),yarn,yarn.lock
d9abcbe74e9a0096d9db979c99a597f0a10f2235,1628810676,14,node_releases.json (12 months offset),yarn,yarn.lock
58cfb8d37093229bc3621a05c0bfd009e0086f42,1628810676,14,node_releases.json (12 months offset),yarn,yarn.lock
3bfedf23adb100023e24451d45cbe45356e58702,1628810676,14,node_releases.json (12 months offset),yarn,yarn.lock
4a3572b00a746e63a841c2797fd74049dc2e4c3b,1628810676,14,node_releases.json (12 months offset),yarn,yarn.lock
274c08513e06cb6c64dd30a04000c89dfe4c3db2,1628810676,14,node_releases.json (12 months offset),yarn,yarn.lock
071fc35e1ba3d012357fe43b211d8dc440e6afe1,1628810676,14,node_releases.json (12 months offset),yarn,yarn.lock
1813d19020efe4fc437fb4bfa5f4d876673dcc39,1628810676,14,node_releases.json (12 months offset),yarn,yarn.lock
97ee345048fdc3fcab287e7a4049828fda6bf967,1629068857,14,node_releases.json (12 months offset),yarn,yarn.lock
75d7b69933e110fc34d29778d8a308e3c57948c7,1629084600,14,node_releases.json (12 months offset),yarn,yarn.lock
82c65a3ff200ec2b93d419dd9a5b2d5a8eccfa69,1629086855,14,node_releases.json (12 months offset),yarn,yarn.lock
4f61e4c50cd230236ea75b8b012a42f5340c2e6c,1629087502,14,node_releases.json (12 months offset),yarn,yarn.lock
fc516e5010da0afd774d0ee54c3a7ba9233c091b,1629088400,14,node_releases.json (12 months offset),yarn,yarn.lock
859b247e54bf9141e3cf9f4d765ed16994d893f9,1629089558,14,node_releases.json (12 months offset),yarn,yarn.lock
e0b3cebdb6dfac1f8404ea2f7021c68346a65b08,1629158653,14,node_releases.json (12 months offset),yarn,yarn.lock
8389e44fc79fd4079813e9d0f2c6e5df0f9b269b,1629158653,14,node_releases.json (12 months offset),yarn,yarn.lock
86a919ab69ea08320f0abcfc6f9a12f530b7064f,1629158653,14,node_releases.json (12 months offset),yarn,yarn.lock
f3b48d0f8251aac44b0efc128aea889da9394139,1629158653,14,node_releases.json (12 months offset),yarn,yarn.lock
6aa9f39874f5c509486f5f1967d9c6980c6764f9,1629158653,14,node_releases.json (12 months offset),yarn,yarn.lock
b96a040081c8739964ad907c66891696427a8d24,1629158653,14,node_releases.json (12 months offset),yarn,yarn.lock
0299584e3f2d6d49c2ce94621fc6f8b56a1b37f8,1629158653,14,node_releases.json (12 months offset),yarn,yarn.lock
f4fc68ab458d0910c3a42caa3a3dfcd2bf0bd420,1629158653,14,node_releases.json (12 months offset),yarn,yarn.lock
0798d8a33c59b87f3ddb01268eb6280997711f47,1629163458,14,node_releases.json (12 months offset),yarn,yarn.lock
9570d03d862a5c1604aaa1614b8e6206a54ab9fe,1629163458,14,node_releases.json (12 months offset),yarn,yarn.lock
0e6324c7a7c4eec81a7908e6e314060368ada7d2,1629163458,14,node_releases.json (12 months offset),yarn,yarn.lock
4d3f79d045cdcf7270d038235ec422867a891ab5,1629163458,14,node_releases.json (12 months offset),yarn,yarn.lock
794903716c075f2a3051eb40463295f0ba8d3a53,1629163458,14,node_releases.json (12 months offset),yarn,yarn.lock
1365b6150088c14b5ff487eb4fe87220a4aaac1b,1629163458,14,node_releases.json (12 months offset),yarn,yarn.lock
96f7a7dabe57ed373ebfd22250df0b7295e1f0d4,1629163458,14,node_releases.json (12 months offset),yarn,yarn.lock
bb5268786e86f6f1ef245d0122fe2a3ec5a2ebb5,1629163458,14,node_releases.json (12 months offset),yarn,yarn.lock
cf329f126b22ef9a75bbe507bc0223739240c824,1629169920,14,node_releases.json (12 months offset),yarn,yarn.lock
258c50364172abb15ba243b0ab64dc03d3991792,1629169920,14,node_releases.json (12 months offset),yarn,yarn.lock
73d318ad5b83c578e7d34070b3dc5b0f8f2850f7,1629169920,14,node_releases.json (12 months offset),yarn,yarn.lock
88094dd33a970680c1b7ed46ed44679040091d58,1629169920,14,node_releases.json (12 months offset),yarn,yarn.lock
61f943a8d5c4c670a338e6cb81e058034a4bc7ec,1629169920,14,node_releases.json (12 months offset),yarn,yarn.lock
7db4d7b05c78d1d5cce26cdbed7004b53f86d294,1629169920,14,node_releases.json (12 months offset),yarn,yarn.lock
df6832e0d078949bbda8692e1e4ed087470a4978,1629169920,14,node_releases.json (12 months offset),yarn,yarn.lock
b4be710b6d2139f78eea63b57c41ee952a1acbca,1629169920,14,node_releases.json (12 months offset),yarn,yarn.lock
4dba75bf03a659de82faaae9c42d5619242c8021,1629169920,14,node_releases.json (12 months offset),yarn,yarn.lock
7f4901a2ee10de472fbe94cb7973571ce86b65ca,1629169920,14,node_releases.json (12 months offset),yarn,yarn.lock
bcfa67152bb20623fd8c2f985503c4eb6fa16bbe,1629169920,14,node_releases.json (12 months offset),yarn,yarn.lock
674a3ebbe3a2dfc95f2645331707b70f95d6b09b,1629246114,14,node_releases.json (12 months offset),yarn,yarn.lock
458d5a4a39b2f160d0b48d89219883407a27375e,1629246618,14,node_releases.json (12 months offset),yarn,yarn.lock
12704a937bcbab04ef8db14ec8a1235cc0742540,1629323475,14,node_releases.json (12 months offset),yarn,yarn.lock
412f892c9ce486dd3d04ffbc745119fe8f2a11db,1629356636,14,node_releases.json (12 months offset),yarn,yarn.lock
0854410d303205454ed0bd47856da872d5881544,1629356636,14,node_releases.json (12 months offset),yarn,yarn.lock
150b128babafe379aeb9013e34207778c58e1e1b,1629431783,14,node_releases.json (12 months offset),yarn,yarn.lock
25c895a8d704b4ba17f282c78e236798d77c8320,1629431812,14,node_releases.json (12 months offset),yarn,yarn.lock
837146ecbec7f4508258590d039823fa17322f3c,1629431812,14,node_releases.json (12 months offset),yarn,yarn.lock
1ee60b51596fcea042b75f0fdeb33ff502b3a1f7,1629436446,14,node_releases.json (12 months offset),yarn,yarn.lock
2d39afdbc4872f8aa7fbb68502234b8134be80f7,1629444655,14,node_releases.json (12 months offset),yarn,yarn.lock
22ba8cab09aa2500a968c2d6f21a65b0fbc3dc2f,1629674035,14,node_releases.json (12 months offset),yarn,yarn.lock
fc80f757a69b7940d8adfc460b6b262015c51b0f,1629676772,14,node_releases.json (12 months offset),yarn,yarn.lock
ba6c0ea03b3cce292a530eef8c0ecb68c7c1b76a,1629682778,14,node_releases.json (12 months offset),yarn,yarn.lock
ac549624cf78e85f24ef34cca749debb633344a3,1629682795,14,node_releases.json (12 months offset),yarn,yarn.lock
c5330fa9248b852370bf1e9cea1b84f30329f3cc,1629788650,14,node_releases.json (12 months offset),yarn,yarn.lock
d6f067a1602a44c37d2732846372ae72665e99cc,1629788650,14,node_releases.json (12 months offset),yarn,yarn.lock
044dadddb19073b99e1adbdaa7ded542b4667a14,1629788765,14,node_releases.json (12 months offset),yarn,yarn.lock
a50206b4b5d2394fa9e6e7400b52df16876f4add,1629788789,14,node_releases.json (12 months offset),yarn,yarn.lock
9c65bedc22c7e33f45096114948e5f66e4e601ec,1629788845,14,node_releases.json (12 months offset),yarn,yarn.lock
8409d42306c946a07c67341972f2a712153842d3,1629839391,14,node_releases.json (12 months offset),yarn,yarn.lock
228236bcf09d288809d38a7f0a3c0e04960fcf91,1629846262,14,node_releases.json (12 months offset),yarn,yarn.lock
18659ce8ab867641c952ab600f9d7b1d0c20fcdf,1629876669,14,node_releases.json (12 months offset),yarn,yarn.lock
12890ed6fbac3b890b10b6f7a0c82b93ef93fc11,1629881248,14,node_releases.json (12 months offset),yarn,yarn.lock
333dd7a484f91d1e970e27a9d52b11da2a6561db,1629933676,14,node_releases.json (12 months offset),yarn,yarn.lock
756e8b73c1724d75df212d234dba1d372db8b697,1629948322,14,node_releases.json (12 months offset),yarn,yarn.lock
feb49c4226320d7f7fd33730acbf2a461114bf6a,1629948322,14,node_releases.json (12 months offset),yarn,yarn.lock
e80e7a821fab4f6715a1d5a56d9c5a1fe06dc998,1629948322,14,node_releases.json (12 months offset),yarn,yarn.lock
d757120215a7ad14e6af2cbc9c92f55bbaf72142,1629948543,14,node_releases.json (12 months offset),yarn,yarn.lock
983565fa9b0b3718ffe6b5e70504bd3451af634d,1629951464,14,node_releases.json (12 months offset),yarn,yarn.lock
026ce343ccba1a050bd4a2da98f37384b5c774bc,1629952367,14,node_releases.json (12 months offset),yarn,yarn.lock
c36191d3d71aed23bf512ed644f041055db7e674,1630031105,14,node_releases.json (12 months offset),yarn,yarn.lock
4f9cf7ba47f7c2ff5118883e0fb0be1c0e0919a4,1630031105,14,node_releases.json (12 months offset),yarn,yarn.lock
59e00b55a78e86b17b16c78f8cb231a31238f487,1630033216,14,node_releases.json (12 months offset),yarn,yarn.lock
7631328f1c69ca8a350449ff0b1b739a86f64117,1630035042,14,node_releases.json (12 months offset),yarn,yarn.lock
9579ad3d2bc66604113340747fa0bfd329e43fba,1630035302,14,node_releases.json (12 months offset),yarn,yarn.lock
9f88f18029280e9050718ca1e1e86561432d7bde,1630036716,14,node_releases.json (12 months offset),yarn,yarn.lock
f57d74cc2d0faab72afa46fd0d39185735292e81,1630039580,14,node_releases.json (12 months offset),yarn,yarn.lock
8202c30ca7781e6f53a9a023939d118f3f3abf09,1630294526,14,node_releases.json (12 months offset),yarn,yarn.lock
b8c94f85e5fca6710baaa8ff4279725e6ba61838,1630302482,14,node_releases.json (12 months offset),yarn,yarn.lock
2f3689b59b301412ba53462036c7ed676be9f08a,1630302507,14,node_releases.json (12 months offset),yarn,yarn.lock
3226bb54023f48260dc93158a871de82b3eaaf4d,1630552258,14,node_releases.json (12 months offset),yarn,yarn.lock
3225e84286fa12e3bad7807fe7cded0860510d26,1630887884,14,node_releases.json (12 months offset),yarn,yarn.lock
999609749267f9de80b9e5c1da69a6e7cf8a3316,1631061161,14,node_releases.json (12 months offset),yarn,yarn.lock
91def5f26202cf7cf90e7b254aa722c1cfc27095,1631061183,14,node_releases.json (12 months offset),yarn,yarn.lock
01d1e693ccc631990b0756015a729dbff539ea91,1631061183,14,node_releases.json (12 months offset),yarn,yarn.lock
3ba7d338d992dbc03a8ec91fcc9769550c35f30b,1631061206,14,node_releases.json (12 months offset),yarn,yarn.lock
29c1a1192d65fc4f9341c8e896446becb83f6247,1631065268,14,node_releases.json (12 months offset),yarn,yarn.lock
bb689ca50f87e34684ec04833fa0aae56b3f1338,1631070523,14,node_releases.json (12 months offset),yarn,yarn.lock
99d663c194c98f0b502fb9e7768354af65514cbb,1631070738,14,node_releases.json (12 months offset),yarn,yarn.lock
34e1c0d69d56f6030da7ead6094d1c53e39b5260,1631076181,14,node_releases.json (12 months offset),yarn,yarn.lock
7a3d344b3934c2ed0138656d916c34a92eb35e70,1631084650,14,node_releases.json (12 months offset),yarn,yarn.lock
6e713323fff510827f9c7ac6b958773253ff93b5,1631236029,14,node_releases.json (12 months offset),yarn,yarn.lock
b00938de8264898fff92d43457a56e20e32e2689,1631509807,14,node_releases.json (12 months offset),yarn,yarn.lock
7978f9193274a64df0cefae4b634df1b76180d13,1631575105,14,node_releases.json (12 months offset),yarn,yarn.lock
2fefec3ed8fa7f70790ac695f2b61a4a8d187d84,1631661694,14,node_releases.json (12 months offset),yarn,yarn.lock
51212a9456f1ed5e2f3a65abf4bc6432bebf87e0,1631689630,14,node_releases.json (12 months offset),yarn,yarn.lock
54eb0da9f1760e0fb72b7eb23496e1a6a1df27ba,1631839486,14,node_releases.json (12 months offset),yarn,yarn.lock
78658d24214923808981f6df9e487140167d25fb,1631844606,14,node_releases.json (12 months offset),yarn,yarn.lock
10ddc004291f86ff131f2127d7b2b41ea9215e19,1631857123,14,node_releases.json (12 months offset),yarn,yarn.lock
1b133718c41a8164d425da47467521b4e00a432e,1632100271,14,node_releases.json (12 months offset),yarn,yarn.lock
c4ef20e08514ff785e0fc982f8de5216dee9edda,1632109745,14,node_releases.json (12 months offset),yarn,yarn.lock
47330df34d2c3fbdc6bd3b032a7b82f233e353f2,1632180174,14,node_releases.json (12 months offset),yarn,yarn.lock
2463e678fba7b1fb916e21bc0ffbdbcee63d4707,1632180196,14,node_releases.json (12 months offset),yarn,yarn.lock
65873a1b21da3c05ab9e0ac86c9a6f87ebb65668,1632181208,14,node_releases.json (12 months offset),yarn,yarn.lock
e88cc1d5f252cb174e6147eca2af16c7f6a1ab15,1632194234,14,node_releases.json (12 months offset),yarn,yarn.lock
6c72adccc0fd81f4a8c27285492e57e9d1d3826c,1632207819,14,node_releases.json (12 months offset),yarn,yarn.lock
6809c090308ac3c92f3fcf9253cf0956ed129415,1632269469,14,node_releases.json (12 months offset),yarn,yarn.lock
0e7829f668f11cc045a162654f5578372b68f3b4,1632370893,14,node_releases.json (12 months offset),yarn,yarn.lock
bdf1217577b6a22760f9a1fab57b9ae2810359c7,1632445893,14,node_releases.json (12 months offset),yarn,yarn.lock
adec22ac3ca49bf8d0d0c04bbcde572a435ddd02,1632446621,14,node_releases.json (12 months offset),yarn,yarn.lock
fbf72a3a3ad77fea028ac4b0fa31611d7653472b,1632459150,14,node_releases.json (12 months offset),yarn,yarn.lock
3441e3b33f4937ecdbd9951df27f4c607572beea,1632782761,14,node_releases.json (12 months offset),yarn,yarn.lock
48188561c64fb9556312736a26b4f3065c2d5777,1632782803,14,node_releases.json (12 months offset),yarn,yarn.lock
cb169b502cb491a16321972c40fd2d51e3395f0d,1632782803,14,node_releases.json (12 months offset),yarn,yarn.lock
0fc076575e0c8355508adc511fb19dfa94f41760,1632782803,14,node_releases.json (12 months offset),yarn,yarn.lock
9272d9fcd45c93d524b0581323f62c4f82d29621,1632782835,14,node_releases.json (12 months offset),yarn,yarn.lock
2313a3855f31ef5a7f53b0839b518854c97aeb81,1632782835,14,node_releases.json (12 months offset),yarn,yarn.lock
a80ab96fb59d7f62ba51cc1dbfacefead6b720f5,1632782835,14,node_releases.json (12 months offset),yarn,yarn.lock
3e35f21421ec57258ab4b9f06222f1a17f5fc605,1632802958,14,node_releases.json (12 months offset),yarn,yarn.lock
5a197e14fd452832f104af03af0e8a72f2bb8ae7,1632803192,14,node_releases.json (12 months offset),yarn,yarn.lock
9f799e83ac55ec012b0937219a263ef441914306,1632872441,14,node_releases.json (12 months offset),yarn,yarn.lock
32348a6528a4ac417545eb360f0e2bc1e36fe4de,1632872441,14,node_releases.json (12 months offset),yarn,yarn.lock
d947c101b8484b8aa7bb54d469e0dc3425b82847,1632876700,14,node_releases.json (12 months offset),yarn,yarn.lock
2381fac886154f95685982923af783940e8c06d3,1632887857,14,node_releases.json (12 months offset),yarn,yarn.lock
4b4290b1381fe148301ac0d335a79e23a28c598c,1632888109,14,node_releases.json (12 months offset),yarn,yarn.lock
f8f252a6fab5c4016f6d7d75f1015b3ed86978ef,1632965326,14,node_releases.json (12 months offset),yarn,yarn.lock
23ae2279804bdc111d471a3bb2a44fca59da510c,1632973906,14,node_releases.json (12 months offset),yarn,yarn.lock
4b3b0ddfe915a266432acfe23c3653c98b60edfb,1633046495,14,node_releases.json (12 months offset),yarn,yarn.lock
d026bd85c820c42fa7aed39a5061302f4c39c8b8,1633046495,14,node_releases.json (12 months offset),yarn,yarn.lock
264e0f4965fd82d70c088b0606d712ffd7f8fed7,1633046495,14,node_releases.json (12 months offset),yarn,yarn.lock
4e12b29dd394ae5ae2a313d276fa5e615dbf3643,1633049656,14,node_releases.json (12 months offset),yarn,yarn.lock
5eb564bfcb9afeffdac0a8e8f89fdd1ee754d7f8,1633052878,14,node_releases.json (12 months offset),yarn,yarn.lock
4b874cb1a8768eb72c8f7209129b89336ea0dd3f,1633064243,14,node_releases.json (12 months offset),yarn,yarn.lock
44af389709144de473ecf8a5a9c7ac82a859aa54,1633132856,14,node_releases.json (12 months offset),yarn,yarn.lock
b6543f9a080ca5f2a1d81eafa457421456940336,1633389177,14,node_releases.json (12 months offset),yarn,yarn.lock
aa8bf6d7be0898c1b3ff6594ca2f869d6ad0a69c,1633399604,14,node_releases.json (12 months offset),yarn,yarn.lock
4f15d73778fff365991a1beab9145bb09ccd0822,1633403142,14,node_releases.json (12 months offset),yarn,yarn.lock
c17b9eeffd28edc561f2e924b272685a9f5d7587,1633408394,14,node_releases.json (12 months offset),yarn,yarn.lock
b2e2587f2c54095d4279e6abaec088d637116001,1633409097,14,node_releases.json (12 months offset),yarn,yarn.lock
e5e1568fc6d39c8941743a68c256cda530643b08,1633480059,14,node_releases.json (12 months offset),yarn,yarn.lock
bf31c32519d0289a14a5ab499d37d1ffdaaa270b,1633481651,14,node_releases.json (12 months offset),yarn,yarn.lock
05989b03bf56d98aaf3522630b481616799c4dc8,1633482115,14,node_releases.json (12 months offset),yarn,yarn.lock
dddbf53883103e43473b79825547b908dacb474c,1633485800,14,node_releases.json (12 months offset),yarn,yarn.lock
693b89b9fa42ee28f20ce0c384f952472208374d,1633486423,14,node_releases.json (12 months offset),yarn,yarn.lock
4472895e4a973e3ffc8d3e500bd4186336290e02,1633494372,14,node_releases.json (12 months offset),yarn,yarn.lock
cf444b29c83e9d35b0281c43f212a4cf379960a8,1633498232,14,node_releases.json (12 months offset),yarn,yarn.lock
631ad1d18452399985a6261bd369fc27713a8dd8,1633498232,14,node_releases.json (12 months offset),yarn,yarn.lock
995d41e89b9d9afce117004a5afb368c6221e2da,1633516113,14,node_releases.json (12 months offset),yarn,yarn.lock
87560be3d6e61f8bf364af2f5650c124bfefa61a,1633588485,14,node_releases.json (12 months offset),yarn,yarn.lock
5662154a74d5333607ef8a7627cbc1bd9bc1ca61,1633647238,14,node_releases.json (12 months offset),yarn,yarn.lock
0dbc53761203c0a39fa955b1a8fd6653799781e9,1633650620,14,node_releases.json (12 months offset),yarn,yarn.lock
c94449c8ef168c1657ed1049bb8e57a7bebe3ae8,1633652333,14,node_releases.json (12 months offset),yarn,yarn.lock
2942f91106656fa2743653034db9c58417d9c3fa,1633652333,14,node_releases.json (12 months offset),yarn,yarn.lock
fcdaf29a1cbd824cd9cb7868887fe8894c21d681,1633663031,14,node_releases.json (12 months offset),yarn,yarn.lock
8005d93353196045057f2a3e54a9149ef4f4b441,1633664704,14,node_releases.json (12 months offset),yarn,yarn.lock
4aa7b087f6677c4c8857a4f47e06ff4eb4ce9c57,1633824320,14,node_releases.json (12 months offset),yarn,yarn.lock
17776d0085df61b6656702837270b7f64c7b2e6d,1633909055,14,node_releases.json (12 months offset),yarn,yarn.lock
8c2fd708e617a6520558c3475e2ef7b7b83da3ac,1633915929,14,node_releases.json (12 months offset),yarn,yarn.lock
3d0c58b62e3ebd25748c3e3f69b564090005664c,1633915929,14,node_releases.json (12 months offset),yarn,yarn.lock
1292e40a13d9d6cf89fe4d0cb80674897830cfbb,1633915929,14,node_releases.json (12 months offset),yarn,yarn.lock
1526a9b577624f67d2b4468b09df6e37d7ec7a32,1633915929,14,node_releases.json (12 months offset),yarn,yarn.lock
1f71e3c8dcdc968058cbd44a43fb9ca796b1b803,1633915929,14,node_releases.json (12 months offset),yarn,yarn.lock
4aea1aed5955fa5ede625822c6f0f44474b792a9,1633916144,14,node_releases.json (12 months offset),yarn,yarn.lock
4e954bfe34d4817c6e08997e24ec5c4580836c9f,1633918082,14,node_releases.json (12 months offset),yarn,yarn.lock
e1a5c9f933eefc0f02ba9aed13af47a4d29f7199,1633918284,14,node_releases.json (12 months offset),yarn,yarn.lock
1a45124a50724f7e1171feb576dabc6c02655972,1633918304,14,node_releases.json (12 months offset),yarn,yarn.lock
e995cdc08f532beb814f115622212d16f254fc03,1633918611,14,node_releases.json (12 months offset),yarn,yarn.lock
8e08e2b38dbbe9eff522d69719808aa659f3f779,1633918958,14,node_releases.json (12 months offset),yarn,yarn.lock
1014cd6784a685fd665eb46302f246cef8a71014,1633919003,14,node_releases.json (12 months offset),yarn,yarn.lock
7c86953da598110ee032a04fe0ddb1d6861b9be1,1633919176,14,node_releases.json (12 months offset),yarn,yarn.lock
22bd20ad93318b9de1588f41f6db52c2c1b4ad4a,1633919314,14,node_releases.json (12 months offset),yarn,yarn.lock
93cda0cca0b1099b42b375493ab0860486997d3d,1633929572,14,node_releases.json (12 months offset),yarn,yarn.lock
da58852a4988064eb19f3e2e00a28288f6077170,1633930803,14,node_releases.json (12 months offset),yarn,yarn.lock
b9404325e2df99977bd0c59d0821c661e4f721f8,1633975717,14,node_releases.json (12 months offset),yarn,yarn.lock
abad7c6197e83a420f66232a5af28ab843a69505,1634019566,14,node_releases.json (12 months offset),yarn,yarn.lock
1b8ece488576efc2a6a2b995c232acaa71e56774,1634084634,14,node_releases.json (12 months offset),yarn,yarn.lock
6d4653f70bd280544037252b048f7631dc79ef58,1634084700,14,node_releases.json (12 months offset),yarn,yarn.lock
ece17cf480c6050ef38a8de803602630689277c2,1634084716,14,node_releases.json (12 months offset),yarn,yarn.lock
7929d8ec5af2af75ff4b90623fe5eed85e1edf3c,1634529522,15,node_releases.json (12 months offset),yarn,yarn.lock
acf0f3a964058b9c02e48523d02d7935aa4f3a59,1634606902,15,node_releases.json (12 months offset),yarn,yarn.lock
390211ae313c1f4ba85ffea2e7d9bf532ec4e0f8,1634610291,15,node_releases.json (12 months offset),yarn,yarn.lock
daeef80e6b2d9ff1c61ba7b6bd48144fcc9c9952,1634684449,15,node_releases.json (12 months offset),yarn,yarn.lock
06b101e15fadb7e53de529fb1296b461a974d088,1634684449,15,node_releases.json (12 months offset),yarn,yarn.lock
5d0b9d615f63cfab22c0d70a11c861aaeee2afdd,1634684449,15,node_releases.json (12 months offset),yarn,yarn.lock
339dd6a16e9ac6d23a88944c984c456da70cf86b,1634792065,15,node_releases.json (12 months offset),yarn,yarn.lock
03e4fd20c25869822c64e04c0869c80cac55f01e,1634792223,15,node_releases.json (12 months offset),yarn,yarn.lock
824c084bfa45293faf39fe2a8db1f5e2c83539a2,1634792239,15,node_releases.json (12 months offset),yarn,yarn.lock
6f81a046f2aee441afdf0b3960050188080e5daa,1634796899,15,node_releases.json (12 months offset),yarn,yarn.lock
3509241e9fe33d428d19de32b94e8f6b4c1f66a9,1634882096,15,node_releases.json (12 months offset),yarn,yarn.lock
742d14a7a7cee5aa4281515677abb49045241e5b,1634882164,15,node_releases.json (12 months offset),yarn,yarn.lock
70051f5584ca402a854781a8fc726574ade09404,1634882224,15,node_releases.json (12 months offset),yarn,yarn.lock
635a68af325a200f42af77ef4ccdb63a03b3895b,1635203902,15,node_releases.json (12 months offset),yarn,yarn.lock
1f2a45153bfedcedeb51da526e8e9d5c4c23b7b4,1635208910,15,node_releases.json (12 months offset),yarn,yarn.lock
efc94c6d02e21facedeae0a088b4ed43f35ce7b5,1635208910,15,node_releases.json (12 months offset),yarn,yarn.lock
ecce02bf195bcb8b7e3f51a8baba0a236f4bd673,1635208910,15,node_releases.json (12 months offset),yarn,yarn.lock
0cdd2de6276a7c87572e791ee809a9fd5d9c071d,1635208910,15,node_releases.json (12 months offset),yarn,yarn.lock
a3da6ec82d634afc6df1872612e28da614de5c6a,1635208910,15,node_releases.json (12 months offset),yarn,yarn.lock
3a2739ba00b856b0262e92f688848d6925b7cff1,1635208910,15,node_releases.json (12 months offset),yarn,yarn.lock
1ab4f9624578f8c9fc145eeaa7133dcf2303a6a2,1635208910,15,node_releases.json (12 months offset),yarn,yarn.lock
7fe5eb819417935aaa468848b03446200aa18a00,1635208910,15,node_releases.json (12 months offset),yarn,yarn.lock
064e581f419a83b1c1221515969a836bbd4e663a,1635208910,15,node_releases.json (12 months offset),yarn,yarn.lock
957ceca40bba52618ce1a2e68ddeab2d155838dc,1635208961,15,node_releases.json (12 months offset),yarn,yarn.lock
b61e76b8eff2219446b7386ec4da656074ba7c10,1635229491,15,node_releases.json (12 months offset),yarn,yarn.lock
c4e1568db112c78ccb68beac5770c6be9c63c20b,1635230962,15,node_releases.json (12 months offset),yarn,yarn.lock
4c5127ca526444df180daca1dde9428924e7841f,1635231595,15,node_releases.json (12 months offset),yarn,yarn.lock
d99ebcffc581854a94bd7c548869213b84a4466c,1635232674,15,node_releases.json (12 months offset),yarn,yarn.lock
9c601e2ffb206b91be8a364d93b02adc836127ee,1635232716,15,node_releases.json (12 months offset),yarn,yarn.lock
b2a9c1484e3ccde90b5585c5fd532d6eb7de69cf,1635232945,15,node_releases.json (12 months offset),yarn,yarn.lock
b27e4a12353a4b943e66dd45f35e81ca2af80d1d,1635316664,15,node_releases.json (12 months offset),yarn,yarn.lock
f5d2bc48148abbe1dd0dbd7ff677817fbb6d2a0a,1635731850,15,node_releases.json (12 months offset),yarn,yarn.lock
a1260a455275ea8f03d0e724dc65b8228fe469fa,1635740047,15,node_releases.json (12 months offset),yarn,yarn.lock
fd2d03b90f7080d1f137b1d9af7df721e41b4ad7,1635749280,15,node_releases.json (12 months offset),yarn,yarn.lock
690d0649eccef90c45303f130eb583b4f1a85197,1635751515,15,node_releases.json (12 months offset),yarn,yarn.lock
f8756eee08265ab3d0450e8637ecd946de1b0837,1635906293,15,node_releases.json (12 months offset),yarn,yarn.lock
a87712ba105a5823bbeb5f43c66d461e642a76c1,1635990033,15,node_releases.json (12 months offset),yarn,yarn.lock
a22c40d8aa20234d347c47bfab104f32782de037,1635992548,15,node_releases.json (12 months offset),yarn,yarn.lock
bd94d4eb7d05be8e05235d5bbd9f8068ebe2ca37,1636001420,15,node_releases.json (12 months offset),yarn,yarn.lock
6ddbc1ceb659ba577e45bbbb5235b37f93ca6948,1636339731,15,node_releases.json (12 months offset),yarn,yarn.lock
b4c844a6b52e300ef4038c9a769c4eb1222decf2,1636346590,15,node_releases.json (12 months offset),yarn,yarn.lock
4f9c5deebb5cb9e761b25972e23d19450e46a469,1636348166,15,node_releases.json (12 months offset),yarn,yarn.lock
25c5e78deb665fa16e8aa91c1436173afbfb7b8b,1636354515,15,node_releases.json (12 months offset),yarn,yarn.lock
6926d13a01f597bb1d10e3397d8e8d3cc61566a3,1636582728,15,node_releases.json (12 months offset),yarn,yarn.lock
d123a1098fbefdd5b2fbe9efaa9e10392e721c18,1636596426,15,node_releases.json (12 months offset),yarn,yarn.lock
4940aa00307bf4e05eaa8f17d49f4cf3cd574fd1,1637037108,15,node_releases.json (12 months offset),yarn,yarn.lock
b0ebf098d9ffe50a15a397b0101e6658d5578544,1637110565,15,node_releases.json (12 months offset),yarn,yarn.lock
ecd4fc68901a46b0339a3d5cc4e2c761b576eabf,1637117851,15,node_releases.json (12 months offset),yarn,yarn.lock
2956adcb5407b41a75432dc5098991c819e417ef,1637117979,15,node_releases.json (12 months offset),yarn,yarn.lock
f4967d9e4ec6de1b402a7c445cc6cbbcd2ffdd75,1637199659,15,node_releases.json (12 months offset),yarn,yarn.lock
b9ff24a779bb1315596932587b74087ad4f58a7d,1637199803,15,node_releases.json (12 months offset),yarn,yarn.lock
f71c964d8603f2fd54fb4dbcbb065aa194403882,1637199803,15,node_releases.json (12 months offset),yarn,yarn.lock
3ec7261b9f24c22aaae6a1ddc0ffa47cd8db5ab2,1637544482,15,node_releases.json (12 months offset),yarn,yarn.lock
4f8f7deac5e96dd890b1ecaa407e799c9abb84d2,1637552454,15,node_releases.json (12 months offset),yarn,yarn.lock
7da49ea49e1dd3834cc55d97d46897452bfe6a7e,1637553467,15,node_releases.json (12 months offset),yarn,yarn.lock
2c6b74805179bb2039980cb9ff29c665031a5b0b,1637570000,15,node_releases.json (12 months offset),yarn,yarn.lock
70aace040130cd485c38e78be58419e4c4cde139,1637570016,15,node_releases.json (12 months offset),yarn,yarn.lock
e2abac83725b2b101ef48c92589556b2d88a6ee2,1637647623,15,node_releases.json (12 months offset),yarn,yarn.lock
636671517b01abe0bd657b95b56430ac0e8ef991,1637647623,15,node_releases.json (12 months offset),yarn,yarn.lock
ec257e809e697cfc0f1411a235368f9fed20f02a,1637647623,15,node_releases.json (12 months offset),yarn,yarn.lock
0d59a04c90b4eaaee700674e41be0e0c10382c18,1637647623,15,node_releases.json (12 months offset),yarn,yarn.lock
83be1f8b468799871493c740422f04a39c830182,1637647623,15,node_releases.json (12 months offset),yarn,yarn.lock
1b5da43783d29b0167b97e9c9fc828a7480b901f,1637647623,15,node_releases.json (12 months offset),yarn,yarn.lock
09043a4b862cc09befca3ec9a6c4cded19533865,1637647623,15,node_releases.json (12 months offset),yarn,yarn.lock
76932883395a5a58b2943bda50935f1a03537533,1637647623,15,node_releases.json (12 months offset),yarn,yarn.lock
f02988422c33deb9a1fe9c5d4968e5144813d657,1637647623,15,node_releases.json (12 months offset),yarn,yarn.lock
3865a8cb3420afde40926a62680059d046cf28cb,1637654474,15,node_releases.json (12 months offset),yarn,yarn.lock
4f192166456719cc8784b463fbcf428652f0e01a,1637715520,15,node_releases.json (12 months offset),yarn,yarn.lock
cce70e3a73c7510e90edbb16b8a0e010380b032b,1637716139,15,node_releases.json (12 months offset),yarn,yarn.lock
7f594230f1d1fb3715d9e53c4e36e3c9c9e363ee,1637716407,15,node_releases.json (12 months offset),yarn,yarn.lock
80af919e6edfe90bc7238fd1d51eda43261080a0,1637727283,15,node_releases.json (12 months offset),yarn,yarn.lock
b6c4d10d9aea012f8e30bebff934abde6528e4a9,1637727911,15,node_releases.json (12 months offset),yarn,yarn.lock
7a271a7b467339dc494e0b79ec4349a5225a4adf,1637802386,15,node_releases.json (12 months offset),yarn,yarn.lock
0281842d1992281fbf7c2820cb7f605ba79beef1,1637802509,15,node_releases.json (12 months offset),yarn,yarn.lock
bf1fe8840917fd1d71c7682a7b39bb9b4c20a8d7,1637802803,15,node_releases.json (12 months offset),yarn,yarn.lock
8c2a6c7cc91f3fa3c4ae74adf10ee6d68f7dd143,1637811863,15,node_releases.json (12 months offset),yarn,yarn.lock
9f86522d0346e6a6b480286b06dbb500b721e522,1637886418,15,node_releases.json (12 months offset),yarn,yarn.lock
6bd1e25080967978ea3263ae75fbc0fb029ddfa9,1638234042,15,node_releases.json (12 months offset),yarn,yarn.lock
9f7bfbd7e3429cf5e527c284d85b19920bc64cd4,1638321729,15,node_releases.json (12 months offset),yarn,yarn.lock
47f68fc385ecb9c9b116eb9f4bb5010008645447,1638333566,15,node_releases.json (12 months offset),yarn,yarn.lock
efb2aa4b37b5ba2ff44831ea74109a2caca209a3,1638334546,15,node_releases.json (12 months offset),yarn,yarn.lock
8e01ba40446731f257f3035026732c1421667891,1638335513,15,node_releases.json (12 months offset),yarn,yarn.lock
8cc4c559c1a8c3b586e1c6c213f16c972cc48af2,1638492815,15,node_releases.json (12 months offset),yarn,yarn.lock
24e4d2f6e6a6fecc3c5d37a616bdb69e92f74505,1638745405,15,node_releases.json (12 months offset),yarn,yarn.lock
6daefa0cda2636ad4e58e5d3f2cf8ed5c63b4e9a,1638777946,15,node_releases.json (12 months offset),yarn,yarn.lock
1e8d2d485ac9fd3b109a2ad43d08156a07a879cb,1638789969,15,node_releases.json (12 months offset),yarn,yarn.lock
e8243039f0ff768b7555eedf2854a091e443db56,1638835629,15,node_releases.json (12 months offset),yarn,yarn.lock
6696bb2ecb9c9974dd1c18830e5421a7bdb26a7e,1638835629,15,node_releases.json (12 months offset),yarn,yarn.lock
a16934222b8f1f16e4e76b794549d434fc8bf3f8,1638836097,15,node_releases.json (12 months offset),yarn,yarn.lock
c16f52965001b6166e25ca88f1b7afeff3169477,1638848767,15,node_releases.json (12 months offset),yarn,yarn.lock
63b5130f0136337bd61a975cd4b2cb3a47928688,1638919992,15,node_releases.json (12 months offset),yarn,yarn.lock
674a17a92c2f91e8ca9af4e6abd188e8993f5fdd,1638924015,15,node_releases.json (12 months offset),yarn,yarn.lock
c0818cb591df73581754c80926e6a07077faabda,1638924015,15,node_releases.json (12 months offset),yarn,yarn.lock
a46854bc980c4e9ff02b59f778ef8a48c7bafe62,1638924015,15,node_releases.json (12 months offset),yarn,yarn.lock
f48189af044e4c1d2e30757965e5acf1de51c493,1638927106,15,node_releases.json (12 months offset),yarn,yarn.lock
328a320640c1c170d75c5d607e457455b6f62418,1638937636,15,node_releases.json (12 months offset),yarn,yarn.lock
db3d37919837b0eede3cb161efedb148148fa158,1639024469,15,node_releases.json (12 months offset),yarn,yarn.lock
10ca6d190d2a6f63188c9068e9d9dfe635bd5be3,1639024469,15,node_releases.json (12 months offset),yarn,yarn.lock
d837df588cd486fde4eee2e18f3696cbf3e7f48f,1639024469,15,node_releases.json (12 months offset),yarn,yarn.lock
c02d267d4e944aee39f5f74c4ae9a6bf0759725f,1639031345,15,node_releases.json (12 months offset),yarn,yarn.lock
a998ab77549baaabf708ae29e4d33cb32c289661,1639032124,15,node_releases.json (12 months offset),yarn,yarn.lock
eb8ce3aeff3471b9d6c7b28a8a53310bbaab9c86,1639032136,15,node_releases.json (12 months offset),yarn,yarn.lock
5d696c1ecc8cdd3b1777edc49f11fc725ea04045,1639032190,15,node_releases.json (12 months offset),yarn,yarn.lock
9879e22ba65c8af826011e05615d97938554ab20,1639032210,15,node_releases.json (12 months offset),yarn,yarn.lock
01b3c0269e0f50e529cd82abdd9a7b36b04dc529,1639032237,15,node_releases.json (12 months offset),yarn,yarn.lock
6908ef1c4073a9303173cc3b76bf0b3d67847505,1639032589,15,node_releases.json (12 months offset),yarn,yarn.lock
448277740bd9c3acec1f1e5c82d29201c4b53769,1639095616,15,node_releases.json (12 months offset),yarn,yarn.lock
abf36ddf616e2fad7eb87a16395e852416ccfc33,1639108894,15,node_releases.json (12 months offset),yarn,yarn.lock
ceb29b71f77fdf54617820c54a45fbcecd160334,1639111629,15,node_releases.json (12 months offset),yarn,yarn.lock
f673c5fdcc90244504722cd627dbe3c568793095,1639111629,15,node_releases.json (12 months offset),yarn,yarn.lock
e471a6d757188399231595ceb400a92a96ec5a0d,1639111629,15,node_releases.json (12 months offset),yarn,yarn.lock
27ed21a9c766b588d87e702b06ff88062fc185f5,1639111629,15,node_releases.json (12 months offset),yarn,yarn.lock
6afd94ff80c9ffdebae118136f069a2ce1ace615,1639111629,15,node_releases.json (12 months offset),yarn,yarn.lock
56e61843bf32827920e949cb34042f81db80a54c,1639113396,15,node_releases.json (12 months offset),yarn,yarn.lock
2b5d6359a8a5ad44b460a9dede8cfa703c7f5d69,1639113396,15,node_releases.json (12 months offset),yarn,yarn.lock
cc2ffc2a0dd73c54ab64cb3c8a697d9b3895888e,1639114963,15,node_releases.json (12 months offset),yarn,yarn.lock
8275b1c07b1cfab4c6adabbfb7dd8247d3b503ca,1639458074,15,node_releases.json (12 months offset),yarn,yarn.lock
15b752063ec92e9223af9f7368aebf9133bccd5f,1639538681,15,node_releases.json (12 months offset),yarn,yarn.lock
c4d0970ccf028a1b8190caa282c09f5101d02130,1639613003,15,node_releases.json (12 months offset),yarn,yarn.lock
5f4872000914a97a0dc0567c6fa98bad0d7afa0f,1639624791,15,node_releases.json (12 months offset),yarn,yarn.lock
44a56b4f5741ff492235bd97b63459f6de5fb811,1639960407,15,node_releases.json (12 months offset),yarn,yarn.lock
19f88766e9359fec6b20a44b73cd0359f0bbfde5,1639970166,15,node_releases.json (12 months offset),yarn,yarn.lock
abc83baba410d8ff1e80891b462db5596ceea608,1639977989,15,node_releases.json (12 months offset),yarn,yarn.lock
0325f25d77df58040e6da4af890999b6f20a963a,1639979576,15,node_releases.json (12 months offset),yarn,yarn.lock
3cb9c5898170c9b9a6d4b48ee0dcb45b2febe846,1639982489,15,node_releases.json (12 months offset),yarn,yarn.lock
57a5bbbc9d574b5b9c8d338402eb06a51aaf1691,1639984830,15,node_releases.json (12 months offset),yarn,yarn.lock
a2c664a35c75a8cc5ba2f33d222d11415ed18132,1640039559,15,node_releases.json (12 months offset),yarn,yarn.lock
c05caa2b988de8cb1de9225f13227e5fcf5c7b15,1640066075,15,node_releases.json (12 months offset),yarn,yarn.lock
9df1e5617676ac10d49ebff7e5fff7a5484818ff,1640066204,15,node_releases.json (12 months offset),yarn,yarn.lock
7b97894a0a607ede608f72e0928c92d75cea3b0c,1640146699,15,node_releases.json (12 months offset),yarn,yarn.lock
2b50251cb025f557f95c35dc516f8123d2a6a4e6,1640241824,15,node_releases.json (12 months offset),yarn,yarn.lock
35ffc2ffc7e0408f374a79750deef094b83c874e,1640242068,15,node_releases.json (12 months offset),yarn,yarn.lock
1725e7c24e135575b2ba39b522f599b50c46ca17,1640242193,15,node_releases.json (12 months offset),yarn,yarn.lock
f730fa4dbc082ed6574c08d2f05bac0b2137ef16,1640243922,15,node_releases.json (12 months offset),yarn,yarn.lock
a6cc9b36d757b89ab1ee2da7ec53e235f4d0f557,1640847778,15,node_releases.json (12 months offset),yarn,yarn.lock
5cb669eef6670b27cd2b08f81bc81dccae15135f,1641779282,15,node_releases.json (12 months offset),yarn,yarn.lock
fe94e881b94b766fa478506be2309f31bc7ebf6c,1641880128,15,node_releases.json (12 months offset),yarn,yarn.lock
d6104e927db4904052e4c466c91c2edb2dee286d,1641952366,15,node_releases.json (12 months offset),yarn,yarn.lock
3ad5a994622da70286adff3e7fafef95ced5f1a5,1642029483,15,node_releases.json (12 months offset),yarn,yarn.lock
6b61c804063c427ee59faa28efb9b43f3e15b607,1642032473,15,node_releases.json (12 months offset),yarn,yarn.lock
8d0ab2b4ad4dc8ead8ce7e25e2c0a9c2d555b6a3,1642032473,15,node_releases.json (12 months offset),yarn,yarn.lock
fd9c189a2979ff7c3e7622bd2436104a5b70a4b4,1642032473,15,node_releases.json (12 months offset),yarn,yarn.lock
2b7490a6cd4ac52a6e6a97561d854ae6c0466f59,1642032473,15,node_releases.json (12 months offset),yarn,yarn.lock
0515ec554f8214befe4bb8eb4921da13807d674e,1642032473,15,node_releases.json (12 months offset),yarn,yarn.lock
e4887a4e97967e6fa729da430087130f16632fb8,1642032473,15,node_releases.json (12 months offset),yarn,yarn.lock
bc2ebf26d2362026bbe34f2ae643a855a06f9f64,1642032473,15,node_releases.json (12 months offset),yarn,yarn.lock
4b2f6e1ca40062330e6ff65a4b80bff2b9e5dfca,1642032473,15,node_releases.json (12 months offset),yarn,yarn.lock
19f8c80b1237dcd83319dd1ae2284bdd978a29de,1642032473,15,node_releases.json (12 months offset),yarn,yarn.lock
9be75976d3e32582250794679eb57b7dd9c5a31d,1642033710,15,node_releases.json (12 months offset),yarn,yarn.lock
0386aa5f3ba8f97a089dff7e806a8ee58ce29a54,1642123099,15,node_releases.json (12 months offset),yarn,yarn.lock
9b039fdf13aa54bd792b62a3a1bfbdcde797b007,1642125934,15,node_releases.json (12 months offset),yarn,yarn.lock
386ee713262b0dba4be0541cae32e45b8b1d0bf4,1642391111,15,node_releases.json (12 months offset),yarn,yarn.lock
1d7265200fd5cfb3232e0506a482d5c932927b33,1642391985,15,node_releases.json (12 months offset),yarn,yarn.lock
222fb226abc5b6828722ce5645e87294edb41c81,1642394178,15,node_releases.json (12 months offset),yarn,yarn.lock
5cb23c399ffa37789871a026bebb6b29b86ebbf9,1642401732,15,node_releases.json (12 months offset),yarn,yarn.lock
6771b38d3ddbd7feedc3c988c98a2e736727a492,1642403938,15,node_releases.json (12 months offset),yarn,yarn.lock
7f9dc11e4ee6b7cf062b945cd6bea7338940cb6d,1642404007,15,node_releases.json (12 months offset),yarn,yarn.lock
35e21c79bf16757fcb1a41a75038ddc3fc1a8225,1642465022,15,node_releases.json (12 months offset),yarn,yarn.lock
d86aaa5cae2376594f27ebc9bc6384c42d0027bd,1642465137,15,node_releases.json (12 months offset),yarn,yarn.lock
85c3af47bb275fa87da23fab43074be90278a6d5,1642465137,15,node_releases.json (12 months offset),yarn,yarn.lock
b7fe330dc13ab684707d83335d4bbff7293c2b3a,1642478919,15,node_releases.json (12 months offset),yarn,yarn.lock
7770a84505f835eb844b5f237061584e2ea02f69,1642491569,15,node_releases.json (12 months offset),yarn,yarn.lock
40ac5d26305a408ffb439ebc76052c78e719e9ef,1642639892,15,node_releases.json (12 months offset),yarn,yarn.lock
a308d807fb4528b55d73961ba08ad4d8bc8a51d5,1642641750,15,node_releases.json (12 months offset),yarn,yarn.lock
75772b208840a1bd1519a3652abf21b0031ba29c,1642649994,15,node_releases.json (12 months offset),yarn,yarn.lock
203729c7162e4e8be05a2ff9e6ef224e11d03519,1642657070,15,node_releases.json (12 months offset),yarn,yarn.lock
f5d9d4a6378ecc4a80e53204b552ba00450c6deb,1642657070,15,node_releases.json (12 months offset),yarn,yarn.lock
c285cf99fd50d04d4b3b9df1899a5eb70d30a506,1642657070,15,node_releases.json (12 months offset),yarn,yarn.lock
b514536c717049a087c2a0ed4a66b56d03b4bf80,1642720008,15,node_releases.json (12 months offset),yarn,yarn.lock
5408e93046f4fbb68d580d810160ac36d6361e5f,1642722656,15,node_releases.json (12 months offset),yarn,yarn.lock
40c5d57bbdd0ddc783c713d6ebbf033becb918c8,1642722860,15,node_releases.json (12 months offset),yarn,yarn.lock
587094ecea341c89149716298e8f48c1c4d99070,1642722860,15,node_releases.json (12 months offset),yarn,yarn.lock
3db0ff5f59c0bbcf10763a9d17593371d972cf7d,1642722860,15,node_releases.json (12 months offset),yarn,yarn.lock
fc1f9943bdb7206da4b706f51cb1b4e60c50389f,1642732411,15,node_releases.json (12 months offset),yarn,yarn.lock
bf811c5a735cf6e44c66244e2e3851e64d9bfb36,1642736190,15,node_releases.json (12 months offset),yarn,yarn.lock
56b2bf1b9fbc28e0192f91b7899d24df02deb2bd,1642737426,15,node_releases.json (12 months offset),yarn,yarn.lock
5acd3f330cd26a7fc059c04b9626371218802657,1642740416,15,node_releases.json (12 months offset),yarn,yarn.lock
5ff0c5f279616690f400349e2bf5bb27f1f12e58,1642743588,15,node_releases.json (12 months offset),yarn,yarn.lock
ba4e5d22f3c0e5e71eb7b582c29eb2ae9375925b,1642743588,15,node_releases.json (12 months offset),yarn,yarn.lock
aa25c85e3200025c22df7f854c06c1f4b9cd4eb7,1642752347,15,node_releases.json (12 months offset),yarn,yarn.lock
9bb72e364e438339d7dce43be3314949e1485f8a,1642752347,15,node_releases.json (12 months offset),yarn,yarn.lock
c786e717fbd4b2dbd6d362bcc5bda9da5b10ceec,1642752347,15,node_releases.json (12 months offset),yarn,yarn.lock
08e00ce99dfa2a4647d06aa8a461b6aa83b64ee5,1642980037,15,node_releases.json (12 months offset),yarn,yarn.lock
36c8b70fd668e4cf696803809ff30a1eb62ae45f,1642981770,15,node_releases.json (12 months offset),yarn,yarn.lock
552f83c534723ea94b81a42cae4b16e8d3a95c11,1642987064,15,node_releases.json (12 months offset),yarn,yarn.lock
00a8f2deec43193ea1973fb6a5029ef09e7ba260,1642989991,15,node_releases.json (12 months offset),yarn,yarn.lock
b20732525ff0e218ef546536b38e41291f20d231,1643014530,15,node_releases.json (12 months offset),yarn,yarn.lock
2395a8a5aec76d57204fa5436aae9c8e7cdd5b70,1643054048,15,node_releases.json (12 months offset),yarn,yarn.lock
b4716707e175660f0536764af94d2be911513485,1643063588,15,node_releases.json (12 months offset),yarn,yarn.lock
15101b718fc7753b80a26750fb7856b33d39c365,1643067221,15,node_releases.json (12 months offset),yarn,yarn.lock
7a24521f672d7ba3de9ad8fb194681ed98185859,1643067221,15,node_releases.json (12 months offset),yarn,yarn.lock
2357093ece49ed13d0ec4f4f1ec7fc1c481602fe,1643067221,15,node_releases.json (12 months offset),yarn,yarn.lock
0564e72dbd5ec06affaca3bd2443a697fc833be3,1643067221,15,node_releases.json (12 months offset),yarn,yarn.lock
4675fdc153b08da7b3278cc82ba73a6e525cb605,1643067221,15,node_releases.json (12 months offset),yarn,yarn.lock
f06d74a20f5a1cbd209f0be17f85665cf52facbe,1643067229,15,node_releases.json (12 months offset),yarn,yarn.lock
d29c2c5343201ba104258799732d2483747914a3,1643067239,15,node_releases.json (12 months offset),yarn,yarn.lock
4761728e2e392e1455092107adf11e4e20dc522f,1643074128,15,node_releases.json (12 months offset),yarn,yarn.lock
738065b6f827a595e690f5846c61d8177b885e1c,1643075651,15,node_releases.json (12 months offset),yarn,yarn.lock
077a59c43ae7e891590ea8788045d549d35a97ca,1643076097,15,node_releases.json (12 months offset),yarn,yarn.lock
92f6fc86315435d616b4b89c0fd1f2b7d6730f7e,1643094067,15,node_releases.json (12 months offset),yarn,yarn.lock
f8f9b5bf881601d3cfbddd7abe6de978f78d97a5,1643242996,15,node_releases.json (12 months offset),yarn,yarn.lock
50cf37f330bfc8594d5119ffca5d0b3278a72279,1643247947,15,node_releases.json (12 months offset),yarn,yarn.lock
17164e45f05aedf2e19e5b0e736e6da7f8986509,1643249224,15,node_releases.json (12 months offset),yarn,yarn.lock
b69238eb9152f719d8b2e410976ea9c62a9cc529,1643266138,15,node_releases.json (12 months offset),yarn,yarn.lock
4c8c32495c7968600443cb0715daf4a81c9f57d2,1643327147,15,node_releases.json (12 months offset),yarn,yarn.lock
4dafc618f4d09a94db01eacef155c3a7cb7f624e,1643328198,15,node_releases.json (12 months offset),yarn,yarn.lock
e15149f565324cc847293eb6e2a512dc70a64efe,1643332733,15,node_releases.json (12 months offset),yarn,yarn.lock
3ae402bb231cb79de2cacd3736beb18c1a57faab,1643332733,15,node_releases.json (12 months offset),yarn,yarn.lock
eea19ad85b65b6729350ce32aa7b64da52c64ff3,1643332733,15,node_releases.json (12 months offset),yarn,yarn.lock
51962d05f6c91f35c4bc79cd92d28b1758730113,1643332733,15,node_releases.json (12 months offset),yarn,yarn.lock
5c6cb3fd61cf31f9314b7b64fe75387fbd267ba7,1643332733,15,node_releases.json (12 months offset),yarn,yarn.lock
b2c91d0464fb76bf4636967c33405941dc753009,1643332733,15,node_releases.json (12 months offset),yarn,yarn.lock
e98d68337fc8b419553e751299ec0c5bdcb88e20,1643333846,15,node_releases.json (12 months offset),yarn,yarn.lock
bcfff073795c1ee3d8e725edc44efd646783eb51,1643343074,15,node_releases.json (12 months offset),yarn,yarn.lock
6baed1ba24913643f1a6bb3307e08f8bf011a1b1,1643588125,15,node_releases.json (12 months offset),yarn,yarn.lock
aeee2b17ff2de9e24d8f5432f829746950da1d6a,1643588125,15,node_releases.json (12 months offset),yarn,yarn.lock
be4e5f735e33f88f6aeea7c53cb8110d625b3b0c,1643588125,15,node_releases.json (12 months offset),yarn,yarn.lock
6255c490120ec97d6042dda1c057281db22653b2,1643588125,15,node_releases.json (12 months offset),yarn,yarn.lock
10be52e25653e20348ebf6e4c55d2aeec4f43ce8,1643608781,15,node_releases.json (12 months offset),yarn,yarn.lock
cefd238fa588652d254b10e53082e22ad9f516f9,1643612139,15,node_releases.json (12 months offset),yarn,yarn.lock
7453b7faee4579be2ee8cd7721d2f663f3c41392,1643613542,15,node_releases.json (12 months offset),yarn,yarn.lock
4034c4e0a2b595cccfc1b4b749233332249050af,1643613649,15,node_releases.json (12 months offset),yarn,yarn.lock
850fbcade3fdf891097af0bf55012580d2ae20c7,1643695756,15,node_releases.json (12 months offset),yarn,yarn.lock
8c13482153500dba4a1b16c033c190cc72b91417,1643762641,15,node_releases.json (12 months offset),yarn,yarn.lock
cc54c03320b7661a0de741d67d3af01c63e507bb,1643782630,15,node_releases.json (12 months offset),yarn,yarn.lock
41c975bce68b60f6477b793e08574dabb9bdc802,1643783695,15,node_releases.json (12 months offset),yarn,yarn.lock
ab0e8245294da9b7d5a718b4f70235380ae3db97,1643785157,15,node_releases.json (12 months offset),yarn,yarn.lock
0621ac069af734bc785523f5e95a5490a40dff5d,1643862272,15,node_releases.json (12 months offset),yarn,yarn.lock
f999bf763ff737036ff72ffef2009a79071eb3ea,1643868673,15,node_releases.json (12 months offset),yarn,yarn.lock
6b6d1e16e0274c50b924bd751c4fd53139429336,1643871411,15,node_releases.json (12 months offset),yarn,yarn.lock
41b743c080db94c35e904b53f784aa85dbc9b4cf,1643930715,15,node_releases.json (12 months offset),yarn,yarn.lock
6c9d7922b2a1b303d98551c3dfa70c855188a74b,1643930814,15,node_releases.json (12 months offset),yarn,yarn.lock
44356aa97fe756316c4f3c4d853f9b5c048a30ad,1643931166,15,node_releases.json (12 months offset),yarn,yarn.lock
bb29fec9c759e63592539757558bfac90d9d0613,1643946864,15,node_releases.json (12 months offset),yarn,yarn.lock
1a568f4f214f6983d3278a641c63c9ef438d860f,1643946864,15,node_releases.json (12 months offset),yarn,yarn.lock
274f54b8569828e3170e40f9b1febd3fba236a2a,1644190858,15,node_releases.json (12 months offset),yarn,yarn.lock
711824c6674647991ad6d39c9d1493611f5ad48e,1644190875,15,node_releases.json (12 months offset),yarn,yarn.lock
eb26cc6b82be977038db16f601bbdafbeee5ba7a,1644197586,15,node_releases.json (12 months offset),yarn,yarn.lock
cb9d1536f6d14f8ff64e742bd6451325c4d75ecb,1644197951,15,node_releases.json (12 months offset),yarn,yarn.lock
d16f5f89ef97df0028ba0c8d2ca0693374c0cd4b,1644200032,15,node_releases.json (12 months offset),yarn,yarn.lock
46ad5e0498a5ecf755dfd0adf4002d4d097c8207,1644205940,15,node_releases.json (12 months offset),yarn,yarn.lock
6eb958e5966ba2734ac8689c61e55cef79a95e0c,1644276833,15,node_releases.json (12 months offset),yarn,yarn.lock
eb0e876be637db147d328198786b67318a80e3e4,1644276887,15,node_releases.json (12 months offset),yarn,yarn.lock
b520b3b14db88f0502717e15f206eea55ac1d325,1644276937,15,node_releases.json (12 months offset),yarn,yarn.lock
0dd7f1f22b5a1ebd1c7394c00e01caef17c0832f,1644276947,15,node_releases.json (12 months offset),yarn,yarn.lock
4c0de50bdf2466b42ccf78960d4fa9224081f6cf,1644277290,15,node_releases.json (12 months offset),yarn,yarn.lock
bd6e72720706437a79e60afe1807211e5eb0a315,1644277604,15,node_releases.json (12 months offset),yarn,yarn.lock
b309da600e1d610cde0243581d0fa624fffc7af0,1644278989,15,node_releases.json (12 months offset),yarn,yarn.lock
8c610dc25d8923d4e16b11f1e82092073744b58b,1644370188,15,node_releases.json (12 months offset),yarn,yarn.lock
f61d071878146aee69f57bdb712c1a6d0e8c8def,1644372907,15,node_releases.json (12 months offset),yarn,yarn.lock
016b931386b59070285fea2abb91e638aae43469,1644448326,15,node_releases.json (12 months offset),yarn,yarn.lock
b609eeaa714633907eaff1aa84d2826cfa8f0934,1644456856,15,node_releases.json (12 months offset),yarn,yarn.lock
595b2d78f086ae408c9293bd97f5f2d47747385d,1644471068,15,node_releases.json (12 months offset),yarn,yarn.lock
de3973f097a4341778a95ad37e1b3dec8ed2de3c,1644476269,15,node_releases.json (12 months offset),yarn,yarn.lock
67d1c941aae99a0d3dc81b612d7a5b89009a4d18,1644476269,15,node_releases.json (12 months offset),yarn,yarn.lock
4b44a7c36940d849a00c396184536c67c059ecc5,1644557753,15,node_releases.json (12 months offset),yarn,yarn.lock
c54e825e066a0bd3b2f0843893d3214a9953d9b5,1644792753,15,node_releases.json (12 months offset),yarn,yarn.lock
bc20630e6eea008c8f19e97523c13715217b689a,1644794813,15,node_releases.json (12 months offset),yarn,yarn.lock
9815c3967206812061ad7f5c35f0e11d1f7eb134,1644798545,15,node_releases.json (12 months offset),yarn,yarn.lock
bf458d486ac84104debdfbd33f93dbb5bd3f453f,1644800302,15,node_releases.json (12 months offset),yarn,yarn.lock
ecd7d9d427a6c1b4c3f6321aa534b63d1d02b1de,1644812879,15,node_releases.json (12 months offset),yarn,yarn.lock
78cf496de2ff57e91415ca1a2a37468188fe45a6,1644822520,15,node_releases.json (12 months offset),yarn,yarn.lock
7ca5270dd97019fe756ba68444442bfb47aa0e3b,1644822520,15,node_releases.json (12 months offset),yarn,yarn.lock
4f367195c4e7c3e19f5c11adcc7a12142b0351e1,1644880681,15,node_releases.json (12 months offset),yarn,yarn.lock
62f1e641f4d31c7bf6a8f134a3cf52fae913d6fe,1644890104,15,node_releases.json (12 months offset),yarn,yarn.lock
d49a785e3c4b73449f8a3f5b0fd621c8c5461d95,1644895507,15,node_releases.json (12 months offset),yarn,yarn.lock
f8415830399b3aa3d61bf8cb2a9b49651a39f35d,1644897125,15,node_releases.json (12 months offset),yarn,yarn.lock
2937773119036629ef9f385a557ef0a56b1b1c17,1644902960,15,node_releases.json (12 months offset),yarn,yarn.lock
e4c8a345615b5566b767207d01cd3af2d5aaa0fc,1644907738,15,node_releases.json (12 months offset),yarn,yarn.lock
f875fe17423df5e1d3326b4f1c505f7e67a13284,1645068591,15,node_releases.json (12 months offset),yarn,yarn.lock
9a7375ce5fd0257629900ddec323110c89527af6,1645068607,15,node_releases.json (12 months offset),yarn,yarn.lock
19e6f30d9d4a40a46cbda97c1786f949950bbf9e,1645085962,15,node_releases.json (12 months offset),yarn,yarn.lock
029ef9c680e966397507356d63c705e54ea71768,1645140949,15,node_releases.json (12 months offset),yarn,yarn.lock
d2a2831b35964a0f212fea2a901291c1e1951e10,1645165758,15,node_releases.json (12 months offset),yarn,yarn.lock
da3c00fff82939b1c8121187b80473b145df4fac,1645401015,15,node_releases.json (12 months offset),yarn,yarn.lock
1f87c8dd2eafc8983eb9132ae07c32bf0c563e84,1645405343,15,node_releases.json (12 months offset),yarn,yarn.lock
adb0d3a0a0b913a2970b7f9a38f666dcccf933e1,1645415880,15,node_releases.json (12 months offset),yarn,yarn.lock
a687e5b014818051bb158f9a87ea53e92864199c,1645420015,15,node_releases.json (12 months offset),yarn,yarn.lock
a02c91b19b5ad47a9ef428e22ceff340f90f61ec,1645502351,15,node_releases.json (12 months offset),yarn,yarn.lock
318b6cb3afc56dac1c768ef6db5e280cbe77f1ab,1645502351,15,node_releases.json (12 months offset),yarn,yarn.lock
a677c9dd036684def5f44fc7e3afe04446e1fd4f,1645502351,15,node_releases.json (12 months offset),yarn,yarn.lock
49d9c9c20e80093a047d6cad3698f3a897d4a13c,1645502351,15,node_releases.json (12 months offset),yarn,yarn.lock
9b67694ecd1ffda518a9c23e51f1cc4a7185c1c3,1645502351,15,node_releases.json (12 months offset),yarn,yarn.lock
cd71b473ca88a5ebcc79608d0f45a6e83af8c68d,1645503984,15,node_releases.json (12 months offset),yarn,yarn.lock
8aa6968f8b75902c348f7c7b3a31a2a362e9bf7e,1645512820,15,node_releases.json (12 months offset),yarn,yarn.lock
236891ffcdf2fd1b698d020e67c31838fb110019,1645575305,15,node_releases.json (12 months offset),yarn,yarn.lock
bf52b27a48c5ca9bd55e26a505300086313889fa,1645659742,15,node_releases.json (12 months offset),yarn,yarn.lock
00729b242066d5dc0f066a589b05188276cdc9aa,1645660815,15,node_releases.json (12 months offset),yarn,yarn.lock
c12fb6af3b6b72886946dd3fb1bb1b8be249949f,1645714283,15,node_releases.json (12 months offset),yarn,yarn.lock
981991653590f9b6d8962019d9da97a070db1a9a,1645746398,15,node_releases.json (12 months offset),yarn,yarn.lock
a0a662be6df605d39709a93bc0a7ea31de8ecdc7,1645748236,15,node_releases.json (12 months offset),yarn,yarn.lock
190f1a2cdd17970f633754ebcf7facf0a9f5c408,1645748245,15,node_releases.json (12 months offset),yarn,yarn.lock
5efa72de6dd9b86c7ad2f4409805dcf73d19dad3,1645748582,15,node_releases.json (12 months offset),yarn,yarn.lock
01ec794cc0c8e82a08d893a523e7b04a5d939381,1645748624,15,node_releases.json (12 months offset),yarn,yarn.lock
920e452346e683ab09fd8a189cb754ebffbfe460,1646090151,15,node_releases.json (12 months offset),yarn,yarn.lock
f34c4bbcde5cad04232b3e4c5429ec52557fcbff,1646096371,15,node_releases.json (12 months offset),yarn,yarn.lock
5c62b186b9157b130de879eeac46b81454147177,1646122919,15,node_releases.json (12 months offset),yarn,yarn.lock
736f141c4cb01bb7976d049d71557b93af878ac2,1646182930,15,node_releases.json (12 months offset),yarn,yarn.lock
7900ce87a8ae452f03d7b42ceeb82c00edd90917,1646189245,15,node_releases.json (12 months offset),yarn,yarn.lock
f4439157bd5fb53910f9f92a4529dc555edc1186,1646189875,15,node_releases.json (12 months offset),yarn,yarn.lock
e52ad71b24d7498298845e488f5e483ab3f1c08a,1646265327,15,node_releases.json (12 months offset),yarn,yarn.lock
3093a7febe1c6b30509d9b2eb2b01ce6b0735ad2,1646266079,15,node_releases.json (12 months offset),yarn,yarn.lock
a3c13ff4c2b3d77c6092e0e158c665d4028039f6,1646271679,15,node_releases.json (12 months offset),yarn,yarn.lock
0b76a1c035d301c2999a447a20d9fc270617c3e9,1646273123,15,node_releases.json (12 months offset),yarn,yarn.lock
4a7ff66bc38cb6d4eb40ab1b316f911e2d4627b3,1646273628,15,node_releases.json (12 months offset),yarn,yarn.lock
6931cf0c3587535cc717d38d924b7e22520c91af,1646274012,15,node_releases.json (12 months offset),yarn,yarn.lock
bf3bdaf7cbdc39e5093d519ad83a50bc7df7f15e,1646274329,15,node_releases.json (12 months offset),yarn,yarn.lock
e3894dfb5c9696d572cce2ea975a6c3db529a57b,1646278103,15,node_releases.json (12 months offset),yarn,yarn.lock
80b16e31223db9e346f43c36298aaae06ae2fba3,1646278486,15,node_releases.json (12 months offset),yarn,yarn.lock
f1dbc6b30b9454feb53743ac69ff6b643d066e54,1646728431,15,node_releases.json (12 months offset),yarn,yarn.lock
6b0112c370ba12c8218012385ce762a7ab2010aa,1646794854,15,node_releases.json (12 months offset),yarn,yarn.lock
4ee8f3de8ab1263697a411d7db4b4ac64dd66a86,1646807727,15,node_releases.json (12 months offset),yarn,yarn.lock
991b698c34827ad738a5fbb58c93987727d7e0e0,1646873994,15,node_releases.json (12 months offset),yarn,yarn.lock
7cfc884651e967e6be1a404f217015d6692cf08d,1646875149,15,node_releases.json (12 months offset),yarn,yarn.lock
4e8fe0100181e7bc7a5b53ebb369d09425713801,1646964532,15,node_releases.json (12 months offset),yarn,yarn.lock
bcfced7a083cfca4a062e7a3d844d063d9eba13e,1646964543,15,node_releases.json (12 months offset),yarn,yarn.lock
785a209e61cc9270aa9140ca9137df75a716d773,1646964605,15,node_releases.json (12 months offset),yarn,yarn.lock
099de8100eba5ca95a5d759603e868e6e80405cb,1647191622,15,node_releases.json (12 months offset),yarn,yarn.lock
8a8e9ebf586b205ab970d9e7c0ca7c43b92e14e1,1647212658,15,node_releases.json (12 months offset),yarn,yarn.lock
8e72756b2093c94b9489c17a732c1bcd8b2f5478,1647213100,15,node_releases.json (12 months offset),yarn,yarn.lock
545ea791307fc218081f0aec848dd935e7c927c6,1647300582,15,node_releases.json (12 months offset),yarn,yarn.lock
a9cb582f7cd620ab4085427330dabc6876cac89a,1647394908,15,node_releases.json (12 months offset),yarn,yarn.lock
bb11f470f9f463b826be1036bf1ad47fa7abe04f,1647396844,15,node_releases.json (12 months offset),yarn,yarn.lock
ccd8a17c284f0e6faba353046a669d21e6c91312,1647401702,15,node_releases.json (12 months offset),yarn,yarn.lock
4a3ce6f20b76bb70f2b65384c7123875d8879580,1647401727,15,node_releases.json (12 months offset),yarn,yarn.lock
4da98c51795764d41a43917d81df006610463c3f,1647476907,15,node_releases.json (12 months offset),yarn,yarn.lock
d04e9fa72b413a3ad771844b0e984a4632a154d1,1647502488,15,node_releases.json (12 months offset),yarn,yarn.lock
79b38900d1c4331d9bc16850d81bc778b158c83e,1647515847,15,node_releases.json (12 months offset),yarn,yarn.lock
b526ae375ded7b2ce4ac07ca9eb70146990f7d6f,1647558586,15,node_releases.json (12 months offset),yarn,yarn.lock
93613fbe174a101037bf9d0ccc5a1a20a1729a8d,1647561582,15,node_releases.json (12 months offset),yarn,yarn.lock
30d1ecf09968731b8a83360f9ce5690a9377d617,1647562650,15,node_releases.json (12 months offset),yarn,yarn.lock
7331fd5ad9094a84a0e79201d823df95f18d7048,1647567387,15,node_releases.json (12 months offset),yarn,yarn.lock
36411a5a297768ef68ba1e8fbf2759b44c5ecb20,1647567550,15,node_releases.json (12 months offset),yarn,yarn.lock
496a2b9662f9988e5cde4900c9ad67961cee7bc0,1647601055,15,node_releases.json (12 months offset),yarn,yarn.lock
c592ae7ab1faea9dc26724ef6b3a352a99b4b4ce,1647821070,15,node_releases.json (12 months offset),yarn,yarn.lock
91b891eb142d14040a12a29842338bc985284c80,1647839534,15,node_releases.json (12 months offset),yarn,yarn.lock
b86f6c51104cb41481de46027aaeff0b1935d59e,1647840185,15,node_releases.json (12 months offset),yarn,yarn.lock
731754d6019938fd74d4d8c233423d3fcdb1148c,1647840266,15,node_releases.json (12 months offset),yarn,yarn.lock
915ac631e4e34811c898146de64b42ce9638509e,1647882776,15,node_releases.json (12 months offset),yarn,yarn.lock
1730cd9bc808be7d35b1e6818e79e9a18875886e,1647909686,15,node_releases.json (12 months offset),yarn,yarn.lock
1203e0e03b3428b58d17c93710a31f72261bbe56,1647914597,15,node_releases.json (12 months offset),yarn,yarn.lock
981f37a7352b28e15b64086acfa1da877ee720a5,1647914636,15,node_releases.json (12 months offset),yarn,yarn.lock
eb5d306939d881f6ad5d8d1b4941042dacab205e,1647920116,15,node_releases.json (12 months offset),yarn,yarn.lock
f2fee8905a04e813065501bd8d13b0df4043120d,1647995391,15,node_releases.json (12 months offset),yarn,yarn.lock
987451106948abb456b35e32aa6e170d283a69c4,1647996825,15,node_releases.json (12 months offset),yarn,yarn.lock
70ab2cf51d411750e0c285d8b1b0026d742265f7,1647998870,15,node_releases.json (12 months offset),yarn,yarn.lock
aab53303d777e1064c7a2d89e036fa9ce62185b0,1647998993,15,node_releases.json (12 months offset),yarn,yarn.lock
e242dd9b55201c9084d2c7c9c7b03489bcf308ec,1647999287,15,node_releases.json (12 months offset),yarn,yarn.lock
8614f8785e1b011158e502a575908840d8a47a9c,1648108422,15,node_releases.json (12 months offset),yarn,yarn.lock
3d750fcc364c9593303bc855123baee7e78d4484,1648443883,15,node_releases.json (12 months offset),yarn,yarn.lock
411993dd42c8f9bac8b2ba9d7f95686374b7b7e9,1649723101,15,node_releases.json (12 months offset),yarn,yarn.lock
8e456326ddb1da80cd0b5166b5b7b3007a0bfd6c,1650519103,16,node_releases.json (12 months offset),yarn,yarn.lock
19a530322fa917c0721d3cb3189fcc3275d5f1dc,1650599357,16,node_releases.json (12 months offset),yarn,yarn.lock
7c70db9f403eba2c54daa8fc5df72558e881312f,1650600514,16,node_releases.json (12 months offset),yarn,yarn.lock
2a8e4a1620e4decafd011ff7e58e351f6bcc1664,1650600541,16,node_releases.json (12 months offset),yarn,yarn.lock
9b42605f8572845f281b77dc004c8f924792da48,1650600630,16,node_releases.json (12 months offset),yarn,yarn.lock
e00d713d1b2be8845a9f185d855968ebcb96d2b9,1650600865,16,node_releases.json (12 months offset),yarn,yarn.lock
e79c08b4e686dfa886682c637d878aea4a4570b1,1650603912,16,node_releases.json (12 months offset),yarn,yarn.lock
388a65a92cebd47c5971af9b9152e655db16b9b5,1650611504,16,node_releases.json (12 months offset),yarn,yarn.lock
a792f0c36930be563a4b3e7c8c472a0d7212dbea,1650611570,16,node_releases.json (12 months offset),yarn,yarn.lock
6e8fcbb451283c240c5772b76955f91307a50d04,1650820372,16,node_releases.json (12 months offset),yarn,yarn.lock
89037d1d7f0b57cff32572ee5c38bbf46bbc487f,1650947504,16,node_releases.json (12 months offset),yarn,yarn.lock
eca62e725925d1d1312289cec0d188843f94ed48,1650949076,16,node_releases.json (12 months offset),yarn,yarn.lock
09728813bff8164fca1fc846358e6f376966ddad,1650950807,16,node_releases.json (12 months offset),yarn,yarn.lock
150be29d302c4285ada1f28cdc01fb93f34fc8ea,1650950831,16,node_releases.json (12 months offset),yarn,yarn.lock
d4d4ffd11ca0a326e81e2e21454f39a7a3646c2d,1650955779,16,node_releases.json (12 months offset),yarn,yarn.lock
70e4c987080ba011eacf726d90fb689a465de0c2,1650993173,16,node_releases.json (12 months offset),yarn,yarn.lock
efb5c713457833ebd4eab9927f2cc2ea49e4f5ed,1651025112,16,node_releases.json (12 months offset),yarn,yarn.lock
1915734c37f692741e5d4e2718f6048f9b81f9e5,1651028866,16,node_releases.json (12 months offset),yarn,yarn.lock
17e6c32865ca81efcb562ece16385f6515fe65f3,1651109768,16,node_releases.json (12 months offset),yarn,yarn.lock
421802677ddf450c61f9b336be1441e95c247b06,1651189331,16,node_releases.json (12 months offset),yarn,yarn.lock
a5f489f230c85f43de02ec102c2d0923f0188fb8,1651207875,16,node_releases.json (12 months offset),yarn,yarn.lock
7866b79bcfb8c903da00b050e76f06eb8a8d174e,1651208717,16,node_releases.json (12 months offset),yarn,yarn.lock
42436672e5ce78e4a3456e703038fd93dd8f12bf,1651551934,16,node_releases.json (12 months offset),yarn,yarn.lock
d92a1b1ac166278d8bb2ea25bd2e902cdcc5bc4e,1651638812,16,node_releases.json (12 months offset),yarn,yarn.lock
4f6c41df15a10354fcf582a1efdd6e4fce791b59,1651708976,16,node_releases.json (12 months offset),yarn,yarn.lock
ca9fffcaec4e8a101a4f5f746780f75b7961f9c4,1651713754,16,node_releases.json (12 months offset),yarn,yarn.lock
1a7f59c0ce89678f8136c903cb5874c7d462995f,1651713788,16,node_releases.json (12 months offset),yarn,yarn.lock
3e9f0504043805a3d671c8445018f4032e808034,1651713813,16,node_releases.json (12 months offset),yarn,yarn.lock
005c8c10ab7c22952ce6c13e55abcdb2200abd21,1651716399,16,node_releases.json (12 months offset),yarn,yarn.lock
14381939b3977b207be48676f12114812c8c27da,1651716472,16,node_releases.json (12 months offset),yarn,yarn.lock
e205bc402272821a512ed4e113d346345fd0adb0,1652137810,16,node_releases.json (12 months offset),yarn,yarn.lock
d23d8b2143fe0469941fa5177f2bb757c82992b2,1652326935,16,node_releases.json (12 months offset),yarn,yarn.lock
b5852ea390d3013b897b19ec8d470086c5a8431c,1652657518,16,node_releases.json (12 months offset),yarn,yarn.lock
a5cddb59ab810756e436940708cc94ba075c95c6,1652657545,16,node_releases.json (12 months offset),yarn,yarn.lock
0f8b009adf788b4dd6c7b2224bc4fb72fe65d112,1652658843,16,node_releases.json (12 months offset),yarn,yarn.lock
002a21b4d0957bfe4da20b3afccaf7e80c70bb02,1652838252,16,node_releases.json (12 months offset),yarn,yarn.lock
c9974943b977d9825db4f1099c8ce799134b787e,1652838252,16,node_releases.json (12 months offset),yarn,yarn.lock
170dcbb42a5043278e50e1bc46b6c0a0dc2b3ef9,1653011431,16,node_releases.json (12 months offset),yarn,yarn.lock
298f2fb362bc9a9ea8cc4da30f45aa0cb3071454,1653063935,16,node_releases.json (12 months offset),yarn,yarn.lock
6206987dfe78f5fdcc1b601c938299f088c5bb95,1653264182,16,node_releases.json (12 months offset),yarn,yarn.lock
e1617c1703cb64cb81f6164750afe07e5e3f64ad,1653280941,16,node_releases.json (12 months offset),yarn,yarn.lock
8dd8fe24611a35180cea3ce628f2327cca2c2d30,1653282326,16,node_releases.json (12 months offset),yarn,yarn.lock
340ad64bbfb72a672065d48641daf2bf468f7503,1653282613,16,node_releases.json (12 months offset),yarn,yarn.lock
3c18432e4ff88ed523cbc76abc76135764b34ae9,1653443868,16,node_releases.json (12 months offset),yarn,yarn.lock
8e3cdbc3ecdcc005038c48c2af11ae489d6c0fd4,1653450905,16,node_releases.json (12 months offset),yarn,yarn.lock
4cf082646d620a57b066ef2d983a8967454cf065,1653617996,16,node_releases.json (12 months offset),yarn,yarn.lock
d331ca70ac549821ddb24323b2eca1f0f09c50d5,1653626367,16,node_releases.json (12 months offset),yarn,yarn.lock
db6d76edf445f2f500316000e3a96cf625435bc3,1653957668,16,node_releases.json (12 months offset),yarn,yarn.lock
5741fb963f7958506781e07839aed91b0b0e6d91,1653957976,16,node_releases.json (12 months offset),yarn,yarn.lock
3d3c64bb52ef09b462ba1903c843c882e2d372e9,1653958617,16,node_releases.json (12 months offset),yarn,yarn.lock
e2d0d19663daa5e17303b28fe853ae82507f361d,1653958694,16,node_releases.json (12 months offset),yarn,yarn.lock
f85fa85140cde9871f690bde0473b6042060d987,1653958706,16,node_releases.json (12 months offset),yarn,yarn.lock
459ed923707198e4092fd030e23a34f690c1acc1,1654474873,16,node_releases.json (12 months offset),yarn,yarn.lock
581ab45f49c6fc9eafda8a81d86c68689cf28f1b,1654486554,16,node_releases.json (12 months offset),yarn,yarn.lock
f0b82bcd7dcc13266289334423c4cb43b248df8c,1654575538,16,node_releases.json (12 months offset),yarn,yarn.lock
48795e6d3e127fc2dd68e5a6d81117cb5b72cc76,1654649281,16,node_releases.json (12 months offset),yarn,yarn.lock
f5c9be2b33681e85e757a0b32086acbf3a5b243d,1654671187,16,node_releases.json (12 months offset),yarn,yarn.lock
0b195e135ca44687f8fd1f5432b23decb5f40900,1654671198,16,node_releases.json (12 months offset),yarn,yarn.lock
28ea04fdf97c78ef2f7962af1e99e0c9c04a220e,1654734204,16,node_releases.json (12 months offset),yarn,yarn.lock
c0b60f9551f91972dc6f0e25086528ac0f982101,1654739449,16,node_releases.json (12 months offset),yarn,yarn.lock
6eb9ec8ad8a35e4c4684c1878919a9b8ff25b854,1654739449,16,node_releases.json (12 months offset),yarn,yarn.lock
19590b543a9ff1a2479aa4bee9914a9f7e0a2c2e,1654741085,16,node_releases.json (12 months offset),yarn,yarn.lock
d1b6cad8dac12245d05d2572253be89336e632cc,1654742350,16,node_releases.json (12 months offset),yarn,yarn.lock
978155752e092b6457af667447240ffa434b5bb9,1654753132,16,node_releases.json (12 months offset),yarn,yarn.lock
dea8968b7f9b67940fab923731a6a7ab7a5db553,1654754056,16,node_releases.json (12 months offset),yarn,yarn.lock
4e95591003175ceb01c3ad74f1bfbbe3dbe5bf02,1654838411,16,node_releases.json (12 months offset),yarn,yarn.lock
d41bc475291b7fbe8f15168f24026fe9f5a1ead6,1654844329,16,node_releases.json (12 months offset),yarn,yarn.lock
2fd424427a352e69fe2dec031aec72e369f7f1c4,1654844445,16,node_releases.json (12 months offset),yarn,yarn.lock
4cd38d393d1458a6c6643c1e1cb0078462e772b1,1655078992,16,node_releases.json (12 months offset),yarn,yarn.lock
b3737baeb50f39b6d744b8eec6b965b3729a4389,1655102265,16,node_releases.json (12 months offset),yarn,yarn.lock
d25739d74ab3ad1c0e77435cd0c24809d649a3e8,1655182174,16,node_releases.json (12 months offset),yarn,yarn.lock
697d353821cff6e3e976bca8bbeaa53d41a29019,1655352906,16,node_releases.json (12 months offset),yarn,yarn.lock
880b7791e3e9d627c989c214dc464e8b2beaa313,1655384929,16,node_releases.json (12 months offset),yarn,yarn.lock
94a40f326ebd600f855c54b17be6143c2f8a57b0,1655438741,16,node_releases.json (12 months offset),yarn,yarn.lock
9eb9a1199cce20c1d2775ec2a89ca6c26df665f1,1655702848,16,node_releases.json (12 months offset),yarn,yarn.lock
e5951301e8396f29ef4161ef64125aba85ec00e4,1655784487,16,node_releases.json (12 months offset),yarn,yarn.lock
031dd450303f657d6034cd7d610e2aa8b8a447d5,1655784705,16,node_releases.json (12 months offset),yarn,yarn.lock
19cf4457913f085abbb6bfb3f3e0623b481c6aa9,1655798793,16,node_releases.json (12 months offset),yarn,yarn.lock
d0a95b846a9e7c978f6b642e75f9b58cd4a7d1e9,1655879772,16,node_releases.json (12 months offset),yarn,yarn.lock
addd7adc5f9e6a961992ea6411e98098b8781552,1655946661,16,node_releases.json (12 months offset),yarn,yarn.lock
950e91e992fbcb93eb930faa62d79e74a93242f5,1655969996,16,node_releases.json (12 months offset),yarn,yarn.lock
f7312a0bd8c064fcc87577f63b80b058674876df,1655982894,16,node_releases.json (12 months offset),yarn,yarn.lock
806e57825493c18413ce91854b128d42347648db,1656030024,16,node_releases.json (12 months offset),yarn,yarn.lock
2f19e8ff987bacce28fc3ba5f88f63274e42bce8,1656462090,16,node_releases.json (12 months offset),yarn,yarn.lock
3b17b52dfb4587b2237280472116c89559e1b0b4,1656465556,16,node_releases.json (12 months offset),yarn,yarn.lock
0df5b8071913b61d5fecb65dce320019b0684f82,1656469030,16,node_releases.json (12 months offset),yarn,yarn.lock
e9159e4dbf4033b40c484e977c74fddecb460258,1656473601,16,node_releases.json (12 months offset),yarn,yarn.lock
14b14895b2a32dcf2ac93670642502d37874b2eb,1656475846,16,node_releases.json (12 months offset),yarn,yarn.lock
21964618e184c83856c94347944910b3a37d5276,1656475846,16,node_releases.json (12 months offset),yarn,yarn.lock
d16b897df187b9dce130b7ac4da68830f2ad528f,1656476495,16,node_releases.json (12 months offset),yarn,yarn.lock
3b6bb3bc77d229250843f8b13402747b76919202,1656476724,16,node_releases.json (12 months offset),yarn,yarn.lock
304fecd538e49fc23b5f85284f7dd056887550d9,1656476833,16,node_releases.json (12 months offset),yarn,yarn.lock
bab20d5a0e2f719d78d71757461af23b2ec3f8fa,1656476844,16,node_releases.json (12 months offset),yarn,yarn.lock
8a506b22a2bc6c1c03e12641e2d3b0b662832c38,1656892139,16,node_releases.json (12 months offset),yarn,yarn.lock
6a9b8df1859a4b0a4a2764a55fcdb100e0f258d0,1656893066,16,node_releases.json (12 months offset),yarn,yarn.lock
a7d71a2833eef866343e88764bf60744c44d733a,1656893230,16,node_releases.json (12 months offset),yarn,yarn.lock
0d4c349744d400526a8c37f65576c4534f00fffd,1656938249,16,node_releases.json (12 months offset),yarn,yarn.lock
47f4372be1286754d1dcef8762c7eb0a645e5d24,1656939924,16,node_releases.json (12 months offset),yarn,yarn.lock
da0486c0ed43a328f0d9ad9d553e2ced1f4e3ded,1656993271,16,node_releases.json (12 months offset),yarn,yarn.lock
2693fbe100c93dd09f911252fd138085fe4be71f,1657095302,16,node_releases.json (12 months offset),yarn,yarn.lock
64de4313fbbfffe84f359c5228ac92b53cd3143b,1657510803,16,node_releases.json (12 months offset),yarn,yarn.lock
e8c565fe047cc4f7a1864449c09f7df1292fbe2e,1657611595,16,node_releases.json (12 months offset),yarn,yarn.lock
71140faa50f83fbc8225128ddeca9fd9fa6e9f37,1657771550,16,node_releases.json (12 months offset),yarn,yarn.lock
86c54b4fa602cda6b13640dbe929e1667bff9595,1657869894,16,node_releases.json (12 months offset),yarn,yarn.lock
4b79a0e50fcbba4edad3403081ec59792dbf96a8,1657870101,16,node_releases.json (12 months offset),yarn,yarn.lock
ce39467a4c17e86670410a196252cb78e6a04952,1658118356,16,node_releases.json (12 months offset),yarn,yarn.lock
f5c2ce97af1a4050ce288cf117b26c1655a49c72,1658124956,16,node_releases.json (12 months offset),yarn,yarn.lock
ad69ad9f749775e7ed961cc9710755de4b7f12fe,1658125518,16,node_releases.json (12 months offset),yarn,yarn.lock
7d871bd55d666bc494625fb9306cb67b3c6dd63c,1658219510,16,node_releases.json (12 months offset),yarn,yarn.lock
b517d2093af285977bd75a6862554d5046f1bb29,1658292686,16,node_releases.json (12 months offset),yarn,yarn.lock
5130ca2d046e344e8b8b99938ac186995f629cc6,1658292718,16,node_releases.json (12 months offset),yarn,yarn.lock
f78117c4caa67755a6098009b918902ec5e1834c,1658366345,16,node_releases.json (12 months offset),yarn,yarn.lock
633859c4aec8ee8f252be7c86e17fc5b468cdab1,1658384194,16,node_releases.json (12 months offset),yarn,yarn.lock
66cffddd4a6165ac0fe39621fcd3f44d766175f2,1658386721,16,node_releases.json (12 months offset),yarn,yarn.lock
294381974acf579f117c2e0964e848940818b21a,1658445746,16,node_releases.json (12 months offset),yarn,yarn.lock
d4050840fd8727777135c6e0be62bdd1adaa5a29,1658445994,16,node_releases.json (12 months offset),yarn,yarn.lock
b6bdd85f67a9799e022ce7d8effa96648a7840fd,1658446274,16,node_releases.json (12 months offset),yarn,yarn.lock
6675be3118dc8eea2352dd5c0ebd114ee85a9d31,1658453833,16,node_releases.json (12 months offset),yarn,yarn.lock
25dae8ae7e79d96478799831da53b3eb40cb3b25,1658460537,16,node_releases.json (12 months offset),yarn,yarn.lock
7b01c93fee32561f0001ae7c2912f31d6888eeb3,1658808342,16,node_releases.json (12 months offset),yarn,yarn.lock
0ff97157d5f872690a4fbd3571959df3f879d1fd,1658879289,16,node_releases.json (12 months offset),yarn,yarn.lock
b00b835bcf85d62b25c6ee1f46c7a8274380e0ea,1658881056,16,node_releases.json (12 months offset),yarn,yarn.lock
ee9f98913aa39bf8d3e4cd630dcad13fc9790363,1658881569,16,node_releases.json (12 months offset),yarn,yarn.lock
313b0c503f9e88fdc86a42469017182d893c88ba,1658884657,16,node_releases.json (12 months offset),yarn,yarn.lock
aa792a4761eecf387e5b0b11f088c80ce0419b29,1658962577,16,node_releases.json (12 months offset),yarn,yarn.lock
a413a1eddea6ec60544139f9f096d0e57aeef692,1658990761,16,node_releases.json (12 months offset),yarn,yarn.lock
ece3bf774b9ae20910d073af5351f162c4fb52d5,1658991044,16,node_releases.json (12 months offset),yarn,yarn.lock
f91bc2392593f7dfa1b6dd056d8a7403b51e5e6b,1659327241,16,node_releases.json (12 months offset),yarn,yarn.lock
32f32663488de0486da5d7f5bf159a05e3f9218d,1659426081,16,node_releases.json (12 months offset),yarn,yarn.lock
3450db0235645fa04de4436ca1545911396fa899,1659483548,16,node_releases.json (12 months offset),yarn,yarn.lock
93828772faf9fd0141f99600657b1700c288d93e,1659489497,16,node_releases.json (12 months offset),yarn,yarn.lock
0e4ea19086f69ff2848b08891826b9413395aefe,1659492620,16,node_releases.json (12 months offset),yarn,yarn.lock
74e82bc2f13ab4c0255f65d875330fc82d431d4e,1659507703,16,node_releases.json (12 months offset),yarn,yarn.lock
d657e8d9542b3dd38c99ab818d5e7a8629f82762,1659509076,16,node_releases.json (12 months offset),yarn,yarn.lock
02a9b5480ffd56b4ffda14e5b8d0afb75c76ad3d,1659582476,16,node_releases.json (12 months offset),yarn,yarn.lock
a36005834e5a06fdec7fc6c4192dbf6684ad736c,1659582476,16,node_releases.json (12 months offset),yarn,yarn.lock
010709968c9dd62f9c66b2896f30feded71d192f,1659582476,16,node_releases.json (12 months offset),yarn,yarn.lock
ab134b666799db8839ac195a8ac8740edc59ea15,1659583646,16,node_releases.json (12 months offset),yarn,yarn.lock
3a6455aaebf6034e122ef6cf86beeecef2c7103b,1659585688,16,node_releases.json (12 months offset),yarn,yarn.lock
c7ad44ff0f6b95a752bbd4e2f38d26758f390b16,1659624178,16,node_releases.json (12 months offset),yarn,yarn.lock
d68134e3719dc750a7251b37f671dd53b9601ea8,1659688482,16,node_releases.json (12 months offset),yarn,yarn.lock
f9162a534b9eb00de151cced5d5aa0b4144d640e,1659809015,16,node_releases.json (12 months offset),yarn,yarn.lock
471e228defa8f45a2cd4f8adf7eff853a050ef4d,1659955183,16,node_releases.json (12 months offset),yarn,yarn.lock
124bb72f8d5ac9daa21a5b2bb9e866a47c06e6b9,1659956304,16,node_releases.json (12 months offset),yarn,yarn.lock
1d940bb6ebb88cb996dc39c76380ad4e5dc5b1fb,1659959176,16,node_releases.json (12 months offset),yarn,yarn.lock
a4ea200553cb53ff0c5dd6a694a76f49def5d1b2,1659959176,16,node_releases.json (12 months offset),yarn,yarn.lock
ba6994f39b09ecd2c28cef68c3e8a85a4815e235,1660206739,16,node_releases.json (12 months offset),yarn,yarn.lock
9c486f7c951e55ae34bb548efe897eec705ac04d,1660217832,16,node_releases.json (12 months offset),yarn,yarn.lock
ae84383412e8fa5720918b700a6b312218776839,1660221496,16,node_releases.json (12 months offset),yarn,yarn.lock
0a65f9a65466ca27dd0f928192e9df6defd6fa47,1660288381,16,node_releases.json (12 months offset),yarn,yarn.lock
9dc5a95e81e8e424818b5adc29a2fde8c5f0fa9c,1660610802,16,node_releases.json (12 months offset),yarn,yarn.lock
a70bf97c4299ce9b1c910097c37fd6e1e3f5a393,1660610900,16,node_releases.json (12 months offset),yarn,yarn.lock
1cb6ef92edcdbdd84b0a275716c1842370fa3d87,1660991259,16,node_releases.json (12 months offset),yarn,yarn.lock
abc99472070ed0469e880d9d70f36f76a630e255,1661124222,16,node_releases.json (12 months offset),yarn,yarn.lock
65cf068356bd8500138555304a9695a44ef9c50d,1661124681,16,node_releases.json (12 months offset),yarn,yarn.lock
21fbc8c5c7d7e2fdc86c9556976d401655df55b2,1661145653,16,node_releases.json (12 months offset),yarn,yarn.lock
0dfe7385efd2a460c59b84b2c62316bb8dd6efcf,1661154503,16,node_releases.json (12 months offset),yarn,yarn.lock
a2e1321e3d5ecf54a1a87763eefb5e85e7eabc0a,1661172429,16,node_releases.json (12 months offset),yarn,yarn.lock
ea5387c05c4a47a0aecb7289836a9c885ca6adf6,1661225711,16,node_releases.json (12 months offset),yarn,yarn.lock
76ea76ec9c4724aa4d5d8134004cf884c2face10,1661230520,16,node_releases.json (12 months offset),yarn,yarn.lock
c85d1d603ccf7c5d0d3066451f339073bf0cd932,1661244554,16,node_releases.json (12 months offset),yarn,yarn.lock
aa0f7047bdb5667dcea4e15ebf5ae73d8ef07260,1661260713,16,node_releases.json (12 months offset),yarn,yarn.lock
cf156d6aeff1dde023e23ba83451ccbaef5ef516,1661302608,16,node_releases.json (12 months offset),yarn,yarn.lock
9b594c272665c896da9fb62ed898195478d9f87d,1661410083,16,node_releases.json (12 months offset),yarn,yarn.lock
6dc699ca1a87e5bbaa63ceb640434156ebb1e9b7,1661473776,16,node_releases.json (12 months offset),yarn,yarn.lock
089f26ea880bcca7ce761def6209ee5e39c60257,1661476545,16,node_releases.json (12 months offset),yarn,yarn.lock
9c33170a967c893532eb43fda86b8b57efb02c5d,1661480184,16,node_releases.json (12 months offset),yarn,yarn.lock
b081c9e0239af0a83b0f2c32dba8d143391b8ca0,1661739140,16,node_releases.json (12 months offset),yarn,yarn.lock
d19d30f7e41fba54fc57bdd15efc7f0afaca6a7d,1661757320,16,node_releases.json (12 months offset),yarn,yarn.lock
e16ddfe9c5ff557e22541140f214ac399ea9e8ec,1661839511,16,node_releases.json (12 months offset),yarn,yarn.lock
94a3e12497098f7919ba77f93367374cc64846e5,1661839965,16,node_releases.json (12 months offset),yarn,yarn.lock
2ffd16dbca1f73df5507b6c3a82c82adda7f20ec,1661841602,16,node_releases.json (12 months offset),yarn,yarn.lock
f9ee326ad0e3e45b7eeb47d12064a91440b5c69c,1661854639,16,node_releases.json (12 months offset),yarn,yarn.lock
1aef2d2b04cbaefe525977fcdd123f8dca9f3ffb,1661858698,16,node_releases.json (12 months offset),yarn,yarn.lock
d90fe3bf65c2209d600284be44451f338bf2b577,1661859292,16,node_releases.json (12 months offset),yarn,yarn.lock
c1b09c97a4895795c0225ab37a6dac04c5fd5722,1661860272,16,node_releases.json (12 months offset),yarn,yarn.lock
bab0f37a820e4f0274980f32a27337f137fbdad5,1661866868,16,node_releases.json (12 months offset),yarn,yarn.lock
13c5a15a0d475e66bfc77e80d42ec1f4dd408254,1661904835,16,node_releases.json (12 months offset),yarn,yarn.lock
a037f5fddd4c4e7076f9904e137fec789b824bfb,1661948638,16,node_releases.json (12 months offset),yarn,yarn.lock
829e9dbb11387bffd511de75e710096d9fe3317b,1662363244,16,node_releases.json (12 months offset),yarn,yarn.lock
f65c926ace4ae3f68f8c08a1f6a4b693fc26e241,1662363244,16,node_releases.json (12 months offset),yarn,yarn.lock
3f2a2cddc930b2a075401ed5c052944fe4cc444d,1662438276,16,node_releases.json (12 months offset),yarn,yarn.lock
d4d531b7855afed8ef03771e3527d2b977db9e3b,1662440561,16,node_releases.json (12 months offset),yarn,yarn.lock
8e06f736793b24c34770820207a3420fbd94cdab,1662445608,16,node_releases.json (12 months offset),yarn,yarn.lock
ba9794a781d1f30706f49dc08328b666a8923395,1662450091,16,node_releases.json (12 months offset),yarn,yarn.lock
3ec016a9ca2c9291b97f6098944baed052aa4039,1662467824,16,node_releases.json (12 months offset),yarn,yarn.lock
45e0e73a00a05a9b74c5d1670f49887a61cc5ced,1662470503,16,node_releases.json (12 months offset),yarn,yarn.lock
48e94527b6c1bbbd14a225d359861607dbfbb1f5,1662508518,16,node_releases.json (12 months offset),yarn,yarn.lock
f6b30d33251fc1edb12447c5ab102b72b8f7326d,1662600733,16,node_releases.json (12 months offset),yarn,yarn.lock
32b5da9adbab25384fb68d71a0f47aa9374b532b,1662603539,16,node_releases.json (12 months offset),yarn,yarn.lock
0b124a74f6e07a24039151a5b786f8b062da0855,1662605690,16,node_releases.json (12 months offset),yarn,yarn.lock
7ebe8717a0794474b6db75786f1fbfc77644a76b,1662605690,16,node_releases.json (12 months offset),yarn,yarn.lock
adb4930459000c299952d92dc874adaea02bb9d5,1662606199,16,node_releases.json (12 months offset),yarn,yarn.lock
70da5f8b017644797ac51dc0c22e6c63b6e84587,1662607592,16,node_releases.json (12 months offset),yarn,yarn.lock
e35ed778a761193b1b670bf55210187130184f41,1663058779,16,node_releases.json (12 months offset),yarn,yarn.lock
a48c85b693f8ce3690a853d5fbd6b6ebad7ab23a,1663084226,16,node_releases.json (12 months offset),yarn,yarn.lock
99702f1bf0d7f17feae0b84af58b5c3917b0a909,1663251615,16,node_releases.json (12 months offset),yarn,yarn.lock
eac8c5526731a40cbc96828f4de8da4a766bc9bb,1663469418,16,node_releases.json (12 months offset),yarn,yarn.lock
4ab22c0d7dc6b52b6f0b078dbd40dceec67cd05d,1663740577,16,node_releases.json (12 months offset),yarn,yarn.lock
d5916a8472fa7bf32109b31c417f420b8f34980a,1663748002,16,node_releases.json (12 months offset),yarn,yarn.lock
e83809ba27f49826fffbfe18f99301409271e615,1663911620,16,node_releases.json (12 months offset),yarn,yarn.lock
47de7bbc896d25b56b1df26f8ea4c2abad79b713,1664187506,16,node_releases.json (12 months offset),yarn,yarn.lock
4cbfba36268d9805548e0c78fb07b9f7ad9cc254,1664354015,16,node_releases.json (12 months offset),yarn,yarn.lock
45b889dd48b7433a1ef748aa1d4f844b82b0c91a,1664860676,16,node_releases.json (12 months offset),yarn,yarn.lock
e9a1186a9d8397dd5c08f343135bd0bc66786004,1665445911,16,node_releases.json (12 months offset),yarn,yarn.lock
006643399185849d9389059ecd341ac542383f77,1665469839,16,node_releases.json (12 months offset),yarn,yarn.lock
d4544f5dd6ed6fe4c03e5bff749696d9aebf6a67,1665475789,16,node_releases.json (12 months offset),yarn,yarn.lock
58b8ea8ae2a45ab8767d616e8398911faaac8177,1665560440,16,node_releases.json (12 months offset),yarn,yarn.lock
a37fe9a48d58b48f704e60a14ac6c7bb5394be60,1665657107,16,node_releases.json (12 months offset),yarn,yarn.lock
bcafb0c181a4d7edfa73f0e6c53b1b19bcf83519,1665964877,17,node_releases.json (12 months offset),yarn,yarn.lock
03a072bdc056d1759fde73e465ce523a803a1b88,1665986871,17,node_releases.json (12 months offset),yarn,yarn.lock
24640c52abcedd4a8de5c4882918321595d3c313,1665987099,17,node_releases.json (12 months offset),yarn,yarn.lock
64b19d27582d47d33446d82b516a7aa5178f45e2,1665987506,17,node_releases.json (12 months offset),yarn,yarn.lock
e1df231dfb23b4f5c8e767eadfda907fb56f4d81,1665990483,17,node_releases.json (12 months offset),yarn,yarn.lock
50fe0cf50dcee8b75d3e51012775398974e227b4,1666053574,17,node_releases.json (12 months offset),yarn,yarn.lock
4218109515d1f553aa8d8c49fa3bf1c7c7a03136,1666059553,17,node_releases.json (12 months offset),yarn,yarn.lock
65cd2e3c93b25c1d74d8a6ae0d02d01fd64a6d73,1666093380,17,node_releases.json (12 months offset),yarn,yarn.lock
94e9087310823a690eeee55eaea2e7c65decb4df,1666329869,17,node_releases.json (12 months offset),yarn,yarn.lock
aaba5544c7af4cbf1f5412b90c1841a9b02f8f83,1666341225,17,node_releases.json (12 months offset),yarn,yarn.lock
0ec130be040d7a240278a68c0ede33ec9bc07429,1666574009,17,node_releases.json (12 months offset),yarn,yarn.lock
6d4c160bf30ab5a9fc0342d9f585fd15fd875778,1666664536,17,node_releases.json (12 months offset),yarn,yarn.lock
6a8c47c72eca5cee55804b9968b4433ab18573b5,1666863781,17,node_releases.json (12 months offset),yarn,yarn.lock
3714167c7f1323990ae8536d9bec9a87a13b6199,1666875042,17,node_releases.json (12 months offset),yarn,yarn.lock
c3a1b50497894ee4183987e34394f26fb414545b,1666923420,17,node_releases.json (12 months offset),yarn,yarn.lock
da840404b84b2903654c6decb98cfd02112d04b3,1666943086,17,node_releases.json (12 months offset),yarn,yarn.lock
b022e8768c5148f7bf517cb465b8ada64a0ff2ca,1667150052,17,node_releases.json (12 months offset),yarn,yarn.lock
6a4c4bc220e108375fc504fdd321c3241bc7e167,1667171681,17,node_releases.json (12 months offset),yarn,yarn.lock
5aa50fd74a3b18b96942545755373fd7e723b42d,1667205343,17,node_releases.json (12 months offset),yarn,yarn.lock
aa9221c683cc24d906c2dec6b19296a58f380134,1667269811,17,node_releases.json (12 months offset),yarn,yarn.lock
1f6da1d4c47eef419cf776eb65ab18c4756d1fbd,1667269827,17,node_releases.json (12 months offset),yarn,yarn.lock
a32f926394d4c118c89d2fbf853e3b0e5cd778ff,1667377740,17,node_releases.json (12 months offset),yarn,yarn.lock
fd71ca229f49f3a487338b58d7fa22df29376d22,1667869126,17,node_releases.json (12 months offset),yarn,yarn.lock
4ea0e3f39d79054a054b6dda8614fc9282bc0ab5,1667870076,17,node_releases.json (12 months offset),yarn,yarn.lock
3d40c706bf63825600335e8fca52bedbc449adf7,1668124406,17,node_releases.json (12 months offset),yarn,yarn.lock
36545b4fc2b19299952a59c85f13f0b74a0389a9,1668162077,17,node_releases.json (12 months offset),yarn,yarn.lock
f8f567ec99cc968aab6c60e1c2a6f6fbd82de215,1668390182,17,node_releases.json (12 months offset),yarn,yarn.lock
a392436a4a9030120fde19248fa7dcd02174ab9b,1668434683,17,node_releases.json (12 months offset),yarn,yarn.lock
7aa3eeb14a95f03663b2a375e14ccf376526720d,1668721598,17,node_releases.json (12 months offset),yarn,yarn.lock
9aca3b7311b7bf5ba6f0433f6fce7ba16e34859c,1668753827,17,node_releases.json (12 months offset),yarn,yarn.lock
0cb16aea56ed2de579f27ec078f62287814bfcf5,1668754911,17,node_releases.json (12 months offset),yarn,yarn.lock
50c3b4dead047ff046d3882d530284f06532c344,1668990629,17,node_releases.json (12 months offset),yarn,yarn.lock
415ae82dbc55c375f039e112b9497f99a369b53d,1669018361,17,node_releases.json (12 months offset),yarn,yarn.lock
659adfb0ed479f01c8f1fdda207f76b2724b6a10,1669040079,17,node_releases.json (12 months offset),yarn,yarn.lock
398a1f21a722ddcf18b4ee6ce7f91d7590497b8e,1669123880,17,node_releases.json (12 months offset),yarn,yarn.lock
b4cae9c80ba937e722cb61467685eabd2431c051,1669164658,17,node_releases.json (12 months offset),yarn,yarn.lock
3a51fed8601a6f59d0abe66e4b9ec7d57af9fba4,1669164901,17,node_releases.json (12 months offset),yarn,yarn.lock
433989c2c0379a2ead56e594b48d63010b177e6d,1669166042,17,node_releases.json (12 months offset),yarn,yarn.lock
18b7bb20ac45a3a9bcdc815d8e789ce6858437fc,1669166395,17,node_releases.json (12 months offset),yarn,yarn.lock
0f2d96ebebf1895c020642f464bebf5d95b21e71,1669166853,17,node_releases.json (12 months offset),yarn,yarn.lock
ed2d266ac2c952d2e27ded51b57ec662c7c6a9e2,1669166936,17,node_releases.json (12 months offset),yarn,yarn.lock
157dc882d893b403f804cb3062a2ee48b30f01ea,1669167138,17,node_releases.json (12 months offset),yarn,yarn.lock
651ccbf12f1880149c6e5dfa63557a48242f55c7,1669168563,17,node_releases.json (12 months offset),yarn,yarn.lock
5708da4898b427072261a329567cbe7a7050122c,1669169202,17,node_releases.json (12 months offset),yarn,yarn.lock
623cb6107211f5b1988a3c975c43d7d50a57b553,1669169587,17,node_releases.json (12 months offset),yarn,yarn.lock
1dbc47ace46e55300469fbb0512452f580892952,1669636774,17,node_releases.json (12 months offset),yarn,yarn.lock
1de60cdf31f7ef431223b8b0095d88bb94ff8120,1669700177,17,node_releases.json (12 months offset),yarn,yarn.lock
9b6ef28b8b849ee346e88e3b2fdf375246b58ec9,1669713499,17,node_releases.json (12 months offset),yarn,yarn.lock
a519cf9256eb6c861cc02d8b2ebf1b1893411237,1669940742,17,node_releases.json (12 months offset),yarn,yarn.lock
ae626a4a8dde259d53ee3d604e5b36fef06cfe45,1669966938,17,node_releases.json (12 months offset),yarn,yarn.lock
535474c39cc43e1724790877706e4206cca0abe6,1669980641,17,node_releases.json (12 months offset),yarn,yarn.lock
a3073ae3173be55b4381063a430fa5656f497889,1670216204,17,node_releases.json (12 months offset),yarn,yarn.lock
6923d85eba6de3e08ebc9c5a387b5abdaa21150e,1670288566,17,node_releases.json (12 months offset),yarn,yarn.lock
624eaa1d9a287d23dfee99113b01418d71ca4254,1670290902,17,node_releases.json (12 months offset),yarn,yarn.lock
9ee28e7c888f91d91c39d64495e49c3486909004,1670293960,17,node_releases.json (12 months offset),yarn,yarn.lock
25ece92ed6064faa6374eb8382103c15508bc3d1,1670374239,17,node_releases.json (12 months offset),yarn,yarn.lock
5a0b117e9afc1b20f91daa8308e5f9f5cd44ac81,1670398175,17,node_releases.json (12 months offset),yarn,yarn.lock
5f0ce6ce30aee1eb899b7fe2bcacb4d7f13e2cca,1670577451,17,node_releases.json (12 months offset),yarn,yarn.lock
be98ddaba7241aab9f54c00ae508a1af881c655b,1671032591,17,node_releases.json (12 months offset),yarn,yarn.lock
673e912ae2f0a5c8ae75270e3792838c6584e22b,1671168860,17,node_releases.json (12 months offset),yarn,yarn.lock
4341ae18bd7c35bc328bbc5f8376811bc6bf7b66,1671186744,17,node_releases.json (12 months offset),yarn,yarn.lock
4e1bbc654f4e3caaeba1814f2cbd40093450c35d,1671195822,17,node_releases.json (12 months offset),yarn,yarn.lock
5e4e324deb06cc507c6a17eb54805d864b44035e,1671409304,17,node_releases.json (12 months offset),yarn,yarn.lock
a81d5d3b7e3d9efd1126b202a1858ae2a9022640,1672818541,17,node_releases.json (12 months offset),yarn,yarn.lock
e453937d4df8388229e42c7659b6aeddc75367af,1673249505,17,node_releases.json (12 months offset),yarn,yarn.lock
14da33f3d1e666bea45a4bd392073a355803e4ca,1673259873,17,node_releases.json (12 months offset),yarn,yarn.lock
88272bcdffd0d05806486f1785eae9370805d419,1673287183,17,node_releases.json (12 months offset),yarn,yarn.lock
19daa6318f161ec3cf50435a4c53df332a8a224a,1673332674,17,node_releases.json (12 months offset),yarn,yarn.lock
0015110bf1c9c27fdde3f0ec8bba890198f70d67,1673334155,17,node_releases.json (12 months offset),yarn,yarn.lock
382f0e42da261c616ff4a0b16fbe613c475fa8e0,1673433951,17,node_releases.json (12 months offset),yarn,yarn.lock
53c258a604635761a20ddd299a92d9b50f908dff,1673480535,17,node_releases.json (12 months offset),yarn,yarn.lock
b3af517d6b6fd06fbb517a72899ee0f88f0e3f4a,1673482193,17,node_releases.json (12 months offset),yarn,yarn.lock
19551b47c60a26ec27dd919eeb2c268192555b83,1673493677,17,node_releases.json (12 months offset),yarn,yarn.lock
c55f3ab942c95e9910ca17ab26ded38218ca0915,1673504929,17,node_releases.json (12 months offset),yarn,yarn.lock
094c870f11c8b2e7f7c2d061c4785f10cb23916d,1673614803,17,node_releases.json (12 months offset),yarn,yarn.lock
010c4daf813d21cd5a3be9fc657ddfb67fdacabf,1673910302,17,node_releases.json (12 months offset),yarn,yarn.lock
a4f4d3aa29c291cc51aa0e6ee2f3b68b6640abcc,1674195005,17,node_releases.json (12 months offset),yarn,yarn.lock
cf4c65862397a13abd884373dbdc574caa716f5e,1674430619,17,node_releases.json (12 months offset),yarn,yarn.lock
3f65c5ce25cc2490faf9acc04105a84a4d657534,1674541837,17,node_releases.json (12 months offset),yarn,yarn.lock
1998c1ea51aaaafbcb09131d74a57c9ad98720b8,1674551304,17,node_releases.json (12 months offset),yarn,yarn.lock
4a441d40cc220d8bfe5f8dc0da5f11a834f5192c,1674663568,17,node_releases.json (12 months offset),yarn,yarn.lock
aacd3a4ce16fcf441ec380f256564672b44adf74,1674696791,17,node_releases.json (12 months offset),yarn,yarn.lock
26db668b131e274b83ddc4d1f5d36a1010d7abc9,1674725503,17,node_releases.json (12 months offset),yarn,yarn.lock
a254847ccc896fe65a3dd5b4a8fd440f8d88d525,1675148892,17,node_releases.json (12 months offset),yarn,yarn.lock
27fb2dd58be97d35103e18a9cbd8734ed616d2d9,1675242472,17,node_releases.json (12 months offset),yarn,yarn.lock
5d1cf51eac3184b29c92b17686712fbcc9f5f736,1675244051,17,node_releases.json (12 months offset),yarn,yarn.lock
c52a4198315e6fdbef36cceac83e43834188b3a1,1675276266,17,node_releases.json (12 months offset),yarn,yarn.lock
82f6371d55dfd4ea87b500f585430e432a87bce4,1675277847,17,node_releases.json (12 months offset),yarn,yarn.lock
919682ae524a458db6c769d4e83fc00feb22dacf,1675297019,17,node_releases.json (12 months offset),yarn,yarn.lock
09265a51512c83ffe6a2504d16b4780970b89d7f,1675314108,17,node_releases.json (12 months offset),yarn,yarn.lock
7c2cf973c4209525d356fecbbf94692429f76a06,1675324532,17,node_releases.json (12 months offset),yarn,yarn.lock
3e1d94201428e526a7da3033b12657d3ce955d29,1675678574,17,node_releases.json (12 months offset),yarn,yarn.lock
235165ecfdf3fa312b25445f7f282c6ec3d17fa5,1675684827,17,node_releases.json (12 months offset),yarn,yarn.lock
91f47d19b6159b72e5d41b573b36aa7b0b6390f8,1675733123,17,node_releases.json (12 months offset),yarn,yarn.lock
75e3750e6ef5276be0720e413795843c31d78c01,1675832224,17,node_releases.json (12 months offset),yarn,yarn.lock
edda99ca5e040248608611a91ba5b2dba282ab5d,1675920533,17,node_releases.json (12 months offset),yarn,yarn.lock
f54c63e77ef0ba2127f1962cfd6bee3f14587877,1675937107,17,node_releases.json (12 months offset),yarn,yarn.lock
6d84bf5c06ecdd3542e061a672a2801ab38089f2,1675937531,17,node_releases.json (12 months offset),yarn,yarn.lock
33f7b3a658d08184c8d28233df684a8c7dad8847,1676048693,17,node_releases.json (12 months offset),yarn,yarn.lock
075d9e32d9a54960967218074226c499b888d2e8,1676357580,17,node_releases.json (12 months offset),yarn,yarn.lock
97185c44300f0794a43a01a925e8dfeca2184696,1676363658,17,node_releases.json (12 months offset),yarn,yarn.lock
8a5c6ef9375efcd62b91818940f10f4f43d30b7c,1676378829,17,node_releases.json (12 months offset),yarn,yarn.lock
33cb6642908f8866bd20090462fc58759f25df27,1676419931,17,node_releases.json (12 months offset),yarn,yarn.lock
733e863bdc0df7772450a9a228bce3b2502c4dc3,1676421524,17,node_releases.json (12 months offset),yarn,yarn.lock
4b5541a3f47089a10a23a55d0085dfe612ee9ae2,1676437022,17,node_releases.json (12 months offset),yarn,yarn.lock
73eb152621fca2a5d80dbd1b77c68c2499d6bf5e,1676450220,17,node_releases.json (12 months offset),yarn,yarn.lock
a31cdf15e90e3b7027690f2d802c00c5fad79b41,1676641547,17,node_releases.json (12 months offset),yarn,yarn.lock
f995ab7d8f402e648e0f63dbd750e2bdaed7fae4,1676881297,17,node_releases.json (12 months offset),yarn,yarn.lock
2299fbe8333bf624e3a785019f6c6edfc4996b39,1676882382,17,node_releases.json (12 months offset),yarn,yarn.lock
34258fd1756dab75ba184a153e2c90356a6ab4e9,1676885651,17,node_releases.json (12 months offset),yarn,yarn.lock
b9de94e802d629ca0eb39847fc08063de5797229,1676885705,17,node_releases.json (12 months offset),yarn,yarn.lock
293d98afa8ad948bfbb2a65069e0de3dc1209046,1676894138,17,node_releases.json (12 months offset),yarn,yarn.lock
c37cb13f2b2084b9193c3fbce2b6d7016414dade,1676894384,17,node_releases.json (12 months offset),yarn,yarn.lock
ee55224d1a14c660981823b41e34a008add73ce7,1676986865,17,node_releases.json (12 months offset),yarn,yarn.lock
150346d824f8d9ba15d9f0e0e6515ef16f887209,1677026943,17,node_releases.json (12 months offset),yarn,yarn.lock
60f14e4e660f8de5403e302eec0a1651e9a20cb6,1677049673,17,node_releases.json (12 months offset),yarn,yarn.lock
262aeac54daaa8a892418db1c32336b5e478c1be,1677052833,17,node_releases.json (12 months offset),yarn,yarn.lock
873133a8529034434a414225dd2d88522d3bad8d,1677054511,17,node_releases.json (12 months offset),yarn,yarn.lock
adfce2442a247d1d6dd3bb3596766d1d48d93de9,1677079923,17,node_releases.json (12 months offset),yarn,yarn.lock
7a8394ad9a7558af17a9d2c15c729624053ee6f6,1677207105,17,node_releases.json (12 months offset),yarn,yarn.lock
80bb5a9785780eeeab0da937701a0d6bea0cc1be,1677244239,17,node_releases.json (12 months offset),yarn,yarn.lock
b7653cc3778aa1ae3a9193799f037627baf295ce,1677247319,17,node_releases.json (12 months offset),yarn,yarn.lock
04a7b4c3be3ee3dc8dbd7b36b073e004e4509625,1677247734,17,node_releases.json (12 months offset),yarn,yarn.lock
e8eae48ed967d527a244d766e93e83d54e9888da,1677249432,17,node_releases.json (12 months offset),yarn,yarn.lock
d4ac2ee5c10d633f3de79f52678fb288f2b2369d,1677252940,17,node_releases.json (12 months offset),yarn,yarn.lock
c9fddd2b61041c95c1fecf1446b7da7225b36550,1677321487,17,node_releases.json (12 months offset),yarn,yarn.lock
0e943fa377073be9231483fad3c3925c9b987bdb,1677562075,17,node_releases.json (12 months offset),yarn,yarn.lock
de264380e7630e1a92e74fb421abb13772275748,1677584573,17,node_releases.json (12 months offset),yarn,yarn.lock
afd7be099703a046e8fbda59cc7ffcb4aecfea86,1677591667,17,node_releases.json (12 months offset),yarn,yarn.lock
c70cce120fd8908834bad84078c4029b8c4db667,1677735700,17,node_releases.json (12 months offset),yarn,yarn.lock
9eea079807562c5ac9fb866ea8cac35b99df3f00,1677752268,17,node_releases.json (12 months offset),yarn,yarn.lock
da6e819c3c38926a96604424784ea713269c251d,1677829371,17,node_releases.json (12 months offset),yarn,yarn.lock
7953f17495ec8f2cfcf8a3c56647ca578c44fe0a,1677870981,17,node_releases.json (12 months offset),yarn,yarn.lock
3345033718903cf1125cc6a0f95e9cb99da86845,1677872075,17,node_releases.json (12 months offset),yarn,yarn.lock
1eaf8d7fbd7e323cd9b793094de39c70e4628dcd,1677908752,17,node_releases.json (12 months offset),yarn,yarn.lock
a6667b529ba7ac185e3d425414f21307657aedb3,1678042134,17,node_releases.json (12 months offset),yarn,yarn.lock
e70bb9e966adfe5539cb80e11bceb3bbcdc684ca,1678064003,17,node_releases.json (12 months offset),yarn,yarn.lock
5a9b422810f88c802d5b73f8832927555eb7db80,1678100073,17,node_releases.json (12 months offset),yarn,yarn.lock
9e748007d3c370673ec542633df7cd69aa0d9fd3,1678111282,17,node_releases.json (12 months offset),yarn,yarn.lock
d58a2dd4e97168fe890bd6a7cf0b3691e9250b3f,1678142306,17,node_releases.json (12 months offset),yarn,yarn.lock
d1a612aec787679db7578022eaa5ecfa7cadc499,1678150069,17,node_releases.json (12 months offset),yarn,yarn.lock
5ac08698b18955011dba4a96c550720c8b52c2b7,1678159125,17,node_releases.json (12 months offset),yarn,yarn.lock
218b88aff41c1d280d222bfde796bad4aa30f8ed,1678178033,17,node_releases.json (12 months offset),yarn,yarn.lock
00ecd8ba31446c16c10d4195db6da9d054e221b0,1678250032,17,node_releases.json (12 months offset),yarn,yarn.lock
f4b829d20a78cb8ab370d169dc67376d48c5394f,1678285484,17,node_releases.json (12 months offset),yarn,yarn.lock
e88d69eb72455ae74bda6cd21136eb08e1742404,1678366900,17,node_releases.json (12 months offset),yarn,yarn.lock
da9d85b82cc6cd9d988f908588943ba8882b3d10,1678426174,17,node_releases.json (12 months offset),yarn,yarn.lock
5edebdf344d4b9e209a370478162f825ee6fd857,1678432103,17,node_releases.json (12 months offset),yarn,yarn.lock
b7bad74bfeb3cc8560319f5116180203c6efcc73,1678443934,17,node_releases.json (12 months offset),yarn,yarn.lock
17cb12bb10649b868717e0e42f1cd41a807a9f69,1678664457,17,node_releases.json (12 months offset),yarn,yarn.lock
b23228930129e789dea94acfec0a0edbf50a5c67,1678689964,17,node_releases.json (12 months offset),yarn,yarn.lock
9e4abd79e8ee86ef6c13344c9ef7cc20aee4b415,1678691336,17,node_releases.json (12 months offset),yarn,yarn.lock
dc0e804740bd4bffe9dcc1d1de9843a434aa968a,1678721319,17,node_releases.json (12 months offset),yarn,yarn.lock
8c42af3d30e85a0fc34a16d4f7ca8da12618bdbe,1678759363,17,node_releases.json (12 months offset),yarn,yarn.lock
2d63c19fdf7413b65572ae36041fd63569e2bb16,1678772775,17,node_releases.json (12 months offset),yarn,yarn.lock
2d74521c93439888ab75d6f9ef418d911f61acad,1678773351,17,node_releases.json (12 months offset),yarn,yarn.lock
f882a1395f852cb14f01b990caa77b3901c75e41,1678774121,17,node_releases.json (12 months offset),yarn,yarn.lock
ff5376c219cab2ba50596db0a19c2fb7b800d90f,1678775458,17,node_releases.json (12 months offset),yarn,yarn.lock
08490357e794a95ccdf1721bd82eb942045dc7c2,1678778522,17,node_releases.json (12 months offset),yarn,yarn.lock
77a02ca9284643ccfce26d9cd80cdfe535adee60,1678778809,17,node_releases.json (12 months offset),yarn,yarn.lock
364f7a30bd036642a1aa478c6612aca8602cb5c7,1678784643,17,node_releases.json (12 months offset),yarn,yarn.lock
50ea9dab0ccac59d80813302f0237cde670130f8,1678825364,17,node_releases.json (12 months offset),yarn,yarn.lock
e685152c5da0523f72fc0de3ab60a52d59f12ce3,1678834211,17,node_releases.json (12 months offset),yarn,yarn.lock
dd1012b11d81730375d854359e8dad4a7dbfdd10,1678852726,17,node_releases.json (12 months offset),yarn,yarn.lock
40879a27938b75d49051f31ea053b908023978d6,1678854270,17,node_releases.json (12 months offset),yarn,yarn.lock
5ff15b96259d3ad0b39abec1eba8f8f5a2e58a7b,1678855528,17,node_releases.json (12 months offset),yarn,yarn.lock
27e28bcb5c6530e23b8d276591465bb084c28699,1678855879,17,node_releases.json (12 months offset),yarn,yarn.lock
e3283b2c4dba6b591fe20c6226dfbd405e64f9b7,1678855975,17,node_releases.json (12 months offset),yarn,yarn.lock
5e2bc6c29b24964d00157e311ec4a837b7313501,1678856347,17,node_releases.json (12 months offset),yarn,yarn.lock
f0a89aa13e40bc28a90fb206cb4480007d06ec28,1678859047,17,node_releases.json (12 months offset),yarn,yarn.lock
d0a354c4921b1ce815cfb36cc72ea3a309932fee,1678859628,17,node_releases.json (12 months offset),yarn,yarn.lock
833ed4f44bafed63462b3177e6cb59c252cd4592,1678860680,17,node_releases.json (12 months offset),yarn,yarn.lock
4d9ae1243b8a51b70da0be4128cbb922100b997f,1678961781,17,node_releases.json (12 months offset),yarn,yarn.lock
b6944f06daf8d8bb6475800072e1370d5a08aacf,1679050971,17,node_releases.json (12 months offset),yarn,yarn.lock
d6e308d85ec9b1bf9285b11f5bb6d0cf19ed0e95,1679052562,17,node_releases.json (12 months offset),yarn,yarn.lock
dfed5b43bcdd57f4e62630a7ae38cf69c48451c7,1679300833,17,node_releases.json (12 months offset),yarn,yarn.lock
b28d7e795c932008d689eafeec2478bd40429930,1679453114,17,node_releases.json (12 months offset),yarn,yarn.lock
8d841e22250b1264d69209832819e3c27a52c9ed,1679461027,17,node_releases.json (12 months offset),yarn,yarn.lock
8db7b16b35c1f8a336bee289bcca29be7411cba4,1679476902,17,node_releases.json (12 months offset),yarn,yarn.lock
6d9e4f63f54ec21372a3035b29202f1e414e5ca1,1679505238,17,node_releases.json (12 months offset),yarn,yarn.lock
e664b24fc8d8c516ffb826bb82506adfce4d3d75,1679552523,17,node_releases.json (12 months offset),yarn,yarn.lock
34f825924414338128cb441b9728c809d0a13714,1679591645,17,node_releases.json (12 months offset),yarn,yarn.lock
30f1fd82001fccfab64ae8aa93115178cb37c7aa,1679639906,17,node_releases.json (12 months offset),yarn,yarn.lock
19efb23756a293a81ef36f09a01013576963f48f,1679661808,17,node_releases.json (12 months offset),yarn,yarn.lock
a3902627d93baf44f6ea547d7ccba4d6b0360d6d,1679897047,17,node_releases.json (12 months offset),yarn,yarn.lock
3f874b70b62805209f17801aa9e6f193e5c456ae,1679897078,17,node_releases.json (12 months offset),yarn,yarn.lock
057643a7f1a3fe852dcc9e86210baab30e5d348b,1679950257,17,node_releases.json (12 months offset),yarn,yarn.lock
0bc5da7ab5c548e27190b07f5f0596192ea2d7b4,1680000594,17,node_releases.json (12 months offset),yarn,yarn.lock
20b15efab5088965f6ba2c47ad39ef86e575cc29,1680051059,17,node_releases.json (12 months offset),yarn,yarn.lock
2b3fb1a03caa26e2762132dc84a73b836e931579,1680052348,17,node_releases.json (12 months offset),yarn,yarn.lock
7105dab639ff4b52d8b29cd33c60ebc0fc3a6bf2,1680061721,17,node_releases.json (12 months offset),yarn,yarn.lock
e20223c84a8cdc261428dbdc6fbc944785760199,1680113291,17,node_releases.json (12 months offset),yarn,yarn.lock
b68016082170036847bd07efe259671753a5b02e,1680196445,17,node_releases.json (12 months offset),yarn,yarn.lock
7e4b1f50964de263706308b10349dc57defa83d6,1680257143,17,node_releases.json (12 months offset),yarn,yarn.lock
5a1f4f96cc433a2de44658e6509af181d83ea8e2,1680504912,17,node_releases.json (12 months offset),yarn,yarn.lock
10762ebac3f6ef15b8f4bb0cc02827b56c96268c,1680522430,17,node_releases.json (12 months offset),yarn,yarn.lock
c6666ffd9387eef127a1e39409961e4ce88ad0ad,1680542037,17,node_releases.json (12 months offset),yarn,yarn.lock
e74dd048e7c2c892af06b9e0e2769555fb0b1487,1680581242,17,node_releases.json (12 months offset),yarn,yarn.lock
b071fb73bc63823603f6664665a8c419017a8c96,1680586974,17,node_releases.json (12 months offset),yarn,yarn.lock
cd2a1f187bff9522b7a8ca202112f253a39ada8b,1680587796,17,node_releases.json (12 months offset),yarn,yarn.lock
9dcd51fde547cb94b2dcfc09e5e518820da64efb,1680592091,17,node_releases.json (12 months offset),yarn,yarn.lock
f6a87ed7a6d32c627cf8ac6c1bd44ce36d69b14b,1680593819,17,node_releases.json (12 months offset),yarn,yarn.lock
5d6c09a33101dc6b7bb2b8a5fae14914310d3939,1680598026,17,node_releases.json (12 months offset),yarn,yarn.lock
1f1fc518eddf29090e29f0c303d45760e586af48,1680609412,17,node_releases.json (12 months offset),yarn,yarn.lock
a88252bc0aa080425c30d9cc7b2b10dbbab2861d,1680612145,17,node_releases.json (12 months offset),yarn,yarn.lock
8309d995d472f6dd4123211cb2a55fb93277e58a,1680650574,17,node_releases.json (12 months offset),yarn,yarn.lock
a52fb15d666130f1d785bf5417991c9599f4d359,1680753012,17,node_releases.json (12 months offset),yarn,yarn.lock
5e2db552a6b3c0996acf6f95bc28c40bd13c8047,1681279487,17,node_releases.json (12 months offset),yarn,yarn.lock
58854025ba40a293699e17ae38e16f91e2d580a8,1681364272,17,node_releases.json (12 months offset),yarn,yarn.lock
c6196d0f42a067152811fe89285e799eb02f0b28,1681364766,17,node_releases.json (12 months offset),yarn,yarn.lock
8aa4c01fd2262aabf99170580319fc8ef2024221,1681429701,18,node_releases.json (12 months offset),yarn,yarn.lock
fba936d76851b2cb588b935af8fa2c4052f343dd,1681439352,18,node_releases.json (12 months offset),yarn,yarn.lock
58c10e66e54568a4e2a16f43eb0f2c9411ea8a6e,1681473214,18,node_releases.json (12 months offset),yarn,yarn.lock
ea2abfea3362d15c6998c89e7d524312e5ac3aa9,1681476474,18,node_releases.json (12 months offset),yarn,yarn.lock
636a6acc74391d5f07a23572551d25e5fcb8983b,1681476995,18,node_releases.json (12 months offset),yarn,yarn.lock
70c9d2e124776dc6b5336c7f9475806e769e682b,1681486077,18,node_releases.json (12 months offset),yarn,yarn.lock
a391de4bcb3da1bd3f28d1109e7e5fd8940b2064,1681689510,18,node_releases.json (12 months offset),yarn,yarn.lock
9d4a047fc32906a4dcb253d3ff96c60ff90b549b,1681708552,18,node_releases.json (12 months offset),yarn,yarn.lock
34b949716e33133a0a9d30c29cdb7097743c098b,1681710390,18,node_releases.json (12 months offset),yarn,yarn.lock
1a876ca3e79c0e1eb512035833352c812e25c9f5,1681770878,18,node_releases.json (12 months offset),yarn,yarn.lock
58656cb94345762082e112c98112b151d3f2c3df,1681784385,18,node_releases.json (12 months offset),yarn,yarn.lock
4054a9eedcad38da6e79d28faff15fe3164dcfef,1681796911,18,node_releases.json (12 months offset),yarn,yarn.lock
b72e7fa9ac13e191b57ded694850eb183afd602b,1681803132,18,node_releases.json (12 months offset),yarn,yarn.lock
e28c520c318c9b4c4652b94f3d8d6c5f8f295ff9,1681803505,18,node_releases.json (12 months offset),yarn,yarn.lock
29b93f4777184eefa0bf79fb022ca0b6f1bfa34d,1681804008,18,node_releases.json (12 months offset),yarn,yarn.lock
6d73001dd2dff01463d710ac48a5b2f82213e75f,1681868648,18,node_releases.json (12 months offset),yarn,yarn.lock
4129c5a2dbebdfcfab17291609a1c3817977fb52,1681888816,18,node_releases.json (12 months offset),yarn,yarn.lock
e7b4a21abf0f6c0ae31c5fa4c15392c6dc528afb,1681902941,18,node_releases.json (12 months offset),yarn,yarn.lock
c54cf71ba3025800de922e089145ee4f6c835946,1681946863,18,node_releases.json (12 months offset),yarn,yarn.lock
025ce4de4eaaef888827022aedfb60ef7f39e754,1681964641,18,node_releases.json (12 months offset),yarn,yarn.lock
0f955d627959ec6a20f6da66b9e3ce8ed50a14cc,1682033860,18,node_releases.json (12 months offset),yarn,yarn.lock
2d8883b43b9f1630a5464d40553f8819ffbb921c,1682058099,18,node_releases.json (12 months offset),yarn,yarn.lock
9d947a137a12642a1784af982c331e1629d6580f,1682064299,18,node_releases.json (12 months offset),yarn,yarn.lock
06685e593d43b88acd86131980040b0f9dc74891,1682079986,18,node_releases.json (12 months offset),yarn,yarn.lock
c9b71333368b3f06cc2c87443060d30b6ee02323,1682097246,18,node_releases.json (12 months offset),yarn,yarn.lock
f6b321dc6d434b63a3165f3534f34f37105a1797,1682404799,18,node_releases.json (12 months offset),yarn,yarn.lock
26b571561ef225c5e144bc0d89415a6908792822,1682417596,18,node_releases.json (12 months offset),yarn,yarn.lock
bfc425853b7524aa94c15d3e7dd36dff31f5b357,1682442837,18,node_releases.json (12 months offset),yarn,yarn.lock
010e90e671381fb89e94291eae5715d72bf99a4f,1682475808,18,node_releases.json (12 months offset),yarn,yarn.lock
60e3ca1e559898e9c74822bab53b5c8a57729f92,1682476784,18,node_releases.json (12 months offset),yarn,yarn.lock
7c398e652e3e4d3f9a66b7983bd4ebbd5ef6714d,1682492624,18,node_releases.json (12 months offset),yarn,yarn.lock
9f20000f8d23206bd18a1da59da7bec094813766,1682502682,18,node_releases.json (12 months offset),yarn,yarn.lock
dbe3d8d2e669278107c2a5929230866c44164a82,1682548705,18,node_releases.json (12 months offset),yarn,yarn.lock
da80787724cc7752711c5d0e1e281818aa7ec2da,1682580004,18,node_releases.json (12 months offset),yarn,yarn.lock
a96b17cc7c0d735b7a1193a67245101cfd0363fb,1682596587,18,node_releases.json (12 months offset),yarn,yarn.lock
ed873c487c83551b1b1626151cb6879044ede724,1682679962,18,node_releases.json (12 months offset),yarn,yarn.lock
b74b29d39e12d431eece44eb9a70fbbee6ec519e,1683007276,18,node_releases.json (12 months offset),yarn,yarn.lock
70d9859c272c31288e09bcfdd1c3eaa41b210021,1683012746,18,node_releases.json (12 months offset),yarn,yarn.lock
80c26c73393774de5ab9eadd165ae284a19e8d64,1683176786,18,node_releases.json (12 months offset),yarn,yarn.lock
d45827db9d0aa347ec60dc30f325bc61a7a7523d,1683253548,18,node_releases.json (12 months offset),yarn,yarn.lock
55d7468d6d6bd2b682a471ac1d4de1c774a9035c,1683512321,18,node_releases.json (12 months offset),yarn,yarn.lock
a1a5108d97e0201ae019508763f0e0f438a47ff7,1683534681,18,node_releases.json (12 months offset),yarn,yarn.lock
ad2576b357b808836bf8892a3054491a83c39c02,1683554594,18,node_releases.json (12 months offset),yarn,yarn.lock
10927813e4e033d39e6f79036c7b8fd021775692,1683618836,18,node_releases.json (12 months offset),yarn,yarn.lock
6a6acc40b32442cf077ea89fe48b3ecacf2f9abe,1683621374,18,node_releases.json (12 months offset),yarn,yarn.lock
6673e9a7485df0bed439a677c3e425821bbe871a,1683653402,18,node_releases.json (12 months offset),yarn,yarn.lock
e58a4df48b48d9a713081ab5587f37344294563b,1683653644,18,node_releases.json (12 months offset),yarn,yarn.lock
dd4c601aab9f1e5e8b64b98bf929c24dbcc38305,1683691946,18,node_releases.json (12 months offset),yarn,yarn.lock
5c8520f1a718e04383e75495e1cc2ff4894186a0,1683852174,18,node_releases.json (12 months offset),yarn,yarn.lock
632782ee32cb541f8220ac5070c5740a0394c006,1683875510,18,node_releases.json (12 months offset),yarn,yarn.lock
7aa9d52159c51c5d801830d8052f07e8759e4387,1683878057,18,node_releases.json (12 months offset),yarn,yarn.lock
cf936a81da45d85844a184fd70fb1db050916807,1683878719,18,node_releases.json (12 months offset),yarn,yarn.lock
37774a0cfaf8dd30a4123f9069693e5cf1a1bf91,1683888182,18,node_releases.json (12 months offset),yarn,yarn.lock
e399745ea38d492723b200ef7260d44c6cf3a7a5,1684130986,18,node_releases.json (12 months offset),yarn,yarn.lock
51cba504302ae4ccf797f7f320f75af751c2561d,1684150417,18,node_releases.json (12 months offset),yarn,yarn.lock
27227cc2fa54d432753449f9ca91cb089bb469c4,1684216496,18,node_releases.json (12 months offset),yarn,yarn.lock
b4c1a77689f2cd7cdd65bd4456f7de405430f658,1684225055,18,node_releases.json (12 months offset),yarn,yarn.lock
73747ed3dc21473201f277c2d08f21d885d9749b,1684349236,18,node_releases.json (12 months offset),yarn,yarn.lock
1aff32391d8dd49728e1748353f277cf026d161b,1684382815,18,node_releases.json (12 months offset),yarn,yarn.lock
dd4e8592e5aa4258e4bcc42f07fe4607708d6ed8,1684415251,18,node_releases.json (12 months offset),yarn,yarn.lock
8620cece48150afa0794d1ecb1855ed6eb75d4a9,1684445358,18,node_releases.json (12 months offset),yarn,yarn.lock
1162bcbd9134aa3879df9ae95ea063ebb74ce884,1684479737,18,node_releases.json (12 months offset),yarn,yarn.lock
a30e112f4a4f2d78938b751ca6c127b3c547bc7c,1684712402,18,node_releases.json (12 months offset),yarn,yarn.lock
d7e10af1b6050631fcbe235a91518a96ff90a248,1684721071,18,node_releases.json (12 months offset),yarn,yarn.lock
7f82239a8785789cf56358bb3099df46a38aaf73,1684736242,18,node_releases.json (12 months offset),yarn,yarn.lock
3657a9e509d94a5ea8ee72c69a243927cb194fa6,1684736576,18,node_releases.json (12 months offset),yarn,yarn.lock
54a41e53ec2662939c9c5e4c0887b2ecab86d665,1684800507,18,node_releases.json (12 months offset),yarn,yarn.lock
ce0887fc49fff9c7b5170d0839dce16d5516455a,1684825567,18,node_releases.json (12 months offset),yarn,yarn.lock
16118efc0e00909b76469ce0e927094d0164a8f9,1684840191,18,node_releases.json (12 months offset),yarn,yarn.lock
a1dbe1fc23ac43a79f819f36835ecebee591ee11,1685009892,18,node_releases.json (12 months offset),yarn,yarn.lock
77312aa5a7e27b1cf393a2021a0bfd6316e09701,1685072305,18,node_releases.json (12 months offset),yarn,yarn.lock
c49324d38d960001307f6759fb8cee30010afb38,1685316445,18,node_releases.json (12 months offset),yarn,yarn.lock
05ef3cc2875904ed164836e49123fd383362004b,1685346904,18,node_releases.json (12 months offset),yarn,yarn.lock
14dd42f7015cd5573e1da14a3b725e213e3483d0,1685360549,18,node_releases.json (12 months offset),yarn,yarn.lock
2d7c6d8f0a16d95dad2c481c29183d3af705416c,1685424655,18,node_releases.json (12 months offset),yarn,yarn.lock
e682a05534c645c38971a419bcb11c626756483f,1685429447,18,node_releases.json (12 months offset),yarn,yarn.lock
e0b621cd39ec67f655290e91c170e20927d461df,1685430083,18,node_releases.json (12 months offset),yarn,yarn.lock
70ac58c47228e5030a5f7ab4f4bd77ef97ac78fd,1685430807,18,node_releases.json (12 months offset),yarn,yarn.lock
9588d86dbddb005cc7ad8f61903f53a3e0f975d4,1685432135,18,node_releases.json (12 months offset),yarn,yarn.lock
69c40610f1d3a4fe7941bfac7b0e9aa6cce84c89,1685433331,18,node_releases.json (12 months offset),yarn,yarn.lock
ee32d00d4f5a613576862f3756b4d7d0a6da1fdf,1685435614,18,node_releases.json (12 months offset),yarn,yarn.lock
685ee8c44c1dc6490f86785918e784706ed7b913,1685491314,18,node_releases.json (12 months offset),yarn,yarn.lock
c3e5e789e0b0ca97969adaaed4ea97d3730cc408,1685492972,18,node_releases.json (12 months offset),yarn,yarn.lock
d1ebf3a0e8624d698c0206504cbd9d22ec37f212,1685509261,18,node_releases.json (12 months offset),yarn,yarn.lock
150f8fe0e1cce2e0e201c2a67ae2ad213893e0dd,1685512877,18,node_releases.json (12 months offset),yarn,yarn.lock
106856a66f7556c417ef0918de1fe3f15307f88e,1685512937,18,node_releases.json (12 months offset),yarn,yarn.lock
3b48054a289870aded934aff482faf22a0a262a6,1685582019,18,node_releases.json (12 months offset),yarn,yarn.lock
1c3e5e951e515a2457b88f7feb9f948c9cbe3852,1685606959,18,node_releases.json (12 months offset),yarn,yarn.lock
5bb7896f49988774158439ec5c285b9cc831af1a,1685676776,18,node_releases.json (12 months offset),yarn,yarn.lock
4d375ed43e9202fd7c2bc76c315bb1dfbfb2b170,1685701800,18,node_releases.json (12 months offset),yarn,yarn.lock
1639df452eece9fad56d3d8c52cbb202248ae48d,1685705733,18,node_releases.json (12 months offset),yarn,yarn.lock
c5af7f4909f9ca8ec28127692109e57de0d8148b,1685730050,18,node_releases.json (12 months offset),yarn,yarn.lock
9045195a68755e7eb9fabe05dfd24c22b24ae70c,1685733133,18,node_releases.json (12 months offset),yarn,yarn.lock
0e8772b1233456a076597c8e37701dc9c6bb02ee,1685738288,18,node_releases.json (12 months offset),yarn,yarn.lock
75c2f9b8d44073b2a7bb191d155de03fecab06d3,1685923134,18,node_releases.json (12 months offset),yarn,yarn.lock
c0fc10197568cd34e9ccfe8a905b22d4f07471b9,1685934980,18,node_releases.json (12 months offset),yarn,yarn.lock
abb50adbc8d1d42fe43e78d2068392a1d835f08d,1685956569,18,node_releases.json (12 months offset),yarn,yarn.lock
df2f4eca91ae8e760d64491ed6ba987eee7365f6,1686008947,18,node_releases.json (12 months offset),yarn,yarn.lock
6ea14fbc948221cff08e01af844e53fbe47bb0df,1686020388,18,node_releases.json (12 months offset),yarn,yarn.lock
56b0823ac915ee5ca7c046e5a8121d54994c422a,1686104172,18,node_releases.json (12 months offset),yarn,yarn.lock
9a655c9ec480813ff3568a9dabe616ad02ff779b,1686181592,18,node_releases.json (12 months offset),yarn,yarn.lock
9dbb1e7742b0835382abc11aa2edd6c33a71f625,1686190386,18,node_releases.json (12 months offset),yarn,yarn.lock
81a6b01bdc62428ec53dae5b234be6cbd8eeae0e,1686229203,18,node_releases.json (12 months offset),yarn,yarn.lock
0b36c5c68876bda9db1fb6e14f4bc03ba2c5a77b,1686275873,18,node_releases.json (12 months offset),yarn,yarn.lock
45fffbf0c66edfd6be7b267d2036ab54efa371bb,1686288848,18,node_releases.json (12 months offset),yarn,yarn.lock
fe7831640578c715cbd5cecd46d0e09fa1c26608,1686301318,18,node_releases.json (12 months offset),yarn,yarn.lock
6a70831a19d8c36dc2d787dab95eb44d139c5d95,1686532010,18,node_releases.json (12 months offset),yarn,yarn.lock
c1f2ddf8b552f074b801418f4ec2da481e9f71c2,1686532066,18,node_releases.json (12 months offset),yarn,yarn.lock
731816c1685e156a29c2e12572ae1cbe879c473f,1686532565,18,node_releases.json (12 months offset),yarn,yarn.lock
636dff1dba45c7b40e53bdc81ef3464ed1b26e33,1686532919,18,node_releases.json (12 months offset),yarn,yarn.lock
91775a557e8d53181ece883f92cdbb53c192988c,1686532963,18,node_releases.json (12 months offset),yarn,yarn.lock
cddd7ca88d0158da7f59ce1e08c9039763cd87da,1686533079,18,node_releases.json (12 months offset),yarn,yarn.lock
1347fff3c3dbfffd8f4702d66359e18644936aef,1686535550,18,node_releases.json (12 months offset),yarn,yarn.lock
5e3bea2581ef30fdca6e9d9c6daba5765ca2d4ff,1686546457,18,node_releases.json (12 months offset),yarn,yarn.lock
4c70cd3759c9acaa6ab34772374eb5cb2d76f7b5,1686546888,18,node_releases.json (12 months offset),yarn,yarn.lock
91bb3b2b0289fa341cb5e51033653e3fae742eec,1686639218,18,node_releases.json (12 months offset),yarn,yarn.lock
dc11fbc3db5fb296ffc3ca02eefae79bee5e81b2,1686732848,18,node_releases.json (12 months offset),yarn,yarn.lock
56a7ece0809d519e964ebbce1527c47bb3bf0edf,1686782476,18,node_releases.json (12 months offset),yarn,yarn.lock
e86ee039b6c4ed72d4dc8f2988010b325fe43538,1686821508,18,node_releases.json (12 months offset),yarn,yarn.lock
995bf855402b0a0473d4e77ad7696d8dc8673915,1686881062,18,node_releases.json (12 months offset),yarn,yarn.lock
b3c20dd5afb8f368ce3f532e0820594506249e69,1686883135,18,node_releases.json (12 months offset),yarn,yarn.lock
b72fc6b6e049d5255d7f2c540652c075e6fb3777,1686902566,18,node_releases.json (12 months offset),yarn,yarn.lock
1aebdc6ce18ea1f714c0d4d4e59d1bd14eba53c5,1686911411,18,node_releases.json (12 months offset),yarn,yarn.lock
8dece694debb78f26744dd01168a25ec55ec6268,1687129446,18,node_releases.json (12 months offset),yarn,yarn.lock
c24f95b3dd7e4dce72ff6f3d7ae1f8fdf623265f,1687141301,18,node_releases.json (12 months offset),yarn,yarn.lock
808fa12c8ac0e3efb8ede8da3d2fb827dbbe6c8c,1687143920,18,node_releases.json (12 months offset),yarn,yarn.lock
e71a667024239de89ca06fd8b5f128f857ea859d,1687147727,18,node_releases.json (12 months offset),yarn,yarn.lock
8071ed3a5c9ebeeb849ddcaeecf8b44a32f6b078,1687151244,18,node_releases.json (12 months offset),yarn,yarn.lock
75c31bb4382d8cd92d2a951cf67ba2b223291a85,1687194776,18,node_releases.json (12 months offset),yarn,yarn.lock
78772bac05fac36dbfe1ccd7e3dac434b8dd33f8,1687337232,18,node_releases.json (12 months offset),yarn,yarn.lock
355efe793a0b2254956f8dcc9cbc006823fbf513,1687427765,18,node_releases.json (12 months offset),yarn,yarn.lock
830c3210a86a093ff99075a374d3f08e13a31752,1687431414,18,node_releases.json (12 months offset),yarn,yarn.lock
f0e5c720866b0d70687c5de367a6096ef604ca4e,1687432857,18,node_releases.json (12 months offset),yarn,yarn.lock
d7cfa10f33a6286ca01e87d929ab7f7c507ee962,1687452576,18,node_releases.json (12 months offset),yarn,yarn.lock
c16c02b33026ca0ec587930b894b47f4cbbbbece,1687452665,18,node_releases.json (12 months offset),yarn,yarn.lock
ceb97ec72fd365e7b4467dfbd2fd62aa65677ade,1687743357,18,node_releases.json (12 months offset),yarn,yarn.lock
cadc157579caedab456654aab99e5fdd20ef8a25,1687909055,18,node_releases.json (12 months offset),yarn,yarn.lock
ecdedac778fb742b093edc370e0ee3d2a55fcba9,1687993563,18,node_releases.json (12 months offset),yarn,yarn.lock
a50b54a18c6741008a8085a7f989e7ac418906eb,1688096680,18,node_releases.json (12 months offset),yarn,yarn.lock
d379aa6f4709e251cc8f24df34fcfc413c70e6f3,1688101815,18,node_releases.json (12 months offset),yarn,yarn.lock
6f97aa9943fa16521596160108e619921c79f183,1688101906,18,node_releases.json (12 months offset),yarn,yarn.lock
f3194822708a6678fc5026771f9bddf6fe663761,1688341722,18,node_releases.json (12 months offset),yarn,yarn.lock
64333acf0e9e93aa1853c824405654fb663e2e28,1688347144,18,node_releases.json (12 months offset),yarn,yarn.lock
b20762d9f68d2921b1d0e2edeb271079c6b085c1,1688347175,18,node_releases.json (12 months offset),yarn,yarn.lock
018c601036481d642620c005982122987b12b247,1688360630,18,node_releases.json (12 months offset),yarn,yarn.lock
0aa180d3652fabb36381ef7b5c7decee7bd4a32a,1688428710,18,node_releases.json (12 months offset),yarn,yarn.lock
d12896d104ebcb90b6900f38a2e2a0c38338fb9b,1688433941,18,node_releases.json (12 months offset),yarn,yarn.lock
39b7100e51a5e4d8abf9c212409d03135959fce3,1688436377,18,node_releases.json (12 months offset),yarn,yarn.lock
e4fe89894defc2184e41085c34818e2fa32d04ea,1688444346,18,node_releases.json (12 months offset),yarn,yarn.lock
456fec8c14aec6a614ea0ba7a7b79532705c39bb,1688447059,18,node_releases.json (12 months offset),yarn,yarn.lock
3a9889b3ecf43c3f78e1f7ced1b86914e2ee2b8a,1688528968,18,node_releases.json (12 months offset),yarn,yarn.lock
7962a6df897d662f001707f6a070cbe0850b219a,1688547142,18,node_releases.json (12 months offset),yarn,yarn.lock
0fa8c0e25dbdd0076d09e34155550b2f63884b15,1688694160,18,node_releases.json (12 months offset),yarn,yarn.lock
0e6d4b0c85f57a5820ff5e1ab550e8a13d357ebc,1688699198,18,node_releases.json (12 months offset),yarn,yarn.lock
6841691b4419ede0d45fd6aa343745cf627ab821,1688705555,18,node_releases.json (12 months offset),yarn,yarn.lock
4635f9bce5b072b54999f53ae292ba3f002deb19,1688707701,18,node_releases.json (12 months offset),yarn,yarn.lock
9ebcbe4c93b892c19ff66821c343112d76d022ea,1688707837,18,node_releases.json (12 months offset),yarn,yarn.lock
02300b077c6e84bb9ff3264d8f2a50e2aebe6087,1688964406,18,node_releases.json (12 months offset),yarn,yarn.lock
3f294ffc8b77e00217d25720db676969238b57c0,1688966925,18,node_releases.json (12 months offset),yarn,yarn.lock
637c41737cdacda9eafe58713726b73a134cb612,1688970509,18,node_releases.json (12 months offset),yarn,yarn.lock
d2d9911aff362cd49d1ec250bdc72d3e5c4505d4,1688989810,18,node_releases.json (12 months offset),yarn,yarn.lock
6eb0c064e9ea6f5bcfd38cb9bdae27c0c7317381,1689035703,18,node_releases.json (12 months offset),yarn,yarn.lock
4eaf4aa52985a42b1c9668aac53d31e3f8e055e5,1689042980,18,node_releases.json (12 months offset),yarn,yarn.lock
804bf8837d6bf2289df0b8847f6bb4756c60ba03,1689047539,18,node_releases.json (12 months offset),yarn,yarn.lock
3bd4f89aa2724c9d5b562de0043e7935dcf14675,1689049084,18,node_releases.json (12 months offset),yarn,yarn.lock
d78ed2719b215417b65828c74b048c0ab6be4a57,1689049227,18,node_releases.json (12 months offset),yarn,yarn.lock
3b6388612586db43af4f7a969ab43800f60fb2df,1689064356,18,node_releases.json (12 months offset),yarn,yarn.lock
8ecbb4a78d3bc964844e26d249b47c989fbbd9ff,1689119875,18,node_releases.json (12 months offset),yarn,yarn.lock
b9c77435efd93b5410cbc532de82694eb9a784bd,1689120735,18,node_releases.json (12 months offset),yarn,yarn.lock
631016220fa0d6719fd234bf2ecfd0ed1680bf01,1689135055,18,node_releases.json (12 months offset),yarn,yarn.lock
8c01488fca5fb5e54137e70ec7fae96961d41242,1689135479,18,node_releases.json (12 months offset),yarn,yarn.lock
115896e6ba7993592849073698ea11a62d6ce878,1689135800,18,node_releases.json (12 months offset),yarn,yarn.lock
0cbc65a8652eb25f01fc9a233df1b6b8b52cb837,1689135898,18,node_releases.json (12 months offset),yarn,yarn.lock
510e16bcbf8a4da971c1cc193f150e07bdbddb07,1689138279,18,node_releases.json (12 months offset),yarn,yarn.lock
410c70790256806f748b8075f99526d4e33e69a8,1689138487,18,node_releases.json (12 months offset),yarn,yarn.lock
6487f1dbf3acddf97ab8827dd9946bc04472295d,1689138892,18,node_releases.json (12 months offset),yarn,yarn.lock
4ea46c85c062665248d630f9a2ae7c96a871cbd1,1689139624,18,node_releases.json (12 months offset),yarn,yarn.lock
fac57f5f9c591e6cb387ce639ab28010ae96863a,1689139773,18,node_releases.json (12 months offset),yarn,yarn.lock
f22612da45ed85b317735234d7be9be076d59974,1689757570,18,node_releases.json (12 months offset),yarn,yarn.lock
94e19983258c4c231cebf120638cacc5ff5d8fcf,1689810183,18,node_releases.json (12 months offset),yarn,yarn.lock
e3c8bb96c8443f3f6a7f03463cd5cfe93670bb3f,1690263333,18,node_releases.json (12 months offset),yarn,yarn.lock
563682a09d66d75a2c802e441a7f6d0894004a4a,1690266003,18,node_releases.json (12 months offset),yarn,yarn.lock
30bfb86bdbb3c433c95b1334f861b356c7fc8f0a,1690268855,18,node_releases.json (12 months offset),yarn,yarn.lock
8031d7c6b112efb53c17e06b818da2a7333d7a11,1690282808,18,node_releases.json (12 months offset),yarn,yarn.lock
bfc2e1df3237c4dcc4a73edf96935a7c87dca537,1690348516,18,node_releases.json (12 months offset),yarn,yarn.lock
7d2af50c2262099591c4f684b8dbbff560f84141,1690368078,18,node_releases.json (12 months offset),yarn,yarn.lock
f0ccec8759fb24a0fb78bb0881d828430459c422,1690368821,18,node_releases.json (12 months offset),yarn,yarn.lock
4387f260bd26b02a2f0af14786da0b349983ef47,1690845980,18,node_releases.json (12 months offset),yarn,yarn.lock
ed3789d4ba83a05a9b31e0453f845e7d3ebedb7b,1690848275,18,node_releases.json (12 months offset),yarn,yarn.lock
d799a47a86e261b46707224c308b647734dea363,1690850929,18,node_releases.json (12 months offset),yarn,yarn.lock
5ce7625cd19b47465ba0a14ce9dbccc7777eee05,1690854797,18,node_releases.json (12 months offset),yarn,yarn.lock
d45118a27f5dc17a1321b8b4607a54e67dab14f4,1690859212,18,node_releases.json (12 months offset),yarn,yarn.lock
a84bb7d7d19865460643f56ea7447e4f7f7fb660,1690859212,18,node_releases.json (12 months offset),yarn,yarn.lock
8dde13112f873b7816ce8c9ec24b2676f3af9e9c,1690859212,18,node_releases.json (12 months offset),yarn,yarn.lock
92f53fe893ca049293c02e5fe82a9ffa3056afc3,1690864812,18,node_releases.json (12 months offset),yarn,yarn.lock
bbbfd94be2bd39cdb9ca9f48b6b349e15bffa6a6,1690866910,18,node_releases.json (12 months offset),yarn,yarn.lock
616d7cc071ca0d70d8edb0e371ba0f7cd04c4dc7,1690909944,18,node_releases.json (12 months offset),yarn,yarn.lock
5a0d0a46da791c3ee831002420d48fffd565eb9c,1690925450,18,node_releases.json (12 months offset),yarn,yarn.lock
30b590125bf647bbf118066f078b6526858d3a4e,1690938400,18,node_releases.json (12 months offset),yarn,yarn.lock
a6acd179ed3326e38b7d847e16ab837946d30128,1690939309,18,node_releases.json (12 months offset),yarn,yarn.lock
f48fa57004ed34cc79be737184754891e1c94a2a,1690947192,18,node_releases.json (12 months offset),yarn,yarn.lock
8d65da473985e2cbbe7f40a8e204336f0b4d0c93,1690947283,18,node_releases.json (12 months offset),yarn,yarn.lock
79fae0b5868a52bfe2303d237326f7fcf5bdf739,1690950255,18,node_releases.json (12 months offset),yarn,yarn.lock
57c9b41c8260b4825f3c4188442f565822764c0b,1690956636,18,node_releases.json (12 months offset),yarn,yarn.lock
6afcb84028df87a0d700aa02616f2d3d24ac0d90,1691067953,18,node_releases.json (12 months offset),yarn,yarn.lock
11f52680ca9ced886db5860bf65a98eac14a3a57,1691068385,18,node_releases.json (12 months offset),yarn,yarn.lock
59a6a38507e9edd4112c8fe02eecb96fa4bc6ad8,1691484581,18,node_releases.json (12 months offset),yarn,yarn.lock
9ca34311069a8d1858c8c5c0848de9d2613213c7,1691484911,18,node_releases.json (12 months offset),yarn,yarn.lock
dc062e7028d2cc7226110431ebf72c94acd9bcba,1691539259,18,node_releases.json (12 months offset),yarn,yarn.lock
9f8194186c881691e2af3ff392857c94663f133d,1691547367,18,node_releases.json (12 months offset),yarn,yarn.lock
42a2f61e2acd02a6b2e7c2f181ff9b251f7912c5,1691547425,18,node_releases.json (12 months offset),yarn,yarn.lock
4a8f98fcda4296d54a19283b36630e1e8d948603,1691555057,18,node_releases.json (12 months offset),yarn,yarn.lock
0ac527aece6ff75d2d586a074a236819f6f784ce,1691559523,18,node_releases.json (12 months offset),yarn,yarn.lock
076142374d77191aef596a36db2e7059598d9513,1691653281,18,node_releases.json (12 months offset),yarn,yarn.lock
f4bb4f941c2e4916d0bedc1398a8e51329534c05,1691975561,18,node_releases.json (12 months offset),yarn,yarn.lock
da7b0c4962b88a43590d534432b3fd44d60995c9,1692025003,18,node_releases.json (12 months offset),yarn,yarn.lock
aa91139b463f7445e0fbbd7b8fdaf83ca6e31b1a,1692025018,18,node_releases.json (12 months offset),yarn,yarn.lock
af5994ec6211efdb90b9021417d1831f05a123cd,1692152907,18,node_releases.json (12 months offset),yarn,yarn.lock
600c46bc77384dd197cf1f41d1834e25d18d7ca0,1692252040,18,node_releases.json (12 months offset),yarn,yarn.lock
d776d42ba9fb028445f33d02a66a2f17420c2341,1692256165,18,node_releases.json (12 months offset),yarn,yarn.lock
80b3731017f2df13d255eaa86bd5957733148b7a,1692337160,18,node_releases.json (12 months offset),yarn,yarn.lock
7314a378fd64c34ca1d74259d9f5f1f4497af1e2,1692583932,18,node_releases.json (12 months offset),yarn,yarn.lock
8038b514fb6d4115f3623eacb5784d7d98ea997f,1692584058,18,node_releases.json (12 months offset),yarn,yarn.lock
48efd0d52c819e474315a9b39ee6d308a5a65d46,1692594255,18,node_releases.json (12 months offset),yarn,yarn.lock
46ae40b9e7dbab275fd0731ca34ed0ea0633e475,1692596619,18,node_releases.json (12 months offset),yarn,yarn.lock
0e7ef69eb90086f81dc10d43d4e4c5795fda0620,1692604716,18,node_releases.json (12 months offset),yarn,yarn.lock
427c3de412421a7896b1219eaf91411defac1052,1692680087,18,node_releases.json (12 months offset),yarn,yarn.lock
45bffbe84e4e4f55350a5ca8a6aec64cd90ee798,1693201727,18,node_releases.json (12 months offset),yarn,yarn.lock
5cf33285a48fa869529ab0ad78f09f3351b2276c,1693278169,18,node_releases.json (12 months offset),yarn,yarn.lock
19684501666349578d31aa960ca166590229cf07,1693296652,18,node_releases.json (12 months offset),yarn,yarn.lock
b4c8981eb90b0efb45fb1e1ac57eb1f8c9735eea,1693306041,18,node_releases.json (12 months offset),yarn,yarn.lock
ee44089a4cdb01e20d27333abe6eac00d1ce81ef,1693373995,18,node_releases.json (12 months offset),yarn,yarn.lock
65385fa606ff6d0390cbcdbc2851d5cee1b38cf7,1693376933,18,node_releases.json (12 months offset),yarn,yarn.lock
88a87079f6456c3168149b6815de211c24ac8ce9,1693378772,18,node_releases.json (12 months offset),yarn,yarn.lock
8738fca0b609b97e359674753e7e26932aef4991,1693385003,18,node_releases.json (12 months offset),yarn,yarn.lock
7bbada9dd37855b5d06663f3dd3caa13d03b4e68,1693385252,18,node_releases.json (12 months offset),yarn,yarn.lock
c7dced812bda206b9e0a20d016beaf9567b9e152,1693386038,18,node_releases.json (12 months offset),yarn,yarn.lock
80f7b8509bd018c2d3c9b26e4ab82562d5a12dd1,1693386136,18,node_releases.json (12 months offset),yarn,yarn.lock
632e7a68634cc27ccc47008514b5c94d64e78977,1693386408,18,node_releases.json (12 months offset),yarn,yarn.lock
b98b0f143212f4a9fc37fad065c16f0c0c368789,1693392392,18,node_releases.json (12 months offset),yarn,yarn.lock
ca8400df2b6adb3be92bbdbbe4035dc0994c5595,1693798247,18,node_releases.json (12 months offset),yarn,yarn.lock
f5d3edeeebf230864da015afeb74be3021e395a2,1693798467,18,node_releases.json (12 months offset),yarn,yarn.lock
a378fd27e5195546b31322798c69022dcec46764,1693892711,18,node_releases.json (12 months offset),yarn,yarn.lock
84930dd399a1f5f013d03ef1d5b2ac02af652022,1693987784,18,node_releases.json (12 months offset),yarn,yarn.lock
4c21cad776c428d321f288fed0e244b4269dd586,1694052416,18,node_releases.json (12 months offset),yarn,yarn.lock
4da4fdb7fc09e0bed5cc7e53ef1df8ffabf8614a,1694159725,18,node_releases.json (12 months offset),yarn,yarn.lock
ce3622c8de4afd0c17fff87a43915499b340a1e4,1694497725,18,node_releases.json (12 months offset),yarn,yarn.lock
705b637b80396dde99ef4b00ff628904763098ad,1695179215,18,node_releases.json (12 months offset),yarn,yarn.lock
a308c3199dc685c846f08f6fedeee0dc56b4323a,1695190354,18,node_releases.json (12 months offset),yarn,yarn.lock
dff362eb4d5740296977841f5fb4529f3c914084,1695204626,18,node_releases.json (12 months offset),yarn,yarn.lock
46bec0c248da83789ce26e384492b3b6282f5188,1695378620,18,node_releases.json (12 months offset),yarn,yarn.lock
7a9577f96ffecbe5d9f60e776bd969c4c720ea9f,1695708834,18,node_releases.json (12 months offset),yarn,yarn.lock
f33d38141f655539311af4f95f0b84897a4425d9,1695958371,18,node_releases.json (12 months offset),yarn,yarn.lock
7c5d2ea947b7034f33d4819920f7dfd06b7e6bb7,1696225877,18,node_releases.json (12 months offset),yarn,yarn.lock
fccd90a88e97435a2436d603f0492b498426dcac,1696233694,18,node_releases.json (12 months offset),yarn,yarn.lock
6961076837d977f1b009f39c087a0df13e983f61,1696238583,18,node_releases.json (12 months offset),yarn,yarn.lock
229a3cc6fab45ace35c44fde28e0d69de0740e0a,1696240799,18,node_releases.json (12 months offset),yarn,yarn.lock
d7c1cf756433e8d528d9f431543bbe93a568a2e6,1696506771,18,node_releases.json (12 months offset),yarn,yarn.lock
0b0fc8b2e82c962795e696ecaffb21908bf21eb8,1696575891,18,node_releases.json (12 months offset),yarn,yarn.lock
5ee5a70c5d7f79c0d1eb1ae7ab5992ae2916584d,1696585880,18,node_releases.json (12 months offset),yarn,yarn.lock
216ccf4299461bb7f91900905e0ddca323e2f311,1697444239,19,node_releases.json (12 months offset),yarn,yarn.lock
af4ac2f6b0a763b5a09ce850cd3d232f6f69cd20,1697445590,19,node_releases.json (12 months offset),yarn,yarn.lock
1365f04567c6a57dbe6348674b1776c3e110346a,1697679425,19,node_releases.json (12 months offset),yarn,yarn.lock
cb4d48d73eb900a6a126425179d39fe9ebf66e2b,1697681758,19,node_releases.json (12 months offset),yarn,yarn.lock
82f8b3cd850d5ff58f4b5f327f56d47773743a80,1697691607,19,node_releases.json (12 months offset),yarn,yarn.lock
ebbad538cf5b78f22e7fbdd7d3140efa9684744e,1697716498,19,node_releases.json (12 months offset),yarn,yarn.lock
5e57194ef87f34f8aef79c3a063daa8f7ec29b7f,1697767636,19,node_releases.json (12 months offset),yarn,yarn.lock
3fc657e351041f48579f6ac5a072d26f645445d5,1697811929,19,node_releases.json (12 months offset),yarn,yarn.lock
966fc75eb87863da629df5294af591437dccccea,1698047522,19,node_releases.json (12 months offset),yarn,yarn.lock
5a391a0f38086e7e22f54ba035f8aaf3501bad20,1698055899,19,node_releases.json (12 months offset),yarn,yarn.lock
0f60081de0340640906f5c16ce9463022873892b,1698058848,19,node_releases.json (12 months offset),yarn,yarn.lock
8b57afde4456336f418af61af0b728b570eeba35,1698058867,19,node_releases.json (12 months offset),yarn,yarn.lock
b00c61c3dcb2079609b381902e03f66b436b0052,1698101795,19,node_releases.json (12 months offset),yarn,yarn.lock
01999ec50216cbd689b829ad7297930cf1f9a339,1698129104,19,node_releases.json (12 months offset),yarn,yarn.lock
9924746a5bf8671c348f30c8ae07c0787aa80051,1698132831,19,node_releases.json (12 months offset),yarn,yarn.lock
95080b4c20a4477a1a5769ca00568ec30837038d,1698137097,19,node_releases.json (12 months offset),yarn,yarn.lock
8710894117ded670694ca7a2b0c0269d68777c12,1698139090,19,node_releases.json (12 months offset),yarn,yarn.lock
701cb0d5c053485868c40893985ba6b2701ccbcd,1698167525,19,node_releases.json (12 months offset),yarn,yarn.lock
403c51d35c21b1cde13ec4f3c58e0fd976e816a1,1698212962,19,node_releases.json (12 months offset),yarn,yarn.lock
9b237f22e53ba8b018355151e212933cd01262fc,1698219888,19,node_releases.json (12 months offset),yarn,yarn.lock
7c8370dcc2027e1fa26f2648506677afc7425faa,1698223258,19,node_releases.json (12 months offset),yarn,yarn.lock
944b86e950cca9ec70984500245ba8a7130a6b6d,1698660604,19,node_releases.json (12 months offset),yarn,yarn.lock
1b17921318fff62cc656d6e472553fa418a8411a,1698663983,19,node_releases.json (12 months offset),yarn,yarn.lock
2434090ce7ebcd8ffabc54d25c753a05d187af60,1698701607,19,node_releases.json (12 months offset),yarn,yarn.lock
7b310119856fbd95def95de1fed1b14d6f6b90af,1698734542,19,node_releases.json (12 months offset),yarn,yarn.lock
ccdbcc74e96830707ae3e1fa685372c047a7bc6c,1698965733,19,node_releases.json (12 months offset),yarn,yarn.lock
7414b79acf1ad547ac49954f57a757c65b164e68,1699014569,19,node_releases.json (12 months offset),yarn,yarn.lock
9ab613d1f93d0ca8be28219917029b935cabf847,1699253352,19,node_releases.json (12 months offset),yarn,yarn.lock
43a13264fc1c197541dc62cb734e0f32b09afca4,1699573218,19,node_releases.json (12 months offset),yarn,yarn.lock
5b38b53e08d66101c25cf05c8be56c70e2629b5f,1699626085,19,node_releases.json (12 months offset),yarn,yarn.lock
baad637f3cb4c72aa771f10c432eeba9890c2e12,1699869016,19,node_releases.json (12 months offset),yarn,yarn.lock
6df2d414729287a1ee9539b1fb44729c4a91fba8,1699880169,19,node_releases.json (12 months offset),yarn,yarn.lock
d29c4755dcaef035ba9807b9cd606c0d1336fcd3,1699949015,19,node_releases.json (12 months offset),yarn,yarn.lock
85993d046143358423b0c91f723a01db2fb193e7,1699965482,19,node_releases.json (12 months offset),yarn,yarn.lock
c8b267c6df01e0aabfe689a867ab936b1d21f50b,1700006654,19,node_releases.json (12 months offset),yarn,yarn.lock
b1a65c97f9ac0f83b046dad9fbf582fc57921fd9,1700027371,19,node_releases.json (12 months offset),yarn,yarn.lock
1d01975836a921bd823590ad9e7dd43fb77586ce,1700027783,19,node_releases.json (12 months offset),yarn,yarn.lock
1708607a25abd18cbb788a8c090b42a7c8e46480,1700045745,19,node_releases.json (12 months offset),yarn,yarn.lock
15888f845427174051bf43c5a0ef0e29d30ebf45,1700053430,19,node_releases.json (12 months offset),yarn,yarn.lock
cea1f2f5df6252cc16a38a38629c740d2a2c63ce,1700053750,19,node_releases.json (12 months offset),yarn,yarn.lock
52cc39c59b724b667fbb95232f38d74186c8adad,1700209254,19,node_releases.json (12 months offset),yarn,yarn.lock
c19a0b94382ec10fbc518a832358c71f7dd9ded2,1700213818,19,node_releases.json (12 months offset),yarn,yarn.lock
ec214878ca35ded0eb138aa836cc02bb3275115b,1700230641,19,node_releases.json (12 months offset),yarn,yarn.lock
a61d2f4c4145a28568420ae1718d6e38be63c50f,1700443424,19,node_releases.json (12 months offset),yarn,yarn.lock
1b62fdb282e2761fd5483e1d66afac49f71a5120,1700461402,19,node_releases.json (12 months offset),yarn,yarn.lock
508179689edd34932b3053a27c9780e1cbbe592e,1700461446,19,node_releases.json (12 months offset),yarn,yarn.lock
90222bf1c39798cd30a2f1917b16462a494cd71b,1700465544,19,node_releases.json (12 months offset),yarn,yarn.lock
693fef6287304759bc2f3dc31f76e9e74a68d8d1,1700473353,19,node_releases.json (12 months offset),yarn,yarn.lock
bcdea2ad14e3c2cea40743fb48c63bba067ae6d1,1700533025,19,node_releases.json (12 months offset),yarn,yarn.lock
3b3121d7e6eb7d5aebfe422497104567382e4cbc,1700547197,19,node_releases.json (12 months offset),yarn,yarn.lock
3c7836771f22fb098972bd7f7fef7e0bbf2d468d,1700574952,19,node_releases.json (12 months offset),yarn,yarn.lock
6843f8d5efda76c9e9e06f8744b61b54f33e246c,1700634990,19,node_releases.json (12 months offset),yarn,yarn.lock
2805f2f1d3b9c06d801921d0cc2167a174515287,1700641886,19,node_releases.json (12 months offset),yarn,yarn.lock
0c17e6ab1be7250f182da81f69ca249f64ea0547,1700646212,19,node_releases.json (12 months offset),yarn,yarn.lock
5123abd273f6ed0525c389a02fafd3eafd27a1ef,1700646726,19,node_releases.json (12 months offset),yarn,yarn.lock
9aa7162a67bf756b1aa92133371ed41be0c445dd,1700647175,19,node_releases.json (12 months offset),yarn,yarn.lock
018ab68df8a2305a5b9d26cd2a4189e57110bef9,1700647327,19,node_releases.json (12 months offset),yarn,yarn.lock
d07a69bf7158b62f5a22bab0903877758cd5a4d0,1700649819,19,node_releases.json (12 months offset),yarn,yarn.lock
8e470ea85f94f2afe4490edf17eff9a5189e2321,1701060602,19,node_releases.json (12 months offset),yarn,yarn.lock
8eaa152fc4e26d87120ee92a12604a785b1b13d0,1701069797,19,node_releases.json (12 months offset),yarn,yarn.lock
fac3c6053be34ec72bd77159402aec7a0452492c,1701097393,19,node_releases.json (12 months offset),yarn,yarn.lock
79c58772273f49a2c488b6e2061dae1c63daf309,1701102659,19,node_releases.json (12 months offset),yarn,yarn.lock
55195a273fa34b6241b14ae10f98b62559aa8549,1701158616,19,node_releases.json (12 months offset),yarn,yarn.lock
0311e92cec07ac0c96e61f943ef9458deffd4cf1,1701167681,19,node_releases.json (12 months offset),yarn,yarn.lock
9e7bb26dbc6871468ee2983a20300efe0cd71709,1701179067,19,node_releases.json (12 months offset),yarn,yarn.lock
9574f86908aa746c31f694d3bf6fbf95269f1118,1701191503,19,node_releases.json (12 months offset),yarn,yarn.lock
63e1e4af04a99c54f56f6b26c11d4c5e269dc893,1701194353,19,node_releases.json (12 months offset),yarn,yarn.lock
376b40a04ce9b41bf499f6c82ef1a0daa7bc6201,1701247870,19,node_releases.json (12 months offset),yarn,yarn.lock
0d86e0e2755ac994e6eb4fbaf3c2d44089f1399c,1701252298,19,node_releases.json (12 months offset),yarn,yarn.lock
917d32a31c0f372bec3b23125189eca95a1524fe,1701442522,19,node_releases.json (12 months offset),yarn,yarn.lock
d3970d4649f272e3384ae7ee429c57e796fca873,1701762613,19,node_releases.json (12 months offset),yarn,yarn.lock
454de9339c02b958ad451ac7daa2afd417bf5cb5,1701770694,19,node_releases.json (12 months offset),yarn,yarn.lock
5ed6500f365377ddd16f67a6382763833e4ef4c8,1701793164,19,node_releases.json (12 months offset),yarn,yarn.lock
d9c8f66aa12742503be88a5812af998eb0622d6a,1701868936,19,node_releases.json (12 months offset),yarn,yarn.lock
64c3e7ac17c30e23313dd93bf77e81e447485114,1701904970,19,node_releases.json (12 months offset),yarn,yarn.lock
a730021fe7c395a2d6ad5aa54fb6f46e9d8e81da,1701906116,19,node_releases.json (12 months offset),yarn,yarn.lock
9e738b007e51696c6be0df4d5ea1cafca8f96798,1701906295,19,node_releases.json (12 months offset),yarn,yarn.lock
1db16b38a4bfb1c25d765ead0ed7084dfe6b8097,1701918157,19,node_releases.json (12 months offset),yarn,yarn.lock
64597c7fe4f7a1af38c37143d4b90f8dbc5f1c08,1701918903,19,node_releases.json (12 months offset),yarn,yarn.lock
a4ec376d12b37d8478c9b38f9a7d5520981b7bf7,1701998827,19,node_releases.json (12 months offset),yarn,yarn.lock
b0b6172deaca9560cc7f39ecae43b443ee9d27fb,1702250874,19,node_releases.json (12 months offset),yarn,yarn.lock
b4f7697d7cc781adeb4f7e870ab96ba973435778,1702252134,19,node_releases.json (12 months offset),yarn,yarn.lock
cc69eff2819659a199261bbdfacdbb08ae083923,1702259427,19,node_releases.json (12 months offset),yarn,yarn.lock
893f18845b6c3c41bd5f84c5eccb098580cbdd80,1702274743,19,node_releases.json (12 months offset),yarn,yarn.lock
224b3af27201c6f509ab25b04d6cb324879b6d62,1702314643,19,node_releases.json (12 months offset),yarn,yarn.lock
602d339d3001e11f0a364bcb8d8e2913cfe7dc87,1702336879,19,node_releases.json (12 months offset),yarn,yarn.lock
7ad0dfca4764755e9b0309c2c1064e38b4f62a4b,1702374943,19,node_releases.json (12 months offset),yarn,yarn.lock
52c8813e71f54453f00481f1b26339e4ecee0619,1702387771,19,node_releases.json (12 months offset),yarn,yarn.lock
5a53f6805f59d4127ca11cb16ee65341b5ad7ffd,1702440876,19,node_releases.json (12 months offset),yarn,yarn.lock
a503a0a797a31acf5bc3bdbcb13ee4042fb9986a,1702505022,19,node_releases.json (12 months offset),yarn,yarn.lock
15508f7e71ae24d1deb74959e231e7034a48c66a,1702632735,19,node_releases.json (12 months offset),yarn,yarn.lock
4c19dc7881f5837e8e65f92bb8e2d31c80c6fb97,1702874780,19,node_releases.json (12 months offset),yarn,yarn.lock
7d1f55aefd2da4830b70d11af2c0d0e4e361b1ff,1702971713,19,node_releases.json (12 months offset),yarn,yarn.lock
0e61ced9eea4efa6ef9c72eaa40be522f529de82,1703079398,19,node_releases.json (12 months offset),yarn,yarn.lock
de877de33e569faa60f08273273f595c502ebacd,1703110237,19,node_releases.json (12 months offset),yarn,yarn.lock
b6fcc36b2611f82d8df9090655ce6478f34f7d2d,1703121005,19,node_releases.json (12 months offset),yarn,yarn.lock
ca3ee401fedb67bff9fcecc6436bd3105f495efb,1705393643,19,node_releases.json (12 months offset),yarn,yarn.lock
b9f3d33a9c6aefa88aa9638988420bbe862f606a,1705401462,19,node_releases.json (12 months offset),yarn,yarn.lock
4f362cc20474864957aecd7076b5b158acf8d505,1705572321,19,node_releases.json (12 months offset),yarn,yarn.lock
f70a3b0a8e6875f96f20826d9f58c76eaa0b26c8,1705914006,19,node_releases.json (12 months offset),yarn,yarn.lock
8ac2a724fdaaba4c60642aa818a6f1cc92a01874,1705920093,19,node_releases.json (12 months offset),yarn,yarn.lock
ec868dcc582bcbbce16e78652b6ae7ecf25579a9,1705930095,19,node_releases.json (12 months offset),yarn,yarn.lock
aa3f552b2dbad39d205cf6f533d080a00b05deb7,1705930753,19,node_releases.json (12 months offset),yarn,yarn.lock
b59368ee38f326e0a16fe12bc81fe05ac7d4a007,1705959307,19,node_releases.json (12 months offset),yarn,yarn.lock
fa32ea7911de7dfab39407c7a84854f6471ab05c,1705993508,19,node_releases.json (12 months offset),yarn,yarn.lock
234a331774f07bfb552fb5e0e04da01ff2ad9c13,1706009281,19,node_releases.json (12 months offset),yarn,yarn.lock
3f35ca4afe825369ca8903d0cc7d163f0bf5fbb1,1706016516,19,node_releases.json (12 months offset),yarn,yarn.lock
f05624cad5c788a458c9362d74f032f76786bf01,1706046736,19,node_releases.json (12 months offset),yarn,yarn.lock
7dfbfb940b274321bfea291f84b883620d878222,1706070971,19,node_releases.json (12 months offset),yarn,yarn.lock
95f28c2b13104e36e42d033726f7a9316c33471f,1706163472,19,node_releases.json (12 months offset),yarn,yarn.lock
11ce08898d9882e7a7a175e7e8d89da27e19a380,1706163710,19,node_releases.json (12 months offset),yarn,yarn.lock
f7e0aa16bee7ee4e844624940643c3ae4a23b90d,1706163823,19,node_releases.json (12 months offset),yarn,yarn.lock
cb1c3fc00c7cc03f9e99f809b7060085e3d29e0a,1706184417,19,node_releases.json (12 months offset),yarn,yarn.lock
005c5da1d675d933b065e622ed4c2ff8bf75e3cf,1706224830,19,node_releases.json (12 months offset),yarn,yarn.lock
4f32db7243100d376401c82d1d49ccf1cc7d0006,1706518839,19,node_releases.json (12 months offset),yarn,yarn.lock
c47600fc916f20c2ee96e7b9cfb7f36ebab37b6a,1706575588,19,node_releases.json (12 months offset),yarn,yarn.lock
863880016cdb56922f41448420c7a062c5eb5332,1706734796,19,node_releases.json (12 months offset),yarn,yarn.lock
6cdc4058347cb13e43f6eeeaa45b1de24a12b436,1706837325,19,node_releases.json (12 months offset),yarn,yarn.lock
4d290358aa7d8c4f10f7b22b27f63fc12ad270af,1707111368,19,node_releases.json (12 months offset),yarn,yarn.lock
d4f36537b730001041d1639c5f75c067d7e98f52,1707112569,19,node_releases.json (12 months offset),yarn,yarn.lock
392c2f0be4ab90f289020155b2efaf85c515ee11,1707121655,19,node_releases.json (12 months offset),yarn,yarn.lock
177e19e5b115f89d39d55edba700a4904e59add5,1707122885,19,node_releases.json (12 months offset),yarn,yarn.lock
22eb025aa84b714bb7d2378a209823ada4fe52ba,1707176286,19,node_releases.json (12 months offset),yarn,yarn.lock
5e788d144aeae4d4a488ad0d89262f76591776f5,1707176318,19,node_releases.json (12 months offset),yarn,yarn.lock
36e10297e632fba7d602456869760a733b377823,1707178545,19,node_releases.json (12 months offset),yarn,yarn.lock
06d41603af9ed7138f0974e12f238b4cc82b81ae,1707205790,19,node_releases.json (12 months offset),yarn,yarn.lock
be1a85dbf01eec12ff0d123e658cd2e7698af744,1707215071,19,node_releases.json (12 months offset),yarn,yarn.lock
8a7b799033af4058818ea17e27ad36c58e2402f9,1707239477,19,node_releases.json (12 months offset),yarn,yarn.lock
91867cdf236cc531396f47ab643e7ed1fc3a1bf7,1707255443,19,node_releases.json (12 months offset),yarn,yarn.lock
18b6fd66e9f8d12412ff3b428402dfd363524646,1707292178,19,node_releases.json (12 months offset),yarn,yarn.lock
3d61118281b2366b7500e82157cbad5a5c5b9e5d,1707368548,19,node_releases.json (12 months offset),yarn,yarn.lock
e7d6eaf94ff098a5b3453eeb60da2360a0b3c759,1707368624,19,node_releases.json (12 months offset),yarn,yarn.lock
1804e252dd9a8a98769a40d679a61556747298d1,1707375091,19,node_releases.json (12 months offset),yarn,yarn.lock
1fe23a591506119bab092ba3fa0b3480d73817df,1707381794,19,node_releases.json (12 months offset),yarn,yarn.lock
b06f5eb53461cf1e14ae33e457b7dc9e5a50a30b,1707393520,19,node_releases.json (12 months offset),yarn,yarn.lock
54b27e62ad748d39e66bb85600efe34ca78f332c,1707408168,19,node_releases.json (12 months offset),yarn,yarn.lock
70a5a95fce2489b9bb17b63478ea7917e308ae59,1707437499,19,node_releases.json (12 months offset),yarn,yarn.lock
6b72b1315b409eedef986f82884cac093b9cc5ff,1707473210,19,node_releases.json (12 months offset),yarn,yarn.lock
acfb5e69a9dbbdf7a994ed3f01538654735c1e0e,1707727519,19,node_releases.json (12 months offset),yarn,yarn.lock
8dc5b862a7c9c9bee104c7f25f4b26b28ad09789,1707733622,19,node_releases.json (12 months offset),yarn,yarn.lock
c972b7754d05f3dd12e644f19734dd52855ad704,1707759852,19,node_releases.json (12 months offset),yarn,yarn.lock
8f6fd4fd06f2c710abaea82f1090aa64cf7cba87,1707779640,19,node_releases.json (12 months offset),yarn,yarn.lock
13ec6fc2d8341704600cfca51d7caded6c67ad90,1707799218,19,node_releases.json (12 months offset),yarn,yarn.lock
46a15ce50d5042e4d7adb2acb4abdd546a8cc0a5,1707799470,19,node_releases.json (12 months offset),yarn,yarn.lock
95301c337f0d4e29d94f915f9be5d61262daebb2,1707828841,19,node_releases.json (12 months offset),yarn,yarn.lock
597faa78c9efa0fd7d16b414d9a6466e2210d03d,1707887243,19,node_releases.json (12 months offset),yarn,yarn.lock
927156e45246fcee8b4432e9ad4805920b80c137,1707945095,19,node_releases.json (12 months offset),yarn,yarn.lock
ba841fb9a405e7c5f8f8b8821d525714766ee938,1707952284,19,node_releases.json (12 months offset),yarn,yarn.lock
73d80c11e11340f8114b8682d4d353511dbd129d,1707959253,19,node_releases.json (12 months offset),yarn,yarn.lock
ff45dd15206bcd7904c9272938b119b45df47287,1707970098,19,node_releases.json (12 months offset),yarn,yarn.lock
b57b171db8282397c575ebcee30157d8553a3320,1707977125,19,node_releases.json (12 months offset),yarn,yarn.lock
915d10209e4a970488cb29656358e91aaae5c64d,1707994036,19,node_releases.json (12 months offset),yarn,yarn.lock
40d56220eab5c17758cd93b217c4bb6753676fb7,1708001912,19,node_releases.json (12 months offset),yarn,yarn.lock
d7fdfffa8c3d73946bbb1ebd2ff4b852d4880f78,1708005086,19,node_releases.json (12 months offset),yarn,yarn.lock
6ec35fcf032ea495b0bc8d8c659c6bb1aad68378,1708005109,19,node_releases.json (12 months offset),yarn,yarn.lock
e9286f2eb3c828c5a5ebd39cb288c2380449d821,1708074241,19,node_releases.json (12 months offset),yarn,yarn.lock
85969635e2dd651f0f5a4bacbe502c87ff91a50c,1708332417,19,node_releases.json (12 months offset),yarn,yarn.lock
023b2ac3a2b344022435c49496501bd03d3714d1,1708339443,19,node_releases.json (12 months offset),yarn,yarn.lock
0bc5d93971bd8e88621086d1dcecadd3ab922e51,1708345852,19,node_releases.json (12 months offset),yarn,yarn.lock
02d463e9ec8e474d60de507ab85039582ce1a849,1708391386,19,node_releases.json (12 months offset),yarn,yarn.lock
dc8aeffc6e42777093426887e6c5dd497db3a378,1708401873,19,node_releases.json (12 months offset),yarn,yarn.lock
82fb8d5f820d89b0a4fd6339c60f6b8ef492538e,1708416478,19,node_releases.json (12 months offset),yarn,yarn.lock
3ae13889c2f4c2ed3a245a383603e32d71dd44ef,1708430514,19,node_releases.json (12 months offset),yarn,yarn.lock
0f80737ba510f76a02c32f0a47b3ce927c5539c0,1708558841,19,node_releases.json (12 months offset),yarn,yarn.lock
36a52e0164f1cd7a487aa3f802d0c3290fc12554,1708559367,19,node_releases.json (12 months offset),yarn,yarn.lock
89f9b554b7bced665d5965935a018206b6f83d67,1708582050,19,node_releases.json (12 months offset),yarn,yarn.lock
b5af768b1daffd271443b0a92fdca2825126f01e,1708648890,19,node_releases.json (12 months offset),yarn,yarn.lock
e6f76e413bfe7d51ab454842ce35a8d3d293d756,1708669519,19,node_releases.json (12 months offset),yarn,yarn.lock
eb3629c5967f743438cb5790a41dfc82fee567a2,1708669544,19,node_releases.json (12 months offset),yarn,yarn.lock
94acea35f3d5fb30a63b077690c49bb3c7c2aedc,1708919565,19,node_releases.json (12 months offset),yarn,yarn.lock
8d8dd3de628b48121aae68c05af03a5c24666699,1708920859,19,node_releases.json (12 months offset),yarn,yarn.lock
82d53c241922e213cc9151640572e339c280093d,1708927381,19,node_releases.json (12 months offset),yarn,yarn.lock
b4652aafa0fb1d2a6cc2330e99ab85d5aac88f79,1708927681,19,node_releases.json (12 months offset),yarn,yarn.lock
6036c3801f299c906c4f924f5f92e4164816106b,1708928522,19,node_releases.json (12 months offset),yarn,yarn.lock
36257100367509f6316e8a5eabd4070f94fb693d,1708986990,19,node_releases.json (12 months offset),yarn,yarn.lock
677644371963bec503948047234a4a756fb41ecc,1708989907,19,node_releases.json (12 months offset),yarn,yarn.lock
4c945a357862f9a56090fc2174ff6b0e91c51dc3,1708993778,19,node_releases.json (12 months offset),yarn,yarn.lock
f86bc738c8b53b88f656902fd245f8d4e5c2113f,1708996661,19,node_releases.json (12 months offset),yarn,yarn.lock
6256d08e9754ede01131cedfbac4cd1be43ddd09,1709017976,19,node_releases.json (12 months offset),yarn,yarn.lock
f1647ea623561365b3ea493fed25b50667c4f33a,1709024063,19,node_releases.json (12 months offset),yarn,yarn.lock
95510dfb93e85d6c65df3278646e3ce6035fffa1,1709104131,19,node_releases.json (12 months offset),yarn,yarn.lock
4d8419284fa1c7dd42f006aefe02c936b2cd4a80,1709105699,19,node_releases.json (12 months offset),yarn,yarn.lock
282f1ebb24e6dc86da3bf259e0c031ca44518cba,1709105872,19,node_releases.json (12 months offset),yarn,yarn.lock
5232288156c793139297f1485265aad167348925,1709214432,19,node_releases.json (12 months offset),yarn,yarn.lock
c3c42ca59ac685d1bb1115d15fdd846219b7b72d,1714841428,20,node_releases.json (12 months offset),yarn,yarn.lock
755594a74987524e894e59ff2d522b6d40b8157e,1714841868,20,node_releases.json (12 months offset),yarn,yarn.lock
805430d16dcbb27808a4185ad88c7a92c1318246,1714863760,20,node_releases.json (12 months offset),yarn,yarn.lock
c743c94692799568d71d2f2c9d1106eab153d85f,1716071220,20,node_releases.json (12 months offset),yarn,yarn.lock
06936a77bc763c21b305c3d50ae7fc30f375d5fd,1716071220,20,node_releases.json (12 months offset),yarn,yarn.lock
adf753efe6f98f856d21fc51649036453e8c837b,1716071257,20,node_releases.json (12 months offset),yarn,yarn.lock
dead01d8b78d39af64b57877391989aec860d16a,1716071359,20,node_releases.json (12 months offset),yarn,yarn.lock
c4e93197fb64d148439cdf847346c78d34b5bcfd,1716071724,20,node_releases.json (12 months offset),yarn,yarn.lock
c24a8d69d44b4da6f65843ce568631f2e83f43dd,1716072438,20,node_releases.json (12 months offset),yarn,yarn.lock
5acb741665a98e83d62b91713c800abbff43b00d,1718756897,20,node_releases.json (12 months offset),yarn,yarn.lock
d0a84c0e4f5aaca7a2f795db920293b68849b3c2,1718781037,20,node_releases.json (12 months offset),yarn,yarn.lock
aef344662807ea93f9b4880a0071356725fe2edc,1720909086,20,node_releases.json (12 months offset),yarn,yarn.lock
25ef5526648802b339328a5084e2bb4fc4489c09,1723834352,20,node_releases.json (12 months offset),yarn,yarn.lock
0f2832efc2339d48cfb9bdf2c73c5f2d2017a26a,1723834803,20,node_releases.json (12 months offset),yarn,yarn.lock
d6e5bb02b23e93d13d62c161b18fed171d96ef1f,1725142034,20,node_releases.json (12 months offset),yarn,yarn.lock
51051d8e0d201000ec464e4aa1ad79ba0393e26f,1725142758,20,node_releases.json (12 months offset),yarn,yarn.lock
8fb0da4fe435ad0ac6b36c0ebd54351ab010a9b5,1725143977,20,node_releases.json (12 months offset),yarn,yarn.lock
f808e850418f4e63b5972835e370a64206a15a98,1725144169,20,node_releases.json (12 months offset),yarn,yarn.lock
5c0b1df798c1832728529b579ee98e577d197e04,1725144338,20,node_releases.json (12 months offset),yarn,yarn.lock
53b955a55677b18b9a4c61b930e31885fbab5684,1725144349,20,node_releases.json (12 months offset),yarn,yarn.lock
eca9f6cba08bfb743a3cf70e09ccb973c77b808e,1725144821,20,node_releases.json (12 months offset),yarn,yarn.lock
d4c8735436af7ce54a385f74f12a5569adfa20bf,1725144971,20,node_releases.json (12 months offset),npm,default (npm)
ac90faec0eab8811749ab981152a5b9f61d60750,1725148593,20,node_releases.json (12 months offset),npm,default (npm)
02f35e9a88d0b5156d5680af9eb7dc6d1f8f9c3c,1725149295,20,node_releases.json (12 months offset),npm,default (npm)
ef240615f2add1f306e6b86fa97cf59dba965ad4,1725546287,20,node_releases.json (12 months offset),npm,default (npm)
bdf8d2e74112543a2f215b0f3b0c32b876c069c9,1725546301,20,node_releases.json (12 months offset),npm,default (npm)
1bf35dc76e05a49b577f49f7e06186abee900b62,1725652701,20,node_releases.json (12 months offset),npm,default (npm)
d7b608b9900b8c08826af89f064adede5440d7ff,1725652773,20,node_releases.json (12 months offset),npm,default (npm)
fa41f2a3b5c9948cd528771fc996c596a63f4adf,1725652794,20,node_releases.json (12 months offset),npm,default (npm)
b393a4b5e6cd423e71bd58482122ee8df317ad6e,1725731178,20,node_releases.json (12 months offset),yarn,yarn.lock
d486f0087e55a911c02b4fb59a5df672733a0922,1725903152,20,node_releases.json (12 months offset),yarn,yarn.lock
d064553af2544dbba29310a8c567e6a1fa21bde0,1727206299,20,node_releases.json (12 months offset),yarn,yarn.lock
065ed774cc09948342610a614026df0ebd3cfd46,1727458912,20,node_releases.json (12 months offset),npm,default (npm)
c9d4faca7c1f07a8007cd2b98ea320506df48103,1727458920,20,node_releases.json (12 months offset),npm,default (npm)
81446126905885cd134dc5ce0f9c0a7d4761b650,1727458922,20,node_releases.json (12 months offset),npm,default (npm)
125aef5ca23c6391e4c16f7ec9f6d8ec8e038b4d,1727458925,20,node_releases.json (12 months offset),npm,default (npm)
eae13ce4e57b9f00f989fef34606536dd0778cb3,1727458927,20,node_releases.json (12 months offset),npm,default (npm)
883bfbd66f973cdd1737c401dcf23f8978b8a5cd,1727458931,20,node_releases.json (12 months offset),yarn,yarn.lock
6ee0320d5a9996c82cb92d89a08151ac84c5cf32,1727458933,20,node_releases.json (12 months offset),yarn,yarn.lock
52bbf3213d2818201cf7de586d263214209aea0b,1727458987,20,node_releases.json (12 months offset),yarn,yarn.lock
2b1520b333ea1832625514f4ffff1c06007d129c,1727458990,20,node_releases.json (12 months offset),yarn,yarn.lock
590da1cce608d4d8f03514d29782cd5ec419f227,1727458993,20,node_releases.json (12 months offset),yarn,yarn.lock
63c4d5b1e965e201e799ffdb45280329ec49a31f,1727458996,20,node_releases.json (12 months offset),yarn,yarn.lock
218b9167c265265afc9c64d0fadd5c72a1120838,1727459231,20,node_releases.json (12 months offset),yarn,yarn.lock
315a7e1c1f1b736e82042af1ec73f3b6c1c656ca,1727459234,20,node_releases.json (12 months offset),yarn,yarn.lock
f00511efdc6488db89585712214a3f4a69ee2c67,1727531724,20,node_releases.json (12 months offset),yarn,yarn.lock
a9f2291dc5e3b0bf8cfd1170b5dda61547d22b40,1727541204,20,node_releases.json (12 months offset),yarn,yarn.lock
e19c59e95afc01d35ff35ca717b50a794c46f5f4,1727541223,20,node_releases.json (12 months offset),yarn,yarn.lock
de22201d925278eed1e4b69aec83576553fa0d43,1727541223,20,node_releases.json (12 months offset),yarn,yarn.lock
57a222e0c5c78684de0e75c21d1acddde4220596,1727541223,20,node_releases.json (12 months offset),yarn,yarn.lock
6120fe1d443c6e1c9eb06fb63aacc3f83294bff6,1727541223,20,node_releases.json (12 months offset),yarn,yarn.lock
a89e81b32b7fb3828fc3ce5a8ae40b089553ce4a,1727541223,20,node_releases.json (12 months offset),yarn,yarn.lock
14fe830a480eb9fe14a5fcc1a4e6e0632708f5c9,1727542698,20,node_releases.json (12 months offset),yarn,yarn.lock
c2ee401d54de289eefdfb006f7603c2b9b39e83d,1727543055,20,node_releases.json (12 months offset),yarn,yarn.lock
d69fe56de159221299614cbed51d9954e9e3d9e5,1727543085,20,node_releases.json (12 months offset),yarn,yarn.lock
f52a1b7b81cb90501174eab5d07184186b9c9a45,1727543106,20,node_releases.json (12 months offset),yarn,yarn.lock
143848a5dd38d5f5f2db00d92b9f6577a8619b8b,1727543121,20,node_releases.json (12 months offset),yarn,yarn.lock
4a5a1193654ba579245ea7a18c29e132d34bf2ab,1727543936,20,node_releases.json (12 months offset),yarn,yarn.lock
7d0cec4ee10dc440a230685a56de571ef91c92e2,1727543959,20,node_releases.json (12 months offset),yarn,yarn.lock
c2739a2f24920294d906cf0234292dfee436bdd1,1727544284,20,node_releases.json (12 months offset),yarn,yarn.lock
392ca147ed6942a976ea6929730a065242f3f18b,1727544410,20,node_releases.json (12 months offset),yarn,yarn.lock
ec9f72e74988a3ead466f867cae227e46cf8e16d,1727544710,20,node_releases.json (12 months offset),yarn,yarn.lock
a4de12e20a6807398c59495d832397e264c482d1,1727547366,20,node_releases.json (12 months offset),yarn,yarn.lock
1e2b65910fcd2db4dedc2f15827ed245fbfb1f20,1727721430,20,node_releases.json (12 months offset),yarn,yarn.lock
ff921760bc57519531d320b9d4d515cf8555e8d2,1727724416,20,node_releases.json (12 months offset),yarn,yarn.lock
820d289e9349eed9464ead6304230e374a67a9f8,1727729949,20,node_releases.json (12 months offset),yarn,yarn.lock
d09ecc7658a8c074545846e9667aec49c5af3b6e,1727805807,20,node_releases.json (12 months offset),yarn,yarn.lock
c0d15c424d64224a7f5ad28bef581300c7ec0891,1727812282,20,node_releases.json (12 months offset),yarn,yarn.lock
3a5ef06d660d74643e29bca773a30773c475653e,1727812377,20,node_releases.json (12 months offset),yarn,yarn.lock
0aa14554058feff543406b8e7216ffdcab1858f3,1727812377,20,node_releases.json (12 months offset),yarn,yarn.lock
071101cd8f5fc6151d45d3f0f540abe18d140f91,1727812377,20,node_releases.json (12 months offset),yarn,yarn.lock
28bc029f0daafa6b9ec5b5f7c11463df7f5b5a45,1727812377,20,node_releases.json (12 months offset),yarn,yarn.lock
a939d0508a2d073038cab53c55bb67e2ee3e515b,1727812377,20,node_releases.json (12 months offset),yarn,yarn.lock
37483a33b393f9171ab6cd2e35919916cd78c957,1727812377,20,node_releases.json (12 months offset),yarn,yarn.lock
0349afa86dcbd8432578a5a4a413de01defb158d,1727812377,20,node_releases.json (12 months offset),yarn,yarn.lock
85acf13594bb0465ab542dafab460579ba7bfaca,1727812377,20,node_releases.json (12 months offset),yarn,yarn.lock
4b9e9c2214a39d4fbd9dfbec01a0270089363197,1727812935,20,node_releases.json (12 months offset),yarn,yarn.lock
3013dd592e83c3b8e89ca5592936940a58d70615,1727813060,20,node_releases.json (12 months offset),yarn,yarn.lock
c93ec848767a9e9ad8d0035f69a61ba48563127b,1727813102,20,node_releases.json (12 months offset),yarn,yarn.lock
48c1d23fe5d4cfba2e50d51f65ba195689cd8281,1728063639,20,node_releases.json (12 months offset),yarn,yarn.lock
1266ad7ab02f39a974c33f5a23319087417cd7a1,1728064155,20,node_releases.json (12 months offset),yarn,yarn.lock
516ddf2bc0fcc5a34ee035186c530314f3274c47,1728064844,20,node_releases.json (12 months offset),yarn,yarn.lock
72b1ccaa2ae12115521539ac8227e5ac3678d606,1728064978,20,node_releases.json (12 months offset),yarn,yarn.lock
62d7d665159fc6be4140c0c2f93c79c613274333,1728069303,20,node_releases.json (12 months offset),yarn,yarn.lock
16eba8fa3e7356e4319186e1ef28ea8e9ecaf09d,1728069762,20,node_releases.json (12 months offset),yarn,yarn.lock
4c768f5ceac7ec0307e87b14fdbfac46ce8c9fcd,1730123983,21,node_releases.json (12 months offset),yarn,yarn.lock
293760115075764ff8805590f98240eacea855a8,1730123983,21,node_releases.json (12 months offset),yarn,yarn.lock
051ebff8642ad2dbb5232e73fcb8d2b4731e188b,1730123983,21,node_releases.json (12 months offset),yarn,yarn.lock
a66dadffc1360832328a1521ae9547fe7209bf4a,1730123983,21,node_releases.json (12 months offset),yarn,yarn.lock
f107fecabb925a47eea339671233048e17bed9ca,1730161979,21,node_releases.json (12 months offset),yarn,yarn.lock
c86efbe67da72cbc329209e18d6255efa84aa992,1732722259,21,node_releases.json (12 months offset),yarn,yarn.lock
976844eacf064bc3f88947cb7ef55b6c28f3ab55,1733867767,21,node_releases.json (12 months offset),yarn,yarn.lock
848edcf04ebdf0a07674e0ee0e4cef67c0f475a6,1734032582,21,node_releases.json (12 months offset),yarn,yarn.lock
1725d8fe1f0a204b54cdc9a21ec5fcc83a30baff,1734623763,21,node_releases.json (12 months offset),yarn,yarn.lock
10d47f28d83f59676d8f81d0db37036d26958e7b,1734624280,21,node_releases.json (12 months offset),yarn,yarn.lock
1ddff0626123fd54ba05594a25e0216cd66d1fdf,1734627577,21,node_releases.json (12 months offset),yarn,yarn.lock
321ba09ed0044afca1832989b538bc5071d1b79f,1734628966,21,node_releases.json (12 months offset),yarn,yarn.lock
a8f525837580dfba06d771ad948fb7f4fd1306fe,1734629281,21,node_releases.json (12 months offset),yarn,yarn.lock
e572977ae1573718b08b18ebbf23bdbec865354b,1734629379,21,node_releases.json (12 months offset),yarn,yarn.lock
2525baecc528acf7536d5b5b7d28c551bc03fe1f,1734703405,21,node_releases.json (12 months offset),yarn,yarn.lock
24ddfb56f13386e06ee0f893d4bfa4abc08e749c,1734703405,21,node_releases.json (12 months offset),yarn,yarn.lock
d62ccbfb11583b5ebb4177986666039da2fe50de,1736436017,21,node_releases.json (12 months offset),yarn,yarn.lock
4363fc6da4d63d81a3b1a5f8c386b0b8a446599d,1736437750,21,node_releases.json (12 months offset),yarn,yarn.lock
01c407c3b8b3441ea99515e24a8d898f1f47a27d,1736626190,21,node_releases.json (12 months offset),yarn,yarn.lock
33053c14401e2a772ddf84a441227ce845732776,1737038557,21,node_releases.json (12 months offset),yarn,yarn.lock
2d363807ec13489a80b16435eea093a73f4a4721,1738157628,21,node_releases.json (12 months offset),yarn,yarn.lock
90f3bd66e0a41f33c2e20e4179373e6eaf980f91,1738160964,21,node_releases.json (12 months offset),yarn,yarn.lock
313c707a95df121ef33d9c54e29025b758acaf76,1738161158,21,node_releases.json (12 months offset),yarn,yarn.lock
6027fb52c1ebf875782a43c8217a4398db8d888b,1738161232,21,node_releases.json (12 months offset),yarn,yarn.lock
f6965fd67c66597195da5f49ad1b4d75c2136c7e,1738161258,21,node_releases.json (12 months offset),yarn,yarn.lock
6e86ee0d42c84ca162eb9b1f98d1240ecef02cf2,1738162291,21,node_releases.json (12 months offset),yarn,yarn.lock
3a16259116b223c5ce33e9b82195a0ae5c1acbb8,1738318383,21,node_releases.json (12 months offset),yarn,yarn.lock
8cf8a0652222e2eaaf107f0d31d6155a93332005,1739218506,21,node_releases.json (12 months offset),yarn,yarn.lock
decd4ec3708e6ee34b3e26750475f1cd16ef000b,1739218576,21,node_releases.json (12 months offset),yarn,yarn.lock
13728a553a532ffc34f7a2f9ce06cd4f5871d1b4,1739220193,21,node_releases.json (12 months offset),yarn,yarn.lock
7a3f96694f5606d4e3a15335fb71d744afb0a4b4,1740159882,21,node_releases.json (12 months offset),yarn,yarn.lock
ca60b34e1f5fb59a1bd5cf79bb02ba5639015637,1740160362,21,node_releases.json (12 months offset),yarn,yarn.lock
34c1e976d05ed0d8d30ae963ddd70d6c31c27202,1740161482,21,node_releases.json (12 months offset),yarn,yarn.lock
a042d92efe23baa7a5bd000f32f843ff9c487554,1740161790,21,node_releases.json (12 months offset),yarn,yarn.lock
7ad41b3622a493a291211ff0c931a819c5d1f24c,1740161800,21,node_releases.json (12 months offset),yarn,yarn.lock
bdadcb553a155ab3d8c5e067b57f5d94ceb9df25,1740161932,21,node_releases.json (12 months offset),yarn,yarn.lock
3cc6dfeecfaf14b47274c622f1f876b60c2a7981,1740162407,21,node_releases.json (12 months offset),yarn,yarn.lock
3d2b287538cea0e49e1ad10c6dc0e4a04060943b,1740162743,21,node_releases.json (12 months offset),yarn,yarn.lock
d3801433507fbdb8d32e2653046392ef43833abd,1740163244,21,node_releases.json (12 months offset),yarn,yarn.lock
267f4bc2772aac02d6476894edfc123ef674e0a7,1740507250,21,node_releases.json (12 months offset),yarn,yarn.lock
6d292e7ec112a21ec3503d84e2b08c9e109e1be2,1741458488,21,node_releases.json (12 months offset),yarn,yarn.lock
b0d9ef2ea162594395cd73b38e3f6af8dad9b019,1741458788,21,node_releases.json (12 months offset),yarn,yarn.lock
784d84acf7076f4d2aba2cc5ad3d270c61603cff,1741623427,21,node_releases.json (12 months offset),yarn,yarn.lock
5bea200ba6be559a9d093558ce201ccdd40e83a0,1741703851,21,node_releases.json (12 months offset),yarn,yarn.lock
98ec70934bfebb2641e903f9d83ac46f5e51692b,1741708250,21,node_releases.json (12 months offset),yarn,yarn.lock
a80a068d5e9fbada2cbb645509ba8e65cfe61a89,1741718975,21,node_releases.json (12 months offset),yarn,yarn.lock
731e888312e0206bdbd417e0b744fe8f58449457,1741718996,21,node_releases.json (12 months offset),yarn,yarn.lock
e6d1f52686042401a389321cb567404c66b1c8d3,1741720033,21,node_releases.json (12 months offset),yarn,yarn.lock
69aa86db12d2b3da716c3597fedf9456b2327ed3,1741720207,21,node_releases.json (12 months offset),yarn,yarn.lock
549c3fd1b74b5f87b50ac8e3f68a80b1ba409d99,1741734955,21,node_releases.json (12 months offset),yarn,yarn.lock
2a5ed875444da68869d643f65ee8db08dab290df,1742073024,21,node_releases.json (12 months offset),yarn,yarn.lock
bb9bfa239a14a2967607cc7a0017b9fe18283dae,1742073103,21,node_releases.json (12 months offset),yarn,yarn.lock
01024aae532a2822e6851d8ba5c4d6d65977d773,1742226526,21,node_releases.json (12 months offset),yarn,yarn.lock
72542bdae1ee6ac0193229c70fb9b55bb12206af,1742848721,21,node_releases.json (12 months offset),yarn,yarn.lock
1d119cb1d8951a3aa09ad05595f2aa37bee407ff,1743088215,21,node_releases.json (12 months offset),yarn,yarn.lock
1da05b387dad5486a80dd099647ff9df6afe7248,1743435572,21,node_releases.json (12 months offset),yarn,yarn.lock
6cc390653a0cf7f4cbd7417bbea45097988a4f3d,1743961990,21,node_releases.json (12 months offset),yarn,yarn.lock
09c6c02ca7361b43d8281885c31c31809a98637a,1744042294,21,node_releases.json (12 months offset),yarn,yarn.lock
5780923f6667bee8360ab7382abddf7bf23e8985,1744042311,21,node_releases.json (12 months offset),yarn,yarn.lock
24b26206805af3623d8180a1ac534d318a3ded80,1745930583,22,node_releases.json (12 months offset),yarn,yarn.lock
14edb114fe8d643ab556f6bee57ef77845065da0,1745934946,22,node_releases.json (12 months offset),yarn,yarn.lock
ca5d0590fe57f1f849eecef67c6077a035d36f5d,1749499583,22,node_releases.json (12 months offset),yarn,yarn.lock
e51f3afe0ceb6db4ad361af493201eb5e3920fdc,1751387779,22,node_releases.json (12 months offset),yarn,yarn.lock
8fcdf9e4ff6bb1e801b5dfb01ec33420e1934338,1751931757,22,node_releases.json (12 months offset),yarn,yarn.lock
dda135ad56129abe52160ed1ef08e8077549ca9e,1752257387,22,node_releases.json (12 months offset),yarn,yarn.lock
f9834659325665aba62679f9b19f2e5f0bf120d6,1752257388,22,node_releases.json (12 months offset),yarn,yarn.lock
1bf4af4dae6e5351cbe506a0fed7fb97ba75cd42,1754927797,22,node_releases.json (12 months offset),yarn,yarn.lock
256fb3c4b300c5fab93868e47770dd07a0094b16,1765372628,23,node_releases.json (12 months offset),yarn,yarn.lock
