project,run_id,suite,exit_code,failure_index,line_number,keyword,label,labeled_at,fingerprint,occurrences,auto_rule_id
openneuro,1609985827_26874672b1eeb75e2aaf3ec8dc23dd12ffc39663,jest,1,1,335,  ● Comment component › renders with an empty comment,acceptable,2026-10-01T12:30:53.154532+00:00,52add883e3995e2d,53,
openneuro,1609985827_26874672b1eeb75e2aaf3ec8dc23dd12ffc39663,jest,1,2,427,  ● common/partials/footer › renders successfully,acceptable,2026-10-01T12:30:53.156507+00:00,dfe94933f228bf07,92,2b3c699e503f
openneuro,1610518537_62178ba7e49821b22bcec5280dc14f631e3f9922,jest,1,3,256,  ● DatasetContent component › HasBeenPublished › non-public datasets show warning banner,acceptable,2026-10-01T12:31:09.566285+00:00,bf3b159fd7285f95,11,
openneuro,1610951887_f6e2271b82224521c7dc45c31223791bc0868e77,jest,1,4,381,  ● UpdateFile mutation › renders with default props,acceptable,2026-10-01T12:31:09.567253+00:00,9cc11e075049127a,55,2b3c699e503f
openneuro,1611578008_aa28f88bea461a5efa091aafb95404266d85acba,jest,1,5,423,  ● Dashboard › my datasets renders successfully,acceptable,2026-10-01T12:31:16.658394+00:00,8d990e84ca0babee,38,
openneuro,1614941077_d8f0e7bbdcb0679b67ac89150c86ae9bbe86c1d6,jest,1,6,280,  ● dataset resolvers › createDataset() › createDataset mutation succeeds,acceptable,2026-10-01T12:31:19.241491+00:00,9e8eb374f5be5474,3,
openneuro,1614941077_d8f0e7bbdcb0679b67ac89150c86ae9bbe86c1d6,jest,1,7,314,  ● datasets.js › createDataset › calls createDataset when no datasetId is provided,acceptable,2026-10-01T12:31:22.642809+00:00,e6e21f3c15fad1bb,1,
openneuro,1614958841_5b322b4a74895fe6f7fea66d7ef75d813ba89eb7,jest,1,8,227,  ● Test suite failed to run,reevaluated_acceptable,2026-10-01T12:31:34.913768+00:00,a2fb4acf6aa0cad5,3,
openneuro,1614958841_5b322b4a74895fe6f7fea66d7ef75d813ba89eb7,jest,1,9,288,  ● Test suite failed to run,reevaluated_acceptable,2026-10-01T12:31:34.914733+00:00,c6f4a9f63ed1236e,3,2d77e25fd934
openneuro,1614958841_5b322b4a74895fe6f7fea66d7ef75d813ba89eb7,jest,1,10,312,  ● Test suite failed to run,reevaluated_acceptable,2026-10-01T12:31:42.087744+00:00,21b537d3d74ee2e4,5,
openneuro,1614958841_5b322b4a74895fe6f7fea66d7ef75d813ba89eb7,jest,1,11,339,  ● Test suite failed to run,reevaluated_acceptable,2026-10-01T12:31:42.089296+00:00,55ca7365b1c4860c,4,2d77e25fd934
openneuro,1614958841_5b322b4a74895fe6f7fea66d7ef75d813ba89eb7,jest,1,12,370,  ● Test suite failed to run,reevaluated_acceptable,2026-10-01T12:31:42.090130+00:00,8cdec97bda31f06b,12,82325f5660d1
openneuro,1614958841_5b322b4a74895fe6f7fea66d7ef75d813ba89eb7,jest,1,13,403,  ● Test suite failed to run,reevaluated_acceptable,2026-10-01T12:31:42.090816+00:00,da40ecb78f742a3b,6,82325f5660d1
openneuro,1614958841_5b322b4a74895fe6f7fea66d7ef75d813ba89eb7,jest,1,14,436,  ● Test suite failed to run,reevaluated_acceptable,2026-10-01T12:31:42.091479+00:00,a984afc9b3011071,3,2d77e25fd934
openneuro,1614958841_5b322b4a74895fe6f7fea66d7ef75d813ba89eb7,jest,1,15,480,  ● Test suite failed to run,reevaluated_acceptable,2026-10-01T12:31:42.092097+00:00,04ae1a0e2dfca434,22,2d77e25fd934
openneuro,1614958841_5b322b4a74895fe6f7fea66d7ef75d813ba89eb7,jest,1,16,543,  ● Test suite failed to run,reevaluated_acceptable,2026-10-01T12:31:42.092725+00:00,a5d2c7c72fc315a4,9,2d77e25fd934
openneuro,1614958841_5b322b4a74895fe6f7fea66d7ef75d813ba89eb7,jest,1,17,591,  ● Test suite failed to run,reevaluated_acceptable,2026-10-01T12:31:42.093393+00:00,a144da947cd4417b,4,2d77e25fd934
openneuro,1614958841_5b322b4a74895fe6f7fea66d7ef75d813ba89eb7,jest,1,18,619,  ● Test suite failed to run,reevaluated_acceptable,2026-10-01T12:31:42.094059+00:00,feddfd82447fab0a,22,2d77e25fd934
openneuro,1614958841_5b322b4a74895fe6f7fea66d7ef75d813ba89eb7,jest,1,19,669,  ● Test suite failed to run,reevaluated_acceptable,2026-10-01T12:31:42.094709+00:00,9c1108d792b18166,4,82325f5660d1
openneuro,1614958841_5b322b4a74895fe6f7fea66d7ef75d813ba89eb7,jest,1,20,692,  ● Test suite failed to run,reevaluated_acceptable,2026-10-01T12:31:42.095401+00:00,ac1d5a540345cb2b,21,2d77e25fd934
openneuro,1614958841_5b322b4a74895fe6f7fea66d7ef75d813ba89eb7,jest,1,21,887,  ● Test suite failed to run,reevaluated_acceptable,2026-10-01T12:31:42.096060+00:00,1ef68e6340d9f23d,9,2d77e25fd934
openneuro,1614958891_732134a3db80cb123b65512a099a1602b2ba7134,jest,1,22,391,  ● API client › createClient › setup a link given basic options,reevaluated_acceptable,2026-10-02T11:51:52.610334+00:00,dcfad2707f40f33e,9,
openneuro,1614958891_732134a3db80cb123b65512a099a1602b2ba7134,jest,1,23,424,  ● API client › middlewareAuthLink() › creates an anonymous upload link given no getAuthorization option,reevaluated_acceptable,2026-10-02T11:51:52.610334+00:00,75443d0bd13f604a,9,
openneuro,1614958935_0d7c9df4ac236f9cd0cd404651dfeb058db9941a,jest,1,24,279,  ● download.js › getDownloadMetadata() › fetches metdata on successful fetch,acceptable,2026-10-01T12:31:55.955722+00:00,9aca7e3eeb68a24a,7,
openneuro,1614958935_0d7c9df4ac236f9cd0cd404651dfeb058db9941a,jest,1,25,296,  ● download.js › getDownloadMetadata() › returns an error message on rejected fetch,reevaluated_acceptable,2026-10-02T11:51:52.610334+00:00,6e8ada1b4e9b7b72,16,
openneuro,1614958935_0d7c9df4ac236f9cd0cd404651dfeb058db9941a,jest,1,26,306,"    + [TypeError: Header guard error: Cannot set forbidden header for requests (cookie)],",reevaluated_acceptable,2026-10-02T11:51:52.610334+00:00,70b4a447c12f4598,7,
openneuro,1614958988_5a894be91f162f2a0b81c4778c7ed2f7d344de75,jest,1,27,233,  ● Test suite failed to run,reevaluated_acceptable,2026-10-01T12:32:02.771237+00:00,457939d06c414303,25,
openneuro,1614958988_5a894be91f162f2a0b81c4778c7ed2f7d344de75,jest,1,28,257,  ● Test suite failed to run,acceptable,2026-10-01T12:32:05.141231+00:00,c1e1625cf39cd7d9,17,
openneuro,1614958988_5a894be91f162f2a0b81c4778c7ed2f7d344de75,jest,1,29,276,  ● Test suite failed to run,reevaluated_acceptable,2026-10-01T12:32:08.111288+00:00,c83b69d3bb719702,1,
openneuro,1614958988_5a894be91f162f2a0b81c4778c7ed2f7d344de75,jest,1,30,382,  ● Test suite failed to run,reevaluated_acceptable,2026-10-01T12:32:08.113117+00:00,dad23b6e0d196dd9,1,d1c7b7aa4286
openneuro,1614958988_5a894be91f162f2a0b81c4778c7ed2f7d344de75,jest,1,31,472,  ● Test suite failed to run,reevaluated_acceptable,2026-10-01T12:32:16.131930+00:00,405e8755085c22ae,27,
openneuro,1614958988_5a894be91f162f2a0b81c4778c7ed2f7d344de75,jest,1,32,786,  ● Test suite failed to run,reevaluated_acceptable,2026-10-01T12:32:16.133531+00:00,263ba92127503ad8,1,5731d01e109b
openneuro,1614992991_3d670d905f7a819f5ff57115fe6f4aa525db6e0b,jest,1,33,308,  ● Test suite failed to run,acceptable,2026-10-01T12:32:17.809320+00:00,19854f119015a209,1,
openneuro,1614992991_3d670d905f7a819f5ff57115fe6f4aa525db6e0b,jest,1,34,439,  ● Test suite failed to run,acceptable,2026-10-01T12:32:18.576710+00:00,57b6626428828a51,1,
openneuro,1615010381_89e2160284800dbc3d58280ddd5f29a5ed72ed12,jest,1,35,284,  ● FileTreeUnloadedDirectory component › calls fetchMoreDirectory when clicked,acceptable,2026-10-01T12:32:19.511935+00:00,042b7e18537e4d31,13,
openneuro,1615010381_89e2160284800dbc3d58280ddd5f29a5ed72ed12,jest,1,36,354,  ● FileTree component › expands and closes when clicked,reevaluated_acceptable,2026-10-02T11:51:52.610334+00:00,8f7dfa25bf865d73,34,
openneuro,1615010381_89e2160284800dbc3d58280ddd5f29a5ed72ed12,jest,1,37,404,  ● EmailSubscriptionBox › renders correctly in get-email mode,reevaluated_acceptable,2026-10-02T11:51:52.610334+00:00,45a764dd1eb2fcc6,13,
openneuro,1615010381_89e2160284800dbc3d58280ddd5f29a5ed72ed12,jest,1,38,424,  ● EmailSubscriptionBox › renders correctly in success mode,reevaluated_acceptable,2026-10-02T11:51:52.610334+00:00,2d08c74264328df7,13,
openneuro,1615010381_89e2160284800dbc3d58280ddd5f29a5ed72ed12,jest,1,39,444,  ● EmailSubscriptionBox › renders correctly in error mode,acceptable,2026-10-01T12:32:21.859622+00:00,2e36a867882ecaa0,13,
openneuro,1615010381_89e2160284800dbc3d58280ddd5f29a5ed72ed12,jest,1,40,513,  ● dashboard/datasets/DatasetRow › getLinkTarget › creates a snapshot link for datasets with snapshots,acceptable,2026-10-01T12:32:23.756164+00:00,d583084f5483ea7d,4,
openneuro,1615010381_89e2160284800dbc3d58280ddd5f29a5ed72ed12,jest,1,41,587,  ● EditList component › calls setElements when an item is added,reevaluated_acceptable,2026-10-02T11:51:52.610334+00:00,615d921b476f6c0c,13,
openneuro,1615010381_89e2160284800dbc3d58280ddd5f29a5ed72ed12,jest,1,42,607,  ● EditList component › renders any elements,reevaluated_acceptable,2026-10-02T11:51:52.610334+00:00,43516b4769ac54a1,13,
openneuro,1615010381_89e2160284800dbc3d58280ddd5f29a5ed72ed12,jest,1,43,628,  ● DatasetAuthors component › does render brainlife button when onBrainlife,reevaluated_acceptable,2026-10-02T11:51:52.610334+00:00,1bee154c8f8f3af6,13,
openneuro,1615010381_89e2160284800dbc3d58280ddd5f29a5ed72ed12,jest,1,44,648,  ● DatasetAuthors component › does not render brainlife button when not onBrainlife,reevaluated_acceptable,2026-10-02T11:51:52.610334+00:00,e7f1e5a7c3564c4d,13,
openneuro,1615010381_89e2160284800dbc3d58280ddd5f29a5ed72ed12,jest,1,45,674,  ● Comments component › renders one top level comment,reevaluated_acceptable,2026-10-02T11:51:52.610334+00:00,1c6c49db69b0f62e,13,
openneuro,1615010381_89e2160284800dbc3d58280ddd5f29a5ed72ed12,jest,1,46,694,  ● Comments component › recursively renders a tree of comments,reevaluated_acceptable,2026-10-02T11:51:52.610334+00:00,d06e643323a43384,13,
openneuro,1615010381_89e2160284800dbc3d58280ddd5f29a5ed72ed12,jest,1,47,715,  ● common/forms/Input › resets when remounted,reevaluated_acceptable,2026-10-02T11:51:52.610334+00:00,33312b410d93e522,13,
openneuro,1615010381_89e2160284800dbc3d58280ddd5f29a5ed72ed12,jest,1,48,764,  ● CommentEditor component › renders edit mutation when commentId is specified,reevaluated_acceptable,2026-10-02T11:51:52.610334+00:00,0d15ba881e41b139,13,
openneuro,1615010381_89e2160284800dbc3d58280ddd5f29a5ed72ed12,jest,1,49,784,  ● CommentEditor component › renders new comment mutation when commentId is not specified,reevaluated_acceptable,2026-10-02T11:51:52.610334+00:00,ae887e3d45af4fd5,13,
openneuro,1615312921_13790dee26705e03c0b0803b031feff13d02ee97,jest,1,51,1023,● Validation Warning:,reevaluated_acceptable,2026-10-01T12:34:40.781618+00:00,3d454d0e58bc78d3,9,d000b605f193
openneuro,1615312921_13790dee26705e03c0b0803b031feff13d02ee97,jest,1,52,1031,● Validation Warning:,reevaluated_acceptable,2026-10-01T12:34:40.782397+00:00,3ad9a8b66e1bc7e0,9,d000b605f193
openneuro,1615312921_13790dee26705e03c0b0803b031feff13d02ee97,jest,1,53,1039,● Validation Warning:,reevaluated_acceptable,2026-10-01T12:34:40.783121+00:00,db53cdc02785109d,9,d000b605f193
openneuro,1615312921_13790dee26705e03c0b0803b031feff13d02ee97,jest,1,54,1047,● Validation Warning:,reevaluated_acceptable,2026-10-01T12:34:40.783812+00:00,13dc9b8cdb590a7e,9,d000b605f193
openneuro,1615010381_89e2160284800dbc3d58280ddd5f29a5ed72ed12,jest,1,50,974,  ● cli utils › debounce › should debounce functions,acceptable,2026-10-01T12:34:40.780644+00:00,a6de4e4f47c2c87d,5,
openneuro,1615312921_13790dee26705e03c0b0803b031feff13d02ee97,jest,1,55,1066,  ● CommentMutation › renders with basic props,reevaluated_acceptable,2026-10-01T12:34:46.153812+00:00,b3ee62d198d1ed24,9,
openneuro,1615312921_13790dee26705e03c0b0803b031feff13d02ee97,jest,1,56,1093,  ● CommentMutation › renders with common props,reevaluated_acceptable,2026-10-01T12:34:46.155608+00:00,95c143a0e6b3c02c,52,b1f51a93d054
openneuro,1615312921_13790dee26705e03c0b0803b031feff13d02ee97,jest,1,57,1204,  ● DatasetContent component › HasBeenPublished › public datasets show success banner,reevaluated_acceptable,2026-10-01T12:34:46.158449+00:00,d993e567f13cf0c1,9,b1f51a93d054
openneuro,1615312921_13790dee26705e03c0b0803b031feff13d02ee97,jest,1,58,1231,  ● DatasetContent component › HasBeenPublished › public datasets with draft changes show warning banner,reevaluated_acceptable,2026-10-01T12:34:46.161850+00:00,bb808a0e352741f6,9,b1f51a93d054
openneuro,1615312921_13790dee26705e03c0b0803b031feff13d02ee97,jest,1,59,1285,  ● DatasetContent component › renders when no snapshots are present,reevaluated_acceptable,2026-10-02T11:51:52.610334+00:00,b416c04fc765312a,22,
openneuro,1615312921_13790dee26705e03c0b0803b031feff13d02ee97,jest,1,60,1453,  ● UpdateDescription mutation › uses the scalar mutation for scalar values,reevaluated_acceptable,2026-10-01T12:34:48.933500+00:00,6d94d6d578695217,9,b1f51a93d054
openneuro,1615312921_13790dee26705e03c0b0803b031feff13d02ee97,jest,1,61,1480,  ● UpdateDescription mutation › uses the list mutation for array values,reevaluated_acceptable,2026-10-01T12:34:48.934752+00:00,550021495ce70425,9,b1f51a93d054
openneuro,1615312921_13790dee26705e03c0b0803b031feff13d02ee97,jest,1,62,1536,  ● LeftSidebar component › SidebarRow › renders draft version correctly,reevaluated_acceptable,2026-10-01T12:34:48.936079+00:00,bbe48ffbf5e58215,9,b1f51a93d054
openneuro,1615312921_13790dee26705e03c0b0803b031feff13d02ee97,jest,1,63,1563,  ● LeftSidebar component › SidebarRow › renders snapshot version correctly,reevaluated_acceptable,2026-10-01T12:34:48.937624+00:00,9bb9ae1c79480c17,9,b1f51a93d054
openneuro,1615312921_13790dee26705e03c0b0803b031feff13d02ee97,jest,1,64,1590,  ● LeftSidebar component › SidebarRow › toggles the active state for matching snapshot versions,reevaluated_acceptable,2026-10-01T12:34:48.938825+00:00,cd6f9a92595b840b,9,b1f51a93d054
openneuro,1615312921_13790dee26705e03c0b0803b031feff13d02ee97,jest,1,65,1617,  ● LeftSidebar component › SidebarRow › disables the active state for non-matching snapshot versions,reevaluated_acceptable,2026-10-01T12:34:48.940252+00:00,0d4f67e321e03efb,9,b1f51a93d054
openneuro,1615312921_13790dee26705e03c0b0803b031feff13d02ee97,jest,1,66,1644,  ● LeftSidebar component › SidebarRow › toggles the active state for matching draft versions,reevaluated_acceptable,2026-10-01T12:34:48.941438+00:00,8fc190297f3ce0c6,9,b1f51a93d054
openneuro,1615312921_13790dee26705e03c0b0803b031feff13d02ee97,jest,1,67,1671,  ● LeftSidebar component › SidebarRow › disables the active state for non-matching draft versions,reevaluated_acceptable,2026-10-01T12:34:48.942617+00:00,059cf38d75d915e5,9,b1f51a93d054
openneuro,1615312921_13790dee26705e03c0b0803b031feff13d02ee97,jest,1,68,1757,  ● Manage dataset permissions route › PermissionRow › renders for admin permissions,reevaluated_acceptable,2026-10-01T12:34:48.943814+00:00,25913909b8a19108,9,b1f51a93d054
openneuro,1615312921_13790dee26705e03c0b0803b031feff13d02ee97,jest,1,69,1784,  ● Manage dataset permissions route › PermissionRow › renders for ro permissions,reevaluated_acceptable,2026-10-01T12:34:48.945294+00:00,d68a56ce32d511db,9,b1f51a93d054
openneuro,1615312921_13790dee26705e03c0b0803b031feff13d02ee97,jest,1,70,1811,  ● Manage dataset permissions route › PermissionRow › renders for rw permissions,reevaluated_acceptable,2026-10-01T12:34:48.946664+00:00,797ce04929232b67,9,b1f51a93d054
openneuro,1615312921_13790dee26705e03c0b0803b031feff13d02ee97,jest,1,71,1838,  ● Manage dataset permissions route › ShareTable › renders with no permissions,reevaluated_acceptable,2026-10-01T12:34:48.948707+00:00,bc2a17703c211d09,9,b1f51a93d054
openneuro,1615312921_13790dee26705e03c0b0803b031feff13d02ee97,jest,1,72,1865,  ● Manage dataset permissions route › ShareTable › renders with one permission,reevaluated_acceptable,2026-10-01T12:34:48.950719+00:00,890b29f8e4442e60,9,b1f51a93d054
openneuro,1615312921_13790dee26705e03c0b0803b031feff13d02ee97,jest,1,73,1892,  ● Manage dataset permissions route › ShareTable › renders with many permissions,reevaluated_acceptable,2026-10-01T12:34:48.952580+00:00,8185024c7162366f,9,b1f51a93d054
openneuro,1615312921_13790dee26705e03c0b0803b031feff13d02ee97,jest,1,74,1920,  ● UploadDisclaimer component › starts with the upload button disabled,acceptable,2026-10-01T12:34:50.642767+00:00,aa775eb619a930d5,9,
openneuro,1615312921_13790dee26705e03c0b0803b031feff13d02ee97,jest,1,75,1934,  ● UploadDisclaimer component › enabled the upload button when both boxes are checked,acceptable,2026-10-01T12:34:51.380054+00:00,dfbfa9075e2db9fe,9,
openneuro,1615312921_13790dee26705e03c0b0803b031feff13d02ee97,jest,1,76,1948,  ● UploadDisclaimer component › enable the upload button when one box is checked,acceptable,2026-10-01T12:34:52.036018+00:00,93e20bb4ab61145d,9,
openneuro,1615312921_13790dee26705e03c0b0803b031feff13d02ee97,jest,1,77,1977,  ● dashboard/datasets/DatasetVirtualScroller › shallow renders successfully,reevaluated_acceptable,2026-10-01T12:34:52.036957+00:00,23ed15f3a5726455,9,b1f51a93d054
openneuro,1615312921_13790dee26705e03c0b0803b031feff13d02ee97,jest,1,78,2004,  ● dashboard/datasets/DatasetVirtualScroller › _isRowLoaded() › is bounded to pageInfo.count,reevaluated_acceptable,2026-10-01T12:34:52.037530+00:00,b1f34d785dc1945a,9,b1f51a93d054
openneuro,1615312921_13790dee26705e03c0b0803b031feff13d02ee97,jest,1,79,2031,  ● dashboard/datasets/DatasetVirtualScroller › shouldComponentUpdate() › returns true with different dataset counts,reevaluated_acceptable,2026-10-01T12:34:52.038123+00:00,b48dba416948b431,9,b1f51a93d054
openneuro,1615312921_13790dee26705e03c0b0803b031feff13d02ee97,jest,1,80,2058,  ● dashboard/datasets/DatasetVirtualScroller › shouldComponentUpdate() › returns true with the same list sorted differently,reevaluated_acceptable,2026-10-01T12:34:52.038685+00:00,b882365146cdcd5b,9,b1f51a93d054
openneuro,1615312921_13790dee26705e03c0b0803b031feff13d02ee97,jest,1,81,2085,  ● dashboard/datasets/DatasetVirtualScroller › shouldComponentUpdate() › returns false for the same list,reevaluated_acceptable,2026-10-01T12:34:52.039278+00:00,adcf8e45eea82474,9,b1f51a93d054
openneuro,1615312921_13790dee26705e03c0b0803b031feff13d02ee97,jest,1,82,2112,  ● dashboard/datasets/DatasetVirtualScroller › shouldComponentUpdate() › returns false for the same list if another prop changes,reevaluated_acceptable,2026-10-01T12:34:52.039838+00:00,48eefe804081e8c3,9,b1f51a93d054
openneuro,1615312921_13790dee26705e03c0b0803b031feff13d02ee97,jest,1,83,2141,  ● SelectInput › handles display as disabled,reevaluated_acceptable,2026-10-01T12:34:52.040417+00:00,5a5863cdbe0f6138,9,b1f51a93d054
openneuro,1615312921_13790dee26705e03c0b0803b031feff13d02ee97,jest,1,84,2168,  ● SelectInput › handles display as not disabled,reevaluated_acceptable,2026-10-01T12:34:52.040974+00:00,799e55a11d5e587f,9,b1f51a93d054
openneuro,1615312921_13790dee26705e03c0b0803b031feff13d02ee97,jest,1,85,2195,  ● SelectInput › handles boolean display,reevaluated_acceptable,2026-10-01T12:34:52.041536+00:00,cdd4646d610a6510,9,b1f51a93d054
openneuro,1615312921_13790dee26705e03c0b0803b031feff13d02ee97,jest,1,86,2222,  ● SelectInput › handles boolean values,reevaluated_acceptable,2026-10-01T12:34:52.042156+00:00,4acee2619b19c609,9,b1f51a93d054
openneuro,1615312921_13790dee26705e03c0b0803b031feff13d02ee97,jest,1,87,2254,  ● dashboard/datasets/DatasetSorter › SortField › renders successfully,reevaluated_acceptable,2026-10-01T12:34:52.042761+00:00,20700adf6be21d4d,9,b1f51a93d054
openneuro,1615312921_13790dee26705e03c0b0803b031feff13d02ee97,jest,1,88,2281,  ● dashboard/datasets/DatasetSorter › SortField › calls refetch on click,reevaluated_acceptable,2026-10-01T12:34:52.043353+00:00,7f8f7225dc1e353a,9,b1f51a93d054
openneuro,1615312921_13790dee26705e03c0b0803b031feff13d02ee97,jest,1,89,2308,  ● dashboard/datasets/DatasetSorter › SortField › switches ascending to descending field when clicked,reevaluated_acceptable,2026-10-01T12:34:52.043930+00:00,8918f4fe720ebefe,9,b1f51a93d054
openneuro,1615312921_13790dee26705e03c0b0803b031feff13d02ee97,jest,1,90,2335,  ● dashboard/datasets/DatasetSorter › SortField › switches to a new sort field when clicked,reevaluated_acceptable,2026-10-01T12:34:52.044503+00:00,682745b122dc6b3a,9,b1f51a93d054
openneuro,1615312921_13790dee26705e03c0b0803b031feff13d02ee97,jest,1,91,2362,  ● dashboard/datasets/DatasetSorter › SortField › preserves unrelated fields when clicked,reevaluated_acceptable,2026-10-01T12:34:52.045104+00:00,e44bc73ce344a03e,9,b1f51a93d054
openneuro,1615312921_13790dee26705e03c0b0803b031feff13d02ee97,jest,1,92,2392,  ● dashboard/datasets/DatasetFilter › FilterField › renders successfully,reevaluated_acceptable,2026-10-01T12:34:52.045687+00:00,8687c28de0a7e7d8,9,b1f51a93d054
openneuro,1615312921_13790dee26705e03c0b0803b031feff13d02ee97,jest,1,93,2419,  ● dashboard/datasets/DatasetFilter › FilterField › calls refetch on click,reevaluated_acceptable,2026-10-01T12:34:52.046418+00:00,2ecb7cc04f368984,9,b1f51a93d054
openneuro,1615312921_13790dee26705e03c0b0803b031feff13d02ee97,jest,1,94,2446,  ● dashboard/datasets/DatasetFilter › FilterField › toggles the active query field when clicked,reevaluated_acceptable,2026-10-01T12:34:52.047020+00:00,434bca622f7348e7,9,b1f51a93d054
openneuro,1615312921_13790dee26705e03c0b0803b031feff13d02ee97,jest,1,95,2473,  ● dashboard/datasets/DatasetFilter › FilterField › switches to a new query field when clicked,reevaluated_acceptable,2026-10-01T12:34:52.047608+00:00,70be70dddbf342b1,9,b1f51a93d054
openneuro,1615312921_13790dee26705e03c0b0803b031feff13d02ee97,jest,1,96,2500,  ● dashboard/datasets/DatasetFilter › FilterField › preserves unrelated fields when toggled,reevaluated_acceptable,2026-10-01T12:34:52.048269+00:00,c044f5ced4223622,9,b1f51a93d054
openneuro,1615312921_13790dee26705e03c0b0803b031feff13d02ee97,jest,1,97,2648,  ● download.js › getDownloadMetadata() › fetches metadata on successful fetch,acceptable,2026-10-01T12:34:53.877765+00:00,6c35d0296bea5544,9,
openneuro,1615312921_13790dee26705e03c0b0803b031feff13d02ee97,jest,1,98,2693,  ● Dataset/Summary › displays accurate file count,reevaluated_acceptable,2026-10-01T12:34:53.879731+00:00,7ee8674abce91d30,9,b1f51a93d054
openneuro,1615312921_13790dee26705e03c0b0803b031feff13d02ee97,jest,1,99,2720,  ● Dataset/Summary › displays subject count,reevaluated_acceptable,2026-10-01T12:34:53.881370+00:00,954783762bfc2569,9,b1f51a93d054
openneuro,1615312921_13790dee26705e03c0b0803b031feff13d02ee97,jest,1,100,2747,  ● Dataset/Summary › lists all tasks,reevaluated_acceptable,2026-10-01T12:34:53.882921+00:00,e5ca546bbc136352,9,b1f51a93d054
openneuro,1615312921_13790dee26705e03c0b0803b031feff13d02ee97,jest,1,101,2774,  ● Dataset/Summary › lists all modalities,reevaluated_acceptable,2026-10-01T12:34:53.884503+00:00,480dd8e938340dfa,9,b1f51a93d054
openneuro,1615312921_13790dee26705e03c0b0803b031feff13d02ee97,jest,1,102,2801,  ● Dataset/Summary › minimal version renders,reevaluated_acceptable,2026-10-01T12:34:53.886055+00:00,64c30a5f63b578f2,9,b1f51a93d054
openneuro,1615312921_13790dee26705e03c0b0803b031feff13d02ee97,jest,1,103,2881,  ● NoErrors component in SnapshotRoute › handles extant errors case,reevaluated_acceptable,2026-10-01T12:34:53.887615+00:00,80a5809e00ef3cf7,9,b1f51a93d054
openneuro,1615312921_13790dee26705e03c0b0803b031feff13d02ee97,jest,1,104,2908,  ● NoErrors component in SnapshotRoute › handles no authors case,reevaluated_acceptable,2026-10-01T12:34:53.889179+00:00,e68d3a9ce5e1dfcb,9,b1f51a93d054
openneuro,1615312921_13790dee26705e03c0b0803b031feff13d02ee97,jest,1,105,2935,  ● NoErrors component in SnapshotRoute › handles case of errors and no authors,reevaluated_acceptable,2026-10-01T12:34:53.890816+00:00,608faef3d8e2feeb,9,b1f51a93d054
openneuro,1615312921_13790dee26705e03c0b0803b031feff13d02ee97,jest,1,106,2962,  ● NoErrors component in SnapshotRoute › returns children when issues are okay,reevaluated_acceptable,2026-10-01T12:34:53.893614+00:00,19fbd4e533317e55,9,b1f51a93d054
openneuro,1615312921_13790dee26705e03c0b0803b031feff13d02ee97,jest,1,107,3017,  ● File component › renders for dataset snapshots,reevaluated_acceptable,2026-10-01T12:34:53.895338+00:00,fdd713c8476a3e3b,42,b1f51a93d054
openneuro,1615312921_13790dee26705e03c0b0803b031feff13d02ee97,jest,1,108,3044,  ● File component › generates correct download links for top level files,reevaluated_acceptable,2026-10-01T12:34:53.896956+00:00,83dac915ccb02824,11,b1f51a93d054
openneuro,1615312921_13790dee26705e03c0b0803b031feff13d02ee97,jest,1,109,3071,  ● File component › generates correct download links for nested files,reevaluated_acceptable,2026-10-01T12:34:53.898527+00:00,5cc0eb34f388e762,11,b1f51a93d054
openneuro,1615312921_13790dee26705e03c0b0803b031feff13d02ee97,jest,1,110,3103,  ● DatasetTools component › renders tools with common props,reevaluated_acceptable,2026-10-01T12:34:53.902346+00:00,3893e9a6a0cbde03,10,b1f51a93d054
openneuro,1615312921_13790dee26705e03c0b0803b031feff13d02ee97,jest,1,111,3130,  ● DatasetTools component › renders tools for public datasets,reevaluated_acceptable,2026-10-01T12:34:53.903984+00:00,222f8ccbff16ce04,10,b1f51a93d054
openneuro,1615312921_13790dee26705e03c0b0803b031feff13d02ee97,jest,1,112,3157,  ● DatasetTools component › renders tools for public snapshots,reevaluated_acceptable,2026-10-01T12:34:53.905599+00:00,494bbbb3955a28cd,10,b1f51a93d054
openneuro,1615312921_13790dee26705e03c0b0803b031feff13d02ee97,jest,1,113,3234,  ● dataset/download › DownloadSampleCommand component › renders successfully,reevaluated_acceptable,2026-10-01T12:34:53.907459+00:00,9bbdced76f74cd9f,9,b1f51a93d054
openneuro,1615312921_13790dee26705e03c0b0803b031feff13d02ee97,jest,1,114,3261,  ● dataset/download › DownloadSampleCommand component › drafts show draft flag,reevaluated_acceptable,2026-10-01T12:34:53.909219+00:00,a2a030acb1f8385b,9,b1f51a93d054
openneuro,1615312921_13790dee26705e03c0b0803b031feff13d02ee97,jest,1,115,3288,  ● dataset/download › DownloadSampleCommand component › snapshots show snapshot flag,reevaluated_acceptable,2026-10-01T12:34:53.910924+00:00,729c047690a8aeff,9,b1f51a93d054
openneuro,1615312921_13790dee26705e03c0b0803b031feff13d02ee97,jest,1,116,3319,  ● uploader › select files updates state,reevaluated_acceptable,2026-10-01T12:34:53.912566+00:00,8bace3f944ac80d7,11,b1f51a93d054
openneuro,1615312921_13790dee26705e03c0b0803b031feff13d02ee97,jest,1,117,3487,  ● DatasetCount › DatasetCountDisplay › returns null while loading,reevaluated_acceptable,2026-10-01T12:34:53.914342+00:00,1f6711996aeff9c9,9,b1f51a93d054
openneuro,1615312921_13790dee26705e03c0b0803b031feff13d02ee97,jest,1,118,3514,  ● DatasetCount › DatasetCountDisplay › returns a number if data is available,reevaluated_acceptable,2026-10-01T12:34:53.916022+00:00,bb75bdf32b7cdf77,9,b1f51a93d054
openneuro,1615312921_13790dee26705e03c0b0803b031feff13d02ee97,jest,1,119,3541,  ● DatasetCount › DatasetCountDisplay › returns null if some other data is provided,reevaluated_acceptable,2026-10-01T12:34:53.918205+00:00,5ab96ec55e18d97c,9,b1f51a93d054
openneuro,1615312921_13790dee26705e03c0b0803b031feff13d02ee97,jest,1,120,3654,  ● Metric component › renders for downloads,reevaluated_acceptable,2026-10-01T12:34:53.919959+00:00,038fe64e3a1fa7ff,9,b1f51a93d054
openneuro,1615312921_13790dee26705e03c0b0803b031feff13d02ee97,jest,1,121,3681,  ● Metric component › renders for followers,reevaluated_acceptable,2026-10-01T12:34:53.921663+00:00,9714833ceb18c42e,9,b1f51a93d054
openneuro,1615312921_13790dee26705e03c0b0803b031feff13d02ee97,jest,1,122,3708,  ● Metric component › renders for views,reevaluated_acceptable,2026-10-01T12:34:53.923441+00:00,1379d673381d2e72,9,b1f51a93d054
openneuro,1615312921_13790dee26705e03c0b0803b031feff13d02ee97,jest,1,123,3765,  ● DatasetPage component › hides sidebar when clicked,reevaluated_acceptable,2026-10-01T12:34:53.925262+00:00,0aed4694d05a52fa,9,b1f51a93d054
openneuro,1615312921_13790dee26705e03c0b0803b031feff13d02ee97,jest,1,124,3852,  ● File Display route › FileDisplayBreadcrumb component › renders top level paths as files,reevaluated_acceptable,2026-10-01T12:34:53.927019+00:00,e9f3d328b67e5b3f,9,b1f51a93d054
openneuro,1615312921_13790dee26705e03c0b0803b031feff13d02ee97,jest,1,125,3879,  ● File Display route › FileDisplayBreadcrumb component › renders nested paths as dir -> file trees,reevaluated_acceptable,2026-10-01T12:34:53.928760+00:00,c3345fb0b95a5b8b,9,b1f51a93d054
openneuro,1615312921_13790dee26705e03c0b0803b031feff13d02ee97,jest,1,126,3910,  ● FrontPageTopDatasets › renders container correctly,reevaluated_acceptable,2026-10-01T12:34:53.930521+00:00,c538ca094ef7c092,10,b1f51a93d054
openneuro,1615312921_13790dee26705e03c0b0803b031feff13d02ee97,jest,1,127,3937,  ● FrontPageTopDatasets › FrontPageTopResult › does not crash with null query results,reevaluated_acceptable,2026-10-02T11:51:52.610334+00:00,769f2e113c058c4e,10,
openneuro,1615312921_13790dee26705e03c0b0803b031feff13d02ee97,jest,1,128,4004,  ● DatasetAuthors component › renders when authors is null,reevaluated_acceptable,2026-10-01T12:34:54.980545+00:00,4e0f6257d8a8a557,9,b1f51a93d054
openneuro,1615312921_13790dee26705e03c0b0803b031feff13d02ee97,jest,1,129,4031,  ● DatasetAuthors component › renders null when authors is not an array,reevaluated_acceptable,2026-10-01T12:34:54.982204+00:00,0c2760b1917e7464,9,b1f51a93d054
openneuro,1615312921_13790dee26705e03c0b0803b031feff13d02ee97,jest,1,130,4316,  ● Dashboard › public dashboard renders successfully,reevaluated_acceptable,2026-10-01T12:34:54.984196+00:00,bb6324f8b21e90ee,10,b1f51a93d054
openneuro,1615312921_13790dee26705e03c0b0803b031feff13d02ee97,jest,1,131,4354,  ● DatasetQuery › component › renders with common params,reevaluated_acceptable,2026-10-01T12:34:54.986195+00:00,37c4200e8a07030e,9,b1f51a93d054
openneuro,1615312921_13790dee26705e03c0b0803b031feff13d02ee97,jest,1,132,4410,  ● UpdateDatasetPermissions mutation › renders with typical props,reevaluated_acceptable,2026-10-01T12:34:54.987530+00:00,62bdda3af0cc6755,9,b1f51a93d054
openneuro,1615312921_13790dee26705e03c0b0803b031feff13d02ee97,jest,1,133,4504,  ● downloadUri › returns a draft path if snapshotTag is not defined,acceptable,2026-10-01T12:34:55.782230+00:00,c8c53c9303badfd2,25,
openneuro,1615312921_13790dee26705e03c0b0803b031feff13d02ee97,jest,1,134,4521,  ● downloadUri › returns a snapshot path if snapshotTag is defined,reevaluated_acceptable,2026-10-02T11:51:52.610334+00:00,7b2a973b93e1c7a2,25,
openneuro,1615312921_13790dee26705e03c0b0803b031feff13d02ee97,jest,1,135,4543,  ● File Viewer - JSON › renders with valid JSON,reevaluated_acceptable,2026-10-01T12:34:56.451691+00:00,4dc72b7613d1d1bb,30,b1f51a93d054
openneuro,1615312921_13790dee26705e03c0b0803b031feff13d02ee97,jest,1,136,4570,  ● File Viewer - JSON › renders with invalid JSON,reevaluated_acceptable,2026-10-01T12:34:56.453650+00:00,171661240fd02065,31,b1f51a93d054
openneuro,1615312921_13790dee26705e03c0b0803b031feff13d02ee97,jest,1,137,4627,  ● DatasetAnalytics component › renders for snapshots,reevaluated_acceptable,2026-10-01T12:34:56.455584+00:00,996ff4e9027d4dd5,9,b1f51a93d054
openneuro,1615312921_13790dee26705e03c0b0803b031feff13d02ee97,jest,1,138,4692,  ● common/forms/WarnButton › renders with warnings disable,reevaluated_acceptable,2026-10-01T12:34:56.457552+00:00,de2f5e8f8de52b74,9,b1f51a93d054
openneuro,1615312921_13790dee26705e03c0b0803b031feff13d02ee97,jest,1,139,4720,  ● FileViewerType component › displays a fallback when an unknown file is specified,reevaluated_acceptable,2026-10-01T12:34:56.459470+00:00,bcc0ca297e7fce3a,9,b1f51a93d054
openneuro,1615312921_13790dee26705e03c0b0803b031feff13d02ee97,jest,1,140,4808,  ● Admin users tab › UsersQueryResult component › should not crash in a loading state,reevaluated_acceptable,2026-10-02T11:51:52.610334+00:00,0b42a9106f0b060b,9,
openneuro,1615312921_13790dee26705e03c0b0803b031feff13d02ee97,jest,1,141,5188,  ● Test suite failed to run,reevaluated_acceptable,2026-10-01T12:35:00.333624+00:00,3187f3455a87aef3,12,
openneuro,1615312921_13790dee26705e03c0b0803b031feff13d02ee97,jest,1,142,5352,  ● Test suite failed to run,reevaluated_acceptable,2026-10-02T11:51:52.610334+00:00,64ad0cf9e800bf34,12,
openneuro,1615312921_13790dee26705e03c0b0803b031feff13d02ee97,jest,1,143,5422,  ● Test suite failed to run,reevaluated_acceptable,2026-10-02T11:51:52.610334+00:00,007ccd2b1c9a1a2b,9,
openneuro,1616010747_09e2b0c4c59eae1333becbe06c5ad3e15279684b,jest,1,144,2705,  ● download.js › checkDestination() › throws an error on existing directories,acceptable,2026-10-01T12:35:08.116390+00:00,3246b9316bba9bec,31,
openneuro,1616010747_09e2b0c4c59eae1333becbe06c5ad3e15279684b,jest,1,145,3690,  ● Test suite failed to run,acceptable,2026-10-01T12:35:09.417304+00:00,068de92307789d4b,25,
openneuro,1616010801_bfde743827e29ee5ec25cda6fceee2a36aed955b,jest,1,146,2707,  ● DropdownButton component › does not open on hover,acceptable,2026-10-01T12:35:10.239001+00:00,fb664dace0483cd8,4,
openneuro,1616010801_bfde743827e29ee5ec25cda6fceee2a36aed955b,jest,1,147,2721,  ● DropdownButton component › toggle expands the dropdown menu (children) on click,acceptable,2026-10-01T12:35:10.962638+00:00,b737f6a222266242,4,
openneuro,1616405287_7f6cb0c1ac48544a719daca5e1309abe7e041002,jest,1,148,241,  ● dataset model operations › createDataset() › resolves to dataset id string,acceptable,2026-10-01T12:35:44.005222+00:00,2e57d49a2ad681f6,1,
openneuro,1616405287_7f6cb0c1ac48544a719daca5e1309abe7e041002,jest,1,149,261,  ● dataset model operations › createDataset() › posts to the DataLad /datasets/{dsId} endpoint,acceptable,2026-10-01T12:35:44.524282+00:00,a08d0b70d2cb9319,1,
openneuro,1616405287_7f6cb0c1ac48544a719daca5e1309abe7e041002,jest,1,150,366,  ● snapshot model operations › createSnapshot() › posts to the DataLad /datasets/{dsId}/snapshots/{snapshot} endpoint,acceptable,2026-10-01T12:35:45.062295+00:00,0fdec7ff1a7da063,2,
openneuro,1616431959_439a9da9963e6267996e01c72c534e1213d4f9b0,jest,1,151,230,  ● Test suite failed to run,reevaluated_acceptable,2026-10-01T12:35:50.415952+00:00,6c30fd32b3a7c474,3,
openneuro,1618358542_f8088c6192385cde8158e19fa943527cde73d7e2,jest,1,152,288,  ● Test suite failed to run,reevaluated_acceptable,2026-10-01T12:35:53.628772+00:00,c303467561170742,1,
openneuro,1618358542_f8088c6192385cde8158e19fa943527cde73d7e2,jest,1,154,351,  ● Test suite failed to run,reevaluated_acceptable,2026-10-01T12:36:13.861315+00:00,92bfe9052af1d4b3,8,
openneuro,1618358542_f8088c6192385cde8158e19fa943527cde73d7e2,jest,1,155,414,  ● Test suite failed to run,reevaluated_acceptable,2026-10-01T12:36:13.866602+00:00,07074b680f348947,3,5b00101256f5
openneuro,1618358542_f8088c6192385cde8158e19fa943527cde73d7e2,jest,1,156,474,  ● Test suite failed to run,reevaluated_acceptable,2026-10-01T12:36:13.870682+00:00,59acc62d64bdbcca,3,5b00101256f5
openneuro,1618358542_f8088c6192385cde8158e19fa943527cde73d7e2,jest,1,157,523,  ● Test suite failed to run,reevaluated_acceptable,2026-10-01T12:36:18.267174+00:00,c2eb7bd63d78137c,1,
openneuro,1618358542_f8088c6192385cde8158e19fa943527cde73d7e2,jest,1,158,595,  ● Test suite failed to run,reevaluated_acceptable,2026-10-01T12:36:21.097830+00:00,c1ad0a0d13e45e54,1,
openneuro,1618596421_527f232dab8f85560a5288dabe842b8bd2c3a71e,jest_berry,1,159,913,  ● Test suite failed to run,reevaluated_acceptable,2026-10-01T12:36:28.833187+00:00,d205f1c45f40c16e,4,
openneuro,1619638668_8337db240ddeb879fe0c93863019aa8cddb2024d,jest_berry,1,160,828,  ● dataset resolvers › deletePath › makes correct delete call to datalad,acceptable,2026-10-01T12:36:30.305052+00:00,de75a026f1fab4e2,1,
openneuro,1619638668_8337db240ddeb879fe0c93863019aa8cddb2024d,jest_berry,1,161,962,  ● DeleteDir mutation › fires the correct mutation,acceptable,2026-10-01T12:36:41.734146+00:00,251cb4a7bbf2914f,1,
openneuro,1622486752_557d60405a606edad35f2d3149ab0638e3c6a148,jest_berry,1,162,894,  ● Test suite failed to run,reevaluated_acceptable,2026-10-01T12:36:41.735539+00:00,0ebe98047c5191b5,14,509370ee459e
openneuro,1625004268_3533e4004b32357a918637523b552d79066ae1ec,jest_berry,1,163,865,  ● CountToggle component › calls toggleClick on toggle,acceptable,2026-10-01T12:36:44.270067+00:00,a78c862955b95944,13,
openneuro,1625024423_430d5d81253728a1c63806f460bce0ff96e94110,jest_berry,1,164,853,  ● Test suite failed to run,reevaluated_acceptable,2026-10-01T12:36:44.274438+00:00,59d26242d36771e1,7,509370ee459e
openneuro,1626215204_e4a13bc1d63a8e068fd21207982383d6e791f413,jest_berry,1,165,827,  ● dataset search resolvers › elasticRelayConnection() › returns a relay cursor for empty ApiResponse,acceptable,2026-10-01T12:36:45.198310+00:00,65c050568fd59292,8,
openneuro,1626215204_e4a13bc1d63a8e068fd21207982383d6e791f413,jest_berry,1,166,856,  ● dataset search resolvers › elasticRelayConnection() › returns a relay cursor for ApiResponse with results,acceptable,2026-10-01T12:36:45.834099+00:00,c710fbe68d9d8244,24,
openneuro,1626814137_a50720389d8bd57506a8b16525b542d840f211e0,jest_berry,1,167,841,  ● Test suite failed to run,reevaluated_acceptable,2026-10-01T12:36:58.133909+00:00,5f081a63d3fccaea,13,
openneuro,1628208468_2b4b45f62edc00c5f42e59462ea3d1d97c403a7f,jest_berry,1,168,820,  ● TwoHandleRange component › returns Infinity when max range is uncapped,acceptable,2026-10-01T12:36:59.726063+00:00,0f625b271cfc9f9e,2,
openneuro,1630365534_e1bce2d3ba84bcc0487db1c241edf8c105fff5d4,jest_berry,1,169,806,  ● Test suite failed to run,reevaluated_acceptable,2026-10-01T12:36:59.729024+00:00,df0f2378fd6a17d2,3,509370ee459e
openneuro,1630445626_c30859a912b45c4e450645809e132c3b4bdf449c,jest_berry,1,170,806,  ● Test suite failed to run,reevaluated_acceptable,2026-10-01T12:36:59.731510+00:00,f5d26bbd428c989a,24,509370ee459e
openneuro,1632452331_6a215f97c4aac18fe74c1738a78d1686f47f6e80,jest_berry,1,171,794,  ● pagination model operations › sortAggregate() › returns a lookup and no count stage for downloads,acceptable,2026-10-01T12:37:01.030495+00:00,ad221b2b30b50a03,2,
openneuro,1632452331_6a215f97c4aac18fe74c1738a78d1686f47f6e80,jest_berry,1,172,813,  ● pagination model operations › sortAggregate() › returns a lookup and no count stage for views,acceptable,2026-10-01T12:37:03.101537+00:00,1e359f238379898b,2,
openneuro,1632452331_6a215f97c4aac18fe74c1738a78d1686f47f6e80,jest_berry,1,173,832,  ● pagination model operations › sortAggregate() › does not explode with all sorts,acceptable,2026-10-01T12:37:03.771344+00:00,6e48e5cb667df914,2,
openneuro,1632852456_e22f12d65f37bf2db9ad2e5834eb3a8fc36c9246,jest_berry,1,174,829,  ● gitAnnexRemote protocol implementation › gitAnnexRemote() entrypoint › exits after readline.close(),acceptable,2026-10-01T12:37:04.567320+00:00,3ec46fcc3124c582,1,
openneuro,1635446082_3db4a46b65f6a854a81c33812c3473da7b96a4da,jest_berry,1,175,797,  ● dataset resolvers › snapshotCreationComparison() › sorts very similar creation times by semver order,acceptable,2026-10-01T12:37:05.257501+00:00,6a3bf329552374f3,2,
openneuro,1636049017_b3982826cee8fc519cdecac36f144e9826fa7ee6,jest_berry,1,176,810,  ● Test suite failed to run,reevaluated_acceptable,2026-10-01T12:37:11.614638+00:00,2d4cc65c94360142,1,
openneuro,1636049017_b3982826cee8fc519cdecac36f144e9826fa7ee6,jest_berry,1,177,853,  ● Test suite failed to run,reevaluated_acceptable,2026-10-01T12:37:11.616814+00:00,e3afe3686f34bf99,1,6fc9be87f91a
openneuro,1636049017_b3982826cee8fc519cdecac36f144e9826fa7ee6,jest_berry,1,178,895,  ● Test suite failed to run,reevaluated_acceptable,2026-10-01T12:37:11.617904+00:00,005baaf4c6fd365a,1,6fc9be87f91a
openneuro,1636049017_b3982826cee8fc519cdecac36f144e9826fa7ee6,jest_berry,1,179,926,  ● Test suite failed to run,reevaluated_acceptable,2026-10-01T12:37:11.618949+00:00,9ccbe03beff632f1,1,6fc9be87f91a
openneuro,1636049017_b3982826cee8fc519cdecac36f144e9826fa7ee6,jest_berry,1,180,958,  ● Test suite failed to run,reevaluated_acceptable,2026-10-01T12:37:11.619988+00:00,7da2e00a61fcaf8b,1,6fc9be87f91a
openneuro,1636049017_b3982826cee8fc519cdecac36f144e9826fa7ee6,jest_berry,1,181,987,  ● Test suite failed to run,reevaluated_acceptable,2026-10-01T12:37:11.621021+00:00,1bf8a9be05c1c956,1,6fc9be87f91a
openneuro,1636049017_b3982826cee8fc519cdecac36f144e9826fa7ee6,jest_berry,1,182,1026,  ● Test suite failed to run,reevaluated_acceptable,2026-10-01T12:37:11.622049+00:00,f8018d14387d525b,1,6fc9be87f91a
openneuro,1636049017_b3982826cee8fc519cdecac36f144e9826fa7ee6,jest_berry,1,183,1063,  ● Test suite failed to run,reevaluated_acceptable,2026-10-01T12:37:11.623090+00:00,17f2c4315017c5c0,1,6fc9be87f91a
openneuro,1636049017_b3982826cee8fc519cdecac36f144e9826fa7ee6,jest_berry,1,184,1115,  ● Test suite failed to run,reevaluated_acceptable,2026-10-01T12:37:11.624130+00:00,f09717b908af3321,1,6fc9be87f91a
openneuro,1636049017_b3982826cee8fc519cdecac36f144e9826fa7ee6,jest_berry,1,185,1147,  ● Test suite failed to run,reevaluated_acceptable,2026-10-01T12:37:11.625186+00:00,ddc3abcabd290bec,1,6fc9be87f91a
openneuro,1636049017_b3982826cee8fc519cdecac36f144e9826fa7ee6,jest_berry,1,186,1181,  ● Test suite failed to run,reevaluated_acceptable,2026-10-01T12:37:11.626263+00:00,04be56bdd4d8d3be,1,6fc9be87f91a
openneuro,1636049017_b3982826cee8fc519cdecac36f144e9826fa7ee6,jest_berry,1,187,1240,  ● Test suite failed to run,reevaluated_acceptable,2026-10-01T12:37:11.627380+00:00,9c815e8a4149ad21,1,6fc9be87f91a
openneuro,1636057753_b8d5f8bad73158681bd7dc90cd0c078a2d58fc8e,jest_berry,1,188,789,  ● UploadDisclaimer component › enable the upload button when one box is checked for both sections,acceptable,2026-10-01T12:37:13.509217+00:00,193f6bd292575a10,1,
openneuro,1636478352_85ddcad0a515f75b5da698b297898a48246bb6f9,jest_berry,1,189,815,  ● snapshot resolvers › filterLatestSnapshot() › returns the latest snapshot,acceptable,2026-10-01T12:37:14.434625+00:00,2b88cc0e8ae49115,1,
openneuro,1637095818_61e8a7f956ceb2264eafe853aad7f1abc9a028fe,jest_berry,1,190,800,      Error: Uncaught [TypeError: Cannot read property 'latestSnapshot.summary.modalities' of undefined],acceptable,2026-10-01T12:37:18.261508+00:00,41726e26e9d45a4e,1,
openneuro,1637095818_61e8a7f956ceb2264eafe853aad7f1abc9a028fe,jest_berry,1,191,875,  ● SortBySelect component › displays Relevance with age of participants set,acceptable,2026-10-01T12:37:20.251023+00:00,350d5749352e1e69,1,
openneuro,1642091376_c4ec08181748f9801ffc0a5bdb9260c43c7d411c,jest_berry,1,192,869,  ● Test suite failed to run,reevaluated_acceptable,2026-10-01T12:37:30.835414+00:00,cda715e9f2697932,6,
openneuro,1643326004_e7764b5b4120f95cbf555e67955c4face18e109c,jest_berry,1,193,821,  ● Test suite failed to run,reevaluated_acceptable,2026-10-02T11:51:52.610334+00:00,7cba8a4915f20917,6,
openneuro,1643326004_e7764b5b4120f95cbf555e67955c4face18e109c,jest_berry,1,194,839,  ● Test suite failed to run,reevaluated_acceptable,2026-10-02T11:51:52.610334+00:00,9210263c5d56ee76,8,
openneuro,1643326004_e7764b5b4120f95cbf555e67955c4face18e109c,jest_berry,1,195,877,  ● Test suite failed to run,reevaluated_acceptable,2026-10-02T11:51:52.610334+00:00,1ad9e5d89418ec6c,7,
openneuro,1643340855_d1a93491c1f7a9dc5069612ddab1cb9532dcfd2e,jest_berry,1,196,840,  ● email template -> comment created › renders with expected arguments,acceptable,2026-10-01T12:37:33.787488+00:00,ad85c442d895bad0,2,2b3c699e503f
openneuro,1648667697_6fda00fcbd3cc5465846f18d02cad32c04a2435c,jest_berry,1,197,773,  ● DatasetTools component › provides expected tools for a draft (admin),acceptable,2026-10-01T12:37:34.839451+00:00,057a971e71ad1cfa,3,
openneuro,1650915997_e67dc0d4fa82c6f6b28c70fa6e73ac5231e223c0,jest_berry,1,198,963,  ● Test suite failed to run,reevaluated_acceptable,2026-10-02T11:51:52.610334+00:00,9cc4ac7dce56c221,4,
openneuro,1658511803_a7b671f875ba863c4a6b90be81bee283139097c1,jest_berry,1,199,1933,  ● SnapshotContainer component › includes JSON-LD data in the header,acceptable,2026-10-01T12:37:42.845974+00:00,c131f2b567af8421,1,
openneuro,1659106248_cf21002ae4766e32b14137d1edcdab9efa569fe6,jest_berry,1,200,1607,  ● Test suite failed to run,acceptable,2026-10-01T12:37:45.197969+00:00,f738d2e3fd50f86d,2,
openneuro,1664494290_f4a3aa77603acd6ef3144b4ff09642ad1a60c264,jest_berry,1,201,810,  ● FileTreeUnloadedDirectory component › mergeNewFiles › merges file lists,acceptable,2026-10-01T12:37:46.718305+00:00,d3b8f28af92f5006,11,
openneuro,1664494290_f4a3aa77603acd6ef3144b4ff09642ad1a60c264,jest_berry,1,202,839,  ● FileTreeUnloadedDirectory component › mergeNewFiles › removes the existing directory facade when merging lists,acceptable,2026-10-01T12:37:47.355015+00:00,fd227635231fad28,11,
openneuro,1664494290_f4a3aa77603acd6ef3144b4ff09642ad1a60c264,jest_berry,1,203,880,  ● FileTreeUnloadedDirectory component › mergeNewFiles › works with snapshots,acceptable,2026-10-01T12:37:47.967097+00:00,de0250f284def04d,11,
openneuro,1664494290_f4a3aa77603acd6ef3144b4ff09642ad1a60c264,jest_berry,1,204,923,  ● FileTree component › sortByFilename() › sorts the expected filename properties,acceptable,2026-10-01T12:37:49.150815+00:00,7c9a3bb712a0475a,1,
openneuro,1664494290_f4a3aa77603acd6ef3144b4ff09642ad1a60c264,jest_berry,1,205,937,  ● FileTree component › sortByName() › sorts the expected name properties,acceptable,2026-10-01T12:37:49.765935+00:00,e94d8d1cde09e575,1,
openneuro,1664552124_0b4a26ed3963a42d8b6321eeb205be5be7f350f2,jest_berry,1,206,926,  ● Test suite failed to run,reevaluated_acceptable,2026-10-01T12:37:52.375241+00:00,91f89b9358083cae,8,
openneuro,1664830315_f3acc9ec8cbc130cd0e6773206f2f2d96a42114d,jest_berry,1,207,924,  ● Test suite failed to run,reevaluated_acceptable,2026-10-01T12:37:56.426195+00:00,d6c8f6afe7da56a3,3,
openneuro,1665761659_be066043c43f1f8ca9705d69775e953dff43c65e,jest_berry,1,208,809,  ● SearchParamsProvider › setSearchParams is callable with object argument,acceptable,2026-10-01T12:37:58.006979+00:00,6cb943328f8c0ea9,1,
openneuro,1666140942_7a16a6a40ce47567aaad10dab8f2eb83c874a91e,jest_berry,1,209,1016,  ● HeaderContainer component › navigates prepopulated search when you use the home page search box,acceptable,2026-10-01T12:37:59.811206+00:00,f8b90a39e0ed3795,1,
openneuro,1667864419_d58c0d5e06d8d3a369e0ca2ee5043423cafdc341,jest_berry,1,210,995,  ● Test suite failed to run,reevaluated_acceptable,2026-10-01T12:38:03.914373+00:00,30b8fc2e663fb2fe,1,
openneuro,1667864419_d58c0d5e06d8d3a369e0ca2ee5043423cafdc341,jest_berry,1,211,1057,  ● Test suite failed to run,reevaluated_acceptable,2026-10-01T12:38:03.919246+00:00,ea31246252761849,1,1075c01f0e66
openneuro,1667864419_d58c0d5e06d8d3a369e0ca2ee5043423cafdc341,jest_berry,1,212,1073,  ● Test suite failed to run,reevaluated_acceptable,2026-10-01T12:38:06.466985+00:00,fc25d16815f9e078,1,
openneuro,1667864419_d58c0d5e06d8d3a369e0ca2ee5043423cafdc341,jest_berry,1,213,1119,  ● Test suite failed to run,reevaluated_acceptable,2026-10-01T12:38:06.471653+00:00,a93108a08c908ed9,1,13c577f309e4
openneuro,1668555600_6030b62eca51d90eb1e8abb3fbc235287bd544f3,vitest,1,214,12952, FAIL  packages/openneuro-server/src/datalad/__tests__/description.spec.js [ packages/openneuro-server/src/datalad/__tests__/description.spec.js ],acceptable,2026-10-01T12:38:24.864845+00:00,092a2bdc0c5156f6,367,
openneuro,1668555600_6030b62eca51d90eb1e8abb3fbc235287bd544f3,vitest,1,215,12974, FAIL  packages/openneuro-server/src/datalad/__tests__/pagination.spec.js [ packages/openneuro-server/src/datalad/__tests__/pagination.spec.js ],problematic,2026-10-01T12:38:29.251800+00:00,de6fd6716dc31a50,475,
openneuro,1668555600_6030b62eca51d90eb1e8abb3fbc235287bd544f3,vitest,1,216,12992, FAIL  packages/openneuro-server/src/datalad/__tests__/dataset.spec.js [ packages/openneuro-server/src/datalad/__tests__/dataset.spec.js ],problematic,2026-10-01T12:38:40.880549+00:00,6f2dde42db82c2da,478,b154ebe0f2ca
openneuro,1668555600_6030b62eca51d90eb1e8abb3fbc235287bd544f3,vitest,1,217,13010, FAIL  packages/openneuro-server/src/graphql/__tests__/permissions.spec.js [ packages/openneuro-server/src/graphql/__tests__/permissions.spec.js ],problematic,2026-10-01T12:38:40.882220+00:00,915356574de8b3f0,483,b154ebe0f2ca
openneuro,1668555600_6030b62eca51d90eb1e8abb3fbc235287bd544f3,vitest,1,218,13027, FAIL  packages/openneuro-server/src/graphql/__tests__/comment.spec.js [ packages/openneuro-server/src/graphql/__tests__/comment.spec.js ],problematic,2026-10-01T12:38:40.884206+00:00,ed7ac7527f79dff3,483,b154ebe0f2ca
openneuro,1668555600_6030b62eca51d90eb1e8abb3fbc235287bd544f3,vitest,1,219,13044, FAIL  packages/openneuro-server/src/datalad/__tests__/snapshots.spec.js [ packages/openneuro-server/src/datalad/__tests__/snapshots.spec.js ],problematic,2026-10-01T12:38:40.885520+00:00,c05acee85a4ea633,384,b154ebe0f2ca
openneuro,1668555600_6030b62eca51d90eb1e8abb3fbc235287bd544f3,vitest,1,220,13062, FAIL  packages/openneuro-cli/src/__tests__/config.spec.js [ packages/openneuro-cli/src/__tests__/config.spec.js ],problematic,2026-10-01T12:40:39.656607+00:00,09da3e72726d0938,1,
openneuro,1668555600_6030b62eca51d90eb1e8abb3fbc235287bd544f3,vitest,1,221,13072,Caused by: ReferenceError: Cannot access '__vite_ssr_import_4__' before initialization,problematic,2026-10-01T12:40:39.661947+00:00,27bc0a6033373770,479,b154ebe0f2ca
openneuro,1668555600_6030b62eca51d90eb1e8abb3fbc235287bd544f3,vitest,1,222,13098, FAIL  packages/openneuro-server/src/graphql/resolvers/__tests__/importRemoteDataset.spec.ts [ packages/openneuro-server/src/graphql/resolvers/__tests__/importRemoteDataset.spec.ts ],problematic,2026-10-01T12:40:39.665668+00:00,949d34dd79e309fa,715,b154ebe0f2ca
openneuro,1668555600_6030b62eca51d90eb1e8abb3fbc235287bd544f3,vitest,1,223,13116, FAIL  packages/openneuro-server/src/models/__tests__/ingestDataset.spec.ts [ packages/openneuro-server/src/models/__tests__/ingestDataset.spec.ts ],problematic,2026-10-01T12:40:39.668800+00:00,77611290188951dc,724,b154ebe0f2ca
openneuro,1668555600_6030b62eca51d90eb1e8abb3fbc235287bd544f3,vitest,1,224,13132, FAIL  packages/openneuro-app/src/scripts/common/containers/__tests__/header.spec.tsx [ packages/openneuro-app/src/scripts/common/containers/__tests__/header.spec.tsx ],problematic,2026-10-01T12:40:59.985191+00:00,939024b52c7baa03,6,
openneuro,1668555600_6030b62eca51d90eb1e8abb3fbc235287bd544f3,vitest,1,225,13147, FAIL  packages/openneuro-server/src/graphql/resolvers/__tests__/permssions.spec.js [ packages/openneuro-server/src/graphql/resolvers/__tests__/permssions.spec.js ],problematic,2026-10-01T12:40:59.988118+00:00,cee433e2262ab009,475,b154ebe0f2ca
openneuro,1668555600_6030b62eca51d90eb1e8abb3fbc235287bd544f3,vitest,1,226,13164, FAIL  packages/openneuro-server/src/libs/__tests__/apikey.spec.js [ packages/openneuro-server/src/libs/__tests__/apikey.spec.js ],problematic,2026-10-01T12:40:59.990101+00:00,36d605588a380b7e,476,b154ebe0f2ca
openneuro,1668555600_6030b62eca51d90eb1e8abb3fbc235287bd544f3,vitest,1,227,13182, FAIL  packages/openneuro-server/src/libs/authentication/__tests__/jwt.spec.js [ packages/openneuro-server/src/libs/authentication/__tests__/jwt.spec.js ],problematic,2026-10-01T12:40:59.991474+00:00,e49e2ce69919a3e9,481,b154ebe0f2ca
openneuro,1668555600_6030b62eca51d90eb1e8abb3fbc235287bd544f3,vitest,1,228,13198, FAIL  packages/openneuro-server/src/graphql/resolvers/__tests__/user.spec.js [ packages/openneuro-server/src/graphql/resolvers/__tests__/user.spec.js ],problematic,2026-10-01T12:40:59.992746+00:00,5b3c6b8348fbfbf2,480,b154ebe0f2ca
openneuro,1668555600_6030b62eca51d90eb1e8abb3fbc235287bd544f3,vitest,1,229,13217, FAIL  packages/openneuro-app/src/scripts/search/__tests__/search-params-ctx.spec.tsx > SearchParamsProvider > edits array fields correctly,acceptable,2026-10-01T12:41:03.072577+00:00,674f8c3f3be20f47,731,
openneuro,1668555600_6030b62eca51d90eb1e8abb3fbc235287bd544f3,vitest,1,230,13362, FAIL  packages/openneuro-app/src/scripts/search/__tests__/search-params-ctx.spec.tsx > SearchParamsProvider > setSearchParams is callable with object argument,acceptable,2026-10-01T12:41:04.423111+00:00,e72a72fddaa9696f,727,
openneuro,1668555600_6030b62eca51d90eb1e8abb3fbc235287bd544f3,vitest,1,231,13518, FAIL  packages/openneuro-app/src/scripts/dataset/mutations/__tests__/deprecate-version.spec.tsx > DeprecateVersion mutation > calls the DEPRECATE_VERSION mutation when clicked and navigates to the snapshot on success,acceptable,2026-10-01T12:41:06.929244+00:00,59df05adfe35b0a7,727,
openneuro,1668555600_6030b62eca51d90eb1e8abb3fbc235287bd544f3,vitest,1,232,13697, FAIL  packages/openneuro-app/src/scripts/search/inputs/__tests__/sort-by-select.spec.tsx > SortBySelect component > displays Newest when parameters are set to default and modality has changed,acceptable,2026-10-01T12:41:07.899814+00:00,39c7eee73a0ceae1,727,
openneuro,1668555600_6030b62eca51d90eb1e8abb3fbc235287bd544f3,vitest,1,233,13990, FAIL  packages/openneuro-app/src/scripts/search/inputs/__tests__/sort-by-select.spec.tsx > SortBySelect component > displays Relevance when any non-modality parameters are set away from default,acceptable,2026-10-01T12:41:08.525771+00:00,00cb876a0ff44817,727,
openneuro,1668555600_6030b62eca51d90eb1e8abb3fbc235287bd544f3,vitest,1,234,14356, FAIL  packages/openneuro-app/src/scripts/search/inputs/__tests__/sort-by-select.spec.tsx > SortBySelect component > displays Relevance with age of participants set,acceptable,2026-10-01T12:41:08.917544+00:00,b7f20cb7564b0edb,727,
openneuro,1668555600_6030b62eca51d90eb1e8abb3fbc235287bd544f3,vitest,1,235,14795, FAIL  packages/openneuro-app/src/scripts/dataset/mutations/__tests__/deprecate-snapshot.spec.tsx > DeprecateVersion mutation > calls the DEPRECATE_VERSION mutation when clicked and navigates to the snapshot on success,acceptable,2026-10-01T12:41:09.580617+00:00,9307d4df3e74b139,727,
openneuro,1668555600_6030b62eca51d90eb1e8abb3fbc235287bd544f3,vitest,1,236,15305, FAIL  packages/openneuro-app/src/scripts/dataset/fragments/__tests__/select-input.spec.tsx > SelectInput > handles boolean values,acceptable,2026-10-01T12:41:10.838602+00:00,0839a12fbb8ab348,727,
openneuro,1668555600_6030b62eca51d90eb1e8abb3fbc235287bd544f3,vitest,1,237,15633, FAIL  packages/openneuro-app/src/scripts/dataset/fragments/__tests__/doi-link.spec.tsx > DoiLink component > Renders usable link with URI DOI value,acceptable,2026-10-01T12:41:11.313039+00:00,6bdb44b413ef5dad,727,
openneuro,1668555600_6030b62eca51d90eb1e8abb3fbc235287bd544f3,vitest,1,238,15874, FAIL  packages/openneuro-app/src/scripts/dataset/fragments/__tests__/doi-link.spec.tsx > DoiLink component > Renders usage link with URL DOI value,acceptable,2026-10-01T12:41:11.764551+00:00,0987b52d0c0186c6,727,
openneuro,1668555600_6030b62eca51d90eb1e8abb3fbc235287bd544f3,vitest,1,239,16121, FAIL  packages/openneuro-app/src/scripts/dataset/fragments/__tests__/doi-link.spec.tsx > DoiLink component > Renders fallback link with invalid DOI value,acceptable,2026-10-01T12:41:13.274216+00:00,f7ed6128c9a4b73a,727,
openneuro,1668555600_6030b62eca51d90eb1e8abb3fbc235287bd544f3,vitest,1,240,16374, FAIL  packages/openneuro-app/src/scripts/dataset/fragments/__tests__/doi-link.spec.tsx > DoiLink component > Renders fallback text if no valid DOI string is found,acceptable,2026-10-01T12:41:13.651473+00:00,a515c932d877a568,727,
openneuro,1668555600_6030b62eca51d90eb1e8abb3fbc235287bd544f3,vitest,1,241,16633, FAIL  packages/openneuro-app/src/scripts/dataset/mutations/__tests__/delete.spec.jsx > DeleteDir mutation > fires the correct mutation,acceptable,2026-10-01T12:41:14.044745+00:00,d2ecc141b018728c,161,
openneuro,1668555600_6030b62eca51d90eb1e8abb3fbc235287bd544f3,vitest,1,242,16947, FAIL  packages/openneuro-components/src/textarea/__tests__/Textarea.spec.tsx > Textarea component > supports inline type,acceptable,2026-10-01T12:41:14.481984+00:00,8731bcea57e8210d,722,
openneuro,1668555600_6030b62eca51d90eb1e8abb3fbc235287bd544f3,vitest,1,243,17218, FAIL  packages/openneuro-components/src/textarea/__tests__/Textarea.spec.tsx > Textarea component > supports float type,acceptable,2026-10-01T12:41:15.040338+00:00,c165310ab3a7e101,722,
openneuro,1668555600_6030b62eca51d90eb1e8abb3fbc235287bd544f3,vitest,1,244,17496, FAIL  packages/openneuro-components/src/textarea/__tests__/Textarea.spec.tsx > Textarea component > supports default type,acceptable,2026-10-01T12:41:15.456299+00:00,36c4e43e45935928,722,
openneuro,1668555600_6030b62eca51d90eb1e8abb3fbc235287bd544f3,vitest,1,245,17781, FAIL  packages/openneuro-app/src/scripts/dataset/files/__tests__/file.spec.jsx > File component > generates correct download links for top level files,acceptable,2026-10-01T12:41:15.912780+00:00,e65749b6ba894fa4,725,
openneuro,1668555600_6030b62eca51d90eb1e8abb3fbc235287bd544f3,vitest,1,246,18040, FAIL  packages/openneuro-app/src/scripts/dataset/files/__tests__/file.spec.jsx > File component > generates correct download links for nested files,acceptable,2026-10-01T12:41:16.370659+00:00,ee0f7c5a6b672415,725,
openneuro,1668555600_6030b62eca51d90eb1e8abb3fbc235287bd544f3,vitest,1,247,18309, FAIL  packages/openneuro-components/src/modal/__tests__/UserLoginModal.spec.tsx > UserLoginModal component > ORCID login link has correctly formed auth URL,acceptable,2026-10-01T12:41:17.238096+00:00,a80dc05310d6a3c3,724,
openneuro,1668555600_6030b62eca51d90eb1e8abb3fbc235287bd544f3,vitest,1,248,18574, FAIL  packages/openneuro-components/src/select/__tests__/SelectGroup.spec.tsx > SelectGroup component > renders options,acceptable,2026-10-01T12:41:18.917513+00:00,bdb7f4cd926783d3,722,
openneuro,1668555600_6030b62eca51d90eb1e8abb3fbc235287bd544f3,vitest,1,249,18589, FAIL  packages/openneuro-components/src/select/__tests__/SelectGroup.spec.tsx > SelectGroup component > is selectable,acceptable,2026-10-01T12:41:19.521717+00:00,9704f2bf86f148cd,722,
openneuro,1668555600_6030b62eca51d90eb1e8abb3fbc235287bd544f3,vitest,1,250,18969, FAIL  packages/openneuro-app/src/scripts/dataset/download/__tests__/download-command-line.spec.jsx > dataset/download > DownloadSampleCommand component > drafts show draft flag,acceptable,2026-10-01T12:41:20.739561+00:00,851ba142fe192be2,725,
openneuro,1668555600_6030b62eca51d90eb1e8abb3fbc235287bd544f3,vitest,1,251,19224, FAIL  packages/openneuro-app/src/scripts/dataset/download/__tests__/download-command-line.spec.jsx > dataset/download > DownloadSampleCommand component > snapshots show snapshot flag,acceptable,2026-10-01T12:41:21.236324+00:00,d05fd9137a1493e0,725,
openneuro,1668555600_6030b62eca51d90eb1e8abb3fbc235287bd544f3,vitest,1,252,19492," FAIL  packages/openneuro-components/src/accordion/__tests__/AccordionTab.spec.tsx > AccordionTab component > displays an icon when accordionStyle = ""fileTree""",acceptable,2026-10-01T12:41:22.432287+00:00,3f711054af07cc93,725,
openneuro,1668555600_6030b62eca51d90eb1e8abb3fbc235287bd544f3,vitest,1,253,19733, FAIL  packages/openneuro-app/src/scripts/dataset/fragments/__tests__/edit-list.spec.jsx > EditList component > calls setElements when an item is added,acceptable,2026-10-01T12:41:22.870654+00:00,266c52f1e4089d9b,727,
openneuro,1668555600_6030b62eca51d90eb1e8abb3fbc235287bd544f3,vitest,1,254,20030," FAIL  packages/openneuro-components/src/dataset/__tests__/DatasetAlert.spec.tsx > DatasetAlert component > sets the correct alert class based on ""level"" prop",acceptable,2026-10-01T12:41:24.082104+00:00,99c39f034743e58c,519,
openneuro,1668555600_6030b62eca51d90eb1e8abb3fbc235287bd544f3,vitest,1,255,20375, FAIL  packages/openneuro-app/src/scripts/dataset/comments/__tests__/comment.spec.jsx > Comment component > renders with an empty comment,acceptable,2026-10-01T12:41:24.976143+00:00,cf0d7935f512554c,727,
openneuro,1668555600_6030b62eca51d90eb1e8abb3fbc235287bd544f3,vitest,1,256,20415, FAIL  packages/openneuro-components/src/logo/__tests__/Logo.spec.tsx > Logo component > renders dark/horizontal,acceptable,2026-10-01T12:41:29.772408+00:00,67bb7a3163a715c3,725,
openneuro,1668555600_6030b62eca51d90eb1e8abb3fbc235287bd544f3,vitest,1,257,21170, FAIL  packages/openneuro-components/src/logo/__tests__/Logo.spec.tsx > Logo component > renders light/horizontal,acceptable,2026-10-01T12:41:29.774919+00:00,fa5421ecbd285a9e,725,06cc814c916a
openneuro,1668555600_6030b62eca51d90eb1e8abb3fbc235287bd544f3,vitest,1,258,21931, FAIL  packages/openneuro-components/src/logo/__tests__/Logo.spec.tsx > Logo component > renders dark/vertical,acceptable,2026-10-01T12:41:29.776475+00:00,d21e2815b660d058,725,06cc814c916a
openneuro,1668555600_6030b62eca51d90eb1e8abb3fbc235287bd544f3,vitest,1,259,22698, FAIL  packages/openneuro-components/src/logo/__tests__/Logo.spec.tsx > Logo component > renders light/vertical,acceptable,2026-10-01T12:41:29.778143+00:00,e3c94d77b6387445,725,06cc814c916a
openneuro,1668555600_6030b62eca51d90eb1e8abb3fbc235287bd544f3,vitest,1,260,23471, FAIL  packages/openneuro-components/src/button/__tests__/Button.spec.tsx > Button component > is not clickable while disabled,acceptable,2026-10-01T12:41:56.331551+00:00,a87f59fb91c95c5e,727,06cc814c916a
openneuro,1668555600_6030b62eca51d90eb1e8abb3fbc235287bd544f3,vitest,1,261,23719, FAIL  packages/openneuro-components/src/dataset/__tests__/DatasetHeaders.spec.tsx > DatasetHeader component > renders with an undefined modality,acceptable,2026-10-01T12:41:56.335678+00:00,0a3c3c62281434d3,519,06cc814c916a
openneuro,1668555600_6030b62eca51d90eb1e8abb3fbc235287bd544f3,vitest,1,262,24475, FAIL  packages/openneuro-components/src/loading/__tests__/Loading.spec.tsx > Loading component > loading animation is labeled alert and aria-busy,acceptable,2026-10-01T12:41:56.341937+00:00,0f53ede8cfad37b0,725,06cc814c916a
openneuro,1668555600_6030b62eca51d90eb1e8abb3fbc235287bd544f3,vitest,1,263,24849," FAIL  packages/openneuro-components/src/icon/__tests__/Icon.spec.tsx > Icon component > provides ""img"" role",acceptable,2026-10-01T12:41:56.346647+00:00,556892fc9d7bafac,725,06cc814c916a
openneuro,1668619242_3a42bfbcfd2e6e313757b8d4a6fb9c8e0820b1d7,vitest,1,264,19687, FAIL  packages/openneuro-app/src/scripts/common/containers/__tests__/header.spec.tsx > HeaderContainer component > navigates prepopulated search when you use the home page search box,acceptable,2026-10-01T12:41:56.352112+00:00,2eaf228eea6eef12,725,06cc814c916a
openneuro,1668620782_33379eed9460743a7c6f67fec0fbd15917a1d55a,vitest,1,265,12313, FAIL  packages/openneuro-components/src/textarea/__tests__/Textarea.spec.tsx [ packages/openneuro-components/src/textarea/__tests__/Textarea.spec.tsx ],problematic,2026-10-01T12:41:56.358352+00:00,1551d2e581a78613,3,b154ebe0f2ca
openneuro,1668620782_33379eed9460743a7c6f67fec0fbd15917a1d55a,vitest,1,266,12371, FAIL  packages/openneuro-server/src/utils/__tests__/datasetOrSnapshot.spec.ts [ packages/openneuro-server/src/utils/__tests__/datasetOrSnapshot.spec.ts ],problematic,2026-10-01T12:42:04.080061+00:00,6b8e4924d7b3846e,3,
openneuro,1668620782_33379eed9460743a7c6f67fec0fbd15917a1d55a,vitest,1,267,12379, FAIL  packages/openneuro-components/src/select/__tests__/SelectGroup.spec.tsx [ packages/openneuro-components/src/select/__tests__/SelectGroup.spec.tsx ],problematic,2026-10-01T12:42:04.082522+00:00,481b67cc5e2cb719,3,b154ebe0f2ca
openneuro,1668620782_33379eed9460743a7c6f67fec0fbd15917a1d55a,vitest,1,268,12387, FAIL  packages/openneuro-server/src/models/__tests__/ingestDataset.spec.ts [ packages/openneuro-server/src/models/__tests__/ingestDataset.spec.ts ],problematic,2026-10-01T12:42:04.084146+00:00,722c83c6c6b8fb4d,3,b154ebe0f2ca
openneuro,1668620782_33379eed9460743a7c6f67fec0fbd15917a1d55a,vitest,1,269,12403, FAIL  packages/openneuro-components/src/range/__tests__/TwoHandleRange.spec.tsx [ packages/openneuro-components/src/range/__tests__/TwoHandleRange.spec.tsx ],problematic,2026-10-01T12:42:13.538657+00:00,7338b86803c4b0ff,3,ef02c9c86982
openneuro,1668620782_33379eed9460743a7c6f67fec0fbd15917a1d55a,vitest,1,270,12411, FAIL  packages/openneuro-components/src/radio/__tests__/RadioGroup.spec.tsx [ packages/openneuro-components/src/radio/__tests__/RadioGroup.spec.tsx ],problematic,2026-10-01T12:42:13.543291+00:00,29d38f29956f7adf,3,ef02c9c86982
openneuro,1668620782_33379eed9460743a7c6f67fec0fbd15917a1d55a,vitest,1,271,12419, FAIL  packages/openneuro-server/src/graphql/resolvers/__tests__/brainlife.spec.ts [ packages/openneuro-server/src/graphql/resolvers/__tests__/brainlife.spec.ts ],problematic,2026-10-01T12:42:13.548930+00:00,8e79c0b5793b7ae2,3,b154ebe0f2ca
openneuro,1668620782_33379eed9460743a7c6f67fec0fbd15917a1d55a,vitest,1,272,12440, FAIL  packages/openneuro-server/src/libs/email/__tests__/index.spec.ts [ packages/openneuro-server/src/libs/email/__tests__/index.spec.ts ],problematic,2026-10-01T12:42:13.552585+00:00,b7b55814ceb21fe4,3,b154ebe0f2ca
openneuro,1668620782_33379eed9460743a7c6f67fec0fbd15917a1d55a,vitest,1,273,12448, FAIL  packages/openneuro-server/src/libs/__tests__/apikey.spec.js [ packages/openneuro-server/src/libs/__tests__/apikey.spec.js ],problematic,2026-10-01T12:42:13.556232+00:00,3b4abc7f076ff490,3,b154ebe0f2ca
openneuro,1668620782_33379eed9460743a7c6f67fec0fbd15917a1d55a,vitest,1,274,12482, FAIL  packages/openneuro-server/src/libs/email/templates/__tests__/snapshot-created.spec.ts [ packages/openneuro-server/src/libs/email/templates/__tests__/snapshot-created.spec.ts ],problematic,2026-10-01T12:42:13.559958+00:00,70482792319f2912,3,ef02c9c86982
openneuro,1668620782_33379eed9460743a7c6f67fec0fbd15917a1d55a,vitest,1,275,12490, FAIL  packages/openneuro-server/src/libs/email/templates/__tests__/snapshot-reminder.spec.ts [ packages/openneuro-server/src/libs/email/templates/__tests__/snapshot-reminder.spec.ts ],problematic,2026-10-01T12:42:13.563592+00:00,6fd64bd7a39b97f5,3,b154ebe0f2ca
openneuro,1668620782_33379eed9460743a7c6f67fec0fbd15917a1d55a,vitest,1,276,12511, FAIL  packages/openneuro-server/src/libs/email/templates/__tests__/owner-unsubscribed.spec.ts [ packages/openneuro-server/src/libs/email/templates/__tests__/owner-unsubscribed.spec.ts ],problematic,2026-10-01T12:42:13.567375+00:00,143c84912dd51d96,3,ef02c9c86982
openneuro,1668620782_33379eed9460743a7c6f67fec0fbd15917a1d55a,vitest,1,277,12521, FAIL  packages/openneuro-app/src/scripts/dataset/files/__tests__/file-tree.spec.jsx > FileTree component > renders with default props,acceptable,2026-10-01T12:42:46.730817+00:00,a7a25f23153542f6,363,
openneuro,1668620782_33379eed9460743a7c6f67fec0fbd15917a1d55a,vitest,1,278,12535, FAIL  packages/openneuro-app/src/scripts/dataset/mutations/__tests__/description.spec.jsx > UpdateDescription mutation > renders with common props,acceptable,2026-10-01T12:42:46.736142+00:00,5616fb200ad39efa,359,e805ac2984ff
openneuro,1668620782_33379eed9460743a7c6f67fec0fbd15917a1d55a,vitest,1,279,12850, FAIL  packages/openneuro-app/src/scripts/dataset/mutations/__tests__/deprecate-version.spec.tsx > DeprecateVersion mutation > renders with typical props,acceptable,2026-10-01T12:42:46.740100+00:00,c2e5f71e75fbaf64,359,e805ac2984ff
openneuro,1668620782_33379eed9460743a7c6f67fec0fbd15917a1d55a,vitest,1,280,14141, FAIL  packages/openneuro-app/src/scripts/dataset/mutations/__tests__/deprecate-snapshot.spec.tsx > DeprecateVersion mutation > renders with typical props,acceptable,2026-10-01T12:42:46.743986+00:00,5f65c6dc1bd30f21,359,e805ac2984ff
openneuro,1668620782_33379eed9460743a7c6f67fec0fbd15917a1d55a,vitest,1,281,14634, FAIL  packages/openneuro-app/src/scripts/dataset/fragments/__tests__/select-input.spec.tsx > SelectInput > handles display as disabled,acceptable,2026-10-01T12:42:46.748097+00:00,9a66ef4ff2a63ea8,359,e805ac2984ff
openneuro,1668620782_33379eed9460743a7c6f67fec0fbd15917a1d55a,vitest,1,282,14648, FAIL  packages/openneuro-app/src/scripts/dataset/fragments/__tests__/select-input.spec.tsx > SelectInput > handles display as not disabled,acceptable,2026-10-01T12:42:46.753441+00:00,1c60bd04da69972e,359,e805ac2984ff
openneuro,1668620782_33379eed9460743a7c6f67fec0fbd15917a1d55a,vitest,1,283,14662, FAIL  packages/openneuro-app/src/scripts/dataset/fragments/__tests__/select-input.spec.tsx > SelectInput > handles boolean display,acceptable,2026-10-01T12:42:46.757276+00:00,b8fd5c07d7d57e77,359,e805ac2984ff
openneuro,1668620782_33379eed9460743a7c6f67fec0fbd15917a1d55a,vitest,1,284,16004, FAIL  packages/openneuro-app/src/scripts/datalad/subscriptions/__tests__/files-subscription.spec.jsx > FilesSubscription > renders with common props,acceptable,2026-10-01T12:42:46.762496+00:00,1f6bc23ca703159e,359,e805ac2984ff
openneuro,1668620782_33379eed9460743a7c6f67fec0fbd15917a1d55a,vitest,1,285,16018, FAIL  packages/openneuro-app/src/scripts/dataset/mutations/__tests__/delete.spec.jsx > DeleteDataset mutation > renders with common props,acceptable,2026-10-01T12:42:46.767042+00:00,6308dbb36f17dd0f,359,e805ac2984ff
openneuro,1668620782_33379eed9460743a7c6f67fec0fbd15917a1d55a,vitest,1,286,16032, FAIL  packages/openneuro-app/src/scripts/dataset/mutations/__tests__/delete.spec.jsx > DeleteDir mutation > renders with common props,acceptable,2026-10-01T12:42:46.770443+00:00,df5c1d2588651d49,158,e805ac2984ff
openneuro,1668620782_33379eed9460743a7c6f67fec0fbd15917a1d55a,vitest,1,287,16360, FAIL  packages/openneuro-cli/src/__tests__/config.spec.js > config.js > should find a config file if one exists,problematic,2026-10-01T12:42:54.619522+00:00,ea5b6da83d547607,3,
openneuro,1668620782_33379eed9460743a7c6f67fec0fbd15917a1d55a,vitest,1,288,16379, FAIL  packages/openneuro-cli/src/__tests__/config.spec.js > config.js > saves a configuration in the right location,problematic,2026-10-01T12:42:54.625009+00:00,c0c7818b47642611,3,bbc2a676e27f
openneuro,1668620782_33379eed9460743a7c6f67fec0fbd15917a1d55a,vitest,1,289,16399, FAIL  packages/openneuro-cli/src/__tests__/config.spec.js > config.js > getToken > should return a token if one is configured,problematic,2026-10-01T12:42:54.629041+00:00,2f68784bc6d30541,3,bbc2a676e27f
openneuro,1668620782_33379eed9460743a7c6f67fec0fbd15917a1d55a,vitest,1,290,16418, FAIL  packages/openneuro-cli/src/__tests__/config.spec.js > config.js > getToken > should throw an error if one is not configured,problematic,2026-10-01T12:42:54.633272+00:00,9c6925a207b2b729,3,bbc2a676e27f
openneuro,1668620782_33379eed9460743a7c6f67fec0fbd15917a1d55a,vitest,1,291,16437, FAIL  packages/openneuro-app/src/scripts/dataset/files/__tests__/file.spec.jsx > File component > renders with common props,acceptable,2026-10-01T12:42:54.637380+00:00,d0cb8b0d7e8cedea,361,e805ac2984ff
openneuro,1668620782_33379eed9460743a7c6f67fec0fbd15917a1d55a,vitest,1,292,16451, FAIL  packages/openneuro-app/src/scripts/dataset/files/__tests__/file.spec.jsx > File component > renders for dataset snapshots,acceptable,2026-10-01T12:42:54.641290+00:00,678e36c53756ce16,359,e805ac2984ff
openneuro,1668620782_33379eed9460743a7c6f67fec0fbd15917a1d55a,vitest,1,293,17265, FAIL  packages/openneuro-app/src/scripts/dataset/download/__tests__/download-command-line.spec.jsx > dataset/download > DownloadSampleCommand component > renders successfully,acceptable,2026-10-01T12:42:54.645519+00:00,c7b4291644569a3c,359,e805ac2984ff
openneuro,1668620782_33379eed9460743a7c6f67fec0fbd15917a1d55a,vitest,1,294,17802, FAIL  packages/openneuro-app/src/scripts/dataset/comments/__tests__/comments.spec.jsx > Comments component > renders one top level comment,acceptable,2026-10-01T12:42:54.649691+00:00,5577dff34a5d818a,359,e805ac2984ff
openneuro,1668620782_33379eed9460743a7c6f67fec0fbd15917a1d55a,vitest,1,295,17816, FAIL  packages/openneuro-app/src/scripts/dataset/comments/__tests__/comments.spec.jsx > Comments component > recursively renders a tree of comments,acceptable,2026-10-01T12:42:54.653709+00:00,17188df15a07d87b,359,e805ac2984ff
openneuro,1668620782_33379eed9460743a7c6f67fec0fbd15917a1d55a,vitest,1,296,18071, FAIL  packages/openneuro-app/src/scripts/dataset/fragments/__tests__/edit-list.spec.jsx > EditList component > renders with default props,acceptable,2026-10-01T12:42:54.657946+00:00,82364be14d67cade,359,e805ac2984ff
openneuro,1668620782_33379eed9460743a7c6f67fec0fbd15917a1d55a,vitest,1,297,18369, FAIL  packages/openneuro-app/src/scripts/dataset/__tests__/snapshot-container.spec.tsx > SnapshotContainer component > renders successfully,acceptable,2026-10-01T12:42:54.662148+00:00,db63ab49d53b5171,428,e805ac2984ff
openneuro,1668620782_33379eed9460743a7c6f67fec0fbd15917a1d55a,vitest,1,298,18383, FAIL  packages/openneuro-app/src/scripts/dataset/__tests__/snapshot-container.spec.tsx > SnapshotContainer component > includes JSON-LD data in the header,acceptable,2026-10-01T12:42:54.665041+00:00,429d817fe41bb00e,359,e805ac2984ff
openneuro,1668620782_33379eed9460743a7c6f67fec0fbd15917a1d55a,vitest,1,299,18756, FAIL  packages/openneuro-app/src/scripts/dataset/mutations/__tests__/update-permissions.spec.jsx > UpdateDatasetPermissions mutation > renders with default props,acceptable,2026-10-01T12:42:54.667939+00:00,dcff618bb879367c,359,e805ac2984ff
openneuro,1668620782_33379eed9460743a7c6f67fec0fbd15917a1d55a,vitest,1,300,18770, FAIL  packages/openneuro-app/src/scripts/dataset/mutations/__tests__/update-permissions.spec.jsx > UpdateDatasetPermissions mutation > renders with typical props,acceptable,2026-10-01T12:42:54.670772+00:00,f749372a32a1e689,359,e805ac2984ff
openneuro,1668620782_33379eed9460743a7c6f67fec0fbd15917a1d55a,vitest,1,301,22064, FAIL  packages/openneuro-server/src/libs/doi/__tests__/doi.spec.js > DOI minting utils > template() > accepts expected arguments,acceptable,2026-10-01T12:42:54.674419+00:00,2ba38e85f3bfa5cd,359,e805ac2984ff
openneuro,1668620782_33379eed9460743a7c6f67fec0fbd15917a1d55a,vitest,1,302,22078, FAIL  packages/openneuro-app/src/scripts/dataset/download/__tests__/download-link.spec.jsx > dataset/download/DownloadLink > renders successfully,acceptable,2026-10-01T12:42:54.677605+00:00,65a422682020ce62,359,e805ac2984ff
openneuro,1668620782_33379eed9460743a7c6f67fec0fbd15917a1d55a,vitest,1,303,22923, FAIL  packages/openneuro-app/src/scripts/dataset/files/viewers/__tests__/file-viewer-json.spec.jsx > File Viewer - JSON > renders with valid JSON,acceptable,2026-10-01T12:42:54.680476+00:00,00cacfdcfb9b2da8,359,e805ac2984ff
openneuro,1668620782_33379eed9460743a7c6f67fec0fbd15917a1d55a,vitest,1,304,22937, FAIL  packages/openneuro-app/src/scripts/dataset/files/viewers/__tests__/file-viewer-json.spec.jsx > File Viewer - JSON > renders with invalid JSON,acceptable,2026-10-01T12:42:54.683294+00:00,d495ee5bbcc567e0,359,e805ac2984ff
openneuro,1668620782_33379eed9460743a7c6f67fec0fbd15917a1d55a,vitest,1,305,22951, FAIL  packages/openneuro-cli/src/__tests__/download.spec.js > download.js > checkDestination() > throws an error on existing directories,acceptable,2026-10-01T12:42:54.686111+00:00,27b956c0de986cf5,359,e805ac2984ff
openneuro,1668620782_33379eed9460743a7c6f67fec0fbd15917a1d55a,vitest,1,306,22959, FAIL  packages/openneuro-app/src/scripts/common/forms/__tests__/warn-button.spec.jsx > common/forms/WarnButton > renders successfully,acceptable,2026-10-01T12:42:54.688946+00:00,f0ed5bf16e671c6e,359,e805ac2984ff
openneuro,1668620782_33379eed9460743a7c6f67fec0fbd15917a1d55a,vitest,1,307,22973, FAIL  packages/openneuro-app/src/scripts/common/forms/__tests__/warn-button.spec.jsx > common/forms/WarnButton > renders with warnings disable,acceptable,2026-10-01T12:42:54.691557+00:00,fe8caea28b017430,359,e805ac2984ff
openneuro,1668620782_33379eed9460743a7c6f67fec0fbd15917a1d55a,vitest,1,308,24136, FAIL  packages/openneuro-app/src/scripts/dataset/fragments/__tests__/cancel-button.spec.tsx > CancelButton component > renders with default props,acceptable,2026-10-01T12:42:54.693194+00:00,9dd56a1f06f5c936,359,e805ac2984ff
openneuro,1668620782_33379eed9460743a7c6f67fec0fbd15917a1d55a,vitest,1,309,24150, FAIL  packages/openneuro-app/src/scripts/dataset/fragments/__tests__/edit-button.spec.tsx > EditButton component > renders with default props,acceptable,2026-10-01T12:42:54.694820+00:00,f0ef41ece6c46e61,359,e805ac2984ff
openneuro,1668620782_33379eed9460743a7c6f67fec0fbd15917a1d55a,vitest,1,310,24164, FAIL  packages/openneuro-app/src/scripts/dataset/fragments/__tests__/save-button.spec.tsx > SaveButton component > renders with default props,acceptable,2026-10-01T12:42:54.696496+00:00,55456ce2a8114903,359,e805ac2984ff
openneuro,1668620782_33379eed9460743a7c6f67fec0fbd15917a1d55a,vitest,1,311,24178, FAIL  packages/openneuro-app/src/scripts/dataset/download/__tests__/shell-example.spec.jsx > dataset/download/ShellExample > renders successfully,acceptable,2026-10-01T12:42:54.698257+00:00,9f99555521bc9b75,359,e805ac2984ff
openneuro,1668620782_33379eed9460743a7c6f67fec0fbd15917a1d55a,vitest,1,312,24192, FAIL  packages/openneuro-app/src/scripts/pages/faq/__tests__/faq.spec.jsx > faq/faq/Faq > renders successfully,acceptable,2026-10-01T12:42:54.699992+00:00,dbebdd96b1b2a824,307,e805ac2984ff
openneuro,1668626286_0a5a9b104dfe83a275b898d8d3e6ce8da70c5e8d,vitest,1,313,25904, FAIL  packages/openneuro-server/src/libs/email/templates/__tests__/comment-created.spec.ts > email template -> comment created > renders with expected arguments,acceptable,2026-10-01T12:42:54.701647+00:00,1c6634fcc331dcc9,356,e805ac2984ff
openneuro,1668626286_0a5a9b104dfe83a275b898d8d3e6ce8da70c5e8d,vitest,1,314,25946, FAIL  packages/openneuro-server/src/libs/email/templates/__tests__/snapshot-created.spec.ts > email template -> comment created > renders with expected arguments,acceptable,2026-10-01T12:42:54.703316+00:00,f78e9933e25207e9,356,e805ac2984ff
openneuro,1668626286_0a5a9b104dfe83a275b898d8d3e6ce8da70c5e8d,vitest,1,315,26334, FAIL  packages/openneuro-server/src/libs/email/templates/__tests__/snapshot-reminder.spec.ts > email template -> comment created > renders with expected arguments,acceptable,2026-10-01T12:42:54.705564+00:00,817e21fe77d1ee5f,356,e805ac2984ff
openneuro,1668626286_0a5a9b104dfe83a275b898d8d3e6ce8da70c5e8d,vitest,1,316,27135, FAIL  packages/openneuro-server/src/libs/email/templates/__tests__/owner-unsubscribed.spec.ts > email template -> comment created > renders with expected arguments,acceptable,2026-10-01T12:42:54.707389+00:00,9d211fe845c734d9,356,e805ac2984ff
openneuro,1668626286_0a5a9b104dfe83a275b898d8d3e6ce8da70c5e8d,vitest,1,317,27149, FAIL  packages/openneuro-server/src/libs/email/templates/__tests__/dataset-deleted.spec.ts > email template -> comment created > renders with expected arguments,acceptable,2026-10-01T12:42:54.709160+00:00,c01000c603118873,356,e805ac2984ff
openneuro,1671129233_59d0e37f225f92375bce75f5b6b098e9ec04a2b1,vitest,1,318,18042, FAIL  packages/openneuro-app/src/scripts/dataset/comments/__tests__/comment.spec.jsx > Comment component > renders an ORCID user comment,acceptable,2026-10-01T12:42:54.710881+00:00,993d6efa734b0b16,566,e805ac2984ff
openneuro,1673547653_7ebc2ae4508286e7c49eb6fe38460a2ab780cf59,vitest,1,319,16889, FAIL  packages/openneuro-client/src/__tests__/uploads.spec.js > upload implementation > uploadParallelism() > returns a maxium of 16,acceptable,2026-10-01T12:42:57.858616+00:00,6b2a8f0450ba1e9c,1,
openneuro,1680803683_d3a8f7324290f49884b1f416a782fe2401e74021,vitest,1,320,12911, FAIL  packages/openneuro-server/src/graphql/resolvers/__tests__/dataset.spec.js [ packages/openneuro-server/src/graphql/resolvers/__tests__/dataset.spec.js ],problematic,2026-10-01T12:43:00.585400+00:00,e24abe91a3c040fa,7,
openneuro,1684438077_d38b51e97244bbc9d4fb63adf41abb5ecadeeca2,vitest,1,321,12589, FAIL  packages/openneuro-server/src/datalad/__tests__/changelog.spec.js [ packages/openneuro-server/src/datalad/__tests__/changelog.spec.js ],problematic,2026-10-01T12:43:00.589159+00:00,32be8881d98250ce,112,b154ebe0f2ca
openneuro,1689799382_cce3ea0a03af101941750fa54859f47189ac2b99,vitest,1,322,24985, FAIL  packages/openneuro-app/src/scripts/components/__tests__/data-table.spec.tsx > DataTable component > renders a basic table,acceptable,2026-10-01T12:43:00.592241+00:00,536e8a42451c53f2,27,e805ac2984ff
openneuro,1689808448_8c6e680db792d1261eb7c6e205d5b71974755811,vitest,1,323,11845,Error: Uncaught [TypeError: Cannot read properties of undefined (reading 'includes')],acceptable,2026-10-01T12:43:03.364162+00:00,78de1c777749695d,1,
openneuro,1690207555_f992247be275b2ec4eb1f3fea9c0c1e5a083324a,vitest,1,324,25907, FAIL  packages/openneuro-app/src/scripts/utils/__tests__/csv.spec.ts > utils/csv > converts to a valid CSV,acceptable,2026-10-01T12:43:06.938942+00:00,46917396c68328d6,2,
openneuro,1690493484_3c5c32ce27a83f82ef5772ed9c9603ec403cf57e,vitest,1,325,12748, FAIL  packages/openneuro-client/src/__tests__/datasets.spec.js [ packages/openneuro-client/src/__tests__/datasets.spec.js ],problematic,2026-10-01T12:43:11.828689+00:00,61389f1243b05a9e,7,
openneuro,1694203995_6ec69721b20d0cb2245788f525a1bf3107f37d9c,vitest,1,326,5329, FAIL  packages/openneuro-components/src/accordion/__tests__/AccordionTab.spec.tsx [ packages/openneuro-components/src/accordion/__tests__/AccordionTab.spec.tsx ],acceptable,2026-10-01T12:43:13.906724+00:00,84c4464f7fb0c326,2,
openneuro,1694203995_6ec69721b20d0cb2245788f525a1bf3107f37d9c,vitest,1,327,5335, FAIL  packages/openneuro-components/src/logo/__tests__/Logo.spec.tsx [ packages/openneuro-components/src/logo/__tests__/Logo.spec.tsx ],acceptable,2026-10-01T12:43:14.966268+00:00,176802747a7057fb,2,
openneuro,1694203995_6ec69721b20d0cb2245788f525a1bf3107f37d9c,vitest,1,328,5341, FAIL  packages/openneuro-components/src/textarea/__tests__/Textarea.spec.tsx [ packages/openneuro-components/src/textarea/__tests__/Textarea.spec.tsx ],acceptable,2026-10-01T12:43:15.536638+00:00,e808e6fd0627f54f,1,
openneuro,1694469704_2b20238b508916694c0010254a6eab14765be6b2,vitest,1,329,5340, FAIL  packages/openneuro-components/src/textarea/__tests__/Textarea.spec.tsx [ packages/openneuro-components/src/textarea/__tests__/Textarea.spec.tsx ],acceptable,2026-10-01T12:43:16.097725+00:00,1275e7ab792972ad,1,
openneuro,1697132229_5557f9a0b6cf45546fe991b009c29be10f2fbc98,vitest,1,330,20158, FAIL  cli/src/commands/git-credential.test.ts [ cli/src/commands/git-credential.test.ts ],problematic,2026-10-01T12:43:16.102725+00:00,ddc6a92f20d32a32,1,b154ebe0f2ca
openneuro,1697132229_5557f9a0b6cf45546fe991b009c29be10f2fbc98,vitest,1,331,20165, FAIL  packages/openneuro-server/src/datalad/__tests__/changelog.spec.ts [ packages/openneuro-server/src/datalad/__tests__/changelog.spec.ts ],problematic,2026-10-01T12:43:16.107091+00:00,e038c47c6ac0058a,247,b154ebe0f2ca
openneuro,1697132229_5557f9a0b6cf45546fe991b009c29be10f2fbc98,vitest,1,332,20183, FAIL  packages/openneuro-server/src/datalad/__tests__/dataset.spec.ts [ packages/openneuro-server/src/datalad/__tests__/dataset.spec.ts ],problematic,2026-10-01T12:43:16.111400+00:00,6701a5df7deedb8d,247,b154ebe0f2ca
openneuro,1697132229_5557f9a0b6cf45546fe991b009c29be10f2fbc98,vitest,1,333,20199, FAIL  packages/openneuro-server/src/datalad/__tests__/pagination.spec.ts [ packages/openneuro-server/src/datalad/__tests__/pagination.spec.ts ],problematic,2026-10-01T12:43:16.117452+00:00,c780ab2a2a75f771,247,b154ebe0f2ca
openneuro,1697132229_5557f9a0b6cf45546fe991b009c29be10f2fbc98,vitest,1,334,20214, FAIL  packages/openneuro-server/src/graphql/__tests__/comment.spec.ts [ packages/openneuro-server/src/graphql/__tests__/comment.spec.ts ],problematic,2026-10-01T12:43:16.121888+00:00,6fe75536a97129f6,244,b154ebe0f2ca
openneuro,1697132229_5557f9a0b6cf45546fe991b009c29be10f2fbc98,vitest,1,335,20229, FAIL  packages/openneuro-server/src/graphql/__tests__/permissions.spec.ts [ packages/openneuro-server/src/graphql/__tests__/permissions.spec.ts ],problematic,2026-10-01T12:43:16.126226+00:00,61f0844d28b39c45,244,b154ebe0f2ca
openneuro,1697132229_5557f9a0b6cf45546fe991b009c29be10f2fbc98,vitest,1,336,20244, FAIL  packages/openneuro-server/src/handlers/__tests__/tusd.spec.ts [ packages/openneuro-server/src/handlers/__tests__/tusd.spec.ts ],problematic,2026-10-01T12:43:16.130611+00:00,cf91ce4f982a6f8a,33,b154ebe0f2ca
openneuro,1697132229_5557f9a0b6cf45546fe991b009c29be10f2fbc98,vitest,1,337,20259, FAIL  packages/openneuro-server/src/libs/__tests__/apikey.spec.ts [ packages/openneuro-server/src/libs/__tests__/apikey.spec.ts ],problematic,2026-10-01T12:43:16.137417+00:00,218f93c9407bfa88,248,b154ebe0f2ca
openneuro,1697132229_5557f9a0b6cf45546fe991b009c29be10f2fbc98,vitest,1,338,20274, FAIL  packages/openneuro-server/src/libs/__tests__/dataset.spec.ts [ packages/openneuro-server/src/libs/__tests__/dataset.spec.ts ],problematic,2026-10-01T12:43:16.141912+00:00,6a530a3b38613499,247,b154ebe0f2ca
openneuro,1697132229_5557f9a0b6cf45546fe991b009c29be10f2fbc98,vitest,1,339,20318, FAIL  packages/openneuro-server/src/graphql/resolvers/__tests__/permssions.spec.ts [ packages/openneuro-server/src/graphql/resolvers/__tests__/permssions.spec.ts ],problematic,2026-10-01T12:43:16.144985+00:00,59782e1cb8b0c1b3,244,b154ebe0f2ca
openneuro,1697132229_5557f9a0b6cf45546fe991b009c29be10f2fbc98,vitest,1,340,20333, FAIL  packages/openneuro-server/src/graphql/resolvers/__tests__/user.spec.ts [ packages/openneuro-server/src/graphql/resolvers/__tests__/user.spec.ts ],problematic,2026-10-01T12:43:16.148101+00:00,3eed2b3027e8791e,244,b154ebe0f2ca
openneuro,1697132229_5557f9a0b6cf45546fe991b009c29be10f2fbc98,vitest,1,341,20348, FAIL  packages/openneuro-server/src/libs/authentication/__tests__/jwt.spec.ts [ packages/openneuro-server/src/libs/authentication/__tests__/jwt.spec.ts ],problematic,2026-10-01T12:43:16.151137+00:00,782acb06d0fd6c97,244,b154ebe0f2ca
openneuro,1697132229_5557f9a0b6cf45546fe991b009c29be10f2fbc98,vitest,1,342,26919, FAIL  packages/openneuro-components/src/radio/__tests__/RadioGroup.spec.tsx > RadioGroup component > has selectable options,acceptable,2026-10-01T12:43:16.154303+00:00,2f2bfe6a6c9be3e3,154,06cc814c916a
openneuro,1697132229_5557f9a0b6cf45546fe991b009c29be10f2fbc98,vitest,1,343,27184, FAIL  packages/openneuro-components/src/search-page/__tests__/NuerobagelSearch.spec.tsx > NeurobagelSearch component > ? toggle can be clicked,acceptable,2026-10-01T12:43:16.157793+00:00,8b50aa78b3acf36f,97,06cc814c916a
openneuro,1697132229_5557f9a0b6cf45546fe991b009c29be10f2fbc98,vitest,1,344,29068, FAIL  packages/openneuro-app/src/scripts/components/__tests__/agreement.spec.tsx > Agreement component > Accepting the agreement sets the 'agreement' property in localStorage,acceptable,2026-10-01T12:43:16.160995+00:00,67b66343c95d4716,205,06cc814c916a
openneuro,1697132229_5557f9a0b6cf45546fe991b009c29be10f2fbc98,vitest,1,345,30571," FAIL  packages/openneuro-app/src/scripts/dataset/components/__tests__/DatasetAlert.spec.tsx > DatasetAlert component > sets the correct alert class based on ""level"" prop",acceptable,2026-10-01T12:43:16.176422+00:00,fd25a58b6902db41,206,06cc814c916a
openneuro,1697132229_5557f9a0b6cf45546fe991b009c29be10f2fbc98,vitest,1,346,30913, FAIL  packages/openneuro-app/src/scripts/dataset/components/__tests__/DatasetHeaders.spec.tsx > DatasetHeader component > renders with an undefined modality,acceptable,2026-10-01T12:43:16.179717+00:00,5694386d2b1838f5,212,06cc814c916a
openneuro,1697132229_5557f9a0b6cf45546fe991b009c29be10f2fbc98,vitest,1,347,31829, FAIL  packages/openneuro-app/src/scripts/dataset/components/__tests__/DatasetTools.spec.tsx > DatasetTools component > provides expected tools for a snapshot (admin),acceptable,2026-10-01T12:43:16.182873+00:00,1e509b66bfad8292,206,06cc814c916a
openneuro,1697132229_5557f9a0b6cf45546fe991b009c29be10f2fbc98,vitest,1,348,32178, FAIL  packages/openneuro-app/src/scripts/dataset/components/__tests__/DatasetTools.spec.tsx > DatasetTools component > provides expected tools for a draft (read only),acceptable,2026-10-01T12:43:16.186261+00:00,7b22daf5f2bdd4b6,206,06cc814c916a
openneuro,1697132229_5557f9a0b6cf45546fe991b009c29be10f2fbc98,vitest,1,349,32617, FAIL  packages/openneuro-app/src/scripts/dataset/components/__tests__/DatasetTools.spec.tsx > DatasetTools component > provides expected tools for a snapshot (read only),acceptable,2026-10-01T12:43:16.189427+00:00,62513ea9ccadb206,206,06cc814c916a
openneuro,1697132229_5557f9a0b6cf45546fe991b009c29be10f2fbc98,vitest,1,350,33146, FAIL  packages/openneuro-app/src/scripts/dataset/components/__tests__/DatasetTools.spec.tsx > DatasetTools component > links to draft page when snapshotId is undefined,acceptable,2026-10-01T12:43:16.193089+00:00,17615eb70a823352,206,06cc814c916a
openneuro,1697132229_5557f9a0b6cf45546fe991b009c29be10f2fbc98,vitest,1,351,33765, FAIL  packages/openneuro-app/src/scripts/dataset/components/__tests__/DatasetTools.spec.tsx > DatasetTools component > links to snapshot page when snapshotId is defined,acceptable,2026-10-01T12:43:16.196451+00:00,15be30e583200333,206,06cc814c916a
openneuro,1697132229_5557f9a0b6cf45546fe991b009c29be10f2fbc98,vitest,1,352,38989, FAIL  packages/openneuro-app/src/scripts/dataset/fragments/__tests__/doi-link.spec.tsx > DoiLink component > Renders usable link with raw DOI value,acceptable,2026-10-01T12:43:16.199806+00:00,8473b4c3f500598a,206,06cc814c916a
openneuro,1698436608_f0480bbee74e829fe64d231868bc91a574031d2b,vitest,1,353,20216, FAIL  packages/openneuro-server/src/datalad/__tests__/files.spec.js > datalad files > fileUrl() > returns a working URL,acceptable,2026-10-01T12:43:18.659398+00:00,3c773e90962d892b,7,
openneuro,1698436608_f0480bbee74e829fe64d231868bc91a574031d2b,vitest,1,354,20235, FAIL  packages/openneuro-server/src/datalad/__tests__/files.spec.js > datalad files > fileUrl() > handles path nesting,acceptable,2026-10-01T12:43:19.167625+00:00,a07bb07f1234cd0c,7,
openneuro,1698436608_f0480bbee74e829fe64d231868bc91a574031d2b,vitest,1,355,20551, FAIL  packages/openneuro-server/src/libs/email/__tests__/index.spec.ts > Mailjet formatter > formats a message,acceptable,2026-10-01T12:43:19.974222+00:00,cd19e1f31d111361,8,
openneuro,1698860853_16a66713627c303268bafa73e2c7d15a47ad68b3,vitest,1,356,12687, FAIL  packages/openneuro-server/src/graphql/resolvers/__tests__/dataset-search.spec.js [ packages/openneuro-server/src/graphql/resolvers/__tests__/dataset-search.spec.js ],acceptable,2026-10-01T12:43:21.029444+00:00,cb66a3735bc126f9,6,
openneuro,1698860853_16a66713627c303268bafa73e2c7d15a47ad68b3,vitest,1,357,12700, FAIL  packages/openneuro-server/src/graphql/resolvers/__tests__/snapshots.spec.js [ packages/openneuro-server/src/graphql/resolvers/__tests__/snapshots.spec.js ],acceptable,2026-10-01T12:43:21.790170+00:00,22c659ad4c645d00,6,
openneuro,1698861546_f2201ac6ac8e0a9da73860864266b4c2255fb8ac,vitest,1,358,20541, FAIL  packages/openneuro-server/src/libs/doi/__tests__/doi.spec.ts > DOI minting utils > template() > accepts expected arguments,acceptable,2026-10-01T12:43:24.843809+00:00,c1ba559e4558105b,3,
openneuro,1698862398_a6d2f88683f2ed43520c69ab9b5a740955477742,vitest,1,359,20228, FAIL  packages/openneuro-server/src/datalad/__tests__/files.spec.ts > datalad files > fileUrl() > returns a working URL,acceptable,2026-10-01T12:43:29.301394+00:00,7c389407c37332a1,1,
openneuro,1698862398_a6d2f88683f2ed43520c69ab9b5a740955477742,vitest,1,360,20247, FAIL  packages/openneuro-server/src/datalad/__tests__/files.spec.ts > datalad files > fileUrl() > handles path nesting,acceptable,2026-10-01T12:43:29.777016+00:00,b71ab0c65fbcec85,1,
openneuro,1700947293_1376021e18aade3a0a365bc147b89f4dbf477ab0,vitest,1,361,12720, FAIL  packages/openneuro-app/src/scripts/components/__tests__/agreement.spec.tsx [ packages/openneuro-app/src/scripts/components/__tests__/agreement.spec.tsx ],problematic,2026-10-01T12:43:29.791678+00:00,ca30c5139b50ae37,4,b154ebe0f2ca
openneuro,1700955927_2461836bfb15cf183b11c6061102cdf0ff060424,vitest,1,362,4551,Error: Uncaught [TypeError: Cannot destructure property 'localStorageValue' of '__vite_ssr_import_1__.useContext(...)' as it is undefined.],acceptable,2026-10-01T12:43:30.675270+00:00,50acd6f52be0153b,2,
openneuro,1705532046_a9003ff47e43bbeac76123fe4623bad950c2c3f3,vitest,1,363,20159, FAIL  cli/src/gitattributes.test.ts [ cli/src/gitattributes.test.ts ],acceptable,2026-10-01T12:43:32.456380+00:00,0c28ce2990eba929,33,
openneuro,1706131615_7d253bd323bca213b34749b56db82e210e0f536a,vitest,1,364,27810, FAIL  packages/openneuro-app/src/scripts/utils/__tests__/markdown.spec.tsx > Test <Markdown> component > does not allow href with unknown protocols,acceptable,2026-10-01T12:43:34.618766+00:00,fe1e43799ea8d552,3,
openneuro,1706143642_e0fa636b82476090653da5fd8e81f500469371d6,vitest,1,365,27835, FAIL  packages/openneuro-app/src/scripts/utils/__tests__/markdown.spec.tsx > Test <Markdown> component > filters close-break tags,acceptable,2026-10-01T12:43:36.760546+00:00,a29a1dc61ad0b51b,1,
openneuro,1706744006_48a0bb794a91cc46ce8269e1332b8d165e25298d,vitest,1,366,20174, FAIL  cli/src/worker/git.spec.ts [ cli/src/worker/git.spec.ts ],acceptable,2026-10-01T12:43:37.537198+00:00,0fb0e8499e0a4f1d,7,
openneuro,1710786517_1ecc8b112950ed5b10a7446a181d706aec661f45,vitest,1,367,20174, FAIL  cli/src/worker/git.test.ts [ cli/src/worker/git.test.ts ],acceptable,2026-10-01T12:43:38.174955+00:00,5d207963994921ff,3,
openneuro,1710795594_f02b00ffdad5ff18dcee299a763596970db4e4c5,vitest,1,368,20182, FAIL  cli/src/commands/upload.test.ts [ cli/src/commands/upload.test.ts ],reevaluated_acceptable,2026-10-01T12:43:38.180882+00:00,0fb6511089c008a0,17,ef02c9c86982
openneuro,1712069551_ba3e27d20c31e5b078efeeeed7b695697da63749,vitest,1,369,30617, FAIL  packages/openneuro-components/dist/logo/__tests__/Logo.spec.js [ packages/openneuro-components/dist/logo/__tests__/Logo.spec.js ],reevaluated_acceptable,2026-10-01T12:43:44.522739+00:00,033cc456998d612c,26,
openneuro,1712069551_ba3e27d20c31e5b078efeeeed7b695697da63749,vitest,1,370,30650, FAIL  packages/openneuro-components/dist/modal/__tests__/UserLoginModal.spec.js [ packages/openneuro-components/dist/modal/__tests__/UserLoginModal.spec.js ],reevaluated_acceptable,2026-10-01T12:43:44.531976+00:00,3987c6a63f54cfa0,26,6cb8a6878755
openneuro,1712069551_ba3e27d20c31e5b078efeeeed7b695697da63749,vitest,1,371,30678, FAIL  packages/openneuro-components/dist/search-page/__tests__/NuerobagelSearch.spec.js [ packages/openneuro-components/dist/search-page/__tests__/NuerobagelSearch.spec.js ],reevaluated_acceptable,2026-10-01T12:43:44.537243+00:00,8fdfe55851768198,26,6cb8a6878755
openneuro,1712069551_ba3e27d20c31e5b078efeeeed7b695697da63749,vitest,1,372,30711, FAIL  packages/openneuro-app/dist/scripts/dataset/__tests__/snapshot-container.spec.js [ packages/openneuro-app/dist/scripts/dataset/__tests__/snapshot-container.spec.js ],reevaluated_acceptable,2026-10-01T12:43:44.543161+00:00,d4992f3158fad157,26,6cb8a6878755
openneuro,1712069551_ba3e27d20c31e5b078efeeeed7b695697da63749,vitest,1,373,30744, FAIL  packages/openneuro-app/dist/scripts/search/__tests__/search-container.spec.js [ packages/openneuro-app/dist/scripts/search/__tests__/search-container.spec.js ],acceptable,2026-10-01T12:43:48.452636+00:00,d223ee0522a9e8a0,26,
openneuro,1712069551_ba3e27d20c31e5b078efeeeed7b695697da63749,vitest,1,374,30754, FAIL  packages/openneuro-app/dist/scripts/search/__tests__/search-params-ctx.spec.js [ packages/openneuro-app/dist/scripts/search/__tests__/search-params-ctx.spec.js ],acceptable,2026-10-01T12:43:49.757125+00:00,f9585b6216ca1e06,26,
openneuro,1712069551_ba3e27d20c31e5b078efeeeed7b695697da63749,vitest,1,375,30766, FAIL  packages/openneuro-app/dist/scripts/utils/__tests__/markdown.spec.js [ packages/openneuro-app/dist/scripts/utils/__tests__/markdown.spec.js ],reevaluated_acceptable,2026-10-01T12:44:01.266851+00:00,a1584db26ded1868,26,
openneuro,1712069551_ba3e27d20c31e5b078efeeeed7b695697da63749,vitest,1,376,30909, FAIL  packages/openneuro-app/dist/scripts/dataset/components/__tests__/DatasetTools.spec.js [ packages/openneuro-app/dist/scripts/dataset/components/__tests__/DatasetTools.spec.js ],acceptable,2026-10-01T12:44:03.452970+00:00,ccc40fc7ac5b0a1d,26,
openneuro,1712069551_ba3e27d20c31e5b078efeeeed7b695697da63749,vitest,1,377,30919, FAIL  packages/openneuro-app/dist/scripts/dataset/fragments/__tests__/cancel-button.spec.js [ packages/openneuro-app/dist/scripts/dataset/fragments/__tests__/cancel-button.spec.js ],acceptable,2026-10-01T12:44:03.908630+00:00,7f6ced8c16857eb7,25,
openneuro,1712069551_ba3e27d20c31e5b078efeeeed7b695697da63749,vitest,1,378,30929, FAIL  packages/openneuro-app/dist/scripts/dataset/fragments/__tests__/edit-button.spec.js [ packages/openneuro-app/dist/scripts/dataset/fragments/__tests__/edit-button.spec.js ],acceptable,2026-10-01T12:44:05.715499+00:00,2850363eef71c5e0,25,
openneuro,1712069551_ba3e27d20c31e5b078efeeeed7b695697da63749,vitest,1,379,30939, FAIL  packages/openneuro-app/dist/scripts/dataset/fragments/__tests__/save-button.spec.js [ packages/openneuro-app/dist/scripts/dataset/fragments/__tests__/save-button.spec.js ],acceptable,2026-10-01T12:44:05.721162+00:00,5576036a41b7a67f,25,aa89f44e04cf
openneuro,1712069551_ba3e27d20c31e5b078efeeeed7b695697da63749,vitest,1,380,30949, FAIL  packages/openneuro-app/dist/scripts/dataset/routes/__tests__/deprecate-snapshot-page.spec.js [ packages/openneuro-app/dist/scripts/dataset/routes/__tests__/deprecate-snapshot-page.spec.js ],acceptable,2026-10-01T12:44:05.726328+00:00,fd6ff20a93378784,17,aa89f44e04cf
openneuro,1712069551_ba3e27d20c31e5b078efeeeed7b695697da63749,vitest,1,381,30961, FAIL  packages/openneuro-app/dist/scripts/dataset/mutations/__tests__/remove-permissions.spec.js [ packages/openneuro-app/dist/scripts/dataset/mutations/__tests__/remove-permissions.spec.js ],problematic,2026-10-01T12:44:05.731296+00:00,07cd672ade7e8f99,26,b154ebe0f2ca
openneuro,1712069551_ba3e27d20c31e5b078efeeeed7b695697da63749,vitest,1,382,31032," FAIL  packages/openneuro-components/dist/accordion/__tests__/AccordionTab.spec.js > AccordionTab component > displays an icon when accordionStyle = ""fileTree""",acceptable,2026-10-01T12:44:05.736151+00:00,24abd4251a2663d8,25,06cc814c916a
openneuro,1712069551_ba3e27d20c31e5b078efeeeed7b695697da63749,vitest,1,383,31266, FAIL  packages/openneuro-components/dist/button/__tests__/Button.spec.js > Button component > is clickable,reevaluated_acceptable,2026-10-02T11:51:52.610334+00:00,a5928a3b37ece983,25,
openneuro,1712069551_ba3e27d20c31e5b078efeeeed7b695697da63749,vitest,1,384,31278, FAIL  packages/openneuro-components/dist/button/__tests__/Button.spec.js > Button component > is not clickable while disabled,reevaluated_acceptable,2026-10-02T11:51:52.610334+00:00,1f22cdbe079e6341,25,
openneuro,1712069551_ba3e27d20c31e5b078efeeeed7b695697da63749,vitest,1,385,31290, FAIL  packages/openneuro-components/dist/count-toggle/__tests__/CountToggle.spec.js > CountToggle component > calls toggleClick on toggle,reevaluated_acceptable,2026-10-02T11:51:52.610334+00:00,18ccf513f238a46a,25,
openneuro,1712069551_ba3e27d20c31e5b078efeeeed7b695697da63749,vitest,1,386,31302," FAIL  packages/openneuro-components/dist/icon/__tests__/Icon.spec.js > Icon component > provides ""img"" role",acceptable,2026-10-01T12:44:09.004533+00:00,9df6df769f2eed0f,25,06cc814c916a
openneuro,1712069551_ba3e27d20c31e5b078efeeeed7b695697da63749,vitest,1,387,32444, FAIL  packages/openneuro-components/dist/loading/__tests__/Loading.spec.js > Loading component > loading animation is labeled alert and aria-busy,acceptable,2026-10-01T12:44:09.009564+00:00,8fe4f8e40eeea444,25,06cc814c916a
openneuro,1712069551_ba3e27d20c31e5b078efeeeed7b695697da63749,vitest,1,388,32943, FAIL  packages/openneuro-components/dist/range/__tests__/TwoHandleRange.spec.js > TwoHandleRange component > fires event when changed,reevaluated_acceptable,2026-10-02T11:51:52.610334+00:00,366276af03838abc,25,
openneuro,1712069551_ba3e27d20c31e5b078efeeeed7b695697da63749,vitest,1,389,32955, FAIL  packages/openneuro-components/dist/radio/__tests__/RadioGroup.spec.js > RadioGroup component > has selectable options,reevaluated_acceptable,2026-10-02T11:51:52.610334+00:00,5750f47d8e6bfff7,25,
openneuro,1712069551_ba3e27d20c31e5b078efeeeed7b695697da63749,vitest,1,390,32962, FAIL  packages/openneuro-components/dist/select/__tests__/SelectGroup.spec.js > SelectGroup component > renders options,reevaluated_acceptable,2026-10-02T11:51:52.610334+00:00,71e97a77f43caaf8,25,
openneuro,1712069551_ba3e27d20c31e5b078efeeeed7b695697da63749,vitest,1,391,32974, FAIL  packages/openneuro-components/dist/select/__tests__/SelectGroup.spec.js > SelectGroup component > is selectable,reevaluated_acceptable,2026-10-02T11:51:52.610334+00:00,7fed202e78a95c9e,25,
openneuro,1712069551_ba3e27d20c31e5b078efeeeed7b695697da63749,vitest,1,392,32986, FAIL  packages/openneuro-components/dist/textarea/__tests__/Textarea.spec.js > Textarea component > supports inline type,acceptable,2026-10-01T12:44:14.994759+00:00,a4bf703947f1eb49,25,
openneuro,1712069551_ba3e27d20c31e5b078efeeeed7b695697da63749,vitest,1,393,32998, FAIL  packages/openneuro-components/dist/textarea/__tests__/Textarea.spec.js > Textarea component > supports float type,acceptable,2026-10-01T12:44:15.002131+00:00,c61af00c7e94778b,25,8e2750d09c3e
openneuro,1712069551_ba3e27d20c31e5b078efeeeed7b695697da63749,vitest,1,394,33010, FAIL  packages/openneuro-components/dist/textarea/__tests__/Textarea.spec.js > Textarea component > supports default type,acceptable,2026-10-01T12:44:15.007318+00:00,1fdd4bfd73855630,25,06cc814c916a
openneuro,1712069551_ba3e27d20c31e5b078efeeeed7b695697da63749,vitest,1,395,33314, FAIL  packages/openneuro-app/dist/scripts/components/__tests__/agreement.spec.js > Agreement component > Accepting the agreement sets the 'agreement' property in localStorage,acceptable,2026-10-01T12:44:15.012639+00:00,d024bd91a53fb7d3,25,06cc814c916a
openneuro,1712069551_ba3e27d20c31e5b078efeeeed7b695697da63749,vitest,1,396,33725, FAIL  packages/openneuro-app/dist/scripts/components/__tests__/data-table.spec.js > DataTable component > renders a basic table,acceptable,2026-10-01T12:46:54.869708+00:00,43344074856ee572,26,
openneuro,1712069551_ba3e27d20c31e5b078efeeeed7b695697da63749,vitest,1,397,33737, FAIL  packages/openneuro-app/dist/scripts/components/__tests__/date-distance.spec.js > DataTable component > renders date distance components,acceptable,2026-10-01T12:46:55.507640+00:00,a516a3c0caa8a6af,25,
openneuro,1712069551_ba3e27d20c31e5b078efeeeed7b695697da63749,vitest,1,398,33761, FAIL  packages/openneuro-components/src/accordion/__tests__/AccordionTab.spec.tsx > AccordionTab component > is open by default with startOpen prop,acceptable,2026-10-01T12:46:55.513731+00:00,bbd69bb69e41ae53,25,06cc814c916a
openneuro,1712069551_ba3e27d20c31e5b078efeeeed7b695697da63749,vitest,1,399,41227, FAIL  packages/openneuro-components/src/read-more/__tests__/ReadMore.spec.tsx > ReadMore component > renders children,acceptable,2026-10-01T12:46:55.519528+00:00,cd318dc008106d14,25,06cc814c916a
openneuro,1712069551_ba3e27d20c31e5b078efeeeed7b695697da63749,vitest,1,400,43649, FAIL  packages/openneuro-components/src/tooltip/__tests__/Tooltip.spec.tsx > Tooltip component > renders children,acceptable,2026-10-01T12:46:55.525715+00:00,c8595956429246cc,25,06cc814c916a
openneuro,1712069551_ba3e27d20c31e5b078efeeeed7b695697da63749,vitest,1,401,45153," FAIL  packages/openneuro-app/dist/scripts/dataset/components/__tests__/DatasetAlert.spec.js > DatasetAlert component > sets the correct alert class based on ""level"" prop",acceptable,2026-10-01T12:46:55.532597+00:00,34532ed01fb699a1,25,06cc814c916a
openneuro,1712069551_ba3e27d20c31e5b078efeeeed7b695697da63749,vitest,1,402,45584, FAIL  packages/openneuro-app/dist/scripts/dataset/components/__tests__/DatasetHeaders.spec.js > DatasetHeader component > renders with an undefined modality,acceptable,2026-10-01T12:46:55.537707+00:00,75b2ab737cb1d575,25,06cc814c916a
openneuro,1712069551_ba3e27d20c31e5b078efeeeed7b695697da63749,vitest,1,403,46470, FAIL  packages/openneuro-app/dist/scripts/dataset/fragments/__tests__/doi-link.spec.js > DoiLink component > Renders usable link with raw DOI value,acceptable,2026-10-01T12:46:55.542791+00:00,47f5d1e7176c686e,25,06cc814c916a
openneuro,1712069551_ba3e27d20c31e5b078efeeeed7b695697da63749,vitest,1,404,47086, FAIL  packages/openneuro-app/dist/scripts/dataset/fragments/__tests__/doi-link.spec.js > DoiLink component > Renders usable link with URI DOI value,acceptable,2026-10-01T12:46:55.547890+00:00,47929cc6e6c60eb6,25,06cc814c916a
openneuro,1712069551_ba3e27d20c31e5b078efeeeed7b695697da63749,vitest,1,405,47709, FAIL  packages/openneuro-app/dist/scripts/dataset/fragments/__tests__/doi-link.spec.js > DoiLink component > Renders usage link with URL DOI value,acceptable,2026-10-01T12:46:55.552653+00:00,4b93b61fa2519c64,25,06cc814c916a
openneuro,1712069551_ba3e27d20c31e5b078efeeeed7b695697da63749,vitest,1,406,48334, FAIL  packages/openneuro-app/dist/scripts/dataset/fragments/__tests__/doi-link.spec.js > DoiLink component > Renders fallback link with invalid DOI value,acceptable,2026-10-01T12:46:55.556310+00:00,73a6111e9c99cbb3,25,06cc814c916a
openneuro,1712069551_ba3e27d20c31e5b078efeeeed7b695697da63749,vitest,1,407,48971, FAIL  packages/openneuro-app/dist/scripts/dataset/fragments/__tests__/doi-link.spec.js > DoiLink component > Renders fallback text if no valid DOI string is found,acceptable,2026-10-01T12:46:55.560006+00:00,9b8c42c6ffa51c0d,25,06cc814c916a
openneuro,1712069551_ba3e27d20c31e5b078efeeeed7b695697da63749,vitest,1,408,49615, FAIL  packages/openneuro-app/dist/scripts/dataset/fragments/__tests__/select-input.spec.js > SelectInput > handles display as disabled,acceptable,2026-10-01T12:46:56.356726+00:00,fb27e5e210cbef73,26,
openneuro,1712069551_ba3e27d20c31e5b078efeeeed7b695697da63749,vitest,1,409,49627, FAIL  packages/openneuro-app/dist/scripts/dataset/fragments/__tests__/select-input.spec.js > SelectInput > handles display as not disabled,acceptable,2026-10-01T12:46:56.952784+00:00,519748337c4e281f,26,
openneuro,1712069551_ba3e27d20c31e5b078efeeeed7b695697da63749,vitest,1,410,49639, FAIL  packages/openneuro-app/dist/scripts/dataset/fragments/__tests__/select-input.spec.js > SelectInput > handles boolean display,acceptable,2026-10-01T12:46:57.689203+00:00,d6676c5cbc94de9c,26,
openneuro,1712069551_ba3e27d20c31e5b078efeeeed7b695697da63749,vitest,1,411,49651, FAIL  packages/openneuro-app/dist/scripts/dataset/fragments/__tests__/select-input.spec.js > SelectInput > handles boolean values,acceptable,2026-10-01T12:46:57.695438+00:00,c312df6ce84929d8,25,06cc814c916a
openneuro,1712069551_ba3e27d20c31e5b078efeeeed7b695697da63749,vitest,1,412,55280, FAIL  packages/openneuro-app/src/scripts/dataset/components/__tests__/DatasetAlert.spec.tsx > DatasetAlert component > all props are rendered,acceptable,2026-10-01T12:46:57.701002+00:00,43a36fad186d0ba4,25,06cc814c916a
openneuro,1712069551_ba3e27d20c31e5b078efeeeed7b695697da63749,vitest,1,413,60463, FAIL  packages/openneuro-app/src/scripts/dataset/fragments/__tests__/dataset-alert-draft.spec.tsx > DatasetAlertDraft component > renders the correct text for private drafts with changes,acceptable,2026-10-01T12:46:57.706708+00:00,5effe3ac6740d63a,25,06cc814c916a
openneuro,1712069551_ba3e27d20c31e5b078efeeeed7b695697da63749,vitest,1,414,60698, FAIL  packages/openneuro-app/src/scripts/dataset/fragments/__tests__/dataset-alert-draft.spec.tsx > DatasetAlertDraft component > renders the correct text for private drafts with no snapshots,acceptable,2026-10-01T12:46:57.712340+00:00,dbcd3c435a291d0e,25,06cc814c916a
openneuro,1712069551_ba3e27d20c31e5b078efeeeed7b695697da63749,vitest,1,415,60953, FAIL  packages/openneuro-app/src/scripts/dataset/fragments/__tests__/dataset-alert-draft.spec.tsx > DatasetAlertDraft component > renders the correct text for public drafts with changes,acceptable,2026-10-01T12:46:57.718493+00:00,ab32ac6a40fa260c,25,06cc814c916a
openneuro,1712069551_ba3e27d20c31e5b078efeeeed7b695697da63749,vitest,1,416,61208, FAIL  packages/openneuro-app/src/scripts/dataset/fragments/__tests__/dataset-alert-draft.spec.tsx > DatasetAlertDraft component > renders the correct text for public drafts without changes,acceptable,2026-10-01T12:46:57.724111+00:00,e773754609374a02,25,06cc814c916a
openneuro,1712073909_c8471c21afb45da62ba7a4d5a856560cf3cfc377,vitest,1,417,30949, FAIL  packages/openneuro-app/dist/scripts/dataset/mutations/__tests__/deprecate-snapshot.spec.js [ packages/openneuro-app/dist/scripts/dataset/mutations/__tests__/deprecate-snapshot.spec.js ],acceptable,2026-10-01T12:46:57.729991+00:00,638258d4c6e53cdc,10,aa89f44e04cf
openneuro,1712075389_766ed0fee3e001472db7db891f92c3db74108894,vitest,1,418,30736, FAIL  dist/packages/openneuro-search/src/__tests__/indexDatasets.spec.js [ dist/packages/openneuro-search/src/__tests__/indexDatasets.spec.js ],reevaluated_acceptable,2026-10-01T12:46:57.735627+00:00,6b112e467ff76463,23,6cb8a6878755
openneuro,1712075389_766ed0fee3e001472db7db891f92c3db74108894,vitest,1,419,30859, FAIL  packages/openneuro-server/dist/graphql/__tests__/comment.spec.js [ packages/openneuro-server/dist/graphql/__tests__/comment.spec.js ],reevaluated_acceptable,2026-10-02T11:51:52.610334+00:00,93143c887d63bac5,23,
openneuro,1712075389_766ed0fee3e001472db7db891f92c3db74108894,vitest,1,420,30871, FAIL  packages/openneuro-server/dist/graphql/__tests__/permissions.spec.js [ packages/openneuro-server/dist/graphql/__tests__/permissions.spec.js ],reevaluated_acceptable,2026-10-02T11:51:52.610334+00:00,0e9fd92c7646fd12,23,
openneuro,1712075389_766ed0fee3e001472db7db891f92c3db74108894,vitest,1,421,30883, FAIL  packages/openneuro-server/dist/datalad/__tests__/changelog.spec.js [ packages/openneuro-server/dist/datalad/__tests__/changelog.spec.js ],reevaluated_acceptable,2026-10-02T11:51:52.610334+00:00,58e6ecf279e27cb7,23,
openneuro,1712075389_766ed0fee3e001472db7db891f92c3db74108894,vitest,1,422,30895, FAIL  packages/openneuro-server/dist/datalad/__tests__/dataset.spec.js [ packages/openneuro-server/dist/datalad/__tests__/dataset.spec.js ],reevaluated_acceptable,2026-10-02T11:51:52.610334+00:00,3194343c0b9b83e9,23,
openneuro,1712075389_766ed0fee3e001472db7db891f92c3db74108894,vitest,1,423,30907, FAIL  packages/openneuro-server/dist/datalad/__tests__/description.spec.js [ packages/openneuro-server/dist/datalad/__tests__/description.spec.js ],reevaluated_acceptable,2026-10-02T11:51:52.610334+00:00,6298b19e4a31ce7c,23,
openneuro,1712075389_766ed0fee3e001472db7db891f92c3db74108894,vitest,1,424,30919, FAIL  packages/openneuro-server/dist/datalad/__tests__/files.spec.js [ packages/openneuro-server/dist/datalad/__tests__/files.spec.js ],reevaluated_acceptable,2026-10-02T11:51:52.610334+00:00,bd256e5e0acab708,23,
openneuro,1712075389_766ed0fee3e001472db7db891f92c3db74108894,vitest,1,425,30931, FAIL  packages/openneuro-server/dist/datalad/__tests__/pagination.spec.js [ packages/openneuro-server/dist/datalad/__tests__/pagination.spec.js ],reevaluated_acceptable,2026-10-02T11:51:52.610334+00:00,f427f9e1504581ae,23,
openneuro,1712075389_766ed0fee3e001472db7db891f92c3db74108894,vitest,1,426,30943, FAIL  packages/openneuro-server/dist/datalad/__tests__/snapshots.spec.js [ packages/openneuro-server/dist/datalad/__tests__/snapshots.spec.js ],reevaluated_acceptable,2026-10-02T11:51:52.610334+00:00,080e6417d6f26c2d,23,
openneuro,1712075389_766ed0fee3e001472db7db891f92c3db74108894,vitest,1,427,30955, FAIL  packages/openneuro-server/dist/libs/__tests__/apikey.spec.js [ packages/openneuro-server/dist/libs/__tests__/apikey.spec.js ],reevaluated_acceptable,2026-10-02T11:51:52.610334+00:00,caaee64c23a9e6b8,23,
openneuro,1712075389_766ed0fee3e001472db7db891f92c3db74108894,vitest,1,428,30967, FAIL  packages/openneuro-server/dist/libs/__tests__/datalad-service.spec.js [ packages/openneuro-server/dist/libs/__tests__/datalad-service.spec.js ],reevaluated_acceptable,2026-10-02T11:51:52.610334+00:00,ead5226e0340cdcd,23,
openneuro,1712075389_766ed0fee3e001472db7db891f92c3db74108894,vitest,1,429,30979, FAIL  packages/openneuro-server/dist/libs/__tests__/dataset.spec.js [ packages/openneuro-server/dist/libs/__tests__/dataset.spec.js ],reevaluated_acceptable,2026-10-02T11:51:52.610334+00:00,62b3ab38247c943c,23,
openneuro,1712075389_766ed0fee3e001472db7db891f92c3db74108894,vitest,1,430,30991, FAIL  packages/openneuro-server/dist/utils/__tests__/datasetOrSnapshot.spec.js [ packages/openneuro-server/dist/utils/__tests__/datasetOrSnapshot.spec.js ],reevaluated_acceptable,2026-10-02T11:51:52.610334+00:00,442c97d5e4c57f6c,23,
openneuro,1712075389_766ed0fee3e001472db7db891f92c3db74108894,vitest,1,431,31003, FAIL  packages/openneuro-server/dist/utils/__tests__/validateUrl.spec.js [ packages/openneuro-server/dist/utils/__tests__/validateUrl.spec.js ],reevaluated_acceptable,2026-10-02T11:51:52.610334+00:00,3d8c007d67cbfc88,23,
openneuro,1712075389_766ed0fee3e001472db7db891f92c3db74108894,vitest,1,432,31015, FAIL  packages/openneuro-server/dist/models/__tests__/ingestDataset.spec.js [ packages/openneuro-server/dist/models/__tests__/ingestDataset.spec.js ],reevaluated_acceptable,2026-10-02T11:51:52.610334+00:00,5497e2ec899136d6,23,
openneuro,1712075389_766ed0fee3e001472db7db891f92c3db74108894,vitest,1,433,31027, FAIL  dist/packages/openneuro-server/src/datalad/__tests__/changelog.spec.js [ dist/packages/openneuro-server/src/datalad/__tests__/changelog.spec.js ],acceptable,2026-10-01T12:58:13.763805+00:00,c65262a4bcf4da6d,23,
openneuro,1712075389_766ed0fee3e001472db7db891f92c3db74108894,vitest,1,434,31053, FAIL  dist/packages/openneuro-server/src/datalad/__tests__/dataset.spec.js [ dist/packages/openneuro-server/src/datalad/__tests__/dataset.spec.js ],acceptable,2026-10-01T12:58:14.892494+00:00,613492e2d88bec89,23,
openneuro,1712075389_766ed0fee3e001472db7db891f92c3db74108894,vitest,1,435,31075, FAIL  dist/packages/openneuro-server/src/datalad/__tests__/description.spec.js [ dist/packages/openneuro-server/src/datalad/__tests__/description.spec.js ],reevaluated_acceptable,2026-10-01T12:58:14.895385+00:00,ee519826a81ab0e1,23,6cb8a6878755
openneuro,1712075389_766ed0fee3e001472db7db891f92c3db74108894,vitest,1,436,31108, FAIL  dist/packages/openneuro-server/src/datalad/__tests__/files.spec.js [ dist/packages/openneuro-server/src/datalad/__tests__/files.spec.js ],reevaluated_acceptable,2026-10-01T12:58:14.897757+00:00,a6dae17e9cd23265,23,6cb8a6878755
openneuro,1712075389_766ed0fee3e001472db7db891f92c3db74108894,vitest,1,437,31137, FAIL  dist/packages/openneuro-server/src/datalad/__tests__/pagination.spec.js [ dist/packages/openneuro-server/src/datalad/__tests__/pagination.spec.js ],reevaluated_acceptable,2026-10-02T11:51:52.610334+00:00,0ffba5ebeca628c7,23,
openneuro,1712075389_766ed0fee3e001472db7db891f92c3db74108894,vitest,1,438,31149, FAIL  dist/packages/openneuro-server/src/datalad/__tests__/snapshots.spec.js [ dist/packages/openneuro-server/src/datalad/__tests__/snapshots.spec.js ],reevaluated_acceptable,2026-10-02T11:51:52.610334+00:00,c19c82c51ee6bd8f,23,
openneuro,1712075389_766ed0fee3e001472db7db891f92c3db74108894,vitest,1,439,31161, FAIL  dist/packages/openneuro-server/src/graphql/__tests__/comment.spec.js [ dist/packages/openneuro-server/src/graphql/__tests__/comment.spec.js ],reevaluated_acceptable,2026-10-01T12:58:19.717577+00:00,68cae393f4ea5c85,23,6cb8a6878755
openneuro,1712075389_766ed0fee3e001472db7db891f92c3db74108894,vitest,1,440,31190, FAIL  dist/packages/openneuro-server/src/graphql/__tests__/permissions.spec.js [ dist/packages/openneuro-server/src/graphql/__tests__/permissions.spec.js ],reevaluated_acceptable,2026-10-01T12:58:19.723398+00:00,18546c765bc6eaa0,23,6cb8a6878755
openneuro,1712075389_766ed0fee3e001472db7db891f92c3db74108894,vitest,1,441,31223, FAIL  dist/packages/openneuro-server/src/libs/__tests__/apikey.spec.js [ dist/packages/openneuro-server/src/libs/__tests__/apikey.spec.js ],acceptable,2026-10-01T12:58:22.309257+00:00,9a5d5a5ace3fffc1,23,
openneuro,1712075389_766ed0fee3e001472db7db891f92c3db74108894,vitest,1,442,31245, FAIL  dist/packages/openneuro-server/src/libs/__tests__/datalad-service.spec.js [ dist/packages/openneuro-server/src/libs/__tests__/datalad-service.spec.js ],reevaluated_acceptable,2026-10-01T12:58:22.313949+00:00,c6fa41e12d968c08,23,6cb8a6878755
openneuro,1712075389_766ed0fee3e001472db7db891f92c3db74108894,vitest,1,443,31274, FAIL  dist/packages/openneuro-server/src/libs/__tests__/dataset.spec.js [ dist/packages/openneuro-server/src/libs/__tests__/dataset.spec.js ],reevaluated_acceptable,2026-10-01T12:58:22.318669+00:00,b14b188d21ccc570,23,6cb8a6878755
openneuro,1712075389_766ed0fee3e001472db7db891f92c3db74108894,vitest,1,444,31302, FAIL  dist/packages/openneuro-server/src/models/__tests__/ingestDataset.spec.js [ dist/packages/openneuro-server/src/models/__tests__/ingestDataset.spec.js ],reevaluated_acceptable,2026-10-01T12:58:22.326245+00:00,a27fb7cf578fae5a,23,6cb8a6878755
openneuro,1712075389_766ed0fee3e001472db7db891f92c3db74108894,vitest,1,445,31331, FAIL  dist/packages/openneuro-server/src/utils/__tests__/datasetOrSnapshot.spec.js [ dist/packages/openneuro-server/src/utils/__tests__/datasetOrSnapshot.spec.js ],reevaluated_acceptable,2026-10-01T12:58:22.332349+00:00,2de47ae657a76182,23,6cb8a6878755
openneuro,1712075389_766ed0fee3e001472db7db891f92c3db74108894,vitest,1,446,31360, FAIL  dist/packages/openneuro-server/src/utils/__tests__/validateUrl.spec.js [ dist/packages/openneuro-server/src/utils/__tests__/validateUrl.spec.js ],reevaluated_acceptable,2026-10-02T11:51:52.610334+00:00,c8a642c27417ecb0,23,597e4900adc8
openneuro,1712075389_766ed0fee3e001472db7db891f92c3db74108894,vitest,1,447,31372, FAIL  dist/packages/openneuro-components/src/accordion/__tests__/AccordionTab.spec.js [ dist/packages/openneuro-components/src/accordion/__tests__/AccordionTab.spec.js ],acceptable,2026-10-01T12:58:24.026211+00:00,9aba91fc2f97682c,23,
openneuro,1712075389_766ed0fee3e001472db7db891f92c3db74108894,vitest,1,448,31394, FAIL  dist/packages/openneuro-components/src/button/__tests__/Button.spec.js [ dist/packages/openneuro-components/src/button/__tests__/Button.spec.js ],acceptable,2026-10-01T12:58:25.614542+00:00,6de1a1b30b8865ff,23,
openneuro,1712075389_766ed0fee3e001472db7db891f92c3db74108894,vitest,1,449,31416, FAIL  dist/packages/openneuro-components/src/count-toggle/__tests__/CountToggle.spec.js [ dist/packages/openneuro-components/src/count-toggle/__tests__/CountToggle.spec.js ],acceptable,2026-10-01T12:58:30.213594+00:00,d41edcf1cd4593bb,23,
openneuro,1712075389_766ed0fee3e001472db7db891f92c3db74108894,vitest,1,450,31438, FAIL  dist/packages/openneuro-components/src/icon/__tests__/Icon.spec.js [ dist/packages/openneuro-components/src/icon/__tests__/Icon.spec.js ],acceptable,2026-10-01T12:58:33.523179+00:00,68e9a187c70ab97d,23,
openneuro,1712075389_766ed0fee3e001472db7db891f92c3db74108894,vitest,1,451,31460, FAIL  dist/packages/openneuro-components/src/facets/__tests__/FacetSelect.spec.js [ dist/packages/openneuro-components/src/facets/__tests__/FacetSelect.spec.js ],reevaluated_acceptable,2026-10-01T12:58:33.526775+00:00,eef29b853940de63,23,6cb8a6878755
openneuro,1712075389_766ed0fee3e001472db7db891f92c3db74108894,vitest,1,452,31489, FAIL  dist/packages/openneuro-components/src/loading/__tests__/Loading.spec.js [ dist/packages/openneuro-components/src/loading/__tests__/Loading.spec.js ],acceptable,2026-10-01T12:58:33.529666+00:00,86717b24431e3e4e,23,f4a9f1023ea4
openneuro,1712075389_766ed0fee3e001472db7db891f92c3db74108894,vitest,1,453,31511, FAIL  dist/packages/openneuro-components/src/modal/__tests__/UserLoginModal.spec.js [ dist/packages/openneuro-components/src/modal/__tests__/UserLoginModal.spec.js ],acceptable,2026-10-01T12:58:33.532301+00:00,3a6c7c05065480cd,23,f4a9f1023ea4
openneuro,1712075389_766ed0fee3e001472db7db891f92c3db74108894,vitest,1,454,31533, FAIL  dist/packages/openneuro-components/src/logo/__tests__/Logo.spec.js [ dist/packages/openneuro-components/src/logo/__tests__/Logo.spec.js ],acceptable,2026-10-01T12:58:33.534883+00:00,a0a2aa92a239443a,23,f4a9f1023ea4
openneuro,1712075389_766ed0fee3e001472db7db891f92c3db74108894,vitest,1,455,31555, FAIL  dist/packages/openneuro-components/src/radio/__tests__/RadioGroup.spec.js [ dist/packages/openneuro-components/src/radio/__tests__/RadioGroup.spec.js ],acceptable,2026-10-01T12:58:33.537445+00:00,ef63cc5e99bafe37,23,f4a9f1023ea4
openneuro,1712075389_766ed0fee3e001472db7db891f92c3db74108894,vitest,1,456,31577, FAIL  dist/packages/openneuro-components/src/range/__tests__/TwoHandleRange.spec.js [ dist/packages/openneuro-components/src/range/__tests__/TwoHandleRange.spec.js ],acceptable,2026-10-01T12:58:33.540493+00:00,1c4ce01e3cc098cd,23,f4a9f1023ea4
openneuro,1712075389_766ed0fee3e001472db7db891f92c3db74108894,vitest,1,457,31599, FAIL  dist/packages/openneuro-components/src/read-more/__tests__/ReadMore.spec.js [ dist/packages/openneuro-components/src/read-more/__tests__/ReadMore.spec.js ],acceptable,2026-10-01T12:58:33.544067+00:00,bc90051d6e866e52,23,f4a9f1023ea4
openneuro,1712075389_766ed0fee3e001472db7db891f92c3db74108894,vitest,1,458,31621, FAIL  dist/packages/openneuro-components/src/select/__tests__/SelectGroup.spec.js [ dist/packages/openneuro-components/src/select/__tests__/SelectGroup.spec.js ],acceptable,2026-10-01T12:58:33.546629+00:00,acde983caf5c1fc2,23,f4a9f1023ea4
openneuro,1712075389_766ed0fee3e001472db7db891f92c3db74108894,vitest,1,459,31643, FAIL  dist/packages/openneuro-components/src/search-page/__tests__/NuerobagelSearch.spec.js [ dist/packages/openneuro-components/src/search-page/__tests__/NuerobagelSearch.spec.js ],acceptable,2026-10-01T12:58:33.549163+00:00,26fe21e6e70ded40,23,f4a9f1023ea4
openneuro,1712075389_766ed0fee3e001472db7db891f92c3db74108894,vitest,1,460,31665, FAIL  dist/packages/openneuro-components/src/textarea/__tests__/Textarea.spec.js [ dist/packages/openneuro-components/src/textarea/__tests__/Textarea.spec.js ],acceptable,2026-10-01T12:58:33.551654+00:00,77c3ed85bad400d9,23,f4a9f1023ea4
openneuro,1712075389_766ed0fee3e001472db7db891f92c3db74108894,vitest,1,461,31687, FAIL  dist/packages/openneuro-components/src/tooltip/__tests__/Tooltip.spec.js [ dist/packages/openneuro-components/src/tooltip/__tests__/Tooltip.spec.js ],acceptable,2026-10-01T12:58:33.554180+00:00,93f5f3c9432d35e4,23,f4a9f1023ea4
openneuro,1712075389_766ed0fee3e001472db7db891f92c3db74108894,vitest,1,462,31784, FAIL  packages/openneuro-server/dist/graphql/resolvers/__tests__/brainlife.spec.js [ packages/openneuro-server/dist/graphql/resolvers/__tests__/brainlife.spec.js ],reevaluated_acceptable,2026-10-02T11:51:52.610334+00:00,baa5ddd0635a0843,23,597e4900adc8
openneuro,1712075389_766ed0fee3e001472db7db891f92c3db74108894,vitest,1,463,31796, FAIL  packages/openneuro-server/dist/graphql/resolvers/__tests__/dataset-search.spec.js [ packages/openneuro-server/dist/graphql/resolvers/__tests__/dataset-search.spec.js ],reevaluated_acceptable,2026-10-02T11:51:52.610334+00:00,45b03c12ae707baa,23,597e4900adc8
openneuro,1712075389_766ed0fee3e001472db7db891f92c3db74108894,vitest,1,464,31808, FAIL  packages/openneuro-server/dist/graphql/resolvers/__tests__/dataset.spec.js [ packages/openneuro-server/dist/graphql/resolvers/__tests__/dataset.spec.js ],reevaluated_acceptable,2026-10-02T11:51:52.610334+00:00,a17d50f56aeaa908,23,597e4900adc8
openneuro,1712075389_766ed0fee3e001472db7db891f92c3db74108894,vitest,1,465,31820, FAIL  packages/openneuro-server/dist/graphql/resolvers/__tests__/derivatives.spec.js [ packages/openneuro-server/dist/graphql/resolvers/__tests__/derivatives.spec.js ],reevaluated_acceptable,2026-10-02T11:51:52.610334+00:00,4011a66052878656,23,597e4900adc8
openneuro,1712075389_766ed0fee3e001472db7db891f92c3db74108894,vitest,1,466,31832, FAIL  packages/openneuro-server/dist/graphql/resolvers/__tests__/importRemoteDataset.spec.js [ packages/openneuro-server/dist/graphql/resolvers/__tests__/importRemoteDataset.spec.js ],acceptable,2026-10-01T12:58:39.542052+00:00,eed4a5da0b2a75a0,23,
openneuro,1712075389_766ed0fee3e001472db7db891f92c3db74108894,vitest,1,467,31849, FAIL  packages/openneuro-server/dist/graphql/resolvers/__tests__/permssions.spec.js [ packages/openneuro-server/dist/graphql/resolvers/__tests__/permssions.spec.js ],reevaluated_acceptable,2026-10-02T11:51:52.610334+00:00,f0265c1c8b115e3a,23,597e4900adc8
openneuro,1712075389_766ed0fee3e001472db7db891f92c3db74108894,vitest,1,468,31861, FAIL  packages/openneuro-server/dist/graphql/resolvers/__tests__/snapshots.spec.js [ packages/openneuro-server/dist/graphql/resolvers/__tests__/snapshots.spec.js ],reevaluated_acceptable,2026-10-02T11:51:52.610334+00:00,4757a9cf1161e5a9,23,597e4900adc8
openneuro,1712075389_766ed0fee3e001472db7db891f92c3db74108894,vitest,1,469,31873, FAIL  packages/openneuro-server/dist/graphql/resolvers/__tests__/user.spec.js [ packages/openneuro-server/dist/graphql/resolvers/__tests__/user.spec.js ],reevaluated_acceptable,2026-10-02T11:51:52.610334+00:00,23b2613fbfe7f077,23,597e4900adc8
openneuro,1712075389_766ed0fee3e001472db7db891f92c3db74108894,vitest,1,470,32009, FAIL  packages/openneuro-server/dist/libs/doi/__tests__/doi.spec.js [ packages/openneuro-server/dist/libs/doi/__tests__/doi.spec.js ],reevaluated_acceptable,2026-10-02T11:51:52.610334+00:00,d2b4006c6bdf67c8,23,597e4900adc8
openneuro,1712075389_766ed0fee3e001472db7db891f92c3db74108894,vitest,1,471,32021, FAIL  packages/openneuro-server/dist/libs/doi/__tests__/normalize.spec.js [ packages/openneuro-server/dist/libs/doi/__tests__/normalize.spec.js ],reevaluated_acceptable,2026-10-02T11:51:52.610334+00:00,12ab65ae36803df8,23,597e4900adc8
openneuro,1712075389_766ed0fee3e001472db7db891f92c3db74108894,vitest,1,472,32033, FAIL  packages/openneuro-server/dist/libs/authentication/__tests__/jwt.spec.js [ packages/openneuro-server/dist/libs/authentication/__tests__/jwt.spec.js ],reevaluated_acceptable,2026-10-02T11:51:52.610334+00:00,604eb3cbb4fb80a4,23,597e4900adc8
openneuro,1712075389_766ed0fee3e001472db7db891f92c3db74108894,vitest,1,473,32045, FAIL  packages/openneuro-server/dist/libs/email/__tests__/index.spec.js [ packages/openneuro-server/dist/libs/email/__tests__/index.spec.js ],reevaluated_acceptable,2026-10-02T11:51:52.610334+00:00,f75f6e2c33134373,23,597e4900adc8
openneuro,1712075389_766ed0fee3e001472db7db891f92c3db74108894,vitest,1,474,32057, FAIL  dist/packages/openneuro-app/src/scripts/dataset/__tests__/snapshot-container.spec.js [ dist/packages/openneuro-app/src/scripts/dataset/__tests__/snapshot-container.spec.js ],acceptable,2026-10-01T12:58:39.581473+00:00,25d5a9b52cd1a011,23,f4a9f1023ea4
openneuro,1712075389_766ed0fee3e001472db7db891f92c3db74108894,vitest,1,475,32079, FAIL  dist/packages/openneuro-app/src/scripts/components/__tests__/agreement.spec.js [ dist/packages/openneuro-app/src/scripts/components/__tests__/agreement.spec.js ],acceptable,2026-10-01T12:58:39.585884+00:00,f876e4680b1016cd,23,f4a9f1023ea4
openneuro,1712075389_766ed0fee3e001472db7db891f92c3db74108894,vitest,1,476,32101, FAIL  dist/packages/openneuro-app/src/scripts/components/__tests__/data-table.spec.js [ dist/packages/openneuro-app/src/scripts/components/__tests__/data-table.spec.js ],acceptable,2026-10-01T12:58:39.590236+00:00,946e08ca1d0d85a5,23,f4a9f1023ea4
openneuro,1712075389_766ed0fee3e001472db7db891f92c3db74108894,vitest,1,477,32123, FAIL  dist/packages/openneuro-app/src/scripts/components/__tests__/date-distance.spec.js [ dist/packages/openneuro-app/src/scripts/components/__tests__/date-distance.spec.js ],acceptable,2026-10-01T12:58:39.593395+00:00,1964ad14f245a842,23,f4a9f1023ea4
openneuro,1712075389_766ed0fee3e001472db7db891f92c3db74108894,vitest,1,478,32145, FAIL  dist/packages/openneuro-app/src/scripts/search/__tests__/search-container.spec.js [ dist/packages/openneuro-app/src/scripts/search/__tests__/search-container.spec.js ],acceptable,2026-10-01T12:58:43.528511+00:00,3c902acbbb766e19,23,
openneuro,1712075389_766ed0fee3e001472db7db891f92c3db74108894,vitest,1,479,32171, FAIL  dist/packages/openneuro-app/src/scripts/search/__tests__/search-params-ctx.spec.js [ dist/packages/openneuro-app/src/scripts/search/__tests__/search-params-ctx.spec.js ],acceptable,2026-10-01T12:58:43.532390+00:00,a1ce51cf79068061,23,f4a9f1023ea4
openneuro,1712075389_766ed0fee3e001472db7db891f92c3db74108894,vitest,1,480,32193, FAIL  dist/packages/openneuro-app/src/scripts/utils/__tests__/local-storage.spec.js [ dist/packages/openneuro-app/src/scripts/utils/__tests__/local-storage.spec.js ],acceptable,2026-10-01T12:58:43.534976+00:00,fe279f1136eda700,23,f4a9f1023ea4
openneuro,1712075389_766ed0fee3e001472db7db891f92c3db74108894,vitest,1,481,32215, FAIL  dist/packages/openneuro-app/src/scripts/utils/__tests__/markdown.spec.js [ dist/packages/openneuro-app/src/scripts/utils/__tests__/markdown.spec.js ],acceptable,2026-10-01T12:58:43.537563+00:00,5cd02cc184163de1,23,f4a9f1023ea4
openneuro,1712075389_766ed0fee3e001472db7db891f92c3db74108894,vitest,1,482,32237, FAIL  dist/packages/openneuro-server/src/graphql/resolvers/__tests__/brainlife.spec.js [ dist/packages/openneuro-server/src/graphql/resolvers/__tests__/brainlife.spec.js ],reevaluated_acceptable,2026-10-01T12:58:43.540115+00:00,079076f3334cab60,23,6cb8a6878755
openneuro,1712075389_766ed0fee3e001472db7db891f92c3db74108894,vitest,1,483,32270, FAIL  dist/packages/openneuro-server/src/graphql/resolvers/__tests__/dataset-search.spec.js [ dist/packages/openneuro-server/src/graphql/resolvers/__tests__/dataset-search.spec.js ],reevaluated_acceptable,2026-10-01T12:58:43.542624+00:00,1d5785296865d59d,23,6cb8a6878755
openneuro,1712075389_766ed0fee3e001472db7db891f92c3db74108894,vitest,1,484,32298, FAIL  dist/packages/openneuro-server/src/graphql/resolvers/__tests__/dataset.spec.js [ dist/packages/openneuro-server/src/graphql/resolvers/__tests__/dataset.spec.js ],acceptable,2026-10-01T12:59:03.719460+00:00,cfa8ed3afa5eee48,23,259c1ffc616f
openneuro,1712075389_766ed0fee3e001472db7db891f92c3db74108894,vitest,1,485,32320, FAIL  dist/packages/openneuro-server/src/graphql/resolvers/__tests__/derivatives.spec.js [ dist/packages/openneuro-server/src/graphql/resolvers/__tests__/derivatives.spec.js ],reevaluated_acceptable,2026-10-01T12:59:03.725288+00:00,5a991045addfff9a,23,6cb8a6878755
openneuro,1712075389_766ed0fee3e001472db7db891f92c3db74108894,vitest,1,486,32349, FAIL  dist/packages/openneuro-server/src/graphql/resolvers/__tests__/importRemoteDataset.spec.js [ dist/packages/openneuro-server/src/graphql/resolvers/__tests__/importRemoteDataset.spec.js ],reevaluated_acceptable,2026-10-01T12:59:03.732771+00:00,26a06743df0b86b8,23,6cb8a6878755
openneuro,1712075389_766ed0fee3e001472db7db891f92c3db74108894,vitest,1,487,32382, FAIL  dist/packages/openneuro-server/src/graphql/resolvers/__tests__/permssions.spec.js [ dist/packages/openneuro-server/src/graphql/resolvers/__tests__/permssions.spec.js ],reevaluated_acceptable,2026-10-01T12:59:03.739207+00:00,c1da23c6f5e17ee6,23,6cb8a6878755
openneuro,1712075389_766ed0fee3e001472db7db891f92c3db74108894,vitest,1,488,32411, FAIL  dist/packages/openneuro-server/src/graphql/resolvers/__tests__/snapshots.spec.js [ dist/packages/openneuro-server/src/graphql/resolvers/__tests__/snapshots.spec.js ],reevaluated_acceptable,2026-10-01T12:59:03.745619+00:00,5c27581040241108,23,6cb8a6878755
openneuro,1712075389_766ed0fee3e001472db7db891f92c3db74108894,vitest,1,489,32440, FAIL  dist/packages/openneuro-server/src/graphql/resolvers/__tests__/user.spec.js [ dist/packages/openneuro-server/src/graphql/resolvers/__tests__/user.spec.js ],reevaluated_acceptable,2026-10-01T12:59:03.752079+00:00,daad2e3c63aeb05b,23,6cb8a6878755
openneuro,1712075389_766ed0fee3e001472db7db891f92c3db74108894,vitest,1,490,32469, FAIL  dist/packages/openneuro-server/src/libs/authentication/__tests__/jwt.spec.js [ dist/packages/openneuro-server/src/libs/authentication/__tests__/jwt.spec.js ],reevaluated_acceptable,2026-10-01T12:59:03.758526+00:00,c9f20a821c6ef987,23,6cb8a6878755
openneuro,1712075389_766ed0fee3e001472db7db891f92c3db74108894,vitest,1,491,32498, FAIL  dist/packages/openneuro-server/src/libs/doi/__tests__/doi.spec.js [ dist/packages/openneuro-server/src/libs/doi/__tests__/doi.spec.js ],reevaluated_acceptable,2026-10-01T12:59:03.763563+00:00,0bab1107d74bbe80,23,6cb8a6878755
openneuro,1712075389_766ed0fee3e001472db7db891f92c3db74108894,vitest,1,492,32527, FAIL  dist/packages/openneuro-server/src/libs/doi/__tests__/normalize.spec.js [ dist/packages/openneuro-server/src/libs/doi/__tests__/normalize.spec.js ],reevaluated_acceptable,2026-10-01T12:59:03.768017+00:00,694e2b2d2b70abd5,23,6cb8a6878755
openneuro,1712075389_766ed0fee3e001472db7db891f92c3db74108894,vitest,1,493,32556, FAIL  dist/packages/openneuro-server/src/libs/email/__tests__/index.spec.js [ dist/packages/openneuro-server/src/libs/email/__tests__/index.spec.js ],reevaluated_acceptable,2026-10-01T12:59:03.772584+00:00,f97079e5deeac56f,23,6cb8a6878755
openneuro,1712075389_766ed0fee3e001472db7db891f92c3db74108894,vitest,1,494,32710, FAIL  dist/packages/openneuro-app/src/scripts/common/containers/__tests__/header.spec.js [ dist/packages/openneuro-app/src/scripts/common/containers/__tests__/header.spec.js ],acceptable,2026-10-01T12:59:03.777206+00:00,ecebbec5e4071020,23,259c1ffc616f
openneuro,1712075389_766ed0fee3e001472db7db891f92c3db74108894,vitest,1,495,32736, FAIL  dist/packages/openneuro-app/src/scripts/dataset/components/__tests__/DatasetAlert.spec.js [ dist/packages/openneuro-app/src/scripts/dataset/components/__tests__/DatasetAlert.spec.js ],acceptable,2026-10-01T12:59:03.781974+00:00,3ba1eaa4c405f71d,23,f4a9f1023ea4
openneuro,1712075389_766ed0fee3e001472db7db891f92c3db74108894,vitest,1,496,32758, FAIL  dist/packages/openneuro-app/src/scripts/dataset/components/__tests__/DatasetHeaders.spec.js [ dist/packages/openneuro-app/src/scripts/dataset/components/__tests__/DatasetHeaders.spec.js ],acceptable,2026-10-01T12:59:03.785230+00:00,47c535bb00988c29,23,f4a9f1023ea4
openneuro,1712075389_766ed0fee3e001472db7db891f92c3db74108894,vitest,1,497,32780, FAIL  dist/packages/openneuro-app/src/scripts/dataset/components/__tests__/DatasetTools.spec.js [ dist/packages/openneuro-app/src/scripts/dataset/components/__tests__/DatasetTools.spec.js ],acceptable,2026-10-01T12:59:03.788046+00:00,210429f46fb8b7ab,23,f4a9f1023ea4
openneuro,1712075389_766ed0fee3e001472db7db891f92c3db74108894,vitest,1,498,32802, FAIL  dist/packages/openneuro-app/src/scripts/dataset/mutations/__tests__/deprecate-snapshot.spec.js [ dist/packages/openneuro-app/src/scripts/dataset/mutations/__tests__/deprecate-snapshot.spec.js ],acceptable,2026-10-01T12:59:03.790803+00:00,ca7277809a2193cf,23,f4a9f1023ea4
openneuro,1712075389_766ed0fee3e001472db7db891f92c3db74108894,vitest,1,499,32824, FAIL  dist/packages/openneuro-app/src/scripts/dataset/mutations/__tests__/deprecate-version.spec.js [ dist/packages/openneuro-app/src/scripts/dataset/mutations/__tests__/deprecate-version.spec.js ],acceptable,2026-10-01T12:59:03.793584+00:00,81278dee52f4d44d,23,f4a9f1023ea4
openneuro,1712075389_766ed0fee3e001472db7db891f92c3db74108894,vitest,1,500,32846, FAIL  dist/packages/openneuro-app/src/scripts/dataset/mutations/__tests__/remove-permissions.spec.js [ dist/packages/openneuro-app/src/scripts/dataset/mutations/__tests__/remove-permissions.spec.js ],acceptable,2026-10-01T12:59:03.797246+00:00,30d9b20a3cd125e7,23,259c1ffc616f
openneuro,1712075389_766ed0fee3e001472db7db891f92c3db74108894,vitest,1,501,32872, FAIL  dist/packages/openneuro-app/src/scripts/dataset/fragments/__tests__/cancel-button.spec.js [ dist/packages/openneuro-app/src/scripts/dataset/fragments/__tests__/cancel-button.spec.js ],acceptable,2026-10-01T12:59:03.801711+00:00,d3df47f274f759a2,23,f4a9f1023ea4
openneuro,1712075389_766ed0fee3e001472db7db891f92c3db74108894,vitest,1,502,32894, FAIL  dist/packages/openneuro-app/src/scripts/dataset/fragments/__tests__/dataset-alert-draft.spec.js [ dist/packages/openneuro-app/src/scripts/dataset/fragments/__tests__/dataset-alert-draft.spec.js ],acceptable,2026-10-01T12:59:03.806895+00:00,7a073705bf63c1cd,23,f4a9f1023ea4
openneuro,1712075389_766ed0fee3e001472db7db891f92c3db74108894,vitest,1,503,32916, FAIL  dist/packages/openneuro-app/src/scripts/dataset/fragments/__tests__/doi-link.spec.js [ dist/packages/openneuro-app/src/scripts/dataset/fragments/__tests__/doi-link.spec.js ],acceptable,2026-10-01T12:59:03.810624+00:00,264fc7d6f3b7ec7b,23,f4a9f1023ea4
openneuro,1712075389_766ed0fee3e001472db7db891f92c3db74108894,vitest,1,504,32938, FAIL  dist/packages/openneuro-app/src/scripts/dataset/fragments/__tests__/edit-button.spec.js [ dist/packages/openneuro-app/src/scripts/dataset/fragments/__tests__/edit-button.spec.js ],acceptable,2026-10-01T12:59:03.814441+00:00,7eaac951594c710b,23,f4a9f1023ea4
openneuro,1712075389_766ed0fee3e001472db7db891f92c3db74108894,vitest,1,505,32960, FAIL  dist/packages/openneuro-app/src/scripts/dataset/fragments/__tests__/save-button.spec.js [ dist/packages/openneuro-app/src/scripts/dataset/fragments/__tests__/save-button.spec.js ],acceptable,2026-10-01T12:59:03.818408+00:00,98eb54e61ef5cef2,23,f4a9f1023ea4
openneuro,1712075389_766ed0fee3e001472db7db891f92c3db74108894,vitest,1,506,32982, FAIL  dist/packages/openneuro-app/src/scripts/dataset/fragments/__tests__/select-input.spec.js [ dist/packages/openneuro-app/src/scripts/dataset/fragments/__tests__/select-input.spec.js ],acceptable,2026-10-01T12:59:03.822134+00:00,8c7768802c1a716a,23,f4a9f1023ea4
openneuro,1712075389_766ed0fee3e001472db7db891f92c3db74108894,vitest,1,507,33004, FAIL  dist/packages/openneuro-app/src/scripts/dataset/routes/__tests__/deprecate-snapshot-page.spec.js [ dist/packages/openneuro-app/src/scripts/dataset/routes/__tests__/deprecate-snapshot-page.spec.js ],acceptable,2026-10-01T12:59:03.826316+00:00,5fa86e58168f58cd,23,f4a9f1023ea4
openneuro,1712075389_766ed0fee3e001472db7db891f92c3db74108894,vitest,1,508,33026, FAIL  dist/packages/openneuro-app/src/scripts/search/inputs/__tests__/sort-by-select.spec.js [ dist/packages/openneuro-app/src/scripts/search/inputs/__tests__/sort-by-select.spec.js ],acceptable,2026-10-01T12:59:03.829704+00:00,f4064056740b71f5,23,f4a9f1023ea4
openneuro,1712075389_766ed0fee3e001472db7db891f92c3db74108894,vitest,1,509,51997, FAIL  packages/openneuro-server/dist/libs/email/templates/__tests__/comment-created.spec.js > email template -> comment created > renders with expected arguments,acceptable,2026-10-01T12:59:07.285290+00:00,ae161fe6bb269d04,23,
openneuro,1712075389_766ed0fee3e001472db7db891f92c3db74108894,vitest,1,510,52009, FAIL  packages/openneuro-server/dist/libs/email/templates/__tests__/dataset-deleted.spec.js > email template -> comment created > renders with expected arguments,acceptable,2026-10-01T12:59:07.824413+00:00,a134e2d956f27aa1,23,
openneuro,1712075389_766ed0fee3e001472db7db891f92c3db74108894,vitest,1,511,52021, FAIL  packages/openneuro-server/dist/libs/email/templates/__tests__/owner-unsubscribed.spec.js > email template -> comment created > renders with expected arguments,acceptable,2026-10-01T12:59:08.198381+00:00,77d71919ae2f4cfa,23,
openneuro,1712075389_766ed0fee3e001472db7db891f92c3db74108894,vitest,1,512,52033, FAIL  packages/openneuro-server/dist/libs/email/templates/__tests__/snapshot-created.spec.js > email template -> comment created > renders with expected arguments,acceptable,2026-10-01T12:59:08.635814+00:00,41f40489f4e02030,23,
openneuro,1712075389_766ed0fee3e001472db7db891f92c3db74108894,vitest,1,513,52045, FAIL  packages/openneuro-server/dist/libs/email/templates/__tests__/snapshot-reminder.spec.js > email template -> comment created > renders with expected arguments,acceptable,2026-10-01T12:59:09.136247+00:00,818bd871e425e81d,23,
openneuro,1712075389_766ed0fee3e001472db7db891f92c3db74108894,vitest,1,514,52057, FAIL  dist/packages/openneuro-server/src/libs/email/templates/__tests__/comment-created.spec.js > email template -> comment created > renders with expected arguments,acceptable,2026-10-01T12:59:09.595235+00:00,29d6cb2d0c300d13,23,
openneuro,1712075389_766ed0fee3e001472db7db891f92c3db74108894,vitest,1,515,52069, FAIL  dist/packages/openneuro-server/src/libs/email/templates/__tests__/dataset-deleted.spec.js > email template -> comment created > renders with expected arguments,acceptable,2026-10-01T12:59:10.090373+00:00,dce8c926fcd89cca,23,
openneuro,1712075389_766ed0fee3e001472db7db891f92c3db74108894,vitest,1,516,52081, FAIL  dist/packages/openneuro-server/src/libs/email/templates/__tests__/owner-unsubscribed.spec.js > email template -> comment created > renders with expected arguments,acceptable,2026-10-01T12:59:11.861635+00:00,2c079adbeefd5614,23,
openneuro,1712075389_766ed0fee3e001472db7db891f92c3db74108894,vitest,1,517,52093, FAIL  dist/packages/openneuro-server/src/libs/email/templates/__tests__/snapshot-created.spec.js > email template -> comment created > renders with expected arguments,acceptable,2026-10-01T12:59:11.869542+00:00,ae904d7b0b2e969f,23,8c95f2482310
openneuro,1712075389_766ed0fee3e001472db7db891f92c3db74108894,vitest,1,518,52105, FAIL  dist/packages/openneuro-server/src/libs/email/templates/__tests__/snapshot-reminder.spec.js > email template -> comment created > renders with expected arguments,acceptable,2026-10-01T12:59:11.875110+00:00,5b75815a46a1a4bd,23,8c95f2482310
openneuro,1713903116_47b581a428c42b83be126eea8b875f83093d9554,vitest,1,519,897, FAIL  packages/openneuro-components/dist/button/__tests__/Button.spec.js [ packages/openneuro-components/dist/button/__tests__/Button.spec.js ],acceptable,2026-10-01T12:59:22.192793+00:00,f2a8c1310520cdc7,1,
openneuro,1713903116_47b581a428c42b83be126eea8b875f83093d9554,vitest,1,520,914, FAIL  packages/openneuro-components/dist/count-toggle/__tests__/CountToggle.spec.js [ packages/openneuro-components/dist/count-toggle/__tests__/CountToggle.spec.js ],acceptable,2026-10-01T12:59:22.203322+00:00,81d793ce19125036,1,5e0fbad2b751
openneuro,1713903116_47b581a428c42b83be126eea8b875f83093d9554,vitest,1,521,973, FAIL  packages/openneuro-components/dist/radio/__tests__/RadioGroup.spec.js [ packages/openneuro-components/dist/radio/__tests__/RadioGroup.spec.js ],acceptable,2026-10-01T12:59:22.210591+00:00,19cc4a4f47ca6267,1,5e0fbad2b751
openneuro,1713903116_47b581a428c42b83be126eea8b875f83093d9554,vitest,1,522,990, FAIL  packages/openneuro-components/dist/range/__tests__/TwoHandleRange.spec.js [ packages/openneuro-components/dist/range/__tests__/TwoHandleRange.spec.js ],acceptable,2026-10-01T12:59:22.217846+00:00,5bc90cda46d9273b,1,5e0fbad2b751
openneuro,1713903116_47b581a428c42b83be126eea8b875f83093d9554,vitest,1,523,1007, FAIL  packages/openneuro-components/dist/select/__tests__/SelectGroup.spec.js [ packages/openneuro-components/dist/select/__tests__/SelectGroup.spec.js ],acceptable,2026-10-01T12:59:22.226397+00:00,0917df38e24eeeb0,1,5e0fbad2b751
openneuro,1713903116_47b581a428c42b83be126eea8b875f83093d9554,vitest,1,524,1049, FAIL  packages/openneuro-components/dist/textarea/__tests__/Textarea.spec.js [ packages/openneuro-components/dist/textarea/__tests__/Textarea.spec.js ],acceptable,2026-10-01T12:59:22.233706+00:00,55ed73a7a2a5b3e9,1,5e0fbad2b751
openneuro,1713903116_47b581a428c42b83be126eea8b875f83093d9554,vitest,1,525,1844, FAIL  packages/openneuro-app/dist/scripts/components/__tests__/date-distance.spec.js [ packages/openneuro-app/dist/scripts/components/__tests__/date-distance.spec.js ],acceptable,2026-10-01T12:59:22.239791+00:00,7ea1e9beec1b76f6,1,5e0fbad2b751
openneuro,1713903116_47b581a428c42b83be126eea8b875f83093d9554,vitest,1,526,2496, FAIL  packages/openneuro-app/dist/scripts/common/containers/__tests__/header.spec.js [ packages/openneuro-app/dist/scripts/common/containers/__tests__/header.spec.js ],acceptable,2026-10-01T12:59:22.242841+00:00,e647ec8a214b9190,1,5e0fbad2b751
openneuro,1713903116_47b581a428c42b83be126eea8b875f83093d9554,vitest,1,527,2545, FAIL  packages/openneuro-app/dist/scripts/dataset/mutations/__tests__/deprecate-version.spec.js [ packages/openneuro-app/dist/scripts/dataset/mutations/__tests__/deprecate-version.spec.js ],acceptable,2026-10-01T12:59:22.245835+00:00,4b6329b43b98b6e9,1,5e0fbad2b751
openneuro,1713903116_47b581a428c42b83be126eea8b875f83093d9554,vitest,1,528,3057,"TypeError: The ""list[1]"" argument must be an instance of Buffer or Uint8Array. Received type string ('coverage-0.json')",acceptable,2026-10-01T12:59:25.085278+00:00,9d123bcff2c204fc,2,
openneuro,1716405226_e63fc149fd305e98dabffa4754b34e48f9531a99,vitest,1,529,562,TypeError: Cannot read properties of undefined (reading 'total'),acceptable,2026-10-01T12:59:29.098427+00:00,0eb339ac2250bb27,1,
openneuro,1716405226_e63fc149fd305e98dabffa4754b34e48f9531a99,vitest,1,530,581,TypeError: Cannot read properties of undefined (reading 'total'),acceptable,2026-10-01T12:59:29.864823+00:00,103f236337b796cd,1,
openneuro,1716405226_e63fc149fd305e98dabffa4754b34e48f9531a99,vitest,1,531,729, FAIL  packages/openneuro-server/src/graphql/resolvers/__tests__/dataset-search.spec.ts > dataset search resolvers > elasticRelayConnection() > returns a relay cursor for empty ApiResponse,acceptable,2026-10-01T12:59:32.781143+00:00,78f23b76ac74e81b,1,
openneuro,1716405226_e63fc149fd305e98dabffa4754b34e48f9531a99,vitest,1,532,757, FAIL  packages/openneuro-server/src/graphql/resolvers/__tests__/dataset-search.spec.ts > dataset search resolvers > elasticRelayConnection() > returns a relay cursor for ApiResponse with results,acceptable,2026-10-01T12:59:33.363066+00:00,f877614886fab13f,1,
openneuro,1720411132_d1ec513c6e3d026c264ee258c532bbfa6b35a72b,vitest,1,533,685, FAIL  packages/openneuro-app/src/scripts/dataset/comments/__tests__/comment.spec.jsx [ packages/openneuro-app/src/scripts/dataset/comments/__tests__/comment.spec.jsx ],reevaluated_acceptable,2026-10-02T11:51:52.610334+00:00,ce342528f9a17f3d,1,
openneuro,1723670032_eb3bfc096d431440475e5a9c7e18af27625923b4,vitest,1,534,762, FAIL  packages/openneuro-app/src/scripts/pages/__tests__/terms.spec.tsx > TermsPage > renders the terms and conditions,acceptable,2026-10-01T12:59:46.614739+00:00,57c11089aeddfefa,2,
openneuro,1724865489_114f3ed27bb814cd95d2ae8d98b6e6f0566237b7,vitest,1,535,589,Error: Uncaught [TypeError: setValue is not a function],acceptable,2026-10-01T12:59:48.357964+00:00,06e05be92bdc2c4a,1,
openneuro,1724865489_114f3ed27bb814cd95d2ae8d98b6e6f0566237b7,vitest,1,536,610,Error: Uncaught [TypeError: setValue is not a function],acceptable,2026-10-01T12:59:48.853969+00:00,b3b0ce6a2680ce06,1,
openneuro,1724865489_114f3ed27bb814cd95d2ae8d98b6e6f0566237b7,vitest,1,537,631,  stackStr: 'TypeError: setValue is not a function\n' +,acceptable,2026-10-01T12:59:49.289354+00:00,3850f7354ab71ca9,1,
openneuro,1724865489_114f3ed27bb814cd95d2ae8d98b6e6f0566237b7,vitest,1,538,642,"  nameStr: 'TypeError',",acceptable,2026-10-01T12:59:50.285182+00:00,d7dfc6f10ee5a079,1,
openneuro,1724865489_114f3ed27bb814cd95d2ae8d98b6e6f0566237b7,vitest,1,539,667,Error: Uncaught [TypeError: Cannot read properties of null (reading 'toLowerCase')],acceptable,2026-10-01T12:59:51.751783+00:00,8365b2b6d92cd4c6,8,
openneuro,1724865489_114f3ed27bb814cd95d2ae8d98b6e6f0566237b7,vitest,1,540,810, FAIL  packages/openneuro-app/src/scripts/pages/admin/__tests__/users.spec.tsx > Users > handles filtering users with no email,acceptable,2026-10-01T12:59:54.147233+00:00,3158d0595a46f81c,2,
openneuro,1724865489_114f3ed27bb814cd95d2ae8d98b6e6f0566237b7,vitest,1,541,836,TypeError: setValue is not a function,acceptable,2026-10-01T12:59:55.902920+00:00,03b3b74ec4bc42b7,1,
openneuro,1729635343_beada4010e9d4f939cfeb75dc713d76faab12728,vitest,1,542,673, FAIL  packages/openneuro-server/src/datalad/__tests__/snapshots.spec.ts > snapshot model operations > createSnapshot() > posts to the DataLad /datasets/{dsId}/snapshots/{snapshot} endpoint,acceptable,2026-10-01T12:59:56.908445+00:00,d3861ec331c284b3,49,
openneuro,1731282212_1a240b82d856267c8072544157f01e7534f99297,vitest,1,543,790, FAIL  packages/openneuro-app/src/scripts/dataset/__tests__/snapshot-container.spec.tsx [ packages/openneuro-app/src/scripts/dataset/__tests__/snapshot-container.spec.tsx ],acceptable,2026-10-01T12:59:57.850496+00:00,61ebb619283c1c78,1,
openneuro,1734385532_f17d3187e91e7b497b627837d528ee92a00bc64e,vitest,1,544,779, FAIL  packages/openneuro-app/src/scripts/users/__tests__/user-routes.test.tsx [ packages/openneuro-app/src/scripts/users/__tests__/user-routes.test.tsx ],reevaluated_acceptable,2026-10-01T12:59:57.858547+00:00,6d5d40ab83400651,1,ef02c9c86982
openneuro,1734385811_c28809559fd242f8472e08b27492211f0db64480,vitest,1,545,779, FAIL  packages/openneuro-app/src/scripts/users/__tests__/user-card.test.tsx [ packages/openneuro-app/src/scripts/users/__tests__/user-card.test.tsx ],reevaluated_acceptable,2026-10-01T12:59:57.866252+00:00,93fbcdb5a2b44d4e,1,ef02c9c86982
openneuro,1734562846_70d9a43551b957ed94e4440b76132859ee1f8b8c,vitest,1,546,1291, FAIL  packages/openneuro-app/src/scripts/users/__tests__/user-query.spec.tsx [ packages/openneuro-app/src/scripts/users/__tests__/user-query.spec.tsx ],acceptable,2026-10-01T12:59:58.711105+00:00,03b2ebead1438d7a,12,
openneuro,1734562846_70d9a43551b957ed94e4440b76132859ee1f8b8c,vitest,1,547,1305, FAIL  packages/openneuro-app/src/scripts/users/__tests__/user-account-view.spec.tsx > <UserAccountView /> > should render the user details correctly,acceptable,2026-10-01T13:00:02.694770+00:00,80d6ffd86e70b10a,16,
openneuro,1734562846_70d9a43551b957ed94e4440b76132859ee1f8b8c,vitest,1,548,1458, FAIL  packages/openneuro-app/src/scripts/users/__tests__/user-account-view.spec.tsx > <UserAccountView /> > should render links with EditableContent,acceptable,2026-10-01T13:00:03.729064+00:00,34b9a71eadb4c964,2,
openneuro,1734562846_70d9a43551b957ed94e4440b76132859ee1f8b8c,vitest,1,549,1477, FAIL  packages/openneuro-app/src/scripts/users/__tests__/user-account-view.spec.tsx > <UserAccountView /> > should render location with EditableContent,acceptable,2026-10-01T13:00:03.734815+00:00,a5ed30f115860f46,3,06cc814c916a
openneuro,1734562846_70d9a43551b957ed94e4440b76132859ee1f8b8c,vitest,1,550,1677, FAIL  packages/openneuro-app/src/scripts/users/__tests__/user-account-view.spec.tsx > <UserAccountView /> > should render institution with EditableContent,acceptable,2026-10-01T13:00:03.739812+00:00,0d4b974990c62173,3,06cc814c916a
openneuro,1734562846_70d9a43551b957ed94e4440b76132859ee1f8b8c,vitest,1,551,1877, FAIL  packages/openneuro-app/src/scripts/dataset/mutations/__tests__/update-permissions.spec.jsx > UpdateDatasetPermissions mutation > isValidOrcid > matches typical ORCID strings,acceptable,2026-10-01T13:00:05.709977+00:00,8ad6f17d8b342ee5,1,
openneuro,1734650841_5d293c275bb0fec2f180a194283d8728d0e8349b,vitest,1,552,1167, FAIL  packages/openneuro-app/src/scripts/users/__tests__/user-query.spec.tsx > UserQuery Component > renders UserRoutes for a valid ORCID,acceptable,2026-10-01T13:00:06.719851+00:00,88f7ed7de1925690,6,
openneuro,1736967877_534607d808a7f494e9477d965df94c7ac69dbb58,vitest,1,553,1059, FAIL  packages/openneuro-app/src/scripts/users/__tests__/user-routes.spec.tsx > UserRoutes Component > renders UserDatasetsView for the default route,acceptable,2026-10-01T13:00:07.767830+00:00,d9c9ca8954faa985,9,
openneuro,1738629698_fe5f3accb3ab0375ce8e884884726813145268e7,vitest,1,554,909, FAIL  packages/openneuro-app/src/scripts/search/__tests__/search-container.spec.tsx [ packages/openneuro-app/src/scripts/search/__tests__/search-container.spec.tsx ],reevaluated_acceptable,2026-10-01T13:00:07.773175+00:00,9ccf10d093b0b0be,9,ef02c9c86982
openneuro,1738790450_1ab46e07a04b8682e1b1700ea06815ba1f6afda8,vitest,1,555,1396, FAIL  packages/openneuro-app/src/scripts/validation/__tests__/validation-issues.spec.tsx > Issues component > renders multiple issues,acceptable,2026-10-01T13:00:08.750481+00:00,1daba9c5f652a320,4,
openneuro,1738794949_aa191b359f2968c0efdb9396f7d111fa06e6e789,vitest,1,556,1623, FAIL  packages/openneuro-app/src/scripts/dataset/components/__tests__/ValidationBlock.spec.tsx > ValidationBlock component > renders schema validation if validation prop is present,acceptable,2026-10-01T13:00:09.701603+00:00,ef73d41c54876bd9,2,
openneuro,1739301550_f3419770a9b43be97a39c7f91c9b94b5191ef2a1,vitest,1,557,641,Error: Uncaught [TypeError: Cannot read properties of null (reading 'sub')],acceptable,2026-10-01T13:00:10.624809+00:00,0d3364d9249b0b69,1,
openneuro,1739301550_f3419770a9b43be97a39c7f91c9b94b5191ef2a1,vitest,1,558,903, FAIL  packages/openneuro-app/src/scripts/users/__tests__/user-query.spec.tsx > UserQuery component > displays the ORCID on the page for a valid ORCID,acceptable,2026-10-01T13:00:11.587288+00:00,8322841c6bfde9c7,9,
openneuro,1739301550_f3419770a9b43be97a39c7f91c9b94b5191ef2a1,vitest,1,559,930,TypeError: Cannot read properties of null (reading 'sub'),acceptable,2026-10-01T13:00:12.576263+00:00,193167a839cda45c,1,
openneuro,1739570138_051223a6fd4be52845adc9a29dbd95f1e4eb4bef,vitest,1,560,940, FAIL  packages/openneuro-app/src/scripts/search/__tests__/search-container.spec.tsx > SearchContainer component > setDefaultSearch > updates default state when a modality is provided differing from the default,acceptable,2026-10-01T13:00:13.565257+00:00,eae0416734cbea27,6,
openneuro,1739570138_051223a6fd4be52845adc9a29dbd95f1e4eb4bef,vitest,1,561,953," FAIL  packages/openneuro-app/src/scripts/search/__tests__/search-container.spec.tsx > SearchContainer component > setDefaultSearch > sets datasetType_select to my datasets with ""mydatasets"" parameter",acceptable,2026-10-01T13:00:14.472588+00:00,ed7c23cd8d5fc5e1,6,
openneuro,1739570138_051223a6fd4be52845adc9a29dbd95f1e4eb4bef,vitest,1,562,966," FAIL  packages/openneuro-app/src/scripts/search/__tests__/search-container.spec.tsx > SearchContainer component > setDefaultSearch > sets datasetType_select to my datasets with ""bookmarks"" parameter",acceptable,2026-10-01T13:00:15.476166+00:00,e82d7383bc27bcba,6,
openneuro,1739908661_f00b03cdb9f734cc9d2202015eb8c6109159e89c,vitest,1,563,969, FAIL  packages/openneuro-components/src/facets/__tests__/SingleSelect.spec.tsx > SingleSelect Component > renders the provided items and updates selected state on click,acceptable,2026-10-01T13:00:16.483469+00:00,2c39e93d8d0d62ff,2,
openneuro,1739912663_bed11c9f0e7abf75671ed3e94114122305951b96,vitest,1,564,1053, FAIL  packages/openneuro-app/src/scripts/search/inputs/__tests__/initiative-select.spec.tsx > NIHSelect Component > updates search params when NIH is selected and navigates to the NIH page,acceptable,2026-10-01T13:00:17.384450+00:00,2c10e544f66b4494,1,
openneuro,1741127793_0c60c8662a35f3f16ace1f87fc06a7239134898c,vitest,1,565,999, FAIL  packages/openneuro-app/src/scripts/search/inputs/__tests__/sort-by-select.spec.tsx [ packages/openneuro-app/src/scripts/search/inputs/__tests__/sort-by-select.spec.tsx ],reevaluated_acceptable,2026-10-01T13:00:23.284336+00:00,0bd698764211c5d3,4,
openneuro,1741214144_c030a8e0da099f85eb5b8f3a64bf44c821510255,vitest,1,566,1078, FAIL  packages/openneuro-app/src/scripts/users/__tests__/user-tabs.spec.tsx > UserAccountTabs Component > should update active class on the correct NavLink based on route,acceptable,2026-10-01T13:00:26.958954+00:00,68fb6a51cfb4c339,2,
openneuro,1741214144_c030a8e0da099f85eb5b8f3a64bf44c821510255,vitest,1,567,1139, FAIL  packages/openneuro-app/src/scripts/users/__tests__/user-tabs.spec.tsx > UserAccountTabs Component > should trigger animation state when a tab is clicked,acceptable,2026-10-01T13:00:28.019743+00:00,cc47a2780c8807ef,2,
openneuro,1741646748_1129abd73c8163282cb3857e6a2ad0da59d788b9,vitest,1,568,1007, FAIL  packages/openneuro-server/src/models/__tests__/datasetEvents.spec.ts > DatasetEvent Model > should create a new DatasetEvent,acceptable,2026-10-01T13:00:29.063024+00:00,11b1d4b0e9f3b360,28,
openneuro,1744231845_941f83dfb23a6e85920b73fb015446aa15837b45,vitest,1,569,1163, FAIL  packages/openneuro-app/src/scripts/components/modal/__tests__/UserLoginModal.spec.tsx > UserLoginModal component > ORCID login link has correctly formed auth URL,acceptable,2026-10-01T13:00:29.068887+00:00,fe4e0ed34ce82664,3,06cc814c916a
openneuro,1745875932_12280a4b7d5ec576b6d8f686098ac6e133bbeb1f,vitest,1,570,704, FAIL  packages/openneuro-app/src/scripts/users/__tests__/user-account-view.spec.tsx [ packages/openneuro-app/src/scripts/users/__tests__/user-account-view.spec.tsx ],acceptable,2026-10-01T13:00:30.911990+00:00,8e363b38dea2b347,7,
openneuro,1745875932_12280a4b7d5ec576b6d8f686098ac6e133bbeb1f,vitest,1,571,728, FAIL  packages/openneuro-app/src/scripts/users/__tests__/user-routes.spec.tsx [ packages/openneuro-app/src/scripts/users/__tests__/user-routes.spec.tsx ],reevaluated_acceptable,2026-10-01T13:00:33.898407+00:00,1d0804b045d90fdc,7,
openneuro,1745959572_6ddef4387cf5ebc20a22d6fb474274db1293a2d9,vitest,1,572,1310, FAIL  packages/openneuro-app/src/scripts/users/__tests__/user-account-view.spec.tsx > <UserAccountView /> > should render links with EditableContent and validation,acceptable,2026-10-01T13:00:35.718338+00:00,aef0ea14f90a21bf,1,
openneuro,1745959572_6ddef4387cf5ebc20a22d6fb474274db1293a2d9,vitest,1,573,1335, FAIL  packages/openneuro-app/src/scripts/users/__tests__/user-account-view.spec.tsx > <UserAccountView /> > should show an error message when invalid URL is entered in links section,acceptable,2026-10-01T13:00:36.238438+00:00,5a872b7f67eeb39b,3,
openneuro,1745959572_6ddef4387cf5ebc20a22d6fb474274db1293a2d9,vitest,1,574,1400, FAIL  packages/openneuro-app/src/scripts/users/__tests__/user-routes.spec.tsx > UserRoutes Component > renders UserAccountView when hasEdit is true,acceptable,2026-10-01T13:00:37.168069+00:00,5bcd467a070dadcb,1,
openneuro,1746482858_b66b65e54948c069cc3f8d6cec520a7e2cacda3f,vitest,1,575,1605, FAIL  packages/openneuro-app/src/scripts/users/__tests__/datasest-card.spec.tsx > <UserDatasetsView /> > renders loading state,acceptable,2026-10-01T13:00:38.648105+00:00,92c6d7c67a2c87c8,5,
openneuro,1746482858_b66b65e54948c069cc3f8d6cec520a7e2cacda3f,vitest,1,576,1611, FAIL  packages/openneuro-app/src/scripts/users/__tests__/user-routes.spec.tsx > UserRoutes Component > renders UserNotificationsView when hasEdit is true,acceptable,2026-10-01T13:00:39.969759+00:00,a157311cd75af4a7,5,
openneuro,1746567712_6bab7a75be3e8f82df3e71ed9220b5faf8f6acd3,vitest,1,577,786,Error: Uncaught [TypeError: Cannot read properties of undefined (reading 'name')],acceptable,2026-10-01T13:00:44.406854+00:00,ec081a4a86f38e91,4,
openneuro,1746567712_6bab7a75be3e8f82df3e71ed9220b5faf8f6acd3,vitest,1,578,1060,Error: Uncaught [TypeError: Cannot destructure property 'location' of 'orcidUser' as it is undefined.],acceptable,2026-10-01T13:00:45.417104+00:00,640f57354a751f9e,4,
openneuro,1746567712_6bab7a75be3e8f82df3e71ed9220b5faf8f6acd3,vitest,1,579,1923, FAIL  packages/openneuro-app/src/scripts/users/__tests__/user-card.spec.tsx > UserCard Component > renders all user details when all data is provided,acceptable,2026-10-01T13:00:46.468329+00:00,4acd627f3b1a85dc,4,
openneuro,1746638998_bd94a546f37b233e8a8557a930c9ab80d39cde1c,vitest,1,580,897, FAIL  packages/openneuro-app/src/scripts/users/__tests__/datasest-card.spec.tsx [ packages/openneuro-app/src/scripts/users/__tests__/datasest-card.spec.tsx ],reevaluated_acceptable,2026-10-01T13:00:52.059564+00:00,d4a9ad8483e43e37,3,
openneuro,1746638998_bd94a546f37b233e8a8557a930c9ab80d39cde1c,vitest,1,581,905, FAIL  packages/openneuro-app/src/scripts/users/__tests__/datasest-card.spec.tsx > DatasetCard,reevaluated_acceptable,2026-10-01T13:01:02.587426+00:00,ed3ddcf7be8a1c0d,3,40ef758d1b4d
openneuro,1746638998_bd94a546f37b233e8a8557a930c9ab80d39cde1c,vitest,1,582,921, FAIL  packages/openneuro-app/src/scripts/users/__tests__/user-card.spec.tsx > UserCard Component,reevaluated_acceptable,2026-10-01T13:01:02.593256+00:00,2b6330ec70adb6ac,3,40ef758d1b4d
openneuro,1746833092_d15f222961e58ccc4b938a8b2535f33f336e7706,vitest,1,583,1153, FAIL  packages/openneuro-app/src/scripts/users/__tests__/datasest-card.spec.tsx > DatasetCard > should render dataset information correctly,acceptable,2026-10-01T13:01:07.679973+00:00,bcf24f7780f5040e,5,
openneuro,1747242420_4ed9677fd82ab3e4278da83161bb3b58d4049f88,vitest,1,584,1016, FAIL  packages/openneuro-server/src/graphql/__tests__/permissions.spec.ts > resolver permissions helpers > checkDatasetWrite() > resolves to true for admins,acceptable,2026-10-01T13:01:09.576159+00:00,f72635e3f19ed289,1,
openneuro,1747242420_4ed9677fd82ab3e4278da83161bb3b58d4049f88,vitest,1,585,1032, FAIL  packages/openneuro-server/src/graphql/__tests__/permissions.spec.ts > resolver permissions helpers > checkDatasetAdmin() > resolves to true for admins,acceptable,2026-10-01T13:01:10.161594+00:00,4d332ddc16895a43,1,
openneuro,1747254470_ec685ce72d1c32a18557adf34ce846a1724037ab,vitest,1,586,1144, FAIL  packages/openneuro-server/src/graphql/resolvers/__tests__/user.spec.ts > user resolvers > users() > allows admins to retrieve users,reevaluated_acceptable,2026-10-01T13:01:10.167750+00:00,0ad44431f902e461,16,6cb8a6878755
openneuro,1747254470_ec685ce72d1c32a18557adf34ce846a1724037ab,vitest,1,587,1173, FAIL  packages/openneuro-app/src/scripts/pages/admin/__tests__/users.spec.tsx > Users > renders users,acceptable,2026-10-01T13:01:10.956454+00:00,22024c3794794085,12,
openneuro,1747766082_f9af5414994c2ed2f42c4a8129289ff441e36a4a,vitest,1,588,887, FAIL  packages/openneuro-server/src/graphql/resolvers/__tests__/user.spec.ts > user resolvers > users() > throws an error for non-admins when no filter is provided,reevaluated_acceptable,2026-10-02T11:51:52.610334+00:00,68551009ad55edcb,4,
openneuro,1747766082_f9af5414994c2ed2f42c4a8129289ff441e36a4a,vitest,1,589,934,AssertionError: expected MongooseError: Operation `users.countDocu… to deeply equal Error: You must be a site admin to retrie…,reevaluated_acceptable,2026-10-02T11:51:52.610334+00:00,4f205b94991802cc,5,
openneuro,1747945557_b69812e9b67c401382b5a18291e2019016d6932b,vitest,1,590,875, FAIL  packages/openneuro-server/src/graphql/resolvers/__tests__/user.spec.ts > user resolvers > users() > throws an error for non-admins,reevaluated_acceptable,2026-10-02T11:51:52.610334+00:00,dc39a08d09c6446b,1,
openneuro,1749146534_319058341ccbdadbb5695fcb8b7b5dd4956cd86d,vitest,1,591,870, FAIL  packages/openneuro-server/src/graphql/resolvers/__tests__/user.spec.ts > user resolvers > users() > returns data for non-admin context (as current resolver has no top-level admin check),acceptable,2026-10-01T13:01:15.758582+00:00,2a7872c4c3a18ff1,2,
openneuro,1750878275_a97bb955016be73883e30ba2ad6f243843855a0c,vitest,1,592,914, FAIL  packages/openneuro-app/src/scripts/dataset/__tests__/draft-container.spec.tsx > DraftContainer > dataset name field > is editable for users with permissions,acceptable,2026-10-01T13:01:17.550686+00:00,02f4f0b69de3374b,1,
openneuro,1752176884_257c477323d336b2edf4d974d1a87342cdcb90b4,vitest,1,593,963, FAIL  packages/openneuro-server/src/datalad/__tests__/creators.spec.ts > creators (core functionality) > should return default empty array if no creators array in datacite.yml or dataset_description.json (or wrong resourceTypeGeneral in datacite.yml),acceptable,2026-10-01T13:01:18.430658+00:00,778d4730882e00c2,1,
openneuro,1752176884_257c477323d336b2edf4d974d1a87342cdcb90b4,vitest,1,594,988, FAIL  packages/openneuro-server/src/datalad/__tests__/creators.spec.ts > creators (core functionality) > should return default empty array if datacite.yml is Dataset type but provides no creators,acceptable,2026-10-01T13:01:19.060956+00:00,849b6dbb50a24522,1,
openneuro,1752176884_257c477323d336b2edf4d974d1a87342cdcb90b4,vitest,1,595,1013, FAIL  packages/openneuro-server/src/datalad/__tests__/creators.spec.ts > creators (core functionality) > should capture message if datacite.yml has unexpected content type but still parses,acceptable,2026-10-01T13:01:19.838950+00:00,c07a9c22d5296efd,1,
openneuro,1753739687_fe7aca262c615eb598a13ff90d5089d2480379cb,vitest,1,596,2262, FAIL  packages/openneuro-app/src/scripts/users/__tests__/user-routes.spec.tsx > UserRoutes Component > renders UserNotificationsView when hasEdit is true,acceptable,2026-10-01T13:01:20.738488+00:00,f5fafc7839d51819,1,
openneuro,1753739687_fe7aca262c615eb598a13ff90d5089d2480379cb,vitest,1,597,2612, FAIL  packages/openneuro-app/src/scripts/users/__tests__/user-routes.spec.tsx > UserRoutes Component > renders SavedNotifications within UserNotificationsView,acceptable,2026-10-01T13:01:21.357711+00:00,4de513142852a57a,26,
openneuro,1753739687_fe7aca262c615eb598a13ff90d5089d2480379cb,vitest,1,598,2962, FAIL  packages/openneuro-app/src/scripts/users/__tests__/user-routes.spec.tsx > UserRoutes Component > renders ArchivedNotifications within UserNotificationsView,acceptable,2026-10-01T13:01:22.199300+00:00,f85dd44042820912,26,
openneuro,1753739687_fe7aca262c615eb598a13ff90d5089d2480379cb,vitest,1,599,3312, FAIL  packages/openneuro-app/src/scripts/users/__tests__/user-routes.spec.tsx > UserRoutes Component > renders 404 for unknown notification sub-route,acceptable,2026-10-01T13:01:23.412012+00:00,5ecf8ee46869fe16,26,
openneuro,1755724959_dab42f4c0a876ff953804a204f486237f0ae6f4e,vitest,1,600,517,Error: Uncaught [TypeError: Cannot read properties of undefined (reading 'map')],acceptable,2026-10-01T13:01:24.740680+00:00,ab8e87a90b2ddbe8,25,
openneuro,1755724959_dab42f4c0a876ff953804a204f486237f0ae6f4e,vitest,1,601,1317, FAIL  packages/openneuro-app/src/scripts/users/__tests__/user-routes.spec.tsx > UserRoutes Component > renders UserNotificationsView for the default notifications route,acceptable,2026-10-01T13:01:25.972678+00:00,e3c90a1e17e3592a,25,
openneuro,1755724959_dab42f4c0a876ff953804a204f486237f0ae6f4e,vitest,1,602,1341, FAIL  packages/openneuro-app/src/scripts/users/__tests__/user-routes.spec.tsx > UserRoutes Component > renders UnreadNotifications within UserNotificationsView for the index route,acceptable,2026-10-01T13:01:28.206532+00:00,38ad68d96b27f08e,25,
openneuro,1755724959_dab42f4c0a876ff953804a204f486237f0ae6f4e,vitest,1,603,1443,TypeError: Cannot read properties of undefined (reading 'map'),acceptable,2026-10-01T13:01:29.620657+00:00,a7b8e5a942e882d9,25,
openneuro,1757977568_89894dd7a5eb06a45ebeefeaff5e3feaa01c23bf,vitest,1,604,1442, FAIL  packages/openneuro-server/src/datalad/__tests__/contributors.spec.ts > contributors (core functionality) > should return default empty array if no contributors array in datacite file or dataset_description.json (or wrong resourceTypeGeneral in datacite file),acceptable,2026-10-01T13:01:31.074310+00:00,c52e2adc024658fe,13,
openneuro,1757977568_89894dd7a5eb06a45ebeefeaff5e3feaa01c23bf,vitest,1,605,1461, FAIL  packages/openneuro-server/src/datalad/__tests__/contributors.spec.ts > contributors (core functionality) > should return default empty array if datacite file is Dataset type but provides no contributors,acceptable,2026-10-01T13:01:31.440799+00:00,33580a61ce3922db,14,
openneuro,1757977568_89894dd7a5eb06a45ebeefeaff5e3feaa01c23bf,vitest,1,606,1480, FAIL  packages/openneuro-server/src/datalad/__tests__/contributors.spec.ts > contributors (core functionality) > should capture message if datacite file has unexpected content type but still parses,acceptable,2026-10-01T13:01:31.887501+00:00,d97c7f60448d7a77,14,
openneuro,1757977625_fb5c753d7398e231556344c2ab6bb059803dddbe,vitest,1,607,1831, FAIL  packages/openneuro-app/src/scripts/dataset/__tests__/draft-container.spec.tsx > DraftContainer > renders dataset name and authors,acceptable,2026-10-01T13:01:32.256361+00:00,2a510d1d0e101638,8,
openneuro,1757977625_fb5c753d7398e231556344c2ab6bb059803dddbe,vitest,1,608,2207, FAIL  packages/openneuro-app/src/scripts/users/__tests__/contributor.spec.tsx > SingleContributorDisplay - Basic Loading > renders the component and displays the ORCID link if an ID is provided,acceptable,2026-10-01T13:01:32.876148+00:00,02e38bb4824717f9,3,
openneuro,1758047248_bd404a18eaa70143f1cbdf568446656715eb2c29,vitest,1,609,1830, FAIL  packages/openneuro-app/src/scripts/contributors/__tests__/contributor.spec.tsx > SingleContributorDisplay - Basic Loading > renders the component and displays the ORCID link if an ID is provided,acceptable,2026-10-01T13:01:33.634278+00:00,3a86c6423ed8db54,3,
openneuro,1760647086_9abd642f788052f5bb522242e0de10fa88994d4a,vitest,1,610,5243, FAIL  packages/openneuro-app/src/scripts/contributors/__tests__/contributor-form.spec.tsx > ContributorFormRow > renders contributor name input,acceptable,2026-10-01T13:01:34.957716+00:00,0e3dd2f730f7d9fa,2,
openneuro,1760647086_9abd642f788052f5bb522242e0de10fa88994d4a,vitest,1,611,5267, FAIL  packages/openneuro-app/src/scripts/contributors/__tests__/contributor-list.spec.tsx > ContributorsListDisplay > renders contributors list,acceptable,2026-10-01T13:01:36.355642+00:00,f94e8d98a2f83982,2,
openneuro,1760647086_9abd642f788052f5bb522242e0de10fa88994d4a,vitest,1,612,5347, FAIL  packages/openneuro-app/src/scripts/contributors/__tests__/contributor-list.spec.tsx > ContributorsListDisplay > enters edit mode when edit button clicked,acceptable,2026-10-01T13:01:38.817950+00:00,b1341a24011e7072,3,
openneuro,1760647086_9abd642f788052f5bb522242e0de10fa88994d4a,vitest,1,613,6033, FAIL  packages/openneuro-app/src/scripts/contributors/__tests__/contributor-list.spec.tsx > ContributorsListDisplay > adds a new contributor when 'Add Contributor' clicked,acceptable,2026-10-01T13:01:39.175102+00:00,6c16cc414923103b,3,
openneuro,1760647086_9abd642f788052f5bb522242e0de10fa88994d4a,vitest,1,614,7025, FAIL  packages/openneuro-app/src/scripts/contributors/__tests__/contributor-list.spec.tsx > ContributorsListDisplay > shows an error when trying to submit with empty name,acceptable,2026-10-01T13:01:39.540162+00:00,15263ba45cfe6bc2,3,
openneuro,1760647086_9abd642f788052f5bb522242e0de10fa88994d4a,vitest,1,615,8027, FAIL  packages/openneuro-app/src/scripts/dataset/__tests__/draft-container.spec.tsx > DraftContainer > renders dataset name and contributors as authors,acceptable,2026-10-01T13:01:40.180146+00:00,df18d2761588b72d,2,
openneuro,1760986302_7bef764f107b7e92e582a814a24607ed3676747a,vitest,1,616,1628, FAIL  packages/openneuro-app/src/scripts/dataset/files/__tests__/file-tree-unloaded-directory.spec.jsx > FileTreeUnloadedDirectory component > mergeNewFiles > merges file lists,acceptable,2026-10-01T13:01:41.525524+00:00,33925c0ec238da6e,1,
openneuro,1760986302_7bef764f107b7e92e582a814a24607ed3676747a,vitest,1,617,1655, FAIL  packages/openneuro-app/src/scripts/dataset/files/__tests__/file-tree-unloaded-directory.spec.jsx > FileTreeUnloadedDirectory component > mergeNewFiles > works with snapshots,acceptable,2026-10-01T13:01:41.970916+00:00,83ca5240c183d02f,1,
openneuro,1762376233_844f80d5b106ff877c900ddb3cbc4e245d30bf45,vitest,1,618,1812, FAIL  packages/openneuro-server/src/graphql/resolvers/__tests__/user.spec.ts > user resolvers > users() > rejects data for non-admin context,acceptable,2026-10-01T13:01:42.492676+00:00,8e14cdbdf0aa63d9,2,
openneuro,1618358542_f8088c6192385cde8158e19fa943527cde73d7e2,jest,1,153,308,  ● Test suite failed to run,reevaluated_acceptable,2026-10-02T11:36:06.851593+00:00,8547245a10a1bcb1,8,5b00101256f5
openneuro,1668620782_33379eed9460743a7c6f67fec0fbd15917a1d55a,vitest,1,222,1238, FAIL  packages/openneuro-server/src/libs/email/__tests__/index.spec.ts [ packages/openneuro-server/src/libs/email/__tests__/index.spec.ts ],reevaluated_acceptable,2026-10-02T11:36:06.861355+00:00,3c4c84cedbeb4332,3,ef02c9c86982
openneuro,1672936300_77d1c2d48c81a4483f608d4349fffc4569a9e12a,vitest,1,231,974, FAIL  packages/openneuro-server/src/datalad/__tests__/description.spec.js > datalad dataset descriptions > handles a corrupted response,acceptable,2026-10-02T11:36:18.559143+00:00,85bab228ada9f62e,1,
openneuro,1672936300_77d1c2d48c81a4483f608d4349fffc4569a9e12a,vitest,1,232,989, FAIL  packages/openneuro-server/src/datalad/__tests__/description.spec.js > datalad dataset descriptions > works without a dataset_description.json being present,acceptable,2026-10-02T11:36:19.352120+00:00,f3c2631666e6c30e,1,
openneuro,1691015947_340d7ff39ae8cab270bc082f413bb8fe7534377a,vitest,1,243,697, FAIL  packages/openneuro-client/src/__tests__/datasets.spec.js > datasets.js > getDataset query > returns the expected dataset,acceptable,2026-10-02T11:36:22.446784+00:00,7a31ee831a711f3e,6,
openneuro,1694203995_6ec69721b20d0cb2245788f525a1bf3107f37d9c,vitest,1,246,696, FAIL  packages/openneuro-components/src/dataset/__tests__/DatasetTools.spec.tsx [ packages/openneuro-components/src/dataset/__tests__/DatasetTools.spec.tsx ],acceptable,2026-10-02T11:36:29.429930+00:00,f14bc9f086a09058,2,
openneuro,1697132229_5557f9a0b6cf45546fe991b009c29be10f2fbc98,vitest,1,248,718, FAIL  packages/openneuro-server/src/handlers/__tests__/tusd.spec.ts > tusd handler > generates the expected upload ID,acceptable,2026-10-02T11:36:31.534392+00:00,931f2dcd03b5950c,33,
openneuro,1698862398_a6d2f88683f2ed43520c69ab9b5a740955477742,vitest,1,259,673, FAIL  packages/openneuro-server/src/datalad/__tests__/snapshots.spec.ts [ packages/openneuro-server/src/datalad/__tests__/snapshots.spec.ts ],acceptable,2026-10-02T11:36:35.063033+00:00,dc92ebcfa19aacee,1,
openneuro,1713903116_47b581a428c42b83be126eea8b875f83093d9554,vitest,1,619,3057,"TypeError: The ""list[1]"" argument must be an instance of Buffer or Uint8Array. Received type string ('coverage-0.json')",reevaluated_acceptable,2026-10-02T11:51:52.610334+00:00,d7e8e7eddead5228,2,
