Script called as:
bash docker-run.sh vuetify exec dbfee87afb8b687e973a3a850a7af7370db32518 1708440359 yarn@1.19 21 vuetify

Rerun with:
bash $(basename "$0") $@ 2>&1 | tee projects/$1/logs/node${6}_${4}_${3}_\$(date +\"%Y%m%d_%H%M%S\").rerun

STEP 1/25: FROM debian:bullseye-slim
STEP 2/25: ARG NODE_VERSION=22
--> Using cache afc972e2317a17e72573626266faf7a4408ec81b8081349b35d8559ca1277b26
--> afc972e2317a
STEP 3/25: WORKDIR /coverage_reloaded
--> Using cache 637f4aece976524515cb51147466af46059a342cb8844fbf81761f9e0b01c3c3
--> 637f4aece976
STEP 4/25: RUN apt-get update &&     apt-get install -y         git         curl         wget         bash         make         build-essential         cmake         zip         nano         lcov=1.14-2         jq
--> Using cache fa7ac9d1773dc317e64907dac285262f5fde58c5c8f30f5b526b7d86d1f52133
--> fa7ac9d1773d
STEP 5/25: RUN apt-get update && apt-get install -y python2.7 &&     update-alternatives --install /usr/bin/python2 python2 /usr/bin/python2.7 1
--> Using cache 3c219e9db08b678634f4fd6f565b780e29ef151b17ef327aa0100d15e406e4b9
--> 3c219e9db08b
STEP 6/25: RUN curl -Ls https://astral.sh/uv/install.sh | sh
--> Using cache fcda202a3a81d0eb2fccf99371e61da8a62303c818d1f5e511c4aaf074244b1f
--> fcda202a3a81
STEP 7/25: ENV PATH="/root/.local/bin:$PATH"
--> Using cache 6b6baecf69fbc57ebd2cfb7fa548fd1ff26d8aafebf022b540f31382e21060f9
--> 6b6baecf69fb
STEP 8/25: RUN uv python install 3.10 3.8
--> Using cache f9fd1bdb098cfe254c968dd4eb90b4c831d25342df75087bad94f679fb739b9c
--> f9fd1bdb098c
STEP 9/25: RUN NODE_MAJOR=$(echo "$NODE_VERSION" | cut -d. -f1) &&     if [ "$NODE_MAJOR" -le 12 ]; then         PYTHON_BIN=$(uv python find 3.8);     else         PYTHON_BIN=$(uv python find 3.10);     fi &&     ln -sf "$PYTHON_BIN" /usr/local/bin/python &&     ln -sf "$PYTHON_BIN" /usr/local/bin/python3 &&     ln -sf "$PYTHON_BIN" /usr/bin/python &&     ln -sf "$PYTHON_BIN" /usr/bin/python3
--> Using cache de2e4cecf6943a9a21a2a160abdfb3b3a906e07b8f61e34cdff01def231dab63
--> de2e4cecf694
STEP 10/25: RUN python --version && echo "Python set for Node ${NODE_VERSION}"
--> Using cache c92ef73b4741b157bb97b07153017a26156b414f72740a63814d58e9c03a024f
--> c92ef73b4741
STEP 11/25: RUN curl -L https://bit.ly/n-install | bash -s -- -y
--> Using cache be27818a7d58fb83f57db4a5832daa49940c119d25630dbd6f3ed4be155a07d2
--> be27818a7d58
STEP 12/25: ENV N_PREFIX=/root/n
--> Using cache 535cd40a7b375f5d69e93b278da0632a6503d82a5583d0c30859ee9aab3ae1ab
--> 535cd40a7b37
STEP 13/25: ENV PATH="$N_PREFIX/bin:${PATH}"
--> Using cache 28912b8f560702f3760105bb9c91b301ce4295cff96a51577970c4f90dc97650
--> 28912b8f5607
STEP 14/25: RUN n "$NODE_VERSION"
--> Using cache 64c90bbd7bd969a067c13a787ea9271826c610326881359f583f7c33bcb62419
--> 64c90bbd7bd9
STEP 15/25: RUN node --version
--> Using cache 71f9ede1fbac294e34eca8d0c6f146476b197a4f2baffcd4294f0f09c60201b8
--> 71f9ede1fbac
STEP 16/25: ENV CI=true
--> Using cache f1e5816eff5ee049a2d1db3a98338d2f9322c6198c9cf0379a2c8f9f395c51e0
--> f1e5816eff5e
STEP 17/25: RUN apt-get install -y libfaketime
--> Using cache abd6d4c54a6144f056f580b1de0be94d46f811568f4dcc40834f5c1cbde6806a
--> abd6d4c54a61
STEP 18/25: COPY ./execute.sh /coverage_reloaded/execute.sh
--> 8d37ff0f5107
STEP 19/25: RUN chmod +x /coverage_reloaded/execute.sh
--> a10f252dc178
STEP 20/25: COPY helper/find-and-move-lcov.sh /coverage_reloaded/find-and-move-lcov.sh
--> 1ec462254bdf
STEP 21/25: COPY helper/logging.sh /coverage_reloaded/logging.sh
--> 3c5fd8302732
STEP 22/25: COPY helper/fake-time.sh /coverage_reloaded/fake-time.sh
--> 83cb865793a0
STEP 23/25: RUN chmod +x /coverage_reloaded/find-and-move-lcov.sh /coverage_reloaded/logging.sh /coverage_reloaded/fake-time.sh
--> 349b1a9b6b54
STEP 24/25: COPY helper/cypress/cypress-patcher.sh /coverage_reloaded/cypress-patcher.sh
--> 62d3cd0497e2
STEP 25/25: RUN chmod +x /coverage_reloaded/cypress-patcher.sh
COMMIT core_node21_base
--> 2e3cc7a577a9
Successfully tagged localhost/core_node21_base:latest
2e3cc7a577a939110c386146b35c846245e4c29f3b7e120ab5ff424a34f389c4
STEP 1/7: FROM core_node21_base
STEP 2/7: WORKDIR /coverage_reloaded
--> e36939e3c765
STEP 3/7: RUN apt-get update &&     apt-get install -y --no-install-recommends         xvfb         libglib2.0-0         libgtk-3-0         libgdk-pixbuf2.0-0         libpango-1.0-0         libcairo2         libatk1.0-0         libatk-bridge2.0-0         libasound2         libxss1         libx11-xcb1         libxcomposite1         libxcursor1         libxdamage1         libxi6         libxtst6         libgbm1         libnss3         && rm -rf /var/lib/apt/lists/*
Hit:1 http://deb.debian.org/debian bullseye InRelease
Get:2 http://deb.debian.org/debian-security bullseye-security InRelease [27.2 kB]
Hit:3 http://deb.debian.org/debian bullseye-updates InRelease
Get:4 http://deb.debian.org/debian-security bullseye-security/main amd64 Packages [457 kB]
Fetched 484 kB in 0s (1150 kB/s)
Reading package lists...
Reading package lists...
Building dependency tree...
Reading state information...
The following additional packages will be installed:
  adwaita-icon-theme dbus dbus-user-session dconf-gsettings-backend
  dconf-service dmsetup fontconfig glib-networking glib-networking-common
  glib-networking-services gsettings-desktop-schemas gtk-update-icon-cache
  hicolor-icon-theme libapparmor1 libargon2-1 libasound2-data libatk1.0-data
  libatspi2.0-0 libavahi-client3 libavahi-common-data libavahi-common3
  libcairo-gobject2 libcap2 libcolord2 libcryptsetup12 libcups2 libdatrie1
  libdbus-1-3 libdconf1 libdevmapper1.02.1 libdrm-amdgpu1 libdrm-common
  libdrm-intel1 libdrm-nouveau2 libdrm-radeon1 libdrm2 libelf1 libepoxy0
  libfontenc1 libfribidi0 libgdk-pixbuf-2.0-0 libgdk-pixbuf-xlib-2.0-0
  libgdk-pixbuf2.0-common libgl1 libgl1-mesa-dri libglapi-mesa libglvnd0
  libglx-mesa0 libglx0 libgraphite2-3 libgtk-3-common libharfbuzz0b libice6
  libip4tc2 libjson-c5 libjson-glib-1.0-0 libjson-glib-1.0-common libkmod2
  liblcms2-2 libllvm11 libnspr4 libpam-systemd libpangocairo-1.0-0
  libpangoft2-1.0-0 libpciaccess0 libpixman-1-0 libproxy1v5 librest-0.7-0
  libsensors-config libsensors5 libsm6 libsoup-gnome2.4-1 libsoup2.4-1
  libsystemd0 libthai-data libthai0 libunwind8 libvulkan1 libwayland-client0
  libwayland-cursor0 libwayland-egl1 libwayland-server0 libxaw7 libxcb-dri2-0
  libxcb-dri3-0 libxcb-glx0 libxcb-present0 libxcb-render0 libxcb-shm0
  libxcb-sync1 libxcb-xfixes0 libxfixes3 libxfont2 libxinerama1 libxkbcommon0
  libxkbfile1 libxmu6 libxrandr2 libxrender1 libxshmfence1 libxt6 libxxf86vm1
  libz3-4 shared-mime-info systemd systemd-sysv x11-common x11-xkb-utils
  xkb-data xserver-common
Suggested packages:
  libasound2-plugins alsa-utils colord cups-common gvfs liblcms2-utils
  pciutils lm-sensors systemd-container policykit-1
Recommended packages:
  librsvg2-common alsa-ucm-conf alsa-topology-conf at-spi2-core
  libgdk-pixbuf2.0-bin libglib2.0-data xdg-user-dirs libgtk-3-bin
  mesa-vulkan-drivers | vulkan-icd systemd-timesyncd | time-daemon
  libnss-systemd xfonts-base
The following NEW packages will be installed:
  adwaita-icon-theme dbus dbus-user-session dconf-gsettings-backend
  dconf-service dmsetup fontconfig glib-networking glib-networking-common
  glib-networking-services gsettings-desktop-schemas gtk-update-icon-cache
  hicolor-icon-theme libapparmor1 libargon2-1 libasound2 libasound2-data
  libatk-bridge2.0-0 libatk1.0-0 libatk1.0-data libatspi2.0-0 libavahi-client3
  libavahi-common-data libavahi-common3 libcairo-gobject2 libcairo2 libcap2
  libcolord2 libcryptsetup12 libcups2 libdatrie1 libdbus-1-3 libdconf1
  libdevmapper1.02.1 libdrm-amdgpu1 libdrm-common libdrm-intel1
  libdrm-nouveau2 libdrm-radeon1 libdrm2 libelf1 libepoxy0 libfontenc1
  libfribidi0 libgbm1 libgdk-pixbuf-2.0-0 libgdk-pixbuf-xlib-2.0-0
  libgdk-pixbuf2.0-0 libgdk-pixbuf2.0-common libgl1 libgl1-mesa-dri
  libglapi-mesa libglib2.0-0 libglvnd0 libglx-mesa0 libglx0 libgraphite2-3
  libgtk-3-0 libgtk-3-common libharfbuzz0b libice6 libip4tc2 libjson-c5
  libjson-glib-1.0-0 libjson-glib-1.0-common libkmod2 liblcms2-2 libllvm11
  libnspr4 libnss3 libpam-systemd libpango-1.0-0 libpangocairo-1.0-0
  libpangoft2-1.0-0 libpciaccess0 libpixman-1-0 libproxy1v5 librest-0.7-0
  libsensors-config libsensors5 libsm6 libsoup-gnome2.4-1 libsoup2.4-1
  libthai-data libthai0 libunwind8 libvulkan1 libwayland-client0
  libwayland-cursor0 libwayland-egl1 libwayland-server0 libx11-xcb1 libxaw7
  libxcb-dri2-0 libxcb-dri3-0 libxcb-glx0 libxcb-present0 libxcb-render0
  libxcb-shm0 libxcb-sync1 libxcb-xfixes0 libxcomposite1 libxcursor1
  libxdamage1 libxfixes3 libxfont2 libxi6 libxinerama1 libxkbcommon0
  libxkbfile1 libxmu6 libxrandr2 libxrender1 libxshmfence1 libxss1 libxt6
  libxtst6 libxxf86vm1 libz3-4 shared-mime-info systemd systemd-sysv
  x11-common x11-xkb-utils xkb-data xserver-common xvfb
The following packages will be upgraded:
  libsystemd0
1 upgraded, 127 newly installed, 0 to remove and 13 not upgraded.
Need to get 79.6 MB of archives.
After this operation, 289 MB of additional disk space will be used.
Get:1 http://deb.debian.org/debian-security bullseye-security/main amd64 libsystemd0 amd64 247.3-7+deb11u8 [377 kB]
Get:2 http://deb.debian.org/debian bullseye/main amd64 libapparmor1 amd64 2.13.6-10 [99.3 kB]
Get:3 http://deb.debian.org/debian-security bullseye-security/main amd64 libcap2 amd64 1:2.44-1+deb11u1 [24.2 kB]
Get:4 http://deb.debian.org/debian bullseye/main amd64 libargon2-1 amd64 0~20171227-0.2 [19.6 kB]
Get:5 http://deb.debian.org/debian bullseye/main amd64 dmsetup amd64 2:1.02.175-2.1 [92.1 kB]
Get:6 http://deb.debian.org/debian bullseye/main amd64 libdevmapper1.02.1 amd64 2:1.02.175-2.1 [143 kB]
Get:7 http://deb.debian.org/debian bullseye/main amd64 libjson-c5 amd64 0.15-2+deb11u1 [42.9 kB]
Get:8 http://deb.debian.org/debian bullseye/main amd64 libcryptsetup12 amd64 2:2.3.7-1+deb11u1 [248 kB]
Get:9 http://deb.debian.org/debian bullseye/main amd64 libip4tc2 amd64 1.8.7-1 [34.6 kB]
Get:10 http://deb.debian.org/debian bullseye/main amd64 libkmod2 amd64 28-1 [55.6 kB]
Get:11 http://deb.debian.org/debian-security bullseye-security/main amd64 systemd amd64 247.3-7+deb11u8 [4502 kB]
Get:12 http://deb.debian.org/debian-security bullseye-security/main amd64 systemd-sysv amd64 247.3-7+deb11u8 [114 kB]
Get:13 http://deb.debian.org/debian bullseye/main amd64 libdbus-1-3 amd64 1.12.28-0+deb11u1 [223 kB]
Get:14 http://deb.debian.org/debian bullseye/main amd64 dbus amd64 1.12.28-0+deb11u1 [244 kB]
Get:15 http://deb.debian.org/debian-security bullseye-security/main amd64 libpam-systemd amd64 247.3-7+deb11u8 [284 kB]
Get:16 http://deb.debian.org/debian bullseye/main amd64 hicolor-icon-theme all 0.17-2 [11.4 kB]
Get:17 http://deb.debian.org/debian-security bullseye-security/main amd64 libgdk-pixbuf2.0-common all 2.42.2+dfsg-1+deb11u5 [321 kB]
Get:18 http://deb.debian.org/debian-security bullseye-security/main amd64 libglib2.0-0 amd64 2.66.8-1+deb11u8 [1377 kB]
Get:19 http://deb.debian.org/debian bullseye/main amd64 shared-mime-info amd64 2.0-1 [701 kB]
Get:20 http://deb.debian.org/debian-security bullseye-security/main amd64 libgdk-pixbuf-2.0-0 amd64 2.42.2+dfsg-1+deb11u5 [148 kB]
Get:21 http://deb.debian.org/debian bullseye/main amd64 gtk-update-icon-cache amd64 3.24.24-4+deb11u4 [88.4 kB]
Get:22 http://deb.debian.org/debian bullseye/main amd64 adwaita-icon-theme all 3.38.0-1 [10.9 MB]
Get:23 http://deb.debian.org/debian bullseye/main amd64 dbus-user-session amd64 1.12.28-0+deb11u1 [100 kB]
Get:24 http://deb.debian.org/debian bullseye/main amd64 libdconf1 amd64 0.38.0-2 [43.5 kB]
Get:25 http://deb.debian.org/debian bullseye/main amd64 dconf-service amd64 0.38.0-2 [37.4 kB]
Get:26 http://deb.debian.org/debian bullseye/main amd64 dconf-gsettings-backend amd64 0.38.0-2 [30.6 kB]
Get:27 http://deb.debian.org/debian bullseye/main amd64 fontconfig amd64 2.13.1-4.2 [417 kB]
Get:28 http://deb.debian.org/debian bullseye/main amd64 libproxy1v5 amd64 0.4.17-1 [59.5 kB]
Get:29 http://deb.debian.org/debian bullseye/main amd64 glib-networking-common all 2.66.0-2 [68.1 kB]
Get:30 http://deb.debian.org/debian bullseye/main amd64 glib-networking-services amd64 2.66.0-2 [17.5 kB]
Get:31 http://deb.debian.org/debian bullseye/main amd64 gsettings-desktop-schemas all 3.38.0-2 [588 kB]
Get:32 http://deb.debian.org/debian bullseye/main amd64 glib-networking amd64 2.66.0-2 [67.6 kB]
Get:33 http://deb.debian.org/debian-security bullseye-security/main amd64 libasound2-data all 1.2.4-1.1+deb11u1 [38.4 kB]
Get:34 http://deb.debian.org/debian-security bullseye-security/main amd64 libasound2 amd64 1.2.4-1.1+deb11u1 [357 kB]
Get:35 http://deb.debian.org/debian bullseye/main amd64 libatk1.0-data all 2.36.0-2 [149 kB]
Get:36 http://deb.debian.org/debian bullseye/main amd64 libatk1.0-0 amd64 2.36.0-2 [52.2 kB]
Get:37 http://deb.debian.org/debian bullseye/main amd64 libatspi2.0-0 amd64 2.38.0-4+deb11u1 [72.4 kB]
Get:38 http://deb.debian.org/debian bullseye/main amd64 libatk-bridge2.0-0 amd64 2.38.0-1 [64.6 kB]
Get:39 http://deb.debian.org/debian-security bullseye-security/main amd64 libavahi-common-data amd64 0.8-5+deb11u3 [124 kB]
Get:40 http://deb.debian.org/debian-security bullseye-security/main amd64 libavahi-common3 amd64 0.8-5+deb11u3 [59.0 kB]
Get:41 http://deb.debian.org/debian-security bullseye-security/main amd64 libavahi-client3 amd64 0.8-5+deb11u3 [62.7 kB]
Get:42 http://deb.debian.org/debian bullseye/main amd64 libpixman-1-0 amd64 0.40.0-1.1~deb11u1 [543 kB]
Get:43 http://deb.debian.org/debian bullseye/main amd64 libxcb-render0 amd64 1.14-3 [111 kB]
Get:44 http://deb.debian.org/debian bullseye/main amd64 libxcb-shm0 amd64 1.14-3 [101 kB]
Get:45 http://deb.debian.org/debian bullseye/main amd64 libxrender1 amd64 1:0.9.10-1 [33.0 kB]
Get:46 http://deb.debian.org/debian bullseye/main amd64 libcairo2 amd64 1.16.0-5 [694 kB]
Get:47 http://deb.debian.org/debian bullseye/main amd64 libcairo-gobject2 amd64 1.16.0-5 [125 kB]
Get:48 http://deb.debian.org/debian-security bullseye-security/main amd64 liblcms2-2 amd64 2.12~rc1-2+deb11u1 [150 kB]
Get:49 http://deb.debian.org/debian bullseye/main amd64 libcolord2 amd64 1.4.5-3 [144 kB]
Get:50 http://deb.debian.org/debian-security bullseye-security/main amd64 libcups2 amd64 2.3.3op2-3+deb11u10 [351 kB]
Get:51 http://deb.debian.org/debian bullseye/main amd64 libdatrie1 amd64 0.2.13-1 [42.7 kB]
Get:52 http://deb.debian.org/debian bullseye/main amd64 libdrm-common all 2.4.104-1 [14.9 kB]
Get:53 http://deb.debian.org/debian bullseye/main amd64 libdrm2 amd64 2.4.104-1 [41.5 kB]
Get:54 http://deb.debian.org/debian bullseye/main amd64 libdrm-amdgpu1 amd64 2.4.104-1 [28.5 kB]
Get:55 http://deb.debian.org/debian bullseye/main amd64 libpciaccess0 amd64 0.16-1 [53.6 kB]
Get:56 http://deb.debian.org/debian bullseye/main amd64 libdrm-intel1 amd64 2.4.104-1 [71.8 kB]
Get:57 http://deb.debian.org/debian bullseye/main amd64 libdrm-nouveau2 amd64 2.4.104-1 [26.8 kB]
Get:58 http://deb.debian.org/debian bullseye/main amd64 libdrm-radeon1 amd64 2.4.104-1 [30.2 kB]
Get:59 http://deb.debian.org/debian bullseye/main amd64 libelf1 amd64 0.183-1 [165 kB]
Get:60 http://deb.debian.org/debian bullseye/main amd64 libepoxy0 amd64 1.5.5-1 [193 kB]
Get:61 http://deb.debian.org/debian bullseye/main amd64 libfontenc1 amd64 1:1.1.4-1 [24.3 kB]
Get:62 http://deb.debian.org/debian bullseye/main amd64 libfribidi0 amd64 1.0.8-2+deb11u1 [64.9 kB]
Get:63 http://deb.debian.org/debian bullseye/main amd64 libwayland-server0 amd64 1.18.0-2~exp1.1 [34.4 kB]
Get:64 http://deb.debian.org/debian bullseye/main amd64 libgbm1 amd64 20.3.5-1 [73.5 kB]
Get:65 http://deb.debian.org/debian bullseye/main amd64 libgdk-pixbuf-xlib-2.0-0 amd64 2.40.2-2 [47.9 kB]
Get:66 http://deb.debian.org/debian bullseye/main amd64 libgdk-pixbuf2.0-0 amd64 2.40.2-2 [14.1 kB]
Get:67 http://deb.debian.org/debian bullseye/main amd64 libglapi-mesa amd64 20.3.5-1 [71.7 kB]
Get:68 http://deb.debian.org/debian bullseye/main amd64 libz3-4 amd64 4.8.10-1 [6949 kB]
Get:69 http://deb.debian.org/debian bullseye/main amd64 libllvm11 amd64 1:11.0.1-2 [17.9 MB]
Get:70 http://deb.debian.org/debian bullseye/main amd64 libsensors-config all 1:3.6.0-7 [32.3 kB]
Get:71 http://deb.debian.org/debian bullseye/main amd64 libsensors5 amd64 1:3.6.0-7 [52.3 kB]
Get:72 http://deb.debian.org/debian bullseye/main amd64 libvulkan1 amd64 1.2.162.0-1 [103 kB]
Get:73 http://deb.debian.org/debian bullseye/main amd64 libgl1-mesa-dri amd64 20.3.5-1 [9633 kB]
Get:74 http://deb.debian.org/debian bullseye/main amd64 libglvnd0 amd64 1.3.2-1 [53.6 kB]
Get:75 http://deb.debian.org/debian bullseye/main amd64 libx11-xcb1 amd64 2:1.7.2-1+deb11u2 [204 kB]
Get:76 http://deb.debian.org/debian bullseye/main amd64 libxcb-dri2-0 amd64 1.14-3 [103 kB]
Get:77 http://deb.debian.org/debian bullseye/main amd64 libxcb-dri3-0 amd64 1.14-3 [102 kB]
Get:78 http://deb.debian.org/debian bullseye/main amd64 libxcb-glx0 amd64 1.14-3 [118 kB]
Get:79 http://deb.debian.org/debian bullseye/main amd64 libxcb-present0 amd64 1.14-3 [101 kB]
Get:80 http://deb.debian.org/debian bullseye/main amd64 libxcb-sync1 amd64 1.14-3 [105 kB]
Get:81 http://deb.debian.org/debian bullseye/main amd64 libxcb-xfixes0 amd64 1.14-3 [105 kB]
Get:82 http://deb.debian.org/debian bullseye/main amd64 libxdamage1 amd64 1:1.1.5-2 [15.7 kB]
Get:83 http://deb.debian.org/debian bullseye/main amd64 libxfixes3 amd64 1:5.0.3-2 [22.1 kB]
Get:84 http://deb.debian.org/debian bullseye/main amd64 libxshmfence1 amd64 1.3-1 [8820 B]
Get:85 http://deb.debian.org/debian bullseye/main amd64 libxxf86vm1 amd64 1:1.1.4-1+b2 [20.8 kB]
Get:86 http://deb.debian.org/debian bullseye/main amd64 libglx-mesa0 amd64 20.3.5-1 [186 kB]
Get:87 http://deb.debian.org/debian bullseye/main amd64 libgraphite2-3 amd64 1.3.14-1 [81.2 kB]
Get:88 http://deb.debian.org/debian bullseye/main amd64 libharfbuzz0b amd64 2.7.4-1 [1471 kB]
Get:89 http://deb.debian.org/debian bullseye/main amd64 libjson-glib-1.0-common all 1.6.2-1 [56.9 kB]
Get:90 http://deb.debian.org/debian bullseye/main amd64 libjson-glib-1.0-0 amd64 1.6.2-1 [65.4 kB]
Get:91 http://deb.debian.org/debian bullseye/main amd64 libthai-data all 0.1.28-3 [170 kB]
Get:92 http://deb.debian.org/debian bullseye/main amd64 libthai0 amd64 0.1.28-3 [54.2 kB]
Get:93 http://deb.debian.org/debian bullseye/main amd64 libpango-1.0-0 amd64 1.46.2-3 [191 kB]
Get:94 http://deb.debian.org/debian bullseye/main amd64 libpangoft2-1.0-0 amd64 1.46.2-3 [62.2 kB]
Get:95 http://deb.debian.org/debian bullseye/main amd64 libpangocairo-1.0-0 amd64 1.46.2-3 [50.6 kB]
Get:96 http://deb.debian.org/debian-security bullseye-security/main amd64 libsoup2.4-1 amd64 2.72.0-2+deb11u3 [283 kB]
Get:97 http://deb.debian.org/debian-security bullseye-security/main amd64 libsoup-gnome2.4-1 amd64 2.72.0-2+deb11u3 [24.1 kB]
Get:98 http://deb.debian.org/debian bullseye/main amd64 librest-0.7-0 amd64 0.8.1-1.1 [33.8 kB]
Get:99 http://deb.debian.org/debian bullseye/main amd64 libwayland-client0 amd64 1.18.0-2~exp1.1 [26.9 kB]
Get:100 http://deb.debian.org/debian bullseye/main amd64 libwayland-cursor0 amd64 1.18.0-2~exp1.1 [14.6 kB]
Get:101 http://deb.debian.org/debian bullseye/main amd64 libwayland-egl1 amd64 1.18.0-2~exp1.1 [8448 B]
Get:102 http://deb.debian.org/debian bullseye/main amd64 libxcomposite1 amd64 1:0.4.5-1 [16.6 kB]
Get:103 http://deb.debian.org/debian bullseye/main amd64 libxcursor1 amd64 1:1.2.0-2 [37.3 kB]
Get:104 http://deb.debian.org/debian bullseye/main amd64 libxi6 amd64 2:1.7.10-1 [83.4 kB]
Get:105 http://deb.debian.org/debian bullseye/main amd64 libxinerama1 amd64 2:1.1.4-2 [17.7 kB]
Get:106 http://deb.debian.org/debian bullseye/main amd64 xkb-data all 2.29-2 [655 kB]
Get:107 http://deb.debian.org/debian bullseye/main amd64 libxkbcommon0 amd64 1.0.3-2 [101 kB]
Get:108 http://deb.debian.org/debian bullseye/main amd64 libxrandr2 amd64 2:1.5.1-1 [37.5 kB]
Get:109 http://deb.debian.org/debian bullseye/main amd64 libgtk-3-common all 3.24.24-4+deb11u4 [3757 kB]
Get:110 http://deb.debian.org/debian bullseye/main amd64 libgtk-3-0 amd64 3.24.24-4+deb11u4 [2715 kB]
Get:111 http://deb.debian.org/debian bullseye/main amd64 x11-common all 1:7.7+22 [252 kB]
Get:112 http://deb.debian.org/debian bullseye/main amd64 libice6 amd64 2:1.0.10-1 [58.5 kB]
Get:113 http://deb.debian.org/debian bullseye/main amd64 libnspr4 amd64 2:4.29-1 [112 kB]
Get:114 http://deb.debian.org/debian-security bullseye-security/main amd64 libnss3 amd64 2:3.61-1+deb11u5 [1305 kB]
Get:115 http://deb.debian.org/debian bullseye/main amd64 libsm6 amd64 2:1.2.3-1 [35.1 kB]
Get:116 http://deb.debian.org/debian bullseye/main amd64 libunwind8 amd64 1.3.2-2 [54.5 kB]
Get:117 http://deb.debian.org/debian bullseye/main amd64 libxt6 amd64 1:1.2.0-1 [189 kB]
Get:118 http://deb.debian.org/debian bullseye/main amd64 libxmu6 amd64 2:1.1.2-2+b3 [60.8 kB]
Get:119 http://deb.debian.org/debian bullseye/main amd64 libxaw7 amd64 2:1.0.13-1.1 [202 kB]
Get:120 http://deb.debian.org/debian bullseye/main amd64 libxfont2 amd64 1:2.0.4-1 [136 kB]
Get:121 http://deb.debian.org/debian bullseye/main amd64 libxkbfile1 amd64 1:1.1.0-1 [75.2 kB]
Get:122 http://deb.debian.org/debian bullseye/main amd64 libxss1 amd64 1:1.2.3-1 [17.8 kB]
Get:123 http://deb.debian.org/debian bullseye/main amd64 libxtst6 amd64 2:1.2.3-1 [27.8 kB]
Get:124 http://deb.debian.org/debian bullseye/main amd64 x11-xkb-utils amd64 7.7+5 [163 kB]
Get:125 http://deb.debian.org/debian-security bullseye-security/main amd64 xserver-common all 2:1.20.11-1+deb11u17 [2285 kB]
Get:126 http://deb.debian.org/debian bullseye/main amd64 libglx0 amd64 1.3.2-1 [35.7 kB]
Get:127 http://deb.debian.org/debian bullseye/main amd64 libgl1 amd64 1.3.2-1 [89.5 kB]
Get:128 http://deb.debian.org/debian-security bullseye-security/main amd64 xvfb amd64 2:1.20.11-1+deb11u17 [3045 kB]
debconf: delaying package configuration, since apt-utils is not installed
Fetched 79.6 MB in 2s (52.2 MB/s)
(Reading database ... 
(Reading database ... 5%
(Reading database ... 10%
(Reading database ... 15%
(Reading database ... 20%
(Reading database ... 25%
(Reading database ... 30%
(Reading database ... 35%
(Reading database ... 40%
(Reading database ... 45%
(Reading database ... 50%
(Reading database ... 55%
(Reading database ... 60%
(Reading database ... 65%
(Reading database ... 70%
(Reading database ... 75%
(Reading database ... 80%
(Reading database ... 85%
(Reading database ... 90%
(Reading database ... 95%
(Reading database ... 100%
(Reading database ... 21738 files and directories currently installed.)
Preparing to unpack .../libsystemd0_247.3-7+deb11u8_amd64.deb ...
Unpacking libsystemd0:amd64 (247.3-7+deb11u8) over (247.3-7+deb11u7) ...
Setting up libsystemd0:amd64 (247.3-7+deb11u8) ...
Selecting previously unselected package libapparmor1:amd64.
(Reading database ... 
(Reading database ... 5%
(Reading database ... 10%
(Reading database ... 15%
(Reading database ... 20%
(Reading database ... 25%
(Reading database ... 30%
(Reading database ... 35%
(Reading database ... 40%
(Reading database ... 45%
(Reading database ... 50%
(Reading database ... 55%
(Reading database ... 60%
(Reading database ... 65%
(Reading database ... 70%
(Reading database ... 75%
(Reading database ... 80%
(Reading database ... 85%
(Reading database ... 90%
(Reading database ... 95%
(Reading database ... 100%
(Reading database ... 21738 files and directories currently installed.)
Preparing to unpack .../0-libapparmor1_2.13.6-10_amd64.deb ...
Unpacking libapparmor1:amd64 (2.13.6-10) ...
Selecting previously unselected package libcap2:amd64.
Preparing to unpack .../1-libcap2_1%3a2.44-1+deb11u1_amd64.deb ...
Unpacking libcap2:amd64 (1:2.44-1+deb11u1) ...
Selecting previously unselected package libargon2-1:amd64.
Preparing to unpack .../2-libargon2-1_0~20171227-0.2_amd64.deb ...
Unpacking libargon2-1:amd64 (0~20171227-0.2) ...
Selecting previously unselected package dmsetup.
Preparing to unpack .../3-dmsetup_2%3a1.02.175-2.1_amd64.deb ...
Unpacking dmsetup (2:1.02.175-2.1) ...
Selecting previously unselected package libdevmapper1.02.1:amd64.
Preparing to unpack .../4-libdevmapper1.02.1_2%3a1.02.175-2.1_amd64.deb ...
Unpacking libdevmapper1.02.1:amd64 (2:1.02.175-2.1) ...
Selecting previously unselected package libjson-c5:amd64.
Preparing to unpack .../5-libjson-c5_0.15-2+deb11u1_amd64.deb ...
Unpacking libjson-c5:amd64 (0.15-2+deb11u1) ...
Selecting previously unselected package libcryptsetup12:amd64.
Preparing to unpack .../6-libcryptsetup12_2%3a2.3.7-1+deb11u1_amd64.deb ...
Unpacking libcryptsetup12:amd64 (2:2.3.7-1+deb11u1) ...
Selecting previously unselected package libip4tc2:amd64.
Preparing to unpack .../7-libip4tc2_1.8.7-1_amd64.deb ...
Unpacking libip4tc2:amd64 (1.8.7-1) ...
Selecting previously unselected package libkmod2:amd64.
Preparing to unpack .../8-libkmod2_28-1_amd64.deb ...
Unpacking libkmod2:amd64 (28-1) ...
Selecting previously unselected package systemd.
Preparing to unpack .../9-systemd_247.3-7+deb11u8_amd64.deb ...
Unpacking systemd (247.3-7+deb11u8) ...
Setting up libapparmor1:amd64 (2.13.6-10) ...
Setting up libcap2:amd64 (1:2.44-1+deb11u1) ...
Setting up libargon2-1:amd64 (0~20171227-0.2) ...
Setting up libjson-c5:amd64 (0.15-2+deb11u1) ...
Setting up libip4tc2:amd64 (1.8.7-1) ...
Setting up libkmod2:amd64 (28-1) ...
Setting up libdevmapper1.02.1:amd64 (2:1.02.175-2.1) ...
Setting up libcryptsetup12:amd64 (2:2.3.7-1+deb11u1) ...
Setting up systemd (247.3-7+deb11u8) ...
Created symlink /etc/systemd/system/getty.target.wants/getty@tty1.service → /lib/systemd/system/getty@.service.
Created symlink /etc/systemd/system/multi-user.target.wants/remote-fs.target → /lib/systemd/system/remote-fs.target.
Created symlink /etc/systemd/system/sysinit.target.wants/systemd-pstore.service → /lib/systemd/system/systemd-pstore.service.
Initializing machine ID from random generator.
Setting up dmsetup (2:1.02.175-2.1) ...
Selecting previously unselected package systemd-sysv.
(Reading database ... 
(Reading database ... 5%
(Reading database ... 10%
(Reading database ... 15%
(Reading database ... 20%
(Reading database ... 25%
(Reading database ... 30%
(Reading database ... 35%
(Reading database ... 40%
(Reading database ... 45%
(Reading database ... 50%
(Reading database ... 55%
(Reading database ... 60%
(Reading database ... 65%
(Reading database ... 70%
(Reading database ... 75%
(Reading database ... 80%
(Reading database ... 85%
(Reading database ... 90%
(Reading database ... 95%
(Reading database ... 100%
(Reading database ... 22588 files and directories currently installed.)
Preparing to unpack .../000-systemd-sysv_247.3-7+deb11u8_amd64.deb ...
Unpacking systemd-sysv (247.3-7+deb11u8) ...
Selecting previously unselected package libdbus-1-3:amd64.
Preparing to unpack .../001-libdbus-1-3_1.12.28-0+deb11u1_amd64.deb ...
Unpacking libdbus-1-3:amd64 (1.12.28-0+deb11u1) ...
Selecting previously unselected package dbus.
Preparing to unpack .../002-dbus_1.12.28-0+deb11u1_amd64.deb ...
Unpacking dbus (1.12.28-0+deb11u1) ...
Selecting previously unselected package libpam-systemd:amd64.
Preparing to unpack .../003-libpam-systemd_247.3-7+deb11u8_amd64.deb ...
Unpacking libpam-systemd:amd64 (247.3-7+deb11u8) ...
Selecting previously unselected package hicolor-icon-theme.
Preparing to unpack .../004-hicolor-icon-theme_0.17-2_all.deb ...
Unpacking hicolor-icon-theme (0.17-2) ...
Selecting previously unselected package libgdk-pixbuf2.0-common.
Preparing to unpack .../005-libgdk-pixbuf2.0-common_2.42.2+dfsg-1+deb11u5_all.deb ...
Unpacking libgdk-pixbuf2.0-common (2.42.2+dfsg-1+deb11u5) ...
Selecting previously unselected package libglib2.0-0:amd64.
Preparing to unpack .../006-libglib2.0-0_2.66.8-1+deb11u8_amd64.deb ...
Unpacking libglib2.0-0:amd64 (2.66.8-1+deb11u8) ...
Selecting previously unselected package shared-mime-info.
Preparing to unpack .../007-shared-mime-info_2.0-1_amd64.deb ...
Unpacking shared-mime-info (2.0-1) ...
Selecting previously unselected package libgdk-pixbuf-2.0-0:amd64.
Preparing to unpack .../008-libgdk-pixbuf-2.0-0_2.42.2+dfsg-1+deb11u5_amd64.deb ...
Unpacking libgdk-pixbuf-2.0-0:amd64 (2.42.2+dfsg-1+deb11u5) ...
Selecting previously unselected package gtk-update-icon-cache.
Preparing to unpack .../009-gtk-update-icon-cache_3.24.24-4+deb11u4_amd64.deb ...
Unpacking gtk-update-icon-cache (3.24.24-4+deb11u4) ...
Selecting previously unselected package adwaita-icon-theme.
Preparing to unpack .../010-adwaita-icon-theme_3.38.0-1_all.deb ...
Unpacking adwaita-icon-theme (3.38.0-1) ...
Selecting previously unselected package dbus-user-session.
Preparing to unpack .../011-dbus-user-session_1.12.28-0+deb11u1_amd64.deb ...
Unpacking dbus-user-session (1.12.28-0+deb11u1) ...
Selecting previously unselected package libdconf1:amd64.
Preparing to unpack .../012-libdconf1_0.38.0-2_amd64.deb ...
Unpacking libdconf1:amd64 (0.38.0-2) ...
Selecting previously unselected package dconf-service.
Preparing to unpack .../013-dconf-service_0.38.0-2_amd64.deb ...
Unpacking dconf-service (0.38.0-2) ...
Selecting previously unselected package dconf-gsettings-backend:amd64.
Preparing to unpack .../014-dconf-gsettings-backend_0.38.0-2_amd64.deb ...
Unpacking dconf-gsettings-backend:amd64 (0.38.0-2) ...
Selecting previously unselected package fontconfig.
Preparing to unpack .../015-fontconfig_2.13.1-4.2_amd64.deb ...
Unpacking fontconfig (2.13.1-4.2) ...
Selecting previously unselected package libproxy1v5:amd64.
Preparing to unpack .../016-libproxy1v5_0.4.17-1_amd64.deb ...
Unpacking libproxy1v5:amd64 (0.4.17-1) ...
Selecting previously unselected package glib-networking-common.
Preparing to unpack .../017-glib-networking-common_2.66.0-2_all.deb ...
Unpacking glib-networking-common (2.66.0-2) ...
Selecting previously unselected package glib-networking-services.
Preparing to unpack .../018-glib-networking-services_2.66.0-2_amd64.deb ...
Unpacking glib-networking-services (2.66.0-2) ...
Selecting previously unselected package gsettings-desktop-schemas.
Preparing to unpack .../019-gsettings-desktop-schemas_3.38.0-2_all.deb ...
Unpacking gsettings-desktop-schemas (3.38.0-2) ...
Selecting previously unselected package glib-networking:amd64.
Preparing to unpack .../020-glib-networking_2.66.0-2_amd64.deb ...
Unpacking glib-networking:amd64 (2.66.0-2) ...
Selecting previously unselected package libasound2-data.
Preparing to unpack .../021-libasound2-data_1.2.4-1.1+deb11u1_all.deb ...
Unpacking libasound2-data (1.2.4-1.1+deb11u1) ...
Selecting previously unselected package libasound2:amd64.
Preparing to unpack .../022-libasound2_1.2.4-1.1+deb11u1_amd64.deb ...
Unpacking libasound2:amd64 (1.2.4-1.1+deb11u1) ...
Selecting previously unselected package libatk1.0-data.
Preparing to unpack .../023-libatk1.0-data_2.36.0-2_all.deb ...
Unpacking libatk1.0-data (2.36.0-2) ...
Selecting previously unselected package libatk1.0-0:amd64.
Preparing to unpack .../024-libatk1.0-0_2.36.0-2_amd64.deb ...
Unpacking libatk1.0-0:amd64 (2.36.0-2) ...
Selecting previously unselected package libatspi2.0-0:amd64.
Preparing to unpack .../025-libatspi2.0-0_2.38.0-4+deb11u1_amd64.deb ...
Unpacking libatspi2.0-0:amd64 (2.38.0-4+deb11u1) ...
Selecting previously unselected package libatk-bridge2.0-0:amd64.
Preparing to unpack .../026-libatk-bridge2.0-0_2.38.0-1_amd64.deb ...
Unpacking libatk-bridge2.0-0:amd64 (2.38.0-1) ...
Selecting previously unselected package libavahi-common-data:amd64.
Preparing to unpack .../027-libavahi-common-data_0.8-5+deb11u3_amd64.deb ...
Unpacking libavahi-common-data:amd64 (0.8-5+deb11u3) ...
Selecting previously unselected package libavahi-common3:amd64.
Preparing to unpack .../028-libavahi-common3_0.8-5+deb11u3_amd64.deb ...
Unpacking libavahi-common3:amd64 (0.8-5+deb11u3) ...
Selecting previously unselected package libavahi-client3:amd64.
Preparing to unpack .../029-libavahi-client3_0.8-5+deb11u3_amd64.deb ...
Unpacking libavahi-client3:amd64 (0.8-5+deb11u3) ...
Selecting previously unselected package libpixman-1-0:amd64.
Preparing to unpack .../030-libpixman-1-0_0.40.0-1.1~deb11u1_amd64.deb ...
Unpacking libpixman-1-0:amd64 (0.40.0-1.1~deb11u1) ...
Selecting previously unselected package libxcb-render0:amd64.
Preparing to unpack .../031-libxcb-render0_1.14-3_amd64.deb ...
Unpacking libxcb-render0:amd64 (1.14-3) ...
Selecting previously unselected package libxcb-shm0:amd64.
Preparing to unpack .../032-libxcb-shm0_1.14-3_amd64.deb ...
Unpacking libxcb-shm0:amd64 (1.14-3) ...
Selecting previously unselected package libxrender1:amd64.
Preparing to unpack .../033-libxrender1_1%3a0.9.10-1_amd64.deb ...
Unpacking libxrender1:amd64 (1:0.9.10-1) ...
Selecting previously unselected package libcairo2:amd64.
Preparing to unpack .../034-libcairo2_1.16.0-5_amd64.deb ...
Unpacking libcairo2:amd64 (1.16.0-5) ...
Selecting previously unselected package libcairo-gobject2:amd64.
Preparing to unpack .../035-libcairo-gobject2_1.16.0-5_amd64.deb ...
Unpacking libcairo-gobject2:amd64 (1.16.0-5) ...
Selecting previously unselected package liblcms2-2:amd64.
Preparing to unpack .../036-liblcms2-2_2.12~rc1-2+deb11u1_amd64.deb ...
Unpacking liblcms2-2:amd64 (2.12~rc1-2+deb11u1) ...
Selecting previously unselected package libcolord2:amd64.
Preparing to unpack .../037-libcolord2_1.4.5-3_amd64.deb ...
Unpacking libcolord2:amd64 (1.4.5-3) ...
Selecting previously unselected package libcups2:amd64.
Preparing to unpack .../038-libcups2_2.3.3op2-3+deb11u10_amd64.deb ...
Unpacking libcups2:amd64 (2.3.3op2-3+deb11u10) ...
Selecting previously unselected package libdatrie1:amd64.
Preparing to unpack .../039-libdatrie1_0.2.13-1_amd64.deb ...
Unpacking libdatrie1:amd64 (0.2.13-1) ...
Selecting previously unselected package libdrm-common.
Preparing to unpack .../040-libdrm-common_2.4.104-1_all.deb ...
Unpacking libdrm-common (2.4.104-1) ...
Selecting previously unselected package libdrm2:amd64.
Preparing to unpack .../041-libdrm2_2.4.104-1_amd64.deb ...
Unpacking libdrm2:amd64 (2.4.104-1) ...
Selecting previously unselected package libdrm-amdgpu1:amd64.
Preparing to unpack .../042-libdrm-amdgpu1_2.4.104-1_amd64.deb ...
Unpacking libdrm-amdgpu1:amd64 (2.4.104-1) ...
Selecting previously unselected package libpciaccess0:amd64.
Preparing to unpack .../043-libpciaccess0_0.16-1_amd64.deb ...
Unpacking libpciaccess0:amd64 (0.16-1) ...
Selecting previously unselected package libdrm-intel1:amd64.
Preparing to unpack .../044-libdrm-intel1_2.4.104-1_amd64.deb ...
Unpacking libdrm-intel1:amd64 (2.4.104-1) ...
Selecting previously unselected package libdrm-nouveau2:amd64.
Preparing to unpack .../045-libdrm-nouveau2_2.4.104-1_amd64.deb ...
Unpacking libdrm-nouveau2:amd64 (2.4.104-1) ...
Selecting previously unselected package libdrm-radeon1:amd64.
Preparing to unpack .../046-libdrm-radeon1_2.4.104-1_amd64.deb ...
Unpacking libdrm-radeon1:amd64 (2.4.104-1) ...
Selecting previously unselected package libelf1:amd64.
Preparing to unpack .../047-libelf1_0.183-1_amd64.deb ...
Unpacking libelf1:amd64 (0.183-1) ...
Selecting previously unselected package libepoxy0:amd64.
Preparing to unpack .../048-libepoxy0_1.5.5-1_amd64.deb ...
Unpacking libepoxy0:amd64 (1.5.5-1) ...
Selecting previously unselected package libfontenc1:amd64.
Preparing to unpack .../049-libfontenc1_1%3a1.1.4-1_amd64.deb ...
Unpacking libfontenc1:amd64 (1:1.1.4-1) ...
Selecting previously unselected package libfribidi0:amd64.
Preparing to unpack .../050-libfribidi0_1.0.8-2+deb11u1_amd64.deb ...
Unpacking libfribidi0:amd64 (1.0.8-2+deb11u1) ...
Selecting previously unselected package libwayland-server0:amd64.
Preparing to unpack .../051-libwayland-server0_1.18.0-2~exp1.1_amd64.deb ...
Unpacking libwayland-server0:amd64 (1.18.0-2~exp1.1) ...
Selecting previously unselected package libgbm1:amd64.
Preparing to unpack .../052-libgbm1_20.3.5-1_amd64.deb ...
Unpacking libgbm1:amd64 (20.3.5-1) ...
Selecting previously unselected package libgdk-pixbuf-xlib-2.0-0:amd64.
Preparing to unpack .../053-libgdk-pixbuf-xlib-2.0-0_2.40.2-2_amd64.deb ...
Unpacking libgdk-pixbuf-xlib-2.0-0:amd64 (2.40.2-2) ...
Selecting previously unselected package libgdk-pixbuf2.0-0:amd64.
Preparing to unpack .../054-libgdk-pixbuf2.0-0_2.40.2-2_amd64.deb ...
Unpacking libgdk-pixbuf2.0-0:amd64 (2.40.2-2) ...
Selecting previously unselected package libglapi-mesa:amd64.
Preparing to unpack .../055-libglapi-mesa_20.3.5-1_amd64.deb ...
Unpacking libglapi-mesa:amd64 (20.3.5-1) ...
Selecting previously unselected package libz3-4:amd64.
Preparing to unpack .../056-libz3-4_4.8.10-1_amd64.deb ...
Unpacking libz3-4:amd64 (4.8.10-1) ...
Selecting previously unselected package libllvm11:amd64.
Preparing to unpack .../057-libllvm11_1%3a11.0.1-2_amd64.deb ...
Unpacking libllvm11:amd64 (1:11.0.1-2) ...
Selecting previously unselected package libsensors-config.
Preparing to unpack .../058-libsensors-config_1%3a3.6.0-7_all.deb ...
Unpacking libsensors-config (1:3.6.0-7) ...
Selecting previously unselected package libsensors5:amd64.
Preparing to unpack .../059-libsensors5_1%3a3.6.0-7_amd64.deb ...
Unpacking libsensors5:amd64 (1:3.6.0-7) ...
Selecting previously unselected package libvulkan1:amd64.
Preparing to unpack .../060-libvulkan1_1.2.162.0-1_amd64.deb ...
Unpacking libvulkan1:amd64 (1.2.162.0-1) ...
Selecting previously unselected package libgl1-mesa-dri:amd64.
Preparing to unpack .../061-libgl1-mesa-dri_20.3.5-1_amd64.deb ...
Unpacking libgl1-mesa-dri:amd64 (20.3.5-1) ...
Selecting previously unselected package libglvnd0:amd64.
Preparing to unpack .../062-libglvnd0_1.3.2-1_amd64.deb ...
Unpacking libglvnd0:amd64 (1.3.2-1) ...
Selecting previously unselected package libx11-xcb1:amd64.
Preparing to unpack .../063-libx11-xcb1_2%3a1.7.2-1+deb11u2_amd64.deb ...
Unpacking libx11-xcb1:amd64 (2:1.7.2-1+deb11u2) ...
Selecting previously unselected package libxcb-dri2-0:amd64.
Preparing to unpack .../064-libxcb-dri2-0_1.14-3_amd64.deb ...
Unpacking libxcb-dri2-0:amd64 (1.14-3) ...
Selecting previously unselected package libxcb-dri3-0:amd64.
Preparing to unpack .../065-libxcb-dri3-0_1.14-3_amd64.deb ...
Unpacking libxcb-dri3-0:amd64 (1.14-3) ...
Selecting previously unselected package libxcb-glx0:amd64.
Preparing to unpack .../066-libxcb-glx0_1.14-3_amd64.deb ...
Unpacking libxcb-glx0:amd64 (1.14-3) ...
Selecting previously unselected package libxcb-present0:amd64.
Preparing to unpack .../067-libxcb-present0_1.14-3_amd64.deb ...
Unpacking libxcb-present0:amd64 (1.14-3) ...
Selecting previously unselected package libxcb-sync1:amd64.
Preparing to unpack .../068-libxcb-sync1_1.14-3_amd64.deb ...
Unpacking libxcb-sync1:amd64 (1.14-3) ...
Selecting previously unselected package libxcb-xfixes0:amd64.
Preparing to unpack .../069-libxcb-xfixes0_1.14-3_amd64.deb ...
Unpacking libxcb-xfixes0:amd64 (1.14-3) ...
Selecting previously unselected package libxdamage1:amd64.
Preparing to unpack .../070-libxdamage1_1%3a1.1.5-2_amd64.deb ...
Unpacking libxdamage1:amd64 (1:1.1.5-2) ...
Selecting previously unselected package libxfixes3:amd64.
Preparing to unpack .../071-libxfixes3_1%3a5.0.3-2_amd64.deb ...
Unpacking libxfixes3:amd64 (1:5.0.3-2) ...
Selecting previously unselected package libxshmfence1:amd64.
Preparing to unpack .../072-libxshmfence1_1.3-1_amd64.deb ...
Unpacking libxshmfence1:amd64 (1.3-1) ...
Selecting previously unselected package libxxf86vm1:amd64.
Preparing to unpack .../073-libxxf86vm1_1%3a1.1.4-1+b2_amd64.deb ...
Unpacking libxxf86vm1:amd64 (1:1.1.4-1+b2) ...
Selecting previously unselected package libglx-mesa0:amd64.
Preparing to unpack .../074-libglx-mesa0_20.3.5-1_amd64.deb ...
Unpacking libglx-mesa0:amd64 (20.3.5-1) ...
Selecting previously unselected package libgraphite2-3:amd64.
Preparing to unpack .../075-libgraphite2-3_1.3.14-1_amd64.deb ...
Unpacking libgraphite2-3:amd64 (1.3.14-1) ...
Selecting previously unselected package libharfbuzz0b:amd64.
Preparing to unpack .../076-libharfbuzz0b_2.7.4-1_amd64.deb ...
Unpacking libharfbuzz0b:amd64 (2.7.4-1) ...
Selecting previously unselected package libjson-glib-1.0-common.
Preparing to unpack .../077-libjson-glib-1.0-common_1.6.2-1_all.deb ...
Unpacking libjson-glib-1.0-common (1.6.2-1) ...
Selecting previously unselected package libjson-glib-1.0-0:amd64.
Preparing to unpack .../078-libjson-glib-1.0-0_1.6.2-1_amd64.deb ...
Unpacking libjson-glib-1.0-0:amd64 (1.6.2-1) ...
Selecting previously unselected package libthai-data.
Preparing to unpack .../079-libthai-data_0.1.28-3_all.deb ...
Unpacking libthai-data (0.1.28-3) ...
Selecting previously unselected package libthai0:amd64.
Preparing to unpack .../080-libthai0_0.1.28-3_amd64.deb ...
Unpacking libthai0:amd64 (0.1.28-3) ...
Selecting previously unselected package libpango-1.0-0:amd64.
Preparing to unpack .../081-libpango-1.0-0_1.46.2-3_amd64.deb ...
Unpacking libpango-1.0-0:amd64 (1.46.2-3) ...
Selecting previously unselected package libpangoft2-1.0-0:amd64.
Preparing to unpack .../082-libpangoft2-1.0-0_1.46.2-3_amd64.deb ...
Unpacking libpangoft2-1.0-0:amd64 (1.46.2-3) ...
Selecting previously unselected package libpangocairo-1.0-0:amd64.
Preparing to unpack .../083-libpangocairo-1.0-0_1.46.2-3_amd64.deb ...
Unpacking libpangocairo-1.0-0:amd64 (1.46.2-3) ...
Selecting previously unselected package libsoup2.4-1:amd64.
Preparing to unpack .../084-libsoup2.4-1_2.72.0-2+deb11u3_amd64.deb ...
Unpacking libsoup2.4-1:amd64 (2.72.0-2+deb11u3) ...
Selecting previously unselected package libsoup-gnome2.4-1:amd64.
Preparing to unpack .../085-libsoup-gnome2.4-1_2.72.0-2+deb11u3_amd64.deb ...
Unpacking libsoup-gnome2.4-1:amd64 (2.72.0-2+deb11u3) ...
Selecting previously unselected package librest-0.7-0:amd64.
Preparing to unpack .../086-librest-0.7-0_0.8.1-1.1_amd64.deb ...
Unpacking librest-0.7-0:amd64 (0.8.1-1.1) ...
Selecting previously unselected package libwayland-client0:amd64.
Preparing to unpack .../087-libwayland-client0_1.18.0-2~exp1.1_amd64.deb ...
Unpacking libwayland-client0:amd64 (1.18.0-2~exp1.1) ...
Selecting previously unselected package libwayland-cursor0:amd64.
Preparing to unpack .../088-libwayland-cursor0_1.18.0-2~exp1.1_amd64.deb ...
Unpacking libwayland-cursor0:amd64 (1.18.0-2~exp1.1) ...
Selecting previously unselected package libwayland-egl1:amd64.
Preparing to unpack .../089-libwayland-egl1_1.18.0-2~exp1.1_amd64.deb ...
Unpacking libwayland-egl1:amd64 (1.18.0-2~exp1.1) ...
Selecting previously unselected package libxcomposite1:amd64.
Preparing to unpack .../090-libxcomposite1_1%3a0.4.5-1_amd64.deb ...
Unpacking libxcomposite1:amd64 (1:0.4.5-1) ...
Selecting previously unselected package libxcursor1:amd64.
Preparing to unpack .../091-libxcursor1_1%3a1.2.0-2_amd64.deb ...
Unpacking libxcursor1:amd64 (1:1.2.0-2) ...
Selecting previously unselected package libxi6:amd64.
Preparing to unpack .../092-libxi6_2%3a1.7.10-1_amd64.deb ...
Unpacking libxi6:amd64 (2:1.7.10-1) ...
Selecting previously unselected package libxinerama1:amd64.
Preparing to unpack .../093-libxinerama1_2%3a1.1.4-2_amd64.deb ...
Unpacking libxinerama1:amd64 (2:1.1.4-2) ...
Selecting previously unselected package xkb-data.
Preparing to unpack .../094-xkb-data_2.29-2_all.deb ...
Unpacking xkb-data (2.29-2) ...
Selecting previously unselected package libxkbcommon0:amd64.
Preparing to unpack .../095-libxkbcommon0_1.0.3-2_amd64.deb ...
Unpacking libxkbcommon0:amd64 (1.0.3-2) ...
Selecting previously unselected package libxrandr2:amd64.
Preparing to unpack .../096-libxrandr2_2%3a1.5.1-1_amd64.deb ...
Unpacking libxrandr2:amd64 (2:1.5.1-1) ...
Selecting previously unselected package libgtk-3-common.
Preparing to unpack .../097-libgtk-3-common_3.24.24-4+deb11u4_all.deb ...
Unpacking libgtk-3-common (3.24.24-4+deb11u4) ...
Selecting previously unselected package libgtk-3-0:amd64.
Preparing to unpack .../098-libgtk-3-0_3.24.24-4+deb11u4_amd64.deb ...
Unpacking libgtk-3-0:amd64 (3.24.24-4+deb11u4) ...
Selecting previously unselected package x11-common.
Preparing to unpack .../099-x11-common_1%3a7.7+22_all.deb ...
Unpacking x11-common (1:7.7+22) ...
Selecting previously unselected package libice6:amd64.
Preparing to unpack .../100-libice6_2%3a1.0.10-1_amd64.deb ...
Unpacking libice6:amd64 (2:1.0.10-1) ...
Selecting previously unselected package libnspr4:amd64.
Preparing to unpack .../101-libnspr4_2%3a4.29-1_amd64.deb ...
Unpacking libnspr4:amd64 (2:4.29-1) ...
Selecting previously unselected package libnss3:amd64.
Preparing to unpack .../102-libnss3_2%3a3.61-1+deb11u5_amd64.deb ...
Unpacking libnss3:amd64 (2:3.61-1+deb11u5) ...
Selecting previously unselected package libsm6:amd64.
Preparing to unpack .../103-libsm6_2%3a1.2.3-1_amd64.deb ...
Unpacking libsm6:amd64 (2:1.2.3-1) ...
Selecting previously unselected package libunwind8:amd64.
Preparing to unpack .../104-libunwind8_1.3.2-2_amd64.deb ...
Unpacking libunwind8:amd64 (1.3.2-2) ...
Selecting previously unselected package libxt6:amd64.
Preparing to unpack .../105-libxt6_1%3a1.2.0-1_amd64.deb ...
Unpacking libxt6:amd64 (1:1.2.0-1) ...
Selecting previously unselected package libxmu6:amd64.
Preparing to unpack .../106-libxmu6_2%3a1.1.2-2+b3_amd64.deb ...
Unpacking libxmu6:amd64 (2:1.1.2-2+b3) ...
Selecting previously unselected package libxaw7:amd64.
Preparing to unpack .../107-libxaw7_2%3a1.0.13-1.1_amd64.deb ...
Unpacking libxaw7:amd64 (2:1.0.13-1.1) ...
Selecting previously unselected package libxfont2:amd64.
Preparing to unpack .../108-libxfont2_1%3a2.0.4-1_amd64.deb ...
Unpacking libxfont2:amd64 (1:2.0.4-1) ...
Selecting previously unselected package libxkbfile1:amd64.
Preparing to unpack .../109-libxkbfile1_1%3a1.1.0-1_amd64.deb ...
Unpacking libxkbfile1:amd64 (1:1.1.0-1) ...
Selecting previously unselected package libxss1:amd64.
Preparing to unpack .../110-libxss1_1%3a1.2.3-1_amd64.deb ...
Unpacking libxss1:amd64 (1:1.2.3-1) ...
Selecting previously unselected package libxtst6:amd64.
Preparing to unpack .../111-libxtst6_2%3a1.2.3-1_amd64.deb ...
Unpacking libxtst6:amd64 (2:1.2.3-1) ...
Selecting previously unselected package x11-xkb-utils.
Preparing to unpack .../112-x11-xkb-utils_7.7+5_amd64.deb ...
Unpacking x11-xkb-utils (7.7+5) ...
Selecting previously unselected package xserver-common.
Preparing to unpack .../113-xserver-common_2%3a1.20.11-1+deb11u17_all.deb ...
Unpacking xserver-common (2:1.20.11-1+deb11u17) ...
Selecting previously unselected package libglx0:amd64.
Preparing to unpack .../114-libglx0_1.3.2-1_amd64.deb ...
Unpacking libglx0:amd64 (1.3.2-1) ...
Selecting previously unselected package libgl1:amd64.
Preparing to unpack .../115-libgl1_1.3.2-1_amd64.deb ...
Unpacking libgl1:amd64 (1.3.2-1) ...
Selecting previously unselected package xvfb.
Preparing to unpack .../116-xvfb_2%3a1.20.11-1+deb11u17_amd64.deb ...
Unpacking xvfb (2:1.20.11-1+deb11u17) ...
Setting up libgraphite2-3:amd64 (1.3.14-1) ...
Setting up libxcb-dri3-0:amd64 (1.14-3) ...
Setting up liblcms2-2:amd64 (2.12~rc1-2+deb11u1) ...
Setting up libpixman-1-0:amd64 (0.40.0-1.1~deb11u1) ...
Setting up libwayland-server0:amd64 (1.18.0-2~exp1.1) ...
Setting up libx11-xcb1:amd64 (2:1.7.2-1+deb11u2) ...
Setting up libpciaccess0:amd64 (0.16-1) ...
Setting up fontconfig (2.13.1-4.2) ...
Regenerating fonts cache... done.
Setting up systemd-sysv (247.3-7+deb11u8) ...
Setting up libproxy1v5:amd64 (0.4.17-1) ...
Setting up libxdamage1:amd64 (1:1.1.5-2) ...
Setting up libxcb-xfixes0:amd64 (1.14-3) ...
Setting up hicolor-icon-theme (0.17-2) ...
Setting up libxi6:amd64 (2:1.7.10-1) ...
Setting up libxrender1:amd64 (1:0.9.10-1) ...
Setting up libdatrie1:amd64 (0.2.13-1) ...
Setting up libxcb-render0:amd64 (1.14-3) ...
Setting up libglib2.0-0:amd64 (2.66.8-1+deb11u8) ...
Setting up libglvnd0:amd64 (1.3.2-1) ...
Setting up libxcb-glx0:amd64 (1.14-3) ...
Setting up libgdk-pixbuf2.0-common (2.42.2+dfsg-1+deb11u5) ...
Setting up x11-common (1:7.7+22) ...
debconf: unable to initialize frontend: Dialog
debconf: (TERM is not set, so the dialog frontend is not usable.)
debconf: falling back to frontend: Readline
invoke-rc.d: could not determine current runlevel
invoke-rc.d: policy-rc.d denied execution of start.
Setting up libsensors-config (1:3.6.0-7) ...
Setting up xkb-data (2.29-2) ...
Setting up libxcb-shm0:amd64 (1.14-3) ...
Setting up libunwind8:amd64 (1.3.2-2) ...
Setting up libcairo2:amd64 (1.16.0-5) ...
Setting up libcolord2:amd64 (1.4.5-3) ...
Setting up libxxf86vm1:amd64 (1:1.1.4-1+b2) ...
Setting up libxcb-present0:amd64 (1.14-3) ...
Setting up libdconf1:amd64 (0.38.0-2) ...
Setting up libasound2-data (1.2.4-1.1+deb11u1) ...
Setting up libfontenc1:amd64 (1:1.1.4-1) ...
Setting up libz3-4:amd64 (4.8.10-1) ...
Setting up libllvm11:amd64 (1:11.0.1-2) ...
Setting up libepoxy0:amd64 (1.5.5-1) ...
Setting up libnspr4:amd64 (2:4.29-1) ...
Setting up libxfixes3:amd64 (1:5.0.3-2) ...
Setting up libxcb-sync1:amd64 (1.14-3) ...
Setting up libavahi-common-data:amd64 (0.8-5+deb11u3) ...
Setting up libdbus-1-3:amd64 (1.12.28-0+deb11u1) ...
Setting up dbus (1.12.28-0+deb11u1) ...
invoke-rc.d: could not determine current runlevel
invoke-rc.d: policy-rc.d denied execution of start.
Setting up libfribidi0:amd64 (1.0.8-2+deb11u1) ...
Setting up shared-mime-info (2.0-1) ...
Setting up libxinerama1:amd64 (2:1.1.4-2) ...
Setting up libxrandr2:amd64 (2:1.5.1-1) ...
Setting up libsensors5:amd64 (1:3.6.0-7) ...
Setting up libglapi-mesa:amd64 (20.3.5-1) ...
Setting up libvulkan1:amd64 (1.2.162.0-1) ...
Setting up libxcb-dri2-0:amd64 (1.14-3) ...
Setting up libatk1.0-data (2.36.0-2) ...
Setting up libxshmfence1:amd64 (1.3-1) ...
Setting up libasound2:amd64 (1.2.4-1.1+deb11u1) ...
Setting up libpam-systemd:amd64 (247.3-7+deb11u8) ...
debconf: unable to initialize frontend: Dialog
debconf: (TERM is not set, so the dialog frontend is not usable.)
debconf: falling back to frontend: Readline
Setting up libharfbuzz0b:amd64 (2.7.4-1) ...
Setting up libthai-data (0.1.28-3) ...
Setting up libgdk-pixbuf-2.0-0:amd64 (2.42.2+dfsg-1+deb11u5) ...
Setting up libjson-glib-1.0-common (1.6.2-1) ...
Setting up libcairo-gobject2:amd64 (1.16.0-5) ...
Setting up libatk1.0-0:amd64 (2.36.0-2) ...
Setting up libwayland-egl1:amd64 (1.18.0-2~exp1.1) ...
Setting up libxss1:amd64 (1:1.2.3-1) ...
Setting up libxkbfile1:amd64 (1:1.1.0-1) ...
Setting up glib-networking-common (2.66.0-2) ...
Setting up libdrm-common (2.4.104-1) ...
Setting up libelf1:amd64 (0.183-1) ...
Setting up libxcomposite1:amd64 (1:0.4.5-1) ...
Setting up libxfont2:amd64 (1:2.0.4-1) ...
Setting up libxkbcommon0:amd64 (1.0.3-2) ...
Setting up libwayland-client0:amd64 (1.18.0-2~exp1.1) ...
Setting up glib-networking-services (2.66.0-2) ...
Setting up gtk-update-icon-cache (3.24.24-4+deb11u4) ...
Setting up libice6:amd64 (2:1.0.10-1) ...
Setting up libgdk-pixbuf-xlib-2.0-0:amd64 (2.40.2-2) ...
Setting up libxtst6:amd64 (2:1.2.3-1) ...
Setting up libxcursor1:amd64 (1:1.2.0-2) ...
Setting up libavahi-common3:amd64 (0.8-5+deb11u3) ...
Setting up libnss3:amd64 (2:3.61-1+deb11u5) ...
Setting up libatspi2.0-0:amd64 (2.38.0-4+deb11u1) ...
Setting up libjson-glib-1.0-0:amd64 (1.6.2-1) ...
Setting up libatk-bridge2.0-0:amd64 (2.38.0-1) ...
Setting up libthai0:amd64 (0.1.28-3) ...
Setting up dbus-user-session (1.12.28-0+deb11u1) ...
Setting up adwaita-icon-theme (3.38.0-1) ...
update-alternatives: using /usr/share/icons/Adwaita/cursor.theme to provide /usr/share/icons/default/index.theme (x-cursor-theme) in auto mode
Setting up libgdk-pixbuf2.0-0:amd64 (2.40.2-2) ...
Setting up libdrm2:amd64 (2.4.104-1) ...
Setting up libwayland-cursor0:amd64 (1.18.0-2~exp1.1) ...
Setting up libsm6:amd64 (2:1.2.3-1) ...
Setting up libavahi-client3:amd64 (0.8-5+deb11u3) ...
Setting up libdrm-amdgpu1:amd64 (2.4.104-1) ...
Setting up libdrm-nouveau2:amd64 (2.4.104-1) ...
Setting up libgbm1:amd64 (20.3.5-1) ...
Setting up libdrm-radeon1:amd64 (2.4.104-1) ...
Setting up libpango-1.0-0:amd64 (1.46.2-3) ...
Setting up libdrm-intel1:amd64 (2.4.104-1) ...
Setting up libgl1-mesa-dri:amd64 (20.3.5-1) ...
Setting up dconf-service (0.38.0-2) ...
Setting up libxt6:amd64 (1:1.2.0-1) ...
Setting up libcups2:amd64 (2.3.3op2-3+deb11u10) ...
Setting up libpangoft2-1.0-0:amd64 (1.46.2-3) ...
Setting up libpangocairo-1.0-0:amd64 (1.46.2-3) ...
Setting up libxmu6:amd64 (2:1.1.2-2+b3) ...
Setting up libglx-mesa0:amd64 (20.3.5-1) ...
Setting up libglx0:amd64 (1.3.2-1) ...
Setting up dconf-gsettings-backend:amd64 (0.38.0-2) ...
Setting up libxaw7:amd64 (2:1.0.13-1.1) ...
Setting up libgl1:amd64 (1.3.2-1) ...
Setting up libgtk-3-common (3.24.24-4+deb11u4) ...
Setting up gsettings-desktop-schemas (3.38.0-2) ...
Setting up x11-xkb-utils (7.7+5) ...
Setting up xserver-common (2:1.20.11-1+deb11u17) ...
Setting up glib-networking:amd64 (2.66.0-2) ...
Setting up libsoup2.4-1:amd64 (2.72.0-2+deb11u3) ...
Setting up xvfb (2:1.20.11-1+deb11u17) ...
Setting up libsoup-gnome2.4-1:amd64 (2.72.0-2+deb11u3) ...
Setting up librest-0.7-0:amd64 (0.8.1-1.1) ...
Setting up libgtk-3-0:amd64 (3.24.24-4+deb11u4) ...
Processing triggers for libc-bin (2.31-13+deb11u13) ...
--> 676fea91223e
STEP 4/7: COPY cypress-coverage-configs /coverage_reloaded/cypress-coverage-configs
--> df427c6c1a4c
STEP 5/7: COPY ./repo /coverage_reloaded/repo
--> 74b33e27a715
STEP 6/7: COPY ./install-and-run.sh /coverage_reloaded/install-and-run.sh
--> 6c2d1e61f6a2
STEP 7/7: RUN chmod +x /coverage_reloaded/install-and-run.sh
COMMIT core_node21_vuetify
--> 4292cdeebe92
Successfully tagged localhost/core_node21_vuetify:latest
4292cdeebe92407a7cf5c7f85e158b0b4cecb5cb505070aca476c3043ab84cb6

╔════════════════════════════════════════════════════════════╗
║  Starting run-coverage.sh                                  ║
║  Revision: dbfee87afb8b687e973a3a850a7af7370db32518        ║
╚════════════════════════════════════════════════════════════╝

Commit date: 2024-02-20 14:45:59
Current date: Thu May 28 10:30:24 UTC 2026
Timestamp: 1708440359
Package Manager: yarn@1.19

┌────────────────────────────────────────────────────────────┐
│  System Information                                        │
└────────────────────────────────────────────────────────────┘
Linux bd295b03201d 6.8.0-110-generic #110-Ubuntu SMP PREEMPT_DYNAMIC Thu Mar 19 15:09:20 UTC 2026 x86_64 GNU/Linux

┌────────────────────────────────────────────────────────────┐
│  Linux Distribution                                        │
└────────────────────────────────────────────────────────────┘
PRETTY_NAME="Debian GNU/Linux 11 (bullseye)"
NAME="Debian GNU/Linux"
VERSION_ID="11"
VERSION="11 (bullseye)"
VERSION_CODENAME=bullseye
ID=debian
HOME_URL="https://www.debian.org/"
SUPPORT_URL="https://www.debian.org/support"
BUG_REPORT_URL="https://bugs.debian.org/"

┌────────────────────────────────────────────────────────────┐
│  Git Version                                               │
└────────────────────────────────────────────────────────────┘
git version 2.30.2

┌────────────────────────────────────────────────────────────┐
│  Python Version                                            │
└────────────────────────────────────────────────────────────┘
Python 3.10.20

┌────────────────────────────────────────────────────────────┐
│  CPU Information                                           │
└────────────────────────────────────────────────────────────┘
256

┌────────────────────────────────────────────────────────────┐
│  Memory Information                                        │
└────────────────────────────────────────────────────────────┘
               total        used        free      shared  buff/cache   available
Mem:           2.2Ti        48Gi       1.9Ti        12Mi       227Gi       2.2Ti
Swap:          8.0Gi          0B       8.0Gi

┌────────────────────────────────────────────────────────────┐
│  Disk Information                                          │
└────────────────────────────────────────────────────────────┘
Filesystem      Size  Used Avail Use% Mounted on
/dev/md0         18T  542G   16T   4% /coverage_reloaded/coverage
tmpfs           227G  552K  227G   1% /etc/hosts
shm              63M     0   63M   0% /dev/shm
overlay          18T  542G   16T   4% /
tmpfs            64M     0   64M   0% /dev
udev            1.2T     0  1.2T   0% /dev/tty

┌────────────────────────────────────────────────────────────┐
│  Current Folder                                            │
└────────────────────────────────────────────────────────────┘
/coverage_reloaded/repo

┌────────────────────────────────────────────────────────────┐
│  Git Checkout                                              │
└────────────────────────────────────────────────────────────┘
Note: switching to 'dbfee87afb8b687e973a3a850a7af7370db32518'.

You are in 'detached HEAD' state. You can look around, make experimental
changes and commit them, and you can discard any commits you make in this
state without impacting any branches by switching back to a branch.

If you want to create a new branch to retain commits you create, you may
do so (now or later) by using -c with the switch command. Example:

  git switch -c <new-branch-name>

Or undo this operation with:

  git switch -

Turn off this advice by setting config variable advice.detachedHead to false

HEAD is now at dbfee87af chore: fix docs build error

┌────────────────────────────────────────────────────────────┐
│  Node Version                                              │
└────────────────────────────────────────────────────────────┘
v21.7.3

┌────────────────────────────────────────────────────────────┐
│  Setting up Package Managers                               │
└────────────────────────────────────────────────────────────┘
 --> Manual setup for yarn@1.19

up to date in 135ms

added 1 package in 314ms

▶ Yarn Version After Setup
1.19.0
Legacy Yarn: true
yarn config v1.19.0
success Set "registry" to "http://waypack:3000/yarn/1708440359/".
Done in 0.03s.
http://waypack:3000/yarn/1708440359/


┌────────────────────────────────────────────────────────────┐
│  Cleaning package manager lock files                       │
└────────────────────────────────────────────────────────────┘
Searching for patterns: package-lock.json */package-lock.json
Ignoring patterns: */node_modules/*
0 files processed
Searching for patterns: yarn.lock */yarn.lock
Ignoring patterns: */node_modules/*
Found file: ./yarn.lock
1 files processed
Searching for patterns: pnpm-lock.yaml */pnpm-lock.yaml
Ignoring patterns: */node_modules/*
0 files processed


╔════════════════════════════════════════════════════════════╗
║  Calling install-and-run.sh                                ║
╚════════════════════════════════════════════════════════════╝


┌────────────────────────────────────────────────────────────┐
│  Applying Cypress coverage patches                         │
└────────────────────────────────────────────────────────────┘
==> cypress-patcher.sh — applying coverage patches
  Found 46 patches available
  [MISS] packages/docs/vite.config.mts — no patch for hash 746649bbbd9daef3c923632251dd625475c6bbfca40e70ee5cfd6abf35c11e39
  [PATCH] 7b2403dae14b2f2e4d2e08cabe20fb9be27551feb64d45d3e267a850ce1be4d5 packages/vuetify/vite.config.mjs
  [PATCH] a7c99388c4922f27474d576355d99701604462cbf724231ab444c058eaa951d2 packages/vuetify/cypress.config.ts
  [PATCH] e7ad009cf3ecf9b20d9310e8fe6cf1f72cac2e064a8cc7a9f3e78ec0a4dd8dd2 packages/vuetify/cypress/support/index.ts
==> Done — 3 patches applied, 1 missing

┌────────────────────────────────────────────────────────────┐
│  Installing dependencies                                   │
└────────────────────────────────────────────────────────────┘

▶  Installing dependencies with yarn...
yarn cache v1.19.0
success Cleared cache.
Done in 0.03s.
yarn install v1.19.0
[1/5] Validating package.json...
[2/5] Resolving packages...
[3/5] Fetching packages...
(node:480) [DEP0040] DeprecationWarning: The `punycode` module is deprecated. Please use a userland alternative instead.
(Use `node --trace-deprecation ...` to show where the warning was created)
info fsevents@2.3.3: The platform "linux" is incompatible with this module.
info "fsevents@2.3.3" is an optional dependency and failed compatibility check. Excluding it from installation.
info @esbuild/aix-ppc64@0.19.11: The platform "linux" is incompatible with this module.
info "@esbuild/aix-ppc64@0.19.11" is an optional dependency and failed compatibility check. Excluding it from installation.
info @esbuild/aix-ppc64@0.19.11: The CPU architecture "x64" is incompatible with this module.
info @esbuild/android-arm@0.19.11: The platform "linux" is incompatible with this module.
info "@esbuild/android-arm@0.19.11" is an optional dependency and failed compatibility check. Excluding it from installation.
info @esbuild/android-arm@0.19.11: The CPU architecture "x64" is incompatible with this module.
info @esbuild/android-arm64@0.19.11: The platform "linux" is incompatible with this module.
info "@esbuild/android-arm64@0.19.11" is an optional dependency and failed compatibility check. Excluding it from installation.
info @esbuild/android-arm64@0.19.11: The CPU architecture "x64" is incompatible with this module.
info @esbuild/android-x64@0.19.11: The platform "linux" is incompatible with this module.
info "@esbuild/android-x64@0.19.11" is an optional dependency and failed compatibility check. Excluding it from installation.
info @esbuild/darwin-arm64@0.19.11: The platform "linux" is incompatible with this module.
info "@esbuild/darwin-arm64@0.19.11" is an optional dependency and failed compatibility check. Excluding it from installation.
info @esbuild/darwin-arm64@0.19.11: The CPU architecture "x64" is incompatible with this module.
info @esbuild/darwin-x64@0.19.11: The platform "linux" is incompatible with this module.
info "@esbuild/darwin-x64@0.19.11" is an optional dependency and failed compatibility check. Excluding it from installation.
info @esbuild/freebsd-arm64@0.19.11: The platform "linux" is incompatible with this module.
info "@esbuild/freebsd-arm64@0.19.11" is an optional dependency and failed compatibility check. Excluding it from installation.
info @esbuild/freebsd-arm64@0.19.11: The CPU architecture "x64" is incompatible with this module.
info @esbuild/freebsd-x64@0.19.11: The platform "linux" is incompatible with this module.
info "@esbuild/freebsd-x64@0.19.11" is an optional dependency and failed compatibility check. Excluding it from installation.
info @esbuild/linux-arm@0.19.11: The CPU architecture "x64" is incompatible with this module.
info "@esbuild/linux-arm@0.19.11" is an optional dependency and failed compatibility check. Excluding it from installation.
info @esbuild/linux-arm64@0.19.11: The CPU architecture "x64" is incompatible with this module.
info "@esbuild/linux-arm64@0.19.11" is an optional dependency and failed compatibility check. Excluding it from installation.
info @esbuild/linux-ia32@0.19.11: The CPU architecture "x64" is incompatible with this module.
info "@esbuild/linux-ia32@0.19.11" is an optional dependency and failed compatibility check. Excluding it from installation.
info @esbuild/linux-loong64@0.19.11: The CPU architecture "x64" is incompatible with this module.
info "@esbuild/linux-loong64@0.19.11" is an optional dependency and failed compatibility check. Excluding it from installation.
info @esbuild/linux-mips64el@0.19.11: The CPU architecture "x64" is incompatible with this module.
info "@esbuild/linux-mips64el@0.19.11" is an optional dependency and failed compatibility check. Excluding it from installation.
info @esbuild/linux-ppc64@0.19.11: The CPU architecture "x64" is incompatible with this module.
info "@esbuild/linux-ppc64@0.19.11" is an optional dependency and failed compatibility check. Excluding it from installation.
info @esbuild/linux-riscv64@0.19.11: The CPU architecture "x64" is incompatible with this module.
info "@esbuild/linux-riscv64@0.19.11" is an optional dependency and failed compatibility check. Excluding it from installation.
info @esbuild/linux-s390x@0.19.11: The CPU architecture "x64" is incompatible with this module.
info "@esbuild/linux-s390x@0.19.11" is an optional dependency and failed compatibility check. Excluding it from installation.
info @esbuild/netbsd-x64@0.19.11: The platform "linux" is incompatible with this module.
info "@esbuild/netbsd-x64@0.19.11" is an optional dependency and failed compatibility check. Excluding it from installation.
info @esbuild/openbsd-x64@0.19.11: The platform "linux" is incompatible with this module.
info "@esbuild/openbsd-x64@0.19.11" is an optional dependency and failed compatibility check. Excluding it from installation.
info @esbuild/sunos-x64@0.19.11: The platform "linux" is incompatible with this module.
info "@esbuild/sunos-x64@0.19.11" is an optional dependency and failed compatibility check. Excluding it from installation.
info @esbuild/win32-arm64@0.19.11: The platform "linux" is incompatible with this module.
info "@esbuild/win32-arm64@0.19.11" is an optional dependency and failed compatibility check. Excluding it from installation.
info @esbuild/win32-arm64@0.19.11: The CPU architecture "x64" is incompatible with this module.
info @esbuild/win32-ia32@0.19.11: The platform "linux" is incompatible with this module.
info "@esbuild/win32-ia32@0.19.11" is an optional dependency and failed compatibility check. Excluding it from installation.
info @esbuild/win32-ia32@0.19.11: The CPU architecture "x64" is incompatible with this module.
info @esbuild/win32-x64@0.19.11: The platform "linux" is incompatible with this module.
info "@esbuild/win32-x64@0.19.11" is an optional dependency and failed compatibility check. Excluding it from installation.
info @esbuild/android-arm@0.18.20: The platform "linux" is incompatible with this module.
info "@esbuild/android-arm@0.18.20" is an optional dependency and failed compatibility check. Excluding it from installation.
info @esbuild/android-arm@0.18.20: The CPU architecture "x64" is incompatible with this module.
info @esbuild/android-arm64@0.18.20: The platform "linux" is incompatible with this module.
info "@esbuild/android-arm64@0.18.20" is an optional dependency and failed compatibility check. Excluding it from installation.
info @esbuild/android-arm64@0.18.20: The CPU architecture "x64" is incompatible with this module.
info @esbuild/android-x64@0.18.20: The platform "linux" is incompatible with this module.
info "@esbuild/android-x64@0.18.20" is an optional dependency and failed compatibility check. Excluding it from installation.
info @esbuild/darwin-arm64@0.18.20: The platform "linux" is incompatible with this module.
info "@esbuild/darwin-arm64@0.18.20" is an optional dependency and failed compatibility check. Excluding it from installation.
info @esbuild/darwin-arm64@0.18.20: The CPU architecture "x64" is incompatible with this module.
info @esbuild/darwin-x64@0.18.20: The platform "linux" is incompatible with this module.
info "@esbuild/darwin-x64@0.18.20" is an optional dependency and failed compatibility check. Excluding it from installation.
info @esbuild/freebsd-arm64@0.18.20: The platform "linux" is incompatible with this module.
info "@esbuild/freebsd-arm64@0.18.20" is an optional dependency and failed compatibility check. Excluding it from installation.
info @esbuild/freebsd-arm64@0.18.20: The CPU architecture "x64" is incompatible with this module.
info @esbuild/freebsd-x64@0.18.20: The platform "linux" is incompatible with this module.
info "@esbuild/freebsd-x64@0.18.20" is an optional dependency and failed compatibility check. Excluding it from installation.
info @esbuild/linux-arm@0.18.20: The CPU architecture "x64" is incompatible with this module.
info "@esbuild/linux-arm@0.18.20" is an optional dependency and failed compatibility check. Excluding it from installation.
info @esbuild/linux-arm64@0.18.20: The CPU architecture "x64" is incompatible with this module.
info "@esbuild/linux-arm64@0.18.20" is an optional dependency and failed compatibility check. Excluding it from installation.
info @esbuild/linux-ia32@0.18.20: The CPU architecture "x64" is incompatible with this module.
info "@esbuild/linux-ia32@0.18.20" is an optional dependency and failed compatibility check. Excluding it from installation.
info @esbuild/linux-loong64@0.18.20: The CPU architecture "x64" is incompatible with this module.
info "@esbuild/linux-loong64@0.18.20" is an optional dependency and failed compatibility check. Excluding it from installation.
info @esbuild/linux-mips64el@0.18.20: The CPU architecture "x64" is incompatible with this module.
info "@esbuild/linux-mips64el@0.18.20" is an optional dependency and failed compatibility check. Excluding it from installation.
info @esbuild/linux-ppc64@0.18.20: The CPU architecture "x64" is incompatible with this module.
info "@esbuild/linux-ppc64@0.18.20" is an optional dependency and failed compatibility check. Excluding it from installation.
info @esbuild/linux-riscv64@0.18.20: The CPU architecture "x64" is incompatible with this module.
info "@esbuild/linux-riscv64@0.18.20" is an optional dependency and failed compatibility check. Excluding it from installation.
info @esbuild/linux-s390x@0.18.20: The CPU architecture "x64" is incompatible with this module.
info "@esbuild/linux-s390x@0.18.20" is an optional dependency and failed compatibility check. Excluding it from installation.
info @esbuild/netbsd-x64@0.18.20: The platform "linux" is incompatible with this module.
info "@esbuild/netbsd-x64@0.18.20" is an optional dependency and failed compatibility check. Excluding it from installation.
info @esbuild/openbsd-x64@0.18.20: The platform "linux" is incompatible with this module.
info "@esbuild/openbsd-x64@0.18.20" is an optional dependency and failed compatibility check. Excluding it from installation.
info @esbuild/sunos-x64@0.18.20: The platform "linux" is incompatible with this module.
info "@esbuild/sunos-x64@0.18.20" is an optional dependency and failed compatibility check. Excluding it from installation.
info @esbuild/win32-arm64@0.18.20: The platform "linux" is incompatible with this module.
info "@esbuild/win32-arm64@0.18.20" is an optional dependency and failed compatibility check. Excluding it from installation.
info @esbuild/win32-arm64@0.18.20: The CPU architecture "x64" is incompatible with this module.
info @esbuild/win32-ia32@0.18.20: The platform "linux" is incompatible with this module.
info "@esbuild/win32-ia32@0.18.20" is an optional dependency and failed compatibility check. Excluding it from installation.
info @esbuild/win32-ia32@0.18.20: The CPU architecture "x64" is incompatible with this module.
info @esbuild/win32-x64@0.18.20: The platform "linux" is incompatible with this module.
info "@esbuild/win32-x64@0.18.20" is an optional dependency and failed compatibility check. Excluding it from installation.
[4/5] Linking dependencies...
warning " > vite-plugin-inspect@0.7.42" has unmet peer dependency "vite@^3.1.0 || ^4.0.0 || ^5.0.0-0".
warning " > vite-plugin-warmup@0.1.0" has unmet peer dependency "vite@^4.3.1".
warning "workspace-aggregator-f2e7838f-8385-47aa-a29e-615bcfbb4e37 > vuetifyjs.com > vite-plugin-pwa@0.17.4" has unmet peer dependency "workbox-build@^7.0.0".
warning "workspace-aggregator-f2e7838f-8385-47aa-a29e-615bcfbb4e37 > vuetifyjs.com > vite-plugin-pwa@0.17.4" has unmet peer dependency "workbox-window@^7.0.0".
warning "workspace-aggregator-f2e7838f-8385-47aa-a29e-615bcfbb4e37 > vuetify > rollup-plugin-terser@7.0.2" has incorrect peer dependency "rollup@^2.0.0".
warning "workspace-aggregator-f2e7838f-8385-47aa-a29e-615bcfbb4e37 > vuetify > rollup-plugin-sourcemaps > @rollup/pluginutils@3.1.0" has incorrect peer dependency "rollup@^1.20.0||^2.0.0".
warning "workspace-aggregator-f2e7838f-8385-47aa-a29e-615bcfbb4e37 > vuetify > vite-ssr > @rollup/plugin-replace@3.0.0" has incorrect peer dependency "rollup@^1.20.0 || ^2.0.0".
warning "workspace-aggregator-f2e7838f-8385-47aa-a29e-615bcfbb4e37 > vuetify > vite-ssr > react-router-dom@6.3.0" has unmet peer dependency "react@>=16.8".
warning "workspace-aggregator-f2e7838f-8385-47aa-a29e-615bcfbb4e37 > vuetify > vite-ssr > react-router-dom@6.3.0" has unmet peer dependency "react-dom@>=16.8".
warning "workspace-aggregator-f2e7838f-8385-47aa-a29e-615bcfbb4e37 > vuetify > vite-ssr > react-ssr-prepass@1.4.0" has unmet peer dependency "react@^16.8.0 || ^17.0.0".
warning "workspace-aggregator-f2e7838f-8385-47aa-a29e-615bcfbb4e37 > vuetify > vite-ssr > react-router-dom > react-router@6.3.0" has unmet peer dependency "react@>=16.8".
warning Workspaces can only be enabled in private projects.
[5/5] Building fresh packages...
$ node scripts/post-install.js
Done in 39.81s.

▶  Bootstrapping with lerna...
lerna notice cli v3.22.1
lerna info ci enabled
lerna info bootstrap root only
yarn install v1.19.0
[1/5] Validating package.json...
[2/5] Resolving packages...
success Already up-to-date.
$ node scripts/post-install.js
Done in 0.49s.

┌────────────────────────────────────────────────────────────┐
│  Ensuring cross-env availability                           │
└────────────────────────────────────────────────────────────┘

▶  cross-env not found globally, installing...
added 7 packages in 1s

┌────────────────────────────────────────────────────────────┐
│  Ensuring @cypress/code-coverage availability              │
└────────────────────────────────────────────────────────────┘

▶   @cypress/code-coverage not found, installing...
├─ release-zalgo@1.0.0
├─ spawn-wrap@2.0.0
└─ typedarray-to-buffer@3.1.5
$ node scripts/post-install.js
Done in 6.83s.

┌────────────────────────────────────────────────────────────┐
│  Ensuring vite-plugin-istanbul availability                │
└────────────────────────────────────────────────────────────┘

▶   vite-plugin-istanbul not found, installing...
└─ vite-plugin-istanbul@5.0.0
info All dependencies
└─ vite-plugin-istanbul@5.0.0
$ node scripts/post-install.js
Done in 4.97s.

┌────────────────────────────────────────────────────────────┐
│  Detecting test infrastructure era                         │
└────────────────────────────────────────────────────────────┘
IS_JEST:                    true
HAS_TEST_COVERAGE_SCRIPT:   true

┌────────────────────────────────────────────────────────────┐
│  Using test:coverage script                                │
└────────────────────────────────────────────────────────────┘
yarn run v1.19.0
$ yarn test --coverage
$ node build/run-tests.js --coverage
$ cross-env NODE_ENV=test jest --coverage
Browserslist: caniuse-lite is outdated. Please run:
  npx update-browserslist-db@latest
  Why you should do it regularly: https://github.com/browserslist/update-db#readme
Browserslist: caniuse-lite is outdated. Please run:
  npx update-browserslist-db@latest
  Why you should do it regularly: https://github.com/browserslist/update-db#readme
Browserslist: caniuse-lite is outdated. Please run:
  npx update-browserslist-db@latest
  Why you should do it regularly: https://github.com/browserslist/update-db#readme
Browserslist: caniuse-lite is outdated. Please run:
  npx update-browserslist-db@latest
  Why you should do it regularly: https://github.com/browserslist/update-db#readme
Browserslist: caniuse-lite is outdated. Please run:
  npx update-browserslist-db@latest
  Why you should do it regularly: https://github.com/browserslist/update-db#readme
Browserslist: caniuse-lite is outdated. Please run:
  npx update-browserslist-db@latest
  Why you should do it regularly: https://github.com/browserslist/update-db#readme
Browserslist: caniuse-lite is outdated. Please run:
  npx update-browserslist-db@latest
  Why you should do it regularly: https://github.com/browserslist/update-db#readme
Browserslist: caniuse-lite is outdated. Please run:
  npx update-browserslist-db@latest
  Why you should do it regularly: https://github.com/browserslist/update-db#readme
Browserslist: caniuse-lite is outdated. Please run:
  npx update-browserslist-db@latest
  Why you should do it regularly: https://github.com/browserslist/update-db#readme
Browserslist: caniuse-lite is outdated. Please run:
  npx update-browserslist-db@latest
  Why you should do it regularly: https://github.com/browserslist/update-db#readme
Browserslist: caniuse-lite is outdated. Please run:
  npx update-browserslist-db@latest
  Why you should do it regularly: https://github.com/browserslist/update-db#readme
Browserslist: caniuse-lite is outdated. Please run:
  npx update-browserslist-db@latest
  Why you should do it regularly: https://github.com/browserslist/update-db#readme
Browserslist: caniuse-lite is outdated. Please run:
  npx update-browserslist-db@latest
  Why you should do it regularly: https://github.com/browserslist/update-db#readme
Browserslist: caniuse-lite is outdated. Please run:
  npx update-browserslist-db@latest
  Why you should do it regularly: https://github.com/browserslist/update-db#readme
Browserslist: caniuse-lite is outdated. Please run:
  npx update-browserslist-db@latest
  Why you should do it regularly: https://github.com/browserslist/update-db#readme
Browserslist: caniuse-lite is outdated. Please run:
  npx update-browserslist-db@latest
  Why you should do it regularly: https://github.com/browserslist/update-db#readme
Browserslist: caniuse-lite is outdated. Please run:
  npx update-browserslist-db@latest
  Why you should do it regularly: https://github.com/browserslist/update-db#readme
Browserslist: caniuse-lite is outdated. Please run:
  npx update-browserslist-db@latest
  Why you should do it regularly: https://github.com/browserslist/update-db#readme
Browserslist: caniuse-lite is outdated. Please run:
  npx update-browserslist-db@latest
  Why you should do it regularly: https://github.com/browserslist/update-db#readme
Browserslist: caniuse-lite is outdated. Please run:
  npx update-browserslist-db@latest
  Why you should do it regularly: https://github.com/browserslist/update-db#readme
Browserslist: caniuse-lite is outdated. Please run:
  npx update-browserslist-db@latest
  Why you should do it regularly: https://github.com/browserslist/update-db#readme
Browserslist: caniuse-lite is outdated. Please run:
  npx update-browserslist-db@latest
  Why you should do it regularly: https://github.com/browserslist/update-db#readme
Browserslist: caniuse-lite is outdated. Please run:
  npx update-browserslist-db@latest
  Why you should do it regularly: https://github.com/browserslist/update-db#readme
Browserslist: caniuse-lite is outdated. Please run:
  npx update-browserslist-db@latest
  Why you should do it regularly: https://github.com/browserslist/update-db#readme
Browserslist: caniuse-lite is outdated. Please run:
  npx update-browserslist-db@latest
  Why you should do it regularly: https://github.com/browserslist/update-db#readme
Browserslist: caniuse-lite is outdated. Please run:
  npx update-browserslist-db@latest
  Why you should do it regularly: https://github.com/browserslist/update-db#readme
Browserslist: caniuse-lite is outdated. Please run:
  npx update-browserslist-db@latest
  Why you should do it regularly: https://github.com/browserslist/update-db#readme
Browserslist: caniuse-lite is outdated. Please run:
  npx update-browserslist-db@latest
  Why you should do it regularly: https://github.com/browserslist/update-db#readme
Browserslist: caniuse-lite is outdated. Please run:
  npx update-browserslist-db@latest
  Why you should do it regularly: https://github.com/browserslist/update-db#readme
Browserslist: caniuse-lite is outdated. Please run:
  npx update-browserslist-db@latest
  Why you should do it regularly: https://github.com/browserslist/update-db#readme
Browserslist: caniuse-lite is outdated. Please run:
  npx update-browserslist-db@latest
  Why you should do it regularly: https://github.com/browserslist/update-db#readme
Browserslist: caniuse-lite is outdated. Please run:
  npx update-browserslist-db@latest
  Why you should do it regularly: https://github.com/browserslist/update-db#readme
Browserslist: caniuse-lite is outdated. Please run:
  npx update-browserslist-db@latest
  Why you should do it regularly: https://github.com/browserslist/update-db#readme
Browserslist: caniuse-lite is outdated. Please run:
  npx update-browserslist-db@latest
  Why you should do it regularly: https://github.com/browserslist/update-db#readme
Browserslist: caniuse-lite is outdated. Please run:
  npx update-browserslist-db@latest
  Why you should do it regularly: https://github.com/browserslist/update-db#readme
Browserslist: caniuse-lite is outdated. Please run:
  npx update-browserslist-db@latest
  Why you should do it regularly: https://github.com/browserslist/update-db#readme
Browserslist: caniuse-lite is outdated. Please run:
  npx update-browserslist-db@latest
  Why you should do it regularly: https://github.com/browserslist/update-db#readme
Browserslist: caniuse-lite is outdated. Please run:
  npx update-browserslist-db@latest
  Why you should do it regularly: https://github.com/browserslist/update-db#readme
Browserslist: caniuse-lite is outdated. Please run:
  npx update-browserslist-db@latest
  Why you should do it regularly: https://github.com/browserslist/update-db#readme
Browserslist: caniuse-lite is outdated. Please run:
  npx update-browserslist-db@latest
  Why you should do it regularly: https://github.com/browserslist/update-db#readme
Browserslist: caniuse-lite is outdated. Please run:
  npx update-browserslist-db@latest
  Why you should do it regularly: https://github.com/browserslist/update-db#readme
Browserslist: caniuse-lite is outdated. Please run:
  npx update-browserslist-db@latest
  Why you should do it regularly: https://github.com/browserslist/update-db#readme
Browserslist: caniuse-lite is outdated. Please run:
  npx update-browserslist-db@latest
  Why you should do it regularly: https://github.com/browserslist/update-db#readme
Browserslist: caniuse-lite is outdated. Please run:
  npx update-browserslist-db@latest
  Why you should do it regularly: https://github.com/browserslist/update-db#readme
Browserslist: caniuse-lite is outdated. Please run:
  npx update-browserslist-db@latest
  Why you should do it regularly: https://github.com/browserslist/update-db#readme
Browserslist: caniuse-lite is outdated. Please run:
  npx update-browserslist-db@latest
  Why you should do it regularly: https://github.com/browserslist/update-db#readme
Browserslist: caniuse-lite is outdated. Please run:
  npx update-browserslist-db@latest
  Why you should do it regularly: https://github.com/browserslist/update-db#readme
Browserslist: caniuse-lite is outdated. Please run:
  npx update-browserslist-db@latest
  Why you should do it regularly: https://github.com/browserslist/update-db#readme
Browserslist: caniuse-lite is outdated. Please run:
  npx update-browserslist-db@latest
  Why you should do it regularly: https://github.com/browserslist/update-db#readme
Browserslist: caniuse-lite is outdated. Please run:
  npx update-browserslist-db@latest
  Why you should do it regularly: https://github.com/browserslist/update-db#readme
Browserslist: caniuse-lite is outdated. Please run:
  npx update-browserslist-db@latest
  Why you should do it regularly: https://github.com/browserslist/update-db#readme
Browserslist: caniuse-lite is outdated. Please run:
  npx update-browserslist-db@latest
  Why you should do it regularly: https://github.com/browserslist/update-db#readme
Browserslist: caniuse-lite is outdated. Please run:
  npx update-browserslist-db@latest
  Why you should do it regularly: https://github.com/browserslist/update-db#readme
Browserslist: caniuse-lite is outdated. Please run:
  npx update-browserslist-db@latest
  Why you should do it regularly: https://github.com/browserslist/update-db#readme
Browserslist: caniuse-lite is outdated. Please run:
  npx update-browserslist-db@latest
  Why you should do it regularly: https://github.com/browserslist/update-db#readme
Browserslist: caniuse-lite is outdated. Please run:
  npx update-browserslist-db@latest
  Why you should do it regularly: https://github.com/browserslist/update-db#readme
(node:3147) [DEP0040] DeprecationWarning: The `punycode` module is deprecated. Please use a userland alternative instead.
(Use `node --trace-deprecation ...` to show where the warning was created)
Browserslist: caniuse-lite is outdated. Please run:
  npx update-browserslist-db@latest
  Why you should do it regularly: https://github.com/browserslist/update-db#readme
Browserslist: caniuse-lite is outdated. Please run:
  npx update-browserslist-db@latest
  Why you should do it regularly: https://github.com/browserslist/update-db#readme
(node:3262) [DEP0040] DeprecationWarning: The `punycode` module is deprecated. Please use a userland alternative instead.
(Use `node --trace-deprecation ...` to show where the warning was created)
Browserslist: caniuse-lite is outdated. Please run:
  npx update-browserslist-db@latest
  Why you should do it regularly: https://github.com/browserslist/update-db#readme
(node:2770) [DEP0040] DeprecationWarning: The `punycode` module is deprecated. Please use a userland alternative instead.
(Use `node --trace-deprecation ...` to show where the warning was created)
Browserslist: caniuse-lite is outdated. Please run:
  npx update-browserslist-db@latest
  Why you should do it regularly: https://github.com/browserslist/update-db#readme
Browserslist: caniuse-lite is outdated. Please run:
  npx update-browserslist-db@latest
  Why you should do it regularly: https://github.com/browserslist/update-db#readme
(node:2988) [DEP0040] DeprecationWarning: The `punycode` module is deprecated. Please use a userland alternative instead.
(Use `node --trace-deprecation ...` to show where the warning was created)
(node:2941) [DEP0040] DeprecationWarning: The `punycode` module is deprecated. Please use a userland alternative instead.
(Use `node --trace-deprecation ...` to show where the warning was created)
(node:3002) [DEP0040] DeprecationWarning: The `punycode` module is deprecated. Please use a userland alternative instead.
(Use `node --trace-deprecation ...` to show where the warning was created)
PASS Vuetify src/directives/mutate/__tests__/mutate.spec.ts
(node:2743) [DEP0040] DeprecationWarning: The `punycode` module is deprecated. Please use a userland alternative instead.
(Use `node --trace-deprecation ...` to show where the warning was created)
(node:2722) [DEP0040] DeprecationWarning: The `punycode` module is deprecated. Please use a userland alternative instead.
(Use `node --trace-deprecation ...` to show where the warning was created)
Browserslist: caniuse-lite is outdated. Please run:
  npx update-browserslist-db@latest
  Why you should do it regularly: https://github.com/browserslist/update-db#readme
(node:2778) [DEP0040] DeprecationWarning: The `punycode` module is deprecated. Please use a userland alternative instead.
(Use `node --trace-deprecation ...` to show where the warning was created)
(node:2763) [DEP0040] DeprecationWarning: The `punycode` module is deprecated. Please use a userland alternative instead.
(Use `node --trace-deprecation ...` to show where the warning was created)
Browserslist: caniuse-lite is outdated. Please run:
  npx update-browserslist-db@latest
  Why you should do it regularly: https://github.com/browserslist/update-db#readme
Browserslist: caniuse-lite is outdated. Please run:
  npx update-browserslist-db@latest
  Why you should do it regularly: https://github.com/browserslist/update-db#readme
Browserslist: caniuse-lite is outdated. Please run:
  npx update-browserslist-db@latest
  Why you should do it regularly: https://github.com/browserslist/update-db#readme
(node:2875) [DEP0040] DeprecationWarning: The `punycode` module is deprecated. Please use a userland alternative instead.
(Use `node --trace-deprecation ...` to show where the warning was created)
Browserslist: caniuse-lite is outdated. Please run:
  npx update-browserslist-db@latest
  Why you should do it regularly: https://github.com/browserslist/update-db#readme
Browserslist: caniuse-lite is outdated. Please run:
  npx update-browserslist-db@latest
  Why you should do it regularly: https://github.com/browserslist/update-db#readme
(node:3140) [DEP0040] DeprecationWarning: The `punycode` module is deprecated. Please use a userland alternative instead.
(Use `node --trace-deprecation ...` to show where the warning was created)
(node:3226) [DEP0040] DeprecationWarning: The `punycode` module is deprecated. Please use a userland alternative instead.
(Use `node --trace-deprecation ...` to show where the warning was created)
(node:2927) [DEP0040] DeprecationWarning: The `punycode` module is deprecated. Please use a userland alternative instead.
(Use `node --trace-deprecation ...` to show where the warning was created)
PASS Vuetify src/components/VDatePicker/util/__tests__/sanitizeDateString.spec.ts
Browserslist: caniuse-lite is outdated. Please run:
  npx update-browserslist-db@latest
  Why you should do it regularly: https://github.com/browserslist/update-db#readme
Browserslist: caniuse-lite is outdated. Please run:
  npx update-browserslist-db@latest
  Why you should do it regularly: https://github.com/browserslist/update-db#readme
Browserslist: caniuse-lite is outdated. Please run:
  npx update-browserslist-db@latest
  Why you should do it regularly: https://github.com/browserslist/update-db#readme
(node:3093) [DEP0040] DeprecationWarning: The `punycode` module is deprecated. Please use a userland alternative instead.
(Use `node --trace-deprecation ...` to show where the warning was created)
Browserslist: caniuse-lite is outdated. Please run:
  npx update-browserslist-db@latest
  Why you should do it regularly: https://github.com/browserslist/update-db#readme
Browserslist: caniuse-lite is outdated. Please run:
  npx update-browserslist-db@latest
  Why you should do it regularly: https://github.com/browserslist/update-db#readme
(node:2736) [DEP0040] DeprecationWarning: The `punycode` module is deprecated. Please use a userland alternative instead.
(Use `node --trace-deprecation ...` to show where the warning was created)
Browserslist: caniuse-lite is outdated. Please run:
  npx update-browserslist-db@latest
  Why you should do it regularly: https://github.com/browserslist/update-db#readme
Browserslist: caniuse-lite is outdated. Please run:
  npx update-browserslist-db@latest
  Why you should do it regularly: https://github.com/browserslist/update-db#readme
(node:2867) [DEP0040] DeprecationWarning: The `punycode` module is deprecated. Please use a userland alternative instead.
(Use `node --trace-deprecation ...` to show where the warning was created)
Browserslist: caniuse-lite is outdated. Please run:
  npx update-browserslist-db@latest
  Why you should do it regularly: https://github.com/browserslist/update-db#readme
Browserslist: caniuse-lite is outdated. Please run:
  npx update-browserslist-db@latest
  Why you should do it regularly: https://github.com/browserslist/update-db#readme
(node:2728) [DEP0040] DeprecationWarning: The `punycode` module is deprecated. Please use a userland alternative instead.
(Use `node --trace-deprecation ...` to show where the warning was created)
(node:2999) [DEP0040] DeprecationWarning: The `punycode` module is deprecated. Please use a userland alternative instead.
(Use `node --trace-deprecation ...` to show where the warning was created)
(node:2848) [DEP0040] DeprecationWarning: The `punycode` module is deprecated. Please use a userland alternative instead.
(Use `node --trace-deprecation ...` to show where the warning was created)
Browserslist: caniuse-lite is outdated. Please run:
  npx update-browserslist-db@latest
  Why you should do it regularly: https://github.com/browserslist/update-db#readme
Browserslist: caniuse-lite is outdated. Please run:
  npx update-browserslist-db@latest
  Why you should do it regularly: https://github.com/browserslist/update-db#readme
Browserslist: caniuse-lite is outdated. Please run:
  npx update-browserslist-db@latest
  Why you should do it regularly: https://github.com/browserslist/update-db#readme
Browserslist: caniuse-lite is outdated. Please run:
  npx update-browserslist-db@latest
  Why you should do it regularly: https://github.com/browserslist/update-db#readme
(node:2667) [DEP0040] DeprecationWarning: The `punycode` module is deprecated. Please use a userland alternative instead.
(Use `node --trace-deprecation ...` to show where the warning was created)
Browserslist: caniuse-lite is outdated. Please run:
  npx update-browserslist-db@latest
  Why you should do it regularly: https://github.com/browserslist/update-db#readme
(node:2680) [DEP0040] DeprecationWarning: The `punycode` module is deprecated. Please use a userland alternative instead.
(Use `node --trace-deprecation ...` to show where the warning was created)
(node:3119) [DEP0040] DeprecationWarning: The `punycode` module is deprecated. Please use a userland alternative instead.
(Use `node --trace-deprecation ...` to show where the warning was created)
PASS Vuetify src/util/__tests__/dom.spec.ts
(node:2819) [DEP0040] DeprecationWarning: The `punycode` module is deprecated. Please use a userland alternative instead.
(Use `node --trace-deprecation ...` to show where the warning was created)
Browserslist: caniuse-lite is outdated. Please run:
  npx update-browserslist-db@latest
  Why you should do it regularly: https://github.com/browserslist/update-db#readme
Browserslist: caniuse-lite is outdated. Please run:
  npx update-browserslist-db@latest
  Why you should do it regularly: https://github.com/browserslist/update-db#readme
Browserslist: caniuse-lite is outdated. Please run:
  npx update-browserslist-db@latest
  Why you should do it regularly: https://github.com/browserslist/update-db#readme
Browserslist: caniuse-lite is outdated. Please run:
  npx update-browserslist-db@latest
  Why you should do it regularly: https://github.com/browserslist/update-db#readme
Browserslist: caniuse-lite is outdated. Please run:
  npx update-browserslist-db@latest
  Why you should do it regularly: https://github.com/browserslist/update-db#readme
(node:2952) [DEP0040] DeprecationWarning: The `punycode` module is deprecated. Please use a userland alternative instead.
(Use `node --trace-deprecation ...` to show where the warning was created)
Browserslist: caniuse-lite is outdated. Please run:
  npx update-browserslist-db@latest
  Why you should do it regularly: https://github.com/browserslist/update-db#readme
Browserslist: caniuse-lite is outdated. Please run:
  npx update-browserslist-db@latest
  Why you should do it regularly: https://github.com/browserslist/update-db#readme
(node:3276) [DEP0040] DeprecationWarning: The `punycode` module is deprecated. Please use a userland alternative instead.
(Use `node --trace-deprecation ...` to show where the warning was created)
(node:2969) [DEP0040] DeprecationWarning: The `punycode` module is deprecated. Please use a userland alternative instead.
(Use `node --trace-deprecation ...` to show where the warning was created)
Browserslist: caniuse-lite is outdated. Please run:
  npx update-browserslist-db@latest
  Why you should do it regularly: https://github.com/browserslist/update-db#readme
(node:3065) [DEP0040] DeprecationWarning: The `punycode` module is deprecated. Please use a userland alternative instead.
(Use `node --trace-deprecation ...` to show where the warning was created)
(node:2666) [DEP0040] DeprecationWarning: The `punycode` module is deprecated. Please use a userland alternative instead.
(Use `node --trace-deprecation ...` to show where the warning was created)
Browserslist: caniuse-lite is outdated. Please run:
  npx update-browserslist-db@latest
  Why you should do it regularly: https://github.com/browserslist/update-db#readme
(node:3112) [DEP0040] DeprecationWarning: The `punycode` module is deprecated. Please use a userland alternative instead.
(Use `node --trace-deprecation ...` to show where the warning was created)
PASS Vuetify src/util/__tests__/propsFactory.spec.ts
(node:2757) [DEP0040] DeprecationWarning: The `punycode` module is deprecated. Please use a userland alternative instead.
(Use `node --trace-deprecation ...` to show where the warning was created)
(node:2668) [DEP0040] DeprecationWarning: The `punycode` module is deprecated. Please use a userland alternative instead.
(Use `node --trace-deprecation ...` to show where the warning was created)
(node:2792) [DEP0040] DeprecationWarning: The `punycode` module is deprecated. Please use a userland alternative instead.
(Use `node --trace-deprecation ...` to show where the warning was created)
(node:2878) [DEP0040] DeprecationWarning: The `punycode` module is deprecated. Please use a userland alternative instead.
(Use `node --trace-deprecation ...` to show where the warning was created)
(node:2977) [DEP0040] DeprecationWarning: The `punycode` module is deprecated. Please use a userland alternative instead.
(Use `node --trace-deprecation ...` to show where the warning was created)
(node:2687) [DEP0040] DeprecationWarning: The `punycode` module is deprecated. Please use a userland alternative instead.
(Use `node --trace-deprecation ...` to show where the warning was created)
PASS Vuetify src/composables/nested/__tests__/selectStrategies.spec.ts
(node:3038) [DEP0040] DeprecationWarning: The `punycode` module is deprecated. Please use a userland alternative instead.
(Use `node --trace-deprecation ...` to show where the warning was created)
PASS Vuetify src/directives/resize/__tests__/resize.spec.ts
(node:2855) [DEP0040] DeprecationWarning: The `punycode` module is deprecated. Please use a userland alternative instead.
(Use `node --trace-deprecation ...` to show where the warning was created)
(node:2707) [DEP0040] DeprecationWarning: The `punycode` module is deprecated. Please use a userland alternative instead.
(Use `node --trace-deprecation ...` to show where the warning was created)
(node:3196) [DEP0040] DeprecationWarning: The `punycode` module is deprecated. Please use a userland alternative instead.
(Use `node --trace-deprecation ...` to show where the warning was created)
(node:2674) [DEP0040] DeprecationWarning: The `punycode` module is deprecated. Please use a userland alternative instead.
(Use `node --trace-deprecation ...` to show where the warning was created)
PASS Vuetify src/directives/scroll/__tests__/scroll.spec.ts
(node:2716) [DEP0040] DeprecationWarning: The `punycode` module is deprecated. Please use a userland alternative instead.
(Use `node --trace-deprecation ...` to show where the warning was created)
(node:3156) [DEP0040] DeprecationWarning: The `punycode` module is deprecated. Please use a userland alternative instead.
(Use `node --trace-deprecation ...` to show where the warning was created)
PASS Vuetify src/util/__tests__/colorUtils.spec.ts
PASS Vuetify src/components/VColorPicker/util/__tests__/index.spec.ts
(node:3213) [DEP0040] DeprecationWarning: The `punycode` module is deprecated. Please use a userland alternative instead.
(Use `node --trace-deprecation ...` to show where the warning was created)
PASS Vuetify src/util/__tests__/getCurrentInstance.spec.tsx
(node:3149) [DEP0040] DeprecationWarning: The `punycode` module is deprecated. Please use a userland alternative instead.
(Use `node --trace-deprecation ...` to show where the warning was created)
PASS Vuetify src/locale/__tests__/index.spec.ts
(node:2799) [DEP0040] DeprecationWarning: The `punycode` module is deprecated. Please use a userland alternative instead.
(Use `node --trace-deprecation ...` to show where the warning was created)
(node:2841) [DEP0040] DeprecationWarning: The `punycode` module is deprecated. Please use a userland alternative instead.
(Use `node --trace-deprecation ...` to show where the warning was created)
(node:2888) [DEP0040] DeprecationWarning: The `punycode` module is deprecated. Please use a userland alternative instead.
(Use `node --trace-deprecation ...` to show where the warning was created)
(node:3059) [DEP0040] DeprecationWarning: The `punycode` module is deprecated. Please use a userland alternative instead.
(Use `node --trace-deprecation ...` to show where the warning was created)
PASS Vuetify src/directives/intersect/__tests__/intersect.spec.ts
(node:3034) [DEP0040] DeprecationWarning: The `punycode` module is deprecated. Please use a userland alternative instead.
(Use `node --trace-deprecation ...` to show where the warning was created)
(node:3205) [DEP0040] DeprecationWarning: The `punycode` module is deprecated. Please use a userland alternative instead.
(Use `node --trace-deprecation ...` to show where the warning was created)
(node:2826) [DEP0040] DeprecationWarning: The `punycode` module is deprecated. Please use a userland alternative instead.
(Use `node --trace-deprecation ...` to show where the warning was created)
PASS Vuetify src/composables/__tests__/dimensions.spec.ts
PASS Vuetify src/composables/__tests__/items.spec.ts
(node:3168) [DEP0040] DeprecationWarning: The `punycode` module is deprecated. Please use a userland alternative instead.
(Use `node --trace-deprecation ...` to show where the warning was created)
(node:3219) [DEP0040] DeprecationWarning: The `punycode` module is deprecated. Please use a userland alternative instead.
(Use `node --trace-deprecation ...` to show where the warning was created)
PASS Vuetify src/composables/__tests__/elevation.spec.ts
(node:3101) [DEP0040] DeprecationWarning: The `punycode` module is deprecated. Please use a userland alternative instead.
(Use `node --trace-deprecation ...` to show where the warning was created)
(node:3014) [DEP0040] DeprecationWarning: The `punycode` module is deprecated. Please use a userland alternative instead.
(Use `node --trace-deprecation ...` to show where the warning was created)
PASS Vuetify src/composables/__tests__/position.spec.ts
(node:2932) [DEP0040] DeprecationWarning: The `punycode` module is deprecated. Please use a userland alternative instead.
(Use `node --trace-deprecation ...` to show where the warning was created)
(node:3044) [DEP0040] DeprecationWarning: The `punycode` module is deprecated. Please use a userland alternative instead.
(Use `node --trace-deprecation ...` to show where the warning was created)
PASS Vuetify src/composables/__tests__/size.spec.ts
PASS Vuetify src/components/VDataTable/__tests__/headers.spec.ts
(node:3237) [DEP0040] DeprecationWarning: The `punycode` module is deprecated. Please use a userland alternative instead.
(Use `node --trace-deprecation ...` to show where the warning was created)
PASS Vuetify src/composables/__tests__/variant.spec.ts
(node:3203) [DEP0040] DeprecationWarning: The `punycode` module is deprecated. Please use a userland alternative instead.
(Use `node --trace-deprecation ...` to show where the warning was created)
PASS Vuetify src/composables/__tests__/tag.spec.ts
PASS Vuetify src/composables/__tests__/filter.spec.ts
PASS Vuetify src/composables/__tests__/proxiedModel.spec.ts
PASS Vuetify src/util/__tests__/helpers.spec.ts
(node:2960) [DEP0040] DeprecationWarning: The `punycode` module is deprecated. Please use a userland alternative instead.
(Use `node --trace-deprecation ...` to show where the warning was created)
PASS Vuetify src/directives/touch/__tests__/touch.spec.ts
(node:3241) [DEP0040] DeprecationWarning: The `punycode` module is deprecated. Please use a userland alternative instead.
(Use `node --trace-deprecation ...` to show where the warning was created)
PASS Vuetify src/composables/__tests__/color.spec.ts
PASS Vuetify src/directives/click-outside/__tests__/click-outside-shadow-dom.spec.ts
(node:3187) [DEP0040] DeprecationWarning: The `punycode` module is deprecated. Please use a userland alternative instead.
(Use `node --trace-deprecation ...` to show where the warning was created)
(node:3053) [DEP0040] DeprecationWarning: The `punycode` module is deprecated. Please use a userland alternative instead.
(Use `node --trace-deprecation ...` to show where the warning was created)
PASS Vuetify src/composables/__tests__/resizeObserver.spec.ts
PASS Vuetify src/directives/click-outside/__tests__/click-outside.spec.ts
(node:3028) [DEP0040] DeprecationWarning: The `punycode` module is deprecated. Please use a userland alternative instead.
(Use `node --trace-deprecation ...` to show where the warning was created)
(node:3121) [DEP0040] DeprecationWarning: The `punycode` module is deprecated. Please use a userland alternative instead.
(Use `node --trace-deprecation ...` to show where the warning was created)
PASS Vuetify src/composables/__tests__/mutationObserver.spec.ts
PASS Vuetify src/composables/__tests__/forwardRefs.spec.tsx
PASS Vuetify src/composables/__tests__/border.spec.ts
PASS Vuetify src/composables/date/adapters/__tests__/vuetify.spec.ts
(node:3087) [DEP0040] DeprecationWarning: The `punycode` module is deprecated. Please use a userland alternative instead.
(Use `node --trace-deprecation ...` to show where the warning was created)
PASS Vuetify src/composables/__tests__/rounded.spec.ts
(node:2813) [DEP0040] DeprecationWarning: The `punycode` module is deprecated. Please use a userland alternative instead.
(Use `node --trace-deprecation ...` to show where the warning was created)
(node:3268) [DEP0040] DeprecationWarning: The `punycode` module is deprecated. Please use a userland alternative instead.
(Use `node --trace-deprecation ...` to show where the warning was created)
(node:2705) [DEP0040] DeprecationWarning: The `punycode` module is deprecated. Please use a userland alternative instead.
(Use `node --trace-deprecation ...` to show where the warning was created)
(node:2784) [DEP0040] DeprecationWarning: The `punycode` module is deprecated. Please use a userland alternative instead.
(Use `node --trace-deprecation ...` to show where the warning was created)
(node:2946) [DEP0040] DeprecationWarning: The `punycode` module is deprecated. Please use a userland alternative instead.
(Use `node --trace-deprecation ...` to show where the warning was created)
PASS Vuetify src/composables/__tests__/loader.spec.ts
PASS Vuetify src/composables/__tests__/theme.spec.ts
PASS Vuetify src/composables/__tests__/group.spec.ts
PASS Vuetify src/directives/ripple/__tests__/ripple.spec.ts
PASS Vuetify src/composables/date/__tests__/date.spec.ts
(node:2918) [DEP0040] DeprecationWarning: The `punycode` module is deprecated. Please use a userland alternative instead.
(Use `node --trace-deprecation ...` to show where the warning was created)
(node:2706) [DEP0040] DeprecationWarning: The `punycode` module is deprecated. Please use a userland alternative instead.
(Use `node --trace-deprecation ...` to show where the warning was created)
(node:2806) [DEP0040] DeprecationWarning: The `punycode` module is deprecated. Please use a userland alternative instead.
(Use `node --trace-deprecation ...` to show where the warning was created)
(node:2834) [DEP0040] DeprecationWarning: The `punycode` module is deprecated. Please use a userland alternative instead.
(Use `node --trace-deprecation ...` to show where the warning was created)
PASS Vuetify src/composables/__tests__/validation.spec.ts
(node:2750) [DEP0040] DeprecationWarning: The `punycode` module is deprecated. Please use a userland alternative instead.
(Use `node --trace-deprecation ...` to show where the warning was created)
PASS Vuetify src/components/VDataTable/__tests__/sort.spec.ts
(node:3128) [DEP0040] DeprecationWarning: The `punycode` module is deprecated. Please use a userland alternative instead.
(Use `node --trace-deprecation ...` to show where the warning was created)
PASS Vuetify src/composables/__tests__/icons.spec.ts
(node:3021) [DEP0040] DeprecationWarning: The `punycode` module is deprecated. Please use a userland alternative instead.
(Use `node --trace-deprecation ...` to show where the warning was created)
PASS Vuetify src/components/VSelectionControl/__tests__/VSelectionControl.spec.tsx
(node:3079) [DEP0040] DeprecationWarning: The `punycode` module is deprecated. Please use a userland alternative instead.
(Use `node --trace-deprecation ...` to show where the warning was created)
(node:3172) [DEP0040] DeprecationWarning: The `punycode` module is deprecated. Please use a userland alternative instead.
(Use `node --trace-deprecation ...` to show where the warning was created)
PASS Vuetify src/composables/__tests__/location.spec.ts
PASS Vuetify src/__tests__/framework.spec.ts
(node:2981) [DEP0040] DeprecationWarning: The `punycode` module is deprecated. Please use a userland alternative instead.
(Use `node --trace-deprecation ...` to show where the warning was created)
PASS Vuetify src/components/VGrid/__tests__/VCol.spec.ts
(node:3182) [DEP0040] DeprecationWarning: The `punycode` module is deprecated. Please use a userland alternative instead.
(Use `node --trace-deprecation ...` to show where the warning was created)
PASS Vuetify src/components/VResponsive/__tests__/VResponsive.spec.ts
(node:3077) [DEP0040] DeprecationWarning: The `punycode` module is deprecated. Please use a userland alternative instead.
(Use `node --trace-deprecation ...` to show where the warning was created)
(node:2890) [DEP0040] DeprecationWarning: The `punycode` module is deprecated. Please use a userland alternative instead.
(Use `node --trace-deprecation ...` to show where the warning was created)
PASS Vuetify src/composables/__tests__/delay.spec.ts
PASS Vuetify src/composables/__tests__/defaults.spec.ts
PASS Vuetify src/components/VItemGroup/__tests__/VItemGroup.spec.ts
(node:2899) [DEP0040] DeprecationWarning: The `punycode` module is deprecated. Please use a userland alternative instead.
(Use `node --trace-deprecation ...` to show where the warning was created)
PASS Vuetify src/components/VTextField/__tests__/VTextField.spec.tsx
(node:2912) [DEP0040] DeprecationWarning: The `punycode` module is deprecated. Please use a userland alternative instead.
(Use `node --trace-deprecation ...` to show where the warning was created)
(node:3247) [DEP0040] DeprecationWarning: The `punycode` module is deprecated. Please use a userland alternative instead.
(Use `node --trace-deprecation ...` to show where the warning was created)
PASS Vuetify src/components/VTextarea/__tests__/VTextarea.spec.tsx
(node:3259) [DEP0040] DeprecationWarning: The `punycode` module is deprecated. Please use a userland alternative instead.
(Use `node --trace-deprecation ...` to show where the warning was created)
PASS Vuetify src/components/VList/__tests__/VListItemMedia.spec.ts
PASS Vuetify src/components/VList/__tests__/VList.spec.ts
(node:2904) [DEP0040] DeprecationWarning: The `punycode` module is deprecated. Please use a userland alternative instead.
(Use `node --trace-deprecation ...` to show where the warning was created)
PASS Vuetify src/components/VFileInput/__tests__/VFileInput.spec.tsx
PASS Vuetify src/composables/__tests__/scroll.spec.ts
PASS Vuetify src/composables/__tests__/display.spec.ts (5.417 s)
--------------------------------------------|---------|----------|---------|---------|----------------------------------------------------------------------------------------------------------------
File                                        | % Stmts | % Branch | % Funcs | % Lines | Uncovered Line #s                                                                                              
--------------------------------------------|---------|----------|---------|---------|----------------------------------------------------------------------------------------------------------------
All files                                   |   19.79 |    18.97 |   14.18 |   19.95 |                                                                                                                
 src                                        |   61.53 |    42.85 |      25 |   62.74 |                                                                                                                
  entry-bundler.ts                          |       0 |        0 |       0 |       0 | 14-19                                                                                                          
  framework.ts                              |   66.66 |       45 |   28.57 |   68.08 | 70,89-99,110,141-146                                                                                           
 src/blueprints                             |       0 |      100 |     100 |       0 |                                                                                                                
  index.ts                                  |       0 |        0 |       0 |       0 |                                                                                                                
  md1.ts                                    |       0 |      100 |     100 |       0 | 7                                                                                                              
  md2.ts                                    |       0 |      100 |     100 |       0 | 7                                                                                                              
  md3.ts                                    |       0 |      100 |     100 |       0 | 7                                                                                                              
 src/components                             |       0 |        0 |       0 |       0 |                                                                                                                
  index.ts                                  |       0 |        0 |       0 |       0 |                                                                                                                
 src/components/VAlert                      |       0 |        0 |       0 |       0 |                                                                                                                
  VAlert.tsx                                |       0 |        0 |       0 |       0 | 33-144                                                                                                         
  VAlertTitle.ts                            |       0 |      100 |     100 |       0 | 4                                                                                                              
  index.ts                                  |       0 |        0 |       0 |       0 |                                                                                                                
 src/components/VAlert/__tests__            |       0 |      100 |       0 |       0 |                                                                                                                
  VAlert.spec.cy.tsx                        |       0 |      100 |       0 |       0 | 6-43                                                                                                           
 src/components/VApp                        |       0 |      100 |       0 |       0 |                                                                                                                
  VApp.tsx                                  |       0 |      100 |       0 |       0 | 13-49                                                                                                          
  index.ts                                  |       0 |        0 |       0 |       0 |                                                                                                                
 src/components/VAppBar                     |       0 |        0 |       0 |       0 |                                                                                                                
  VAppBar.tsx                               |       0 |        0 |       0 |       0 | 22-165                                                                                                         
  VAppBarNavIcon.tsx                        |       0 |      100 |       0 |       0 | 10-33                                                                                                          
  VAppBarTitle.tsx                          |       0 |      100 |       0 |       0 | 10-24                                                                                                          
  index.ts                                  |       0 |        0 |       0 |       0 |                                                                                                                
 src/components/VAppBar/__tests__           |       0 |        0 |       0 |       0 |                                                                                                                
  VAppBar.spec.cy.tsx                       |       0 |        0 |       0 |       0 | 12-133                                                                                                         
 src/components/VAutocomplete               |       0 |        0 |       0 |       0 |                                                                                                                
  VAutocomplete.tsx                         |       0 |        0 |       0 |       0 | 50-642                                                                                                         
  index.ts                                  |       0 |        0 |       0 |       0 |                                                                                                                
 src/components/VAutocomplete/__tests__     |       0 |      100 |       0 |       0 |                                                                                                                
  VAutocomplete.spec.cy.tsx                 |       0 |      100 |       0 |       0 | 12-516                                                                                                         
 src/components/VAvatar                     |      20 |        0 |       0 |      20 |                                                                                                                
  VAvatar.tsx                               |      20 |        0 |       0 |      20 | 44-99                                                                                                          
  index.ts                                  |       0 |        0 |       0 |       0 |                                                                                                                
 src/components/VBadge                      |       0 |        0 |       0 |       0 |                                                                                                                
  VBadge.tsx                                |       0 |        0 |       0 |       0 | 27-148                                                                                                         
  index.ts                                  |       0 |        0 |       0 |       0 |                                                                                                                
 src/components/VBadge/__tests__            |       0 |      100 |       0 |       0 |                                                                                                                
  VBadge.spec.cy.tsx                        |       0 |      100 |       0 |       0 | 10-120                                                                                                         
 src/components/VBanner                     |       0 |        0 |       0 |       0 |                                                                                                                
  VBanner.tsx                               |       0 |        0 |       0 |       0 | 40-91                                                                                                          
  VBannerActions.tsx                        |       0 |      100 |       0 |       0 | 8-42                                                                                                           
  VBannerText.ts                            |       0 |      100 |     100 |       0 | 4                                                                                                              
  index.ts                                  |       0 |        0 |       0 |       0 |                                                                                                                
 src/components/VBottomNavigation           |       0 |        0 |       0 |       0 |                                                                                                                
  VBottomNavigation.tsx                     |       0 |        0 |       0 |       0 | 28-147                                                                                                         
  index.ts                                  |       0 |        0 |       0 |       0 |                                                                                                                
 src/components/VBottomNavigation/__tests__ |       0 |      100 |       0 |       0 |                                                                                                                
  VBottomNavigation.spec.cy.tsx             |       0 |      100 |       0 |       0 | 7-25                                                                                                           
 src/components/VBottomSheet                |       0 |      100 |       0 |       0 |                                                                                                                
  VBottomSheet.tsx                          |       0 |      100 |       0 |       0 | 16-60                                                                                                          
  index.ts                                  |       0 |        0 |       0 |       0 |                                                                                                                
 src/components/VBottomSheet/__tests__      |       0 |      100 |       0 |       0 |                                                                                                                
  VBottomSheet.spec.cy.tsx                  |       0 |      100 |       0 |       0 | 8-11                                                                                                           
 src/components/VBreadcrumbs                |       0 |        0 |       0 |       0 |                                                                                                                
  VBreadcrumbs.tsx                          |       0 |        0 |       0 |       0 | 33-161                                                                                                         
  VBreadcrumbsDivider.tsx                   |       0 |        0 |       0 |       0 | 7-31                                                                                                           
  VBreadcrumbsItem.tsx                      |       0 |        0 |       0 |       0 | 11-68                                                                                                          
  index.ts                                  |       0 |        0 |       0 |       0 |                                                                                                                
 src/components/VBreadcrumbs/__tests__      |       0 |      100 |       0 |       0 |                                                                                                                
  VBreadcrumbs.spec.cy.tsx                  |       0 |      100 |       0 |       0 | 12-186                                                                                                         
 src/components/VBtn                        |   81.39 |    49.31 |      75 |   80.48 |                                                                                                                
  VBtn.tsx                                  |   81.39 |    49.31 |      75 |   80.48 | 97,117,121,133-151                                                                                             
  index.ts                                  |       0 |        0 |       0 |       0 |                                                                                                                
 src/components/VBtn/__tests__              |       0 |      100 |       0 |       0 |                                                                                                                
  VBtn.spec.cy.tsx                          |       0 |      100 |       0 |       0 | 9-299                                                                                                          
 src/components/VBtnGroup                   |      20 |      100 |       0 |      20 |                                                                                                                
  VBtnGroup.tsx                             |      20 |      100 |       0 |      20 | 38-55                                                                                                          
  index.ts                                  |       0 |        0 |       0 |       0 |                                                                                                                
 src/components/VBtnGroup/__tests__         |       0 |      100 |       0 |       0 |                                                                                                                
  VBtnGroup.spec.cy.tsx                     |       0 |      100 |       0 |       0 | 7-54                                                                                                           
 src/components/VBtnToggle                  |   33.33 |      100 |       0 |   33.33 |                                                                                                                
  VBtnToggle.tsx                            |   33.33 |      100 |       0 |   33.33 | 44-73                                                                                                          
  index.ts                                  |       0 |        0 |       0 |       0 |                                                                                                                
 src/components/VCard                       |       0 |        0 |       0 |       0 |                                                                                                                
  VCard.tsx                                 |       0 |        0 |       0 |       0 | 42-225                                                                                                         
  VCardActions.tsx                          |       0 |      100 |       0 |       0 | 8-33                                                                                                           
  VCardItem.tsx                             |       0 |        0 |       0 |       0 | 24-157                                                                                                         
  VCardSubtitle.ts                          |       0 |      100 |     100 |       0 | 4                                                                                                              
  VCardText.ts                              |       0 |      100 |     100 |       0 | 4                                                                                                              
  VCardTitle.ts                             |       0 |      100 |     100 |       0 | 4                                                                                                              
  index.ts                                  |       0 |        0 |       0 |       0 |                                                                                                                
 src/components/VCarousel                   |       0 |        0 |       0 |       0 |                                                                                                                
  VCarousel.tsx                             |       0 |        0 |       0 |       0 | 25-186                                                                                                         
  VCarouselItem.tsx                         |       0 |      100 |       0 |       0 | 11-28                                                                                                          
  index.ts                                  |       0 |        0 |       0 |       0 |                                                                                                                
 src/components/VCheckbox                   |       0 |        0 |       0 |       0 |                                                                                                                
  VCheckbox.tsx                             |       0 |        0 |       0 |       0 | 23-97                                                                                                          
  VCheckboxBtn.tsx                          |       0 |        0 |       0 |       0 | 16-88                                                                                                          
  index.ts                                  |       0 |        0 |       0 |       0 |                                                                                                                
 src/components/VCheckbox/__tests__         |       0 |      100 |       0 |       0 |                                                                                                                
  VCheckboxBtn.spec.cy.tsx                  |       0 |      100 |       0 |       0 | 9-48                                                                                                           
 src/components/VChip                       |    4.54 |        0 |       0 |    4.87 |                                                                                                                
  VChip.tsx                                 |    4.54 |        0 |       0 |    4.87 | 116-178                                                                                                        
  index.ts                                  |       0 |        0 |       0 |       0 |                                                                                                                
 src/components/VChip/__tests__             |       0 |      100 |       0 |       0 |                                                                                                                
  VChip.spec.cy.tsx                         |       0 |      100 |       0 |       0 | 5-30                                                                                                           
 src/components/VChipGroup                  |   27.27 |      100 |       0 |   27.27 |                                                                                                                
  VChipGroup.tsx                            |   27.27 |      100 |       0 |   27.27 | 63-106                                                                                                         
  index.ts                                  |       0 |        0 |       0 |       0 |                                                                                                                
 src/components/VCode                       |       0 |      100 |     100 |       0 |                                                                                                                
  index.ts                                  |       0 |      100 |     100 |       0 | 7                                                                                                              
 src/components/VColorPicker                |       0 |        0 |       0 |       0 |                                                                                                                
  VColorPicker.tsx                          |       0 |        0 |       0 |       0 | 25-214                                                                                                         
  VColorPickerCanvas.tsx                    |       0 |        0 |       0 |       0 | 16-206                                                                                                         
  VColorPickerEdit.tsx                      |       0 |        0 |       0 |       0 | 19-112                                                                                                         
  VColorPickerPreview.tsx                   |       0 |        0 |       0 |       0 | 27-117                                                                                                         
  VColorPickerSwatches.tsx                  |       0 |        0 |       0 |       0 | 28-111                                                                                                         
  index.ts                                  |       0 |        0 |       0 |       0 |                                                                                                                
 src/components/VColorPicker/__tests__      |       0 |        0 |       0 |       0 |                                                                                                                
  VColorPicker.spec.cy.tsx                  |       0 |        0 |       0 |       0 | 7-312                                                                                                          
 src/components/VColorPicker/util           |   47.16 |    53.33 |    8.69 |   43.75 |                                                                                                                
  index.ts                                  |   47.16 |    53.33 |    8.69 |   43.75 | 43-57,83-105,127-149,168-169,181-182                                                                           
 src/components/VCombobox                   |       0 |        0 |       0 |       0 |                                                                                                                
  VCombobox.tsx                             |       0 |        0 |       0 |       0 | 51-668                                                                                                         
  index.ts                                  |       0 |        0 |       0 |       0 |                                                                                                                
 src/components/VCombobox/__tests__         |       0 |      100 |       0 |       0 |                                                                                                                
  VCombobox.spec.cy.tsx                     |       0 |      100 |       0 |       0 | 12-656                                                                                                         
 src/components/VCounter                    |   28.57 |        0 |       0 |   28.57 |                                                                                                                
  VCounter.tsx                              |   28.57 |        0 |       0 |   28.57 | 50-76                                                                                                          
  index.ts                                  |       0 |        0 |       0 |       0 |                                                                                                                
 src/components/VDataIterator               |       0 |        0 |       0 |       0 |                                                                                                                
  VDataIterator.tsx                         |       0 |        0 |       0 |       0 | 59-178                                                                                                         
  index.ts                                  |       0 |        0 |       0 |       0 |                                                                                                                
 src/components/VDataIterator/__tests__     |       0 |      100 |       0 |       0 |                                                                                                                
  VDataIterator.spec.cy.tsx                 |       0 |      100 |       0 |       0 | 6-103                                                                                                          
 src/components/VDataIterator/composables   |       0 |        0 |       0 |       0 |                                                                                                                
  items.ts                                  |       0 |        0 |       0 |       0 | 23-70                                                                                                          
 src/components/VDataTable                  |       0 |        0 |       0 |       0 |                                                                                                                
  VDataTable.tsx                            |       0 |        0 |       0 |       0 | 73-278                                                                                                         
  VDataTableColumn.tsx                      |       0 |        0 |       0 |       0 | 7-21                                                                                                           
  VDataTableFooter.tsx                      |       0 |        0 |       0 |       0 | 19-146                                                                                                         
  VDataTableGroupHeaderRow.tsx              |       0 |        0 |       0 |       0 | 24-86                                                                                                          
  VDataTableHeaders.tsx                     |       0 |        0 |       0 |       0 | 55-212                                                                                                         
  VDataTableRow.tsx                         |       0 |        0 |       0 |       0 | 25-131                                                                                                         
  VDataTableRows.tsx                        |       0 |        0 |       0 |       0 | 32-174                                                                                                         
  VDataTableServer.tsx                      |       0 |        0 |       0 |       0 | 28-191                                                                                                         
  VDataTableVirtual.tsx                     |       0 |        0 |       0 |       0 | 53-255                                                                                                         
  index.ts                                  |       0 |        0 |       0 |       0 |                                                                                                                
  types.ts                                  |       0 |        0 |       0 |       0 |                                                                                                                
 src/components/VDataTable/__tests__        |       0 |        0 |       0 |       0 |                                                                                                                
  VDataTable.spec.cy.tsx                    |       0 |        0 |       0 |       0 | 10-342                                                                                                         
  VDataTableServer.spec.cy.tsx              |       0 |        0 |       0 |       0 | 9-283                                                                                                          
  VDataTableVirtual.spec.cy.tsx             |       0 |      100 |       0 |       0 | 6-110                                                                                                          
 src/components/VDataTable/composables      |   35.44 |    34.91 |   19.49 |   37.04 |                                                                                                                
  expand.ts                                 |       0 |        0 |       0 |       0 | 12-75                                                                                                          
  group.ts                                  |       0 |        0 |       0 |       0 | 27-188                                                                                                         
  headers.ts                                |   80.89 |     55.1 |    90.9 |   84.55 | 107,111-121,147-148,235,241,245,249,269,273,278,291-295                                                        
  items.ts                                  |       0 |        0 |       0 |       0 | 18-71                                                                                                          
  options.ts                                |       0 |        0 |       0 |       0 | 22-42                                                                                                          
  paginate.ts                               |       0 |        0 |       0 |       0 | 13-133                                                                                                         
  select.ts                                 |       0 |        0 |       0 |       0 | 44-188                                                                                                         
  sort.ts                                   |   42.16 |    51.92 |      20 |   43.07 | 16,39-114,144-148,161,175                                                                                      
 src/components/VDatePicker                 |       0 |        0 |       0 |       0 |                                                                                                                
  VDatePicker.tsx                           |       0 |        0 |       0 |       0 | 35-328                                                                                                         
  VDatePickerControls.tsx                   |       0 |        0 |       0 |       0 | 15-144                                                                                                         
  VDatePickerHeader.tsx                     |       0 |        0 |       0 |       0 | 22-110                                                                                                         
  VDatePickerMonth.tsx                      |       0 |        0 |       0 |       0 | 29-196                                                                                                         
  VDatePickerMonths.tsx                     |       0 |        0 |       0 |       0 | 29-104                                                                                                         
  VDatePickerYears.tsx                      |       0 |        0 |       0 |       0 | 37-130                                                                                                         
  index.ts                                  |       0 |        0 |       0 |       0 |                                                                                                                
 src/components/VDatePicker/__tests__       |       0 |      100 |       0 |       0 |                                                                                                                
  VDatePicker.spec.cy.tsx                   |       0 |      100 |       0 |       0 | 9-21                                                                                                           
 src/components/VDatePicker/util            |   31.57 |    11.76 |   21.42 |   33.33 |                                                                                                                
  createNativeLocaleFormatter.ts            |       0 |        0 |       0 |       0 | 28-38                                                                                                          
  eventHelpers.ts                           |       0 |        0 |       0 |       0 | 7-22                                                                                                           
  index.ts                                  |       0 |        0 |       0 |       0 |                                                                                                                
  isDateAllowed.ts                          |       0 |        0 |       0 |       0 | 7                                                                                                              
  monthChange.ts                            |       0 |        0 |       0 |       0 | 11-18                                                                                                          
  pad.ts                                    |    90.9 |       80 |     100 |    90.9 | 14                                                                                                             
  sanitizeDateString.ts                     |     100 |        0 |     100 |     100 | 6                                                                                                              
 src/components/VDefaultsProvider           |     100 |      100 |     100 |     100 |                                                                                                                
  VDefaultsProvider.tsx                     |     100 |      100 |     100 |     100 |                                                                                                                
  index.ts                                  |       0 |        0 |       0 |       0 |                                                                                                                
 src/components/VDefaultsProvider/__tests__ |       0 |      100 |       0 |       0 |                                                                                                                
  VDefaultsProvider.spec.cy.tsx             |       0 |      100 |       0 |       0 | 9-12                                                                                                           
 src/components/VDialog                     |       0 |        0 |       0 |       0 |                                                                                                                
  VDialog.tsx                               |       0 |        0 |       0 |       0 | 23-140                                                                                                         
  index.ts                                  |       0 |        0 |       0 |       0 |                                                                                                                
 src/components/VDivider                    |   14.28 |        0 |       0 |   14.28 |                                                                                                                
  VDivider.tsx                              |   14.28 |        0 |       0 |   14.28 | 33-75                                                                                                          
  index.ts                                  |       0 |        0 |       0 |       0 |                                                                                                                
 src/components/VExpansionPanel             |       0 |        0 |       0 |       0 |                                                                                                                
  VExpansionPanel.tsx                       |       0 |        0 |       0 |       0 | 20-138                                                                                                         
  VExpansionPanelText.tsx                   |       0 |        0 |       0 |       0 | 13-49                                                                                                          
  VExpansionPanelTitle.tsx                  |       0 |        0 |       0 |       0 | 34-114                                                                                                         
  VExpansionPanels.tsx                      |       0 |        0 |       0 |       0 | 19-86                                                                                                          
  index.ts                                  |       0 |        0 |       0 |       0 |                                                                                                                
 src/components/VExpansionPanel/__tests__   |       0 |      100 |       0 |       0 |                                                                                                                
  VExpansionPanels.spec.cy.tsx              |       0 |      100 |       0 |       0 | 10-151                                                                                                         
 src/components/VField                      |   68.49 |    69.11 |   77.27 |   65.15 |                                                                                                                
  VField.tsx                                |   66.17 |    68.18 |      75 |   62.29 | 126-127,159-193,318-319                                                                                        
  VFieldLabel.tsx                           |     100 |      100 |     100 |     100 |                                                                                                                
  index.ts                                  |       0 |        0 |       0 |       0 |                                                                                                                
 src/components/VFileInput                  |    58.9 |     28.3 |   46.87 |   66.12 |                                                                                                                
  VFileInput.tsx                            |    58.9 |     28.3 |   46.87 |   66.12 | 88,90,102-104,110-112,133,141-148,153-156,232-266                                                              
  index.ts                                  |       0 |        0 |       0 |       0 |                                                                                                                
 src/components/VFileInput/__tests__        |       0 |      100 |       0 |       0 |                                                                                                                
  VFileInput.spec.cy.tsx                    |       0 |      100 |       0 |       0 | 11-235                                                                                                         
 src/components/VFooter                     |       0 |        0 |       0 |       0 |                                                                                                                
  VFooter.tsx                               |       0 |        0 |       0 |       0 | 19-87                                                                                                          
  index.ts                                  |       0 |        0 |       0 |       0 |                                                                                                                
 src/components/VForm                       |       0 |        0 |       0 |       0 |                                                                                                                
  VForm.tsx                                 |       0 |        0 |       0 |       0 | 13-78                                                                                                          
  index.ts                                  |       0 |        0 |       0 |       0 |                                                                                                                
 src/components/VForm/__tests__             |       0 |        0 |       0 |       0 |                                                                                                                
  VForm.spec.cy.tsx                         |       0 |        0 |       0 |       0 | 16-229                                                                                                         
 src/components/VGrid                       |   46.39 |    69.56 |   46.42 |   48.83 |                                                                                                                
  VCol.ts                                   |     100 |    94.11 |     100 |     100 | 63                                                                                                             
  VContainer.tsx                            |       0 |      100 |       0 |       0 | 12-43                                                                                                          
  VRow.ts                                   |       0 |        0 |       0 |       0 | 17-146                                                                                                         
  VSpacer.ts                                |       0 |      100 |     100 |       0 | 7                                                                                                              
  index.ts                                  |       0 |        0 |       0 |       0 |                                                                                                                
 src/components/VHover                      |       0 |        0 |       0 |       0 |                                                                                                                
  VHover.tsx                                |       0 |        0 |       0 |       0 | 15-38                                                                                                          
  index.ts                                  |       0 |        0 |       0 |       0 |                                                                                                                
 src/components/VHover/__tests__            |       0 |        0 |       0 |       0 |                                                                                                                
  VHover.spec.cy.tsx                        |       0 |        0 |       0 |       0 | 6-47                                                                                                           
 src/components/VIcon                       |   86.66 |    54.54 |      75 |   85.71 |                                                                                                                
  VIcon.tsx                                 |   86.66 |    54.54 |      75 |   85.71 | 44-45                                                                                                          
  index.ts                                  |       0 |        0 |       0 |       0 |                                                                                                                
 src/components/VIcon/__tests__             |       0 |      100 |       0 |       0 |                                                                                                                
  VIcon.spec.cy.tsx                         |       0 |      100 |       0 |       0 | 13-124                                                                                                         
 src/components/VImg                        |    1.69 |        0 |       0 |       2 |                                                                                                                
  VImg.tsx                                  |    1.69 |        0 |       0 |       2 | 71,110-387                                                                                                     
  index.ts                                  |       0 |        0 |       0 |       0 |                                                                                                                
 src/components/VInfiniteScroll             |       0 |        0 |       0 |       0 |                                                                                                                
  VInfiniteScroll.tsx                       |       0 |        0 |       0 |       0 | 37-250                                                                                                         
  index.ts                                  |       0 |        0 |       0 |       0 |                                                                                                                
 src/components/VInfiniteScroll/__tests__   |       0 |      100 |       0 |       0 |                                                                                                                
  VInfiniteScroll.spec.cy.tsx               |       0 |      100 |       0 |       0 | 11-98                                                                                                          
 src/components/VInput                      |   91.42 |    78.94 |    90.9 |   90.62 |                                                                                                                
  InputIcon.tsx                             |     100 |      100 |     100 |     100 |                                                                                                                
  VInput.tsx                                |   89.65 |       75 |   88.88 |   88.46 | 90,132,134                                                                                                     
  index.ts                                  |       0 |        0 |       0 |       0 |                                                                                                                
 src/components/VInput/__tests__            |       0 |      100 |       0 |       0 |                                                                                                                
  VInput.spec.cy.tsx                        |       0 |      100 |       0 |       0 | 10-32                                                                                                          
 src/components/VItemGroup                  |     100 |      100 |     100 |     100 |                                                                                                                
  VItem.tsx                                 |     100 |      100 |     100 |     100 |                                                                                                                
  VItemGroup.tsx                            |     100 |      100 |     100 |     100 |                                                                                                                
  index.ts                                  |       0 |        0 |       0 |       0 |                                                                                                                
 src/components/VItemGroup/__tests__        |       0 |      100 |       0 |       0 |                                                                                                                
  VItemGroup.spec.cy.tsx                    |       0 |      100 |       0 |       0 | 6-25                                                                                                           
 src/components/VKbd                        |       0 |      100 |     100 |       0 |                                                                                                                
  index.ts                                  |       0 |      100 |     100 |       0 | 7                                                                                                              
 src/components/VLabel                      |     100 |      100 |     100 |     100 |                                                                                                                
  VLabel.tsx                                |     100 |      100 |     100 |     100 |                                                                                                                
  index.ts                                  |       0 |        0 |       0 |       0 |                                                                                                                
 src/components/VLayout                     |       0 |      100 |       0 |       0 |                                                                                                                
  VLayout.tsx                               |       0 |      100 |       0 |       0 | 11-40                                                                                                          
  VLayoutItem.tsx                           |       0 |      100 |       0 |       0 | 15-47                                                                                                          
  index.ts                                  |       0 |        0 |       0 |       0 |                                                                                                                
 src/components/VLayout/__tests__           |       0 |      100 |       0 |       0 |                                                                                                                
  VLayout.spec.cy.tsx                       |       0 |      100 |       0 |       0 | 12-83                                                                                                          
 src/components/VLazy                       |       0 |        0 |       0 |       0 |                                                                                                                
  VLazy.tsx                                 |       0 |        0 |       0 |       0 | 17-85                                                                                                          
  index.ts                                  |       0 |        0 |       0 |       0 |                                                                                                                
 src/components/VList                       |   29.38 |     3.37 |   17.18 |   31.21 |                                                                                                                
  VList.tsx                                 |   47.54 |    11.42 |   33.33 |   46.55 | 38-56,70,143-146,191-229                                                                                       
  VListChildren.tsx                         |   26.31 |     7.14 |   22.22 |   22.22 | 47-88                                                                                                          
  VListGroup.tsx                            |   14.28 |        0 |       0 |   18.75 | 27-29,63-122                                                                                                   
  VListImg.ts                               |     100 |      100 |     100 |     100 |                                                                                                                
  VListItem.tsx                             |    3.44 |        0 |       0 |    4.08 | 112-342                                                                                                        
  VListItemAction.tsx                       |      40 |      100 |       0 |      40 | 22-37                                                                                                          
  VListItemMedia.tsx                        |     100 |      100 |     100 |     100 |                                                                                                                
  VListItemSubtitle.ts                      |     100 |      100 |     100 |     100 |                                                                                                                
  VListItemTitle.ts                         |     100 |      100 |     100 |     100 |                                                                                                                
  VListSubheader.tsx                        |   28.57 |        0 |       0 |   28.57 | 26-56                                                                                                          
  index.ts                                  |       0 |        0 |       0 |       0 |                                                                                                                
  list.ts                                   |      40 |        0 |   16.66 |      50 | 11-17,32,42                                                                                                    
 src/components/VList/__tests__             |       0 |      100 |       0 |       0 |                                                                                                                
  VList.spec.cy.tsx                         |       0 |      100 |       0 |       0 | 12-259                                                                                                         
  VListGroup.spec.cy.tsx                    |       0 |      100 |       0 |       0 | 8-50                                                                                                           
  VListItem.spec.cy.tsx                     |       0 |      100 |       0 |       0 | 6-47                                                                                                           
 src/components/VLocaleProvider             |       0 |      100 |       0 |       0 |                                                                                                                
  VLocaleProvider.tsx                       |       0 |      100 |       0 |       0 | 11-44                                                                                                          
  index.ts                                  |       0 |        0 |       0 |       0 |                                                                                                                
 src/components/VMain                       |       0 |        0 |       0 |       0 |                                                                                                                
  VMain.tsx                                 |       0 |        0 |       0 |       0 | 13-53                                                                                                          
  index.ts                                  |       0 |        0 |       0 |       0 |                                                                                                                
 src/components/VMain/__tests__             |       0 |      100 |       0 |       0 |                                                                                                                
  VMain.spec.cy.tsx                         |       0 |      100 |       0 |       0 | 7-15                                                                                                           
 src/components/VMenu                       |       0 |        0 |       0 |       0 |                                                                                                                
  VMenu.tsx                                 |       0 |        0 |       0 |       0 | 24-189                                                                                                         
  index.ts                                  |       0 |        0 |       0 |       0 |                                                                                                                
  shared.ts                                 |       0 |      100 |     100 |       0 | 10                                                                                                             
 src/components/VMessages                   |   72.72 |       25 |      50 |   77.77 |                                                                                                                
  VMessages.tsx                             |   72.72 |       25 |      50 |   77.77 | 32,72                                                                                                          
  index.ts                                  |       0 |        0 |       0 |       0 |                                                                                                                
 src/components/VNavigationDrawer           |       0 |        0 |       0 |       0 |                                                                                                                
  VNavigationDrawer.tsx                     |       0 |        0 |       0 |       0 | 42-290                                                                                                         
  index.ts                                  |       0 |        0 |       0 |       0 |                                                                                                                
  sticky.ts                                 |       0 |        0 |       0 |       0 | 15-80                                                                                                          
  touch.ts                                  |       0 |        0 |       0 |       0 | 17-185                                                                                                         
 src/components/VNavigationDrawer/__tests__ |       0 |      100 |       0 |       0 |                                                                                                                
  VNavigationDrawer.spec.cy.tsx             |       0 |      100 |       0 |       0 | 12-173                                                                                                         
 src/components/VNoSsr                      |       0 |        0 |       0 |       0 |                                                                                                                
  VNoSsr.tsx                                |       0 |        0 |       0 |       0 | 7-13                                                                                                           
  index.ts                                  |       0 |        0 |       0 |       0 |                                                                                                                
 src/components/VOtpInput                   |       0 |        0 |       0 |       0 |                                                                                                                
  VOtpInput.tsx                             |       0 |        0 |       0 |       0 | 29-313                                                                                                         
  index.ts                                  |       0 |        0 |       0 |       0 |                                                                                                                
 src/components/VOtpInput/__tests__         |       0 |      100 |       0 |       0 |                                                                                                                
  VOtpInput.spec.cy.tsx                     |       0 |      100 |       0 |       0 | 9-60                                                                                                           
 src/components/VOverflowBtn                |       0 |        0 |       0 |       0 |                                                                                                                
  VOverflowBtn.ts                           |       0 |        0 |       0 |       0 | 29-108                                                                                                         
  index.ts                                  |       0 |        0 |       0 |       0 |                                                                                                                
 src/components/VOverlay                    |       0 |        0 |       0 |       0 |                                                                                                                
  VOverlay.tsx                              |       0 |        0 |       0 |       0 | 58-333                                                                                                         
  index.ts                                  |       0 |        0 |       0 |       0 |                                                                                                                
  locationStrategies.ts                     |       0 |        0 |       0 |       0 | 42-448                                                                                                         
  requestNewFrame.ts                        |       0 |        0 |       0 |       0 | 1-27                                                                                                           
  scrollStrategies.ts                       |       0 |        0 |       0 |       0 | 19-173                                                                                                         
  useActivator.tsx                          |       0 |        0 |       0 |       0 | 51-340                                                                                                         
 src/components/VOverlay/__tests__          |       0 |      100 |       0 |       0 |                                                                                                                
  VOverlay.spec.cy.tsx                      |       0 |      100 |       0 |       0 | 13-88                                                                                                          
 src/components/VOverlay/util               |       0 |        0 |       0 |       0 |                                                                                                                
  point.ts                                  |       0 |        0 |       0 |       0 | 15-69                                                                                                          
 src/components/VPagination                 |       0 |        0 |       0 |       0 |                                                                                                                
  VPagination.tsx                           |       0 |        0 |       0 |       0 | 55-398                                                                                                         
  index.ts                                  |       0 |        0 |       0 |       0 |                                                                                                                
 src/components/VPagination/__tests__       |       0 |      100 |       0 |       0 |                                                                                                                
  VPagination.spec.cy.tsx                   |       0 |      100 |       0 |       0 | 11-210                                                                                                         
 src/components/VParallax                   |       0 |        0 |       0 |       0 |                                                                                                                
  VParallax.tsx                             |       0 |        0 |       0 |       0 | 21-110                                                                                                         
  index.ts                                  |       0 |        0 |       0 |       0 |                                                                                                                
 src/components/VProgressCircular           |    6.89 |        0 |       0 |    8.33 |                                                                                                                
  VProgressCircular.tsx                     |    6.89 |        0 |       0 |    8.33 | 53-151                                                                                                         
  index.ts                                  |       0 |        0 |       0 |       0 |                                                                                                                
 src/components/VProgressLinear             |      75 |    41.66 |   61.53 |   82.14 |                                                                                                                
  VProgressLinear.tsx                       |      75 |    41.66 |   61.53 |   82.14 | 68,95-100                                                                                                      
  index.ts                                  |       0 |        0 |       0 |       0 |                                                                                                                
 src/components/VProgressLinear/__tests__   |       0 |      100 |       0 |       0 |                                                                                                                
  VProgressLinear.spec.cy.tsx               |       0 |      100 |       0 |       0 | 11-132                                                                                                         
 src/components/VRadio                      |       0 |      100 |       0 |       0 |                                                                                                                
  VRadio.tsx                                |       0 |      100 |       0 |       0 | 10-36                                                                                                          
  index.ts                                  |       0 |        0 |       0 |       0 |                                                                                                                
 src/components/VRadioGroup                 |       0 |        0 |       0 |       0 |                                                                                                                
  VRadioGroup.tsx                           |       0 |        0 |       0 |       0 | 30-136                                                                                                         
  index.ts                                  |       0 |        0 |       0 |       0 |                                                                                                                
 src/components/VRangeSlider                |       0 |        0 |       0 |       0 |                                                                                                                
  VRangeSlider.tsx                          |       0 |        0 |       0 |       0 | 24-275                                                                                                         
  index.ts                                  |       0 |        0 |       0 |       0 |                                                                                                                
 src/components/VRating                     |       0 |        0 |       0 |       0 |                                                                                                                
  VRating.tsx                               |       0 |        0 |       0 |       0 | 47-258                                                                                                         
  index.ts                                  |       0 |        0 |       0 |       0 |                                                                                                                
 src/components/VRating/__tests__           |       0 |        0 |       0 |       0 |                                                                                                                
  VRating.spec.cy.tsx                       |       0 |        0 |       0 |       0 | 8-161                                                                                                          
 src/components/VResponsive                 |     100 |      100 |     100 |     100 |                                                                                                                
  VResponsive.tsx                           |     100 |      100 |     100 |     100 |                                                                                                                
  index.ts                                  |       0 |        0 |       0 |       0 |                                                                                                                
 src/components/VSelect                     |       0 |        0 |       0 |       0 |                                                                                                                
  VSelect.tsx                               |       0 |        0 |       0 |       0 | 57-537                                                                                                         
  index.ts                                  |       0 |        0 |       0 |       0 |                                                                                                                
  useScrolling.ts                           |       0 |        0 |       0 |       0 | 10-73                                                                                                          
 src/components/VSelect/__tests__           |       0 |      100 |       0 |       0 |                                                                                                                
  VSelect.spec.cy.tsx                       |       0 |      100 |       0 |       0 | 13-536                                                                                                         
 src/components/VSelectionControl           |   40.29 |    36.36 |   36.36 |   44.82 |                                                                                                                
  VSelectionControl.tsx                     |   40.29 |    36.36 |   36.36 |   44.82 | 93,104-106,110,160-314                                                                                         
  index.ts                                  |       0 |        0 |       0 |       0 |                                                                                                                
 src/components/VSelectionControl/__tests__ |       0 |      100 |       0 |       0 |                                                                                                                
  VSelectionControl.spec.cy.tsx             |       0 |      100 |       0 |       0 | 5-25                                                                                                           
 src/components/VSelectionControlGroup      |   17.39 |        0 |       0 |      20 |                                                                                                                
  VSelectionControlGroup.tsx                |   17.39 |        0 |       0 |      20 | 83-139                                                                                                         
  index.ts                                  |       0 |        0 |       0 |       0 |                                                                                                                
 src/components/VSheet                      |       0 |      100 |       0 |       0 |                                                                                                                
  VSheet.tsx                                |       0 |      100 |       0 |       0 | 20-71                                                                                                          
  index.ts                                  |       0 |        0 |       0 |       0 |                                                                                                                
 src/components/VSkeletonLoader             |       0 |        0 |       0 |       0 |                                                                                                                
  VSkeletonLoader.tsx                       |       0 |        0 |       0 |       0 | 23-172                                                                                                         
  index.ts                                  |       0 |        0 |       0 |       0 |                                                                                                                
 src/components/VSlideGroup                 |    1.85 |        0 |       0 |    2.04 |                                                                                                                
  VSlideGroup.tsx                           |    2.15 |        0 |       0 |     2.4 | 63,91-424                                                                                                      
  VSlideGroupItem.tsx                       |       0 |      100 |       0 |       0 | 21-33                                                                                                          
  helpers.ts                                |       0 |        0 |       0 |       0 | 2-59                                                                                                           
  index.ts                                  |       0 |        0 |       0 |       0 |                                                                                                                
 src/components/VSlideGroup/__tests__       |       0 |      100 |       0 |       0 |                                                                                                                
  VSlideGroup.spec.cy.tsx                   |       0 |      100 |       0 |       0 | 12-250                                                                                                         
 src/components/VSlider                     |       0 |        0 |       0 |       0 |                                                                                                                
  VSlider.tsx                               |       0 |        0 |       0 |       0 | 29-181                                                                                                         
  VSliderThumb.tsx                          |       0 |        0 |       0 |       0 | 29-200                                                                                                         
  VSliderTrack.tsx                          |       0 |        0 |       0 |       0 | 23-183                                                                                                         
  index.ts                                  |       0 |        0 |       0 |       0 |                                                                                                                
  slider.ts                                 |       0 |        0 |       0 |       0 | 58-359                                                                                                         
 src/components/VSlider/__tests__           |       0 |      100 |       0 |       0 |                                                                                                                
  VSlider.spec.cy.tsx                       |       0 |      100 |       0 |       0 | 8-250                                                                                                          
 src/components/VSnackbar                   |       0 |        0 |       0 |       0 |                                                                                                                
  VSnackbar.tsx                             |       0 |        0 |       0 |       0 | 32-238                                                                                                         
  index.ts                                  |       0 |        0 |       0 |       0 |                                                                                                                
 src/components/VSparkline                  |       0 |        0 |       0 |       0 |                                                                                                                
  VSparkline.ts                             |       0 |        0 |       0 |       0 | 86-422                                                                                                         
  index.ts                                  |       0 |        0 |       0 |       0 |                                                                                                                
 src/components/VSparkline/helpers          |       0 |        0 |       0 |       0 |                                                                                                                
  core.ts                                   |       0 |        0 |       0 |       0 | 10-46                                                                                                          
  math.ts                                   |       0 |        0 |       0 |       0 | 7-30                                                                                                           
  path.ts                                   |       0 |        0 |       0 |       0 | 11-36                                                                                                          
 src/components/VSpeedDial                  |       0 |        0 |       0 |       0 |                                                                                                                
  VSpeedDial.ts                             |       0 |        0 |       0 |       0 | 31-103                                                                                                         
  index.ts                                  |       0 |        0 |       0 |       0 |                                                                                                                
 src/components/VStepper                    |       0 |        0 |       0 |       0 |                                                                                                                
  VStepper.tsx                              |       0 |        0 |       0 |       0 | 26-200                                                                                                         
  VStepperActions.tsx                       |       0 |        0 |       0 |       0 | 23-101                                                                                                         
  VStepperHeader.ts                         |       0 |      100 |     100 |       0 | 4                                                                                                              
  VStepperItem.tsx                          |       0 |        0 |       0 |       0 | 41-181                                                                                                         
  VStepperWindow.tsx                        |       0 |        0 |       0 |       0 | 15-65                                                                                                          
  VStepperWindowItem.tsx                    |       0 |      100 |       0 |       0 | 7-30                                                                                                           
  index.ts                                  |       0 |        0 |       0 |       0 |                                                                                                                
 src/components/VSwitch                     |       0 |        0 |       0 |       0 |                                                                                                                
  VSwitch.tsx                               |       0 |        0 |       0 |       0 | 44-244                                                                                                         
  index.ts                                  |       0 |        0 |       0 |       0 |                                                                                                                
 src/components/VSwitch/__tests__           |       0 |      100 |       0 |       0 |                                                                                                                
  VSwitch.spec.cy.tsx                       |       0 |      100 |       0 |       0 | 6-26                                                                                                           
 src/components/VSystemBar                  |       0 |        0 |       0 |       0 |                                                                                                                
  VSystemBar.tsx                            |       0 |        0 |       0 |       0 | 18-74                                                                                                          
  index.ts                                  |       0 |        0 |       0 |       0 |                                                                                                                
 src/components/VSystemBar/__tests__        |       0 |      100 |       0 |       0 |                                                                                                                
  VSystemBar.spec.cy.tsx                    |       0 |      100 |       0 |       0 | 8-11                                                                                                           
 src/components/VTable                      |       0 |        0 |       0 |       0 |                                                                                                                
  VTable.tsx                                |       0 |        0 |       0 |       0 | 20-76                                                                                                          
  index.ts                                  |       0 |        0 |       0 |       0 |                                                                                                                
 src/components/VTabs                       |       0 |        0 |       0 |       0 |                                                                                                                
  VTab.tsx                                  |       0 |        0 |       0 |       0 | 20-149                                                                                                         
  VTabs.tsx                                 |       0 |        0 |       0 |       0 | 26-122                                                                                                         
  index.ts                                  |       0 |        0 |       0 |       0 |                                                                                                                
  shared.ts                                 |       0 |      100 |     100 |       0 | 5                                                                                                              
 src/components/VTabs/__tests__             |       0 |        0 |       0 |       0 |                                                                                                                
  VTabs.spec.cy.tsx                         |       0 |        0 |       0 |       0 | 10-145                                                                                                         
 src/components/VTextField                  |   53.22 |    36.53 |   47.61 |   54.38 |                                                                                                                
  VTextField.tsx                            |   53.22 |    36.53 |   47.61 |   54.38 | 65,67,74,79-87,96-98,118-123,131-151,268                                                                       
  index.ts                                  |       0 |        0 |       0 |       0 |                                                                                                                
 src/components/VTextField/__tests__        |       0 |        0 |       0 |       0 |                                                                                                                
  VTextField.spec.cy.tsx                    |       0 |        0 |       0 |       0 | 9-93                                                                                                           
 src/components/VTextarea                   |   53.19 |    38.46 |   51.61 |   51.19 |                                                                                                                
  VTextarea.tsx                             |   53.19 |    38.46 |   51.61 |   51.19 | 46,70,72,79,84-101,127-147,161-181,193-197,201,319                                                             
  index.ts                                  |       0 |        0 |       0 |       0 |                                                                                                                
 src/components/VTextarea/__tests__         |       0 |      100 |       0 |       0 |                                                                                                                
  VTextarea.spec.cy.tsx                     |       0 |      100 |       0 |       0 | 8-32                                                                                                           
 src/components/VThemeProvider              |       0 |        0 |       0 |       0 |                                                                                                                
  VThemeProvider.tsx                        |       0 |        0 |       0 |       0 | 12-31                                                                                                          
  index.ts                                  |       0 |        0 |       0 |       0 |                                                                                                                
 src/components/VThemeProvider/__tests__    |       0 |      100 |       0 |       0 |                                                                                                                
  VThemeProvider.spec.cy.tsx                |       0 |      100 |       0 |       0 | 10-39                                                                                                          
 src/components/VTimePicker                 |       0 |        0 |       0 |       0 |                                                                                                                
  SelectingTimes.ts                         |       0 |        0 |       0 |       0 |                                                                                                                
  VTimePicker.ts                            |       0 |        0 |       0 |       0 | 21-366                                                                                                         
  VTimePickerClock.ts                       |       0 |        0 |       0 |       0 | 48-275                                                                                                         
  VTimePickerTitle.ts                       |       0 |        0 |       0 |       0 | 31-80                                                                                                          
  index.ts                                  |       0 |        0 |       0 |       0 |                                                                                                                
 src/components/VTimeline                   |       0 |        0 |       0 |       0 |                                                                                                                
  VTimeline.tsx                             |       0 |        0 |       0 |       0 | 24-131                                                                                                         
  VTimelineDivider.tsx                      |       0 |        0 |       0 |       0 | 17-119                                                                                                         
  VTimelineItem.tsx                         |       0 |        0 |       0 |       0 | 27-110                                                                                                         
  index.ts                                  |       0 |        0 |       0 |       0 |                                                                                                                
 src/components/VTimeline/__tests__         |       0 |      100 |       0 |       0 |                                                                                                                
  VTimeline.spec.cy.tsx                     |       0 |      100 |       0 |       0 | 17-319                                                                                                         
 src/components/VToolbar                    |       0 |        0 |       0 |       0 |                                                                                                                
  VToolbar.tsx                              |       0 |        0 |       0 |       0 | 28-218                                                                                                         
  VToolbarItems.tsx                         |       0 |      100 |       0 |       0 | 10-41                                                                                                          
  VToolbarTitle.tsx                         |       0 |        0 |       0 |       0 | 8-48                                                                                                           
  index.ts                                  |       0 |        0 |       0 |       0 |                                                                                                                
 src/components/VToolbar/__tests__          |       0 |      100 |       0 |       0 |                                                                                                                
  VToolbar.spec.cy.tsx                      |       0 |      100 |       0 |       0 | 8-53                                                                                                           
 src/components/VTooltip                    |       0 |        0 |       0 |       0 |                                                                                                                
  VTooltip.tsx                              |       0 |        0 |       0 |       0 | 21-121                                                                                                         
  index.ts                                  |       0 |        0 |       0 |       0 |                                                                                                                
 src/components/VTreeview                   |       0 |        0 |       0 |       0 |                                                                                                                
  VTreeview.ts                              |       0 |        0 |       0 |       0 | 56-432                                                                                                         
  VTreeviewNode.ts                          |       0 |        0 |       0 |       0 | 23-359                                                                                                         
  index.ts                                  |       0 |        0 |       0 |       0 |                                                                                                                
 src/components/VTreeview/util              |       0 |        0 |       0 |       0 |                                                                                                                
  filterTreeItems.ts                        |       0 |        0 |       0 |       0 | 8-41                                                                                                           
 src/components/VValidation                 |       0 |      100 |       0 |       0 |                                                                                                                
  VValidation.tsx                           |       0 |      100 |       0 |       0 | 14-32                                                                                                          
  index.ts                                  |       0 |        0 |       0 |       0 |                                                                                                                
 src/components/VVirtualScroll              |       0 |        0 |       0 |       0 |                                                                                                                
  VVirtualScroll.tsx                        |       0 |        0 |       0 |       0 | 33-140                                                                                                         
  VVirtualScrollItem.tsx                    |       0 |        0 |       0 |       0 | 13-46                                                                                                          
  index.ts                                  |       0 |        0 |       0 |       0 |                                                                                                                
 src/components/VVirtualScroll/__tests__    |       0 |      100 |       0 |       0 |                                                                                                                
  VVirtualScroll.spec.cy.tsx                |       0 |      100 |       0 |       0 | 9-43                                                                                                           
 src/components/VWindow                     |       0 |        0 |       0 |       0 |                                                                                                                
  VWindow.tsx                               |       0 |        0 |       0 |       0 | 50-259                                                                                                         
  VWindowItem.tsx                           |       0 |        0 |       0 |       0 | 18-148                                                                                                         
  index.ts                                  |       0 |        0 |       0 |       0 |                                                                                                                
 src/components/VWindow/__tests__           |       0 |      100 |       0 |       0 |                                                                                                                
  VWindow.spec.cy.tsx                       |       0 |      100 |       0 |       0 | 5-233                                                                                                          
 src/components/transitions                 |   22.65 |    15.06 |      20 |   24.16 |                                                                                                                
  createTransition.ts                       |   31.03 |    21.21 |   66.66 |   31.03 | 33-66                                                                                                          
  dialog-transition.tsx                     |     3.7 |        0 |       0 |    4.16 | 27-147                                                                                                         
  expand-transition.ts                      |      10 |    28.57 |    12.5 |   10.71 | 20-83                                                                                                          
  index.ts                                  |     100 |      100 |     100 |     100 |                                                                                                                
 src/composables                            |   50.38 |    46.41 |   48.61 |   52.42 |                                                                                                                
  border.ts                                 |     100 |     90.9 |     100 |     100 | 20                                                                                                             
  calendar.ts                               |       0 |        0 |       0 |       0 | 31-191                                                                                                         
  color.ts                                  |     100 |    79.16 |     100 |     100 | 30-32,64-82                                                                                                    
  component.ts                              |     100 |      100 |     100 |     100 |                                                                                                                
  defaults.ts                               |   70.96 |    47.54 |   85.71 |   75.92 | 58-72,99,128,144-146                                                                                           
  delay.ts                                  |     100 |      100 |     100 |     100 |                                                                                                                
  density.ts                                |     100 |      100 |     100 |     100 |                                                                                                                
  dimensions.ts                             |     100 |      100 |     100 |     100 |                                                                                                                
  directiveComponent.ts                     |       0 |        0 |       0 |       0 | 15-90                                                                                                          
  display.ts                                |   80.76 |    73.07 |   66.66 |      84 | 164-165,224-244                                                                                                
  elevation.ts                              |     100 |    85.71 |     100 |     100 | 35                                                                                                             
  filter.ts                                 |   90.62 |    85.96 |      75 |   91.52 | 101-103,146,186                                                                                                
  focus.ts                                  |   85.71 |      100 |      75 |   85.71 | 36                                                                                                             
  form.ts                                   |    5.45 |        0 |    6.25 |    6.52 | 77-179                                                                                                         
  forwardRefs.ts                            |   74.57 |    66.12 |   83.33 |   77.08 | 59-75,100-105                                                                                                  
  goto.ts                                   |    4.54 |        0 |    8.33 |       5 | 33-68,84-160                                                                                                   
  group.ts                                  |   80.91 |       75 |   78.94 |   82.72 | 98,112,142,189,200-203,239,266-267,276-277,292,296-297,306-310,323                                             
  hydration.ts                              |       0 |        0 |       0 |       0 | 9-20                                                                                                           
  icons.tsx                                 |   79.54 |    69.23 |   69.23 |   85.36 | 98-100,150-151,228                                                                                             
  index.ts                                  |       0 |        0 |       0 |       0 |                                                                                                                
  intersectionObserver.ts                   |      75 |       50 |      60 |   78.57 | 17,22-23                                                                                                       
  layout.ts                                 |    4.25 |        0 |       0 |    5.17 | 72,90-136,145-358                                                                                              
  lazy.ts                                   |       0 |        0 |       0 |       0 | 8-22                                                                                                           
  list-items.ts                             |   65.51 |    26.08 |   57.14 |      75 | 101-113                                                                                                        
  loader.tsx                                |     100 |      100 |     100 |     100 |                                                                                                                
  locale.ts                                 |   53.12 |    38.09 |   58.33 |   59.25 | 32,51-62,142-147                                                                                               
  location.ts                               |   86.95 |    76.47 |   66.66 |   94.73 | 42                                                                                                             
  mutationObserver.ts                       |   71.42 |    77.77 |      60 |   82.35 | 29-31,41                                                                                                       
  position.ts                               |     100 |      100 |     100 |     100 |                                                                                                                
  proxiedModel.ts                           |   92.85 |    86.36 |   91.66 |    92.3 | 59,67                                                                                                          
  refs.ts                                   |       0 |      100 |       0 |       0 | 8-16                                                                                                           
  resizeObserver.ts                         |   68.42 |    45.45 |      75 |    64.7 | 24-27,32,37-38                                                                                                 
  rounded.ts                                |   92.85 |       80 |     100 |   92.85 | 47                                                                                                             
  router.tsx                                |    18.6 |    10.34 |    12.5 |   19.44 | 25-31,57,68-82,95-125                                                                                          
  scopeId.ts                                |       0 |        0 |       0 |       0 | 5-9                                                                                                            
  scroll.ts                                 |   90.24 |       65 |      80 |   94.73 | 63,104                                                                                                         
  selectLink.ts                             |      60 |       40 |      75 |      50 | 10-11                                                                                                          
  size.ts                                   |     100 |      100 |     100 |     100 |                                                                                                                
  ssrBoot.ts                                |       0 |        0 |       0 |       0 | 6-18                                                                                                           
  stack.ts                                  |       0 |        0 |       0 |       0 | 11-67                                                                                                          
  tag.ts                                    |     100 |      100 |     100 |     100 |                                                                                                                
  teleport.ts                               |       0 |        0 |       0 |       0 | 9-35                                                                                                           
  theme.ts                                  |   83.47 |    76.62 |   72.72 |   86.66 | 295,309-319,330,394-400                                                                                        
  toggleScope.ts                            |   84.61 |       75 |   83.33 |    90.9 | 12                                                                                                             
  touch.ts                                  |       0 |        0 |       0 |       0 | 4-110                                                                                                          
  transition.ts                             |     100 |    28.57 |     100 |     100 | 24-29                                                                                                          
  validation.ts                             |   88.63 |    77.27 |    86.2 |   93.05 | 135,150-153,179                                                                                                
  variant.tsx                               |     100 |      100 |     100 |     100 |                                                                                                                
  virtual.ts                                |       0 |        0 |       0 |       0 | 12-287                                                                                                         
 src/composables/__tests__                  |       0 |      100 |       0 |       0 |                                                                                                                
  calendar.spec.cy.tsx                      |       0 |      100 |       0 |       0 | 10-35                                                                                                          
  display.spec.cy.tsx                       |       0 |      100 |       0 |       0 | 11-28                                                                                                          
  goto.spec.cy.tsx                          |       0 |      100 |       0 |       0 | 9-92                                                                                                           
 src/composables/date                       |   61.53 |    30.76 |      60 |      64 |                                                                                                                
  DateAdapter.ts                            |       0 |        0 |       0 |       0 |                                                                                                                
  date.ts                                   |   61.53 |    30.76 |      60 |      64 | 102,109-115,125-126,130-131                                                                                    
  index.ts                                  |       0 |        0 |       0 |       0 |                                                                                                                
 src/composables/date/adapters              |   16.39 |    17.39 |   13.15 |   16.38 |                                                                                                                
  vuetify.ts                                |   16.39 |    17.39 |   13.15 |   16.38 | 164-224,247-253,278,287-319,326-470,491-535,543-587,595-627                                                    
 src/composables/nested                     |   38.38 |    31.68 |   25.86 |   38.02 |                                                                                                                
  nested.ts                                 |   18.75 |        0 |    3.03 |   20.45 | 57-63,86-94,99-105,113-114,118-130,141-209,222-249,253-255                                                     
  openStrategies.ts                         |    9.37 |        0 |       0 |    9.67 | 27-44,49-64,70-81                                                                                              
  selectStrategies.ts                       |   72.28 |    66.66 |      70 |   71.23 | 49-70,87-96,177-198                                                                                            
 src/directives                             |       0 |        0 |       0 |       0 |                                                                                                                
  index.ts                                  |       0 |        0 |       0 |       0 |                                                                                                                
 src/directives/click-outside               |    92.5 |    85.71 |     100 |   97.05 |                                                                                                                
  index.ts                                  |    92.5 |    85.71 |     100 |   97.05 | 36                                                                                                             
 src/directives/color                       |       0 |        0 |       0 |       0 |                                                                                                                
  index.ts                                  |       0 |        0 |       0 |       0 | 28-102                                                                                                         
 src/directives/intersect                   |      88 |    78.26 |     100 |     100 |                                                                                                                
  index.ts                                  |      88 |    78.26 |     100 |     100 | 24-26,33-37,68                                                                                                 
 src/directives/mutate                      |   94.73 |    73.68 |     100 |     100 |                                                                                                                
  index.ts                                  |   94.73 |    73.68 |     100 |     100 | 11-16,29-34,46                                                                                                 
 src/directives/resize                      |    92.3 |       75 |     100 |     100 |                                                                                                                
  index.ts                                  |    92.3 |       75 |     100 |     100 | 32                                                                                                             
 src/directives/ripple                      |      76 |    62.76 |   76.92 |   77.71 |                                                                                                                
  index.ts                                  |      76 |    62.76 |   76.92 |   77.71 | 65-67,89,99,113-114,150-151,174-175,186,191-199,208,220-227,239-247,283,288-290,333-334,339                    
 src/directives/scroll                      |      90 |    65.21 |     100 |     100 |                                                                                                                
  index.ts                                  |      90 |    65.21 |     100 |     100 | 17-20,26-35,42-49                                                                                              
 src/directives/touch                       |      96 |    84.84 |     100 |     100 |                                                                                                                
  index.ts                                  |      96 |    84.84 |     100 |     100 | 91-119,123,136-139                                                                                             
 src/iconsets                               |   16.66 |        0 |      25 |   16.66 |                                                                                                                
  fa-svg.ts                                 |       0 |        0 |       0 |       0 | 8-14                                                                                                           
  fa.ts                                     |       0 |      100 |     100 |       0 | 7-47                                                                                                           
  fa4.ts                                    |       0 |      100 |       0 |       0 | 10-52                                                                                                          
  md.ts                                     |       0 |      100 |       0 |       0 | 10-52                                                                                                          
  mdi-svg.ts                                |       0 |      100 |     100 |       0 | 9-49                                                                                                           
  mdi.ts                                    |     100 |      100 |     100 |     100 |                                                                                                                
 src/labs                                   |       0 |        0 |       0 |       0 |                                                                                                                
  allComponents.ts                          |       0 |        0 |       0 |       0 |                                                                                                                
  components.ts                             |       0 |        0 |       0 |       0 |                                                                                                                
  entry-bundler.ts                          |       0 |        0 |       0 |       0 | 14-15                                                                                                          
  index.ts                                  |       0 |        0 |       0 |       0 |                                                                                                                
 src/labs/VCalendar                         |       0 |        0 |       0 |       0 |                                                                                                                
  VCalendar.tsx                             |       0 |        0 |       0 |       0 | 17-190                                                                                                         
  VCalendarDay.tsx                          |       0 |        0 |       0 |       0 | 15-70                                                                                                          
  VCalendarEvent.tsx                        |       0 |        0 |       0 |       0 | 8-37                                                                                                           
  VCalendarHeader.tsx                       |       0 |        0 |       0 |       0 | 16-92                                                                                                          
  VCalendarInterval.tsx                     |       0 |        0 |       0 |       0 | 14-144                                                                                                         
  VCalendarIntervalEvent.tsx                |       0 |        0 |       0 |       0 | 10-74                                                                                                          
  VCalendarMonthDay.tsx                     |       0 |        0 |       0 |       0 | 17-79                                                                                                          
  index.ts                                  |       0 |        0 |       0 |       0 |                                                                                                                
 src/labs/VConfirmEdit                      |       0 |        0 |       0 |       0 |                                                                                                                
  VConfirmEdit.tsx                          |       0 |        0 |       0 |       0 | 23-105                                                                                                         
  index.ts                                  |       0 |        0 |       0 |       0 |                                                                                                                
 src/labs/VConfirmEdit/__test__             |       0 |      100 |       0 |       0 |                                                                                                                
  VConfirmEdit.spec.cy.tsx                  |       0 |      100 |       0 |       0 | 9-79                                                                                                           
 src/labs/VPicker                           |       0 |        0 |       0 |       0 |                                                                                                                
  VPicker.tsx                               |       0 |        0 |       0 |       0 | 24-104                                                                                                         
  VPickerTitle.ts                           |       0 |      100 |     100 |       0 | 4                                                                                                              
  index.ts                                  |       0 |        0 |       0 |       0 |                                                                                                                
 src/locale                                 |       0 |        0 |       0 |       0 |                                                                                                                
  af.ts                                     |       0 |        0 |       0 |       0 |                                                                                                                
  ar.ts                                     |       0 |        0 |       0 |       0 |                                                                                                                
  az.ts                                     |       0 |        0 |       0 |       0 |                                                                                                                
  bg.ts                                     |       0 |        0 |       0 |       0 |                                                                                                                
  ca.ts                                     |       0 |        0 |       0 |       0 |                                                                                                                
  ckb.ts                                    |       0 |        0 |       0 |       0 |                                                                                                                
  cs.ts                                     |       0 |        0 |       0 |       0 |                                                                                                                
  da.ts                                     |       0 |        0 |       0 |       0 |                                                                                                                
  de.ts                                     |       0 |        0 |       0 |       0 |                                                                                                                
  el.ts                                     |       0 |        0 |       0 |       0 |                                                                                                                
  en.ts                                     |       0 |        0 |       0 |       0 |                                                                                                                
  es.ts                                     |       0 |        0 |       0 |       0 |                                                                                                                
  et.ts                                     |       0 |        0 |       0 |       0 |                                                                                                                
  fa.ts                                     |       0 |        0 |       0 |       0 |                                                                                                                
  fi.ts                                     |       0 |        0 |       0 |       0 |                                                                                                                
  fr.ts                                     |       0 |        0 |       0 |       0 |                                                                                                                
  he.ts                                     |       0 |        0 |       0 |       0 |                                                                                                                
  hr.ts                                     |       0 |        0 |       0 |       0 |                                                                                                                
  hu.ts                                     |       0 |        0 |       0 |       0 |                                                                                                                
  id.ts                                     |       0 |        0 |       0 |       0 |                                                                                                                
  index.ts                                  |       0 |        0 |       0 |       0 |                                                                                                                
  it.ts                                     |       0 |        0 |       0 |       0 |                                                                                                                
  ja.ts                                     |       0 |        0 |       0 |       0 |                                                                                                                
  km.ts                                     |       0 |        0 |       0 |       0 |                                                                                                                
  ko.ts                                     |       0 |        0 |       0 |       0 |                                                                                                                
  lt.ts                                     |       0 |        0 |       0 |       0 |                                                                                                                
  lv.ts                                     |       0 |        0 |       0 |       0 |                                                                                                                
  nl.ts                                     |       0 |        0 |       0 |       0 |                                                                                                                
  no.ts                                     |       0 |        0 |       0 |       0 |                                                                                                                
  pl.ts                                     |       0 |        0 |       0 |       0 |                                                                                                                
  pt.ts                                     |       0 |        0 |       0 |       0 |                                                                                                                
  ro.ts                                     |       0 |        0 |       0 |       0 |                                                                                                                
  ru.ts                                     |       0 |        0 |       0 |       0 |                                                                                                                
  sk.ts                                     |       0 |        0 |       0 |       0 |                                                                                                                
  sl.ts                                     |       0 |        0 |       0 |       0 |                                                                                                                
  sr-Cyrl.ts                                |       0 |        0 |       0 |       0 |                                                                                                                
  sr-Latn.ts                                |       0 |        0 |       0 |       0 |                                                                                                                
  sv.ts                                     |       0 |        0 |       0 |       0 |                                                                                                                
  th.ts                                     |       0 |        0 |       0 |       0 |                                                                                                                
  tr.ts                                     |       0 |        0 |       0 |       0 |                                                                                                                
  uk.ts                                     |       0 |        0 |       0 |       0 |                                                                                                                
  vi.ts                                     |       0 |        0 |       0 |       0 |                                                                                                                
  zh-Hans.ts                                |       0 |        0 |       0 |       0 |                                                                                                                
  zh-Hant.ts                                |       0 |        0 |       0 |       0 |                                                                                                                
 src/locale/adapters                        |      35 |    46.15 |   36.84 |      35 |                                                                                                                
  vue-i18n.ts                               |       0 |        0 |       0 |       0 | 18-78                                                                                                          
  vuetify.ts                                |    52.5 |    54.54 |   63.63 |    52.5 | 30,40-41,45-46,50-51,60-78,83-87                                                                               
 src/services/goto                          |    19.4 |        0 |       0 |      26 |                                                                                                                
  easing-patterns.ts                        |      50 |        0 |       0 |     100 | 10-28                                                                                                          
  index.ts                                  |       0 |        0 |       0 |       0 | 23-60                                                                                                          
  util.ts                                   |       0 |        0 |       0 |       0 | 8-50                                                                                                           
 src/util                                   |   54.27 |     54.7 |   51.76 |   54.44 |                                                                                                                
  anchor.ts                                 |   66.66 |    43.75 |   33.33 |   61.53 | 24,43-76                                                                                                       
  animation.ts                              |       0 |        0 |       0 |       0 | 6-62                                                                                                           
  bindProps.ts                              |    3.22 |        0 |       0 |    3.44 | 7-48                                                                                                           
  box.ts                                    |       0 |        0 |       0 |       0 | 13-47                                                                                                          
  colorUtils.ts                             |   79.06 |    79.16 |   81.57 |   79.67 | 33-34,90,134-159,183-187,213-214                                                                               
  colors.ts                                 |       0 |      100 |     100 |       0 | 1-312                                                                                                          
  console.ts                                |      20 |        0 |   16.66 |      20 | 11-18                                                                                                          
  createSimpleFunctional.ts                 |   33.33 |      100 |   33.33 |   33.33 | 26-27                                                                                                          
  defineComponent.tsx                       |   83.33 |    88.23 |   85.71 |   80.95 | 104-106,267-268                                                                                                
  dom.ts                                    |     100 |      100 |     100 |     100 |                                                                                                                
  easing.ts                                 |     100 |      100 |     100 |     100 |                                                                                                                
  events.ts                                 |       0 |        0 |       0 |       0 | 11-15                                                                                                          
  getCurrentInstance.ts                     |   94.11 |    88.88 |     100 |     100 | 29                                                                                                             
  getScrollParent.ts                        |       0 |        0 |       0 |       0 | 2-35                                                                                                           
  globals.ts                                |     100 |      100 |     100 |     100 |                                                                                                                
  helpers.ts                                |    59.3 |    52.17 |   50.68 |   59.37 | 26,111-116,127,139-144,241-249,271-275,353,394-419,429-430,440,454-455,512-516,541,556-579,608,615-663,675-693 
  index.ts                                  |       0 |        0 |       0 |       0 |                                                                                                                
  injectSelf.ts                             |      75 |       60 |     100 |      75 | 15                                                                                                             
  isFixedPosition.ts                        |       0 |        0 |       0 |       0 | 2-8                                                                                                            
  propsFactory.ts                           |     100 |      100 |     100 |     100 |                                                                                                                
  useRender.ts                              |     100 |      100 |     100 |     100 |                                                                                                                
 src/util/color                             |     100 |     87.5 |     100 |     100 |                                                                                                                
  APCA.ts                                   |     100 |    81.25 |     100 |     100 | 82,92-93                                                                                                       
  transformCIELAB.ts                        |     100 |      100 |     100 |     100 |                                                                                                                
  transformSRGB.ts                          |     100 |      100 |     100 |     100 |                                                                                                                
--------------------------------------------|---------|----------|---------|---------|----------------------------------------------------------------------------------------------------------------

Test Suites: 34 skipped, 56 passed, 56 of 90 total
Tests:       450 skipped, 411 passed, 861 total
Snapshots:   15 passed, 15 total
Time:        10.868 s
Ran all test suites.
Done in 12.61s.

┌────────────────────────────────────────────────────────────┐
│  Looking for lcov files...                                 │
│  TEST_TYPE=test_coverage PREPEND_PATHS=true                │
└────────────────────────────────────────────────────────────┘

▶ Found ./packages/vuetify/coverage/lcov.info
Reading tracefile ./packages/vuetify/coverage/lcov.info
Summary coverage rate:
  lines......: 20.0% (2255 of 11300 lines)
  functions..: 14.2% (573 of 4036 functions)
  branches...: no data found

▶ Moved and prepended packages/vuetify to SF: paths in ./packages/vuetify/coverage/lcov.info

┌────────────────────────────────────────────────────────────┐
│  Checking for Cypress tests                                │
└────────────────────────────────────────────────────────────┘

▶   Found cy:run: percy exec -- cypress run --component  (in packages/vuetify)

▶   Running: xvfb-run npx cypress run --component
It looks like this is your first time using Cypress: 13.6.2

[STARTED] Task without title.
[SUCCESS] Task without title.

Opening Cypress...
[8252:0528/103138.883569:ERROR:object_proxy.cc(590)] Failed to call method: org.freedesktop.portal.Settings.Read: object_path= /org/freedesktop/portal/desktop: unknown error type: 

DevTools listening on ws://127.0.0.1:32827/devtools/browser/4f393e3e-ac8d-49fd-83bc-a2d8d886eea1
✘ [ERROR] Expected ")" but found "]"

    vite.config.mjs:79:7:
      79 │       }] : []),
         │        ^
         ╵        )

[31mfailed to load config from /coverage_reloaded/repo/packages/vuetify/vite.config.mjs[39m
[31mBuild failed with 1 error:[39m
[31mvite.config.mjs:79:7: ERROR: Expected ")" but found "]"[39m
[31mError: Build failed with 1 error:[39m
[31mvite.config.mjs:79:7: ERROR: Expected ")" but found "]"[39m
[31m    at failureErrorWithLog (/coverage_reloaded/repo/node_modules/esbuild/lib/main.js:1649:15)[39m
[31m    at /coverage_reloaded/repo/node_modules/esbuild/lib/main.js:1058:25[39m
[31m    at runOnEndCallbacks (/coverage_reloaded/repo/node_modules/esbuild/lib/main.js:1484:45)[39m
[31m    at buildResponseToResult (/coverage_reloaded/repo/node_modules/esbuild/lib/main.js:1056:7)[39m
[31m    at /coverage_reloaded/repo/node_modules/esbuild/lib/main.js:1085:16[39m
[31m    at responseCallbacks.<computed> (/coverage_reloaded/repo/node_modules/esbuild/lib/main.js:703:9)[39m
[31m    at handleIncomingPacket (/coverage_reloaded/repo/node_modules/esbuild/lib/main.js:762:9)[39m
[31m    at Socket.readFromStdout (/coverage_reloaded/repo/node_modules/esbuild/lib/main.js:679:7)[39m
[31m    at Socket.emit (node:events:519:28)[39m
[31m    at Socket.emit (node:domain:488:12)[39m
[31m    at addChunk (node:internal/streams/readable:559:12)[39m
[31m    at readableAddChunkPushByteMode (node:internal/streams/readable:510:3)[39m
[31m    at Socket.Readable.push (node:internal/streams/readable:390:5)[39m
[31m    at Pipe.onStreamRead (node:internal/stream_base_commons:190:23)[39m

▶   Cypress exit code: 1

┌────────────────────────────────────────────────────────────┐
│  Looking for lcov files...                                 │
│  TEST_TYPE=cypress PREPEND_PATHS=true                      │
└────────────────────────────────────────────────────────────┘

┌────────────────────────────────────────────────────────────┐
│  Counting coverage reports                                 │
└────────────────────────────────────────────────────────────┘
--> Found 1 lcov.info files in /coverage_reloaded/exported (1 with size > 0)

┌────────────────────────────────────────────────────────────┐
│  Collecting individual coverage reports                    │
└────────────────────────────────────────────────────────────┘
  [OK]  test_coverage.lcov.info → dbfee87afb8b687e973a3a850a7af7370db32518__packages_vuetify_test_coverage.lcov

╔════════════════════════════════════════════════════════════╗
║  Coverage run completed                                    ║
║  Revision: dbfee87afb8b687e973a3a850a7af7370db32518        ║
╚════════════════════════════════════════════════════════════╝


----
Success!
