project,run_id,suite,exit_code,line_number,fingerprint,occurrences,keyword,is_pipeline_issue,confidence,env_subsystem,labeled_at
gatsby,1611103294_23a47f8af43485b6757af52523a34b30402351d2,unit,1,1889,20137cfaf90be7e3,20,"  ● npm package resource › installs 2 resources, one prod & one dev",False,0.5200,none,2026-09-26T11:54:55.122966+00:00
gatsby,1612812477_d86aadd692831c5ca28889eff59740c1fc3ab141,unit,1,1892,6259b9f3f5e47fc3,2,  ● npm package resource › e2e npm package resource test,False,0.5200,none,2026-09-26T11:32:35.389125+00:00
gatsby,1612525660_ed096c402d7364415f346e4fb10d46d42d603a14,unit,1,1924,d9f290bdf785c89e,2,  ● Load plugins › plugin options validation › allows unknown options,False,0.8800,none,2026-09-26T11:32:35.411010+00:00
gatsby,1614837777_81457357853e79dd884ced565feef47dc46fc335,unit,1,1621,219d4a6cf3cf2a56,6,  ● actual compiling › advices on similarly named fragment,False,0.8700,none,2026-09-26T11:32:35.674302+00:00
gatsby,1614837777_81457357853e79dd884ced565feef47dc46fc335,unit,1,1654,28ab522adefb1376,6,  ● actual compiling › errors on duplicate fragment names,False,0.8300,none,2026-09-26T11:32:35.700665+00:00
gatsby,1614837777_81457357853e79dd884ced565feef47dc46fc335,unit,1,1700,510037c118bc3077,6,  ● actual compiling › errors on double root,False,0.7500,none,2026-09-26T11:32:35.836077+00:00
gatsby,1614837777_81457357853e79dd884ced565feef47dc46fc335,unit,1,1993,676dd60910e7d073,6,  ● transformer-react-doc-gen: onCreateNode › should extract all components in a file,False,0.8600,none,2026-09-26T11:32:35.984879+00:00
gatsby,1614837777_81457357853e79dd884ced565feef47dc46fc335,unit,1,2011,82d4550769736c2a,6,  ● transformer-react-doc-gen: onCreateNode › should give all components a name,False,0.8500,none,2026-09-26T11:32:36.157732+00:00
gatsby,1614837777_81457357853e79dd884ced565feef47dc46fc335,unit,1,2025,72da6a39f16c38e1,6,  ● transformer-react-doc-gen: onCreateNode › should handle duplicate doclet values,False,0.8400,none,2026-09-26T11:32:36.288599+00:00
gatsby,1614837777_81457357853e79dd884ced565feef47dc46fc335,unit,1,2039,1c5c7c3b5410813e,6,  ● transformer-react-doc-gen: onCreateNode › should extract all propTypes,False,0.8300,none,2026-09-26T11:32:36.415387+00:00
gatsby,1614837777_81457357853e79dd884ced565feef47dc46fc335,unit,1,2057,50f3ac7efedc97a1,6,  ● transformer-react-doc-gen: onCreateNode › should delicately remove doclets,False,0.8500,none,2026-09-26T11:32:36.550886+00:00
gatsby,1614837777_81457357853e79dd884ced565feef47dc46fc335,unit,1,2071,7000b6c2115524ab,6,  ● transformer-react-doc-gen: onCreateNode › should extract create description nodes with markdown types,False,0.8700,none,2026-09-26T11:32:36.753667+00:00
gatsby,1614837777_81457357853e79dd884ced565feef47dc46fc335,unit,1,2085,5f3610bdcbfbb24e,6,  ● transformer-react-doc-gen: onCreateNode › should allow specifying handlers,False,0.8300,none,2026-09-26T11:32:36.877556+00:00
gatsby,1620317512_2291fbd962e9813bf1b83851738b438f8d83040b,unit,1,1625,78eb8390bb06f825,8,  ● it transforms HTML img tags,False,0.8600,none,2026-09-26T11:32:36.987175+00:00
gatsby,1620317512_2291fbd962e9813bf1b83851738b438f8d83040b,unit,1,1652,9ca6563c39f211f5,8,  ● it leaves linked HTML img tags alone,False,0.8700,none,2026-09-26T11:32:37.168484+00:00
gatsby,1620317512_2291fbd962e9813bf1b83851738b438f8d83040b,unit,1,1679,f2c708239795d7eb,8,  ● it leaves single-line linked HTML img tags alone,False,0.8700,none,2026-09-26T11:32:37.285685+00:00
gatsby,1620317512_2291fbd962e9813bf1b83851738b438f8d83040b,unit,1,1704,0ca1d1b5886f82ea,8,  ● it transforms HTML img tags with query strings,False,0.5500,module_resolution,2026-09-26T11:32:37.442154+00:00
gatsby,1620317512_2291fbd962e9813bf1b83851738b438f8d83040b,unit,1,1992,07b5ed518949a7ef,8,  ● babel-plugin-remove-graphql-queries › Transforms queries in useStaticQuery,False,0.8400,none,2026-09-26T11:32:37.607584+00:00
gatsby,1620317512_2291fbd962e9813bf1b83851738b438f8d83040b,unit,1,2036,9a4b920e744fa4a0,8,  ● babel-plugin-remove-graphql-queries › Transforms exported queries in useStaticQuery,False,0.8200,none,2026-09-26T11:32:37.724575+00:00
gatsby,1620317512_2291fbd962e9813bf1b83851738b438f8d83040b,unit,1,2080,783b760a9778e5da,8,  ● babel-plugin-remove-graphql-queries › Transforms queries defined in own variable in useStaticQuery,False,0.8200,none,2026-09-26T11:32:37.913700+00:00
gatsby,1620317512_2291fbd962e9813bf1b83851738b438f8d83040b,unit,1,2124,82f3ef3f14906bae,8,  ● babel-plugin-remove-graphql-queries › Transforms queries and preserves destructuring in useStaticQuery,False,0.8500,none,2026-09-26T11:32:38.048359+00:00
gatsby,1620317512_2291fbd962e9813bf1b83851738b438f8d83040b,unit,1,2212,0772f652601dfccc,8,  ● babel-plugin-remove-graphql-queries › Only runs transforms if useStaticQuery is imported from gatsby,False,0.8400,none,2026-09-26T11:32:38.443077+00:00
gatsby,1620317512_2291fbd962e9813bf1b83851738b438f8d83040b,unit,1,2255,460454637260d39c,8,  ● babel-plugin-remove-graphql-queries › Allow alternative import of useStaticQuery,False,0.8300,none,2026-09-26T11:32:38.568339+00:00
gatsby,1620317512_2291fbd962e9813bf1b83851738b438f8d83040b,unit,1,2301,811ff548cfc69f8b,8,  ● babel-plugin-remove-graphql-queries › Transforms queries in <StaticQuery>,False,0.7600,none,2026-09-26T11:32:38.748467+00:00
gatsby,1620317512_2291fbd962e9813bf1b83851738b438f8d83040b,unit,1,2347,82a2e5a1afbec0c5,8,  ● babel-plugin-remove-graphql-queries › Transforms queries defined in own variable in <StaticQuery>,False,0.7900,none,2026-09-26T11:32:38.900515+00:00
gatsby,1620317512_2291fbd962e9813bf1b83851738b438f8d83040b,unit,1,2168,a6ad40d166ec393f,8,  ● babel-plugin-remove-graphql-queries › Transforms queries and preserves variable type in useStaticQuery,False,0.8300,none,2026-09-26T11:32:39.005458+00:00
gatsby,1620317512_2291fbd962e9813bf1b83851738b438f8d83040b,unit,1,2393,cc1d6778995c089a,8,  ● babel-plugin-remove-graphql-queries › transforms exported variable queries in <StaticQuery>,False,0.8000,none,2026-09-26T11:32:39.112936+00:00
gatsby,1620317512_2291fbd962e9813bf1b83851738b438f8d83040b,unit,1,2486,2c5f991953bfacc2,8,  ● babel-plugin-remove-graphql-queries › Handles closing StaticQuery tag,False,0.7600,none,2026-09-26T11:32:39.274320+00:00
gatsby,1620317512_2291fbd962e9813bf1b83851738b438f8d83040b,unit,1,2532,0bc8c68e2f30206a,8,  ● babel-plugin-remove-graphql-queries › Doesn't add data import for non static queries,False,0.8200,none,2026-09-26T11:32:39.495345+00:00
gatsby,1620317512_2291fbd962e9813bf1b83851738b438f8d83040b,unit,1,2580,3c21f02b04bd6a36,8,  ● Resolve module exports › Show meaningful error message for invalid JavaScript,False,0.8800,none,2026-09-26T11:32:39.584022+00:00
gatsby,1627995128_cd2856d7f52b1f0de6ee635e4fa7b79f420f477e,unit,1,2002,73cfbeffe98c035e,3,  ● handle flags › returns enabledConfigFlags and a message,False,0.5100,none,2026-09-26T11:54:55.122966+00:00
gatsby,1627995128_cd2856d7f52b1f0de6ee635e4fa7b79f420f477e,unit,1,2709,e929871ba1924450,1,  ●  Cannot log after tests are done. Did you forget to wait for something async in your test?,False,0.6500,none,2026-09-26T11:54:55.122966+00:00
gatsby,1630511240_66d9243fe3fbd22e9ecf52d9f5ec4cc0b65b096a,unit,1,1978,e1cea2d90cdfbfd7,2,  ● handle flags › filters out flags that are marked as not available on CI,False,0.5500,module_resolution,2026-09-26T11:32:40.084814+00:00
gatsby,1631612626_f8c5141bf72108a53338fd01514522ae7a1b37bf,unit,1,1725,9e5db6a2ea795ce7,2,  ● Query schema › on children fields › handles Node interface children field,False,0.6500,none,2026-09-26T11:54:55.122966+00:00
gatsby,1631612626_f8c5141bf72108a53338fd01514522ae7a1b37bf,unit,1,1751,7c00dd0f8bbdd364,2,  ● Query schema › on children fields › handles convenience child fields,False,0.6000,none,2026-09-26T11:54:55.122966+00:00
gatsby,1631612626_f8c5141bf72108a53338fd01514522ae7a1b37bf,unit,1,1803,6b241fc63e06f521,2,  ● Query schema › on children fields › handles query arguments on children fields,False,0.6000,none,2026-09-26T11:54:55.122966+00:00
gatsby,1631612626_f8c5141bf72108a53338fd01514522ae7a1b37bf,unit,1,1777,40b526094ebc07f0,2,  ● Query schema › on children fields › handles convenience children fields,False,0.6200,none,2026-09-26T11:54:55.122966+00:00
gatsby,1631612626_f8c5141bf72108a53338fd01514522ae7a1b37bf,unit,1,1829,a617bc51136e6d45,2,  ● Query schema › on fields added with createTypes › handles selection set,False,0.5900,none,2026-09-26T11:54:55.122966+00:00
gatsby,1631612626_f8c5141bf72108a53338fd01514522ae7a1b37bf,unit,1,1855,1923972448205805,2,  ● Query schema › on fields added with createTypes › handles query arguments,False,0.6300,none,2026-09-26T11:54:55.122966+00:00
gatsby,1631612626_f8c5141bf72108a53338fd01514522ae7a1b37bf,unit,1,1881,95ca5159abe2479f,2,  ● Query schema › on pagination fields › edges { node } › paginates results,False,0.6300,none,2026-09-26T11:54:55.122966+00:00
gatsby,1631612626_f8c5141bf72108a53338fd01514522ae7a1b37bf,unit,1,1907,fe6dc46114f268cd,2,  ● Query schema › on pagination fields › edges { node } › paginates null result,False,0.6000,none,2026-09-26T11:54:55.122966+00:00
gatsby,1631612626_f8c5141bf72108a53338fd01514522ae7a1b37bf,unit,1,1933,5b5e47b5b7449c20,2,  ● Query schema › on pagination fields › edges { node } › adds nodes field as a convenience shortcut,False,0.6000,none,2026-09-26T11:54:55.122966+00:00
gatsby,1631612626_f8c5141bf72108a53338fd01514522ae7a1b37bf,unit,1,1959,cce5e4d6afc634e7,2,  ● Query schema › on pagination fields › group field › groups query results,False,0.6300,none,2026-09-26T11:54:55.122966+00:00
gatsby,1631612626_f8c5141bf72108a53338fd01514522ae7a1b37bf,unit,1,1985,46a3e0866b5fb45d,2,  ● Query schema › on pagination fields › group field › groups query results by scalar field with resolver,False,0.6100,none,2026-09-26T11:54:55.122966+00:00
gatsby,1631612626_f8c5141bf72108a53338fd01514522ae7a1b37bf,unit,1,2011,54d3b6e9655bb790,2,  ● Query schema › on pagination fields › group field › groups query results by foreign key field,False,0.6000,none,2026-09-26T11:54:55.122966+00:00
gatsby,1631612626_f8c5141bf72108a53338fd01514522ae7a1b37bf,unit,1,2037,3e6f98a241a330a3,2,  ● Query schema › on pagination fields › group field › recursively groups query results,False,0.6100,none,2026-09-26T11:54:55.122966+00:00
gatsby,1631612626_f8c5141bf72108a53338fd01514522ae7a1b37bf,unit,1,2063,36ae4aa0bb0c724a,2,  ● Query schema › on pagination fields › group field › handles groups added in fragment,False,0.6200,none,2026-09-26T11:54:55.122966+00:00
gatsby,1631612626_f8c5141bf72108a53338fd01514522ae7a1b37bf,unit,1,2089,eca2d1ca561bc756,2,  ● Query schema › on pagination fields › group field › handles groups added in inline fragment,False,0.6100,none,2026-09-26T11:54:55.122966+00:00
gatsby,1631612626_f8c5141bf72108a53338fd01514522ae7a1b37bf,unit,1,2115,87e1a61d0756c554,2,  ● Query schema › on pagination fields › group field › handles groups added in nested fragment,False,0.6300,none,2026-09-26T11:54:55.122966+00:00
gatsby,1631612626_f8c5141bf72108a53338fd01514522ae7a1b37bf,unit,1,2141,6e2beaf958f8d0fa,2,  ● Query schema › on pagination fields › group field › groups null result,False,0.6100,none,2026-09-26T11:54:55.122966+00:00
gatsby,1631612626_f8c5141bf72108a53338fd01514522ae7a1b37bf,unit,1,2167,5c1ee78f6559bb7d,2,  ● Query schema › on pagination fields › group field › groups using reserved keywords,False,0.5800,none,2026-09-26T11:54:55.122966+00:00
gatsby,1631612626_f8c5141bf72108a53338fd01514522ae7a1b37bf,unit,1,2193,41adfdf79e67f05d,2,  ● Query schema › on pagination fields › distinct field › returns distinct values,False,0.6200,none,2026-09-26T11:54:55.122966+00:00
gatsby,1631612626_f8c5141bf72108a53338fd01514522ae7a1b37bf,unit,1,2219,91bf60f958d973b5,2,  ● Query schema › on pagination fields › distinct field › returns distinct values on foreign-key field,False,0.6200,none,2026-09-26T11:54:55.122966+00:00
gatsby,1631612626_f8c5141bf72108a53338fd01514522ae7a1b37bf,unit,1,2245,eb2c5a480ebb2aa0,23,  ● Query schema › on pagination fields › distinct field › returns distinct values on scalar field with resolver,False,0.6200,none,2026-09-26T11:54:55.122966+00:00
gatsby,1631612626_f8c5141bf72108a53338fd01514522ae7a1b37bf,unit,1,2271,8d127b070863a856,2,  ● Query schema › on pagination fields › distinct field › handles null result,False,0.6000,none,2026-09-26T11:54:55.122966+00:00
gatsby,1631612626_f8c5141bf72108a53338fd01514522ae7a1b37bf,unit,1,2297,f476b7405f6b6a4f,2,  ● Query schema › on pagination fields › aggregation fields › calculates max value of numeric field,False,0.6000,none,2026-09-26T11:54:55.122966+00:00
gatsby,1631612626_f8c5141bf72108a53338fd01514522ae7a1b37bf,unit,1,2323,bd75c2f6e3ba9d8c,2,  ● Query schema › on pagination fields › aggregation fields › calculates max value of numeric string field,False,0.6200,none,2026-09-26T11:54:55.122966+00:00
gatsby,1631612626_f8c5141bf72108a53338fd01514522ae7a1b37bf,unit,1,2349,73165ca581263eb9,2,  ● Query schema › on pagination fields › aggregation fields › calculates min value of numeric field,False,0.5700,none,2026-09-26T11:54:55.122966+00:00
gatsby,1631612626_f8c5141bf72108a53338fd01514522ae7a1b37bf,unit,1,2375,9eee1844e6e9b672,2,  ● Query schema › on pagination fields › aggregation fields › calculates min value of numeric string field,False,0.6600,none,2026-09-26T11:54:55.122966+00:00
gatsby,1631612626_f8c5141bf72108a53338fd01514522ae7a1b37bf,unit,1,2401,9b38ac79f5e838a1,2,  ● Query schema › on pagination fields › calculates sum of numeric field,False,0.6200,none,2026-09-26T11:54:55.122966+00:00
gatsby,1631612626_f8c5141bf72108a53338fd01514522ae7a1b37bf,unit,1,2427,7f65b6d2a62b6160,2,  ● Query schema › on pagination fields › calculates sum of numeric string field,False,0.6000,none,2026-09-26T11:54:55.122966+00:00
gatsby,1631612626_f8c5141bf72108a53338fd01514522ae7a1b37bf,unit,1,2453,3d6ad09f6e0c1700,2,  ● Query schema › on pagination fields › returns null for min of non-numeric fields,False,0.6100,none,2026-09-26T11:54:55.122966+00:00
gatsby,1631612626_f8c5141bf72108a53338fd01514522ae7a1b37bf,unit,1,2479,01a856268ea013ec,2,  ● Query schema › on pagination fields › returns null for max of non-numeric fields,False,0.6000,none,2026-09-26T11:54:55.122966+00:00
gatsby,1631612626_f8c5141bf72108a53338fd01514522ae7a1b37bf,unit,1,2505,fd8050a0cf44354f,2,  ● Query schema › on pagination fields › returns null for sum of non-numeric fields,False,0.6500,none,2026-09-26T11:54:55.122966+00:00
gatsby,1631612626_f8c5141bf72108a53338fd01514522ae7a1b37bf,unit,1,2531,873056517cca3635,2,  ● Query schema › on pagination fields › calculates aggregation in recursively grouped query results,False,0.6300,none,2026-09-26T11:54:55.122966+00:00
gatsby,1631612626_f8c5141bf72108a53338fd01514522ae7a1b37bf,unit,1,2557,9acacbceab6352e7,2,  ● Query schema › on fields added by setFieldsOnGraphQLNodeType API › returns correct results,False,0.5700,none,2026-09-26T11:54:55.122966+00:00
gatsby,1631612626_f8c5141bf72108a53338fd01514522ae7a1b37bf,unit,1,2583,5007816cfd9b6f45,2,  ● Query schema › on fields added to the root Query type › returns correct results,False,0.6300,none,2026-09-26T11:54:55.122966+00:00
gatsby,1631612626_f8c5141bf72108a53338fd01514522ae7a1b37bf,unit,1,2609,2772ccd7ef16e826,2,  ● Query schema › on fields added from third-party schema › returns correct results,False,0.6700,none,2026-09-26T11:54:55.122966+00:00
gatsby,1631612626_f8c5141bf72108a53338fd01514522ae7a1b37bf,unit,1,2615,cf0e80ccbc86ed9f,2,  ● Query schema › on foreign-key fields › with the ___NODE convention,False,0.6100,none,2026-09-26T11:54:55.122966+00:00
gatsby,1631612626_f8c5141bf72108a53338fd01514522ae7a1b37bf,unit,1,2641,823f610dbaf95de1,2,  ● Query schema › on foreign-key fields › with defined field mappings,False,0.6000,none,2026-09-26T11:54:55.122966+00:00
gatsby,1631612626_f8c5141bf72108a53338fd01514522ae7a1b37bf,unit,1,2667,5990e49c0fcee4c3,2,  ● Query schema › with sorted results › default sort on one field,False,0.6000,none,2026-09-26T11:54:55.122966+00:00
gatsby,1631612626_f8c5141bf72108a53338fd01514522ae7a1b37bf,unit,1,2693,13c5dae02695fd92,2,  ● Query schema › with sorted results › DESC sort on one field,False,0.6300,none,2026-09-26T11:54:55.122966+00:00
gatsby,1631612626_f8c5141bf72108a53338fd01514522ae7a1b37bf,unit,1,2719,3a754de161528d6d,2,  ● Query schema › with sorted results › sort on parent field,False,0.6200,none,2026-09-26T11:54:55.122966+00:00
gatsby,1631612626_f8c5141bf72108a53338fd01514522ae7a1b37bf,unit,1,2745,39b1299e8d1b1324,2,  ● Query schema › with sorted results › sort on children field,False,0.6200,none,2026-09-26T11:54:55.122966+00:00
gatsby,1631612626_f8c5141bf72108a53338fd01514522ae7a1b37bf,unit,1,2771,b95f248bdcea7308,2,  ● Query schema › with sorted results › sort on resolved field,False,0.6000,none,2026-09-26T11:54:55.122966+00:00
gatsby,1631612626_f8c5141bf72108a53338fd01514522ae7a1b37bf,unit,1,2797,678ead138821c248,2,  ● Query schema › with sorted results › sort on ___NODE field,False,0.5900,none,2026-09-26T11:54:55.122966+00:00
gatsby,1631612626_f8c5141bf72108a53338fd01514522ae7a1b37bf,unit,1,2823,3d1a2bc75aa9aad2,2,  ● Query schema › with regex filter › escape sequences work when correctly escaped,False,0.6200,none,2026-09-26T11:54:55.122966+00:00
gatsby,1631612626_f8c5141bf72108a53338fd01514522ae7a1b37bf,unit,1,2875,3f18db16a53814e9,2,  ● Query schema › with skip/limit › return correct pagination info for the first page,False,0.6500,none,2026-09-26T11:54:55.122966+00:00
gatsby,1631612626_f8c5141bf72108a53338fd01514522ae7a1b37bf,unit,1,2901,47c7d085e5a9d7c1,2,  ● Query schema › with skip/limit › return correct pagination info for the page in the middle,False,0.6000,none,2026-09-26T11:54:55.122966+00:00
gatsby,1631612626_f8c5141bf72108a53338fd01514522ae7a1b37bf,unit,1,2927,763f14b3a5c3a37d,2,  ● Query schema › with skip/limit › return correct pagination info for the last page,False,0.6500,none,2026-09-26T11:54:55.122966+00:00
gatsby,1631612626_f8c5141bf72108a53338fd01514522ae7a1b37bf,unit,1,2954,1184729e967b1c5c,2,  ● Built-in types › includes built-in types,False,0.6900,none,2026-09-26T11:54:55.122966+00:00
gatsby,1631612626_f8c5141bf72108a53338fd01514522ae7a1b37bf,unit,1,2960,eec70f1966efc2e3,2,  ● Build schema › createTypes › allows adding graphql-js types,False,0.6500,none,2026-09-26T11:54:55.122966+00:00
gatsby,1631612626_f8c5141bf72108a53338fd01514522ae7a1b37bf,unit,1,2966,2d0702fc162391d9,2,  ● Build schema › createTypes › allows adding type in SDL,False,0.6700,none,2026-09-26T11:54:55.122966+00:00
gatsby,1631612626_f8c5141bf72108a53338fd01514522ae7a1b37bf,unit,1,2972,99f72e92d43d5263,2,  ● Build schema › createTypes › allows adding type in gatsby type def language,False,0.6600,none,2026-09-26T11:54:55.122966+00:00
gatsby,1631612626_f8c5141bf72108a53338fd01514522ae7a1b37bf,unit,1,2978,023730bab5ee459a,2,  ● Build schema › createTypes › allows adding array of types,False,0.6400,none,2026-09-26T11:54:55.122966+00:00
gatsby,1631612626_f8c5141bf72108a53338fd01514522ae7a1b37bf,unit,1,2984,c20f066147276d04,2,  ● Build schema › createTypes › adds node interface fields,False,0.6500,none,2026-09-26T11:54:55.122966+00:00
gatsby,1631612626_f8c5141bf72108a53338fd01514522ae7a1b37bf,unit,1,2990,c32ed04e18ad2611,2,  ● Build schema › createTypes › allows adding abstract types in SDL,False,0.6700,none,2026-09-26T11:54:55.122966+00:00
gatsby,1631612626_f8c5141bf72108a53338fd01514522ae7a1b37bf,unit,1,2996,5e3cf0b7e7ebae09,2,  ● Build schema › createTypes › allows adding abstract types in gatsby type def language,False,0.6700,none,2026-09-26T11:54:55.122966+00:00
gatsby,1631612626_f8c5141bf72108a53338fd01514522ae7a1b37bf,unit,1,3002,1e97d25a9d81644e,2,  ● Build schema › createTypes › adds args to field,False,0.6600,none,2026-09-26T11:54:55.122966+00:00
gatsby,1631612626_f8c5141bf72108a53338fd01514522ae7a1b37bf,unit,1,3008,e138f6ccccc845fb,2,  ● Build schema › createTypes › merges user-defined type with plugin-defined type,False,0.6300,none,2026-09-26T11:54:55.122966+00:00
gatsby,1631612626_f8c5141bf72108a53338fd01514522ae7a1b37bf,unit,1,3014,9bc90ffc478c68e1,2,  ● Build schema › createTypes › merges user-defined type (Gatsby type-builder) with plugin-defined type,False,0.6500,none,2026-09-26T11:54:55.122966+00:00
gatsby,1631612626_f8c5141bf72108a53338fd01514522ae7a1b37bf,unit,1,3020,5f8144fdd5346c2b,2,  ● Build schema › createTypes › merges user-defined type with plugin-defined type (Gatsby type-builder),False,0.6500,none,2026-09-26T11:54:55.122966+00:00
gatsby,1631612626_f8c5141bf72108a53338fd01514522ae7a1b37bf,unit,1,3026,438b8879b499a21b,2,  ● Build schema › createTypes › merges user-defined type (Gatsby type-builder) with plugin-defined type (Gatsby type-bu,False,0.7000,none,2026-09-26T11:54:55.122966+00:00
gatsby,1631612626_f8c5141bf72108a53338fd01514522ae7a1b37bf,unit,1,3032,8745b5dfaa1002ee,2,  ● Build schema › createTypes › merges user-defined type with plugin-defined type (graphql-js),False,0.6700,none,2026-09-26T11:54:55.122966+00:00
gatsby,1631612626_f8c5141bf72108a53338fd01514522ae7a1b37bf,unit,1,3038,23900cdce085fca2,2,  ● Build schema › createTypes › merges types owned by same plugin,False,0.6700,none,2026-09-26T11:54:55.122966+00:00
gatsby,1631612626_f8c5141bf72108a53338fd01514522ae7a1b37bf,unit,1,3044,d18abe4e2d8df2b8,2,  ● Build schema › createTypes › warns when merging plugin-defined type with type defined by other plugin,False,0.6600,none,2026-09-26T11:54:55.122966+00:00
gatsby,1631612626_f8c5141bf72108a53338fd01514522ae7a1b37bf,unit,1,3050,26b9a4aa586ae6a8,2,  ● Build schema › createTypes › warns when merging plugin-defined type (Type Builder) with type defined by other plugin,False,0.7000,none,2026-09-26T11:54:55.122966+00:00
gatsby,1631612626_f8c5141bf72108a53338fd01514522ae7a1b37bf,unit,1,3056,5c2bdf95bc8e2311,2,  ● Build schema › createTypes › merges plugin-defined type with overridable built-in type without warning,False,0.6800,none,2026-09-26T11:54:55.122966+00:00
gatsby,1631612626_f8c5141bf72108a53338fd01514522ae7a1b37bf,unit,1,3062,1e1a2418a7789dfe,2,  ● Build schema › createTypes › merges interfaces extending other interfaces,False,0.6800,none,2026-09-26T11:54:55.122966+00:00
gatsby,1631612626_f8c5141bf72108a53338fd01514522ae7a1b37bf,unit,1,3080,2f786321c79c12c4,2,  ● Build schema › createTypes › merges resolveType for abstract types (Type Builder),False,0.6700,none,2026-09-26T11:54:55.122966+00:00
gatsby,1631612626_f8c5141bf72108a53338fd01514522ae7a1b37bf,unit,1,3074,22a4e1b856243acd,2,  ● Build schema › createTypes › merges interfaces extending other interfaces (graphql-js),False,0.6900,none,2026-09-26T11:54:55.122966+00:00
gatsby,1631612626_f8c5141bf72108a53338fd01514522ae7a1b37bf,unit,1,3086,e72a263778854d32,2,  ● Build schema › createTypes › merges resolveType for abstract types (graphql-js),False,0.6900,none,2026-09-26T11:54:55.122966+00:00
gatsby,1631612626_f8c5141bf72108a53338fd01514522ae7a1b37bf,unit,1,3068,4208e33be51cf5d7,2,  ● Build schema › createTypes › merges interfaces extending other interfaces (Type Builder),False,0.6700,none,2026-09-26T11:54:55.122966+00:00
gatsby,1631612626_f8c5141bf72108a53338fd01514522ae7a1b37bf,unit,1,3092,4d4c89981b8bce5c,2,  ● Build schema › createTypes › falls back to default resolveType when merging with placeholder,False,0.6700,none,2026-09-26T11:54:55.122966+00:00
gatsby,1631612626_f8c5141bf72108a53338fd01514522ae7a1b37bf,unit,1,3098,8b29e354b9a4c7dd,2,  ● Build schema › createTypes › merges plugin-defined type (Type Builder) with overridable built-in type without warnin,False,0.7100,none,2026-09-26T11:54:55.122966+00:00
gatsby,1631612626_f8c5141bf72108a53338fd01514522ae7a1b37bf,unit,1,3110,fbc8089da93e870b,2,  ● Build schema › createTypes › warns when merging plugin-defined type with built-in type,False,0.6500,none,2026-09-26T11:54:55.122966+00:00
gatsby,1631612626_f8c5141bf72108a53338fd01514522ae7a1b37bf,unit,1,3128,d72d589ef5eedee3,2,  ● Build schema › createTypes › allows modifying nested types,False,0.7000,none,2026-09-26T11:54:55.122966+00:00
gatsby,1631612626_f8c5141bf72108a53338fd01514522ae7a1b37bf,unit,1,3122,a5f932164f6f2494,2,  ● Build schema › createTypes › extends fieldconfigs when merging types,False,0.6800,none,2026-09-26T11:54:55.122966+00:00
gatsby,1631612626_f8c5141bf72108a53338fd01514522ae7a1b37bf,unit,1,3104,976cdb79167d7343,2,  ● Build schema › createTypes › warns when merging plugin-defined type with previously overridden built-in type,False,0.6600,none,2026-09-26T11:54:55.122966+00:00
gatsby,1631612626_f8c5141bf72108a53338fd01514522ae7a1b37bf,unit,1,3134,5c00bf97f475b8cc,2,  ● Build schema › createTypes › allows modifying deeply nested inferred types,False,0.6900,none,2026-09-26T11:54:55.122966+00:00
gatsby,1631612626_f8c5141bf72108a53338fd01514522ae7a1b37bf,unit,1,3116,007387d48f870e73,2,  ● Build schema › createTypes › warns when merging plugin-defined type (Type Builder) with built-in type,False,0.6600,none,2026-09-26T11:54:55.122966+00:00
gatsby,1631612626_f8c5141bf72108a53338fd01514522ae7a1b37bf,unit,1,3140,49d91edaf06c9b24,2,  ● Build schema › allows renaming and merging nested types,False,0.6400,none,2026-09-26T11:54:55.122966+00:00
gatsby,1631612626_f8c5141bf72108a53338fd01514522ae7a1b37bf,unit,1,3146,19cdf5efa36e309c,2,  ● Build schema › createResolvers › allows adding resolver to field,False,0.6400,none,2026-09-26T11:54:55.122966+00:00
gatsby,1631612626_f8c5141bf72108a53338fd01514522ae7a1b37bf,unit,1,3152,1916ca1e8a1fc220,2,  ● Build schema › createResolvers › allows adding args to field,False,0.6800,none,2026-09-26T11:54:55.122966+00:00
gatsby,1631612626_f8c5141bf72108a53338fd01514522ae7a1b37bf,unit,1,3158,5b560853d55b40a1,2,  ● Build schema › createResolvers › disallows overriding field type on field,False,0.6800,none,2026-09-26T11:54:55.122966+00:00
gatsby,1631612626_f8c5141bf72108a53338fd01514522ae7a1b37bf,unit,1,3164,2d4ec583c860c218,2,  ● Build schema › createResolvers › allows setting field type nullability on field,False,0.6600,none,2026-09-26T11:54:55.122966+00:00
gatsby,1631612626_f8c5141bf72108a53338fd01514522ae7a1b37bf,unit,1,3176,370c813d2516c097,2,  ● Build schema › createResolvers › allows adding new field,False,0.6500,none,2026-09-26T11:54:55.122966+00:00
gatsby,1631612626_f8c5141bf72108a53338fd01514522ae7a1b37bf,unit,1,3182,f924b79ae81231fc,2,  ● Build schema › createResolvers › disallows adding if type does not exist,False,0.6700,none,2026-09-26T11:54:55.122966+00:00
gatsby,1631612626_f8c5141bf72108a53338fd01514522ae7a1b37bf,unit,1,3188,e533e3c88a42c991,2,  ● Build schema › createResolvers › makes original field resolver available on info,False,0.6400,none,2026-09-26T11:54:55.122966+00:00
gatsby,1631612626_f8c5141bf72108a53338fd01514522ae7a1b37bf,unit,1,3194,aa2af74fef04ee51,2,  ● Build schema › addThirdPartySchemas › makes third-party schema available on root Query type,False,0.6100,none,2026-09-26T11:54:55.122966+00:00
gatsby,1631612626_f8c5141bf72108a53338fd01514522ae7a1b37bf,unit,1,3170,3f968bfdb0504ed9,2,  ● Build schema › createResolvers › allows overriding field type on field on third-party type,False,0.6300,none,2026-09-26T11:54:55.122966+00:00
gatsby,1631612626_f8c5141bf72108a53338fd01514522ae7a1b37bf,unit,1,3200,5da7987b3adef682,2,  ● Build schema › addThirdPartySchemas › adds third-party types to schema,False,0.6300,none,2026-09-26T11:54:55.122966+00:00
gatsby,1631612626_f8c5141bf72108a53338fd01514522ae7a1b37bf,unit,1,3212,6eb615e031d896e2,2,  ● Build schema › setFieldsOnGraphQLNodeType › allows adding nested fields,False,0.5400,none,2026-09-26T11:54:55.122966+00:00
gatsby,1631612626_f8c5141bf72108a53338fd01514522ae7a1b37bf,unit,1,3206,bd829579b127a8e0,2,  ● Build schema › setFieldsOnGraphQLNodeType › allows adding fields,False,0.5900,none,2026-09-26T11:54:55.122966+00:00
gatsby,1631612626_f8c5141bf72108a53338fd01514522ae7a1b37bf,unit,1,3259,6f3f782694b1f976,2,  ● query caching between builds › Baseline › first run - should run all queries,False,0.5500,none,2026-09-26T11:54:55.122966+00:00
gatsby,1631612626_f8c5141bf72108a53338fd01514522ae7a1b37bf,unit,1,3279,4912b042e238ffcf,2,  ● query caching between builds › Baseline › rerunning without data changes and without restart shouldn't run any queri,False,0.5700,none,2026-09-26T11:54:55.122966+00:00
gatsby,1631612626_f8c5141bf72108a53338fd01514522ae7a1b37bf,unit,1,3299,ebf8d99cc4af964a,2,  ● query caching between builds › Baseline › rerunning without data changes after restart shouldn't run any queries,False,0.5700,none,2026-09-26T11:54:55.122966+00:00
gatsby,1631612626_f8c5141bf72108a53338fd01514522ae7a1b37bf,unit,1,3319,45cad06b3dc141b3,2,  ● query caching between builds › Baseline › rerunning after cache clearing - should run all queries,False,0.5400,none,2026-09-26T11:54:55.122966+00:00
gatsby,1631612626_f8c5141bf72108a53338fd01514522ae7a1b37bf,unit,1,3339,9b8ac88b4361ba5c,2,  ● query caching between builds › Changed data node used for static query › rerunning after cache clearing - should run,False,0.5700,none,2026-09-26T11:54:55.122966+00:00
gatsby,1631612626_f8c5141bf72108a53338fd01514522ae7a1b37bf,unit,1,3359,9d9f96a92b5de057,2,  ● query caching between builds › Changed data node used for static query › reruns only static query (no restart),False,0.5500,none,2026-09-26T11:54:55.122966+00:00
gatsby,1631612626_f8c5141bf72108a53338fd01514522ae7a1b37bf,unit,1,3379,77389940ff6c66b3,2,  ● query caching between builds › Changed data node used for static query › reruns only static query (with restart),False,0.5400,none,2026-09-26T11:54:55.122966+00:00
gatsby,1631612626_f8c5141bf72108a53338fd01514522ae7a1b37bf,unit,1,3399,ea34ff023d45b4e8,2,  ● query caching between builds › Changed data node used for pages › rerunning after cache clearing - should run all qu,False,0.5500,none,2026-09-26T11:54:55.122966+00:00
gatsby,1631612626_f8c5141bf72108a53338fd01514522ae7a1b37bf,unit,1,3419,9189f973e3d61cdc,2,  ● query caching between builds › Changed data node used for pages › reruns queries only for listing and detail page th,False,0.5600,none,2026-09-26T11:54:55.122966+00:00
gatsby,1631612626_f8c5141bf72108a53338fd01514522ae7a1b37bf,unit,1,3439,731aa797cb819391,2,  ● query caching between builds › Changed data node used for pages › reruns queries only for listing and detail page th,False,0.5600,none,2026-09-26T11:54:55.122966+00:00
gatsby,1631612626_f8c5141bf72108a53338fd01514522ae7a1b37bf,unit,1,3459,490f4a10ddda4f76,2,  ● query caching between builds › Changed data not used by either page or static queries › rerunning after cache cleari,False,0.5900,none,2026-09-26T11:54:55.122966+00:00
gatsby,1631612626_f8c5141bf72108a53338fd01514522ae7a1b37bf,unit,1,3479,03d534a5563c375e,2,  ● query caching between builds › Changed data not used by either page or static queries › changing node not used by an,False,0.5800,none,2026-09-26T11:54:55.122966+00:00
gatsby,1631612626_f8c5141bf72108a53338fd01514522ae7a1b37bf,unit,1,3499,7afd42fa4170af3a,2,  ● query caching between builds › Changed data not used by either page or static queries › changing node not used by an,False,0.5900,none,2026-09-26T11:54:55.122966+00:00
gatsby,1631612626_f8c5141bf72108a53338fd01514522ae7a1b37bf,unit,1,3519,b1aeb0c4f18524ac,2,  ● query caching between builds › Changed node previously not used to be used by the query › rerunning after cache clea,False,0.6100,none,2026-09-26T11:54:55.122966+00:00
gatsby,1631612626_f8c5141bf72108a53338fd01514522ae7a1b37bf,unit,1,3539,83c7f393bb59d693,2,  ● query caching between builds › Changed node previously not used to be used by the query › changing node to be used b,False,0.5900,none,2026-09-26T11:54:55.122966+00:00
gatsby,1631612626_f8c5141bf72108a53338fd01514522ae7a1b37bf,unit,1,3559,e233cd70b9d3f414,2,  ● query caching between builds › Changed node previously not used to be used by the query › changing node to be used b,False,0.6000,none,2026-09-26T11:54:55.122966+00:00
gatsby,1631612626_f8c5141bf72108a53338fd01514522ae7a1b37bf,unit,1,3579,3929970531230829,2,  ● query caching between builds › Changing page context invalidates page queries › rerunning after cache clearing - sho,False,0.5800,none,2026-09-26T11:54:55.122966+00:00
gatsby,1631612626_f8c5141bf72108a53338fd01514522ae7a1b37bf,unit,1,3599,346ffb84396bed98,2,  ● query caching between builds › Changing page context invalidates page queries › changing page context should rerun q,False,0.5600,none,2026-09-26T11:54:55.122966+00:00
gatsby,1631612626_f8c5141bf72108a53338fd01514522ae7a1b37bf,unit,1,3619,3caaeaf6ab22ebaf,2,  ● query caching between builds › Changing page context invalidates page queries › changing page context should rerun q,False,0.5800,none,2026-09-26T11:54:55.122966+00:00
gatsby,1631612626_f8c5141bf72108a53338fd01514522ae7a1b37bf,unit,1,3639,317e6dcc3182a142,2,  ● query caching between builds › Clears data dependencies when query result is dirty › No restarts › Initial - adds li,False,0.5500,none,2026-09-26T11:54:55.122966+00:00
gatsby,1631612626_f8c5141bf72108a53338fd01514522ae7a1b37bf,unit,1,3659,d85fadcbbd7f98a5,2,  ● query caching between builds › Clears data dependencies when query result is dirty › No restarts › Removes linked da,False,0.5600,none,2026-09-26T11:54:55.122966+00:00
gatsby,1631612626_f8c5141bf72108a53338fd01514522ae7a1b37bf,unit,1,3679,d02f8f5041a12ff0,2,  ● query caching between builds › Clears data dependencies when query result is dirty › No restarts › No change since l,False,0.5800,none,2026-09-26T11:54:55.122966+00:00
gatsby,1631612626_f8c5141bf72108a53338fd01514522ae7a1b37bf,unit,1,3699,7e7e1ec1918b6d2d,2,  ● query caching between builds › Clears data dependencies when query result is dirty › With restarts › Initial - adds ,False,0.5700,none,2026-09-26T11:54:55.122966+00:00
gatsby,1631612626_f8c5141bf72108a53338fd01514522ae7a1b37bf,unit,1,3719,3519ecb1aa15bf65,2,  ● query caching between builds › Clears data dependencies when query result is dirty › With restarts › Removes linked ,False,0.5900,none,2026-09-26T11:54:55.122966+00:00
gatsby,1631612626_f8c5141bf72108a53338fd01514522ae7a1b37bf,unit,1,3739,6fef4cb410b5bee2,2,  ● query caching between builds › Clears data dependencies when query result is dirty › With restarts › No change since,False,0.5500,none,2026-09-26T11:54:55.122966+00:00
gatsby,1631612626_f8c5141bf72108a53338fd01514522ae7a1b37bf,unit,1,3759,f22dbb82b31affda,2,  ● query caching between builds › Properly track connection when querying node interfaces › No restarts › Initial - add,False,0.5400,none,2026-09-26T11:54:55.122966+00:00
gatsby,1631612626_f8c5141bf72108a53338fd01514522ae7a1b37bf,unit,1,3779,aa9c8608873bbd36,2,  ● query caching between builds › Properly track connection when querying node interfaces › No restarts › Adds another ,False,0.5600,none,2026-09-26T11:54:55.122966+00:00
gatsby,1631612626_f8c5141bf72108a53338fd01514522ae7a1b37bf,unit,1,3799,144c63f7aa1f4767,2,  ● query caching between builds › Properly track connection when querying node interfaces › No restarts › Adds node of ,False,0.5900,none,2026-09-26T11:54:55.122966+00:00
gatsby,1631612626_f8c5141bf72108a53338fd01514522ae7a1b37bf,unit,1,3819,04c4964ec5ee7483,2,  ● query caching between builds › Properly track connection when querying node interfaces › No restarts › Adds node of ,False,0.5900,none,2026-09-26T11:54:55.122966+00:00
gatsby,1631612626_f8c5141bf72108a53338fd01514522ae7a1b37bf,unit,1,3839,4211f81ae1e759db,2,  ● query caching between builds › Properly track connection when querying node interfaces › With restarts › Initial - a,False,0.5200,none,2026-09-26T11:54:55.122966+00:00
gatsby,1631612626_f8c5141bf72108a53338fd01514522ae7a1b37bf,unit,1,3859,dcf9fb8b136d7e34,2,  ● query caching between builds › Properly track connection when querying node interfaces › With restarts › Adds anothe,False,0.5600,none,2026-09-26T11:54:55.122966+00:00
gatsby,1631612626_f8c5141bf72108a53338fd01514522ae7a1b37bf,unit,1,3879,9493f03133bce857,2,  ● query caching between builds › Properly track connection when querying node interfaces › With restarts › Adds node o,False,0.5500,none,2026-09-26T11:54:55.122966+00:00
gatsby,1631612626_f8c5141bf72108a53338fd01514522ae7a1b37bf,unit,1,3899,281745d63db6bf46,2,  ● query caching between builds › Properly track connection when querying node interfaces › With restarts › Adds node o,False,0.5900,none,2026-09-26T11:54:55.122966+00:00
gatsby,1631612626_f8c5141bf72108a53338fd01514522ae7a1b37bf,unit,1,3919,f80004ea984df6ab,2,"  ● query caching between builds › Running ""queries"" for page without query › rerunning after cache clearing - should ru",False,0.5700,none,2026-09-26T11:54:55.122966+00:00
gatsby,1631612626_f8c5141bf72108a53338fd01514522ae7a1b37bf,unit,1,3939,674430c3336ad4fd,2,"  ● query caching between builds › Running ""queries"" for page without query › rerunning should not run any queries (no r",False,0.5600,none,2026-09-26T11:54:55.122966+00:00
gatsby,1631612626_f8c5141bf72108a53338fd01514522ae7a1b37bf,unit,1,3959,65f4be3b610f9099,2,"  ● query caching between builds › Running ""queries"" for page without query › rerunning should not run any queries (with",False,0.5700,none,2026-09-26T11:54:55.122966+00:00
gatsby,1631612626_f8c5141bf72108a53338fd01514522ae7a1b37bf,unit,1,3979,bd078e6f79b0c9e8,2,  ● query caching between builds › Properly tracks runQuery results (from custom resolvers) › No restarts › Initial - ru,False,0.5700,none,2026-09-26T11:54:55.122966+00:00
gatsby,1631612626_f8c5141bf72108a53338fd01514522ae7a1b37bf,unit,1,3999,c58fb5bfc6c4e68f,2,  ● query caching between builds › Properly tracks runQuery results (from custom resolvers) › No restarts › re-runs quer,False,0.5900,none,2026-09-26T11:54:55.122966+00:00
gatsby,1631612626_f8c5141bf72108a53338fd01514522ae7a1b37bf,unit,1,4019,39d929bd1b0fc019,2,  ● query caching between builds › Properly tracks runQuery results (from custom resolvers) › No restarts › re-runs quer,False,0.5800,none,2026-09-26T11:54:55.122966+00:00
gatsby,1631612626_f8c5141bf72108a53338fd01514522ae7a1b37bf,unit,1,4039,f03eb8acc387c7e9,2,  ● query caching between builds › Properly tracks runQuery results (from custom resolvers) › No restarts › re-runs quer,False,0.5400,none,2026-09-26T11:54:55.122966+00:00
gatsby,1631612626_f8c5141bf72108a53338fd01514522ae7a1b37bf,unit,1,4059,d94761b3635f2284,2,  ● query caching between builds › Properly tracks runQuery results (from custom resolvers) › No restarts › re-runs quer,False,0.5800,none,2026-09-26T11:54:55.122966+00:00
gatsby,1631612626_f8c5141bf72108a53338fd01514522ae7a1b37bf,unit,1,4079,402c99c6cc4f359c,2,  ● query caching between builds › Properly tracks runQuery results (from custom resolvers) › No restarts › re-runs quer,False,0.5800,none,2026-09-26T11:54:55.122966+00:00
gatsby,1631612626_f8c5141bf72108a53338fd01514522ae7a1b37bf,unit,1,4099,20abd3776eaaa8f6,2,  ● query caching between builds › Properly tracks runQuery results (from custom resolvers) › With restarts › Initial - ,False,0.5700,none,2026-09-26T11:54:55.122966+00:00
gatsby,1631612626_f8c5141bf72108a53338fd01514522ae7a1b37bf,unit,1,4119,e94622f208faa97d,2,  ● query caching between builds › Properly tracks runQuery results (from custom resolvers) › With restarts › re-runs qu,False,0.5500,none,2026-09-26T11:54:55.122966+00:00
gatsby,1631612626_f8c5141bf72108a53338fd01514522ae7a1b37bf,unit,1,4139,e70d385952417772,2,  ● query caching between builds › Properly tracks runQuery results (from custom resolvers) › With restarts › re-runs qu,False,0.5800,none,2026-09-26T11:54:55.122966+00:00
gatsby,1631612626_f8c5141bf72108a53338fd01514522ae7a1b37bf,unit,1,4159,004fff4b710ffd85,2,  ● query caching between builds › Properly tracks runQuery results (from custom resolvers) › With restarts › re-runs qu,False,0.5600,none,2026-09-26T11:54:55.122966+00:00
gatsby,1631612626_f8c5141bf72108a53338fd01514522ae7a1b37bf,unit,1,4179,8e3a0ad3471f1841,2,  ● query caching between builds › Properly tracks runQuery results (from custom resolvers) › With restarts › re-runs qu,False,0.5700,none,2026-09-26T11:54:55.122966+00:00
gatsby,1631612626_f8c5141bf72108a53338fd01514522ae7a1b37bf,unit,1,4199,825dc56832253598,2,  ● query caching between builds › Properly tracks runQuery results (from custom resolvers) › With restarts › re-runs qu,False,0.5700,none,2026-09-26T11:54:55.122966+00:00
gatsby,1631612626_f8c5141bf72108a53338fd01514522ae7a1b37bf,unit,1,4281,d16393b1ddb888fb,2,  ● NodeModel › normal node tests › getNodeById › returns node by id,False,0.5500,none,2026-09-26T11:54:55.122966+00:00
gatsby,1631612626_f8c5141bf72108a53338fd01514522ae7a1b37bf,unit,1,4301,a3f1d0124bd6dbc0,2,  ● NodeModel › normal node tests › getNodeById › returns node by id and type,False,0.6000,none,2026-09-26T11:54:55.122966+00:00
gatsby,1631612626_f8c5141bf72108a53338fd01514522ae7a1b37bf,unit,1,4321,d4b30b4bdc429ef1,2,  ● NodeModel › normal node tests › getNodeById › returns node by id and union type,False,0.5900,none,2026-09-26T11:54:55.122966+00:00
gatsby,1631612626_f8c5141bf72108a53338fd01514522ae7a1b37bf,unit,1,4341,3771f20dc0a093f9,2,  ● NodeModel › normal node tests › getNodeById › returns node by id and interface type,False,0.5600,none,2026-09-26T11:54:55.122966+00:00
gatsby,1631612626_f8c5141bf72108a53338fd01514522ae7a1b37bf,unit,1,4361,df00a31026441d50,2,  ● NodeModel › normal node tests › getNodeById › creates page dependency,False,0.5600,none,2026-09-26T11:54:55.122966+00:00
gatsby,1631612626_f8c5141bf72108a53338fd01514522ae7a1b37bf,unit,1,4381,d93c5c170da7e4a5,2,  ● NodeModel › normal node tests › getNodeById › creates page dependency when called with context,False,0.5800,none,2026-09-26T11:54:55.122966+00:00
gatsby,1631612626_f8c5141bf72108a53338fd01514522ae7a1b37bf,unit,1,4401,b1be3e2b2f9be2cd,2,  ● NodeModel › normal node tests › getNodeById › returns null when no id provided,False,0.6100,none,2026-09-26T11:54:55.122966+00:00
gatsby,1631612626_f8c5141bf72108a53338fd01514522ae7a1b37bf,unit,1,4421,d6fb5e6859233319,2,  ● NodeModel › normal node tests › getNodeById › returns null when matching id does not match type,False,0.6400,none,2026-09-26T11:54:55.122966+00:00
gatsby,1631612626_f8c5141bf72108a53338fd01514522ae7a1b37bf,unit,1,4441,d4f91659ff0b1812,2,  ● NodeModel › normal node tests › getNodeById › returns null when no matching node found,False,0.6200,none,2026-09-26T11:54:55.122966+00:00
gatsby,1631612626_f8c5141bf72108a53338fd01514522ae7a1b37bf,unit,1,4461,edd36b6f9db5cf77,2,  ● NodeModel › normal node tests › getNodeById › does not create page dependency when no matching node found,False,0.6400,none,2026-09-26T11:54:55.122966+00:00
gatsby,1631612626_f8c5141bf72108a53338fd01514522ae7a1b37bf,unit,1,4481,778a376bf6733aa5,2,  ● NodeModel › normal node tests › getNodesByIds › returns nodes by ids,False,0.6600,none,2026-09-26T11:54:55.122966+00:00
gatsby,1631612626_f8c5141bf72108a53338fd01514522ae7a1b37bf,unit,1,4511,037e5f956a6ef3f6,2,  ● NodeModel › normal node tests › getNodesByIds › returns nodes by ids and type,False,0.6100,none,2026-09-26T11:54:55.122966+00:00
gatsby,1631612626_f8c5141bf72108a53338fd01514522ae7a1b37bf,unit,1,4531,13c134ab8830faff,2,  ● NodeModel › normal node tests › getNodesByIds › returns nodes by ids and union type,False,0.5900,none,2026-09-26T11:54:55.122966+00:00
gatsby,1631612626_f8c5141bf72108a53338fd01514522ae7a1b37bf,unit,1,4551,846e8c929fa1fb79,2,  ● NodeModel › normal node tests › getNodesByIds › returns nodes by ids and interface type,False,0.5500,none,2026-09-26T11:54:55.122966+00:00
gatsby,1631612626_f8c5141bf72108a53338fd01514522ae7a1b37bf,unit,1,4571,5c011607752f0114,2,  ● NodeModel › normal node tests › getNodesByIds › creates page dependencies,False,0.5500,none,2026-09-26T11:54:55.122966+00:00
gatsby,1631612626_f8c5141bf72108a53338fd01514522ae7a1b37bf,unit,1,4611,6c7f354c1f6d09f6,2,  ● NodeModel › normal node tests › getNodesByIds › returns empty array when no ids provided,False,0.6400,none,2026-09-26T11:54:55.122966+00:00
gatsby,1631612626_f8c5141bf72108a53338fd01514522ae7a1b37bf,unit,1,4591,1bd9a62dc4df04e0,2,  ● NodeModel › normal node tests › getNodesByIds › creates page dependencies when called with context,False,0.5600,none,2026-09-26T11:54:55.122966+00:00
gatsby,1631612626_f8c5141bf72108a53338fd01514522ae7a1b37bf,unit,1,4631,2fba3b4ec31ac9a9,2,  ● NodeModel › normal node tests › getNodesByIds › returns empty array when matching ids don't match type,False,0.6700,none,2026-09-26T11:54:55.122966+00:00
gatsby,1631612626_f8c5141bf72108a53338fd01514522ae7a1b37bf,unit,1,4651,1b384062bb505e46,2,  ● NodeModel › normal node tests › getNodesByIds › returns empty array when no matching nodes found,False,0.6000,none,2026-09-26T11:54:55.122966+00:00
gatsby,1631612626_f8c5141bf72108a53338fd01514522ae7a1b37bf,unit,1,4671,ddb7ace7c383a492,2,  ● NodeModel › normal node tests › getNodesByIds › does not create page dependencies when no matching nodes found,False,0.6600,none,2026-09-26T11:54:55.122966+00:00
gatsby,1631612626_f8c5141bf72108a53338fd01514522ae7a1b37bf,unit,1,4691,f4270236e6ff28e9,2,  ● NodeModel › normal node tests › getAllNodes › returns all nodes,False,0.5800,none,2026-09-26T11:54:55.122966+00:00
gatsby,1631612626_f8c5141bf72108a53338fd01514522ae7a1b37bf,unit,1,4711,38dc9214c738b417,2,  ● NodeModel › normal node tests › getAllNodes › returns all nodes of type,False,0.5500,none,2026-09-26T11:54:55.122966+00:00
gatsby,1631612626_f8c5141bf72108a53338fd01514522ae7a1b37bf,unit,1,4751,2ce364ed6c6e7ed7,2,  ● NodeModel › normal node tests › getAllNodes › returns all nodes of interface type,False,0.5700,none,2026-09-26T11:54:55.122966+00:00
gatsby,1631612626_f8c5141bf72108a53338fd01514522ae7a1b37bf,unit,1,4771,9626c45750e749e7,2,  ● NodeModel › normal node tests › getAllNodes › creates page dependencies with all connection types,False,0.5400,none,2026-09-26T11:54:55.122966+00:00
gatsby,1631612626_f8c5141bf72108a53338fd01514522ae7a1b37bf,unit,1,4791,643cd652c740011c,2,  ● NodeModel › normal node tests › getAllNodes › creates page dependencies when called with context and connection type,False,0.5400,none,2026-09-26T11:54:55.122966+00:00
gatsby,1631612626_f8c5141bf72108a53338fd01514522ae7a1b37bf,unit,1,4811,72d754b6ca041bfe,2,  ● NodeModel › normal node tests › getAllNodes › creates page dependencies with all connection types when called with c,False,0.5600,none,2026-09-26T11:54:55.122966+00:00
gatsby,1631612626_f8c5141bf72108a53338fd01514522ae7a1b37bf,unit,1,4831,0d47866742ad20e4,2,  ● NodeModel › normal node tests › getAllNodes › allows to opt-out of automatic dependency tracking,False,0.5300,none,2026-09-26T11:54:55.122966+00:00
gatsby,1631612626_f8c5141bf72108a53338fd01514522ae7a1b37bf,unit,1,4851,0f3f26ce7086e991,2,  ● NodeModel › normal node tests › getAllNodes › allows to opt-out of automatic dependency tracking with context,False,0.5700,none,2026-09-26T11:54:55.122966+00:00
gatsby,1631612626_f8c5141bf72108a53338fd01514522ae7a1b37bf,unit,1,4871,40bee0b8cd568a87,2,  ● NodeModel › normal node tests › getAllNodes › returns empty array when no nodes of type found,False,0.5600,none,2026-09-26T11:54:55.122966+00:00
gatsby,1631612626_f8c5141bf72108a53338fd01514522ae7a1b37bf,unit,1,4891,25ee802c69f13f22,2,  ● NodeModel › normal node tests › getAllNodes › does not create page dependencies when no matching nodes found,False,0.5900,none,2026-09-26T11:54:55.122966+00:00
gatsby,1631612626_f8c5141bf72108a53338fd01514522ae7a1b37bf,unit,1,4911,6cfe3a079d666b4c,2,  ● NodeModel › normal node tests › getTypes › returns all node types in the store,False,0.5800,none,2026-09-26T11:54:55.122966+00:00
gatsby,1631612626_f8c5141bf72108a53338fd01514522ae7a1b37bf,unit,1,4731,18d04fea1eddf8fe,2,  ● NodeModel › normal node tests › getAllNodes › returns all nodes of union type,False,0.5700,none,2026-09-26T11:54:55.122966+00:00
gatsby,1631612626_f8c5141bf72108a53338fd01514522ae7a1b37bf,unit,1,4931,28385a4936ea1208,2,  ● NodeModel › normal node tests › runQuery › returns first result only,False,0.6000,none,2026-09-26T11:54:55.122966+00:00
gatsby,1631612626_f8c5141bf72108a53338fd01514522ae7a1b37bf,unit,1,4951,8090bf7548d02668,2,  ● NodeModel › normal node tests › runQuery › returns all results,False,0.5600,none,2026-09-26T11:54:55.122966+00:00
gatsby,1631612626_f8c5141bf72108a53338fd01514522ae7a1b37bf,unit,1,4971,580da5aecf1c4106,2,  ● NodeModel › normal node tests › runQuery › creates page dependencies,False,0.5500,none,2026-09-26T11:54:55.122966+00:00
gatsby,1631612626_f8c5141bf72108a53338fd01514522ae7a1b37bf,unit,1,4991,9014ce89d50097a1,2,  ● NodeModel › normal node tests › runQuery › creates page dependencies when called with context,False,0.5700,none,2026-09-26T11:54:55.122966+00:00
gatsby,1631612626_f8c5141bf72108a53338fd01514522ae7a1b37bf,unit,1,5011,53b139b1ff5ff19c,2,  ● NodeModel › normal node tests › runQuery › creates page dependencies with connection type,False,0.5800,none,2026-09-26T11:54:55.122966+00:00
gatsby,1631612626_f8c5141bf72108a53338fd01514522ae7a1b37bf,unit,1,5031,39becbb9506c4dcb,2,  ● NodeModel › normal node tests › runQuery › creates page dependencies with individual nodes when connectionType is nu,False,0.5700,none,2026-09-26T11:54:55.122966+00:00
gatsby,1631612626_f8c5141bf72108a53338fd01514522ae7a1b37bf,unit,1,5051,0fba5598ee2a8315,2,  ● NodeModel › normal node tests › runQuery › allows to opt-out of dependency tracking,False,0.5100,none,2026-09-26T11:33:06.735382+00:00
gatsby,1631612626_f8c5141bf72108a53338fd01514522ae7a1b37bf,unit,1,5071,86d110969b72cd4d,2,  ● NodeModel › normal node tests › runQuery › allows to opt-out of dependency tracking with context,False,0.5500,none,2026-09-26T11:54:55.122966+00:00
gatsby,1631612626_f8c5141bf72108a53338fd01514522ae7a1b37bf,unit,1,5091,2a53695b0a7aad0e,2,  ● NodeModel › normal node tests › runQuery › doesn't allow querying union types,False,0.5600,none,2026-09-26T11:54:55.122966+00:00
gatsby,1631612626_f8c5141bf72108a53338fd01514522ae7a1b37bf,unit,1,5111,941329e350328773,2,  ● NodeModel › normal node tests › runQuery › handles interface types,False,0.5700,none,2026-09-26T11:54:55.122966+00:00
gatsby,1631612626_f8c5141bf72108a53338fd01514522ae7a1b37bf,unit,1,5131,399f78204c5907b0,2,  ● NodeModel › normal node tests › runQuery › allows passing GraphQLType instead of type name,False,0.6200,none,2026-09-26T11:54:55.122966+00:00
gatsby,1631612626_f8c5141bf72108a53338fd01514522ae7a1b37bf,unit,1,5151,4749093c727f6ba4,2,  ● NodeModel › normal node tests › runQuery › handles elemMatch,False,0.5800,none,2026-09-26T11:54:55.122966+00:00
gatsby,1631612626_f8c5141bf72108a53338fd01514522ae7a1b37bf,unit,1,5171,298a70b0dc7c8f23,2,  ● NodeModel › normal node tests › findRootNodeAncestor › returns an object's top most ancestor node,False,0.6100,none,2026-09-26T11:54:55.122966+00:00
gatsby,1631612626_f8c5141bf72108a53338fd01514522ae7a1b37bf,unit,1,5191,20ade84fa810b05b,2,  ● NodeModel › normal node tests › findRootNodeAncestor › returns an object's ancestor node that matches the provided p,False,0.6800,none,2026-09-26T11:54:55.122966+00:00
gatsby,1631612626_f8c5141bf72108a53338fd01514522ae7a1b37bf,unit,1,5211,e0bbac7fdf54b365,2,  ● NodeModel › normal node tests › findRootNodeAncestor › returns null when object's top-most ancestor doesn't match th,False,0.6200,none,2026-09-26T11:54:55.122966+00:00
gatsby,1631612626_f8c5141bf72108a53338fd01514522ae7a1b37bf,unit,1,5231,638fd92613e0333f,2,  ● NodeModel › normal node tests › createPageDependency › it calls upstream createPageDependency for single nodes,False,0.6100,none,2026-09-26T11:54:55.122966+00:00
gatsby,1631612626_f8c5141bf72108a53338fd01514522ae7a1b37bf,unit,1,5271,6242914f0377644b,2,  ● NodeModel › normal node tests › createPageDependency › it calls upstream createPageDependency with concrete types fo,False,0.6200,none,2026-09-26T11:54:55.122966+00:00
gatsby,1631612626_f8c5141bf72108a53338fd01514522ae7a1b37bf,unit,1,5291,90dc566e41c984ac,2,  ● NodeModel › materialization › should not resolve prepared nodes more than once,False,0.5400,none,2026-09-26T11:54:55.122966+00:00
gatsby,1631612626_f8c5141bf72108a53338fd01514522ae7a1b37bf,unit,1,5311,f61ef5490c32117a,2,  ● NodeModel › materialization › should not resolve prepared nodes more than once (with mixed interfaces and node types,False,0.6000,none,2026-09-26T11:54:55.122966+00:00
gatsby,1631612626_f8c5141bf72108a53338fd01514522ae7a1b37bf,unit,1,5251,f7f05335b6a19cbc,2,  ● NodeModel › normal node tests › createPageDependency › it calls upstream createPageDependency for connections of con,False,0.5900,none,2026-09-26T11:54:55.122966+00:00
gatsby,1631612626_f8c5141bf72108a53338fd01514522ae7a1b37bf,unit,1,5351,d516e1ebe46c2812,2,  ● NodeModel › materialization › merges query caches when filtering by nested field,False,0.5700,none,2026-09-26T11:54:55.122966+00:00
gatsby,1631612626_f8c5141bf72108a53338fd01514522ae7a1b37bf,unit,1,5331,a2c8da413107ef89,2,  ● NodeModel › materialization › can filter by resolved fields,False,0.5300,none,2026-09-26T11:54:55.122966+00:00
gatsby,1631612626_f8c5141bf72108a53338fd01514522ae7a1b37bf,unit,1,5371,b585f1851272feee,2,  ● NodeModel › materialization › always uses a custom resolvers for query fields,False,0.5000,none,2026-09-26T11:54:55.122966+00:00
gatsby,1631612626_f8c5141bf72108a53338fd01514522ae7a1b37bf,unit,1,5391,34cbe2cf3506acce,2,  ● NodeModel › materialization › sorts correctly by fields with custom resolvers,False,0.6000,none,2026-09-26T11:54:55.122966+00:00
gatsby,1631612626_f8c5141bf72108a53338fd01514522ae7a1b37bf,unit,1,5411,75be02255914e859,2,  ● NodeModel › materialization › handles nulish values within array of interface type,False,0.6200,none,2026-09-26T11:54:55.122966+00:00
gatsby,1631612626_f8c5141bf72108a53338fd01514522ae7a1b37bf,unit,1,5431,b0a4f1b486ac387d,2,  ● NodeModel › materialization › handles fields with custom resolvers on interfaces having multiple implementations,False,0.5500,none,2026-09-26T11:54:55.122966+00:00
gatsby,1631612626_f8c5141bf72108a53338fd01514522ae7a1b37bf,unit,1,5451,c1533faf997c3cd0,2,  ● NodeModel › node tracking › Tracks nodes read from cache by id › Tracks inline objects,False,0.6300,none,2026-09-26T11:54:55.122966+00:00
gatsby,1631612626_f8c5141bf72108a53338fd01514522ae7a1b37bf,unit,1,5471,d72a60975f049416,2,  ● NodeModel › node tracking › Tracks nodes read from cache by id › Tracks inline arrays,False,0.6200,none,2026-09-26T11:54:55.122966+00:00
gatsby,1631612626_f8c5141bf72108a53338fd01514522ae7a1b37bf,unit,1,5491,12187cd712889ed6,2,  ● NodeModel › node tracking › Tracks nodes read from cache by id › Doesn't track copied objects,False,0.6100,none,2026-09-26T11:54:55.122966+00:00
gatsby,1631612626_f8c5141bf72108a53338fd01514522ae7a1b37bf,unit,1,5511,0f2f5c6bf15a9587,2,  ● NodeModel › node tracking › Tracks nodes read from cache by ids › Tracks inline objects,False,0.6100,none,2026-09-26T11:54:55.122966+00:00
gatsby,1631612626_f8c5141bf72108a53338fd01514522ae7a1b37bf,unit,1,5531,dbd5a08702c029e2,2,  ● NodeModel › node tracking › Tracks nodes read from cache by ids › Tracks inline arrays,False,0.6100,none,2026-09-26T11:54:55.122966+00:00
gatsby,1631612626_f8c5141bf72108a53338fd01514522ae7a1b37bf,unit,1,5551,9c39fd6024f7d657,2,  ● NodeModel › node tracking › Tracks nodes read from cache by ids › Doesn't track copied objects,False,0.6300,none,2026-09-26T11:54:55.122966+00:00
gatsby,1631612626_f8c5141bf72108a53338fd01514522ae7a1b37bf,unit,1,5571,c1d3778940d9b0b8,2,  ● NodeModel › node tracking › Tracks nodes read from cache by list › Tracks inline objects,False,0.6300,none,2026-09-26T11:54:55.122966+00:00
gatsby,1631612626_f8c5141bf72108a53338fd01514522ae7a1b37bf,unit,1,5591,dd10f3b8ca1031bc,2,  ● NodeModel › node tracking › Tracks nodes read from cache by list › Tracks inline arrays,False,0.6300,none,2026-09-26T11:54:55.122966+00:00
gatsby,1631612626_f8c5141bf72108a53338fd01514522ae7a1b37bf,unit,1,5631,fc4d05414d7cff9d,2,  ● NodeModel › node tracking › Tracks nodes returned by queries › Tracks objects when running query without filter,False,0.6200,none,2026-09-26T11:54:55.122966+00:00
gatsby,1631612626_f8c5141bf72108a53338fd01514522ae7a1b37bf,unit,1,5651,acaaae7653d36b2b,2,  ● NodeModel › node tracking › Tracks nodes returned by queries › Tracks objects when running query with filter,False,0.5700,none,2026-09-26T11:54:55.122966+00:00
gatsby,1631612626_f8c5141bf72108a53338fd01514522ae7a1b37bf,unit,1,5671,319b678c3cfd8d8f,2,  ● NodeModel › circular references › directly on a node › trackInlineObjectsInRootNode should not infinitely loop on a ,False,0.6300,none,2026-09-26T11:54:55.122966+00:00
gatsby,1631612626_f8c5141bf72108a53338fd01514522ae7a1b37bf,unit,1,5691,6a54861515acd81f,2,  ● NodeModel › circular references › not directly on a node › trackInlineObjectsInRootNode should not infinitely loop o,False,0.5500,none,2026-09-26T11:54:55.122966+00:00
gatsby,1631612626_f8c5141bf72108a53338fd01514522ae7a1b37bf,unit,1,5735,ae41fdd972294325,2,  ● GraphQL field extensions › allows creating a custom field extension,False,0.6100,none,2026-09-26T11:54:55.122966+00:00
gatsby,1631612626_f8c5141bf72108a53338fd01514522ae7a1b37bf,unit,1,5611,9c03b409bc34566d,2,  ● NodeModel › node tracking › Tracks nodes read from cache by list › Doesn't track copied objects,False,0.6300,none,2026-09-26T11:54:55.122966+00:00
gatsby,1631612626_f8c5141bf72108a53338fd01514522ae7a1b37bf,unit,1,5741,4720822f8f6f5de1,2,  ● GraphQL field extensions › allows creating a custom field extension (used in type builder),False,0.6700,none,2026-09-26T11:54:55.122966+00:00
gatsby,1631612626_f8c5141bf72108a53338fd01514522ae7a1b37bf,unit,1,5747,a1a04b95c4ec6a65,2,  ● GraphQL field extensions › creates built-in field extensions,False,0.6600,none,2026-09-26T11:54:55.122966+00:00
gatsby,1631612626_f8c5141bf72108a53338fd01514522ae7a1b37bf,unit,1,5753,849fb01aefc90b15,2,  ● GraphQL field extensions › allows specifying extension options with type string,False,0.6900,none,2026-09-26T11:54:55.122966+00:00
gatsby,1631612626_f8c5141bf72108a53338fd01514522ae7a1b37bf,unit,1,5759,b3b144fad464a930,2,  ● GraphQL field extensions › allows specifying extension options with flat type string,False,0.6800,none,2026-09-26T11:54:55.122966+00:00
gatsby,1631612626_f8c5141bf72108a53338fd01514522ae7a1b37bf,unit,1,5765,a82cd41540ea5874,2,  ● GraphQL field extensions › allows specifying extension options with default value,False,0.6800,none,2026-09-26T11:54:55.122966+00:00
gatsby,1631612626_f8c5141bf72108a53338fd01514522ae7a1b37bf,unit,1,5771,5425cbdd3209bacf,2,  ● GraphQL field extensions › allows specifying extension options with default value (type builder),False,0.6800,none,2026-09-26T11:54:55.122966+00:00
gatsby,1631612626_f8c5141bf72108a53338fd01514522ae7a1b37bf,unit,1,5777,4a5b5562a62bead0,2,  ● GraphQL field extensions › allows List and NonNull type modifiers in extension type,False,0.7000,none,2026-09-26T11:54:55.122966+00:00
gatsby,1631612626_f8c5141bf72108a53338fd01514522ae7a1b37bf,unit,1,5783,3e273cee2e0e2717,2,  ● GraphQL field extensions › allows wrapping existing field resolver,False,0.7100,none,2026-09-26T11:54:55.122966+00:00
gatsby,1631612626_f8c5141bf72108a53338fd01514522ae7a1b37bf,unit,1,5789,788069d256accd64,2,  ● GraphQL field extensions › input type reflects changed type when extension changes field type,False,0.7100,none,2026-09-26T11:54:55.122966+00:00
gatsby,1631612626_f8c5141bf72108a53338fd01514522ae7a1b37bf,unit,1,5795,9a6855dee05e35ed,2,  ● GraphQL field extensions › handles multiple extensions per field,False,0.7000,none,2026-09-26T11:54:55.122966+00:00
gatsby,1631612626_f8c5141bf72108a53338fd01514522ae7a1b37bf,unit,1,5801,81a1a057a8c9744b,2,  ● GraphQL field extensions › shows error message when extension name is reserved,False,0.6800,none,2026-09-26T11:54:55.122966+00:00
gatsby,1631612626_f8c5141bf72108a53338fd01514522ae7a1b37bf,unit,1,5807,11a505133f089b97,2,  ● GraphQL field extensions › shows error message when extension is already defined,False,0.7000,none,2026-09-26T11:54:55.122966+00:00
gatsby,1631612626_f8c5141bf72108a53338fd01514522ae7a1b37bf,unit,1,5813,fafd6d3c381ef310,2,  ● GraphQL field extensions › validates type of extension options,False,0.6900,none,2026-09-26T11:54:55.122966+00:00
gatsby,1631612626_f8c5141bf72108a53338fd01514522ae7a1b37bf,unit,1,5819,79fc851700a42768,2,  ● GraphQL field extensions › validates type of extension options (type builder),False,0.7000,none,2026-09-26T11:54:55.122966+00:00
gatsby,1631612626_f8c5141bf72108a53338fd01514522ae7a1b37bf,unit,1,5825,7f6f1767244876ec,2,  ● GraphQL field extensions › validates non-null and list types of extension options,False,0.7000,none,2026-09-26T11:54:55.122966+00:00
gatsby,1631612626_f8c5141bf72108a53338fd01514522ae7a1b37bf,unit,1,5831,4f0eb42d80e9d6c1,2,  ● GraphQL field extensions › validates non-null and list types of extension options (type builder),False,0.7100,none,2026-09-26T11:54:55.122966+00:00
gatsby,1631612626_f8c5141bf72108a53338fd01514522ae7a1b37bf,unit,1,5837,c35b297edfc33311,2,  ● GraphQL field extensions › validates non-existing extension options (type builder),False,0.6800,none,2026-09-26T11:54:55.122966+00:00
gatsby,1631612626_f8c5141bf72108a53338fd01514522ae7a1b37bf,unit,1,5843,5eb7467e6c429e07,2,  ● GraphQL field extensions › validates non-existing extension,False,0.6500,none,2026-09-26T11:54:55.122966+00:00
gatsby,1631612626_f8c5141bf72108a53338fd01514522ae7a1b37bf,unit,1,5849,fa93e23c6ef78600,2,  ● GraphQL field extensions › validates non-existing extension (type builder),False,0.6500,none,2026-09-26T11:54:55.122966+00:00
gatsby,1631612626_f8c5141bf72108a53338fd01514522ae7a1b37bf,unit,1,5855,7162633dd4978f15,2,  ● GraphQL field extensions › built-in extensions wrap resolver,False,0.6800,none,2026-09-26T11:54:55.122966+00:00
gatsby,1631612626_f8c5141bf72108a53338fd01514522ae7a1b37bf,unit,1,5861,3fccea0548bb7e56,2,  ● GraphQL field extensions › built-in extensions merge extension args,False,0.6800,none,2026-09-26T11:54:55.122966+00:00
gatsby,1631612626_f8c5141bf72108a53338fd01514522ae7a1b37bf,unit,1,5867,777aeda0d0f733fe,2,  ● GraphQL field extensions › built-in extensions wraps custom resolver,False,0.6900,none,2026-09-26T11:54:55.122966+00:00
gatsby,1631612626_f8c5141bf72108a53338fd01514522ae7a1b37bf,unit,1,5879,7917aa9d093e01c5,2,  ● GraphQL field extensions › nested-fields-aware default field resolver › @proxy extension works with parent node fiel,False,0.6800,none,2026-09-26T11:54:55.122966+00:00
gatsby,1631612626_f8c5141bf72108a53338fd01514522ae7a1b37bf,unit,1,5873,5ba16eb4df766b7d,2,  ● GraphQL field extensions › nested-fields-aware default field resolver › @proxy extension works with nested fields,False,0.6800,none,2026-09-26T11:54:55.122966+00:00
gatsby,1631612626_f8c5141bf72108a53338fd01514522ae7a1b37bf,unit,1,5885,1834f469a4746e1c,2,  ● GraphQL field extensions › nested-fields-aware default field resolver › works with multiple field extensions,False,0.7000,none,2026-09-26T11:54:55.122966+00:00
gatsby,1631612626_f8c5141bf72108a53338fd01514522ae7a1b37bf,unit,1,5891,137489ccedb5547d,2,  ● GraphQL field extensions › nested-fields-aware default field resolver › allows linking from nested fields,False,0.5900,none,2026-09-26T11:54:55.122966+00:00
gatsby,1631612626_f8c5141bf72108a53338fd01514522ae7a1b37bf,unit,1,5897,bce11a3242c38cfc,2,  ● GraphQL field extensions › nested-fields-aware default field resolver › works in a custom field extension,False,0.5200,none,2026-09-26T11:33:15.793523+00:00
gatsby,1631612626_f8c5141bf72108a53338fd01514522ae7a1b37bf,unit,1,5903,489e57d9c3b610e9,2,  ● GraphQL field extensions › nested-fields-aware default field resolver › proxies to field from parent node with helpe,False,0.5100,none,2026-09-26T11:54:55.122966+00:00
gatsby,1631612626_f8c5141bf72108a53338fd01514522ae7a1b37bf,unit,1,5909,f615e00e1b60eba3,2,  ● GraphQL field extensions › link extension accepts return type argument,False,0.6000,none,2026-09-26T11:33:16.040727+00:00
gatsby,1631612626_f8c5141bf72108a53338fd01514522ae7a1b37bf,unit,1,5944,6a05f239a9f1e5ea,2,  ● Table of contents properly handles headings containing inline code blocks › <code> tags generated by `gatsby-remark-,False,0.5800,none,2026-09-26T11:33:16.202759+00:00
gatsby,1631612626_f8c5141bf72108a53338fd01514522ae7a1b37bf,unit,1,5963,a3e4a1206f135f14,2,  ● Headings are generated correctly from schema › returns id if heading has one,False,0.5500,none,2026-09-26T11:54:55.122966+00:00
gatsby,1631612626_f8c5141bf72108a53338fd01514522ae7a1b37bf,unit,1,5984,38c534b7416c1076,2,  ● Built-in types › preserves built-in types,False,0.6300,none,2026-09-26T11:54:55.122966+00:00
gatsby,1631612626_f8c5141bf72108a53338fd01514522ae7a1b37bf,unit,1,5996,c348fbbbc5a8e518,2,  ● build and update individual types › changes type when fields are added or removed,False,0.6500,none,2026-09-26T11:54:55.122966+00:00
gatsby,1631612626_f8c5141bf72108a53338fd01514522ae7a1b37bf,unit,1,6008,14e0495aece68fea,2,  ● build and update individual types › doesn't change type when node structure remains the same,False,0.7000,none,2026-09-26T11:54:55.122966+00:00
gatsby,1631612626_f8c5141bf72108a53338fd01514522ae7a1b37bf,unit,1,6020,0936d80a08d31cc1,2,  ● build and update individual types › changes field type from Int to Float when node has mixed values,False,0.6900,none,2026-09-26T11:54:55.122966+00:00
gatsby,1631612626_f8c5141bf72108a53338fd01514522ae7a1b37bf,unit,1,6032,5ebb13497c4825cb,2,  ● build and update individual types › creates new type when node of a new type is added,False,0.6600,none,2026-09-26T11:54:55.122966+00:00
gatsby,1631612626_f8c5141bf72108a53338fd01514522ae7a1b37bf,unit,1,6044,c43ce83ca138fad2,2,  ● build and update individual types › creates nested types,False,0.6000,none,2026-09-26T11:54:55.122966+00:00
gatsby,1631612626_f8c5141bf72108a53338fd01514522ae7a1b37bf,unit,1,6068,f25419392c7d9a22,2,  ● build and update individual types › creates ___NODE relations on new types,False,0.6100,none,2026-09-26T11:54:55.122966+00:00
gatsby,1631612626_f8c5141bf72108a53338fd01514522ae7a1b37bf,unit,1,6080,86abcb0394f7a260,2,  ● build and update individual types › creates ___NODE relations on updated types,False,0.6300,none,2026-09-26T11:54:55.122966+00:00
gatsby,1631612626_f8c5141bf72108a53338fd01514522ae7a1b37bf,unit,1,6092,97f5670af7a715eb,2,  ● build and update individual types › changes ___NODE relations (defined as array) from object type to union and back,False,0.6600,none,2026-09-26T11:54:55.122966+00:00
gatsby,1631612626_f8c5141bf72108a53338fd01514522ae7a1b37bf,unit,1,6056,4c9ed491f6e88715,2,  ● build and update individual types › creates nested types within existing nested types,False,0.6400,none,2026-09-26T11:54:55.122966+00:00
gatsby,1631612626_f8c5141bf72108a53338fd01514522ae7a1b37bf,unit,1,6104,0972dd7c53010550,2,  ● build and update individual types › changes ___NODE relations (defined as string) from object type to union and back,False,0.6500,none,2026-09-26T11:54:55.122966+00:00
gatsby,1631612626_f8c5141bf72108a53338fd01514522ae7a1b37bf,unit,1,6116,e6044f0ddfc7ce96,2,  ● build and update individual types › creates derived types,False,0.6300,none,2026-09-26T11:54:55.122966+00:00
gatsby,1631612626_f8c5141bf72108a53338fd01514522ae7a1b37bf,unit,1,6128,3efa94ec7b401e63,2,  ● build and update individual types › creates derived types for nested fields,False,0.6600,none,2026-09-26T11:54:55.122966+00:00
gatsby,1631612626_f8c5141bf72108a53338fd01514522ae7a1b37bf,unit,1,6140,443577dc40f08466,2,  ● build and update individual types › adds child convenience field on parent type,False,0.6400,none,2026-09-26T11:54:55.122966+00:00
gatsby,1631612626_f8c5141bf72108a53338fd01514522ae7a1b37bf,unit,1,6152,91a4f745d14915f4,2,  ● build and update individual types › adds children convenience field on parent type,False,0.6500,none,2026-09-26T11:54:55.122966+00:00
gatsby,1631612626_f8c5141bf72108a53338fd01514522ae7a1b37bf,unit,1,6164,ee59861250f24189,2,  ● build and update individual types › creates new fields on ADD_FIELD_TO_NODE,False,0.6500,none,2026-09-26T11:54:55.122966+00:00
gatsby,1631612626_f8c5141bf72108a53338fd01514522ae7a1b37bf,unit,1,6176,12a1591fd37e0874,2,  ● build and update individual types › creates new nested fields on ADD_FIELD_TO_NODE,False,0.6400,none,2026-09-26T11:54:55.122966+00:00
gatsby,1631612626_f8c5141bf72108a53338fd01514522ae7a1b37bf,unit,1,6188,61c68a8eda226025,2,  ● build and update individual types › applies automatic extensions to inferred fields,False,0.6600,none,2026-09-26T11:54:55.122966+00:00
gatsby,1631612626_f8c5141bf72108a53338fd01514522ae7a1b37bf,unit,1,6200,715ecb41145eadba,2,  ● build and update individual types › deletes deeply nested fields on child nodes,False,0.6900,none,2026-09-26T11:54:55.122966+00:00
gatsby,1631612626_f8c5141bf72108a53338fd01514522ae7a1b37bf,unit,1,6212,f73f9033ebddadab,2,  ● build and update individual types › works with node updates,False,0.6300,none,2026-09-26T11:54:55.122966+00:00
gatsby,1631612626_f8c5141bf72108a53338fd01514522ae7a1b37bf,unit,1,6224,4fb494d86f684c56,2,  ● build and update individual types › conflict reporting › should remove conflicting fields and report about conflict,False,0.6400,none,2026-09-26T11:54:55.122966+00:00
gatsby,1631612626_f8c5141bf72108a53338fd01514522ae7a1b37bf,unit,1,6236,d2e568bcacad19d3,2,  ● build and update individual types › conflict reporting › should restore fields when conflicts are resolved,False,0.6200,none,2026-09-26T11:54:55.122966+00:00
gatsby,1631612626_f8c5141bf72108a53338fd01514522ae7a1b37bf,unit,1,6248,07f274e5309edb4b,2,  ● rebuilds node types having existing relations › rebuilds simple acyclic relations,False,0.6700,none,2026-09-26T11:54:55.122966+00:00
gatsby,1631612626_f8c5141bf72108a53338fd01514522ae7a1b37bf,unit,1,6254,f4315653deaa884c,2,  ● rebuilds node types having existing relations › rebuilds self-cyclic relations,False,0.6400,none,2026-09-26T11:54:55.122966+00:00
gatsby,1631612626_f8c5141bf72108a53338fd01514522ae7a1b37bf,unit,1,6260,8fb5110fa419bfcd,2,  ● rebuilds node types having existing relations › rebuilds bi-directional relations,False,0.6500,none,2026-09-26T11:54:55.122966+00:00
gatsby,1631612626_f8c5141bf72108a53338fd01514522ae7a1b37bf,unit,1,6266,50934d9e55dd1fcd,2,  ● rebuilds node types having existing relations › rebuilds cyclic relations,False,0.6500,none,2026-09-26T11:54:55.122966+00:00
gatsby,1631612626_f8c5141bf72108a53338fd01514522ae7a1b37bf,unit,1,6272,ae735f4ceb980fdc,2,  ● compatibility with createTypes › should rebuild types with inference enabled and keep explicit schema in place,False,0.6400,none,2026-09-26T11:54:55.122966+00:00
gatsby,1631612626_f8c5141bf72108a53338fd01514522ae7a1b37bf,unit,1,6284,cc4bb538a774ab58,2,  ● compatibility with createTypes › should not rebuild types with inference disabled,False,0.6600,none,2026-09-26T11:54:55.122966+00:00
gatsby,1631612626_f8c5141bf72108a53338fd01514522ae7a1b37bf,unit,1,6296,257a62c1bf3b86e9,2,  ● compatibility with createTypes › should not collect inference metadata for types with inference disabled,False,0.6800,none,2026-09-26T11:54:55.122966+00:00
gatsby,1631612626_f8c5141bf72108a53338fd01514522ae7a1b37bf,unit,1,6302,6b9875c0c382c56b,2,  ● Compatibility with addThirdPartySchema › rebuilds after third party schema is extended with createResolvers,False,0.6000,none,2026-09-26T11:54:55.122966+00:00
gatsby,1631612626_f8c5141bf72108a53338fd01514522ae7a1b37bf,unit,1,6314,1822947a18dd9b0f,2,  ● Compatibility with addThirdPartySchema › rebuilds with new resolvers set via createResolvers,False,0.6200,none,2026-09-26T11:54:55.122966+00:00
gatsby,1631612626_f8c5141bf72108a53338fd01514522ae7a1b37bf,unit,1,6327,5da4218f099436e6,2,  ● Queryable Node interfaces with @nodeInterface › displays a deprecation warning for interfaces with @nodeInterface di,False,0.6500,none,2026-09-26T11:54:55.122966+00:00
gatsby,1631612626_f8c5141bf72108a53338fd01514522ae7a1b37bf,unit,1,6333,e9421657c42bb60a,2,  ● Queryable Node interfaces with @nodeInterface › adds root query fields for interface with @nodeInterface extension,False,0.6700,none,2026-09-26T11:54:55.122966+00:00
gatsby,1631612626_f8c5141bf72108a53338fd01514522ae7a1b37bf,unit,1,6339,4860f924d498b5d2,2,  ● Queryable Node interfaces with @nodeInterface › does not add root query fields for interface without @nodeInterface ,False,0.7100,none,2026-09-26T11:54:55.122966+00:00
gatsby,1631612626_f8c5141bf72108a53338fd01514522ae7a1b37bf,unit,1,6345,27c97b193eb09a34,2,  ● Queryable Node interfaces with @nodeInterface › shows error when not all types implementing the queryable interface ,False,0.6900,none,2026-09-26T11:54:55.122966+00:00
gatsby,1631612626_f8c5141bf72108a53338fd01514522ae7a1b37bf,unit,1,6351,43d86809759f7ebe,2,  ● Queryable Node interfaces with @nodeInterface › adds root query fields for interface with @nodeInterface extension (,False,0.6800,none,2026-09-26T11:54:55.122966+00:00
gatsby,1631612626_f8c5141bf72108a53338fd01514522ae7a1b37bf,unit,1,6357,cda34e72677a606d,2,  ● Queryable Node interfaces with @nodeInterface › returns correct results for query,False,0.7000,none,2026-09-26T11:54:55.122966+00:00
gatsby,1631612626_f8c5141bf72108a53338fd01514522ae7a1b37bf,unit,1,6363,2ef345efb7abc8f5,2,  ● Queryable Node interfaces with @nodeInterface › returns correct results for query with args,False,0.6800,none,2026-09-26T11:54:55.122966+00:00
gatsby,1631612626_f8c5141bf72108a53338fd01514522ae7a1b37bf,unit,1,6369,48fe70727d37ca6d,2,  ● Queryable Node interfaces with @nodeInterface › adds input args from extensions to fields,False,0.6900,none,2026-09-26T11:54:55.122966+00:00
gatsby,1631612626_f8c5141bf72108a53338fd01514522ae7a1b37bf,unit,1,6375,6b13f4d8dfa91bc3,2,  ● Queryable Node interfaces with @nodeInterface › shows error when interface with @nodeInterface extension does not ha,False,0.7400,none,2026-09-26T11:54:55.122966+00:00
gatsby,1631612626_f8c5141bf72108a53338fd01514522ae7a1b37bf,unit,1,6381,956973b12b57c432,2,  ● Queryable Node interfaces with @nodeInterface › works with special case id: { eq: $id } queries,False,0.6700,none,2026-09-26T11:54:55.122966+00:00
gatsby,1631612626_f8c5141bf72108a53338fd01514522ae7a1b37bf,unit,1,6387,d6ebd27f0ae4d652,2,  ● Queryable Node interfaces with @nodeInterface › uses concrete type resolvers when filtering on interface fields,False,0.7000,none,2026-09-26T11:54:55.122966+00:00
gatsby,1631612626_f8c5141bf72108a53338fd01514522ae7a1b37bf,unit,1,6393,e8badf6a8f9fa50a,2,  ● Queryable Node interfaces with @nodeInterface › materializes and searches by concrete type,False,0.6800,none,2026-09-26T11:54:55.122966+00:00
gatsby,1631612626_f8c5141bf72108a53338fd01514522ae7a1b37bf,unit,1,6405,be769fc08aaf21f6,2,  ● Queryable Node interfaces with interface inheritance › does not add root query fields for interface without Node inh,False,0.7100,none,2026-09-26T11:54:55.122966+00:00
gatsby,1631612626_f8c5141bf72108a53338fd01514522ae7a1b37bf,unit,1,6411,cc4a4750845270ea,2,  ● Queryable Node interfaces with interface inheritance › shows error when not all types implementing the queryable int,False,0.6800,none,2026-09-26T11:54:55.122966+00:00
gatsby,1631612626_f8c5141bf72108a53338fd01514522ae7a1b37bf,unit,1,6417,cdc8003c9ba4820b,2,  ● Queryable Node interfaces with interface inheritance › adds root query fields for interface extending Node interface,False,0.7000,none,2026-09-26T11:54:55.122966+00:00
gatsby,1631612626_f8c5141bf72108a53338fd01514522ae7a1b37bf,unit,1,6441,09df4364ae9b0ca2,2,  ● Queryable Node interfaces with interface inheritance › shows error when interface implementing Node interface does n,False,0.7100,none,2026-09-26T11:54:55.122966+00:00
gatsby,1631612626_f8c5141bf72108a53338fd01514522ae7a1b37bf,unit,1,6478,462eb55e76109531,2,  ● Define parent-child relationships with field extensions › adds child fields to parent type with childOf extension,False,0.6700,none,2026-09-26T11:54:55.122966+00:00
gatsby,1631612626_f8c5141bf72108a53338fd01514522ae7a1b37bf,unit,1,6484,e93f2d075dc5b67f,2,  ● Define parent-child relationships with field extensions › does not implicitly add child fields to parent type when p,False,0.7300,none,2026-09-26T11:54:55.122966+00:00
gatsby,1631612626_f8c5141bf72108a53338fd01514522ae7a1b37bf,unit,1,6490,688a8b62c5abae6e,2,  ● Define parent-child relationships with field extensions › does not show deprecation warning for inferred child field,False,0.7300,none,2026-09-26T11:54:55.122966+00:00
gatsby,1631612626_f8c5141bf72108a53338fd01514522ae7a1b37bf,unit,1,6496,def7162590bf90c7,2,  ● Define parent-child relationships with field extensions › adds children[Field] field to parent type with childOf ext,False,0.7100,none,2026-09-26T11:54:55.122966+00:00
gatsby,1631612626_f8c5141bf72108a53338fd01514522ae7a1b37bf,unit,1,6502,130656e14117007b,2,  ● Define parent-child relationships with field extensions › shows error when childOf extension is used on type that do,False,0.7600,none,2026-09-26T11:54:55.122966+00:00
gatsby,1631612626_f8c5141bf72108a53338fd01514522ae7a1b37bf,unit,1,6508,ffa8bfa7983d2a20,2,  ● Define parent-child relationships with field extensions › returns correct query results,False,0.7000,none,2026-09-26T11:54:55.122966+00:00
gatsby,1631612626_f8c5141bf72108a53338fd01514522ae7a1b37bf,unit,1,6514,ea635c1225b47c80,2,  ● Define parent-child relationships with field extensions › returns correct query results (type builder),False,0.7000,none,2026-09-26T11:54:55.122966+00:00
gatsby,1631612626_f8c5141bf72108a53338fd01514522ae7a1b37bf,unit,1,6520,7c2b9aadcbf533e3,2,  ● Define parent-child relationships with field extensions › adds child fields to mime-type handling types with childOf,False,0.6600,none,2026-09-26T11:54:55.122966+00:00
gatsby,1631612626_f8c5141bf72108a53338fd01514522ae7a1b37bf,unit,1,6526,5cb5b3f898f3a891,2,  ● Define parent-child relationships with field extensions › returns correct query results for mime-types,False,0.7000,none,2026-09-26T11:54:55.122966+00:00
gatsby,1631612626_f8c5141bf72108a53338fd01514522ae7a1b37bf,unit,1,6532,d9c917e2f6b7a849,2,"  ● Define parent-child relationships with field extensions › setting both @childOf(types: [], mimeTypes: [])",False,0.7000,none,2026-09-26T11:54:55.122966+00:00
gatsby,1631612626_f8c5141bf72108a53338fd01514522ae7a1b37bf,unit,1,6538,55863deb2fcf5501,2,  ● Define parent-child relationships with field extensions › handles @childOf on interfaces,False,0.6900,none,2026-09-26T11:54:55.122966+00:00
gatsby,1631612626_f8c5141bf72108a53338fd01514522ae7a1b37bf,unit,1,6544,09010a30db1ff99d,2,  ● Define parent-child relationships with field extensions › adds children fields to interfaces with @nodeInterface,False,0.6600,none,2026-09-26T11:54:55.122966+00:00
gatsby,1631612626_f8c5141bf72108a53338fd01514522ae7a1b37bf,unit,1,6550,60c623754f6ada98,2,  ● Define parent-child relationships with field extensions › adds children fields to interfaces with @nodeInterface (mi,False,0.6400,none,2026-09-26T11:54:55.122966+00:00
gatsby,1631612626_f8c5141bf72108a53338fd01514522ae7a1b37bf,unit,1,6556,2e97742b3db9c15f,2,  ● Define parent-child relationships with field extensions › does not add children fields to interfaces without @nodeIn,False,0.6800,none,2026-09-26T11:54:55.122966+00:00
gatsby,1631612626_f8c5141bf72108a53338fd01514522ae7a1b37bf,unit,1,6568,284f952ca1aa4bad,2,  ● Define parent-child relationships with field extensions › handle non-existing parent type,False,0.6900,none,2026-09-26T11:54:55.122966+00:00
gatsby,1631612626_f8c5141bf72108a53338fd01514522ae7a1b37bf,unit,1,6586,67160b7a50ad0503,2,  ● Define parent-child relationships with field extensions › adds root field arguments for searchable child fields (whe,False,0.6600,none,2026-09-26T11:54:55.122966+00:00
gatsby,1631612626_f8c5141bf72108a53338fd01514522ae7a1b37bf,unit,1,6656,42110e3c1cbbfe39,2,  ● redux db › should write redux cache to disk,False,0.8200,none,2026-09-26T11:33:26.150494+00:00
gatsby,1631612626_f8c5141bf72108a53338fd01514522ae7a1b37bf,unit,1,6674,a987ec8a18c45f78,2,  ● redux db › Sharding › Scenario Nodes 50000 x 5120 bytes = 1 shards / Pages 50000 x 10240 bytes = 1 shards (without p,False,0.7900,none,2026-09-26T11:33:26.274462+00:00
gatsby,1631612626_f8c5141bf72108a53338fd01514522ae7a1b37bf,unit,1,6692,be7627875db60c28,2,  ● redux db › Sharding › Scenario Nodes 50000 x 5120 bytes = 1 shards / Pages 50 x 10485760 bytes = 1 shards (with page,False,0.7900,none,2026-09-26T11:33:26.398676+00:00
gatsby,1631612626_f8c5141bf72108a53338fd01514522ae7a1b37bf,unit,1,6562,fd960bb5a3a847d0,2,  ● Define parent-child relationships with field extensions › does not add children fields from interfaces without @node,False,0.6700,none,2026-09-26T11:54:55.122966+00:00
gatsby,1631612626_f8c5141bf72108a53338fd01514522ae7a1b37bf,unit,1,6710,6583140f87eaa3de,2,  ● redux db › Sharding › Scenario Nodes 50000 x 5120 bytes = 1 shards / Pages 5 x 966367641 bytes = 5 shards (with page,False,0.7700,none,2026-09-26T11:33:26.542640+00:00
gatsby,1631612626_f8c5141bf72108a53338fd01514522ae7a1b37bf,unit,1,6728,ba12ec5157a23db4,2,  ● redux db › Sharding › Scenario Nodes 50 x 5242880 bytes = 1 shards / Pages 50000 x 10240 bytes = 1 shards (without p,False,0.7800,none,2026-09-26T11:33:26.687195+00:00
gatsby,1631612626_f8c5141bf72108a53338fd01514522ae7a1b37bf,unit,1,6746,944b52ce816bc93d,2,  ● redux db › Sharding › Scenario Nodes 50 x 5242880 bytes = 1 shards / Pages 50 x 10485760 bytes = 1 shards (with page,False,0.7900,none,2026-09-26T11:33:26.830293+00:00
gatsby,1631612626_f8c5141bf72108a53338fd01514522ae7a1b37bf,unit,1,6764,578913b0ced13b6a,2,  ● redux db › Sharding › Scenario Nodes 50 x 5242880 bytes = 1 shards / Pages 5 x 966367641 bytes = 5 shards (with page,False,0.7900,none,2026-09-26T11:33:26.994954+00:00
gatsby,1631612626_f8c5141bf72108a53338fd01514522ae7a1b37bf,unit,1,6782,e7c848bf42625bd7,2,  ● redux db › Sharding › Scenario Nodes 5 x 644245094 bytes = 3 shards / Pages 50000 x 10240 bytes = 1 shards (without ,False,0.8000,none,2026-09-26T11:33:27.286103+00:00
gatsby,1631612626_f8c5141bf72108a53338fd01514522ae7a1b37bf,unit,1,6800,a5f474796bd55ada,2,  ● redux db › Sharding › Scenario Nodes 5 x 644245094 bytes = 3 shards / Pages 50 x 10485760 bytes = 1 shards (with pag,False,0.7800,none,2026-09-26T11:33:27.307059+00:00
gatsby,1631612626_f8c5141bf72108a53338fd01514522ae7a1b37bf,unit,1,6818,eedd0f3e72cb5320,2,  ● redux db › Sharding › Scenario Nodes 5 x 644245094 bytes = 3 shards / Pages 5 x 966367641 bytes = 5 shards (with pag,False,0.7900,none,2026-09-26T11:33:27.475565+00:00
gatsby,1631612626_f8c5141bf72108a53338fd01514522ae7a1b37bf,unit,1,6836,39114fe9c8e6eba4,2,  ● redux db › discards persisted cache if no nodes are stored there,False,0.8300,none,2026-09-26T11:33:27.645808+00:00
gatsby,1631612626_f8c5141bf72108a53338fd01514522ae7a1b37bf,unit,1,6872,ac4ecad6604630be,2,  ● redux db › savePartialStateToDisk › saves correct slice of state,False,0.8100,none,2026-09-26T11:33:27.873838+00:00
gatsby,1631612626_f8c5141bf72108a53338fd01514522ae7a1b37bf,unit,1,6854,206072f802dfa1fe,2,  ● redux db › savePartialStateToDisk › saves with correct filename (with defaults),False,0.8100,none,2026-09-26T11:33:27.963353+00:00
gatsby,1631612626_f8c5141bf72108a53338fd01514522ae7a1b37bf,unit,1,6890,255ac191752e47fd,2,  ● redux db › savePartialStateToDisk › respects optionalPrefix,False,0.8400,none,2026-09-26T11:33:28.035683+00:00
gatsby,1631612626_f8c5141bf72108a53338fd01514522ae7a1b37bf,unit,1,6908,6b7f379afc19c5b7,2,  ● redux db › savePartialStateToDisk › respects transformState,False,0.8200,none,2026-09-26T11:33:28.266314+00:00
gatsby,1631612626_f8c5141bf72108a53338fd01514522ae7a1b37bf,unit,1,7023,b1f10d4f0b5f8271,2,  ● Load plugins › Load plugins for a site,False,0.9100,none,2026-09-26T11:33:28.355916+00:00
gatsby,1631612626_f8c5141bf72108a53338fd01514522ae7a1b37bf,unit,1,7147,ab8a898d19e42924,2,  ● Load plugins › Loads plugins defined with an object but without an options key,False,0.9200,none,2026-09-26T11:33:28.487783+00:00
gatsby,1631612626_f8c5141bf72108a53338fd01514522ae7a1b37bf,unit,1,7284,3b648c3649d1ecdb,2,  ● Load plugins › Overrides the options for gatsby-plugin-page-creator,False,0.9000,none,2026-09-26T11:33:28.733524+00:00
gatsby,1631612626_f8c5141bf72108a53338fd01514522ae7a1b37bf,unit,1,7454,231414ee2f19ec9c,2,"  ● merges explicit and inferred type definitions › with sdl › with default strategy (implicit ""@infer"")",False,0.7300,none,2026-09-26T11:54:55.122966+00:00
gatsby,1631612626_f8c5141bf72108a53338fd01514522ae7a1b37bf,unit,1,7472,8645c520ef52efbe,2,"  ● merges explicit and inferred type definitions › with typeBuilders › with default strategy (implicit ""@infer"")",False,0.6800,none,2026-09-26T11:54:55.122966+00:00
gatsby,1631612626_f8c5141bf72108a53338fd01514522ae7a1b37bf,unit,1,7484,5a80d299bdb9731a,2,  ● merges explicit and inferred type definitions › with typeBuilders › with @dontInfer directive,False,0.6700,none,2026-09-26T11:54:55.122966+00:00
gatsby,1631612626_f8c5141bf72108a53338fd01514522ae7a1b37bf,unit,1,7478,64afe258071b34c5,2,  ● merges explicit and inferred type definitions › with typeBuilders › with @infer,False,0.6700,none,2026-09-26T11:54:55.122966+00:00
gatsby,1631612626_f8c5141bf72108a53338fd01514522ae7a1b37bf,unit,1,7460,84f0d2282280c676,2,  ● merges explicit and inferred type definitions › with sdl › with @infer,False,0.6700,none,2026-09-26T11:54:55.122966+00:00
gatsby,1631612626_f8c5141bf72108a53338fd01514522ae7a1b37bf,unit,1,7490,b3800e4e3774a9ef,2,  ● merges explicit and inferred type definitions › adds explicit resolvers through directives,False,0.6600,none,2026-09-26T11:54:55.122966+00:00
gatsby,1631612626_f8c5141bf72108a53338fd01514522ae7a1b37bf,unit,1,7466,0cb2a584fed89ee5,2,  ● merges explicit and inferred type definitions › with sdl › with @dontInfer directive,False,0.6500,none,2026-09-26T11:54:55.122966+00:00
gatsby,1631612626_f8c5141bf72108a53338fd01514522ae7a1b37bf,unit,1,7496,6ea88ee4dbb829d6,2,  ● merges explicit and inferred type definitions › adds explicit resolvers through extensions,False,0.7000,none,2026-09-26T11:54:55.122966+00:00
gatsby,1631612626_f8c5141bf72108a53338fd01514522ae7a1b37bf,unit,1,7508,f0528dc1dccd86fd,2,  ● merges explicit and inferred type definitions › does not merge types when array depth does not match,False,0.7700,none,2026-09-26T11:54:55.122966+00:00
gatsby,1631612626_f8c5141bf72108a53338fd01514522ae7a1b37bf,unit,1,7502,43906d6f02cb7eae,2,  ● merges explicit and inferred type definitions › honors array depth when merging types,False,0.7600,none,2026-09-26T11:54:55.122966+00:00
gatsby,1631612626_f8c5141bf72108a53338fd01514522ae7a1b37bf,unit,1,7514,69e9a17ad6c47b88,2,  ● merges explicit and inferred type definitions › ignores foreign-key resolvers on ___NODE fields,False,0.7300,none,2026-09-26T11:54:55.122966+00:00
gatsby,1631612626_f8c5141bf72108a53338fd01514522ae7a1b37bf,unit,1,7520,5471699f0d46f5dd,2,  ● merges explicit and inferred type definitions › ignores foreign-key resolvers on ___NODE fields with @infer,False,0.7400,none,2026-09-26T11:54:55.122966+00:00
gatsby,1631612626_f8c5141bf72108a53338fd01514522ae7a1b37bf,unit,1,7527,c4cc0e2a58fc2087,2,  ● dateResolver › can properly resolve datetimes,False,0.7200,none,2026-09-26T11:54:55.122966+00:00
gatsby,1631612626_f8c5141bf72108a53338fd01514522ae7a1b37bf,unit,1,7533,2592738180849c9d,2,"  ● dateResolver › should return ""Jan 29, 2018"": 2018-01-28T23:59:59.999-07:00",False,0.7300,none,2026-09-26T11:54:55.122966+00:00
gatsby,1631612626_f8c5141bf72108a53338fd01514522ae7a1b37bf,unit,1,7539,c4ea2c3eed3c6738,2,"  ● dateResolver › should return ""Jan 29, 2018"": 2018-01-29T00:00:00.000Z",False,0.7200,none,2026-09-26T11:54:55.122966+00:00
gatsby,1631612626_f8c5141bf72108a53338fd01514522ae7a1b37bf,unit,1,7545,424d599889ac18fe,2,"  ● dateResolver › should return ""Jan 29, 2018"": 2018-01-29",False,0.7300,none,2026-09-26T11:54:55.122966+00:00
gatsby,1631612626_f8c5141bf72108a53338fd01514522ae7a1b37bf,unit,1,7551,dff7c8c0a8d26bce,2,"  ● dateResolver › should return ""Jan 29, 2018"": 20180129",False,0.7200,none,2026-09-26T11:54:55.122966+00:00
gatsby,1631612626_f8c5141bf72108a53338fd01514522ae7a1b37bf,unit,1,7557,e390b9c7a6216f7a,2,"  ● dateResolver › should return ""Jan 29, 2018"": 2018-01-29T23:59:59.999+00:00",False,0.7200,none,2026-09-26T11:54:55.122966+00:00
gatsby,1631612626_f8c5141bf72108a53338fd01514522ae7a1b37bf,unit,1,7563,90cbff912d27df8d,2,"  ● dateResolver › should return ""Jan 29, 2018"": 2018-01-28T19:59:59.999-07:00",False,0.7400,none,2026-09-26T11:54:55.122966+00:00
gatsby,1631612626_f8c5141bf72108a53338fd01514522ae7a1b37bf,unit,1,7569,eb1dc54689faf64b,2,"  ● dateResolver › should return ""Jan 29, 2018"": 2018-01-30T06:00:00.001+07:00",False,0.7500,none,2026-09-26T11:54:55.122966+00:00
gatsby,1631612626_f8c5141bf72108a53338fd01514522ae7a1b37bf,unit,1,7575,e9e74ab74d385a0a,2,"  ● dateResolver › should return ""Jan 29, 2018"": 2018-01-28 17:00:00.001-07",False,0.7400,none,2026-09-26T11:54:55.122966+00:00
gatsby,1631612626_f8c5141bf72108a53338fd01514522ae7a1b37bf,unit,1,7581,24ca06f10e858a6b,2,"  ● dateResolver › should return ""Jan 29, 2018"": 2018-01-30 04:00:00.001+07",False,0.7200,none,2026-09-26T11:54:55.122966+00:00
gatsby,1631612626_f8c5141bf72108a53338fd01514522ae7a1b37bf,unit,1,7587,7d8196139de4daea,2,"  ● dateResolver › should return ""Jan 29, 2018"": 2018-01-29 04:00:00.001Z",False,0.7400,none,2026-09-26T11:54:55.122966+00:00
gatsby,1631612626_f8c5141bf72108a53338fd01514522ae7a1b37bf,unit,1,7593,afabd168377f3fc5,2,"  ● dateResolver › should return ""Jan 29, 2018"": 2018-01-29 04:00:00.001 Z",False,0.7100,none,2026-09-26T11:54:55.122966+00:00
gatsby,1631612626_f8c5141bf72108a53338fd01514522ae7a1b37bf,unit,1,7599,61ae13d6cd68f1f3,2,"  ● dateResolver › should return ""Jan 29, 2018"": 2018-01-29 04:00:00 Z",False,0.7300,none,2026-09-26T11:54:55.122966+00:00
gatsby,1631612626_f8c5141bf72108a53338fd01514522ae7a1b37bf,unit,1,7605,111a33e804581f3e,2,"  ● dateResolver › should return ""Jan 29, 2018"": 2018-01-29 04:00 Z",False,0.7500,none,2026-09-26T11:54:55.122966+00:00
gatsby,1631612626_f8c5141bf72108a53338fd01514522ae7a1b37bf,unit,1,7617,f2707d9bd25d5553,2,"  ● dateResolver › should return ""Jan 29, 2018"": 2018-01-28T17:00:00.001-07",False,0.7300,none,2026-09-26T11:54:55.122966+00:00
gatsby,1631612626_f8c5141bf72108a53338fd01514522ae7a1b37bf,unit,1,7623,0188def89c3694c4,2,"  ● dateResolver › should return ""Jan 29, 2018"": 2018-01-30T04:00:00.001+07",False,0.7100,none,2026-09-26T11:54:55.122966+00:00
gatsby,1631612626_f8c5141bf72108a53338fd01514522ae7a1b37bf,unit,1,7629,51a767a63ec8c451,2,"  ● dateResolver › should return ""Jan 29, 2018"": 2018-01-29 00:00:00.001Z",False,0.7500,none,2026-09-26T11:54:55.122966+00:00
gatsby,1631612626_f8c5141bf72108a53338fd01514522ae7a1b37bf,unit,1,7635,d0a4c8aa427aba6b,2,"  ● dateResolver › should return ""Jan 29, 2018"": 2018-01-29T00:00:00.001Z",False,0.7500,none,2026-09-26T11:54:55.122966+00:00
gatsby,1631612626_f8c5141bf72108a53338fd01514522ae7a1b37bf,unit,1,7641,034f28c8eead5ba1,2,"  ● dateResolver › should return ""Jan 29, 2018"": 2018-01-28 23:00:00-05:00",False,0.7500,none,2026-09-26T11:54:55.122966+00:00
gatsby,1631612626_f8c5141bf72108a53338fd01514522ae7a1b37bf,unit,1,7647,8e5e488c34bc4953,2,"  ● dateResolver › should return ""Jan 29, 2018"": 2018-01-29 23:00:00+01:00",False,0.7500,none,2026-09-26T11:54:55.122966+00:00
gatsby,1631612626_f8c5141bf72108a53338fd01514522ae7a1b37bf,unit,1,7653,64436901f17498a7,2,"  ● dateResolver › should return ""Jan 29, 2018"": 2018-01-28T23:00:00-05:00",False,0.7500,none,2026-09-26T11:54:55.122966+00:00
gatsby,1631612626_f8c5141bf72108a53338fd01514522ae7a1b37bf,unit,1,7659,0bf2260b66208e00,2,"  ● dateResolver › should return ""Jan 29, 2018"": 2018-01-29T23:00:00+01:00",False,0.7600,none,2026-09-26T11:54:55.122966+00:00
gatsby,1631612626_f8c5141bf72108a53338fd01514522ae7a1b37bf,unit,1,7665,3531047c16f6b77a,2,"  ● dateResolver › should return ""Jan 29, 2018"": 2018-029",False,0.7200,none,2026-09-26T11:54:55.122966+00:00
gatsby,1631612626_f8c5141bf72108a53338fd01514522ae7a1b37bf,unit,1,7671,805febe2d30bcb1d,2,"  ● dateResolver › should return ""Jan 29, 2018"": 2018029",False,0.7500,none,2026-09-26T11:54:55.122966+00:00
gatsby,1631612626_f8c5141bf72108a53338fd01514522ae7a1b37bf,unit,1,7677,ba85fa6de0727221,2,"  ● dateResolver › should return ""Jan 29, 2018"": 2018-W05",False,0.7500,none,2026-09-26T11:54:55.122966+00:00
gatsby,1631612626_f8c5141bf72108a53338fd01514522ae7a1b37bf,unit,1,7683,812b678f92c21c8a,2,"  ● dateResolver › should return ""Jan 29, 2018"": 2018W05",False,0.7400,none,2026-09-26T11:54:55.122966+00:00
gatsby,1631612626_f8c5141bf72108a53338fd01514522ae7a1b37bf,unit,1,7689,56814290a342b52a,2,"  ● dateResolver › should return ""Jan 29, 2018"": 2018-W05-1",False,0.7700,none,2026-09-26T11:54:55.122966+00:00
gatsby,1631612626_f8c5141bf72108a53338fd01514522ae7a1b37bf,unit,1,7695,f9fa7a59a383e865,2,"  ● dateResolver › should return ""Jan 29, 2018"": 2018-01-29T23:25:16.019345+02:00",False,0.7500,none,2026-09-26T11:54:55.122966+00:00
gatsby,1631612626_f8c5141bf72108a53338fd01514522ae7a1b37bf,unit,1,7701,d58c10179ddd3c54,2,"  ● dateResolver › should return ""Jan 29, 2018"": 2018-01-29T23:25:16.019345Z",False,0.7200,none,2026-09-26T11:54:55.122966+00:00
gatsby,1631612626_f8c5141bf72108a53338fd01514522ae7a1b37bf,unit,1,7707,f0965a961f8e3ade,2,"  ● dateResolver › should return ""Jan 29, 2018"": 2018-01-29T23:25:16.019345123+02:00",False,0.7500,none,2026-09-26T11:54:55.122966+00:00
gatsby,1631612626_f8c5141bf72108a53338fd01514522ae7a1b37bf,unit,1,7713,b18540a514f8848d,2,"  ● dateResolver › should return ""Jan 29, 2018"": 2018-01-29T23:25:16.019345123Z",False,0.7400,none,2026-09-26T11:54:55.122966+00:00
gatsby,1631612626_f8c5141bf72108a53338fd01514522ae7a1b37bf,unit,1,7719,8e50d770f408ab31,2,"  ● dateResolver › should return ""Invalid Date"": 2010-00-00",False,0.7500,none,2026-09-26T11:54:55.122966+00:00
gatsby,1631612626_f8c5141bf72108a53338fd01514522ae7a1b37bf,unit,1,7725,c8dffb93804e941c,2,"  ● dateResolver › should return ""Invalid Date"": 2010-01-00",False,0.7800,none,2026-09-26T11:54:55.122966+00:00
gatsby,1631612626_f8c5141bf72108a53338fd01514522ae7a1b37bf,unit,1,7731,deba6db68a2fa536,2,"  ● dateResolver › should return ""Invalid Date"": 2010-01-40",False,0.7400,none,2026-09-26T11:54:55.122966+00:00
gatsby,1631612626_f8c5141bf72108a53338fd01514522ae7a1b37bf,unit,1,7737,09d20c25fccd667b,2,"  ● dateResolver › should return ""Invalid Date"": 2010-01-01T24:01",False,0.7500,none,2026-09-26T11:54:55.122966+00:00
gatsby,1631612626_f8c5141bf72108a53338fd01514522ae7a1b37bf,unit,1,7743,1c5dadfe16655fff,2,"  ● dateResolver › should return ""Invalid Date"": 2010-01-01T23:60",False,0.7600,none,2026-09-26T11:54:55.122966+00:00
gatsby,1631612626_f8c5141bf72108a53338fd01514522ae7a1b37bf,unit,1,7749,b8bc50a0bedd93cd,2,"  ● dateResolver › should return ""Invalid Date"": 2010-01-01T23:59:60",False,0.7400,none,2026-09-26T11:54:55.122966+00:00
gatsby,1631612626_f8c5141bf72108a53338fd01514522ae7a1b37bf,unit,1,7755,1ab9c714dbacb48f,2,"  ● dateResolver › should return ""Invalid Date"": 2010-01-40T23:59:59.9999",False,0.6000,none,2026-09-26T11:54:55.122966+00:00
gatsby,1631612626_f8c5141bf72108a53338fd01514522ae7a1b37bf,unit,1,7781,d20c256138a1c91c,2,  ● calcDirtyHtmlFiles › content for few pages changed,False,0.8700,none,2026-09-26T11:33:36.284467+00:00
gatsby,1631612626_f8c5141bf72108a53338fd01514522ae7a1b37bf,unit,1,7804,dd181ebe0975b3d5,2,  ● calcDirtyHtmlFiles › onCreatePage + deletePage + createPage that change path of a page (remove trailing slash) › pag,False,0.9000,none,2026-09-26T11:33:36.449039+00:00
gatsby,1631612626_f8c5141bf72108a53338fd01514522ae7a1b37bf,unit,1,7826,72f80dedbb995f9d,2,  ● calcDirtyHtmlFiles › onCreatePage + deletePage + createPage that change path of a page (remove trailing slash) › pag,False,0.9200,none,2026-09-26T11:33:36.576529+00:00
gatsby,1631612626_f8c5141bf72108a53338fd01514522ae7a1b37bf,unit,1,7848,12008863bb99f4e0,2,  ● calcDirtyHtmlFiles › slash was removed between builds (without onCreatePage + deletePage combination),False,0.8800,none,2026-09-26T11:33:36.731079+00:00
gatsby,1631612626_f8c5141bf72108a53338fd01514522ae7a1b37bf,unit,1,7870,30ad0f5bb29d7109,2,  ● calcDirtyHtmlFiles › onCreatePage + deletePage + createPage that change path casing of a page › linux (case sensitiv,False,0.8300,none,2026-09-26T11:33:36.890270+00:00
gatsby,1631612626_f8c5141bf72108a53338fd01514522ae7a1b37bf,unit,1,7892,5e5643e54d1e165f,2,  ● calcDirtyHtmlFiles › onCreatePage + deletePage + createPage that change path casing of a page › windows / mac (case ,False,0.7800,none,2026-09-26T11:33:37.041037+00:00
gatsby,1631612626_f8c5141bf72108a53338fd01514522ae7a1b37bf,unit,1,7914,bded34be080570a7,2,  ● calcDirtyHtmlFiles › kitchen sink,False,0.8400,none,2026-09-26T11:33:37.181043+00:00
gatsby,1631612626_f8c5141bf72108a53338fd01514522ae7a1b37bf,unit,1,7997,ae54893982f6c958,2,  ● get-page-data-util › Waits for query to run and resolve properly,False,0.8400,none,2026-09-26T11:33:37.490745+00:00
gatsby,1631612626_f8c5141bf72108a53338fd01514522ae7a1b37bf,unit,1,8013,d2222d68771b22fe,2,  ● get-page-data-util › timeouts and retries › Can resolve after retry,False,0.8300,none,2026-09-26T11:33:37.676536+00:00
gatsby,1631612626_f8c5141bf72108a53338fd01514522ae7a1b37bf,unit,1,8073,c4b330b977271bbd,2,  ● Kitchen sink schema test › passes kitchen sink query,False,0.5900,none,2026-09-26T11:54:55.122966+00:00
gatsby,1631612626_f8c5141bf72108a53338fd01514522ae7a1b37bf,unit,1,8099,2d431b1bca10a2cf,2,  ● Kitchen sink schema test › correctly resolves nested Query types from third-party types,False,0.6700,none,2026-09-26T11:54:55.122966+00:00
gatsby,1631612626_f8c5141bf72108a53338fd01514522ae7a1b37bf,unit,1,7980,6c1def2082f50b23,2,  ● get-page-data-util › Resolves immediately if query result is up to date,False,0.8300,none,2026-09-26T11:33:38.071717+00:00
gatsby,1631612626_f8c5141bf72108a53338fd01514522ae7a1b37bf,unit,1,8120,4b7767598c1ee3af,2,  ● filtering on linked nodes › filters on linked nodes via id,False,0.6400,none,2026-09-26T11:54:55.122966+00:00
gatsby,1631612626_f8c5141bf72108a53338fd01514522ae7a1b37bf,unit,1,8126,731553c191110737,2,  ● filtering on linked nodes › returns nested linked fields,False,0.5400,none,2026-09-26T11:33:38.211489+00:00
gatsby,1631612626_f8c5141bf72108a53338fd01514522ae7a1b37bf,unit,1,8132,67a830d6e0796070,2,  ● filtering on linked nodes › returns all matching linked nodes,False,0.5700,none,2026-09-26T11:33:38.394104+00:00
gatsby,1631612626_f8c5141bf72108a53338fd01514522ae7a1b37bf,unit,1,8138,37e7d07da47f9faa,2,  ● filtering on linked nodes › handles elemMatch operator,False,0.5900,none,2026-09-26T11:33:38.529094+00:00
gatsby,1631612626_f8c5141bf72108a53338fd01514522ae7a1b37bf,unit,1,8149,23ff817acceade12,2,  ● requires-writer › writeAll › writes requires files,False,0.8800,none,2026-09-26T11:33:38.694534+00:00
gatsby,1631612626_f8c5141bf72108a53338fd01514522ae7a1b37bf,unit,1,8189,f350e602ea636eab,2,  ● requires-writer › matchPath › should be sorted by specificity,False,0.8200,none,2026-09-26T11:33:38.805725+00:00
gatsby,1631612626_f8c5141bf72108a53338fd01514522ae7a1b37bf,unit,1,8203,9a85f8f2e2d904df,2,  ● requires-writer › matchPath › should have static pages that live inside a matchPath,False,0.8600,none,2026-09-26T11:33:39.107549+00:00
gatsby,1631612626_f8c5141bf72108a53338fd01514522ae7a1b37bf,unit,1,8217,95d8e8ee6e6b0798,2,  ● requires-writer › matchPath › should have index pages with higher priority than matchPaths,False,0.8700,none,2026-09-26T11:33:39.168701+00:00
gatsby,1631612626_f8c5141bf72108a53338fd01514522ae7a1b37bf,unit,1,8231,f711fc0ecb34b265,2,  ● requires-writer › matchPath › sorts pages based on matchPath/path specificity,False,0.8600,none,2026-09-26T11:33:39.515169+00:00
gatsby,1631612626_f8c5141bf72108a53338fd01514522ae7a1b37bf,unit,1,8332,6772207a872ab32d,2,  ● requires-writer › matchPath › matching tests (~integration) › will find static path before dynamic paths,False,0.8500,none,2026-09-26T11:33:39.536536+00:00
gatsby,1631612626_f8c5141bf72108a53338fd01514522ae7a1b37bf,unit,1,8379,64049c42c7112741,2,  ● requires-writer › matchPath › matching tests (~integration) › will find path with dynamic parameter before path with,False,0.8700,none,2026-09-26T11:33:39.596414+00:00
gatsby,1631612626_f8c5141bf72108a53338fd01514522ae7a1b37bf,unit,1,8424,a5c7d08f21a26224,2,  ● requires-writer › matchPath › matching tests (~integration) › it will find most specific path with wildcard,False,0.8800,none,2026-09-26T11:33:39.795389+00:00
gatsby,1631612626_f8c5141bf72108a53338fd01514522ae7a1b37bf,unit,1,8514,33cb06dfd05b5fe8,2,  ● createPages service cleans up not recreated pages › From cold cache,False,0.5700,none,2026-09-26T11:54:55.122966+00:00
gatsby,1631612626_f8c5141bf72108a53338fd01514522ae7a1b37bf,unit,1,8525,22c51dc61721aaf1,2,  ● createPages service cleans up not recreated pages › From warm cache,False,0.6400,none,2026-09-26T11:54:55.122966+00:00
gatsby,1631612626_f8c5141bf72108a53338fd01514522ae7a1b37bf,unit,1,8549,3002c08a900be3c8,2,  ● Resolver context › createResolverContext action › allows extending resolver context,False,0.6600,none,2026-09-26T11:54:55.122966+00:00
gatsby,1631612626_f8c5141bf72108a53338fd01514522ae7a1b37bf,unit,1,8555,a6f30793cf07c36a,2,  ● Resolver context › createResolverContext action › custom resolver context is available in custom field extension,False,0.6400,none,2026-09-26T11:54:55.122966+00:00
gatsby,1631612626_f8c5141bf72108a53338fd01514522ae7a1b37bf,unit,1,8569,023166688016e355,2,  ● Query fields of type File › finds File nodes,False,0.6200,none,2026-09-26T11:54:55.122966+00:00
gatsby,1631612626_f8c5141bf72108a53338fd01514522ae7a1b37bf,unit,1,8561,143a1d0a0276f990,2,  ● Resolver context › createResolverContext action › correctly namespaces context value by plugin name,False,0.5900,none,2026-09-26T11:54:55.122966+00:00
gatsby,1631612626_f8c5141bf72108a53338fd01514522ae7a1b37bf,unit,1,8621,afae36bc09305c90,2,  ● Query fields of type File › uses nearest File node ancestor to resolve relative paths,False,0.6600,none,2026-09-26T11:54:55.122966+00:00
gatsby,1631612626_f8c5141bf72108a53338fd01514522ae7a1b37bf,unit,1,8649,a3f224ee3444d3ee,2,  ● build and update schema for SitePage › updates SitePage on rebuild,False,0.5000,none,2026-09-26T11:54:55.122966+00:00
gatsby,1631612626_f8c5141bf72108a53338fd01514522ae7a1b37bf,unit,1,8669,93b31e1624ce688c,2,  ● build and update schema for SitePage › updates nested types on rebuild,False,0.5100,none,2026-09-26T11:33:41.260823+00:00
gatsby,1631612626_f8c5141bf72108a53338fd01514522ae7a1b37bf,unit,1,8595,8a3e5ff237c37ed3,2,  ● Query fields of type File › finds filtered File nodes,False,0.6200,none,2026-09-26T11:54:55.122966+00:00
gatsby,1631612626_f8c5141bf72108a53338fd01514522ae7a1b37bf,unit,1,8689,ffe682956f2e21b3,2,  ● build and update schema for SitePage › updates nested types on rebuild (with query executed before rebuilding),False,0.5600,none,2026-09-26T11:33:41.383040+00:00
gatsby,1631612626_f8c5141bf72108a53338fd01514522ae7a1b37bf,unit,1,8714,09aca284a69f7458,2,  ● build and update schema for SitePage › updates nested input types on rebuild,False,0.5600,none,2026-09-26T11:54:55.122966+00:00
gatsby,1631612626_f8c5141bf72108a53338fd01514522ae7a1b37bf,unit,1,8734,77a0af517b729fe6,2,  ● build and update schema for SitePage › respects @dontInfer on SitePage,False,0.6800,none,2026-09-26T11:54:55.122966+00:00
gatsby,1631612626_f8c5141bf72108a53338fd01514522ae7a1b37bf,unit,1,8760,9335a4a73d212a8e,2,  ● Add pages › allows you to add pages,False,0.5700,none,2026-09-26T11:33:41.827825+00:00
gatsby,1631612626_f8c5141bf72108a53338fd01514522ae7a1b37bf,unit,1,8775,9d9a7383d0ce61f2,2,  ● Add pages › adds an initial forward slash if the user doesn't,False,0.5000,none,2026-09-26T11:54:55.122966+00:00
gatsby,1631612626_f8c5141bf72108a53338fd01514522ae7a1b37bf,unit,1,8805,e7690c95afe7c499,2,  ● Add pages › allows you to add pages with matchPath,False,0.5100,none,2026-09-26T11:54:55.122966+00:00
gatsby,1631612626_f8c5141bf72108a53338fd01514522ae7a1b37bf,unit,1,8820,3b1256cec450c10a,2,  ● Add pages › allows you to add multiple pages,False,0.5200,none,2026-09-26T11:33:42.463974+00:00
gatsby,1631612626_f8c5141bf72108a53338fd01514522ae7a1b37bf,unit,1,8850,db568e3283977a90,2,  ● Add pages › allows you to delete paths,False,0.5200,none,2026-09-26T11:54:55.122966+00:00
gatsby,1631612626_f8c5141bf72108a53338fd01514522ae7a1b37bf,unit,1,8889,ca8e619e005fa843,2,  ● Deprecation warnings › displays warnings when querying deprecated fields,False,0.5900,none,2026-09-26T11:54:55.122966+00:00
gatsby,1631612626_f8c5141bf72108a53338fd01514522ae7a1b37bf,unit,1,8790,501a6fcb6d52c858,2,  ● Add pages › allows you to add pages with context,False,0.5200,none,2026-09-26T11:33:42.913123+00:00
gatsby,1631612626_f8c5141bf72108a53338fd01514522ae7a1b37bf,unit,1,8835,b02a533465d24831,2,  ● Add pages › allows you to update existing pages (based on path),False,0.5300,none,2026-09-26T11:54:55.122966+00:00
gatsby,1631612626_f8c5141bf72108a53338fd01514522ae7a1b37bf,unit,1,8929,aedea967c3721b67,2,  ● redirect-writer › show warning when there is both redirect and page with same path,False,0.6700,none,2026-09-26T11:54:55.122966+00:00
gatsby,1631612626_f8c5141bf72108a53338fd01514522ae7a1b37bf,unit,1,8895,7e3587e83be5cccf,2,  ● Deprecation warnings › displays warnings when when using deprecated input fields,False,0.6000,none,2026-09-26T11:54:55.122966+00:00
gatsby,1631612626_f8c5141bf72108a53338fd01514522ae7a1b37bf,unit,1,8954,6496ecf1be81f2c6,2,  ● generates the expected api output,False,0.8500,none,2026-09-26T11:33:43.469322+00:00
gatsby,1631612626_f8c5141bf72108a53338fd01514522ae7a1b37bf,unit,1,8901,f48f1cf68d09d988,2,  ● Deprecation warnings › displays componentPath when passed,False,0.6600,none,2026-09-26T11:54:55.122966+00:00
gatsby,1631612626_f8c5141bf72108a53338fd01514522ae7a1b37bf,unit,1,9004,d06133b8fbfec1f6,2,  ● pluginOptionsSchema › should provide meaningful errors when fields are invalid,False,0.6900,none,2026-09-26T11:33:43.675174+00:00
gatsby,1631612626_f8c5141bf72108a53338fd01514522ae7a1b37bf,unit,1,9029,ea51b6c7050c180d,2,  ● pluginOptionsSchema › should validate the schema,False,0.6600,none,2026-09-26T11:33:43.823976+00:00
gatsby,1631612626_f8c5141bf72108a53338fd01514522ae7a1b37bf,unit,1,9054,a225231f5e19be83,2,  ● error handling › panics on Node < 14.15.0,False,0.7500,none,2026-09-26T11:33:43.973371+00:00
gatsby,1631612626_f8c5141bf72108a53338fd01514522ae7a1b37bf,unit,1,9099,22c0c77ae7196c26,2,  ● babel-preset-gatsby-package › in node mode › specifies the proper plugins,False,0.8900,none,2026-09-26T11:33:44.108721+00:00
gatsby,1631612626_f8c5141bf72108a53338fd01514522ae7a1b37bf,unit,1,9132,37d4f64f2e13a4e2,2,  ● babel-preset-gatsby-package › in node mode › can enable compilerFlags,False,0.8500,none,2026-09-26T11:33:44.227413+00:00
gatsby,1631612626_f8c5141bf72108a53338fd01514522ae7a1b37bf,unit,1,9165,b2e488f1f5b31ffd,2,  ● babel-preset-gatsby-package › in browser mode › specifies the proper plugins,False,0.8800,none,2026-09-26T11:33:44.346789+00:00
gatsby,1631612626_f8c5141bf72108a53338fd01514522ae7a1b37bf,unit,1,9200,35ebcca9d5f9b07a,2,  ● Filter input › removes empty input filter fields,False,0.5900,none,2026-09-26T11:33:44.557946+00:00
gatsby,1631612626_f8c5141bf72108a53338fd01514522ae7a1b37bf,unit,1,9216,b6b626817f075da3,2,  ● find imports › allows injecting imports via plugins,False,0.8600,none,2026-09-26T11:33:44.649238+00:00
gatsby,1631710718_aa050d7bb7857a98a4b3b9be92058bff8c4400f0,unit,1,2154,99850a2992a842b0,22,  ● fetch-remote-file › only writes the file once when multiple workers fetch at the same time,False,0.7200,none,2026-09-26T11:54:55.122966+00:00
gatsby,1631723503_e2263e88acb6f6ff7e5a26c66afd1f026067c0b2,unit,1,2153,dd44f808d2d2d2dd,48,  ● fetch-remote-file › it clears the mutex cache when new build id is present,False,0.7100,none,2026-09-26T11:54:55.122966+00:00
gatsby,1634040706_1dd00b75ea24143ed1e4cbc6c540dd8a8d329ae4,unit,1,2179,8c0e064f65724db6,3,  ● worker (jobs) › worker › returned promises › .catch on createJobV2 action creator is called when job fails,False,0.8800,none,2026-09-26T11:33:45.149808+00:00
gatsby,1635144863_b05bd212ba92d9d98b873e8081f8f40ab60e807b,unit,1,2149,abfef44d6b1b2267,2,  ● fetch-remote-file › doesn't keep lock when file download failed,False,0.8800,none,2026-09-26T11:33:45.427813+00:00
gatsby,1641552157_dda1a2645baed183321cd47316140cc6f169b79d,unit,1,2884,6416d267cef31760,13,  ● Jobs manager › waitUntilAllJobsComplete › should have all tasks resolved when promise is resolved,False,0.8600,none,2026-09-26T11:33:45.448003+00:00
gatsby,1642433990_15e549c00660c89715eb68c9605d4b6900be8c75,unit,1,2534,9c21dff61bb60fe7,1,  ● handle flags › returns a message about unknown flags in the config,False,0.6700,none,2026-09-26T11:33:45.791716+00:00
gatsby,1646171831_29b236b7f2212d062a65d34781a612d715d936ef,unit,1,1642,3b40f01c2740f506,1,  ● handle flags › filters out flags that aren't for the current command,False,0.7100,none,2026-09-26T11:33:45.840388+00:00
gatsby,1646171831_29b236b7f2212d062a65d34781a612d715d936ef,unit,1,2558,7bcc723f1ecdede3,168,  ● gatsby-worker › IMAGE_CDN › should download and transform an image,False,0.5100,none,2026-09-26T11:33:45.997614+00:00
gatsby,1646176051_fe29c01c39962c31e3ae5a7262a3963cda4e40c1,unit,1,2438,a3918318fb4880c6,1,  ● Test suite failed to run,False,0.5900,none,2026-09-26T11:54:55.122966+00:00
gatsby,1648801114_19561210069a3b4d7fcfc8e0eb35ef1f32e3a141,unit,1,2642,8371da1eb45684f7,2,  ● site-metadata › addFieldToMinimalSiteMetadata › works for simplest case,False,0.5200,none,2026-09-26T11:54:55.122966+00:00
gatsby,1648804581_ac4fddbd6e0368e19ed7ccfff0df8cce4e22f57e,unit,1,2650,57f046e7fdd2cc87,3,  ● can load config and execute node API in worker,False,0.5200,none,2026-09-26T11:54:55.122966+00:00
gatsby,1649227570_0366a4ac4b96a59c2d984bade9d65b3b831d7e40,unit,1,2642,12cabadb55f70fd6,1,  ● savePageQueryResults / readPageQueryResults › can save and read data,False,0.5500,none,2026-09-26T11:54:55.122966+00:00
gatsby,1650366710_e30be3ebc1dedd75222a9b228043109d8c68c186,unit,1,2279,6aa9aed81283874d,5,  ● remote-file › getImageData › should get the correct fixed sizes,False,0.5300,none,2026-09-26T11:54:55.122966+00:00
gatsby,1650879755_e3dc69d747324ccb9e7093dd95ac61649241a69c,unit,1,1653,f0d79e85a670bf86,1,  ● handle flags › Prefers explicit opt-in over auto opt-in (for terminal message),False,0.7100,none,2026-09-26T11:33:46.830336+00:00
gatsby,1650879755_e3dc69d747324ccb9e7093dd95ac61649241a69c,unit,1,1674,a0a33511e8cf6759,1,  ● handle flags › LOCKED_IN › Kitchen sink,False,0.6600,none,2026-09-26T11:33:46.981201+00:00
gatsby,1653918528_bb01abbac0fab2ee18c14ebea336a29dcd59adb5,unit,1,2459,de5c9f30eae457e9,2,  ● addPlugins › gatsby-config.ts › should not write with no plugins,False,0.9100,none,2026-09-26T11:33:47.075693+00:00
gatsby,1653918528_bb01abbac0fab2ee18c14ebea336a29dcd59adb5,unit,1,2494,94f3e69c73dfa7ed,2,  ● addPlugins › gatsby-config.ts › should write a single plugin,False,0.9200,none,2026-09-26T11:33:47.245882+00:00
gatsby,1653918528_bb01abbac0fab2ee18c14ebea336a29dcd59adb5,unit,1,2529,fcc57e1c13491633,2,  ● addPlugins › gatsby-config.ts › should write multiple plugins,False,0.9100,none,2026-09-26T11:33:47.383553+00:00
gatsby,1653918528_bb01abbac0fab2ee18c14ebea336a29dcd59adb5,unit,1,2564,618639f3d63e2cf9,2,  ● addPlugins › gatsby-config.ts › should write a plugin with options,False,0.9200,none,2026-09-26T11:33:47.566075+00:00
gatsby,1656399324_69824f67455780ef45785353c02b675f44090d55,unit,1,1624,57c21fa4e021f055,424,  ● Query schema › on pagination fields › group field › works correctly if GC happen mid running,False,0.7500,none,2026-09-26T11:33:47.687735+00:00
gatsby,1656399324_69824f67455780ef45785353c02b675f44090d55,unit,1,1641,da402acc428f57de,403,  ● Query schema › on pagination fields › distinct field › works correctly if GC happen mid running,False,0.7700,none,2026-09-26T11:33:47.811331+00:00
gatsby,1656399324_69824f67455780ef45785353c02b675f44090d55,unit,1,1658,ce6a7e47fc4da81a,403,  ● Query schema › on pagination fields › aggregation fields › max › works correctly on fields with resolver if GC happe,False,0.8000,none,2026-09-26T11:33:47.969374+00:00
gatsby,1656399324_69824f67455780ef45785353c02b675f44090d55,unit,1,1675,2fc0e0d0a037689c,403,  ● Query schema › on pagination fields › aggregation fields › min › works correctly on fields with resolver if GC happe,False,0.7700,none,2026-09-26T11:33:48.098996+00:00
gatsby,1656399324_69824f67455780ef45785353c02b675f44090d55,unit,1,2613,9aba73ea82ae5a50,67,  ● gatsby file compilation › compileGatsbyFiles › js files are not touched › should not compile gatsby-node.js,False,0.6200,none,2026-09-26T11:54:55.122966+00:00
gatsby,1656399324_69824f67455780ef45785353c02b675f44090d55,unit,1,2631,208f0fa09b9c8342,68,  ● gatsby file compilation › compileGatsbyFiles › ts files are compiled › should compile gatsby-config.ts,False,0.6000,none,2026-09-26T11:54:55.122966+00:00
gatsby,1656399324_69824f67455780ef45785353c02b675f44090d55,unit,1,2649,c3011679c3d9fe0a,68,  ● gatsby file compilation › compileGatsbyFiles › ts files are compiled › should compile gatsby-node.ts,False,0.5800,none,2026-09-26T11:54:55.122966+00:00
gatsby,1656399324_69824f67455780ef45785353c02b675f44090d55,unit,1,2595,5852272f3616b719,67,  ● gatsby file compilation › compileGatsbyFiles › js files are not touched › should not compile gatsby-config.js,False,0.5800,none,2026-09-26T11:54:55.122966+00:00
gatsby,1656399324_69824f67455780ef45785353c02b675f44090d55,unit,1,2667,e8d37e13667cdc60,68,  ● gatsby file compilation › compileGatsbyFiles › ts only in local plugin files are compiled and outputted where expect,False,0.5800,none,2026-09-26T11:54:55.122966+00:00
gatsby,1656399324_69824f67455780ef45785353c02b675f44090d55,unit,1,2685,e6d7a2d391691e33,68,  ● gatsby file compilation › compileGatsbyFiles › ts only in local plugin files are compiled and outputted where expect,False,0.5400,none,2026-09-26T11:54:55.122966+00:00
gatsby,1656417897_ecff91db66a11c199edaac3b3d667740311f312a,unit,1,2782,952dfd26093f3391,2,  ● worker can use reporter without crashing,False,0.5300,none,2026-09-26T11:33:49.486827+00:00
gatsby,1656402957_ef15fd8432c97e2f6ab1515912811e557a7af2e4,unit,1,1794,8bfe254853f183d7,1,  ● handle flags › filters out flags marked false,False,0.7000,none,2026-09-26T11:33:49.540837+00:00
gatsby,1665388043_04ac1d6cb45df198ab01d119ce051d5f59b9ccb9,unit,1,2276,f7c9faca34da35ce,2,  ● gatsby-worker › .all › exported async function that throws,False,0.5500,none,2026-09-26T11:54:55.122966+00:00
gatsby,1665593544_d64ed3d77ca7eacb40349cc26644b738ff351333,unit,1,2291,205e948647b90664,8,  ● gatsby-worker › .end › fails currently executed and pending tasks when worker is closed,False,0.5100,none,2026-09-26T11:54:55.122966+00:00
gatsby,1666858824_bfe7ee0bfea48472879a1bfc47a444d5631bb8dc,unit,1,2238,57161f7ce21d2592,8,  ● gatsby-worker › .restart › fails currently executed and pending tasks when worker is restarted,False,0.5000,none,2026-09-26T11:54:55.122966+00:00
gatsby,1667899807_16d91f3aa507c0f20af3ab797c90b4fb5011cf0f,unit,1,3651,fee5da64f3c5be90,10,  ● addPlugins › gatsby-config.js › should not write with no plugins,False,0.8900,none,2026-09-26T11:33:50.052433+00:00
gatsby,1667899807_16d91f3aa507c0f20af3ab797c90b4fb5011cf0f,unit,1,3680,dfcde610b248a803,10,  ● addPlugins › gatsby-config.js › should write a single plugin,False,0.8900,none,2026-09-26T11:33:50.194436+00:00
gatsby,1667899807_16d91f3aa507c0f20af3ab797c90b4fb5011cf0f,unit,1,3709,4789e30b54968aba,10,  ● addPlugins › gatsby-config.js › should write multiple plugins,False,0.8900,none,2026-09-26T11:33:50.463798+00:00
gatsby,1667899807_16d91f3aa507c0f20af3ab797c90b4fb5011cf0f,unit,1,3738,bfd488948f3841ac,10,  ● addPlugins › gatsby-config.js › should write a plugin with options,False,0.9100,none,2026-09-26T11:33:50.513775+00:00
gatsby,1669118854_0c2b51cac9b644df21d2b816dc5fa5c37bd349d4,unit,1,3427,05a2f1ca0f75c0b7,6,"  ● report.error › handles ""String, Error"" signature correctly",False,0.9000,none,2026-09-26T11:33:50.678273+00:00
gatsby,1669118854_0c2b51cac9b644df21d2b816dc5fa5c37bd349d4,unit,1,3459,0b82b5fe8a00ff2b,6,"  ● report.error › handles ""Error"" signature correctly",False,0.9100,none,2026-09-26T11:33:50.822961+00:00
gatsby,1669118854_0c2b51cac9b644df21d2b816dc5fa5c37bd349d4,unit,1,3491,f1f7504c89970cea,6,"  ● report.error › handles ""Array of Errors"" signature correctly",False,0.9100,none,2026-09-26T11:33:50.943781+00:00
gatsby,1656399324_69824f67455780ef45785353c02b675f44090d55,unit,1,1692,fd2d4d7e442c2b85,403,  ● Query schema › on pagination fields › aggregation fields › sum › works correctly on fields with resolver if GC happe,False,0.8000,none,2026-09-26T11:33:51.047962+00:00
gatsby,1669118854_0c2b51cac9b644df21d2b816dc5fa5c37bd349d4,unit,1,3523,4fb47602191e3a03,6,"  ● report.error › handles ""structuredError"" signature correctly",False,0.9200,none,2026-09-26T11:33:51.107195+00:00
gatsby,1669118854_0c2b51cac9b644df21d2b816dc5fa5c37bd349d4,unit,1,3551,c3b6803d61d6c86d,6,"  ● report.error › handles ""String"" signature correctly",False,0.9000,none,2026-09-26T11:33:51.342414+00:00
gatsby,1669118854_0c2b51cac9b644df21d2b816dc5fa5c37bd349d4,unit,1,3582,277b01fa5ad910ec,6,"  ● report.error › handles ""String, Error, pluginName"" signature correctly",False,0.9100,none,2026-09-26T11:33:51.516129+00:00
gatsby,1669118854_0c2b51cac9b644df21d2b816dc5fa5c37bd349d4,unit,1,3618,0bc92f0170e75d6a,6,  ● report.error › uses custom error from errorMap,False,0.9200,none,2026-09-26T11:33:51.617547+00:00
gatsby,1672738976_ccd0cc3a6f1640c0bcbe4b26d11fba84616ba0ca,unit,1,2233,4d06537685d82f7b,1,  ● gatsby-worker › .all › exported sync function that throws,False,0.5500,none,2026-09-26T11:33:51.894532+00:00
gatsby,1669118854_0c2b51cac9b644df21d2b816dc5fa5c37bd349d4,unit,1,3646,b29fccc6205733c0,6,  ● report.error › uses custom error from errorMap with pluginName,False,0.8900,none,2026-09-26T11:33:51.899229+00:00
gatsby,1675243019_fca96b45e667b77661ab1cadcca247e8b6541e9c,unit,1,3735,f7ad3b4bbde1b0ee,5,  ● worker can access node created in main process,False,0.8400,none,2026-09-26T11:33:52.023700+00:00
gatsby,1675243019_fca96b45e667b77661ab1cadcca247e8b6541e9c,unit,1,3751,1995a446ebba627d,5,  ● worker can access node created in main process,False,0.7900,none,2026-09-26T11:33:52.222114+00:00
