project,run_id,suite,exit_code,failure_index,line_number,keyword,label,labeled_at,fingerprint,occurrences,auto_rule_id
wowanalyzer,1609619243_37ef77a5faecbc6e0ccbbbac707c08126fc50259,react_app_rewired,1,1,272,  ● Unholy Death Knight integration test: example log › CastEfficiency › matches the statistic snapshot,reevaluated_acceptable,2026-09-19T13:48:37.646597+00:00,bee54b3af636bbf8,190,a5fec9db195e
wowanalyzer,1609639104_f9e26db6749c921b388ae7578d77109da01cb98e,react_app_rewired,1,2,263,  ● Affliction Warlock integration test: example log › matches the checklist snapshot,reevaluated_acceptable,2026-09-19T13:48:37.647164+00:00,51c2c5df11815731,256,a5fec9db195e
wowanalyzer,1609639104_f9e26db6749c921b388ae7578d77109da01cb98e,react_app_rewired,1,3,4100,  ● Unholy Death Knight integration test: example log › CastEfficiency › matches the suggestions snapshot,reevaluated_acceptable,2026-09-19T13:48:37.647535+00:00,1812d58a766f6ba0,117,da465717f9d1
wowanalyzer,1610192491_854b1367fdf31d7e9c930e775c9dca32b66a4657,react_app_rewired,1,4,242,  ● Test suite failed to run,acceptable,2026-09-19T13:48:37.647794+00:00,8c12dca316e1656a,73,08be50fb9692
wowanalyzer,1610192491_854b1367fdf31d7e9c930e775c9dca32b66a4657,react_app_rewired,1,5,261,  ● Test suite failed to run,acceptable,2026-09-19T13:48:37.648065+00:00,9ec3fa78a1afd6c3,6,08be50fb9692
wowanalyzer,1610192491_854b1367fdf31d7e9c930e775c9dca32b66a4657,react_app_rewired,1,6,282,  ● Test suite failed to run,acceptable,2026-09-19T13:48:37.648313+00:00,4da5ae72ba16740b,6,08be50fb9692
wowanalyzer,1610192491_854b1367fdf31d7e9c930e775c9dca32b66a4657,react_app_rewired,1,7,304,  ● Test suite failed to run,acceptable,2026-09-19T13:48:37.648561+00:00,06467314cc330bdb,6,08be50fb9692
wowanalyzer,1610192491_854b1367fdf31d7e9c930e775c9dca32b66a4657,react_app_rewired,1,8,326,  ● Test suite failed to run,acceptable,2026-09-19T13:48:37.648812+00:00,d56045fc24dbfb88,6,08be50fb9692
wowanalyzer,1610192491_854b1367fdf31d7e9c930e775c9dca32b66a4657,react_app_rewired,1,9,348,  ● Test suite failed to run,acceptable,2026-09-19T13:48:37.649103+00:00,0c0206622df83f24,6,08be50fb9692
wowanalyzer,1610192491_854b1367fdf31d7e9c930e775c9dca32b66a4657,react_app_rewired,1,10,370,  ● Test suite failed to run,acceptable,2026-09-19T13:48:37.649361+00:00,32896c52a17bb034,6,08be50fb9692
wowanalyzer,1610192491_854b1367fdf31d7e9c930e775c9dca32b66a4657,react_app_rewired,1,11,392,  ● Test suite failed to run,acceptable,2026-09-19T13:48:37.649617+00:00,91f849c4958cf509,6,08be50fb9692
wowanalyzer,1610192491_854b1367fdf31d7e9c930e775c9dca32b66a4657,react_app_rewired,1,12,414,  ● Test suite failed to run,acceptable,2026-09-19T13:48:37.649885+00:00,b3a2196740f86c3b,6,08be50fb9692
wowanalyzer,1610192491_854b1367fdf31d7e9c930e775c9dca32b66a4657,react_app_rewired,1,13,436,  ● Test suite failed to run,acceptable,2026-09-19T13:48:37.650155+00:00,52e417817a510c20,6,08be50fb9692
wowanalyzer,1610192491_854b1367fdf31d7e9c930e775c9dca32b66a4657,react_app_rewired,1,14,458,  ● Test suite failed to run,acceptable,2026-09-19T13:48:37.650418+00:00,543099c8312f26da,6,08be50fb9692
wowanalyzer,1610192491_854b1367fdf31d7e9c930e775c9dca32b66a4657,react_app_rewired,1,15,480,  ● Test suite failed to run,acceptable,2026-09-19T13:48:37.650682+00:00,866b6dfd4d428add,6,08be50fb9692
wowanalyzer,1610192491_854b1367fdf31d7e9c930e775c9dca32b66a4657,react_app_rewired,1,16,502,  ● Test suite failed to run,acceptable,2026-09-19T13:48:37.650961+00:00,70090fc8bb6ba1b6,6,08be50fb9692
wowanalyzer,1610192491_854b1367fdf31d7e9c930e775c9dca32b66a4657,react_app_rewired,1,17,524,  ● Test suite failed to run,acceptable,2026-09-19T13:48:37.651244+00:00,f7f0ce44967fdef5,6,08be50fb9692
wowanalyzer,1610192491_854b1367fdf31d7e9c930e775c9dca32b66a4657,react_app_rewired,1,18,546,  ● Test suite failed to run,acceptable,2026-09-19T13:48:37.651517+00:00,d9f4bc6b22014212,6,08be50fb9692
wowanalyzer,1610192491_854b1367fdf31d7e9c930e775c9dca32b66a4657,react_app_rewired,1,19,568,  ● Test suite failed to run,acceptable,2026-09-19T13:48:37.651793+00:00,f90d737e1b38b5b7,6,08be50fb9692
wowanalyzer,1610192491_854b1367fdf31d7e9c930e775c9dca32b66a4657,react_app_rewired,1,20,590,  ● Test suite failed to run,acceptable,2026-09-19T13:48:37.652106+00:00,054fa91f137a790b,6,08be50fb9692
wowanalyzer,1610192491_854b1367fdf31d7e9c930e775c9dca32b66a4657,react_app_rewired,1,21,612,  ● Test suite failed to run,acceptable,2026-09-19T13:48:37.652401+00:00,b90ccc486d049b3f,6,08be50fb9692
wowanalyzer,1610192491_854b1367fdf31d7e9c930e775c9dca32b66a4657,react_app_rewired,1,22,634,  ● Test suite failed to run,acceptable,2026-09-19T13:48:37.652699+00:00,6a3cb9951669a910,6,08be50fb9692
wowanalyzer,1610192491_854b1367fdf31d7e9c930e775c9dca32b66a4657,react_app_rewired,1,23,656,  ● Test suite failed to run,acceptable,2026-09-19T13:48:37.653016+00:00,13b0486d200fd3ac,6,08be50fb9692
wowanalyzer,1610192491_854b1367fdf31d7e9c930e775c9dca32b66a4657,react_app_rewired,1,24,678,  ● Test suite failed to run,acceptable,2026-09-19T13:48:37.653322+00:00,710e20488e782638,6,08be50fb9692
wowanalyzer,1610192491_854b1367fdf31d7e9c930e775c9dca32b66a4657,react_app_rewired,1,25,701,  ● Test suite failed to run,acceptable,2026-09-19T13:48:37.653636+00:00,31c4795c0e687d89,4,08be50fb9692
wowanalyzer,1610192491_854b1367fdf31d7e9c930e775c9dca32b66a4657,react_app_rewired,1,26,721,  ● Test suite failed to run,acceptable,2026-09-19T13:48:37.653999+00:00,d0d0d098a0f15f37,78,08be50fb9692
wowanalyzer,1610237258_e5be89cc2c8f6242ff7609895c60a48ef54ed67b,react_app_rewired,1,27,313,  ● Affliction Warlock integration test: example log › DrainSoul › matches the statistic snapshot,reevaluated_acceptable,2026-09-19T13:48:37.654462+00:00,41025c66792f0921,28,a5fec9db195e
wowanalyzer,1610308991_2d593b0d1529d7ca721f82130b12cd0ccd699f08,react_app_rewired,1,28,312,  ● Survival Hunter integration test: Single Target › AlwaysBeCasting › matches the statistic snapshot,reevaluated_acceptable,2026-09-19T13:48:37.654942+00:00,ea7c78e9f863d0ff,108,a5fec9db195e
wowanalyzer,1610308991_2d593b0d1529d7ca721f82130b12cd0ccd699f08,react_app_rewired,1,29,579,  ● Beast Mastery Hunter integration test: Single Target › AlwaysBeCasting › matches the suggestions snapshot,reevaluated_acceptable,2026-09-19T13:48:37.655432+00:00,778fa8b0f721dade,112,a5fec9db195e
wowanalyzer,1610316654_eebb31f3879cb246e0ac0b84cdb404fdf81b2225,react_app_rewired,1,30,446,  ● Marksmanship Hunter integration test: Single Target › CancelledCasts › matches the statistic snapshot,reevaluated_acceptable,2026-09-19T13:48:37.655920+00:00,e335712f4909dad8,26,a5fec9db195e
wowanalyzer,1610316654_eebb31f3879cb246e0ac0b84cdb404fdf81b2225,react_app_rewired,1,31,479,  ● Marksmanship Hunter integration test: Single Target › CancelledCasts › matches the suggestions snapshot,reevaluated_acceptable,2026-09-19T13:48:37.656415+00:00,a682525a275f5ec8,27,a5fec9db195e
wowanalyzer,1610654213_ce6853c2ae787dd1cac9bb45eea10c4cb2c75d83,react_app_rewired,1,32,281,  ● Marksmanship Hunter integration test: Multi Target › ReversalOfFortune › matches the statistic snapshot,reevaluated_acceptable,2026-09-19T13:48:37.656769+00:00,1e9675acf9534fc1,29,da465717f9d1
wowanalyzer,1610668189_510862bbba7c5f64f7615cd98ef5b6903403d904,react_app_rewired,1,33,521,  ● Survival Hunter integration test: Multi Target › SurvivalFocusUsage › matches the statistic snapshot,reevaluated_acceptable,2026-09-19T13:48:37.657292+00:00,5b1abb1b0ea7a075,21,a5fec9db195e
wowanalyzer,1610668276_644b1fd1dad153cc189b0bffefdb44f462100f85,react_app_rewired,1,34,398,  ● Survival Hunter integration test: Single Target › RylakstalkersConfoundingStrikes › matches the statistic snapshot,reevaluated_acceptable,2026-09-19T13:48:37.657669+00:00,9d72774b917df0e1,18,da465717f9d1
wowanalyzer,1610668276_644b1fd1dad153cc189b0bffefdb44f462100f85,react_app_rewired,1,35,655,  ● Survival Hunter integration test: Multi Target › TipOfTheSpear › matches the statistic snapshot,reevaluated_acceptable,2026-09-19T13:48:37.658266+00:00,a7d4109567d8b8d0,22,a5fec9db195e
wowanalyzer,1610805080_5bd1bae54eb2686605d4640cac3854e6851e579d,react_app_rewired,1,36,252,  ● PremiumPage › matches snapshot when logged out,reevaluated_acceptable,2026-09-19T13:48:37.658651+00:00,397040a7cc78e9d6,3,79120a501192
wowanalyzer,1610805080_5bd1bae54eb2686605d4640cac3854e6851e579d,react_app_rewired,1,37,295,  ● PremiumPage › matches snapshot when logged in with GitHub,reevaluated_acceptable,2026-09-19T13:48:37.659045+00:00,be3307bb6c8a7b8e,3,79120a501192
wowanalyzer,1610805080_5bd1bae54eb2686605d4640cac3854e6851e579d,react_app_rewired,1,38,338,  ● PremiumPage › matches snapshot when logged in with Patreon,reevaluated_acceptable,2026-09-19T13:48:37.659429+00:00,ee2732cddb4c16c0,3,79120a501192
wowanalyzer,1610813312_195379eed0e1d157d22fda334c2dd524da8e116e,react_app_rewired,1,39,261,  ● Root › matches snapshot,reevaluated_acceptable,2026-09-19T13:48:37.659826+00:00,0dad1eddb0a96d01,5,fe6f0fd85e79
wowanalyzer,1610827908_cf170cb3b1a6622d41bf925480e06f7383c19e28,react_app_rewired,1,40,378,  ● Test suite failed to run,reevaluated_acceptable,2026-09-19T13:48:37.660266+00:00,9c6b1aa89afdd500,4,09fdbca83979
wowanalyzer,1610829067_7946b62fc6c373763972d53480a7c9b234687169,react_app_rewired,1,41,558,  ● Brewmaster Monk integration test: example log › CelestialBrew › matches the statistic snapshot,reevaluated_acceptable,2026-09-19T13:48:37.660682+00:00,8c2bd9bdd4a2652c,13,003bcbbcbde5
wowanalyzer,1610890289_a14895309c25d73d3b679f542e573f3c02db66cc,react_app_rewired,1,42,321,  ● Balance Druid integration test: example log › Combatants › matches the statistic snapshot,acceptable,2026-09-19T13:48:37.661133+00:00,b7bb19b5acf911af,49,005e5e377d55
wowanalyzer,1610890289_a14895309c25d73d3b679f542e573f3c02db66cc,react_app_rewired,1,43,373,  ● Balance Druid integration test: example log › Combatants › matches the suggestions snapshot,acceptable,2026-09-19T13:48:37.661574+00:00,2bf92729e5745224,49,005e5e377d55
wowanalyzer,1610890289_a14895309c25d73d3b679f542e573f3c02db66cc,react_app_rewired,1,44,425,  ● Balance Druid integration test: example log › DeathDowntime › matches the statistic snapshot,acceptable,2026-09-19T13:48:37.662018+00:00,22449cd7cac4151a,49,005e5e377d55
wowanalyzer,1610890289_a14895309c25d73d3b679f542e573f3c02db66cc,react_app_rewired,1,45,477,  ● Balance Druid integration test: example log › DeathDowntime › matches the suggestions snapshot,acceptable,2026-09-19T13:48:37.662468+00:00,5556a8448c01a065,49,005e5e377d55
wowanalyzer,1610890289_a14895309c25d73d3b679f542e573f3c02db66cc,react_app_rewired,1,46,529,  ● Balance Druid integration test: example log › TotalDowntime › matches the statistic snapshot,acceptable,2026-09-19T13:48:37.662917+00:00,489ea979811100d4,49,005e5e377d55
wowanalyzer,1610890289_a14895309c25d73d3b679f542e573f3c02db66cc,react_app_rewired,1,47,581,  ● Balance Druid integration test: example log › TotalDowntime › matches the suggestions snapshot,acceptable,2026-09-19T13:48:37.663368+00:00,f5f3d9f4aca934d4,49,005e5e377d55
wowanalyzer,1610890289_a14895309c25d73d3b679f542e573f3c02db66cc,react_app_rewired,1,48,633,  ● Balance Druid integration test: example log › SpellTimeWaitingOnGlobalCooldown › matches the statistic snapshot,acceptable,2026-09-19T13:48:37.663814+00:00,bae14685d1830bfd,49,005e5e377d55
wowanalyzer,1610890289_a14895309c25d73d3b679f542e573f3c02db66cc,react_app_rewired,1,49,685,  ● Balance Druid integration test: example log › SpellTimeWaitingOnGlobalCooldown › matches the suggestions snapshot,acceptable,2026-09-19T13:48:37.664291+00:00,fbb224e3bd267a83,49,005e5e377d55
wowanalyzer,1610890289_a14895309c25d73d3b679f542e573f3c02db66cc,react_app_rewired,1,50,737,  ● Balance Druid integration test: example log › HealingDone › matches the statistic snapshot,acceptable,2026-09-19T13:48:37.664745+00:00,7eb319c5f67bb036,49,005e5e377d55
wowanalyzer,1610890289_a14895309c25d73d3b679f542e573f3c02db66cc,react_app_rewired,1,51,789,  ● Balance Druid integration test: example log › HealingDone › matches the suggestions snapshot,acceptable,2026-09-19T13:48:37.665232+00:00,458a96d973208c06,49,005e5e377d55
wowanalyzer,1610890289_a14895309c25d73d3b679f542e573f3c02db66cc,react_app_rewired,1,52,841,  ● Balance Druid integration test: example log › DamageDone › matches the statistic snapshot,acceptable,2026-09-19T13:48:37.665701+00:00,eaaa6aca912e85a8,49,005e5e377d55
wowanalyzer,1610890289_a14895309c25d73d3b679f542e573f3c02db66cc,react_app_rewired,1,53,893,  ● Balance Druid integration test: example log › DamageDone › matches the suggestions snapshot,acceptable,2026-09-19T13:48:37.666199+00:00,7942a1ff8dffec13,49,005e5e377d55
wowanalyzer,1610890289_a14895309c25d73d3b679f542e573f3c02db66cc,react_app_rewired,1,54,945,  ● Balance Druid integration test: example log › DamageTaken › matches the statistic snapshot,acceptable,2026-09-19T13:48:37.666678+00:00,a32bc17e90b775bc,49,005e5e377d55
wowanalyzer,1610890289_a14895309c25d73d3b679f542e573f3c02db66cc,react_app_rewired,1,55,997,  ● Balance Druid integration test: example log › DamageTaken › matches the suggestions snapshot,acceptable,2026-09-19T13:48:37.667183+00:00,ecd68a10b47ee6d1,49,005e5e377d55
wowanalyzer,1610890289_a14895309c25d73d3b679f542e573f3c02db66cc,react_app_rewired,1,56,1049,  ● Balance Druid integration test: example log › ThroughputStatisticGroup › matches the statistic snapshot,acceptable,2026-09-19T13:48:37.667673+00:00,5532eb151c6116f6,54,005e5e377d55
wowanalyzer,1610890289_a14895309c25d73d3b679f542e573f3c02db66cc,react_app_rewired,1,57,1101,  ● Balance Druid integration test: example log › ThroughputStatisticGroup › matches the suggestions snapshot,acceptable,2026-09-19T13:48:37.668188+00:00,e745979d598603f5,49,005e5e377d55
wowanalyzer,1610890289_a14895309c25d73d3b679f542e573f3c02db66cc,react_app_rewired,1,58,1153,  ● Balance Druid integration test: example log › DeathTracker › matches the statistic snapshot,acceptable,2026-09-19T13:48:37.671030+00:00,98217bbbaae0bfc6,49,005e5e377d55
wowanalyzer,1610890289_a14895309c25d73d3b679f542e573f3c02db66cc,react_app_rewired,1,59,1205,  ● Balance Druid integration test: example log › DeathTracker › matches the suggestions snapshot,acceptable,2026-09-19T13:48:37.671554+00:00,3490e9177215bc31,55,005e5e377d55
wowanalyzer,1610890289_a14895309c25d73d3b679f542e573f3c02db66cc,react_app_rewired,1,60,1257,  ● Balance Druid integration test: example log › Enemies › matches the statistic snapshot,acceptable,2026-09-19T13:48:37.672084+00:00,1a522972b46814a0,49,005e5e377d55
wowanalyzer,1610890289_a14895309c25d73d3b679f542e573f3c02db66cc,react_app_rewired,1,61,1309,  ● Balance Druid integration test: example log › Enemies › matches the suggestions snapshot,acceptable,2026-09-19T13:48:37.672594+00:00,168a1c89703d948d,49,005e5e377d55
wowanalyzer,1610890289_a14895309c25d73d3b679f542e573f3c02db66cc,react_app_rewired,1,62,1361,  ● Balance Druid integration test: example log › EnemyInstances › matches the statistic snapshot,acceptable,2026-09-19T13:48:37.673127+00:00,1a040b8916c62ad9,36,005e5e377d55
wowanalyzer,1610890289_a14895309c25d73d3b679f542e573f3c02db66cc,react_app_rewired,1,63,1413,  ● Balance Druid integration test: example log › EnemyInstances › matches the suggestions snapshot,acceptable,2026-09-19T13:48:37.673644+00:00,9ba2f738ca758c78,36,005e5e377d55
wowanalyzer,1610890289_a14895309c25d73d3b679f542e573f3c02db66cc,react_app_rewired,1,64,1465,  ● Balance Druid integration test: example log › Pets › matches the statistic snapshot,acceptable,2026-09-19T13:48:37.674189+00:00,d4a3829ed4d91c26,49,005e5e377d55
wowanalyzer,1610890289_a14895309c25d73d3b679f542e573f3c02db66cc,react_app_rewired,1,65,1517,  ● Balance Druid integration test: example log › Pets › matches the suggestions snapshot,acceptable,2026-09-19T13:48:37.674712+00:00,009bebd09428eaa7,49,005e5e377d55
wowanalyzer,1610890289_a14895309c25d73d3b679f542e573f3c02db66cc,react_app_rewired,1,66,1569,  ● Balance Druid integration test: example log › SpellManaCost › matches the statistic snapshot,acceptable,2026-09-19T13:48:37.675256+00:00,f921fc5b3f193bcc,49,005e5e377d55
wowanalyzer,1610890289_a14895309c25d73d3b679f542e573f3c02db66cc,react_app_rewired,1,67,1621,  ● Balance Druid integration test: example log › SpellManaCost › matches the suggestions snapshot,acceptable,2026-09-19T13:48:37.675788+00:00,a770b277a9453da8,49,005e5e377d55
wowanalyzer,1610890289_a14895309c25d73d3b679f542e573f3c02db66cc,react_app_rewired,1,68,1673,  ● Balance Druid integration test: example log › Channeling › matches the statistic snapshot,acceptable,2026-09-19T13:48:37.676352+00:00,05033241eea9d995,29,005e5e377d55
wowanalyzer,1610890289_a14895309c25d73d3b679f542e573f3c02db66cc,react_app_rewired,1,69,1725,  ● Balance Druid integration test: example log › Channeling › matches the suggestions snapshot,acceptable,2026-09-19T13:48:37.676905+00:00,242f7f7fcd7b2e10,29,005e5e377d55
wowanalyzer,1610890289_a14895309c25d73d3b679f542e573f3c02db66cc,react_app_rewired,1,70,1777,  ● Balance Druid integration test: example log › DamageTracker › matches the statistic snapshot,acceptable,2026-09-19T13:48:37.677468+00:00,04445c1521ece3a0,40,005e5e377d55
wowanalyzer,1610890289_a14895309c25d73d3b679f542e573f3c02db66cc,react_app_rewired,1,71,1829,  ● Balance Druid integration test: example log › DamageTracker › matches the suggestions snapshot,acceptable,2026-09-19T13:48:37.678036+00:00,19bb18fe2e1c712a,40,005e5e377d55
wowanalyzer,1610890289_a14895309c25d73d3b679f542e573f3c02db66cc,react_app_rewired,1,72,1881,  ● Balance Druid integration test: example log › Haste › matches the statistic snapshot,acceptable,2026-09-19T13:48:37.678598+00:00,c15ea420383979db,49,005e5e377d55
wowanalyzer,1610890289_a14895309c25d73d3b679f542e573f3c02db66cc,react_app_rewired,1,73,1933,  ● Balance Druid integration test: example log › Haste › matches the suggestions snapshot,acceptable,2026-09-19T13:48:37.679180+00:00,95192c9a5dfac069,49,005e5e377d55
wowanalyzer,1610890289_a14895309c25d73d3b679f542e573f3c02db66cc,react_app_rewired,1,74,1985,  ● Balance Druid integration test: example log › StatTracker › matches the statistic snapshot,acceptable,2026-09-19T13:48:37.679741+00:00,043d3fffd38d31d1,49,005e5e377d55
wowanalyzer,1610890289_a14895309c25d73d3b679f542e573f3c02db66cc,react_app_rewired,1,75,2037,  ● Balance Druid integration test: example log › StatTracker › matches the suggestions snapshot,acceptable,2026-09-19T13:48:37.680329+00:00,6f4c1f570dfeafcc,49,005e5e377d55
wowanalyzer,1610890289_a14895309c25d73d3b679f542e573f3c02db66cc,react_app_rewired,1,76,2193,  ● Balance Druid integration test: example log › FilteredActiveTime › matches the statistic snapshot,acceptable,2026-09-19T13:48:37.681126+00:00,8007ef8111b4663a,49,005e5e377d55
wowanalyzer,1610890289_a14895309c25d73d3b679f542e573f3c02db66cc,react_app_rewired,1,77,2245,  ● Balance Druid integration test: example log › FilteredActiveTime › matches the suggestions snapshot,acceptable,2026-09-19T13:48:37.681726+00:00,5f2d971b16e5c13c,49,005e5e377d55
wowanalyzer,1610890289_a14895309c25d73d3b679f542e573f3c02db66cc,react_app_rewired,1,78,2401,  ● Balance Druid integration test: example log › SpellUsable › matches the statistic snapshot,acceptable,2026-09-19T13:48:37.682329+00:00,5e14f3242ab6e424,49,005e5e377d55
wowanalyzer,1610890289_a14895309c25d73d3b679f542e573f3c02db66cc,react_app_rewired,1,79,2453,  ● Balance Druid integration test: example log › SpellUsable › matches the suggestions snapshot,acceptable,2026-09-19T13:48:37.682930+00:00,aeb3d7b2816ed989,49,005e5e377d55
wowanalyzer,1610890289_a14895309c25d73d3b679f542e573f3c02db66cc,react_app_rewired,1,80,2505,  ● Balance Druid integration test: example log › SpellHistory › matches the statistic snapshot,acceptable,2026-09-19T13:48:37.683530+00:00,164cd45cbdfa3741,49,005e5e377d55
wowanalyzer,1610890289_a14895309c25d73d3b679f542e573f3c02db66cc,react_app_rewired,1,81,2557,  ● Balance Druid integration test: example log › SpellHistory › matches the suggestions snapshot,acceptable,2026-09-19T13:48:37.684138+00:00,0eee345e255b5508,49,005e5e377d55
wowanalyzer,1610890289_a14895309c25d73d3b679f542e573f3c02db66cc,react_app_rewired,1,82,2609,  ● Balance Druid integration test: example log › GlobalCooldown › matches the statistic snapshot,acceptable,2026-09-19T13:48:37.684737+00:00,2bec52f82a2a58d7,49,005e5e377d55
wowanalyzer,1610890289_a14895309c25d73d3b679f542e573f3c02db66cc,react_app_rewired,1,83,2661,  ● Balance Druid integration test: example log › GlobalCooldown › matches the suggestions snapshot,acceptable,2026-09-19T13:48:37.685368+00:00,fe3eb57d42fafbd5,49,005e5e377d55
wowanalyzer,1610890289_a14895309c25d73d3b679f542e573f3c02db66cc,react_app_rewired,1,84,2713,  ● Balance Druid integration test: example log › ManaValues › matches the statistic snapshot,acceptable,2026-09-19T13:48:37.685992+00:00,061077595002cf8b,49,005e5e377d55
wowanalyzer,1610890289_a14895309c25d73d3b679f542e573f3c02db66cc,react_app_rewired,1,85,2765,  ● Balance Druid integration test: example log › ManaValues › matches the suggestions snapshot,acceptable,2026-09-19T13:48:37.686651+00:00,e691590add2e8136,53,005e5e377d55
wowanalyzer,1610890289_a14895309c25d73d3b679f542e573f3c02db66cc,react_app_rewired,1,86,2817,  ● Balance Druid integration test: example log › VantusRune › matches the statistic snapshot,acceptable,2026-09-19T13:48:37.687294+00:00,e9a1945c40cdf97b,49,005e5e377d55
wowanalyzer,1610890289_a14895309c25d73d3b679f542e573f3c02db66cc,react_app_rewired,1,87,2869,  ● Balance Druid integration test: example log › VantusRune › matches the suggestions snapshot,acceptable,2026-09-19T13:48:37.687927+00:00,446c3d4c6ccbdd85,49,005e5e377d55
wowanalyzer,1610890289_a14895309c25d73d3b679f542e573f3c02db66cc,react_app_rewired,1,88,2921,  ● Balance Druid integration test: example log › DistanceMoved › matches the statistic snapshot,acceptable,2026-09-19T13:48:37.688568+00:00,3ec8aa414aa5d8e0,54,005e5e377d55
wowanalyzer,1610890289_a14895309c25d73d3b679f542e573f3c02db66cc,react_app_rewired,1,89,2973,  ● Balance Druid integration test: example log › DistanceMoved › matches the suggestions snapshot,acceptable,2026-09-19T13:48:37.689225+00:00,23d2b7ab5c33f67b,49,005e5e377d55
wowanalyzer,1610890289_a14895309c25d73d3b679f542e573f3c02db66cc,react_app_rewired,1,90,3025,  ● Balance Druid integration test: example log › DeathRecapTracker › matches the statistic snapshot,acceptable,2026-09-19T13:48:37.689869+00:00,1c176a50361add4f,49,005e5e377d55
wowanalyzer,1610890289_a14895309c25d73d3b679f542e573f3c02db66cc,react_app_rewired,1,91,3077,  ● Balance Druid integration test: example log › DeathRecapTracker › matches the suggestions snapshot,acceptable,2026-09-19T13:48:37.690523+00:00,e8ff66161720d8a8,49,005e5e377d55
wowanalyzer,1610890289_a14895309c25d73d3b679f542e573f3c02db66cc,react_app_rewired,1,92,3129,  ● Balance Druid integration test: example log › DispelTracker › matches the statistic snapshot,acceptable,2026-09-19T13:48:37.691204+00:00,da85fb9f7d99cacb,49,005e5e377d55
wowanalyzer,1610890289_a14895309c25d73d3b679f542e573f3c02db66cc,react_app_rewired,1,93,3181,  ● Balance Druid integration test: example log › DispelTracker › matches the suggestions snapshot,acceptable,2026-09-19T13:48:37.691899+00:00,81cb488e07d00b0d,49,005e5e377d55
wowanalyzer,1610890289_a14895309c25d73d3b679f542e573f3c02db66cc,react_app_rewired,1,94,3233,  ● Balance Druid integration test: example log › CritEffectBonus › matches the statistic snapshot,acceptable,2026-09-19T13:48:37.692558+00:00,c4cdbd5b6a02aae3,49,005e5e377d55
wowanalyzer,1610890289_a14895309c25d73d3b679f542e573f3c02db66cc,react_app_rewired,1,95,3285,  ● Balance Druid integration test: example log › CritEffectBonus › matches the suggestions snapshot,acceptable,2026-09-19T13:48:37.693236+00:00,63819ef1ce37d80f,49,005e5e377d55
wowanalyzer,1610890289_a14895309c25d73d3b679f542e573f3c02db66cc,react_app_rewired,1,96,3337,  ● Balance Druid integration test: example log › RaidHealthTab › matches the statistic snapshot,acceptable,2026-09-19T13:48:37.693905+00:00,cd21351d4a08df0c,49,005e5e377d55
wowanalyzer,1610890289_a14895309c25d73d3b679f542e573f3c02db66cc,react_app_rewired,1,97,3389,  ● Balance Druid integration test: example log › RaidHealthTab › matches the suggestions snapshot,acceptable,2026-09-19T13:48:37.694577+00:00,087271f9feb4cd66,49,005e5e377d55
wowanalyzer,1610890289_a14895309c25d73d3b679f542e573f3c02db66cc,react_app_rewired,1,98,3441,  ● Balance Druid integration test: example log › PotionChecker › matches the statistic snapshot,acceptable,2026-09-19T13:48:37.695271+00:00,ee864c6b765fcd36,49,005e5e377d55
wowanalyzer,1610890289_a14895309c25d73d3b679f542e573f3c02db66cc,react_app_rewired,1,99,3493,  ● Balance Druid integration test: example log › PotionChecker › matches the suggestions snapshot,acceptable,2026-09-19T13:48:37.695962+00:00,a3801d9433800cba,51,005e5e377d55
wowanalyzer,1610890289_a14895309c25d73d3b679f542e573f3c02db66cc,react_app_rewired,1,100,3545,  ● Balance Druid integration test: example log › EnchantChecker › matches the statistic snapshot,acceptable,2026-09-19T13:48:37.696655+00:00,69ea9809c36b1aba,49,005e5e377d55
wowanalyzer,1610890289_a14895309c25d73d3b679f542e573f3c02db66cc,react_app_rewired,1,101,3597,  ● Balance Druid integration test: example log › EnchantChecker › matches the suggestions snapshot,acceptable,2026-09-19T13:48:37.697415+00:00,abe4ff5eaf891f6e,50,005e5e377d55
wowanalyzer,1610890289_a14895309c25d73d3b679f542e573f3c02db66cc,react_app_rewired,1,102,3649,  ● Balance Druid integration test: example log › FlaskChecker › matches the statistic snapshot,acceptable,2026-09-19T13:48:37.698127+00:00,0ea8d6cb9c4c15b9,49,005e5e377d55
wowanalyzer,1610890289_a14895309c25d73d3b679f542e573f3c02db66cc,react_app_rewired,1,103,3701,  ● Balance Druid integration test: example log › FlaskChecker › matches the suggestions snapshot,acceptable,2026-09-19T13:48:37.698826+00:00,1f68422f8588c63d,50,005e5e377d55
wowanalyzer,1610890289_a14895309c25d73d3b679f542e573f3c02db66cc,react_app_rewired,1,104,3753,  ● Balance Druid integration test: example log › FoodChecker › matches the statistic snapshot,acceptable,2026-09-19T13:48:37.699545+00:00,ead6858ea5701cd3,49,005e5e377d55
wowanalyzer,1610890289_a14895309c25d73d3b679f542e573f3c02db66cc,react_app_rewired,1,105,3805,  ● Balance Druid integration test: example log › FoodChecker › matches the suggestions snapshot,acceptable,2026-09-19T13:48:37.700302+00:00,84f2544b2db64078,50,005e5e377d55
wowanalyzer,1610890289_a14895309c25d73d3b679f542e573f3c02db66cc,react_app_rewired,1,106,3857,  ● Balance Druid integration test: example log › Healthstone › matches the statistic snapshot,acceptable,2026-09-19T13:48:37.701021+00:00,380dbb4c80b2bf28,49,005e5e377d55
wowanalyzer,1610890289_a14895309c25d73d3b679f542e573f3c02db66cc,react_app_rewired,1,107,3909,  ● Balance Druid integration test: example log › Healthstone › matches the suggestions snapshot,acceptable,2026-09-19T13:48:37.701742+00:00,f49ae30b5adfdcde,49,005e5e377d55
wowanalyzer,1610890289_a14895309c25d73d3b679f542e573f3c02db66cc,react_app_rewired,1,108,3961,  ● Balance Druid integration test: example log › HealthPotion › matches the statistic snapshot,acceptable,2026-09-19T13:48:37.702489+00:00,14fb00d0f32d50bd,49,005e5e377d55
wowanalyzer,1610890289_a14895309c25d73d3b679f542e573f3c02db66cc,react_app_rewired,1,109,4013,  ● Balance Druid integration test: example log › HealthPotion › matches the suggestions snapshot,acceptable,2026-09-19T13:48:37.703230+00:00,5d655459feed1b06,49,005e5e377d55
wowanalyzer,1610890289_a14895309c25d73d3b679f542e573f3c02db66cc,react_app_rewired,1,110,4065,  ● Balance Druid integration test: example log › CombatPotion › matches the statistic snapshot,acceptable,2026-09-19T13:48:37.703969+00:00,a231faf61d1d3ab1,49,005e5e377d55
wowanalyzer,1610890289_a14895309c25d73d3b679f542e573f3c02db66cc,react_app_rewired,1,111,4117,  ● Balance Druid integration test: example log › CombatPotion › matches the suggestions snapshot,acceptable,2026-09-19T13:48:37.704701+00:00,809e5c717d5446a1,49,005e5e377d55
wowanalyzer,1610890289_a14895309c25d73d3b679f542e573f3c02db66cc,react_app_rewired,1,112,4169,  ● Balance Druid integration test: example log › WeaponEnhancementChecker › matches the statistic snapshot,acceptable,2026-09-19T13:48:37.705454+00:00,d56dad106f60ac79,49,005e5e377d55
wowanalyzer,1610890289_a14895309c25d73d3b679f542e573f3c02db66cc,react_app_rewired,1,113,4221,  ● Balance Druid integration test: example log › WeaponEnhancementChecker › matches the suggestions snapshot,acceptable,2026-09-19T13:48:37.706212+00:00,b305eff148eeb525,52,005e5e377d55
wowanalyzer,1610890289_a14895309c25d73d3b679f542e573f3c02db66cc,react_app_rewired,1,114,4273,  ● Balance Druid integration test: example log › PreparationRuleAnalyzer › matches the statistic snapshot,acceptable,2026-09-19T13:48:37.706971+00:00,56548ff058087a0e,49,005e5e377d55
wowanalyzer,1610890289_a14895309c25d73d3b679f542e573f3c02db66cc,react_app_rewired,1,115,4325,  ● Balance Druid integration test: example log › PreparationRuleAnalyzer › matches the suggestions snapshot,acceptable,2026-09-19T13:48:37.707732+00:00,9e4f802b94987e50,49,005e5e377d55
wowanalyzer,1610890289_a14895309c25d73d3b679f542e573f3c02db66cc,react_app_rewired,1,116,4377,  ● Balance Druid integration test: example log › ArcaneTorrent › matches the statistic snapshot,acceptable,2026-09-19T13:48:37.708546+00:00,9579178016c75162,49,005e5e377d55
wowanalyzer,1610890289_a14895309c25d73d3b679f542e573f3c02db66cc,react_app_rewired,1,117,4429,  ● Balance Druid integration test: example log › ArcaneTorrent › matches the suggestions snapshot,acceptable,2026-09-19T13:48:37.709334+00:00,8b8881135fdc021b,49,005e5e377d55
wowanalyzer,1610890289_a14895309c25d73d3b679f542e573f3c02db66cc,react_app_rewired,1,118,4481,  ● Balance Druid integration test: example log › GiftOfTheNaaru › matches the statistic snapshot,acceptable,2026-09-19T13:48:37.710127+00:00,c5a4dce5777d307a,49,005e5e377d55
wowanalyzer,1610890289_a14895309c25d73d3b679f542e573f3c02db66cc,react_app_rewired,1,119,4533,  ● Balance Druid integration test: example log › GiftOfTheNaaru › matches the suggestions snapshot,acceptable,2026-09-19T13:48:37.710941+00:00,b989ecf460cc73bf,49,005e5e377d55
wowanalyzer,1610890289_a14895309c25d73d3b679f542e573f3c02db66cc,react_app_rewired,1,120,4585,  ● Balance Druid integration test: example log › MightOfTheMountain › matches the statistic snapshot,acceptable,2026-09-19T13:48:37.711726+00:00,24ea2817d692ee1c,49,005e5e377d55
wowanalyzer,1610890289_a14895309c25d73d3b679f542e573f3c02db66cc,react_app_rewired,1,121,4637,  ● Balance Druid integration test: example log › MightOfTheMountain › matches the suggestions snapshot,acceptable,2026-09-19T13:48:37.712525+00:00,e5b6f50253f43434,49,005e5e377d55
wowanalyzer,1610890289_a14895309c25d73d3b679f542e573f3c02db66cc,react_app_rewired,1,122,4689,  ● Balance Druid integration test: example log › Stoneform › matches the statistic snapshot,acceptable,2026-09-19T13:48:37.713355+00:00,8dc046b6e068b439,49,005e5e377d55
wowanalyzer,1610890289_a14895309c25d73d3b679f542e573f3c02db66cc,react_app_rewired,1,123,4741,  ● Balance Druid integration test: example log › Stoneform › matches the suggestions snapshot,acceptable,2026-09-19T13:48:37.714159+00:00,917fa5bcd6a32dd9,49,005e5e377d55
wowanalyzer,1610890289_a14895309c25d73d3b679f542e573f3c02db66cc,react_app_rewired,1,124,4793,  ● Balance Druid integration test: example log › Berserking › matches the statistic snapshot,acceptable,2026-09-19T13:48:37.714953+00:00,626496f9175de4e2,49,005e5e377d55
wowanalyzer,1610890289_a14895309c25d73d3b679f542e573f3c02db66cc,react_app_rewired,1,125,4845,  ● Balance Druid integration test: example log › Berserking › matches the suggestions snapshot,acceptable,2026-09-19T13:48:37.715752+00:00,5e3e77f84802ac89,49,005e5e377d55
wowanalyzer,1610890289_a14895309c25d73d3b679f542e573f3c02db66cc,react_app_rewired,1,126,4897,  ● Balance Druid integration test: example log › BloodFury › matches the statistic snapshot,acceptable,2026-09-19T13:48:37.716581+00:00,d2c007dcdabdbd01,49,005e5e377d55
wowanalyzer,1610890289_a14895309c25d73d3b679f542e573f3c02db66cc,react_app_rewired,1,127,4949,  ● Balance Druid integration test: example log › BloodFury › matches the suggestions snapshot,acceptable,2026-09-19T13:48:37.717403+00:00,377a05317bab14b2,49,005e5e377d55
wowanalyzer,1610890289_a14895309c25d73d3b679f542e573f3c02db66cc,react_app_rewired,1,128,5001,  ● Balance Druid integration test: example log › DarkmoonDeckVoracity › matches the statistic snapshot,acceptable,2026-09-19T13:48:37.718232+00:00,0415f3f15804f7fc,67,005e5e377d55
wowanalyzer,1610890289_a14895309c25d73d3b679f542e573f3c02db66cc,react_app_rewired,1,129,5053,  ● Balance Druid integration test: example log › DarkmoonDeckVoracity › matches the suggestions snapshot,acceptable,2026-09-19T13:48:37.719064+00:00,4a043f39a5bc8cea,49,005e5e377d55
wowanalyzer,1610890289_a14895309c25d73d3b679f542e573f3c02db66cc,react_app_rewired,1,130,5105,  ● Balance Druid integration test: example log › SoulInfusion › matches the statistic snapshot,acceptable,2026-09-19T13:48:37.719888+00:00,86c2f4012bbb6df9,29,005e5e377d55
wowanalyzer,1610890289_a14895309c25d73d3b679f542e573f3c02db66cc,react_app_rewired,1,131,5157,  ● Balance Druid integration test: example log › SoulInfusion › matches the suggestions snapshot,acceptable,2026-09-19T13:48:37.720718+00:00,388afdb02af78267,29,005e5e377d55
wowanalyzer,1610890289_a14895309c25d73d3b679f542e573f3c02db66cc,react_app_rewired,1,132,5209,  ● Balance Druid integration test: example log › OverchargedAnimaBattery › matches the statistic snapshot,acceptable,2026-09-19T13:48:37.721568+00:00,a28dc2e7c1a8f2c0,67,005e5e377d55
wowanalyzer,1610890289_a14895309c25d73d3b679f542e573f3c02db66cc,react_app_rewired,1,133,5261,  ● Balance Druid integration test: example log › OverchargedAnimaBattery › matches the suggestions snapshot,acceptable,2026-09-19T13:48:37.722458+00:00,c691cfb967d4f499,49,005e5e377d55
wowanalyzer,1610890289_a14895309c25d73d3b679f542e573f3c02db66cc,react_app_rewired,1,134,5417,  ● Balance Druid integration test: example log › CooldownThroughputTracker › matches the statistic snapshot,acceptable,2026-09-19T13:48:37.723320+00:00,c5219cc8562e97e3,46,005e5e377d55
wowanalyzer,1610890289_a14895309c25d73d3b679f542e573f3c02db66cc,react_app_rewired,1,135,5469,  ● Balance Druid integration test: example log › CooldownThroughputTracker › matches the suggestions snapshot,acceptable,2026-09-19T13:48:37.724214+00:00,df84a494992705b5,46,005e5e377d55
wowanalyzer,1610890289_a14895309c25d73d3b679f542e573f3c02db66cc,react_app_rewired,1,136,5521,  ● Balance Druid integration test: example log › MoonfireUptime › matches the statistic snapshot,acceptable,2026-09-19T13:48:37.725076+00:00,7e93811877357f0e,14,005e5e377d55
wowanalyzer,1610890289_a14895309c25d73d3b679f542e573f3c02db66cc,react_app_rewired,1,137,5573,  ● Balance Druid integration test: example log › MoonfireUptime › matches the suggestions snapshot,acceptable,2026-09-19T13:48:37.725965+00:00,d1a2eecbee1e24d2,12,005e5e377d55
wowanalyzer,1610890289_a14895309c25d73d3b679f542e573f3c02db66cc,react_app_rewired,1,138,5625,  ● Balance Druid integration test: example log › SunfireUptime › matches the statistic snapshot,acceptable,2026-09-19T13:48:37.726831+00:00,8a4f22cfea20431b,14,005e5e377d55
wowanalyzer,1610890289_a14895309c25d73d3b679f542e573f3c02db66cc,react_app_rewired,1,139,5677,  ● Balance Druid integration test: example log › SunfireUptime › matches the suggestions snapshot,acceptable,2026-09-19T13:48:37.727704+00:00,e7868e2f947341ec,12,005e5e377d55
wowanalyzer,1610890289_a14895309c25d73d3b679f542e573f3c02db66cc,react_app_rewired,1,140,5729,  ● Balance Druid integration test: example log › UnempoweredLunarStrike › matches the statistic snapshot,acceptable,2026-09-19T13:48:37.728587+00:00,fa41f99c2674f472,5,005e5e377d55
wowanalyzer,1610890289_a14895309c25d73d3b679f542e573f3c02db66cc,react_app_rewired,1,141,5781,  ● Balance Druid integration test: example log › UnempoweredLunarStrike › matches the suggestions snapshot,acceptable,2026-09-19T13:48:37.729478+00:00,f8a2264de39b90a5,8,005e5e377d55
wowanalyzer,1610890289_a14895309c25d73d3b679f542e573f3c02db66cc,react_app_rewired,1,142,5833,  ● Balance Druid integration test: example log › EarlyDotRefreshes › matches the statistic snapshot,acceptable,2026-09-19T13:48:37.730372+00:00,da19834a1d7ec359,12,005e5e377d55
wowanalyzer,1610890289_a14895309c25d73d3b679f542e573f3c02db66cc,react_app_rewired,1,143,5885,  ● Balance Druid integration test: example log › EarlyDotRefreshes › matches the suggestions snapshot,acceptable,2026-09-19T13:48:37.731288+00:00,9fecdd598530f2bd,12,005e5e377d55
wowanalyzer,1610890289_a14895309c25d73d3b679f542e573f3c02db66cc,react_app_rewired,1,144,5937,  ● Balance Druid integration test: example log › EarlyDotRefreshesInstants › matches the statistic snapshot,acceptable,2026-09-19T13:48:37.732236+00:00,d74d8ad7a24791b8,12,005e5e377d55
wowanalyzer,1610890289_a14895309c25d73d3b679f542e573f3c02db66cc,react_app_rewired,1,145,5989,  ● Balance Druid integration test: example log › EarlyDotRefreshesInstants › matches the suggestions snapshot,acceptable,2026-09-19T13:48:37.733165+00:00,9c2b2596365065bb,12,005e5e377d55
wowanalyzer,1610890289_a14895309c25d73d3b679f542e573f3c02db66cc,react_app_rewired,1,146,6041,  ● Balance Druid integration test: example log › StellarFlareUptime › matches the statistic snapshot,acceptable,2026-09-19T13:48:37.734094+00:00,cd8ae0422e5f5bf4,12,005e5e377d55
wowanalyzer,1610890289_a14895309c25d73d3b679f542e573f3c02db66cc,react_app_rewired,1,147,6093,  ● Balance Druid integration test: example log › StellarFlareUptime › matches the suggestions snapshot,acceptable,2026-09-19T13:48:37.735046+00:00,3f72a7e54fc0ea84,12,005e5e377d55
wowanalyzer,1610890289_a14895309c25d73d3b679f542e573f3c02db66cc,react_app_rewired,1,148,6145,  ● Balance Druid integration test: example log › TwinMoons › matches the statistic snapshot,acceptable,2026-09-19T13:48:37.736014+00:00,8171aeec2a12520f,12,005e5e377d55
wowanalyzer,1610890289_a14895309c25d73d3b679f542e573f3c02db66cc,react_app_rewired,1,149,6197,  ● Balance Druid integration test: example log › TwinMoons › matches the suggestions snapshot,acceptable,2026-09-19T13:48:37.736949+00:00,0a4d145ce85e1200,12,005e5e377d55
wowanalyzer,1610890289_a14895309c25d73d3b679f542e573f3c02db66cc,react_app_rewired,1,150,6249,  ● Balance Druid integration test: example log › StellarDrift › matches the statistic snapshot,acceptable,2026-09-19T13:48:37.740128+00:00,53fc15ec37bb7f45,18,005e5e377d55
wowanalyzer,1610890289_a14895309c25d73d3b679f542e573f3c02db66cc,react_app_rewired,1,151,6301,  ● Balance Druid integration test: example log › StellarDrift › matches the suggestions snapshot,acceptable,2026-09-19T13:48:37.741089+00:00,e8f5f730a3765660,12,005e5e377d55
wowanalyzer,1610890289_a14895309c25d73d3b679f542e573f3c02db66cc,react_app_rewired,1,152,6353,  ● Balance Druid integration test: example log › Starlord › matches the statistic snapshot,acceptable,2026-09-19T13:48:37.742032+00:00,359584c3c8dd2973,14,005e5e377d55
wowanalyzer,1610890289_a14895309c25d73d3b679f542e573f3c02db66cc,react_app_rewired,1,153,6405,  ● Balance Druid integration test: example log › Starlord › matches the suggestions snapshot,acceptable,2026-09-19T13:48:37.742985+00:00,3c51db4f31a23ccf,12,005e5e377d55
wowanalyzer,1610890289_a14895309c25d73d3b679f542e573f3c02db66cc,react_app_rewired,1,154,6457,  ● Balance Druid integration test: example log › AstralPowerTracker › matches the statistic snapshot,acceptable,2026-09-19T13:48:37.743960+00:00,40cff7cefb86eb5f,12,005e5e377d55
wowanalyzer,1610890289_a14895309c25d73d3b679f542e573f3c02db66cc,react_app_rewired,1,155,6509,  ● Balance Druid integration test: example log › AstralPowerTracker › matches the suggestions snapshot,acceptable,2026-09-19T13:48:37.744922+00:00,035a3d5bdaa81160,12,005e5e377d55
wowanalyzer,1610890289_a14895309c25d73d3b679f542e573f3c02db66cc,react_app_rewired,1,156,6561,  ● Balance Druid integration test: example log › AstralPowerDetails › matches the statistic snapshot,acceptable,2026-09-19T13:48:37.745890+00:00,f08caee5436c3a68,14,005e5e377d55
wowanalyzer,1610890289_a14895309c25d73d3b679f542e573f3c02db66cc,react_app_rewired,1,157,6613,  ● Balance Druid integration test: example log › AstralPowerDetails › matches the suggestions snapshot,acceptable,2026-09-19T13:48:37.746846+00:00,c9a21f4dc47262da,20,005e5e377d55
wowanalyzer,1610967644_6d83e34b362c4faef1ad4180413375ddc8e84d71,react_app_rewired,1,158,468,  ● Brewmaster Monk integration test: example log › TigerPalm › matches the suggestions snapshot,reevaluated_acceptable,2026-09-19T13:48:37.747854+00:00,49ac01aefe682efa,25,003bcbbcbde5
wowanalyzer,1610967644_6d83e34b362c4faef1ad4180413375ddc8e84d71,react_app_rewired,1,159,501,  ● Brewmaster Monk integration test: example log › StormstoutsLastKeg › matches the statistic snapshot,reevaluated_acceptable,2026-09-19T13:48:37.748811+00:00,b7969d9ee79a1cc9,18,da465717f9d1
wowanalyzer,1611014932_d3ea4cff93a5fa9bada1466f4066ec6494153352,react_app_rewired,1,160,268,  ● Test suite failed to run,reevaluated_acceptable,2026-09-19T13:48:37.749815+00:00,cd634ed2c3f0f0d0,145,b5bdf51a1ea6
wowanalyzer,1611014932_d3ea4cff93a5fa9bada1466f4066ec6494153352,react_app_rewired,1,161,330,  ● Test suite failed to run,reevaluated_acceptable,2026-09-19T13:48:37.750980+00:00,43615004a479e61c,145,b5bdf51a1ea6
wowanalyzer,1611014932_d3ea4cff93a5fa9bada1466f4066ec6494153352,react_app_rewired,1,162,392,  ● Test suite failed to run,reevaluated_acceptable,2026-09-19T13:48:37.752018+00:00,9d883ce61db308c2,145,b5bdf51a1ea6
wowanalyzer,1611014932_d3ea4cff93a5fa9bada1466f4066ec6494153352,react_app_rewired,1,163,416,  ● Test suite failed to run,reevaluated_acceptable,2026-09-19T13:48:37.753036+00:00,1a98a900bce2fe4e,2,b5bdf51a1ea6
wowanalyzer,1611014932_d3ea4cff93a5fa9bada1466f4066ec6494153352,react_app_rewired,1,164,501,  ● Test suite failed to run,reevaluated_acceptable,2026-09-19T13:48:37.754062+00:00,eb17155472827510,2,b5bdf51a1ea6
wowanalyzer,1611014932_d3ea4cff93a5fa9bada1466f4066ec6494153352,react_app_rewired,1,165,517,  ● Test suite failed to run,reevaluated_acceptable,2026-09-19T13:48:37.755089+00:00,c752827770a34744,145,b5bdf51a1ea6
wowanalyzer,1611014932_d3ea4cff93a5fa9bada1466f4066ec6494153352,react_app_rewired,1,166,533,  ● Test suite failed to run,reevaluated_acceptable,2026-09-19T13:48:37.756109+00:00,ae5b929fbe0d2572,146,b5bdf51a1ea6
wowanalyzer,1611014932_d3ea4cff93a5fa9bada1466f4066ec6494153352,react_app_rewired,1,167,549,  ● Test suite failed to run,reevaluated_acceptable,2026-09-19T13:48:37.757125+00:00,5cdbae60dd75c137,2,b5bdf51a1ea6
wowanalyzer,1611014932_d3ea4cff93a5fa9bada1466f4066ec6494153352,react_app_rewired,1,168,611,  ● Test suite failed to run,reevaluated_acceptable,2026-09-19T13:48:37.758162+00:00,aadbe43a07994940,2,b5bdf51a1ea6
wowanalyzer,1611014932_d3ea4cff93a5fa9bada1466f4066ec6494153352,react_app_rewired,1,169,719,  ● Test suite failed to run,reevaluated_acceptable,2026-09-19T13:48:37.759191+00:00,30438de0357cf2c9,2,b5bdf51a1ea6
wowanalyzer,1611014932_d3ea4cff93a5fa9bada1466f4066ec6494153352,react_app_rewired,1,170,781,  ● Test suite failed to run,reevaluated_acceptable,2026-09-19T13:48:37.760217+00:00,0f55d0396d489a11,2,b5bdf51a1ea6
wowanalyzer,1611014932_d3ea4cff93a5fa9bada1466f4066ec6494153352,react_app_rewired,1,171,820,  ● Test suite failed to run,reevaluated_acceptable,2026-09-19T13:48:37.761269+00:00,2739576ce652e9b7,145,b5bdf51a1ea6
wowanalyzer,1611014932_d3ea4cff93a5fa9bada1466f4066ec6494153352,react_app_rewired,1,172,859,  ● Test suite failed to run,reevaluated_acceptable,2026-09-19T13:48:37.762372+00:00,e9ee076142794bcd,2,b5bdf51a1ea6
wowanalyzer,1611014932_d3ea4cff93a5fa9bada1466f4066ec6494153352,react_app_rewired,1,173,921,  ● Test suite failed to run,reevaluated_acceptable,2026-09-19T13:48:37.763434+00:00,598b4974b3f7ab3c,145,b5bdf51a1ea6
wowanalyzer,1611015698_ac5a9ebdf66c2cefc6e0a972ca28a6dca02e2c26,react_app_rewired,1,174,372,  ● Balance Druid integration test: example log › AugmentRuneChecker › matches the suggestions snapshot,reevaluated_acceptable,2026-09-19T13:48:37.764450+00:00,fb0b1c2a8d613d6f,48,da465717f9d1
wowanalyzer,1611215008_d520cc9a2328a9623d1320982062e8cffc78e14b,react_app_rewired,1,175,276,  ● Shadow Priest integration test: example log › InsanityUsage › matches the statistic snapshot,reevaluated_acceptable,2026-09-19T13:48:37.765468+00:00,c064440680300a73,18,da465717f9d1
wowanalyzer,1611215008_d520cc9a2328a9623d1320982062e8cffc78e14b,react_app_rewired,1,176,355,  ● Shadow Priest integration test: example log › InsanityUsage › matches the suggestions snapshot,reevaluated_acceptable,2026-09-19T13:48:37.766494+00:00,e7bd8d2633d93104,21,da465717f9d1
wowanalyzer,1611408281_e7ee730f2a82db3dcf4e23850f16649d083d383d,react_app_rewired,1,177,344,  ● Test suite failed to run,reevaluated_acceptable,2026-09-19T13:48:37.767561+00:00,93cc1dd3d36879f7,58,44fc58a9def3
wowanalyzer,1611432187_c05db0ffea37ecfeb3e5348a29eb7cd14de5c924,react_app_rewired,1,178,274,  ● Shadow Priest integration test: example log › DotUptimeStatisticBox › matches the statistic snapshot,reevaluated_acceptable,2026-09-19T13:48:37.768597+00:00,f16d11cf31227a09,26,da465717f9d1
wowanalyzer,1611440621_cddc4dee598ba7c493f3173628a2a5ba62136d71,react_app_rewired,1,179,273,  ● Shadow Priest integration test: example log › EternalCallToTheVoid › matches the statistic snapshot,reevaluated_acceptable,2026-09-19T13:48:37.769625+00:00,70f97a4492103ddd,23,da465717f9d1
wowanalyzer,1611503093_1145255a05b6e9b895fef993616518363be54fc6,react_app_rewired,1,180,245,  ● Core/CombatLogParser › implementation › has a default config that works,acceptable,2026-09-19T13:48:37.770731+00:00,465a12b9a1a2bee8,36,0ab7fdf1aff0
wowanalyzer,1611503093_1145255a05b6e9b895fef993616518363be54fc6,react_app_rewired,1,181,4056,  ● Destruction Warlock integration test: example log › AugmentRuneChecker › matches the statistic snapshot,acceptable,2026-09-19T13:48:37.771832+00:00,df9e912dcf16235f,44,0ab7fdf1aff0
wowanalyzer,1611503093_1145255a05b6e9b895fef993616518363be54fc6,react_app_rewired,1,182,5816,  ● Destruction Warlock integration test: example log › ImmolateUptime › matches the statistic snapshot,acceptable,2026-09-19T13:48:37.772982+00:00,922ee60861a83cd1,24,0ab7fdf1aff0
wowanalyzer,1611503093_1145255a05b6e9b895fef993616518363be54fc6,react_app_rewired,1,183,5871,  ● Destruction Warlock integration test: example log › ImmolateUptime › matches the suggestions snapshot,acceptable,2026-09-19T13:48:37.774117+00:00,739be90757f22b47,14,0ab7fdf1aff0
wowanalyzer,1611503093_1145255a05b6e9b895fef993616518363be54fc6,react_app_rewired,1,184,5926,  ● Destruction Warlock integration test: example log › Havoc › matches the statistic snapshot,acceptable,2026-09-19T13:48:37.775258+00:00,412e6a3daf3ca89e,24,0ab7fdf1aff0
wowanalyzer,1611503093_1145255a05b6e9b895fef993616518363be54fc6,react_app_rewired,1,185,5981,  ● Destruction Warlock integration test: example log › Havoc › matches the suggestions snapshot,acceptable,2026-09-19T13:48:37.776378+00:00,65f13a6cd34ab72c,14,0ab7fdf1aff0
wowanalyzer,1611503093_1145255a05b6e9b895fef993616518363be54fc6,react_app_rewired,1,186,6036,  ● Destruction Warlock integration test: example log › Backdraft › matches the statistic snapshot,acceptable,2026-09-19T13:48:37.777508+00:00,f2ee47dfc44c6882,16,0ab7fdf1aff0
wowanalyzer,1611503093_1145255a05b6e9b895fef993616518363be54fc6,react_app_rewired,1,187,6091,  ● Destruction Warlock integration test: example log › Backdraft › matches the suggestions snapshot,acceptable,2026-09-19T13:48:37.778638+00:00,09651059b6d5803f,14,0ab7fdf1aff0
wowanalyzer,1611503093_1145255a05b6e9b895fef993616518363be54fc6,react_app_rewired,1,188,6146,  ● Destruction Warlock integration test: example log › RainOfFire › matches the statistic snapshot,acceptable,2026-09-19T13:48:37.779762+00:00,4bb4e841a89580ce,14,0ab7fdf1aff0
wowanalyzer,1611503093_1145255a05b6e9b895fef993616518363be54fc6,react_app_rewired,1,189,6201,  ● Destruction Warlock integration test: example log › RainOfFire › matches the suggestions snapshot,acceptable,2026-09-19T13:48:37.780899+00:00,85eeb9e2d7b96e49,14,0ab7fdf1aff0
wowanalyzer,1611503093_1145255a05b6e9b895fef993616518363be54fc6,react_app_rewired,1,190,6256,  ● Destruction Warlock integration test: example log › SoulShardTracker › matches the statistic snapshot,acceptable,2026-09-19T13:48:37.782030+00:00,06adee21cc1c994b,14,0ab7fdf1aff0
wowanalyzer,1611503093_1145255a05b6e9b895fef993616518363be54fc6,react_app_rewired,1,191,6311,  ● Destruction Warlock integration test: example log › SoulShardTracker › matches the suggestions snapshot,acceptable,2026-09-19T13:48:37.783174+00:00,7bf3c55bd4e8fc1d,14,0ab7fdf1aff0
wowanalyzer,1611503093_1145255a05b6e9b895fef993616518363be54fc6,react_app_rewired,1,192,6366,  ● Destruction Warlock integration test: example log › SoulShardDetails › matches the statistic snapshot,acceptable,2026-09-19T13:48:37.784326+00:00,01c74c2cfe89bc20,16,0ab7fdf1aff0
wowanalyzer,1611503093_1145255a05b6e9b895fef993616518363be54fc6,react_app_rewired,1,193,6421,  ● Destruction Warlock integration test: example log › SoulShardDetails › matches the suggestions snapshot,acceptable,2026-09-19T13:48:37.785505+00:00,4bd26c3ab390901b,16,0ab7fdf1aff0
wowanalyzer,1611503093_1145255a05b6e9b895fef993616518363be54fc6,react_app_rewired,1,194,6476,  ● Destruction Warlock integration test: example log › Flashover › matches the statistic snapshot,acceptable,2026-09-19T13:48:37.786751+00:00,b785da58894f1ce0,14,0ab7fdf1aff0
wowanalyzer,1611503093_1145255a05b6e9b895fef993616518363be54fc6,react_app_rewired,1,195,6531,  ● Destruction Warlock integration test: example log › Flashover › matches the suggestions snapshot,acceptable,2026-09-19T13:48:37.787953+00:00,8bdb39bf4804ade5,14,0ab7fdf1aff0
wowanalyzer,1611503093_1145255a05b6e9b895fef993616518363be54fc6,react_app_rewired,1,196,6586,  ● Destruction Warlock integration test: example log › Eradication › matches the statistic snapshot,acceptable,2026-09-19T13:48:37.789111+00:00,7175cb7fa7d7a1df,29,0ab7fdf1aff0
wowanalyzer,1611503093_1145255a05b6e9b895fef993616518363be54fc6,react_app_rewired,1,197,6641,  ● Destruction Warlock integration test: example log › Eradication › matches the suggestions snapshot,acceptable,2026-09-19T13:48:37.790270+00:00,4ba775ef2b8095ec,14,0ab7fdf1aff0
wowanalyzer,1611503093_1145255a05b6e9b895fef993616518363be54fc6,react_app_rewired,1,198,6696,  ● Destruction Warlock integration test: example log › SoulFire › matches the statistic snapshot,acceptable,2026-09-19T13:48:37.791433+00:00,9cf025903441cf79,14,0ab7fdf1aff0
wowanalyzer,1611503093_1145255a05b6e9b895fef993616518363be54fc6,react_app_rewired,1,199,6751,  ● Destruction Warlock integration test: example log › SoulFire › matches the suggestions snapshot,acceptable,2026-09-19T13:48:37.792592+00:00,2d8c3bf213d0961e,14,0ab7fdf1aff0
wowanalyzer,1611503093_1145255a05b6e9b895fef993616518363be54fc6,react_app_rewired,1,200,6806,  ● Destruction Warlock integration test: example log › ReverseEntropy › matches the statistic snapshot,acceptable,2026-09-19T13:48:37.793767+00:00,39d0b182159cbb5f,14,0ab7fdf1aff0
wowanalyzer,1611503093_1145255a05b6e9b895fef993616518363be54fc6,react_app_rewired,1,201,6861,  ● Destruction Warlock integration test: example log › ReverseEntropy › matches the suggestions snapshot,acceptable,2026-09-19T13:48:37.794962+00:00,e6012a294ecb36b2,14,0ab7fdf1aff0
wowanalyzer,1611503093_1145255a05b6e9b895fef993616518363be54fc6,react_app_rewired,1,202,6916,  ● Destruction Warlock integration test: example log › InternalCombustion › matches the statistic snapshot,acceptable,2026-09-19T13:48:37.796153+00:00,01be00a185dd24e0,24,0ab7fdf1aff0
wowanalyzer,1611503093_1145255a05b6e9b895fef993616518363be54fc6,react_app_rewired,1,203,6971,  ● Destruction Warlock integration test: example log › InternalCombustion › matches the suggestions snapshot,acceptable,2026-09-19T13:48:37.797372+00:00,f1821dd28656f81b,14,0ab7fdf1aff0
wowanalyzer,1611503093_1145255a05b6e9b895fef993616518363be54fc6,react_app_rewired,1,204,7026,  ● Destruction Warlock integration test: example log › Shadowburn › matches the statistic snapshot,acceptable,2026-09-19T13:48:37.800653+00:00,68690e005ae7db0b,14,0ab7fdf1aff0
wowanalyzer,1611503093_1145255a05b6e9b895fef993616518363be54fc6,react_app_rewired,1,205,7081,  ● Destruction Warlock integration test: example log › Shadowburn › matches the suggestions snapshot,acceptable,2026-09-19T13:48:37.801878+00:00,34f29e5fc23ef12f,14,0ab7fdf1aff0
wowanalyzer,1611503093_1145255a05b6e9b895fef993616518363be54fc6,react_app_rewired,1,206,7136,  ● Destruction Warlock integration test: example log › Inferno › matches the statistic snapshot,acceptable,2026-09-19T13:48:37.803095+00:00,7959769fbb027ad1,14,0ab7fdf1aff0
wowanalyzer,1611503093_1145255a05b6e9b895fef993616518363be54fc6,react_app_rewired,1,207,7191,  ● Destruction Warlock integration test: example log › Inferno › matches the suggestions snapshot,acceptable,2026-09-19T13:48:37.804313+00:00,a49fe283394790a8,14,0ab7fdf1aff0
wowanalyzer,1611503093_1145255a05b6e9b895fef993616518363be54fc6,react_app_rewired,1,208,7246,  ● Destruction Warlock integration test: example log › FireAndBrimstone › matches the statistic snapshot,acceptable,2026-09-19T13:48:37.805553+00:00,2abad478254ca114,14,0ab7fdf1aff0
wowanalyzer,1611503093_1145255a05b6e9b895fef993616518363be54fc6,react_app_rewired,1,209,7301,  ● Destruction Warlock integration test: example log › FireAndBrimstone › matches the suggestions snapshot,acceptable,2026-09-19T13:48:37.806767+00:00,125d2e89f6979637,14,0ab7fdf1aff0
wowanalyzer,1611503093_1145255a05b6e9b895fef993616518363be54fc6,react_app_rewired,1,210,7356,  ● Destruction Warlock integration test: example log › Cataclysm › matches the statistic snapshot,acceptable,2026-09-19T13:48:37.807997+00:00,7ed8906baabd56a3,24,0ab7fdf1aff0
wowanalyzer,1611503093_1145255a05b6e9b895fef993616518363be54fc6,react_app_rewired,1,211,7411,  ● Destruction Warlock integration test: example log › Cataclysm › matches the suggestions snapshot,acceptable,2026-09-19T13:48:37.809224+00:00,8113371035bc8f2d,14,0ab7fdf1aff0
wowanalyzer,1611503093_1145255a05b6e9b895fef993616518363be54fc6,react_app_rewired,1,212,7466,  ● Destruction Warlock integration test: example log › RoaringBlaze › matches the statistic snapshot,acceptable,2026-09-19T13:48:37.810467+00:00,643487d292c770bb,14,0ab7fdf1aff0
wowanalyzer,1611503093_1145255a05b6e9b895fef993616518363be54fc6,react_app_rewired,1,213,7521,  ● Destruction Warlock integration test: example log › RoaringBlaze › matches the suggestions snapshot,acceptable,2026-09-19T13:48:37.811896+00:00,3fdb81d7730e558f,14,0ab7fdf1aff0
wowanalyzer,1611503093_1145255a05b6e9b895fef993616518363be54fc6,react_app_rewired,1,214,7576,  ● Destruction Warlock integration test: example log › GrimoireOfSacrifice › matches the statistic snapshot,acceptable,2026-09-19T13:48:37.813141+00:00,4397c13a12906489,14,0ab7fdf1aff0
wowanalyzer,1611503093_1145255a05b6e9b895fef993616518363be54fc6,react_app_rewired,1,215,7631,  ● Destruction Warlock integration test: example log › GrimoireOfSacrifice › matches the suggestions snapshot,acceptable,2026-09-19T13:48:37.814373+00:00,7fbd2f38526a83c2,14,0ab7fdf1aff0
wowanalyzer,1611503093_1145255a05b6e9b895fef993616518363be54fc6,react_app_rewired,1,216,7686,  ● Destruction Warlock integration test: example log › SoulConduit › matches the statistic snapshot,acceptable,2026-09-19T13:48:37.815624+00:00,2769c7e2f21cf7c3,16,0ab7fdf1aff0
wowanalyzer,1611503093_1145255a05b6e9b895fef993616518363be54fc6,react_app_rewired,1,217,7741,  ● Destruction Warlock integration test: example log › SoulConduit › matches the suggestions snapshot,acceptable,2026-09-19T13:48:37.816888+00:00,3c0ff39c5dcad400,14,0ab7fdf1aff0
wowanalyzer,1611503093_1145255a05b6e9b895fef993616518363be54fc6,react_app_rewired,1,218,7796,  ● Destruction Warlock integration test: example log › ChannelDemonfire › matches the statistic snapshot,acceptable,2026-09-19T13:48:37.818152+00:00,c83b4ae6633dbfb9,14,0ab7fdf1aff0
wowanalyzer,1611503093_1145255a05b6e9b895fef993616518363be54fc6,react_app_rewired,1,219,7851,  ● Destruction Warlock integration test: example log › ChannelDemonfire › matches the suggestions snapshot,acceptable,2026-09-19T13:48:37.819418+00:00,f09b6540fcbe3a38,14,0ab7fdf1aff0
wowanalyzer,1611503093_1145255a05b6e9b895fef993616518363be54fc6,react_app_rewired,1,220,13448,  ● Affliction Warlock integration test: example log › Darkglare › matches the statistic snapshot,acceptable,2026-09-19T13:48:37.820685+00:00,58e7327cefc356dc,16,0ab7fdf1aff0
wowanalyzer,1611503093_1145255a05b6e9b895fef993616518363be54fc6,react_app_rewired,1,221,13503,  ● Affliction Warlock integration test: example log › Darkglare › matches the suggestions snapshot,acceptable,2026-09-19T13:48:37.822019+00:00,538f9a8d471eaea5,14,0ab7fdf1aff0
wowanalyzer,1611503093_1145255a05b6e9b895fef993616518363be54fc6,react_app_rewired,1,222,13558,  ● Affliction Warlock integration test: example log › ShadowEmbrace › matches the statistic snapshot,acceptable,2026-09-19T13:48:37.823316+00:00,2ff0169258059f7e,14,0ab7fdf1aff0
wowanalyzer,1611503093_1145255a05b6e9b895fef993616518363be54fc6,react_app_rewired,1,223,13613,  ● Affliction Warlock integration test: example log › ShadowEmbrace › matches the suggestions snapshot,acceptable,2026-09-19T13:48:37.824598+00:00,657dd543bfed9816,15,0ab7fdf1aff0
wowanalyzer,1611503093_1145255a05b6e9b895fef993616518363be54fc6,react_app_rewired,1,224,13668,  ● Affliction Warlock integration test: example log › AgonyUptime › matches the statistic snapshot,acceptable,2026-09-19T13:48:37.825912+00:00,54819f66bea13292,14,0ab7fdf1aff0
wowanalyzer,1611503093_1145255a05b6e9b895fef993616518363be54fc6,react_app_rewired,1,225,13723,  ● Affliction Warlock integration test: example log › AgonyUptime › matches the suggestions snapshot,acceptable,2026-09-19T13:48:37.827196+00:00,ef9300921b32afa9,15,0ab7fdf1aff0
wowanalyzer,1611503093_1145255a05b6e9b895fef993616518363be54fc6,react_app_rewired,1,226,13778,  ● Affliction Warlock integration test: example log › CorruptionUptime › matches the statistic snapshot,acceptable,2026-09-19T13:48:37.828496+00:00,21a14053d0184726,14,0ab7fdf1aff0
wowanalyzer,1611503093_1145255a05b6e9b895fef993616518363be54fc6,react_app_rewired,1,227,13833,  ● Affliction Warlock integration test: example log › CorruptionUptime › matches the suggestions snapshot,acceptable,2026-09-19T13:48:37.829897+00:00,949bf7014c77cdc4,15,0ab7fdf1aff0
wowanalyzer,1611503093_1145255a05b6e9b895fef993616518363be54fc6,react_app_rewired,1,228,13888,  ● Affliction Warlock integration test: example log › UnstableAfflictionUptime › matches the statistic snapshot,acceptable,2026-09-19T13:48:37.832058+00:00,16fc202eb2f755b3,14,0ab7fdf1aff0
wowanalyzer,1611503093_1145255a05b6e9b895fef993616518363be54fc6,react_app_rewired,1,229,13943,  ● Affliction Warlock integration test: example log › UnstableAfflictionUptime › matches the suggestions snapshot,acceptable,2026-09-19T13:48:37.834306+00:00,06883fe03849d198,15,0ab7fdf1aff0
wowanalyzer,1611503093_1145255a05b6e9b895fef993616518363be54fc6,react_app_rewired,1,230,14053,  ● Affliction Warlock integration test: example log › DotUptimeStatisticBox › matches the suggestions snapshot,acceptable,2026-09-19T13:48:37.836481+00:00,8452cc53e3898e6d,15,0ab7fdf1aff0
wowanalyzer,1611503093_1145255a05b6e9b895fef993616518363be54fc6,react_app_rewired,1,231,14328,  ● Affliction Warlock integration test: example log › Nightfall › matches the statistic snapshot,acceptable,2026-09-19T13:48:37.838694+00:00,e034a1f01e941aa1,14,0ab7fdf1aff0
wowanalyzer,1611503093_1145255a05b6e9b895fef993616518363be54fc6,react_app_rewired,1,232,14383,  ● Affliction Warlock integration test: example log › Nightfall › matches the suggestions snapshot,acceptable,2026-09-19T13:48:37.840864+00:00,0f59f7e95a41161b,14,0ab7fdf1aff0
wowanalyzer,1611503093_1145255a05b6e9b895fef993616518363be54fc6,react_app_rewired,1,233,14493,  ● Affliction Warlock integration test: example log › DrainSoul › matches the suggestions snapshot,acceptable,2026-09-19T13:48:37.842965+00:00,39ddbe27be00443d,14,0ab7fdf1aff0
wowanalyzer,1611503093_1145255a05b6e9b895fef993616518363be54fc6,react_app_rewired,1,234,14548,  ● Affliction Warlock integration test: example log › AbsoluteCorruption › matches the statistic snapshot,acceptable,2026-09-19T13:48:37.845281+00:00,d5b8173f0aa948c1,14,0ab7fdf1aff0
wowanalyzer,1611503093_1145255a05b6e9b895fef993616518363be54fc6,react_app_rewired,1,235,14603,  ● Affliction Warlock integration test: example log › AbsoluteCorruption › matches the suggestions snapshot,acceptable,2026-09-19T13:48:37.847680+00:00,c23f55eeee04c5a3,14,0ab7fdf1aff0
wowanalyzer,1611503093_1145255a05b6e9b895fef993616518363be54fc6,react_app_rewired,1,236,14658,  ● Affliction Warlock integration test: example log › SiphonLifeUptime › matches the statistic snapshot,acceptable,2026-09-19T13:48:37.850050+00:00,5b27ce6c3d81001e,14,0ab7fdf1aff0
wowanalyzer,1611503093_1145255a05b6e9b895fef993616518363be54fc6,react_app_rewired,1,237,14713,  ● Affliction Warlock integration test: example log › SiphonLifeUptime › matches the suggestions snapshot,acceptable,2026-09-19T13:48:37.852381+00:00,d40ab5891e81141e,15,0ab7fdf1aff0
wowanalyzer,1611503093_1145255a05b6e9b895fef993616518363be54fc6,react_app_rewired,1,238,14768,  ● Affliction Warlock integration test: example log › PhantomSingularity › matches the statistic snapshot,acceptable,2026-09-19T13:48:37.854732+00:00,49f9534f2c6a6c1d,20,0ab7fdf1aff0
wowanalyzer,1611503093_1145255a05b6e9b895fef993616518363be54fc6,react_app_rewired,1,239,14823,  ● Affliction Warlock integration test: example log › PhantomSingularity › matches the suggestions snapshot,acceptable,2026-09-19T13:48:37.857099+00:00,0410dfeffcc12ac3,14,0ab7fdf1aff0
wowanalyzer,1611503093_1145255a05b6e9b895fef993616518363be54fc6,react_app_rewired,1,240,14878,  ● Affliction Warlock integration test: example log › VileTaint › matches the statistic snapshot,acceptable,2026-09-19T13:48:37.859563+00:00,b9ca5316e13b3be0,14,0ab7fdf1aff0
wowanalyzer,1611503093_1145255a05b6e9b895fef993616518363be54fc6,react_app_rewired,1,241,14933,  ● Affliction Warlock integration test: example log › VileTaint › matches the suggestions snapshot,acceptable,2026-09-19T13:48:37.861927+00:00,84ccc6c8629ecedc,14,0ab7fdf1aff0
wowanalyzer,1611503093_1145255a05b6e9b895fef993616518363be54fc6,react_app_rewired,1,242,14988,  ● Affliction Warlock integration test: example log › Haunt › matches the statistic snapshot,acceptable,2026-09-19T13:48:37.864315+00:00,c8c0f2aaeadebf57,20,0ab7fdf1aff0
wowanalyzer,1611503093_1145255a05b6e9b895fef993616518363be54fc6,react_app_rewired,1,243,15043,  ● Affliction Warlock integration test: example log › Haunt › matches the suggestions snapshot,acceptable,2026-09-19T13:48:37.866703+00:00,ceb7ebf1a293ed90,15,0ab7fdf1aff0
wowanalyzer,1611503093_1145255a05b6e9b895fef993616518363be54fc6,react_app_rewired,1,244,15318,  ● Affliction Warlock integration test: example log › ScouringTitheUptime › matches the statistic snapshot,acceptable,2026-09-19T13:48:37.869224+00:00,f5bce9ed7b93132b,14,0ab7fdf1aff0
wowanalyzer,1611503093_1145255a05b6e9b895fef993616518363be54fc6,react_app_rewired,1,245,15373,  ● Affliction Warlock integration test: example log › ScouringTitheUptime › matches the suggestions snapshot,acceptable,2026-09-19T13:48:37.871646+00:00,6ff54a206dbe1bc8,14,0ab7fdf1aff0
wowanalyzer,1611503093_1145255a05b6e9b895fef993616518363be54fc6,react_app_rewired,1,246,18000,  ● Arcane Mage integration test: example log › ArcaneManaValues › matches the statistic snapshot,acceptable,2026-09-19T13:48:37.874083+00:00,44a66231ed5a7f7b,12,0ab7fdf1aff0
wowanalyzer,1611503093_1145255a05b6e9b895fef993616518363be54fc6,react_app_rewired,1,247,18055,  ● Arcane Mage integration test: example log › ArcaneManaValues › matches the suggestions snapshot,acceptable,2026-09-19T13:48:37.879274+00:00,a4afa53bccd025f8,12,0ab7fdf1aff0
wowanalyzer,1611503093_1145255a05b6e9b895fef993616518363be54fc6,react_app_rewired,1,248,20970,  ● Arcane Mage integration test: example log › ManaTab › matches the statistic snapshot,acceptable,2026-09-19T13:48:37.881804+00:00,b9f1f0de1e5b93eb,12,0ab7fdf1aff0
wowanalyzer,1611503093_1145255a05b6e9b895fef993616518363be54fc6,react_app_rewired,1,249,21025,  ● Arcane Mage integration test: example log › ManaTab › matches the suggestions snapshot,acceptable,2026-09-19T13:48:37.884345+00:00,f101f1749e1d0d95,12,0ab7fdf1aff0
wowanalyzer,1611503093_1145255a05b6e9b895fef993616518363be54fc6,react_app_rewired,1,250,21190,  ● Arcane Mage integration test: example log › ArcaneChargeTracker › matches the statistic snapshot,acceptable,2026-09-19T13:48:37.886820+00:00,e3579c50addc1f22,12,0ab7fdf1aff0
wowanalyzer,1611503093_1145255a05b6e9b895fef993616518363be54fc6,react_app_rewired,1,251,21245,  ● Arcane Mage integration test: example log › ArcaneChargeTracker › matches the suggestions snapshot,acceptable,2026-09-19T13:48:37.889458+00:00,8912b970ca4f4198,12,0ab7fdf1aff0
wowanalyzer,1611503093_1145255a05b6e9b895fef993616518363be54fc6,react_app_rewired,1,252,21300,  ● Arcane Mage integration test: example log › ArcanePower › matches the statistic snapshot,acceptable,2026-09-19T13:48:37.891149+00:00,5a6076e0748af9b7,16,0ab7fdf1aff0
wowanalyzer,1611503093_1145255a05b6e9b895fef993616518363be54fc6,react_app_rewired,1,253,21355,  ● Arcane Mage integration test: example log › ArcanePower › matches the suggestions snapshot,acceptable,2026-09-19T13:48:37.892615+00:00,2739e1880bbbf538,11,0ab7fdf1aff0
wowanalyzer,1611503093_1145255a05b6e9b895fef993616518363be54fc6,react_app_rewired,1,254,21410,  ● Arcane Mage integration test: example log › ArcanePowerActiveTime › matches the statistic snapshot,acceptable,2026-09-19T13:48:37.894091+00:00,4444ccc79c0729e7,22,0ab7fdf1aff0
wowanalyzer,1611503093_1145255a05b6e9b895fef993616518363be54fc6,react_app_rewired,1,255,21465,  ● Arcane Mage integration test: example log › ArcanePowerActiveTime › matches the suggestions snapshot,acceptable,2026-09-19T13:48:37.895610+00:00,529f5a1167df47da,13,0ab7fdf1aff0
wowanalyzer,1611503093_1145255a05b6e9b895fef993616518363be54fc6,react_app_rewired,1,256,21520,  ● Arcane Mage integration test: example log › ArcaneMissiles › matches the statistic snapshot,acceptable,2026-09-19T13:48:37.897131+00:00,2339f5ace00435b3,12,0ab7fdf1aff0
wowanalyzer,1611503093_1145255a05b6e9b895fef993616518363be54fc6,react_app_rewired,1,257,21575,  ● Arcane Mage integration test: example log › ArcaneMissiles › matches the suggestions snapshot,acceptable,2026-09-19T13:48:37.898602+00:00,91a9d260a5753530,17,0ab7fdf1aff0
wowanalyzer,1611503093_1145255a05b6e9b895fef993616518363be54fc6,react_app_rewired,1,258,21630,  ● Arcane Mage integration test: example log › MirrorImage › matches the statistic snapshot,acceptable,2026-09-19T13:48:37.900110+00:00,a641640309461bc3,18,0ab7fdf1aff0
wowanalyzer,1611503093_1145255a05b6e9b895fef993616518363be54fc6,react_app_rewired,1,259,21685,  ● Arcane Mage integration test: example log › MirrorImage › matches the suggestions snapshot,acceptable,2026-09-19T13:48:37.901582+00:00,6b84b74a6db19d23,12,0ab7fdf1aff0
wowanalyzer,1611503093_1145255a05b6e9b895fef993616518363be54fc6,react_app_rewired,1,260,21740,  ● Arcane Mage integration test: example log › ElementalBarrier › matches the statistic snapshot,acceptable,2026-09-19T13:48:37.903118+00:00,287dc70a091d311e,18,0ab7fdf1aff0
wowanalyzer,1611503093_1145255a05b6e9b895fef993616518363be54fc6,react_app_rewired,1,261,21795,  ● Arcane Mage integration test: example log › ElementalBarrier › matches the suggestions snapshot,acceptable,2026-09-19T13:48:37.904582+00:00,d1092eb1019d8c18,12,0ab7fdf1aff0
wowanalyzer,1611503093_1145255a05b6e9b895fef993616518363be54fc6,react_app_rewired,1,262,21850,  ● Arcane Mage integration test: example log › ArcaneFamiliar › matches the statistic snapshot,acceptable,2026-09-19T13:48:37.906072+00:00,5a05d3cc7bf570aa,12,0ab7fdf1aff0
wowanalyzer,1611503093_1145255a05b6e9b895fef993616518363be54fc6,react_app_rewired,1,263,21905,  ● Arcane Mage integration test: example log › ArcaneFamiliar › matches the suggestions snapshot,acceptable,2026-09-19T13:48:37.907553+00:00,50eb438b28d25dbb,12,0ab7fdf1aff0
wowanalyzer,1611503093_1145255a05b6e9b895fef993616518363be54fc6,react_app_rewired,1,264,21960,  ● Arcane Mage integration test: example log › ArcaneIntellect › matches the statistic snapshot,acceptable,2026-09-19T13:48:37.909112+00:00,78b6d75560579947,12,0ab7fdf1aff0
wowanalyzer,1611503093_1145255a05b6e9b895fef993616518363be54fc6,react_app_rewired,1,265,22015,  ● Arcane Mage integration test: example log › ArcaneIntellect › matches the suggestions snapshot,acceptable,2026-09-19T13:48:37.910599+00:00,288df566b0251e3d,14,0ab7fdf1aff0
wowanalyzer,1611503093_1145255a05b6e9b895fef993616518363be54fc6,react_app_rewired,1,266,22070,  ● Arcane Mage integration test: example log › RuneOfPower › matches the statistic snapshot,acceptable,2026-09-19T13:48:37.912105+00:00,89325d708f2c5dfb,22,0ab7fdf1aff0
wowanalyzer,1611503093_1145255a05b6e9b895fef993616518363be54fc6,react_app_rewired,1,267,22125,  ● Arcane Mage integration test: example log › RuneOfPower › matches the suggestions snapshot,acceptable,2026-09-19T13:48:37.913676+00:00,21271e2396d9df2d,17,0ab7fdf1aff0
wowanalyzer,1611503093_1145255a05b6e9b895fef993616518363be54fc6,react_app_rewired,1,268,22180,  ● Arcane Mage integration test: example log › ArcaneOrb › matches the statistic snapshot,acceptable,2026-09-19T13:48:37.915255+00:00,a8ca04d091de035f,14,0ab7fdf1aff0
wowanalyzer,1611503093_1145255a05b6e9b895fef993616518363be54fc6,react_app_rewired,1,269,22235,  ● Arcane Mage integration test: example log › ArcaneOrb › matches the suggestions snapshot,acceptable,2026-09-19T13:48:37.916804+00:00,92b717e811689759,13,0ab7fdf1aff0
wowanalyzer,1611503093_1145255a05b6e9b895fef993616518363be54fc6,react_app_rewired,1,270,22290,  ● Arcane Mage integration test: example log › RuleOfThrees › matches the statistic snapshot,acceptable,2026-09-19T13:48:37.918380+00:00,643864934cfbe6f8,12,0ab7fdf1aff0
wowanalyzer,1611503093_1145255a05b6e9b895fef993616518363be54fc6,react_app_rewired,1,271,22345,  ● Arcane Mage integration test: example log › RuleOfThrees › matches the suggestions snapshot,acceptable,2026-09-19T13:48:37.919959+00:00,df2547ef3c977701,12,0ab7fdf1aff0
wowanalyzer,1611503093_1145255a05b6e9b895fef993616518363be54fc6,react_app_rewired,1,272,22400,  ● Arcane Mage integration test: example log › TimeAnomaly › matches the statistic snapshot,acceptable,2026-09-19T13:48:37.921529+00:00,ad6546544e3ee4e9,12,0ab7fdf1aff0
wowanalyzer,1611503093_1145255a05b6e9b895fef993616518363be54fc6,react_app_rewired,1,273,22455,  ● Arcane Mage integration test: example log › TimeAnomaly › matches the suggestions snapshot,acceptable,2026-09-19T13:48:37.923089+00:00,e08d43406b69825d,12,0ab7fdf1aff0
wowanalyzer,1611503093_1145255a05b6e9b895fef993616518363be54fc6,react_app_rewired,1,274,22510,  ● Arcane Mage integration test: example log › MasterOfTime › matches the statistic snapshot,acceptable,2026-09-19T13:48:37.924634+00:00,3c176f77e7c68b38,12,0ab7fdf1aff0
wowanalyzer,1611503093_1145255a05b6e9b895fef993616518363be54fc6,react_app_rewired,1,275,22565,  ● Arcane Mage integration test: example log › MasterOfTime › matches the suggestions snapshot,acceptable,2026-09-19T13:48:37.926207+00:00,dabc3a033dfc3e21,12,0ab7fdf1aff0
wowanalyzer,1611503093_1145255a05b6e9b895fef993616518363be54fc6,react_app_rewired,1,276,22620,  ● Arcane Mage integration test: example log › ArcaneEcho › matches the statistic snapshot,acceptable,2026-09-19T13:48:37.927747+00:00,9418bb70d5a5eb70,14,0ab7fdf1aff0
wowanalyzer,1611503093_1145255a05b6e9b895fef993616518363be54fc6,react_app_rewired,1,277,22675,  ● Arcane Mage integration test: example log › ArcaneEcho › matches the suggestions snapshot,acceptable,2026-09-19T13:48:37.929308+00:00,b4aaa98c107271da,17,0ab7fdf1aff0
wowanalyzer,1611503093_1145255a05b6e9b895fef993616518363be54fc6,react_app_rewired,1,278,22730,  ● Arcane Mage integration test: example log › ArcaneHarmony › matches the statistic snapshot,acceptable,2026-09-19T13:48:37.931232+00:00,ed328b47b777f648,12,0ab7fdf1aff0
wowanalyzer,1611503093_1145255a05b6e9b895fef993616518363be54fc6,react_app_rewired,1,279,22785,  ● Arcane Mage integration test: example log › ArcaneHarmony › matches the suggestions snapshot,acceptable,2026-09-19T13:48:37.933176+00:00,5aad828b6f16ac49,12,0ab7fdf1aff0
wowanalyzer,1611503093_1145255a05b6e9b895fef993616518363be54fc6,react_app_rewired,1,280,22840,  ● Arcane Mage integration test: example log › ArcaneBombardment › matches the statistic snapshot,acceptable,2026-09-19T13:48:37.934758+00:00,6fc9578d864f6803,12,0ab7fdf1aff0
wowanalyzer,1611503093_1145255a05b6e9b895fef993616518363be54fc6,react_app_rewired,1,281,22895,  ● Arcane Mage integration test: example log › ArcaneBombardment › matches the suggestions snapshot,acceptable,2026-09-19T13:48:37.936330+00:00,c785082a039b73ad,12,0ab7fdf1aff0
wowanalyzer,1611503093_1145255a05b6e9b895fef993616518363be54fc6,react_app_rewired,1,282,22950,  ● Arcane Mage integration test: example log › ShiftingPower › matches the statistic snapshot,acceptable,2026-09-19T13:48:37.937953+00:00,dd6a382e164c2def,15,0ab7fdf1aff0
wowanalyzer,1611503093_1145255a05b6e9b895fef993616518363be54fc6,react_app_rewired,1,283,23005,  ● Arcane Mage integration test: example log › ShiftingPower › matches the suggestions snapshot,acceptable,2026-09-19T13:48:37.939522+00:00,92ae13ec772943a1,12,0ab7fdf1aff0
wowanalyzer,1611503093_1145255a05b6e9b895fef993616518363be54fc6,react_app_rewired,1,284,23060,  ● Arcane Mage integration test: example log › ArcaneProdigy › matches the statistic snapshot,acceptable,2026-09-19T13:48:37.941109+00:00,f7bb577f4dd47042,21,0ab7fdf1aff0
wowanalyzer,1611503093_1145255a05b6e9b895fef993616518363be54fc6,react_app_rewired,1,285,23115,  ● Arcane Mage integration test: example log › ArcaneProdigy › matches the suggestions snapshot,acceptable,2026-09-19T13:48:37.942678+00:00,34061f4753ed15b8,12,0ab7fdf1aff0
wowanalyzer,1611503093_1145255a05b6e9b895fef993616518363be54fc6,react_app_rewired,1,286,23170,  ● Arcane Mage integration test: example log › ArtificeOfTheArchmage › matches the statistic snapshot,acceptable,2026-09-19T13:48:37.944287+00:00,70b9e38848615ea6,12,0ab7fdf1aff0
wowanalyzer,1611503093_1145255a05b6e9b895fef993616518363be54fc6,react_app_rewired,1,287,23225,  ● Arcane Mage integration test: example log › ArtificeOfTheArchmage › matches the suggestions snapshot,acceptable,2026-09-19T13:48:37.945920+00:00,49602ec2749b88a3,12,0ab7fdf1aff0
wowanalyzer,1611503093_1145255a05b6e9b895fef993616518363be54fc6,react_app_rewired,1,288,23280,  ● Arcane Mage integration test: example log › DivertedEnergy › matches the statistic snapshot,acceptable,2026-09-19T13:48:37.947521+00:00,cd7788e810e3e300,21,0ab7fdf1aff0
wowanalyzer,1611503093_1145255a05b6e9b895fef993616518363be54fc6,react_app_rewired,1,289,23335,  ● Arcane Mage integration test: example log › DivertedEnergy › matches the suggestions snapshot,acceptable,2026-09-19T13:48:37.949118+00:00,24fb46ec8d76ed62,12,0ab7fdf1aff0
wowanalyzer,1611503093_1145255a05b6e9b895fef993616518363be54fc6,react_app_rewired,1,290,23390,  ● Arcane Mage integration test: example log › GroundingSurge › matches the statistic snapshot,acceptable,2026-09-19T13:48:37.950701+00:00,62da7f3f32c0824f,12,0ab7fdf1aff0
wowanalyzer,1611503093_1145255a05b6e9b895fef993616518363be54fc6,react_app_rewired,1,291,23445,  ● Arcane Mage integration test: example log › GroundingSurge › matches the suggestions snapshot,acceptable,2026-09-19T13:48:37.952467+00:00,60d9ed3e4dc1ab12,12,0ab7fdf1aff0
wowanalyzer,1611503093_1145255a05b6e9b895fef993616518363be54fc6,react_app_rewired,1,292,23500,  ● Arcane Mage integration test: example log › IreOfTheAscended › matches the statistic snapshot,acceptable,2026-09-19T13:48:37.954099+00:00,a03ce4f21a5a0aec,21,0ab7fdf1aff0
wowanalyzer,1611503093_1145255a05b6e9b895fef993616518363be54fc6,react_app_rewired,1,293,23555,  ● Arcane Mage integration test: example log › IreOfTheAscended › matches the suggestions snapshot,acceptable,2026-09-19T13:48:37.955715+00:00,51988624595730c0,12,0ab7fdf1aff0
wowanalyzer,1611503093_1145255a05b6e9b895fef993616518363be54fc6,react_app_rewired,1,294,23610,  ● Arcane Mage integration test: example log › TempestBarrier › matches the statistic snapshot,acceptable,2026-09-19T13:48:37.957379+00:00,0aa7170a226ebb01,12,0ab7fdf1aff0
wowanalyzer,1611503093_1145255a05b6e9b895fef993616518363be54fc6,react_app_rewired,1,295,23665,  ● Arcane Mage integration test: example log › TempestBarrier › matches the suggestions snapshot,acceptable,2026-09-19T13:48:37.959050+00:00,914672f818b48f11,12,0ab7fdf1aff0
wowanalyzer,1611503093_1145255a05b6e9b895fef993616518363be54fc6,react_app_rewired,1,296,23720,  ● Arcane Mage integration test: example log › SiphonedMalice › matches the statistic snapshot,acceptable,2026-09-19T13:48:37.960678+00:00,3b8f4ddc9f7e65ea,21,0ab7fdf1aff0
wowanalyzer,1611503093_1145255a05b6e9b895fef993616518363be54fc6,react_app_rewired,1,297,23775,  ● Arcane Mage integration test: example log › SiphonedMalice › matches the suggestions snapshot,acceptable,2026-09-19T13:48:37.962314+00:00,bbd873b0af97b699,12,0ab7fdf1aff0
wowanalyzer,1611503093_1145255a05b6e9b895fef993616518363be54fc6,react_app_rewired,1,298,29372,  ● Unholy Death Knight integration test: example log › FesteringStrikeEfficiency › matches the statistic snapshot,acceptable,2026-09-19T13:48:37.963973+00:00,47168e7c254775f5,15,0ab7fdf1aff0
wowanalyzer,1611503093_1145255a05b6e9b895fef993616518363be54fc6,react_app_rewired,1,299,29427,  ● Unholy Death Knight integration test: example log › FesteringStrikeEfficiency › matches the suggestions snapshot,acceptable,2026-09-19T13:48:37.965611+00:00,55912503ca64e8f2,13,0ab7fdf1aff0
wowanalyzer,1611503093_1145255a05b6e9b895fef993616518363be54fc6,react_app_rewired,1,300,29482,  ● Unholy Death Knight integration test: example log › ScourgeStrikeEfficiency › matches the statistic snapshot,acceptable,2026-09-19T13:48:37.967272+00:00,d0157fa434cfbf85,15,0ab7fdf1aff0
wowanalyzer,1611503093_1145255a05b6e9b895fef993616518363be54fc6,react_app_rewired,1,301,29537,  ● Unholy Death Knight integration test: example log › ScourgeStrikeEfficiency › matches the suggestions snapshot,acceptable,2026-09-19T13:48:37.968965+00:00,d2725d3b2e98224b,13,0ab7fdf1aff0
wowanalyzer,1611503093_1145255a05b6e9b895fef993616518363be54fc6,react_app_rewired,1,302,29592,  ● Unholy Death Knight integration test: example log › Apocalypse › matches the statistic snapshot,acceptable,2026-09-19T13:48:37.970628+00:00,8544621c6861d036,15,0ab7fdf1aff0
wowanalyzer,1611503093_1145255a05b6e9b895fef993616518363be54fc6,react_app_rewired,1,303,29647,  ● Unholy Death Knight integration test: example log › Apocalypse › matches the suggestions snapshot,acceptable,2026-09-19T13:48:37.972323+00:00,e7cd65a10b79b1ec,13,0ab7fdf1aff0
wowanalyzer,1611503093_1145255a05b6e9b895fef993616518363be54fc6,react_app_rewired,1,304,29702,  ● Unholy Death Knight integration test: example log › VirulentPlagueEfficiency › matches the statistic snapshot,acceptable,2026-09-19T13:48:37.974017+00:00,493360724469638e,16,0ab7fdf1aff0
wowanalyzer,1611503093_1145255a05b6e9b895fef993616518363be54fc6,react_app_rewired,1,305,29757,  ● Unholy Death Knight integration test: example log › VirulentPlagueEfficiency › matches the suggestions snapshot,acceptable,2026-09-19T13:48:37.975681+00:00,4a77cd70dd7ab356,13,0ab7fdf1aff0
wowanalyzer,1611503093_1145255a05b6e9b895fef993616518363be54fc6,react_app_rewired,1,306,29812,  ● Unholy Death Knight integration test: example log › WoundTracker › matches the statistic snapshot,acceptable,2026-09-19T13:48:37.977380+00:00,eb22def8c20e642d,13,0ab7fdf1aff0
wowanalyzer,1611503093_1145255a05b6e9b895fef993616518363be54fc6,react_app_rewired,1,307,29867,  ● Unholy Death Knight integration test: example log › WoundTracker › matches the suggestions snapshot,acceptable,2026-09-19T13:48:37.979114+00:00,2ee131b93b433dc8,13,0ab7fdf1aff0
wowanalyzer,1611503093_1145255a05b6e9b895fef993616518363be54fc6,react_app_rewired,1,308,29922,  ● Unholy Death Knight integration test: example log › SoulReaper › matches the statistic snapshot,acceptable,2026-09-19T13:48:37.980807+00:00,dff6f594df552c28,20,0ab7fdf1aff0
wowanalyzer,1611503093_1145255a05b6e9b895fef993616518363be54fc6,react_app_rewired,1,309,29977,  ● Unholy Death Knight integration test: example log › SoulReaper › matches the suggestions snapshot,acceptable,2026-09-19T13:48:37.982494+00:00,db0ab445d096b718,13,0ab7fdf1aff0
wowanalyzer,1611503093_1145255a05b6e9b895fef993616518363be54fc6,react_app_rewired,1,310,30032,  ● Unholy Death Knight integration test: example log › ArmyOfTheDamned › matches the statistic snapshot,acceptable,2026-09-19T13:48:37.984234+00:00,ad4cde8d388bf2d7,19,0ab7fdf1aff0
wowanalyzer,1611503093_1145255a05b6e9b895fef993616518363be54fc6,react_app_rewired,1,311,30087,  ● Unholy Death Knight integration test: example log › ArmyOfTheDamned › matches the suggestions snapshot,acceptable,2026-09-19T13:48:37.985931+00:00,9b726fbc4afa2cc5,13,0ab7fdf1aff0
wowanalyzer,1611503093_1145255a05b6e9b895fef993616518363be54fc6,react_app_rewired,1,312,30142,  ● Unholy Death Knight integration test: example log › RunicPowerTracker › matches the statistic snapshot,acceptable,2026-09-19T13:48:37.987635+00:00,94300bd3e23d2e02,16,0ab7fdf1aff0
wowanalyzer,1611503093_1145255a05b6e9b895fef993616518363be54fc6,react_app_rewired,1,313,30197,  ● Unholy Death Knight integration test: example log › RunicPowerTracker › matches the suggestions snapshot,acceptable,2026-09-19T13:48:37.989341+00:00,a8875d2769394979,16,0ab7fdf1aff0
wowanalyzer,1611503093_1145255a05b6e9b895fef993616518363be54fc6,react_app_rewired,1,314,30252,  ● Unholy Death Knight integration test: example log › RunicPowerDetails › matches the statistic snapshot,acceptable,2026-09-19T13:48:37.991093+00:00,9a80f690ac2ade75,18,0ab7fdf1aff0
wowanalyzer,1611503093_1145255a05b6e9b895fef993616518363be54fc6,react_app_rewired,1,315,30307,  ● Unholy Death Knight integration test: example log › RunicPowerDetails › matches the suggestions snapshot,acceptable,2026-09-19T13:48:37.992800+00:00,cefdc76cebe705d2,16,0ab7fdf1aff0
wowanalyzer,1611503093_1145255a05b6e9b895fef993616518363be54fc6,react_app_rewired,1,316,30362,  ● Unholy Death Knight integration test: example log › RuneTracker › matches the statistic snapshot,acceptable,2026-09-19T13:48:37.994561+00:00,0bca2fb85e36f6ab,28,0ab7fdf1aff0
wowanalyzer,1611503093_1145255a05b6e9b895fef993616518363be54fc6,react_app_rewired,1,317,30417,  ● Unholy Death Knight integration test: example log › RuneTracker › matches the suggestions snapshot,acceptable,2026-09-19T13:48:37.996290+00:00,da73a7458f135923,26,0ab7fdf1aff0
wowanalyzer,1611503093_1145255a05b6e9b895fef993616518363be54fc6,react_app_rewired,1,318,30472,  ● Unholy Death Knight integration test: example log › RuneDetails › matches the statistic snapshot,acceptable,2026-09-19T13:48:37.998075+00:00,5a813ac0ed9eeeec,16,0ab7fdf1aff0
wowanalyzer,1611503093_1145255a05b6e9b895fef993616518363be54fc6,react_app_rewired,1,319,30527,  ● Unholy Death Knight integration test: example log › RuneDetails › matches the suggestions snapshot,acceptable,2026-09-19T13:48:37.999796+00:00,79ed5ac059d8749e,16,0ab7fdf1aff0
wowanalyzer,1611503093_1145255a05b6e9b895fef993616518363be54fc6,react_app_rewired,1,320,30582,  ● Unholy Death Knight integration test: example log › RuneOfTheFallenCrusader › matches the statistic snapshot,acceptable,2026-09-19T13:48:38.001562+00:00,8206493a5b7cce2b,19,0ab7fdf1aff0
wowanalyzer,1611503093_1145255a05b6e9b895fef993616518363be54fc6,react_app_rewired,1,321,30637,  ● Unholy Death Knight integration test: example log › RuneOfTheFallenCrusader › matches the suggestions snapshot,acceptable,2026-09-19T13:48:38.003307+00:00,be439019b03564c2,16,0ab7fdf1aff0
wowanalyzer,1611503093_1145255a05b6e9b895fef993616518363be54fc6,react_app_rewired,1,322,30692,  ● Unholy Death Knight integration test: example log › RuneOfHysteria › matches the statistic snapshot,acceptable,2026-09-19T13:48:38.005104+00:00,bc044188b58ef204,16,0ab7fdf1aff0
wowanalyzer,1611503093_1145255a05b6e9b895fef993616518363be54fc6,react_app_rewired,1,323,30747,  ● Unholy Death Knight integration test: example log › RuneOfHysteria › matches the suggestions snapshot,acceptable,2026-09-19T13:48:38.006865+00:00,6f30f5549a051e83,16,0ab7fdf1aff0
wowanalyzer,1611503093_1145255a05b6e9b895fef993616518363be54fc6,react_app_rewired,1,324,30802,  ● Unholy Death Knight integration test: example log › Superstrain › matches the statistic snapshot,acceptable,2026-09-19T13:48:38.008624+00:00,d156ab3f82dc6802,16,0ab7fdf1aff0
wowanalyzer,1611503093_1145255a05b6e9b895fef993616518363be54fc6,react_app_rewired,1,325,30857,  ● Unholy Death Knight integration test: example log › Superstrain › matches the suggestions snapshot,acceptable,2026-09-19T13:48:38.010388+00:00,305dabfeedf794e7,16,0ab7fdf1aff0
wowanalyzer,1611503093_1145255a05b6e9b895fef993616518363be54fc6,react_app_rewired,1,326,30912,  ● Unholy Death Knight integration test: example log › SwarmingMist › matches the statistic snapshot,acceptable,2026-09-19T13:48:38.012189+00:00,66dbb1882f775bc8,23,0ab7fdf1aff0
wowanalyzer,1611503093_1145255a05b6e9b895fef993616518363be54fc6,react_app_rewired,1,327,30967,  ● Unholy Death Knight integration test: example log › SwarmingMist › matches the suggestions snapshot,acceptable,2026-09-19T13:48:38.013951+00:00,f3df510c8cc77488,17,0ab7fdf1aff0
wowanalyzer,1611503093_1145255a05b6e9b895fef993616518363be54fc6,react_app_rewired,1,328,31022,  ● Unholy Death Knight integration test: example log › ConvocationOfTheDead › matches the statistic snapshot,acceptable,2026-09-19T13:48:38.015719+00:00,1230faea079cd8e3,13,0ab7fdf1aff0
wowanalyzer,1611503093_1145255a05b6e9b895fef993616518363be54fc6,react_app_rewired,1,329,31077,  ● Unholy Death Knight integration test: example log › ConvocationOfTheDead › matches the suggestions snapshot,acceptable,2026-09-19T13:48:38.017495+00:00,3563e41dd0740531,13,0ab7fdf1aff0
wowanalyzer,1611503093_1145255a05b6e9b895fef993616518363be54fc6,react_app_rewired,1,330,36674,  ● Frost Death Knight integration test: example log › HardHowlingBlastCasts › matches the statistic snapshot,acceptable,2026-09-19T13:48:38.019327+00:00,a48bb24538f3bf3a,15,0ab7fdf1aff0
wowanalyzer,1611503093_1145255a05b6e9b895fef993616518363be54fc6,react_app_rewired,1,331,36729,  ● Frost Death Knight integration test: example log › HardHowlingBlastCasts › matches the suggestions snapshot,acceptable,2026-09-19T13:48:38.021116+00:00,f124fc17529c65df,13,0ab7fdf1aff0
wowanalyzer,1611503093_1145255a05b6e9b895fef993616518363be54fc6,react_app_rewired,1,332,36784,  ● Frost Death Knight integration test: example log › FrostFeverUptime › matches the statistic snapshot,acceptable,2026-09-19T13:48:38.022949+00:00,cedf6e3389c28834,16,0ab7fdf1aff0
wowanalyzer,1611503093_1145255a05b6e9b895fef993616518363be54fc6,react_app_rewired,1,333,36839,  ● Frost Death Knight integration test: example log › FrostFeverUptime › matches the suggestions snapshot,acceptable,2026-09-19T13:48:38.024750+00:00,546132fd33abaf00,19,0ab7fdf1aff0
wowanalyzer,1611503093_1145255a05b6e9b895fef993616518363be54fc6,react_app_rewired,1,334,36894,  ● Frost Death Knight integration test: example log › RimeEfficiency › matches the statistic snapshot,acceptable,2026-09-19T13:48:38.026614+00:00,ae59956205be36c9,15,0ab7fdf1aff0
wowanalyzer,1611503093_1145255a05b6e9b895fef993616518363be54fc6,react_app_rewired,1,335,36949,  ● Frost Death Knight integration test: example log › RimeEfficiency › matches the suggestions snapshot,acceptable,2026-09-19T13:48:38.028501+00:00,246579f379494eb7,13,0ab7fdf1aff0
wowanalyzer,1611503093_1145255a05b6e9b895fef993616518363be54fc6,react_app_rewired,1,336,37004,  ● Frost Death Knight integration test: example log › KillingMachineEfficiency › matches the statistic snapshot,acceptable,2026-09-19T13:48:38.031245+00:00,b50f5604ceba01fa,15,0ab7fdf1aff0
wowanalyzer,1611503093_1145255a05b6e9b895fef993616518363be54fc6,react_app_rewired,1,337,37059,  ● Frost Death Knight integration test: example log › KillingMachineEfficiency › matches the suggestions snapshot,acceptable,2026-09-19T13:48:38.034316+00:00,2f2d10c983e0c35b,13,0ab7fdf1aff0
wowanalyzer,1611503093_1145255a05b6e9b895fef993616518363be54fc6,react_app_rewired,1,338,37114,  ● Frost Death Knight integration test: example log › BreathOfSindragosa › matches the statistic snapshot,acceptable,2026-09-19T13:48:38.037306+00:00,2fedebc41819e978,19,0ab7fdf1aff0
wowanalyzer,1611503093_1145255a05b6e9b895fef993616518363be54fc6,react_app_rewired,1,339,37169,  ● Frost Death Knight integration test: example log › BreathOfSindragosa › matches the suggestions snapshot,acceptable,2026-09-19T13:48:38.040288+00:00,79361dd6bb6a61c7,18,0ab7fdf1aff0
wowanalyzer,1611503093_1145255a05b6e9b895fef993616518363be54fc6,react_app_rewired,1,340,37224,  ● Frost Death Knight integration test: example log › HypothermicPresence › matches the statistic snapshot,acceptable,2026-09-19T13:48:38.043703+00:00,f6ae1873b1ee0878,13,0ab7fdf1aff0
wowanalyzer,1611503093_1145255a05b6e9b895fef993616518363be54fc6,react_app_rewired,1,341,37279,  ● Frost Death Knight integration test: example log › HypothermicPresence › matches the suggestions snapshot,acceptable,2026-09-19T13:48:38.046732+00:00,294098b51166f62c,13,0ab7fdf1aff0
wowanalyzer,1611503093_1145255a05b6e9b895fef993616518363be54fc6,react_app_rewired,1,342,37774,  ● Frost Death Knight integration test: example log › GatheringStorm › matches the statistic snapshot,acceptable,2026-09-19T13:48:38.049737+00:00,0fd65866a5dcfbab,23,0ab7fdf1aff0
wowanalyzer,1611503093_1145255a05b6e9b895fef993616518363be54fc6,react_app_rewired,1,343,37829,  ● Frost Death Knight integration test: example log › GatheringStorm › matches the suggestions snapshot,acceptable,2026-09-19T13:48:38.052731+00:00,8a28659466ed0430,13,0ab7fdf1aff0
wowanalyzer,1611503093_1145255a05b6e9b895fef993616518363be54fc6,react_app_rewired,1,344,37884,  ● Frost Death Knight integration test: example log › Frostscythe › matches the statistic snapshot,acceptable,2026-09-19T13:48:38.055832+00:00,5aba32567016b4fe,15,0ab7fdf1aff0
wowanalyzer,1611503093_1145255a05b6e9b895fef993616518363be54fc6,react_app_rewired,1,345,37939,  ● Frost Death Knight integration test: example log › Frostscythe › matches the suggestions snapshot,acceptable,2026-09-19T13:48:38.058841+00:00,b342c65c65b749f4,13,0ab7fdf1aff0
wowanalyzer,1611503093_1145255a05b6e9b895fef993616518363be54fc6,react_app_rewired,1,346,44086,  ● Frost Mage integration test: example log › WintersChill › matches the statistic snapshot,acceptable,2026-09-19T13:48:38.061839+00:00,4a35328b70898a02,18,0ab7fdf1aff0
wowanalyzer,1611503093_1145255a05b6e9b895fef993616518363be54fc6,react_app_rewired,1,347,44141,  ● Frost Mage integration test: example log › WintersChill › matches the suggestions snapshot,acceptable,2026-09-19T13:48:38.063890+00:00,e8b890e2c12d70cd,17,0ab7fdf1aff0
wowanalyzer,1611503093_1145255a05b6e9b895fef993616518363be54fc6,react_app_rewired,1,348,44196,  ● Frost Mage integration test: example log › BrainFreeze › matches the statistic snapshot,acceptable,2026-09-19T13:48:38.065779+00:00,ea9bfd91ba7af985,14,0ab7fdf1aff0
wowanalyzer,1611503093_1145255a05b6e9b895fef993616518363be54fc6,react_app_rewired,1,349,44251,  ● Frost Mage integration test: example log › BrainFreeze › matches the suggestions snapshot,acceptable,2026-09-19T13:48:38.067679+00:00,fd78818be53151bd,17,0ab7fdf1aff0
wowanalyzer,1611503093_1145255a05b6e9b895fef993616518363be54fc6,react_app_rewired,1,350,44306,  ● Frost Mage integration test: example log › IceLance › matches the statistic snapshot,acceptable,2026-09-19T13:48:38.069552+00:00,ff658474fcefed14,14,0ab7fdf1aff0
wowanalyzer,1611503093_1145255a05b6e9b895fef993616518363be54fc6,react_app_rewired,1,351,44361,  ● Frost Mage integration test: example log › IceLance › matches the suggestions snapshot,acceptable,2026-09-19T13:48:38.071422+00:00,b46ea93a6a719a13,17,0ab7fdf1aff0
wowanalyzer,1611503093_1145255a05b6e9b895fef993616518363be54fc6,react_app_rewired,1,352,44416,  ● Frost Mage integration test: example log › IcyVeins › matches the statistic snapshot,acceptable,2026-09-19T13:48:38.073332+00:00,288c57094d4dfc99,24,0ab7fdf1aff0
wowanalyzer,1611503093_1145255a05b6e9b895fef993616518363be54fc6,react_app_rewired,1,353,44471,  ● Frost Mage integration test: example log › IcyVeins › matches the suggestions snapshot,acceptable,2026-09-19T13:48:38.075218+00:00,14040dca8f572220,19,0ab7fdf1aff0
wowanalyzer,1611503093_1145255a05b6e9b895fef993616518363be54fc6,react_app_rewired,1,354,44856,  ● Frost Mage integration test: example log › WaterElemental › matches the statistic snapshot,acceptable,2026-09-19T13:48:38.077154+00:00,018c8393a1b20ca3,12,0ab7fdf1aff0
wowanalyzer,1611503093_1145255a05b6e9b895fef993616518363be54fc6,react_app_rewired,1,355,44911,  ● Frost Mage integration test: example log › WaterElemental › matches the suggestions snapshot,acceptable,2026-09-19T13:48:38.079038+00:00,76b34556691ff386,12,0ab7fdf1aff0
wowanalyzer,1611503093_1145255a05b6e9b895fef993616518363be54fc6,react_app_rewired,1,356,44966,  ● Frost Mage integration test: example log › BoneChilling › matches the statistic snapshot,acceptable,2026-09-19T13:48:38.080950+00:00,e651183502d637b3,12,0ab7fdf1aff0
wowanalyzer,1611503093_1145255a05b6e9b895fef993616518363be54fc6,react_app_rewired,1,357,45021,  ● Frost Mage integration test: example log › BoneChilling › matches the suggestions snapshot,acceptable,2026-09-19T13:48:38.082848+00:00,1d8ee881dbfa4789,12,0ab7fdf1aff0
wowanalyzer,1611503093_1145255a05b6e9b895fef993616518363be54fc6,react_app_rewired,1,358,45076,  ● Frost Mage integration test: example log › LonelyWinter › matches the statistic snapshot,acceptable,2026-09-19T13:48:38.084803+00:00,ae15b3095f306291,18,0ab7fdf1aff0
wowanalyzer,1611503093_1145255a05b6e9b895fef993616518363be54fc6,react_app_rewired,1,359,45131,  ● Frost Mage integration test: example log › LonelyWinter › matches the suggestions snapshot,acceptable,2026-09-19T13:48:38.086754+00:00,ee4e87c6ae12d56c,12,0ab7fdf1aff0
wowanalyzer,1611503093_1145255a05b6e9b895fef993616518363be54fc6,react_app_rewired,1,360,45186,  ● Frost Mage integration test: example log › FocusMagic › matches the statistic snapshot,acceptable,2026-09-19T13:48:38.088684+00:00,3403a35c457d9ef8,12,0ab7fdf1aff0
wowanalyzer,1611503093_1145255a05b6e9b895fef993616518363be54fc6,react_app_rewired,1,361,45241,  ● Frost Mage integration test: example log › FocusMagic › matches the suggestions snapshot,acceptable,2026-09-19T13:48:38.090603+00:00,8e30f3541f16278c,12,0ab7fdf1aff0
wowanalyzer,1611503093_1145255a05b6e9b895fef993616518363be54fc6,react_app_rewired,1,362,45406,  ● Frost Mage integration test: example log › SplittingIce › matches the statistic snapshot,acceptable,2026-09-19T13:48:38.092579+00:00,47d7f4375eb0e15b,23,0ab7fdf1aff0
wowanalyzer,1611503093_1145255a05b6e9b895fef993616518363be54fc6,react_app_rewired,1,363,45461,  ● Frost Mage integration test: example log › SplittingIce › matches the suggestions snapshot,acceptable,2026-09-19T13:48:38.094504+00:00,04c2eae6a67b8ae6,12,0ab7fdf1aff0
wowanalyzer,1611503093_1145255a05b6e9b895fef993616518363be54fc6,react_app_rewired,1,364,45516,  ● Frost Mage integration test: example log › ThermalVoid › matches the statistic snapshot,acceptable,2026-09-19T13:48:38.096433+00:00,b7daa6fea326c2b7,17,0ab7fdf1aff0
wowanalyzer,1611503093_1145255a05b6e9b895fef993616518363be54fc6,react_app_rewired,1,365,45571,  ● Frost Mage integration test: example log › ThermalVoid › matches the suggestions snapshot,acceptable,2026-09-19T13:48:38.098369+00:00,fcd6c5ddafaca965,12,0ab7fdf1aff0
wowanalyzer,1611503093_1145255a05b6e9b895fef993616518363be54fc6,react_app_rewired,1,366,45626,  ● Frost Mage integration test: example log › GlacialSpike › matches the statistic snapshot,acceptable,2026-09-19T13:48:38.100339+00:00,1b8d6fd2c891e589,12,0ab7fdf1aff0
wowanalyzer,1611503093_1145255a05b6e9b895fef993616518363be54fc6,react_app_rewired,1,367,45681,  ● Frost Mage integration test: example log › GlacialSpike › matches the suggestions snapshot,acceptable,2026-09-19T13:48:38.102274+00:00,07d9475cfe57c520,12,0ab7fdf1aff0
wowanalyzer,1611503093_1145255a05b6e9b895fef993616518363be54fc6,react_app_rewired,1,368,45736,  ● Frost Mage integration test: example log › FrozenOrb › matches the statistic snapshot,acceptable,2026-09-19T13:48:38.104223+00:00,1baee2fe9395b9fe,12,0ab7fdf1aff0
wowanalyzer,1611503093_1145255a05b6e9b895fef993616518363be54fc6,react_app_rewired,1,369,45791,  ● Frost Mage integration test: example log › FrozenOrb › matches the suggestions snapshot,acceptable,2026-09-19T13:48:38.106260+00:00,ce3d2082ea6554f3,12,0ab7fdf1aff0
wowanalyzer,1611503093_1145255a05b6e9b895fef993616518363be54fc6,react_app_rewired,1,370,45846,  ● Frost Mage integration test: example log › ColdSnap › matches the statistic snapshot,acceptable,2026-09-19T13:48:38.108262+00:00,edcc677ec99c0a85,12,0ab7fdf1aff0
wowanalyzer,1611503093_1145255a05b6e9b895fef993616518363be54fc6,react_app_rewired,1,371,45901,  ● Frost Mage integration test: example log › ColdSnap › matches the suggestions snapshot,acceptable,2026-09-19T13:48:38.110231+00:00,8cf0d3330ad84fd5,12,0ab7fdf1aff0
wowanalyzer,1611503093_1145255a05b6e9b895fef993616518363be54fc6,react_app_rewired,1,372,45956,  ● Frost Mage integration test: example log › ColdFront › matches the statistic snapshot,acceptable,2026-09-19T13:48:38.112222+00:00,3736ee1d6f291bc4,12,0ab7fdf1aff0
wowanalyzer,1611503093_1145255a05b6e9b895fef993616518363be54fc6,react_app_rewired,1,373,46011,  ● Frost Mage integration test: example log › ColdFront › matches the suggestions snapshot,acceptable,2026-09-19T13:48:38.114194+00:00,acfb083bb25a6484,12,0ab7fdf1aff0
wowanalyzer,1611503093_1145255a05b6e9b895fef993616518363be54fc6,react_app_rewired,1,374,46066,  ● Frost Mage integration test: example log › GlacialFragments › matches the statistic snapshot,acceptable,2026-09-19T13:48:38.116221+00:00,677b4d3466deb1e9,12,0ab7fdf1aff0
wowanalyzer,1611503093_1145255a05b6e9b895fef993616518363be54fc6,react_app_rewired,1,375,46121,  ● Frost Mage integration test: example log › GlacialFragments › matches the suggestions snapshot,acceptable,2026-09-19T13:48:38.118207+00:00,2f02aed0b1775c6f,12,0ab7fdf1aff0
wowanalyzer,1611503093_1145255a05b6e9b895fef993616518363be54fc6,react_app_rewired,1,376,46286,  ● Frost Mage integration test: example log › IceBite › matches the statistic snapshot,acceptable,2026-09-19T13:48:38.120199+00:00,5150f056d2a649a6,27,0ab7fdf1aff0
wowanalyzer,1611503093_1145255a05b6e9b895fef993616518363be54fc6,react_app_rewired,1,377,46341,  ● Frost Mage integration test: example log › IceBite › matches the suggestions snapshot,acceptable,2026-09-19T13:48:38.122182+00:00,b7529679e37dee9f,12,0ab7fdf1aff0
wowanalyzer,1611503093_1145255a05b6e9b895fef993616518363be54fc6,react_app_rewired,1,378,46396,  ● Frost Mage integration test: example log › IcyPropulsion › matches the statistic snapshot,acceptable,2026-09-19T13:48:38.124179+00:00,6f834bdee0ad8c9f,21,0ab7fdf1aff0
wowanalyzer,1611503093_1145255a05b6e9b895fef993616518363be54fc6,react_app_rewired,1,379,46451,  ● Frost Mage integration test: example log › IcyPropulsion › matches the suggestions snapshot,acceptable,2026-09-19T13:48:38.126169+00:00,865bc5ae589691a8,12,0ab7fdf1aff0
wowanalyzer,1611503093_1145255a05b6e9b895fef993616518363be54fc6,react_app_rewired,1,380,46506,  ● Frost Mage integration test: example log › ShiveringCore › matches the statistic snapshot,acceptable,2026-09-19T13:48:38.128193+00:00,662ef5f572be7667,12,0ab7fdf1aff0
wowanalyzer,1611503093_1145255a05b6e9b895fef993616518363be54fc6,react_app_rewired,1,381,46561,  ● Frost Mage integration test: example log › ShiveringCore › matches the suggestions snapshot,acceptable,2026-09-19T13:48:38.130271+00:00,5c40d2aba7a46768,12,0ab7fdf1aff0
wowanalyzer,1611503093_1145255a05b6e9b895fef993616518363be54fc6,react_app_rewired,1,382,46616,  ● Frost Mage integration test: example log › UnrelentingCold › matches the statistic snapshot,acceptable,2026-09-19T13:48:38.133648+00:00,2c2d687c8964f436,12,0ab7fdf1aff0
wowanalyzer,1611503093_1145255a05b6e9b895fef993616518363be54fc6,react_app_rewired,1,383,46671,  ● Frost Mage integration test: example log › UnrelentingCold › matches the suggestions snapshot,acceptable,2026-09-19T13:48:38.135705+00:00,22017ef8e3e2fccb,12,0ab7fdf1aff0
wowanalyzer,1611503093_1145255a05b6e9b895fef993616518363be54fc6,react_app_rewired,1,384,52928,  ● Fire Mage integration test: example log › HotStreak › matches the statistic snapshot,acceptable,2026-09-19T13:48:38.137772+00:00,a0eafed642faffff,19,0ab7fdf1aff0
wowanalyzer,1611503093_1145255a05b6e9b895fef993616518363be54fc6,react_app_rewired,1,385,52983,  ● Fire Mage integration test: example log › HotStreak › matches the suggestions snapshot,acceptable,2026-09-19T13:48:38.139801+00:00,e467b26ebc7da079,12,0ab7fdf1aff0
wowanalyzer,1611503093_1145255a05b6e9b895fef993616518363be54fc6,react_app_rewired,1,386,53038,  ● Fire Mage integration test: example log › HotStreakPreCasts › matches the statistic snapshot,acceptable,2026-09-19T13:48:38.141831+00:00,f52ba01c81f385d7,12,0ab7fdf1aff0
wowanalyzer,1611503093_1145255a05b6e9b895fef993616518363be54fc6,react_app_rewired,1,387,53093,  ● Fire Mage integration test: example log › HotStreakPreCasts › matches the suggestions snapshot,acceptable,2026-09-19T13:48:38.143901+00:00,e86988978d79c2e9,17,0ab7fdf1aff0
wowanalyzer,1611503093_1145255a05b6e9b895fef993616518363be54fc6,react_app_rewired,1,388,53148,  ● Fire Mage integration test: example log › HotStreakWastedCrits › matches the statistic snapshot,acceptable,2026-09-19T13:48:38.146003+00:00,592a6a70f1b6dce1,12,0ab7fdf1aff0
wowanalyzer,1611503093_1145255a05b6e9b895fef993616518363be54fc6,react_app_rewired,1,389,53203,  ● Fire Mage integration test: example log › HotStreakWastedCrits › matches the suggestions snapshot,acceptable,2026-09-19T13:48:38.148091+00:00,878be5bed439a68f,17,0ab7fdf1aff0
wowanalyzer,1611503093_1145255a05b6e9b895fef993616518363be54fc6,react_app_rewired,1,390,53258,  ● Fire Mage integration test: example log › CombustionFirestarter › matches the statistic snapshot,acceptable,2026-09-19T13:48:38.150165+00:00,6e4d4f6ecb219c92,12,0ab7fdf1aff0
wowanalyzer,1611503093_1145255a05b6e9b895fef993616518363be54fc6,react_app_rewired,1,391,53313,  ● Fire Mage integration test: example log › CombustionFirestarter › matches the suggestions snapshot,acceptable,2026-09-19T13:48:38.152216+00:00,fed60977a32562da,12,0ab7fdf1aff0
wowanalyzer,1611503093_1145255a05b6e9b895fef993616518363be54fc6,react_app_rewired,1,392,53368,  ● Fire Mage integration test: example log › CombustionCharges › matches the statistic snapshot,acceptable,2026-09-19T13:48:38.154304+00:00,5fd8c28a17982817,12,0ab7fdf1aff0
wowanalyzer,1611503093_1145255a05b6e9b895fef993616518363be54fc6,react_app_rewired,1,393,53423,  ● Fire Mage integration test: example log › CombustionCharges › matches the suggestions snapshot,acceptable,2026-09-19T13:48:38.156396+00:00,c885dcb0fb0a1862,17,0ab7fdf1aff0
wowanalyzer,1611503093_1145255a05b6e9b895fef993616518363be54fc6,react_app_rewired,1,394,53478,  ● Fire Mage integration test: example log › CombustionSpellUsage › matches the statistic snapshot,acceptable,2026-09-19T13:48:38.158454+00:00,bdf4e4b8870bc07c,12,0ab7fdf1aff0
wowanalyzer,1611503093_1145255a05b6e9b895fef993616518363be54fc6,react_app_rewired,1,395,53533,  ● Fire Mage integration test: example log › CombustionSpellUsage › matches the suggestions snapshot,acceptable,2026-09-19T13:48:38.160519+00:00,da5fffcad9efecb2,17,0ab7fdf1aff0
wowanalyzer,1611503093_1145255a05b6e9b895fef993616518363be54fc6,react_app_rewired,1,396,53588,  ● Fire Mage integration test: example log › CombustionActiveTime › matches the statistic snapshot,acceptable,2026-09-19T13:48:38.162608+00:00,ce9b96c1e2b33cd0,30,0ab7fdf1aff0
wowanalyzer,1611503093_1145255a05b6e9b895fef993616518363be54fc6,react_app_rewired,1,397,53643,  ● Fire Mage integration test: example log › CombustionActiveTime › matches the suggestions snapshot,acceptable,2026-09-19T13:48:38.164686+00:00,1ad3c4c114c78a64,25,0ab7fdf1aff0
wowanalyzer,1611503093_1145255a05b6e9b895fef993616518363be54fc6,react_app_rewired,1,398,53698,  ● Fire Mage integration test: example log › PhoenixFlames › matches the statistic snapshot,acceptable,2026-09-19T13:48:38.166832+00:00,720433b79c5fd1e0,12,0ab7fdf1aff0
wowanalyzer,1611503093_1145255a05b6e9b895fef993616518363be54fc6,react_app_rewired,1,399,53753,  ● Fire Mage integration test: example log › PhoenixFlames › matches the suggestions snapshot,acceptable,2026-09-19T13:48:38.168926+00:00,c5e17fe3e08402d0,21,0ab7fdf1aff0
wowanalyzer,1611503093_1145255a05b6e9b895fef993616518363be54fc6,react_app_rewired,1,400,53808,  ● Fire Mage integration test: example log › HeatingUp › matches the statistic snapshot,acceptable,2026-09-19T13:48:38.171025+00:00,2767b4666fd49792,18,0ab7fdf1aff0
wowanalyzer,1611503093_1145255a05b6e9b895fef993616518363be54fc6,react_app_rewired,1,401,53863,  ● Fire Mage integration test: example log › HeatingUp › matches the suggestions snapshot,acceptable,2026-09-19T13:48:38.173159+00:00,c518a3673c253dd1,17,0ab7fdf1aff0
wowanalyzer,1611503093_1145255a05b6e9b895fef993616518363be54fc6,react_app_rewired,1,402,54358,  ● Fire Mage integration test: example log › Kindling › matches the statistic snapshot,acceptable,2026-09-19T13:48:38.175303+00:00,9db3f45f003170fd,18,0ab7fdf1aff0
wowanalyzer,1611503093_1145255a05b6e9b895fef993616518363be54fc6,react_app_rewired,1,403,54413,  ● Fire Mage integration test: example log › Kindling › matches the suggestions snapshot,acceptable,2026-09-19T13:48:38.177419+00:00,c8abaf83eb88b243,12,0ab7fdf1aff0
wowanalyzer,1611503093_1145255a05b6e9b895fef993616518363be54fc6,react_app_rewired,1,404,54468,  ● Fire Mage integration test: example log › Meteor › matches the statistic snapshot,acceptable,2026-09-19T13:48:38.179536+00:00,fc219defc390f4d0,12,0ab7fdf1aff0
wowanalyzer,1611503093_1145255a05b6e9b895fef993616518363be54fc6,react_app_rewired,1,405,54523,  ● Fire Mage integration test: example log › Meteor › matches the suggestions snapshot,acceptable,2026-09-19T13:48:38.181705+00:00,0f676214bd655abf,12,0ab7fdf1aff0
wowanalyzer,1611503093_1145255a05b6e9b895fef993616518363be54fc6,react_app_rewired,1,406,54578,  ● Fire Mage integration test: example log › MeteorRune › matches the statistic snapshot,acceptable,2026-09-19T13:48:38.183814+00:00,6c29fe3f960fd98c,12,0ab7fdf1aff0
wowanalyzer,1611503093_1145255a05b6e9b895fef993616518363be54fc6,react_app_rewired,1,407,54633,  ● Fire Mage integration test: example log › MeteorRune › matches the suggestions snapshot,acceptable,2026-09-19T13:48:38.185940+00:00,97329959f1e24aeb,12,0ab7fdf1aff0
wowanalyzer,1611503093_1145255a05b6e9b895fef993616518363be54fc6,react_app_rewired,1,408,54688,  ● Fire Mage integration test: example log › MeteorCombustion › matches the statistic snapshot,acceptable,2026-09-19T13:48:38.188072+00:00,f850a25d69ce31f2,12,0ab7fdf1aff0
wowanalyzer,1611503093_1145255a05b6e9b895fef993616518363be54fc6,react_app_rewired,1,409,54743,  ● Fire Mage integration test: example log › MeteorCombustion › matches the suggestions snapshot,acceptable,2026-09-19T13:48:38.190256+00:00,41025b81c0fa285f,12,0ab7fdf1aff0
wowanalyzer,1611503093_1145255a05b6e9b895fef993616518363be54fc6,react_app_rewired,1,410,54798,  ● Fire Mage integration test: example log › Pyroclasm › matches the statistic snapshot,acceptable,2026-09-19T13:48:38.192395+00:00,2d0ea9db404c0143,12,0ab7fdf1aff0
wowanalyzer,1611503093_1145255a05b6e9b895fef993616518363be54fc6,react_app_rewired,1,411,54853,  ● Fire Mage integration test: example log › Pyroclasm › matches the suggestions snapshot,acceptable,2026-09-19T13:48:38.194523+00:00,0cde005fd9016a2e,12,0ab7fdf1aff0
wowanalyzer,1611503093_1145255a05b6e9b895fef993616518363be54fc6,react_app_rewired,1,412,54908,  ● Fire Mage integration test: example log › SearingTouch › matches the statistic snapshot,acceptable,2026-09-19T13:48:38.196673+00:00,65627d3872c2a6d8,14,0ab7fdf1aff0
wowanalyzer,1611503093_1145255a05b6e9b895fef993616518363be54fc6,react_app_rewired,1,413,54963,  ● Fire Mage integration test: example log › SearingTouch › matches the suggestions snapshot,acceptable,2026-09-19T13:48:38.198837+00:00,4a4cec60eb84f2db,12,0ab7fdf1aff0
wowanalyzer,1611503093_1145255a05b6e9b895fef993616518363be54fc6,react_app_rewired,1,414,55018,  ● Fire Mage integration test: example log › FromTheAshes › matches the statistic snapshot,acceptable,2026-09-19T13:48:38.201036+00:00,369a1446be18ea08,12,0ab7fdf1aff0
wowanalyzer,1611503093_1145255a05b6e9b895fef993616518363be54fc6,react_app_rewired,1,415,55073,  ● Fire Mage integration test: example log › FromTheAshes › matches the suggestions snapshot,acceptable,2026-09-19T13:48:38.203189+00:00,f85012b219822a0e,12,0ab7fdf1aff0
wowanalyzer,1611503093_1145255a05b6e9b895fef993616518363be54fc6,react_app_rewired,1,416,55128,  ● Fire Mage integration test: example log › FeveredIncantation › matches the statistic snapshot,acceptable,2026-09-19T13:48:38.205360+00:00,f0ab4f7da8634022,12,0ab7fdf1aff0
wowanalyzer,1611503093_1145255a05b6e9b895fef993616518363be54fc6,react_app_rewired,1,417,55183,  ● Fire Mage integration test: example log › FeveredIncantation › matches the suggestions snapshot,acceptable,2026-09-19T13:48:38.207578+00:00,c694b684aa68db31,12,0ab7fdf1aff0
wowanalyzer,1611503093_1145255a05b6e9b895fef993616518363be54fc6,react_app_rewired,1,418,55238,  ● Fire Mage integration test: example log › Firestorm › matches the statistic snapshot,acceptable,2026-09-19T13:48:38.209754+00:00,6f8e22f6985df54f,14,0ab7fdf1aff0
wowanalyzer,1611503093_1145255a05b6e9b895fef993616518363be54fc6,react_app_rewired,1,419,55293,  ● Fire Mage integration test: example log › Firestorm › matches the suggestions snapshot,acceptable,2026-09-19T13:48:38.211937+00:00,71cc61b216070ea4,12,0ab7fdf1aff0
wowanalyzer,1611503093_1145255a05b6e9b895fef993616518363be54fc6,react_app_rewired,1,420,55458,  ● Fire Mage integration test: example log › ShiftingPowerUsage › matches the statistic snapshot,acceptable,2026-09-19T13:48:38.214127+00:00,0047bc3c8ba689c7,12,0ab7fdf1aff0
wowanalyzer,1611503093_1145255a05b6e9b895fef993616518363be54fc6,react_app_rewired,1,421,55513,  ● Fire Mage integration test: example log › ShiftingPowerUsage › matches the suggestions snapshot,acceptable,2026-09-19T13:48:38.216357+00:00,54a0c87c467b30e9,17,0ab7fdf1aff0
wowanalyzer,1611503093_1145255a05b6e9b895fef993616518363be54fc6,react_app_rewired,1,422,55568,  ● Fire Mage integration test: example log › MirrorsOfTorment › matches the statistic snapshot,acceptable,2026-09-19T13:48:38.218537+00:00,f3337398d86989d6,12,0ab7fdf1aff0
wowanalyzer,1611503093_1145255a05b6e9b895fef993616518363be54fc6,react_app_rewired,1,423,55623,  ● Fire Mage integration test: example log › MirrorsOfTorment › matches the suggestions snapshot,acceptable,2026-09-19T13:48:38.220736+00:00,c4ea8dc2e408e549,12,0ab7fdf1aff0
wowanalyzer,1611503093_1145255a05b6e9b895fef993616518363be54fc6,react_app_rewired,1,424,55678,  ● Fire Mage integration test: example log › MasterFlame › matches the statistic snapshot,acceptable,2026-09-19T13:48:38.222948+00:00,f700397a528b058e,9,0ab7fdf1aff0
wowanalyzer,1611503093_1145255a05b6e9b895fef993616518363be54fc6,react_app_rewired,1,425,55733,  ● Fire Mage integration test: example log › MasterFlame › matches the suggestions snapshot,acceptable,2026-09-19T13:48:38.225146+00:00,ee0b2fa43f47f78c,9,0ab7fdf1aff0
wowanalyzer,1611503093_1145255a05b6e9b895fef993616518363be54fc6,react_app_rewired,1,426,55788,  ● Fire Mage integration test: example log › ControlledDestruction › matches the statistic snapshot,acceptable,2026-09-19T13:48:38.227395+00:00,a69dac7dbbf814e4,9,0ab7fdf1aff0
wowanalyzer,1611503093_1145255a05b6e9b895fef993616518363be54fc6,react_app_rewired,1,427,55843,  ● Fire Mage integration test: example log › ControlledDestruction › matches the suggestions snapshot,acceptable,2026-09-19T13:48:38.229645+00:00,259140d6c5b26899,9,0ab7fdf1aff0
wowanalyzer,1611503093_1145255a05b6e9b895fef993616518363be54fc6,react_app_rewired,1,428,55898,  ● Fire Mage integration test: example log › InfernalCascade › matches the statistic snapshot,acceptable,2026-09-19T13:48:38.231912+00:00,4a7e034461e00a55,28,0ab7fdf1aff0
wowanalyzer,1611503093_1145255a05b6e9b895fef993616518363be54fc6,react_app_rewired,1,429,55953,  ● Fire Mage integration test: example log › InfernalCascade › matches the suggestions snapshot,acceptable,2026-09-19T13:48:38.234193+00:00,e43f371ca86bb066,17,0ab7fdf1aff0
wowanalyzer,1611503093_1145255a05b6e9b895fef993616518363be54fc6,react_app_rewired,1,430,61990,  ● Elemental Shaman integration test: Hungering Destroyer log › FlameShock › matches the statistic snapshot,acceptable,2026-09-19T13:48:38.236451+00:00,a35f2c9cb7fe2390,16,0ab7fdf1aff0
wowanalyzer,1611503093_1145255a05b6e9b895fef993616518363be54fc6,react_app_rewired,1,431,62045,  ● Elemental Shaman integration test: Hungering Destroyer log › FlameShock › matches the suggestions snapshot,acceptable,2026-09-19T13:48:38.238686+00:00,f57d8d1c1a19e6a0,15,0ab7fdf1aff0
wowanalyzer,1611503093_1145255a05b6e9b895fef993616518363be54fc6,react_app_rewired,1,432,62100,  ● Elemental Shaman integration test: Hungering Destroyer log › LavaSurge › matches the statistic snapshot,acceptable,2026-09-19T13:48:38.240960+00:00,506cc6339c76ed69,14,0ab7fdf1aff0
wowanalyzer,1611503093_1145255a05b6e9b895fef993616518363be54fc6,react_app_rewired,1,433,62155,  ● Elemental Shaman integration test: Hungering Destroyer log › LavaSurge › matches the suggestions snapshot,acceptable,2026-09-19T13:48:38.243238+00:00,fa9c838591d8c8af,14,0ab7fdf1aff0
wowanalyzer,1611503093_1145255a05b6e9b895fef993616518363be54fc6,react_app_rewired,1,434,62320,  ● Elemental Shaman integration test: Hungering Destroyer log › EarthenRage › matches the statistic snapshot,acceptable,2026-09-19T13:48:38.245531+00:00,f7957648d5fefef7,14,0ab7fdf1aff0
wowanalyzer,1611503093_1145255a05b6e9b895fef993616518363be54fc6,react_app_rewired,1,435,62375,  ● Elemental Shaman integration test: Hungering Destroyer log › EarthenRage › matches the suggestions snapshot,acceptable,2026-09-19T13:48:38.247780+00:00,1587202e51628b1c,14,0ab7fdf1aff0
wowanalyzer,1611503093_1145255a05b6e9b895fef993616518363be54fc6,react_app_rewired,1,436,62430,  ● Elemental Shaman integration test: Hungering Destroyer log › Aftershock › matches the statistic snapshot,acceptable,2026-09-19T13:48:38.250080+00:00,501ce27509f870a8,14,0ab7fdf1aff0
wowanalyzer,1611503093_1145255a05b6e9b895fef993616518363be54fc6,react_app_rewired,1,437,62485,  ● Elemental Shaman integration test: Hungering Destroyer log › Aftershock › matches the suggestions snapshot,acceptable,2026-09-19T13:48:38.252388+00:00,2c9e9022e95a5c48,14,0ab7fdf1aff0
wowanalyzer,1611503093_1145255a05b6e9b895fef993616518363be54fc6,react_app_rewired,1,438,62540,  ● Elemental Shaman integration test: Hungering Destroyer log › ElementalBlast › matches the statistic snapshot,acceptable,2026-09-19T13:48:38.254655+00:00,dcfb19b5873d2551,16,0ab7fdf1aff0
wowanalyzer,1611503093_1145255a05b6e9b895fef993616518363be54fc6,react_app_rewired,1,439,62595,  ● Elemental Shaman integration test: Hungering Destroyer log › ElementalBlast › matches the suggestions snapshot,acceptable,2026-09-19T13:48:38.256923+00:00,e5e1a9f2f3491729,14,0ab7fdf1aff0
wowanalyzer,1611503093_1145255a05b6e9b895fef993616518363be54fc6,react_app_rewired,1,440,62650,  ● Elemental Shaman integration test: Hungering Destroyer log › SpiritWolf › matches the statistic snapshot,acceptable,2026-09-19T13:48:38.259221+00:00,442f8391589d1458,16,0ab7fdf1aff0
wowanalyzer,1611503093_1145255a05b6e9b895fef993616518363be54fc6,react_app_rewired,1,441,62705,  ● Elemental Shaman integration test: Hungering Destroyer log › SpiritWolf › matches the suggestions snapshot,acceptable,2026-09-19T13:48:38.261552+00:00,c07b99bb2a3a6e37,14,0ab7fdf1aff0
wowanalyzer,1611503093_1145255a05b6e9b895fef993616518363be54fc6,react_app_rewired,1,442,62760,  ● Elemental Shaman integration test: Hungering Destroyer log › EarthShield › matches the statistic snapshot,acceptable,2026-09-19T13:48:38.263837+00:00,c0aea1882fc92890,14,0ab7fdf1aff0
wowanalyzer,1611503093_1145255a05b6e9b895fef993616518363be54fc6,react_app_rewired,1,443,62815,  ● Elemental Shaman integration test: Hungering Destroyer log › EarthShield › matches the suggestions snapshot,acceptable,2026-09-19T13:48:38.266123+00:00,e19fee29ebb9539e,14,0ab7fdf1aff0
wowanalyzer,1611503093_1145255a05b6e9b895fef993616518363be54fc6,react_app_rewired,1,444,62870,  ● Elemental Shaman integration test: Hungering Destroyer log › StaticCharge › matches the statistic snapshot,acceptable,2026-09-19T13:48:38.268436+00:00,8e4a918c5b52c8cc,14,0ab7fdf1aff0
wowanalyzer,1611503093_1145255a05b6e9b895fef993616518363be54fc6,react_app_rewired,1,445,62925,  ● Elemental Shaman integration test: Hungering Destroyer log › StaticCharge › matches the suggestions snapshot,acceptable,2026-09-19T13:48:38.270768+00:00,a6dfe57de676145f,14,0ab7fdf1aff0
wowanalyzer,1611503093_1145255a05b6e9b895fef993616518363be54fc6,react_app_rewired,1,446,62980,  ● Elemental Shaman integration test: Hungering Destroyer log › MasterOfTheElements › matches the statistic snapshot,acceptable,2026-09-19T13:48:38.273082+00:00,119f1443397993fb,20,0ab7fdf1aff0
wowanalyzer,1611503093_1145255a05b6e9b895fef993616518363be54fc6,react_app_rewired,1,447,63035,  ● Elemental Shaman integration test: Hungering Destroyer log › MasterOfTheElements › matches the suggestions snapshot,acceptable,2026-09-19T13:48:38.275393+00:00,5cb49c43c3248348,14,0ab7fdf1aff0
wowanalyzer,1611503093_1145255a05b6e9b895fef993616518363be54fc6,react_app_rewired,1,448,63090,  ● Elemental Shaman integration test: Hungering Destroyer log › StormElemental › matches the statistic snapshot,acceptable,2026-09-19T13:48:38.277716+00:00,8047c4ae9fd8ca51,14,0ab7fdf1aff0
wowanalyzer,1611503093_1145255a05b6e9b895fef993616518363be54fc6,react_app_rewired,1,449,63145,  ● Elemental Shaman integration test: Hungering Destroyer log › StormElemental › matches the suggestions snapshot,acceptable,2026-09-19T13:48:38.280121+00:00,e84ec763cbd11051,14,0ab7fdf1aff0
wowanalyzer,1611503093_1145255a05b6e9b895fef993616518363be54fc6,react_app_rewired,1,450,63200,  ● Elemental Shaman integration test: Hungering Destroyer log › LiquidMagmaTotem › matches the statistic snapshot,acceptable,2026-09-19T13:48:38.282442+00:00,a55e17f28e48dee8,14,0ab7fdf1aff0
wowanalyzer,1611503093_1145255a05b6e9b895fef993616518363be54fc6,react_app_rewired,1,451,63255,  ● Elemental Shaman integration test: Hungering Destroyer log › LiquidMagmaTotem › matches the suggestions snapshot,acceptable,2026-09-19T13:48:38.284749+00:00,d6315b347473b1fe,14,0ab7fdf1aff0
wowanalyzer,1611503093_1145255a05b6e9b895fef993616518363be54fc6,react_app_rewired,1,452,63310,  ● Elemental Shaman integration test: Hungering Destroyer log › SurgeOfPower › matches the statistic snapshot,acceptable,2026-09-19T13:48:38.287095+00:00,f7e9358a7fcb13f6,14,0ab7fdf1aff0
wowanalyzer,1611503093_1145255a05b6e9b895fef993616518363be54fc6,react_app_rewired,1,453,63365,  ● Elemental Shaman integration test: Hungering Destroyer log › SurgeOfPower › matches the suggestions snapshot,acceptable,2026-09-19T13:48:38.289453+00:00,2a752797e2e10a87,14,0ab7fdf1aff0
wowanalyzer,1611503093_1145255a05b6e9b895fef993616518363be54fc6,react_app_rewired,1,454,63420,  ● Elemental Shaman integration test: Hungering Destroyer log › PrimalFireElemental › matches the statistic snapshot,acceptable,2026-09-19T13:48:38.291795+00:00,6701fa5fc9021c94,20,0ab7fdf1aff0
wowanalyzer,1611503093_1145255a05b6e9b895fef993616518363be54fc6,react_app_rewired,1,455,63475,  ● Elemental Shaman integration test: Hungering Destroyer log › PrimalFireElemental › matches the suggestions snapshot,acceptable,2026-09-19T13:48:38.294146+00:00,b973f6c73cd716b4,14,0ab7fdf1aff0
wowanalyzer,1611503093_1145255a05b6e9b895fef993616518363be54fc6,react_app_rewired,1,456,63530,  ● Elemental Shaman integration test: Hungering Destroyer log › PrimalStormElemental › matches the statistic snapshot,acceptable,2026-09-19T13:48:38.296491+00:00,ebe7e22254959b22,14,0ab7fdf1aff0
wowanalyzer,1611503093_1145255a05b6e9b895fef993616518363be54fc6,react_app_rewired,1,457,63585,  ● Elemental Shaman integration test: Hungering Destroyer log › PrimalStormElemental › matches the suggestions snapshot,acceptable,2026-09-19T13:48:38.298852+00:00,0ba54c80050169cf,14,0ab7fdf1aff0
wowanalyzer,1611503093_1145255a05b6e9b895fef993616518363be54fc6,react_app_rewired,1,458,63640,  ● Elemental Shaman integration test: Hungering Destroyer log › Icefury › matches the statistic snapshot,acceptable,2026-09-19T13:48:38.301263+00:00,b410d8f0bb60406f,14,0ab7fdf1aff0
wowanalyzer,1611503093_1145255a05b6e9b895fef993616518363be54fc6,react_app_rewired,1,459,63695,  ● Elemental Shaman integration test: Hungering Destroyer log › Icefury › matches the suggestions snapshot,acceptable,2026-09-19T13:48:38.303624+00:00,9221978442871bc6,19,0ab7fdf1aff0
wowanalyzer,1611503093_1145255a05b6e9b895fef993616518363be54fc6,react_app_rewired,1,460,63750,  ● Elemental Shaman integration test: Hungering Destroyer log › UnlimitedPowerTimesByStacks › matches the statistic snapshot,acceptable,2026-09-19T13:48:38.306029+00:00,3334efabd775eeb0,14,0ab7fdf1aff0
wowanalyzer,1611503093_1145255a05b6e9b895fef993616518363be54fc6,react_app_rewired,1,461,63805,  ● Elemental Shaman integration test: Hungering Destroyer log › UnlimitedPowerTimesByStacks › matches the suggestions snapshot,acceptable,2026-09-19T13:48:38.308420+00:00,3231d43742628da0,14,0ab7fdf1aff0
wowanalyzer,1611503093_1145255a05b6e9b895fef993616518363be54fc6,react_app_rewired,1,462,63860,  ● Elemental Shaman integration test: Hungering Destroyer log › UnlimitedPower › matches the statistic snapshot,acceptable,2026-09-19T13:48:38.310867+00:00,e8f2202d21e9eb60,14,0ab7fdf1aff0
wowanalyzer,1611503093_1145255a05b6e9b895fef993616518363be54fc6,react_app_rewired,1,463,63915,  ● Elemental Shaman integration test: Hungering Destroyer log › UnlimitedPower › matches the suggestions snapshot,acceptable,2026-09-19T13:48:38.313253+00:00,22ab44c0175d4fae,14,0ab7fdf1aff0
wowanalyzer,1611503093_1145255a05b6e9b895fef993616518363be54fc6,react_app_rewired,1,464,63970,  ● Elemental Shaman integration test: Hungering Destroyer log › Stormkeeper › matches the statistic snapshot,acceptable,2026-09-19T13:48:38.315657+00:00,efe84bde03264255,20,0ab7fdf1aff0
wowanalyzer,1611503093_1145255a05b6e9b895fef993616518363be54fc6,react_app_rewired,1,465,64025,  ● Elemental Shaman integration test: Hungering Destroyer log › Stormkeeper › matches the suggestions snapshot,acceptable,2026-09-19T13:48:38.318073+00:00,adc6e25a99826cfb,14,0ab7fdf1aff0
wowanalyzer,1611503093_1145255a05b6e9b895fef993616518363be54fc6,react_app_rewired,1,466,64080,  ● Elemental Shaman integration test: Hungering Destroyer log › Ascendance › matches the statistic snapshot,acceptable,2026-09-19T13:48:38.320530+00:00,5e405be5b38bd43d,14,0ab7fdf1aff0
wowanalyzer,1611503093_1145255a05b6e9b895fef993616518363be54fc6,react_app_rewired,1,467,64135,  ● Elemental Shaman integration test: Hungering Destroyer log › Ascendance › matches the suggestions snapshot,acceptable,2026-09-19T13:48:38.322941+00:00,a39d207bdd2aef15,14,0ab7fdf1aff0
wowanalyzer,1611503093_1145255a05b6e9b895fef993616518363be54fc6,react_app_rewired,1,468,64190,  ● Elemental Shaman integration test: Hungering Destroyer log › StaticDischarge › matches the statistic snapshot,acceptable,2026-09-19T13:48:38.325354+00:00,59c0113f3fce17c7,14,0ab7fdf1aff0
wowanalyzer,1611503093_1145255a05b6e9b895fef993616518363be54fc6,react_app_rewired,1,469,64245,  ● Elemental Shaman integration test: Hungering Destroyer log › StaticDischarge › matches the suggestions snapshot,acceptable,2026-09-19T13:48:38.327788+00:00,51981c7f0bd4da04,14,0ab7fdf1aff0
wowanalyzer,1611503093_1145255a05b6e9b895fef993616518363be54fc6,react_app_rewired,1,470,64300,  ● Elemental Shaman integration test: Hungering Destroyer log › EchoingShock › matches the statistic snapshot,acceptable,2026-09-19T13:48:38.330356+00:00,8754c3ef3f4f550e,14,0ab7fdf1aff0
wowanalyzer,1611503093_1145255a05b6e9b895fef993616518363be54fc6,react_app_rewired,1,471,64355,  ● Elemental Shaman integration test: Hungering Destroyer log › EchoingShock › matches the suggestions snapshot,acceptable,2026-09-19T13:48:38.332943+00:00,672da39bdb383052,14,0ab7fdf1aff0
wowanalyzer,1611503093_1145255a05b6e9b895fef993616518363be54fc6,react_app_rewired,1,472,64410,  ● Elemental Shaman integration test: Hungering Destroyer log › MaelstromTracker › matches the statistic snapshot,acceptable,2026-09-19T13:48:38.335500+00:00,90ea360f8fe11c3c,14,0ab7fdf1aff0
wowanalyzer,1611503093_1145255a05b6e9b895fef993616518363be54fc6,react_app_rewired,1,473,64465,  ● Elemental Shaman integration test: Hungering Destroyer log › MaelstromTracker › matches the suggestions snapshot,acceptable,2026-09-19T13:48:38.338189+00:00,5fc4f61d8923abdf,14,0ab7fdf1aff0
wowanalyzer,1611503093_1145255a05b6e9b895fef993616518363be54fc6,react_app_rewired,1,474,64520,  ● Elemental Shaman integration test: Hungering Destroyer log › MaelstromDetails › matches the statistic snapshot,acceptable,2026-09-19T13:48:38.340755+00:00,04a0c5d062350145,23,0ab7fdf1aff0
wowanalyzer,1611503093_1145255a05b6e9b895fef993616518363be54fc6,react_app_rewired,1,475,64575,  ● Elemental Shaman integration test: Hungering Destroyer log › MaelstromDetails › matches the suggestions snapshot,acceptable,2026-09-19T13:48:38.343329+00:00,c28896d4ad6f7c7a,15,0ab7fdf1aff0
wowanalyzer,1611503093_1145255a05b6e9b895fef993616518363be54fc6,react_app_rewired,1,476,64630,  ● Elemental Shaman integration test: Hungering Destroyer log › MaelstromTab › matches the statistic snapshot,acceptable,2026-09-19T13:48:38.345943+00:00,e6ce4835d6f87562,14,0ab7fdf1aff0
wowanalyzer,1611503093_1145255a05b6e9b895fef993616518363be54fc6,react_app_rewired,1,477,64685,  ● Elemental Shaman integration test: Hungering Destroyer log › MaelstromTab › matches the suggestions snapshot,acceptable,2026-09-19T13:48:38.348662+00:00,63e6748134780a4a,14,0ab7fdf1aff0
wowanalyzer,1611503093_1145255a05b6e9b895fef993616518363be54fc6,react_app_rewired,1,478,64740,  ● Elemental Shaman integration test: Hungering Destroyer log › AstralShift › matches the statistic snapshot,acceptable,2026-09-19T13:48:38.351325+00:00,f5c14b1ce362d97a,16,0ab7fdf1aff0
wowanalyzer,1611503093_1145255a05b6e9b895fef993616518363be54fc6,react_app_rewired,1,479,64795,  ● Elemental Shaman integration test: Hungering Destroyer log › AstralShift › matches the suggestions snapshot,acceptable,2026-09-19T13:48:38.354023+00:00,ef4b6d2ad29d91de,14,0ab7fdf1aff0
wowanalyzer,1611503093_1145255a05b6e9b895fef993616518363be54fc6,react_app_rewired,1,480,78573,  ● Blood Death Knight integration test: example log › MitigationCheck › matches the statistic snapshot,acceptable,2026-09-19T13:48:38.356723+00:00,ee02bdb847221ef0,16,0ab7fdf1aff0
wowanalyzer,1611503093_1145255a05b6e9b895fef993616518363be54fc6,react_app_rewired,1,481,78628,  ● Blood Death Knight integration test: example log › MitigationCheck › matches the suggestions snapshot,acceptable,2026-09-19T13:48:38.359543+00:00,734d948f3a99c077,16,0ab7fdf1aff0
wowanalyzer,1611503093_1145255a05b6e9b895fef993616518363be54fc6,react_app_rewired,1,482,78793,  ● Blood Death Knight integration test: example log › CrimsonScourge › matches the statistic snapshot,acceptable,2026-09-19T13:48:38.362213+00:00,82b68f0e0191c2e0,18,0ab7fdf1aff0
wowanalyzer,1611503093_1145255a05b6e9b895fef993616518363be54fc6,react_app_rewired,1,483,78848,  ● Blood Death Knight integration test: example log › CrimsonScourge › matches the suggestions snapshot,acceptable,2026-09-19T13:48:38.364892+00:00,7297ad76213e6dcf,17,0ab7fdf1aff0
wowanalyzer,1611503093_1145255a05b6e9b895fef993616518363be54fc6,react_app_rewired,1,484,78903,  ● Blood Death Knight integration test: example log › DancingRuneWeapon › matches the statistic snapshot,acceptable,2026-09-19T13:48:38.367683+00:00,724e497e661359d2,16,0ab7fdf1aff0
wowanalyzer,1611503093_1145255a05b6e9b895fef993616518363be54fc6,react_app_rewired,1,485,78958,  ● Blood Death Knight integration test: example log › DancingRuneWeapon › matches the suggestions snapshot,acceptable,2026-09-19T13:48:38.370400+00:00,b41456762f1077a7,16,0ab7fdf1aff0
wowanalyzer,1611503093_1145255a05b6e9b895fef993616518363be54fc6,react_app_rewired,1,486,79013,  ● Blood Death Knight integration test: example log › InitialMarrowrendCast › matches the statistic snapshot,acceptable,2026-09-19T13:48:38.373054+00:00,985eeb66afa139ce,16,0ab7fdf1aff0
wowanalyzer,1611503093_1145255a05b6e9b895fef993616518363be54fc6,react_app_rewired,1,487,79068,  ● Blood Death Knight integration test: example log › InitialMarrowrendCast › matches the suggestions snapshot,acceptable,2026-09-19T13:48:38.375810+00:00,347b3c3fb2a4e721,16,0ab7fdf1aff0
wowanalyzer,1611503093_1145255a05b6e9b895fef993616518363be54fc6,react_app_rewired,1,488,79123,  ● Blood Death Knight integration test: example log › Blooddrinker › matches the statistic snapshot,acceptable,2026-09-19T13:48:38.378590+00:00,aaf947f5e9807ddb,18,0ab7fdf1aff0
wowanalyzer,1611503093_1145255a05b6e9b895fef993616518363be54fc6,react_app_rewired,1,489,79178,  ● Blood Death Knight integration test: example log › Blooddrinker › matches the suggestions snapshot,acceptable,2026-09-19T13:48:38.381362+00:00,08c2b73c500b62bf,16,0ab7fdf1aff0
wowanalyzer,1611503093_1145255a05b6e9b895fef993616518363be54fc6,react_app_rewired,1,490,79233,  ● Blood Death Knight integration test: example log › DeathStrikeTiming › matches the statistic snapshot,acceptable,2026-09-19T13:48:38.384157+00:00,b715251649e9ad72,16,0ab7fdf1aff0
wowanalyzer,1611503093_1145255a05b6e9b895fef993616518363be54fc6,react_app_rewired,1,491,79288,  ● Blood Death Knight integration test: example log › DeathStrikeTiming › matches the suggestions snapshot,acceptable,2026-09-19T13:48:38.386974+00:00,42aa8a03bc246df3,16,0ab7fdf1aff0
wowanalyzer,1611503093_1145255a05b6e9b895fef993616518363be54fc6,react_app_rewired,1,492,79343,  ● Blood Death Knight integration test: example log › MarrowrendUsage › matches the statistic snapshot,acceptable,2026-09-19T13:48:38.389709+00:00,a5739d4c46093c7c,18,0ab7fdf1aff0
wowanalyzer,1611503093_1145255a05b6e9b895fef993616518363be54fc6,react_app_rewired,1,493,79398,  ● Blood Death Knight integration test: example log › MarrowrendUsage › matches the suggestions snapshot,acceptable,2026-09-19T13:48:38.392494+00:00,ed0fd884d7287f81,16,0ab7fdf1aff0
wowanalyzer,1611503093_1145255a05b6e9b895fef993616518363be54fc6,react_app_rewired,1,494,79453,  ● Blood Death Knight integration test: example log › BoneShield › matches the statistic snapshot,acceptable,2026-09-19T13:48:38.395280+00:00,39abc943820b68f9,18,0ab7fdf1aff0
wowanalyzer,1611503093_1145255a05b6e9b895fef993616518363be54fc6,react_app_rewired,1,495,79508,  ● Blood Death Knight integration test: example log › BoneShield › matches the suggestions snapshot,acceptable,2026-09-19T13:48:38.398128+00:00,1bd9b69674b1ef1e,16,0ab7fdf1aff0
wowanalyzer,1611503093_1145255a05b6e9b895fef993616518363be54fc6,react_app_rewired,1,496,79563,  ● Blood Death Knight integration test: example log › BoneShieldStacksBySeconds › matches the statistic snapshot,acceptable,2026-09-19T13:48:38.400923+00:00,12bc3bbf2ee113ed,16,0ab7fdf1aff0
wowanalyzer,1611503093_1145255a05b6e9b895fef993616518363be54fc6,react_app_rewired,1,497,79618,  ● Blood Death Knight integration test: example log › BoneShieldStacksBySeconds › matches the suggestions snapshot,acceptable,2026-09-19T13:48:38.403749+00:00,67dd7af962e1385f,16,0ab7fdf1aff0
wowanalyzer,1611503093_1145255a05b6e9b895fef993616518363be54fc6,react_app_rewired,1,498,79673,  ● Blood Death Knight integration test: example log › DeathsCaress › matches the statistic snapshot,acceptable,2026-09-19T13:48:38.406547+00:00,e5abab6298021bf6,16,0ab7fdf1aff0
wowanalyzer,1611503093_1145255a05b6e9b895fef993616518363be54fc6,react_app_rewired,1,499,79728,  ● Blood Death Knight integration test: example log › DeathsCaress › matches the suggestions snapshot,acceptable,2026-09-19T13:48:38.409419+00:00,cf2bd05e13456051,16,0ab7fdf1aff0
wowanalyzer,1611503093_1145255a05b6e9b895fef993616518363be54fc6,react_app_rewired,1,500,79783,  ● Blood Death Knight integration test: example log › BloodPlagueUptime › matches the statistic snapshot,acceptable,2026-09-19T13:48:38.412235+00:00,54b9505d5f308a4c,18,0ab7fdf1aff0
wowanalyzer,1611503093_1145255a05b6e9b895fef993616518363be54fc6,react_app_rewired,1,501,79838,  ● Blood Death Knight integration test: example log › BloodPlagueUptime › matches the suggestions snapshot,acceptable,2026-09-19T13:48:38.415073+00:00,cb887576328ad5eb,16,0ab7fdf1aff0
wowanalyzer,1611503093_1145255a05b6e9b895fef993616518363be54fc6,react_app_rewired,1,502,80333,  ● Blood Death Knight integration test: example log › RedThirst › matches the statistic snapshot,acceptable,2026-09-19T13:48:38.417921+00:00,641afee33c15bc82,16,0ab7fdf1aff0
wowanalyzer,1611503093_1145255a05b6e9b895fef993616518363be54fc6,react_app_rewired,1,503,80388,  ● Blood Death Knight integration test: example log › RedThirst › matches the suggestions snapshot,acceptable,2026-09-19T13:48:38.420724+00:00,867a87f4861c74fb,16,0ab7fdf1aff0
wowanalyzer,1611503093_1145255a05b6e9b895fef993616518363be54fc6,react_app_rewired,1,504,80443,  ● Blood Death Knight integration test: example log › Bonestorm › matches the statistic snapshot,acceptable,2026-09-19T13:48:38.423553+00:00,29b94514d746718d,21,0ab7fdf1aff0
wowanalyzer,1611503093_1145255a05b6e9b895fef993616518363be54fc6,react_app_rewired,1,505,80498,  ● Blood Death Knight integration test: example log › Bonestorm › matches the suggestions snapshot,acceptable,2026-09-19T13:48:38.426340+00:00,637471c9950783a4,16,0ab7fdf1aff0
wowanalyzer,1611503093_1145255a05b6e9b895fef993616518363be54fc6,react_app_rewired,1,506,80553,  ● Blood Death Knight integration test: example log › MarkOfBlood › matches the statistic snapshot,acceptable,2026-09-19T13:48:38.429174+00:00,7a824a555f2a3782,16,0ab7fdf1aff0
wowanalyzer,1611503093_1145255a05b6e9b895fef993616518363be54fc6,react_app_rewired,1,507,80608,  ● Blood Death Knight integration test: example log › MarkOfBlood › matches the suggestions snapshot,acceptable,2026-09-19T13:48:38.432058+00:00,301c54f2de72d71c,16,0ab7fdf1aff0
wowanalyzer,1611503093_1145255a05b6e9b895fef993616518363be54fc6,react_app_rewired,1,508,80663,  ● Blood Death Knight integration test: example log › Hemostasis › matches the statistic snapshot,acceptable,2026-09-19T13:48:38.434941+00:00,9d0de18f108784d3,22,0ab7fdf1aff0
wowanalyzer,1611503093_1145255a05b6e9b895fef993616518363be54fc6,react_app_rewired,1,509,80718,  ● Blood Death Knight integration test: example log › Hemostasis › matches the suggestions snapshot,acceptable,2026-09-19T13:48:38.437792+00:00,098ca9551da15f3f,16,0ab7fdf1aff0
wowanalyzer,1611503093_1145255a05b6e9b895fef993616518363be54fc6,react_app_rewired,1,510,80773,  ● Blood Death Knight integration test: example log › FoulBulwark › matches the statistic snapshot,acceptable,2026-09-19T13:48:38.440918+00:00,c9db0b5073f4fa89,16,0ab7fdf1aff0
wowanalyzer,1611503093_1145255a05b6e9b895fef993616518363be54fc6,react_app_rewired,1,511,80828,  ● Blood Death Knight integration test: example log › FoulBulwark › matches the suggestions snapshot,acceptable,2026-09-19T13:48:38.443763+00:00,b7affb2161aea7a5,16,0ab7fdf1aff0
wowanalyzer,1611503093_1145255a05b6e9b895fef993616518363be54fc6,react_app_rewired,1,512,80883,  ● Blood Death Knight integration test: example log › Heartbreaker › matches the statistic snapshot,acceptable,2026-09-19T13:48:38.446660+00:00,c55f2e476fd5055b,16,0ab7fdf1aff0
wowanalyzer,1611503093_1145255a05b6e9b895fef993616518363be54fc6,react_app_rewired,1,513,80938,  ● Blood Death Knight integration test: example log › Heartbreaker › matches the suggestions snapshot,acceptable,2026-09-19T13:48:38.449571+00:00,d77f5a76925dc3fb,16,0ab7fdf1aff0
wowanalyzer,1611503093_1145255a05b6e9b895fef993616518363be54fc6,react_app_rewired,1,514,80993,  ● Blood Death Knight integration test: example log › Bloodworms › matches the statistic snapshot,acceptable,2026-09-19T13:48:38.452466+00:00,9ca0da1a7fc72b31,18,0ab7fdf1aff0
wowanalyzer,1611503093_1145255a05b6e9b895fef993616518363be54fc6,react_app_rewired,1,515,81048,  ● Blood Death Knight integration test: example log › Bloodworms › matches the suggestions snapshot,acceptable,2026-09-19T13:48:38.455342+00:00,9adb948854887a99,16,0ab7fdf1aff0
wowanalyzer,1611503093_1145255a05b6e9b895fef993616518363be54fc6,react_app_rewired,1,516,81103,  ● Blood Death Knight integration test: example log › Tombstone › matches the statistic snapshot,acceptable,2026-09-19T13:48:38.458207+00:00,966059d95c8b1076,16,0ab7fdf1aff0
wowanalyzer,1611503093_1145255a05b6e9b895fef993616518363be54fc6,react_app_rewired,1,517,81158,  ● Blood Death Knight integration test: example log › Tombstone › matches the suggestions snapshot,acceptable,2026-09-19T13:48:38.461149+00:00,6c730cd1f1297837,16,0ab7fdf1aff0
wowanalyzer,1611503093_1145255a05b6e9b895fef993616518363be54fc6,react_app_rewired,1,518,81213,  ● Blood Death Knight integration test: example log › Voracious › matches the statistic snapshot,acceptable,2026-09-19T13:48:38.464066+00:00,d23c105913ee4d84,16,0ab7fdf1aff0
wowanalyzer,1611503093_1145255a05b6e9b895fef993616518363be54fc6,react_app_rewired,1,519,81268,  ● Blood Death Knight integration test: example log › Voracious › matches the suggestions snapshot,acceptable,2026-09-19T13:48:38.466867+00:00,f27231ea9cef8351,16,0ab7fdf1aff0
wowanalyzer,1611503093_1145255a05b6e9b895fef993616518363be54fc6,react_app_rewired,1,520,81323,  ● Blood Death Knight integration test: example log › RapidDecomposition › matches the statistic snapshot,acceptable,2026-09-19T13:48:38.469744+00:00,d864b8c29878a222,16,0ab7fdf1aff0
wowanalyzer,1611503093_1145255a05b6e9b895fef993616518363be54fc6,react_app_rewired,1,521,81378,  ● Blood Death Knight integration test: example log › RapidDecomposition › matches the suggestions snapshot,acceptable,2026-09-19T13:48:38.472700+00:00,764fcc75b3d60f30,16,0ab7fdf1aff0
wowanalyzer,1611503093_1145255a05b6e9b895fef993616518363be54fc6,react_app_rewired,1,522,81433,  ● Blood Death Knight integration test: example log › WillOfTheNecropolis › matches the statistic snapshot,acceptable,2026-09-19T13:48:38.475622+00:00,e3bce99e194228c3,18,0ab7fdf1aff0
wowanalyzer,1611503093_1145255a05b6e9b895fef993616518363be54fc6,react_app_rewired,1,523,81488,  ● Blood Death Knight integration test: example log › WillOfTheNecropolis › matches the suggestions snapshot,acceptable,2026-09-19T13:48:38.478439+00:00,b75c75a342715ee9,16,0ab7fdf1aff0
wowanalyzer,1611503093_1145255a05b6e9b895fef993616518363be54fc6,react_app_rewired,1,524,81543,  ● Blood Death Knight integration test: example log › Ossuary › matches the statistic snapshot,acceptable,2026-09-19T13:48:38.481351+00:00,ff1a4f21fa0f2963,18,0ab7fdf1aff0
wowanalyzer,1611503093_1145255a05b6e9b895fef993616518363be54fc6,react_app_rewired,1,525,81598,  ● Blood Death Knight integration test: example log › Ossuary › matches the suggestions snapshot,acceptable,2026-09-19T13:48:38.484321+00:00,7726bd56f8429a23,17,0ab7fdf1aff0
wowanalyzer,1611503093_1145255a05b6e9b895fef993616518363be54fc6,react_app_rewired,1,526,81653,  ● Blood Death Knight integration test: example log › Consumption › matches the statistic snapshot,acceptable,2026-09-19T13:48:38.487283+00:00,a9857f36aa3c7b39,16,0ab7fdf1aff0
wowanalyzer,1611503093_1145255a05b6e9b895fef993616518363be54fc6,react_app_rewired,1,527,81708,  ● Blood Death Knight integration test: example log › Consumption › matches the suggestions snapshot,acceptable,2026-09-19T13:48:38.490242+00:00,4311070e217a451a,16,0ab7fdf1aff0
wowanalyzer,1611503093_1145255a05b6e9b895fef993616518363be54fc6,react_app_rewired,1,528,81763,  ● Blood Death Knight integration test: example log › RelishInBlood › matches the statistic snapshot,acceptable,2026-09-19T13:48:38.493193+00:00,63c3ed081f63df0c,16,0ab7fdf1aff0
wowanalyzer,1611503093_1145255a05b6e9b895fef993616518363be54fc6,react_app_rewired,1,529,81818,  ● Blood Death Knight integration test: example log › RelishInBlood › matches the suggestions snapshot,acceptable,2026-09-19T13:48:38.496118+00:00,583845a104d1f467,16,0ab7fdf1aff0
wowanalyzer,1611503093_1145255a05b6e9b895fef993616518363be54fc6,react_app_rewired,1,530,81873,  ● Blood Death Knight integration test: example log › BloodRuneForgeChecker › matches the statistic snapshot,acceptable,2026-09-19T13:48:38.499127+00:00,e14f4b509a28befd,16,0ab7fdf1aff0
wowanalyzer,1611503093_1145255a05b6e9b895fef993616518363be54fc6,react_app_rewired,1,531,81928,  ● Blood Death Knight integration test: example log › BloodRuneForgeChecker › matches the suggestions snapshot,acceptable,2026-09-19T13:48:38.502006+00:00,aced3cb42fcc55bb,16,0ab7fdf1aff0
wowanalyzer,1611503093_1145255a05b6e9b895fef993616518363be54fc6,react_app_rewired,1,532,82203,  ● Blood Death Knight integration test: example log › BrynadaorsMight › matches the statistic snapshot,acceptable,2026-09-19T13:48:38.504976+00:00,cb9ec57bd12c4776,16,0ab7fdf1aff0
wowanalyzer,1611503093_1145255a05b6e9b895fef993616518363be54fc6,react_app_rewired,1,533,82258,  ● Blood Death Knight integration test: example log › BrynadaorsMight › matches the suggestions snapshot,acceptable,2026-09-19T13:48:38.507967+00:00,db2f9e32d37d0f47,16,0ab7fdf1aff0
wowanalyzer,1611503093_1145255a05b6e9b895fef993616518363be54fc6,react_app_rewired,1,534,84115,  ● Shadow Priest integration test: example log › AbilityTracker › matches the statistic snapshot,acceptable,2026-09-19T13:48:38.511073+00:00,fedc2d4d77374f6e,14,0ab7fdf1aff0
wowanalyzer,1611503093_1145255a05b6e9b895fef993616518363be54fc6,react_app_rewired,1,535,84170,  ● Shadow Priest integration test: example log › AbilityTracker › matches the suggestions snapshot,acceptable,2026-09-19T13:48:38.514054+00:00,0da86be3e730c637,14,0ab7fdf1aff0
wowanalyzer,1611503093_1145255a05b6e9b895fef993616518363be54fc6,react_app_rewired,1,536,88075,  ● Shadow Priest integration test: example log › InsanityTracker › matches the statistic snapshot,acceptable,2026-09-19T13:48:38.517075+00:00,2b4657c81eb41eb3,14,0ab7fdf1aff0
wowanalyzer,1611503093_1145255a05b6e9b895fef993616518363be54fc6,react_app_rewired,1,537,88130,  ● Shadow Priest integration test: example log › InsanityTracker › matches the suggestions snapshot,acceptable,2026-09-19T13:48:38.520068+00:00,e58c302aac4cd4e4,14,0ab7fdf1aff0
wowanalyzer,1611503093_1145255a05b6e9b895fef993616518363be54fc6,react_app_rewired,1,538,88405,  ● Shadow Priest integration test: example log › SkippableCasts › matches the statistic snapshot,acceptable,2026-09-19T13:48:38.523127+00:00,3a97fe5ecb9566c8,14,0ab7fdf1aff0
wowanalyzer,1611503093_1145255a05b6e9b895fef993616518363be54fc6,react_app_rewired,1,539,88460,  ● Shadow Priest integration test: example log › SkippableCasts › matches the suggestions snapshot,acceptable,2026-09-19T13:48:38.526066+00:00,c8cab9d7d3bcd6f1,14,0ab7fdf1aff0
wowanalyzer,1611503093_1145255a05b6e9b895fef993616518363be54fc6,react_app_rewired,1,540,88515,  ● Shadow Priest integration test: example log › DarkThoughts › matches the statistic snapshot,acceptable,2026-09-19T13:48:38.529086+00:00,0dc0afbf6325bf00,16,0ab7fdf1aff0
wowanalyzer,1611503093_1145255a05b6e9b895fef993616518363be54fc6,react_app_rewired,1,541,88570,  ● Shadow Priest integration test: example log › DarkThoughts › matches the suggestions snapshot,acceptable,2026-09-19T13:48:38.532037+00:00,c67acd2eaefac72a,14,0ab7fdf1aff0
wowanalyzer,1611503093_1145255a05b6e9b895fef993616518363be54fc6,react_app_rewired,1,542,88625,  ● Shadow Priest integration test: example log › Shadowfiend › matches the statistic snapshot,acceptable,2026-09-19T13:48:38.535182+00:00,e3cde034219f6c58,14,0ab7fdf1aff0
wowanalyzer,1611503093_1145255a05b6e9b895fef993616518363be54fc6,react_app_rewired,1,543,88680,  ● Shadow Priest integration test: example log › Shadowfiend › matches the suggestions snapshot,acceptable,2026-09-19T13:48:38.538222+00:00,17bc9b95e10c9b45,14,0ab7fdf1aff0
wowanalyzer,1611503093_1145255a05b6e9b895fef993616518363be54fc6,react_app_rewired,1,544,88735,  ● Shadow Priest integration test: example log › VampiricTouch › matches the statistic snapshot,acceptable,2026-09-19T13:48:38.541260+00:00,7c5e00e72c2ca3df,14,0ab7fdf1aff0
wowanalyzer,1611503093_1145255a05b6e9b895fef993616518363be54fc6,react_app_rewired,1,545,88790,  ● Shadow Priest integration test: example log › VampiricTouch › matches the suggestions snapshot,acceptable,2026-09-19T13:48:38.544301+00:00,99d380178d592f4a,15,0ab7fdf1aff0
wowanalyzer,1611503093_1145255a05b6e9b895fef993616518363be54fc6,react_app_rewired,1,546,88845,  ● Shadow Priest integration test: example log › ShadowWordDeath › matches the statistic snapshot,acceptable,2026-09-19T13:48:38.547437+00:00,de5e42b38033976d,14,0ab7fdf1aff0
wowanalyzer,1611503093_1145255a05b6e9b895fef993616518363be54fc6,react_app_rewired,1,547,88900,  ● Shadow Priest integration test: example log › ShadowWordDeath › matches the suggestions snapshot,acceptable,2026-09-19T13:48:38.550509+00:00,0dcc63fc400b7a4b,14,0ab7fdf1aff0
wowanalyzer,1611503093_1145255a05b6e9b895fef993616518363be54fc6,react_app_rewired,1,548,88955,  ● Shadow Priest integration test: example log › ShadowWordPain › matches the statistic snapshot,acceptable,2026-09-19T13:48:38.553555+00:00,0a80b3649b65e315,14,0ab7fdf1aff0
wowanalyzer,1611503093_1145255a05b6e9b895fef993616518363be54fc6,react_app_rewired,1,549,89010,  ● Shadow Priest integration test: example log › ShadowWordPain › matches the suggestions snapshot,acceptable,2026-09-19T13:48:38.556605+00:00,8f876947d590da73,14,0ab7fdf1aff0
wowanalyzer,1611503093_1145255a05b6e9b895fef993616518363be54fc6,react_app_rewired,1,550,89065,  ● Shadow Priest integration test: example log › DevouringPlague › matches the statistic snapshot,acceptable,2026-09-19T13:48:38.559803+00:00,9da6cfd40b2f00fe,14,0ab7fdf1aff0
wowanalyzer,1611503093_1145255a05b6e9b895fef993616518363be54fc6,react_app_rewired,1,551,89120,  ● Shadow Priest integration test: example log › DevouringPlague › matches the suggestions snapshot,acceptable,2026-09-19T13:48:38.562842+00:00,c53dfb4993091895,14,0ab7fdf1aff0
wowanalyzer,1611503093_1145255a05b6e9b895fef993616518363be54fc6,react_app_rewired,1,552,89175,  ● Shadow Priest integration test: example log › Disperion › matches the statistic snapshot,acceptable,2026-09-19T13:48:38.565815+00:00,c11980b04a6b7b5c,14,0ab7fdf1aff0
wowanalyzer,1611503093_1145255a05b6e9b895fef993616518363be54fc6,react_app_rewired,1,553,89230,  ● Shadow Priest integration test: example log › Disperion › matches the suggestions snapshot,acceptable,2026-09-19T13:48:38.568883+00:00,ca5e0c0d0a927488,14,0ab7fdf1aff0
wowanalyzer,1611503093_1145255a05b6e9b895fef993616518363be54fc6,react_app_rewired,1,554,89285,  ● Shadow Priest integration test: example log › VampiricEmbrace › matches the statistic snapshot,acceptable,2026-09-19T13:48:38.572056+00:00,61999bb3fd295a4d,16,0ab7fdf1aff0
wowanalyzer,1611503093_1145255a05b6e9b895fef993616518363be54fc6,react_app_rewired,1,555,89340,  ● Shadow Priest integration test: example log › VampiricEmbrace › matches the suggestions snapshot,acceptable,2026-09-19T13:48:38.575098+00:00,c0beb3986858fe46,14,0ab7fdf1aff0
wowanalyzer,1611503093_1145255a05b6e9b895fef993616518363be54fc6,react_app_rewired,1,556,89395,  ● Shadow Priest integration test: example log › FortressOfTheMind › matches the statistic snapshot,acceptable,2026-09-19T13:48:38.578147+00:00,1633c4f36d49c887,20,0ab7fdf1aff0
wowanalyzer,1611503093_1145255a05b6e9b895fef993616518363be54fc6,react_app_rewired,1,557,89450,  ● Shadow Priest integration test: example log › FortressOfTheMind › matches the suggestions snapshot,acceptable,2026-09-19T13:48:38.581239+00:00,ae933d0b9d5217d1,14,0ab7fdf1aff0
wowanalyzer,1611503093_1145255a05b6e9b895fef993616518363be54fc6,react_app_rewired,1,558,89505,  ● Shadow Priest integration test: example log › DeathAndMadness › matches the statistic snapshot,acceptable,2026-09-19T13:48:38.584465+00:00,47f5b39ae65978a8,14,0ab7fdf1aff0
wowanalyzer,1611503093_1145255a05b6e9b895fef993616518363be54fc6,react_app_rewired,1,559,89560,  ● Shadow Priest integration test: example log › DeathAndMadness › matches the suggestions snapshot,acceptable,2026-09-19T13:48:38.587540+00:00,20073e64775857b2,14,0ab7fdf1aff0
wowanalyzer,1611503093_1145255a05b6e9b895fef993616518363be54fc6,react_app_rewired,1,560,89615,  ● Shadow Priest integration test: example log › UnfurlingDarkness › matches the statistic snapshot,acceptable,2026-09-19T13:48:38.590562+00:00,6d4b9aa306ae7472,14,0ab7fdf1aff0
wowanalyzer,1611503093_1145255a05b6e9b895fef993616518363be54fc6,react_app_rewired,1,561,89670,  ● Shadow Priest integration test: example log › UnfurlingDarkness › matches the suggestions snapshot,acceptable,2026-09-19T13:48:38.593668+00:00,9556b721a322c53a,14,0ab7fdf1aff0
wowanalyzer,1611503093_1145255a05b6e9b895fef993616518363be54fc6,react_app_rewired,1,562,89725,  ● Shadow Priest integration test: example log › TwistOfFate › matches the statistic snapshot,acceptable,2026-09-19T13:48:38.596918+00:00,0d6903a44a9ef088,20,0ab7fdf1aff0
wowanalyzer,1611503093_1145255a05b6e9b895fef993616518363be54fc6,react_app_rewired,1,563,89780,  ● Shadow Priest integration test: example log › TwistOfFate › matches the suggestions snapshot,acceptable,2026-09-19T13:48:38.599938+00:00,7a395f62e28b6567,14,0ab7fdf1aff0
wowanalyzer,1611503093_1145255a05b6e9b895fef993616518363be54fc6,react_app_rewired,1,564,89835,  ● Shadow Priest integration test: example log › VoidTorrent › matches the statistic snapshot,acceptable,2026-09-19T13:48:38.603047+00:00,0de6dbd8762f1947,20,0ab7fdf1aff0
wowanalyzer,1611503093_1145255a05b6e9b895fef993616518363be54fc6,react_app_rewired,1,565,89890,  ● Shadow Priest integration test: example log › VoidTorrent › matches the suggestions snapshot,acceptable,2026-09-19T13:48:38.606078+00:00,f3e6e7724b80dbac,19,0ab7fdf1aff0
wowanalyzer,1611503093_1145255a05b6e9b895fef993616518363be54fc6,react_app_rewired,1,566,89945,  ● Shadow Priest integration test: example log › ShadowCrash › matches the statistic snapshot,acceptable,2026-09-19T13:48:38.609389+00:00,581045b545774674,20,0ab7fdf1aff0
wowanalyzer,1611503093_1145255a05b6e9b895fef993616518363be54fc6,react_app_rewired,1,567,90000,  ● Shadow Priest integration test: example log › ShadowCrash › matches the suggestions snapshot,acceptable,2026-09-19T13:48:38.612429+00:00,03aefce97851642e,14,0ab7fdf1aff0
wowanalyzer,1611503093_1145255a05b6e9b895fef993616518363be54fc6,react_app_rewired,1,568,90055,  ● Shadow Priest integration test: example log › AuspiciousSpirits › matches the statistic snapshot,acceptable,2026-09-19T13:48:38.615473+00:00,099c9b2c90d8f3fd,14,0ab7fdf1aff0
wowanalyzer,1611503093_1145255a05b6e9b895fef993616518363be54fc6,react_app_rewired,1,569,90110,  ● Shadow Priest integration test: example log › AuspiciousSpirits › matches the suggestions snapshot,acceptable,2026-09-19T13:48:38.618698+00:00,c62065ee4acd3d29,14,0ab7fdf1aff0
wowanalyzer,1611503093_1145255a05b6e9b895fef993616518363be54fc6,react_app_rewired,1,570,90165,  ● Shadow Priest integration test: example log › SearingNightmare › matches the statistic snapshot,acceptable,2026-09-19T13:48:38.621968+00:00,eba632e8d31e665b,14,0ab7fdf1aff0
wowanalyzer,1611503093_1145255a05b6e9b895fef993616518363be54fc6,react_app_rewired,1,571,90220,  ● Shadow Priest integration test: example log › SearingNightmare › matches the suggestions snapshot,acceptable,2026-09-19T13:48:38.625110+00:00,247377549da97994,14,0ab7fdf1aff0
wowanalyzer,1611503093_1145255a05b6e9b895fef993616518363be54fc6,react_app_rewired,1,572,90275,  ● Shadow Priest integration test: example log › UnholyNova › matches the statistic snapshot,acceptable,2026-09-19T13:48:38.628183+00:00,3028fa23113d3e82,20,0ab7fdf1aff0
wowanalyzer,1611503093_1145255a05b6e9b895fef993616518363be54fc6,react_app_rewired,1,573,90330,  ● Shadow Priest integration test: example log › UnholyNova › matches the suggestions snapshot,acceptable,2026-09-19T13:48:38.632312+00:00,985be33dab93a043,14,0ab7fdf1aff0
wowanalyzer,1611503093_1145255a05b6e9b895fef993616518363be54fc6,react_app_rewired,1,574,90385,  ● Shadow Priest integration test: example log › Mindgames › matches the statistic snapshot,acceptable,2026-09-19T13:48:38.636646+00:00,9b1bc7ee15005aef,14,0ab7fdf1aff0
wowanalyzer,1611503093_1145255a05b6e9b895fef993616518363be54fc6,react_app_rewired,1,575,90440,  ● Shadow Priest integration test: example log › Mindgames › matches the suggestions snapshot,acceptable,2026-09-19T13:48:38.639774+00:00,75c1266721411454,14,0ab7fdf1aff0
wowanalyzer,1611503093_1145255a05b6e9b895fef993616518363be54fc6,react_app_rewired,1,576,90495,  ● Shadow Priest integration test: example log › BoonOfTheAscended › matches the statistic snapshot,acceptable,2026-09-19T13:48:38.642841+00:00,d928d67de1a72a09,14,0ab7fdf1aff0
wowanalyzer,1611503093_1145255a05b6e9b895fef993616518363be54fc6,react_app_rewired,1,577,90550,  ● Shadow Priest integration test: example log › BoonOfTheAscended › matches the suggestions snapshot,acceptable,2026-09-19T13:48:38.645918+00:00,8bd35002f1cb9bbb,14,0ab7fdf1aff0
wowanalyzer,1611503093_1145255a05b6e9b895fef993616518363be54fc6,react_app_rewired,1,578,90605,  ● Shadow Priest integration test: example log › FaeGuardians › matches the statistic snapshot,acceptable,2026-09-19T13:48:38.649091+00:00,c9a137215979f7d0,14,0ab7fdf1aff0
wowanalyzer,1611503093_1145255a05b6e9b895fef993616518363be54fc6,react_app_rewired,1,579,90660,  ● Shadow Priest integration test: example log › FaeGuardians › matches the suggestions snapshot,acceptable,2026-09-19T13:48:38.652086+00:00,24cf20f18dc20253,14,0ab7fdf1aff0
wowanalyzer,1611503093_1145255a05b6e9b895fef993616518363be54fc6,react_app_rewired,1,580,90715,  ● Shadow Priest integration test: example log › DissonantEchoes › matches the statistic snapshot,acceptable,2026-09-19T13:48:38.655178+00:00,c14b60784c3f6033,26,0ab7fdf1aff0
wowanalyzer,1611503093_1145255a05b6e9b895fef993616518363be54fc6,react_app_rewired,1,581,90770,  ● Shadow Priest integration test: example log › DissonantEchoes › matches the suggestions snapshot,acceptable,2026-09-19T13:48:38.658164+00:00,6cc93ab7f5140380,14,0ab7fdf1aff0
wowanalyzer,1611503093_1145255a05b6e9b895fef993616518363be54fc6,react_app_rewired,1,582,90880,  ● Shadow Priest integration test: example log › EternalCallToTheVoid › matches the suggestions snapshot,acceptable,2026-09-19T13:48:38.661343+00:00,569688b1848749c4,14,0ab7fdf1aff0
wowanalyzer,1611503093_1145255a05b6e9b895fef993616518363be54fc6,react_app_rewired,1,583,90935,  ● Shadow Priest integration test: example log › TalbadarsStratagem › matches the statistic snapshot,acceptable,2026-09-19T13:48:38.664412+00:00,1d5e33b63a12ba23,14,0ab7fdf1aff0
wowanalyzer,1611503093_1145255a05b6e9b895fef993616518363be54fc6,react_app_rewired,1,584,90990,  ● Shadow Priest integration test: example log › TalbadarsStratagem › matches the suggestions snapshot,acceptable,2026-09-19T13:48:38.667507+00:00,684611af3ee314a3,14,0ab7fdf1aff0
wowanalyzer,1611503093_1145255a05b6e9b895fef993616518363be54fc6,react_app_rewired,1,585,91045,  ● Shadow Priest integration test: example log › TwinsOfTheSunPriestess › matches the statistic snapshot,acceptable,2026-09-19T13:48:38.670645+00:00,b8a30340e1953b25,14,0ab7fdf1aff0
wowanalyzer,1611503093_1145255a05b6e9b895fef993616518363be54fc6,react_app_rewired,1,586,91100,  ● Shadow Priest integration test: example log › TwinsOfTheSunPriestess › matches the suggestions snapshot,acceptable,2026-09-19T13:48:38.673728+00:00,4ad4d26b11308619,14,0ab7fdf1aff0
wowanalyzer,1611503093_1145255a05b6e9b895fef993616518363be54fc6,react_app_rewired,1,587,96697,  ● Demonology Warlock integration test: example log › Felstorm › matches the statistic snapshot,acceptable,2026-09-19T13:48:38.676731+00:00,f1bc56820468cb4e,14,0ab7fdf1aff0
wowanalyzer,1611503093_1145255a05b6e9b895fef993616518363be54fc6,react_app_rewired,1,588,96752,  ● Demonology Warlock integration test: example log › Felstorm › matches the suggestions snapshot,acceptable,2026-09-19T13:48:38.681728+00:00,0c21a92fdea41b8c,16,0ab7fdf1aff0
wowanalyzer,1611503093_1145255a05b6e9b895fef993616518363be54fc6,react_app_rewired,1,589,96807,  ● Demonology Warlock integration test: example log › SummonDemonicTyrant › matches the statistic snapshot,acceptable,2026-09-19T13:48:38.684724+00:00,c1b8a53008538ea6,16,0ab7fdf1aff0
wowanalyzer,1611503093_1145255a05b6e9b895fef993616518363be54fc6,react_app_rewired,1,590,96862,  ● Demonology Warlock integration test: example log › SummonDemonicTyrant › matches the suggestions snapshot,acceptable,2026-09-19T13:48:38.687747+00:00,d46ef1fa7daf3769,14,0ab7fdf1aff0
wowanalyzer,1611503093_1145255a05b6e9b895fef993616518363be54fc6,react_app_rewired,1,591,96917,  ● Demonology Warlock integration test: example log › LegionStrike › matches the statistic snapshot,acceptable,2026-09-19T13:48:38.690760+00:00,a1e4be2cf66cb69b,21,0ab7fdf1aff0
wowanalyzer,1611503093_1145255a05b6e9b895fef993616518363be54fc6,react_app_rewired,1,592,96972,  ● Demonology Warlock integration test: example log › LegionStrike › matches the suggestions snapshot,acceptable,2026-09-19T13:48:38.693794+00:00,5ccab5c11610769b,14,0ab7fdf1aff0
wowanalyzer,1611503093_1145255a05b6e9b895fef993616518363be54fc6,react_app_rewired,1,593,97247,  ● Demonology Warlock integration test: example log › DemoPets › matches the statistic snapshot,acceptable,2026-09-19T13:48:38.696837+00:00,a5f5f67312df0ab6,14,0ab7fdf1aff0
wowanalyzer,1611503093_1145255a05b6e9b895fef993616518363be54fc6,react_app_rewired,1,594,97302,  ● Demonology Warlock integration test: example log › DemoPets › matches the suggestions snapshot,acceptable,2026-09-19T13:48:38.699920+00:00,7541dc9a11b5c1a9,14,0ab7fdf1aff0
wowanalyzer,1611503093_1145255a05b6e9b895fef993616518363be54fc6,react_app_rewired,1,595,97357,  ● Demonology Warlock integration test: example log › PetDamageHandler › matches the statistic snapshot,acceptable,2026-09-19T13:48:38.702984+00:00,605280edfd87f880,14,0ab7fdf1aff0
wowanalyzer,1611503093_1145255a05b6e9b895fef993616518363be54fc6,react_app_rewired,1,596,97412,  ● Demonology Warlock integration test: example log › PetDamageHandler › matches the suggestions snapshot,acceptable,2026-09-19T13:48:38.706068+00:00,0b0207b3ddf52760,14,0ab7fdf1aff0
wowanalyzer,1611503093_1145255a05b6e9b895fef993616518363be54fc6,react_app_rewired,1,597,97467,  ● Demonology Warlock integration test: example log › PetSummonHandler › matches the statistic snapshot,acceptable,2026-09-19T13:48:38.709200+00:00,4a53ac9f0156e828,14,0ab7fdf1aff0
wowanalyzer,1611503093_1145255a05b6e9b895fef993616518363be54fc6,react_app_rewired,1,598,97522,  ● Demonology Warlock integration test: example log › PetSummonHandler › matches the suggestions snapshot,acceptable,2026-09-19T13:48:38.712297+00:00,9a7d9ec60c24a433,14,0ab7fdf1aff0
wowanalyzer,1611503093_1145255a05b6e9b895fef993616518363be54fc6,react_app_rewired,1,599,97577,  ● Demonology Warlock integration test: example log › WildImpEnergyHandler › matches the statistic snapshot,acceptable,2026-09-19T13:48:38.715357+00:00,1b27bba2f30c5fdc,14,0ab7fdf1aff0
wowanalyzer,1611503093_1145255a05b6e9b895fef993616518363be54fc6,react_app_rewired,1,600,97632,  ● Demonology Warlock integration test: example log › WildImpEnergyHandler › matches the suggestions snapshot,acceptable,2026-09-19T13:48:38.718472+00:00,fc5818efc0134e2b,14,0ab7fdf1aff0
wowanalyzer,1611503093_1145255a05b6e9b895fef993616518363be54fc6,react_app_rewired,1,601,97687,  ● Demonology Warlock integration test: example log › PowerSiphonHandler › matches the statistic snapshot,acceptable,2026-09-19T13:48:38.721599+00:00,41f5b64ea6935a4a,14,0ab7fdf1aff0
wowanalyzer,1611503093_1145255a05b6e9b895fef993616518363be54fc6,react_app_rewired,1,602,97742,  ● Demonology Warlock integration test: example log › PowerSiphonHandler › matches the suggestions snapshot,acceptable,2026-09-19T13:48:38.724752+00:00,e7de40d6ae5e66b5,14,0ab7fdf1aff0
wowanalyzer,1611503093_1145255a05b6e9b895fef993616518363be54fc6,react_app_rewired,1,603,97797,  ● Demonology Warlock integration test: example log › DemonicTyrantHandler › matches the statistic snapshot,acceptable,2026-09-19T13:48:38.727810+00:00,0e342cbc7f3223b8,14,0ab7fdf1aff0
wowanalyzer,1611503093_1145255a05b6e9b895fef993616518363be54fc6,react_app_rewired,1,604,97852,  ● Demonology Warlock integration test: example log › DemonicTyrantHandler › matches the suggestions snapshot,acceptable,2026-09-19T13:48:38.731628+00:00,df9abd3063045b68,14,0ab7fdf1aff0
wowanalyzer,1611503093_1145255a05b6e9b895fef993616518363be54fc6,react_app_rewired,1,605,97907,  ● Demonology Warlock integration test: example log › ImplosionHandler › matches the statistic snapshot,acceptable,2026-09-19T13:48:38.736279+00:00,39e78a7f103c178e,14,0ab7fdf1aff0
wowanalyzer,1611503093_1145255a05b6e9b895fef993616518363be54fc6,react_app_rewired,1,606,97962,  ● Demonology Warlock integration test: example log › ImplosionHandler › matches the suggestions snapshot,acceptable,2026-09-19T13:48:38.739578+00:00,49fa2caa7ea4e0ab,14,0ab7fdf1aff0
wowanalyzer,1611503093_1145255a05b6e9b895fef993616518363be54fc6,react_app_rewired,1,607,98017,  ● Demonology Warlock integration test: example log › PetTimelineTab › matches the statistic snapshot,acceptable,2026-09-19T13:48:38.743213+00:00,cfb96ddd533b3fd1,14,0ab7fdf1aff0
wowanalyzer,1611503093_1145255a05b6e9b895fef993616518363be54fc6,react_app_rewired,1,608,98072,  ● Demonology Warlock integration test: example log › PetTimelineTab › matches the suggestions snapshot,acceptable,2026-09-19T13:48:38.746350+00:00,ebb2ddf6013c79f0,14,0ab7fdf1aff0
wowanalyzer,1611503093_1145255a05b6e9b895fef993616518363be54fc6,react_app_rewired,1,609,98127,  ● Demonology Warlock integration test: example log › TalentStatisticBox › matches the statistic snapshot,acceptable,2026-09-19T13:48:38.749461+00:00,87b4b55107b54fc0,14,0ab7fdf1aff0
wowanalyzer,1611503093_1145255a05b6e9b895fef993616518363be54fc6,react_app_rewired,1,610,98182,  ● Demonology Warlock integration test: example log › TalentStatisticBox › matches the suggestions snapshot,acceptable,2026-09-19T13:48:38.752648+00:00,686e92f1f62ecc85,14,0ab7fdf1aff0
wowanalyzer,1611503093_1145255a05b6e9b895fef993616518363be54fc6,react_app_rewired,1,611,98237,  ● Demonology Warlock integration test: example log › Dreadlash › matches the statistic snapshot,acceptable,2026-09-19T13:48:38.755774+00:00,ed84d34242429210,14,0ab7fdf1aff0
wowanalyzer,1611503093_1145255a05b6e9b895fef993616518363be54fc6,react_app_rewired,1,612,98292,  ● Demonology Warlock integration test: example log › Dreadlash › matches the suggestions snapshot,acceptable,2026-09-19T13:48:38.758944+00:00,e38abfcf7bccad44,14,0ab7fdf1aff0
wowanalyzer,1611503093_1145255a05b6e9b895fef993616518363be54fc6,react_app_rewired,1,613,98347,  ● Demonology Warlock integration test: example log › DemonicStrength › matches the statistic snapshot,acceptable,2026-09-19T13:48:38.762065+00:00,16858c46b1c334ef,21,0ab7fdf1aff0
wowanalyzer,1611503093_1145255a05b6e9b895fef993616518363be54fc6,react_app_rewired,1,614,98402,  ● Demonology Warlock integration test: example log › DemonicStrength › matches the suggestions snapshot,acceptable,2026-09-19T13:48:38.765250+00:00,c5c7512793b8912f,14,0ab7fdf1aff0
wowanalyzer,1611503093_1145255a05b6e9b895fef993616518363be54fc6,react_app_rewired,1,615,98457,  ● Demonology Warlock integration test: example log › BilescourgeBombers › matches the statistic snapshot,acceptable,2026-09-19T13:48:38.768362+00:00,62fc22948f234697,14,0ab7fdf1aff0
wowanalyzer,1611503093_1145255a05b6e9b895fef993616518363be54fc6,react_app_rewired,1,616,98512,  ● Demonology Warlock integration test: example log › BilescourgeBombers › matches the suggestions snapshot,acceptable,2026-09-19T13:48:38.771514+00:00,d5322214bae3109d,14,0ab7fdf1aff0
wowanalyzer,1611503093_1145255a05b6e9b895fef993616518363be54fc6,react_app_rewired,1,617,98567,  ● Demonology Warlock integration test: example log › DemonicCalling › matches the statistic snapshot,acceptable,2026-09-19T13:48:38.774645+00:00,69d11a76e7906397,16,0ab7fdf1aff0
wowanalyzer,1611503093_1145255a05b6e9b895fef993616518363be54fc6,react_app_rewired,1,618,98622,  ● Demonology Warlock integration test: example log › DemonicCalling › matches the suggestions snapshot,acceptable,2026-09-19T13:48:38.777904+00:00,e2bde131c6371afe,14,0ab7fdf1aff0
wowanalyzer,1611503093_1145255a05b6e9b895fef993616518363be54fc6,react_app_rewired,1,619,98787,  ● Demonology Warlock integration test: example log › InnerDemons › matches the statistic snapshot,acceptable,2026-09-19T13:48:38.781062+00:00,f3b4c105941ac09b,14,0ab7fdf1aff0
wowanalyzer,1611503093_1145255a05b6e9b895fef993616518363be54fc6,react_app_rewired,1,620,98842,  ● Demonology Warlock integration test: example log › InnerDemons › matches the suggestions snapshot,acceptable,2026-09-19T13:48:38.784261+00:00,3d5d5cd67ca1b7f1,14,0ab7fdf1aff0
wowanalyzer,1611503093_1145255a05b6e9b895fef993616518363be54fc6,react_app_rewired,1,621,98897,  ● Demonology Warlock integration test: example log › FromTheShadows › matches the statistic snapshot,acceptable,2026-09-19T13:48:38.787422+00:00,bb7a158f82ebc9bc,14,0ab7fdf1aff0
wowanalyzer,1611503093_1145255a05b6e9b895fef993616518363be54fc6,react_app_rewired,1,622,98952,  ● Demonology Warlock integration test: example log › FromTheShadows › matches the suggestions snapshot,acceptable,2026-09-19T13:48:38.790614+00:00,de13e8281c5d1f5f,14,0ab7fdf1aff0
wowanalyzer,1611503093_1145255a05b6e9b895fef993616518363be54fc6,react_app_rewired,1,623,99007,  ● Demonology Warlock integration test: example log › SoulStrike › matches the statistic snapshot,acceptable,2026-09-19T13:48:38.793747+00:00,130a28ae80da8361,21,0ab7fdf1aff0
wowanalyzer,1611503093_1145255a05b6e9b895fef993616518363be54fc6,react_app_rewired,1,624,99062,  ● Demonology Warlock integration test: example log › SoulStrike › matches the suggestions snapshot,acceptable,2026-09-19T13:48:38.796975+00:00,397723bc8b68c477,14,0ab7fdf1aff0
wowanalyzer,1611503093_1145255a05b6e9b895fef993616518363be54fc6,react_app_rewired,1,625,99117,  ● Demonology Warlock integration test: example log › SummonVilefiend › matches the statistic snapshot,acceptable,2026-09-19T13:48:38.800140+00:00,00643deef5d6324f,14,0ab7fdf1aff0
wowanalyzer,1611503093_1145255a05b6e9b895fef993616518363be54fc6,react_app_rewired,1,626,99172,  ● Demonology Warlock integration test: example log › SummonVilefiend › matches the suggestions snapshot,acceptable,2026-09-19T13:48:38.803359+00:00,49e58487900127fd,14,0ab7fdf1aff0
wowanalyzer,1611503093_1145255a05b6e9b895fef993616518363be54fc6,react_app_rewired,1,627,99227,  ● Demonology Warlock integration test: example log › PowerSiphon › matches the statistic snapshot,acceptable,2026-09-19T13:48:38.806526+00:00,3a86d9108f852db2,14,0ab7fdf1aff0
wowanalyzer,1611503093_1145255a05b6e9b895fef993616518363be54fc6,react_app_rewired,1,628,99282,  ● Demonology Warlock integration test: example log › PowerSiphon › matches the suggestions snapshot,acceptable,2026-09-19T13:48:38.809749+00:00,58f9b72eca831641,14,0ab7fdf1aff0
wowanalyzer,1611503093_1145255a05b6e9b895fef993616518363be54fc6,react_app_rewired,1,629,99337,  ● Demonology Warlock integration test: example log › Doom › matches the statistic snapshot,acceptable,2026-09-19T13:48:38.812932+00:00,f09a6c48c98b5f8a,14,0ab7fdf1aff0
wowanalyzer,1611503093_1145255a05b6e9b895fef993616518363be54fc6,react_app_rewired,1,630,99392,  ● Demonology Warlock integration test: example log › Doom › matches the suggestions snapshot,acceptable,2026-09-19T13:48:38.816146+00:00,565eeea5519d3c42,14,0ab7fdf1aff0
wowanalyzer,1611503093_1145255a05b6e9b895fef993616518363be54fc6,react_app_rewired,1,631,99447,  ● Demonology Warlock integration test: example log › GrimoireFelguard › matches the statistic snapshot,acceptable,2026-09-19T13:48:38.819352+00:00,830eb4673522291e,14,0ab7fdf1aff0
wowanalyzer,1611503093_1145255a05b6e9b895fef993616518363be54fc6,react_app_rewired,1,632,99502,  ● Demonology Warlock integration test: example log › GrimoireFelguard › matches the suggestions snapshot,acceptable,2026-09-19T13:48:38.822599+00:00,1296ea103a5c3ba3,14,0ab7fdf1aff0
wowanalyzer,1611503093_1145255a05b6e9b895fef993616518363be54fc6,react_app_rewired,1,633,99557,  ● Demonology Warlock integration test: example log › SacrificedSouls › matches the statistic snapshot,acceptable,2026-09-19T13:48:38.825811+00:00,20911d46b746544f,14,0ab7fdf1aff0
wowanalyzer,1611503093_1145255a05b6e9b895fef993616518363be54fc6,react_app_rewired,1,634,99612,  ● Demonology Warlock integration test: example log › SacrificedSouls › matches the suggestions snapshot,acceptable,2026-09-19T13:48:38.829383+00:00,5cd7a4732d13eda1,14,0ab7fdf1aff0
wowanalyzer,1611503093_1145255a05b6e9b895fef993616518363be54fc6,react_app_rewired,1,635,99667,  ● Demonology Warlock integration test: example log › DemonicConsumption › matches the statistic snapshot,acceptable,2026-09-19T13:48:38.834117+00:00,6934430689c4ec66,21,0ab7fdf1aff0
wowanalyzer,1611503093_1145255a05b6e9b895fef993616518363be54fc6,react_app_rewired,1,636,99722,  ● Demonology Warlock integration test: example log › DemonicConsumption › matches the suggestions snapshot,acceptable,2026-09-19T13:48:38.837594+00:00,3295cafab3e2cc04,14,0ab7fdf1aff0
wowanalyzer,1611503093_1145255a05b6e9b895fef993616518363be54fc6,react_app_rewired,1,637,99777,  ● Demonology Warlock integration test: example log › NetherPortal › matches the statistic snapshot,acceptable,2026-09-19T13:48:38.840854+00:00,87cb919f488b4582,14,0ab7fdf1aff0
wowanalyzer,1611503093_1145255a05b6e9b895fef993616518363be54fc6,react_app_rewired,1,638,99832,  ● Demonology Warlock integration test: example log › NetherPortal › matches the suggestions snapshot,acceptable,2026-09-19T13:48:38.844120+00:00,5f51ea0fae7288c9,14,0ab7fdf1aff0
wowanalyzer,1611503093_1145255a05b6e9b895fef993616518363be54fc6,react_app_rewired,1,639,105429,  ● Beast Mastery Hunter integration test: Single Target › FocusTracker › matches the statistic snapshot,acceptable,2026-09-19T13:48:38.847348+00:00,dd295d47dd489642,13,0ab7fdf1aff0
wowanalyzer,1611503093_1145255a05b6e9b895fef993616518363be54fc6,react_app_rewired,1,640,105484,  ● Beast Mastery Hunter integration test: Single Target › FocusTracker › matches the suggestions snapshot,acceptable,2026-09-19T13:48:38.850626+00:00,4efaffec1dc90b5d,13,0ab7fdf1aff0
wowanalyzer,1611503093_1145255a05b6e9b895fef993616518363be54fc6,react_app_rewired,1,641,105539,  ● Beast Mastery Hunter integration test: Single Target › FocusDetails › matches the statistic snapshot,acceptable,2026-09-19T13:48:38.853844+00:00,10634add942e857c,19,0ab7fdf1aff0
wowanalyzer,1611503093_1145255a05b6e9b895fef993616518363be54fc6,react_app_rewired,1,642,105594,  ● Beast Mastery Hunter integration test: Single Target › FocusDetails › matches the suggestions snapshot,acceptable,2026-09-19T13:48:38.857144+00:00,baa3a544c7984100,13,0ab7fdf1aff0
wowanalyzer,1611503093_1145255a05b6e9b895fef993616518363be54fc6,react_app_rewired,1,643,105649,  ● Beast Mastery Hunter integration test: Single Target › SpellFocusCost › matches the statistic snapshot,acceptable,2026-09-19T13:48:38.860381+00:00,0a259b739f01e9a5,13,0ab7fdf1aff0
wowanalyzer,1611503093_1145255a05b6e9b895fef993616518363be54fc6,react_app_rewired,1,644,105704,  ● Beast Mastery Hunter integration test: Single Target › SpellFocusCost › matches the suggestions snapshot,acceptable,2026-09-19T13:48:38.863707+00:00,9964f2ef97fefad5,13,0ab7fdf1aff0
wowanalyzer,1611503093_1145255a05b6e9b895fef993616518363be54fc6,react_app_rewired,1,645,105759,  ● Beast Mastery Hunter integration test: Single Target › BeastMasteryFocusCapTracker › matches the statistic snapshot,acceptable,2026-09-19T13:48:38.866955+00:00,da1b85776e1343bd,13,0ab7fdf1aff0
wowanalyzer,1611503093_1145255a05b6e9b895fef993616518363be54fc6,react_app_rewired,1,646,105814,  ● Beast Mastery Hunter integration test: Single Target › BeastMasteryFocusCapTracker › matches the suggestions snapshot,acceptable,2026-09-19T13:48:38.870221+00:00,52d9d46ccb141ce7,20,0ab7fdf1aff0
wowanalyzer,1611503093_1145255a05b6e9b895fef993616518363be54fc6,react_app_rewired,1,647,105869,  ● Beast Mastery Hunter integration test: Single Target › Focus › matches the statistic snapshot,acceptable,2026-09-19T13:48:38.873466+00:00,318451c96bd95f92,13,0ab7fdf1aff0
wowanalyzer,1611503093_1145255a05b6e9b895fef993616518363be54fc6,react_app_rewired,1,648,105924,  ● Beast Mastery Hunter integration test: Single Target › Focus › matches the suggestions snapshot,acceptable,2026-09-19T13:48:38.876751+00:00,d9ab8b876ae26d95,22,0ab7fdf1aff0
wowanalyzer,1611503093_1145255a05b6e9b895fef993616518363be54fc6,react_app_rewired,1,649,105979,  ● Beast Mastery Hunter integration test: Single Target › BeastMasteryFocusUsage › matches the statistic snapshot,acceptable,2026-09-19T13:48:38.880016+00:00,ac44d05e644bc8be,16,0ab7fdf1aff0
wowanalyzer,1611503093_1145255a05b6e9b895fef993616518363be54fc6,react_app_rewired,1,650,106034,  ● Beast Mastery Hunter integration test: Single Target › BeastMasteryFocusUsage › matches the suggestions snapshot,acceptable,2026-09-19T13:48:38.883318+00:00,f1bbb716203e13a0,13,0ab7fdf1aff0
wowanalyzer,1611503093_1145255a05b6e9b895fef993616518363be54fc6,react_app_rewired,1,651,106089,  ● Beast Mastery Hunter integration test: Single Target › BasicAttacks › matches the statistic snapshot,acceptable,2026-09-19T13:48:38.886594+00:00,64f855e65b7e9115,24,0ab7fdf1aff0
wowanalyzer,1611503093_1145255a05b6e9b895fef993616518363be54fc6,react_app_rewired,1,652,106144,  ● Beast Mastery Hunter integration test: Single Target › BasicAttacks › matches the suggestions snapshot,acceptable,2026-09-19T13:48:38.889918+00:00,fd655de74d9d96d6,13,0ab7fdf1aff0
wowanalyzer,1611503093_1145255a05b6e9b895fef993616518363be54fc6,react_app_rewired,1,653,106199,  ● Beast Mastery Hunter integration test: Single Target › BestialWrath › matches the statistic snapshot,acceptable,2026-09-19T13:48:38.893201+00:00,1197d3b9c42a4b05,15,0ab7fdf1aff0
wowanalyzer,1611503093_1145255a05b6e9b895fef993616518363be54fc6,react_app_rewired,1,654,106254,  ● Beast Mastery Hunter integration test: Single Target › BestialWrath › matches the suggestions snapshot,acceptable,2026-09-19T13:48:38.896561+00:00,27c80638f1e1adf0,18,0ab7fdf1aff0
wowanalyzer,1611503093_1145255a05b6e9b895fef993616518363be54fc6,react_app_rewired,1,655,106309,  ● Beast Mastery Hunter integration test: Single Target › BeastCleave › matches the statistic snapshot,acceptable,2026-09-19T13:48:38.899868+00:00,f801eee3b685048c,19,0ab7fdf1aff0
wowanalyzer,1611503093_1145255a05b6e9b895fef993616518363be54fc6,react_app_rewired,1,656,106364,  ● Beast Mastery Hunter integration test: Single Target › BeastCleave › matches the suggestions snapshot,acceptable,2026-09-19T13:48:38.903170+00:00,9b19bd2dfd9d444c,18,0ab7fdf1aff0
wowanalyzer,1611503093_1145255a05b6e9b895fef993616518363be54fc6,react_app_rewired,1,657,106419,  ● Beast Mastery Hunter integration test: Single Target › CobraShot › matches the statistic snapshot,acceptable,2026-09-19T13:48:38.906448+00:00,d793c8bf6b6f0ce4,35,0ab7fdf1aff0
wowanalyzer,1611503093_1145255a05b6e9b895fef993616518363be54fc6,react_app_rewired,1,658,106474,  ● Beast Mastery Hunter integration test: Single Target › CobraShot › matches the suggestions snapshot,acceptable,2026-09-19T13:48:38.909797+00:00,495b7339ab507af0,34,0ab7fdf1aff0
wowanalyzer,1611503093_1145255a05b6e9b895fef993616518363be54fc6,react_app_rewired,1,659,106529,  ● Beast Mastery Hunter integration test: Single Target › BarbedShot › matches the statistic snapshot,acceptable,2026-09-19T13:48:38.913092+00:00,f189bed3e8cdc47e,19,0ab7fdf1aff0
wowanalyzer,1611503093_1145255a05b6e9b895fef993616518363be54fc6,react_app_rewired,1,660,106584,  ● Beast Mastery Hunter integration test: Single Target › BarbedShot › matches the suggestions snapshot,acceptable,2026-09-19T13:48:38.916472+00:00,d66d2a8c347dceb4,18,0ab7fdf1aff0
wowanalyzer,1611503093_1145255a05b6e9b895fef993616518363be54fc6,react_app_rewired,1,661,106639,  ● Beast Mastery Hunter integration test: Single Target › AspectOfTheWild › matches the statistic snapshot,acceptable,2026-09-19T13:48:38.919779+00:00,6e73ea493982c8ea,15,0ab7fdf1aff0
wowanalyzer,1611503093_1145255a05b6e9b895fef993616518363be54fc6,react_app_rewired,1,662,106694,  ● Beast Mastery Hunter integration test: Single Target › AspectOfTheWild › matches the suggestions snapshot,acceptable,2026-09-19T13:48:38.923148+00:00,5c0fb3ec67e71d65,13,0ab7fdf1aff0
wowanalyzer,1611503093_1145255a05b6e9b895fef993616518363be54fc6,react_app_rewired,1,663,106749,  ● Beast Mastery Hunter integration test: Single Target › KillShot › matches the statistic snapshot,acceptable,2026-09-19T13:48:38.926439+00:00,ebd6f20c7f5f6d3d,19,0ab7fdf1aff0
wowanalyzer,1611503093_1145255a05b6e9b895fef993616518363be54fc6,react_app_rewired,1,664,106804,  ● Beast Mastery Hunter integration test: Single Target › KillShot › matches the suggestions snapshot,acceptable,2026-09-19T13:48:38.930320+00:00,c0b39fe409bdd1d5,13,0ab7fdf1aff0
wowanalyzer,1611503093_1145255a05b6e9b895fef993616518363be54fc6,react_app_rewired,1,665,106859,  ● Beast Mastery Hunter integration test: Single Target › KillerInstinct › matches the statistic snapshot,acceptable,2026-09-19T13:48:38.935441+00:00,03a34016aa73eb3e,13,0ab7fdf1aff0
wowanalyzer,1611503093_1145255a05b6e9b895fef993616518363be54fc6,react_app_rewired,1,666,106914,  ● Beast Mastery Hunter integration test: Single Target › KillerInstinct › matches the suggestions snapshot,acceptable,2026-09-19T13:48:38.939263+00:00,4afb3f2dd506dfd2,13,0ab7fdf1aff0
wowanalyzer,1611503093_1145255a05b6e9b895fef993616518363be54fc6,react_app_rewired,1,667,106969,  ● Beast Mastery Hunter integration test: Single Target › ChimaeraShot › matches the statistic snapshot,acceptable,2026-09-19T13:48:38.944982+00:00,487c3a43f635c43c,13,0ab7fdf1aff0
wowanalyzer,1611503093_1145255a05b6e9b895fef993616518363be54fc6,react_app_rewired,1,668,107024,  ● Beast Mastery Hunter integration test: Single Target › ChimaeraShot › matches the suggestions snapshot,acceptable,2026-09-19T13:48:38.950766+00:00,520008878b425aad,13,0ab7fdf1aff0
wowanalyzer,1611503093_1145255a05b6e9b895fef993616518363be54fc6,react_app_rewired,1,669,107079,  ● Beast Mastery Hunter integration test: Single Target › DireBeast › matches the statistic snapshot,acceptable,2026-09-19T13:48:38.954931+00:00,dedf2a59bac7c39e,13,0ab7fdf1aff0
wowanalyzer,1611503093_1145255a05b6e9b895fef993616518363be54fc6,react_app_rewired,1,670,107134,  ● Beast Mastery Hunter integration test: Single Target › DireBeast › matches the suggestions snapshot,acceptable,2026-09-19T13:48:38.958342+00:00,4f48c18f2e45b66f,13,0ab7fdf1aff0
wowanalyzer,1611503093_1145255a05b6e9b895fef993616518363be54fc6,react_app_rewired,1,671,107189,  ● Beast Mastery Hunter integration test: Single Target › NaturalMending › matches the statistic snapshot,acceptable,2026-09-19T13:48:38.961702+00:00,6d2b279fcf75b357,22,0ab7fdf1aff0
wowanalyzer,1611503093_1145255a05b6e9b895fef993616518363be54fc6,react_app_rewired,1,672,107244,  ● Beast Mastery Hunter integration test: Single Target › NaturalMending › matches the suggestions snapshot,acceptable,2026-09-19T13:48:38.965128+00:00,6d8ee7478994e180,13,0ab7fdf1aff0
wowanalyzer,1611503093_1145255a05b6e9b895fef993616518363be54fc6,react_app_rewired,1,673,107299,  ● Beast Mastery Hunter integration test: Single Target › Trailblazer › matches the statistic snapshot,acceptable,2026-09-19T13:48:38.968506+00:00,3f78491f678a4bb5,13,0ab7fdf1aff0
wowanalyzer,1611503093_1145255a05b6e9b895fef993616518363be54fc6,react_app_rewired,1,674,107354,  ● Beast Mastery Hunter integration test: Single Target › Trailblazer › matches the suggestions snapshot,acceptable,2026-09-19T13:48:38.971915+00:00,66aef7eb606fffe5,13,0ab7fdf1aff0
wowanalyzer,1611503093_1145255a05b6e9b895fef993616518363be54fc6,react_app_rewired,1,675,107409,  ● Beast Mastery Hunter integration test: Single Target › Barrage › matches the statistic snapshot,acceptable,2026-09-19T13:48:38.975338+00:00,30364773d71ddd14,13,0ab7fdf1aff0
wowanalyzer,1611503093_1145255a05b6e9b895fef993616518363be54fc6,react_app_rewired,1,676,107464,  ● Beast Mastery Hunter integration test: Single Target › Barrage › matches the suggestions snapshot,acceptable,2026-09-19T13:48:38.979356+00:00,24ab0565345f1a5d,13,0ab7fdf1aff0
wowanalyzer,1611503093_1145255a05b6e9b895fef993616518363be54fc6,react_app_rewired,1,677,107519,  ● Beast Mastery Hunter integration test: Single Target › KillerCobra › matches the statistic snapshot,acceptable,2026-09-19T13:48:38.982817+00:00,027a92ec5511666a,17,0ab7fdf1aff0
wowanalyzer,1611503093_1145255a05b6e9b895fef993616518363be54fc6,react_app_rewired,1,678,107574,  ● Beast Mastery Hunter integration test: Single Target › KillerCobra › matches the suggestions snapshot,acceptable,2026-09-19T13:48:38.987368+00:00,3597cc7675a3f9a4,20,0ab7fdf1aff0
wowanalyzer,1611503093_1145255a05b6e9b895fef993616518363be54fc6,react_app_rewired,1,679,107629,  ● Beast Mastery Hunter integration test: Single Target › Stampede › matches the statistic snapshot,acceptable,2026-09-19T13:48:38.993090+00:00,d1a8405d5522f28c,13,0ab7fdf1aff0
wowanalyzer,1611503093_1145255a05b6e9b895fef993616518363be54fc6,react_app_rewired,1,680,107684,  ● Beast Mastery Hunter integration test: Single Target › Stampede › matches the suggestions snapshot,acceptable,2026-09-19T13:48:38.998822+00:00,86866c7fc0d07fa9,13,0ab7fdf1aff0
wowanalyzer,1611503093_1145255a05b6e9b895fef993616518363be54fc6,react_app_rewired,1,681,107739,  ● Beast Mastery Hunter integration test: Single Target › Stomp › matches the statistic snapshot,acceptable,2026-09-19T13:48:39.004500+00:00,10ab2760186890a8,22,0ab7fdf1aff0
wowanalyzer,1611503093_1145255a05b6e9b895fef993616518363be54fc6,react_app_rewired,1,682,107794,  ● Beast Mastery Hunter integration test: Single Target › Stomp › matches the suggestions snapshot,acceptable,2026-09-19T13:48:39.009308+00:00,4680d804eec60eda,13,0ab7fdf1aff0
wowanalyzer,1611503093_1145255a05b6e9b895fef993616518363be54fc6,react_app_rewired,1,683,107849,  ● Beast Mastery Hunter integration test: Single Target › AMurderOfCrows › matches the statistic snapshot,acceptable,2026-09-19T13:48:39.012751+00:00,6ed915833c5c4302,13,0ab7fdf1aff0
wowanalyzer,1611503093_1145255a05b6e9b895fef993616518363be54fc6,react_app_rewired,1,684,107904,  ● Beast Mastery Hunter integration test: Single Target › AMurderOfCrows › matches the suggestions snapshot,acceptable,2026-09-19T13:48:39.016230+00:00,5ead5e87567ab99b,13,0ab7fdf1aff0
wowanalyzer,1611503093_1145255a05b6e9b895fef993616518363be54fc6,react_app_rewired,1,685,107959,  ● Beast Mastery Hunter integration test: Single Target › ThrillOfTheHunt › matches the statistic snapshot,acceptable,2026-09-19T13:48:39.019649+00:00,59aabeb405a93e7e,15,0ab7fdf1aff0
wowanalyzer,1611503093_1145255a05b6e9b895fef993616518363be54fc6,react_app_rewired,1,686,108014,  ● Beast Mastery Hunter integration test: Single Target › ThrillOfTheHunt › matches the suggestions snapshot,acceptable,2026-09-19T13:48:39.023113+00:00,185d4b2a7a04886a,13,0ab7fdf1aff0
wowanalyzer,1611503093_1145255a05b6e9b895fef993616518363be54fc6,react_app_rewired,1,687,108069,  ● Beast Mastery Hunter integration test: Single Target › OneWithThePack › matches the statistic snapshot,acceptable,2026-09-19T13:48:39.026560+00:00,af6d6846165df9e9,13,0ab7fdf1aff0
wowanalyzer,1611503093_1145255a05b6e9b895fef993616518363be54fc6,react_app_rewired,1,688,108124,  ● Beast Mastery Hunter integration test: Single Target › OneWithThePack › matches the suggestions snapshot,acceptable,2026-09-19T13:48:39.030915+00:00,2645b4729333b094,13,0ab7fdf1aff0
wowanalyzer,1611503093_1145255a05b6e9b895fef993616518363be54fc6,react_app_rewired,1,689,108179,  ● Beast Mastery Hunter integration test: Single Target › AspectOfTheBeast › matches the statistic snapshot,acceptable,2026-09-19T13:48:39.037280+00:00,444f0838f9757e64,13,0ab7fdf1aff0
wowanalyzer,1611503093_1145255a05b6e9b895fef993616518363be54fc6,react_app_rewired,1,690,108234,  ● Beast Mastery Hunter integration test: Single Target › AspectOfTheBeast › matches the suggestions snapshot,acceptable,2026-09-19T13:48:39.041562+00:00,3b82075fa1917182,13,0ab7fdf1aff0
wowanalyzer,1611503093_1145255a05b6e9b895fef993616518363be54fc6,react_app_rewired,1,691,108289,  ● Beast Mastery Hunter integration test: Single Target › SpittingCobra › matches the statistic snapshot,acceptable,2026-09-19T13:48:39.045047+00:00,af7fdb288f4c8244,13,0ab7fdf1aff0
wowanalyzer,1611503093_1145255a05b6e9b895fef993616518363be54fc6,react_app_rewired,1,692,108344,  ● Beast Mastery Hunter integration test: Single Target › SpittingCobra › matches the suggestions snapshot,acceptable,2026-09-19T13:48:39.048507+00:00,0091416c98fe0c3d,13,0ab7fdf1aff0
wowanalyzer,1611503093_1145255a05b6e9b895fef993616518363be54fc6,react_app_rewired,1,693,108399,  ● Beast Mastery Hunter integration test: Single Target › ScentOfBlood › matches the statistic snapshot,acceptable,2026-09-19T13:48:39.052022+00:00,57753d9781b14330,29,0ab7fdf1aff0
wowanalyzer,1611503093_1145255a05b6e9b895fef993616518363be54fc6,react_app_rewired,1,694,108454,  ● Beast Mastery Hunter integration test: Single Target › ScentOfBlood › matches the suggestions snapshot,acceptable,2026-09-19T13:48:39.055530+00:00,a4d185ba01fc5fd3,13,0ab7fdf1aff0
wowanalyzer,1611503093_1145255a05b6e9b895fef993616518363be54fc6,react_app_rewired,1,695,108509,  ● Beast Mastery Hunter integration test: Single Target › BornToBeWild › matches the statistic snapshot,acceptable,2026-09-19T13:48:39.059042+00:00,1ef94a1629620f69,13,0ab7fdf1aff0
wowanalyzer,1611503093_1145255a05b6e9b895fef993616518363be54fc6,react_app_rewired,1,696,108564,  ● Beast Mastery Hunter integration test: Single Target › BornToBeWild › matches the suggestions snapshot,acceptable,2026-09-19T13:48:39.062549+00:00,d33bd2e28beb236f,13,0ab7fdf1aff0
wowanalyzer,1611503093_1145255a05b6e9b895fef993616518363be54fc6,react_app_rewired,1,697,108619,  ● Beast Mastery Hunter integration test: Single Target › BindingShot › matches the statistic snapshot,acceptable,2026-09-19T13:48:39.066398+00:00,9e8ab6c33b61daca,15,0ab7fdf1aff0
wowanalyzer,1611503093_1145255a05b6e9b895fef993616518363be54fc6,react_app_rewired,1,698,108674,  ● Beast Mastery Hunter integration test: Single Target › BindingShot › matches the suggestions snapshot,acceptable,2026-09-19T13:48:39.069901+00:00,69ceae60c07dc78d,13,0ab7fdf1aff0
wowanalyzer,1611503093_1145255a05b6e9b895fef993616518363be54fc6,react_app_rewired,1,699,108729,  ● Beast Mastery Hunter integration test: Single Target › AnimalCompanion › matches the statistic snapshot,acceptable,2026-09-19T13:48:39.073452+00:00,513c0b19d0b115ef,19,0ab7fdf1aff0
wowanalyzer,1611503093_1145255a05b6e9b895fef993616518363be54fc6,react_app_rewired,1,700,108784,  ● Beast Mastery Hunter integration test: Single Target › AnimalCompanion › matches the suggestions snapshot,acceptable,2026-09-19T13:48:39.076972+00:00,f82141b6d7597b11,13,0ab7fdf1aff0
wowanalyzer,1611503093_1145255a05b6e9b895fef993616518363be54fc6,react_app_rewired,1,701,108839,  ● Beast Mastery Hunter integration test: Single Target › ResonatingArrow › matches the statistic snapshot,acceptable,2026-09-19T13:48:39.080438+00:00,99976352535aeb35,19,0ab7fdf1aff0
wowanalyzer,1611503093_1145255a05b6e9b895fef993616518363be54fc6,react_app_rewired,1,702,108894,  ● Beast Mastery Hunter integration test: Single Target › ResonatingArrow › matches the suggestions snapshot,acceptable,2026-09-19T13:48:39.083987+00:00,4e30d2cb1dd5cb1c,13,0ab7fdf1aff0
wowanalyzer,1611503093_1145255a05b6e9b895fef993616518363be54fc6,react_app_rewired,1,703,108949,  ● Beast Mastery Hunter integration test: Single Target › DeathChakrams › matches the statistic snapshot,acceptable,2026-09-19T13:48:39.087527+00:00,7026811ba5992260,13,0ab7fdf1aff0
wowanalyzer,1611503093_1145255a05b6e9b895fef993616518363be54fc6,react_app_rewired,1,704,109004,  ● Beast Mastery Hunter integration test: Single Target › DeathChakrams › matches the suggestions snapshot,acceptable,2026-09-19T13:48:39.091055+00:00,6fad6f8bc0134773,13,0ab7fdf1aff0
wowanalyzer,1611503093_1145255a05b6e9b895fef993616518363be54fc6,react_app_rewired,1,705,109059,  ● Beast Mastery Hunter integration test: Single Target › WildSpirits › matches the statistic snapshot,acceptable,2026-09-19T13:48:39.094604+00:00,77fe989bea2515e5,19,0ab7fdf1aff0
wowanalyzer,1611503093_1145255a05b6e9b895fef993616518363be54fc6,react_app_rewired,1,706,109114,  ● Beast Mastery Hunter integration test: Single Target › WildSpirits › matches the suggestions snapshot,acceptable,2026-09-19T13:48:39.098134+00:00,b8fada800cf2589f,13,0ab7fdf1aff0
wowanalyzer,1611503093_1145255a05b6e9b895fef993616518363be54fc6,react_app_rewired,1,707,109169,  ● Beast Mastery Hunter integration test: Single Target › FlayedShot › matches the statistic snapshot,acceptable,2026-09-19T13:48:39.101672+00:00,f643e645ca7a4f30,13,0ab7fdf1aff0
wowanalyzer,1611503093_1145255a05b6e9b895fef993616518363be54fc6,react_app_rewired,1,708,109224,  ● Beast Mastery Hunter integration test: Single Target › FlayedShot › matches the suggestions snapshot,acceptable,2026-09-19T13:48:39.105201+00:00,1791e87dfab8f0db,13,0ab7fdf1aff0
wowanalyzer,1611503093_1145255a05b6e9b895fef993616518363be54fc6,react_app_rewired,1,709,109279,  ● Beast Mastery Hunter integration test: Single Target › EmpoweredRelease › matches the statistic snapshot,acceptable,2026-09-19T13:48:39.108704+00:00,080596096751df79,13,0ab7fdf1aff0
wowanalyzer,1611503093_1145255a05b6e9b895fef993616518363be54fc6,react_app_rewired,1,710,109334,  ● Beast Mastery Hunter integration test: Single Target › EmpoweredRelease › matches the suggestions snapshot,acceptable,2026-09-19T13:48:39.112284+00:00,ce4ba661191d5d50,13,0ab7fdf1aff0
wowanalyzer,1611503093_1145255a05b6e9b895fef993616518363be54fc6,react_app_rewired,1,711,109389,  ● Beast Mastery Hunter integration test: Single Target › EnfeebledMark › matches the statistic snapshot,acceptable,2026-09-19T13:48:39.115808+00:00,47657c1e86480129,26,0ab7fdf1aff0
wowanalyzer,1611503093_1145255a05b6e9b895fef993616518363be54fc6,react_app_rewired,1,712,109444,  ● Beast Mastery Hunter integration test: Single Target › EnfeebledMark › matches the suggestions snapshot,acceptable,2026-09-19T13:48:39.119393+00:00,3e9042a71d8db270,13,0ab7fdf1aff0
wowanalyzer,1611503093_1145255a05b6e9b895fef993616518363be54fc6,react_app_rewired,1,713,109499,  ● Beast Mastery Hunter integration test: Single Target › NecroticBarrage › matches the statistic snapshot,acceptable,2026-09-19T13:48:39.122940+00:00,6fb69000c395867a,13,0ab7fdf1aff0
wowanalyzer,1611503093_1145255a05b6e9b895fef993616518363be54fc6,react_app_rewired,1,714,109554,  ● Beast Mastery Hunter integration test: Single Target › NecroticBarrage › matches the suggestions snapshot,acceptable,2026-09-19T13:48:39.126508+00:00,00bdf16de77ecc6e,13,0ab7fdf1aff0
wowanalyzer,1611503093_1145255a05b6e9b895fef993616518363be54fc6,react_app_rewired,1,715,109609,  ● Beast Mastery Hunter integration test: Single Target › SpiritAttunement › matches the statistic snapshot,acceptable,2026-09-19T13:48:39.131417+00:00,3293d9b402a6d917,26,0ab7fdf1aff0
wowanalyzer,1611503093_1145255a05b6e9b895fef993616518363be54fc6,react_app_rewired,1,716,109664,  ● Beast Mastery Hunter integration test: Single Target › SpiritAttunement › matches the suggestions snapshot,acceptable,2026-09-19T13:48:39.136028+00:00,392285e92ca0b9ea,13,0ab7fdf1aff0
wowanalyzer,1611503093_1145255a05b6e9b895fef993616518363be54fc6,react_app_rewired,1,717,109719,  ● Beast Mastery Hunter integration test: Single Target › Bloodletting › matches the statistic snapshot,acceptable,2026-09-19T13:48:39.139662+00:00,2b7e9b10e71a95d4,25,0ab7fdf1aff0
wowanalyzer,1611503093_1145255a05b6e9b895fef993616518363be54fc6,react_app_rewired,1,718,109774,  ● Beast Mastery Hunter integration test: Single Target › Bloodletting › matches the suggestions snapshot,acceptable,2026-09-19T13:48:39.143287+00:00,9a49d27022584266,13,0ab7fdf1aff0
wowanalyzer,1611503093_1145255a05b6e9b895fef993616518363be54fc6,react_app_rewired,1,719,109829,  ● Beast Mastery Hunter integration test: Single Target › EchoingCall › matches the statistic snapshot,acceptable,2026-09-19T13:48:39.146903+00:00,cb060a7964fd8fa6,13,0ab7fdf1aff0
wowanalyzer,1611503093_1145255a05b6e9b895fef993616518363be54fc6,react_app_rewired,1,720,109884,  ● Beast Mastery Hunter integration test: Single Target › EchoingCall › matches the suggestions snapshot,acceptable,2026-09-19T13:48:39.150518+00:00,c18a997f66ed1cbb,13,0ab7fdf1aff0
wowanalyzer,1611503093_1145255a05b6e9b895fef993616518363be54fc6,react_app_rewired,1,721,109939,  ● Beast Mastery Hunter integration test: Single Target › FerociousAppetite › matches the statistic snapshot,acceptable,2026-09-19T13:48:39.154174+00:00,023db6a626aa3749,13,0ab7fdf1aff0
wowanalyzer,1611503093_1145255a05b6e9b895fef993616518363be54fc6,react_app_rewired,1,722,109994,  ● Beast Mastery Hunter integration test: Single Target › FerociousAppetite › matches the suggestions snapshot,acceptable,2026-09-19T13:48:39.157800+00:00,2ee976150c8a5064,13,0ab7fdf1aff0
wowanalyzer,1611503093_1145255a05b6e9b895fef993616518363be54fc6,react_app_rewired,1,723,110049,  ● Beast Mastery Hunter integration test: Single Target › OneWithTheBeast › matches the statistic snapshot,acceptable,2026-09-19T13:48:39.161428+00:00,bdb4f6b660b8a69a,13,0ab7fdf1aff0
wowanalyzer,1611503093_1145255a05b6e9b895fef993616518363be54fc6,react_app_rewired,1,724,110104,  ● Beast Mastery Hunter integration test: Single Target › OneWithTheBeast › matches the suggestions snapshot,acceptable,2026-09-19T13:48:39.165047+00:00,18a8597a83d46d61,13,0ab7fdf1aff0
wowanalyzer,1611503093_1145255a05b6e9b895fef993616518363be54fc6,react_app_rewired,1,725,110159,  ● Beast Mastery Hunter integration test: Single Target › MarkmansAdvantage › matches the statistic snapshot,acceptable,2026-09-19T13:48:39.168681+00:00,21468195c5153d2c,13,0ab7fdf1aff0
wowanalyzer,1611503093_1145255a05b6e9b895fef993616518363be54fc6,react_app_rewired,1,726,110214,  ● Beast Mastery Hunter integration test: Single Target › MarkmansAdvantage › matches the suggestions snapshot,acceptable,2026-09-19T13:48:39.172298+00:00,35d2b0cd8b3e272d,13,0ab7fdf1aff0
wowanalyzer,1611503093_1145255a05b6e9b895fef993616518363be54fc6,react_app_rewired,1,727,110269,  ● Beast Mastery Hunter integration test: Single Target › ResilienceOfTheHunter › matches the statistic snapshot,acceptable,2026-09-19T13:48:39.175941+00:00,cef7f42bc744baa7,13,0ab7fdf1aff0
wowanalyzer,1611503093_1145255a05b6e9b895fef993616518363be54fc6,react_app_rewired,1,728,110324,  ● Beast Mastery Hunter integration test: Single Target › ResilienceOfTheHunter › matches the suggestions snapshot,acceptable,2026-09-19T13:48:39.179543+00:00,f732c64a27a5b6dc,13,0ab7fdf1aff0
wowanalyzer,1611503093_1145255a05b6e9b895fef993616518363be54fc6,react_app_rewired,1,729,110434,  ● Beast Mastery Hunter integration test: Single Target › ReversalOfFortune › matches the suggestions snapshot,acceptable,2026-09-19T13:48:39.183181+00:00,9f459dfa5b91615b,13,0ab7fdf1aff0
wowanalyzer,1611503093_1145255a05b6e9b895fef993616518363be54fc6,react_app_rewired,1,730,110599,  ● Beast Mastery Hunter integration test: Single Target › HarmonyOfTheTortollan › matches the statistic snapshot,acceptable,2026-09-19T13:48:39.186833+00:00,ed996c7c72f5477e,13,0ab7fdf1aff0
wowanalyzer,1611503093_1145255a05b6e9b895fef993616518363be54fc6,react_app_rewired,1,731,110654,  ● Beast Mastery Hunter integration test: Single Target › HarmonyOfTheTortollan › matches the suggestions snapshot,acceptable,2026-09-19T13:48:39.190493+00:00,02bab63a038a72de,13,0ab7fdf1aff0
wowanalyzer,1611503093_1145255a05b6e9b895fef993616518363be54fc6,react_app_rewired,1,732,110709,  ● Beast Mastery Hunter integration test: Single Target › NesingwarysTrappingApparatus › matches the statistic snapshot,acceptable,2026-09-19T13:48:39.194141+00:00,381dc5528d3e4483,13,0ab7fdf1aff0
wowanalyzer,1611503093_1145255a05b6e9b895fef993616518363be54fc6,react_app_rewired,1,733,110764,  ● Beast Mastery Hunter integration test: Single Target › NesingwarysTrappingApparatus › matches the suggestions snapshot,acceptable,2026-09-19T13:48:39.197823+00:00,4d7acc27085aca1f,13,0ab7fdf1aff0
wowanalyzer,1611503093_1145255a05b6e9b895fef993616518363be54fc6,react_app_rewired,1,734,110819,  ● Beast Mastery Hunter integration test: Single Target › SoulforgeEmbers › matches the statistic snapshot,acceptable,2026-09-19T13:48:39.201497+00:00,39d83bc9c5038285,19,0ab7fdf1aff0
wowanalyzer,1611503093_1145255a05b6e9b895fef993616518363be54fc6,react_app_rewired,1,735,110874,  ● Beast Mastery Hunter integration test: Single Target › SoulforgeEmbers › matches the suggestions snapshot,acceptable,2026-09-19T13:48:39.205137+00:00,7cbdea8ffdefa2fb,13,0ab7fdf1aff0
wowanalyzer,1611503093_1145255a05b6e9b895fef993616518363be54fc6,react_app_rewired,1,736,110929,  ● Beast Mastery Hunter integration test: Single Target › DireCommand › matches the statistic snapshot,acceptable,2026-09-19T13:48:39.209553+00:00,e88983135740319c,13,0ab7fdf1aff0
wowanalyzer,1611503093_1145255a05b6e9b895fef993616518363be54fc6,react_app_rewired,1,737,110984,  ● Beast Mastery Hunter integration test: Single Target › DireCommand › matches the suggestions snapshot,acceptable,2026-09-19T13:48:39.215649+00:00,5fd4a9f1fd52fa62,13,0ab7fdf1aff0
wowanalyzer,1611503093_1145255a05b6e9b895fef993616518363be54fc6,react_app_rewired,1,738,111039,  ● Beast Mastery Hunter integration test: Single Target › FlamewakersCobraSting › matches the statistic snapshot,acceptable,2026-09-19T13:48:39.221945+00:00,d89e44fcfeb3bd6a,13,0ab7fdf1aff0
wowanalyzer,1611503093_1145255a05b6e9b895fef993616518363be54fc6,react_app_rewired,1,739,111094,  ● Beast Mastery Hunter integration test: Single Target › FlamewakersCobraSting › matches the suggestions snapshot,acceptable,2026-09-19T13:48:39.228281+00:00,efb6fbd46ced2c9e,13,0ab7fdf1aff0
wowanalyzer,1611503093_1145255a05b6e9b895fef993616518363be54fc6,react_app_rewired,1,740,111149,  ● Beast Mastery Hunter integration test: Single Target › QaplaEredunWarOrder › matches the statistic snapshot,acceptable,2026-09-19T13:48:39.233661+00:00,acd11e9b9919b2ab,13,0ab7fdf1aff0
wowanalyzer,1611503093_1145255a05b6e9b895fef993616518363be54fc6,react_app_rewired,1,741,111204,  ● Beast Mastery Hunter integration test: Single Target › QaplaEredunWarOrder › matches the suggestions snapshot,acceptable,2026-09-19T13:48:39.240197+00:00,baffbffbe20331da,13,0ab7fdf1aff0
wowanalyzer,1611503093_1145255a05b6e9b895fef993616518363be54fc6,react_app_rewired,1,742,111259,  ● Beast Mastery Hunter integration test: Single Target › RylakstalkersPiercingFangs › matches the statistic snapshot,acceptable,2026-09-19T13:48:39.246530+00:00,d04766e0340f44ab,20,0ab7fdf1aff0
wowanalyzer,1611503093_1145255a05b6e9b895fef993616518363be54fc6,react_app_rewired,1,743,111314,  ● Beast Mastery Hunter integration test: Single Target › RylakstalkersPiercingFangs › matches the suggestions snapshot,acceptable,2026-09-19T13:48:39.250990+00:00,5d22abb1c608f1bf,13,0ab7fdf1aff0
wowanalyzer,1611503093_1145255a05b6e9b895fef993616518363be54fc6,react_app_rewired,1,744,128832,  ● Marksmanship Hunter integration test: Single Target › MarksmanshipFocusCapTracker › matches the statistic snapshot,acceptable,2026-09-19T13:48:39.254825+00:00,744cf48407e0c9a9,13,0ab7fdf1aff0
wowanalyzer,1611503093_1145255a05b6e9b895fef993616518363be54fc6,react_app_rewired,1,745,128887,  ● Marksmanship Hunter integration test: Single Target › MarksmanshipFocusCapTracker › matches the suggestions snapshot,acceptable,2026-09-19T13:48:39.258697+00:00,19296f2d7fcbd93e,16,0ab7fdf1aff0
wowanalyzer,1611503093_1145255a05b6e9b895fef993616518363be54fc6,react_app_rewired,1,746,129052,  ● Marksmanship Hunter integration test: Single Target › MarksmanshipFocusUsage › matches the statistic snapshot,acceptable,2026-09-19T13:48:39.262434+00:00,2dff4a704a9fbb06,16,0ab7fdf1aff0
wowanalyzer,1611503093_1145255a05b6e9b895fef993616518363be54fc6,react_app_rewired,1,747,129107,  ● Marksmanship Hunter integration test: Single Target › MarksmanshipFocusUsage › matches the suggestions snapshot,acceptable,2026-09-19T13:48:39.266511+00:00,1c45883db358571e,13,0ab7fdf1aff0
wowanalyzer,1611503093_1145255a05b6e9b895fef993616518363be54fc6,react_app_rewired,1,748,129162,  ● Marksmanship Hunter integration test: Single Target › Trueshot › matches the statistic snapshot,acceptable,2026-09-19T13:48:39.272608+00:00,ced21a7f1befb2a7,17,0ab7fdf1aff0
wowanalyzer,1611503093_1145255a05b6e9b895fef993616518363be54fc6,react_app_rewired,1,749,129217,  ● Marksmanship Hunter integration test: Single Target › Trueshot › matches the suggestions snapshot,acceptable,2026-09-19T13:48:39.278906+00:00,0dca0b74220476e1,13,0ab7fdf1aff0
wowanalyzer,1611503093_1145255a05b6e9b895fef993616518363be54fc6,react_app_rewired,1,750,129272,  ● Marksmanship Hunter integration test: Single Target › LoneWolf › matches the statistic snapshot,acceptable,2026-09-19T13:48:39.284388+00:00,8f3d4d2379709ce5,19,0ab7fdf1aff0
wowanalyzer,1611503093_1145255a05b6e9b895fef993616518363be54fc6,react_app_rewired,1,751,129327,  ● Marksmanship Hunter integration test: Single Target › LoneWolf › matches the suggestions snapshot,acceptable,2026-09-19T13:48:39.288237+00:00,3d6ec1c2fc6d3387,13,0ab7fdf1aff0
wowanalyzer,1611503093_1145255a05b6e9b895fef993616518363be54fc6,react_app_rewired,1,752,129382,  ● Marksmanship Hunter integration test: Single Target › PreciseShots › matches the statistic snapshot,acceptable,2026-09-19T13:48:39.292005+00:00,8620c60b1f0c6916,19,0ab7fdf1aff0
wowanalyzer,1611503093_1145255a05b6e9b895fef993616518363be54fc6,react_app_rewired,1,753,129437,  ● Marksmanship Hunter integration test: Single Target › PreciseShots › matches the suggestions snapshot,acceptable,2026-09-19T13:48:39.295819+00:00,124db48b2a80b417,13,0ab7fdf1aff0
wowanalyzer,1611503093_1145255a05b6e9b895fef993616518363be54fc6,react_app_rewired,1,754,129492,  ● Marksmanship Hunter integration test: Single Target › AimedShot › matches the statistic snapshot,acceptable,2026-09-19T13:48:39.299695+00:00,1065be73df65ea45,13,0ab7fdf1aff0
wowanalyzer,1611503093_1145255a05b6e9b895fef993616518363be54fc6,react_app_rewired,1,755,129547,  ● Marksmanship Hunter integration test: Single Target › AimedShot › matches the suggestions snapshot,acceptable,2026-09-19T13:48:39.303553+00:00,8718a0b4b50bf6d4,13,0ab7fdf1aff0
wowanalyzer,1611503093_1145255a05b6e9b895fef993616518363be54fc6,react_app_rewired,1,756,129602,  ● Marksmanship Hunter integration test: Single Target › RapidFire › matches the statistic snapshot,acceptable,2026-09-19T13:48:39.307360+00:00,4bccd79afbca2541,15,0ab7fdf1aff0
wowanalyzer,1611503093_1145255a05b6e9b895fef993616518363be54fc6,react_app_rewired,1,757,129657,  ● Marksmanship Hunter integration test: Single Target › RapidFire › matches the suggestions snapshot,acceptable,2026-09-19T13:48:39.311306+00:00,100752594c6d3d81,13,0ab7fdf1aff0
wowanalyzer,1611503093_1145255a05b6e9b895fef993616518363be54fc6,react_app_rewired,1,758,129712,  ● Marksmanship Hunter integration test: Single Target › SteadyShot › matches the statistic snapshot,acceptable,2026-09-19T13:48:39.315244+00:00,8f0e3a46c1c3b884,15,0ab7fdf1aff0
wowanalyzer,1611503093_1145255a05b6e9b895fef993616518363be54fc6,react_app_rewired,1,759,129767,  ● Marksmanship Hunter integration test: Single Target › SteadyShot › matches the suggestions snapshot,acceptable,2026-09-19T13:48:39.319021+00:00,480d77a2bd5130a7,13,0ab7fdf1aff0
wowanalyzer,1611503093_1145255a05b6e9b895fef993616518363be54fc6,react_app_rewired,1,760,130042,  ● Marksmanship Hunter integration test: Single Target › Volley › matches the statistic snapshot,acceptable,2026-09-19T13:48:39.323024+00:00,a4f5d5bfd29271e5,19,0ab7fdf1aff0
wowanalyzer,1611503093_1145255a05b6e9b895fef993616518363be54fc6,react_app_rewired,1,761,130097,  ● Marksmanship Hunter integration test: Single Target › Volley › matches the suggestions snapshot,acceptable,2026-09-19T13:48:39.326958+00:00,82238460c3fe52ec,13,0ab7fdf1aff0
wowanalyzer,1611503093_1145255a05b6e9b895fef993616518363be54fc6,react_app_rewired,1,762,130152,  ● Marksmanship Hunter integration test: Single Target › ExplosiveShot › matches the statistic snapshot,acceptable,2026-09-19T13:48:39.330886+00:00,7c40c1a86bf6f47f,19,0ab7fdf1aff0
wowanalyzer,1611503093_1145255a05b6e9b895fef993616518363be54fc6,react_app_rewired,1,763,130207,  ● Marksmanship Hunter integration test: Single Target › ExplosiveShot › matches the suggestions snapshot,acceptable,2026-09-19T13:48:39.334910+00:00,2ec73fafffcccb6a,13,0ab7fdf1aff0
wowanalyzer,1611503093_1145255a05b6e9b895fef993616518363be54fc6,react_app_rewired,1,764,130372,  ● Marksmanship Hunter integration test: Single Target › LockAndLoad › matches the statistic snapshot,acceptable,2026-09-19T13:48:39.338800+00:00,0a090839c25d2d69,15,0ab7fdf1aff0
wowanalyzer,1611503093_1145255a05b6e9b895fef993616518363be54fc6,react_app_rewired,1,765,130427,  ● Marksmanship Hunter integration test: Single Target › LockAndLoad › matches the suggestions snapshot,acceptable,2026-09-19T13:48:39.342715+00:00,aeac5c13b1251133,13,0ab7fdf1aff0
wowanalyzer,1611503093_1145255a05b6e9b895fef993616518363be54fc6,react_app_rewired,1,766,130592,  ● Marksmanship Hunter integration test: Single Target › MasterMarksman › matches the statistic snapshot,acceptable,2026-09-19T13:48:39.346701+00:00,14664b0ea4a3665c,19,0ab7fdf1aff0
wowanalyzer,1611503093_1145255a05b6e9b895fef993616518363be54fc6,react_app_rewired,1,767,130647,  ● Marksmanship Hunter integration test: Single Target › MasterMarksman › matches the suggestions snapshot,acceptable,2026-09-19T13:48:39.350616+00:00,24a273f3a856817e,13,0ab7fdf1aff0
wowanalyzer,1611503093_1145255a05b6e9b895fef993616518363be54fc6,react_app_rewired,1,768,130702,  ● Marksmanship Hunter integration test: Single Target › DoubleTap › matches the statistic snapshot,acceptable,2026-09-19T13:48:39.354541+00:00,91e985f3ef622df7,15,0ab7fdf1aff0
wowanalyzer,1611503093_1145255a05b6e9b895fef993616518363be54fc6,react_app_rewired,1,769,130757,  ● Marksmanship Hunter integration test: Single Target › DoubleTap › matches the suggestions snapshot,acceptable,2026-09-19T13:48:39.358481+00:00,6cd6dc030933beff,13,0ab7fdf1aff0
wowanalyzer,1611503093_1145255a05b6e9b895fef993616518363be54fc6,react_app_rewired,1,770,130812,  ● Marksmanship Hunter integration test: Single Target › CallingTheShots › matches the statistic snapshot,acceptable,2026-09-19T13:48:39.362391+00:00,d393cad5295a06fb,13,0ab7fdf1aff0
wowanalyzer,1611503093_1145255a05b6e9b895fef993616518363be54fc6,react_app_rewired,1,771,130867,  ● Marksmanship Hunter integration test: Single Target › CallingTheShots › matches the suggestions snapshot,acceptable,2026-09-19T13:48:39.366342+00:00,03d7a921d48ce950,13,0ab7fdf1aff0
wowanalyzer,1611503093_1145255a05b6e9b895fef993616518363be54fc6,react_app_rewired,1,772,130922,  ● Marksmanship Hunter integration test: Single Target › SerpentSting › matches the statistic snapshot,acceptable,2026-09-19T13:48:39.370254+00:00,0b5f334f1165437c,19,0ab7fdf1aff0
wowanalyzer,1611503093_1145255a05b6e9b895fef993616518363be54fc6,react_app_rewired,1,773,130977,  ● Marksmanship Hunter integration test: Single Target › SerpentSting › matches the suggestions snapshot,acceptable,2026-09-19T13:48:39.374076+00:00,20100b5f62f847e2,18,0ab7fdf1aff0
wowanalyzer,1611503093_1145255a05b6e9b895fef993616518363be54fc6,react_app_rewired,1,774,131032,  ● Marksmanship Hunter integration test: Single Target › SteadyFocus › matches the statistic snapshot,acceptable,2026-09-19T13:48:39.378046+00:00,1013a283d207b323,15,0ab7fdf1aff0
wowanalyzer,1611503093_1145255a05b6e9b895fef993616518363be54fc6,react_app_rewired,1,775,131087,  ● Marksmanship Hunter integration test: Single Target › SteadyFocus › matches the suggestions snapshot,acceptable,2026-09-19T13:48:39.382005+00:00,2bb6cebee75b8f45,13,0ab7fdf1aff0
wowanalyzer,1611503093_1145255a05b6e9b895fef993616518363be54fc6,react_app_rewired,1,776,131472,  ● Marksmanship Hunter integration test: Single Target › CarefulAim › matches the statistic snapshot,acceptable,2026-09-19T13:48:39.385967+00:00,0452f30afceb0410,19,0ab7fdf1aff0
wowanalyzer,1611503093_1145255a05b6e9b895fef993616518363be54fc6,react_app_rewired,1,777,131527,  ● Marksmanship Hunter integration test: Single Target › CarefulAim › matches the suggestions snapshot,acceptable,2026-09-19T13:48:39.389976+00:00,33ac90925ae54f91,13,0ab7fdf1aff0
wowanalyzer,1611503093_1145255a05b6e9b895fef993616518363be54fc6,react_app_rewired,1,778,131692,  ● Marksmanship Hunter integration test: Single Target › DeadEye › matches the statistic snapshot,acceptable,2026-09-19T13:48:39.393962+00:00,92e083cb1cf69f02,13,0ab7fdf1aff0
wowanalyzer,1611503093_1145255a05b6e9b895fef993616518363be54fc6,react_app_rewired,1,779,131747,  ● Marksmanship Hunter integration test: Single Target › DeadEye › matches the suggestions snapshot,acceptable,2026-09-19T13:48:39.397909+00:00,1a9f4a7bd0ebf25c,13,0ab7fdf1aff0
wowanalyzer,1611503093_1145255a05b6e9b895fef993616518363be54fc6,react_app_rewired,1,780,131802,  ● Marksmanship Hunter integration test: Single Target › LethalShots › matches the statistic snapshot,acceptable,2026-09-19T13:48:39.401938+00:00,7af58cb6cce2adf6,13,0ab7fdf1aff0
wowanalyzer,1611503093_1145255a05b6e9b895fef993616518363be54fc6,react_app_rewired,1,781,131857,  ● Marksmanship Hunter integration test: Single Target › LethalShots › matches the suggestions snapshot,acceptable,2026-09-19T13:48:39.405899+00:00,fe7fe1889b96f858,13,0ab7fdf1aff0
wowanalyzer,1611503093_1145255a05b6e9b895fef993616518363be54fc6,react_app_rewired,1,782,131912,  ● Marksmanship Hunter integration test: Single Target › Streamline › matches the statistic snapshot,acceptable,2026-09-19T13:48:39.409869+00:00,bc421739cc9cb2f8,19,0ab7fdf1aff0
wowanalyzer,1611503093_1145255a05b6e9b895fef993616518363be54fc6,react_app_rewired,1,783,131967,  ● Marksmanship Hunter integration test: Single Target › Streamline › matches the suggestions snapshot,acceptable,2026-09-19T13:48:39.413910+00:00,ccaca17d9e28ce74,13,0ab7fdf1aff0
wowanalyzer,1611503093_1145255a05b6e9b895fef993616518363be54fc6,react_app_rewired,1,784,132902,  ● Marksmanship Hunter integration test: Single Target › BrutalProjectiles › matches the statistic snapshot,acceptable,2026-09-19T13:48:39.417908+00:00,e13fdf9a23ac29b0,13,0ab7fdf1aff0
wowanalyzer,1611503093_1145255a05b6e9b895fef993616518363be54fc6,react_app_rewired,1,785,132957,  ● Marksmanship Hunter integration test: Single Target › BrutalProjectiles › matches the suggestions snapshot,acceptable,2026-09-19T13:48:39.421876+00:00,74e5f4c60ac00fed,13,0ab7fdf1aff0
wowanalyzer,1611503093_1145255a05b6e9b895fef993616518363be54fc6,react_app_rewired,1,786,133012,  ● Marksmanship Hunter integration test: Single Target › DeadlyChain › matches the statistic snapshot,acceptable,2026-09-19T13:48:39.425840+00:00,a28a10794ea21bfc,13,0ab7fdf1aff0
wowanalyzer,1611503093_1145255a05b6e9b895fef993616518363be54fc6,react_app_rewired,1,787,133067,  ● Marksmanship Hunter integration test: Single Target › DeadlyChain › matches the suggestions snapshot,acceptable,2026-09-19T13:48:39.429870+00:00,35cbd8bf969349da,13,0ab7fdf1aff0
wowanalyzer,1611503093_1145255a05b6e9b895fef993616518363be54fc6,react_app_rewired,1,788,133122,  ● Marksmanship Hunter integration test: Single Target › PowerfulPrecision › matches the statistic snapshot,acceptable,2026-09-19T13:48:39.433798+00:00,20c51f1a99d5eef2,13,0ab7fdf1aff0
wowanalyzer,1611503093_1145255a05b6e9b895fef993616518363be54fc6,react_app_rewired,1,789,133177,  ● Marksmanship Hunter integration test: Single Target › PowerfulPrecision › matches the suggestions snapshot,acceptable,2026-09-19T13:48:39.437876+00:00,e01097b4799b2c3f,13,0ab7fdf1aff0
wowanalyzer,1611503093_1145255a05b6e9b895fef993616518363be54fc6,react_app_rewired,1,790,133232,  ● Marksmanship Hunter integration test: Single Target › SharpshootersFocus › matches the statistic snapshot,acceptable,2026-09-19T13:48:39.441914+00:00,351376d21ecd196a,13,0ab7fdf1aff0
wowanalyzer,1611503093_1145255a05b6e9b895fef993616518363be54fc6,react_app_rewired,1,791,133287,  ● Marksmanship Hunter integration test: Single Target › SharpshootersFocus › matches the suggestions snapshot,acceptable,2026-09-19T13:48:39.445986+00:00,c2ef76cd2835add5,13,0ab7fdf1aff0
wowanalyzer,1611503093_1145255a05b6e9b895fef993616518363be54fc6,react_app_rewired,1,792,134112,  ● Marksmanship Hunter integration test: Single Target › SurgingShots › matches the statistic snapshot,acceptable,2026-09-19T13:48:39.450120+00:00,631eda2842a50fa0,13,0ab7fdf1aff0
wowanalyzer,1611503093_1145255a05b6e9b895fef993616518363be54fc6,react_app_rewired,1,793,134167,  ● Marksmanship Hunter integration test: Single Target › SurgingShots › matches the suggestions snapshot,acceptable,2026-09-19T13:48:39.454233+00:00,fe1f768d31bd935d,13,0ab7fdf1aff0
wowanalyzer,1611503093_1145255a05b6e9b895fef993616518363be54fc6,react_app_rewired,1,794,134222,  ● Marksmanship Hunter integration test: Single Target › SerpentstalkersTrickery › matches the statistic snapshot,acceptable,2026-09-19T13:48:39.458364+00:00,fa57219c95b0bd40,19,0ab7fdf1aff0
wowanalyzer,1611503093_1145255a05b6e9b895fef993616518363be54fc6,react_app_rewired,1,795,134277,  ● Marksmanship Hunter integration test: Single Target › SerpentstalkersTrickery › matches the suggestions snapshot,acceptable,2026-09-19T13:48:39.462400+00:00,6f3afb9ff2c390b0,13,0ab7fdf1aff0
wowanalyzer,1611503093_1145255a05b6e9b895fef993616518363be54fc6,react_app_rewired,1,796,134332,  ● Marksmanship Hunter integration test: Single Target › SecretsOfTheUnblinkingVigil › matches the statistic snapshot,acceptable,2026-09-19T13:48:39.466458+00:00,7d72d4c76e6f58d0,13,0ab7fdf1aff0
wowanalyzer,1611503093_1145255a05b6e9b895fef993616518363be54fc6,react_app_rewired,1,797,134387,  ● Marksmanship Hunter integration test: Single Target › SecretsOfTheUnblinkingVigil › matches the suggestions snapshot,acceptable,2026-09-19T13:48:39.470562+00:00,139630cd8fb51087,13,0ab7fdf1aff0
wowanalyzer,1611503093_1145255a05b6e9b895fef993616518363be54fc6,react_app_rewired,1,798,134442,  ● Marksmanship Hunter integration test: Single Target › EagletalonsTrueFocus › matches the statistic snapshot,acceptable,2026-09-19T13:48:39.474616+00:00,262414a258b5456b,13,0ab7fdf1aff0
wowanalyzer,1611503093_1145255a05b6e9b895fef993616518363be54fc6,react_app_rewired,1,799,134497,  ● Marksmanship Hunter integration test: Single Target › EagletalonsTrueFocus › matches the suggestions snapshot,acceptable,2026-09-19T13:48:39.478686+00:00,ebbd5917a64f8da5,13,0ab7fdf1aff0
wowanalyzer,1611503093_1145255a05b6e9b895fef993616518363be54fc6,react_app_rewired,1,800,152125,  ● Survival Hunter integration test: Single Target › SurvivalFocusCapTracker › matches the statistic snapshot,acceptable,2026-09-19T13:48:39.482810+00:00,951c41ea22840ce0,12,0ab7fdf1aff0
wowanalyzer,1611503093_1145255a05b6e9b895fef993616518363be54fc6,react_app_rewired,1,801,152180,  ● Survival Hunter integration test: Single Target › SurvivalFocusCapTracker › matches the suggestions snapshot,acceptable,2026-09-19T13:48:39.486849+00:00,a09f713ed79c3992,12,0ab7fdf1aff0
wowanalyzer,1611503093_1145255a05b6e9b895fef993616518363be54fc6,react_app_rewired,1,802,152400,  ● Survival Hunter integration test: Single Target › SurvivalFocusUsage › matches the suggestions snapshot,acceptable,2026-09-19T13:48:39.490977+00:00,01aa5741e732f376,12,0ab7fdf1aff0
wowanalyzer,1611503093_1145255a05b6e9b895fef993616518363be54fc6,react_app_rewired,1,803,152455,  ● Survival Hunter integration test: Single Target › KillCommand › matches the statistic snapshot,acceptable,2026-09-19T13:48:39.495079+00:00,4329782a4dac22fb,14,0ab7fdf1aff0
wowanalyzer,1611503093_1145255a05b6e9b895fef993616518363be54fc6,react_app_rewired,1,804,152510,  ● Survival Hunter integration test: Single Target › KillCommand › matches the suggestions snapshot,acceptable,2026-09-19T13:48:39.499141+00:00,12042b7ed02771c0,12,0ab7fdf1aff0
wowanalyzer,1611503093_1145255a05b6e9b895fef993616518363be54fc6,react_app_rewired,1,805,152565,  ● Survival Hunter integration test: Single Target › ButcheryCarve › matches the statistic snapshot,acceptable,2026-09-19T13:48:39.503222+00:00,f03fb29bc65fd2b7,18,0ab7fdf1aff0
wowanalyzer,1611503093_1145255a05b6e9b895fef993616518363be54fc6,react_app_rewired,1,806,152620,  ● Survival Hunter integration test: Single Target › ButcheryCarve › matches the suggestions snapshot,acceptable,2026-09-19T13:48:39.507397+00:00,e7d05dcbf60c4d07,12,0ab7fdf1aff0
wowanalyzer,1611503093_1145255a05b6e9b895fef993616518363be54fc6,react_app_rewired,1,807,152785,  ● Survival Hunter integration test: Single Target › CoordinatedAssault › matches the statistic snapshot,acceptable,2026-09-19T13:48:39.511488+00:00,a4b38af53336b2ac,18,0ab7fdf1aff0
wowanalyzer,1611503093_1145255a05b6e9b895fef993616518363be54fc6,react_app_rewired,1,808,152840,  ● Survival Hunter integration test: Single Target › CoordinatedAssault › matches the suggestions snapshot,acceptable,2026-09-19T13:48:39.515610+00:00,df57585d2b43e0d0,12,0ab7fdf1aff0
wowanalyzer,1611503093_1145255a05b6e9b895fef993616518363be54fc6,react_app_rewired,1,809,152895,  ● Survival Hunter integration test: Single Target › WildfireBomb › matches the statistic snapshot,acceptable,2026-09-19T13:48:39.519801+00:00,4e6ee06f6c6a55b0,12,0ab7fdf1aff0
wowanalyzer,1611503093_1145255a05b6e9b895fef993616518363be54fc6,react_app_rewired,1,810,152950,  ● Survival Hunter integration test: Single Target › WildfireBomb › matches the suggestions snapshot,acceptable,2026-09-19T13:48:39.523954+00:00,3869443fc6e8a979,12,0ab7fdf1aff0
wowanalyzer,1611503093_1145255a05b6e9b895fef993616518363be54fc6,react_app_rewired,1,811,153005,  ● Survival Hunter integration test: Single Target › RaptorStrike › matches the statistic snapshot,acceptable,2026-09-19T13:48:39.528008+00:00,773c678d5eb122a7,12,0ab7fdf1aff0
wowanalyzer,1611503093_1145255a05b6e9b895fef993616518363be54fc6,react_app_rewired,1,812,153060,  ● Survival Hunter integration test: Single Target › RaptorStrike › matches the suggestions snapshot,acceptable,2026-09-19T13:48:39.532083+00:00,1e4d844dbde7368d,12,0ab7fdf1aff0
wowanalyzer,1611503093_1145255a05b6e9b895fef993616518363be54fc6,react_app_rewired,1,813,153555,  ● Survival Hunter integration test: Single Target › VipersVenom › matches the statistic snapshot,acceptable,2026-09-19T13:48:39.536233+00:00,9ad678881a7e4752,12,0ab7fdf1aff0
wowanalyzer,1611503093_1145255a05b6e9b895fef993616518363be54fc6,react_app_rewired,1,814,153610,  ● Survival Hunter integration test: Single Target › VipersVenom › matches the suggestions snapshot,acceptable,2026-09-19T13:48:39.540274+00:00,e05263f8dbbd22c3,12,0ab7fdf1aff0
wowanalyzer,1611503093_1145255a05b6e9b895fef993616518363be54fc6,react_app_rewired,1,815,153665,  ● Survival Hunter integration test: Single Target › MongooseBite › matches the statistic snapshot,acceptable,2026-09-19T13:48:39.544356+00:00,e2a6291d2f2f5337,18,0ab7fdf1aff0
wowanalyzer,1611503093_1145255a05b6e9b895fef993616518363be54fc6,react_app_rewired,1,816,153720,  ● Survival Hunter integration test: Single Target › MongooseBite › matches the suggestions snapshot,acceptable,2026-09-19T13:48:39.548642+00:00,1869da7aa427636d,13,0ab7fdf1aff0
wowanalyzer,1611503093_1145255a05b6e9b895fef993616518363be54fc6,react_app_rewired,1,817,153775,  ● Survival Hunter integration test: Single Target › SteelTrap › matches the statistic snapshot,acceptable,2026-09-19T13:48:39.552774+00:00,82716289fbe887f5,12,0ab7fdf1aff0
wowanalyzer,1611503093_1145255a05b6e9b895fef993616518363be54fc6,react_app_rewired,1,818,153830,  ● Survival Hunter integration test: Single Target › SteelTrap › matches the suggestions snapshot,acceptable,2026-09-19T13:48:39.556930+00:00,d4a32b1aec37bc6d,12,0ab7fdf1aff0
wowanalyzer,1611503093_1145255a05b6e9b895fef993616518363be54fc6,react_app_rewired,1,819,153885,  ● Survival Hunter integration test: Single Target › GuerrillaTactics › matches the statistic snapshot,acceptable,2026-09-19T13:48:39.561157+00:00,4e61226fa2ea9bcf,18,0ab7fdf1aff0
wowanalyzer,1611503093_1145255a05b6e9b895fef993616518363be54fc6,react_app_rewired,1,820,153940,  ● Survival Hunter integration test: Single Target › GuerrillaTactics › matches the suggestions snapshot,acceptable,2026-09-19T13:48:39.565220+00:00,6a78b42c9d988553,12,0ab7fdf1aff0
wowanalyzer,1611503093_1145255a05b6e9b895fef993616518363be54fc6,react_app_rewired,1,821,153995,  ● Survival Hunter integration test: Single Target › Chakrams › matches the statistic snapshot,acceptable,2026-09-19T13:48:39.569362+00:00,87e615b67b8acc3a,12,0ab7fdf1aff0
wowanalyzer,1611503093_1145255a05b6e9b895fef993616518363be54fc6,react_app_rewired,1,822,154050,  ● Survival Hunter integration test: Single Target › Chakrams › matches the suggestions snapshot,acceptable,2026-09-19T13:48:39.573650+00:00,78f7a81aa395f082,12,0ab7fdf1aff0
wowanalyzer,1611503093_1145255a05b6e9b895fef993616518363be54fc6,react_app_rewired,1,823,154105,  ● Survival Hunter integration test: Single Target › BirdOfPrey › matches the statistic snapshot,acceptable,2026-09-19T13:48:39.577789+00:00,d52d32a0d9046596,12,0ab7fdf1aff0
wowanalyzer,1611503093_1145255a05b6e9b895fef993616518363be54fc6,react_app_rewired,1,824,154160,  ● Survival Hunter integration test: Single Target › BirdOfPrey › matches the suggestions snapshot,acceptable,2026-09-19T13:48:39.581960+00:00,2bbd49af95acad5f,12,0ab7fdf1aff0
wowanalyzer,1611503093_1145255a05b6e9b895fef993616518363be54fc6,react_app_rewired,1,825,154435,  ● Survival Hunter integration test: Single Target › AlphaPredator › matches the statistic snapshot,acceptable,2026-09-19T13:48:39.586251+00:00,9dd2195fa457f90f,18,0ab7fdf1aff0
wowanalyzer,1611503093_1145255a05b6e9b895fef993616518363be54fc6,react_app_rewired,1,826,154490,  ● Survival Hunter integration test: Single Target › AlphaPredator › matches the suggestions snapshot,acceptable,2026-09-19T13:48:39.590416+00:00,bd13c5143a998069,12,0ab7fdf1aff0
wowanalyzer,1611503093_1145255a05b6e9b895fef993616518363be54fc6,react_app_rewired,1,827,154545,  ● Survival Hunter integration test: Single Target › Bloodseeker › matches the statistic snapshot,acceptable,2026-09-19T13:48:39.594587+00:00,feb2d18236885127,18,0ab7fdf1aff0
wowanalyzer,1611503093_1145255a05b6e9b895fef993616518363be54fc6,react_app_rewired,1,828,154600,  ● Survival Hunter integration test: Single Target › Bloodseeker › matches the suggestions snapshot,acceptable,2026-09-19T13:48:39.598798+00:00,cb178763ec925b31,12,0ab7fdf1aff0
wowanalyzer,1611503093_1145255a05b6e9b895fef993616518363be54fc6,react_app_rewired,1,829,154655,  ● Survival Hunter integration test: Single Target › HydrasBite › matches the statistic snapshot,acceptable,2026-09-19T13:48:39.603001+00:00,b660caaeeccf445b,12,0ab7fdf1aff0
wowanalyzer,1611503093_1145255a05b6e9b895fef993616518363be54fc6,react_app_rewired,1,830,154710,  ● Survival Hunter integration test: Single Target › HydrasBite › matches the suggestions snapshot,acceptable,2026-09-19T13:48:39.607429+00:00,8fd7e37d1e9b5f16,12,0ab7fdf1aff0
wowanalyzer,1611503093_1145255a05b6e9b895fef993616518363be54fc6,react_app_rewired,1,831,154765,  ● Survival Hunter integration test: Single Target › FlankingStrike › matches the statistic snapshot,acceptable,2026-09-19T13:48:39.611884+00:00,20090fc7664c5204,12,0ab7fdf1aff0
wowanalyzer,1611503093_1145255a05b6e9b895fef993616518363be54fc6,react_app_rewired,1,832,154820,  ● Survival Hunter integration test: Single Target › FlankingStrike › matches the suggestions snapshot,acceptable,2026-09-19T13:48:39.616367+00:00,c6759a35b112d381,12,0ab7fdf1aff0
wowanalyzer,1611503093_1145255a05b6e9b895fef993616518363be54fc6,react_app_rewired,1,833,154930,  ● Survival Hunter integration test: Single Target › TipOfTheSpear › matches the suggestions snapshot,acceptable,2026-09-19T13:48:39.620585+00:00,cdc553a468ab77a3,12,0ab7fdf1aff0
wowanalyzer,1611503093_1145255a05b6e9b895fef993616518363be54fc6,react_app_rewired,1,834,154985,  ● Survival Hunter integration test: Single Target › PheromoneBomb › matches the statistic snapshot,acceptable,2026-09-19T13:48:39.624956+00:00,4370a9c95e44e93b,18,0ab7fdf1aff0
wowanalyzer,1611503093_1145255a05b6e9b895fef993616518363be54fc6,react_app_rewired,1,835,155040,  ● Survival Hunter integration test: Single Target › PheromoneBomb › matches the suggestions snapshot,acceptable,2026-09-19T13:48:39.629388+00:00,68f59e2f0df746ec,12,0ab7fdf1aff0
wowanalyzer,1611503093_1145255a05b6e9b895fef993616518363be54fc6,react_app_rewired,1,836,155095,  ● Survival Hunter integration test: Single Target › ShrapnelBomb › matches the statistic snapshot,acceptable,2026-09-19T13:48:39.634455+00:00,76a6826623839f22,18,0ab7fdf1aff0
wowanalyzer,1611503093_1145255a05b6e9b895fef993616518363be54fc6,react_app_rewired,1,837,155150,  ● Survival Hunter integration test: Single Target › ShrapnelBomb › matches the suggestions snapshot,acceptable,2026-09-19T13:48:39.639025+00:00,38677e186b292154,12,0ab7fdf1aff0
wowanalyzer,1611503093_1145255a05b6e9b895fef993616518363be54fc6,react_app_rewired,1,838,155205,  ● Survival Hunter integration test: Single Target › VolatileBomb › matches the statistic snapshot,acceptable,2026-09-19T13:48:39.643560+00:00,3abce53668bfbcf7,18,0ab7fdf1aff0
wowanalyzer,1611503093_1145255a05b6e9b895fef993616518363be54fc6,react_app_rewired,1,839,155260,  ● Survival Hunter integration test: Single Target › VolatileBomb › matches the suggestions snapshot,acceptable,2026-09-19T13:48:39.647768+00:00,2ca0bb48da023071,13,0ab7fdf1aff0
wowanalyzer,1611503093_1145255a05b6e9b895fef993616518363be54fc6,react_app_rewired,1,840,156195,  ● Survival Hunter integration test: Single Target › DeadlyTandem › matches the statistic snapshot,acceptable,2026-09-19T13:48:39.653212+00:00,b07f435a7b566b4b,12,0ab7fdf1aff0
wowanalyzer,1611503093_1145255a05b6e9b895fef993616518363be54fc6,react_app_rewired,1,841,156250,  ● Survival Hunter integration test: Single Target › DeadlyTandem › matches the suggestions snapshot,acceptable,2026-09-19T13:48:39.657431+00:00,fee0081d5fc9642b,12,0ab7fdf1aff0
wowanalyzer,1611503093_1145255a05b6e9b895fef993616518363be54fc6,react_app_rewired,1,842,156305,  ● Survival Hunter integration test: Single Target › FlameInfusion › matches the statistic snapshot,acceptable,2026-09-19T13:48:39.661596+00:00,21388af417920447,12,0ab7fdf1aff0
wowanalyzer,1611503093_1145255a05b6e9b895fef993616518363be54fc6,react_app_rewired,1,843,156360,  ● Survival Hunter integration test: Single Target › FlameInfusion › matches the suggestions snapshot,acceptable,2026-09-19T13:48:39.665906+00:00,8880a22938e57581,12,0ab7fdf1aff0
wowanalyzer,1611503093_1145255a05b6e9b895fef993616518363be54fc6,react_app_rewired,1,844,156415,  ● Survival Hunter integration test: Single Target › StingingStrike › matches the statistic snapshot,acceptable,2026-09-19T13:48:39.670154+00:00,69c940fa1b4e26de,12,0ab7fdf1aff0
wowanalyzer,1611503093_1145255a05b6e9b895fef993616518363be54fc6,react_app_rewired,1,845,156470,  ● Survival Hunter integration test: Single Target › StingingStrike › matches the suggestions snapshot,acceptable,2026-09-19T13:48:39.674360+00:00,f3d87c6177843071,12,0ab7fdf1aff0
wowanalyzer,1611503093_1145255a05b6e9b895fef993616518363be54fc6,react_app_rewired,1,846,156525,  ● Survival Hunter integration test: Single Target › StrengthOfThePack › matches the statistic snapshot,acceptable,2026-09-19T13:48:39.678600+00:00,89e37f4b24491fac,24,0ab7fdf1aff0
wowanalyzer,1611503093_1145255a05b6e9b895fef993616518363be54fc6,react_app_rewired,1,847,156580,  ● Survival Hunter integration test: Single Target › StrengthOfThePack › matches the suggestions snapshot,acceptable,2026-09-19T13:48:39.682771+00:00,eb22d7e3b7e01a8f,12,0ab7fdf1aff0
wowanalyzer,1611503093_1145255a05b6e9b895fef993616518363be54fc6,react_app_rewired,1,848,157405,  ● Survival Hunter integration test: Single Target › WildfireCluster › matches the statistic snapshot,acceptable,2026-09-19T13:48:39.687010+00:00,a602ef7623e1d7c5,14,0ab7fdf1aff0
wowanalyzer,1611503093_1145255a05b6e9b895fef993616518363be54fc6,react_app_rewired,1,849,157460,  ● Survival Hunter integration test: Single Target › WildfireCluster › matches the suggestions snapshot,acceptable,2026-09-19T13:48:39.691313+00:00,ce081446d882de41,12,0ab7fdf1aff0
wowanalyzer,1611503093_1145255a05b6e9b895fef993616518363be54fc6,react_app_rewired,1,850,157515,  ● Survival Hunter integration test: Single Target › LatentPoisonInjectors › matches the statistic snapshot,acceptable,2026-09-19T13:48:39.695629+00:00,03e42798309be7c8,12,0ab7fdf1aff0
wowanalyzer,1611503093_1145255a05b6e9b895fef993616518363be54fc6,react_app_rewired,1,851,157570,  ● Survival Hunter integration test: Single Target › LatentPoisonInjectors › matches the suggestions snapshot,acceptable,2026-09-19T13:48:39.699965+00:00,df9779d853433f20,12,0ab7fdf1aff0
wowanalyzer,1611503093_1145255a05b6e9b895fef993616518363be54fc6,react_app_rewired,1,852,157680,  ● Survival Hunter integration test: Single Target › RylakstalkersConfoundingStrikes › matches the suggestions snapshot,acceptable,2026-09-19T13:48:39.704285+00:00,a6e127837f0c1771,12,0ab7fdf1aff0
wowanalyzer,1611503093_1145255a05b6e9b895fef993616518363be54fc6,react_app_rewired,1,853,157735,  ● Survival Hunter integration test: Single Target › ButchersBoneFragments › matches the statistic snapshot,acceptable,2026-09-19T13:48:39.708629+00:00,44b2c286f74363e7,12,0ab7fdf1aff0
wowanalyzer,1611503093_1145255a05b6e9b895fef993616518363be54fc6,react_app_rewired,1,854,157790,  ● Survival Hunter integration test: Single Target › ButchersBoneFragments › matches the suggestions snapshot,acceptable,2026-09-19T13:48:39.713035+00:00,55ef9cc9966a19bd,12,0ab7fdf1aff0
wowanalyzer,1611519938_973632fd5e1def2ea6291809c6df9fbada80de43,react_app_rewired,1,855,5077,  ● Brewmaster Monk integration test: example log › BrewCDR › matches the statistic snapshot,reevaluated_acceptable,2026-09-19T13:48:39.717389+00:00,8f28218bd0f5d941,26,003bcbbcbde5
wowanalyzer,1611519938_973632fd5e1def2ea6291809c6df9fbada80de43,react_app_rewired,1,856,5110,  ● Brewmaster Monk integration test: example log › HighTolerance › matches the statistic snapshot,reevaluated_acceptable,2026-09-19T13:48:39.721717+00:00,d20a60b4c9eaa571,12,003bcbbcbde5
wowanalyzer,1611519938_973632fd5e1def2ea6291809c6df9fbada80de43,react_app_rewired,1,857,5143,  ● Brewmaster Monk integration test: example log › CelestialFortune › matches the statistic snapshot,reevaluated_acceptable,2026-09-19T13:48:39.726129+00:00,d1efb13b618d192b,19,003bcbbcbde5
wowanalyzer,1611519938_973632fd5e1def2ea6291809c6df9fbada80de43,react_app_rewired,1,858,5176,  ● Brewmaster Monk integration test: example log › GiftOfTheOx › matches the statistic snapshot,reevaluated_acceptable,2026-09-19T13:48:39.730713+00:00,8e3d6a0c46d354bb,12,003bcbbcbde5
wowanalyzer,1611547528_0ab3acb3e045984e7a41281647e3afff7696c269,react_app_rewired,1,859,275,  ● Unholy Death Knight integration test: example log › SuddenDoom › matches the statistic snapshot,reevaluated_acceptable,2026-09-19T13:48:39.735034+00:00,3b69fd6b1d3c0259,17,da465717f9d1
wowanalyzer,1611547528_0ab3acb3e045984e7a41281647e3afff7696c269,react_app_rewired,1,860,361,  ● Unholy Death Knight integration test: example log › SuddenDoom › matches the suggestions snapshot,reevaluated_acceptable,2026-09-19T13:48:39.739373+00:00,1c65fb3f9a60a809,20,da465717f9d1
wowanalyzer,1611570528_0a8be7333534bec499083a9a8ad8b2abed609d4d,react_app_rewired,1,861,237,  ● Test suite failed to run,reevaluated_acceptable,2026-09-19T13:48:39.743895+00:00,39d708f514d8ece6,61,b76508872386
wowanalyzer,1611570528_0a8be7333534bec499083a9a8ad8b2abed609d4d,react_app_rewired,1,862,267,  ● Test suite failed to run,reevaluated_acceptable,2026-09-19T13:48:39.748239+00:00,a7527a22b2ea2eba,26,b76508872386
wowanalyzer,1613115623_234955abca8a4c4c16fa67efec9ec15df117d510,react_app_rewired,1,863,518,  ● Balance Druid integration test: example log › ConvokeSpirits › matches the statistic snapshot,reevaluated_acceptable,2026-09-19T13:48:39.753246+00:00,5c32b2862b63499a,17,da465717f9d1
wowanalyzer,1613157288_546ee60bf317d661bfdb09764c964ee77af50272,react_app_rewired,1,864,267,  ● Balance Druid integration test: example log › BalanceOfAllThingsOpener › matches the suggestions snapshot,reevaluated_acceptable,2026-09-19T13:48:39.759172+00:00,cca5b993f75824f0,23,da465717f9d1
wowanalyzer,1613595203_66750e3a9f74a657013158e4b61480a4c4e13033,react_app_rewired,1,865,267,  ● Balance Druid integration test: example log › UnempoweredStarfire › matches the suggestions snapshot,reevaluated_acceptable,2026-09-19T13:48:39.763484+00:00,6b71ed15f391707a,7,da465717f9d1
wowanalyzer,1613790926_6b3ea1756755c290385ac19b06ee00d18bde9359,react_app_rewired,1,866,368,  ● Test suite failed to run,reevaluated_acceptable,2026-09-19T13:48:39.767816+00:00,cebaa1ff58ca9f25,54,47b9fbcd5668
wowanalyzer,1613790926_6b3ea1756755c290385ac19b06ee00d18bde9359,react_app_rewired,1,867,388,  ● Test suite failed to run,reevaluated_acceptable,2026-09-19T13:48:39.772258+00:00,ae7abef3c1406e90,53,47b9fbcd5668
wowanalyzer,1613790926_6b3ea1756755c290385ac19b06ee00d18bde9359,react_app_rewired,1,868,408,  ● Test suite failed to run,reevaluated_acceptable,2026-09-19T13:48:39.776600+00:00,e552190a2905a0fc,54,47b9fbcd5668
wowanalyzer,1613790926_6b3ea1756755c290385ac19b06ee00d18bde9359,react_app_rewired,1,869,429,  ● Test suite failed to run,reevaluated_acceptable,2026-09-19T13:48:39.780975+00:00,39b2b25de09ea7a0,54,47b9fbcd5668
wowanalyzer,1613790926_6b3ea1756755c290385ac19b06ee00d18bde9359,react_app_rewired,1,870,449,  ● Test suite failed to run,reevaluated_acceptable,2026-09-19T13:48:39.785349+00:00,3f7c3edeb3927d93,53,47b9fbcd5668
wowanalyzer,1613790926_6b3ea1756755c290385ac19b06ee00d18bde9359,react_app_rewired,1,871,469,  ● Test suite failed to run,reevaluated_acceptable,2026-09-19T13:48:39.789628+00:00,698b2e9c4f6a8aa4,54,47b9fbcd5668
wowanalyzer,1613790926_6b3ea1756755c290385ac19b06ee00d18bde9359,react_app_rewired,1,872,489,  ● Test suite failed to run,reevaluated_acceptable,2026-09-19T13:48:39.793981+00:00,ed12b42db5c00658,53,47b9fbcd5668
wowanalyzer,1613790926_6b3ea1756755c290385ac19b06ee00d18bde9359,react_app_rewired,1,873,508,  ● Test suite failed to run,reevaluated_acceptable,2026-09-19T13:48:39.798426+00:00,036d85e5b6690b23,54,47b9fbcd5668
wowanalyzer,1613790926_6b3ea1756755c290385ac19b06ee00d18bde9359,react_app_rewired,1,874,527,  ● Test suite failed to run,reevaluated_acceptable,2026-09-19T13:48:39.802692+00:00,9d3da1023751775c,53,47b9fbcd5668
wowanalyzer,1613790926_6b3ea1756755c290385ac19b06ee00d18bde9359,react_app_rewired,1,875,546,  ● Test suite failed to run,reevaluated_acceptable,2026-09-19T13:48:39.807485+00:00,80549b498ca4255e,53,47b9fbcd5668
wowanalyzer,1613790926_6b3ea1756755c290385ac19b06ee00d18bde9359,react_app_rewired,1,876,565,  ● Test suite failed to run,reevaluated_acceptable,2026-09-19T13:48:39.812045+00:00,df8fb030c0c7978f,53,47b9fbcd5668
wowanalyzer,1613790926_6b3ea1756755c290385ac19b06ee00d18bde9359,react_app_rewired,1,877,588,  ● Test suite failed to run,reevaluated_acceptable,2026-09-19T13:48:39.816358+00:00,096d2ad8b29c1fea,53,47b9fbcd5668
wowanalyzer,1613790926_6b3ea1756755c290385ac19b06ee00d18bde9359,react_app_rewired,1,878,611,  ● Test suite failed to run,reevaluated_acceptable,2026-09-19T13:48:39.820780+00:00,225dba795b2b611e,53,47b9fbcd5668
wowanalyzer,1613790926_6b3ea1756755c290385ac19b06ee00d18bde9359,react_app_rewired,1,879,634,  ● Test suite failed to run,reevaluated_acceptable,2026-09-19T13:48:39.825521+00:00,21c83e349e4dc766,53,47b9fbcd5668
wowanalyzer,1613790926_6b3ea1756755c290385ac19b06ee00d18bde9359,react_app_rewired,1,880,653,  ● Test suite failed to run,reevaluated_acceptable,2026-09-19T13:48:39.832379+00:00,4322bcaee30cf10f,53,47b9fbcd5668
wowanalyzer,1613790926_6b3ea1756755c290385ac19b06ee00d18bde9359,react_app_rewired,1,881,672,  ● Test suite failed to run,reevaluated_acceptable,2026-09-19T13:48:39.837229+00:00,a58bac8d0c93c983,57,47b9fbcd5668
wowanalyzer,1613790926_6b3ea1756755c290385ac19b06ee00d18bde9359,react_app_rewired,1,882,729,  ● Test suite failed to run,reevaluated_acceptable,2026-09-19T13:48:39.841728+00:00,8893e567939c70d1,53,47b9fbcd5668
wowanalyzer,1614190200_26030c871cb21411fce9a29ed52bf5c55c0efab7,react_app_rewired,1,883,1994,  ● Holy Paladin integration test: example log › PaladinAbilityTracker › matches the statistic snapshot,reevaluated_acceptable,2026-09-19T13:48:39.846372+00:00,10ce197b4b4a1119,17,178678b36842
wowanalyzer,1614190200_26030c871cb21411fce9a29ed52bf5c55c0efab7,react_app_rewired,1,884,2054,  ● Holy Paladin integration test: example log › PaladinAbilityTracker › matches the suggestions snapshot,reevaluated_acceptable,2026-09-19T13:48:39.850757+00:00,046150f14e0e91af,17,178678b36842
wowanalyzer,1614190200_26030c871cb21411fce9a29ed52bf5c55c0efab7,react_app_rewired,1,885,6194,  ● Holy Paladin integration test: example log › LowHealthHealing › matches the statistic snapshot,reevaluated_acceptable,2026-09-19T13:48:39.855235+00:00,859da61daaafc717,25,178678b36842
wowanalyzer,1614190200_26030c871cb21411fce9a29ed52bf5c55c0efab7,react_app_rewired,1,886,6254,  ● Holy Paladin integration test: example log › LowHealthHealing › matches the suggestions snapshot,reevaluated_acceptable,2026-09-19T13:48:39.859720+00:00,f49b4d0386ab1481,25,178678b36842
wowanalyzer,1614190200_26030c871cb21411fce9a29ed52bf5c55c0efab7,react_app_rewired,1,887,6314,  ● Holy Paladin integration test: example log › BeaconTransferFactor › matches the statistic snapshot,reevaluated_acceptable,2026-09-19T13:48:39.864232+00:00,c1a88e46acd1ee80,17,178678b36842
wowanalyzer,1614190200_26030c871cb21411fce9a29ed52bf5c55c0efab7,react_app_rewired,1,888,6374,  ● Holy Paladin integration test: example log › BeaconTransferFactor › matches the suggestions snapshot,reevaluated_acceptable,2026-09-19T13:48:39.868632+00:00,c0b53b7fe0393525,17,178678b36842
wowanalyzer,1614190200_26030c871cb21411fce9a29ed52bf5c55c0efab7,react_app_rewired,1,889,6434,  ● Holy Paladin integration test: example log › BeaconHealSource › matches the statistic snapshot,reevaluated_acceptable,2026-09-19T13:48:39.873038+00:00,1d97e462719c6622,17,178678b36842
wowanalyzer,1614190200_26030c871cb21411fce9a29ed52bf5c55c0efab7,react_app_rewired,1,890,6494,  ● Holy Paladin integration test: example log › BeaconHealSource › matches the suggestions snapshot,reevaluated_acceptable,2026-09-19T13:48:39.877570+00:00,013eb2c926466c4c,17,178678b36842
wowanalyzer,1614190200_26030c871cb21411fce9a29ed52bf5c55c0efab7,react_app_rewired,1,891,6554,  ● Holy Paladin integration test: example log › BeaconHealingDone › matches the statistic snapshot,reevaluated_acceptable,2026-09-19T13:48:39.882026+00:00,44c285a78f850fb8,23,178678b36842
wowanalyzer,1614190200_26030c871cb21411fce9a29ed52bf5c55c0efab7,react_app_rewired,1,892,6614,  ● Holy Paladin integration test: example log › BeaconHealingDone › matches the suggestions snapshot,reevaluated_acceptable,2026-09-19T13:48:39.886469+00:00,dbc7611595214369,17,178678b36842
wowanalyzer,1614190200_26030c871cb21411fce9a29ed52bf5c55c0efab7,react_app_rewired,1,893,6674,  ● Holy Paladin integration test: example log › BeaconTargets › matches the statistic snapshot,reevaluated_acceptable,2026-09-19T13:48:39.890984+00:00,a0384de76e6bb571,17,178678b36842
wowanalyzer,1614190200_26030c871cb21411fce9a29ed52bf5c55c0efab7,react_app_rewired,1,894,6734,  ● Holy Paladin integration test: example log › BeaconTargets › matches the suggestions snapshot,reevaluated_acceptable,2026-09-19T13:48:39.895456+00:00,dfba88f67f65169f,17,178678b36842
wowanalyzer,1614190200_26030c871cb21411fce9a29ed52bf5c55c0efab7,react_app_rewired,1,895,6794,  ● Holy Paladin integration test: example log › MissingBeacons › matches the statistic snapshot,reevaluated_acceptable,2026-09-19T13:48:39.899897+00:00,787f62732def051a,17,178678b36842
wowanalyzer,1614190200_26030c871cb21411fce9a29ed52bf5c55c0efab7,react_app_rewired,1,896,6854,  ● Holy Paladin integration test: example log › MissingBeacons › matches the suggestions snapshot,reevaluated_acceptable,2026-09-19T13:48:39.904406+00:00,3e92838d81a0c3db,17,178678b36842
wowanalyzer,1614190200_26030c871cb21411fce9a29ed52bf5c55c0efab7,react_app_rewired,1,897,6914,  ● Holy Paladin integration test: example log › FailedBeaconTransfers › matches the statistic snapshot,reevaluated_acceptable,2026-09-19T13:48:39.908993+00:00,2ba85a9d049712b4,23,178678b36842
wowanalyzer,1614190200_26030c871cb21411fce9a29ed52bf5c55c0efab7,react_app_rewired,1,898,6974,  ● Holy Paladin integration test: example log › FailedBeaconTransfers › matches the suggestions snapshot,reevaluated_acceptable,2026-09-19T13:48:39.913459+00:00,f811b1bb06010105,17,178678b36842
wowanalyzer,1614190200_26030c871cb21411fce9a29ed52bf5c55c0efab7,react_app_rewired,1,899,7034,  ● Holy Paladin integration test: example log › DirectBeaconHealing › matches the statistic snapshot,reevaluated_acceptable,2026-09-19T13:48:39.917945+00:00,7dab3633bd545121,25,178678b36842
wowanalyzer,1614190200_26030c871cb21411fce9a29ed52bf5c55c0efab7,react_app_rewired,1,900,7094,  ● Holy Paladin integration test: example log › DirectBeaconHealing › matches the suggestions snapshot,reevaluated_acceptable,2026-09-19T13:48:39.922458+00:00,61ec69516e4e0e7e,17,178678b36842
wowanalyzer,1614190200_26030c871cb21411fce9a29ed52bf5c55c0efab7,react_app_rewired,1,901,7154,  ● Holy Paladin integration test: example log › BeaconUptime › matches the statistic snapshot,reevaluated_acceptable,2026-09-19T13:48:39.926987+00:00,cf4e292edec143ad,19,178678b36842
wowanalyzer,1614190200_26030c871cb21411fce9a29ed52bf5c55c0efab7,react_app_rewired,1,902,7214,  ● Holy Paladin integration test: example log › BeaconUptime › matches the suggestions snapshot,reevaluated_acceptable,2026-09-19T13:48:39.931607+00:00,84714687eb6e8481,17,178678b36842
wowanalyzer,1614190200_26030c871cb21411fce9a29ed52bf5c55c0efab7,react_app_rewired,1,903,7274,  ● Holy Paladin integration test: example log › CastBehavior › matches the statistic snapshot,reevaluated_acceptable,2026-09-19T13:48:39.936300+00:00,8f5396db8007f3e4,23,178678b36842
wowanalyzer,1614190200_26030c871cb21411fce9a29ed52bf5c55c0efab7,react_app_rewired,1,904,7334,  ● Holy Paladin integration test: example log › CastBehavior › matches the suggestions snapshot,reevaluated_acceptable,2026-09-19T13:48:39.940937+00:00,8eac6f3f6aae8d48,17,178678b36842
wowanalyzer,1614190200_26030c871cb21411fce9a29ed52bf5c55c0efab7,react_app_rewired,1,905,7394,  ● Holy Paladin integration test: example log › Overhealing › matches the statistic snapshot,reevaluated_acceptable,2026-09-19T13:48:39.946022+00:00,0a66fb9927cbec43,17,178678b36842
wowanalyzer,1614190200_26030c871cb21411fce9a29ed52bf5c55c0efab7,react_app_rewired,1,906,7454,  ● Holy Paladin integration test: example log › Overhealing › matches the suggestions snapshot,reevaluated_acceptable,2026-09-19T13:48:39.950589+00:00,53aef7d908084175,18,178678b36842
wowanalyzer,1614190200_26030c871cb21411fce9a29ed52bf5c55c0efab7,react_app_rewired,1,907,7514,  ● Holy Paladin integration test: example log › FillerLightOfTheMartyrs › matches the statistic snapshot,reevaluated_acceptable,2026-09-19T13:48:39.955056+00:00,cb5e372a42cf81e6,17,178678b36842
wowanalyzer,1614190200_26030c871cb21411fce9a29ed52bf5c55c0efab7,react_app_rewired,1,908,7574,  ● Holy Paladin integration test: example log › FillerLightOfTheMartyrs › matches the suggestions snapshot,reevaluated_acceptable,2026-09-19T13:48:39.959621+00:00,cd99f904ebdc2901,18,178678b36842
wowanalyzer,1614190200_26030c871cb21411fce9a29ed52bf5c55c0efab7,react_app_rewired,1,909,7634,  ● Holy Paladin integration test: example log › InefficientLightOfTheMartyrs › matches the statistic snapshot,reevaluated_acceptable,2026-09-19T13:48:39.964202+00:00,628e145dd6bdf1ba,17,178678b36842
wowanalyzer,1614190200_26030c871cb21411fce9a29ed52bf5c55c0efab7,react_app_rewired,1,910,7694,  ● Holy Paladin integration test: example log › InefficientLightOfTheMartyrs › matches the suggestions snapshot,reevaluated_acceptable,2026-09-19T13:48:39.968774+00:00,26dd47c6051fe3ae,17,178678b36842
wowanalyzer,1614190200_26030c871cb21411fce9a29ed52bf5c55c0efab7,react_app_rewired,1,911,7754,  ● Holy Paladin integration test: example log › FillerFlashOfLight › matches the statistic snapshot,reevaluated_acceptable,2026-09-19T13:48:39.973359+00:00,87214ade9f7859b6,17,178678b36842
wowanalyzer,1614190200_26030c871cb21411fce9a29ed52bf5c55c0efab7,react_app_rewired,1,912,7814,  ● Holy Paladin integration test: example log › FillerFlashOfLight › matches the suggestions snapshot,reevaluated_acceptable,2026-09-19T13:48:39.977959+00:00,8d2ed8cb6713f8dc,18,178678b36842
wowanalyzer,1614190200_26030c871cb21411fce9a29ed52bf5c55c0efab7,react_app_rewired,1,913,7874,  ● Holy Paladin integration test: example log › LightOfDawn › matches the statistic snapshot,reevaluated_acceptable,2026-09-19T13:48:39.982537+00:00,6330999f52c5da3c,19,178678b36842
wowanalyzer,1614190200_26030c871cb21411fce9a29ed52bf5c55c0efab7,react_app_rewired,1,914,7934,  ● Holy Paladin integration test: example log › LightOfDawn › matches the suggestions snapshot,reevaluated_acceptable,2026-09-19T13:48:39.987186+00:00,10ba120294053649,17,178678b36842
wowanalyzer,1614190200_26030c871cb21411fce9a29ed52bf5c55c0efab7,react_app_rewired,1,915,7994,  ● Holy Paladin integration test: example log › LightOfDawnIndexer › matches the statistic snapshot,reevaluated_acceptable,2026-09-19T13:48:39.991717+00:00,f2c90244b12d0b2e,8,178678b36842
wowanalyzer,1614190200_26030c871cb21411fce9a29ed52bf5c55c0efab7,react_app_rewired,1,916,8054,  ● Holy Paladin integration test: example log › LightOfDawnIndexer › matches the suggestions snapshot,reevaluated_acceptable,2026-09-19T13:48:39.996322+00:00,ac065e47a3ff5734,8,178678b36842
wowanalyzer,1614190200_26030c871cb21411fce9a29ed52bf5c55c0efab7,react_app_rewired,1,917,8114,  ● Holy Paladin integration test: example log › HammerofWrath › matches the statistic snapshot,reevaluated_acceptable,2026-09-19T13:48:40.000882+00:00,a58c5044ba709ec5,17,178678b36842
wowanalyzer,1614190200_26030c871cb21411fce9a29ed52bf5c55c0efab7,react_app_rewired,1,918,8174,  ● Holy Paladin integration test: example log › HammerofWrath › matches the suggestions snapshot,reevaluated_acceptable,2026-09-19T13:48:40.005389+00:00,cfcf8be05d5466ed,17,178678b36842
wowanalyzer,1614190200_26030c871cb21411fce9a29ed52bf5c55c0efab7,react_app_rewired,1,919,8234,  ● Holy Paladin integration test: example log › MasteryEffectiveness › matches the statistic snapshot,reevaluated_acceptable,2026-09-19T13:48:40.010007+00:00,e70be80dd5721e5b,21,178678b36842
wowanalyzer,1614190200_26030c871cb21411fce9a29ed52bf5c55c0efab7,react_app_rewired,1,920,8294,  ● Holy Paladin integration test: example log › MasteryEffectiveness › matches the suggestions snapshot,reevaluated_acceptable,2026-09-19T13:48:40.014627+00:00,c60a67f01887a7af,17,178678b36842
wowanalyzer,1614190200_26030c871cb21411fce9a29ed52bf5c55c0efab7,react_app_rewired,1,921,8474,  ● Holy Paladin integration test: example log › StatValues › matches the statistic snapshot,reevaluated_acceptable,2026-09-19T13:48:40.020317+00:00,6adf09276f79652d,22,178678b36842
wowanalyzer,1614190200_26030c871cb21411fce9a29ed52bf5c55c0efab7,react_app_rewired,1,922,8534,  ● Holy Paladin integration test: example log › StatValues › matches the suggestions snapshot,reevaluated_acceptable,2026-09-19T13:48:40.025335+00:00,a100cf82bff367be,16,178678b36842
wowanalyzer,1614190200_26030c871cb21411fce9a29ed52bf5c55c0efab7,react_app_rewired,1,923,8594,  ● Holy Paladin integration test: example log › RuleOfLaw › matches the statistic snapshot,reevaluated_acceptable,2026-09-19T13:48:40.032699+00:00,a3732aa8aa5b54cd,19,178678b36842
wowanalyzer,1614190200_26030c871cb21411fce9a29ed52bf5c55c0efab7,react_app_rewired,1,924,8654,  ● Holy Paladin integration test: example log › RuleOfLaw › matches the suggestions snapshot,reevaluated_acceptable,2026-09-19T13:48:40.037433+00:00,96b4038ac92fa0cb,18,178678b36842
wowanalyzer,1614190200_26030c871cb21411fce9a29ed52bf5c55c0efab7,react_app_rewired,1,925,8714,  ● Holy Paladin integration test: example log › DevotionAuraDamageReduction › matches the statistic snapshot,reevaluated_acceptable,2026-09-19T13:48:40.042153+00:00,c2d13246737ee37e,20,178678b36842
wowanalyzer,1614190200_26030c871cb21411fce9a29ed52bf5c55c0efab7,react_app_rewired,1,926,8774,  ● Holy Paladin integration test: example log › DevotionAuraDamageReduction › matches the suggestions snapshot,reevaluated_acceptable,2026-09-19T13:48:40.049829+00:00,1249bb1e5fba1514,17,178678b36842
wowanalyzer,1614190200_26030c871cb21411fce9a29ed52bf5c55c0efab7,react_app_rewired,1,927,8834,  ● Holy Paladin integration test: example log › HolyAvenger › matches the statistic snapshot,reevaluated_acceptable,2026-09-19T13:48:40.054419+00:00,9ccd248a7eb22baf,17,178678b36842
wowanalyzer,1614190200_26030c871cb21411fce9a29ed52bf5c55c0efab7,react_app_rewired,1,928,8894,  ● Holy Paladin integration test: example log › HolyAvenger › matches the suggestions snapshot,reevaluated_acceptable,2026-09-19T13:48:40.059025+00:00,350dc20dea7e0ea6,17,178678b36842
wowanalyzer,1614190200_26030c871cb21411fce9a29ed52bf5c55c0efab7,react_app_rewired,1,929,8954,  ● Holy Paladin integration test: example log › DivinePurpose › matches the statistic snapshot,reevaluated_acceptable,2026-09-19T13:48:40.063674+00:00,7a05fc96f6af65c7,17,178678b36842
wowanalyzer,1614190200_26030c871cb21411fce9a29ed52bf5c55c0efab7,react_app_rewired,1,930,9014,  ● Holy Paladin integration test: example log › DivinePurpose › matches the suggestions snapshot,reevaluated_acceptable,2026-09-19T13:48:40.068270+00:00,189417f7e72e4744,17,178678b36842
wowanalyzer,1614190200_26030c871cb21411fce9a29ed52bf5c55c0efab7,react_app_rewired,1,931,9074,  ● Holy Paladin integration test: example log › CrusadersMight › matches the statistic snapshot,reevaluated_acceptable,2026-09-19T13:48:40.072908+00:00,39a202fe17993531,17,178678b36842
wowanalyzer,1614190200_26030c871cb21411fce9a29ed52bf5c55c0efab7,react_app_rewired,1,932,9134,  ● Holy Paladin integration test: example log › CrusadersMight › matches the suggestions snapshot,reevaluated_acceptable,2026-09-19T13:48:40.077522+00:00,4738b18adb26ed6e,17,178678b36842
wowanalyzer,1614190200_26030c871cb21411fce9a29ed52bf5c55c0efab7,react_app_rewired,1,933,9194,  ● Holy Paladin integration test: example log › AvengingCrusader › matches the statistic snapshot,reevaluated_acceptable,2026-09-19T13:48:40.082121+00:00,44bf7d8f8fb90d0d,25,178678b36842
wowanalyzer,1614190200_26030c871cb21411fce9a29ed52bf5c55c0efab7,react_app_rewired,1,934,9254,  ● Holy Paladin integration test: example log › AvengingCrusader › matches the suggestions snapshot,reevaluated_acceptable,2026-09-19T13:48:40.086732+00:00,2093a5309919bef9,17,178678b36842
wowanalyzer,1614190200_26030c871cb21411fce9a29ed52bf5c55c0efab7,react_app_rewired,1,935,9314,  ● Holy Paladin integration test: example log › JudgmentOfLight › matches the statistic snapshot,reevaluated_acceptable,2026-09-19T13:48:40.091433+00:00,83b8d36a556a7e02,22,178678b36842
wowanalyzer,1614190200_26030c871cb21411fce9a29ed52bf5c55c0efab7,react_app_rewired,1,936,9374,  ● Holy Paladin integration test: example log › JudgmentOfLight › matches the suggestions snapshot,reevaluated_acceptable,2026-09-19T13:48:40.096126+00:00,d30433baae1f2f42,17,178678b36842
wowanalyzer,1614190200_26030c871cb21411fce9a29ed52bf5c55c0efab7,react_app_rewired,1,937,9434,  ● Holy Paladin integration test: example log › GlimmerOfLight › matches the statistic snapshot,reevaluated_acceptable,2026-09-19T13:48:40.100740+00:00,ec7e1aadec7f738c,17,178678b36842
wowanalyzer,1614190200_26030c871cb21411fce9a29ed52bf5c55c0efab7,react_app_rewired,1,938,9494,  ● Holy Paladin integration test: example log › GlimmerOfLight › matches the suggestions snapshot,reevaluated_acceptable,2026-09-19T13:48:40.105355+00:00,e2543f603b916f5b,17,178678b36842
wowanalyzer,1614190200_26030c871cb21411fce9a29ed52bf5c55c0efab7,react_app_rewired,1,939,9554,  ● Holy Paladin integration test: example log › HolyPowerTracker › matches the statistic snapshot,reevaluated_acceptable,2026-09-19T13:48:40.109990+00:00,85569b5612d38954,17,178678b36842
wowanalyzer,1614190200_26030c871cb21411fce9a29ed52bf5c55c0efab7,react_app_rewired,1,940,9614,  ● Holy Paladin integration test: example log › HolyPowerTracker › matches the suggestions snapshot,reevaluated_acceptable,2026-09-19T13:48:40.114628+00:00,af834cf8d34ba2ac,17,178678b36842
wowanalyzer,1614190200_26030c871cb21411fce9a29ed52bf5c55c0efab7,react_app_rewired,1,941,9674,  ● Holy Paladin integration test: example log › HolyPowerDetails › matches the statistic snapshot,reevaluated_acceptable,2026-09-19T13:48:40.119311+00:00,33061920a08e434d,26,178678b36842
wowanalyzer,1614190200_26030c871cb21411fce9a29ed52bf5c55c0efab7,react_app_rewired,1,942,9734,  ● Holy Paladin integration test: example log › HolyPowerDetails › matches the suggestions snapshot,reevaluated_acceptable,2026-09-19T13:48:40.123978+00:00,e7d21e3dd543ef98,18,178678b36842
wowanalyzer,1614190200_26030c871cb21411fce9a29ed52bf5c55c0efab7,react_app_rewired,1,943,9794,  ● Holy Paladin integration test: example log › ShockBarrier › matches the statistic snapshot,reevaluated_acceptable,2026-09-19T13:48:40.128645+00:00,3ed2d948e13cf766,17,178678b36842
wowanalyzer,1614190200_26030c871cb21411fce9a29ed52bf5c55c0efab7,react_app_rewired,1,944,9854,  ● Holy Paladin integration test: example log › ShockBarrier › matches the suggestions snapshot,reevaluated_acceptable,2026-09-19T13:48:40.133339+00:00,2d08d976f80ead5f,17,178678b36842
wowanalyzer,1614190200_26030c871cb21411fce9a29ed52bf5c55c0efab7,react_app_rewired,1,945,9914,  ● Holy Paladin integration test: example log › AshenHallow › matches the statistic snapshot,reevaluated_acceptable,2026-09-19T13:48:40.138004+00:00,1a24b3713a6cd0ef,17,178678b36842
wowanalyzer,1614190200_26030c871cb21411fce9a29ed52bf5c55c0efab7,react_app_rewired,1,946,9974,  ● Holy Paladin integration test: example log › AshenHallow › matches the suggestions snapshot,reevaluated_acceptable,2026-09-19T13:48:40.142657+00:00,bbe73ba4be844330,17,178678b36842
wowanalyzer,1614190200_26030c871cb21411fce9a29ed52bf5c55c0efab7,react_app_rewired,1,947,10034,  ● Holy Paladin integration test: example log › DivineToll › matches the statistic snapshot,reevaluated_acceptable,2026-09-19T13:48:40.147367+00:00,ff2979673140e15d,17,178678b36842
wowanalyzer,1614190200_26030c871cb21411fce9a29ed52bf5c55c0efab7,react_app_rewired,1,948,10094,  ● Holy Paladin integration test: example log › DivineToll › matches the suggestions snapshot,reevaluated_acceptable,2026-09-19T13:48:40.152055+00:00,3244a6e9b3d53669,17,178678b36842
wowanalyzer,1615122826_6acf28b57a5a06bd80699fb2636cac8ccf3fadc5,react_app_rewired,1,949,6197,  ● Protection Paladin integration test: example log › HammerOfTheRighteous › matches the suggestions snapshot,reevaluated_acceptable,2026-09-19T13:48:40.156844+00:00,b4e317259f9103b8,24,a5fec9db195e
wowanalyzer,1615122826_6acf28b57a5a06bd80699fb2636cac8ccf3fadc5,react_app_rewired,1,950,16010,  ● Mistweaver Monk integration test: example log › EssenceFontMastery › matches the suggestions snapshot,reevaluated_acceptable,2026-09-19T13:48:40.161618+00:00,07006878b4ccca13,17,a5fec9db195e
wowanalyzer,1615122826_6acf28b57a5a06bd80699fb2636cac8ccf3fadc5,react_app_rewired,1,951,16050,  ● Mistweaver Monk integration test: example log › ThunderFocusTea › matches the suggestions snapshot,reevaluated_acceptable,2026-09-19T13:48:40.166474+00:00,ee2a500746652201,17,a5fec9db195e
wowanalyzer,1615122826_6acf28b57a5a06bd80699fb2636cac8ccf3fadc5,react_app_rewired,1,952,16090,  ● Mistweaver Monk integration test: example log › SoothingMist › matches the suggestions snapshot,reevaluated_acceptable,2026-09-19T13:48:40.171195+00:00,fbc97630915cca32,17,a5fec9db195e
wowanalyzer,1615122826_6acf28b57a5a06bd80699fb2636cac8ccf3fadc5,react_app_rewired,1,953,16124,  ● Mistweaver Monk integration test: example log › EnvelopingBreath › matches the suggestions snapshot,reevaluated_acceptable,2026-09-19T13:48:40.176035+00:00,9e1f2c2a64dfb74f,17,a5fec9db195e
wowanalyzer,1615122826_6acf28b57a5a06bd80699fb2636cac8ccf3fadc5,react_app_rewired,1,954,16159,  ● Mistweaver Monk integration test: example log › ManaTea › matches the suggestions snapshot,reevaluated_acceptable,2026-09-19T13:48:40.180804+00:00,142f0424b9b8c640,17,a5fec9db195e
wowanalyzer,1615122826_6acf28b57a5a06bd80699fb2636cac8ccf3fadc5,react_app_rewired,1,955,16193,  ● Mistweaver Monk integration test: example log › MistweaverHealingEfficiencyDetails › matches the statistic snapshot,reevaluated_acceptable,2026-09-19T13:48:40.185661+00:00,58b85e4c3f6b2205,30,a5fec9db195e
wowanalyzer,1619577112_bd6f0a18b0e82e7b5fb5c0f64dc33177a4e2ae01,react_app_rewired,1,956,4508,  ● Mistweaver Monk integration test: example log › HotTrackerMW › matches the statistic snapshot,acceptable,2026-09-19T13:58:10.770816+00:00,80c5ec57365cc14c,12,
wowanalyzer,1619577112_bd6f0a18b0e82e7b5fb5c0f64dc33177a4e2ae01,react_app_rewired,1,957,4550,  ● Mistweaver Monk integration test: example log › HotTrackerMW › matches the suggestions snapshot,acceptable,2026-09-19T13:58:11.927112+00:00,1328965c824fda1c,12,
wowanalyzer,1619577112_bd6f0a18b0e82e7b5fb5c0f64dc33177a4e2ae01,react_app_rewired,1,958,4592,  ● Mistweaver Monk integration test: example log › ManaLevelChart › matches the statistic snapshot,acceptable,2026-09-19T13:58:13.018736+00:00,70c7c45c9b43c154,12,
wowanalyzer,1619577112_bd6f0a18b0e82e7b5fb5c0f64dc33177a4e2ae01,react_app_rewired,1,959,4634,  ● Mistweaver Monk integration test: example log › ManaLevelChart › matches the suggestions snapshot,acceptable,2026-09-19T13:58:18.901085+00:00,b5ebc0838e324431,12,
wowanalyzer,1619577112_bd6f0a18b0e82e7b5fb5c0f64dc33177a4e2ae01,react_app_rewired,1,960,4676,  ● Mistweaver Monk integration test: example log › ManaUsageChart › matches the statistic snapshot,acceptable,2026-09-19T13:58:29.702265+00:00,e64ffa7b77b1728e,12,
wowanalyzer,1619577112_bd6f0a18b0e82e7b5fb5c0f64dc33177a4e2ae01,react_app_rewired,1,961,4718,  ● Mistweaver Monk integration test: example log › ManaUsageChart › matches the suggestions snapshot,acceptable,2026-09-19T13:58:30.241342+00:00,2f43b9efaf1b93ab,12,
wowanalyzer,1619577112_bd6f0a18b0e82e7b5fb5c0f64dc33177a4e2ae01,react_app_rewired,1,962,4844,  ● Mistweaver Monk integration test: example log › EssenceFontMastery › matches the statistic snapshot,acceptable,2026-09-19T13:58:30.738697+00:00,b31d4657895f3ac0,13,
wowanalyzer,1619577112_bd6f0a18b0e82e7b5fb5c0f64dc33177a4e2ae01,react_app_rewired,1,963,5012,  ● Mistweaver Monk integration test: example log › CastRatio › matches the statistic snapshot,acceptable,2026-09-19T13:58:35.407036+00:00,21c08c6dca7e1860,12,
wowanalyzer,1619577112_bd6f0a18b0e82e7b5fb5c0f64dc33177a4e2ae01,react_app_rewired,1,964,5054,  ● Mistweaver Monk integration test: example log › CastRatio › matches the suggestions snapshot,acceptable,2026-09-19T13:58:35.420390+00:00,dff1a90b010b84e6,12,a4b2216a7f2f
wowanalyzer,1619577112_bd6f0a18b0e82e7b5fb5c0f64dc33177a4e2ae01,react_app_rewired,1,965,5096,  ● Mistweaver Monk integration test: example log › MasteryStats › matches the statistic snapshot,acceptable,2026-09-19T13:58:35.426023+00:00,6570537b07495f19,12,a4b2216a7f2f
wowanalyzer,1619577112_bd6f0a18b0e82e7b5fb5c0f64dc33177a4e2ae01,react_app_rewired,1,966,5138,  ● Mistweaver Monk integration test: example log › MasteryStats › matches the suggestions snapshot,acceptable,2026-09-19T13:58:35.431611+00:00,3d3b45ff9c733717,12,a4b2216a7f2f
wowanalyzer,1619577112_bd6f0a18b0e82e7b5fb5c0f64dc33177a4e2ae01,react_app_rewired,1,967,5180,  ● Mistweaver Monk integration test: example log › EssenceFontHealingBreakdown › matches the statistic snapshot,acceptable,2026-09-19T13:58:35.437008+00:00,341abb790c85843b,12,a4b2216a7f2f
wowanalyzer,1619577112_bd6f0a18b0e82e7b5fb5c0f64dc33177a4e2ae01,react_app_rewired,1,968,5222,  ● Mistweaver Monk integration test: example log › EssenceFontHealingBreakdown › matches the suggestions snapshot,acceptable,2026-09-19T13:58:35.442341+00:00,616a11066a1f03a2,12,a4b2216a7f2f
wowanalyzer,1619577112_bd6f0a18b0e82e7b5fb5c0f64dc33177a4e2ae01,react_app_rewired,1,969,5264,  ● Mistweaver Monk integration test: example log › TimeBetweenRSKs › matches the statistic snapshot,acceptable,2026-09-19T13:58:35.447643+00:00,491fb92eb385fa94,12,a4b2216a7f2f
wowanalyzer,1619577112_bd6f0a18b0e82e7b5fb5c0f64dc33177a4e2ae01,react_app_rewired,1,970,5306,  ● Mistweaver Monk integration test: example log › TimeBetweenRSKs › matches the suggestions snapshot,acceptable,2026-09-19T13:58:35.452768+00:00,4746d9e1015614fc,12,a4b2216a7f2f
wowanalyzer,1619577112_bd6f0a18b0e82e7b5fb5c0f64dc33177a4e2ae01,react_app_rewired,1,971,5348,  ● Mistweaver Monk integration test: example log › EssenceFont › matches the statistic snapshot,acceptable,2026-09-19T13:58:35.457972+00:00,55f7875c8cde7714,12,a4b2216a7f2f
wowanalyzer,1619577112_bd6f0a18b0e82e7b5fb5c0f64dc33177a4e2ae01,react_app_rewired,1,972,5390,  ● Mistweaver Monk integration test: example log › EssenceFont › matches the suggestions snapshot,acceptable,2026-09-19T13:58:35.463098+00:00,297b82d0582cd2c2,12,a4b2216a7f2f
wowanalyzer,1619577112_bd6f0a18b0e82e7b5fb5c0f64dc33177a4e2ae01,react_app_rewired,1,973,5432,  ● Mistweaver Monk integration test: example log › ThunderFocusTea › matches the statistic snapshot,acceptable,2026-09-19T13:58:35.468223+00:00,adadfa621bf9cc5c,14,a4b2216a7f2f
wowanalyzer,1619577112_bd6f0a18b0e82e7b5fb5c0f64dc33177a4e2ae01,react_app_rewired,1,974,5516,  ● Mistweaver Monk integration test: example log › EnvelopingMists › matches the statistic snapshot,acceptable,2026-09-19T13:58:35.473265+00:00,a3761886597b2fba,12,a4b2216a7f2f
wowanalyzer,1619577112_bd6f0a18b0e82e7b5fb5c0f64dc33177a4e2ae01,react_app_rewired,1,975,5558,  ● Mistweaver Monk integration test: example log › EnvelopingMists › matches the suggestions snapshot,acceptable,2026-09-19T13:58:35.478346+00:00,9576de73004208d1,12,a4b2216a7f2f
wowanalyzer,1619577112_bd6f0a18b0e82e7b5fb5c0f64dc33177a4e2ae01,react_app_rewired,1,976,5600,  ● Mistweaver Monk integration test: example log › SoothingMist › matches the statistic snapshot,acceptable,2026-09-19T13:58:35.483396+00:00,6aa99228b061ab3b,12,a4b2216a7f2f
wowanalyzer,1619577112_bd6f0a18b0e82e7b5fb5c0f64dc33177a4e2ae01,react_app_rewired,1,977,5684,  ● Mistweaver Monk integration test: example log › SpinningCraneKick › matches the statistic snapshot,acceptable,2026-09-19T13:58:35.488425+00:00,e7122eef0a03387b,12,a4b2216a7f2f
wowanalyzer,1619577112_bd6f0a18b0e82e7b5fb5c0f64dc33177a4e2ae01,react_app_rewired,1,978,5726,  ● Mistweaver Monk integration test: example log › SpinningCraneKick › matches the suggestions snapshot,acceptable,2026-09-19T13:58:35.494546+00:00,cd4eeb0e00140dfc,12,a4b2216a7f2f
wowanalyzer,1619577112_bd6f0a18b0e82e7b5fb5c0f64dc33177a4e2ae01,react_app_rewired,1,979,5768,  ● Mistweaver Monk integration test: example log › Vivify › matches the statistic snapshot,acceptable,2026-09-19T13:58:35.501287+00:00,8cab4fdcac8c5673,12,a4b2216a7f2f
wowanalyzer,1619577112_bd6f0a18b0e82e7b5fb5c0f64dc33177a4e2ae01,react_app_rewired,1,980,5810,  ● Mistweaver Monk integration test: example log › Vivify › matches the suggestions snapshot,acceptable,2026-09-19T13:58:35.506655+00:00,2de9c02bdf3354a8,12,a4b2216a7f2f
wowanalyzer,1619577112_bd6f0a18b0e82e7b5fb5c0f64dc33177a4e2ae01,react_app_rewired,1,981,5852,  ● Mistweaver Monk integration test: example log › RenewingMist › matches the statistic snapshot,acceptable,2026-09-19T13:58:35.512816+00:00,a1aa5e4add12f969,12,a4b2216a7f2f
wowanalyzer,1619577112_bd6f0a18b0e82e7b5fb5c0f64dc33177a4e2ae01,react_app_rewired,1,982,5894,  ● Mistweaver Monk integration test: example log › RenewingMist › matches the suggestions snapshot,acceptable,2026-09-19T13:58:35.518300+00:00,79bf9e3bdd3439ed,12,a4b2216a7f2f
wowanalyzer,1619577112_bd6f0a18b0e82e7b5fb5c0f64dc33177a4e2ae01,react_app_rewired,1,983,5936,  ● Mistweaver Monk integration test: example log › LifeCocoon › matches the statistic snapshot,acceptable,2026-09-19T13:58:35.525597+00:00,25e04a87524037a6,12,a4b2216a7f2f
wowanalyzer,1619577112_bd6f0a18b0e82e7b5fb5c0f64dc33177a4e2ae01,react_app_rewired,1,984,5978,  ● Mistweaver Monk integration test: example log › LifeCocoon › matches the suggestions snapshot,acceptable,2026-09-19T13:58:35.531025+00:00,95587606cda23979,12,a4b2216a7f2f
wowanalyzer,1619577112_bd6f0a18b0e82e7b5fb5c0f64dc33177a4e2ae01,react_app_rewired,1,985,6020,  ● Mistweaver Monk integration test: example log › TouchOfDeath › matches the statistic snapshot,acceptable,2026-09-19T13:58:35.536308+00:00,d412859f5c9e833d,17,a4b2216a7f2f
wowanalyzer,1619577112_bd6f0a18b0e82e7b5fb5c0f64dc33177a4e2ae01,react_app_rewired,1,986,6062,  ● Mistweaver Monk integration test: example log › TouchOfDeath › matches the suggestions snapshot,acceptable,2026-09-19T13:58:35.541540+00:00,8b8603371169aeaf,17,a4b2216a7f2f
wowanalyzer,1619577112_bd6f0a18b0e82e7b5fb5c0f64dc33177a4e2ae01,react_app_rewired,1,987,6104,  ● Mistweaver Monk integration test: example log › InvokeYulon › matches the statistic snapshot,acceptable,2026-09-19T13:58:35.546666+00:00,7f1110a4de0afefa,12,a4b2216a7f2f
wowanalyzer,1619577112_bd6f0a18b0e82e7b5fb5c0f64dc33177a4e2ae01,react_app_rewired,1,988,6146,  ● Mistweaver Monk integration test: example log › InvokeYulon › matches the suggestions snapshot,acceptable,2026-09-19T13:58:35.551847+00:00,92875cea77d65b0b,12,a4b2216a7f2f
wowanalyzer,1619577112_bd6f0a18b0e82e7b5fb5c0f64dc33177a4e2ae01,react_app_rewired,1,989,6188,  ● Mistweaver Monk integration test: example log › ExpelHarm › matches the statistic snapshot,acceptable,2026-09-19T13:58:35.557124+00:00,3f531176582eed6d,12,a4b2216a7f2f
wowanalyzer,1619577112_bd6f0a18b0e82e7b5fb5c0f64dc33177a4e2ae01,react_app_rewired,1,990,6230,  ● Mistweaver Monk integration test: example log › ExpelHarm › matches the suggestions snapshot,acceptable,2026-09-19T13:58:35.562386+00:00,bd609c5871926836,12,a4b2216a7f2f
wowanalyzer,1619577112_bd6f0a18b0e82e7b5fb5c0f64dc33177a4e2ae01,react_app_rewired,1,991,6272,  ● Mistweaver Monk integration test: example log › EnvelopingBreath › matches the statistic snapshot,acceptable,2026-09-19T13:58:35.567695+00:00,1825c5f81ef0b8f4,12,a4b2216a7f2f
wowanalyzer,1619577112_bd6f0a18b0e82e7b5fb5c0f64dc33177a4e2ae01,react_app_rewired,1,992,6356,  ● Mistweaver Monk integration test: example log › ChiBurst › matches the statistic snapshot,acceptable,2026-09-19T13:58:35.573033+00:00,4ae776b3b82eafeb,12,a4b2216a7f2f
wowanalyzer,1619577112_bd6f0a18b0e82e7b5fb5c0f64dc33177a4e2ae01,react_app_rewired,1,993,6398,  ● Mistweaver Monk integration test: example log › ChiBurst › matches the suggestions snapshot,acceptable,2026-09-19T13:58:35.578331+00:00,234248ac63304a85,12,a4b2216a7f2f
wowanalyzer,1619577112_bd6f0a18b0e82e7b5fb5c0f64dc33177a4e2ae01,react_app_rewired,1,994,6440,  ● Mistweaver Monk integration test: example log › ManaTea › matches the statistic snapshot,acceptable,2026-09-19T13:58:35.583578+00:00,b00de850f768c4b6,12,a4b2216a7f2f
wowanalyzer,1619577112_bd6f0a18b0e82e7b5fb5c0f64dc33177a4e2ae01,react_app_rewired,1,995,6524,  ● Mistweaver Monk integration test: example log › RefreshingJadeWind › matches the statistic snapshot,acceptable,2026-09-19T13:58:35.588997+00:00,4b1958a1474b5792,12,a4b2216a7f2f
wowanalyzer,1619577112_bd6f0a18b0e82e7b5fb5c0f64dc33177a4e2ae01,react_app_rewired,1,996,6566,  ● Mistweaver Monk integration test: example log › RefreshingJadeWind › matches the suggestions snapshot,acceptable,2026-09-19T13:58:35.594488+00:00,162a6086708a8ec3,12,a4b2216a7f2f
wowanalyzer,1619577112_bd6f0a18b0e82e7b5fb5c0f64dc33177a4e2ae01,react_app_rewired,1,997,6608,  ● Mistweaver Monk integration test: example log › Lifecycles › matches the statistic snapshot,acceptable,2026-09-19T13:58:35.602353+00:00,39540534d021e077,12,a4b2216a7f2f
wowanalyzer,1619577112_bd6f0a18b0e82e7b5fb5c0f64dc33177a4e2ae01,react_app_rewired,1,998,6650,  ● Mistweaver Monk integration test: example log › Lifecycles › matches the suggestions snapshot,acceptable,2026-09-19T13:58:35.607778+00:00,4ca38bad4f612ad1,12,a4b2216a7f2f
wowanalyzer,1619577112_bd6f0a18b0e82e7b5fb5c0f64dc33177a4e2ae01,react_app_rewired,1,999,6692,  ● Mistweaver Monk integration test: example log › SpiritOfTheCrane › matches the statistic snapshot,acceptable,2026-09-19T13:58:35.613220+00:00,25714dd908369c69,12,a4b2216a7f2f
wowanalyzer,1619577112_bd6f0a18b0e82e7b5fb5c0f64dc33177a4e2ae01,react_app_rewired,1,1000,6734,  ● Mistweaver Monk integration test: example log › SpiritOfTheCrane › matches the suggestions snapshot,acceptable,2026-09-19T13:58:35.618472+00:00,17be993b44e80a9c,12,a4b2216a7f2f
wowanalyzer,1619577112_bd6f0a18b0e82e7b5fb5c0f64dc33177a4e2ae01,react_app_rewired,1,1001,6776,  ● Mistweaver Monk integration test: example log › RisingMist › matches the statistic snapshot,acceptable,2026-09-19T13:58:35.623666+00:00,e089809ba1182617,12,a4b2216a7f2f
wowanalyzer,1619577112_bd6f0a18b0e82e7b5fb5c0f64dc33177a4e2ae01,react_app_rewired,1,1002,6818,  ● Mistweaver Monk integration test: example log › RisingMist › matches the suggestions snapshot,acceptable,2026-09-19T13:58:35.628834+00:00,798bf9a6a3cb2d1d,12,a4b2216a7f2f
wowanalyzer,1619577112_bd6f0a18b0e82e7b5fb5c0f64dc33177a4e2ae01,react_app_rewired,1,1003,6860,  ● Mistweaver Monk integration test: example log › JadeSerpentStatue › matches the statistic snapshot,acceptable,2026-09-19T13:58:35.634052+00:00,0014b6fe4fb48108,12,a4b2216a7f2f
wowanalyzer,1619577112_bd6f0a18b0e82e7b5fb5c0f64dc33177a4e2ae01,react_app_rewired,1,1004,6902,  ● Mistweaver Monk integration test: example log › JadeSerpentStatue › matches the suggestions snapshot,acceptable,2026-09-19T13:58:35.639255+00:00,936caa772c5a8c32,12,a4b2216a7f2f
wowanalyzer,1619577112_bd6f0a18b0e82e7b5fb5c0f64dc33177a4e2ae01,react_app_rewired,1,1005,6944,  ● Mistweaver Monk integration test: example log › RenewingMistDuringManaTea › matches the statistic snapshot,acceptable,2026-09-19T13:58:35.644548+00:00,8aa0de25aefa9945,12,a4b2216a7f2f
wowanalyzer,1619577112_bd6f0a18b0e82e7b5fb5c0f64dc33177a4e2ae01,react_app_rewired,1,1006,6986,  ● Mistweaver Monk integration test: example log › RenewingMistDuringManaTea › matches the suggestions snapshot,acceptable,2026-09-19T13:58:35.649819+00:00,3722ec10fc5b2713,12,a4b2216a7f2f
wowanalyzer,1619577112_bd6f0a18b0e82e7b5fb5c0f64dc33177a4e2ae01,react_app_rewired,1,1007,7028,  ● Mistweaver Monk integration test: example log › Tier30Comparison › matches the statistic snapshot,acceptable,2026-09-19T13:58:35.655051+00:00,8c8c1c4d9a1eb6b8,12,a4b2216a7f2f
wowanalyzer,1619577112_bd6f0a18b0e82e7b5fb5c0f64dc33177a4e2ae01,react_app_rewired,1,1008,7070,  ● Mistweaver Monk integration test: example log › Tier30Comparison › matches the suggestions snapshot,acceptable,2026-09-19T13:58:35.660299+00:00,1a1f7d3e9c668438,12,a4b2216a7f2f
wowanalyzer,1619577112_bd6f0a18b0e82e7b5fb5c0f64dc33177a4e2ae01,react_app_rewired,1,1009,7112,  ● Mistweaver Monk integration test: example log › Upwelling › matches the statistic snapshot,acceptable,2026-09-19T13:58:35.665464+00:00,e39f5032cd019308,12,a4b2216a7f2f
wowanalyzer,1619577112_bd6f0a18b0e82e7b5fb5c0f64dc33177a4e2ae01,react_app_rewired,1,1010,7154,  ● Mistweaver Monk integration test: example log › Upwelling › matches the suggestions snapshot,acceptable,2026-09-19T13:58:35.670661+00:00,6a1b072e0183abfd,12,a4b2216a7f2f
wowanalyzer,1619577112_bd6f0a18b0e82e7b5fb5c0f64dc33177a4e2ae01,react_app_rewired,1,1011,7196,  ● Mistweaver Monk integration test: example log › InvokeChiJi › matches the statistic snapshot,acceptable,2026-09-19T13:58:35.675813+00:00,761b6f9db636bef5,12,a4b2216a7f2f
wowanalyzer,1619577112_bd6f0a18b0e82e7b5fb5c0f64dc33177a4e2ae01,react_app_rewired,1,1012,7238,  ● Mistweaver Monk integration test: example log › InvokeChiJi › matches the suggestions snapshot,acceptable,2026-09-19T13:58:35.681048+00:00,13f4805b98129333,12,a4b2216a7f2f
wowanalyzer,1619577112_bd6f0a18b0e82e7b5fb5c0f64dc33177a4e2ae01,react_app_rewired,1,1013,7280,  ● Mistweaver Monk integration test: example log › ManaTracker › matches the statistic snapshot,acceptable,2026-09-19T13:58:35.686974+00:00,a0dc7a66d08fb571,12,a4b2216a7f2f
wowanalyzer,1619577112_bd6f0a18b0e82e7b5fb5c0f64dc33177a4e2ae01,react_app_rewired,1,1014,7322,  ● Mistweaver Monk integration test: example log › ManaTracker › matches the suggestions snapshot,acceptable,2026-09-19T13:58:35.692515+00:00,c9b2a2caed0e742b,12,a4b2216a7f2f
wowanalyzer,1619577112_bd6f0a18b0e82e7b5fb5c0f64dc33177a4e2ae01,react_app_rewired,1,1015,7406,  ● Mistweaver Monk integration test: example log › MistweaverHealingEfficiencyDetails › matches the suggestions snapshot,acceptable,2026-09-19T13:58:35.698099+00:00,c1e0a9596dfa49b3,12,a4b2216a7f2f
wowanalyzer,1619577112_bd6f0a18b0e82e7b5fb5c0f64dc33177a4e2ae01,react_app_rewired,1,1016,7448,  ● Mistweaver Monk integration test: example log › MistweaverHealingEfficiencyTracker › matches the statistic snapshot,acceptable,2026-09-19T13:58:35.703301+00:00,b967ec562634d758,12,a4b2216a7f2f
wowanalyzer,1619577112_bd6f0a18b0e82e7b5fb5c0f64dc33177a4e2ae01,react_app_rewired,1,1017,7490,  ● Mistweaver Monk integration test: example log › MistweaverHealingEfficiencyTracker › matches the suggestions snapshot,acceptable,2026-09-19T13:58:35.708565+00:00,f42dde0b7906ee48,12,a4b2216a7f2f
wowanalyzer,1619577112_bd6f0a18b0e82e7b5fb5c0f64dc33177a4e2ae01,react_app_rewired,1,1018,7532,  ● Mistweaver Monk integration test: example log › FallenOrder › matches the statistic snapshot,acceptable,2026-09-19T13:58:35.713797+00:00,7754992022d43c74,17,a4b2216a7f2f
wowanalyzer,1619577112_bd6f0a18b0e82e7b5fb5c0f64dc33177a4e2ae01,react_app_rewired,1,1019,7574,  ● Mistweaver Monk integration test: example log › FallenOrder › matches the suggestions snapshot,acceptable,2026-09-19T13:58:35.719029+00:00,0a40f0e84217a04d,17,a4b2216a7f2f
wowanalyzer,1619577112_bd6f0a18b0e82e7b5fb5c0f64dc33177a4e2ae01,react_app_rewired,1,1020,7616,  ● Mistweaver Monk integration test: example log › FaelineStomp › matches the statistic snapshot,acceptable,2026-09-19T13:58:35.724201+00:00,285202e160fb4e82,17,a4b2216a7f2f
wowanalyzer,1619577112_bd6f0a18b0e82e7b5fb5c0f64dc33177a4e2ae01,react_app_rewired,1,1021,7658,  ● Mistweaver Monk integration test: example log › FaelineStomp › matches the suggestions snapshot,acceptable,2026-09-19T13:58:35.729354+00:00,bd1c4d9e6955d284,17,a4b2216a7f2f
wowanalyzer,1619577112_bd6f0a18b0e82e7b5fb5c0f64dc33177a4e2ae01,react_app_rewired,1,1022,7700,  ● Mistweaver Monk integration test: example log › GroundingBreath › matches the statistic snapshot,acceptable,2026-09-19T13:58:35.734513+00:00,498798564c1e4ca1,17,a4b2216a7f2f
wowanalyzer,1619577112_bd6f0a18b0e82e7b5fb5c0f64dc33177a4e2ae01,react_app_rewired,1,1023,7742,  ● Mistweaver Monk integration test: example log › GroundingBreath › matches the suggestions snapshot,acceptable,2026-09-19T13:58:35.739712+00:00,c68a62de9999be04,17,a4b2216a7f2f
wowanalyzer,1619577112_bd6f0a18b0e82e7b5fb5c0f64dc33177a4e2ae01,react_app_rewired,1,1024,7784,  ● Mistweaver Monk integration test: example log › HarmDenial › matches the statistic snapshot,acceptable,2026-09-19T13:58:35.744932+00:00,0f68a26fd82a37a6,17,a4b2216a7f2f
wowanalyzer,1619577112_bd6f0a18b0e82e7b5fb5c0f64dc33177a4e2ae01,react_app_rewired,1,1025,7826,  ● Mistweaver Monk integration test: example log › HarmDenial › matches the suggestions snapshot,acceptable,2026-09-19T13:58:35.750769+00:00,fea537ca35b4a5a4,17,a4b2216a7f2f
wowanalyzer,1619577112_bd6f0a18b0e82e7b5fb5c0f64dc33177a4e2ae01,react_app_rewired,1,1026,7868,  ● Mistweaver Monk integration test: example log › FortifyingIngredients › matches the statistic snapshot,acceptable,2026-09-19T13:58:35.756020+00:00,e22b61fe5ce1a62d,17,a4b2216a7f2f
wowanalyzer,1619577112_bd6f0a18b0e82e7b5fb5c0f64dc33177a4e2ae01,react_app_rewired,1,1027,7910,  ● Mistweaver Monk integration test: example log › FortifyingIngredients › matches the suggestions snapshot,acceptable,2026-09-19T13:58:35.761292+00:00,cc2aaf1b0d87431f,17,a4b2216a7f2f
wowanalyzer,1619577112_bd6f0a18b0e82e7b5fb5c0f64dc33177a4e2ae01,react_app_rewired,1,1028,7952,  ● Mistweaver Monk integration test: example log › JadeBond › matches the statistic snapshot,acceptable,2026-09-19T13:58:35.766514+00:00,c08e3ee0c9565fa8,12,a4b2216a7f2f
wowanalyzer,1619577112_bd6f0a18b0e82e7b5fb5c0f64dc33177a4e2ae01,react_app_rewired,1,1029,7994,  ● Mistweaver Monk integration test: example log › JadeBond › matches the suggestions snapshot,acceptable,2026-09-19T13:58:35.771785+00:00,15784824a2d60505,12,a4b2216a7f2f
wowanalyzer,1619577112_bd6f0a18b0e82e7b5fb5c0f64dc33177a4e2ae01,react_app_rewired,1,1030,8036,  ● Mistweaver Monk integration test: example log › NourishingChi › matches the statistic snapshot,acceptable,2026-09-19T13:58:35.777099+00:00,bd06ddea537c2e5d,12,a4b2216a7f2f
wowanalyzer,1619577112_bd6f0a18b0e82e7b5fb5c0f64dc33177a4e2ae01,react_app_rewired,1,1031,8078,  ● Mistweaver Monk integration test: example log › NourishingChi › matches the suggestions snapshot,acceptable,2026-09-19T13:58:35.782420+00:00,0b5d68dd9b2648a7,12,a4b2216a7f2f
wowanalyzer,1619577112_bd6f0a18b0e82e7b5fb5c0f64dc33177a4e2ae01,react_app_rewired,1,1032,8120,  ● Mistweaver Monk integration test: example log › RisingSunRevival › matches the statistic snapshot,acceptable,2026-09-19T13:58:35.787700+00:00,7f577f02096c58a5,12,a4b2216a7f2f
wowanalyzer,1619577112_bd6f0a18b0e82e7b5fb5c0f64dc33177a4e2ae01,react_app_rewired,1,1033,8162,  ● Mistweaver Monk integration test: example log › RisingSunRevival › matches the suggestions snapshot,acceptable,2026-09-19T13:58:35.793013+00:00,81001d8ba3a46fc1,12,a4b2216a7f2f
wowanalyzer,1619577112_bd6f0a18b0e82e7b5fb5c0f64dc33177a4e2ae01,react_app_rewired,1,1034,8204,  ● Mistweaver Monk integration test: example log › ImbuedReflections › matches the statistic snapshot,acceptable,2026-09-19T13:58:35.798445+00:00,699247eabde43949,12,a4b2216a7f2f
wowanalyzer,1619577112_bd6f0a18b0e82e7b5fb5c0f64dc33177a4e2ae01,react_app_rewired,1,1035,8246,  ● Mistweaver Monk integration test: example log › ImbuedReflections › matches the suggestions snapshot,acceptable,2026-09-19T13:58:35.803795+00:00,9b7e1940df6df4b2,12,a4b2216a7f2f
wowanalyzer,1619577112_bd6f0a18b0e82e7b5fb5c0f64dc33177a4e2ae01,react_app_rewired,1,1036,8288,  ● Mistweaver Monk integration test: example log › TearofMorning › matches the statistic snapshot,acceptable,2026-09-19T13:58:35.809313+00:00,e1ebcc9ba58f9db9,12,a4b2216a7f2f
wowanalyzer,1619577112_bd6f0a18b0e82e7b5fb5c0f64dc33177a4e2ae01,react_app_rewired,1,1037,8330,  ● Mistweaver Monk integration test: example log › TearofMorning › matches the suggestions snapshot,acceptable,2026-09-19T13:58:35.814806+00:00,b7441c10b8e899b6,12,a4b2216a7f2f
wowanalyzer,1619577112_bd6f0a18b0e82e7b5fb5c0f64dc33177a4e2ae01,react_app_rewired,1,1038,8372,  ● Mistweaver Monk integration test: example log › AncientTeachingsoftheMonastery › matches the statistic snapshot,acceptable,2026-09-19T13:58:35.820164+00:00,ca81a9b1bf0bc6f9,12,a4b2216a7f2f
wowanalyzer,1619577112_bd6f0a18b0e82e7b5fb5c0f64dc33177a4e2ae01,react_app_rewired,1,1039,8414,  ● Mistweaver Monk integration test: example log › AncientTeachingsoftheMonastery › matches the suggestions snapshot,acceptable,2026-09-19T13:58:35.825478+00:00,77f554eefd3ee2dc,12,a4b2216a7f2f
wowanalyzer,1619577112_bd6f0a18b0e82e7b5fb5c0f64dc33177a4e2ae01,react_app_rewired,1,1040,8456,  ● Mistweaver Monk integration test: example log › CloudedFocus › matches the statistic snapshot,acceptable,2026-09-19T13:58:35.830844+00:00,88bf952d36b289fb,12,a4b2216a7f2f
wowanalyzer,1619577112_bd6f0a18b0e82e7b5fb5c0f64dc33177a4e2ae01,react_app_rewired,1,1041,8498,  ● Mistweaver Monk integration test: example log › CloudedFocus › matches the suggestions snapshot,acceptable,2026-09-19T13:58:35.837068+00:00,5a1ded7749a10ea1,12,a4b2216a7f2f
wowanalyzer,1622257198_c395c775b336f58f1df854a6ac4f299b4b0131df,react_app_rewired,1,1042,250,  ● EventOrderNormalizer unit tests › two out of order events should be reordered,acceptable,2026-09-19T13:58:35.842495+00:00,dbe377879a89d6c8,70,4e6986ec6cfc
wowanalyzer,1623134940_508d22d2c091001d265e72943a83e7f906de671d,react_app_rewired,1,1043,239,  ● core/Modules/SpellUsable › regular spell status tracking › a spell starts off cooldown,acceptable,2026-09-19T13:58:35.847625+00:00,7c792ada452ba59e,26,d0aff7cb866e
wowanalyzer,1623134940_508d22d2c091001d265e72943a83e7f906de671d,react_app_rewired,1,1044,255,  ● core/Modules/SpellUsable › regular spell status tracking › a cast causes the spell to go on cooldown,acceptable,2026-09-19T13:58:35.852750+00:00,a9bc869a69cbcbce,26,d0aff7cb866e
wowanalyzer,1623134940_508d22d2c091001d265e72943a83e7f906de671d,react_app_rewired,1,1045,271,  ● core/Modules/SpellUsable › regular spell status tracking › even if a spell has another charge left it's still considered on cooldown,acceptable,2026-09-19T13:58:35.857912+00:00,9c489009d7bc8098,26,d0aff7cb866e
wowanalyzer,1623134940_508d22d2c091001d265e72943a83e7f906de671d,react_app_rewired,1,1046,287,"  ● core/Modules/SpellUsable › regular spell status tracking › when a regular spell with no extra charges goes on cooldown, the spell becomes unavailable",acceptable,2026-09-19T13:58:35.863088+00:00,96ff2dd6b87a3c56,26,d0aff7cb866e
wowanalyzer,1623134940_508d22d2c091001d265e72943a83e7f906de671d,react_app_rewired,1,1047,303,"  ● core/Modules/SpellUsable › regular spell status tracking › when a spell with multiple charges has another charge available, it is still available",acceptable,2026-09-19T13:58:35.868248+00:00,3570eb0088ac6daf,26,d0aff7cb866e
wowanalyzer,1623134940_508d22d2c091001d265e72943a83e7f906de671d,react_app_rewired,1,1048,319,"  ● core/Modules/SpellUsable › regular spell status tracking › when a spell with multiple charges has all charges on cooldown, the spell becomes unavailable",acceptable,2026-09-19T13:58:35.873413+00:00,e3c54ff1096e6d0b,26,d0aff7cb866e
wowanalyzer,1623134940_508d22d2c091001d265e72943a83e7f906de671d,react_app_rewired,1,1049,335,  ● core/Modules/SpellUsable › regular spell status tracking › a spell going on cooldown has the proper duration,acceptable,2026-09-19T13:58:35.878581+00:00,63f7951358a99e64,26,d0aff7cb866e
wowanalyzer,1623134940_508d22d2c091001d265e72943a83e7f906de671d,react_app_rewired,1,1050,351,  ● core/Modules/SpellUsable › regular spell status tracking › time causes the remaining cooldown to decrease,acceptable,2026-09-19T13:58:35.884438+00:00,12af5bc2c31b0d3f,26,d0aff7cb866e
wowanalyzer,1623134940_508d22d2c091001d265e72943a83e7f906de671d,react_app_rewired,1,1051,367,  ● core/Modules/SpellUsable › regular spell status tracking › the cooldown of a spell is automatically finished after the set period,acceptable,2026-09-19T13:58:35.889578+00:00,0453c2c8e46e5323,27,d0aff7cb866e
wowanalyzer,1623134940_508d22d2c091001d265e72943a83e7f906de671d,react_app_rewired,1,1052,383,  ● core/Modules/SpellUsable › regular spell status tracking › the cooldown restarts when a cooldown on a spell with multiple charges on cooldown finishes,acceptable,2026-09-19T13:58:35.894747+00:00,e9269f821fcebd82,27,d0aff7cb866e
wowanalyzer,1623134940_508d22d2c091001d265e72943a83e7f906de671d,react_app_rewired,1,1053,399,  ● core/Modules/SpellUsable › regular spell status tracking › casting a spell already on cooldown before the cooldown runs out restarts the cooldown (and reports),acceptable,2026-09-19T13:58:35.899940+00:00,0f2509694c1b36d5,54,d0aff7cb866e
wowanalyzer,1623134940_508d22d2c091001d265e72943a83e7f906de671d,react_app_rewired,1,1054,415,  ● core/Modules/SpellUsable › regular spell status tracking › casting a spell on cooldown with additional charges available uses a charge and does not change the cooldown period,acceptable,2026-09-19T13:58:35.905217+00:00,07f5550cc6c1b0e8,26,d0aff7cb866e
wowanalyzer,1623134940_508d22d2c091001d265e72943a83e7f906de671d,react_app_rewired,1,1055,431,  ● core/Modules/SpellUsable › public API › reducing a cooldown returns the reduction applied,acceptable,2026-09-19T13:58:35.911027+00:00,9f89dddc92fb8d3a,26,d0aff7cb866e
wowanalyzer,1623134940_508d22d2c091001d265e72943a83e7f906de671d,react_app_rewired,1,1056,447,  ● core/Modules/SpellUsable › public API › reducing a cooldown beyond its duration finishes the cooldown,acceptable,2026-09-19T13:58:35.916655+00:00,a072d10d807f1c0e,26,d0aff7cb866e
wowanalyzer,1623134940_508d22d2c091001d265e72943a83e7f906de671d,react_app_rewired,1,1057,463,  ● core/Modules/SpellUsable › public API › reducing a spell with multiple charges on cooldown reduces the CD time on the next charge if it fully recharges the first charge,acceptable,2026-09-19T13:58:35.921875+00:00,cdcef3730b90857f,26,d0aff7cb866e
wowanalyzer,1623134940_508d22d2c091001d265e72943a83e7f906de671d,react_app_rewired,1,1058,479,  ● core/Modules/SpellUsable › public API › reduceCooldown on a spell not on cooldown throws,acceptable,2026-09-19T13:58:35.927061+00:00,87b69fd64ba198c0,27,d0aff7cb866e
wowanalyzer,1623134940_508d22d2c091001d265e72943a83e7f906de671d,react_app_rewired,1,1059,495,  ● core/Modules/SpellUsable › public API › refreshing a cooldown sets the remaining time back to full,acceptable,2026-09-19T13:58:35.932238+00:00,05438f7db07f4f15,29,d0aff7cb866e
wowanalyzer,1623134940_508d22d2c091001d265e72943a83e7f906de671d,react_app_rewired,1,1060,511,  ● core/Modules/SpellUsable › public API › refreshCooldown on a spell not on cooldown throws,acceptable,2026-09-19T13:58:35.937423+00:00,225a6494894542f0,21,d0aff7cb866e
wowanalyzer,1623134940_508d22d2c091001d265e72943a83e7f906de671d,react_app_rewired,1,1061,527,  ● core/Modules/SpellUsable › public API › endCooldown on a spell not on cooldown throws,acceptable,2026-09-19T13:58:35.942626+00:00,6f1fdc3d2202c7c3,29,d0aff7cb866e
wowanalyzer,1623134940_508d22d2c091001d265e72943a83e7f906de671d,react_app_rewired,1,1062,543,  ● core/Modules/SpellUsable › public API › cooldownRemaining on a spell not on cooldown throws,acceptable,2026-09-19T13:58:35.947842+00:00,3523e33be01ab279,21,d0aff7cb866e
wowanalyzer,1623134940_508d22d2c091001d265e72943a83e7f906de671d,react_app_rewired,1,1063,559,  ● core/Modules/SpellUsable › custom events › a new spell going on cooldown triggers an `updatespellusable` event indicating the spell going on cooldown,acceptable,2026-09-19T13:58:35.953047+00:00,8240f6953f8f57b0,37,d0aff7cb866e
wowanalyzer,1623134940_508d22d2c091001d265e72943a83e7f906de671d,react_app_rewired,1,1064,575,  ● core/Modules/SpellUsable › custom events › casting a spell already on cooldown before the cooldown runs out restarts the cooldown and fires both endcooldown and begincooldown events,acceptable,2026-09-19T13:58:35.958268+00:00,03fed28d6be3b670,57,d0aff7cb866e
wowanalyzer,1623134940_508d22d2c091001d265e72943a83e7f906de671d,react_app_rewired,1,1065,591,  ● core/Modules/SpellUsable › custom events › using another charge of a spell already on cooldown triggers an `updatespellusable` event indicating the charge going on cooldown,acceptable,2026-09-19T13:58:35.963491+00:00,1a5e508344675c38,37,d0aff7cb866e
wowanalyzer,1623134940_508d22d2c091001d265e72943a83e7f906de671d,react_app_rewired,1,1066,607,  ● core/Modules/SpellUsable › custom events › a spell going off cooldown triggers an `updatespellusable` event indicating the spell going off cooldown,acceptable,2026-09-19T13:58:35.968776+00:00,3bc3004218984e08,37,d0aff7cb866e
wowanalyzer,1623134940_508d22d2c091001d265e72943a83e7f906de671d,react_app_rewired,1,1067,623,"  ● core/Modules/SpellUsable › custom events › a spell having a charge restored while there's still another charge recharging, triggers an `updatespellusable` event indicating the charge being available again and another `updatespellusable` event to indicate the cooldown starting to recharge the next charge",acceptable,2026-09-19T13:58:35.974009+00:00,e1b5e2e0f4cde9eb,30,d0aff7cb866e
wowanalyzer,1623134940_508d22d2c091001d265e72943a83e7f906de671d,react_app_rewired,1,1068,639,  ● core/Modules/SpellUsable › Haste scaling cooldowns › updates active cooldowns when Haste increases,acceptable,2026-09-19T13:58:35.979292+00:00,1edd805443cb7b1b,32,d0aff7cb866e
wowanalyzer,1623134940_508d22d2c091001d265e72943a83e7f906de671d,react_app_rewired,1,1069,655,  ● core/Modules/SpellUsable › Haste scaling cooldowns › updates active cooldowns when Haste decreases,acceptable,2026-09-19T13:58:35.984618+00:00,42cbd5d4f766da4b,32,d0aff7cb866e
wowanalyzer,1623134940_508d22d2c091001d265e72943a83e7f906de671d,react_app_rewired,1,1070,671,  ● core/Modules/SpellUsable › Haste scaling cooldowns › CDRs are static and unaffected by Haste changes,acceptable,2026-09-19T13:58:35.990016+00:00,57061c3feb454d6c,30,d0aff7cb866e
wowanalyzer,1623134940_508d22d2c091001d265e72943a83e7f906de671d,react_app_rewired,1,1071,706,  ● Core/CombatLogParser › module defining › loads default modules,acceptable,2026-09-19T13:58:35.995360+00:00,e25911eb23bb2621,23,d0aff7cb866e
wowanalyzer,1623134940_508d22d2c091001d265e72943a83e7f906de671d,react_app_rewired,1,1072,723,  ● Core/CombatLogParser › module defining › loads spec modules,acceptable,2026-09-19T13:58:36.000693+00:00,650e7f6242f25d8d,23,d0aff7cb866e
wowanalyzer,1623134940_508d22d2c091001d265e72943a83e7f906de671d,react_app_rewired,1,1073,740,  ● Core/CombatLogParser › module defining › spec modules override default modules,acceptable,2026-09-19T13:58:36.006717+00:00,69887f1de386bae4,23,d0aff7cb866e
wowanalyzer,1623134940_508d22d2c091001d265e72943a83e7f906de671d,react_app_rewired,1,1074,757,  ● Core/CombatLogParser › module defining › only instantiates the overriding module,acceptable,2026-09-19T13:58:36.015178+00:00,5efd9d910c219123,23,d0aff7cb866e
wowanalyzer,1623134940_508d22d2c091001d265e72943a83e7f906de671d,react_app_rewired,1,1075,774,  ● Core/CombatLogParser › module defining › allows spec modules to disable default modules,acceptable,2026-09-19T13:58:36.020770+00:00,b304d67e8e15b408,21,d0aff7cb866e
wowanalyzer,1623134940_508d22d2c091001d265e72943a83e7f906de671d,react_app_rewired,1,1076,791,  ● Core/CombatLogParser › getModule › finds a module by type,acceptable,2026-09-19T13:58:36.026107+00:00,a06911338cd31e99,21,d0aff7cb866e
wowanalyzer,1623134940_508d22d2c091001d265e72943a83e7f906de671d,react_app_rewired,1,1077,808,  ● Core/CombatLogParser › getModule › finds a submodule even when looking for the parent module,acceptable,2026-09-19T13:58:36.031411+00:00,24ea371a1f53aaad,21,d0aff7cb866e
wowanalyzer,1623134940_508d22d2c091001d265e72943a83e7f906de671d,react_app_rewired,1,1078,825,  ● Core/CombatLogParser › getModule › throws when a requested module doesn't exist,acceptable,2026-09-19T13:58:36.036772+00:00,977e524998ceadab,21,d0aff7cb866e
wowanalyzer,1623134940_508d22d2c091001d265e72943a83e7f906de671d,react_app_rewired,1,1079,842,  ● Core/CombatLogParser › module dependencies › loads a module without dependencies and reveals it under the `modules` property,acceptable,2026-09-19T13:58:36.042084+00:00,437ad0e2339919e0,23,d0aff7cb866e
wowanalyzer,1623134940_508d22d2c091001d265e72943a83e7f906de671d,react_app_rewired,1,1080,858,  ● Core/CombatLogParser › module dependencies › loads a module with a dependency,acceptable,2026-09-19T13:58:36.047388+00:00,c8ebef3bbaed8ad5,23,d0aff7cb866e
wowanalyzer,1623134940_508d22d2c091001d265e72943a83e7f906de671d,react_app_rewired,1,1081,874,  ● Core/CombatLogParser › module dependencies › delays loading a module until its dependencies are available,acceptable,2026-09-19T13:58:36.052716+00:00,1fa40ff23f07d65a,23,d0aff7cb866e
wowanalyzer,1623134940_508d22d2c091001d265e72943a83e7f906de671d,react_app_rewired,1,1082,890,  ● Core/CombatLogParser › module dependencies › throws when a module being depended on is not used by the CombatLogParser,acceptable,2026-09-19T13:58:36.058015+00:00,4185185c242bbcbe,21,d0aff7cb866e
wowanalyzer,1623134940_508d22d2c091001d265e72943a83e7f906de671d,react_app_rewired,1,1083,906,  ● Core/CombatLogParser › module dependencies › recognizes classes that extend our dependency as valid dependencies,acceptable,2026-09-19T13:58:36.063358+00:00,64515918366473a2,23,d0aff7cb866e
wowanalyzer,1623134940_508d22d2c091001d265e72943a83e7f906de671d,react_app_rewired,1,1084,922,  ● Core/CombatLogParser › module dependencies › passes the dependencies as a prop to the module,acceptable,2026-09-19T13:58:36.068699+00:00,8183ad4543cf2372,26,d0aff7cb866e
wowanalyzer,1623134940_508d22d2c091001d265e72943a83e7f906de671d,react_app_rewired,1,1085,938,  ● Core/CombatLogParser › module dependencies › automatically prioritizes execution order of modules based on dependency requirements,acceptable,2026-09-19T13:58:36.074051+00:00,0598e5f517cb0dc1,26,d0aff7cb866e
wowanalyzer,1623134940_508d22d2c091001d265e72943a83e7f906de671d,react_app_rewired,1,1086,969,  ● Core/CombatLogParser › emits static events › emits fightend event,acceptable,2026-09-19T13:58:36.079363+00:00,2abf671188033f16,23,d0aff7cb866e
wowanalyzer,1623134940_508d22d2c091001d265e72943a83e7f906de671d,react_app_rewired,1,1087,986,  ● Core/Analyzer › module defining › owner is availabe as property,acceptable,2026-09-19T13:58:36.087423+00:00,a43d291ce9d80ead,23,d0aff7cb866e
wowanalyzer,1623134940_508d22d2c091001d265e72943a83e7f906de671d,react_app_rewired,1,1088,1002,  ● Core/Analyzer › module defining › dependencies are available as properties,acceptable,2026-09-19T13:58:36.094524+00:00,e01415c15375cb9f,26,d0aff7cb866e
wowanalyzer,1623134940_508d22d2c091001d265e72943a83e7f906de671d,react_app_rewired,1,1089,1018,  ● Core/Analyzer › module defining › priority is availabe as property,acceptable,2026-09-19T13:58:36.100165+00:00,11e76b45ce77e8dc,23,d0aff7cb866e
wowanalyzer,1623134940_508d22d2c091001d265e72943a83e7f906de671d,react_app_rewired,1,1090,1034,  ● Core/Analyzer › triggerEvent › calls the event handler on the class if it exists,acceptable,2026-09-19T13:58:36.105773+00:00,5ba9f209a672d2e7,25,d0aff7cb866e
wowanalyzer,1623134940_508d22d2c091001d265e72943a83e7f906de671d,react_app_rewired,1,1091,1050,  ● Core/Analyzer › triggerEvent › does nothing if the event handler on the class does not exist,acceptable,2026-09-19T13:58:36.113976+00:00,5ead16d10363fa5d,25,d0aff7cb866e
wowanalyzer,1623134940_508d22d2c091001d265e72943a83e7f906de671d,react_app_rewired,1,1092,1066,  ● Core/Analyzer › triggerEvent › calls on_event on every event if it exists,acceptable,2026-09-19T13:58:36.119475+00:00,b599a02655a8f3d7,23,d0aff7cb866e
wowanalyzer,1623134940_508d22d2c091001d265e72943a83e7f906de671d,react_app_rewired,1,1093,1082,  ● Core/Analyzer › triggerEvent › calls convenience handlers byPlayer and toPlayer,acceptable,2026-09-19T13:58:36.124871+00:00,c519483b7877d0fb,23,d0aff7cb866e
wowanalyzer,1623134940_508d22d2c091001d265e72943a83e7f906de671d,react_app_rewired,1,1094,1098,  ● Core/Analyzer › triggerEvent › doesn't call convenience handlers byPlayer when event is by someone else,acceptable,2026-09-19T13:58:36.130251+00:00,6d91357218026aee,27,d0aff7cb866e
wowanalyzer,1623134940_508d22d2c091001d265e72943a83e7f906de671d,react_app_rewired,1,1095,1114,  ● Core/Analyzer › triggerEvent › doesn't call convenience handlers toPlayer when event is to someone else,acceptable,2026-09-19T13:58:36.135617+00:00,a490ba297645463e,27,d0aff7cb866e
wowanalyzer,1623134940_508d22d2c091001d265e72943a83e7f906de671d,react_app_rewired,1,1096,1130,  ● Core/Analyzer › triggerEvent › doesn't call convenience handlers byPlayerPet when event is by someone else,acceptable,2026-09-19T13:58:36.141051+00:00,def23dfbba91d68c,27,d0aff7cb866e
wowanalyzer,1623134940_508d22d2c091001d265e72943a83e7f906de671d,react_app_rewired,1,1097,1146,  ● Core/Analyzer › triggerEvent › doesn't call convenience handlers toPlayerPet when event is to someone else,acceptable,2026-09-19T13:58:36.146419+00:00,1a287f14285ca484,27,d0aff7cb866e
wowanalyzer,1623134940_508d22d2c091001d265e72943a83e7f906de671d,react_app_rewired,1,1098,1162,  ● Core/Analyzer › triggerEvent › sets `this` to the module,acceptable,2026-09-19T13:58:36.151811+00:00,3a5fc9c1365e7a65,25,d0aff7cb866e
wowanalyzer,1623134940_508d22d2c091001d265e72943a83e7f906de671d,react_app_rewired,1,1099,1179,  ● core/Modules/Normalizers/MissingDotApplyDebuffPrePull › fabricates an apply debuff event when a dot damage event is found before any apply debuff event,acceptable,2026-09-19T13:58:36.157228+00:00,ad2e3da4fa395196,21,d0aff7cb866e
wowanalyzer,1623134940_508d22d2c091001d265e72943a83e7f906de671d,react_app_rewired,1,1100,1195,  ● core/Modules/Normalizers/MissingDotApplyDebuffPrePull › doesn't fabricate an apply debuff event when one already exists,acceptable,2026-09-19T13:58:36.162663+00:00,0f6dcd0799198bd5,24,d0aff7cb866e
wowanalyzer,1623134940_508d22d2c091001d265e72943a83e7f906de671d,react_app_rewired,1,1101,1211,  ● core/Modules/Normalizers/MissingDotApplyDebuffPrePull › doesn't fabricate an apply debuff for an out-of-order damage/apply debuff pair,acceptable,2026-09-19T13:58:36.168102+00:00,b59b56f143446ac2,24,d0aff7cb866e
wowanalyzer,1623134940_508d22d2c091001d265e72943a83e7f906de671d,react_app_rewired,1,1102,1231,  ● core/modules/Abilities › getAbility › finds the ability with the provided spellId,acceptable,2026-09-19T13:58:36.173514+00:00,0a8fc9d09b24dd49,27,d0aff7cb866e
wowanalyzer,1623134940_508d22d2c091001d265e72943a83e7f906de671d,react_app_rewired,1,1103,1247,  ● core/modules/Abilities › getAbility › ignores inactive spells,acceptable,2026-09-19T13:58:36.178954+00:00,9fffc129f6db7241,30,d0aff7cb866e
wowanalyzer,1623134940_508d22d2c091001d265e72943a83e7f906de671d,react_app_rewired,1,1104,1263,  ● core/modules/Abilities › getExpectedCooldownDuration › calculates the cooldown duration using the cooldown property of an ability,acceptable,2026-09-19T13:58:36.184368+00:00,a389484af2470b2d,30,d0aff7cb866e
wowanalyzer,1623134940_508d22d2c091001d265e72943a83e7f906de671d,react_app_rewired,1,1105,1279,  ● core/modules/Abilities › getMaxCharges › returns the value of the charges property,acceptable,2026-09-19T13:58:36.189829+00:00,528b490a48e388ee,27,d0aff7cb866e
wowanalyzer,1623134940_508d22d2c091001d265e72943a83e7f906de671d,react_app_rewired,1,1106,1295,  ● core/modules/Abilities › getMaxCharges › defaults to 1 charge,acceptable,2026-09-19T13:58:36.195677+00:00,2c3843d66030fdfd,27,d0aff7cb866e
wowanalyzer,1623134940_508d22d2c091001d265e72943a83e7f906de671d,react_app_rewired,1,1107,1320,  ● core/Modules/Ability › provides the current Haste to the cooldown property of an ability,acceptable,2026-09-19T13:58:36.201154+00:00,8968b008c731342f,26,d0aff7cb866e
wowanalyzer,1623134940_508d22d2c091001d265e72943a83e7f906de671d,react_app_rewired,1,1108,1339,  ● Core/EventEmitter › fabricateEvent › includes the current timestamp,acceptable,2026-09-19T13:58:36.207938+00:00,9c46a26e0581824d,23,d0aff7cb866e
wowanalyzer,1623134940_508d22d2c091001d265e72943a83e7f906de671d,react_app_rewired,1,1109,4597,  ● Elemental Shaman integration test: Hungering Destroyer log › SubOptimalChainLightning › matches the statistic snapshot,acceptable,2026-09-19T13:58:36.215671+00:00,38d3b92b1194681b,7,d0aff7cb866e
wowanalyzer,1623134940_508d22d2c091001d265e72943a83e7f906de671d,react_app_rewired,1,1110,4628,  ● Elemental Shaman integration test: Hungering Destroyer log › SubOptimalChainLightning › matches the suggestions snapshot,acceptable,2026-09-19T13:58:36.221490+00:00,e40aaefa0c1a9bda,7,d0aff7cb866e
wowanalyzer,1623134940_508d22d2c091001d265e72943a83e7f906de671d,react_app_rewired,1,1111,66922,  ● Unholy Death Knight integration test: example log › UnholyRuneForgeChecker › matches the statistic snapshot,acceptable,2026-09-19T13:58:36.226975+00:00,a4487525805670db,12,d0aff7cb866e
wowanalyzer,1623134940_508d22d2c091001d265e72943a83e7f906de671d,react_app_rewired,1,1112,66953,  ● Unholy Death Knight integration test: example log › UnholyRuneForgeChecker › matches the suggestions snapshot,acceptable,2026-09-19T13:58:36.232432+00:00,d72c6ea4b722d63a,12,d0aff7cb866e
wowanalyzer,1623134940_508d22d2c091001d265e72943a83e7f906de671d,react_app_rewired,1,1113,70722,  ● Protection Paladin integration test: example log › GrandCrusader › matches the statistic snapshot,acceptable,2026-09-19T13:58:36.237982+00:00,fab52abb3e160a5b,21,d0aff7cb866e
wowanalyzer,1623134940_508d22d2c091001d265e72943a83e7f906de671d,react_app_rewired,1,1114,70753,  ● Protection Paladin integration test: example log › GrandCrusader › matches the suggestions snapshot,acceptable,2026-09-19T13:58:36.243560+00:00,e06d282eb454a47c,6,d0aff7cb866e
wowanalyzer,1623134940_508d22d2c091001d265e72943a83e7f906de671d,react_app_rewired,1,1115,70784,  ● Protection Paladin integration test: example log › LightOfTheProtector › matches the statistic snapshot,acceptable,2026-09-19T13:58:36.249150+00:00,80f4d0df5356f339,6,d0aff7cb866e
wowanalyzer,1623134940_508d22d2c091001d265e72943a83e7f906de671d,react_app_rewired,1,1116,70815,  ● Protection Paladin integration test: example log › LightOfTheProtector › matches the suggestions snapshot,acceptable,2026-09-19T13:58:36.254610+00:00,09dcb09e6c6c1740,6,d0aff7cb866e
wowanalyzer,1623134940_508d22d2c091001d265e72943a83e7f906de671d,react_app_rewired,1,1117,70846,  ● Protection Paladin integration test: example log › HammerOfTheRighteous › matches the statistic snapshot,acceptable,2026-09-19T13:58:36.260103+00:00,82d45ff6e6e7b165,6,d0aff7cb866e
wowanalyzer,1623134940_508d22d2c091001d265e72943a83e7f906de671d,react_app_rewired,1,1118,70908,  ● Protection Paladin integration test: example log › WordOfGlory › matches the statistic snapshot,acceptable,2026-09-19T13:58:36.265581+00:00,ff8f7aab0fbfe0cc,6,d0aff7cb866e
wowanalyzer,1623134940_508d22d2c091001d265e72943a83e7f906de671d,react_app_rewired,1,1119,70939,  ● Protection Paladin integration test: example log › WordOfGlory › matches the suggestions snapshot,acceptable,2026-09-19T13:58:36.271029+00:00,cb43aaaaa8ae2dd3,7,d0aff7cb866e
wowanalyzer,1623134940_508d22d2c091001d265e72943a83e7f906de671d,react_app_rewired,1,1120,70970,  ● Protection Paladin integration test: example log › Judgment › matches the statistic snapshot,acceptable,2026-09-19T13:58:36.276529+00:00,72f1e320a920ab8f,8,d0aff7cb866e
wowanalyzer,1623134940_508d22d2c091001d265e72943a83e7f906de671d,react_app_rewired,1,1121,71001,  ● Protection Paladin integration test: example log › Judgment › matches the suggestions snapshot,acceptable,2026-09-19T13:58:36.282008+00:00,ebc46dd845307932,7,d0aff7cb866e
wowanalyzer,1623134940_508d22d2c091001d265e72943a83e7f906de671d,react_app_rewired,1,1122,71032,  ● Protection Paladin integration test: example log › WordOfGloryTiming › matches the statistic snapshot,acceptable,2026-09-19T13:58:36.287523+00:00,c42049b5bfd5037c,6,d0aff7cb866e
wowanalyzer,1623134940_508d22d2c091001d265e72943a83e7f906de671d,react_app_rewired,1,1123,71063,  ● Protection Paladin integration test: example log › WordOfGloryTiming › matches the suggestions snapshot,acceptable,2026-09-19T13:58:36.293014+00:00,d3b9906d9ce9b8df,6,d0aff7cb866e
wowanalyzer,1623134940_508d22d2c091001d265e72943a83e7f906de671d,react_app_rewired,1,1124,71094,  ● Protection Paladin integration test: example log › ShieldOfTheRighteous › matches the statistic snapshot,acceptable,2026-09-19T13:58:36.298539+00:00,3e68efc7e9e2465f,8,d0aff7cb866e
wowanalyzer,1623134940_508d22d2c091001d265e72943a83e7f906de671d,react_app_rewired,1,1125,71125,  ● Protection Paladin integration test: example log › ShieldOfTheRighteous › matches the suggestions snapshot,acceptable,2026-09-19T13:58:36.304078+00:00,59051e76b0c1618b,7,d0aff7cb866e
wowanalyzer,1623134940_508d22d2c091001d265e72943a83e7f906de671d,react_app_rewired,1,1126,71156,  ● Protection Paladin integration test: example log › Consecration › matches the statistic snapshot,acceptable,2026-09-19T13:58:36.310976+00:00,80894e45add45e30,8,d0aff7cb866e
wowanalyzer,1623134940_508d22d2c091001d265e72943a83e7f906de671d,react_app_rewired,1,1127,71187,  ● Protection Paladin integration test: example log › Consecration › matches the suggestions snapshot,acceptable,2026-09-19T13:58:36.316726+00:00,f7eb7653c93f5c53,7,d0aff7cb866e
wowanalyzer,1623134940_508d22d2c091001d265e72943a83e7f906de671d,react_app_rewired,1,1128,71280,  ● Protection Paladin integration test: example log › NoDamageShieldOfTheRighteous › matches the statistic snapshot,acceptable,2026-09-19T13:58:36.322452+00:00,0c04a8a1bbe046c2,8,d0aff7cb866e
wowanalyzer,1623134940_508d22d2c091001d265e72943a83e7f906de671d,react_app_rewired,1,1129,71311,  ● Protection Paladin integration test: example log › NoDamageShieldOfTheRighteous › matches the suggestions snapshot,acceptable,2026-09-19T13:58:36.328154+00:00,6b1f225bc638430b,6,d0aff7cb866e
wowanalyzer,1623134940_508d22d2c091001d265e72943a83e7f906de671d,react_app_rewired,1,1130,71342,  ● Protection Paladin integration test: example log › OvercapShieldOfTheRighteous › matches the statistic snapshot,acceptable,2026-09-19T13:58:36.333917+00:00,41fb17664b39fbf3,8,d0aff7cb866e
wowanalyzer,1623134940_508d22d2c091001d265e72943a83e7f906de671d,react_app_rewired,1,1131,71373,  ● Protection Paladin integration test: example log › OvercapShieldOfTheRighteous › matches the suggestions snapshot,acceptable,2026-09-19T13:58:36.339625+00:00,2df97e557013fe6d,6,d0aff7cb866e
wowanalyzer,1623134940_508d22d2c091001d265e72943a83e7f906de671d,react_app_rewired,1,1132,71404,  ● Protection Paladin integration test: example log › RighteousProtector › matches the statistic snapshot,acceptable,2026-09-19T13:58:36.345331+00:00,eb64d5e2ab604e4e,6,d0aff7cb866e
wowanalyzer,1623134940_508d22d2c091001d265e72943a83e7f906de671d,react_app_rewired,1,1133,71435,  ● Protection Paladin integration test: example log › RighteousProtector › matches the suggestions snapshot,acceptable,2026-09-19T13:58:36.350985+00:00,d797ce13a11feb6d,6,d0aff7cb866e
wowanalyzer,1623134940_508d22d2c091001d265e72943a83e7f906de671d,react_app_rewired,1,1134,71466,  ● Protection Paladin integration test: example log › Seraphim › matches the statistic snapshot,acceptable,2026-09-19T13:58:36.356635+00:00,8c48481d9c21252c,6,d0aff7cb866e
wowanalyzer,1623134940_508d22d2c091001d265e72943a83e7f906de671d,react_app_rewired,1,1135,71497,  ● Protection Paladin integration test: example log › Seraphim › matches the suggestions snapshot,acceptable,2026-09-19T13:58:36.362280+00:00,782dd4baf378d13c,6,d0aff7cb866e
wowanalyzer,1623134940_508d22d2c091001d265e72943a83e7f906de671d,react_app_rewired,1,1136,71528,  ● Protection Paladin integration test: example log › SanctifiedWrathProtJudgement › matches the statistic snapshot,acceptable,2026-09-19T13:58:36.367843+00:00,96cecbd584a6d770,6,d0aff7cb866e
wowanalyzer,1623134940_508d22d2c091001d265e72943a83e7f906de671d,react_app_rewired,1,1137,71559,  ● Protection Paladin integration test: example log › SanctifiedWrathProtJudgement › matches the suggestions snapshot,acceptable,2026-09-19T13:58:36.373438+00:00,902ef2830baf000a,6,d0aff7cb866e
wowanalyzer,1623134940_508d22d2c091001d265e72943a83e7f906de671d,react_app_rewired,1,1138,71590,  ● Protection Paladin integration test: example log › HolyShieldSpellBlock › matches the statistic snapshot,acceptable,2026-09-19T13:58:36.379036+00:00,447a8144603b90d1,6,d0aff7cb866e
wowanalyzer,1623134940_508d22d2c091001d265e72943a83e7f906de671d,react_app_rewired,1,1139,71621,  ● Protection Paladin integration test: example log › HolyShieldSpellBlock › matches the suggestions snapshot,acceptable,2026-09-19T13:58:36.384625+00:00,5416a542a36675ea,6,d0aff7cb866e
wowanalyzer,1623134940_508d22d2c091001d265e72943a83e7f906de671d,react_app_rewired,1,1140,71652,  ● Protection Paladin integration test: example log › Redoubt › matches the statistic snapshot,acceptable,2026-09-19T13:58:36.390624+00:00,44aad98eebd0e61b,6,d0aff7cb866e
wowanalyzer,1623134940_508d22d2c091001d265e72943a83e7f906de671d,react_app_rewired,1,1141,71683,  ● Protection Paladin integration test: example log › Redoubt › matches the suggestions snapshot,acceptable,2026-09-19T13:58:36.396252+00:00,591147330e32ab27,6,d0aff7cb866e
wowanalyzer,1623134940_508d22d2c091001d265e72943a83e7f906de671d,react_app_rewired,1,1142,71714,  ● Protection Paladin integration test: example log › BlessedHammerDamageReduction › matches the statistic snapshot,acceptable,2026-09-19T13:58:36.401874+00:00,d71487e8990a4767,8,d0aff7cb866e
wowanalyzer,1623134940_508d22d2c091001d265e72943a83e7f906de671d,react_app_rewired,1,1143,71745,  ● Protection Paladin integration test: example log › BlessedHammerDamageReduction › matches the suggestions snapshot,acceptable,2026-09-19T13:58:36.409655+00:00,53855f0d997bd91a,6,d0aff7cb866e
wowanalyzer,1623134940_508d22d2c091001d265e72943a83e7f906de671d,react_app_rewired,1,1144,71776,  ● Protection Paladin integration test: example log › FirstAvenger › matches the statistic snapshot,acceptable,2026-09-19T13:58:36.416640+00:00,ff7b3bdfc8d0c221,6,d0aff7cb866e
wowanalyzer,1623134940_508d22d2c091001d265e72943a83e7f906de671d,react_app_rewired,1,1145,71807,  ● Protection Paladin integration test: example log › FirstAvenger › matches the suggestions snapshot,acceptable,2026-09-19T13:58:36.424762+00:00,c5e8107f4a963953,6,d0aff7cb866e
wowanalyzer,1623134940_508d22d2c091001d265e72943a83e7f906de671d,react_app_rewired,1,1146,71838,  ● Protection Paladin integration test: example log › MomentOfGlory › matches the statistic snapshot,acceptable,2026-09-19T13:58:36.434622+00:00,0bf2f11d70b0f9f8,6,d0aff7cb866e
wowanalyzer,1623134940_508d22d2c091001d265e72943a83e7f906de671d,react_app_rewired,1,1147,71869,  ● Protection Paladin integration test: example log › MomentOfGlory › matches the suggestions snapshot,acceptable,2026-09-19T13:58:36.444309+00:00,4f02e2786d81818a,6,d0aff7cb866e
wowanalyzer,1623134940_508d22d2c091001d265e72943a83e7f906de671d,react_app_rewired,1,1148,75576,  ● Frost Death Knight integration test: example log › FrostRuneForgeChecker › matches the statistic snapshot,acceptable,2026-09-19T13:58:36.453752+00:00,d5ef7218a476cbed,12,d0aff7cb866e
wowanalyzer,1623134940_508d22d2c091001d265e72943a83e7f906de671d,react_app_rewired,1,1149,75607,  ● Frost Death Knight integration test: example log › FrostRuneForgeChecker › matches the suggestions snapshot,acceptable,2026-09-19T13:58:36.459496+00:00,5e1151ff64eb6002,12,d0aff7cb866e
wowanalyzer,1623134940_508d22d2c091001d265e72943a83e7f906de671d,react_app_rewired,1,1150,95674,  ● Brewmaster Monk integration test: example log › HealingReceived › matches the statistic snapshot,acceptable,2026-09-19T13:58:36.465370+00:00,a5472d4dcca45bcc,9,d0aff7cb866e
wowanalyzer,1623134940_508d22d2c091001d265e72943a83e7f906de671d,react_app_rewired,1,1151,95705,  ● Brewmaster Monk integration test: example log › HealingReceived › matches the suggestions snapshot,acceptable,2026-09-19T13:58:36.471089+00:00,1257fe93657e72ad,9,d0aff7cb866e
wowanalyzer,1623134940_508d22d2c091001d265e72943a83e7f906de671d,react_app_rewired,1,1152,95736,  ● Brewmaster Monk integration test: example log › Stagger › matches the statistic snapshot,acceptable,2026-09-19T13:58:36.477733+00:00,1335ba12f042e89e,11,d0aff7cb866e
wowanalyzer,1623134940_508d22d2c091001d265e72943a83e7f906de671d,react_app_rewired,1,1153,95767,  ● Brewmaster Monk integration test: example log › Stagger › matches the suggestions snapshot,acceptable,2026-09-19T13:58:36.484456+00:00,daae05ee1a472278,9,d0aff7cb866e
wowanalyzer,1623134940_508d22d2c091001d265e72943a83e7f906de671d,react_app_rewired,1,1154,95798,  ● Brewmaster Monk integration test: example log › StaggerFabricator › matches the statistic snapshot,acceptable,2026-09-19T13:58:36.491225+00:00,5cd02a98d7fa0179,9,d0aff7cb866e
wowanalyzer,1623134940_508d22d2c091001d265e72943a83e7f906de671d,react_app_rewired,1,1155,95829,  ● Brewmaster Monk integration test: example log › StaggerFabricator › matches the suggestions snapshot,acceptable,2026-09-19T13:58:36.497236+00:00,2fe00906379dbe11,9,d0aff7cb866e
wowanalyzer,1623134940_508d22d2c091001d265e72943a83e7f906de671d,react_app_rewired,1,1156,95891,  ● Brewmaster Monk integration test: example log › BrewCDR › matches the suggestions snapshot,acceptable,2026-09-19T13:58:36.506395+00:00,aba83b9deaedaaf5,9,d0aff7cb866e
wowanalyzer,1623134940_508d22d2c091001d265e72943a83e7f906de671d,react_app_rewired,1,1157,95922,  ● Brewmaster Monk integration test: example log › SharedBrews › matches the statistic snapshot,acceptable,2026-09-19T13:58:36.517005+00:00,08250d4737ca681d,9,d0aff7cb866e
wowanalyzer,1623134940_508d22d2c091001d265e72943a83e7f906de671d,react_app_rewired,1,1158,95953,  ● Brewmaster Monk integration test: example log › SharedBrews › matches the suggestions snapshot,acceptable,2026-09-19T13:58:36.528794+00:00,75c2eb5c025e590c,9,d0aff7cb866e
wowanalyzer,1623134940_508d22d2c091001d265e72943a83e7f906de671d,react_app_rewired,1,1159,95984,  ● Brewmaster Monk integration test: example log › StaggerPoolGraph › matches the statistic snapshot,acceptable,2026-09-19T13:58:36.534611+00:00,c92af06197c98d49,9,d0aff7cb866e
wowanalyzer,1623134940_508d22d2c091001d265e72943a83e7f906de671d,react_app_rewired,1,1160,96015,  ● Brewmaster Monk integration test: example log › StaggerPoolGraph › matches the suggestions snapshot,acceptable,2026-09-19T13:58:36.540488+00:00,bd945b081a2d0919,9,d0aff7cb866e
wowanalyzer,1623134940_508d22d2c091001d265e72943a83e7f906de671d,react_app_rewired,1,1161,96046,  ● Brewmaster Monk integration test: example log › PurifyingBrew › matches the statistic snapshot,acceptable,2026-09-19T13:58:36.546888+00:00,0866b594bd261f66,15,d0aff7cb866e
wowanalyzer,1623134940_508d22d2c091001d265e72943a83e7f906de671d,react_app_rewired,1,1162,96077,  ● Brewmaster Monk integration test: example log › PurifyingBrew › matches the suggestions snapshot,acceptable,2026-09-19T13:58:36.553408+00:00,42a817ea7d37c76d,9,d0aff7cb866e
wowanalyzer,1623134940_508d22d2c091001d265e72943a83e7f906de671d,react_app_rewired,1,1163,96139,  ● Brewmaster Monk integration test: example log › CelestialBrew › matches the suggestions snapshot,acceptable,2026-09-19T13:58:36.560429+00:00,b4177416f357f8a4,9,d0aff7cb866e
wowanalyzer,1623134940_508d22d2c091001d265e72943a83e7f906de671d,react_app_rewired,1,1164,96170,  ● Brewmaster Monk integration test: example log › BlackoutCombo › matches the statistic snapshot,acceptable,2026-09-19T13:58:36.566990+00:00,a381f593e6139c8f,9,d0aff7cb866e
wowanalyzer,1623134940_508d22d2c091001d265e72943a83e7f906de671d,react_app_rewired,1,1165,96201,  ● Brewmaster Monk integration test: example log › BlackoutCombo › matches the suggestions snapshot,acceptable,2026-09-19T13:58:36.573279+00:00,a87d0810016c6272,9,d0aff7cb866e
wowanalyzer,1623134940_508d22d2c091001d265e72943a83e7f906de671d,react_app_rewired,1,1166,96232,  ● Brewmaster Monk integration test: example log › KegSmash › matches the statistic snapshot,acceptable,2026-09-19T13:58:36.583325+00:00,814a87ea37df1e0a,9,d0aff7cb866e
wowanalyzer,1623134940_508d22d2c091001d265e72943a83e7f906de671d,react_app_rewired,1,1167,96263,  ● Brewmaster Monk integration test: example log › KegSmash › matches the suggestions snapshot,acceptable,2026-09-19T13:58:36.590017+00:00,d6229e7c0717990a,9,d0aff7cb866e
wowanalyzer,1623134940_508d22d2c091001d265e72943a83e7f906de671d,react_app_rewired,1,1168,96294,  ● Brewmaster Monk integration test: example log › TigerPalm › matches the statistic snapshot,acceptable,2026-09-19T13:58:36.596000+00:00,deaad058470f9ca3,9,d0aff7cb866e
wowanalyzer,1623134940_508d22d2c091001d265e72943a83e7f906de671d,react_app_rewired,1,1169,96356,  ● Brewmaster Monk integration test: example log › RushingJadeWind › matches the statistic snapshot,acceptable,2026-09-19T13:58:36.601781+00:00,4dc565ac1e944434,9,d0aff7cb866e
wowanalyzer,1623134940_508d22d2c091001d265e72943a83e7f906de671d,react_app_rewired,1,1170,96387,  ● Brewmaster Monk integration test: example log › RushingJadeWind › matches the suggestions snapshot,acceptable,2026-09-19T13:58:36.607599+00:00,edb0ce777172e743,9,d0aff7cb866e
wowanalyzer,1623134940_508d22d2c091001d265e72943a83e7f906de671d,react_app_rewired,1,1171,96418,  ● Brewmaster Monk integration test: example log › BreathOfFire › matches the statistic snapshot,acceptable,2026-09-19T13:58:36.614506+00:00,61284172edcc7bff,9,d0aff7cb866e
wowanalyzer,1623134940_508d22d2c091001d265e72943a83e7f906de671d,react_app_rewired,1,1172,96449,  ● Brewmaster Monk integration test: example log › BreathOfFire › matches the suggestions snapshot,acceptable,2026-09-19T13:58:36.620591+00:00,c8ff1ad1ae255ae1,10,d0aff7cb866e
wowanalyzer,1623134940_508d22d2c091001d265e72943a83e7f906de671d,react_app_rewired,1,1173,96480,  ● Brewmaster Monk integration test: example log › BlackOxBrew › matches the statistic snapshot,acceptable,2026-09-19T13:58:36.627298+00:00,98ae15e319017e1e,9,d0aff7cb866e
wowanalyzer,1623134940_508d22d2c091001d265e72943a83e7f906de671d,react_app_rewired,1,1174,96511,  ● Brewmaster Monk integration test: example log › BlackOxBrew › matches the suggestions snapshot,acceptable,2026-09-19T13:58:36.633884+00:00,bb2f92303b13e573,9,d0aff7cb866e
wowanalyzer,1623134940_508d22d2c091001d265e72943a83e7f906de671d,react_app_rewired,1,1175,96573,  ● Brewmaster Monk integration test: example log › HighTolerance › matches the suggestions snapshot,acceptable,2026-09-19T13:58:36.641669+00:00,b0ef63a9ed103a80,9,d0aff7cb866e
wowanalyzer,1623134940_508d22d2c091001d265e72943a83e7f906de671d,react_app_rewired,1,1176,96635,  ● Brewmaster Monk integration test: example log › CelestialFortune › matches the suggestions snapshot,acceptable,2026-09-19T13:58:36.651741+00:00,3e5ab06b04d2f7cf,9,d0aff7cb866e
wowanalyzer,1623134940_508d22d2c091001d265e72943a83e7f906de671d,react_app_rewired,1,1177,96697,  ● Brewmaster Monk integration test: example log › GiftOfTheOx › matches the suggestions snapshot,acceptable,2026-09-19T13:58:36.662047+00:00,ce9bf5c397095056,9,d0aff7cb866e
wowanalyzer,1623134940_508d22d2c091001d265e72943a83e7f906de671d,react_app_rewired,1,1178,96728,  ● Brewmaster Monk integration test: example log › Shuffle › matches the statistic snapshot,acceptable,2026-09-19T13:58:36.669182+00:00,55fe8919589d4f77,9,d0aff7cb866e
wowanalyzer,1623134940_508d22d2c091001d265e72943a83e7f906de671d,react_app_rewired,1,1179,96759,  ● Brewmaster Monk integration test: example log › Shuffle › matches the suggestions snapshot,acceptable,2026-09-19T13:58:36.675039+00:00,0f2bc9829daa1ff4,9,d0aff7cb866e
wowanalyzer,1623134940_508d22d2c091001d265e72943a83e7f906de671d,react_app_rewired,1,1180,96883,  ● Brewmaster Monk integration test: example log › StormstoutsLastKeg › matches the suggestions snapshot,acceptable,2026-09-19T13:58:36.680912+00:00,66a6aaa61712e37b,9,d0aff7cb866e
wowanalyzer,1623134940_508d22d2c091001d265e72943a83e7f906de671d,react_app_rewired,1,1181,97038,  ● Brewmaster Monk integration test: example log › WeaponsOfOrder › matches the statistic snapshot,acceptable,2026-09-19T13:58:36.686905+00:00,377304b2305d6233,9,d0aff7cb866e
wowanalyzer,1623134940_508d22d2c091001d265e72943a83e7f906de671d,react_app_rewired,1,1182,97069,  ● Brewmaster Monk integration test: example log › WeaponsOfOrder › matches the suggestions snapshot,acceptable,2026-09-19T13:58:36.693867+00:00,bb88e6f0f0b38043,9,d0aff7cb866e
wowanalyzer,1623134940_508d22d2c091001d265e72943a83e7f906de671d,react_app_rewired,1,1183,97100,  ● Brewmaster Monk integration test: example log › BonedustBrew › matches the statistic snapshot,acceptable,2026-09-19T13:58:36.701024+00:00,dd31fd508025330a,9,d0aff7cb866e
wowanalyzer,1623134940_508d22d2c091001d265e72943a83e7f906de671d,react_app_rewired,1,1184,97131,  ● Brewmaster Monk integration test: example log › BonedustBrew › matches the suggestions snapshot,acceptable,2026-09-19T13:58:36.707762+00:00,084f6c504a3b7256,9,d0aff7cb866e
wowanalyzer,1623134940_508d22d2c091001d265e72943a83e7f906de671d,react_app_rewired,1,1185,97348,  ● Brewmaster Monk integration test: example log › EvasiveStride › matches the statistic snapshot,acceptable,2026-09-19T13:58:36.714862+00:00,0b45a27caf82abfb,9,d0aff7cb866e
wowanalyzer,1623134940_508d22d2c091001d265e72943a83e7f906de671d,react_app_rewired,1,1186,97379,  ● Brewmaster Monk integration test: example log › EvasiveStride › matches the suggestions snapshot,acceptable,2026-09-19T13:58:36.724160+00:00,347bf6e6b6766db8,9,d0aff7cb866e
wowanalyzer,1623134940_508d22d2c091001d265e72943a83e7f906de671d,react_app_rewired,1,1187,97410,  ● Brewmaster Monk integration test: example log › CelestialEffervescence › matches the statistic snapshot,acceptable,2026-09-19T13:58:36.730047+00:00,273ce20a0b3ccc18,9,d0aff7cb866e
wowanalyzer,1623134940_508d22d2c091001d265e72943a83e7f906de671d,react_app_rewired,1,1188,97441,  ● Brewmaster Monk integration test: example log › CelestialEffervescence › matches the suggestions snapshot,acceptable,2026-09-19T13:58:36.736120+00:00,f85664cddd83c5b1,9,d0aff7cb866e
wowanalyzer,1623134940_508d22d2c091001d265e72943a83e7f906de671d,react_app_rewired,1,1189,97472,  ● Brewmaster Monk integration test: example log › ScaldingBrew › matches the statistic snapshot,acceptable,2026-09-19T13:58:36.742100+00:00,b69bbb1666d8d5ea,9,d0aff7cb866e
wowanalyzer,1623134940_508d22d2c091001d265e72943a83e7f906de671d,react_app_rewired,1,1190,97503,  ● Brewmaster Monk integration test: example log › ScaldingBrew › matches the suggestions snapshot,acceptable,2026-09-19T13:58:36.747983+00:00,c31d830a517cbfe6,9,d0aff7cb866e
wowanalyzer,1623134940_508d22d2c091001d265e72943a83e7f906de671d,react_app_rewired,1,1191,97534,  ● Brewmaster Monk integration test: example log › WalkWithTheOx › matches the statistic snapshot,acceptable,2026-09-19T13:58:36.753877+00:00,37a7e679af11c91c,9,d0aff7cb866e
wowanalyzer,1623134940_508d22d2c091001d265e72943a83e7f906de671d,react_app_rewired,1,1192,97565,  ● Brewmaster Monk integration test: example log › WalkWithTheOx › matches the suggestions snapshot,acceptable,2026-09-19T13:58:36.760310+00:00,9865b82127feb39c,9,d0aff7cb866e
wowanalyzer,1623134940_508d22d2c091001d265e72943a83e7f906de671d,react_app_rewired,1,1193,101024,  ● Shadow Priest integration test: example log › VoidBoltUsage › matches the statistic snapshot,acceptable,2026-09-19T13:58:36.767069+00:00,68225218da857f39,8,d0aff7cb866e
wowanalyzer,1623134940_508d22d2c091001d265e72943a83e7f906de671d,react_app_rewired,1,1194,101055,  ● Shadow Priest integration test: example log › VoidBoltUsage › matches the suggestions snapshot,acceptable,2026-09-19T13:58:36.774444+00:00,f97d9c87a7d48587,8,d0aff7cb866e
wowanalyzer,1623134940_508d22d2c091001d265e72943a83e7f906de671d,react_app_rewired,1,1195,102326,  ● Shadow Priest integration test: example log › HauntingApparitions › matches the statistic snapshot,acceptable,2026-09-19T13:58:36.782215+00:00,b970bf1f28aa64f8,8,d0aff7cb866e
wowanalyzer,1623134940_508d22d2c091001d265e72943a83e7f906de671d,react_app_rewired,1,1196,102357,  ● Shadow Priest integration test: example log › HauntingApparitions › matches the suggestions snapshot,acceptable,2026-09-19T13:58:36.792204+00:00,2357a6620aba389c,8,d0aff7cb866e
wowanalyzer,1623134940_508d22d2c091001d265e72943a83e7f906de671d,react_app_rewired,1,1197,105630,  ● Balance Druid integration test: example log › ActiveDruidForm › matches the statistic snapshot,acceptable,2026-09-19T13:58:36.802829+00:00,7ead5d1d448e45af,7,d0aff7cb866e
wowanalyzer,1623134940_508d22d2c091001d265e72943a83e7f906de671d,react_app_rewired,1,1198,105661,  ● Balance Druid integration test: example log › ActiveDruidForm › matches the suggestions snapshot,acceptable,2026-09-19T13:58:36.812972+00:00,bd2d74cbc6fb1d88,7,d0aff7cb866e
wowanalyzer,1623134940_508d22d2c091001d265e72943a83e7f906de671d,react_app_rewired,1,1199,105940,  ● Balance Druid integration test: example log › UnempoweredStarfire › matches the statistic snapshot,acceptable,2026-09-19T13:58:36.819245+00:00,910a56e285b7a146,4,d0aff7cb866e
wowanalyzer,1623134940_508d22d2c091001d265e72943a83e7f906de671d,react_app_rewired,1,1200,106002,  ● Balance Druid integration test: example log › UnempoweredWrath › matches the statistic snapshot,acceptable,2026-09-19T13:58:36.825348+00:00,cad558b06d63579c,4,d0aff7cb866e
wowanalyzer,1623134940_508d22d2c091001d265e72943a83e7f906de671d,react_app_rewired,1,1201,106033,  ● Balance Druid integration test: example log › UnempoweredWrath › matches the suggestions snapshot,acceptable,2026-09-19T13:58:36.832011+00:00,cbfb0e284f8e04bd,4,d0aff7cb866e
wowanalyzer,1623134940_508d22d2c091001d265e72943a83e7f906de671d,react_app_rewired,1,1202,106188,  ● Balance Druid integration test: example log › BalanceOfAllThingsOpener › matches the statistic snapshot,acceptable,2026-09-19T13:58:36.839093+00:00,f0ab6e2dd655c0c7,7,d0aff7cb866e
wowanalyzer,1623134940_508d22d2c091001d265e72943a83e7f906de671d,react_app_rewired,1,1203,106498,  ● Balance Druid integration test: example log › SoulOfTheForest › matches the statistic snapshot,acceptable,2026-09-19T13:58:36.846171+00:00,e549361200bcdb9d,7,d0aff7cb866e
wowanalyzer,1623134940_508d22d2c091001d265e72943a83e7f906de671d,react_app_rewired,1,1204,106529,  ● Balance Druid integration test: example log › SoulOfTheForest › matches the suggestions snapshot,acceptable,2026-09-19T13:58:36.852205+00:00,1ba992d5753afb98,7,d0aff7cb866e
wowanalyzer,1623134940_508d22d2c091001d265e72943a83e7f906de671d,react_app_rewired,1,1205,106591,  ● Balance Druid integration test: example log › ConvokeSpirits › matches the suggestions snapshot,acceptable,2026-09-19T13:58:36.861687+00:00,9d8ad8efa5051fd9,7,d0aff7cb866e
wowanalyzer,1623134940_508d22d2c091001d265e72943a83e7f906de671d,react_app_rewired,1,1206,120192,  ● Fire Mage integration test: example log › CombustionPreCastDelay › matches the statistic snapshot,acceptable,2026-09-19T13:58:36.869925+00:00,14ca4f0de5f16b14,7,d0aff7cb866e
wowanalyzer,1623134940_508d22d2c091001d265e72943a83e7f906de671d,react_app_rewired,1,1207,120223,  ● Fire Mage integration test: example log › CombustionPreCastDelay › matches the suggestions snapshot,acceptable,2026-09-19T13:58:36.876009+00:00,58e42dd5be7da131,7,d0aff7cb866e
wowanalyzer,1623134940_508d22d2c091001d265e72943a83e7f906de671d,react_app_rewired,1,1208,121184,  ● Fire Mage integration test: example log › DisciplinaryCommand › matches the statistic snapshot,acceptable,2026-09-19T13:58:36.881971+00:00,c993fa0468942240,7,d0aff7cb866e
wowanalyzer,1623134940_508d22d2c091001d265e72943a83e7f906de671d,react_app_rewired,1,1209,121215,  ● Fire Mage integration test: example log › DisciplinaryCommand › matches the suggestions snapshot,acceptable,2026-09-19T13:58:36.887959+00:00,88ff080de632ce24,7,d0aff7cb866e
wowanalyzer,1625015835_a9f2cc0fbf2a7d0ca95d78e21f128d9e1a902555,react_app_rewired,1,1210,928,  ● Balance Druid integration test: example log › FillerUsage › matches the suggestions snapshot,reevaluated_acceptable,2026-09-19T13:58:36.893993+00:00,2757090b76f418a8,8,06184baff5ec
wowanalyzer,1630599362_18cb633391f6cad5c4e94f838b9e716e24aa1e21,react_app_rewired,1,1211,404,  ● Test suite failed to run,reevaluated_acceptable,2026-09-19T13:58:36.900047+00:00,6451faee7abc0d89,17,bd8b7f24c7e9
wowanalyzer,1630611120_2e3c0246268bcb227b5756765a6454b5a6447d4c,react_app_rewired,1,1212,1165,  ● Mistweaver Monk integration test: example log › SpellInfo › matches the statistic snapshot,acceptable,2026-09-19T13:58:44.162814+00:00,9fc23ef8960b28ea,23,
wowanalyzer,1630611120_2e3c0246268bcb227b5756765a6454b5a6447d4c,react_app_rewired,1,1213,1292,  ● Mistweaver Monk integration test: example log › SpellInfo › matches the suggestions snapshot,acceptable,2026-09-19T13:58:45.933042+00:00,4178d30790536ced,23,
wowanalyzer,1633846475_b3046a82853dc1f93ab28ab8b1a0103954c895f3,react_app_rewired,1,1214,267,  ● RuleDescription › should return a description for a rule with a condition,acceptable,2026-09-19T13:58:45.941726+00:00,c88a155d690ee73f,6,66599ac18518
wowanalyzer,1634416903_99fa47c79df98de92973c07695c01c6271d97571,react_app_rewired,1,1215,258,  ● Basic APL Check › Extra Filler Cast › should report a single violation,acceptable,2026-09-19T13:58:45.947837+00:00,22a68cc071439469,25,7a890d443009
wowanalyzer,1634416903_99fa47c79df98de92973c07695c01c6271d97571,react_app_rewired,1,1216,288,  ● APL with conditions › Cast Short CD during Buff › should report a violation,acceptable,2026-09-19T13:58:45.954675+00:00,67c08fac7d641ff0,25,7a890d443009
wowanalyzer,1634416903_99fa47c79df98de92973c07695c01c6271d97571,react_app_rewired,1,1217,318,  ● APL with conditions › Cast extra filler after Buff › should report a violation,acceptable,2026-09-19T13:58:45.961559+00:00,44accfa8fae7fd2a,25,7a890d443009
wowanalyzer,1634418796_5bdb733f6ec731774a6d4b525d280605d856e3aa,react_app_rewired,1,1218,258,  ● Test suite failed to run,acceptable,2026-09-19T13:58:45.967633+00:00,50f813fd1b706ff0,12,b664cc1b627b
wowanalyzer,1634669504_e6e0c3a58b72f14ecd105488b681b11a38afbd83,react_app_rewired,1,1219,257,  ● Test suite failed to run,reevaluated_acceptable,2026-09-19T13:58:45.973610+00:00,0a0d4619612f68ab,11,4477d1a0e22d
wowanalyzer,1638036815_da684c51cf3db63638465038956c2a873843fe23,react_app_rewired,1,1220,18940,  ● Beast Mastery Hunter integration test: Single Target › RaeshalareDeathsWhisper › matches the statistic snapshot,acceptable,2026-09-19T13:58:45.979671+00:00,f7bf2ccf237ff11e,5,c8e6058def9e
wowanalyzer,1638036815_da684c51cf3db63638465038956c2a873843fe23,react_app_rewired,1,1221,18977,  ● Beast Mastery Hunter integration test: Single Target › RaeshalareDeathsWhisper › matches the suggestions snapshot,acceptable,2026-09-19T13:58:45.985844+00:00,c9a9db4d8c512abe,5,c8e6058def9e
wowanalyzer,1638036815_da684c51cf3db63638465038956c2a873843fe23,react_app_rewired,1,1222,19014,  ● Beast Mastery Hunter integration test: Single Target › FragmentsOfTheElderAntlers › matches the statistic snapshot,acceptable,2026-09-19T13:58:45.991937+00:00,4e81ddf53aa09d59,5,c8e6058def9e
wowanalyzer,1638036815_da684c51cf3db63638465038956c2a873843fe23,react_app_rewired,1,1223,19051,  ● Beast Mastery Hunter integration test: Single Target › FragmentsOfTheElderAntlers › matches the suggestions snapshot,acceptable,2026-09-19T13:58:45.998758+00:00,b0911fde455efa8d,5,c8e6058def9e
wowanalyzer,1638036815_da684c51cf3db63638465038956c2a873843fe23,react_app_rewired,1,1224,80724,  ● Unholy Death Knight integration test: example log › DeathsDue › matches the statistic snapshot,acceptable,2026-09-19T13:58:46.004986+00:00,8cd908ff9a4f779d,11,c8e6058def9e
wowanalyzer,1638036815_da684c51cf3db63638465038956c2a873843fe23,react_app_rewired,1,1225,80761,  ● Unholy Death Knight integration test: example log › DeathsDue › matches the suggestions snapshot,acceptable,2026-09-19T13:58:46.011146+00:00,cef502e1dca77fb7,11,c8e6058def9e
wowanalyzer,1638036815_da684c51cf3db63638465038956c2a873843fe23,react_app_rewired,1,1226,120185,  ● Balance Druid integration test: example log › FillerUsage › matches the statistic snapshot,acceptable,2026-09-19T13:58:46.017258+00:00,f399ee72cc9d6e37,3,c8e6058def9e
wowanalyzer,1638036815_da684c51cf3db63638465038956c2a873843fe23,react_app_rewired,1,1227,120259,  ● Balance Druid integration test: example log › Starsurge › matches the statistic snapshot,acceptable,2026-09-19T13:58:46.023294+00:00,ade12f3b78e3a5da,3,c8e6058def9e
wowanalyzer,1638036815_da684c51cf3db63638465038956c2a873843fe23,react_app_rewired,1,1228,120296,  ● Balance Druid integration test: example log › Starsurge › matches the suggestions snapshot,acceptable,2026-09-19T13:58:46.029341+00:00,9255cd6689e13466,3,c8e6058def9e
wowanalyzer,1638036815_da684c51cf3db63638465038956c2a873843fe23,react_app_rewired,1,1229,120999,  ● Balance Druid integration test: example log › AdaptiveSwarmDamageDealer › matches the statistic snapshot,acceptable,2026-09-19T13:58:46.035648+00:00,368296c708ebbd2c,3,c8e6058def9e
wowanalyzer,1638036815_da684c51cf3db63638465038956c2a873843fe23,react_app_rewired,1,1230,121036,  ● Balance Druid integration test: example log › AdaptiveSwarmDamageDealer › matches the suggestions snapshot,acceptable,2026-09-19T13:58:46.042094+00:00,d547436842f91a8e,3,c8e6058def9e
wowanalyzer,1638036815_da684c51cf3db63638465038956c2a873843fe23,react_app_rewired,1,1231,121073,  ● Balance Druid integration test: example log › SinfulHysteria › matches the statistic snapshot,acceptable,2026-09-19T13:58:46.048171+00:00,a907a692f128558c,3,c8e6058def9e
wowanalyzer,1638036815_da684c51cf3db63638465038956c2a873843fe23,react_app_rewired,1,1232,121110,  ● Balance Druid integration test: example log › SinfulHysteria › matches the suggestions snapshot,acceptable,2026-09-19T13:58:46.054229+00:00,c53ef381254218c6,3,c8e6058def9e
wowanalyzer,1638036815_da684c51cf3db63638465038956c2a873843fe23,react_app_rewired,1,1233,138683,  ● Fire Mage integration test: example log › SunKingsBlessing › matches the statistic snapshot,acceptable,2026-09-19T13:58:46.060344+00:00,ca690d5fa21be251,3,c8e6058def9e
wowanalyzer,1638036815_da684c51cf3db63638465038956c2a873843fe23,react_app_rewired,1,1234,138720,  ● Fire Mage integration test: example log › SunKingsBlessing › matches the suggestions snapshot,acceptable,2026-09-19T13:58:46.066457+00:00,73a4cae0263e29e3,3,c8e6058def9e
wowanalyzer,1638036815_da684c51cf3db63638465038956c2a873843fe23,react_app_rewired,1,1235,138979,  ● Fire Mage integration test: example log › MirrorsOfTormentUsage › matches the statistic snapshot,acceptable,2026-09-19T13:58:46.073102+00:00,20bca36bd5ff8f24,3,c8e6058def9e
wowanalyzer,1638036815_da684c51cf3db63638465038956c2a873843fe23,react_app_rewired,1,1236,139016,  ● Fire Mage integration test: example log › MirrorsOfTormentUsage › matches the suggestions snapshot,acceptable,2026-09-19T13:58:46.079330+00:00,d815690b2c7151dc,3,c8e6058def9e
wowanalyzer,1640522830_af32596e707deb7d09ac6f8ab67d6fdea645bbe0,react_app_rewired,1,1237,306,  ● Beast Mastery Hunter integration test: Single Target › AntlerVersusRylak › matches the statistic snapshot,reevaluated_acceptable,2026-09-19T13:58:46.085445+00:00,0ebded4bedb51ee0,7,a5fec9db195e
wowanalyzer,1644520917_88676a7f7a835d8f3c01b645f3d3c833592d2f2a,react_app_rewired,1,1238,21841,  ● Beast Mastery Hunter integration test: Single Target › AntlerVersusRylak › matches the suggestions snapshot,reevaluated_acceptable,2026-09-19T13:58:46.091599+00:00,258ad2209644edf8,3,6a9aed4ccf4f
wowanalyzer,1644520917_88676a7f7a835d8f3c01b645f3d3c833592d2f2a,react_app_rewired,1,1239,114576,  ● Frost Mage integration test: example log › CometStorm › matches the statistic snapshot,reevaluated_acceptable,2026-09-19T13:58:46.097998+00:00,25b6ebe47fd24c9b,1,6a9aed4ccf4f
wowanalyzer,1644520917_88676a7f7a835d8f3c01b645f3d3c833592d2f2a,react_app_rewired,1,1240,114618,  ● Frost Mage integration test: example log › CometStorm › matches the suggestions snapshot,reevaluated_acceptable,2026-09-19T13:58:46.107336+00:00,65929537b7466409,1,6a9aed4ccf4f
wowanalyzer,1644520917_88676a7f7a835d8f3c01b645f3d3c833592d2f2a,react_app_rewired,1,1241,145969,  ● Arcane Mage integration test: example log › ArcanePowerPreReqs › matches the statistic snapshot,reevaluated_acceptable,2026-09-19T13:58:46.113732+00:00,5c385ac13ab6a5b6,6,6a9aed4ccf4f
wowanalyzer,1644520917_88676a7f7a835d8f3c01b645f3d3c833592d2f2a,react_app_rewired,1,1242,146011,  ● Arcane Mage integration test: example log › ArcanePowerPreReqs › matches the suggestions snapshot,reevaluated_acceptable,2026-09-19T13:58:46.120214+00:00,fa7e1354d760a578,10,6a9aed4ccf4f
wowanalyzer,1644520917_88676a7f7a835d8f3c01b645f3d3c833592d2f2a,react_app_rewired,1,1243,146053,  ● Arcane Mage integration test: example log › ArcanePowerMana › matches the statistic snapshot,reevaluated_acceptable,2026-09-19T13:58:46.126372+00:00,7f63c3a56d1bc2c2,1,6a9aed4ccf4f
wowanalyzer,1644520917_88676a7f7a835d8f3c01b645f3d3c833592d2f2a,react_app_rewired,1,1244,146095,  ● Arcane Mage integration test: example log › ArcanePowerMana › matches the suggestions snapshot,reevaluated_acceptable,2026-09-19T13:58:46.132504+00:00,a58411b3f12f98eb,1,6a9aed4ccf4f
wowanalyzer,1644520917_88676a7f7a835d8f3c01b645f3d3c833592d2f2a,react_app_rewired,1,1245,146137,  ● Arcane Mage integration test: example log › ArcanePowerCasts › matches the statistic snapshot,reevaluated_acceptable,2026-09-19T13:58:46.138691+00:00,4f60102612cb4d90,4,6a9aed4ccf4f
wowanalyzer,1644520917_88676a7f7a835d8f3c01b645f3d3c833592d2f2a,react_app_rewired,1,1246,146179,  ● Arcane Mage integration test: example log › ArcanePowerCasts › matches the suggestions snapshot,reevaluated_acceptable,2026-09-19T13:58:46.144902+00:00,bfbe773bf1cd82b7,1,6a9aed4ccf4f
wowanalyzer,1648076361_c0bbbc7ff648bb8319136e6620648748f37e700d,react_app_rewired,1,1247,6813,  ● Brewmaster Monk integration test: example log › KegOfTheHeavens › matches the statistic snapshot,acceptable,2026-09-19T13:58:46.151031+00:00,660fb780ad00b2c0,3,eb87b623f4da
wowanalyzer,1648076361_c0bbbc7ff648bb8319136e6620648748f37e700d,react_app_rewired,1,1248,6854,  ● Brewmaster Monk integration test: example log › KegOfTheHeavens › matches the suggestions snapshot,acceptable,2026-09-19T13:58:46.157232+00:00,0932a3fc8351d53e,3,eb87b623f4da
wowanalyzer,1648328599_5da2e7c418ba905d0b3d3fe02a7ca53d8607dac4,react_app_rewired,1,1249,6463,  ● Blood Death Knight integration test: example log › CrimsonRuneWeapon › matches the statistic snapshot,acceptable,2026-09-19T13:58:46.163455+00:00,5763175a6780f633,8,080115ad6c3c
wowanalyzer,1648328599_5da2e7c418ba905d0b3d3fe02a7ca53d8607dac4,react_app_rewired,1,1250,6500,  ● Blood Death Knight integration test: example log › CrimsonRuneWeapon › matches the suggestions snapshot,acceptable,2026-09-19T13:58:46.169665+00:00,a1da64aa3eb47ab9,8,080115ad6c3c
wowanalyzer,1648932959_b9bd95c83f0e5cb87e4549024d52ed182b1903e1,react_app_rewired,1,1251,284,  ● lowRankSpells › starts empty,acceptable,2026-09-19T13:58:46.175907+00:00,9c825d2563d87a96,2,2c0cc0da0c35
wowanalyzer,1648932959_b9bd95c83f0e5cb87e4549024d52ed182b1903e1,react_app_rewired,1,1252,298,  ● lowRankSpells › fails on low rank spells,acceptable,2026-09-19T13:58:46.182191+00:00,76414ba95dbe665d,2,2c0cc0da0c35
wowanalyzer,1648932959_b9bd95c83f0e5cb87e4549024d52ed182b1903e1,react_app_rewired,1,1253,312,  ● lowRankSpells › ignores unrelated spells,acceptable,2026-09-19T13:58:46.188498+00:00,ff5b5fc5dd5b91e1,2,2c0cc0da0c35
wowanalyzer,1648932959_b9bd95c83f0e5cb87e4549024d52ed182b1903e1,react_app_rewired,1,1254,326,  ● lowRankSpells › passes on the main spell,acceptable,2026-09-19T13:58:46.194760+00:00,12a4592858c599d2,2,2c0cc0da0c35
wowanalyzer,1648932959_b9bd95c83f0e5cb87e4549024d52ed182b1903e1,react_app_rewired,1,1255,340,  ● lowRankSpells › ignores other player's spells,acceptable,2026-09-19T13:58:46.201037+00:00,9f0d7be282f8cad4,2,2c0cc0da0c35
wowanalyzer,1650171608_1a7ac8550535c70dad8e6b7697b57546de8c940f,react_app_rewired,1,1256,3806,  ● Shadow Priest integration test: example log › EffusiveAnimaAccelerator › matches the statistic snapshot,acceptable,2026-09-19T13:58:46.207288+00:00,1f2f56c49860a282,14,c957b5dac3eb
wowanalyzer,1650171608_1a7ac8550535c70dad8e6b7697b57546de8c940f,react_app_rewired,1,1257,3843,  ● Shadow Priest integration test: example log › EffusiveAnimaAccelerator › matches the suggestions snapshot,acceptable,2026-09-19T13:58:46.213502+00:00,1888b8a99c998b80,14,c957b5dac3eb
wowanalyzer,1650884505_ef89f21f7c09944124c3f8cc38996b50627b6a16,react_app_rewired,1,1258,297,  ● Survival Hunter integration test: Multi Target › ShadowgraspTotem › matches the statistic snapshot,reevaluated_acceptable,2026-09-19T13:58:46.219721+00:00,6dc2d9899169316e,18,a5fec9db195e
wowanalyzer,1650889282_7f140dc7a646025db127afeee2661d2c9d5de8a8,react_app_rewired,1,1259,304,  ● Unholy Death Knight integration test: example log › InscrutableQuantumDevice › matches the statistic snapshot,reevaluated_acceptable,2026-09-19T13:58:46.226827+00:00,888a07967da9e3bc,21,a5fec9db195e
wowanalyzer,1653071016_c559316941855921d88ceb98ba04488b9ed22692,react_app_rewired,1,1260,1263,  ● Holy Paladin integration test: example log › EnemiesHealth › matches the statistic snapshot,acceptable,2026-09-19T13:58:46.233184+00:00,4995752722a98744,13,8ff0cc47e805
wowanalyzer,1653071016_c559316941855921d88ceb98ba04488b9ed22692,react_app_rewired,1,1261,1303,  ● Holy Paladin integration test: example log › EnemiesHealth › matches the suggestions snapshot,acceptable,2026-09-19T13:58:46.239548+00:00,f0f33903e34d5aa9,13,8ff0cc47e805
wowanalyzer,1653071016_c559316941855921d88ceb98ba04488b9ed22692,react_app_rewired,1,1262,4063,  ● Holy Paladin integration test: example log › AscendedVigor › matches the statistic snapshot,acceptable,2026-09-19T13:58:46.245849+00:00,cd66bb87a44f59eb,13,8ff0cc47e805
wowanalyzer,1653071016_c559316941855921d88ceb98ba04488b9ed22692,react_app_rewired,1,1263,4103,  ● Holy Paladin integration test: example log › AscendedVigor › matches the suggestions snapshot,acceptable,2026-09-19T13:58:46.252089+00:00,0cec2c00c25ba6c8,13,8ff0cc47e805
wowanalyzer,1653071016_c559316941855921d88ceb98ba04488b9ed22692,react_app_rewired,1,1264,4343,  ● Holy Paladin integration test: example log › InscrutableQuantumDevice › matches the suggestions snapshot,acceptable,2026-09-19T13:58:46.258444+00:00,5a0198878d2450b7,13,8ff0cc47e805
wowanalyzer,1653071016_c559316941855921d88ceb98ba04488b9ed22692,react_app_rewired,1,1265,4503,  ● Holy Paladin integration test: example log › ShadowgraspTotem › matches the suggestions snapshot,acceptable,2026-09-19T13:58:46.264781+00:00,4d4902fa2bfdd1c3,13,8ff0cc47e805
wowanalyzer,1653071016_c559316941855921d88ceb98ba04488b9ed22692,react_app_rewired,1,1266,4543,  ● Holy Paladin integration test: example log › SoullettingRuby › matches the statistic snapshot,acceptable,2026-09-19T13:58:46.271481+00:00,d11adef554423579,13,8ff0cc47e805
wowanalyzer,1653071016_c559316941855921d88ceb98ba04488b9ed22692,react_app_rewired,1,1267,4583,  ● Holy Paladin integration test: example log › SoullettingRuby › matches the suggestions snapshot,acceptable,2026-09-19T13:58:46.277892+00:00,afc5ad75d919605c,13,8ff0cc47e805
wowanalyzer,1653071016_c559316941855921d88ceb98ba04488b9ed22692,react_app_rewired,1,1268,4623,  ● Holy Paladin integration test: example log › CodexOfTheFirstTechnique › matches the statistic snapshot,acceptable,2026-09-19T13:58:46.284183+00:00,e623c5823c0120ff,13,8ff0cc47e805
wowanalyzer,1653071016_c559316941855921d88ceb98ba04488b9ed22692,react_app_rewired,1,1269,4663,  ● Holy Paladin integration test: example log › CodexOfTheFirstTechnique › matches the suggestions snapshot,acceptable,2026-09-19T13:58:46.290547+00:00,cdca92f236affb2d,13,8ff0cc47e805
wowanalyzer,1653071016_c559316941855921d88ceb98ba04488b9ed22692,react_app_rewired,1,1270,4703,  ● Holy Paladin integration test: example log › BloodSplatteredScale › matches the statistic snapshot,acceptable,2026-09-19T13:58:46.296852+00:00,5da82e306149b64f,13,8ff0cc47e805
wowanalyzer,1653071016_c559316941855921d88ceb98ba04488b9ed22692,react_app_rewired,1,1271,4743,  ● Holy Paladin integration test: example log › BloodSplatteredScale › matches the suggestions snapshot,acceptable,2026-09-19T13:58:46.303359+00:00,ee6d053c06c2ddaa,13,8ff0cc47e805
wowanalyzer,1653071016_c559316941855921d88ceb98ba04488b9ed22692,react_app_rewired,1,1272,7023,  ● Holy Paladin integration test: example log › HolyPowerPerMinute › matches the statistic snapshot,acceptable,2026-09-19T13:58:46.310006+00:00,f59e277168f11cd7,6,8ff0cc47e805
wowanalyzer,1653071016_c559316941855921d88ceb98ba04488b9ed22692,react_app_rewired,1,1273,7063,  ● Holy Paladin integration test: example log › HolyPowerPerMinute › matches the suggestions snapshot,acceptable,2026-09-19T13:58:46.316289+00:00,39d9a0d7194c143e,6,8ff0cc47e805
wowanalyzer,1653071016_c559316941855921d88ceb98ba04488b9ed22692,react_app_rewired,1,1274,7103,  ● Holy Paladin integration test: example log › MaraadsCastRatio › matches the statistic snapshot,acceptable,2026-09-19T13:58:46.322572+00:00,09fa56027b368892,6,8ff0cc47e805
wowanalyzer,1653071016_c559316941855921d88ceb98ba04488b9ed22692,react_app_rewired,1,1275,7143,  ● Holy Paladin integration test: example log › MaraadsCastRatio › matches the suggestions snapshot,acceptable,2026-09-19T13:58:46.328926+00:00,cc0f0e71faa1b3ac,6,8ff0cc47e805
wowanalyzer,1653071016_c559316941855921d88ceb98ba04488b9ed22692,react_app_rewired,1,1276,7183,  ● Holy Paladin integration test: example log › MaraadsOverheal › matches the statistic snapshot,acceptable,2026-09-19T13:58:46.338367+00:00,7cd55b584af28ecd,6,8ff0cc47e805
wowanalyzer,1653071016_c559316941855921d88ceb98ba04488b9ed22692,react_app_rewired,1,1277,7223,  ● Holy Paladin integration test: example log › MaraadsOverheal › matches the suggestions snapshot,acceptable,2026-09-19T13:58:46.348111+00:00,1710a27660a6cad5,6,8ff0cc47e805
wowanalyzer,1653071016_c559316941855921d88ceb98ba04488b9ed22692,react_app_rewired,1,1278,7503,  ● Holy Paladin integration test: example log › VanquishersHammer › matches the statistic snapshot,acceptable,2026-09-19T13:58:46.356816+00:00,6136db8cbabb14de,6,8ff0cc47e805
wowanalyzer,1653071016_c559316941855921d88ceb98ba04488b9ed22692,react_app_rewired,1,1279,7543,  ● Holy Paladin integration test: example log › VanquishersHammer › matches the suggestions snapshot,acceptable,2026-09-19T13:58:46.365282+00:00,9f9c9a8abd121a31,6,8ff0cc47e805
wowanalyzer,1653071016_c559316941855921d88ceb98ba04488b9ed22692,react_app_rewired,1,1280,7583,  ● Holy Paladin integration test: example log › VanquishersHammerAnalysis › matches the statistic snapshot,acceptable,2026-09-19T13:58:46.374575+00:00,3565e49102ba9904,6,8ff0cc47e805
wowanalyzer,1653071016_c559316941855921d88ceb98ba04488b9ed22692,react_app_rewired,1,1281,7623,  ● Holy Paladin integration test: example log › VanquishersHammerAnalysis › matches the suggestions snapshot,acceptable,2026-09-19T13:58:46.384376+00:00,ac44a65ae3979ca6,6,8ff0cc47e805
wowanalyzer,1653071016_c559316941855921d88ceb98ba04488b9ed22692,react_app_rewired,1,1282,7663,  ● Holy Paladin integration test: example log › UntemperedDedication › matches the statistic snapshot,acceptable,2026-09-19T13:58:46.396050+00:00,b0a185a2640c9a29,6,8ff0cc47e805
wowanalyzer,1653071016_c559316941855921d88ceb98ba04488b9ed22692,react_app_rewired,1,1283,7703,  ● Holy Paladin integration test: example log › UntemperedDedication › matches the suggestions snapshot,acceptable,2026-09-19T13:58:46.402849+00:00,e2dcb7b00c22da80,6,8ff0cc47e805
wowanalyzer,1653071016_c559316941855921d88ceb98ba04488b9ed22692,react_app_rewired,1,1284,7743,  ● Holy Paladin integration test: example log › Tier28FourSet › matches the statistic snapshot,acceptable,2026-09-19T13:58:46.409540+00:00,ef8a8718d92ce55e,6,8ff0cc47e805
wowanalyzer,1653071016_c559316941855921d88ceb98ba04488b9ed22692,react_app_rewired,1,1285,7783,  ● Holy Paladin integration test: example log › Tier28FourSet › matches the suggestions snapshot,acceptable,2026-09-19T13:58:46.416184+00:00,48bd2dfbf3110d84,6,8ff0cc47e805
wowanalyzer,1653071016_c559316941855921d88ceb98ba04488b9ed22692,react_app_rewired,1,1286,16970,  ● Marksmanship Hunter integration test: Single Target ›  › matches the statistic snapshot,acceptable,2026-09-19T13:58:46.422743+00:00,cb07eb89fc757a8f,3,8ff0cc47e805
wowanalyzer,1653071016_c559316941855921d88ceb98ba04488b9ed22692,react_app_rewired,1,1287,17010,  ● Marksmanship Hunter integration test: Single Target ›  › matches the suggestions snapshot,acceptable,2026-09-19T13:58:46.429315+00:00,d3318b49fd11b8f7,3,8ff0cc47e805
wowanalyzer,1655584219_3de0458184b02afc3c512db8112909f151b7fa4b,react_app_rewired,1,1288,5288,  ● Brewmaster Monk integration test: example log › EarthbreakersImpact › matches the statistic snapshot,acceptable,2026-09-19T13:58:46.435900+00:00,1610a0fa101873de,11,887e909d89af
wowanalyzer,1655584219_3de0458184b02afc3c512db8112909f151b7fa4b,react_app_rewired,1,1289,5333,  ● Brewmaster Monk integration test: example log › EarthbreakersImpact › matches the suggestions snapshot,acceptable,2026-09-19T13:58:46.443185+00:00,7149a3e299a3de4c,11,887e909d89af
wowanalyzer,1655584219_3de0458184b02afc3c512db8112909f151b7fa4b,react_app_rewired,1,1290,5378,  ● Brewmaster Monk integration test: example log › TheFirstSigil › matches the statistic snapshot,acceptable,2026-09-19T13:58:46.449828+00:00,04621bd5eff61969,11,887e909d89af
wowanalyzer,1655584219_3de0458184b02afc3c512db8112909f151b7fa4b,react_app_rewired,1,1291,5423,  ● Brewmaster Monk integration test: example log › TheFirstSigil › matches the suggestions snapshot,acceptable,2026-09-19T13:58:46.456330+00:00,cf9edb2fb91b482a,11,887e909d89af
wowanalyzer,1655584219_3de0458184b02afc3c512db8112909f151b7fa4b,react_app_rewired,1,1292,5918,  ● Brewmaster Monk integration test: example log › MysticTouch › matches the statistic snapshot,acceptable,2026-09-19T13:58:46.462854+00:00,1b32aa0712eaedef,1,887e909d89af
wowanalyzer,1655584219_3de0458184b02afc3c512db8112909f151b7fa4b,react_app_rewired,1,1293,5963,  ● Brewmaster Monk integration test: example log › MysticTouch › matches the suggestions snapshot,acceptable,2026-09-19T13:58:46.469347+00:00,9b81e0a51bc24705,1,887e909d89af
wowanalyzer,1655584219_3de0458184b02afc3c512db8112909f151b7fa4b,react_app_rewired,1,1294,6008,  ● Brewmaster Monk integration test: example log › DampenHarm › matches the statistic snapshot,acceptable,2026-09-19T13:58:46.476555+00:00,41d01591cc7912f8,1,887e909d89af
wowanalyzer,1655584219_3de0458184b02afc3c512db8112909f151b7fa4b,react_app_rewired,1,1295,6053,  ● Brewmaster Monk integration test: example log › DampenHarm › matches the suggestions snapshot,acceptable,2026-09-19T13:58:46.483258+00:00,99bcaadc63a705f5,1,887e909d89af
wowanalyzer,1655584219_3de0458184b02afc3c512db8112909f151b7fa4b,react_app_rewired,1,1296,7448,  ● Brewmaster Monk integration test: example log › InvokersDelight › matches the statistic snapshot,acceptable,2026-09-19T13:58:46.489915+00:00,d454849971b1f90d,1,887e909d89af
wowanalyzer,1655584219_3de0458184b02afc3c512db8112909f151b7fa4b,react_app_rewired,1,1297,7493,  ● Brewmaster Monk integration test: example log › InvokersDelight › matches the suggestions snapshot,acceptable,2026-09-19T13:58:46.496493+00:00,afba7ddbf1f7bdd5,1,887e909d89af
wowanalyzer,1655584219_3de0458184b02afc3c512db8112909f151b7fa4b,react_app_rewired,1,1298,8708,  ● Brewmaster Monk integration test: example log › PurifyingBrewProblems › matches the statistic snapshot,acceptable,2026-09-19T13:58:46.503050+00:00,df7d4fc301cbb4e1,1,887e909d89af
wowanalyzer,1655584219_3de0458184b02afc3c512db8112909f151b7fa4b,react_app_rewired,1,1299,8753,  ● Brewmaster Monk integration test: example log › PurifyingBrewProblems › matches the suggestions snapshot,acceptable,2026-09-19T13:58:46.511558+00:00,9cfa869211606d62,1,887e909d89af
wowanalyzer,1659976772_c57c5e7968b8a95a38f29b3d79220033b1f06324,react_app_rewired,1,1300,743,  ● Test suite failed to run,reevaluated_acceptable,2026-09-19T13:58:46.521679+00:00,0fbcf36d72d689bc,9,39e7e1683840
wowanalyzer,1660606223_171caacd9599f040a485af7838d44bd9afe48a75,react_app_rewired,1,1301,4545,  ● Holy Paladin integration test: example log › CacheOfAcquiredTreasures › matches the statistic snapshot,acceptable,2026-09-19T13:58:46.531948+00:00,268eeada1dc0b335,10,0ff33efed351
wowanalyzer,1660606223_171caacd9599f040a485af7838d44bd9afe48a75,react_app_rewired,1,1302,4582,  ● Holy Paladin integration test: example log › CacheOfAcquiredTreasures › matches the suggestions snapshot,acceptable,2026-09-19T13:58:46.540828+00:00,ca5cfc71b94b3598,10,0ff33efed351
wowanalyzer,1660606223_171caacd9599f040a485af7838d44bd9afe48a75,react_app_rewired,1,1303,5951,  ● Holy Paladin integration test: example log › HealingPerHolyPower › matches the statistic snapshot,acceptable,2026-09-19T13:58:46.550210+00:00,90f1049af644d245,4,0ff33efed351
wowanalyzer,1660606223_171caacd9599f040a485af7838d44bd9afe48a75,react_app_rewired,1,1304,5988,  ● Holy Paladin integration test: example log › HealingPerHolyPower › matches the suggestions snapshot,acceptable,2026-09-19T13:58:46.560953+00:00,0ff4cf3298dee3e7,4,0ff33efed351
wowanalyzer,1661007545_3b81f2a8b3f294ad445abc0aeef3ddf36ef0e902,react_app_rewired,1,1305,16882,  ● Unholy Death Knight integration test: example log › EternalHunger › matches the statistic snapshot,acceptable,2026-09-19T13:58:48.836604+00:00,ac5dece312209d7f,6,
wowanalyzer,1661007545_3b81f2a8b3f294ad445abc0aeef3ddf36ef0e902,react_app_rewired,1,1306,16927,  ● Unholy Death Knight integration test: example log › EternalHunger › matches the suggestions snapshot,acceptable,2026-09-19T13:58:49.698571+00:00,4260a3b77c2822bb,6,
wowanalyzer,1661007545_3b81f2a8b3f294ad445abc0aeef3ddf36ef0e902,react_app_rewired,1,1307,26199,  ● Blood Death Knight integration test: example log › EndlessRuneWaltz › matches the statistic snapshot,acceptable,2026-09-19T13:58:50.510700+00:00,18425856430c006f,6,
wowanalyzer,1661007545_3b81f2a8b3f294ad445abc0aeef3ddf36ef0e902,react_app_rewired,1,1308,26244,  ● Blood Death Knight integration test: example log › EndlessRuneWaltz › matches the suggestions snapshot,acceptable,2026-09-19T13:58:51.240959+00:00,7e2736632b85f17c,6,
wowanalyzer,1661007545_3b81f2a8b3f294ad445abc0aeef3ddf36ef0e902,react_app_rewired,1,1309,26559,  ● Blood Death Knight integration test: example log › WitheringPlague › matches the statistic snapshot,acceptable,2026-09-19T13:58:52.018986+00:00,788d68f4da60af78,6,
wowanalyzer,1661007545_3b81f2a8b3f294ad445abc0aeef3ddf36ef0e902,react_app_rewired,1,1310,26604,  ● Blood Death Knight integration test: example log › WitheringPlague › matches the suggestions snapshot,acceptable,2026-09-19T13:58:54.468538+00:00,e2c3d1a4d6f6f495,6,
wowanalyzer,1661302860_ac3cb48e482dede4a2954b3e7547428869f1df4d,react_app_rewired,1,1311,415,"  ● core/Modules/SpellUsable › custom events › a spell having a charge restored while there's still another charge recharging, triggers an `updatespellusable` event indicating the charge being available again",acceptable,2026-09-19T13:58:54.486245+00:00,a961add3264f01bd,7,7a890d443009
wowanalyzer,1662479120_9f56ed45e958667b07a7da66ac596a21c92b65b0,react_app_rewired,1,1312,258,  ● Test suite failed to run,reevaluated_acceptable,2026-09-19T13:58:54.498758+00:00,282317fffe84be5d,3,d72b74565a08
wowanalyzer,1662479120_9f56ed45e958667b07a7da66ac596a21c92b65b0,react_app_rewired,1,1313,272,  ● Test suite failed to run,reevaluated_acceptable,2026-09-19T13:58:54.509125+00:00,86ffc6c1cadff2da,123,3f7af8005e27
wowanalyzer,1662479120_9f56ed45e958667b07a7da66ac596a21c92b65b0,react_app_rewired,1,1314,287,  ● Test suite failed to run,reevaluated_acceptable,2026-09-19T13:58:54.516140+00:00,cc5c6b8aa7719f56,124,3f7af8005e27
wowanalyzer,1662479120_9f56ed45e958667b07a7da66ac596a21c92b65b0,react_app_rewired,1,1315,301,  ● Test suite failed to run,reevaluated_acceptable,2026-09-19T13:58:54.523084+00:00,b0093b63116705d3,124,3f7af8005e27
wowanalyzer,1662479120_9f56ed45e958667b07a7da66ac596a21c92b65b0,react_app_rewired,1,1316,318,  ● Test suite failed to run,reevaluated_acceptable,2026-09-19T13:58:54.529843+00:00,fe455dd66e9b69e1,123,3f7af8005e27
wowanalyzer,1662479120_9f56ed45e958667b07a7da66ac596a21c92b65b0,react_app_rewired,1,1317,333,  ● Test suite failed to run,reevaluated_acceptable,2026-09-19T13:58:54.536937+00:00,62361aeabea25c24,4,3f7af8005e27
wowanalyzer,1662479120_9f56ed45e958667b07a7da66ac596a21c92b65b0,react_app_rewired,1,1318,350,  ● Test suite failed to run,reevaluated_acceptable,2026-09-19T13:58:54.543732+00:00,0e8f5dd46b1fa8f6,124,3f7af8005e27
wowanalyzer,1662757369_b6f7418b0bd2f52d75e8e067beb0952d19238a50,react_app_rewired,1,1319,340,  ● Rushing Jade Wind › should be active for a user with the talent,acceptable,2026-09-19T13:58:54.550373+00:00,a30a6e355311900b,1,4995b5b90433
wowanalyzer,1663098940_e95db314189d2302eb977f9a641f0005fcbdce01,react_app_rewired,1,1320,312,  ● Test suite failed to run,acceptable,2026-09-19T13:58:54.557072+00:00,69b971fca44b2a9e,13,4995b5b90433
wowanalyzer,1664890594_18d178c9c5e81d404d486438370e5a1324b33a94,react_app_rewired,1,1321,261,  ● Test suite failed to run,acceptable,2026-09-19T13:58:54.563967+00:00,ca3f4f264323e800,7,4995b5b90433
wowanalyzer,1665332139_965131c7e868b8acf3a56866765d34847ca7273f,react_app_rewired,1,1322,377,  ● Test suite failed to run,reevaluated_acceptable,2026-09-19T13:58:54.570656+00:00,504516efa1e0b51e,123,39e7e1683840
wowanalyzer,1665332139_965131c7e868b8acf3a56866765d34847ca7273f,react_app_rewired,1,1323,561,  ● Test suite failed to run,reevaluated_acceptable,2026-09-19T13:58:54.577361+00:00,8b4d2c9541be639c,122,39e7e1683840
wowanalyzer,1672352959_ef485df09e5fd5088b80d4850be055d2a64cea58,react_app_rewired,1,1324,393,  ● Test suite failed to run,acceptable,2026-09-19T13:58:54.584479+00:00,d84582b43b728c96,3,0613b8f558b2
wowanalyzer,1672352959_ef485df09e5fd5088b80d4850be055d2a64cea58,react_app_rewired,1,1325,637,  ● Test suite failed to run,acceptable,2026-09-19T13:58:54.591431+00:00,6ca50f5ac411e06d,3,0613b8f558b2
wowanalyzer,1673987601_460aba00b5d7225d732289aa91332c05c2ba035e,react_app_rewired,1,1326,348,  ● Test suite failed to run,acceptable,2026-09-19T13:58:54.598363+00:00,53da76755786809d,11,4995b5b90433
wowanalyzer,1675120009_34e4e183b1082679137469b119d0aa4b541074e9,react_app_rewired,1,1327,276,  ● Brewmaster.Stagger › total amount of stagger taken with no events,acceptable,2026-09-19T13:58:54.605367+00:00,ec71a59d6273f53c,9,21c6111ef279
wowanalyzer,1675120009_34e4e183b1082679137469b119d0aa4b541074e9,react_app_rewired,1,1328,292,  ● Brewmaster.Stagger › total amount of stagger taken with no stagger,acceptable,2026-09-19T13:58:54.612243+00:00,cac3c06000eafb0b,9,21c6111ef279
wowanalyzer,1675120009_34e4e183b1082679137469b119d0aa4b541074e9,react_app_rewired,1,1329,308,  ● Brewmaster.Stagger › total amount of stagger damage taken,acceptable,2026-09-19T13:58:54.619019+00:00,86009617de050224,9,21c6111ef279
wowanalyzer,1675120009_34e4e183b1082679137469b119d0aa4b541074e9,react_app_rewired,1,1330,324,"  ● Brewmaster.Stagger › track how much damage in total is absorbed by stagger, with no stagger absorbs",acceptable,2026-09-19T13:58:54.625863+00:00,52d34c49360c13dd,9,21c6111ef279
wowanalyzer,1675120009_34e4e183b1082679137469b119d0aa4b541074e9,react_app_rewired,1,1331,340,  ● Brewmaster.Stagger › track how much damage in total is absorbed by stagger,acceptable,2026-09-19T13:58:54.632726+00:00,b51a535b45b33074,9,21c6111ef279
wowanalyzer,1675120009_34e4e183b1082679137469b119d0aa4b541074e9,react_app_rewired,1,1332,356,  ● Brewmaster.Stagger › track how much physical damage was staggered,acceptable,2026-09-19T13:58:54.640276+00:00,52b29dc64da8cf7c,9,21c6111ef279
wowanalyzer,1675120009_34e4e183b1082679137469b119d0aa4b541074e9,react_app_rewired,1,1333,372,  ● Brewmaster.Stagger › track how much magical damage was staggered,acceptable,2026-09-19T13:58:54.648478+00:00,61b144ce30211b1e,9,21c6111ef279
wowanalyzer,1675120009_34e4e183b1082679137469b119d0aa4b541074e9,react_app_rewired,1,1334,388,  ● Brewmaster.Stagger › Tracks the amount of stagger missing from the fight,acceptable,2026-09-19T13:58:54.655250+00:00,9e3fb7685552a563,9,21c6111ef279
wowanalyzer,1680812993_c8fe3cafb079fd101ead8030fc9a12383b177dba,react_app_rewired,1,1335,296,  ● App › renders without crashing,acceptable,2026-09-19T13:58:54.662065+00:00,0436c32a061ddaab,16,5a8c2d6e9380
wowanalyzer,1680812993_c8fe3cafb079fd101ead8030fc9a12383b177dba,react_app_rewired,1,1336,412,                TypeError: Cannot read properties of undefined (reading 'id'),acceptable,2026-09-19T13:58:54.668965+00:00,eb5e284b018d19d3,1,7aaddf376cc7
wowanalyzer,1683314752_a05613550a76f998b6509c0c151a12cde9ad393c,react_app_rewired,1,1337,261,  ● Basic APL Check › Perfect Play › should have a complete list of successes,acceptable,2026-09-19T13:58:54.675702+00:00,c57547bd97203549,3,66da47e80a80
wowanalyzer,1683314752_a05613550a76f998b6509c0c151a12cde9ad393c,react_app_rewired,1,1338,330,  ● Basic APL Check › Extra Filler Cast › should have identity equality on the cast event,acceptable,2026-09-19T13:58:54.683023+00:00,ed3a4d4f06360cfa,3,02b275e5455c
wowanalyzer,1683314752_a05613550a76f998b6509c0c151a12cde9ad393c,react_app_rewired,1,1339,344,  ● Basic APL Check › Many Extra Filler Casts › should report a violation for each extra filler cast,acceptable,2026-09-19T13:58:54.689816+00:00,8d333a7204d6eba7,3,66da47e80a80
wowanalyzer,1683586067_d1ece37dce78ee63d5234811c6412540dd98eab3,react_app_rewired,1,1340,412,                TypeError: Cannot read properties of undefined (reading 'nickname'),acceptable,2026-09-19T13:58:54.696557+00:00,08d11eca12b7f82a,2,3a6a2d221ac1
wowanalyzer,1686063048_7a72314f38f662bfd299cbe6a6eea681dc236caa,react_app_rewired,1,1341,412,                TypeError: Cannot read properties of undefined (reading 'id'),acceptable,2026-09-19T13:58:54.703322+00:00,40d6eccb045fd01b,1,7aaddf376cc7
wowanalyzer,1686763771_3046606c6c4e6a8b0caaf9da1afede58068ebbc4,react_app_rewired,1,1342,429,                TypeError: window.gtag is not a function,acceptable,2026-09-19T13:58:54.710072+00:00,45089dd529174fe8,2,80c454721f31
wowanalyzer,1687100786_92b655feac37ac4300b12c5dcad87b725bf6c77b,react_app_rewired,1,1343,257,  ● stats › scales secondary stat correctly,acceptable,2026-09-19T14:05:27.799365+00:00,d17abc57d5b30643,6,
wowanalyzer,1687100786_92b655feac37ac4300b12c5dcad87b725bf6c77b,react_app_rewired,1,1344,271,  ● stats › scales secondary stat for Jewelry correctly,acceptable,2026-09-19T14:05:51.949847+00:00,74f5d21b1cec4bd4,8,0970cbf994fa
wowanalyzer,1687104521_e02002c8edcf1581736e60921a3c016638406f59,react_app_rewired,1,1345,261,  ● stats › scales primary stat correctly,acceptable,2026-09-19T14:06:06.698095+00:00,62c37fe1ca66a30e,1,0970cbf994fa
wowanalyzer,1687813384_077f4587618ebad2d63544635cfecf16baece14b,react_app_rewired,1,1346,511,"                TypeError: (0 , _react2.useLingui) is not a function",acceptable,2026-09-19T14:07:13.588715+00:00,a595501754570a56,5,
wowanalyzer,1691711201_00e6ae2d7dabb5c8d13082e7a64959c272037f54,react_app_rewired,1,1347,864,  ● core/Modules/SpellUsable › public API › cooldownRemaining on a spell not on cooldown returns 0,acceptable,2026-09-19T14:07:36.317142+00:00,43350769d4ffbfef,5,
wowanalyzer,1691711201_00e6ae2d7dabb5c8d13082e7a64959c272037f54,react_app_rewired,1,1348,1048,"  ● core/Modules/SpellUsable › Haste scaling cooldowns › CDRs are applied at the current haste, cooldown scales based on percent completed",acceptable,2026-09-19T14:07:38.320707+00:00,46df257012d30efd,5,
wowanalyzer,1691711201_00e6ae2d7dabb5c8d13082e7a64959c272037f54,react_app_rewired,1,1349,1104,  ● Shaman/Restoration/Modules/Spells/HealingRain › can detect ticks,acceptable,2026-09-19T14:07:39.188699+00:00,f3618e6768801ea9,4,
wowanalyzer,1692657827_3d72574815f1d4d5924f28f99af6fa7423b42f57,react_app_rewired,1,1350,488,              TypeError: Cannot read properties of undefined (reading 'nickname'),acceptable,2026-09-19T14:07:39.201135+00:00,cab5b6bb30acbc47,1,3a6a2d221ac1
wowanalyzer,1694900656_fb294fdab5d167743d114e95542bfc895c5b7265,react_app_rewired,1,1351,610,  ● Test suite failed to run,acceptable,2026-09-19T14:07:40.009030+00:00,ae899bd2e303cc12,1,
wowanalyzer,1694900656_fb294fdab5d167743d114e95542bfc895c5b7265,react_app_rewired,1,1352,1354,  ● Test suite failed to run,acceptable,2026-09-19T14:07:43.167955+00:00,23fa34ba82832984,1,
wowanalyzer,1695255444_9ccf3ad7b9a8e9b8aab7f5a98d50899c5972e42f,react_app_rewired,1,1353,1264,  ● Brewmaster/HealingDone › healing done with no events,acceptable,2026-09-19T14:07:44.358795+00:00,ce5829ff99295677,2,
wowanalyzer,1695255444_9ccf3ad7b9a8e9b8aab7f5a98d50899c5972e42f,react_app_rewired,1,1354,1285,  ● Brewmaster/HealingDone › healing done with only healing events,acceptable,2026-09-19T14:07:45.508975+00:00,60953e2744e41064,2,
wowanalyzer,1695255444_9ccf3ad7b9a8e9b8aab7f5a98d50899c5972e42f,react_app_rewired,1,1355,1306,  ● Brewmaster/HealingDone › healing done with only non-stagger absorbs,acceptable,2026-09-19T14:07:46.074602+00:00,7135352326f954d1,2,
wowanalyzer,1695255444_9ccf3ad7b9a8e9b8aab7f5a98d50899c5972e42f,react_app_rewired,1,1356,1327,  ● Brewmaster/HealingDone › healing done with only stagger absorbs,acceptable,2026-09-19T14:07:46.474956+00:00,8e76ec5c109453f5,2,
wowanalyzer,1695255444_9ccf3ad7b9a8e9b8aab7f5a98d50899c5972e42f,react_app_rewired,1,1357,1348,  ● Brewmaster/HealingDone › healing done with only boss damage,acceptable,2026-09-19T14:07:47.042781+00:00,ca1d21f6fd7b433e,2,
wowanalyzer,1695255444_9ccf3ad7b9a8e9b8aab7f5a98d50899c5972e42f,react_app_rewired,1,1358,1369,  ● Brewmaster/HealingDone › healing done with boss damage and stagger absorbs,acceptable,2026-09-19T14:07:47.536626+00:00,e69d8aa2f2e1d168,2,
wowanalyzer,1695255444_9ccf3ad7b9a8e9b8aab7f5a98d50899c5972e42f,react_app_rewired,1,1359,1390,  ● Brewmaster/HealingDone › healing done with only stagger dot,acceptable,2026-09-19T14:07:48.147103+00:00,9efa249835a9808e,2,
wowanalyzer,1695255444_9ccf3ad7b9a8e9b8aab7f5a98d50899c5972e42f,react_app_rewired,1,1360,1411,  ● Brewmaster/HealingDone › healing done taken for the fight,acceptable,2026-09-19T14:07:48.665070+00:00,3ea9f88268cfdf79,2,
wowanalyzer,1695255444_9ccf3ad7b9a8e9b8aab7f5a98d50899c5972e42f,react_app_rewired,1,1361,1605,  ● Brewmaster/DamageTaken › damage taken with no events,acceptable,2026-09-19T14:07:49.195507+00:00,fc9bb35e205787c4,2,
wowanalyzer,1695255444_9ccf3ad7b9a8e9b8aab7f5a98d50899c5972e42f,react_app_rewired,1,1362,1626,  ● Brewmaster/DamageTaken › damage taken with only healing events,acceptable,2026-09-19T14:07:49.760843+00:00,45f417964c33ff70,2,
wowanalyzer,1695255444_9ccf3ad7b9a8e9b8aab7f5a98d50899c5972e42f,react_app_rewired,1,1363,1647,  ● Brewmaster/DamageTaken › damage taken with only non-stagger absorbs,acceptable,2026-09-19T14:07:50.155022+00:00,07530b3907a66972,2,
wowanalyzer,1695255444_9ccf3ad7b9a8e9b8aab7f5a98d50899c5972e42f,react_app_rewired,1,1364,1668,  ● Brewmaster/DamageTaken › damage taken with only stagger absorbs,acceptable,2026-09-19T14:07:50.550651+00:00,55c0df9b4fa46b07,2,
wowanalyzer,1695255444_9ccf3ad7b9a8e9b8aab7f5a98d50899c5972e42f,react_app_rewired,1,1365,1689,  ● Brewmaster/DamageTaken › damage taken with only boss damage,acceptable,2026-09-19T14:07:50.902926+00:00,ac08867346c91675,2,
wowanalyzer,1695255444_9ccf3ad7b9a8e9b8aab7f5a98d50899c5972e42f,react_app_rewired,1,1366,1710,  ● Brewmaster/DamageTaken › damage taken with boss damage and stagger absorbs,acceptable,2026-09-19T14:07:51.468841+00:00,79b3bcf86af4d3d7,2,
wowanalyzer,1695255444_9ccf3ad7b9a8e9b8aab7f5a98d50899c5972e42f,react_app_rewired,1,1367,1731,  ● Brewmaster/DamageTaken › damage taken with only stagger dot,acceptable,2026-09-19T14:07:51.949136+00:00,30070b6869858983,2,
wowanalyzer,1695255444_9ccf3ad7b9a8e9b8aab7f5a98d50899c5972e42f,react_app_rewired,1,1368,1752,  ● Brewmaster/DamageTaken › total damage taken for the fight,acceptable,2026-09-19T14:07:52.378998+00:00,54220ab502298984,2,
wowanalyzer,1701052826_90d92d4d4f2619fe3e75796bdec4886b458fcf50,react_app_rewired,1,1369,371,  ● Test suite failed to run,reevaluated_acceptable,2026-09-19T14:07:52.387024+00:00,d368f2937b1b838b,1,ef9c7400bbb6
wowanalyzer,1701052826_90d92d4d4f2619fe3e75796bdec4886b458fcf50,react_app_rewired,1,1370,396,  ● Test suite failed to run,reevaluated_acceptable,2026-09-19T14:07:52.393731+00:00,49fcbf33a7deb069,1,ef9c7400bbb6
wowanalyzer,1701052826_90d92d4d4f2619fe3e75796bdec4886b458fcf50,react_app_rewired,1,1371,423,  ● Test suite failed to run,reevaluated_acceptable,2026-09-19T14:07:52.400442+00:00,fc22acfa59a7852f,1,ef9c7400bbb6
wowanalyzer,1701052826_90d92d4d4f2619fe3e75796bdec4886b458fcf50,react_app_rewired,1,1372,477,  ● Test suite failed to run,reevaluated_acceptable,2026-09-19T14:07:52.407156+00:00,1a49f2ca37229d62,1,ef9c7400bbb6
wowanalyzer,1701052826_90d92d4d4f2619fe3e75796bdec4886b458fcf50,react_app_rewired,1,1373,504,  ● Test suite failed to run,reevaluated_acceptable,2026-09-19T14:07:52.413811+00:00,5af53fcef5a56fa5,1,ef9c7400bbb6
wowanalyzer,1701052826_90d92d4d4f2619fe3e75796bdec4886b458fcf50,react_app_rewired,1,1374,531,  ● Test suite failed to run,reevaluated_acceptable,2026-09-19T14:07:52.420389+00:00,91279dea11929f09,1,ef9c7400bbb6
wowanalyzer,1701052826_90d92d4d4f2619fe3e75796bdec4886b458fcf50,react_app_rewired,1,1375,585,  ● Test suite failed to run,reevaluated_acceptable,2026-09-19T14:07:52.427203+00:00,4c0847eefa3914ef,1,ef9c7400bbb6
wowanalyzer,1701052826_90d92d4d4f2619fe3e75796bdec4886b458fcf50,react_app_rewired,1,1376,612,  ● Test suite failed to run,reevaluated_acceptable,2026-09-19T14:07:52.436386+00:00,73537b6750448b88,1,ef9c7400bbb6
wowanalyzer,1701052826_90d92d4d4f2619fe3e75796bdec4886b458fcf50,react_app_rewired,1,1377,639,  ● Test suite failed to run,reevaluated_acceptable,2026-09-19T14:07:52.443215+00:00,45bb7b6edafe4a0a,1,ef9c7400bbb6
wowanalyzer,1701052826_90d92d4d4f2619fe3e75796bdec4886b458fcf50,react_app_rewired,1,1378,666,  ● Test suite failed to run,reevaluated_acceptable,2026-09-19T14:07:52.449988+00:00,bcc9c92711e77c86,1,ef9c7400bbb6
wowanalyzer,1701052826_90d92d4d4f2619fe3e75796bdec4886b458fcf50,react_app_rewired,1,1379,693,  ● Test suite failed to run,reevaluated_acceptable,2026-09-19T14:07:52.456800+00:00,262311be09ba7431,1,ef9c7400bbb6
wowanalyzer,1701052826_90d92d4d4f2619fe3e75796bdec4886b458fcf50,react_app_rewired,1,1380,720,  ● Test suite failed to run,reevaluated_acceptable,2026-09-19T14:07:52.464927+00:00,86e6bb2259f02e0a,1,ef9c7400bbb6
wowanalyzer,1713723495_af414cada51bc35cd0fed024a11bd79732a240dc,vitest,1,1381,510, FAIL  src/Root.test.tsx > App > renders without crashing,acceptable,2026-09-19T14:07:52.471957+00:00,c1900279c341a913,2,2c8fe214954c
wowanalyzer,1718035812_1a68eb3c9c7d26ed811928474738b35554f9f8b6,vitest,1,1382,512,TypeError: Cannot read properties of undefined (reading 'id'),acceptable,2026-09-19T14:07:52.481145+00:00,78b2ae7f987a59cc,1,7aaddf376cc7
wowanalyzer,1718035812_1a68eb3c9c7d26ed811928474738b35554f9f8b6,vitest,1,1383,527, FAIL  src/analysis/retail/monk/brewmaster/modules/spells/RushingJadeWind.test.ts > Rushing Jade Wind > should be active for a user with the talent,acceptable,2026-09-19T14:07:59.537507+00:00,c44cf276dcde784c,2,
wowanalyzer,1761417490_9d3323c4e4c4de5558965cc235d17b4d449147ce,vitest,1,1384,617, FAIL  src/parser/classic/suggestions/lowRankSpells.test.ts > lowRankSpells > fails on low rank spells,acceptable,2026-09-19T14:08:01.359119+00:00,bf45f31b3ea9f2f1,2,
wowanalyzer,1762356836_c4d219fc7edc012ed2c00c4d444e8f880a419e32,vitest,1,1385,735, FAIL  src/analysis/retail/shaman/restoration/modules/spells/HealingRain.test.jsx > Shaman/Restoration/Modules/Spells/HealingRain > can detect ticks,acceptable,2026-09-19T14:08:01.369528+00:00,615564b7c420b033,2,7aaddf376cc7
