project,run_id,suite,exit_code,line_number,fingerprint,occurrences,keyword,is_pipeline_issue,confidence,env_subsystem,labeled_at
wowanalyzer,1609619243_37ef77a5faecbc6e0ccbbbac707c08126fc50259,react-app-rewired,1,272,bee54b3af636bbf8,190,  ● Unholy Death Knight integration test: example log › CastEfficiency › matches the statistic snapshot,False,0.9000,none,2026-10-03T09:55:50.292159+00:00
wowanalyzer,1609639104_f9e26db6749c921b388ae7578d77109da01cb98e,react-app-rewired,1,263,51c2c5df11815731,256,  ● Affliction Warlock integration test: example log › matches the checklist snapshot,False,0.8800,none,2026-10-03T09:55:50.375629+00:00
wowanalyzer,1609639104_f9e26db6749c921b388ae7578d77109da01cb98e,react-app-rewired,1,4100,1812d58a766f6ba0,117,  ● Unholy Death Knight integration test: example log › CastEfficiency › matches the suggestions snapshot,False,0.6600,none,2026-10-03T09:55:50.461354+00:00
wowanalyzer,1610192491_854b1367fdf31d7e9c930e775c9dca32b66a4657,react-app-rewired,1,242,8c12dca316e1656a,73,  ● Test suite failed to run,False,0.8900,none,2026-10-03T09:55:50.585623+00:00
wowanalyzer,1610192491_854b1367fdf31d7e9c930e775c9dca32b66a4657,react-app-rewired,1,261,9ec3fa78a1afd6c3,6,  ● Test suite failed to run,False,0.8600,none,2026-10-03T09:55:50.743992+00:00
wowanalyzer,1610192491_854b1367fdf31d7e9c930e775c9dca32b66a4657,react-app-rewired,1,282,4da5ae72ba16740b,6,  ● Test suite failed to run,False,0.8800,none,2026-10-03T09:55:50.867269+00:00
wowanalyzer,1610192491_854b1367fdf31d7e9c930e775c9dca32b66a4657,react-app-rewired,1,304,06467314cc330bdb,6,  ● Test suite failed to run,False,0.8800,none,2026-10-03T09:55:51.084176+00:00
wowanalyzer,1610192491_854b1367fdf31d7e9c930e775c9dca32b66a4657,react-app-rewired,1,326,d56045fc24dbfb88,6,  ● Test suite failed to run,False,0.8800,none,2026-10-03T09:55:51.209136+00:00
wowanalyzer,1610192491_854b1367fdf31d7e9c930e775c9dca32b66a4657,react-app-rewired,1,348,0c0206622df83f24,6,  ● Test suite failed to run,False,0.8700,none,2026-10-03T09:55:51.335011+00:00
wowanalyzer,1610192491_854b1367fdf31d7e9c930e775c9dca32b66a4657,react-app-rewired,1,370,32896c52a17bb034,6,  ● Test suite failed to run,False,0.8700,none,2026-10-03T09:55:51.518996+00:00
wowanalyzer,1610192491_854b1367fdf31d7e9c930e775c9dca32b66a4657,react-app-rewired,1,392,91f849c4958cf509,6,  ● Test suite failed to run,False,0.8700,none,2026-10-03T09:55:51.664350+00:00
wowanalyzer,1610192491_854b1367fdf31d7e9c930e775c9dca32b66a4657,react-app-rewired,1,414,b3a2196740f86c3b,6,  ● Test suite failed to run,False,0.8700,none,2026-10-03T09:55:51.797165+00:00
wowanalyzer,1610192491_854b1367fdf31d7e9c930e775c9dca32b66a4657,react-app-rewired,1,436,52e417817a510c20,6,  ● Test suite failed to run,False,0.8700,none,2026-10-03T09:55:51.934516+00:00
wowanalyzer,1610192491_854b1367fdf31d7e9c930e775c9dca32b66a4657,react-app-rewired,1,458,543099c8312f26da,6,  ● Test suite failed to run,False,0.8700,none,2026-10-03T09:55:52.131798+00:00
wowanalyzer,1610192491_854b1367fdf31d7e9c930e775c9dca32b66a4657,react-app-rewired,1,480,866b6dfd4d428add,6,  ● Test suite failed to run,False,0.8700,none,2026-10-03T09:55:52.250917+00:00
wowanalyzer,1610192491_854b1367fdf31d7e9c930e775c9dca32b66a4657,react-app-rewired,1,502,70090fc8bb6ba1b6,6,  ● Test suite failed to run,False,0.8800,none,2026-10-03T09:55:52.365747+00:00
wowanalyzer,1610192491_854b1367fdf31d7e9c930e775c9dca32b66a4657,react-app-rewired,1,524,f7f0ce44967fdef5,6,  ● Test suite failed to run,False,0.8700,none,2026-10-03T09:55:52.550812+00:00
wowanalyzer,1610192491_854b1367fdf31d7e9c930e775c9dca32b66a4657,react-app-rewired,1,546,d9f4bc6b22014212,6,  ● Test suite failed to run,False,0.8800,none,2026-10-03T09:55:52.711643+00:00
wowanalyzer,1610192491_854b1367fdf31d7e9c930e775c9dca32b66a4657,react-app-rewired,1,568,f90d737e1b38b5b7,6,  ● Test suite failed to run,False,0.8700,none,2026-10-03T09:55:52.939893+00:00
wowanalyzer,1610192491_854b1367fdf31d7e9c930e775c9dca32b66a4657,react-app-rewired,1,590,054fa91f137a790b,6,  ● Test suite failed to run,False,0.8700,none,2026-10-03T09:55:52.995773+00:00
wowanalyzer,1610192491_854b1367fdf31d7e9c930e775c9dca32b66a4657,react-app-rewired,1,612,b90ccc486d049b3f,6,  ● Test suite failed to run,False,0.8800,none,2026-10-03T09:55:53.130087+00:00
wowanalyzer,1610192491_854b1367fdf31d7e9c930e775c9dca32b66a4657,react-app-rewired,1,634,6a3cb9951669a910,6,  ● Test suite failed to run,False,0.8700,none,2026-10-03T09:55:53.297531+00:00
wowanalyzer,1610192491_854b1367fdf31d7e9c930e775c9dca32b66a4657,react-app-rewired,1,656,13b0486d200fd3ac,6,  ● Test suite failed to run,False,0.8900,none,2026-10-03T09:55:53.461742+00:00
wowanalyzer,1610192491_854b1367fdf31d7e9c930e775c9dca32b66a4657,react-app-rewired,1,678,710e20488e782638,6,  ● Test suite failed to run,False,0.8700,none,2026-10-03T09:55:53.581077+00:00
wowanalyzer,1610192491_854b1367fdf31d7e9c930e775c9dca32b66a4657,react-app-rewired,1,701,31c4795c0e687d89,4,  ● Test suite failed to run,False,0.8800,none,2026-10-03T09:55:53.766328+00:00
wowanalyzer,1610192491_854b1367fdf31d7e9c930e775c9dca32b66a4657,react-app-rewired,1,721,d0d0d098a0f15f37,78,  ● Test suite failed to run,False,0.8900,none,2026-10-03T09:55:53.870678+00:00
wowanalyzer,1610237258_e5be89cc2c8f6242ff7609895c60a48ef54ed67b,react-app-rewired,1,313,41025c66792f0921,28,  ● Affliction Warlock integration test: example log › DrainSoul › matches the statistic snapshot,False,0.8900,none,2026-10-03T09:55:54.034563+00:00
wowanalyzer,1610308991_2d593b0d1529d7ca721f82130b12cd0ccd699f08,react-app-rewired,1,312,ea7c78e9f863d0ff,108,  ● Survival Hunter integration test: Single Target › AlwaysBeCasting › matches the statistic snapshot,False,0.8700,none,2026-10-03T09:55:54.169852+00:00
wowanalyzer,1610308991_2d593b0d1529d7ca721f82130b12cd0ccd699f08,react-app-rewired,1,579,778fa8b0f721dade,112,  ● Beast Mastery Hunter integration test: Single Target › AlwaysBeCasting › matches the suggestions snapshot,False,0.9000,none,2026-10-03T09:55:54.350428+00:00
wowanalyzer,1610316654_eebb31f3879cb246e0ac0b84cdb404fdf81b2225,react-app-rewired,1,446,e335712f4909dad8,26,  ● Marksmanship Hunter integration test: Single Target › CancelledCasts › matches the statistic snapshot,False,0.8900,none,2026-10-03T09:55:54.474392+00:00
wowanalyzer,1610316654_eebb31f3879cb246e0ac0b84cdb404fdf81b2225,react-app-rewired,1,479,a682525a275f5ec8,27,  ● Marksmanship Hunter integration test: Single Target › CancelledCasts › matches the suggestions snapshot,False,0.9000,none,2026-10-03T09:55:54.647171+00:00
wowanalyzer,1610654213_ce6853c2ae787dd1cac9bb45eea10c4cb2c75d83,react-app-rewired,1,281,1e9675acf9534fc1,29,  ● Marksmanship Hunter integration test: Multi Target › ReversalOfFortune › matches the statistic snapshot,False,0.6600,none,2026-10-03T09:55:54.767958+00:00
wowanalyzer,1610668189_510862bbba7c5f64f7615cd98ef5b6903403d904,react-app-rewired,1,521,5b1abb1b0ea7a075,21,  ● Survival Hunter integration test: Multi Target › SurvivalFocusUsage › matches the statistic snapshot,False,0.8800,none,2026-10-03T09:55:54.971777+00:00
wowanalyzer,1610668276_644b1fd1dad153cc189b0bffefdb44f462100f85,react-app-rewired,1,398,9d72774b917df0e1,18,  ● Survival Hunter integration test: Single Target › RylakstalkersConfoundingStrikes › matches the statistic snapshot,False,0.6900,none,2026-10-03T09:55:55.087052+00:00
wowanalyzer,1610668276_644b1fd1dad153cc189b0bffefdb44f462100f85,react-app-rewired,1,655,a7d4109567d8b8d0,22,  ● Survival Hunter integration test: Multi Target › TipOfTheSpear › matches the statistic snapshot,False,0.8800,none,2026-10-03T09:55:55.226935+00:00
wowanalyzer,1610805080_5bd1bae54eb2686605d4640cac3854e6851e579d,react-app-rewired,1,252,397040a7cc78e9d6,3,  ● PremiumPage › matches snapshot when logged out,False,0.8900,none,2026-10-03T09:55:55.395032+00:00
wowanalyzer,1610805080_5bd1bae54eb2686605d4640cac3854e6851e579d,react-app-rewired,1,295,be3307bb6c8a7b8e,3,  ● PremiumPage › matches snapshot when logged in with GitHub,False,0.9100,none,2026-10-03T09:55:55.560531+00:00
wowanalyzer,1610805080_5bd1bae54eb2686605d4640cac3854e6851e579d,react-app-rewired,1,338,ee2732cddb4c16c0,3,  ● PremiumPage › matches snapshot when logged in with Patreon,False,0.9000,none,2026-10-03T09:55:55.700303+00:00
wowanalyzer,1610813312_195379eed0e1d157d22fda334c2dd524da8e116e,react-app-rewired,1,261,0dad1eddb0a96d01,5,  ● Root › matches snapshot,False,0.8600,none,2026-10-03T09:55:55.841770+00:00
wowanalyzer,1610827908_cf170cb3b1a6622d41bf925480e06f7383c19e28,react-app-rewired,1,378,9c6b1aa89afdd500,4,  ● Test suite failed to run,True,0.6100,runner_env_config,2026-10-03T09:55:55.987230+00:00
wowanalyzer,1610829067_7946b62fc6c373763972d53480a7c9b234687169,react-app-rewired,1,558,8c2bd9bdd4a2652c,13,  ● Brewmaster Monk integration test: example log › CelestialBrew › matches the statistic snapshot,False,0.9000,none,2026-10-03T09:55:56.131563+00:00
wowanalyzer,1610890289_a14895309c25d73d3b679f542e573f3c02db66cc,react-app-rewired,1,321,b7bb19b5acf911af,49,  ● Balance Druid integration test: example log › Combatants › matches the statistic snapshot,False,0.9200,none,2026-10-03T09:55:56.312570+00:00
wowanalyzer,1610890289_a14895309c25d73d3b679f542e573f3c02db66cc,react-app-rewired,1,373,2bf92729e5745224,49,  ● Balance Druid integration test: example log › Combatants › matches the suggestions snapshot,False,0.9300,none,2026-10-03T09:55:56.464600+00:00
wowanalyzer,1610890289_a14895309c25d73d3b679f542e573f3c02db66cc,react-app-rewired,1,425,22449cd7cac4151a,49,  ● Balance Druid integration test: example log › DeathDowntime › matches the statistic snapshot,False,0.9200,none,2026-10-03T09:55:56.601721+00:00
wowanalyzer,1610890289_a14895309c25d73d3b679f542e573f3c02db66cc,react-app-rewired,1,477,5556a8448c01a065,49,  ● Balance Druid integration test: example log › DeathDowntime › matches the suggestions snapshot,False,0.9300,none,2026-10-03T09:55:56.792584+00:00
wowanalyzer,1610890289_a14895309c25d73d3b679f542e573f3c02db66cc,react-app-rewired,1,529,489ea979811100d4,49,  ● Balance Druid integration test: example log › TotalDowntime › matches the statistic snapshot,False,0.9300,none,2026-10-03T09:55:57.029290+00:00
wowanalyzer,1610890289_a14895309c25d73d3b679f542e573f3c02db66cc,react-app-rewired,1,581,f5f3d9f4aca934d4,49,  ● Balance Druid integration test: example log › TotalDowntime › matches the suggestions snapshot,False,0.9300,none,2026-10-03T09:55:57.037759+00:00
wowanalyzer,1610890289_a14895309c25d73d3b679f542e573f3c02db66cc,react-app-rewired,1,633,bae14685d1830bfd,49,  ● Balance Druid integration test: example log › SpellTimeWaitingOnGlobalCooldown › matches the statistic snapshot,False,0.9300,none,2026-10-03T09:55:57.241774+00:00
wowanalyzer,1610890289_a14895309c25d73d3b679f542e573f3c02db66cc,react-app-rewired,1,685,fbb224e3bd267a83,49,  ● Balance Druid integration test: example log › SpellTimeWaitingOnGlobalCooldown › matches the suggestions snapshot,False,0.9300,none,2026-10-03T09:55:57.306929+00:00
wowanalyzer,1610890289_a14895309c25d73d3b679f542e573f3c02db66cc,react-app-rewired,1,737,7eb319c5f67bb036,49,  ● Balance Druid integration test: example log › HealingDone › matches the statistic snapshot,False,0.9300,none,2026-10-03T09:55:57.502655+00:00
wowanalyzer,1610890289_a14895309c25d73d3b679f542e573f3c02db66cc,react-app-rewired,1,789,458a96d973208c06,49,  ● Balance Druid integration test: example log › HealingDone › matches the suggestions snapshot,False,0.9200,none,2026-10-03T09:55:57.658465+00:00
wowanalyzer,1610890289_a14895309c25d73d3b679f542e573f3c02db66cc,react-app-rewired,1,841,eaaa6aca912e85a8,49,  ● Balance Druid integration test: example log › DamageDone › matches the statistic snapshot,False,0.9300,none,2026-10-03T09:55:57.795484+00:00
wowanalyzer,1610890289_a14895309c25d73d3b679f542e573f3c02db66cc,react-app-rewired,1,893,7942a1ff8dffec13,49,  ● Balance Druid integration test: example log › DamageDone › matches the suggestions snapshot,False,0.9200,none,2026-10-03T09:55:57.966873+00:00
wowanalyzer,1610890289_a14895309c25d73d3b679f542e573f3c02db66cc,react-app-rewired,1,945,a32bc17e90b775bc,49,  ● Balance Druid integration test: example log › DamageTaken › matches the statistic snapshot,False,0.9300,none,2026-10-03T09:55:58.084619+00:00
wowanalyzer,1610890289_a14895309c25d73d3b679f542e573f3c02db66cc,react-app-rewired,1,997,ecd68a10b47ee6d1,49,  ● Balance Druid integration test: example log › DamageTaken › matches the suggestions snapshot,False,0.9300,none,2026-10-03T09:55:58.265905+00:00
wowanalyzer,1610890289_a14895309c25d73d3b679f542e573f3c02db66cc,react-app-rewired,1,1049,5532eb151c6116f6,54,  ● Balance Druid integration test: example log › ThroughputStatisticGroup › matches the statistic snapshot,False,0.9200,none,2026-10-03T09:55:58.406660+00:00
wowanalyzer,1610890289_a14895309c25d73d3b679f542e573f3c02db66cc,react-app-rewired,1,1101,e745979d598603f5,49,  ● Balance Druid integration test: example log › ThroughputStatisticGroup › matches the suggestions snapshot,False,0.9300,none,2026-10-03T09:55:58.595593+00:00
wowanalyzer,1610890289_a14895309c25d73d3b679f542e573f3c02db66cc,react-app-rewired,1,1153,98217bbbaae0bfc6,49,  ● Balance Druid integration test: example log › DeathTracker › matches the statistic snapshot,False,0.9200,none,2026-10-03T09:55:58.673235+00:00
wowanalyzer,1610890289_a14895309c25d73d3b679f542e573f3c02db66cc,react-app-rewired,1,1205,3490e9177215bc31,55,  ● Balance Druid integration test: example log › DeathTracker › matches the suggestions snapshot,False,0.9300,none,2026-10-03T09:55:58.898661+00:00
wowanalyzer,1610890289_a14895309c25d73d3b679f542e573f3c02db66cc,react-app-rewired,1,1257,1a522972b46814a0,49,  ● Balance Druid integration test: example log › Enemies › matches the statistic snapshot,False,0.9300,none,2026-10-03T09:55:58.985956+00:00
wowanalyzer,1610890289_a14895309c25d73d3b679f542e573f3c02db66cc,react-app-rewired,1,1309,168a1c89703d948d,49,  ● Balance Druid integration test: example log › Enemies › matches the suggestions snapshot,False,0.9200,none,2026-10-03T09:55:59.159538+00:00
wowanalyzer,1610890289_a14895309c25d73d3b679f542e573f3c02db66cc,react-app-rewired,1,1361,1a040b8916c62ad9,36,  ● Balance Druid integration test: example log › EnemyInstances › matches the statistic snapshot,False,0.9200,none,2026-10-03T09:55:59.302485+00:00
wowanalyzer,1610890289_a14895309c25d73d3b679f542e573f3c02db66cc,react-app-rewired,1,1413,9ba2f738ca758c78,36,  ● Balance Druid integration test: example log › EnemyInstances › matches the suggestions snapshot,False,0.9200,none,2026-10-03T09:55:59.460923+00:00
wowanalyzer,1610890289_a14895309c25d73d3b679f542e573f3c02db66cc,react-app-rewired,1,1465,d4a3829ed4d91c26,49,  ● Balance Druid integration test: example log › Pets › matches the statistic snapshot,False,0.9200,none,2026-10-03T09:55:59.570995+00:00
wowanalyzer,1610890289_a14895309c25d73d3b679f542e573f3c02db66cc,react-app-rewired,1,1517,009bebd09428eaa7,49,  ● Balance Druid integration test: example log › Pets › matches the suggestions snapshot,False,0.9200,none,2026-10-03T09:55:59.793426+00:00
wowanalyzer,1610890289_a14895309c25d73d3b679f542e573f3c02db66cc,react-app-rewired,1,1569,f921fc5b3f193bcc,49,  ● Balance Druid integration test: example log › SpellManaCost › matches the statistic snapshot,False,0.9300,none,2026-10-03T09:55:59.875416+00:00
wowanalyzer,1610890289_a14895309c25d73d3b679f542e573f3c02db66cc,react-app-rewired,1,1673,05033241eea9d995,29,  ● Balance Druid integration test: example log › Channeling › matches the statistic snapshot,False,0.9200,none,2026-10-03T09:56:00.196663+00:00
wowanalyzer,1610890289_a14895309c25d73d3b679f542e573f3c02db66cc,react-app-rewired,1,1621,a770b277a9453da8,49,  ● Balance Druid integration test: example log › SpellManaCost › matches the suggestions snapshot,False,0.9200,none,2026-10-03T09:56:00.247498+00:00
wowanalyzer,1610890289_a14895309c25d73d3b679f542e573f3c02db66cc,react-app-rewired,1,1725,242f7f7fcd7b2e10,29,  ● Balance Druid integration test: example log › Channeling › matches the suggestions snapshot,False,0.9300,none,2026-10-03T09:56:00.361057+00:00
wowanalyzer,1610890289_a14895309c25d73d3b679f542e573f3c02db66cc,react-app-rewired,1,1777,04445c1521ece3a0,40,  ● Balance Druid integration test: example log › DamageTracker › matches the statistic snapshot,False,0.9300,none,2026-10-03T09:56:00.505982+00:00
wowanalyzer,1610890289_a14895309c25d73d3b679f542e573f3c02db66cc,react-app-rewired,1,1829,19bb18fe2e1c712a,40,  ● Balance Druid integration test: example log › DamageTracker › matches the suggestions snapshot,False,0.9300,none,2026-10-03T09:56:00.662887+00:00
wowanalyzer,1610890289_a14895309c25d73d3b679f542e573f3c02db66cc,react-app-rewired,1,1881,c15ea420383979db,49,  ● Balance Druid integration test: example log › Haste › matches the statistic snapshot,False,0.9200,none,2026-10-03T09:56:00.819574+00:00
wowanalyzer,1610890289_a14895309c25d73d3b679f542e573f3c02db66cc,react-app-rewired,1,1933,95192c9a5dfac069,49,  ● Balance Druid integration test: example log › Haste › matches the suggestions snapshot,False,0.9300,none,2026-10-03T09:56:00.918852+00:00
wowanalyzer,1610890289_a14895309c25d73d3b679f542e573f3c02db66cc,react-app-rewired,1,1985,043d3fffd38d31d1,49,  ● Balance Druid integration test: example log › StatTracker › matches the statistic snapshot,False,0.9300,none,2026-10-03T09:56:01.235769+00:00
wowanalyzer,1610890289_a14895309c25d73d3b679f542e573f3c02db66cc,react-app-rewired,1,2037,6f4c1f570dfeafcc,49,  ● Balance Druid integration test: example log › StatTracker › matches the suggestions snapshot,False,0.9300,none,2026-10-03T09:56:01.270409+00:00
wowanalyzer,1610890289_a14895309c25d73d3b679f542e573f3c02db66cc,react-app-rewired,1,2193,8007ef8111b4663a,49,  ● Balance Druid integration test: example log › FilteredActiveTime › matches the statistic snapshot,False,0.9300,none,2026-10-03T09:56:01.398809+00:00
wowanalyzer,1610890289_a14895309c25d73d3b679f542e573f3c02db66cc,react-app-rewired,1,2245,5f2d971b16e5c13c,49,  ● Balance Druid integration test: example log › FilteredActiveTime › matches the suggestions snapshot,False,0.9300,none,2026-10-03T09:56:01.537180+00:00
wowanalyzer,1610890289_a14895309c25d73d3b679f542e573f3c02db66cc,react-app-rewired,1,2401,5e14f3242ab6e424,49,  ● Balance Druid integration test: example log › SpellUsable › matches the statistic snapshot,False,0.9300,none,2026-10-03T09:56:01.720321+00:00
wowanalyzer,1610890289_a14895309c25d73d3b679f542e573f3c02db66cc,react-app-rewired,1,2453,aeb3d7b2816ed989,49,  ● Balance Druid integration test: example log › SpellUsable › matches the suggestions snapshot,False,0.9200,none,2026-10-03T09:56:01.848655+00:00
wowanalyzer,1610890289_a14895309c25d73d3b679f542e573f3c02db66cc,react-app-rewired,1,2557,0eee345e255b5508,49,  ● Balance Druid integration test: example log › SpellHistory › matches the suggestions snapshot,False,0.9300,none,2026-10-03T09:56:02.145274+00:00
wowanalyzer,1610890289_a14895309c25d73d3b679f542e573f3c02db66cc,react-app-rewired,1,2505,164cd45cbdfa3741,49,  ● Balance Druid integration test: example log › SpellHistory › matches the statistic snapshot,False,0.9300,none,2026-10-03T09:56:02.191474+00:00
wowanalyzer,1610890289_a14895309c25d73d3b679f542e573f3c02db66cc,react-app-rewired,1,2609,2bec52f82a2a58d7,49,  ● Balance Druid integration test: example log › GlobalCooldown › matches the statistic snapshot,False,0.9200,none,2026-10-03T09:56:02.272463+00:00
wowanalyzer,1610890289_a14895309c25d73d3b679f542e573f3c02db66cc,react-app-rewired,1,2661,fe3eb57d42fafbd5,49,  ● Balance Druid integration test: example log › GlobalCooldown › matches the suggestions snapshot,False,0.9300,none,2026-10-03T09:56:02.561982+00:00
wowanalyzer,1610890289_a14895309c25d73d3b679f542e573f3c02db66cc,react-app-rewired,1,2713,061077595002cf8b,49,  ● Balance Druid integration test: example log › ManaValues › matches the statistic snapshot,False,0.9200,none,2026-10-03T09:56:02.597771+00:00
wowanalyzer,1610890289_a14895309c25d73d3b679f542e573f3c02db66cc,react-app-rewired,1,2765,e691590add2e8136,53,  ● Balance Druid integration test: example log › ManaValues › matches the suggestions snapshot,False,0.9200,none,2026-10-03T09:56:02.769592+00:00
wowanalyzer,1610890289_a14895309c25d73d3b679f542e573f3c02db66cc,react-app-rewired,1,2817,e9a1945c40cdf97b,49,  ● Balance Druid integration test: example log › VantusRune › matches the statistic snapshot,False,0.9300,none,2026-10-03T09:56:02.885546+00:00
wowanalyzer,1610890289_a14895309c25d73d3b679f542e573f3c02db66cc,react-app-rewired,1,2921,3ec8aa414aa5d8e0,54,  ● Balance Druid integration test: example log › DistanceMoved › matches the statistic snapshot,False,0.9300,none,2026-10-03T09:56:03.198137+00:00
wowanalyzer,1610890289_a14895309c25d73d3b679f542e573f3c02db66cc,react-app-rewired,1,2973,23d2b7ab5c33f67b,49,  ● Balance Druid integration test: example log › DistanceMoved › matches the suggestions snapshot,False,0.9300,none,2026-10-03T09:56:03.350528+00:00
wowanalyzer,1610890289_a14895309c25d73d3b679f542e573f3c02db66cc,react-app-rewired,1,3025,1c176a50361add4f,49,  ● Balance Druid integration test: example log › DeathRecapTracker › matches the statistic snapshot,False,0.9300,none,2026-10-03T09:56:03.516177+00:00
wowanalyzer,1610890289_a14895309c25d73d3b679f542e573f3c02db66cc,react-app-rewired,1,3077,e8ff66161720d8a8,49,  ● Balance Druid integration test: example log › DeathRecapTracker › matches the suggestions snapshot,False,0.9300,none,2026-10-03T09:56:03.675587+00:00
wowanalyzer,1610890289_a14895309c25d73d3b679f542e573f3c02db66cc,react-app-rewired,1,2869,446c3d4c6ccbdd85,49,  ● Balance Druid integration test: example log › VantusRune › matches the suggestions snapshot,False,0.9300,none,2026-10-03T09:56:03.808987+00:00
wowanalyzer,1610890289_a14895309c25d73d3b679f542e573f3c02db66cc,react-app-rewired,1,3181,81cb488e07d00b0d,49,  ● Balance Druid integration test: example log › DispelTracker › matches the suggestions snapshot,False,0.9300,none,2026-10-03T09:56:03.946191+00:00
wowanalyzer,1610890289_a14895309c25d73d3b679f542e573f3c02db66cc,react-app-rewired,1,3129,da85fb9f7d99cacb,49,  ● Balance Druid integration test: example log › DispelTracker › matches the statistic snapshot,False,0.9200,none,2026-10-03T09:56:04.066829+00:00
wowanalyzer,1610890289_a14895309c25d73d3b679f542e573f3c02db66cc,react-app-rewired,1,3233,c4cdbd5b6a02aae3,49,  ● Balance Druid integration test: example log › CritEffectBonus › matches the statistic snapshot,False,0.9300,none,2026-10-03T09:56:04.236381+00:00
wowanalyzer,1610890289_a14895309c25d73d3b679f542e573f3c02db66cc,react-app-rewired,1,3285,63819ef1ce37d80f,49,  ● Balance Druid integration test: example log › CritEffectBonus › matches the suggestions snapshot,False,0.9300,none,2026-10-03T09:56:04.244474+00:00
wowanalyzer,1610890289_a14895309c25d73d3b679f542e573f3c02db66cc,react-app-rewired,1,3337,cd21351d4a08df0c,49,  ● Balance Druid integration test: example log › RaidHealthTab › matches the statistic snapshot,False,0.9200,none,2026-10-03T09:56:04.421592+00:00
wowanalyzer,1610890289_a14895309c25d73d3b679f542e573f3c02db66cc,react-app-rewired,1,3389,087271f9feb4cd66,49,  ● Balance Druid integration test: example log › RaidHealthTab › matches the suggestions snapshot,False,0.9300,none,2026-10-03T09:56:04.585349+00:00
wowanalyzer,1610890289_a14895309c25d73d3b679f542e573f3c02db66cc,react-app-rewired,1,3441,ee864c6b765fcd36,49,  ● Balance Druid integration test: example log › PotionChecker › matches the statistic snapshot,False,0.9300,none,2026-10-03T09:56:04.716684+00:00
wowanalyzer,1610890289_a14895309c25d73d3b679f542e573f3c02db66cc,react-app-rewired,1,3493,a3801d9433800cba,51,  ● Balance Druid integration test: example log › PotionChecker › matches the suggestions snapshot,False,0.9200,none,2026-10-03T09:56:04.850580+00:00
wowanalyzer,1610890289_a14895309c25d73d3b679f542e573f3c02db66cc,react-app-rewired,1,3545,69ea9809c36b1aba,49,  ● Balance Druid integration test: example log › EnchantChecker › matches the statistic snapshot,False,0.9200,none,2026-10-03T09:56:05.036912+00:00
wowanalyzer,1610890289_a14895309c25d73d3b679f542e573f3c02db66cc,react-app-rewired,1,3597,abe4ff5eaf891f6e,50,  ● Balance Druid integration test: example log › EnchantChecker › matches the suggestions snapshot,False,0.9200,none,2026-10-03T09:56:05.140117+00:00
wowanalyzer,1610890289_a14895309c25d73d3b679f542e573f3c02db66cc,react-app-rewired,1,3649,0ea8d6cb9c4c15b9,49,  ● Balance Druid integration test: example log › FlaskChecker › matches the statistic snapshot,False,0.9200,none,2026-10-03T09:56:05.272303+00:00
wowanalyzer,1610890289_a14895309c25d73d3b679f542e573f3c02db66cc,react-app-rewired,1,3701,1f68422f8588c63d,50,  ● Balance Druid integration test: example log › FlaskChecker › matches the suggestions snapshot,False,0.9300,none,2026-10-03T09:56:05.441026+00:00
wowanalyzer,1610890289_a14895309c25d73d3b679f542e573f3c02db66cc,react-app-rewired,1,3753,ead6858ea5701cd3,49,  ● Balance Druid integration test: example log › FoodChecker › matches the statistic snapshot,False,0.9200,none,2026-10-03T09:56:05.615208+00:00
wowanalyzer,1610890289_a14895309c25d73d3b679f542e573f3c02db66cc,react-app-rewired,1,3805,84f2544b2db64078,50,  ● Balance Druid integration test: example log › FoodChecker › matches the suggestions snapshot,False,0.9300,none,2026-10-03T09:56:05.857191+00:00
wowanalyzer,1610890289_a14895309c25d73d3b679f542e573f3c02db66cc,react-app-rewired,1,3857,380dbb4c80b2bf28,49,  ● Balance Druid integration test: example log › Healthstone › matches the statistic snapshot,False,0.9200,none,2026-10-03T09:56:05.949683+00:00
wowanalyzer,1610890289_a14895309c25d73d3b679f542e573f3c02db66cc,react-app-rewired,1,3909,f49ae30b5adfdcde,49,  ● Balance Druid integration test: example log › Healthstone › matches the suggestions snapshot,False,0.9300,none,2026-10-03T09:56:06.014849+00:00
wowanalyzer,1610890289_a14895309c25d73d3b679f542e573f3c02db66cc,react-app-rewired,1,3961,14fb00d0f32d50bd,49,  ● Balance Druid integration test: example log › HealthPotion › matches the statistic snapshot,False,0.9300,none,2026-10-03T09:56:06.200605+00:00
wowanalyzer,1610890289_a14895309c25d73d3b679f542e573f3c02db66cc,react-app-rewired,1,4013,5d655459feed1b06,49,  ● Balance Druid integration test: example log › HealthPotion › matches the suggestions snapshot,False,0.9200,none,2026-10-03T09:56:06.326750+00:00
wowanalyzer,1610890289_a14895309c25d73d3b679f542e573f3c02db66cc,react-app-rewired,1,4065,a231faf61d1d3ab1,49,  ● Balance Druid integration test: example log › CombatPotion › matches the statistic snapshot,False,0.9300,none,2026-10-03T09:56:06.511217+00:00
wowanalyzer,1610890289_a14895309c25d73d3b679f542e573f3c02db66cc,react-app-rewired,1,4117,809e5c717d5446a1,49,  ● Balance Druid integration test: example log › CombatPotion › matches the suggestions snapshot,False,0.9300,none,2026-10-03T09:56:06.698669+00:00
wowanalyzer,1610890289_a14895309c25d73d3b679f542e573f3c02db66cc,react-app-rewired,1,4169,d56dad106f60ac79,49,  ● Balance Druid integration test: example log › WeaponEnhancementChecker › matches the statistic snapshot,False,0.9200,none,2026-10-03T09:56:06.808148+00:00
wowanalyzer,1610890289_a14895309c25d73d3b679f542e573f3c02db66cc,react-app-rewired,1,4221,b305eff148eeb525,52,  ● Balance Druid integration test: example log › WeaponEnhancementChecker › matches the suggestions snapshot,False,0.9200,none,2026-10-03T09:56:06.942206+00:00
wowanalyzer,1610890289_a14895309c25d73d3b679f542e573f3c02db66cc,react-app-rewired,1,4273,56548ff058087a0e,49,  ● Balance Druid integration test: example log › PreparationRuleAnalyzer › matches the statistic snapshot,False,0.9200,none,2026-10-03T09:56:07.087635+00:00
wowanalyzer,1610890289_a14895309c25d73d3b679f542e573f3c02db66cc,react-app-rewired,1,4325,9e4f802b94987e50,49,  ● Balance Druid integration test: example log › PreparationRuleAnalyzer › matches the suggestions snapshot,False,0.9200,none,2026-10-03T09:56:07.277355+00:00
wowanalyzer,1610890289_a14895309c25d73d3b679f542e573f3c02db66cc,react-app-rewired,1,4377,9579178016c75162,49,  ● Balance Druid integration test: example log › ArcaneTorrent › matches the statistic snapshot,False,0.9300,none,2026-10-03T09:56:07.391430+00:00
wowanalyzer,1610890289_a14895309c25d73d3b679f542e573f3c02db66cc,react-app-rewired,1,4429,8b8881135fdc021b,49,  ● Balance Druid integration test: example log › ArcaneTorrent › matches the suggestions snapshot,False,0.9300,none,2026-10-03T09:56:07.651419+00:00
wowanalyzer,1610890289_a14895309c25d73d3b679f542e573f3c02db66cc,react-app-rewired,1,4481,c5a4dce5777d307a,49,  ● Balance Druid integration test: example log › GiftOfTheNaaru › matches the statistic snapshot,False,0.9200,none,2026-10-03T09:56:07.701201+00:00
wowanalyzer,1610890289_a14895309c25d73d3b679f542e573f3c02db66cc,react-app-rewired,1,4533,b989ecf460cc73bf,49,  ● Balance Druid integration test: example log › GiftOfTheNaaru › matches the suggestions snapshot,False,0.9200,none,2026-10-03T09:56:07.845943+00:00
wowanalyzer,1610890289_a14895309c25d73d3b679f542e573f3c02db66cc,react-app-rewired,1,4585,24ea2817d692ee1c,49,  ● Balance Druid integration test: example log › MightOfTheMountain › matches the statistic snapshot,False,0.9300,none,2026-10-03T09:56:07.994590+00:00
wowanalyzer,1610890289_a14895309c25d73d3b679f542e573f3c02db66cc,react-app-rewired,1,4637,e5b6f50253f43434,49,  ● Balance Druid integration test: example log › MightOfTheMountain › matches the suggestions snapshot,False,0.9300,none,2026-10-03T09:56:08.136944+00:00
wowanalyzer,1610890289_a14895309c25d73d3b679f542e573f3c02db66cc,react-app-rewired,1,4689,8dc046b6e068b439,49,  ● Balance Druid integration test: example log › Stoneform › matches the statistic snapshot,False,0.9300,none,2026-10-03T09:56:08.308763+00:00
wowanalyzer,1610890289_a14895309c25d73d3b679f542e573f3c02db66cc,react-app-rewired,1,4741,917fa5bcd6a32dd9,49,  ● Balance Druid integration test: example log › Stoneform › matches the suggestions snapshot,False,0.9300,none,2026-10-03T09:56:08.467706+00:00
wowanalyzer,1610890289_a14895309c25d73d3b679f542e573f3c02db66cc,react-app-rewired,1,4793,626496f9175de4e2,49,  ● Balance Druid integration test: example log › Berserking › matches the statistic snapshot,False,0.9300,none,2026-10-03T09:56:08.646321+00:00
wowanalyzer,1610890289_a14895309c25d73d3b679f542e573f3c02db66cc,react-app-rewired,1,4845,5e3e77f84802ac89,49,  ● Balance Druid integration test: example log › Berserking › matches the suggestions snapshot,False,0.9300,none,2026-10-03T09:56:08.732775+00:00
wowanalyzer,1610890289_a14895309c25d73d3b679f542e573f3c02db66cc,react-app-rewired,1,4897,d2c007dcdabdbd01,49,  ● Balance Druid integration test: example log › BloodFury › matches the statistic snapshot,False,0.9200,none,2026-10-03T09:56:08.900693+00:00
wowanalyzer,1610890289_a14895309c25d73d3b679f542e573f3c02db66cc,react-app-rewired,1,4949,377a05317bab14b2,49,  ● Balance Druid integration test: example log › BloodFury › matches the suggestions snapshot,False,0.9300,none,2026-10-03T09:56:09.088867+00:00
wowanalyzer,1610890289_a14895309c25d73d3b679f542e573f3c02db66cc,react-app-rewired,1,5001,0415f3f15804f7fc,67,  ● Balance Druid integration test: example log › DarkmoonDeckVoracity › matches the statistic snapshot,False,0.9200,none,2026-10-03T09:56:09.222779+00:00
wowanalyzer,1610890289_a14895309c25d73d3b679f542e573f3c02db66cc,react-app-rewired,1,5053,4a043f39a5bc8cea,49,  ● Balance Druid integration test: example log › DarkmoonDeckVoracity › matches the suggestions snapshot,False,0.9200,none,2026-10-03T09:56:09.344213+00:00
wowanalyzer,1610890289_a14895309c25d73d3b679f542e573f3c02db66cc,react-app-rewired,1,5105,86c2f4012bbb6df9,29,  ● Balance Druid integration test: example log › SoulInfusion › matches the statistic snapshot,False,0.9200,none,2026-10-03T09:56:09.476579+00:00
wowanalyzer,1610890289_a14895309c25d73d3b679f542e573f3c02db66cc,react-app-rewired,1,5157,388afdb02af78267,29,  ● Balance Druid integration test: example log › SoulInfusion › matches the suggestions snapshot,False,0.9200,none,2026-10-03T09:56:09.669358+00:00
wowanalyzer,1610890289_a14895309c25d73d3b679f542e573f3c02db66cc,react-app-rewired,1,5209,a28dc2e7c1a8f2c0,67,  ● Balance Druid integration test: example log › OverchargedAnimaBattery › matches the statistic snapshot,False,0.9300,none,2026-10-03T09:56:09.826641+00:00
wowanalyzer,1610890289_a14895309c25d73d3b679f542e573f3c02db66cc,react-app-rewired,1,5261,c691cfb967d4f499,49,  ● Balance Druid integration test: example log › OverchargedAnimaBattery › matches the suggestions snapshot,False,0.9300,none,2026-10-03T09:56:09.959185+00:00
wowanalyzer,1610890289_a14895309c25d73d3b679f542e573f3c02db66cc,react-app-rewired,1,5417,c5219cc8562e97e3,46,  ● Balance Druid integration test: example log › CooldownThroughputTracker › matches the statistic snapshot,False,0.9300,none,2026-10-03T09:56:10.078061+00:00
wowanalyzer,1610890289_a14895309c25d73d3b679f542e573f3c02db66cc,react-app-rewired,1,5469,df84a494992705b5,46,  ● Balance Druid integration test: example log › CooldownThroughputTracker › matches the suggestions snapshot,False,0.9200,none,2026-10-03T09:56:10.276534+00:00
wowanalyzer,1610890289_a14895309c25d73d3b679f542e573f3c02db66cc,react-app-rewired,1,5521,7e93811877357f0e,14,  ● Balance Druid integration test: example log › MoonfireUptime › matches the statistic snapshot,False,0.9300,none,2026-10-03T09:56:10.416334+00:00
wowanalyzer,1610890289_a14895309c25d73d3b679f542e573f3c02db66cc,react-app-rewired,1,5573,d1a2eecbee1e24d2,12,  ● Balance Druid integration test: example log › MoonfireUptime › matches the suggestions snapshot,False,0.9300,none,2026-10-03T09:56:10.554450+00:00
wowanalyzer,1610890289_a14895309c25d73d3b679f542e573f3c02db66cc,react-app-rewired,1,5625,8a4f22cfea20431b,14,  ● Balance Druid integration test: example log › SunfireUptime › matches the statistic snapshot,False,0.9300,none,2026-10-03T09:56:10.706660+00:00
wowanalyzer,1610890289_a14895309c25d73d3b679f542e573f3c02db66cc,react-app-rewired,1,5677,e7868e2f947341ec,12,  ● Balance Druid integration test: example log › SunfireUptime › matches the suggestions snapshot,False,0.9300,none,2026-10-03T09:56:10.863466+00:00
wowanalyzer,1610890289_a14895309c25d73d3b679f542e573f3c02db66cc,react-app-rewired,1,5729,fa41f99c2674f472,5,  ● Balance Druid integration test: example log › UnempoweredLunarStrike › matches the statistic snapshot,False,0.9300,none,2026-10-03T09:56:11.025072+00:00
wowanalyzer,1610890289_a14895309c25d73d3b679f542e573f3c02db66cc,react-app-rewired,1,5781,f8a2264de39b90a5,8,  ● Balance Druid integration test: example log › UnempoweredLunarStrike › matches the suggestions snapshot,False,0.9300,none,2026-10-03T09:56:11.237333+00:00
wowanalyzer,1610890289_a14895309c25d73d3b679f542e573f3c02db66cc,react-app-rewired,1,5833,da19834a1d7ec359,12,  ● Balance Druid integration test: example log › EarlyDotRefreshes › matches the statistic snapshot,False,0.9300,none,2026-10-03T09:56:11.274620+00:00
wowanalyzer,1610890289_a14895309c25d73d3b679f542e573f3c02db66cc,react-app-rewired,1,5885,9fecdd598530f2bd,12,  ● Balance Druid integration test: example log › EarlyDotRefreshes › matches the suggestions snapshot,False,0.9300,none,2026-10-03T09:56:11.436823+00:00
wowanalyzer,1610890289_a14895309c25d73d3b679f542e573f3c02db66cc,react-app-rewired,1,5937,d74d8ad7a24791b8,12,  ● Balance Druid integration test: example log › EarlyDotRefreshesInstants › matches the statistic snapshot,False,0.9200,none,2026-10-03T09:56:11.636140+00:00
wowanalyzer,1610890289_a14895309c25d73d3b679f542e573f3c02db66cc,react-app-rewired,1,5989,9c2b2596365065bb,12,  ● Balance Druid integration test: example log › EarlyDotRefreshesInstants › matches the suggestions snapshot,False,0.9300,none,2026-10-03T09:56:11.728193+00:00
wowanalyzer,1610890289_a14895309c25d73d3b679f542e573f3c02db66cc,react-app-rewired,1,6041,cd8ae0422e5f5bf4,12,  ● Balance Druid integration test: example log › StellarFlareUptime › matches the statistic snapshot,False,0.9300,none,2026-10-03T09:56:11.893574+00:00
wowanalyzer,1610890289_a14895309c25d73d3b679f542e573f3c02db66cc,react-app-rewired,1,6093,3f72a7e54fc0ea84,12,  ● Balance Druid integration test: example log › StellarFlareUptime › matches the suggestions snapshot,False,0.9300,none,2026-10-03T09:56:12.027220+00:00
wowanalyzer,1610890289_a14895309c25d73d3b679f542e573f3c02db66cc,react-app-rewired,1,6145,8171aeec2a12520f,12,  ● Balance Druid integration test: example log › TwinMoons › matches the statistic snapshot,False,0.9300,none,2026-10-03T09:56:12.202624+00:00
wowanalyzer,1610890289_a14895309c25d73d3b679f542e573f3c02db66cc,react-app-rewired,1,6197,0a4d145ce85e1200,12,  ● Balance Druid integration test: example log › TwinMoons › matches the suggestions snapshot,False,0.9300,none,2026-10-03T09:56:12.331248+00:00
wowanalyzer,1610890289_a14895309c25d73d3b679f542e573f3c02db66cc,react-app-rewired,1,6249,53fc15ec37bb7f45,18,  ● Balance Druid integration test: example log › StellarDrift › matches the statistic snapshot,False,0.9300,none,2026-10-03T09:56:12.478897+00:00
wowanalyzer,1610890289_a14895309c25d73d3b679f542e573f3c02db66cc,react-app-rewired,1,6301,e8f5f730a3765660,12,  ● Balance Druid integration test: example log › StellarDrift › matches the suggestions snapshot,False,0.9300,none,2026-10-03T09:56:12.622489+00:00
wowanalyzer,1610890289_a14895309c25d73d3b679f542e573f3c02db66cc,react-app-rewired,1,6353,359584c3c8dd2973,14,  ● Balance Druid integration test: example log › Starlord › matches the statistic snapshot,False,0.9200,none,2026-10-03T09:56:12.809792+00:00
wowanalyzer,1610890289_a14895309c25d73d3b679f542e573f3c02db66cc,react-app-rewired,1,6405,3c51db4f31a23ccf,12,  ● Balance Druid integration test: example log › Starlord › matches the suggestions snapshot,False,0.9300,none,2026-10-03T09:56:12.940494+00:00
wowanalyzer,1610890289_a14895309c25d73d3b679f542e573f3c02db66cc,react-app-rewired,1,6457,40cff7cefb86eb5f,12,  ● Balance Druid integration test: example log › AstralPowerTracker › matches the statistic snapshot,False,0.9300,none,2026-10-03T09:56:13.072539+00:00
wowanalyzer,1610890289_a14895309c25d73d3b679f542e573f3c02db66cc,react-app-rewired,1,6509,035a3d5bdaa81160,12,  ● Balance Druid integration test: example log › AstralPowerTracker › matches the suggestions snapshot,False,0.9300,none,2026-10-03T09:56:13.260930+00:00
wowanalyzer,1610890289_a14895309c25d73d3b679f542e573f3c02db66cc,react-app-rewired,1,6613,c9a21f4dc47262da,20,  ● Balance Druid integration test: example log › AstralPowerDetails › matches the suggestions snapshot,False,0.9300,none,2026-10-03T09:56:13.555487+00:00
wowanalyzer,1610890289_a14895309c25d73d3b679f542e573f3c02db66cc,react-app-rewired,1,6561,f08caee5436c3a68,14,  ● Balance Druid integration test: example log › AstralPowerDetails › matches the statistic snapshot,False,0.9300,none,2026-10-03T09:56:13.574391+00:00
wowanalyzer,1610967644_6d83e34b362c4faef1ad4180413375ddc8e84d71,react-app-rewired,1,501,b7969d9ee79a1cc9,18,  ● Brewmaster Monk integration test: example log › StormstoutsLastKeg › matches the statistic snapshot,False,0.7000,none,2026-10-03T09:56:13.899469+00:00
wowanalyzer,1610967644_6d83e34b362c4faef1ad4180413375ddc8e84d71,react-app-rewired,1,468,49ac01aefe682efa,25,  ● Brewmaster Monk integration test: example log › TigerPalm › matches the suggestions snapshot,False,0.9200,none,2026-10-03T09:56:13.910329+00:00
wowanalyzer,1611014932_d3ea4cff93a5fa9bada1466f4066ec6494153352,react-app-rewired,1,268,cd634ed2c3f0f0d0,145,  ● Test suite failed to run,False,0.7600,none,2026-10-03T09:56:14.029886+00:00
wowanalyzer,1611014932_d3ea4cff93a5fa9bada1466f4066ec6494153352,react-app-rewired,1,330,43615004a479e61c,145,  ● Test suite failed to run,False,0.7700,none,2026-10-03T09:56:14.121100+00:00
wowanalyzer,1611014932_d3ea4cff93a5fa9bada1466f4066ec6494153352,react-app-rewired,1,392,9d883ce61db308c2,145,  ● Test suite failed to run,False,0.7900,none,2026-10-03T09:56:14.354270+00:00
wowanalyzer,1611014932_d3ea4cff93a5fa9bada1466f4066ec6494153352,react-app-rewired,1,416,1a98a900bce2fe4e,2,  ● Test suite failed to run,False,0.7500,none,2026-10-03T09:56:14.508460+00:00
wowanalyzer,1611014932_d3ea4cff93a5fa9bada1466f4066ec6494153352,react-app-rewired,1,501,eb17155472827510,2,  ● Test suite failed to run,False,0.7500,none,2026-10-03T09:56:14.634415+00:00
wowanalyzer,1611014932_d3ea4cff93a5fa9bada1466f4066ec6494153352,react-app-rewired,1,517,c752827770a34744,145,  ● Test suite failed to run,False,0.7600,none,2026-10-03T09:56:14.785194+00:00
wowanalyzer,1611014932_d3ea4cff93a5fa9bada1466f4066ec6494153352,react-app-rewired,1,533,ae5b929fbe0d2572,146,  ● Test suite failed to run,False,0.7500,none,2026-10-03T09:56:14.867798+00:00
wowanalyzer,1611014932_d3ea4cff93a5fa9bada1466f4066ec6494153352,react-app-rewired,1,549,5cdbae60dd75c137,2,  ● Test suite failed to run,False,0.7400,none,2026-10-03T09:56:15.086303+00:00
wowanalyzer,1611014932_d3ea4cff93a5fa9bada1466f4066ec6494153352,react-app-rewired,1,611,aadbe43a07994940,2,  ● Test suite failed to run,False,0.7600,none,2026-10-03T09:56:15.201844+00:00
wowanalyzer,1611014932_d3ea4cff93a5fa9bada1466f4066ec6494153352,react-app-rewired,1,719,30438de0357cf2c9,2,  ● Test suite failed to run,False,0.7400,none,2026-10-03T09:56:15.352243+00:00
wowanalyzer,1611014932_d3ea4cff93a5fa9bada1466f4066ec6494153352,react-app-rewired,1,781,0f55d0396d489a11,2,  ● Test suite failed to run,False,0.7400,none,2026-10-03T09:56:15.533971+00:00
wowanalyzer,1611014932_d3ea4cff93a5fa9bada1466f4066ec6494153352,react-app-rewired,1,820,2739576ce652e9b7,145,  ● Test suite failed to run,False,0.7500,none,2026-10-03T09:56:15.638880+00:00
wowanalyzer,1611014932_d3ea4cff93a5fa9bada1466f4066ec6494153352,react-app-rewired,1,859,e9ee076142794bcd,2,  ● Test suite failed to run,False,0.7400,none,2026-10-03T09:56:15.780213+00:00
wowanalyzer,1611014932_d3ea4cff93a5fa9bada1466f4066ec6494153352,react-app-rewired,1,921,598b4974b3f7ab3c,145,  ● Test suite failed to run,False,0.7400,none,2026-10-03T09:56:15.976640+00:00
wowanalyzer,1611015698_ac5a9ebdf66c2cefc6e0a972ca28a6dca02e2c26,react-app-rewired,1,372,fb0b1c2a8d613d6f,48,  ● Balance Druid integration test: example log › AugmentRuneChecker › matches the suggestions snapshot,False,0.6700,none,2026-10-03T09:56:16.153302+00:00
wowanalyzer,1611215008_d520cc9a2328a9623d1320982062e8cffc78e14b,react-app-rewired,1,276,c064440680300a73,18,  ● Shadow Priest integration test: example log › InsanityUsage › matches the statistic snapshot,False,0.6600,none,2026-10-03T09:56:16.246548+00:00
wowanalyzer,1611215008_d520cc9a2328a9623d1320982062e8cffc78e14b,react-app-rewired,1,355,e7bd8d2633d93104,21,  ● Shadow Priest integration test: example log › InsanityUsage › matches the suggestions snapshot,False,0.6700,none,2026-10-03T09:56:16.390292+00:00
wowanalyzer,1611408281_e7ee730f2a82db3dcf4e23850f16649d083d383d,react-app-rewired,1,344,93cc1dd3d36879f7,58,  ● Test suite failed to run,False,0.6500,module_resolution,2026-10-03T09:56:16.526580+00:00
wowanalyzer,1611432187_c05db0ffea37ecfeb3e5348a29eb7cd14de5c924,react-app-rewired,1,274,f16d11cf31227a09,26,  ● Shadow Priest integration test: example log › DotUptimeStatisticBox › matches the statistic snapshot,False,0.6700,none,2026-10-03T09:56:16.779001+00:00
wowanalyzer,1611440621_cddc4dee598ba7c493f3173628a2a5ba62136d71,react-app-rewired,1,273,70f97a4492103ddd,23,  ● Shadow Priest integration test: example log › EternalCallToTheVoid › matches the statistic snapshot,False,0.6900,none,2026-10-03T09:56:16.885302+00:00
wowanalyzer,1611503093_1145255a05b6e9b895fef993616518363be54fc6,react-app-rewired,1,245,465a12b9a1a2bee8,36,  ● Core/CombatLogParser › implementation › has a default config that works,False,0.6900,none,2026-10-03T09:56:17.013451+00:00
wowanalyzer,1611503093_1145255a05b6e9b895fef993616518363be54fc6,react-app-rewired,1,4056,df9e912dcf16235f,44,  ● Destruction Warlock integration test: example log › AugmentRuneChecker › matches the statistic snapshot,False,0.7900,none,2026-10-03T09:56:17.170314+00:00
wowanalyzer,1611503093_1145255a05b6e9b895fef993616518363be54fc6,react-app-rewired,1,5816,922ee60861a83cd1,24,  ● Destruction Warlock integration test: example log › ImmolateUptime › matches the statistic snapshot,False,0.7800,none,2026-10-03T09:56:17.289866+00:00
wowanalyzer,1611503093_1145255a05b6e9b895fef993616518363be54fc6,react-app-rewired,1,5871,739be90757f22b47,14,  ● Destruction Warlock integration test: example log › ImmolateUptime › matches the suggestions snapshot,False,0.7600,none,2026-10-03T09:56:17.453549+00:00
wowanalyzer,1611503093_1145255a05b6e9b895fef993616518363be54fc6,react-app-rewired,1,5981,65f13a6cd34ab72c,14,  ● Destruction Warlock integration test: example log › Havoc › matches the suggestions snapshot,False,0.7700,none,2026-10-03T09:56:17.740898+00:00
wowanalyzer,1611503093_1145255a05b6e9b895fef993616518363be54fc6,react-app-rewired,1,5926,412e6a3daf3ca89e,24,  ● Destruction Warlock integration test: example log › Havoc › matches the statistic snapshot,False,0.7700,none,2026-10-03T09:56:17.834008+00:00
wowanalyzer,1611503093_1145255a05b6e9b895fef993616518363be54fc6,react-app-rewired,1,6036,f2ee47dfc44c6882,16,  ● Destruction Warlock integration test: example log › Backdraft › matches the statistic snapshot,False,0.7700,none,2026-10-03T09:56:17.882741+00:00
wowanalyzer,1611503093_1145255a05b6e9b895fef993616518363be54fc6,react-app-rewired,1,6091,09651059b6d5803f,14,  ● Destruction Warlock integration test: example log › Backdraft › matches the suggestions snapshot,False,0.7700,none,2026-10-03T09:56:18.041810+00:00
wowanalyzer,1611503093_1145255a05b6e9b895fef993616518363be54fc6,react-app-rewired,1,6146,4bb4e841a89580ce,14,  ● Destruction Warlock integration test: example log › RainOfFire › matches the statistic snapshot,False,0.7600,none,2026-10-03T09:56:18.205184+00:00
wowanalyzer,1611503093_1145255a05b6e9b895fef993616518363be54fc6,react-app-rewired,1,6201,85eeb9e2d7b96e49,14,  ● Destruction Warlock integration test: example log › RainOfFire › matches the suggestions snapshot,False,0.7800,none,2026-10-03T09:56:18.381920+00:00
wowanalyzer,1611503093_1145255a05b6e9b895fef993616518363be54fc6,react-app-rewired,1,6256,06adee21cc1c994b,14,  ● Destruction Warlock integration test: example log › SoulShardTracker › matches the statistic snapshot,False,0.8000,none,2026-10-03T09:56:18.504786+00:00
wowanalyzer,1611503093_1145255a05b6e9b895fef993616518363be54fc6,react-app-rewired,1,6311,7bf3c55bd4e8fc1d,14,  ● Destruction Warlock integration test: example log › SoulShardTracker › matches the suggestions snapshot,False,0.7900,none,2026-10-03T09:56:18.789365+00:00
wowanalyzer,1611503093_1145255a05b6e9b895fef993616518363be54fc6,react-app-rewired,1,6366,01c74c2cfe89bc20,16,  ● Destruction Warlock integration test: example log › SoulShardDetails › matches the statistic snapshot,False,0.8000,none,2026-10-03T09:56:18.804424+00:00
wowanalyzer,1611503093_1145255a05b6e9b895fef993616518363be54fc6,react-app-rewired,1,6421,4bd26c3ab390901b,16,  ● Destruction Warlock integration test: example log › SoulShardDetails › matches the suggestions snapshot,False,0.7900,none,2026-10-03T09:56:19.016819+00:00
wowanalyzer,1611503093_1145255a05b6e9b895fef993616518363be54fc6,react-app-rewired,1,6476,b785da58894f1ce0,14,  ● Destruction Warlock integration test: example log › Flashover › matches the statistic snapshot,False,0.7800,none,2026-10-03T09:56:19.069570+00:00
wowanalyzer,1611503093_1145255a05b6e9b895fef993616518363be54fc6,react-app-rewired,1,6531,8bdb39bf4804ade5,14,  ● Destruction Warlock integration test: example log › Flashover › matches the suggestions snapshot,False,0.7900,none,2026-10-03T09:56:19.335156+00:00
wowanalyzer,1611503093_1145255a05b6e9b895fef993616518363be54fc6,react-app-rewired,1,6586,7175cb7fa7d7a1df,29,  ● Destruction Warlock integration test: example log › Eradication › matches the statistic snapshot,False,0.7800,none,2026-10-03T09:56:19.382411+00:00
wowanalyzer,1611503093_1145255a05b6e9b895fef993616518363be54fc6,react-app-rewired,1,6641,4ba775ef2b8095ec,14,  ● Destruction Warlock integration test: example log › Eradication › matches the suggestions snapshot,False,0.7800,none,2026-10-03T09:56:19.599000+00:00
wowanalyzer,1611503093_1145255a05b6e9b895fef993616518363be54fc6,react-app-rewired,1,6696,9cf025903441cf79,14,  ● Destruction Warlock integration test: example log › SoulFire › matches the statistic snapshot,False,0.7800,none,2026-10-03T09:56:19.683772+00:00
wowanalyzer,1611503093_1145255a05b6e9b895fef993616518363be54fc6,react-app-rewired,1,6751,2d8c3bf213d0961e,14,  ● Destruction Warlock integration test: example log › SoulFire › matches the suggestions snapshot,False,0.7700,none,2026-10-03T09:56:19.851768+00:00
wowanalyzer,1611503093_1145255a05b6e9b895fef993616518363be54fc6,react-app-rewired,1,6806,39d0b182159cbb5f,14,  ● Destruction Warlock integration test: example log › ReverseEntropy › matches the statistic snapshot,False,0.7700,none,2026-10-03T09:56:20.038784+00:00
wowanalyzer,1611503093_1145255a05b6e9b895fef993616518363be54fc6,react-app-rewired,1,6861,e6012a294ecb36b2,14,  ● Destruction Warlock integration test: example log › ReverseEntropy › matches the suggestions snapshot,False,0.7900,none,2026-10-03T09:56:20.138753+00:00
wowanalyzer,1611503093_1145255a05b6e9b895fef993616518363be54fc6,react-app-rewired,1,6916,01be00a185dd24e0,24,  ● Destruction Warlock integration test: example log › InternalCombustion › matches the statistic snapshot,False,0.7800,none,2026-10-03T09:56:20.303395+00:00
wowanalyzer,1611503093_1145255a05b6e9b895fef993616518363be54fc6,react-app-rewired,1,7026,68690e005ae7db0b,14,  ● Destruction Warlock integration test: example log › Shadowburn › matches the statistic snapshot,False,0.7800,none,2026-10-03T09:56:20.598141+00:00
wowanalyzer,1611503093_1145255a05b6e9b895fef993616518363be54fc6,react-app-rewired,1,6971,f1821dd28656f81b,14,  ● Destruction Warlock integration test: example log › InternalCombustion › matches the suggestions snapshot,False,0.7500,none,2026-10-03T09:56:20.666086+00:00
wowanalyzer,1611503093_1145255a05b6e9b895fef993616518363be54fc6,react-app-rewired,1,7081,34f29e5fc23ef12f,14,  ● Destruction Warlock integration test: example log › Shadowburn › matches the suggestions snapshot,False,0.7900,none,2026-10-03T09:56:20.790810+00:00
wowanalyzer,1611503093_1145255a05b6e9b895fef993616518363be54fc6,react-app-rewired,1,7136,7959769fbb027ad1,14,  ● Destruction Warlock integration test: example log › Inferno › matches the statistic snapshot,False,0.7900,none,2026-10-03T09:56:20.922632+00:00
wowanalyzer,1611503093_1145255a05b6e9b895fef993616518363be54fc6,react-app-rewired,1,7191,a49fe283394790a8,14,  ● Destruction Warlock integration test: example log › Inferno › matches the suggestions snapshot,False,0.7800,none,2026-10-03T09:56:21.054343+00:00
wowanalyzer,1611503093_1145255a05b6e9b895fef993616518363be54fc6,react-app-rewired,1,7246,2abad478254ca114,14,  ● Destruction Warlock integration test: example log › FireAndBrimstone › matches the statistic snapshot,False,0.7900,none,2026-10-03T09:56:21.201579+00:00
wowanalyzer,1611503093_1145255a05b6e9b895fef993616518363be54fc6,react-app-rewired,1,7301,125d2e89f6979637,14,  ● Destruction Warlock integration test: example log › FireAndBrimstone › matches the suggestions snapshot,False,0.7800,none,2026-10-03T09:56:21.345609+00:00
wowanalyzer,1611503093_1145255a05b6e9b895fef993616518363be54fc6,react-app-rewired,1,7356,7ed8906baabd56a3,24,  ● Destruction Warlock integration test: example log › Cataclysm › matches the statistic snapshot,False,0.8000,none,2026-10-03T09:56:21.509488+00:00
wowanalyzer,1611503093_1145255a05b6e9b895fef993616518363be54fc6,react-app-rewired,1,7411,8113371035bc8f2d,14,  ● Destruction Warlock integration test: example log › Cataclysm › matches the suggestions snapshot,False,0.7700,none,2026-10-03T09:56:21.676457+00:00
wowanalyzer,1611503093_1145255a05b6e9b895fef993616518363be54fc6,react-app-rewired,1,7466,643487d292c770bb,14,  ● Destruction Warlock integration test: example log › RoaringBlaze › matches the statistic snapshot,False,0.7900,none,2026-10-03T09:56:21.794993+00:00
wowanalyzer,1611503093_1145255a05b6e9b895fef993616518363be54fc6,react-app-rewired,1,7521,3fdb81d7730e558f,14,  ● Destruction Warlock integration test: example log › RoaringBlaze › matches the suggestions snapshot,False,0.7900,none,2026-10-03T09:56:21.935076+00:00
wowanalyzer,1611503093_1145255a05b6e9b895fef993616518363be54fc6,react-app-rewired,1,7576,4397c13a12906489,14,  ● Destruction Warlock integration test: example log › GrimoireOfSacrifice › matches the statistic snapshot,False,0.7800,none,2026-10-03T09:56:22.087052+00:00
wowanalyzer,1611503093_1145255a05b6e9b895fef993616518363be54fc6,react-app-rewired,1,7631,7fbd2f38526a83c2,14,  ● Destruction Warlock integration test: example log › GrimoireOfSacrifice › matches the suggestions snapshot,False,0.7800,none,2026-10-03T09:56:22.239995+00:00
wowanalyzer,1611503093_1145255a05b6e9b895fef993616518363be54fc6,react-app-rewired,1,7686,2769c7e2f21cf7c3,16,  ● Destruction Warlock integration test: example log › SoulConduit › matches the statistic snapshot,False,0.7800,none,2026-10-03T09:56:22.410396+00:00
wowanalyzer,1611503093_1145255a05b6e9b895fef993616518363be54fc6,react-app-rewired,1,7741,3c0ff39c5dcad400,14,  ● Destruction Warlock integration test: example log › SoulConduit › matches the suggestions snapshot,False,0.7700,none,2026-10-03T09:56:22.552215+00:00
wowanalyzer,1611503093_1145255a05b6e9b895fef993616518363be54fc6,react-app-rewired,1,7796,c83b4ae6633dbfb9,14,  ● Destruction Warlock integration test: example log › ChannelDemonfire › matches the statistic snapshot,False,0.7800,none,2026-10-03T09:56:22.678497+00:00
wowanalyzer,1611503093_1145255a05b6e9b895fef993616518363be54fc6,react-app-rewired,1,7851,f09b6540fcbe3a38,14,  ● Destruction Warlock integration test: example log › ChannelDemonfire › matches the suggestions snapshot,False,0.7600,none,2026-10-03T09:56:22.826584+00:00
wowanalyzer,1611503093_1145255a05b6e9b895fef993616518363be54fc6,react-app-rewired,1,13448,58e7327cefc356dc,16,  ● Affliction Warlock integration test: example log › Darkglare › matches the statistic snapshot,False,0.7600,none,2026-10-03T09:56:23.000250+00:00
wowanalyzer,1611503093_1145255a05b6e9b895fef993616518363be54fc6,react-app-rewired,1,13503,538f9a8d471eaea5,14,  ● Affliction Warlock integration test: example log › Darkglare › matches the suggestions snapshot,False,0.7900,none,2026-10-03T09:56:23.161798+00:00
wowanalyzer,1611503093_1145255a05b6e9b895fef993616518363be54fc6,react-app-rewired,1,13558,2ff0169258059f7e,14,  ● Affliction Warlock integration test: example log › ShadowEmbrace › matches the statistic snapshot,False,0.7800,none,2026-10-03T09:56:23.321657+00:00
wowanalyzer,1611503093_1145255a05b6e9b895fef993616518363be54fc6,react-app-rewired,1,13613,657dd543bfed9816,15,  ● Affliction Warlock integration test: example log › ShadowEmbrace › matches the suggestions snapshot,False,0.7900,none,2026-10-03T09:56:23.453813+00:00
wowanalyzer,1611503093_1145255a05b6e9b895fef993616518363be54fc6,react-app-rewired,1,13668,54819f66bea13292,14,  ● Affliction Warlock integration test: example log › AgonyUptime › matches the statistic snapshot,False,0.7500,none,2026-10-03T09:56:23.596518+00:00
wowanalyzer,1611503093_1145255a05b6e9b895fef993616518363be54fc6,react-app-rewired,1,13723,ef9300921b32afa9,15,  ● Affliction Warlock integration test: example log › AgonyUptime › matches the suggestions snapshot,False,0.7900,none,2026-10-03T09:56:23.727560+00:00
wowanalyzer,1611503093_1145255a05b6e9b895fef993616518363be54fc6,react-app-rewired,1,13778,21a14053d0184726,14,  ● Affliction Warlock integration test: example log › CorruptionUptime › matches the statistic snapshot,False,0.7800,none,2026-10-03T09:56:23.914078+00:00
wowanalyzer,1611503093_1145255a05b6e9b895fef993616518363be54fc6,react-app-rewired,1,13833,949bf7014c77cdc4,15,  ● Affliction Warlock integration test: example log › CorruptionUptime › matches the suggestions snapshot,False,0.8000,none,2026-10-03T09:56:24.049069+00:00
wowanalyzer,1611503093_1145255a05b6e9b895fef993616518363be54fc6,react-app-rewired,1,13888,16fc202eb2f755b3,14,  ● Affliction Warlock integration test: example log › UnstableAfflictionUptime › matches the statistic snapshot,False,0.7600,none,2026-10-03T09:56:24.194032+00:00
wowanalyzer,1611503093_1145255a05b6e9b895fef993616518363be54fc6,react-app-rewired,1,13943,06883fe03849d198,15,  ● Affliction Warlock integration test: example log › UnstableAfflictionUptime › matches the suggestions snapshot,False,0.7700,none,2026-10-03T09:56:24.373591+00:00
wowanalyzer,1611503093_1145255a05b6e9b895fef993616518363be54fc6,react-app-rewired,1,14053,8452cc53e3898e6d,15,  ● Affliction Warlock integration test: example log › DotUptimeStatisticBox › matches the suggestions snapshot,False,0.7800,none,2026-10-03T09:56:24.571214+00:00
wowanalyzer,1611503093_1145255a05b6e9b895fef993616518363be54fc6,react-app-rewired,1,14328,e034a1f01e941aa1,14,  ● Affliction Warlock integration test: example log › Nightfall › matches the statistic snapshot,False,0.8000,none,2026-10-03T09:56:24.633607+00:00
wowanalyzer,1611503093_1145255a05b6e9b895fef993616518363be54fc6,react-app-rewired,1,14383,0f59f7e95a41161b,14,  ● Affliction Warlock integration test: example log › Nightfall › matches the suggestions snapshot,False,0.7800,none,2026-10-03T09:56:24.775641+00:00
wowanalyzer,1611503093_1145255a05b6e9b895fef993616518363be54fc6,react-app-rewired,1,14493,39ddbe27be00443d,14,  ● Affliction Warlock integration test: example log › DrainSoul › matches the suggestions snapshot,False,0.7800,none,2026-10-03T09:56:24.952202+00:00
wowanalyzer,1611503093_1145255a05b6e9b895fef993616518363be54fc6,react-app-rewired,1,14548,d5b8173f0aa948c1,14,  ● Affliction Warlock integration test: example log › AbsoluteCorruption › matches the statistic snapshot,False,0.7700,none,2026-10-03T09:56:25.102191+00:00
wowanalyzer,1611503093_1145255a05b6e9b895fef993616518363be54fc6,react-app-rewired,1,14603,c23f55eeee04c5a3,14,  ● Affliction Warlock integration test: example log › AbsoluteCorruption › matches the suggestions snapshot,False,0.8000,none,2026-10-03T09:56:25.306627+00:00
wowanalyzer,1611503093_1145255a05b6e9b895fef993616518363be54fc6,react-app-rewired,1,14658,5b27ce6c3d81001e,14,  ● Affliction Warlock integration test: example log › SiphonLifeUptime › matches the statistic snapshot,False,0.7800,none,2026-10-03T09:56:25.373512+00:00
wowanalyzer,1611503093_1145255a05b6e9b895fef993616518363be54fc6,react-app-rewired,1,14768,49f9534f2c6a6c1d,20,  ● Affliction Warlock integration test: example log › PhantomSingularity › matches the statistic snapshot,False,0.8000,none,2026-10-03T09:56:25.827359+00:00
wowanalyzer,1611503093_1145255a05b6e9b895fef993616518363be54fc6,react-app-rewired,1,14823,0410dfeffcc12ac3,14,  ● Affliction Warlock integration test: example log › PhantomSingularity › matches the suggestions snapshot,False,0.7900,none,2026-10-03T09:56:25.858303+00:00
wowanalyzer,1611503093_1145255a05b6e9b895fef993616518363be54fc6,react-app-rewired,1,14878,b9ca5316e13b3be0,14,  ● Affliction Warlock integration test: example log › VileTaint › matches the statistic snapshot,False,0.7700,none,2026-10-03T09:56:25.979919+00:00
wowanalyzer,1611503093_1145255a05b6e9b895fef993616518363be54fc6,react-app-rewired,1,14933,84ccc6c8629ecedc,14,  ● Affliction Warlock integration test: example log › VileTaint › matches the suggestions snapshot,False,0.7900,none,2026-10-03T09:56:26.162783+00:00
wowanalyzer,1611503093_1145255a05b6e9b895fef993616518363be54fc6,react-app-rewired,1,15043,ceb7ebf1a293ed90,15,  ● Affliction Warlock integration test: example log › Haunt › matches the suggestions snapshot,False,0.7500,none,2026-10-03T09:56:26.451490+00:00
wowanalyzer,1611503093_1145255a05b6e9b895fef993616518363be54fc6,react-app-rewired,1,14713,d40ab5891e81141e,15,  ● Affliction Warlock integration test: example log › SiphonLifeUptime › matches the suggestions snapshot,False,0.7700,none,2026-10-03T09:56:26.523441+00:00
wowanalyzer,1611503093_1145255a05b6e9b895fef993616518363be54fc6,react-app-rewired,1,14988,c8c0f2aaeadebf57,20,  ● Affliction Warlock integration test: example log › Haunt › matches the statistic snapshot,False,0.7800,none,2026-10-03T09:56:26.549723+00:00
wowanalyzer,1611503093_1145255a05b6e9b895fef993616518363be54fc6,react-app-rewired,1,15318,f5bce9ed7b93132b,14,  ● Affliction Warlock integration test: example log › ScouringTitheUptime › matches the statistic snapshot,False,0.8000,none,2026-10-03T09:56:26.598387+00:00
wowanalyzer,1611503093_1145255a05b6e9b895fef993616518363be54fc6,react-app-rewired,1,15373,6ff54a206dbe1bc8,14,  ● Affliction Warlock integration test: example log › ScouringTitheUptime › matches the suggestions snapshot,False,0.7800,none,2026-10-03T09:56:26.825611+00:00
wowanalyzer,1611503093_1145255a05b6e9b895fef993616518363be54fc6,react-app-rewired,1,18000,44a66231ed5a7f7b,12,  ● Arcane Mage integration test: example log › ArcaneManaValues › matches the statistic snapshot,False,0.7900,none,2026-10-03T09:56:27.050852+00:00
wowanalyzer,1611503093_1145255a05b6e9b895fef993616518363be54fc6,react-app-rewired,1,18055,a4afa53bccd025f8,12,  ● Arcane Mage integration test: example log › ArcaneManaValues › matches the suggestions snapshot,False,0.7800,none,2026-10-03T09:56:27.090265+00:00
wowanalyzer,1611503093_1145255a05b6e9b895fef993616518363be54fc6,react-app-rewired,1,20970,b9f1f0de1e5b93eb,12,  ● Arcane Mage integration test: example log › ManaTab › matches the statistic snapshot,False,0.7700,none,2026-10-03T09:56:27.182223+00:00
wowanalyzer,1611503093_1145255a05b6e9b895fef993616518363be54fc6,react-app-rewired,1,21025,f101f1749e1d0d95,12,  ● Arcane Mage integration test: example log › ManaTab › matches the suggestions snapshot,False,0.7800,none,2026-10-03T09:56:27.310280+00:00
wowanalyzer,1611503093_1145255a05b6e9b895fef993616518363be54fc6,react-app-rewired,1,21190,e3579c50addc1f22,12,  ● Arcane Mage integration test: example log › ArcaneChargeTracker › matches the statistic snapshot,False,0.7700,none,2026-10-03T09:56:27.539366+00:00
wowanalyzer,1611503093_1145255a05b6e9b895fef993616518363be54fc6,react-app-rewired,1,21245,8912b970ca4f4198,12,  ● Arcane Mage integration test: example log › ArcaneChargeTracker › matches the suggestions snapshot,False,0.7900,none,2026-10-03T09:56:27.646717+00:00
wowanalyzer,1611503093_1145255a05b6e9b895fef993616518363be54fc6,react-app-rewired,1,21355,2739e1880bbbf538,11,  ● Arcane Mage integration test: example log › ArcanePower › matches the suggestions snapshot,False,0.7900,none,2026-10-03T09:56:27.997448+00:00
wowanalyzer,1611503093_1145255a05b6e9b895fef993616518363be54fc6,react-app-rewired,1,21300,5a6076e0748af9b7,16,  ● Arcane Mage integration test: example log › ArcanePower › matches the statistic snapshot,False,0.7900,none,2026-10-03T09:56:28.007341+00:00
wowanalyzer,1611503093_1145255a05b6e9b895fef993616518363be54fc6,react-app-rewired,1,21410,4444ccc79c0729e7,22,  ● Arcane Mage integration test: example log › ArcanePowerActiveTime › matches the statistic snapshot,False,0.7800,none,2026-10-03T09:56:28.068353+00:00
wowanalyzer,1611503093_1145255a05b6e9b895fef993616518363be54fc6,react-app-rewired,1,21465,529f5a1167df47da,13,  ● Arcane Mage integration test: example log › ArcanePowerActiveTime › matches the suggestions snapshot,False,0.7700,none,2026-10-03T09:56:28.256416+00:00
wowanalyzer,1611503093_1145255a05b6e9b895fef993616518363be54fc6,react-app-rewired,1,21520,2339f5ace00435b3,12,  ● Arcane Mage integration test: example log › ArcaneMissiles › matches the statistic snapshot,False,0.7700,none,2026-10-03T09:56:28.391164+00:00
wowanalyzer,1611503093_1145255a05b6e9b895fef993616518363be54fc6,react-app-rewired,1,21575,91a9d260a5753530,17,  ● Arcane Mage integration test: example log › ArcaneMissiles › matches the suggestions snapshot,False,0.7800,none,2026-10-03T09:56:28.591607+00:00
wowanalyzer,1611503093_1145255a05b6e9b895fef993616518363be54fc6,react-app-rewired,1,21630,a641640309461bc3,18,  ● Arcane Mage integration test: example log › MirrorImage › matches the statistic snapshot,False,0.7900,none,2026-10-03T09:56:28.685704+00:00
wowanalyzer,1611503093_1145255a05b6e9b895fef993616518363be54fc6,react-app-rewired,1,21685,6b84b74a6db19d23,12,  ● Arcane Mage integration test: example log › MirrorImage › matches the suggestions snapshot,False,0.8100,none,2026-10-03T09:56:28.869029+00:00
wowanalyzer,1611503093_1145255a05b6e9b895fef993616518363be54fc6,react-app-rewired,1,21740,287dc70a091d311e,18,  ● Arcane Mage integration test: example log › ElementalBarrier › matches the statistic snapshot,False,0.7800,none,2026-10-03T09:56:29.034453+00:00
wowanalyzer,1611503093_1145255a05b6e9b895fef993616518363be54fc6,react-app-rewired,1,21795,d1092eb1019d8c18,12,  ● Arcane Mage integration test: example log › ElementalBarrier › matches the suggestions snapshot,False,0.7700,none,2026-10-03T09:56:29.183247+00:00
wowanalyzer,1611503093_1145255a05b6e9b895fef993616518363be54fc6,react-app-rewired,1,21850,5a05d3cc7bf570aa,12,  ● Arcane Mage integration test: example log › ArcaneFamiliar › matches the statistic snapshot,False,0.7900,none,2026-10-03T09:56:29.302157+00:00
wowanalyzer,1611503093_1145255a05b6e9b895fef993616518363be54fc6,react-app-rewired,1,21960,78b6d75560579947,12,  ● Arcane Mage integration test: example log › ArcaneIntellect › matches the statistic snapshot,False,0.7900,none,2026-10-03T09:56:29.660758+00:00
wowanalyzer,1611503093_1145255a05b6e9b895fef993616518363be54fc6,react-app-rewired,1,21905,50eb438b28d25dbb,12,  ● Arcane Mage integration test: example log › ArcaneFamiliar › matches the suggestions snapshot,False,0.7700,none,2026-10-03T09:56:29.733539+00:00
wowanalyzer,1611503093_1145255a05b6e9b895fef993616518363be54fc6,react-app-rewired,1,22015,288df566b0251e3d,14,  ● Arcane Mage integration test: example log › ArcaneIntellect › matches the suggestions snapshot,False,0.7600,none,2026-10-03T09:56:29.916205+00:00
wowanalyzer,1611503093_1145255a05b6e9b895fef993616518363be54fc6,react-app-rewired,1,22070,89325d708f2c5dfb,22,  ● Arcane Mage integration test: example log › RuneOfPower › matches the statistic snapshot,False,0.7800,none,2026-10-03T09:56:29.933317+00:00
wowanalyzer,1611503093_1145255a05b6e9b895fef993616518363be54fc6,react-app-rewired,1,22125,21271e2396d9df2d,17,  ● Arcane Mage integration test: example log › RuneOfPower › matches the suggestions snapshot,False,0.7900,none,2026-10-03T09:56:30.047193+00:00
wowanalyzer,1611503093_1145255a05b6e9b895fef993616518363be54fc6,react-app-rewired,1,22180,a8ca04d091de035f,14,  ● Arcane Mage integration test: example log › ArcaneOrb › matches the statistic snapshot,False,0.7800,none,2026-10-03T09:56:30.238025+00:00
wowanalyzer,1611503093_1145255a05b6e9b895fef993616518363be54fc6,react-app-rewired,1,22235,92b717e811689759,13,  ● Arcane Mage integration test: example log › ArcaneOrb › matches the suggestions snapshot,False,0.8100,none,2026-10-03T09:56:30.375873+00:00
wowanalyzer,1611503093_1145255a05b6e9b895fef993616518363be54fc6,react-app-rewired,1,22290,643864934cfbe6f8,12,  ● Arcane Mage integration test: example log › RuleOfThrees › matches the statistic snapshot,False,0.7800,none,2026-10-03T09:56:30.494966+00:00
wowanalyzer,1611503093_1145255a05b6e9b895fef993616518363be54fc6,react-app-rewired,1,22345,df2547ef3c977701,12,  ● Arcane Mage integration test: example log › RuleOfThrees › matches the suggestions snapshot,False,0.7900,none,2026-10-03T09:56:30.653848+00:00
wowanalyzer,1611503093_1145255a05b6e9b895fef993616518363be54fc6,react-app-rewired,1,22400,ad6546544e3ee4e9,12,  ● Arcane Mage integration test: example log › TimeAnomaly › matches the statistic snapshot,False,0.7900,none,2026-10-03T09:56:30.762060+00:00
wowanalyzer,1611503093_1145255a05b6e9b895fef993616518363be54fc6,react-app-rewired,1,22455,e08d43406b69825d,12,  ● Arcane Mage integration test: example log › TimeAnomaly › matches the suggestions snapshot,False,0.8100,none,2026-10-03T09:56:30.988843+00:00
wowanalyzer,1611503093_1145255a05b6e9b895fef993616518363be54fc6,react-app-rewired,1,22510,3c176f77e7c68b38,12,  ● Arcane Mage integration test: example log › MasterOfTime › matches the statistic snapshot,False,0.7900,none,2026-10-03T09:56:31.144387+00:00
wowanalyzer,1611503093_1145255a05b6e9b895fef993616518363be54fc6,react-app-rewired,1,22565,dabc3a033dfc3e21,12,  ● Arcane Mage integration test: example log › MasterOfTime › matches the suggestions snapshot,False,0.8000,none,2026-10-03T09:56:31.255419+00:00
wowanalyzer,1611503093_1145255a05b6e9b895fef993616518363be54fc6,react-app-rewired,1,22620,9418bb70d5a5eb70,14,  ● Arcane Mage integration test: example log › ArcaneEcho › matches the statistic snapshot,False,0.7800,none,2026-10-03T09:56:31.446652+00:00
wowanalyzer,1611503093_1145255a05b6e9b895fef993616518363be54fc6,react-app-rewired,1,22675,b4aaa98c107271da,17,  ● Arcane Mage integration test: example log › ArcaneEcho › matches the suggestions snapshot,False,0.7700,none,2026-10-03T09:56:31.577279+00:00
wowanalyzer,1611503093_1145255a05b6e9b895fef993616518363be54fc6,react-app-rewired,1,22730,ed328b47b777f648,12,  ● Arcane Mage integration test: example log › ArcaneHarmony › matches the statistic snapshot,False,0.7800,none,2026-10-03T09:56:31.694356+00:00
wowanalyzer,1611503093_1145255a05b6e9b895fef993616518363be54fc6,react-app-rewired,1,22785,5aad828b6f16ac49,12,  ● Arcane Mage integration test: example log › ArcaneHarmony › matches the suggestions snapshot,False,0.7700,none,2026-10-03T09:56:31.872465+00:00
wowanalyzer,1611503093_1145255a05b6e9b895fef993616518363be54fc6,react-app-rewired,1,22840,6fc9578d864f6803,12,  ● Arcane Mage integration test: example log › ArcaneBombardment › matches the statistic snapshot,False,0.7800,none,2026-10-03T09:56:32.009874+00:00
wowanalyzer,1611503093_1145255a05b6e9b895fef993616518363be54fc6,react-app-rewired,1,22895,c785082a039b73ad,12,  ● Arcane Mage integration test: example log › ArcaneBombardment › matches the suggestions snapshot,False,0.7700,none,2026-10-03T09:56:32.223431+00:00
wowanalyzer,1611503093_1145255a05b6e9b895fef993616518363be54fc6,react-app-rewired,1,22950,dd6a382e164c2def,15,  ● Arcane Mage integration test: example log › ShiftingPower › matches the statistic snapshot,False,0.7700,none,2026-10-03T09:56:32.270468+00:00
wowanalyzer,1611503093_1145255a05b6e9b895fef993616518363be54fc6,react-app-rewired,1,23005,92ae13ec772943a1,12,  ● Arcane Mage integration test: example log › ShiftingPower › matches the suggestions snapshot,False,0.7800,none,2026-10-03T09:56:32.447250+00:00
wowanalyzer,1611503093_1145255a05b6e9b895fef993616518363be54fc6,react-app-rewired,1,23060,f7bb577f4dd47042,21,  ● Arcane Mage integration test: example log › ArcaneProdigy › matches the statistic snapshot,False,0.7800,none,2026-10-03T09:56:32.584071+00:00
wowanalyzer,1611503093_1145255a05b6e9b895fef993616518363be54fc6,react-app-rewired,1,23115,34061f4753ed15b8,12,  ● Arcane Mage integration test: example log › ArcaneProdigy › matches the suggestions snapshot,False,0.8100,none,2026-10-03T09:56:32.763075+00:00
wowanalyzer,1611503093_1145255a05b6e9b895fef993616518363be54fc6,react-app-rewired,1,23170,70b9e38848615ea6,12,  ● Arcane Mage integration test: example log › ArtificeOfTheArchmage › matches the statistic snapshot,False,0.7800,none,2026-10-03T09:56:32.884679+00:00
wowanalyzer,1611503093_1145255a05b6e9b895fef993616518363be54fc6,react-app-rewired,1,23225,49602ec2749b88a3,12,  ● Arcane Mage integration test: example log › ArtificeOfTheArchmage › matches the suggestions snapshot,False,0.7800,none,2026-10-03T09:56:33.034460+00:00
wowanalyzer,1611503093_1145255a05b6e9b895fef993616518363be54fc6,react-app-rewired,1,23280,cd7788e810e3e300,21,  ● Arcane Mage integration test: example log › DivertedEnergy › matches the statistic snapshot,False,0.8100,none,2026-10-03T09:56:33.178451+00:00
wowanalyzer,1611503093_1145255a05b6e9b895fef993616518363be54fc6,react-app-rewired,1,23335,24fb46ec8d76ed62,12,  ● Arcane Mage integration test: example log › DivertedEnergy › matches the suggestions snapshot,False,0.7900,none,2026-10-03T09:56:33.361971+00:00
wowanalyzer,1611503093_1145255a05b6e9b895fef993616518363be54fc6,react-app-rewired,1,23390,62da7f3f32c0824f,12,  ● Arcane Mage integration test: example log › GroundingSurge › matches the statistic snapshot,False,0.8000,none,2026-10-03T09:56:33.508659+00:00
wowanalyzer,1611503093_1145255a05b6e9b895fef993616518363be54fc6,react-app-rewired,1,23445,60d9ed3e4dc1ab12,12,  ● Arcane Mage integration test: example log › GroundingSurge › matches the suggestions snapshot,False,0.7700,none,2026-10-03T09:56:33.627107+00:00
wowanalyzer,1611503093_1145255a05b6e9b895fef993616518363be54fc6,react-app-rewired,1,23500,a03ce4f21a5a0aec,21,  ● Arcane Mage integration test: example log › IreOfTheAscended › matches the statistic snapshot,False,0.7600,none,2026-10-03T09:56:33.799091+00:00
wowanalyzer,1611503093_1145255a05b6e9b895fef993616518363be54fc6,react-app-rewired,1,23555,51988624595730c0,12,  ● Arcane Mage integration test: example log › IreOfTheAscended › matches the suggestions snapshot,False,0.7800,none,2026-10-03T09:56:33.931363+00:00
wowanalyzer,1611503093_1145255a05b6e9b895fef993616518363be54fc6,react-app-rewired,1,23610,0aa7170a226ebb01,12,  ● Arcane Mage integration test: example log › TempestBarrier › matches the statistic snapshot,False,0.7800,none,2026-10-03T09:56:34.116060+00:00
wowanalyzer,1611503093_1145255a05b6e9b895fef993616518363be54fc6,react-app-rewired,1,23665,914672f818b48f11,12,  ● Arcane Mage integration test: example log › TempestBarrier › matches the suggestions snapshot,False,0.7900,none,2026-10-03T09:56:34.262526+00:00
wowanalyzer,1611503093_1145255a05b6e9b895fef993616518363be54fc6,react-app-rewired,1,23720,3b8f4ddc9f7e65ea,21,  ● Arcane Mage integration test: example log › SiphonedMalice › matches the statistic snapshot,False,0.7700,none,2026-10-03T09:56:34.399234+00:00
wowanalyzer,1611503093_1145255a05b6e9b895fef993616518363be54fc6,react-app-rewired,1,23775,bbd873b0af97b699,12,  ● Arcane Mage integration test: example log › SiphonedMalice › matches the suggestions snapshot,False,0.7900,none,2026-10-03T09:56:34.505872+00:00
wowanalyzer,1611503093_1145255a05b6e9b895fef993616518363be54fc6,react-app-rewired,1,29372,47168e7c254775f5,15,  ● Unholy Death Knight integration test: example log › FesteringStrikeEfficiency › matches the statistic snapshot,False,0.7700,none,2026-10-03T09:56:34.674852+00:00
wowanalyzer,1611503093_1145255a05b6e9b895fef993616518363be54fc6,react-app-rewired,1,29427,55912503ca64e8f2,13,  ● Unholy Death Knight integration test: example log › FesteringStrikeEfficiency › matches the suggestions snapshot,False,0.7600,none,2026-10-03T09:56:34.884721+00:00
wowanalyzer,1611503093_1145255a05b6e9b895fef993616518363be54fc6,react-app-rewired,1,29482,d0157fa434cfbf85,15,  ● Unholy Death Knight integration test: example log › ScourgeStrikeEfficiency › matches the statistic snapshot,False,0.7800,none,2026-10-03T09:56:35.010638+00:00
wowanalyzer,1611503093_1145255a05b6e9b895fef993616518363be54fc6,react-app-rewired,1,29592,8544621c6861d036,15,  ● Unholy Death Knight integration test: example log › Apocalypse › matches the statistic snapshot,False,0.7700,none,2026-10-03T09:56:35.303092+00:00
wowanalyzer,1611503093_1145255a05b6e9b895fef993616518363be54fc6,react-app-rewired,1,29537,d2725d3b2e98224b,13,  ● Unholy Death Knight integration test: example log › ScourgeStrikeEfficiency › matches the suggestions snapshot,False,0.7800,none,2026-10-03T09:56:35.423089+00:00
wowanalyzer,1611503093_1145255a05b6e9b895fef993616518363be54fc6,react-app-rewired,1,29647,e7cd65a10b79b1ec,13,  ● Unholy Death Knight integration test: example log › Apocalypse › matches the suggestions snapshot,False,0.7500,none,2026-10-03T09:56:35.431265+00:00
wowanalyzer,1611503093_1145255a05b6e9b895fef993616518363be54fc6,react-app-rewired,1,29702,493360724469638e,16,  ● Unholy Death Knight integration test: example log › VirulentPlagueEfficiency › matches the statistic snapshot,False,0.7500,none,2026-10-03T09:56:35.614160+00:00
wowanalyzer,1611503093_1145255a05b6e9b895fef993616518363be54fc6,react-app-rewired,1,29757,4a77cd70dd7ab356,13,  ● Unholy Death Knight integration test: example log › VirulentPlagueEfficiency › matches the suggestions snapshot,False,0.7700,none,2026-10-03T09:56:35.786638+00:00
wowanalyzer,1611503093_1145255a05b6e9b895fef993616518363be54fc6,react-app-rewired,1,29812,eb22def8c20e642d,13,  ● Unholy Death Knight integration test: example log › WoundTracker › matches the statistic snapshot,False,0.7500,none,2026-10-03T09:56:35.888264+00:00
wowanalyzer,1611503093_1145255a05b6e9b895fef993616518363be54fc6,react-app-rewired,1,29867,2ee131b93b433dc8,13,  ● Unholy Death Knight integration test: example log › WoundTracker › matches the suggestions snapshot,False,0.7700,none,2026-10-03T09:56:36.034208+00:00
wowanalyzer,1611503093_1145255a05b6e9b895fef993616518363be54fc6,react-app-rewired,1,29922,dff6f594df552c28,20,  ● Unholy Death Knight integration test: example log › SoulReaper › matches the statistic snapshot,False,0.7700,none,2026-10-03T09:56:36.187039+00:00
wowanalyzer,1611503093_1145255a05b6e9b895fef993616518363be54fc6,react-app-rewired,1,29977,db0ab445d096b718,13,  ● Unholy Death Knight integration test: example log › SoulReaper › matches the suggestions snapshot,False,0.7800,none,2026-10-03T09:56:36.329721+00:00
wowanalyzer,1611503093_1145255a05b6e9b895fef993616518363be54fc6,react-app-rewired,1,30032,ad4cde8d388bf2d7,19,  ● Unholy Death Knight integration test: example log › ArmyOfTheDamned › matches the statistic snapshot,False,0.7800,none,2026-10-03T09:56:36.620575+00:00
wowanalyzer,1611503093_1145255a05b6e9b895fef993616518363be54fc6,react-app-rewired,1,30087,9b726fbc4afa2cc5,13,  ● Unholy Death Knight integration test: example log › ArmyOfTheDamned › matches the suggestions snapshot,False,0.8000,none,2026-10-03T09:56:36.677499+00:00
wowanalyzer,1611503093_1145255a05b6e9b895fef993616518363be54fc6,react-app-rewired,1,30142,94300bd3e23d2e02,16,  ● Unholy Death Knight integration test: example log › RunicPowerTracker › matches the statistic snapshot,False,0.7800,none,2026-10-03T09:56:36.778420+00:00
wowanalyzer,1611503093_1145255a05b6e9b895fef993616518363be54fc6,react-app-rewired,1,30197,a8875d2769394979,16,  ● Unholy Death Knight integration test: example log › RunicPowerTracker › matches the suggestions snapshot,False,0.7900,none,2026-10-03T09:56:36.927632+00:00
wowanalyzer,1611503093_1145255a05b6e9b895fef993616518363be54fc6,react-app-rewired,1,30252,9a80f690ac2ade75,18,  ● Unholy Death Knight integration test: example log › RunicPowerDetails › matches the statistic snapshot,False,0.7800,none,2026-10-03T09:56:37.168840+00:00
wowanalyzer,1611503093_1145255a05b6e9b895fef993616518363be54fc6,react-app-rewired,1,30362,0bca2fb85e36f6ab,28,  ● Unholy Death Knight integration test: example log › RuneTracker › matches the statistic snapshot,False,0.7700,none,2026-10-03T09:56:37.422950+00:00
wowanalyzer,1611503093_1145255a05b6e9b895fef993616518363be54fc6,react-app-rewired,1,30307,cefdc76cebe705d2,16,  ● Unholy Death Knight integration test: example log › RunicPowerDetails › matches the suggestions snapshot,False,0.7800,none,2026-10-03T09:56:37.451630+00:00
wowanalyzer,1611503093_1145255a05b6e9b895fef993616518363be54fc6,react-app-rewired,1,30417,da73a7458f135923,26,  ● Unholy Death Knight integration test: example log › RuneTracker › matches the suggestions snapshot,False,0.7800,none,2026-10-03T09:56:37.545220+00:00
wowanalyzer,1611503093_1145255a05b6e9b895fef993616518363be54fc6,react-app-rewired,1,30472,5a813ac0ed9eeeec,16,  ● Unholy Death Knight integration test: example log › RuneDetails › matches the statistic snapshot,False,0.8000,none,2026-10-03T09:56:37.704029+00:00
wowanalyzer,1611503093_1145255a05b6e9b895fef993616518363be54fc6,react-app-rewired,1,30527,79ed5ac059d8749e,16,  ● Unholy Death Knight integration test: example log › RuneDetails › matches the suggestions snapshot,False,0.7800,none,2026-10-03T09:56:37.882736+00:00
wowanalyzer,1611503093_1145255a05b6e9b895fef993616518363be54fc6,react-app-rewired,1,30582,8206493a5b7cce2b,19,  ● Unholy Death Knight integration test: example log › RuneOfTheFallenCrusader › matches the statistic snapshot,False,0.7600,none,2026-10-03T09:56:38.002204+00:00
wowanalyzer,1611503093_1145255a05b6e9b895fef993616518363be54fc6,react-app-rewired,1,30637,be439019b03564c2,16,  ● Unholy Death Knight integration test: example log › RuneOfTheFallenCrusader › matches the suggestions snapshot,False,0.7800,none,2026-10-03T09:56:38.204198+00:00
wowanalyzer,1611503093_1145255a05b6e9b895fef993616518363be54fc6,react-app-rewired,1,30692,bc044188b58ef204,16,  ● Unholy Death Knight integration test: example log › RuneOfHysteria › matches the statistic snapshot,False,0.7900,none,2026-10-03T09:56:38.416659+00:00
wowanalyzer,1611503093_1145255a05b6e9b895fef993616518363be54fc6,react-app-rewired,1,30747,6f30f5549a051e83,16,  ● Unholy Death Knight integration test: example log › RuneOfHysteria › matches the suggestions snapshot,False,0.7700,none,2026-10-03T09:56:38.424707+00:00
wowanalyzer,1611503093_1145255a05b6e9b895fef993616518363be54fc6,react-app-rewired,1,30802,d156ab3f82dc6802,16,  ● Unholy Death Knight integration test: example log › Superstrain › matches the statistic snapshot,False,0.7700,none,2026-10-03T09:56:38.681921+00:00
wowanalyzer,1611503093_1145255a05b6e9b895fef993616518363be54fc6,react-app-rewired,1,30857,305dabfeedf794e7,16,  ● Unholy Death Knight integration test: example log › Superstrain › matches the suggestions snapshot,False,0.7900,none,2026-10-03T09:56:38.915706+00:00
wowanalyzer,1611503093_1145255a05b6e9b895fef993616518363be54fc6,react-app-rewired,1,30912,66dbb1882f775bc8,23,  ● Unholy Death Knight integration test: example log › SwarmingMist › matches the statistic snapshot,False,0.7800,none,2026-10-03T09:56:38.963987+00:00
wowanalyzer,1611503093_1145255a05b6e9b895fef993616518363be54fc6,react-app-rewired,1,30967,f3df510c8cc77488,17,  ● Unholy Death Knight integration test: example log › SwarmingMist › matches the suggestions snapshot,False,0.7900,none,2026-10-03T09:56:39.031724+00:00
wowanalyzer,1611503093_1145255a05b6e9b895fef993616518363be54fc6,react-app-rewired,1,31022,1230faea079cd8e3,13,  ● Unholy Death Knight integration test: example log › ConvocationOfTheDead › matches the statistic snapshot,False,0.7600,none,2026-10-03T09:56:39.242443+00:00
wowanalyzer,1611503093_1145255a05b6e9b895fef993616518363be54fc6,react-app-rewired,1,31077,3563e41dd0740531,13,  ● Unholy Death Knight integration test: example log › ConvocationOfTheDead › matches the suggestions snapshot,False,0.7800,none,2026-10-03T09:56:39.441449+00:00
wowanalyzer,1611503093_1145255a05b6e9b895fef993616518363be54fc6,react-app-rewired,1,36674,a48bb24538f3bf3a,15,  ● Frost Death Knight integration test: example log › HardHowlingBlastCasts › matches the statistic snapshot,False,0.7400,none,2026-10-03T09:56:39.521658+00:00
wowanalyzer,1611503093_1145255a05b6e9b895fef993616518363be54fc6,react-app-rewired,1,36729,f124fc17529c65df,13,  ● Frost Death Knight integration test: example log › HardHowlingBlastCasts › matches the suggestions snapshot,False,0.7800,none,2026-10-03T09:56:39.816765+00:00
wowanalyzer,1611503093_1145255a05b6e9b895fef993616518363be54fc6,react-app-rewired,1,36784,cedf6e3389c28834,16,  ● Frost Death Knight integration test: example log › FrostFeverUptime › matches the statistic snapshot,False,0.7600,none,2026-10-03T09:56:39.831263+00:00
wowanalyzer,1611503093_1145255a05b6e9b895fef993616518363be54fc6,react-app-rewired,1,36839,546132fd33abaf00,19,  ● Frost Death Knight integration test: example log › FrostFeverUptime › matches the suggestions snapshot,False,0.7600,none,2026-10-03T09:56:40.107540+00:00
wowanalyzer,1611503093_1145255a05b6e9b895fef993616518363be54fc6,react-app-rewired,1,36894,ae59956205be36c9,15,  ● Frost Death Knight integration test: example log › RimeEfficiency › matches the statistic snapshot,False,0.7600,none,2026-10-03T09:56:40.174305+00:00
wowanalyzer,1611503093_1145255a05b6e9b895fef993616518363be54fc6,react-app-rewired,1,36949,246579f379494eb7,13,  ● Frost Death Knight integration test: example log › RimeEfficiency › matches the suggestions snapshot,False,0.7900,none,2026-10-03T09:56:40.273984+00:00
wowanalyzer,1611503093_1145255a05b6e9b895fef993616518363be54fc6,react-app-rewired,1,37004,b50f5604ceba01fa,15,  ● Frost Death Knight integration test: example log › KillingMachineEfficiency › matches the statistic snapshot,False,0.7600,none,2026-10-03T09:56:40.512594+00:00
wowanalyzer,1611503093_1145255a05b6e9b895fef993616518363be54fc6,react-app-rewired,1,37059,2f2d10c983e0c35b,13,  ● Frost Death Knight integration test: example log › KillingMachineEfficiency › matches the suggestions snapshot,False,0.7700,none,2026-10-03T09:56:40.561813+00:00
wowanalyzer,1611503093_1145255a05b6e9b895fef993616518363be54fc6,react-app-rewired,1,37114,2fedebc41819e978,19,  ● Frost Death Knight integration test: example log › BreathOfSindragosa › matches the statistic snapshot,False,0.7700,none,2026-10-03T09:56:40.672820+00:00
wowanalyzer,1611503093_1145255a05b6e9b895fef993616518363be54fc6,react-app-rewired,1,37169,79361dd6bb6a61c7,18,  ● Frost Death Knight integration test: example log › BreathOfSindragosa › matches the suggestions snapshot,False,0.7900,none,2026-10-03T09:56:40.889892+00:00
wowanalyzer,1611503093_1145255a05b6e9b895fef993616518363be54fc6,react-app-rewired,1,37224,f6ae1873b1ee0878,13,  ● Frost Death Knight integration test: example log › HypothermicPresence › matches the statistic snapshot,False,0.7700,none,2026-10-03T09:56:40.997809+00:00
wowanalyzer,1611503093_1145255a05b6e9b895fef993616518363be54fc6,react-app-rewired,1,37774,0fd65866a5dcfbab,23,  ● Frost Death Knight integration test: example log › GatheringStorm › matches the statistic snapshot,False,0.7600,none,2026-10-03T09:56:41.296518+00:00
wowanalyzer,1611503093_1145255a05b6e9b895fef993616518363be54fc6,react-app-rewired,1,37279,294098b51166f62c,13,  ● Frost Death Knight integration test: example log › HypothermicPresence › matches the suggestions snapshot,False,0.7800,none,2026-10-03T09:56:41.377938+00:00
wowanalyzer,1611503093_1145255a05b6e9b895fef993616518363be54fc6,react-app-rewired,1,37829,8a28659466ed0430,13,  ● Frost Death Knight integration test: example log › GatheringStorm › matches the suggestions snapshot,False,0.7600,none,2026-10-03T09:56:41.446230+00:00
wowanalyzer,1611503093_1145255a05b6e9b895fef993616518363be54fc6,react-app-rewired,1,37884,5aba32567016b4fe,15,  ● Frost Death Knight integration test: example log › Frostscythe › matches the statistic snapshot,False,0.7800,none,2026-10-03T09:56:41.591282+00:00
wowanalyzer,1611503093_1145255a05b6e9b895fef993616518363be54fc6,react-app-rewired,1,37939,b342c65c65b749f4,13,  ● Frost Death Knight integration test: example log › Frostscythe › matches the suggestions snapshot,False,0.7800,none,2026-10-03T09:56:41.746226+00:00
wowanalyzer,1611503093_1145255a05b6e9b895fef993616518363be54fc6,react-app-rewired,1,44086,4a35328b70898a02,18,  ● Frost Mage integration test: example log › WintersChill › matches the statistic snapshot,False,0.7600,none,2026-10-03T09:56:41.889360+00:00
wowanalyzer,1611503093_1145255a05b6e9b895fef993616518363be54fc6,react-app-rewired,1,44141,e8b890e2c12d70cd,17,  ● Frost Mage integration test: example log › WintersChill › matches the suggestions snapshot,False,0.7900,none,2026-10-03T09:56:42.061814+00:00
wowanalyzer,1611503093_1145255a05b6e9b895fef993616518363be54fc6,react-app-rewired,1,44196,ea9bfd91ba7af985,14,  ● Frost Mage integration test: example log › BrainFreeze › matches the statistic snapshot,False,0.7800,none,2026-10-03T09:56:42.203368+00:00
wowanalyzer,1611503093_1145255a05b6e9b895fef993616518363be54fc6,react-app-rewired,1,44251,fd78818be53151bd,17,  ● Frost Mage integration test: example log › BrainFreeze › matches the suggestions snapshot,False,0.7900,none,2026-10-03T09:56:42.380456+00:00
wowanalyzer,1611503093_1145255a05b6e9b895fef993616518363be54fc6,react-app-rewired,1,44306,ff658474fcefed14,14,  ● Frost Mage integration test: example log › IceLance › matches the statistic snapshot,False,0.7800,none,2026-10-03T09:56:42.548517+00:00
wowanalyzer,1611503093_1145255a05b6e9b895fef993616518363be54fc6,react-app-rewired,1,44361,b46ea93a6a719a13,17,  ● Frost Mage integration test: example log › IceLance › matches the suggestions snapshot,False,0.7900,none,2026-10-03T09:56:42.700560+00:00
wowanalyzer,1611503093_1145255a05b6e9b895fef993616518363be54fc6,react-app-rewired,1,44416,288c57094d4dfc99,24,  ● Frost Mage integration test: example log › IcyVeins › matches the statistic snapshot,False,0.7900,none,2026-10-03T09:56:42.786003+00:00
wowanalyzer,1611503093_1145255a05b6e9b895fef993616518363be54fc6,react-app-rewired,1,44471,14040dca8f572220,19,  ● Frost Mage integration test: example log › IcyVeins › matches the suggestions snapshot,False,0.7800,none,2026-10-03T09:56:42.968371+00:00
wowanalyzer,1611503093_1145255a05b6e9b895fef993616518363be54fc6,react-app-rewired,1,44856,018c8393a1b20ca3,12,  ● Frost Mage integration test: example log › WaterElemental › matches the statistic snapshot,False,0.7800,none,2026-10-03T09:56:43.054096+00:00
wowanalyzer,1611503093_1145255a05b6e9b895fef993616518363be54fc6,react-app-rewired,1,44911,76b34556691ff386,12,  ● Frost Mage integration test: example log › WaterElemental › matches the suggestions snapshot,False,0.7800,none,2026-10-03T09:56:43.242985+00:00
wowanalyzer,1611503093_1145255a05b6e9b895fef993616518363be54fc6,react-app-rewired,1,44966,e651183502d637b3,12,  ● Frost Mage integration test: example log › BoneChilling › matches the statistic snapshot,False,0.7600,none,2026-10-03T09:56:43.376612+00:00
wowanalyzer,1611503093_1145255a05b6e9b895fef993616518363be54fc6,react-app-rewired,1,45021,1d8ee881dbfa4789,12,  ● Frost Mage integration test: example log › BoneChilling › matches the suggestions snapshot,False,0.7900,none,2026-10-03T09:56:43.563486+00:00
wowanalyzer,1611503093_1145255a05b6e9b895fef993616518363be54fc6,react-app-rewired,1,45076,ae15b3095f306291,18,  ● Frost Mage integration test: example log › LonelyWinter › matches the statistic snapshot,False,0.7800,none,2026-10-03T09:56:43.694759+00:00
wowanalyzer,1611503093_1145255a05b6e9b895fef993616518363be54fc6,react-app-rewired,1,45131,ee4e87c6ae12d56c,12,  ● Frost Mage integration test: example log › LonelyWinter › matches the suggestions snapshot,False,0.7700,none,2026-10-03T09:56:43.884088+00:00
wowanalyzer,1611503093_1145255a05b6e9b895fef993616518363be54fc6,react-app-rewired,1,45186,3403a35c457d9ef8,12,  ● Frost Mage integration test: example log › FocusMagic › matches the statistic snapshot,False,0.7700,none,2026-10-03T09:56:43.991960+00:00
wowanalyzer,1611503093_1145255a05b6e9b895fef993616518363be54fc6,react-app-rewired,1,45241,8e30f3541f16278c,12,  ● Frost Mage integration test: example log › FocusMagic › matches the suggestions snapshot,False,0.8100,none,2026-10-03T09:56:44.163489+00:00
wowanalyzer,1611503093_1145255a05b6e9b895fef993616518363be54fc6,react-app-rewired,1,45406,47d7f4375eb0e15b,23,  ● Frost Mage integration test: example log › SplittingIce › matches the statistic snapshot,False,0.7700,none,2026-10-03T09:56:44.288601+00:00
wowanalyzer,1611503093_1145255a05b6e9b895fef993616518363be54fc6,react-app-rewired,1,45461,04c2eae6a67b8ae6,12,  ● Frost Mage integration test: example log › SplittingIce › matches the suggestions snapshot,False,0.8000,none,2026-10-03T09:56:44.448983+00:00
wowanalyzer,1611503093_1145255a05b6e9b895fef993616518363be54fc6,react-app-rewired,1,45516,b7daa6fea326c2b7,17,  ● Frost Mage integration test: example log › ThermalVoid › matches the statistic snapshot,False,0.7700,none,2026-10-03T09:56:44.613709+00:00
wowanalyzer,1611503093_1145255a05b6e9b895fef993616518363be54fc6,react-app-rewired,1,45571,fcd6c5ddafaca965,12,  ● Frost Mage integration test: example log › ThermalVoid › matches the suggestions snapshot,False,0.7800,none,2026-10-03T09:56:44.750124+00:00
wowanalyzer,1611503093_1145255a05b6e9b895fef993616518363be54fc6,react-app-rewired,1,45626,1b8d6fd2c891e589,12,  ● Frost Mage integration test: example log › GlacialSpike › matches the statistic snapshot,False,0.7900,none,2026-10-03T09:56:44.966418+00:00
wowanalyzer,1611503093_1145255a05b6e9b895fef993616518363be54fc6,react-app-rewired,1,45681,07d9475cfe57c520,12,  ● Frost Mage integration test: example log › GlacialSpike › matches the suggestions snapshot,False,0.8000,none,2026-10-03T09:56:45.033741+00:00
wowanalyzer,1611503093_1145255a05b6e9b895fef993616518363be54fc6,react-app-rewired,1,45736,1baee2fe9395b9fe,12,  ● Frost Mage integration test: example log › FrozenOrb › matches the statistic snapshot,False,0.7700,none,2026-10-03T09:56:45.167105+00:00
wowanalyzer,1611503093_1145255a05b6e9b895fef993616518363be54fc6,react-app-rewired,1,45791,ce3d2082ea6554f3,12,  ● Frost Mage integration test: example log › FrozenOrb › matches the suggestions snapshot,False,0.7900,none,2026-10-03T09:56:45.382005+00:00
wowanalyzer,1611503093_1145255a05b6e9b895fef993616518363be54fc6,react-app-rewired,1,45846,edcc677ec99c0a85,12,  ● Frost Mage integration test: example log › ColdSnap › matches the statistic snapshot,False,0.7800,none,2026-10-03T09:56:45.479994+00:00
wowanalyzer,1611503093_1145255a05b6e9b895fef993616518363be54fc6,react-app-rewired,1,45901,8cf0d3330ad84fd5,12,  ● Frost Mage integration test: example log › ColdSnap › matches the suggestions snapshot,False,0.7700,none,2026-10-03T09:56:45.624951+00:00
wowanalyzer,1611503093_1145255a05b6e9b895fef993616518363be54fc6,react-app-rewired,1,45956,3736ee1d6f291bc4,12,  ● Frost Mage integration test: example log › ColdFront › matches the statistic snapshot,False,0.7500,none,2026-10-03T09:56:45.790422+00:00
wowanalyzer,1611503093_1145255a05b6e9b895fef993616518363be54fc6,react-app-rewired,1,46011,acfb083bb25a6484,12,  ● Frost Mage integration test: example log › ColdFront › matches the suggestions snapshot,False,0.7600,none,2026-10-03T09:56:45.934569+00:00
wowanalyzer,1611503093_1145255a05b6e9b895fef993616518363be54fc6,react-app-rewired,1,46066,677b4d3466deb1e9,12,  ● Frost Mage integration test: example log › GlacialFragments › matches the statistic snapshot,False,0.7800,none,2026-10-03T09:56:46.119715+00:00
wowanalyzer,1611503093_1145255a05b6e9b895fef993616518363be54fc6,react-app-rewired,1,46121,2f02aed0b1775c6f,12,  ● Frost Mage integration test: example log › GlacialFragments › matches the suggestions snapshot,False,0.7800,none,2026-10-03T09:56:46.263505+00:00
wowanalyzer,1611503093_1145255a05b6e9b895fef993616518363be54fc6,react-app-rewired,1,46286,5150f056d2a649a6,27,  ● Frost Mage integration test: example log › IceBite › matches the statistic snapshot,False,0.7800,none,2026-10-03T09:56:46.390517+00:00
wowanalyzer,1611503093_1145255a05b6e9b895fef993616518363be54fc6,react-app-rewired,1,46341,b7529679e37dee9f,12,  ● Frost Mage integration test: example log › IceBite › matches the suggestions snapshot,False,0.7700,none,2026-10-03T09:56:46.616531+00:00
wowanalyzer,1611503093_1145255a05b6e9b895fef993616518363be54fc6,react-app-rewired,1,46396,6f834bdee0ad8c9f,21,  ● Frost Mage integration test: example log › IcyPropulsion › matches the statistic snapshot,False,0.8000,none,2026-10-03T09:56:46.741852+00:00
wowanalyzer,1611503093_1145255a05b6e9b895fef993616518363be54fc6,react-app-rewired,1,46451,865bc5ae589691a8,12,  ● Frost Mage integration test: example log › IcyPropulsion › matches the suggestions snapshot,False,0.8000,none,2026-10-03T09:56:46.846809+00:00
wowanalyzer,1611503093_1145255a05b6e9b895fef993616518363be54fc6,react-app-rewired,1,46506,662ef5f572be7667,12,  ● Frost Mage integration test: example log › ShiveringCore › matches the statistic snapshot,False,0.7600,none,2026-10-03T09:56:46.995659+00:00
wowanalyzer,1611503093_1145255a05b6e9b895fef993616518363be54fc6,react-app-rewired,1,46561,5c40d2aba7a46768,12,  ● Frost Mage integration test: example log › ShiveringCore › matches the suggestions snapshot,False,0.7700,none,2026-10-03T09:56:47.161421+00:00
wowanalyzer,1611503093_1145255a05b6e9b895fef993616518363be54fc6,react-app-rewired,1,46616,2c2d687c8964f436,12,  ● Frost Mage integration test: example log › UnrelentingCold › matches the statistic snapshot,False,0.8100,none,2026-10-03T09:56:47.340400+00:00
wowanalyzer,1611503093_1145255a05b6e9b895fef993616518363be54fc6,react-app-rewired,1,46671,22017ef8e3e2fccb,12,  ● Frost Mage integration test: example log › UnrelentingCold › matches the suggestions snapshot,False,0.7700,none,2026-10-03T09:56:47.427947+00:00
wowanalyzer,1611503093_1145255a05b6e9b895fef993616518363be54fc6,react-app-rewired,1,52928,a0eafed642faffff,19,  ● Fire Mage integration test: example log › HotStreak › matches the statistic snapshot,False,0.7700,none,2026-10-03T09:56:47.591922+00:00
wowanalyzer,1611503093_1145255a05b6e9b895fef993616518363be54fc6,react-app-rewired,1,52983,e467b26ebc7da079,12,  ● Fire Mage integration test: example log › HotStreak › matches the suggestions snapshot,False,0.7500,none,2026-10-03T09:56:47.707518+00:00
wowanalyzer,1611503093_1145255a05b6e9b895fef993616518363be54fc6,react-app-rewired,1,53038,f52ba01c81f385d7,12,  ● Fire Mage integration test: example log › HotStreakPreCasts › matches the statistic snapshot,False,0.7800,none,2026-10-03T09:56:47.908264+00:00
wowanalyzer,1611503093_1145255a05b6e9b895fef993616518363be54fc6,react-app-rewired,1,53093,e86988978d79c2e9,17,  ● Fire Mage integration test: example log › HotStreakPreCasts › matches the suggestions snapshot,False,0.7800,none,2026-10-03T09:56:48.019040+00:00
wowanalyzer,1611503093_1145255a05b6e9b895fef993616518363be54fc6,react-app-rewired,1,53148,592a6a70f1b6dce1,12,  ● Fire Mage integration test: example log › HotStreakWastedCrits › matches the statistic snapshot,False,0.7700,none,2026-10-03T09:56:48.191417+00:00
wowanalyzer,1611503093_1145255a05b6e9b895fef993616518363be54fc6,react-app-rewired,1,53203,878be5bed439a68f,17,  ● Fire Mage integration test: example log › HotStreakWastedCrits › matches the suggestions snapshot,False,0.7800,none,2026-10-03T09:56:48.339452+00:00
wowanalyzer,1611503093_1145255a05b6e9b895fef993616518363be54fc6,react-app-rewired,1,53258,6e4d4f6ecb219c92,12,  ● Fire Mage integration test: example log › CombustionFirestarter › matches the statistic snapshot,False,0.7900,none,2026-10-03T09:56:48.626881+00:00
wowanalyzer,1611503093_1145255a05b6e9b895fef993616518363be54fc6,react-app-rewired,1,53313,fed60977a32562da,12,  ● Fire Mage integration test: example log › CombustionFirestarter › matches the suggestions snapshot,False,0.8100,none,2026-10-03T09:56:48.642748+00:00
wowanalyzer,1611503093_1145255a05b6e9b895fef993616518363be54fc6,react-app-rewired,1,53368,5fd8c28a17982817,12,  ● Fire Mage integration test: example log › CombustionCharges › matches the statistic snapshot,False,0.7800,none,2026-10-03T09:56:48.785570+00:00
wowanalyzer,1611503093_1145255a05b6e9b895fef993616518363be54fc6,react-app-rewired,1,53423,c885dcb0fb0a1862,17,  ● Fire Mage integration test: example log › CombustionCharges › matches the suggestions snapshot,False,0.7800,none,2026-10-03T09:56:48.938630+00:00
wowanalyzer,1611503093_1145255a05b6e9b895fef993616518363be54fc6,react-app-rewired,1,53478,bdf4e4b8870bc07c,12,  ● Fire Mage integration test: example log › CombustionSpellUsage › matches the statistic snapshot,False,0.7900,none,2026-10-03T09:56:49.170097+00:00
wowanalyzer,1611503093_1145255a05b6e9b895fef993616518363be54fc6,react-app-rewired,1,53533,da5fffcad9efecb2,17,  ● Fire Mage integration test: example log › CombustionSpellUsage › matches the suggestions snapshot,False,0.7800,none,2026-10-03T09:56:49.213575+00:00
wowanalyzer,1611503093_1145255a05b6e9b895fef993616518363be54fc6,react-app-rewired,1,53588,ce9b96c1e2b33cd0,30,  ● Fire Mage integration test: example log › CombustionActiveTime › matches the statistic snapshot,False,0.8000,none,2026-10-03T09:56:49.397399+00:00
wowanalyzer,1611503093_1145255a05b6e9b895fef993616518363be54fc6,react-app-rewired,1,53643,1ad3c4c114c78a64,25,  ● Fire Mage integration test: example log › CombustionActiveTime › matches the suggestions snapshot,False,0.7700,none,2026-10-03T09:56:49.533574+00:00
wowanalyzer,1611503093_1145255a05b6e9b895fef993616518363be54fc6,react-app-rewired,1,53698,720433b79c5fd1e0,12,  ● Fire Mage integration test: example log › PhoenixFlames › matches the statistic snapshot,False,0.7800,none,2026-10-03T09:56:49.698639+00:00
wowanalyzer,1611503093_1145255a05b6e9b895fef993616518363be54fc6,react-app-rewired,1,53753,c5e17fe3e08402d0,21,  ● Fire Mage integration test: example log › PhoenixFlames › matches the suggestions snapshot,False,0.8100,none,2026-10-03T09:56:49.823686+00:00
wowanalyzer,1611503093_1145255a05b6e9b895fef993616518363be54fc6,react-app-rewired,1,53808,2767b4666fd49792,18,  ● Fire Mage integration test: example log › HeatingUp › matches the statistic snapshot,False,0.7700,none,2026-10-03T09:56:50.019115+00:00
wowanalyzer,1611503093_1145255a05b6e9b895fef993616518363be54fc6,react-app-rewired,1,54358,9db3f45f003170fd,18,  ● Fire Mage integration test: example log › Kindling › matches the statistic snapshot,False,0.7900,none,2026-10-03T09:56:50.340163+00:00
wowanalyzer,1611503093_1145255a05b6e9b895fef993616518363be54fc6,react-app-rewired,1,54413,c8abaf83eb88b243,12,  ● Fire Mage integration test: example log › Kindling › matches the suggestions snapshot,False,0.8000,none,2026-10-03T09:56:50.425490+00:00
wowanalyzer,1611503093_1145255a05b6e9b895fef993616518363be54fc6,react-app-rewired,1,54468,fc219defc390f4d0,12,  ● Fire Mage integration test: example log › Meteor › matches the statistic snapshot,False,0.7900,none,2026-10-03T09:56:50.596292+00:00
wowanalyzer,1611503093_1145255a05b6e9b895fef993616518363be54fc6,react-app-rewired,1,54523,0f676214bd655abf,12,  ● Fire Mage integration test: example log › Meteor › matches the suggestions snapshot,False,0.7800,none,2026-10-03T09:56:50.816542+00:00
wowanalyzer,1611503093_1145255a05b6e9b895fef993616518363be54fc6,react-app-rewired,1,54578,6c29fe3f960fd98c,12,  ● Fire Mage integration test: example log › MeteorRune › matches the statistic snapshot,False,0.7900,none,2026-10-03T09:56:50.883120+00:00
wowanalyzer,1611503093_1145255a05b6e9b895fef993616518363be54fc6,react-app-rewired,1,54633,97329959f1e24aeb,12,  ● Fire Mage integration test: example log › MeteorRune › matches the suggestions snapshot,False,0.8000,none,2026-10-03T09:56:51.030553+00:00
wowanalyzer,1611503093_1145255a05b6e9b895fef993616518363be54fc6,react-app-rewired,1,53863,c518a3673c253dd1,17,  ● Fire Mage integration test: example log › HeatingUp › matches the suggestions snapshot,False,0.7800,none,2026-10-03T09:56:51.105653+00:00
wowanalyzer,1611503093_1145255a05b6e9b895fef993616518363be54fc6,react-app-rewired,1,54688,f850a25d69ce31f2,12,  ● Fire Mage integration test: example log › MeteorCombustion › matches the statistic snapshot,False,0.7700,none,2026-10-03T09:56:51.192690+00:00
wowanalyzer,1611503093_1145255a05b6e9b895fef993616518363be54fc6,react-app-rewired,1,54743,41025b81c0fa285f,12,  ● Fire Mage integration test: example log › MeteorCombustion › matches the suggestions snapshot,False,0.7800,none,2026-10-03T09:56:51.345473+00:00
wowanalyzer,1611503093_1145255a05b6e9b895fef993616518363be54fc6,react-app-rewired,1,54798,2d0ea9db404c0143,12,  ● Fire Mage integration test: example log › Pyroclasm › matches the statistic snapshot,False,0.7800,none,2026-10-03T09:56:51.498347+00:00
wowanalyzer,1611503093_1145255a05b6e9b895fef993616518363be54fc6,react-app-rewired,1,54853,0cde005fd9016a2e,12,  ● Fire Mage integration test: example log › Pyroclasm › matches the suggestions snapshot,False,0.7800,none,2026-10-03T09:56:51.698665+00:00
wowanalyzer,1611503093_1145255a05b6e9b895fef993616518363be54fc6,react-app-rewired,1,54908,65627d3872c2a6d8,14,  ● Fire Mage integration test: example log › SearingTouch › matches the statistic snapshot,False,0.7800,none,2026-10-03T09:56:51.822988+00:00
wowanalyzer,1611503093_1145255a05b6e9b895fef993616518363be54fc6,react-app-rewired,1,54963,4a4cec60eb84f2db,12,  ● Fire Mage integration test: example log › SearingTouch › matches the suggestions snapshot,False,0.7900,none,2026-10-03T09:56:51.932562+00:00
wowanalyzer,1611503093_1145255a05b6e9b895fef993616518363be54fc6,react-app-rewired,1,55018,369a1446be18ea08,12,  ● Fire Mage integration test: example log › FromTheAshes › matches the statistic snapshot,False,0.7700,none,2026-10-03T09:56:52.085170+00:00
wowanalyzer,1611503093_1145255a05b6e9b895fef993616518363be54fc6,react-app-rewired,1,55073,f85012b219822a0e,12,  ● Fire Mage integration test: example log › FromTheAshes › matches the suggestions snapshot,False,0.8100,none,2026-10-03T09:56:52.242176+00:00
wowanalyzer,1611503093_1145255a05b6e9b895fef993616518363be54fc6,react-app-rewired,1,55128,f0ab4f7da8634022,12,  ● Fire Mage integration test: example log › FeveredIncantation › matches the statistic snapshot,False,0.7900,none,2026-10-03T09:56:52.386471+00:00
wowanalyzer,1611503093_1145255a05b6e9b895fef993616518363be54fc6,react-app-rewired,1,55183,c694b684aa68db31,12,  ● Fire Mage integration test: example log › FeveredIncantation › matches the suggestions snapshot,False,0.7900,none,2026-10-03T09:56:52.566008+00:00
wowanalyzer,1611503093_1145255a05b6e9b895fef993616518363be54fc6,react-app-rewired,1,55238,6f8e22f6985df54f,14,  ● Fire Mage integration test: example log › Firestorm › matches the statistic snapshot,False,0.7700,none,2026-10-03T09:56:52.713254+00:00
wowanalyzer,1611503093_1145255a05b6e9b895fef993616518363be54fc6,react-app-rewired,1,55293,71cc61b216070ea4,12,  ● Fire Mage integration test: example log › Firestorm › matches the suggestions snapshot,False,0.8000,none,2026-10-03T09:56:52.840074+00:00
wowanalyzer,1611503093_1145255a05b6e9b895fef993616518363be54fc6,react-app-rewired,1,55458,0047bc3c8ba689c7,12,  ● Fire Mage integration test: example log › ShiftingPowerUsage › matches the statistic snapshot,False,0.7900,none,2026-10-03T09:56:52.987293+00:00
wowanalyzer,1611503093_1145255a05b6e9b895fef993616518363be54fc6,react-app-rewired,1,55513,54a0c87c467b30e9,17,  ● Fire Mage integration test: example log › ShiftingPowerUsage › matches the suggestions snapshot,False,0.7700,none,2026-10-03T09:56:53.121230+00:00
wowanalyzer,1611503093_1145255a05b6e9b895fef993616518363be54fc6,react-app-rewired,1,55568,f3337398d86989d6,12,  ● Fire Mage integration test: example log › MirrorsOfTorment › matches the statistic snapshot,False,0.7700,none,2026-10-03T09:56:53.291949+00:00
wowanalyzer,1611503093_1145255a05b6e9b895fef993616518363be54fc6,react-app-rewired,1,55623,c4ea8dc2e408e549,12,  ● Fire Mage integration test: example log › MirrorsOfTorment › matches the suggestions snapshot,False,0.7700,none,2026-10-03T09:56:53.433665+00:00
wowanalyzer,1611503093_1145255a05b6e9b895fef993616518363be54fc6,react-app-rewired,1,55678,f700397a528b058e,9,  ● Fire Mage integration test: example log › MasterFlame › matches the statistic snapshot,False,0.7800,none,2026-10-03T09:56:53.634764+00:00
wowanalyzer,1611503093_1145255a05b6e9b895fef993616518363be54fc6,react-app-rewired,1,55733,ee0b2fa43f47f78c,9,  ● Fire Mage integration test: example log › MasterFlame › matches the suggestions snapshot,False,0.7700,none,2026-10-03T09:56:53.876581+00:00
wowanalyzer,1611503093_1145255a05b6e9b895fef993616518363be54fc6,react-app-rewired,1,55788,a69dac7dbbf814e4,9,  ● Fire Mage integration test: example log › ControlledDestruction › matches the statistic snapshot,False,0.7800,none,2026-10-03T09:56:54.015956+00:00
wowanalyzer,1611503093_1145255a05b6e9b895fef993616518363be54fc6,react-app-rewired,1,55843,259140d6c5b26899,9,  ● Fire Mage integration test: example log › ControlledDestruction › matches the suggestions snapshot,False,0.7900,none,2026-10-03T09:56:54.043666+00:00
wowanalyzer,1611503093_1145255a05b6e9b895fef993616518363be54fc6,react-app-rewired,1,55898,4a7e034461e00a55,28,  ● Fire Mage integration test: example log › InfernalCascade › matches the statistic snapshot,False,0.7900,none,2026-10-03T09:56:54.170843+00:00
wowanalyzer,1611503093_1145255a05b6e9b895fef993616518363be54fc6,react-app-rewired,1,61990,a35f2c9cb7fe2390,16,  ● Elemental Shaman integration test: Hungering Destroyer log › FlameShock › matches the statistic snapshot,False,0.7900,none,2026-10-03T09:56:54.474403+00:00
wowanalyzer,1611503093_1145255a05b6e9b895fef993616518363be54fc6,react-app-rewired,1,55953,e43f371ca86bb066,17,  ● Fire Mage integration test: example log › InfernalCascade › matches the suggestions snapshot,False,0.7600,none,2026-10-03T09:56:54.560525+00:00
wowanalyzer,1611503093_1145255a05b6e9b895fef993616518363be54fc6,react-app-rewired,1,62045,f57d8d1c1a19e6a0,15,  ● Elemental Shaman integration test: Hungering Destroyer log › FlameShock › matches the suggestions snapshot,False,0.7800,none,2026-10-03T09:56:54.658427+00:00
wowanalyzer,1611503093_1145255a05b6e9b895fef993616518363be54fc6,react-app-rewired,1,62100,506cc6339c76ed69,14,  ● Elemental Shaman integration test: Hungering Destroyer log › LavaSurge › matches the statistic snapshot,False,0.7900,none,2026-10-03T09:56:54.827906+00:00
wowanalyzer,1611503093_1145255a05b6e9b895fef993616518363be54fc6,react-app-rewired,1,62155,fa9c838591d8c8af,14,  ● Elemental Shaman integration test: Hungering Destroyer log › LavaSurge › matches the suggestions snapshot,False,0.7900,none,2026-10-03T09:56:54.940153+00:00
wowanalyzer,1611503093_1145255a05b6e9b895fef993616518363be54fc6,react-app-rewired,1,62320,f7957648d5fefef7,14,  ● Elemental Shaman integration test: Hungering Destroyer log › EarthenRage › matches the statistic snapshot,False,0.8100,none,2026-10-03T09:56:55.086499+00:00
wowanalyzer,1611503093_1145255a05b6e9b895fef993616518363be54fc6,react-app-rewired,1,62375,1587202e51628b1c,14,  ● Elemental Shaman integration test: Hungering Destroyer log › EarthenRage › matches the suggestions snapshot,False,0.7600,none,2026-10-03T09:56:55.281442+00:00
wowanalyzer,1611503093_1145255a05b6e9b895fef993616518363be54fc6,react-app-rewired,1,62430,501ce27509f870a8,14,  ● Elemental Shaman integration test: Hungering Destroyer log › Aftershock › matches the statistic snapshot,False,0.7900,none,2026-10-03T09:56:55.388449+00:00
wowanalyzer,1611503093_1145255a05b6e9b895fef993616518363be54fc6,react-app-rewired,1,62485,2c9e9022e95a5c48,14,  ● Elemental Shaman integration test: Hungering Destroyer log › Aftershock › matches the suggestions snapshot,False,0.7800,none,2026-10-03T09:56:55.588480+00:00
wowanalyzer,1611503093_1145255a05b6e9b895fef993616518363be54fc6,react-app-rewired,1,62540,dcfb19b5873d2551,16,  ● Elemental Shaman integration test: Hungering Destroyer log › ElementalBlast › matches the statistic snapshot,False,0.8000,none,2026-10-03T09:56:55.750557+00:00
wowanalyzer,1611503093_1145255a05b6e9b895fef993616518363be54fc6,react-app-rewired,1,62595,e5e1a9f2f3491729,14,  ● Elemental Shaman integration test: Hungering Destroyer log › ElementalBlast › matches the suggestions snapshot,False,0.7900,none,2026-10-03T09:56:55.841031+00:00
wowanalyzer,1611503093_1145255a05b6e9b895fef993616518363be54fc6,react-app-rewired,1,62650,442f8391589d1458,16,  ● Elemental Shaman integration test: Hungering Destroyer log › SpiritWolf › matches the statistic snapshot,False,0.7900,none,2026-10-03T09:56:56.047183+00:00
wowanalyzer,1611503093_1145255a05b6e9b895fef993616518363be54fc6,react-app-rewired,1,62705,c07b99bb2a3a6e37,14,  ● Elemental Shaman integration test: Hungering Destroyer log › SpiritWolf › matches the suggestions snapshot,False,0.7900,none,2026-10-03T09:56:56.150513+00:00
wowanalyzer,1611503093_1145255a05b6e9b895fef993616518363be54fc6,react-app-rewired,1,62760,c0aea1882fc92890,14,  ● Elemental Shaman integration test: Hungering Destroyer log › EarthShield › matches the statistic snapshot,False,0.8000,none,2026-10-03T09:56:56.364565+00:00
wowanalyzer,1611503093_1145255a05b6e9b895fef993616518363be54fc6,react-app-rewired,1,62815,e19fee29ebb9539e,14,  ● Elemental Shaman integration test: Hungering Destroyer log › EarthShield › matches the suggestions snapshot,False,0.8000,none,2026-10-03T09:56:56.440488+00:00
wowanalyzer,1611503093_1145255a05b6e9b895fef993616518363be54fc6,react-app-rewired,1,62870,8e4a918c5b52c8cc,14,  ● Elemental Shaman integration test: Hungering Destroyer log › StaticCharge › matches the statistic snapshot,False,0.7900,none,2026-10-03T09:56:56.612354+00:00
wowanalyzer,1611503093_1145255a05b6e9b895fef993616518363be54fc6,react-app-rewired,1,62925,a6dfe57de676145f,14,  ● Elemental Shaman integration test: Hungering Destroyer log › StaticCharge › matches the suggestions snapshot,False,0.7900,none,2026-10-03T09:56:56.743020+00:00
wowanalyzer,1611503093_1145255a05b6e9b895fef993616518363be54fc6,react-app-rewired,1,62980,119f1443397993fb,20,  ● Elemental Shaman integration test: Hungering Destroyer log › MasterOfTheElements › matches the statistic snapshot,False,0.8000,none,2026-10-03T09:56:56.928222+00:00
wowanalyzer,1611503093_1145255a05b6e9b895fef993616518363be54fc6,react-app-rewired,1,63035,5cb49c43c3248348,14,  ● Elemental Shaman integration test: Hungering Destroyer log › MasterOfTheElements › matches the suggestions snapshot,False,0.8100,none,2026-10-03T09:56:57.032555+00:00
wowanalyzer,1611503093_1145255a05b6e9b895fef993616518363be54fc6,react-app-rewired,1,63090,8047c4ae9fd8ca51,14,  ● Elemental Shaman integration test: Hungering Destroyer log › StormElemental › matches the statistic snapshot,False,0.8000,none,2026-10-03T09:56:57.247602+00:00
wowanalyzer,1611503093_1145255a05b6e9b895fef993616518363be54fc6,react-app-rewired,1,63145,e84ec763cbd11051,14,  ● Elemental Shaman integration test: Hungering Destroyer log › StormElemental › matches the suggestions snapshot,False,0.7900,none,2026-10-03T09:56:57.348996+00:00
wowanalyzer,1611503093_1145255a05b6e9b895fef993616518363be54fc6,react-app-rewired,1,63200,a55e17f28e48dee8,14,  ● Elemental Shaman integration test: Hungering Destroyer log › LiquidMagmaTotem › matches the statistic snapshot,False,0.8000,none,2026-10-03T09:56:57.483113+00:00
wowanalyzer,1611503093_1145255a05b6e9b895fef993616518363be54fc6,react-app-rewired,1,63255,d6315b347473b1fe,14,  ● Elemental Shaman integration test: Hungering Destroyer log › LiquidMagmaTotem › matches the suggestions snapshot,False,0.8000,none,2026-10-03T09:56:57.631524+00:00
wowanalyzer,1611503093_1145255a05b6e9b895fef993616518363be54fc6,react-app-rewired,1,63310,f7e9358a7fcb13f6,14,  ● Elemental Shaman integration test: Hungering Destroyer log › SurgeOfPower › matches the statistic snapshot,False,0.7800,none,2026-10-03T09:56:57.784146+00:00
wowanalyzer,1611503093_1145255a05b6e9b895fef993616518363be54fc6,react-app-rewired,1,63365,2a752797e2e10a87,14,  ● Elemental Shaman integration test: Hungering Destroyer log › SurgeOfPower › matches the suggestions snapshot,False,0.7900,none,2026-10-03T09:56:58.213945+00:00
wowanalyzer,1611503093_1145255a05b6e9b895fef993616518363be54fc6,react-app-rewired,1,63420,6701fa5fc9021c94,20,  ● Elemental Shaman integration test: Hungering Destroyer log › PrimalFireElemental › matches the statistic snapshot,False,0.7900,none,2026-10-03T09:56:58.229011+00:00
wowanalyzer,1611503093_1145255a05b6e9b895fef993616518363be54fc6,react-app-rewired,1,63475,b973f6c73cd716b4,14,  ● Elemental Shaman integration test: Hungering Destroyer log › PrimalFireElemental › matches the suggestions snapshot,False,0.8000,none,2026-10-03T09:56:58.247209+00:00
wowanalyzer,1611503093_1145255a05b6e9b895fef993616518363be54fc6,react-app-rewired,1,63530,ebe7e22254959b22,14,  ● Elemental Shaman integration test: Hungering Destroyer log › PrimalStormElemental › matches the statistic snapshot,False,0.7900,none,2026-10-03T09:56:58.400051+00:00
wowanalyzer,1611503093_1145255a05b6e9b895fef993616518363be54fc6,react-app-rewired,1,63585,0ba54c80050169cf,14,  ● Elemental Shaman integration test: Hungering Destroyer log › PrimalStormElemental › matches the suggestions snapshot,False,0.7700,none,2026-10-03T09:56:58.546909+00:00
wowanalyzer,1611503093_1145255a05b6e9b895fef993616518363be54fc6,react-app-rewired,1,63640,b410d8f0bb60406f,14,  ● Elemental Shaman integration test: Hungering Destroyer log › Icefury › matches the statistic snapshot,False,0.7800,none,2026-10-03T09:56:58.824224+00:00
wowanalyzer,1611503093_1145255a05b6e9b895fef993616518363be54fc6,react-app-rewired,1,63695,9221978442871bc6,19,  ● Elemental Shaman integration test: Hungering Destroyer log › Icefury › matches the suggestions snapshot,False,0.7800,none,2026-10-03T09:56:58.848335+00:00
wowanalyzer,1611503093_1145255a05b6e9b895fef993616518363be54fc6,react-app-rewired,1,63750,3334efabd775eeb0,14,  ● Elemental Shaman integration test: Hungering Destroyer log › UnlimitedPowerTimesByStacks › matches the statistic sna,False,0.7900,none,2026-10-03T09:56:59.049774+00:00
wowanalyzer,1611503093_1145255a05b6e9b895fef993616518363be54fc6,react-app-rewired,1,63805,3231d43742628da0,14,  ● Elemental Shaman integration test: Hungering Destroyer log › UnlimitedPowerTimesByStacks › matches the suggestions s,False,0.7900,none,2026-10-03T09:56:59.177450+00:00
wowanalyzer,1611503093_1145255a05b6e9b895fef993616518363be54fc6,react-app-rewired,1,63860,e8f2202d21e9eb60,14,  ● Elemental Shaman integration test: Hungering Destroyer log › UnlimitedPower › matches the statistic snapshot,False,0.7900,none,2026-10-03T09:56:59.307430+00:00
wowanalyzer,1611503093_1145255a05b6e9b895fef993616518363be54fc6,react-app-rewired,1,63915,22ab44c0175d4fae,14,  ● Elemental Shaman integration test: Hungering Destroyer log › UnlimitedPower › matches the suggestions snapshot,False,0.7800,none,2026-10-03T09:56:59.445283+00:00
wowanalyzer,1611503093_1145255a05b6e9b895fef993616518363be54fc6,react-app-rewired,1,63970,efe84bde03264255,20,  ● Elemental Shaman integration test: Hungering Destroyer log › Stormkeeper › matches the statistic snapshot,False,0.8000,none,2026-10-03T09:56:59.610545+00:00
wowanalyzer,1611503093_1145255a05b6e9b895fef993616518363be54fc6,react-app-rewired,1,64080,5e405be5b38bd43d,14,  ● Elemental Shaman integration test: Hungering Destroyer log › Ascendance › matches the statistic snapshot,False,0.8100,none,2026-10-03T09:56:59.909235+00:00
wowanalyzer,1611503093_1145255a05b6e9b895fef993616518363be54fc6,react-app-rewired,1,64025,adc6e25a99826cfb,14,  ● Elemental Shaman integration test: Hungering Destroyer log › Stormkeeper › matches the suggestions snapshot,False,0.7800,none,2026-10-03T09:56:59.939658+00:00
wowanalyzer,1611503093_1145255a05b6e9b895fef993616518363be54fc6,react-app-rewired,1,64135,a39d207bdd2aef15,14,  ● Elemental Shaman integration test: Hungering Destroyer log › Ascendance › matches the suggestions snapshot,False,0.7800,none,2026-10-03T09:57:00.055599+00:00
wowanalyzer,1611503093_1145255a05b6e9b895fef993616518363be54fc6,react-app-rewired,1,64190,59c0113f3fce17c7,14,  ● Elemental Shaman integration test: Hungering Destroyer log › StaticDischarge › matches the statistic snapshot,False,0.8000,none,2026-10-03T09:57:00.208572+00:00
wowanalyzer,1611503093_1145255a05b6e9b895fef993616518363be54fc6,react-app-rewired,1,64245,51981c7f0bd4da04,14,  ● Elemental Shaman integration test: Hungering Destroyer log › StaticDischarge › matches the suggestions snapshot,False,0.8100,none,2026-10-03T09:57:00.356478+00:00
wowanalyzer,1611503093_1145255a05b6e9b895fef993616518363be54fc6,react-app-rewired,1,64300,8754c3ef3f4f550e,14,  ● Elemental Shaman integration test: Hungering Destroyer log › EchoingShock › matches the statistic snapshot,False,0.8000,none,2026-10-03T09:57:00.522330+00:00
wowanalyzer,1611503093_1145255a05b6e9b895fef993616518363be54fc6,react-app-rewired,1,64355,672da39bdb383052,14,  ● Elemental Shaman integration test: Hungering Destroyer log › EchoingShock › matches the suggestions snapshot,False,0.7800,none,2026-10-03T09:57:00.636386+00:00
wowanalyzer,1611503093_1145255a05b6e9b895fef993616518363be54fc6,react-app-rewired,1,64410,90ea360f8fe11c3c,14,  ● Elemental Shaman integration test: Hungering Destroyer log › MaelstromTracker › matches the statistic snapshot,False,0.7800,none,2026-10-03T09:57:00.768278+00:00
wowanalyzer,1611503093_1145255a05b6e9b895fef993616518363be54fc6,react-app-rewired,1,64465,5fc4f61d8923abdf,14,  ● Elemental Shaman integration test: Hungering Destroyer log › MaelstromTracker › matches the suggestions snapshot,False,0.8100,none,2026-10-03T09:57:00.965211+00:00
wowanalyzer,1611503093_1145255a05b6e9b895fef993616518363be54fc6,react-app-rewired,1,64520,04a0c5d062350145,23,  ● Elemental Shaman integration test: Hungering Destroyer log › MaelstromDetails › matches the statistic snapshot,False,0.7800,none,2026-10-03T09:57:01.112316+00:00
wowanalyzer,1611503093_1145255a05b6e9b895fef993616518363be54fc6,react-app-rewired,1,64575,c28896d4ad6f7c7a,15,  ● Elemental Shaman integration test: Hungering Destroyer log › MaelstromDetails › matches the suggestions snapshot,False,0.7700,none,2026-10-03T09:57:01.265641+00:00
wowanalyzer,1611503093_1145255a05b6e9b895fef993616518363be54fc6,react-app-rewired,1,64630,e6ce4835d6f87562,14,  ● Elemental Shaman integration test: Hungering Destroyer log › MaelstromTab › matches the statistic snapshot,False,0.8100,none,2026-10-03T09:57:01.471368+00:00
wowanalyzer,1611503093_1145255a05b6e9b895fef993616518363be54fc6,react-app-rewired,1,64740,f5c14b1ce362d97a,16,  ● Elemental Shaman integration test: Hungering Destroyer log › AstralShift › matches the statistic snapshot,False,0.7800,none,2026-10-03T09:57:01.699467+00:00
wowanalyzer,1611503093_1145255a05b6e9b895fef993616518363be54fc6,react-app-rewired,1,64685,63e6748134780a4a,14,  ● Elemental Shaman integration test: Hungering Destroyer log › MaelstromTab › matches the suggestions snapshot,False,0.7800,none,2026-10-03T09:57:01.771621+00:00
wowanalyzer,1611503093_1145255a05b6e9b895fef993616518363be54fc6,react-app-rewired,1,64795,ef4b6d2ad29d91de,14,  ● Elemental Shaman integration test: Hungering Destroyer log › AstralShift › matches the suggestions snapshot,False,0.7900,none,2026-10-03T09:57:01.839038+00:00
wowanalyzer,1611503093_1145255a05b6e9b895fef993616518363be54fc6,react-app-rewired,1,78573,ee02bdb847221ef0,16,  ● Blood Death Knight integration test: example log › MitigationCheck › matches the statistic snapshot,False,0.7700,none,2026-10-03T09:57:02.004015+00:00
wowanalyzer,1611503093_1145255a05b6e9b895fef993616518363be54fc6,react-app-rewired,1,78793,82b68f0e0191c2e0,18,  ● Blood Death Knight integration test: example log › CrimsonScourge › matches the statistic snapshot,False,0.7800,none,2026-10-03T09:57:02.333653+00:00
wowanalyzer,1611503093_1145255a05b6e9b895fef993616518363be54fc6,react-app-rewired,1,78628,734d948f3a99c077,16,  ● Blood Death Knight integration test: example log › MitigationCheck › matches the suggestions snapshot,False,0.7600,none,2026-10-03T09:57:02.343269+00:00
wowanalyzer,1611503093_1145255a05b6e9b895fef993616518363be54fc6,react-app-rewired,1,78848,7297ad76213e6dcf,17,  ● Blood Death Knight integration test: example log › CrimsonScourge › matches the suggestions snapshot,False,0.7700,none,2026-10-03T09:57:02.450580+00:00
wowanalyzer,1611503093_1145255a05b6e9b895fef993616518363be54fc6,react-app-rewired,1,78903,724e497e661359d2,16,  ● Blood Death Knight integration test: example log › DancingRuneWeapon › matches the statistic snapshot,False,0.7700,none,2026-10-03T09:57:02.612470+00:00
wowanalyzer,1611503093_1145255a05b6e9b895fef993616518363be54fc6,react-app-rewired,1,78958,b41456762f1077a7,16,  ● Blood Death Knight integration test: example log › DancingRuneWeapon › matches the suggestions snapshot,False,0.7700,none,2026-10-03T09:57:02.738832+00:00
wowanalyzer,1611503093_1145255a05b6e9b895fef993616518363be54fc6,react-app-rewired,1,79013,985eeb66afa139ce,16,  ● Blood Death Knight integration test: example log › InitialMarrowrendCast › matches the statistic snapshot,False,0.7400,none,2026-10-03T09:57:02.952485+00:00
wowanalyzer,1611503093_1145255a05b6e9b895fef993616518363be54fc6,react-app-rewired,1,79068,347b3c3fb2a4e721,16,  ● Blood Death Knight integration test: example log › InitialMarrowrendCast › matches the suggestions snapshot,False,0.7500,none,2026-10-03T09:57:03.048196+00:00
wowanalyzer,1611503093_1145255a05b6e9b895fef993616518363be54fc6,react-app-rewired,1,79123,aaf947f5e9807ddb,18,  ● Blood Death Knight integration test: example log › Blooddrinker › matches the statistic snapshot,False,0.7600,none,2026-10-03T09:57:03.184797+00:00
wowanalyzer,1611503093_1145255a05b6e9b895fef993616518363be54fc6,react-app-rewired,1,79178,08c2b73c500b62bf,16,  ● Blood Death Knight integration test: example log › Blooddrinker › matches the suggestions snapshot,False,0.7700,none,2026-10-03T09:57:03.333878+00:00
wowanalyzer,1611503093_1145255a05b6e9b895fef993616518363be54fc6,react-app-rewired,1,79233,b715251649e9ad72,16,  ● Blood Death Knight integration test: example log › DeathStrikeTiming › matches the statistic snapshot,False,0.7800,none,2026-10-03T09:57:03.527434+00:00
wowanalyzer,1611503093_1145255a05b6e9b895fef993616518363be54fc6,react-app-rewired,1,79288,42aa8a03bc246df3,16,  ● Blood Death Knight integration test: example log › DeathStrikeTiming › matches the suggestions snapshot,False,0.7600,none,2026-10-03T09:57:03.637338+00:00
wowanalyzer,1611503093_1145255a05b6e9b895fef993616518363be54fc6,react-app-rewired,1,79343,a5739d4c46093c7c,18,  ● Blood Death Knight integration test: example log › MarrowrendUsage › matches the statistic snapshot,False,0.7300,none,2026-10-03T09:57:03.802761+00:00
wowanalyzer,1611503093_1145255a05b6e9b895fef993616518363be54fc6,react-app-rewired,1,79398,ed0fd884d7287f81,16,  ● Blood Death Knight integration test: example log › MarrowrendUsage › matches the suggestions snapshot,False,0.7600,none,2026-10-03T09:57:03.924662+00:00
wowanalyzer,1611503093_1145255a05b6e9b895fef993616518363be54fc6,react-app-rewired,1,79453,39abc943820b68f9,18,  ● Blood Death Knight integration test: example log › BoneShield › matches the statistic snapshot,False,0.7400,none,2026-10-03T09:57:04.108636+00:00
wowanalyzer,1611503093_1145255a05b6e9b895fef993616518363be54fc6,react-app-rewired,1,79508,1bd9b69674b1ef1e,16,  ● Blood Death Knight integration test: example log › BoneShield › matches the suggestions snapshot,False,0.7600,none,2026-10-03T09:57:04.249109+00:00
wowanalyzer,1611503093_1145255a05b6e9b895fef993616518363be54fc6,react-app-rewired,1,79563,12bc3bbf2ee113ed,16,  ● Blood Death Knight integration test: example log › BoneShieldStacksBySeconds › matches the statistic snapshot,False,0.7600,none,2026-10-03T09:57:04.403967+00:00
wowanalyzer,1611503093_1145255a05b6e9b895fef993616518363be54fc6,react-app-rewired,1,79618,67dd7af962e1385f,16,  ● Blood Death Knight integration test: example log › BoneShieldStacksBySeconds › matches the suggestions snapshot,False,0.7700,none,2026-10-03T09:57:04.595342+00:00
wowanalyzer,1611503093_1145255a05b6e9b895fef993616518363be54fc6,react-app-rewired,1,79673,e5abab6298021bf6,16,  ● Blood Death Knight integration test: example log › DeathsCaress › matches the statistic snapshot,False,0.7400,none,2026-10-03T09:57:04.695118+00:00
wowanalyzer,1611503093_1145255a05b6e9b895fef993616518363be54fc6,react-app-rewired,1,79728,cf2bd05e13456051,16,  ● Blood Death Knight integration test: example log › DeathsCaress › matches the suggestions snapshot,False,0.7800,none,2026-10-03T09:57:04.904113+00:00
wowanalyzer,1611503093_1145255a05b6e9b895fef993616518363be54fc6,react-app-rewired,1,79783,54b9505d5f308a4c,18,  ● Blood Death Knight integration test: example log › BloodPlagueUptime › matches the statistic snapshot,False,0.7800,none,2026-10-03T09:57:05.020277+00:00
wowanalyzer,1611503093_1145255a05b6e9b895fef993616518363be54fc6,react-app-rewired,1,79838,cb887576328ad5eb,16,  ● Blood Death Knight integration test: example log › BloodPlagueUptime › matches the suggestions snapshot,False,0.7800,none,2026-10-03T09:57:05.164516+00:00
wowanalyzer,1611503093_1145255a05b6e9b895fef993616518363be54fc6,react-app-rewired,1,80333,641afee33c15bc82,16,  ● Blood Death Knight integration test: example log › RedThirst › matches the statistic snapshot,False,0.7600,none,2026-10-03T09:57:05.312445+00:00
wowanalyzer,1611503093_1145255a05b6e9b895fef993616518363be54fc6,react-app-rewired,1,80388,867a87f4861c74fb,16,  ● Blood Death Knight integration test: example log › RedThirst › matches the suggestions snapshot,False,0.7700,none,2026-10-03T09:57:05.449512+00:00
wowanalyzer,1611503093_1145255a05b6e9b895fef993616518363be54fc6,react-app-rewired,1,80443,29b94514d746718d,21,  ● Blood Death Knight integration test: example log › Bonestorm › matches the statistic snapshot,False,0.7700,none,2026-10-03T09:57:05.612596+00:00
wowanalyzer,1611503093_1145255a05b6e9b895fef993616518363be54fc6,react-app-rewired,1,80498,637471c9950783a4,16,  ● Blood Death Knight integration test: example log › Bonestorm › matches the suggestions snapshot,False,0.7600,none,2026-10-03T09:57:05.743297+00:00
wowanalyzer,1611503093_1145255a05b6e9b895fef993616518363be54fc6,react-app-rewired,1,80553,7a824a555f2a3782,16,  ● Blood Death Knight integration test: example log › MarkOfBlood › matches the statistic snapshot,False,0.7800,none,2026-10-03T09:57:05.932129+00:00
wowanalyzer,1611503093_1145255a05b6e9b895fef993616518363be54fc6,react-app-rewired,1,80608,301c54f2de72d71c,16,  ● Blood Death Knight integration test: example log › MarkOfBlood › matches the suggestions snapshot,False,0.7500,none,2026-10-03T09:57:06.256701+00:00
wowanalyzer,1611503093_1145255a05b6e9b895fef993616518363be54fc6,react-app-rewired,1,80663,9d0de18f108784d3,22,  ● Blood Death Knight integration test: example log › Hemostasis › matches the statistic snapshot,False,0.7700,none,2026-10-03T09:57:06.272240+00:00
wowanalyzer,1611503093_1145255a05b6e9b895fef993616518363be54fc6,react-app-rewired,1,80718,098ca9551da15f3f,16,  ● Blood Death Knight integration test: example log › Hemostasis › matches the suggestions snapshot,False,0.7800,none,2026-10-03T09:57:06.389565+00:00
wowanalyzer,1611503093_1145255a05b6e9b895fef993616518363be54fc6,react-app-rewired,1,80773,c9db0b5073f4fa89,16,  ● Blood Death Knight integration test: example log › FoulBulwark › matches the statistic snapshot,False,0.7700,none,2026-10-03T09:57:06.502048+00:00
wowanalyzer,1611503093_1145255a05b6e9b895fef993616518363be54fc6,react-app-rewired,1,80828,b7affb2161aea7a5,16,  ● Blood Death Knight integration test: example log › FoulBulwark › matches the suggestions snapshot,False,0.7800,none,2026-10-03T09:57:06.650275+00:00
wowanalyzer,1611503093_1145255a05b6e9b895fef993616518363be54fc6,react-app-rewired,1,80883,c55f2e476fd5055b,16,  ● Blood Death Knight integration test: example log › Heartbreaker › matches the statistic snapshot,False,0.7900,none,2026-10-03T09:57:06.799467+00:00
wowanalyzer,1611503093_1145255a05b6e9b895fef993616518363be54fc6,react-app-rewired,1,80993,9ca0da1a7fc72b31,18,  ● Blood Death Knight integration test: example log › Bloodworms › matches the statistic snapshot,False,0.7500,none,2026-10-03T09:57:07.088738+00:00
wowanalyzer,1611503093_1145255a05b6e9b895fef993616518363be54fc6,react-app-rewired,1,80938,d77f5a76925dc3fb,16,  ● Blood Death Knight integration test: example log › Heartbreaker › matches the suggestions snapshot,False,0.7700,none,2026-10-03T09:57:07.219276+00:00
wowanalyzer,1611503093_1145255a05b6e9b895fef993616518363be54fc6,react-app-rewired,1,81048,9adb948854887a99,16,  ● Blood Death Knight integration test: example log › Bloodworms › matches the suggestions snapshot,False,0.7700,none,2026-10-03T09:57:07.258588+00:00
wowanalyzer,1611503093_1145255a05b6e9b895fef993616518363be54fc6,react-app-rewired,1,81103,966059d95c8b1076,16,  ● Blood Death Knight integration test: example log › Tombstone › matches the statistic snapshot,False,0.7800,none,2026-10-03T09:57:07.508529+00:00
wowanalyzer,1611503093_1145255a05b6e9b895fef993616518363be54fc6,react-app-rewired,1,81158,6c730cd1f1297837,16,  ● Blood Death Knight integration test: example log › Tombstone › matches the suggestions snapshot,False,0.8000,none,2026-10-03T09:57:07.571844+00:00
wowanalyzer,1611503093_1145255a05b6e9b895fef993616518363be54fc6,react-app-rewired,1,81213,d23c105913ee4d84,16,  ● Blood Death Knight integration test: example log › Voracious › matches the statistic snapshot,False,0.8000,none,2026-10-03T09:57:07.683287+00:00
wowanalyzer,1611503093_1145255a05b6e9b895fef993616518363be54fc6,react-app-rewired,1,81268,f27231ea9cef8351,16,  ● Blood Death Knight integration test: example log › Voracious › matches the suggestions snapshot,False,0.7700,none,2026-10-03T09:57:07.929276+00:00
wowanalyzer,1611503093_1145255a05b6e9b895fef993616518363be54fc6,react-app-rewired,1,81323,d864b8c29878a222,16,  ● Blood Death Knight integration test: example log › RapidDecomposition › matches the statistic snapshot,False,0.7400,none,2026-10-03T09:57:07.987572+00:00
wowanalyzer,1611503093_1145255a05b6e9b895fef993616518363be54fc6,react-app-rewired,1,81378,764fcc75b3d60f30,16,  ● Blood Death Knight integration test: example log › RapidDecomposition › matches the suggestions snapshot,False,0.7900,none,2026-10-03T09:57:08.196992+00:00
wowanalyzer,1611503093_1145255a05b6e9b895fef993616518363be54fc6,react-app-rewired,1,81433,e3bce99e194228c3,18,  ● Blood Death Knight integration test: example log › WillOfTheNecropolis › matches the statistic snapshot,False,0.7800,none,2026-10-03T09:57:08.292323+00:00
wowanalyzer,1611503093_1145255a05b6e9b895fef993616518363be54fc6,react-app-rewired,1,81488,b75c75a342715ee9,16,  ● Blood Death Knight integration test: example log › WillOfTheNecropolis › matches the suggestions snapshot,False,0.7900,none,2026-10-03T09:57:08.426750+00:00
wowanalyzer,1611503093_1145255a05b6e9b895fef993616518363be54fc6,react-app-rewired,1,81543,ff1a4f21fa0f2963,18,  ● Blood Death Knight integration test: example log › Ossuary › matches the statistic snapshot,False,0.7900,none,2026-10-03T09:57:08.588203+00:00
wowanalyzer,1611503093_1145255a05b6e9b895fef993616518363be54fc6,react-app-rewired,1,81598,7726bd56f8429a23,17,  ● Blood Death Knight integration test: example log › Ossuary › matches the suggestions snapshot,False,0.8000,none,2026-10-03T09:57:08.792316+00:00
wowanalyzer,1611503093_1145255a05b6e9b895fef993616518363be54fc6,react-app-rewired,1,81653,a9857f36aa3c7b39,16,  ● Blood Death Knight integration test: example log › Consumption › matches the statistic snapshot,False,0.7700,none,2026-10-03T09:57:08.918104+00:00
wowanalyzer,1611503093_1145255a05b6e9b895fef993616518363be54fc6,react-app-rewired,1,81708,4311070e217a451a,16,  ● Blood Death Knight integration test: example log › Consumption › matches the suggestions snapshot,False,0.7800,none,2026-10-03T09:57:09.066764+00:00
wowanalyzer,1611503093_1145255a05b6e9b895fef993616518363be54fc6,react-app-rewired,1,81763,63c3ed081f63df0c,16,  ● Blood Death Knight integration test: example log › RelishInBlood › matches the statistic snapshot,False,0.7500,none,2026-10-03T09:57:09.191750+00:00
wowanalyzer,1611503093_1145255a05b6e9b895fef993616518363be54fc6,react-app-rewired,1,81818,583845a104d1f467,16,  ● Blood Death Knight integration test: example log › RelishInBlood › matches the suggestions snapshot,False,0.7500,none,2026-10-03T09:57:09.345103+00:00
wowanalyzer,1611503093_1145255a05b6e9b895fef993616518363be54fc6,react-app-rewired,1,81873,e14f4b509a28befd,16,  ● Blood Death Knight integration test: example log › BloodRuneForgeChecker › matches the statistic snapshot,False,0.7700,none,2026-10-03T09:57:09.518864+00:00
wowanalyzer,1611503093_1145255a05b6e9b895fef993616518363be54fc6,react-app-rewired,1,81928,aced3cb42fcc55bb,16,  ● Blood Death Knight integration test: example log › BloodRuneForgeChecker › matches the suggestions snapshot,False,0.7400,none,2026-10-03T09:57:09.688061+00:00
wowanalyzer,1611503093_1145255a05b6e9b895fef993616518363be54fc6,react-app-rewired,1,82203,cb9ec57bd12c4776,16,  ● Blood Death Knight integration test: example log › BrynadaorsMight › matches the statistic snapshot,False,0.7700,none,2026-10-03T09:57:09.771985+00:00
wowanalyzer,1611503093_1145255a05b6e9b895fef993616518363be54fc6,react-app-rewired,1,82258,db2f9e32d37d0f47,16,  ● Blood Death Knight integration test: example log › BrynadaorsMight › matches the suggestions snapshot,False,0.7800,none,2026-10-03T09:57:09.959710+00:00
wowanalyzer,1611503093_1145255a05b6e9b895fef993616518363be54fc6,react-app-rewired,1,84115,fedc2d4d77374f6e,14,  ● Shadow Priest integration test: example log › AbilityTracker › matches the statistic snapshot,False,0.7900,none,2026-10-03T09:57:10.096275+00:00
wowanalyzer,1611503093_1145255a05b6e9b895fef993616518363be54fc6,react-app-rewired,1,84170,0da86be3e730c637,14,  ● Shadow Priest integration test: example log › AbilityTracker › matches the suggestions snapshot,False,0.7900,none,2026-10-03T09:57:10.249538+00:00
wowanalyzer,1611503093_1145255a05b6e9b895fef993616518363be54fc6,react-app-rewired,1,88075,2b4657c81eb41eb3,14,  ● Shadow Priest integration test: example log › InsanityTracker › matches the statistic snapshot,False,0.8100,none,2026-10-03T09:57:10.418312+00:00
wowanalyzer,1611503093_1145255a05b6e9b895fef993616518363be54fc6,react-app-rewired,1,88130,e58c302aac4cd4e4,14,  ● Shadow Priest integration test: example log › InsanityTracker › matches the suggestions snapshot,False,0.8100,none,2026-10-03T09:57:10.550156+00:00
wowanalyzer,1611503093_1145255a05b6e9b895fef993616518363be54fc6,react-app-rewired,1,88405,3a97fe5ecb9566c8,14,  ● Shadow Priest integration test: example log › SkippableCasts › matches the statistic snapshot,False,0.7900,none,2026-10-03T09:57:10.732909+00:00
wowanalyzer,1611503093_1145255a05b6e9b895fef993616518363be54fc6,react-app-rewired,1,88460,c8cab9d7d3bcd6f1,14,  ● Shadow Priest integration test: example log › SkippableCasts › matches the suggestions snapshot,False,0.7900,none,2026-10-03T09:57:10.842160+00:00
wowanalyzer,1611503093_1145255a05b6e9b895fef993616518363be54fc6,react-app-rewired,1,88515,0dc0afbf6325bf00,16,  ● Shadow Priest integration test: example log › DarkThoughts › matches the statistic snapshot,False,0.7700,none,2026-10-03T09:57:10.984307+00:00
wowanalyzer,1611503093_1145255a05b6e9b895fef993616518363be54fc6,react-app-rewired,1,88570,c67acd2eaefac72a,14,  ● Shadow Priest integration test: example log › DarkThoughts › matches the suggestions snapshot,False,0.7900,none,2026-10-03T09:57:11.125544+00:00
wowanalyzer,1611503093_1145255a05b6e9b895fef993616518363be54fc6,react-app-rewired,1,88680,17bc9b95e10c9b45,14,  ● Shadow Priest integration test: example log › Shadowfiend › matches the suggestions snapshot,False,0.7900,none,2026-10-03T09:57:11.412227+00:00
wowanalyzer,1611503093_1145255a05b6e9b895fef993616518363be54fc6,react-app-rewired,1,88625,e3cde034219f6c58,14,  ● Shadow Priest integration test: example log › Shadowfiend › matches the statistic snapshot,False,0.7900,none,2026-10-03T09:57:11.457496+00:00
wowanalyzer,1611503093_1145255a05b6e9b895fef993616518363be54fc6,react-app-rewired,1,88735,7c5e00e72c2ca3df,14,  ● Shadow Priest integration test: example log › VampiricTouch › matches the statistic snapshot,False,0.7800,none,2026-10-03T09:57:11.585381+00:00
wowanalyzer,1611503093_1145255a05b6e9b895fef993616518363be54fc6,react-app-rewired,1,88790,99d380178d592f4a,15,  ● Shadow Priest integration test: example log › VampiricTouch › matches the suggestions snapshot,False,0.7900,none,2026-10-03T09:57:11.738747+00:00
wowanalyzer,1611503093_1145255a05b6e9b895fef993616518363be54fc6,react-app-rewired,1,88845,de5e42b38033976d,14,  ● Shadow Priest integration test: example log › ShadowWordDeath › matches the statistic snapshot,False,0.7800,none,2026-10-03T09:57:11.940801+00:00
wowanalyzer,1611503093_1145255a05b6e9b895fef993616518363be54fc6,react-app-rewired,1,88900,0dcc63fc400b7a4b,14,  ● Shadow Priest integration test: example log › ShadowWordDeath › matches the suggestions snapshot,False,0.8200,none,2026-10-03T09:57:12.091676+00:00
wowanalyzer,1611503093_1145255a05b6e9b895fef993616518363be54fc6,react-app-rewired,1,88955,0a80b3649b65e315,14,  ● Shadow Priest integration test: example log › ShadowWordPain › matches the statistic snapshot,False,0.7700,none,2026-10-03T09:57:12.306384+00:00
wowanalyzer,1611503093_1145255a05b6e9b895fef993616518363be54fc6,react-app-rewired,1,89010,8f876947d590da73,14,  ● Shadow Priest integration test: example log › ShadowWordPain › matches the suggestions snapshot,False,0.7900,none,2026-10-03T09:57:12.461047+00:00
wowanalyzer,1611503093_1145255a05b6e9b895fef993616518363be54fc6,react-app-rewired,1,89120,c53dfb4993091895,14,  ● Shadow Priest integration test: example log › DevouringPlague › matches the suggestions snapshot,False,0.7900,none,2026-10-03T09:57:12.702051+00:00
wowanalyzer,1611503093_1145255a05b6e9b895fef993616518363be54fc6,react-app-rewired,1,89065,9da6cfd40b2f00fe,14,  ● Shadow Priest integration test: example log › DevouringPlague › matches the statistic snapshot,False,0.7800,none,2026-10-03T09:57:12.735384+00:00
wowanalyzer,1611503093_1145255a05b6e9b895fef993616518363be54fc6,react-app-rewired,1,89175,c11980b04a6b7b5c,14,  ● Shadow Priest integration test: example log › Disperion › matches the statistic snapshot,False,0.7700,none,2026-10-03T09:57:12.793184+00:00
wowanalyzer,1611503093_1145255a05b6e9b895fef993616518363be54fc6,react-app-rewired,1,89230,ca5e0c0d0a927488,14,  ● Shadow Priest integration test: example log › Disperion › matches the suggestions snapshot,False,0.7900,none,2026-10-03T09:57:12.916775+00:00
wowanalyzer,1611503093_1145255a05b6e9b895fef993616518363be54fc6,react-app-rewired,1,89285,61999bb3fd295a4d,16,  ● Shadow Priest integration test: example log › VampiricEmbrace › matches the statistic snapshot,False,0.7700,none,2026-10-03T09:57:13.082904+00:00
wowanalyzer,1611503093_1145255a05b6e9b895fef993616518363be54fc6,react-app-rewired,1,89340,c0beb3986858fe46,14,  ● Shadow Priest integration test: example log › VampiricEmbrace › matches the suggestions snapshot,False,0.7900,none,2026-10-03T09:57:13.323963+00:00
wowanalyzer,1611503093_1145255a05b6e9b895fef993616518363be54fc6,react-app-rewired,1,89395,1633c4f36d49c887,20,  ● Shadow Priest integration test: example log › FortressOfTheMind › matches the statistic snapshot,False,0.8100,none,2026-10-03T09:57:13.430711+00:00
wowanalyzer,1611503093_1145255a05b6e9b895fef993616518363be54fc6,react-app-rewired,1,89450,ae933d0b9d5217d1,14,  ● Shadow Priest integration test: example log › FortressOfTheMind › matches the suggestions snapshot,False,0.7900,none,2026-10-03T09:57:13.604421+00:00
wowanalyzer,1611503093_1145255a05b6e9b895fef993616518363be54fc6,react-app-rewired,1,89505,47f5b39ae65978a8,14,  ● Shadow Priest integration test: example log › DeathAndMadness › matches the statistic snapshot,False,0.7900,none,2026-10-03T09:57:13.719257+00:00
wowanalyzer,1611503093_1145255a05b6e9b895fef993616518363be54fc6,react-app-rewired,1,89560,20073e64775857b2,14,  ● Shadow Priest integration test: example log › DeathAndMadness › matches the suggestions snapshot,False,0.7900,none,2026-10-03T09:57:13.857277+00:00
wowanalyzer,1611503093_1145255a05b6e9b895fef993616518363be54fc6,react-app-rewired,1,89615,6d4b9aa306ae7472,14,  ● Shadow Priest integration test: example log › UnfurlingDarkness › matches the statistic snapshot,False,0.7900,none,2026-10-03T09:57:13.969517+00:00
wowanalyzer,1611503093_1145255a05b6e9b895fef993616518363be54fc6,react-app-rewired,1,89670,9556b721a322c53a,14,  ● Shadow Priest integration test: example log › UnfurlingDarkness › matches the suggestions snapshot,False,0.8100,none,2026-10-03T09:57:14.137405+00:00
wowanalyzer,1611503093_1145255a05b6e9b895fef993616518363be54fc6,react-app-rewired,1,89725,0d6903a44a9ef088,20,  ● Shadow Priest integration test: example log › TwistOfFate › matches the statistic snapshot,False,0.7900,none,2026-10-03T09:57:14.362422+00:00
wowanalyzer,1611503093_1145255a05b6e9b895fef993616518363be54fc6,react-app-rewired,1,89835,0de6dbd8762f1947,20,  ● Shadow Priest integration test: example log › VoidTorrent › matches the statistic snapshot,False,0.7500,none,2026-10-03T09:57:14.602648+00:00
wowanalyzer,1611503093_1145255a05b6e9b895fef993616518363be54fc6,react-app-rewired,1,89780,7a395f62e28b6567,14,  ● Shadow Priest integration test: example log › TwistOfFate › matches the suggestions snapshot,False,0.8100,none,2026-10-03T09:57:14.606643+00:00
wowanalyzer,1611503093_1145255a05b6e9b895fef993616518363be54fc6,react-app-rewired,1,89890,f3e6e7724b80dbac,19,  ● Shadow Priest integration test: example log › VoidTorrent › matches the suggestions snapshot,False,0.8100,none,2026-10-03T09:57:14.722214+00:00
wowanalyzer,1611503093_1145255a05b6e9b895fef993616518363be54fc6,react-app-rewired,1,89945,581045b545774674,20,  ● Shadow Priest integration test: example log › ShadowCrash › matches the statistic snapshot,False,0.7900,none,2026-10-03T09:57:14.901659+00:00
wowanalyzer,1611503093_1145255a05b6e9b895fef993616518363be54fc6,react-app-rewired,1,90000,03aefce97851642e,14,  ● Shadow Priest integration test: example log › ShadowCrash › matches the suggestions snapshot,False,0.7900,none,2026-10-03T09:57:15.048507+00:00
wowanalyzer,1611503093_1145255a05b6e9b895fef993616518363be54fc6,react-app-rewired,1,90055,099c9b2c90d8f3fd,14,  ● Shadow Priest integration test: example log › AuspiciousSpirits › matches the statistic snapshot,False,0.7800,none,2026-10-03T09:57:15.183715+00:00
wowanalyzer,1611503093_1145255a05b6e9b895fef993616518363be54fc6,react-app-rewired,1,90110,c62065ee4acd3d29,14,  ● Shadow Priest integration test: example log › AuspiciousSpirits › matches the suggestions snapshot,False,0.7800,none,2026-10-03T09:57:15.331235+00:00
wowanalyzer,1611503093_1145255a05b6e9b895fef993616518363be54fc6,react-app-rewired,1,90165,eba632e8d31e665b,14,  ● Shadow Priest integration test: example log › SearingNightmare › matches the statistic snapshot,False,0.7900,none,2026-10-03T09:57:15.596483+00:00
wowanalyzer,1611503093_1145255a05b6e9b895fef993616518363be54fc6,react-app-rewired,1,90220,247377549da97994,14,  ● Shadow Priest integration test: example log › SearingNightmare › matches the suggestions snapshot,False,0.7900,none,2026-10-03T09:57:15.633745+00:00
wowanalyzer,1611503093_1145255a05b6e9b895fef993616518363be54fc6,react-app-rewired,1,90275,3028fa23113d3e82,20,  ● Shadow Priest integration test: example log › UnholyNova › matches the statistic snapshot,False,0.7900,none,2026-10-03T09:57:15.911420+00:00
wowanalyzer,1611503093_1145255a05b6e9b895fef993616518363be54fc6,react-app-rewired,1,90330,985be33dab93a043,14,  ● Shadow Priest integration test: example log › UnholyNova › matches the suggestions snapshot,False,0.7900,none,2026-10-03T09:57:16.334184+00:00
wowanalyzer,1611503093_1145255a05b6e9b895fef993616518363be54fc6,react-app-rewired,1,90440,75c1266721411454,14,  ● Shadow Priest integration test: example log › Mindgames › matches the suggestions snapshot,False,0.7900,none,2026-10-03T09:57:16.341245+00:00
wowanalyzer,1611503093_1145255a05b6e9b895fef993616518363be54fc6,react-app-rewired,1,90385,9b1bc7ee15005aef,14,  ● Shadow Priest integration test: example log › Mindgames › matches the statistic snapshot,False,0.7700,none,2026-10-03T09:57:16.395897+00:00
wowanalyzer,1611503093_1145255a05b6e9b895fef993616518363be54fc6,react-app-rewired,1,90495,d928d67de1a72a09,14,  ● Shadow Priest integration test: example log › BoonOfTheAscended › matches the statistic snapshot,False,0.7600,none,2026-10-03T09:57:16.703374+00:00
wowanalyzer,1611503093_1145255a05b6e9b895fef993616518363be54fc6,react-app-rewired,1,90605,c9a137215979f7d0,14,  ● Shadow Priest integration test: example log › FaeGuardians › matches the statistic snapshot,False,0.7900,none,2026-10-03T09:57:16.709034+00:00
wowanalyzer,1611503093_1145255a05b6e9b895fef993616518363be54fc6,react-app-rewired,1,90660,24cf20f18dc20253,14,  ● Shadow Priest integration test: example log › FaeGuardians › matches the suggestions snapshot,False,0.7900,none,2026-10-03T09:57:16.843816+00:00
wowanalyzer,1611503093_1145255a05b6e9b895fef993616518363be54fc6,react-app-rewired,1,90550,8bd35002f1cb9bbb,14,  ● Shadow Priest integration test: example log › BoonOfTheAscended › matches the suggestions snapshot,False,0.7900,none,2026-10-03T09:57:16.866292+00:00
wowanalyzer,1611503093_1145255a05b6e9b895fef993616518363be54fc6,react-app-rewired,1,90715,c14b60784c3f6033,26,  ● Shadow Priest integration test: example log › DissonantEchoes › matches the statistic snapshot,False,0.7700,none,2026-10-03T09:57:17.053489+00:00
wowanalyzer,1611503093_1145255a05b6e9b895fef993616518363be54fc6,react-app-rewired,1,90770,6cc93ab7f5140380,14,  ● Shadow Priest integration test: example log › DissonantEchoes › matches the suggestions snapshot,False,0.8000,none,2026-10-03T09:57:17.224131+00:00
wowanalyzer,1611503093_1145255a05b6e9b895fef993616518363be54fc6,react-app-rewired,1,90880,569688b1848749c4,14,  ● Shadow Priest integration test: example log › EternalCallToTheVoid › matches the suggestions snapshot,False,0.8100,none,2026-10-03T09:57:17.288515+00:00
wowanalyzer,1611503093_1145255a05b6e9b895fef993616518363be54fc6,react-app-rewired,1,90935,1d5e33b63a12ba23,14,  ● Shadow Priest integration test: example log › TalbadarsStratagem › matches the statistic snapshot,False,0.7900,none,2026-10-03T09:57:17.492052+00:00
wowanalyzer,1611503093_1145255a05b6e9b895fef993616518363be54fc6,react-app-rewired,1,90990,684611af3ee314a3,14,  ● Shadow Priest integration test: example log › TalbadarsStratagem › matches the suggestions snapshot,False,0.7900,none,2026-10-03T09:57:17.588456+00:00
wowanalyzer,1611503093_1145255a05b6e9b895fef993616518363be54fc6,react-app-rewired,1,91045,b8a30340e1953b25,14,  ● Shadow Priest integration test: example log › TwinsOfTheSunPriestess › matches the statistic snapshot,False,0.8000,none,2026-10-03T09:57:17.789818+00:00
wowanalyzer,1611503093_1145255a05b6e9b895fef993616518363be54fc6,react-app-rewired,1,91100,4ad4d26b11308619,14,  ● Shadow Priest integration test: example log › TwinsOfTheSunPriestess › matches the suggestions snapshot,False,0.7800,none,2026-10-03T09:57:17.876678+00:00
wowanalyzer,1611503093_1145255a05b6e9b895fef993616518363be54fc6,react-app-rewired,1,96697,f1bc56820468cb4e,14,  ● Demonology Warlock integration test: example log › Felstorm › matches the statistic snapshot,False,0.7500,none,2026-10-03T09:57:18.046488+00:00
wowanalyzer,1611503093_1145255a05b6e9b895fef993616518363be54fc6,react-app-rewired,1,96752,0c21a92fdea41b8c,16,  ● Demonology Warlock integration test: example log › Felstorm › matches the suggestions snapshot,False,0.7800,none,2026-10-03T09:57:18.181070+00:00
wowanalyzer,1611503093_1145255a05b6e9b895fef993616518363be54fc6,react-app-rewired,1,96807,c1b8a53008538ea6,16,  ● Demonology Warlock integration test: example log › SummonDemonicTyrant › matches the statistic snapshot,False,0.7700,none,2026-10-03T09:57:18.318372+00:00
wowanalyzer,1611503093_1145255a05b6e9b895fef993616518363be54fc6,react-app-rewired,1,96862,d46ef1fa7daf3769,14,  ● Demonology Warlock integration test: example log › SummonDemonicTyrant › matches the suggestions snapshot,False,0.7900,none,2026-10-03T09:57:18.472365+00:00
wowanalyzer,1611503093_1145255a05b6e9b895fef993616518363be54fc6,react-app-rewired,1,96917,a1e4be2cf66cb69b,21,  ● Demonology Warlock integration test: example log › LegionStrike › matches the statistic snapshot,False,0.7700,none,2026-10-03T09:57:18.625669+00:00
wowanalyzer,1611503093_1145255a05b6e9b895fef993616518363be54fc6,react-app-rewired,1,96972,5ccab5c11610769b,14,  ● Demonology Warlock integration test: example log › LegionStrike › matches the suggestions snapshot,False,0.7400,none,2026-10-03T09:57:18.843162+00:00
wowanalyzer,1611503093_1145255a05b6e9b895fef993616518363be54fc6,react-app-rewired,1,97247,a5f5f67312df0ab6,14,  ● Demonology Warlock integration test: example log › DemoPets › matches the statistic snapshot,False,0.7900,none,2026-10-03T09:57:18.938310+00:00
wowanalyzer,1611503093_1145255a05b6e9b895fef993616518363be54fc6,react-app-rewired,1,97302,7541dc9a11b5c1a9,14,  ● Demonology Warlock integration test: example log › DemoPets › matches the suggestions snapshot,False,0.7900,none,2026-10-03T09:57:19.071700+00:00
wowanalyzer,1611503093_1145255a05b6e9b895fef993616518363be54fc6,react-app-rewired,1,97357,605280edfd87f880,14,  ● Demonology Warlock integration test: example log › PetDamageHandler › matches the statistic snapshot,False,0.7500,none,2026-10-03T09:57:19.245508+00:00
wowanalyzer,1611503093_1145255a05b6e9b895fef993616518363be54fc6,react-app-rewired,1,97412,0b0207b3ddf52760,14,  ● Demonology Warlock integration test: example log › PetDamageHandler › matches the suggestions snapshot,False,0.7800,none,2026-10-03T09:57:19.426494+00:00
wowanalyzer,1611503093_1145255a05b6e9b895fef993616518363be54fc6,react-app-rewired,1,97467,4a53ac9f0156e828,14,  ● Demonology Warlock integration test: example log › PetSummonHandler › matches the statistic snapshot,False,0.7700,none,2026-10-03T09:57:19.530155+00:00
wowanalyzer,1611503093_1145255a05b6e9b895fef993616518363be54fc6,react-app-rewired,1,97522,9a7d9ec60c24a433,14,  ● Demonology Warlock integration test: example log › PetSummonHandler › matches the suggestions snapshot,False,0.7800,none,2026-10-03T09:57:19.776679+00:00
wowanalyzer,1611503093_1145255a05b6e9b895fef993616518363be54fc6,react-app-rewired,1,97577,1b27bba2f30c5fdc,14,  ● Demonology Warlock integration test: example log › WildImpEnergyHandler › matches the statistic snapshot,False,0.7700,none,2026-10-03T09:57:19.823297+00:00
wowanalyzer,1611503093_1145255a05b6e9b895fef993616518363be54fc6,react-app-rewired,1,97632,fc5818efc0134e2b,14,  ● Demonology Warlock integration test: example log › WildImpEnergyHandler › matches the suggestions snapshot,False,0.7900,none,2026-10-03T09:57:20.017267+00:00
wowanalyzer,1611503093_1145255a05b6e9b895fef993616518363be54fc6,react-app-rewired,1,97687,41f5b64ea6935a4a,14,  ● Demonology Warlock integration test: example log › PowerSiphonHandler › matches the statistic snapshot,False,0.7900,none,2026-10-03T09:57:20.140085+00:00
wowanalyzer,1611503093_1145255a05b6e9b895fef993616518363be54fc6,react-app-rewired,1,97742,e7de40d6ae5e66b5,14,  ● Demonology Warlock integration test: example log › PowerSiphonHandler › matches the suggestions snapshot,False,0.8000,none,2026-10-03T09:57:20.302576+00:00
wowanalyzer,1611503093_1145255a05b6e9b895fef993616518363be54fc6,react-app-rewired,1,97797,0e342cbc7f3223b8,14,  ● Demonology Warlock integration test: example log › DemonicTyrantHandler › matches the statistic snapshot,False,0.7700,none,2026-10-03T09:57:20.470688+00:00
wowanalyzer,1611503093_1145255a05b6e9b895fef993616518363be54fc6,react-app-rewired,1,97907,39e78a7f103c178e,14,  ● Demonology Warlock integration test: example log › ImplosionHandler › matches the statistic snapshot,False,0.7800,none,2026-10-03T09:57:20.771695+00:00
wowanalyzer,1611503093_1145255a05b6e9b895fef993616518363be54fc6,react-app-rewired,1,97962,49fa2caa7ea4e0ab,14,  ● Demonology Warlock integration test: example log › ImplosionHandler › matches the suggestions snapshot,False,0.7800,none,2026-10-03T09:57:20.964892+00:00
wowanalyzer,1611503093_1145255a05b6e9b895fef993616518363be54fc6,react-app-rewired,1,98017,cfb96ddd533b3fd1,14,  ● Demonology Warlock integration test: example log › PetTimelineTab › matches the statistic snapshot,False,0.7700,none,2026-10-03T09:57:21.019789+00:00
wowanalyzer,1611503093_1145255a05b6e9b895fef993616518363be54fc6,react-app-rewired,1,97852,df9abd3063045b68,14,  ● Demonology Warlock integration test: example log › DemonicTyrantHandler › matches the suggestions snapshot,False,0.8000,none,2026-10-03T09:57:21.026052+00:00
wowanalyzer,1611503093_1145255a05b6e9b895fef993616518363be54fc6,react-app-rewired,1,98072,ebb2ddf6013c79f0,14,  ● Demonology Warlock integration test: example log › PetTimelineTab › matches the suggestions snapshot,False,0.7500,none,2026-10-03T09:57:21.285917+00:00
wowanalyzer,1611503093_1145255a05b6e9b895fef993616518363be54fc6,react-app-rewired,1,98127,87b4b55107b54fc0,14,  ● Demonology Warlock integration test: example log › TalentStatisticBox › matches the statistic snapshot,False,0.7700,none,2026-10-03T09:57:21.367332+00:00
wowanalyzer,1611503093_1145255a05b6e9b895fef993616518363be54fc6,react-app-rewired,1,98182,686e92f1f62ecc85,14,  ● Demonology Warlock integration test: example log › TalentStatisticBox › matches the suggestions snapshot,False,0.7500,none,2026-10-03T09:57:21.505278+00:00
wowanalyzer,1611503093_1145255a05b6e9b895fef993616518363be54fc6,react-app-rewired,1,98237,ed84d34242429210,14,  ● Demonology Warlock integration test: example log › Dreadlash › matches the statistic snapshot,False,0.7900,none,2026-10-03T09:57:21.623198+00:00
wowanalyzer,1611503093_1145255a05b6e9b895fef993616518363be54fc6,react-app-rewired,1,98292,e38abfcf7bccad44,14,  ● Demonology Warlock integration test: example log › Dreadlash › matches the suggestions snapshot,False,0.7800,none,2026-10-03T09:57:21.780124+00:00
wowanalyzer,1611503093_1145255a05b6e9b895fef993616518363be54fc6,react-app-rewired,1,98347,16858c46b1c334ef,21,  ● Demonology Warlock integration test: example log › DemonicStrength › matches the statistic snapshot,False,0.7700,none,2026-10-03T09:57:21.990290+00:00
wowanalyzer,1611503093_1145255a05b6e9b895fef993616518363be54fc6,react-app-rewired,1,98402,c5c7512793b8912f,14,  ● Demonology Warlock integration test: example log › DemonicStrength › matches the suggestions snapshot,False,0.7700,none,2026-10-03T09:57:22.094524+00:00
wowanalyzer,1611503093_1145255a05b6e9b895fef993616518363be54fc6,react-app-rewired,1,98457,62fc22948f234697,14,  ● Demonology Warlock integration test: example log › BilescourgeBombers › matches the statistic snapshot,False,0.7600,none,2026-10-03T09:57:22.230985+00:00
wowanalyzer,1611503093_1145255a05b6e9b895fef993616518363be54fc6,react-app-rewired,1,98512,d5322214bae3109d,14,  ● Demonology Warlock integration test: example log › BilescourgeBombers › matches the suggestions snapshot,False,0.7800,none,2026-10-03T09:57:22.387350+00:00
wowanalyzer,1611503093_1145255a05b6e9b895fef993616518363be54fc6,react-app-rewired,1,98567,69d11a76e7906397,16,  ● Demonology Warlock integration test: example log › DemonicCalling › matches the statistic snapshot,False,0.7800,none,2026-10-03T09:57:22.552252+00:00
wowanalyzer,1611503093_1145255a05b6e9b895fef993616518363be54fc6,react-app-rewired,1,98622,e2bde131c6371afe,14,  ● Demonology Warlock integration test: example log › DemonicCalling › matches the suggestions snapshot,False,0.7700,none,2026-10-03T09:57:22.741743+00:00
wowanalyzer,1611503093_1145255a05b6e9b895fef993616518363be54fc6,react-app-rewired,1,98787,f3b4c105941ac09b,14,  ● Demonology Warlock integration test: example log › InnerDemons › matches the statistic snapshot,False,0.7600,none,2026-10-03T09:57:22.859491+00:00
wowanalyzer,1611503093_1145255a05b6e9b895fef993616518363be54fc6,react-app-rewired,1,98842,3d5d5cd67ca1b7f1,14,  ● Demonology Warlock integration test: example log › InnerDemons › matches the suggestions snapshot,False,0.7700,none,2026-10-03T09:57:23.051459+00:00
wowanalyzer,1611503093_1145255a05b6e9b895fef993616518363be54fc6,react-app-rewired,1,98897,bb7a158f82ebc9bc,14,  ● Demonology Warlock integration test: example log › FromTheShadows › matches the statistic snapshot,False,0.7700,none,2026-10-03T09:57:23.156450+00:00
wowanalyzer,1611503093_1145255a05b6e9b895fef993616518363be54fc6,react-app-rewired,1,98952,de13e8281c5d1f5f,14,  ● Demonology Warlock integration test: example log › FromTheShadows › matches the suggestions snapshot,False,0.7900,none,2026-10-03T09:57:23.295233+00:00
wowanalyzer,1611503093_1145255a05b6e9b895fef993616518363be54fc6,react-app-rewired,1,99007,130a28ae80da8361,21,  ● Demonology Warlock integration test: example log › SoulStrike › matches the statistic snapshot,False,0.7700,none,2026-10-03T09:57:23.532195+00:00
wowanalyzer,1611503093_1145255a05b6e9b895fef993616518363be54fc6,react-app-rewired,1,99062,397723bc8b68c477,14,  ● Demonology Warlock integration test: example log › SoulStrike › matches the suggestions snapshot,False,0.7600,none,2026-10-03T09:57:23.594812+00:00
wowanalyzer,1611503093_1145255a05b6e9b895fef993616518363be54fc6,react-app-rewired,1,99117,00643deef5d6324f,14,  ● Demonology Warlock integration test: example log › SummonVilefiend › matches the statistic snapshot,False,0.7900,none,2026-10-03T09:57:23.745014+00:00
wowanalyzer,1611503093_1145255a05b6e9b895fef993616518363be54fc6,react-app-rewired,1,99172,49e58487900127fd,14,  ● Demonology Warlock integration test: example log › SummonVilefiend › matches the suggestions snapshot,False,0.7900,none,2026-10-03T09:57:23.908755+00:00
wowanalyzer,1611503093_1145255a05b6e9b895fef993616518363be54fc6,react-app-rewired,1,99227,3a86d9108f852db2,14,  ● Demonology Warlock integration test: example log › PowerSiphon › matches the statistic snapshot,False,0.7900,none,2026-10-03T09:57:24.044770+00:00
wowanalyzer,1611503093_1145255a05b6e9b895fef993616518363be54fc6,react-app-rewired,1,99282,58f9b72eca831641,14,  ● Demonology Warlock integration test: example log › PowerSiphon › matches the suggestions snapshot,False,0.7900,none,2026-10-03T09:57:24.229726+00:00
wowanalyzer,1611503093_1145255a05b6e9b895fef993616518363be54fc6,react-app-rewired,1,99337,f09a6c48c98b5f8a,14,  ● Demonology Warlock integration test: example log › Doom › matches the statistic snapshot,False,0.7700,none,2026-10-03T09:57:24.323331+00:00
wowanalyzer,1611503093_1145255a05b6e9b895fef993616518363be54fc6,react-app-rewired,1,99392,565eeea5519d3c42,14,  ● Demonology Warlock integration test: example log › Doom › matches the suggestions snapshot,False,0.7900,none,2026-10-03T09:57:24.720775+00:00
wowanalyzer,1611503093_1145255a05b6e9b895fef993616518363be54fc6,react-app-rewired,1,99447,830eb4673522291e,14,  ● Demonology Warlock integration test: example log › GrimoireFelguard › matches the statistic snapshot,False,0.7800,none,2026-10-03T09:57:24.726836+00:00
wowanalyzer,1611503093_1145255a05b6e9b895fef993616518363be54fc6,react-app-rewired,1,99557,20911d46b746544f,14,  ● Demonology Warlock integration test: example log › SacrificedSouls › matches the statistic snapshot,False,0.7800,none,2026-10-03T09:57:25.073009+00:00
wowanalyzer,1611503093_1145255a05b6e9b895fef993616518363be54fc6,react-app-rewired,1,99612,5cd7a4732d13eda1,14,  ● Demonology Warlock integration test: example log › SacrificedSouls › matches the suggestions snapshot,False,0.7900,none,2026-10-03T09:57:25.102805+00:00
wowanalyzer,1611503093_1145255a05b6e9b895fef993616518363be54fc6,react-app-rewired,1,99667,6934430689c4ec66,21,  ● Demonology Warlock integration test: example log › DemonicConsumption › matches the statistic snapshot,False,0.7700,none,2026-10-03T09:57:25.232773+00:00
wowanalyzer,1611503093_1145255a05b6e9b895fef993616518363be54fc6,react-app-rewired,1,99722,3295cafab3e2cc04,14,  ● Demonology Warlock integration test: example log › DemonicConsumption › matches the suggestions snapshot,False,0.7700,none,2026-10-03T09:57:25.460666+00:00
wowanalyzer,1611503093_1145255a05b6e9b895fef993616518363be54fc6,react-app-rewired,1,99777,87cb919f488b4582,14,  ● Demonology Warlock integration test: example log › NetherPortal › matches the statistic snapshot,False,0.7900,none,2026-10-03T09:57:25.526716+00:00
wowanalyzer,1611503093_1145255a05b6e9b895fef993616518363be54fc6,react-app-rewired,1,99502,1296ea103a5c3ba3,14,  ● Demonology Warlock integration test: example log › GrimoireFelguard › matches the suggestions snapshot,False,0.7700,none,2026-10-03T09:57:25.734438+00:00
wowanalyzer,1611503093_1145255a05b6e9b895fef993616518363be54fc6,react-app-rewired,1,99832,5f51ea0fae7288c9,14,  ● Demonology Warlock integration test: example log › NetherPortal › matches the suggestions snapshot,False,0.7800,none,2026-10-03T09:57:25.800851+00:00
wowanalyzer,1611503093_1145255a05b6e9b895fef993616518363be54fc6,react-app-rewired,1,105429,dd295d47dd489642,13,  ● Beast Mastery Hunter integration test: Single Target › FocusTracker › matches the statistic snapshot,False,0.7700,none,2026-10-03T09:57:25.874058+00:00
wowanalyzer,1611503093_1145255a05b6e9b895fef993616518363be54fc6,react-app-rewired,1,105484,4efaffec1dc90b5d,13,  ● Beast Mastery Hunter integration test: Single Target › FocusTracker › matches the suggestions snapshot,False,0.7600,none,2026-10-03T09:57:26.023955+00:00
wowanalyzer,1611503093_1145255a05b6e9b895fef993616518363be54fc6,react-app-rewired,1,105539,10634add942e857c,19,  ● Beast Mastery Hunter integration test: Single Target › FocusDetails › matches the statistic snapshot,False,0.7800,none,2026-10-03T09:57:26.141832+00:00
wowanalyzer,1611503093_1145255a05b6e9b895fef993616518363be54fc6,react-app-rewired,1,105594,baa3a544c7984100,13,  ● Beast Mastery Hunter integration test: Single Target › FocusDetails › matches the suggestions snapshot,False,0.7800,none,2026-10-03T09:57:26.311533+00:00
wowanalyzer,1611503093_1145255a05b6e9b895fef993616518363be54fc6,react-app-rewired,1,105649,0a259b739f01e9a5,13,  ● Beast Mastery Hunter integration test: Single Target › SpellFocusCost › matches the statistic snapshot,False,0.7600,none,2026-10-03T09:57:26.421207+00:00
wowanalyzer,1611503093_1145255a05b6e9b895fef993616518363be54fc6,react-app-rewired,1,105704,9964f2ef97fefad5,13,  ● Beast Mastery Hunter integration test: Single Target › SpellFocusCost › matches the suggestions snapshot,False,0.7600,none,2026-10-03T09:57:26.587681+00:00
wowanalyzer,1611503093_1145255a05b6e9b895fef993616518363be54fc6,react-app-rewired,1,105759,da1b85776e1343bd,13,  ● Beast Mastery Hunter integration test: Single Target › BeastMasteryFocusCapTracker › matches the statistic snapshot,False,0.7800,none,2026-10-03T09:57:26.873069+00:00
wowanalyzer,1611503093_1145255a05b6e9b895fef993616518363be54fc6,react-app-rewired,1,105814,52d9d46ccb141ce7,20,  ● Beast Mastery Hunter integration test: Single Target › BeastMasteryFocusCapTracker › matches the suggestions snapsho,False,0.7900,none,2026-10-03T09:57:26.918392+00:00
wowanalyzer,1611503093_1145255a05b6e9b895fef993616518363be54fc6,react-app-rewired,1,105869,318451c96bd95f92,13,  ● Beast Mastery Hunter integration test: Single Target › Focus › matches the statistic snapshot,False,0.7900,none,2026-10-03T09:57:27.078794+00:00
wowanalyzer,1611503093_1145255a05b6e9b895fef993616518363be54fc6,react-app-rewired,1,105924,d9ab8b876ae26d95,22,  ● Beast Mastery Hunter integration test: Single Target › Focus › matches the suggestions snapshot,False,0.7700,none,2026-10-03T09:57:27.372068+00:00
wowanalyzer,1611503093_1145255a05b6e9b895fef993616518363be54fc6,react-app-rewired,1,105979,ac44d05e644bc8be,16,  ● Beast Mastery Hunter integration test: Single Target › BeastMasteryFocusUsage › matches the statistic snapshot,False,0.7900,none,2026-10-03T09:57:27.379822+00:00
wowanalyzer,1611503093_1145255a05b6e9b895fef993616518363be54fc6,react-app-rewired,1,106034,f1bbb716203e13a0,13,  ● Beast Mastery Hunter integration test: Single Target › BeastMasteryFocusUsage › matches the suggestions snapshot,False,0.7400,none,2026-10-03T09:57:27.715198+00:00
wowanalyzer,1611503093_1145255a05b6e9b895fef993616518363be54fc6,react-app-rewired,1,106089,64f855e65b7e9115,24,  ● Beast Mastery Hunter integration test: Single Target › BasicAttacks › matches the statistic snapshot,False,0.7700,none,2026-10-03T09:57:27.726383+00:00
wowanalyzer,1611503093_1145255a05b6e9b895fef993616518363be54fc6,react-app-rewired,1,106144,fd655de74d9d96d6,13,  ● Beast Mastery Hunter integration test: Single Target › BasicAttacks › matches the suggestions snapshot,False,0.7800,none,2026-10-03T09:57:27.777401+00:00
wowanalyzer,1611503093_1145255a05b6e9b895fef993616518363be54fc6,react-app-rewired,1,106199,1197d3b9c42a4b05,15,  ● Beast Mastery Hunter integration test: Single Target › BestialWrath › matches the statistic snapshot,False,0.7700,none,2026-10-03T09:57:27.943700+00:00
wowanalyzer,1611503093_1145255a05b6e9b895fef993616518363be54fc6,react-app-rewired,1,106254,27c80638f1e1adf0,18,  ● Beast Mastery Hunter integration test: Single Target › BestialWrath › matches the suggestions snapshot,False,0.7800,none,2026-10-03T09:57:28.072660+00:00
wowanalyzer,1611503093_1145255a05b6e9b895fef993616518363be54fc6,react-app-rewired,1,106309,f801eee3b685048c,19,  ● Beast Mastery Hunter integration test: Single Target › BeastCleave › matches the statistic snapshot,False,0.7800,none,2026-10-03T09:57:28.240460+00:00
wowanalyzer,1611503093_1145255a05b6e9b895fef993616518363be54fc6,react-app-rewired,1,106364,9b19bd2dfd9d444c,18,  ● Beast Mastery Hunter integration test: Single Target › BeastCleave › matches the suggestions snapshot,False,0.7500,none,2026-10-03T09:57:28.372521+00:00
wowanalyzer,1611503093_1145255a05b6e9b895fef993616518363be54fc6,react-app-rewired,1,106419,d793c8bf6b6f0ce4,35,  ● Beast Mastery Hunter integration test: Single Target › CobraShot › matches the statistic snapshot,False,0.7500,none,2026-10-03T09:57:28.543589+00:00
wowanalyzer,1611503093_1145255a05b6e9b895fef993616518363be54fc6,react-app-rewired,1,106529,f189bed3e8cdc47e,19,  ● Beast Mastery Hunter integration test: Single Target › BarbedShot › matches the statistic snapshot,False,0.7600,none,2026-10-03T09:57:28.826522+00:00
wowanalyzer,1611503093_1145255a05b6e9b895fef993616518363be54fc6,react-app-rewired,1,106474,495b7339ab507af0,34,  ● Beast Mastery Hunter integration test: Single Target › CobraShot › matches the suggestions snapshot,False,0.7800,none,2026-10-03T09:57:28.925340+00:00
wowanalyzer,1611503093_1145255a05b6e9b895fef993616518363be54fc6,react-app-rewired,1,106584,d66d2a8c347dceb4,18,  ● Beast Mastery Hunter integration test: Single Target › BarbedShot › matches the suggestions snapshot,False,0.7500,none,2026-10-03T09:57:29.030670+00:00
wowanalyzer,1611503093_1145255a05b6e9b895fef993616518363be54fc6,react-app-rewired,1,106639,6e73ea493982c8ea,15,  ● Beast Mastery Hunter integration test: Single Target › AspectOfTheWild › matches the statistic snapshot,False,0.7600,none,2026-10-03T09:57:29.247489+00:00
wowanalyzer,1611503093_1145255a05b6e9b895fef993616518363be54fc6,react-app-rewired,1,106694,5c0fb3ec67e71d65,13,  ● Beast Mastery Hunter integration test: Single Target › AspectOfTheWild › matches the suggestions snapshot,False,0.7900,none,2026-10-03T09:57:29.357735+00:00
wowanalyzer,1611503093_1145255a05b6e9b895fef993616518363be54fc6,react-app-rewired,1,106749,ebd6f20c7f5f6d3d,19,  ● Beast Mastery Hunter integration test: Single Target › KillShot › matches the statistic snapshot,False,0.7500,none,2026-10-03T09:57:29.477523+00:00
wowanalyzer,1611503093_1145255a05b6e9b895fef993616518363be54fc6,react-app-rewired,1,106804,c0b39fe409bdd1d5,13,  ● Beast Mastery Hunter integration test: Single Target › KillShot › matches the suggestions snapshot,False,0.7800,none,2026-10-03T09:57:29.694500+00:00
wowanalyzer,1611503093_1145255a05b6e9b895fef993616518363be54fc6,react-app-rewired,1,106859,03a34016aa73eb3e,13,  ● Beast Mastery Hunter integration test: Single Target › KillerInstinct › matches the statistic snapshot,False,0.7700,none,2026-10-03T09:57:29.761387+00:00
wowanalyzer,1611503093_1145255a05b6e9b895fef993616518363be54fc6,react-app-rewired,1,106914,4afb3f2dd506dfd2,13,  ● Beast Mastery Hunter integration test: Single Target › KillerInstinct › matches the suggestions snapshot,False,0.7800,none,2026-10-03T09:57:29.922201+00:00
wowanalyzer,1611503093_1145255a05b6e9b895fef993616518363be54fc6,react-app-rewired,1,106969,487c3a43f635c43c,13,  ● Beast Mastery Hunter integration test: Single Target › ChimaeraShot › matches the statistic snapshot,False,0.7800,none,2026-10-03T09:57:30.153194+00:00
wowanalyzer,1611503093_1145255a05b6e9b895fef993616518363be54fc6,react-app-rewired,1,107024,520008878b425aad,13,  ● Beast Mastery Hunter integration test: Single Target › ChimaeraShot › matches the suggestions snapshot,False,0.7600,none,2026-10-03T09:57:30.233132+00:00
wowanalyzer,1611503093_1145255a05b6e9b895fef993616518363be54fc6,react-app-rewired,1,107079,dedf2a59bac7c39e,13,  ● Beast Mastery Hunter integration test: Single Target › DireBeast › matches the statistic snapshot,False,0.7600,none,2026-10-03T09:57:30.324440+00:00
wowanalyzer,1611503093_1145255a05b6e9b895fef993616518363be54fc6,react-app-rewired,1,107134,4f48c18f2e45b66f,13,  ● Beast Mastery Hunter integration test: Single Target › DireBeast › matches the suggestions snapshot,False,0.7800,none,2026-10-03T09:57:30.517960+00:00
wowanalyzer,1611503093_1145255a05b6e9b895fef993616518363be54fc6,react-app-rewired,1,107189,6d2b279fcf75b357,22,  ● Beast Mastery Hunter integration test: Single Target › NaturalMending › matches the statistic snapshot,False,0.7800,none,2026-10-03T09:57:30.631379+00:00
wowanalyzer,1611503093_1145255a05b6e9b895fef993616518363be54fc6,react-app-rewired,1,107244,6d8ee7478994e180,13,  ● Beast Mastery Hunter integration test: Single Target › NaturalMending › matches the suggestions snapshot,False,0.7800,none,2026-10-03T09:57:30.810008+00:00
wowanalyzer,1611503093_1145255a05b6e9b895fef993616518363be54fc6,react-app-rewired,1,107299,3f78491f678a4bb5,13,  ● Beast Mastery Hunter integration test: Single Target › Trailblazer › matches the statistic snapshot,False,0.7800,none,2026-10-03T09:57:30.942294+00:00
wowanalyzer,1611503093_1145255a05b6e9b895fef993616518363be54fc6,react-app-rewired,1,107354,66aef7eb606fffe5,13,  ● Beast Mastery Hunter integration test: Single Target › Trailblazer › matches the suggestions snapshot,False,0.7800,none,2026-10-03T09:57:31.077294+00:00
wowanalyzer,1611503093_1145255a05b6e9b895fef993616518363be54fc6,react-app-rewired,1,107409,30364773d71ddd14,13,  ● Beast Mastery Hunter integration test: Single Target › Barrage › matches the statistic snapshot,False,0.7800,none,2026-10-03T09:57:31.236525+00:00
wowanalyzer,1611503093_1145255a05b6e9b895fef993616518363be54fc6,react-app-rewired,1,107464,24ab0565345f1a5d,13,  ● Beast Mastery Hunter integration test: Single Target › Barrage › matches the suggestions snapshot,False,0.7500,none,2026-10-03T09:57:31.388609+00:00
wowanalyzer,1611503093_1145255a05b6e9b895fef993616518363be54fc6,react-app-rewired,1,107519,027a92ec5511666a,17,  ● Beast Mastery Hunter integration test: Single Target › KillerCobra › matches the statistic snapshot,False,0.8000,none,2026-10-03T09:57:31.531503+00:00
wowanalyzer,1611503093_1145255a05b6e9b895fef993616518363be54fc6,react-app-rewired,1,107574,3597cc7675a3f9a4,20,  ● Beast Mastery Hunter integration test: Single Target › KillerCobra › matches the suggestions snapshot,False,0.7700,none,2026-10-03T09:57:31.715573+00:00
wowanalyzer,1611503093_1145255a05b6e9b895fef993616518363be54fc6,react-app-rewired,1,107629,d1a8405d5522f28c,13,  ● Beast Mastery Hunter integration test: Single Target › Stampede › matches the statistic snapshot,False,0.7700,none,2026-10-03T09:57:31.886690+00:00
wowanalyzer,1611503093_1145255a05b6e9b895fef993616518363be54fc6,react-app-rewired,1,107739,10ab2760186890a8,22,  ● Beast Mastery Hunter integration test: Single Target › Stomp › matches the statistic snapshot,False,0.7800,none,2026-10-03T09:57:32.145539+00:00
wowanalyzer,1611503093_1145255a05b6e9b895fef993616518363be54fc6,react-app-rewired,1,107684,86866c7fc0d07fa9,13,  ● Beast Mastery Hunter integration test: Single Target › Stampede › matches the suggestions snapshot,False,0.7700,none,2026-10-03T09:57:32.231188+00:00
wowanalyzer,1611503093_1145255a05b6e9b895fef993616518363be54fc6,react-app-rewired,1,107794,4680d804eec60eda,13,  ● Beast Mastery Hunter integration test: Single Target › Stomp › matches the suggestions snapshot,False,0.7800,none,2026-10-03T09:57:32.426787+00:00
wowanalyzer,1611503093_1145255a05b6e9b895fef993616518363be54fc6,react-app-rewired,1,107849,6ed915833c5c4302,13,  ● Beast Mastery Hunter integration test: Single Target › AMurderOfCrows › matches the statistic snapshot,False,0.7800,none,2026-10-03T09:57:32.458645+00:00
wowanalyzer,1611503093_1145255a05b6e9b895fef993616518363be54fc6,react-app-rewired,1,107959,59aabeb405a93e7e,15,  ● Beast Mastery Hunter integration test: Single Target › ThrillOfTheHunt › matches the statistic snapshot,False,0.8000,none,2026-10-03T09:57:32.717936+00:00
wowanalyzer,1611503093_1145255a05b6e9b895fef993616518363be54fc6,react-app-rewired,1,107904,5ead5e87567ab99b,13,  ● Beast Mastery Hunter integration test: Single Target › AMurderOfCrows › matches the suggestions snapshot,False,0.7700,none,2026-10-03T09:57:32.783581+00:00
wowanalyzer,1611503093_1145255a05b6e9b895fef993616518363be54fc6,react-app-rewired,1,108014,185d4b2a7a04886a,13,  ● Beast Mastery Hunter integration test: Single Target › ThrillOfTheHunt › matches the suggestions snapshot,False,0.7800,none,2026-10-03T09:57:32.911952+00:00
wowanalyzer,1611503093_1145255a05b6e9b895fef993616518363be54fc6,react-app-rewired,1,108069,af6d6846165df9e9,13,  ● Beast Mastery Hunter integration test: Single Target › OneWithThePack › matches the statistic snapshot,False,0.8200,none,2026-10-03T09:57:33.099444+00:00
wowanalyzer,1611503093_1145255a05b6e9b895fef993616518363be54fc6,react-app-rewired,1,108179,444f0838f9757e64,13,  ● Beast Mastery Hunter integration test: Single Target › AspectOfTheBeast › matches the statistic snapshot,False,0.7900,none,2026-10-03T09:57:33.380716+00:00
wowanalyzer,1611503093_1145255a05b6e9b895fef993616518363be54fc6,react-app-rewired,1,108124,2645b4729333b094,13,  ● Beast Mastery Hunter integration test: Single Target › OneWithThePack › matches the suggestions snapshot,False,0.8100,none,2026-10-03T09:57:33.386508+00:00
wowanalyzer,1611503093_1145255a05b6e9b895fef993616518363be54fc6,react-app-rewired,1,108234,3b82075fa1917182,13,  ● Beast Mastery Hunter integration test: Single Target › AspectOfTheBeast › matches the suggestions snapshot,False,0.7700,none,2026-10-03T09:57:33.473595+00:00
wowanalyzer,1611503093_1145255a05b6e9b895fef993616518363be54fc6,react-app-rewired,1,108289,af7fdb288f4c8244,13,  ● Beast Mastery Hunter integration test: Single Target › SpittingCobra › matches the statistic snapshot,False,0.7600,none,2026-10-03T09:57:33.626898+00:00
wowanalyzer,1611503093_1145255a05b6e9b895fef993616518363be54fc6,react-app-rewired,1,108344,0091416c98fe0c3d,13,  ● Beast Mastery Hunter integration test: Single Target › SpittingCobra › matches the suggestions snapshot,False,0.7800,none,2026-10-03T09:57:33.807355+00:00
wowanalyzer,1611503093_1145255a05b6e9b895fef993616518363be54fc6,react-app-rewired,1,108399,57753d9781b14330,29,  ● Beast Mastery Hunter integration test: Single Target › ScentOfBlood › matches the statistic snapshot,False,0.8000,none,2026-10-03T09:57:34.059802+00:00
wowanalyzer,1611503093_1145255a05b6e9b895fef993616518363be54fc6,react-app-rewired,1,108454,a4d185ba01fc5fd3,13,  ● Beast Mastery Hunter integration test: Single Target › ScentOfBlood › matches the suggestions snapshot,False,0.8100,none,2026-10-03T09:57:34.071945+00:00
wowanalyzer,1611503093_1145255a05b6e9b895fef993616518363be54fc6,react-app-rewired,1,108509,1ef94a1629620f69,13,  ● Beast Mastery Hunter integration test: Single Target › BornToBeWild › matches the statistic snapshot,False,0.7800,none,2026-10-03T09:57:34.264463+00:00
wowanalyzer,1611503093_1145255a05b6e9b895fef993616518363be54fc6,react-app-rewired,1,108564,d33bd2e28beb236f,13,  ● Beast Mastery Hunter integration test: Single Target › BornToBeWild › matches the suggestions snapshot,False,0.7600,none,2026-10-03T09:57:34.379062+00:00
wowanalyzer,1611503093_1145255a05b6e9b895fef993616518363be54fc6,react-app-rewired,1,108619,9e8ab6c33b61daca,15,  ● Beast Mastery Hunter integration test: Single Target › BindingShot › matches the statistic snapshot,False,0.8000,none,2026-10-03T09:57:34.543368+00:00
wowanalyzer,1611503093_1145255a05b6e9b895fef993616518363be54fc6,react-app-rewired,1,108674,69ceae60c07dc78d,13,  ● Beast Mastery Hunter integration test: Single Target › BindingShot › matches the suggestions snapshot,False,0.7900,none,2026-10-03T09:57:34.670844+00:00
wowanalyzer,1611503093_1145255a05b6e9b895fef993616518363be54fc6,react-app-rewired,1,108729,513c0b19d0b115ef,19,  ● Beast Mastery Hunter integration test: Single Target › AnimalCompanion › matches the statistic snapshot,False,0.7800,none,2026-10-03T09:57:34.826889+00:00
wowanalyzer,1611503093_1145255a05b6e9b895fef993616518363be54fc6,react-app-rewired,1,108784,f82141b6d7597b11,13,  ● Beast Mastery Hunter integration test: Single Target › AnimalCompanion › matches the suggestions snapshot,False,0.7900,none,2026-10-03T09:57:34.999061+00:00
wowanalyzer,1611503093_1145255a05b6e9b895fef993616518363be54fc6,react-app-rewired,1,108839,99976352535aeb35,19,  ● Beast Mastery Hunter integration test: Single Target › ResonatingArrow › matches the statistic snapshot,False,0.7900,none,2026-10-03T09:57:35.213558+00:00
wowanalyzer,1611503093_1145255a05b6e9b895fef993616518363be54fc6,react-app-rewired,1,108894,4e30d2cb1dd5cb1c,13,  ● Beast Mastery Hunter integration test: Single Target › ResonatingArrow › matches the suggestions snapshot,False,0.7900,none,2026-10-03T09:57:35.321536+00:00
wowanalyzer,1611503093_1145255a05b6e9b895fef993616518363be54fc6,react-app-rewired,1,108949,7026811ba5992260,13,  ● Beast Mastery Hunter integration test: Single Target › DeathChakrams › matches the statistic snapshot,False,0.7800,none,2026-10-03T09:57:35.451477+00:00
wowanalyzer,1611503093_1145255a05b6e9b895fef993616518363be54fc6,react-app-rewired,1,109004,6fad6f8bc0134773,13,  ● Beast Mastery Hunter integration test: Single Target › DeathChakrams › matches the suggestions snapshot,False,0.8000,none,2026-10-03T09:57:35.593374+00:00
wowanalyzer,1611503093_1145255a05b6e9b895fef993616518363be54fc6,react-app-rewired,1,109059,77fe989bea2515e5,19,  ● Beast Mastery Hunter integration test: Single Target › WildSpirits › matches the statistic snapshot,False,0.7900,none,2026-10-03T09:57:35.730643+00:00
wowanalyzer,1611503093_1145255a05b6e9b895fef993616518363be54fc6,react-app-rewired,1,109114,b8fada800cf2589f,13,  ● Beast Mastery Hunter integration test: Single Target › WildSpirits › matches the suggestions snapshot,False,0.7800,none,2026-10-03T09:57:35.944726+00:00
wowanalyzer,1611503093_1145255a05b6e9b895fef993616518363be54fc6,react-app-rewired,1,109169,f643e645ca7a4f30,13,  ● Beast Mastery Hunter integration test: Single Target › FlayedShot › matches the statistic snapshot,False,0.7900,none,2026-10-03T09:57:36.069822+00:00
wowanalyzer,1611503093_1145255a05b6e9b895fef993616518363be54fc6,react-app-rewired,1,109224,1791e87dfab8f0db,13,  ● Beast Mastery Hunter integration test: Single Target › FlayedShot › matches the suggestions snapshot,False,0.8000,none,2026-10-03T09:57:36.224574+00:00
wowanalyzer,1611503093_1145255a05b6e9b895fef993616518363be54fc6,react-app-rewired,1,109279,080596096751df79,13,  ● Beast Mastery Hunter integration test: Single Target › EmpoweredRelease › matches the statistic snapshot,False,0.8000,none,2026-10-03T09:57:36.315456+00:00
wowanalyzer,1611503093_1145255a05b6e9b895fef993616518363be54fc6,react-app-rewired,1,109334,ce4ba661191d5d50,13,  ● Beast Mastery Hunter integration test: Single Target › EmpoweredRelease › matches the suggestions snapshot,False,0.7900,none,2026-10-03T09:57:36.608158+00:00
wowanalyzer,1611503093_1145255a05b6e9b895fef993616518363be54fc6,react-app-rewired,1,109389,47657c1e86480129,26,  ● Beast Mastery Hunter integration test: Single Target › EnfeebledMark › matches the statistic snapshot,False,0.7900,none,2026-10-03T09:57:36.618795+00:00
wowanalyzer,1611503093_1145255a05b6e9b895fef993616518363be54fc6,react-app-rewired,1,109444,3e9042a71d8db270,13,  ● Beast Mastery Hunter integration test: Single Target › EnfeebledMark › matches the suggestions snapshot,False,0.7900,none,2026-10-03T09:57:36.772933+00:00
wowanalyzer,1611503093_1145255a05b6e9b895fef993616518363be54fc6,react-app-rewired,1,109499,6fb69000c395867a,13,  ● Beast Mastery Hunter integration test: Single Target › NecroticBarrage › matches the statistic snapshot,False,0.7900,none,2026-10-03T09:57:36.919493+00:00
wowanalyzer,1611503093_1145255a05b6e9b895fef993616518363be54fc6,react-app-rewired,1,109554,00bdf16de77ecc6e,13,  ● Beast Mastery Hunter integration test: Single Target › NecroticBarrage › matches the suggestions snapshot,False,0.7900,none,2026-10-03T09:57:37.218689+00:00
wowanalyzer,1611503093_1145255a05b6e9b895fef993616518363be54fc6,react-app-rewired,1,109609,3293d9b402a6d917,26,  ● Beast Mastery Hunter integration test: Single Target › SpiritAttunement › matches the statistic snapshot,False,0.7700,none,2026-10-03T09:57:37.271668+00:00
wowanalyzer,1611503093_1145255a05b6e9b895fef993616518363be54fc6,react-app-rewired,1,109664,392285e92ca0b9ea,13,  ● Beast Mastery Hunter integration test: Single Target › SpiritAttunement › matches the suggestions snapshot,False,0.8100,none,2026-10-03T09:57:37.377035+00:00
wowanalyzer,1611503093_1145255a05b6e9b895fef993616518363be54fc6,react-app-rewired,1,109719,2b7e9b10e71a95d4,25,  ● Beast Mastery Hunter integration test: Single Target › Bloodletting › matches the statistic snapshot,False,0.7800,none,2026-10-03T09:57:37.527630+00:00
wowanalyzer,1611503093_1145255a05b6e9b895fef993616518363be54fc6,react-app-rewired,1,109774,9a49d27022584266,13,  ● Beast Mastery Hunter integration test: Single Target › Bloodletting › matches the suggestions snapshot,False,0.8100,none,2026-10-03T09:57:37.765452+00:00
wowanalyzer,1611503093_1145255a05b6e9b895fef993616518363be54fc6,react-app-rewired,1,109829,cb060a7964fd8fa6,13,  ● Beast Mastery Hunter integration test: Single Target › EchoingCall › matches the statistic snapshot,False,0.8000,none,2026-10-03T09:57:37.881036+00:00
wowanalyzer,1611503093_1145255a05b6e9b895fef993616518363be54fc6,react-app-rewired,1,109884,c18a997f66ed1cbb,13,  ● Beast Mastery Hunter integration test: Single Target › EchoingCall › matches the suggestions snapshot,False,0.7800,none,2026-10-03T09:57:37.999444+00:00
wowanalyzer,1611503093_1145255a05b6e9b895fef993616518363be54fc6,react-app-rewired,1,109939,023db6a626aa3749,13,  ● Beast Mastery Hunter integration test: Single Target › FerociousAppetite › matches the statistic snapshot,False,0.7800,none,2026-10-03T09:57:38.139741+00:00
wowanalyzer,1611503093_1145255a05b6e9b895fef993616518363be54fc6,react-app-rewired,1,109994,2ee976150c8a5064,13,  ● Beast Mastery Hunter integration test: Single Target › FerociousAppetite › matches the suggestions snapshot,False,0.7800,none,2026-10-03T09:57:38.295948+00:00
wowanalyzer,1611503093_1145255a05b6e9b895fef993616518363be54fc6,react-app-rewired,1,110049,bdb4f6b660b8a69a,13,  ● Beast Mastery Hunter integration test: Single Target › OneWithTheBeast › matches the statistic snapshot,False,0.7900,none,2026-10-03T09:57:38.478915+00:00
wowanalyzer,1611503093_1145255a05b6e9b895fef993616518363be54fc6,react-app-rewired,1,110104,18a8597a83d46d61,13,  ● Beast Mastery Hunter integration test: Single Target › OneWithTheBeast › matches the suggestions snapshot,False,0.7900,none,2026-10-03T09:57:38.582313+00:00
wowanalyzer,1611503093_1145255a05b6e9b895fef993616518363be54fc6,react-app-rewired,1,110159,21468195c5153d2c,13,  ● Beast Mastery Hunter integration test: Single Target › MarkmansAdvantage › matches the statistic snapshot,False,0.7700,none,2026-10-03T09:57:38.745141+00:00
wowanalyzer,1611503093_1145255a05b6e9b895fef993616518363be54fc6,react-app-rewired,1,110214,35d2b0cd8b3e272d,13,  ● Beast Mastery Hunter integration test: Single Target › MarkmansAdvantage › matches the suggestions snapshot,False,0.7600,none,2026-10-03T09:57:38.868155+00:00
wowanalyzer,1611503093_1145255a05b6e9b895fef993616518363be54fc6,react-app-rewired,1,110269,cef7f42bc744baa7,13,  ● Beast Mastery Hunter integration test: Single Target › ResilienceOfTheHunter › matches the statistic snapshot,False,0.7900,none,2026-10-03T09:57:39.053075+00:00
wowanalyzer,1611503093_1145255a05b6e9b895fef993616518363be54fc6,react-app-rewired,1,110324,f732c64a27a5b6dc,13,  ● Beast Mastery Hunter integration test: Single Target › ResilienceOfTheHunter › matches the suggestions snapshot,False,0.7800,none,2026-10-03T09:57:39.184124+00:00
wowanalyzer,1611503093_1145255a05b6e9b895fef993616518363be54fc6,react-app-rewired,1,110434,9f459dfa5b91615b,13,  ● Beast Mastery Hunter integration test: Single Target › ReversalOfFortune › matches the suggestions snapshot,False,0.7600,none,2026-10-03T09:57:39.338529+00:00
wowanalyzer,1611503093_1145255a05b6e9b895fef993616518363be54fc6,react-app-rewired,1,110599,ed996c7c72f5477e,13,  ● Beast Mastery Hunter integration test: Single Target › HarmonyOfTheTortollan › matches the statistic snapshot,False,0.8100,none,2026-10-03T09:57:39.501630+00:00
wowanalyzer,1611503093_1145255a05b6e9b895fef993616518363be54fc6,react-app-rewired,1,110654,02bab63a038a72de,13,  ● Beast Mastery Hunter integration test: Single Target › HarmonyOfTheTortollan › matches the suggestions snapshot,False,0.8000,none,2026-10-03T09:57:39.759935+00:00
wowanalyzer,1611503093_1145255a05b6e9b895fef993616518363be54fc6,react-app-rewired,1,110709,381dc5528d3e4483,13,  ● Beast Mastery Hunter integration test: Single Target › NesingwarysTrappingApparatus › matches the statistic snapshot,False,0.7700,none,2026-10-03T09:57:39.802818+00:00
wowanalyzer,1611503093_1145255a05b6e9b895fef993616518363be54fc6,react-app-rewired,1,110764,4d7acc27085aca1f,13,  ● Beast Mastery Hunter integration test: Single Target › NesingwarysTrappingApparatus › matches the suggestions snapsh,False,0.7900,none,2026-10-03T09:57:39.992445+00:00
wowanalyzer,1611503093_1145255a05b6e9b895fef993616518363be54fc6,react-app-rewired,1,110819,39d83bc9c5038285,19,  ● Beast Mastery Hunter integration test: Single Target › SoulforgeEmbers › matches the statistic snapshot,False,0.7800,none,2026-10-03T09:57:40.075518+00:00
wowanalyzer,1611503093_1145255a05b6e9b895fef993616518363be54fc6,react-app-rewired,1,110874,7cbdea8ffdefa2fb,13,  ● Beast Mastery Hunter integration test: Single Target › SoulforgeEmbers › matches the suggestions snapshot,False,0.7800,none,2026-10-03T09:57:40.221680+00:00
wowanalyzer,1611503093_1145255a05b6e9b895fef993616518363be54fc6,react-app-rewired,1,110929,e88983135740319c,13,  ● Beast Mastery Hunter integration test: Single Target › DireCommand › matches the statistic snapshot,False,0.7800,none,2026-10-03T09:57:40.420230+00:00
wowanalyzer,1611503093_1145255a05b6e9b895fef993616518363be54fc6,react-app-rewired,1,110984,5fd4a9f1fd52fa62,13,  ● Beast Mastery Hunter integration test: Single Target › DireCommand › matches the suggestions snapshot,False,0.7900,none,2026-10-03T09:57:40.519004+00:00
wowanalyzer,1611503093_1145255a05b6e9b895fef993616518363be54fc6,react-app-rewired,1,111039,d89e44fcfeb3bd6a,13,  ● Beast Mastery Hunter integration test: Single Target › FlamewakersCobraSting › matches the statistic snapshot,False,0.7900,none,2026-10-03T09:57:40.740719+00:00
wowanalyzer,1611503093_1145255a05b6e9b895fef993616518363be54fc6,react-app-rewired,1,111094,efb6fbd46ced2c9e,13,  ● Beast Mastery Hunter integration test: Single Target › FlamewakersCobraSting › matches the suggestions snapshot,False,0.8100,none,2026-10-03T09:57:40.838342+00:00
wowanalyzer,1611503093_1145255a05b6e9b895fef993616518363be54fc6,react-app-rewired,1,111149,acd11e9b9919b2ab,13,  ● Beast Mastery Hunter integration test: Single Target › QaplaEredunWarOrder › matches the statistic snapshot,False,0.8000,none,2026-10-03T09:57:41.013691+00:00
wowanalyzer,1611503093_1145255a05b6e9b895fef993616518363be54fc6,react-app-rewired,1,111204,baffbffbe20331da,13,  ● Beast Mastery Hunter integration test: Single Target › QaplaEredunWarOrder › matches the suggestions snapshot,False,0.7900,none,2026-10-03T09:57:41.147267+00:00
wowanalyzer,1611503093_1145255a05b6e9b895fef993616518363be54fc6,react-app-rewired,1,111259,d04766e0340f44ab,20,  ● Beast Mastery Hunter integration test: Single Target › RylakstalkersPiercingFangs › matches the statistic snapshot,False,0.7800,none,2026-10-03T09:57:41.281441+00:00
wowanalyzer,1611503093_1145255a05b6e9b895fef993616518363be54fc6,react-app-rewired,1,111314,5d22abb1c608f1bf,13,  ● Beast Mastery Hunter integration test: Single Target › RylakstalkersPiercingFangs › matches the suggestions snapshot,False,0.7700,none,2026-10-03T09:57:41.450241+00:00
wowanalyzer,1611503093_1145255a05b6e9b895fef993616518363be54fc6,react-app-rewired,1,128832,744cf48407e0c9a9,13,  ● Marksmanship Hunter integration test: Single Target › MarksmanshipFocusCapTracker › matches the statistic snapshot,False,0.7700,none,2026-10-03T09:57:41.598177+00:00
wowanalyzer,1611503093_1145255a05b6e9b895fef993616518363be54fc6,react-app-rewired,1,128887,19296f2d7fcbd93e,16,  ● Marksmanship Hunter integration test: Single Target › MarksmanshipFocusCapTracker › matches the suggestions snapshot,False,0.7800,none,2026-10-03T09:57:41.854655+00:00
wowanalyzer,1611503093_1145255a05b6e9b895fef993616518363be54fc6,react-app-rewired,1,129052,2dff4a704a9fbb06,16,  ● Marksmanship Hunter integration test: Single Target › MarksmanshipFocusUsage › matches the statistic snapshot,False,0.7500,none,2026-10-03T09:57:41.900794+00:00
wowanalyzer,1611503093_1145255a05b6e9b895fef993616518363be54fc6,react-app-rewired,1,129107,1c45883db358571e,13,  ● Marksmanship Hunter integration test: Single Target › MarksmanshipFocusUsage › matches the suggestions snapshot,False,0.7800,none,2026-10-03T09:57:42.145850+00:00
wowanalyzer,1611503093_1145255a05b6e9b895fef993616518363be54fc6,react-app-rewired,1,129162,ced21a7f1befb2a7,17,  ● Marksmanship Hunter integration test: Single Target › Trueshot › matches the statistic snapshot,False,0.7500,none,2026-10-03T09:57:42.178688+00:00
wowanalyzer,1611503093_1145255a05b6e9b895fef993616518363be54fc6,react-app-rewired,1,129217,0dca0b74220476e1,13,  ● Marksmanship Hunter integration test: Single Target › Trueshot › matches the suggestions snapshot,False,0.7700,none,2026-10-03T09:57:42.347234+00:00
wowanalyzer,1611503093_1145255a05b6e9b895fef993616518363be54fc6,react-app-rewired,1,129272,8f3d4d2379709ce5,19,  ● Marksmanship Hunter integration test: Single Target › LoneWolf › matches the statistic snapshot,False,0.7800,none,2026-10-03T09:57:42.506711+00:00
wowanalyzer,1611503093_1145255a05b6e9b895fef993616518363be54fc6,react-app-rewired,1,129327,3d6ec1c2fc6d3387,13,  ● Marksmanship Hunter integration test: Single Target › LoneWolf › matches the suggestions snapshot,False,0.7800,none,2026-10-03T09:57:42.648424+00:00
wowanalyzer,1611503093_1145255a05b6e9b895fef993616518363be54fc6,react-app-rewired,1,129382,8620c60b1f0c6916,19,  ● Marksmanship Hunter integration test: Single Target › PreciseShots › matches the statistic snapshot,False,0.7600,none,2026-10-03T09:57:42.781769+00:00
wowanalyzer,1611503093_1145255a05b6e9b895fef993616518363be54fc6,react-app-rewired,1,129437,124db48b2a80b417,13,  ● Marksmanship Hunter integration test: Single Target › PreciseShots › matches the suggestions snapshot,False,0.7600,none,2026-10-03T09:57:42.927757+00:00
wowanalyzer,1611503093_1145255a05b6e9b895fef993616518363be54fc6,react-app-rewired,1,129492,1065be73df65ea45,13,  ● Marksmanship Hunter integration test: Single Target › AimedShot › matches the statistic snapshot,False,0.7700,none,2026-10-03T09:57:43.087229+00:00
wowanalyzer,1611503093_1145255a05b6e9b895fef993616518363be54fc6,react-app-rewired,1,129547,8718a0b4b50bf6d4,13,  ● Marksmanship Hunter integration test: Single Target › AimedShot › matches the suggestions snapshot,False,0.7900,none,2026-10-03T09:57:43.252587+00:00
wowanalyzer,1611503093_1145255a05b6e9b895fef993616518363be54fc6,react-app-rewired,1,129602,4bccd79afbca2541,15,  ● Marksmanship Hunter integration test: Single Target › RapidFire › matches the statistic snapshot,False,0.7900,none,2026-10-03T09:57:43.404700+00:00
wowanalyzer,1611503093_1145255a05b6e9b895fef993616518363be54fc6,react-app-rewired,1,129657,100752594c6d3d81,13,  ● Marksmanship Hunter integration test: Single Target › RapidFire › matches the suggestions snapshot,False,0.7800,none,2026-10-03T09:57:43.555871+00:00
wowanalyzer,1611503093_1145255a05b6e9b895fef993616518363be54fc6,react-app-rewired,1,129712,8f0e3a46c1c3b884,15,  ● Marksmanship Hunter integration test: Single Target › SteadyShot › matches the statistic snapshot,False,0.7700,none,2026-10-03T09:57:43.680291+00:00
wowanalyzer,1611503093_1145255a05b6e9b895fef993616518363be54fc6,react-app-rewired,1,129767,480d77a2bd5130a7,13,  ● Marksmanship Hunter integration test: Single Target › SteadyShot › matches the suggestions snapshot,False,0.7700,none,2026-10-03T09:57:43.843357+00:00
wowanalyzer,1611503093_1145255a05b6e9b895fef993616518363be54fc6,react-app-rewired,1,130042,a4f5d5bfd29271e5,19,  ● Marksmanship Hunter integration test: Single Target › Volley › matches the statistic snapshot,False,0.7500,none,2026-10-03T09:57:43.970747+00:00
wowanalyzer,1611503093_1145255a05b6e9b895fef993616518363be54fc6,react-app-rewired,1,130097,82238460c3fe52ec,13,  ● Marksmanship Hunter integration test: Single Target › Volley › matches the suggestions snapshot,False,0.7900,none,2026-10-03T09:57:44.172567+00:00
wowanalyzer,1611503093_1145255a05b6e9b895fef993616518363be54fc6,react-app-rewired,1,130207,2ec73fafffcccb6a,13,  ● Marksmanship Hunter integration test: Single Target › ExplosiveShot › matches the suggestions snapshot,False,0.7800,none,2026-10-03T09:57:44.420247+00:00
wowanalyzer,1611503093_1145255a05b6e9b895fef993616518363be54fc6,react-app-rewired,1,130152,7c40c1a86bf6f47f,19,  ● Marksmanship Hunter integration test: Single Target › ExplosiveShot › matches the statistic snapshot,False,0.7900,none,2026-10-03T09:57:44.551011+00:00
wowanalyzer,1611503093_1145255a05b6e9b895fef993616518363be54fc6,react-app-rewired,1,130372,0a090839c25d2d69,15,  ● Marksmanship Hunter integration test: Single Target › LockAndLoad › matches the statistic snapshot,False,0.8000,none,2026-10-03T09:57:44.575901+00:00
wowanalyzer,1611503093_1145255a05b6e9b895fef993616518363be54fc6,react-app-rewired,1,130427,aeac5c13b1251133,13,  ● Marksmanship Hunter integration test: Single Target › LockAndLoad › matches the suggestions snapshot,False,0.7800,none,2026-10-03T09:57:44.733493+00:00
wowanalyzer,1611503093_1145255a05b6e9b895fef993616518363be54fc6,react-app-rewired,1,130592,14664b0ea4a3665c,19,  ● Marksmanship Hunter integration test: Single Target › MasterMarksman › matches the statistic snapshot,False,0.7700,none,2026-10-03T09:57:44.878400+00:00
wowanalyzer,1611503093_1145255a05b6e9b895fef993616518363be54fc6,react-app-rewired,1,130647,24a273f3a856817e,13,  ● Marksmanship Hunter integration test: Single Target › MasterMarksman › matches the suggestions snapshot,False,0.7700,none,2026-10-03T09:57:45.078471+00:00
wowanalyzer,1611503093_1145255a05b6e9b895fef993616518363be54fc6,react-app-rewired,1,130702,91e985f3ef622df7,15,  ● Marksmanship Hunter integration test: Single Target › DoubleTap › matches the statistic snapshot,False,0.7700,none,2026-10-03T09:57:45.182235+00:00
wowanalyzer,1611503093_1145255a05b6e9b895fef993616518363be54fc6,react-app-rewired,1,130757,6cd6dc030933beff,13,  ● Marksmanship Hunter integration test: Single Target › DoubleTap › matches the suggestions snapshot,False,0.7900,none,2026-10-03T09:57:45.322976+00:00
wowanalyzer,1611503093_1145255a05b6e9b895fef993616518363be54fc6,react-app-rewired,1,130812,d393cad5295a06fb,13,  ● Marksmanship Hunter integration test: Single Target › CallingTheShots › matches the statistic snapshot,False,0.7500,none,2026-10-03T09:57:45.526536+00:00
wowanalyzer,1611503093_1145255a05b6e9b895fef993616518363be54fc6,react-app-rewired,1,130867,03d7a921d48ce950,13,  ● Marksmanship Hunter integration test: Single Target › CallingTheShots › matches the suggestions snapshot,False,0.7700,none,2026-10-03T09:57:45.820454+00:00
wowanalyzer,1611503093_1145255a05b6e9b895fef993616518363be54fc6,react-app-rewired,1,130922,0b5f334f1165437c,19,  ● Marksmanship Hunter integration test: Single Target › SerpentSting › matches the statistic snapshot,False,0.7800,none,2026-10-03T09:57:45.854551+00:00
wowanalyzer,1611503093_1145255a05b6e9b895fef993616518363be54fc6,react-app-rewired,1,130977,20100b5f62f847e2,18,  ● Marksmanship Hunter integration test: Single Target › SerpentSting › matches the suggestions snapshot,False,0.7600,none,2026-10-03T09:57:46.163680+00:00
wowanalyzer,1611503093_1145255a05b6e9b895fef993616518363be54fc6,react-app-rewired,1,131032,1013a283d207b323,15,  ● Marksmanship Hunter integration test: Single Target › SteadyFocus › matches the statistic snapshot,False,0.7900,none,2026-10-03T09:57:46.183639+00:00
wowanalyzer,1611503093_1145255a05b6e9b895fef993616518363be54fc6,react-app-rewired,1,131087,2bb6cebee75b8f45,13,  ● Marksmanship Hunter integration test: Single Target › SteadyFocus › matches the suggestions snapshot,False,0.8000,none,2026-10-03T09:57:46.318671+00:00
wowanalyzer,1611503093_1145255a05b6e9b895fef993616518363be54fc6,react-app-rewired,1,131472,0452f30afceb0410,19,  ● Marksmanship Hunter integration test: Single Target › CarefulAim › matches the statistic snapshot,False,0.7900,none,2026-10-03T09:57:46.377807+00:00
wowanalyzer,1611503093_1145255a05b6e9b895fef993616518363be54fc6,react-app-rewired,1,131527,33ac90925ae54f91,13,  ● Marksmanship Hunter integration test: Single Target › CarefulAim › matches the suggestions snapshot,False,0.7700,none,2026-10-03T09:57:46.532273+00:00
wowanalyzer,1611503093_1145255a05b6e9b895fef993616518363be54fc6,react-app-rewired,1,131692,92e083cb1cf69f02,13,  ● Marksmanship Hunter integration test: Single Target › DeadEye › matches the statistic snapshot,False,0.7900,none,2026-10-03T09:57:46.725355+00:00
wowanalyzer,1611503093_1145255a05b6e9b895fef993616518363be54fc6,react-app-rewired,1,131747,1a9f4a7bd0ebf25c,13,  ● Marksmanship Hunter integration test: Single Target › DeadEye › matches the suggestions snapshot,False,0.8100,none,2026-10-03T09:57:46.848076+00:00
wowanalyzer,1611503093_1145255a05b6e9b895fef993616518363be54fc6,react-app-rewired,1,131802,7af58cb6cce2adf6,13,  ● Marksmanship Hunter integration test: Single Target › LethalShots › matches the statistic snapshot,False,0.7600,none,2026-10-03T09:57:47.011443+00:00
wowanalyzer,1611503093_1145255a05b6e9b895fef993616518363be54fc6,react-app-rewired,1,131857,fe7fe1889b96f858,13,  ● Marksmanship Hunter integration test: Single Target › LethalShots › matches the suggestions snapshot,False,0.7700,none,2026-10-03T09:57:47.131443+00:00
wowanalyzer,1611503093_1145255a05b6e9b895fef993616518363be54fc6,react-app-rewired,1,131912,bc421739cc9cb2f8,19,  ● Marksmanship Hunter integration test: Single Target › Streamline › matches the statistic snapshot,False,0.8000,none,2026-10-03T09:57:47.302424+00:00
wowanalyzer,1611503093_1145255a05b6e9b895fef993616518363be54fc6,react-app-rewired,1,131967,ccaca17d9e28ce74,13,  ● Marksmanship Hunter integration test: Single Target › Streamline › matches the suggestions snapshot,False,0.7600,none,2026-10-03T09:57:47.421202+00:00
wowanalyzer,1611503093_1145255a05b6e9b895fef993616518363be54fc6,react-app-rewired,1,132902,e13fdf9a23ac29b0,13,  ● Marksmanship Hunter integration test: Single Target › BrutalProjectiles › matches the statistic snapshot,False,0.7500,none,2026-10-03T09:57:47.621195+00:00
wowanalyzer,1611503093_1145255a05b6e9b895fef993616518363be54fc6,react-app-rewired,1,132957,74e5f4c60ac00fed,13,  ● Marksmanship Hunter integration test: Single Target › BrutalProjectiles › matches the suggestions snapshot,False,0.8000,none,2026-10-03T09:57:47.832825+00:00
wowanalyzer,1611503093_1145255a05b6e9b895fef993616518363be54fc6,react-app-rewired,1,133012,a28a10794ea21bfc,13,  ● Marksmanship Hunter integration test: Single Target › DeadlyChain › matches the statistic snapshot,False,0.7900,none,2026-10-03T09:57:48.010678+00:00
wowanalyzer,1611503093_1145255a05b6e9b895fef993616518363be54fc6,react-app-rewired,1,133067,35cbd8bf969349da,13,  ● Marksmanship Hunter integration test: Single Target › DeadlyChain › matches the suggestions snapshot,False,0.7800,none,2026-10-03T09:57:48.206264+00:00
wowanalyzer,1611503093_1145255a05b6e9b895fef993616518363be54fc6,react-app-rewired,1,133122,20c51f1a99d5eef2,13,  ● Marksmanship Hunter integration test: Single Target › PowerfulPrecision › matches the statistic snapshot,False,0.7800,none,2026-10-03T09:57:48.262666+00:00
wowanalyzer,1611503093_1145255a05b6e9b895fef993616518363be54fc6,react-app-rewired,1,133177,e01097b4799b2c3f,13,  ● Marksmanship Hunter integration test: Single Target › PowerfulPrecision › matches the suggestions snapshot,False,0.8000,none,2026-10-03T09:57:48.379144+00:00
wowanalyzer,1611503093_1145255a05b6e9b895fef993616518363be54fc6,react-app-rewired,1,133232,351376d21ecd196a,13,  ● Marksmanship Hunter integration test: Single Target › SharpshootersFocus › matches the statistic snapshot,False,0.7700,none,2026-10-03T09:57:48.468629+00:00
wowanalyzer,1611503093_1145255a05b6e9b895fef993616518363be54fc6,react-app-rewired,1,133287,c2ef76cd2835add5,13,  ● Marksmanship Hunter integration test: Single Target › SharpshootersFocus › matches the suggestions snapshot,False,0.7800,none,2026-10-03T09:57:48.669240+00:00
wowanalyzer,1611503093_1145255a05b6e9b895fef993616518363be54fc6,react-app-rewired,1,134112,631eda2842a50fa0,13,  ● Marksmanship Hunter integration test: Single Target › SurgingShots › matches the statistic snapshot,False,0.7600,none,2026-10-03T09:57:48.796116+00:00
wowanalyzer,1611503093_1145255a05b6e9b895fef993616518363be54fc6,react-app-rewired,1,134167,fe1f768d31bd935d,13,  ● Marksmanship Hunter integration test: Single Target › SurgingShots › matches the suggestions snapshot,False,0.8000,none,2026-10-03T09:57:48.922863+00:00
wowanalyzer,1611503093_1145255a05b6e9b895fef993616518363be54fc6,react-app-rewired,1,134222,fa57219c95b0bd40,19,  ● Marksmanship Hunter integration test: Single Target › SerpentstalkersTrickery › matches the statistic snapshot,False,0.7800,none,2026-10-03T09:57:49.110779+00:00
wowanalyzer,1611503093_1145255a05b6e9b895fef993616518363be54fc6,react-app-rewired,1,134332,7d72d4c76e6f58d0,13,  ● Marksmanship Hunter integration test: Single Target › SecretsOfTheUnblinkingVigil › matches the statistic snapshot,False,0.7700,none,2026-10-03T09:57:49.376830+00:00
wowanalyzer,1611503093_1145255a05b6e9b895fef993616518363be54fc6,react-app-rewired,1,134277,6f3afb9ff2c390b0,13,  ● Marksmanship Hunter integration test: Single Target › SerpentstalkersTrickery › matches the suggestions snapshot,False,0.7900,none,2026-10-03T09:57:49.458322+00:00
wowanalyzer,1611503093_1145255a05b6e9b895fef993616518363be54fc6,react-app-rewired,1,134442,262414a258b5456b,13,  ● Marksmanship Hunter integration test: Single Target › EagletalonsTrueFocus › matches the statistic snapshot,False,0.7600,none,2026-10-03T09:57:49.663527+00:00
wowanalyzer,1611503093_1145255a05b6e9b895fef993616518363be54fc6,react-app-rewired,1,134387,139630cd8fb51087,13,  ● Marksmanship Hunter integration test: Single Target › SecretsOfTheUnblinkingVigil › matches the suggestions snapshot,False,0.7800,none,2026-10-03T09:57:49.709226+00:00
wowanalyzer,1611503093_1145255a05b6e9b895fef993616518363be54fc6,react-app-rewired,1,134497,ebbd5917a64f8da5,13,  ● Marksmanship Hunter integration test: Single Target › EagletalonsTrueFocus › matches the suggestions snapshot,False,0.7800,none,2026-10-03T09:57:49.837137+00:00
wowanalyzer,1611503093_1145255a05b6e9b895fef993616518363be54fc6,react-app-rewired,1,152125,951c41ea22840ce0,12,  ● Survival Hunter integration test: Single Target › SurvivalFocusCapTracker › matches the statistic snapshot,False,0.7800,none,2026-10-03T09:57:49.989334+00:00
wowanalyzer,1611503093_1145255a05b6e9b895fef993616518363be54fc6,react-app-rewired,1,152180,a09f713ed79c3992,12,  ● Survival Hunter integration test: Single Target › SurvivalFocusCapTracker › matches the suggestions snapshot,False,0.7800,none,2026-10-03T09:57:50.131355+00:00
wowanalyzer,1611503093_1145255a05b6e9b895fef993616518363be54fc6,react-app-rewired,1,152455,4329782a4dac22fb,14,  ● Survival Hunter integration test: Single Target › KillCommand › matches the statistic snapshot,False,0.7700,none,2026-10-03T09:57:50.435701+00:00
wowanalyzer,1611503093_1145255a05b6e9b895fef993616518363be54fc6,react-app-rewired,1,152400,01aa5741e732f376,12,  ● Survival Hunter integration test: Single Target › SurvivalFocusUsage › matches the suggestions snapshot,False,0.7800,none,2026-10-03T09:57:50.513553+00:00
wowanalyzer,1611503093_1145255a05b6e9b895fef993616518363be54fc6,react-app-rewired,1,152510,12042b7ed02771c0,12,  ● Survival Hunter integration test: Single Target › KillCommand › matches the suggestions snapshot,False,0.7700,none,2026-10-03T09:57:50.648945+00:00
wowanalyzer,1611503093_1145255a05b6e9b895fef993616518363be54fc6,react-app-rewired,1,152565,f03fb29bc65fd2b7,18,  ● Survival Hunter integration test: Single Target › ButcheryCarve › matches the statistic snapshot,False,0.7400,none,2026-10-03T09:57:50.803903+00:00
wowanalyzer,1611503093_1145255a05b6e9b895fef993616518363be54fc6,react-app-rewired,1,152620,e7d05dcbf60c4d07,12,  ● Survival Hunter integration test: Single Target › ButcheryCarve › matches the suggestions snapshot,False,0.7700,none,2026-10-03T09:57:50.895472+00:00
wowanalyzer,1611503093_1145255a05b6e9b895fef993616518363be54fc6,react-app-rewired,1,152785,a4b38af53336b2ac,18,  ● Survival Hunter integration test: Single Target › CoordinatedAssault › matches the statistic snapshot,False,0.7500,none,2026-10-03T09:57:51.068335+00:00
wowanalyzer,1611503093_1145255a05b6e9b895fef993616518363be54fc6,react-app-rewired,1,152840,df57585d2b43e0d0,12,  ● Survival Hunter integration test: Single Target › CoordinatedAssault › matches the suggestions snapshot,False,0.7700,none,2026-10-03T09:57:51.194783+00:00
wowanalyzer,1611503093_1145255a05b6e9b895fef993616518363be54fc6,react-app-rewired,1,152895,4e6ee06f6c6a55b0,12,  ● Survival Hunter integration test: Single Target › WildfireBomb › matches the statistic snapshot,False,0.7900,none,2026-10-03T09:57:51.373298+00:00
wowanalyzer,1611503093_1145255a05b6e9b895fef993616518363be54fc6,react-app-rewired,1,152950,3869443fc6e8a979,12,  ● Survival Hunter integration test: Single Target › WildfireBomb › matches the suggestions snapshot,False,0.7600,none,2026-10-03T09:57:51.484530+00:00
wowanalyzer,1611503093_1145255a05b6e9b895fef993616518363be54fc6,react-app-rewired,1,153005,773c678d5eb122a7,12,  ● Survival Hunter integration test: Single Target › RaptorStrike › matches the statistic snapshot,False,0.7800,none,2026-10-03T09:57:51.642773+00:00
wowanalyzer,1611503093_1145255a05b6e9b895fef993616518363be54fc6,react-app-rewired,1,153060,1e4d844dbde7368d,12,  ● Survival Hunter integration test: Single Target › RaptorStrike › matches the suggestions snapshot,False,0.7700,none,2026-10-03T09:57:51.793447+00:00
wowanalyzer,1611503093_1145255a05b6e9b895fef993616518363be54fc6,react-app-rewired,1,153555,9ad678881a7e4752,12,  ● Survival Hunter integration test: Single Target › VipersVenom › matches the statistic snapshot,False,0.7700,none,2026-10-03T09:57:51.970112+00:00
wowanalyzer,1611503093_1145255a05b6e9b895fef993616518363be54fc6,react-app-rewired,1,153610,e05263f8dbbd22c3,12,  ● Survival Hunter integration test: Single Target › VipersVenom › matches the suggestions snapshot,False,0.7600,none,2026-10-03T09:57:52.076245+00:00
wowanalyzer,1611503093_1145255a05b6e9b895fef993616518363be54fc6,react-app-rewired,1,153665,e2a6291d2f2f5337,18,  ● Survival Hunter integration test: Single Target › MongooseBite › matches the statistic snapshot,False,0.8000,none,2026-10-03T09:57:52.306131+00:00
wowanalyzer,1611503093_1145255a05b6e9b895fef993616518363be54fc6,react-app-rewired,1,153775,82716289fbe887f5,12,  ● Survival Hunter integration test: Single Target › SteelTrap › matches the statistic snapshot,False,0.7800,none,2026-10-03T09:57:52.570584+00:00
wowanalyzer,1611503093_1145255a05b6e9b895fef993616518363be54fc6,react-app-rewired,1,153830,d4a32b1aec37bc6d,12,  ● Survival Hunter integration test: Single Target › SteelTrap › matches the suggestions snapshot,False,0.7800,none,2026-10-03T09:57:52.773227+00:00
wowanalyzer,1611503093_1145255a05b6e9b895fef993616518363be54fc6,react-app-rewired,1,153885,4e61226fa2ea9bcf,18,  ● Survival Hunter integration test: Single Target › GuerrillaTactics › matches the statistic snapshot,False,0.7700,none,2026-10-03T09:57:52.819074+00:00
wowanalyzer,1611503093_1145255a05b6e9b895fef993616518363be54fc6,react-app-rewired,1,153995,87e615b67b8acc3a,12,  ● Survival Hunter integration test: Single Target › Chakrams › matches the statistic snapshot,False,0.7700,none,2026-10-03T09:57:53.145920+00:00
wowanalyzer,1611503093_1145255a05b6e9b895fef993616518363be54fc6,react-app-rewired,1,154050,78f7a81aa395f082,12,  ● Survival Hunter integration test: Single Target › Chakrams › matches the suggestions snapshot,False,0.7600,none,2026-10-03T09:57:53.296041+00:00
wowanalyzer,1611503093_1145255a05b6e9b895fef993616518363be54fc6,react-app-rewired,1,154105,d52d32a0d9046596,12,  ● Survival Hunter integration test: Single Target › BirdOfPrey › matches the statistic snapshot,False,0.7700,none,2026-10-03T09:57:53.463836+00:00
wowanalyzer,1611503093_1145255a05b6e9b895fef993616518363be54fc6,react-app-rewired,1,153940,6a78b42c9d988553,12,  ● Survival Hunter integration test: Single Target › GuerrillaTactics › matches the suggestions snapshot,False,0.8000,none,2026-10-03T09:57:53.470537+00:00
wowanalyzer,1611503093_1145255a05b6e9b895fef993616518363be54fc6,react-app-rewired,1,153720,1869da7aa427636d,13,  ● Survival Hunter integration test: Single Target › MongooseBite › matches the suggestions snapshot,False,0.8100,none,2026-10-03T09:57:53.475897+00:00
wowanalyzer,1611503093_1145255a05b6e9b895fef993616518363be54fc6,react-app-rewired,1,154160,2bbd49af95acad5f,12,  ● Survival Hunter integration test: Single Target › BirdOfPrey › matches the suggestions snapshot,False,0.8000,none,2026-10-03T09:57:53.574245+00:00
wowanalyzer,1611503093_1145255a05b6e9b895fef993616518363be54fc6,react-app-rewired,1,154435,9dd2195fa457f90f,18,  ● Survival Hunter integration test: Single Target › AlphaPredator › matches the statistic snapshot,False,0.7600,none,2026-10-03T09:57:53.744955+00:00
wowanalyzer,1611503093_1145255a05b6e9b895fef993616518363be54fc6,react-app-rewired,1,154490,bd13c5143a998069,12,  ● Survival Hunter integration test: Single Target › AlphaPredator › matches the suggestions snapshot,False,0.7900,none,2026-10-03T09:57:53.907470+00:00
wowanalyzer,1611503093_1145255a05b6e9b895fef993616518363be54fc6,react-app-rewired,1,154545,feb2d18236885127,18,  ● Survival Hunter integration test: Single Target › Bloodseeker › matches the statistic snapshot,False,0.7800,none,2026-10-03T09:57:54.068354+00:00
wowanalyzer,1611503093_1145255a05b6e9b895fef993616518363be54fc6,react-app-rewired,1,154600,cb178763ec925b31,12,  ● Survival Hunter integration test: Single Target › Bloodseeker › matches the suggestions snapshot,False,0.7600,none,2026-10-03T09:57:54.283661+00:00
wowanalyzer,1611503093_1145255a05b6e9b895fef993616518363be54fc6,react-app-rewired,1,154655,b660caaeeccf445b,12,  ● Survival Hunter integration test: Single Target › HydrasBite › matches the statistic snapshot,False,0.7800,none,2026-10-03T09:57:54.359277+00:00
wowanalyzer,1611503093_1145255a05b6e9b895fef993616518363be54fc6,react-app-rewired,1,154710,8fd7e37d1e9b5f16,12,  ● Survival Hunter integration test: Single Target › HydrasBite › matches the suggestions snapshot,False,0.7800,none,2026-10-03T09:57:54.535238+00:00
wowanalyzer,1611503093_1145255a05b6e9b895fef993616518363be54fc6,react-app-rewired,1,154765,20090fc7664c5204,12,  ● Survival Hunter integration test: Single Target › FlankingStrike › matches the statistic snapshot,False,0.7700,none,2026-10-03T09:57:54.655083+00:00
wowanalyzer,1611503093_1145255a05b6e9b895fef993616518363be54fc6,react-app-rewired,1,154820,c6759a35b112d381,12,  ● Survival Hunter integration test: Single Target › FlankingStrike › matches the suggestions snapshot,False,0.7800,none,2026-10-03T09:57:54.776243+00:00
wowanalyzer,1611503093_1145255a05b6e9b895fef993616518363be54fc6,react-app-rewired,1,154930,cdc553a468ab77a3,12,  ● Survival Hunter integration test: Single Target › TipOfTheSpear › matches the suggestions snapshot,False,0.7800,none,2026-10-03T09:57:54.921264+00:00
wowanalyzer,1611503093_1145255a05b6e9b895fef993616518363be54fc6,react-app-rewired,1,154985,4370a9c95e44e93b,18,  ● Survival Hunter integration test: Single Target › PheromoneBomb › matches the statistic snapshot,False,0.7600,none,2026-10-03T09:57:55.101487+00:00
wowanalyzer,1611503093_1145255a05b6e9b895fef993616518363be54fc6,react-app-rewired,1,155040,68f59e2f0df746ec,12,  ● Survival Hunter integration test: Single Target › PheromoneBomb › matches the suggestions snapshot,False,0.7800,none,2026-10-03T09:57:55.252676+00:00
wowanalyzer,1611503093_1145255a05b6e9b895fef993616518363be54fc6,react-app-rewired,1,155095,76a6826623839f22,18,  ● Survival Hunter integration test: Single Target › ShrapnelBomb › matches the statistic snapshot,False,0.7900,none,2026-10-03T09:57:55.409750+00:00
wowanalyzer,1611503093_1145255a05b6e9b895fef993616518363be54fc6,react-app-rewired,1,155150,38677e186b292154,12,  ● Survival Hunter integration test: Single Target › ShrapnelBomb › matches the suggestions snapshot,False,0.7900,none,2026-10-03T09:57:55.567665+00:00
wowanalyzer,1611503093_1145255a05b6e9b895fef993616518363be54fc6,react-app-rewired,1,155205,3abce53668bfbcf7,18,  ● Survival Hunter integration test: Single Target › VolatileBomb › matches the statistic snapshot,False,0.7700,none,2026-10-03T09:57:55.790247+00:00
wowanalyzer,1611503093_1145255a05b6e9b895fef993616518363be54fc6,react-app-rewired,1,155260,2ca0bb48da023071,13,  ● Survival Hunter integration test: Single Target › VolatileBomb › matches the suggestions snapshot,False,0.7900,none,2026-10-03T09:57:55.849630+00:00
wowanalyzer,1611503093_1145255a05b6e9b895fef993616518363be54fc6,react-app-rewired,1,156195,b07f435a7b566b4b,12,  ● Survival Hunter integration test: Single Target › DeadlyTandem › matches the statistic snapshot,False,0.7700,none,2026-10-03T09:57:55.980772+00:00
wowanalyzer,1611503093_1145255a05b6e9b895fef993616518363be54fc6,react-app-rewired,1,156250,fee0081d5fc9642b,12,  ● Survival Hunter integration test: Single Target › DeadlyTandem › matches the suggestions snapshot,False,0.7700,none,2026-10-03T09:57:56.162464+00:00
wowanalyzer,1611503093_1145255a05b6e9b895fef993616518363be54fc6,react-app-rewired,1,156305,21388af417920447,12,  ● Survival Hunter integration test: Single Target › FlameInfusion › matches the statistic snapshot,False,0.7400,none,2026-10-03T09:57:56.346135+00:00
wowanalyzer,1611503093_1145255a05b6e9b895fef993616518363be54fc6,react-app-rewired,1,156360,8880a22938e57581,12,  ● Survival Hunter integration test: Single Target › FlameInfusion › matches the suggestions snapshot,False,0.7500,none,2026-10-03T09:57:56.427003+00:00
wowanalyzer,1611503093_1145255a05b6e9b895fef993616518363be54fc6,react-app-rewired,1,156415,69c940fa1b4e26de,12,  ● Survival Hunter integration test: Single Target › StingingStrike › matches the statistic snapshot,False,0.7700,none,2026-10-03T09:57:56.730719+00:00
wowanalyzer,1611503093_1145255a05b6e9b895fef993616518363be54fc6,react-app-rewired,1,156470,f3d87c6177843071,12,  ● Survival Hunter integration test: Single Target › StingingStrike › matches the suggestions snapshot,False,0.7800,none,2026-10-03T09:57:56.776138+00:00
wowanalyzer,1611503093_1145255a05b6e9b895fef993616518363be54fc6,react-app-rewired,1,156525,89e37f4b24491fac,24,  ● Survival Hunter integration test: Single Target › StrengthOfThePack › matches the statistic snapshot,False,0.7800,none,2026-10-03T09:57:56.895854+00:00
wowanalyzer,1611503093_1145255a05b6e9b895fef993616518363be54fc6,react-app-rewired,1,156580,eb22d7e3b7e01a8f,12,  ● Survival Hunter integration test: Single Target › StrengthOfThePack › matches the suggestions snapshot,False,0.7600,none,2026-10-03T09:57:57.064755+00:00
wowanalyzer,1611503093_1145255a05b6e9b895fef993616518363be54fc6,react-app-rewired,1,157405,a602ef7623e1d7c5,14,  ● Survival Hunter integration test: Single Target › WildfireCluster › matches the statistic snapshot,False,0.7700,none,2026-10-03T09:57:57.194396+00:00
wowanalyzer,1611503093_1145255a05b6e9b895fef993616518363be54fc6,react-app-rewired,1,157460,ce081446d882de41,12,  ● Survival Hunter integration test: Single Target › WildfireCluster › matches the suggestions snapshot,False,0.7900,none,2026-10-03T09:57:57.321426+00:00
wowanalyzer,1611503093_1145255a05b6e9b895fef993616518363be54fc6,react-app-rewired,1,157515,03e42798309be7c8,12,  ● Survival Hunter integration test: Single Target › LatentPoisonInjectors › matches the statistic snapshot,False,0.7600,none,2026-10-03T09:57:57.531950+00:00
wowanalyzer,1611503093_1145255a05b6e9b895fef993616518363be54fc6,react-app-rewired,1,157570,df9779d853433f20,12,  ● Survival Hunter integration test: Single Target › LatentPoisonInjectors › matches the suggestions snapshot,False,0.7600,none,2026-10-03T09:57:57.662025+00:00
wowanalyzer,1611503093_1145255a05b6e9b895fef993616518363be54fc6,react-app-rewired,1,157680,a6e127837f0c1771,12,  ● Survival Hunter integration test: Single Target › RylakstalkersConfoundingStrikes › matches the suggestions snapshot,False,0.8000,none,2026-10-03T09:57:57.766502+00:00
wowanalyzer,1611503093_1145255a05b6e9b895fef993616518363be54fc6,react-app-rewired,1,157735,44b2c286f74363e7,12,  ● Survival Hunter integration test: Single Target › ButchersBoneFragments › matches the statistic snapshot,False,0.7700,none,2026-10-03T09:57:57.945259+00:00
wowanalyzer,1611503093_1145255a05b6e9b895fef993616518363be54fc6,react-app-rewired,1,157790,55ef9cc9966a19bd,12,  ● Survival Hunter integration test: Single Target › ButchersBoneFragments › matches the suggestions snapshot,False,0.7900,none,2026-10-03T09:57:58.201442+00:00
wowanalyzer,1611519938_973632fd5e1def2ea6291809c6df9fbada80de43,react-app-rewired,1,5077,8f28218bd0f5d941,26,  ● Brewmaster Monk integration test: example log › BrewCDR › matches the statistic snapshot,False,0.9000,none,2026-10-03T09:57:58.215454+00:00
wowanalyzer,1611519938_973632fd5e1def2ea6291809c6df9fbada80de43,react-app-rewired,1,5110,d20a60b4c9eaa571,12,  ● Brewmaster Monk integration test: example log › HighTolerance › matches the statistic snapshot,False,0.9000,none,2026-10-03T09:57:58.401043+00:00
wowanalyzer,1611519938_973632fd5e1def2ea6291809c6df9fbada80de43,react-app-rewired,1,5143,d1efb13b618d192b,19,  ● Brewmaster Monk integration test: example log › CelestialFortune › matches the statistic snapshot,False,0.9100,none,2026-10-03T09:57:58.530178+00:00
wowanalyzer,1611519938_973632fd5e1def2ea6291809c6df9fbada80de43,react-app-rewired,1,5176,8e3d6a0c46d354bb,12,  ● Brewmaster Monk integration test: example log › GiftOfTheOx › matches the statistic snapshot,False,0.9000,none,2026-10-03T09:57:58.730597+00:00
wowanalyzer,1611547528_0ab3acb3e045984e7a41281647e3afff7696c269,react-app-rewired,1,275,3b69fd6b1d3c0259,17,  ● Unholy Death Knight integration test: example log › SuddenDoom › matches the statistic snapshot,False,0.6600,none,2026-10-03T09:57:58.873586+00:00
wowanalyzer,1611547528_0ab3acb3e045984e7a41281647e3afff7696c269,react-app-rewired,1,361,1c65fb3f9a60a809,20,  ● Unholy Death Knight integration test: example log › SuddenDoom › matches the suggestions snapshot,False,0.7000,none,2026-10-03T09:57:59.084281+00:00
wowanalyzer,1611570528_0a8be7333534bec499083a9a8ad8b2abed609d4d,react-app-rewired,1,237,39d708f514d8ece6,61,  ● Test suite failed to run,False,0.7600,none,2026-10-03T09:57:59.137483+00:00
wowanalyzer,1611570528_0a8be7333534bec499083a9a8ad8b2abed609d4d,react-app-rewired,1,267,a7527a22b2ea2eba,26,  ● Test suite failed to run,False,0.7500,none,2026-10-03T09:57:59.350376+00:00
wowanalyzer,1613115623_234955abca8a4c4c16fa67efec9ec15df117d510,react-app-rewired,1,518,5c32b2862b63499a,17,  ● Balance Druid integration test: example log › ConvokeSpirits › matches the statistic snapshot,False,0.7100,none,2026-10-03T09:57:59.453563+00:00
wowanalyzer,1613157288_546ee60bf317d661bfdb09764c964ee77af50272,react-app-rewired,1,267,cca5b993f75824f0,23,  ● Balance Druid integration test: example log › BalanceOfAllThingsOpener › matches the suggestions snapshot,False,0.7400,none,2026-10-03T09:57:59.629149+00:00
wowanalyzer,1613595203_66750e3a9f74a657013158e4b61480a4c4e13033,react-app-rewired,1,267,6b71ed15f391707a,7,  ● Balance Druid integration test: example log › UnempoweredStarfire › matches the suggestions snapshot,False,0.7000,none,2026-10-03T09:57:59.740795+00:00
wowanalyzer,1613790926_6b3ea1756755c290385ac19b06ee00d18bde9359,react-app-rewired,1,368,cebaa1ff58ca9f25,54,  ● Test suite failed to run,False,0.8300,none,2026-10-03T09:57:59.891481+00:00
wowanalyzer,1613790926_6b3ea1756755c290385ac19b06ee00d18bde9359,react-app-rewired,1,408,e552190a2905a0fc,54,  ● Test suite failed to run,False,0.7900,none,2026-10-03T09:58:00.175553+00:00
wowanalyzer,1613790926_6b3ea1756755c290385ac19b06ee00d18bde9359,react-app-rewired,1,388,ae7abef3c1406e90,53,  ● Test suite failed to run,False,0.8100,none,2026-10-03T09:58:00.201323+00:00
wowanalyzer,1613790926_6b3ea1756755c290385ac19b06ee00d18bde9359,react-app-rewired,1,429,39b2b25de09ea7a0,54,  ● Test suite failed to run,False,0.8200,none,2026-10-03T09:58:00.407087+00:00
wowanalyzer,1613790926_6b3ea1756755c290385ac19b06ee00d18bde9359,react-app-rewired,1,449,3f7c3edeb3927d93,53,  ● Test suite failed to run,False,0.8400,none,2026-10-03T09:58:00.483837+00:00
wowanalyzer,1613790926_6b3ea1756755c290385ac19b06ee00d18bde9359,react-app-rewired,1,469,698b2e9c4f6a8aa4,54,  ● Test suite failed to run,False,0.8000,none,2026-10-03T09:58:00.630840+00:00
wowanalyzer,1613790926_6b3ea1756755c290385ac19b06ee00d18bde9359,react-app-rewired,1,489,ed12b42db5c00658,53,  ● Test suite failed to run,False,0.8200,none,2026-10-03T09:58:00.782650+00:00
wowanalyzer,1613790926_6b3ea1756755c290385ac19b06ee00d18bde9359,react-app-rewired,1,508,036d85e5b6690b23,54,  ● Test suite failed to run,False,0.8100,none,2026-10-03T09:58:00.933341+00:00
wowanalyzer,1613790926_6b3ea1756755c290385ac19b06ee00d18bde9359,react-app-rewired,1,527,9d3da1023751775c,53,  ● Test suite failed to run,False,0.8300,none,2026-10-03T09:58:01.122541+00:00
wowanalyzer,1613790926_6b3ea1756755c290385ac19b06ee00d18bde9359,react-app-rewired,1,546,80549b498ca4255e,53,  ● Test suite failed to run,False,0.8100,none,2026-10-03T09:58:01.255432+00:00
wowanalyzer,1613790926_6b3ea1756755c290385ac19b06ee00d18bde9359,react-app-rewired,1,565,df8fb030c0c7978f,53,  ● Test suite failed to run,False,0.8200,none,2026-10-03T09:58:01.406070+00:00
wowanalyzer,1613790926_6b3ea1756755c290385ac19b06ee00d18bde9359,react-app-rewired,1,588,096d2ad8b29c1fea,53,  ● Test suite failed to run,False,0.8100,none,2026-10-03T09:58:01.542209+00:00
wowanalyzer,1613790926_6b3ea1756755c290385ac19b06ee00d18bde9359,react-app-rewired,1,611,225dba795b2b611e,53,  ● Test suite failed to run,False,0.8100,none,2026-10-03T09:58:01.680417+00:00
wowanalyzer,1613790926_6b3ea1756755c290385ac19b06ee00d18bde9359,react-app-rewired,1,634,21c83e349e4dc766,53,  ● Test suite failed to run,False,0.8200,none,2026-10-03T09:58:01.833656+00:00
wowanalyzer,1613790926_6b3ea1756755c290385ac19b06ee00d18bde9359,react-app-rewired,1,653,4322bcaee30cf10f,53,  ● Test suite failed to run,False,0.8200,none,2026-10-03T09:58:02.000970+00:00
wowanalyzer,1613790926_6b3ea1756755c290385ac19b06ee00d18bde9359,react-app-rewired,1,672,a58bac8d0c93c983,57,  ● Test suite failed to run,False,0.8100,none,2026-10-03T09:58:02.153499+00:00
wowanalyzer,1613790926_6b3ea1756755c290385ac19b06ee00d18bde9359,react-app-rewired,1,729,8893e567939c70d1,53,  ● Test suite failed to run,False,0.7700,none,2026-10-03T09:58:02.287982+00:00
wowanalyzer,1614190200_26030c871cb21411fce9a29ed52bf5c55c0efab7,react-app-rewired,1,1994,10ce197b4b4a1119,17,  ● Holy Paladin integration test: example log › PaladinAbilityTracker › matches the statistic snapshot,False,0.8600,none,2026-10-03T09:58:02.456586+00:00
wowanalyzer,1614190200_26030c871cb21411fce9a29ed52bf5c55c0efab7,react-app-rewired,1,2054,046150f14e0e91af,17,  ● Holy Paladin integration test: example log › PaladinAbilityTracker › matches the suggestions snapshot,False,0.8800,none,2026-10-03T09:58:02.612524+00:00
wowanalyzer,1614190200_26030c871cb21411fce9a29ed52bf5c55c0efab7,react-app-rewired,1,6194,859da61daaafc717,25,  ● Holy Paladin integration test: example log › LowHealthHealing › matches the statistic snapshot,False,0.8800,none,2026-10-03T09:58:02.831457+00:00
wowanalyzer,1614190200_26030c871cb21411fce9a29ed52bf5c55c0efab7,react-app-rewired,1,6254,f49b4d0386ab1481,25,  ● Holy Paladin integration test: example log › LowHealthHealing › matches the suggestions snapshot,False,0.8700,none,2026-10-03T09:58:02.884449+00:00
wowanalyzer,1614190200_26030c871cb21411fce9a29ed52bf5c55c0efab7,react-app-rewired,1,6374,c0b53b7fe0393525,17,  ● Holy Paladin integration test: example log › BeaconTransferFactor › matches the suggestions snapshot,False,0.8700,none,2026-10-03T09:58:03.192323+00:00
wowanalyzer,1614190200_26030c871cb21411fce9a29ed52bf5c55c0efab7,react-app-rewired,1,6314,c1a88e46acd1ee80,17,  ● Holy Paladin integration test: example log › BeaconTransferFactor › matches the statistic snapshot,False,0.8800,none,2026-10-03T09:58:03.202848+00:00
wowanalyzer,1614190200_26030c871cb21411fce9a29ed52bf5c55c0efab7,react-app-rewired,1,6434,1d97e462719c6622,17,  ● Holy Paladin integration test: example log › BeaconHealSource › matches the statistic snapshot,False,0.8700,none,2026-10-03T09:58:03.323941+00:00
wowanalyzer,1614190200_26030c871cb21411fce9a29ed52bf5c55c0efab7,react-app-rewired,1,6494,013eb2c926466c4c,17,  ● Holy Paladin integration test: example log › BeaconHealSource › matches the suggestions snapshot,False,0.8800,none,2026-10-03T09:58:03.538380+00:00
wowanalyzer,1614190200_26030c871cb21411fce9a29ed52bf5c55c0efab7,react-app-rewired,1,6554,44c285a78f850fb8,23,  ● Holy Paladin integration test: example log › BeaconHealingDone › matches the statistic snapshot,False,0.8700,none,2026-10-03T09:58:03.741402+00:00
wowanalyzer,1614190200_26030c871cb21411fce9a29ed52bf5c55c0efab7,react-app-rewired,1,6614,dbc7611595214369,17,  ● Holy Paladin integration test: example log › BeaconHealingDone › matches the suggestions snapshot,False,0.8800,none,2026-10-03T09:58:03.842631+00:00
wowanalyzer,1614190200_26030c871cb21411fce9a29ed52bf5c55c0efab7,react-app-rewired,1,6674,a0384de76e6bb571,17,  ● Holy Paladin integration test: example log › BeaconTargets › matches the statistic snapshot,False,0.8700,none,2026-10-03T09:58:03.944953+00:00
wowanalyzer,1614190200_26030c871cb21411fce9a29ed52bf5c55c0efab7,react-app-rewired,1,6734,dfba88f67f65169f,17,  ● Holy Paladin integration test: example log › BeaconTargets › matches the suggestions snapshot,False,0.8700,none,2026-10-03T09:58:04.142450+00:00
wowanalyzer,1614190200_26030c871cb21411fce9a29ed52bf5c55c0efab7,react-app-rewired,1,6794,787f62732def051a,17,  ● Holy Paladin integration test: example log › MissingBeacons › matches the statistic snapshot,False,0.8800,none,2026-10-03T09:58:04.231801+00:00
wowanalyzer,1614190200_26030c871cb21411fce9a29ed52bf5c55c0efab7,react-app-rewired,1,6854,3e92838d81a0c3db,17,  ● Holy Paladin integration test: example log › MissingBeacons › matches the suggestions snapshot,False,0.8800,none,2026-10-03T09:58:04.381966+00:00
wowanalyzer,1614190200_26030c871cb21411fce9a29ed52bf5c55c0efab7,react-app-rewired,1,6914,2ba85a9d049712b4,23,  ● Holy Paladin integration test: example log › FailedBeaconTransfers › matches the statistic snapshot,False,0.8700,none,2026-10-03T09:58:04.535999+00:00
wowanalyzer,1614190200_26030c871cb21411fce9a29ed52bf5c55c0efab7,react-app-rewired,1,6974,f811b1bb06010105,17,  ● Holy Paladin integration test: example log › FailedBeaconTransfers › matches the suggestions snapshot,False,0.8800,none,2026-10-03T09:58:04.688276+00:00
wowanalyzer,1614190200_26030c871cb21411fce9a29ed52bf5c55c0efab7,react-app-rewired,1,7034,7dab3633bd545121,25,  ● Holy Paladin integration test: example log › DirectBeaconHealing › matches the statistic snapshot,False,0.8800,none,2026-10-03T09:58:04.850606+00:00
wowanalyzer,1614190200_26030c871cb21411fce9a29ed52bf5c55c0efab7,react-app-rewired,1,7094,61ec69516e4e0e7e,17,  ● Holy Paladin integration test: example log › DirectBeaconHealing › matches the suggestions snapshot,False,0.8800,none,2026-10-03T09:58:05.017933+00:00
wowanalyzer,1614190200_26030c871cb21411fce9a29ed52bf5c55c0efab7,react-app-rewired,1,7154,cf4e292edec143ad,19,  ● Holy Paladin integration test: example log › BeaconUptime › matches the statistic snapshot,False,0.8800,none,2026-10-03T09:58:05.150221+00:00
wowanalyzer,1614190200_26030c871cb21411fce9a29ed52bf5c55c0efab7,react-app-rewired,1,7214,84714687eb6e8481,17,  ● Holy Paladin integration test: example log › BeaconUptime › matches the suggestions snapshot,False,0.8700,none,2026-10-03T09:58:05.369517+00:00
wowanalyzer,1614190200_26030c871cb21411fce9a29ed52bf5c55c0efab7,react-app-rewired,1,7274,8f5396db8007f3e4,23,  ● Holy Paladin integration test: example log › CastBehavior › matches the statistic snapshot,False,0.8800,none,2026-10-03T09:58:05.473387+00:00
wowanalyzer,1614190200_26030c871cb21411fce9a29ed52bf5c55c0efab7,react-app-rewired,1,7334,8eac6f3f6aae8d48,17,  ● Holy Paladin integration test: example log › CastBehavior › matches the suggestions snapshot,False,0.8700,none,2026-10-03T09:58:05.625218+00:00
wowanalyzer,1614190200_26030c871cb21411fce9a29ed52bf5c55c0efab7,react-app-rewired,1,7394,0a66fb9927cbec43,17,  ● Holy Paladin integration test: example log › Overhealing › matches the statistic snapshot,False,0.8800,none,2026-10-03T09:58:05.744360+00:00
wowanalyzer,1614190200_26030c871cb21411fce9a29ed52bf5c55c0efab7,react-app-rewired,1,7454,53aef7d908084175,18,  ● Holy Paladin integration test: example log › Overhealing › matches the suggestions snapshot,False,0.8700,none,2026-10-03T09:58:05.879889+00:00
wowanalyzer,1614190200_26030c871cb21411fce9a29ed52bf5c55c0efab7,react-app-rewired,1,7514,cb5e372a42cf81e6,17,  ● Holy Paladin integration test: example log › FillerLightOfTheMartyrs › matches the statistic snapshot,False,0.8800,none,2026-10-03T09:58:06.028226+00:00
wowanalyzer,1614190200_26030c871cb21411fce9a29ed52bf5c55c0efab7,react-app-rewired,1,7574,cd99f904ebdc2901,18,  ● Holy Paladin integration test: example log › FillerLightOfTheMartyrs › matches the suggestions snapshot,False,0.8800,none,2026-10-03T09:58:06.286846+00:00
wowanalyzer,1614190200_26030c871cb21411fce9a29ed52bf5c55c0efab7,react-app-rewired,1,7634,628e145dd6bdf1ba,17,  ● Holy Paladin integration test: example log › InefficientLightOfTheMartyrs › matches the statistic snapshot,False,0.8800,none,2026-10-03T09:58:06.379793+00:00
wowanalyzer,1614190200_26030c871cb21411fce9a29ed52bf5c55c0efab7,react-app-rewired,1,7694,26dd47c6051fe3ae,17,  ● Holy Paladin integration test: example log › InefficientLightOfTheMartyrs › matches the suggestions snapshot,False,0.8800,none,2026-10-03T09:58:06.499095+00:00
wowanalyzer,1614190200_26030c871cb21411fce9a29ed52bf5c55c0efab7,react-app-rewired,1,7754,87214ade9f7859b6,17,  ● Holy Paladin integration test: example log › FillerFlashOfLight › matches the statistic snapshot,False,0.8800,none,2026-10-03T09:58:06.636736+00:00
wowanalyzer,1614190200_26030c871cb21411fce9a29ed52bf5c55c0efab7,react-app-rewired,1,7814,8d2ed8cb6713f8dc,18,  ● Holy Paladin integration test: example log › FillerFlashOfLight › matches the suggestions snapshot,False,0.8800,none,2026-10-03T09:58:06.789552+00:00
wowanalyzer,1614190200_26030c871cb21411fce9a29ed52bf5c55c0efab7,react-app-rewired,1,7874,6330999f52c5da3c,19,  ● Holy Paladin integration test: example log › LightOfDawn › matches the statistic snapshot,False,0.8800,none,2026-10-03T09:58:06.932908+00:00
wowanalyzer,1614190200_26030c871cb21411fce9a29ed52bf5c55c0efab7,react-app-rewired,1,7934,10ba120294053649,17,  ● Holy Paladin integration test: example log › LightOfDawn › matches the suggestions snapshot,False,0.8800,none,2026-10-03T09:58:07.107034+00:00
wowanalyzer,1614190200_26030c871cb21411fce9a29ed52bf5c55c0efab7,react-app-rewired,1,7994,f2c90244b12d0b2e,8,  ● Holy Paladin integration test: example log › LightOfDawnIndexer › matches the statistic snapshot,False,0.8700,none,2026-10-03T09:58:07.235163+00:00
wowanalyzer,1614190200_26030c871cb21411fce9a29ed52bf5c55c0efab7,react-app-rewired,1,8054,ac065e47a3ff5734,8,  ● Holy Paladin integration test: example log › LightOfDawnIndexer › matches the suggestions snapshot,False,0.8800,none,2026-10-03T09:58:07.417456+00:00
wowanalyzer,1614190200_26030c871cb21411fce9a29ed52bf5c55c0efab7,react-app-rewired,1,8114,a58c5044ba709ec5,17,  ● Holy Paladin integration test: example log › HammerofWrath › matches the statistic snapshot,False,0.8800,none,2026-10-03T09:58:07.575685+00:00
wowanalyzer,1614190200_26030c871cb21411fce9a29ed52bf5c55c0efab7,react-app-rewired,1,8174,cfcf8be05d5466ed,17,  ● Holy Paladin integration test: example log › HammerofWrath › matches the suggestions snapshot,False,0.8900,none,2026-10-03T09:58:07.706312+00:00
wowanalyzer,1614190200_26030c871cb21411fce9a29ed52bf5c55c0efab7,react-app-rewired,1,8234,e70be80dd5721e5b,21,  ● Holy Paladin integration test: example log › MasteryEffectiveness › matches the statistic snapshot,False,0.8800,none,2026-10-03T09:58:07.840606+00:00
wowanalyzer,1614190200_26030c871cb21411fce9a29ed52bf5c55c0efab7,react-app-rewired,1,8294,c60a67f01887a7af,17,  ● Holy Paladin integration test: example log › MasteryEffectiveness › matches the suggestions snapshot,False,0.8800,none,2026-10-03T09:58:08.044077+00:00
wowanalyzer,1614190200_26030c871cb21411fce9a29ed52bf5c55c0efab7,react-app-rewired,1,8474,6adf09276f79652d,22,  ● Holy Paladin integration test: example log › StatValues › matches the statistic snapshot,False,0.8800,none,2026-10-03T09:58:08.134505+00:00
wowanalyzer,1614190200_26030c871cb21411fce9a29ed52bf5c55c0efab7,react-app-rewired,1,8534,a100cf82bff367be,16,  ● Holy Paladin integration test: example log › StatValues › matches the suggestions snapshot,False,0.8700,none,2026-10-03T09:58:08.311600+00:00
wowanalyzer,1614190200_26030c871cb21411fce9a29ed52bf5c55c0efab7,react-app-rewired,1,8594,a3732aa8aa5b54cd,19,  ● Holy Paladin integration test: example log › RuleOfLaw › matches the statistic snapshot,False,0.8800,none,2026-10-03T09:58:08.441505+00:00
wowanalyzer,1614190200_26030c871cb21411fce9a29ed52bf5c55c0efab7,react-app-rewired,1,8654,96b4038ac92fa0cb,18,  ● Holy Paladin integration test: example log › RuleOfLaw › matches the suggestions snapshot,False,0.8800,none,2026-10-03T09:58:08.566971+00:00
wowanalyzer,1614190200_26030c871cb21411fce9a29ed52bf5c55c0efab7,react-app-rewired,1,8714,c2d13246737ee37e,20,  ● Holy Paladin integration test: example log › DevotionAuraDamageReduction › matches the statistic snapshot,False,0.8800,none,2026-10-03T09:58:08.812103+00:00
wowanalyzer,1614190200_26030c871cb21411fce9a29ed52bf5c55c0efab7,react-app-rewired,1,8774,1249bb1e5fba1514,17,  ● Holy Paladin integration test: example log › DevotionAuraDamageReduction › matches the suggestions snapshot,False,0.8900,none,2026-10-03T09:58:09.028776+00:00
wowanalyzer,1614190200_26030c871cb21411fce9a29ed52bf5c55c0efab7,react-app-rewired,1,8834,9ccd248a7eb22baf,17,  ● Holy Paladin integration test: example log › HolyAvenger › matches the statistic snapshot,False,0.8700,none,2026-10-03T09:58:09.047219+00:00
wowanalyzer,1614190200_26030c871cb21411fce9a29ed52bf5c55c0efab7,react-app-rewired,1,8894,350dc20dea7e0ea6,17,  ● Holy Paladin integration test: example log › HolyAvenger › matches the suggestions snapshot,False,0.8700,none,2026-10-03T09:58:09.186737+00:00
wowanalyzer,1614190200_26030c871cb21411fce9a29ed52bf5c55c0efab7,react-app-rewired,1,8954,7a05fc96f6af65c7,17,  ● Holy Paladin integration test: example log › DivinePurpose › matches the statistic snapshot,False,0.8700,none,2026-10-03T09:58:09.400164+00:00
wowanalyzer,1614190200_26030c871cb21411fce9a29ed52bf5c55c0efab7,react-app-rewired,1,9014,189417f7e72e4744,17,  ● Holy Paladin integration test: example log › DivinePurpose › matches the suggestions snapshot,False,0.8800,none,2026-10-03T09:58:09.468004+00:00
wowanalyzer,1614190200_26030c871cb21411fce9a29ed52bf5c55c0efab7,react-app-rewired,1,9074,39a202fe17993531,17,  ● Holy Paladin integration test: example log › CrusadersMight › matches the statistic snapshot,False,0.8800,none,2026-10-03T09:58:09.647312+00:00
wowanalyzer,1614190200_26030c871cb21411fce9a29ed52bf5c55c0efab7,react-app-rewired,1,9134,4738b18adb26ed6e,17,  ● Holy Paladin integration test: example log › CrusadersMight › matches the suggestions snapshot,False,0.8700,none,2026-10-03T09:58:09.786491+00:00
wowanalyzer,1614190200_26030c871cb21411fce9a29ed52bf5c55c0efab7,react-app-rewired,1,9194,44bf7d8f8fb90d0d,25,  ● Holy Paladin integration test: example log › AvengingCrusader › matches the statistic snapshot,False,0.8900,none,2026-10-03T09:58:09.946288+00:00
wowanalyzer,1614190200_26030c871cb21411fce9a29ed52bf5c55c0efab7,react-app-rewired,1,9254,2093a5309919bef9,17,  ● Holy Paladin integration test: example log › AvengingCrusader › matches the suggestions snapshot,False,0.8800,none,2026-10-03T09:58:10.091151+00:00
wowanalyzer,1614190200_26030c871cb21411fce9a29ed52bf5c55c0efab7,react-app-rewired,1,9314,83b8d36a556a7e02,22,  ● Holy Paladin integration test: example log › JudgmentOfLight › matches the statistic snapshot,False,0.8800,none,2026-10-03T09:58:10.247244+00:00
wowanalyzer,1614190200_26030c871cb21411fce9a29ed52bf5c55c0efab7,react-app-rewired,1,9374,d30433baae1f2f42,17,  ● Holy Paladin integration test: example log › JudgmentOfLight › matches the suggestions snapshot,False,0.8900,none,2026-10-03T09:58:10.407600+00:00
wowanalyzer,1614190200_26030c871cb21411fce9a29ed52bf5c55c0efab7,react-app-rewired,1,9434,ec7e1aadec7f738c,17,  ● Holy Paladin integration test: example log › GlimmerOfLight › matches the statistic snapshot,False,0.8700,none,2026-10-03T09:58:10.530028+00:00
wowanalyzer,1614190200_26030c871cb21411fce9a29ed52bf5c55c0efab7,react-app-rewired,1,9494,e2543f603b916f5b,17,  ● Holy Paladin integration test: example log › GlimmerOfLight › matches the suggestions snapshot,False,0.8800,none,2026-10-03T09:58:10.692658+00:00
wowanalyzer,1614190200_26030c871cb21411fce9a29ed52bf5c55c0efab7,react-app-rewired,1,9554,85569b5612d38954,17,  ● Holy Paladin integration test: example log › HolyPowerTracker › matches the statistic snapshot,False,0.8800,none,2026-10-03T09:58:10.887665+00:00
wowanalyzer,1614190200_26030c871cb21411fce9a29ed52bf5c55c0efab7,react-app-rewired,1,9614,af834cf8d34ba2ac,17,  ● Holy Paladin integration test: example log › HolyPowerTracker › matches the suggestions snapshot,False,0.8800,none,2026-10-03T09:58:11.013248+00:00
wowanalyzer,1614190200_26030c871cb21411fce9a29ed52bf5c55c0efab7,react-app-rewired,1,9674,33061920a08e434d,26,  ● Holy Paladin integration test: example log › HolyPowerDetails › matches the statistic snapshot,False,0.8700,none,2026-10-03T09:58:11.185037+00:00
wowanalyzer,1614190200_26030c871cb21411fce9a29ed52bf5c55c0efab7,react-app-rewired,1,9734,e7d21e3dd543ef98,18,  ● Holy Paladin integration test: example log › HolyPowerDetails › matches the suggestions snapshot,False,0.8800,none,2026-10-03T09:58:11.319231+00:00
wowanalyzer,1614190200_26030c871cb21411fce9a29ed52bf5c55c0efab7,react-app-rewired,1,9794,3ed2d948e13cf766,17,  ● Holy Paladin integration test: example log › ShockBarrier › matches the statistic snapshot,False,0.8800,none,2026-10-03T09:58:11.493769+00:00
wowanalyzer,1614190200_26030c871cb21411fce9a29ed52bf5c55c0efab7,react-app-rewired,1,9854,2d08d976f80ead5f,17,  ● Holy Paladin integration test: example log › ShockBarrier › matches the suggestions snapshot,False,0.8800,none,2026-10-03T09:58:11.621994+00:00
wowanalyzer,1614190200_26030c871cb21411fce9a29ed52bf5c55c0efab7,react-app-rewired,1,9914,1a24b3713a6cd0ef,17,  ● Holy Paladin integration test: example log › AshenHallow › matches the statistic snapshot,False,0.8800,none,2026-10-03T09:58:11.757679+00:00
wowanalyzer,1614190200_26030c871cb21411fce9a29ed52bf5c55c0efab7,react-app-rewired,1,9974,bbe73ba4be844330,17,  ● Holy Paladin integration test: example log › AshenHallow › matches the suggestions snapshot,False,0.8800,none,2026-10-03T09:58:11.934641+00:00
wowanalyzer,1614190200_26030c871cb21411fce9a29ed52bf5c55c0efab7,react-app-rewired,1,10034,ff2979673140e15d,17,  ● Holy Paladin integration test: example log › DivineToll › matches the statistic snapshot,False,0.8700,none,2026-10-03T09:58:12.022588+00:00
wowanalyzer,1614190200_26030c871cb21411fce9a29ed52bf5c55c0efab7,react-app-rewired,1,10094,3244a6e9b3d53669,17,  ● Holy Paladin integration test: example log › DivineToll › matches the suggestions snapshot,False,0.8800,none,2026-10-03T09:58:12.170506+00:00
wowanalyzer,1615122826_6acf28b57a5a06bd80699fb2636cac8ccf3fadc5,react-app-rewired,1,6197,b4e317259f9103b8,24,  ● Protection Paladin integration test: example log › HammerOfTheRighteous › matches the suggestions snapshot,False,0.9100,none,2026-10-03T09:58:12.348367+00:00
wowanalyzer,1615122826_6acf28b57a5a06bd80699fb2636cac8ccf3fadc5,react-app-rewired,1,16010,07006878b4ccca13,17,  ● Mistweaver Monk integration test: example log › EssenceFontMastery › matches the suggestions snapshot,False,0.9200,none,2026-10-03T09:58:12.508413+00:00
wowanalyzer,1615122826_6acf28b57a5a06bd80699fb2636cac8ccf3fadc5,react-app-rewired,1,16050,ee2a500746652201,17,  ● Mistweaver Monk integration test: example log › ThunderFocusTea › matches the suggestions snapshot,False,0.9100,none,2026-10-03T09:58:12.675438+00:00
wowanalyzer,1615122826_6acf28b57a5a06bd80699fb2636cac8ccf3fadc5,react-app-rewired,1,16124,9e1f2c2a64dfb74f,17,  ● Mistweaver Monk integration test: example log › EnvelopingBreath › matches the suggestions snapshot,False,0.9100,none,2026-10-03T09:58:12.924370+00:00
wowanalyzer,1615122826_6acf28b57a5a06bd80699fb2636cac8ccf3fadc5,react-app-rewired,1,16090,fbc97630915cca32,17,  ● Mistweaver Monk integration test: example log › SoothingMist › matches the suggestions snapshot,False,0.9200,none,2026-10-03T09:58:13.062722+00:00
wowanalyzer,1615122826_6acf28b57a5a06bd80699fb2636cac8ccf3fadc5,react-app-rewired,1,16159,142f0424b9b8c640,17,  ● Mistweaver Monk integration test: example log › ManaTea › matches the suggestions snapshot,False,0.9200,none,2026-10-03T09:58:13.084776+00:00
wowanalyzer,1615122826_6acf28b57a5a06bd80699fb2636cac8ccf3fadc5,react-app-rewired,1,16193,58b85e4c3f6b2205,30,  ● Mistweaver Monk integration test: example log › MistweaverHealingEfficiencyDetails › matches the statistic snapshot,False,0.8700,none,2026-10-03T09:58:13.235064+00:00
wowanalyzer,1619577112_bd6f0a18b0e82e7b5fb5c0f64dc33177a4e2ae01,react-app-rewired,1,4508,80c5ec57365cc14c,12,  ● Mistweaver Monk integration test: example log › HotTrackerMW › matches the statistic snapshot,False,0.8800,none,2026-10-03T09:58:13.427395+00:00
wowanalyzer,1619577112_bd6f0a18b0e82e7b5fb5c0f64dc33177a4e2ae01,react-app-rewired,1,4550,1328965c824fda1c,12,  ● Mistweaver Monk integration test: example log › HotTrackerMW › matches the suggestions snapshot,False,0.8900,none,2026-10-03T09:58:13.578754+00:00
wowanalyzer,1619577112_bd6f0a18b0e82e7b5fb5c0f64dc33177a4e2ae01,react-app-rewired,1,4592,70c7c45c9b43c154,12,  ● Mistweaver Monk integration test: example log › ManaLevelChart › matches the statistic snapshot,False,0.8900,none,2026-10-03T09:58:13.681088+00:00
wowanalyzer,1619577112_bd6f0a18b0e82e7b5fb5c0f64dc33177a4e2ae01,react-app-rewired,1,4634,b5ebc0838e324431,12,  ● Mistweaver Monk integration test: example log › ManaLevelChart › matches the suggestions snapshot,False,0.8900,none,2026-10-03T09:58:13.847383+00:00
wowanalyzer,1619577112_bd6f0a18b0e82e7b5fb5c0f64dc33177a4e2ae01,react-app-rewired,1,4676,e64ffa7b77b1728e,12,  ● Mistweaver Monk integration test: example log › ManaUsageChart › matches the statistic snapshot,False,0.8800,none,2026-10-03T09:58:13.983478+00:00
wowanalyzer,1619577112_bd6f0a18b0e82e7b5fb5c0f64dc33177a4e2ae01,react-app-rewired,1,4718,2f43b9efaf1b93ab,12,  ● Mistweaver Monk integration test: example log › ManaUsageChart › matches the suggestions snapshot,False,0.8900,none,2026-10-03T09:58:14.165597+00:00
wowanalyzer,1619577112_bd6f0a18b0e82e7b5fb5c0f64dc33177a4e2ae01,react-app-rewired,1,4844,b31d4657895f3ac0,13,  ● Mistweaver Monk integration test: example log › EssenceFontMastery › matches the statistic snapshot,False,0.8900,none,2026-10-03T09:58:14.349405+00:00
wowanalyzer,1619577112_bd6f0a18b0e82e7b5fb5c0f64dc33177a4e2ae01,react-app-rewired,1,5012,21c08c6dca7e1860,12,  ● Mistweaver Monk integration test: example log › CastRatio › matches the statistic snapshot,False,0.8900,none,2026-10-03T09:58:14.486138+00:00
wowanalyzer,1619577112_bd6f0a18b0e82e7b5fb5c0f64dc33177a4e2ae01,react-app-rewired,1,5054,dff1a90b010b84e6,12,  ● Mistweaver Monk integration test: example log › CastRatio › matches the suggestions snapshot,False,0.8900,none,2026-10-03T09:58:14.587824+00:00
wowanalyzer,1619577112_bd6f0a18b0e82e7b5fb5c0f64dc33177a4e2ae01,react-app-rewired,1,5096,6570537b07495f19,12,  ● Mistweaver Monk integration test: example log › MasteryStats › matches the statistic snapshot,False,0.8800,none,2026-10-03T09:58:14.731881+00:00
wowanalyzer,1619577112_bd6f0a18b0e82e7b5fb5c0f64dc33177a4e2ae01,react-app-rewired,1,5138,3d3b45ff9c733717,12,  ● Mistweaver Monk integration test: example log › MasteryStats › matches the suggestions snapshot,False,0.8800,none,2026-10-03T09:58:14.918359+00:00
wowanalyzer,1619577112_bd6f0a18b0e82e7b5fb5c0f64dc33177a4e2ae01,react-app-rewired,1,5180,341abb790c85843b,12,  ● Mistweaver Monk integration test: example log › EssenceFontHealingBreakdown › matches the statistic snapshot,False,0.8900,none,2026-10-03T09:58:15.068851+00:00
wowanalyzer,1619577112_bd6f0a18b0e82e7b5fb5c0f64dc33177a4e2ae01,react-app-rewired,1,5222,616a11066a1f03a2,12,  ● Mistweaver Monk integration test: example log › EssenceFontHealingBreakdown › matches the suggestions snapshot,False,0.8900,none,2026-10-03T09:58:15.182166+00:00
wowanalyzer,1619577112_bd6f0a18b0e82e7b5fb5c0f64dc33177a4e2ae01,react-app-rewired,1,5264,491fb92eb385fa94,12,  ● Mistweaver Monk integration test: example log › TimeBetweenRSKs › matches the statistic snapshot,False,0.8800,none,2026-10-03T09:58:15.355789+00:00
wowanalyzer,1619577112_bd6f0a18b0e82e7b5fb5c0f64dc33177a4e2ae01,react-app-rewired,1,5306,4746d9e1015614fc,12,  ● Mistweaver Monk integration test: example log › TimeBetweenRSKs › matches the suggestions snapshot,False,0.8900,none,2026-10-03T09:58:15.570384+00:00
wowanalyzer,1619577112_bd6f0a18b0e82e7b5fb5c0f64dc33177a4e2ae01,react-app-rewired,1,5348,55f7875c8cde7714,12,  ● Mistweaver Monk integration test: example log › EssenceFont › matches the statistic snapshot,False,0.8700,none,2026-10-03T09:58:15.648368+00:00
wowanalyzer,1619577112_bd6f0a18b0e82e7b5fb5c0f64dc33177a4e2ae01,react-app-rewired,1,5432,adadfa621bf9cc5c,14,  ● Mistweaver Monk integration test: example log › ThunderFocusTea › matches the statistic snapshot,False,0.8900,none,2026-10-03T09:58:15.948596+00:00
wowanalyzer,1619577112_bd6f0a18b0e82e7b5fb5c0f64dc33177a4e2ae01,react-app-rewired,1,5516,a3761886597b2fba,12,  ● Mistweaver Monk integration test: example log › EnvelopingMists › matches the statistic snapshot,False,0.8800,none,2026-10-03T09:58:16.103828+00:00
wowanalyzer,1619577112_bd6f0a18b0e82e7b5fb5c0f64dc33177a4e2ae01,react-app-rewired,1,5558,9576de73004208d1,12,  ● Mistweaver Monk integration test: example log › EnvelopingMists › matches the suggestions snapshot,False,0.8900,none,2026-10-03T09:58:16.236653+00:00
wowanalyzer,1619577112_bd6f0a18b0e82e7b5fb5c0f64dc33177a4e2ae01,react-app-rewired,1,5390,297b82d0582cd2c2,12,  ● Mistweaver Monk integration test: example log › EssenceFont › matches the suggestions snapshot,False,0.8900,none,2026-10-03T09:58:16.361562+00:00
wowanalyzer,1619577112_bd6f0a18b0e82e7b5fb5c0f64dc33177a4e2ae01,react-app-rewired,1,5600,6aa99228b061ab3b,12,  ● Mistweaver Monk integration test: example log › SoothingMist › matches the statistic snapshot,False,0.8800,none,2026-10-03T09:58:16.600754+00:00
wowanalyzer,1619577112_bd6f0a18b0e82e7b5fb5c0f64dc33177a4e2ae01,react-app-rewired,1,5684,e7122eef0a03387b,12,  ● Mistweaver Monk integration test: example log › SpinningCraneKick › matches the statistic snapshot,False,0.8800,none,2026-10-03T09:58:16.606827+00:00
wowanalyzer,1619577112_bd6f0a18b0e82e7b5fb5c0f64dc33177a4e2ae01,react-app-rewired,1,5726,cd4eeb0e00140dfc,12,  ● Mistweaver Monk integration test: example log › SpinningCraneKick › matches the suggestions snapshot,False,0.8900,none,2026-10-03T09:58:16.749819+00:00
wowanalyzer,1619577112_bd6f0a18b0e82e7b5fb5c0f64dc33177a4e2ae01,react-app-rewired,1,5810,2de9c02bdf3354a8,12,  ● Mistweaver Monk integration test: example log › Vivify › matches the suggestions snapshot,False,0.8900,none,2026-10-03T09:58:16.999010+00:00
wowanalyzer,1619577112_bd6f0a18b0e82e7b5fb5c0f64dc33177a4e2ae01,react-app-rewired,1,5768,8cab4fdcac8c5673,12,  ● Mistweaver Monk integration test: example log › Vivify › matches the statistic snapshot,False,0.8800,none,2026-10-03T09:58:17.007389+00:00
wowanalyzer,1619577112_bd6f0a18b0e82e7b5fb5c0f64dc33177a4e2ae01,react-app-rewired,1,5852,a1aa5e4add12f969,12,  ● Mistweaver Monk integration test: example log › RenewingMist › matches the statistic snapshot,False,0.8800,none,2026-10-03T09:58:17.219968+00:00
wowanalyzer,1619577112_bd6f0a18b0e82e7b5fb5c0f64dc33177a4e2ae01,react-app-rewired,1,5894,79bf9e3bdd3439ed,12,  ● Mistweaver Monk integration test: example log › RenewingMist › matches the suggestions snapshot,False,0.8900,none,2026-10-03T09:58:17.281834+00:00
wowanalyzer,1619577112_bd6f0a18b0e82e7b5fb5c0f64dc33177a4e2ae01,react-app-rewired,1,5936,25e04a87524037a6,12,  ● Mistweaver Monk integration test: example log › LifeCocoon › matches the statistic snapshot,False,0.8800,none,2026-10-03T09:58:17.561309+00:00
wowanalyzer,1619577112_bd6f0a18b0e82e7b5fb5c0f64dc33177a4e2ae01,react-app-rewired,1,5978,95587606cda23979,12,  ● Mistweaver Monk integration test: example log › LifeCocoon › matches the suggestions snapshot,False,0.8900,none,2026-10-03T09:58:17.605962+00:00
wowanalyzer,1619577112_bd6f0a18b0e82e7b5fb5c0f64dc33177a4e2ae01,react-app-rewired,1,6020,d412859f5c9e833d,17,  ● Mistweaver Monk integration test: example log › TouchOfDeath › matches the statistic snapshot,False,0.8800,none,2026-10-03T09:58:17.724610+00:00
wowanalyzer,1619577112_bd6f0a18b0e82e7b5fb5c0f64dc33177a4e2ae01,react-app-rewired,1,6062,8b8603371169aeaf,17,  ● Mistweaver Monk integration test: example log › TouchOfDeath › matches the suggestions snapshot,False,0.8900,none,2026-10-03T09:58:17.924517+00:00
wowanalyzer,1619577112_bd6f0a18b0e82e7b5fb5c0f64dc33177a4e2ae01,react-app-rewired,1,6104,7f1110a4de0afefa,12,  ● Mistweaver Monk integration test: example log › InvokeYulon › matches the statistic snapshot,False,0.8800,none,2026-10-03T09:58:18.190583+00:00
wowanalyzer,1619577112_bd6f0a18b0e82e7b5fb5c0f64dc33177a4e2ae01,react-app-rewired,1,6146,92875cea77d65b0b,12,  ● Mistweaver Monk integration test: example log › InvokeYulon › matches the suggestions snapshot,False,0.8900,none,2026-10-03T09:58:18.217820+00:00
wowanalyzer,1619577112_bd6f0a18b0e82e7b5fb5c0f64dc33177a4e2ae01,react-app-rewired,1,6188,3f531176582eed6d,12,  ● Mistweaver Monk integration test: example log › ExpelHarm › matches the statistic snapshot,False,0.8800,none,2026-10-03T09:58:18.334084+00:00
wowanalyzer,1619577112_bd6f0a18b0e82e7b5fb5c0f64dc33177a4e2ae01,react-app-rewired,1,6230,bd609c5871926836,12,  ● Mistweaver Monk integration test: example log › ExpelHarm › matches the suggestions snapshot,False,0.8800,none,2026-10-03T09:58:18.504140+00:00
wowanalyzer,1619577112_bd6f0a18b0e82e7b5fb5c0f64dc33177a4e2ae01,react-app-rewired,1,6272,1825c5f81ef0b8f4,12,  ● Mistweaver Monk integration test: example log › EnvelopingBreath › matches the statistic snapshot,False,0.8800,none,2026-10-03T09:58:18.673843+00:00
wowanalyzer,1619577112_bd6f0a18b0e82e7b5fb5c0f64dc33177a4e2ae01,react-app-rewired,1,6356,4ae776b3b82eafeb,12,  ● Mistweaver Monk integration test: example log › ChiBurst › matches the statistic snapshot,False,0.8800,none,2026-10-03T09:58:18.795793+00:00
wowanalyzer,1619577112_bd6f0a18b0e82e7b5fb5c0f64dc33177a4e2ae01,react-app-rewired,1,6398,234248ac63304a85,12,  ● Mistweaver Monk integration test: example log › ChiBurst › matches the suggestions snapshot,False,0.8800,none,2026-10-03T09:58:18.934102+00:00
wowanalyzer,1619577112_bd6f0a18b0e82e7b5fb5c0f64dc33177a4e2ae01,react-app-rewired,1,6440,b00de850f768c4b6,12,  ● Mistweaver Monk integration test: example log › ManaTea › matches the statistic snapshot,False,0.8800,none,2026-10-03T09:58:19.083468+00:00
wowanalyzer,1619577112_bd6f0a18b0e82e7b5fb5c0f64dc33177a4e2ae01,react-app-rewired,1,6524,4b1958a1474b5792,12,  ● Mistweaver Monk integration test: example log › RefreshingJadeWind › matches the statistic snapshot,False,0.8700,none,2026-10-03T09:58:19.252108+00:00
wowanalyzer,1619577112_bd6f0a18b0e82e7b5fb5c0f64dc33177a4e2ae01,react-app-rewired,1,6566,162a6086708a8ec3,12,  ● Mistweaver Monk integration test: example log › RefreshingJadeWind › matches the suggestions snapshot,False,0.8800,none,2026-10-03T09:58:19.389564+00:00
wowanalyzer,1619577112_bd6f0a18b0e82e7b5fb5c0f64dc33177a4e2ae01,react-app-rewired,1,6608,39540534d021e077,12,  ● Mistweaver Monk integration test: example log › Lifecycles › matches the statistic snapshot,False,0.8900,none,2026-10-03T09:58:19.555816+00:00
wowanalyzer,1619577112_bd6f0a18b0e82e7b5fb5c0f64dc33177a4e2ae01,react-app-rewired,1,6650,4ca38bad4f612ad1,12,  ● Mistweaver Monk integration test: example log › Lifecycles › matches the suggestions snapshot,False,0.8800,none,2026-10-03T09:58:19.674815+00:00
wowanalyzer,1619577112_bd6f0a18b0e82e7b5fb5c0f64dc33177a4e2ae01,react-app-rewired,1,6692,25714dd908369c69,12,  ● Mistweaver Monk integration test: example log › SpiritOfTheCrane › matches the statistic snapshot,False,0.8900,none,2026-10-03T09:58:19.872560+00:00
wowanalyzer,1619577112_bd6f0a18b0e82e7b5fb5c0f64dc33177a4e2ae01,react-app-rewired,1,6734,17be993b44e80a9c,12,  ● Mistweaver Monk integration test: example log › SpiritOfTheCrane › matches the suggestions snapshot,False,0.8900,none,2026-10-03T09:58:19.962730+00:00
wowanalyzer,1619577112_bd6f0a18b0e82e7b5fb5c0f64dc33177a4e2ae01,react-app-rewired,1,6776,e089809ba1182617,12,  ● Mistweaver Monk integration test: example log › RisingMist › matches the statistic snapshot,False,0.8800,none,2026-10-03T09:58:20.138620+00:00
wowanalyzer,1619577112_bd6f0a18b0e82e7b5fb5c0f64dc33177a4e2ae01,react-app-rewired,1,6818,798bf9a6a3cb2d1d,12,  ● Mistweaver Monk integration test: example log › RisingMist › matches the suggestions snapshot,False,0.8900,none,2026-10-03T09:58:20.270879+00:00
wowanalyzer,1619577112_bd6f0a18b0e82e7b5fb5c0f64dc33177a4e2ae01,react-app-rewired,1,6860,0014b6fe4fb48108,12,  ● Mistweaver Monk integration test: example log › JadeSerpentStatue › matches the statistic snapshot,False,0.8900,none,2026-10-03T09:58:20.434214+00:00
wowanalyzer,1619577112_bd6f0a18b0e82e7b5fb5c0f64dc33177a4e2ae01,react-app-rewired,1,6944,8aa0de25aefa9945,12,  ● Mistweaver Monk integration test: example log › RenewingMistDuringManaTea › matches the statistic snapshot,False,0.8900,none,2026-10-03T09:58:20.740586+00:00
wowanalyzer,1619577112_bd6f0a18b0e82e7b5fb5c0f64dc33177a4e2ae01,react-app-rewired,1,6902,936caa772c5a8c32,12,  ● Mistweaver Monk integration test: example log › JadeSerpentStatue › matches the suggestions snapshot,False,0.8900,none,2026-10-03T09:58:20.757995+00:00
wowanalyzer,1619577112_bd6f0a18b0e82e7b5fb5c0f64dc33177a4e2ae01,react-app-rewired,1,6986,3722ec10fc5b2713,12,  ● Mistweaver Monk integration test: example log › RenewingMistDuringManaTea › matches the suggestions snapshot,False,0.8900,none,2026-10-03T09:58:20.916178+00:00
wowanalyzer,1619577112_bd6f0a18b0e82e7b5fb5c0f64dc33177a4e2ae01,react-app-rewired,1,7028,8c8c1c4d9a1eb6b8,12,  ● Mistweaver Monk integration test: example log › Tier30Comparison › matches the statistic snapshot,False,0.8800,none,2026-10-03T09:58:21.099002+00:00
wowanalyzer,1619577112_bd6f0a18b0e82e7b5fb5c0f64dc33177a4e2ae01,react-app-rewired,1,7070,1a1f7d3e9c668438,12,  ● Mistweaver Monk integration test: example log › Tier30Comparison › matches the suggestions snapshot,False,0.8800,none,2026-10-03T09:58:21.198525+00:00
wowanalyzer,1619577112_bd6f0a18b0e82e7b5fb5c0f64dc33177a4e2ae01,react-app-rewired,1,7154,6a1b072e0183abfd,12,  ● Mistweaver Monk integration test: example log › Upwelling › matches the suggestions snapshot,False,0.8800,none,2026-10-03T09:58:21.484823+00:00
wowanalyzer,1619577112_bd6f0a18b0e82e7b5fb5c0f64dc33177a4e2ae01,react-app-rewired,1,7112,e39f5032cd019308,12,  ● Mistweaver Monk integration test: example log › Upwelling › matches the statistic snapshot,False,0.8800,none,2026-10-03T09:58:21.559580+00:00
wowanalyzer,1619577112_bd6f0a18b0e82e7b5fb5c0f64dc33177a4e2ae01,react-app-rewired,1,7196,761b6f9db636bef5,12,  ● Mistweaver Monk integration test: example log › InvokeChiJi › matches the statistic snapshot,False,0.8800,none,2026-10-03T09:58:21.696303+00:00
wowanalyzer,1619577112_bd6f0a18b0e82e7b5fb5c0f64dc33177a4e2ae01,react-app-rewired,1,7280,a0dc7a66d08fb571,12,  ● Mistweaver Monk integration test: example log › ManaTracker › matches the statistic snapshot,False,0.8800,none,2026-10-03T09:58:21.913927+00:00
wowanalyzer,1619577112_bd6f0a18b0e82e7b5fb5c0f64dc33177a4e2ae01,react-app-rewired,1,7322,c9b2a2caed0e742b,12,  ● Mistweaver Monk integration test: example log › ManaTracker › matches the suggestions snapshot,False,0.8800,none,2026-10-03T09:58:22.112192+00:00
wowanalyzer,1619577112_bd6f0a18b0e82e7b5fb5c0f64dc33177a4e2ae01,react-app-rewired,1,7238,13f4805b98129333,12,  ● Mistweaver Monk integration test: example log › InvokeChiJi › matches the suggestions snapshot,False,0.8900,none,2026-10-03T09:58:22.143078+00:00
wowanalyzer,1619577112_bd6f0a18b0e82e7b5fb5c0f64dc33177a4e2ae01,react-app-rewired,1,7406,c1e0a9596dfa49b3,12,  ● Mistweaver Monk integration test: example log › MistweaverHealingEfficiencyDetails › matches the suggestions snapsho,False,0.8900,none,2026-10-03T09:58:22.286175+00:00
wowanalyzer,1619577112_bd6f0a18b0e82e7b5fb5c0f64dc33177a4e2ae01,react-app-rewired,1,7448,b967ec562634d758,12,  ● Mistweaver Monk integration test: example log › MistweaverHealingEfficiencyTracker › matches the statistic snapshot,False,0.8800,none,2026-10-03T09:58:22.387574+00:00
wowanalyzer,1619577112_bd6f0a18b0e82e7b5fb5c0f64dc33177a4e2ae01,react-app-rewired,1,7490,f42dde0b7906ee48,12,  ● Mistweaver Monk integration test: example log › MistweaverHealingEfficiencyTracker › matches the suggestions snapsho,False,0.8900,none,2026-10-03T09:58:22.543743+00:00
wowanalyzer,1619577112_bd6f0a18b0e82e7b5fb5c0f64dc33177a4e2ae01,react-app-rewired,1,7532,7754992022d43c74,17,  ● Mistweaver Monk integration test: example log › FallenOrder › matches the statistic snapshot,False,0.9000,none,2026-10-03T09:58:22.708459+00:00
wowanalyzer,1619577112_bd6f0a18b0e82e7b5fb5c0f64dc33177a4e2ae01,react-app-rewired,1,7574,0a40f0e84217a04d,17,  ● Mistweaver Monk integration test: example log › FallenOrder › matches the suggestions snapshot,False,0.8900,none,2026-10-03T09:58:22.827749+00:00
wowanalyzer,1619577112_bd6f0a18b0e82e7b5fb5c0f64dc33177a4e2ae01,react-app-rewired,1,7616,285202e160fb4e82,17,  ● Mistweaver Monk integration test: example log › FaelineStomp › matches the statistic snapshot,False,0.8800,none,2026-10-03T09:58:23.011046+00:00
wowanalyzer,1619577112_bd6f0a18b0e82e7b5fb5c0f64dc33177a4e2ae01,react-app-rewired,1,7658,bd1c4d9e6955d284,17,  ● Mistweaver Monk integration test: example log › FaelineStomp › matches the suggestions snapshot,False,0.8900,none,2026-10-03T09:58:23.152706+00:00
wowanalyzer,1619577112_bd6f0a18b0e82e7b5fb5c0f64dc33177a4e2ae01,react-app-rewired,1,7700,498798564c1e4ca1,17,  ● Mistweaver Monk integration test: example log › GroundingBreath › matches the statistic snapshot,False,0.8900,none,2026-10-03T09:58:23.436052+00:00
wowanalyzer,1619577112_bd6f0a18b0e82e7b5fb5c0f64dc33177a4e2ae01,react-app-rewired,1,7742,c68a62de9999be04,17,  ● Mistweaver Monk integration test: example log › GroundingBreath › matches the suggestions snapshot,False,0.8800,none,2026-10-03T09:58:23.448404+00:00
wowanalyzer,1619577112_bd6f0a18b0e82e7b5fb5c0f64dc33177a4e2ae01,react-app-rewired,1,7784,0f68a26fd82a37a6,17,  ● Mistweaver Monk integration test: example log › HarmDenial › matches the statistic snapshot,False,0.8800,none,2026-10-03T09:58:23.596936+00:00
wowanalyzer,1619577112_bd6f0a18b0e82e7b5fb5c0f64dc33177a4e2ae01,react-app-rewired,1,7826,fea537ca35b4a5a4,17,  ● Mistweaver Monk integration test: example log › HarmDenial › matches the suggestions snapshot,False,0.8900,none,2026-10-03T09:58:23.749683+00:00
wowanalyzer,1619577112_bd6f0a18b0e82e7b5fb5c0f64dc33177a4e2ae01,react-app-rewired,1,7868,e22b61fe5ce1a62d,17,  ● Mistweaver Monk integration test: example log › FortifyingIngredients › matches the statistic snapshot,False,0.8900,none,2026-10-03T09:58:23.881738+00:00
wowanalyzer,1619577112_bd6f0a18b0e82e7b5fb5c0f64dc33177a4e2ae01,react-app-rewired,1,7910,cc2aaf1b0d87431f,17,  ● Mistweaver Monk integration test: example log › FortifyingIngredients › matches the suggestions snapshot,False,0.8800,none,2026-10-03T09:58:24.050236+00:00
wowanalyzer,1619577112_bd6f0a18b0e82e7b5fb5c0f64dc33177a4e2ae01,react-app-rewired,1,7952,c08e3ee0c9565fa8,12,  ● Mistweaver Monk integration test: example log › JadeBond › matches the statistic snapshot,False,0.8900,none,2026-10-03T09:58:24.194284+00:00
wowanalyzer,1619577112_bd6f0a18b0e82e7b5fb5c0f64dc33177a4e2ae01,react-app-rewired,1,7994,15784824a2d60505,12,  ● Mistweaver Monk integration test: example log › JadeBond › matches the suggestions snapshot,False,0.8800,none,2026-10-03T09:58:24.341271+00:00
wowanalyzer,1619577112_bd6f0a18b0e82e7b5fb5c0f64dc33177a4e2ae01,react-app-rewired,1,8036,bd06ddea537c2e5d,12,  ● Mistweaver Monk integration test: example log › NourishingChi › matches the statistic snapshot,False,0.8800,none,2026-10-03T09:58:24.479206+00:00
wowanalyzer,1619577112_bd6f0a18b0e82e7b5fb5c0f64dc33177a4e2ae01,react-app-rewired,1,8078,0b5d68dd9b2648a7,12,  ● Mistweaver Monk integration test: example log › NourishingChi › matches the suggestions snapshot,False,0.8800,none,2026-10-03T09:58:24.689801+00:00
wowanalyzer,1619577112_bd6f0a18b0e82e7b5fb5c0f64dc33177a4e2ae01,react-app-rewired,1,8120,7f577f02096c58a5,12,  ● Mistweaver Monk integration test: example log › RisingSunRevival › matches the statistic snapshot,False,0.8800,none,2026-10-03T09:58:24.774700+00:00
wowanalyzer,1619577112_bd6f0a18b0e82e7b5fb5c0f64dc33177a4e2ae01,react-app-rewired,1,8162,81001d8ba3a46fc1,12,  ● Mistweaver Monk integration test: example log › RisingSunRevival › matches the suggestions snapshot,False,0.8900,none,2026-10-03T09:58:24.956911+00:00
wowanalyzer,1619577112_bd6f0a18b0e82e7b5fb5c0f64dc33177a4e2ae01,react-app-rewired,1,8204,699247eabde43949,12,  ● Mistweaver Monk integration test: example log › ImbuedReflections › matches the statistic snapshot,False,0.8800,none,2026-10-03T09:58:25.097306+00:00
wowanalyzer,1619577112_bd6f0a18b0e82e7b5fb5c0f64dc33177a4e2ae01,react-app-rewired,1,8246,9b7e1940df6df4b2,12,  ● Mistweaver Monk integration test: example log › ImbuedReflections › matches the suggestions snapshot,False,0.8900,none,2026-10-03T09:58:25.234085+00:00
wowanalyzer,1619577112_bd6f0a18b0e82e7b5fb5c0f64dc33177a4e2ae01,react-app-rewired,1,8288,e1ebcc9ba58f9db9,12,  ● Mistweaver Monk integration test: example log › TearofMorning › matches the statistic snapshot,False,0.8700,none,2026-10-03T09:58:25.484361+00:00
wowanalyzer,1619577112_bd6f0a18b0e82e7b5fb5c0f64dc33177a4e2ae01,react-app-rewired,1,8330,b7441c10b8e899b6,12,  ● Mistweaver Monk integration test: example log › TearofMorning › matches the suggestions snapshot,False,0.8800,none,2026-10-03T09:58:25.524817+00:00
wowanalyzer,1619577112_bd6f0a18b0e82e7b5fb5c0f64dc33177a4e2ae01,react-app-rewired,1,8372,ca81a9b1bf0bc6f9,12,  ● Mistweaver Monk integration test: example log › AncientTeachingsoftheMonastery › matches the statistic snapshot,False,0.8800,none,2026-10-03T09:58:25.717837+00:00
wowanalyzer,1619577112_bd6f0a18b0e82e7b5fb5c0f64dc33177a4e2ae01,react-app-rewired,1,8414,77f554eefd3ee2dc,12,  ● Mistweaver Monk integration test: example log › AncientTeachingsoftheMonastery › matches the suggestions snapshot,False,0.8800,none,2026-10-03T09:58:25.855558+00:00
wowanalyzer,1619577112_bd6f0a18b0e82e7b5fb5c0f64dc33177a4e2ae01,react-app-rewired,1,8456,88bf952d36b289fb,12,  ● Mistweaver Monk integration test: example log › CloudedFocus › matches the statistic snapshot,False,0.8800,none,2026-10-03T09:58:25.993082+00:00
wowanalyzer,1619577112_bd6f0a18b0e82e7b5fb5c0f64dc33177a4e2ae01,react-app-rewired,1,8498,5a1ded7749a10ea1,12,  ● Mistweaver Monk integration test: example log › CloudedFocus › matches the suggestions snapshot,False,0.8800,none,2026-10-03T09:58:26.168339+00:00
wowanalyzer,1622257198_c395c775b336f58f1df854a6ac4f299b4b0131df,react-app-rewired,1,250,dbe377879a89d6c8,70,  ● EventOrderNormalizer unit tests › two out of order events should be reordered,False,0.8900,none,2026-10-03T09:58:26.352828+00:00
wowanalyzer,1623134940_508d22d2c091001d265e72943a83e7f906de671d,react-app-rewired,1,239,7c792ada452ba59e,26,  ● core/Modules/SpellUsable › regular spell status tracking › a spell starts off cooldown,False,0.8800,none,2026-10-03T09:58:26.437687+00:00
wowanalyzer,1623134940_508d22d2c091001d265e72943a83e7f906de671d,react-app-rewired,1,255,a9bc869a69cbcbce,26,  ● core/Modules/SpellUsable › regular spell status tracking › a cast causes the spell to go on cooldown,False,0.8900,none,2026-10-03T09:58:26.598356+00:00
wowanalyzer,1623134940_508d22d2c091001d265e72943a83e7f906de671d,react-app-rewired,1,271,9c489009d7bc8098,26,  ● core/Modules/SpellUsable › regular spell status tracking › even if a spell has another charge left it's still consid,False,0.8900,none,2026-10-03T09:58:26.756914+00:00
wowanalyzer,1623134940_508d22d2c091001d265e72943a83e7f906de671d,react-app-rewired,1,287,96ff2dd6b87a3c56,26,  ● core/Modules/SpellUsable › regular spell status tracking › when a regular spell with no extra charges goes on cooldo,False,0.8900,none,2026-10-03T09:58:26.857287+00:00
wowanalyzer,1623134940_508d22d2c091001d265e72943a83e7f906de671d,react-app-rewired,1,335,63f7951358a99e64,26,  ● core/Modules/SpellUsable › regular spell status tracking › a spell going on cooldown has the proper duration,False,0.8900,none,2026-10-03T09:58:27.332338+00:00
wowanalyzer,1623134940_508d22d2c091001d265e72943a83e7f906de671d,react-app-rewired,1,319,e3c54ff1096e6d0b,26,  ● core/Modules/SpellUsable › regular spell status tracking › when a spell with multiple charges has all charges on coo,False,0.8900,none,2026-10-03T09:58:27.457295+00:00
wowanalyzer,1623134940_508d22d2c091001d265e72943a83e7f906de671d,react-app-rewired,1,303,3570eb0088ac6daf,26,  ● core/Modules/SpellUsable › regular spell status tracking › when a spell with multiple charges has another charge ava,False,0.8900,none,2026-10-03T09:58:27.616763+00:00
wowanalyzer,1623134940_508d22d2c091001d265e72943a83e7f906de671d,react-app-rewired,1,367,0453c2c8e46e5323,27,  ● core/Modules/SpellUsable › regular spell status tracking › the cooldown of a spell is automatically finished after t,False,0.8900,none,2026-10-03T09:58:27.672169+00:00
wowanalyzer,1623134940_508d22d2c091001d265e72943a83e7f906de671d,react-app-rewired,1,351,12af5bc2c31b0d3f,26,  ● core/Modules/SpellUsable › regular spell status tracking › time causes the remaining cooldown to decrease,False,0.8800,none,2026-10-03T09:58:27.680380+00:00
wowanalyzer,1623134940_508d22d2c091001d265e72943a83e7f906de671d,react-app-rewired,1,383,e9269f821fcebd82,27,  ● core/Modules/SpellUsable › regular spell status tracking › the cooldown restarts when a cooldown on a spell with mul,False,0.9000,none,2026-10-03T09:58:27.794738+00:00
wowanalyzer,1623134940_508d22d2c091001d265e72943a83e7f906de671d,react-app-rewired,1,399,0f2509694c1b36d5,54,  ● core/Modules/SpellUsable › regular spell status tracking › casting a spell already on cooldown before the cooldown r,False,0.8900,none,2026-10-03T09:58:27.943749+00:00
wowanalyzer,1623134940_508d22d2c091001d265e72943a83e7f906de671d,react-app-rewired,1,415,07f5550cc6c1b0e8,26,  ● core/Modules/SpellUsable › regular spell status tracking › casting a spell on cooldown with additional charges avail,False,0.8800,none,2026-10-03T09:58:28.090130+00:00
wowanalyzer,1623134940_508d22d2c091001d265e72943a83e7f906de671d,react-app-rewired,1,431,9f89dddc92fb8d3a,26,  ● core/Modules/SpellUsable › public API › reducing a cooldown returns the reduction applied,False,0.9000,none,2026-10-03T09:58:28.247217+00:00
wowanalyzer,1623134940_508d22d2c091001d265e72943a83e7f906de671d,react-app-rewired,1,447,a072d10d807f1c0e,26,  ● core/Modules/SpellUsable › public API › reducing a cooldown beyond its duration finishes the cooldown,False,0.8700,none,2026-10-03T09:58:28.423240+00:00
wowanalyzer,1623134940_508d22d2c091001d265e72943a83e7f906de671d,react-app-rewired,1,463,cdcef3730b90857f,26,  ● core/Modules/SpellUsable › public API › reducing a spell with multiple charges on cooldown reduces the CD time on th,False,0.8500,none,2026-10-03T09:58:28.524995+00:00
wowanalyzer,1623134940_508d22d2c091001d265e72943a83e7f906de671d,react-app-rewired,1,479,87b69fd64ba198c0,27,  ● core/Modules/SpellUsable › public API › reduceCooldown on a spell not on cooldown throws,False,0.8900,none,2026-10-03T09:58:28.823736+00:00
wowanalyzer,1623134940_508d22d2c091001d265e72943a83e7f906de671d,react-app-rewired,1,495,05438f7db07f4f15,29,  ● core/Modules/SpellUsable › public API › refreshing a cooldown sets the remaining time back to full,False,0.8900,none,2026-10-03T09:58:28.830019+00:00
wowanalyzer,1623134940_508d22d2c091001d265e72943a83e7f906de671d,react-app-rewired,1,511,225a6494894542f0,21,  ● core/Modules/SpellUsable › public API › refreshCooldown on a spell not on cooldown throws,False,0.8900,none,2026-10-03T09:58:28.982411+00:00
wowanalyzer,1623134940_508d22d2c091001d265e72943a83e7f906de671d,react-app-rewired,1,527,6f1fdc3d2202c7c3,29,  ● core/Modules/SpellUsable › public API › endCooldown on a spell not on cooldown throws,False,0.8900,none,2026-10-03T09:58:29.153528+00:00
wowanalyzer,1623134940_508d22d2c091001d265e72943a83e7f906de671d,react-app-rewired,1,543,3523e33be01ab279,21,  ● core/Modules/SpellUsable › public API › cooldownRemaining on a spell not on cooldown throws,False,0.8900,none,2026-10-03T09:58:29.367461+00:00
wowanalyzer,1623134940_508d22d2c091001d265e72943a83e7f906de671d,react-app-rewired,1,559,8240f6953f8f57b0,37,  ● core/Modules/SpellUsable › custom events › a new spell going on cooldown triggers an `updatespellusable` event indic,False,0.8900,none,2026-10-03T09:58:29.451773+00:00
wowanalyzer,1623134940_508d22d2c091001d265e72943a83e7f906de671d,react-app-rewired,1,575,03fed28d6be3b670,57,  ● core/Modules/SpellUsable › custom events › casting a spell already on cooldown before the cooldown runs out restarts,False,0.8800,none,2026-10-03T09:58:29.680788+00:00
wowanalyzer,1623134940_508d22d2c091001d265e72943a83e7f906de671d,react-app-rewired,1,591,1a5e508344675c38,37,  ● core/Modules/SpellUsable › custom events › using another charge of a spell already on cooldown triggers an `updatesp,False,0.8800,none,2026-10-03T09:58:29.713777+00:00
wowanalyzer,1623134940_508d22d2c091001d265e72943a83e7f906de671d,react-app-rewired,1,607,3bc3004218984e08,37,  ● core/Modules/SpellUsable › custom events › a spell going off cooldown triggers an `updatespellusable` event indicati,False,0.8800,none,2026-10-03T09:58:29.957370+00:00
wowanalyzer,1623134940_508d22d2c091001d265e72943a83e7f906de671d,react-app-rewired,1,623,e1b5e2e0f4cde9eb,30,  ● core/Modules/SpellUsable › custom events › a spell having a charge restored while there's still another charge recha,False,0.8700,none,2026-10-03T09:58:30.030709+00:00
wowanalyzer,1623134940_508d22d2c091001d265e72943a83e7f906de671d,react-app-rewired,1,639,1edd805443cb7b1b,32,  ● core/Modules/SpellUsable › Haste scaling cooldowns › updates active cooldowns when Haste increases,False,0.9000,none,2026-10-03T09:58:30.185390+00:00
wowanalyzer,1623134940_508d22d2c091001d265e72943a83e7f906de671d,react-app-rewired,1,655,42cbd5d4f766da4b,32,  ● core/Modules/SpellUsable › Haste scaling cooldowns › updates active cooldowns when Haste decreases,False,0.8800,none,2026-10-03T09:58:30.335667+00:00
wowanalyzer,1623134940_508d22d2c091001d265e72943a83e7f906de671d,react-app-rewired,1,671,57061c3feb454d6c,30,  ● core/Modules/SpellUsable › Haste scaling cooldowns › CDRs are static and unaffected by Haste changes,False,0.8800,none,2026-10-03T09:58:30.516894+00:00
wowanalyzer,1623134940_508d22d2c091001d265e72943a83e7f906de671d,react-app-rewired,1,723,650e7f6242f25d8d,23,  ● Core/CombatLogParser › module defining › loads spec modules,False,0.9000,none,2026-10-03T09:58:30.846150+00:00
wowanalyzer,1623134940_508d22d2c091001d265e72943a83e7f906de671d,react-app-rewired,1,706,e25911eb23bb2621,23,  ● Core/CombatLogParser › module defining › loads default modules,False,0.9000,none,2026-10-03T09:58:30.897112+00:00
wowanalyzer,1623134940_508d22d2c091001d265e72943a83e7f906de671d,react-app-rewired,1,740,69887f1de386bae4,23,  ● Core/CombatLogParser › module defining › spec modules override default modules,False,0.8900,none,2026-10-03T09:58:30.967914+00:00
wowanalyzer,1623134940_508d22d2c091001d265e72943a83e7f906de671d,react-app-rewired,1,757,5efd9d910c219123,23,  ● Core/CombatLogParser › module defining › only instantiates the overriding module,False,0.8900,none,2026-10-03T09:58:31.081046+00:00
wowanalyzer,1623134940_508d22d2c091001d265e72943a83e7f906de671d,react-app-rewired,1,774,b304d67e8e15b408,21,  ● Core/CombatLogParser › module defining › allows spec modules to disable default modules,False,0.8900,none,2026-10-03T09:58:31.230245+00:00
wowanalyzer,1623134940_508d22d2c091001d265e72943a83e7f906de671d,react-app-rewired,1,791,a06911338cd31e99,21,  ● Core/CombatLogParser › getModule › finds a module by type,False,0.9100,none,2026-10-03T09:58:31.453519+00:00
wowanalyzer,1623134940_508d22d2c091001d265e72943a83e7f906de671d,react-app-rewired,1,808,24ea371a1f53aaad,21,  ● Core/CombatLogParser › getModule › finds a submodule even when looking for the parent module,False,0.9000,none,2026-10-03T09:58:31.619851+00:00
wowanalyzer,1623134940_508d22d2c091001d265e72943a83e7f906de671d,react-app-rewired,1,825,977e524998ceadab,21,  ● Core/CombatLogParser › getModule › throws when a requested module doesn't exist,False,0.9000,none,2026-10-03T09:58:31.728130+00:00
wowanalyzer,1623134940_508d22d2c091001d265e72943a83e7f906de671d,react-app-rewired,1,842,437ad0e2339919e0,23,  ● Core/CombatLogParser › module dependencies › loads a module without dependencies and reveals it under the `modules` ,False,0.8900,none,2026-10-03T09:58:31.844652+00:00
wowanalyzer,1623134940_508d22d2c091001d265e72943a83e7f906de671d,react-app-rewired,1,858,c8ebef3bbaed8ad5,23,  ● Core/CombatLogParser › module dependencies › loads a module with a dependency,False,0.9100,none,2026-10-03T09:58:31.997401+00:00
wowanalyzer,1623134940_508d22d2c091001d265e72943a83e7f906de671d,react-app-rewired,1,874,1fa40ff23f07d65a,23,  ● Core/CombatLogParser › module dependencies › delays loading a module until its dependencies are available,False,0.8900,none,2026-10-03T09:58:32.152311+00:00
wowanalyzer,1623134940_508d22d2c091001d265e72943a83e7f906de671d,react-app-rewired,1,890,4185185c242bbcbe,21,  ● Core/CombatLogParser › module dependencies › throws when a module being depended on is not used by the CombatLogPars,False,0.9000,none,2026-10-03T09:58:32.306456+00:00
wowanalyzer,1623134940_508d22d2c091001d265e72943a83e7f906de671d,react-app-rewired,1,906,64515918366473a2,23,  ● Core/CombatLogParser › module dependencies › recognizes classes that extend our dependency as valid dependencies,False,0.9100,none,2026-10-03T09:58:32.522930+00:00
wowanalyzer,1623134940_508d22d2c091001d265e72943a83e7f906de671d,react-app-rewired,1,922,8183ad4543cf2372,26,  ● Core/CombatLogParser › module dependencies › passes the dependencies as a prop to the module,False,0.9100,none,2026-10-03T09:58:32.602022+00:00
wowanalyzer,1623134940_508d22d2c091001d265e72943a83e7f906de671d,react-app-rewired,1,938,0598e5f517cb0dc1,26,  ● Core/CombatLogParser › module dependencies › automatically prioritizes execution order of modules based on dependenc,False,0.9100,none,2026-10-03T09:58:32.760564+00:00
wowanalyzer,1623134940_508d22d2c091001d265e72943a83e7f906de671d,react-app-rewired,1,969,2abf671188033f16,23,  ● Core/CombatLogParser › emits static events › emits fightend event,False,0.9100,none,2026-10-03T09:58:32.932233+00:00
wowanalyzer,1623134940_508d22d2c091001d265e72943a83e7f906de671d,react-app-rewired,1,986,a43d291ce9d80ead,23,  ● Core/Analyzer › module defining › owner is availabe as property,False,0.8900,none,2026-10-03T09:58:33.040104+00:00
wowanalyzer,1623134940_508d22d2c091001d265e72943a83e7f906de671d,react-app-rewired,1,1002,e01415c15375cb9f,26,  ● Core/Analyzer › module defining › dependencies are available as properties,False,0.9000,none,2026-10-03T09:58:33.198868+00:00
wowanalyzer,1623134940_508d22d2c091001d265e72943a83e7f906de671d,react-app-rewired,1,1034,5ba9f209a672d2e7,25,  ● Core/Analyzer › triggerEvent › calls the event handler on the class if it exists,False,0.9200,none,2026-10-03T09:58:33.509760+00:00
wowanalyzer,1623134940_508d22d2c091001d265e72943a83e7f906de671d,react-app-rewired,1,1018,11e76b45ce77e8dc,23,  ● Core/Analyzer › module defining › priority is availabe as property,False,0.9000,none,2026-10-03T09:58:33.516772+00:00
wowanalyzer,1623134940_508d22d2c091001d265e72943a83e7f906de671d,react-app-rewired,1,1050,5ead16d10363fa5d,25,  ● Core/Analyzer › triggerEvent › does nothing if the event handler on the class does not exist,False,0.9100,none,2026-10-03T09:58:33.682929+00:00
wowanalyzer,1623134940_508d22d2c091001d265e72943a83e7f906de671d,react-app-rewired,1,1066,b599a02655a8f3d7,23,  ● Core/Analyzer › triggerEvent › calls on_event on every event if it exists,False,0.9000,none,2026-10-03T09:58:33.806237+00:00
wowanalyzer,1623134940_508d22d2c091001d265e72943a83e7f906de671d,react-app-rewired,1,1082,c519483b7877d0fb,23,  ● Core/Analyzer › triggerEvent › calls convenience handlers byPlayer and toPlayer,False,0.9000,none,2026-10-03T09:58:33.986940+00:00
wowanalyzer,1623134940_508d22d2c091001d265e72943a83e7f906de671d,react-app-rewired,1,1098,6d91357218026aee,27,  ● Core/Analyzer › triggerEvent › doesn't call convenience handlers byPlayer when event is by someone else,False,0.9000,none,2026-10-03T09:58:34.148469+00:00
wowanalyzer,1623134940_508d22d2c091001d265e72943a83e7f906de671d,react-app-rewired,1,1114,a490ba297645463e,27,  ● Core/Analyzer › triggerEvent › doesn't call convenience handlers toPlayer when event is to someone else,False,0.9000,none,2026-10-03T09:58:34.256274+00:00
wowanalyzer,1623134940_508d22d2c091001d265e72943a83e7f906de671d,react-app-rewired,1,1130,def23dfbba91d68c,27,  ● Core/Analyzer › triggerEvent › doesn't call convenience handlers byPlayerPet when event is by someone else,False,0.9000,none,2026-10-03T09:58:34.406224+00:00
wowanalyzer,1623134940_508d22d2c091001d265e72943a83e7f906de671d,react-app-rewired,1,1146,1a287f14285ca484,27,  ● Core/Analyzer › triggerEvent › doesn't call convenience handlers toPlayerPet when event is to someone else,False,0.8700,none,2026-10-03T09:58:34.544129+00:00
wowanalyzer,1623134940_508d22d2c091001d265e72943a83e7f906de671d,react-app-rewired,1,1162,3a5fc9c1365e7a65,25,  ● Core/Analyzer › triggerEvent › sets `this` to the module,False,0.8800,none,2026-10-03T09:58:34.676040+00:00
wowanalyzer,1623134940_508d22d2c091001d265e72943a83e7f906de671d,react-app-rewired,1,1179,ad2e3da4fa395196,21,  ● core/Modules/Normalizers/MissingDotApplyDebuffPrePull › fabricates an apply debuff event when a dot damage event is ,False,0.8800,none,2026-10-03T09:58:34.833527+00:00
wowanalyzer,1623134940_508d22d2c091001d265e72943a83e7f906de671d,react-app-rewired,1,1195,0f6dcd0799198bd5,24,  ● core/Modules/Normalizers/MissingDotApplyDebuffPrePull › doesn't fabricate an apply debuff event when one already exi,False,0.8700,none,2026-10-03T09:58:34.984074+00:00
wowanalyzer,1623134940_508d22d2c091001d265e72943a83e7f906de671d,react-app-rewired,1,1211,b59b56f143446ac2,24,  ● core/Modules/Normalizers/MissingDotApplyDebuffPrePull › doesn't fabricate an apply debuff for an out-of-order damage,False,0.8800,none,2026-10-03T09:58:35.133243+00:00
wowanalyzer,1623134940_508d22d2c091001d265e72943a83e7f906de671d,react-app-rewired,1,1231,0a8fc9d09b24dd49,27,  ● core/modules/Abilities › getAbility › finds the ability with the provided spellId,False,0.9000,none,2026-10-03T09:58:35.287097+00:00
wowanalyzer,1623134940_508d22d2c091001d265e72943a83e7f906de671d,react-app-rewired,1,1247,9fffc129f6db7241,30,  ● core/modules/Abilities › getAbility › ignores inactive spells,False,0.9000,none,2026-10-03T09:58:35.511634+00:00
wowanalyzer,1623134940_508d22d2c091001d265e72943a83e7f906de671d,react-app-rewired,1,1263,a389484af2470b2d,30,  ● core/modules/Abilities › getExpectedCooldownDuration › calculates the cooldown duration using the cooldown property ,False,0.9000,none,2026-10-03T09:58:35.674126+00:00
wowanalyzer,1623134940_508d22d2c091001d265e72943a83e7f906de671d,react-app-rewired,1,1279,528b490a48e388ee,27,  ● core/modules/Abilities › getMaxCharges › returns the value of the charges property,False,0.9100,none,2026-10-03T09:58:35.755821+00:00
wowanalyzer,1623134940_508d22d2c091001d265e72943a83e7f906de671d,react-app-rewired,1,1295,2c3843d66030fdfd,27,  ● core/modules/Abilities › getMaxCharges › defaults to 1 charge,False,0.8800,none,2026-10-03T09:58:35.877721+00:00
wowanalyzer,1623134940_508d22d2c091001d265e72943a83e7f906de671d,react-app-rewired,1,1320,8968b008c731342f,26,  ● core/Modules/Ability › provides the current Haste to the cooldown property of an ability,False,0.8500,none,2026-10-03T09:58:36.081380+00:00
wowanalyzer,1623134940_508d22d2c091001d265e72943a83e7f906de671d,react-app-rewired,1,1339,9c46a26e0581824d,23,  ● Core/EventEmitter › fabricateEvent › includes the current timestamp,False,0.8800,none,2026-10-03T09:58:36.208212+00:00
wowanalyzer,1623134940_508d22d2c091001d265e72943a83e7f906de671d,react-app-rewired,1,4597,38d3b92b1194681b,7,  ● Elemental Shaman integration test: Hungering Destroyer log › SubOptimalChainLightning › matches the statistic snapsh,False,0.8600,none,2026-10-03T09:58:36.360975+00:00
wowanalyzer,1623134940_508d22d2c091001d265e72943a83e7f906de671d,react-app-rewired,1,4628,e40aaefa0c1a9bda,7,  ● Elemental Shaman integration test: Hungering Destroyer log › SubOptimalChainLightning › matches the suggestions snap,False,0.8500,none,2026-10-03T09:58:36.473431+00:00
wowanalyzer,1623134940_508d22d2c091001d265e72943a83e7f906de671d,react-app-rewired,1,66922,a4487525805670db,12,  ● Unholy Death Knight integration test: example log › UnholyRuneForgeChecker › matches the statistic snapshot,False,0.8700,none,2026-10-03T09:58:36.677522+00:00
wowanalyzer,1623134940_508d22d2c091001d265e72943a83e7f906de671d,react-app-rewired,1,66953,d72c6ea4b722d63a,12,  ● Unholy Death Knight integration test: example log › UnholyRuneForgeChecker › matches the suggestions snapshot,False,0.8700,none,2026-10-03T09:58:36.823372+00:00
wowanalyzer,1623134940_508d22d2c091001d265e72943a83e7f906de671d,react-app-rewired,1,70722,fab52abb3e160a5b,21,  ● Protection Paladin integration test: example log › GrandCrusader › matches the statistic snapshot,False,0.8600,none,2026-10-03T09:58:36.946502+00:00
wowanalyzer,1623134940_508d22d2c091001d265e72943a83e7f906de671d,react-app-rewired,1,70753,e06d282eb454a47c,6,  ● Protection Paladin integration test: example log › GrandCrusader › matches the suggestions snapshot,False,0.8700,none,2026-10-03T09:58:37.102618+00:00
wowanalyzer,1623134940_508d22d2c091001d265e72943a83e7f906de671d,react-app-rewired,1,70784,80f4d0df5356f339,6,  ● Protection Paladin integration test: example log › LightOfTheProtector › matches the statistic snapshot,False,0.8600,none,2026-10-03T09:58:37.367121+00:00
wowanalyzer,1623134940_508d22d2c091001d265e72943a83e7f906de671d,react-app-rewired,1,70815,09dcb09e6c6c1740,6,  ● Protection Paladin integration test: example log › LightOfTheProtector › matches the suggestions snapshot,False,0.8700,none,2026-10-03T09:58:37.422003+00:00
wowanalyzer,1623134940_508d22d2c091001d265e72943a83e7f906de671d,react-app-rewired,1,70846,82d45ff6e6e7b165,6,  ● Protection Paladin integration test: example log › HammerOfTheRighteous › matches the statistic snapshot,False,0.8700,none,2026-10-03T09:58:37.558040+00:00
wowanalyzer,1623134940_508d22d2c091001d265e72943a83e7f906de671d,react-app-rewired,1,70908,ff8f7aab0fbfe0cc,6,  ● Protection Paladin integration test: example log › WordOfGlory › matches the statistic snapshot,False,0.8700,none,2026-10-03T09:58:37.682674+00:00
wowanalyzer,1623134940_508d22d2c091001d265e72943a83e7f906de671d,react-app-rewired,1,70939,cb43aaaaa8ae2dd3,7,  ● Protection Paladin integration test: example log › WordOfGlory › matches the suggestions snapshot,False,0.8700,none,2026-10-03T09:58:37.840754+00:00
wowanalyzer,1623134940_508d22d2c091001d265e72943a83e7f906de671d,react-app-rewired,1,70970,72f1e320a920ab8f,8,  ● Protection Paladin integration test: example log › Judgment › matches the statistic snapshot,False,0.8700,none,2026-10-03T09:58:38.033901+00:00
wowanalyzer,1623134940_508d22d2c091001d265e72943a83e7f906de671d,react-app-rewired,1,71001,ebc46dd845307932,7,  ● Protection Paladin integration test: example log › Judgment › matches the suggestions snapshot,False,0.8600,none,2026-10-03T09:58:38.117255+00:00
wowanalyzer,1623134940_508d22d2c091001d265e72943a83e7f906de671d,react-app-rewired,1,71032,c42049b5bfd5037c,6,  ● Protection Paladin integration test: example log › WordOfGloryTiming › matches the statistic snapshot,False,0.8600,none,2026-10-03T09:58:38.290693+00:00
wowanalyzer,1623134940_508d22d2c091001d265e72943a83e7f906de671d,react-app-rewired,1,71063,d3b9906d9ce9b8df,6,  ● Protection Paladin integration test: example log › WordOfGloryTiming › matches the suggestions snapshot,False,0.8600,none,2026-10-03T09:58:38.480961+00:00
wowanalyzer,1623134940_508d22d2c091001d265e72943a83e7f906de671d,react-app-rewired,1,71094,3e68efc7e9e2465f,8,  ● Protection Paladin integration test: example log › ShieldOfTheRighteous › matches the statistic snapshot,False,0.8700,none,2026-10-03T09:58:38.572025+00:00
wowanalyzer,1623134940_508d22d2c091001d265e72943a83e7f906de671d,react-app-rewired,1,71125,59051e76b0c1618b,7,  ● Protection Paladin integration test: example log › ShieldOfTheRighteous › matches the suggestions snapshot,False,0.8800,none,2026-10-03T09:58:38.712921+00:00
wowanalyzer,1623134940_508d22d2c091001d265e72943a83e7f906de671d,react-app-rewired,1,71156,80894e45add45e30,8,  ● Protection Paladin integration test: example log › Consecration › matches the statistic snapshot,False,0.8600,none,2026-10-03T09:58:38.875739+00:00
wowanalyzer,1623134940_508d22d2c091001d265e72943a83e7f906de671d,react-app-rewired,1,71187,f7eb7653c93f5c53,7,  ● Protection Paladin integration test: example log › Consecration › matches the suggestions snapshot,False,0.8700,none,2026-10-03T09:58:39.056799+00:00
wowanalyzer,1623134940_508d22d2c091001d265e72943a83e7f906de671d,react-app-rewired,1,71280,0c04a8a1bbe046c2,8,  ● Protection Paladin integration test: example log › NoDamageShieldOfTheRighteous › matches the statistic snapshot,False,0.8600,none,2026-10-03T09:58:39.154056+00:00
wowanalyzer,1623134940_508d22d2c091001d265e72943a83e7f906de671d,react-app-rewired,1,71311,6b1f225bc638430b,6,  ● Protection Paladin integration test: example log › NoDamageShieldOfTheRighteous › matches the suggestions snapshot,False,0.8800,none,2026-10-03T09:58:39.369023+00:00
wowanalyzer,1623134940_508d22d2c091001d265e72943a83e7f906de671d,react-app-rewired,1,71342,41fb17664b39fbf3,8,  ● Protection Paladin integration test: example log › OvercapShieldOfTheRighteous › matches the statistic snapshot,False,0.8800,none,2026-10-03T09:58:39.462728+00:00
wowanalyzer,1623134940_508d22d2c091001d265e72943a83e7f906de671d,react-app-rewired,1,71373,2df97e557013fe6d,6,  ● Protection Paladin integration test: example log › OvercapShieldOfTheRighteous › matches the suggestions snapshot,False,0.8700,none,2026-10-03T09:58:39.641577+00:00
wowanalyzer,1623134940_508d22d2c091001d265e72943a83e7f906de671d,react-app-rewired,1,71404,eb64d5e2ab604e4e,6,  ● Protection Paladin integration test: example log › RighteousProtector › matches the statistic snapshot,False,0.8700,none,2026-10-03T09:58:39.800967+00:00
wowanalyzer,1623134940_508d22d2c091001d265e72943a83e7f906de671d,react-app-rewired,1,71435,d797ce13a11feb6d,6,  ● Protection Paladin integration test: example log › RighteousProtector › matches the suggestions snapshot,False,0.8700,none,2026-10-03T09:58:39.927411+00:00
wowanalyzer,1623134940_508d22d2c091001d265e72943a83e7f906de671d,react-app-rewired,1,71466,8c48481d9c21252c,6,  ● Protection Paladin integration test: example log › Seraphim › matches the statistic snapshot,False,0.8700,none,2026-10-03T09:58:40.164296+00:00
wowanalyzer,1623134940_508d22d2c091001d265e72943a83e7f906de671d,react-app-rewired,1,71497,782dd4baf378d13c,6,  ● Protection Paladin integration test: example log › Seraphim › matches the suggestions snapshot,False,0.8800,none,2026-10-03T09:58:40.222257+00:00
wowanalyzer,1623134940_508d22d2c091001d265e72943a83e7f906de671d,react-app-rewired,1,71528,96cecbd584a6d770,6,  ● Protection Paladin integration test: example log › SanctifiedWrathProtJudgement › matches the statistic snapshot,False,0.8700,none,2026-10-03T09:58:40.407359+00:00
wowanalyzer,1623134940_508d22d2c091001d265e72943a83e7f906de671d,react-app-rewired,1,71559,902ef2830baf000a,6,  ● Protection Paladin integration test: example log › SanctifiedWrathProtJudgement › matches the suggestions snapshot,False,0.8700,none,2026-10-03T09:58:40.545840+00:00
wowanalyzer,1623134940_508d22d2c091001d265e72943a83e7f906de671d,react-app-rewired,1,71590,447a8144603b90d1,6,  ● Protection Paladin integration test: example log › HolyShieldSpellBlock › matches the statistic snapshot,False,0.8700,none,2026-10-03T09:58:40.728491+00:00
wowanalyzer,1623134940_508d22d2c091001d265e72943a83e7f906de671d,react-app-rewired,1,71621,5416a542a36675ea,6,  ● Protection Paladin integration test: example log › HolyShieldSpellBlock › matches the suggestions snapshot,False,0.8800,none,2026-10-03T09:58:40.852513+00:00
wowanalyzer,1623134940_508d22d2c091001d265e72943a83e7f906de671d,react-app-rewired,1,71652,44aad98eebd0e61b,6,  ● Protection Paladin integration test: example log › Redoubt › matches the statistic snapshot,False,0.8700,none,2026-10-03T09:58:40.997932+00:00
wowanalyzer,1623134940_508d22d2c091001d265e72943a83e7f906de671d,react-app-rewired,1,71683,591147330e32ab27,6,  ● Protection Paladin integration test: example log › Redoubt › matches the suggestions snapshot,False,0.8600,none,2026-10-03T09:58:41.137521+00:00
wowanalyzer,1623134940_508d22d2c091001d265e72943a83e7f906de671d,react-app-rewired,1,71714,d71487e8990a4767,8,  ● Protection Paladin integration test: example log › BlessedHammerDamageReduction › matches the statistic snapshot,False,0.8600,none,2026-10-03T09:58:41.279941+00:00
wowanalyzer,1623134940_508d22d2c091001d265e72943a83e7f906de671d,react-app-rewired,1,71745,53855f0d997bd91a,6,  ● Protection Paladin integration test: example log › BlessedHammerDamageReduction › matches the suggestions snapshot,False,0.8700,none,2026-10-03T09:58:41.432791+00:00
wowanalyzer,1623134940_508d22d2c091001d265e72943a83e7f906de671d,react-app-rewired,1,71776,ff7b3bdfc8d0c221,6,  ● Protection Paladin integration test: example log › FirstAvenger › matches the statistic snapshot,False,0.8800,none,2026-10-03T09:58:41.631949+00:00
wowanalyzer,1623134940_508d22d2c091001d265e72943a83e7f906de671d,react-app-rewired,1,71807,c5e8107f4a963953,6,  ● Protection Paladin integration test: example log › FirstAvenger › matches the suggestions snapshot,False,0.8800,none,2026-10-03T09:58:41.733611+00:00
wowanalyzer,1623134940_508d22d2c091001d265e72943a83e7f906de671d,react-app-rewired,1,71838,0bf2f11d70b0f9f8,6,  ● Protection Paladin integration test: example log › MomentOfGlory › matches the statistic snapshot,False,0.8600,none,2026-10-03T09:58:41.899892+00:00
wowanalyzer,1623134940_508d22d2c091001d265e72943a83e7f906de671d,react-app-rewired,1,71869,4f02e2786d81818a,6,  ● Protection Paladin integration test: example log › MomentOfGlory › matches the suggestions snapshot,False,0.8700,none,2026-10-03T09:58:42.034035+00:00
wowanalyzer,1623134940_508d22d2c091001d265e72943a83e7f906de671d,react-app-rewired,1,75576,d5ef7218a476cbed,12,  ● Frost Death Knight integration test: example log › FrostRuneForgeChecker › matches the statistic snapshot,False,0.8800,none,2026-10-03T09:58:42.171633+00:00
wowanalyzer,1623134940_508d22d2c091001d265e72943a83e7f906de671d,react-app-rewired,1,75607,5e1151ff64eb6002,12,  ● Frost Death Knight integration test: example log › FrostRuneForgeChecker › matches the suggestions snapshot,False,0.8700,none,2026-10-03T09:58:42.424156+00:00
wowanalyzer,1623134940_508d22d2c091001d265e72943a83e7f906de671d,react-app-rewired,1,95674,a5472d4dcca45bcc,9,  ● Brewmaster Monk integration test: example log › HealingReceived › matches the statistic snapshot,False,0.8600,none,2026-10-03T09:58:42.486549+00:00
wowanalyzer,1623134940_508d22d2c091001d265e72943a83e7f906de671d,react-app-rewired,1,95705,1257fe93657e72ad,9,  ● Brewmaster Monk integration test: example log › HealingReceived › matches the suggestions snapshot,False,0.8700,none,2026-10-03T09:58:42.635669+00:00
wowanalyzer,1623134940_508d22d2c091001d265e72943a83e7f906de671d,react-app-rewired,1,95736,1335ba12f042e89e,11,  ● Brewmaster Monk integration test: example log › Stagger › matches the statistic snapshot,False,0.8600,none,2026-10-03T09:58:42.819052+00:00
wowanalyzer,1623134940_508d22d2c091001d265e72943a83e7f906de671d,react-app-rewired,1,95767,daae05ee1a472278,9,  ● Brewmaster Monk integration test: example log › Stagger › matches the suggestions snapshot,False,0.8800,none,2026-10-03T09:58:42.962407+00:00
wowanalyzer,1623134940_508d22d2c091001d265e72943a83e7f906de671d,react-app-rewired,1,95798,5cd02a98d7fa0179,9,  ● Brewmaster Monk integration test: example log › StaggerFabricator › matches the statistic snapshot,False,0.8700,none,2026-10-03T09:58:43.129119+00:00
wowanalyzer,1623134940_508d22d2c091001d265e72943a83e7f906de671d,react-app-rewired,1,95829,2fe00906379dbe11,9,  ● Brewmaster Monk integration test: example log › StaggerFabricator › matches the suggestions snapshot,False,0.8600,none,2026-10-03T09:58:43.236017+00:00
wowanalyzer,1623134940_508d22d2c091001d265e72943a83e7f906de671d,react-app-rewired,1,95891,aba83b9deaedaaf5,9,  ● Brewmaster Monk integration test: example log › BrewCDR › matches the suggestions snapshot,False,0.8700,none,2026-10-03T09:58:43.396455+00:00
wowanalyzer,1623134940_508d22d2c091001d265e72943a83e7f906de671d,react-app-rewired,1,95922,08250d4737ca681d,9,  ● Brewmaster Monk integration test: example log › SharedBrews › matches the statistic snapshot,False,0.8700,none,2026-10-03T09:58:43.512114+00:00
wowanalyzer,1623134940_508d22d2c091001d265e72943a83e7f906de671d,react-app-rewired,1,95953,75c2eb5c025e590c,9,  ● Brewmaster Monk integration test: example log › SharedBrews › matches the suggestions snapshot,False,0.8800,none,2026-10-03T09:58:43.733301+00:00
wowanalyzer,1623134940_508d22d2c091001d265e72943a83e7f906de671d,react-app-rewired,1,95984,c92af06197c98d49,9,  ● Brewmaster Monk integration test: example log › StaggerPoolGraph › matches the statistic snapshot,False,0.8600,none,2026-10-03T09:58:43.816930+00:00
wowanalyzer,1623134940_508d22d2c091001d265e72943a83e7f906de671d,react-app-rewired,1,96015,bd945b081a2d0919,9,  ● Brewmaster Monk integration test: example log › StaggerPoolGraph › matches the suggestions snapshot,False,0.8700,none,2026-10-03T09:58:43.975099+00:00
wowanalyzer,1623134940_508d22d2c091001d265e72943a83e7f906de671d,react-app-rewired,1,96077,42a817ea7d37c76d,9,  ● Brewmaster Monk integration test: example log › PurifyingBrew › matches the suggestions snapshot,False,0.8700,none,2026-10-03T09:58:44.299153+00:00
wowanalyzer,1623134940_508d22d2c091001d265e72943a83e7f906de671d,react-app-rewired,1,96139,b4177416f357f8a4,9,  ● Brewmaster Monk integration test: example log › CelestialBrew › matches the suggestions snapshot,False,0.8700,none,2026-10-03T09:58:44.451221+00:00
wowanalyzer,1623134940_508d22d2c091001d265e72943a83e7f906de671d,react-app-rewired,1,96170,a381f593e6139c8f,9,  ● Brewmaster Monk integration test: example log › BlackoutCombo › matches the statistic snapshot,False,0.8700,none,2026-10-03T09:58:44.583008+00:00
wowanalyzer,1623134940_508d22d2c091001d265e72943a83e7f906de671d,react-app-rewired,1,96046,0866b594bd261f66,15,  ● Brewmaster Monk integration test: example log › PurifyingBrew › matches the statistic snapshot,False,0.8700,none,2026-10-03T09:58:44.861785+00:00
wowanalyzer,1623134940_508d22d2c091001d265e72943a83e7f906de671d,react-app-rewired,1,96201,a87d0810016c6272,9,  ● Brewmaster Monk integration test: example log › BlackoutCombo › matches the suggestions snapshot,False,0.8700,none,2026-10-03T09:58:44.870368+00:00
wowanalyzer,1623134940_508d22d2c091001d265e72943a83e7f906de671d,react-app-rewired,1,96232,814a87ea37df1e0a,9,  ● Brewmaster Monk integration test: example log › KegSmash › matches the statistic snapshot,False,0.8600,none,2026-10-03T09:58:44.893998+00:00
wowanalyzer,1623134940_508d22d2c091001d265e72943a83e7f906de671d,react-app-rewired,1,96263,d6229e7c0717990a,9,  ● Brewmaster Monk integration test: example log › KegSmash › matches the suggestions snapshot,False,0.8600,none,2026-10-03T09:58:45.060847+00:00
wowanalyzer,1623134940_508d22d2c091001d265e72943a83e7f906de671d,react-app-rewired,1,96294,deaad058470f9ca3,9,  ● Brewmaster Monk integration test: example log › TigerPalm › matches the statistic snapshot,False,0.8700,none,2026-10-03T09:58:45.218394+00:00
wowanalyzer,1623134940_508d22d2c091001d265e72943a83e7f906de671d,react-app-rewired,1,96356,4dc565ac1e944434,9,  ● Brewmaster Monk integration test: example log › RushingJadeWind › matches the statistic snapshot,False,0.8700,none,2026-10-03T09:58:45.345914+00:00
wowanalyzer,1623134940_508d22d2c091001d265e72943a83e7f906de671d,react-app-rewired,1,96387,edb0ce777172e743,9,  ● Brewmaster Monk integration test: example log › RushingJadeWind › matches the suggestions snapshot,False,0.8900,none,2026-10-03T09:58:45.522003+00:00
wowanalyzer,1623134940_508d22d2c091001d265e72943a83e7f906de671d,react-app-rewired,1,96418,61284172edcc7bff,9,  ● Brewmaster Monk integration test: example log › BreathOfFire › matches the statistic snapshot,False,0.8700,none,2026-10-03T09:58:45.662930+00:00
wowanalyzer,1623134940_508d22d2c091001d265e72943a83e7f906de671d,react-app-rewired,1,96449,c8ff1ad1ae255ae1,10,  ● Brewmaster Monk integration test: example log › BreathOfFire › matches the suggestions snapshot,False,0.8600,none,2026-10-03T09:58:45.771772+00:00
wowanalyzer,1623134940_508d22d2c091001d265e72943a83e7f906de671d,react-app-rewired,1,96480,98ae15e319017e1e,9,  ● Brewmaster Monk integration test: example log › BlackOxBrew › matches the statistic snapshot,False,0.8700,none,2026-10-03T09:58:45.931740+00:00
wowanalyzer,1623134940_508d22d2c091001d265e72943a83e7f906de671d,react-app-rewired,1,96511,bb2f92303b13e573,9,  ● Brewmaster Monk integration test: example log › BlackOxBrew › matches the suggestions snapshot,False,0.8900,none,2026-10-03T09:58:46.122513+00:00
wowanalyzer,1623134940_508d22d2c091001d265e72943a83e7f906de671d,react-app-rewired,1,96573,b0ef63a9ed103a80,9,  ● Brewmaster Monk integration test: example log › HighTolerance › matches the suggestions snapshot,False,0.8700,none,2026-10-03T09:58:46.259733+00:00
wowanalyzer,1623134940_508d22d2c091001d265e72943a83e7f906de671d,react-app-rewired,1,96635,3e5ab06b04d2f7cf,9,  ● Brewmaster Monk integration test: example log › CelestialFortune › matches the suggestions snapshot,False,0.8800,none,2026-10-03T09:58:46.357551+00:00
wowanalyzer,1623134940_508d22d2c091001d265e72943a83e7f906de671d,react-app-rewired,1,96697,ce9bf5c397095056,9,  ● Brewmaster Monk integration test: example log › GiftOfTheOx › matches the suggestions snapshot,False,0.8700,none,2026-10-03T09:58:46.542995+00:00
wowanalyzer,1623134940_508d22d2c091001d265e72943a83e7f906de671d,react-app-rewired,1,96728,55fe8919589d4f77,9,  ● Brewmaster Monk integration test: example log › Shuffle › matches the statistic snapshot,False,0.8700,none,2026-10-03T09:58:46.683071+00:00
wowanalyzer,1623134940_508d22d2c091001d265e72943a83e7f906de671d,react-app-rewired,1,96759,0f2bc9829daa1ff4,9,  ● Brewmaster Monk integration test: example log › Shuffle › matches the suggestions snapshot,False,0.8700,none,2026-10-03T09:58:46.824455+00:00
wowanalyzer,1623134940_508d22d2c091001d265e72943a83e7f906de671d,react-app-rewired,1,96883,66a6aaa61712e37b,9,  ● Brewmaster Monk integration test: example log › StormstoutsLastKeg › matches the suggestions snapshot,False,0.8800,none,2026-10-03T09:58:46.967416+00:00
wowanalyzer,1623134940_508d22d2c091001d265e72943a83e7f906de671d,react-app-rewired,1,97038,377304b2305d6233,9,  ● Brewmaster Monk integration test: example log › WeaponsOfOrder › matches the statistic snapshot,False,0.8700,none,2026-10-03T09:58:47.129940+00:00
wowanalyzer,1623134940_508d22d2c091001d265e72943a83e7f906de671d,react-app-rewired,1,97069,bb88e6f0f0b38043,9,  ● Brewmaster Monk integration test: example log › WeaponsOfOrder › matches the suggestions snapshot,False,0.8800,none,2026-10-03T09:58:47.281992+00:00
wowanalyzer,1623134940_508d22d2c091001d265e72943a83e7f906de671d,react-app-rewired,1,97100,dd31fd508025330a,9,  ● Brewmaster Monk integration test: example log › BonedustBrew › matches the statistic snapshot,False,0.8700,none,2026-10-03T09:58:47.445250+00:00
wowanalyzer,1623134940_508d22d2c091001d265e72943a83e7f906de671d,react-app-rewired,1,97131,084f6c504a3b7256,9,  ● Brewmaster Monk integration test: example log › BonedustBrew › matches the suggestions snapshot,False,0.8700,none,2026-10-03T09:58:47.666183+00:00
wowanalyzer,1623134940_508d22d2c091001d265e72943a83e7f906de671d,react-app-rewired,1,97379,347bf6e6b6766db8,9,  ● Brewmaster Monk integration test: example log › EvasiveStride › matches the suggestions snapshot,False,0.8700,none,2026-10-03T09:58:47.923758+00:00
wowanalyzer,1623134940_508d22d2c091001d265e72943a83e7f906de671d,react-app-rewired,1,97348,0b45a27caf82abfb,9,  ● Brewmaster Monk integration test: example log › EvasiveStride › matches the statistic snapshot,False,0.8600,none,2026-10-03T09:58:47.934087+00:00
wowanalyzer,1623134940_508d22d2c091001d265e72943a83e7f906de671d,react-app-rewired,1,97410,273ce20a0b3ccc18,9,  ● Brewmaster Monk integration test: example log › CelestialEffervescence › matches the statistic snapshot,False,0.8700,none,2026-10-03T09:58:48.086319+00:00
wowanalyzer,1623134940_508d22d2c091001d265e72943a83e7f906de671d,react-app-rewired,1,97441,f85664cddd83c5b1,9,  ● Brewmaster Monk integration test: example log › CelestialEffervescence › matches the suggestions snapshot,False,0.8700,none,2026-10-03T09:58:48.256896+00:00
wowanalyzer,1623134940_508d22d2c091001d265e72943a83e7f906de671d,react-app-rewired,1,97472,b69bbb1666d8d5ea,9,  ● Brewmaster Monk integration test: example log › ScaldingBrew › matches the statistic snapshot,False,0.8700,none,2026-10-03T09:58:48.333852+00:00
wowanalyzer,1623134940_508d22d2c091001d265e72943a83e7f906de671d,react-app-rewired,1,97503,c31d830a517cbfe6,9,  ● Brewmaster Monk integration test: example log › ScaldingBrew › matches the suggestions snapshot,False,0.8600,none,2026-10-03T09:58:48.596074+00:00
wowanalyzer,1623134940_508d22d2c091001d265e72943a83e7f906de671d,react-app-rewired,1,97534,37a7e679af11c91c,9,  ● Brewmaster Monk integration test: example log › WalkWithTheOx › matches the statistic snapshot,False,0.8600,none,2026-10-03T09:58:48.638935+00:00
wowanalyzer,1623134940_508d22d2c091001d265e72943a83e7f906de671d,react-app-rewired,1,97565,9865b82127feb39c,9,  ● Brewmaster Monk integration test: example log › WalkWithTheOx › matches the suggestions snapshot,False,0.8600,none,2026-10-03T09:58:48.830526+00:00
wowanalyzer,1623134940_508d22d2c091001d265e72943a83e7f906de671d,react-app-rewired,1,101024,68225218da857f39,8,  ● Shadow Priest integration test: example log › VoidBoltUsage › matches the statistic snapshot,False,0.8700,none,2026-10-03T09:58:48.947127+00:00
wowanalyzer,1623134940_508d22d2c091001d265e72943a83e7f906de671d,react-app-rewired,1,101055,f97d9c87a7d48587,8,  ● Shadow Priest integration test: example log › VoidBoltUsage › matches the suggestions snapshot,False,0.8700,none,2026-10-03T09:58:49.097394+00:00
wowanalyzer,1623134940_508d22d2c091001d265e72943a83e7f906de671d,react-app-rewired,1,102326,b970bf1f28aa64f8,8,  ● Shadow Priest integration test: example log › HauntingApparitions › matches the statistic snapshot,False,0.8700,none,2026-10-03T09:58:49.247471+00:00
wowanalyzer,1623134940_508d22d2c091001d265e72943a83e7f906de671d,react-app-rewired,1,102357,2357a6620aba389c,8,  ● Shadow Priest integration test: example log › HauntingApparitions › matches the suggestions snapshot,False,0.8700,none,2026-10-03T09:58:49.402915+00:00
wowanalyzer,1623134940_508d22d2c091001d265e72943a83e7f906de671d,react-app-rewired,1,105630,7ead5d1d448e45af,7,  ● Balance Druid integration test: example log › ActiveDruidForm › matches the statistic snapshot,False,0.8600,none,2026-10-03T09:58:49.550240+00:00
wowanalyzer,1623134940_508d22d2c091001d265e72943a83e7f906de671d,react-app-rewired,1,105661,bd2d74cbc6fb1d88,7,  ● Balance Druid integration test: example log › ActiveDruidForm › matches the suggestions snapshot,False,0.8700,none,2026-10-03T09:58:49.684912+00:00
wowanalyzer,1623134940_508d22d2c091001d265e72943a83e7f906de671d,react-app-rewired,1,105940,910a56e285b7a146,4,  ● Balance Druid integration test: example log › UnempoweredStarfire › matches the statistic snapshot,False,0.8700,none,2026-10-03T09:58:49.981049+00:00
wowanalyzer,1623134940_508d22d2c091001d265e72943a83e7f906de671d,react-app-rewired,1,106002,cad558b06d63579c,4,  ● Balance Druid integration test: example log › UnempoweredWrath › matches the statistic snapshot,False,0.8700,none,2026-10-03T09:58:50.040843+00:00
wowanalyzer,1623134940_508d22d2c091001d265e72943a83e7f906de671d,react-app-rewired,1,106033,cbfb0e284f8e04bd,4,  ● Balance Druid integration test: example log › UnempoweredWrath › matches the suggestions snapshot,False,0.8600,none,2026-10-03T09:58:50.157652+00:00
wowanalyzer,1623134940_508d22d2c091001d265e72943a83e7f906de671d,react-app-rewired,1,106188,f0ab6e2dd655c0c7,7,  ● Balance Druid integration test: example log › BalanceOfAllThingsOpener › matches the statistic snapshot,False,0.8600,none,2026-10-03T09:58:50.316065+00:00
wowanalyzer,1623134940_508d22d2c091001d265e72943a83e7f906de671d,react-app-rewired,1,106498,e549361200bcdb9d,7,  ● Balance Druid integration test: example log › SoulOfTheForest › matches the statistic snapshot,False,0.8700,none,2026-10-03T09:58:50.472205+00:00
wowanalyzer,1623134940_508d22d2c091001d265e72943a83e7f906de671d,react-app-rewired,1,106529,1ba992d5753afb98,7,  ● Balance Druid integration test: example log › SoulOfTheForest › matches the suggestions snapshot,False,0.8700,none,2026-10-03T09:58:50.699270+00:00
wowanalyzer,1623134940_508d22d2c091001d265e72943a83e7f906de671d,react-app-rewired,1,106591,9d8ad8efa5051fd9,7,  ● Balance Druid integration test: example log › ConvokeSpirits › matches the suggestions snapshot,False,0.8800,none,2026-10-03T09:58:50.728710+00:00
wowanalyzer,1623134940_508d22d2c091001d265e72943a83e7f906de671d,react-app-rewired,1,120192,14ca4f0de5f16b14,7,  ● Fire Mage integration test: example log › CombustionPreCastDelay › matches the statistic snapshot,False,0.8600,none,2026-10-03T09:58:50.900800+00:00
wowanalyzer,1623134940_508d22d2c091001d265e72943a83e7f906de671d,react-app-rewired,1,120223,58e42dd5be7da131,7,  ● Fire Mage integration test: example log › CombustionPreCastDelay › matches the suggestions snapshot,False,0.8700,none,2026-10-03T09:58:51.088218+00:00
wowanalyzer,1623134940_508d22d2c091001d265e72943a83e7f906de671d,react-app-rewired,1,121184,c993fa0468942240,7,  ● Fire Mage integration test: example log › DisciplinaryCommand › matches the statistic snapshot,False,0.8700,none,2026-10-03T09:58:51.221113+00:00
wowanalyzer,1623134940_508d22d2c091001d265e72943a83e7f906de671d,react-app-rewired,1,121215,88ff080de632ce24,7,  ● Fire Mage integration test: example log › DisciplinaryCommand › matches the suggestions snapshot,False,0.8700,none,2026-10-03T09:58:51.358555+00:00
wowanalyzer,1625015835_a9f2cc0fbf2a7d0ca95d78e21f128d9e1a902555,react-app-rewired,1,928,2757090b76f418a8,8,  ● Balance Druid integration test: example log › FillerUsage › matches the suggestions snapshot,False,0.7400,none,2026-10-03T09:58:51.481220+00:00
wowanalyzer,1630599362_18cb633391f6cad5c4e94f838b9e716e24aa1e21,react-app-rewired,1,404,6451faee7abc0d89,17,  ● Test suite failed to run,False,0.6700,module_resolution,2026-10-03T09:58:51.611035+00:00
wowanalyzer,1630611120_2e3c0246268bcb227b5756765a6454b5a6447d4c,react-app-rewired,1,1165,9fc23ef8960b28ea,23,  ● Mistweaver Monk integration test: example log › SpellInfo › matches the statistic snapshot,False,0.6100,module_resolution,2026-10-03T09:58:51.792882+00:00
wowanalyzer,1630611120_2e3c0246268bcb227b5756765a6454b5a6447d4c,react-app-rewired,1,1292,4178d30790536ced,23,  ● Mistweaver Monk integration test: example log › SpellInfo › matches the suggestions snapshot,False,0.6100,module_resolution,2026-10-03T09:58:51.949364+00:00
wowanalyzer,1633846475_b3046a82853dc1f93ab28ab8b1a0103954c895f3,react-app-rewired,1,267,c88a155d690ee73f,6,  ● RuleDescription › should return a description for a rule with a condition,False,0.7500,none,2026-10-03T09:58:52.239458+00:00
wowanalyzer,1634416903_99fa47c79df98de92973c07695c01c6271d97571,react-app-rewired,1,258,22a68cc071439469,25,  ● Basic APL Check › Extra Filler Cast › should report a single violation,False,0.9100,none,2026-10-03T09:58:52.282179+00:00
wowanalyzer,1634416903_99fa47c79df98de92973c07695c01c6271d97571,react-app-rewired,1,288,67c08fac7d641ff0,25,  ● APL with conditions › Cast Short CD during Buff › should report a violation,False,0.9100,none,2026-10-03T09:58:52.586461+00:00
wowanalyzer,1634416903_99fa47c79df98de92973c07695c01c6271d97571,react-app-rewired,1,318,44accfa8fae7fd2a,25,  ● APL with conditions › Cast extra filler after Buff › should report a violation,False,0.9100,none,2026-10-03T09:58:52.595490+00:00
wowanalyzer,1634418796_5bdb733f6ec731774a6d4b525d280605d856e3aa,react-app-rewired,1,258,50f813fd1b706ff0,12,  ● Test suite failed to run,False,0.8300,none,2026-10-03T09:58:52.692340+00:00
wowanalyzer,1634669504_e6e0c3a58b72f14ecd105488b681b11a38afbd83,react-app-rewired,1,257,0a0d4619612f68ab,11,  ● Test suite failed to run,True,0.5000,none,2026-10-03T09:58:52.821682+00:00
wowanalyzer,1638036815_da684c51cf3db63638465038956c2a873843fe23,react-app-rewired,1,18977,c9a9db4d8c512abe,5,  ● Beast Mastery Hunter integration test: Single Target › RaeshalareDeathsWhisper › matches the suggestions snapshot,False,0.8800,none,2026-10-03T09:58:53.133939+00:00
wowanalyzer,1638036815_da684c51cf3db63638465038956c2a873843fe23,react-app-rewired,1,18940,f7bf2ccf237ff11e,5,  ● Beast Mastery Hunter integration test: Single Target › RaeshalareDeathsWhisper › matches the statistic snapshot,False,0.8800,none,2026-10-03T09:58:53.165189+00:00
wowanalyzer,1638036815_da684c51cf3db63638465038956c2a873843fe23,react-app-rewired,1,19014,4e81ddf53aa09d59,5,  ● Beast Mastery Hunter integration test: Single Target › FragmentsOfTheElderAntlers › matches the statistic snapshot,False,0.8700,none,2026-10-03T09:58:53.278813+00:00
wowanalyzer,1638036815_da684c51cf3db63638465038956c2a873843fe23,react-app-rewired,1,19051,b0911fde455efa8d,5,  ● Beast Mastery Hunter integration test: Single Target › FragmentsOfTheElderAntlers › matches the suggestions snapshot,False,0.8800,none,2026-10-03T09:58:53.477326+00:00
wowanalyzer,1638036815_da684c51cf3db63638465038956c2a873843fe23,react-app-rewired,1,80724,8cd908ff9a4f779d,11,  ● Unholy Death Knight integration test: example log › DeathsDue › matches the statistic snapshot,False,0.8700,none,2026-10-03T09:58:53.607418+00:00
wowanalyzer,1638036815_da684c51cf3db63638465038956c2a873843fe23,react-app-rewired,1,80761,cef502e1dca77fb7,11,  ● Unholy Death Knight integration test: example log › DeathsDue › matches the suggestions snapshot,False,0.8700,none,2026-10-03T09:58:53.782349+00:00
wowanalyzer,1638036815_da684c51cf3db63638465038956c2a873843fe23,react-app-rewired,1,120185,f399ee72cc9d6e37,3,  ● Balance Druid integration test: example log › FillerUsage › matches the statistic snapshot,False,0.8700,none,2026-10-03T09:58:53.905617+00:00
wowanalyzer,1638036815_da684c51cf3db63638465038956c2a873843fe23,react-app-rewired,1,120259,ade12f3b78e3a5da,3,  ● Balance Druid integration test: example log › Starsurge › matches the statistic snapshot,False,0.8700,none,2026-10-03T09:58:54.065663+00:00
wowanalyzer,1638036815_da684c51cf3db63638465038956c2a873843fe23,react-app-rewired,1,120296,9255cd6689e13466,3,  ● Balance Druid integration test: example log › Starsurge › matches the suggestions snapshot,False,0.8800,none,2026-10-03T09:58:54.174701+00:00
wowanalyzer,1638036815_da684c51cf3db63638465038956c2a873843fe23,react-app-rewired,1,120999,368296c708ebbd2c,3,  ● Balance Druid integration test: example log › AdaptiveSwarmDamageDealer › matches the statistic snapshot,False,0.8800,none,2026-10-03T09:58:54.325171+00:00
wowanalyzer,1638036815_da684c51cf3db63638465038956c2a873843fe23,react-app-rewired,1,121036,d547436842f91a8e,3,  ● Balance Druid integration test: example log › AdaptiveSwarmDamageDealer › matches the suggestions snapshot,False,0.8900,none,2026-10-03T09:58:54.532213+00:00
wowanalyzer,1638036815_da684c51cf3db63638465038956c2a873843fe23,react-app-rewired,1,121073,a907a692f128558c,3,  ● Balance Druid integration test: example log › SinfulHysteria › matches the statistic snapshot,False,0.8700,none,2026-10-03T09:58:54.622757+00:00
wowanalyzer,1638036815_da684c51cf3db63638465038956c2a873843fe23,react-app-rewired,1,121110,c53ef381254218c6,3,  ● Balance Druid integration test: example log › SinfulHysteria › matches the suggestions snapshot,False,0.8800,none,2026-10-03T09:58:54.795768+00:00
wowanalyzer,1638036815_da684c51cf3db63638465038956c2a873843fe23,react-app-rewired,1,138683,ca690d5fa21be251,3,  ● Fire Mage integration test: example log › SunKingsBlessing › matches the statistic snapshot,False,0.8700,none,2026-10-03T09:58:54.967079+00:00
wowanalyzer,1638036815_da684c51cf3db63638465038956c2a873843fe23,react-app-rewired,1,138720,73a4cae0263e29e3,3,  ● Fire Mage integration test: example log › SunKingsBlessing › matches the suggestions snapshot,False,0.8700,none,2026-10-03T09:58:55.091529+00:00
wowanalyzer,1638036815_da684c51cf3db63638465038956c2a873843fe23,react-app-rewired,1,138979,20bca36bd5ff8f24,3,  ● Fire Mage integration test: example log › MirrorsOfTormentUsage › matches the statistic snapshot,False,0.8600,none,2026-10-03T09:58:55.247901+00:00
wowanalyzer,1638036815_da684c51cf3db63638465038956c2a873843fe23,react-app-rewired,1,139016,d815690b2c7151dc,3,  ● Fire Mage integration test: example log › MirrorsOfTormentUsage › matches the suggestions snapshot,False,0.8700,none,2026-10-03T09:58:55.530526+00:00
wowanalyzer,1640522830_af32596e707deb7d09ac6f8ab67d6fdea645bbe0,react-app-rewired,1,306,0ebded4bedb51ee0,7,  ● Beast Mastery Hunter integration test: Single Target › AntlerVersusRylak › matches the statistic snapshot,False,0.6700,none,2026-10-03T09:58:55.543706+00:00
wowanalyzer,1644520917_88676a7f7a835d8f3c01b645f3d3c833592d2f2a,react-app-rewired,1,21841,258ad2209644edf8,3,  ● Beast Mastery Hunter integration test: Single Target › AntlerVersusRylak › matches the suggestions snapshot,True,0.7200,runner_env_config,2026-10-03T09:58:55.675910+00:00
wowanalyzer,1644520917_88676a7f7a835d8f3c01b645f3d3c833592d2f2a,react-app-rewired,1,114576,25b6ebe47fd24c9b,1,  ● Frost Mage integration test: example log › CometStorm › matches the statistic snapshot,True,0.7000,runner_env_config,2026-10-03T09:58:55.882853+00:00
wowanalyzer,1644520917_88676a7f7a835d8f3c01b645f3d3c833592d2f2a,react-app-rewired,1,114618,65929537b7466409,1,  ● Frost Mage integration test: example log › CometStorm › matches the suggestions snapshot,True,0.7200,runner_env_config,2026-10-03T09:58:55.977307+00:00
wowanalyzer,1644520917_88676a7f7a835d8f3c01b645f3d3c833592d2f2a,react-app-rewired,1,145969,5c385ac13ab6a5b6,6,  ● Arcane Mage integration test: example log › ArcanePowerPreReqs › matches the statistic snapshot,True,0.7300,runner_env_config,2026-10-03T09:58:56.195725+00:00
wowanalyzer,1644520917_88676a7f7a835d8f3c01b645f3d3c833592d2f2a,react-app-rewired,1,146011,fa7e1354d760a578,10,  ● Arcane Mage integration test: example log › ArcanePowerPreReqs › matches the suggestions snapshot,True,0.7300,runner_env_config,2026-10-03T09:58:56.279038+00:00
wowanalyzer,1644520917_88676a7f7a835d8f3c01b645f3d3c833592d2f2a,react-app-rewired,1,146053,7f63c3a56d1bc2c2,1,  ● Arcane Mage integration test: example log › ArcanePowerMana › matches the statistic snapshot,True,0.7200,runner_env_config,2026-10-03T09:58:56.426279+00:00
wowanalyzer,1644520917_88676a7f7a835d8f3c01b645f3d3c833592d2f2a,react-app-rewired,1,146095,a58411b3f12f98eb,1,  ● Arcane Mage integration test: example log › ArcanePowerMana › matches the suggestions snapshot,True,0.7000,runner_env_config,2026-10-03T09:58:56.585367+00:00
wowanalyzer,1644520917_88676a7f7a835d8f3c01b645f3d3c833592d2f2a,react-app-rewired,1,146137,4f60102612cb4d90,4,  ● Arcane Mage integration test: example log › ArcanePowerCasts › matches the statistic snapshot,True,0.7100,runner_env_config,2026-10-03T09:58:56.728000+00:00
wowanalyzer,1644520917_88676a7f7a835d8f3c01b645f3d3c833592d2f2a,react-app-rewired,1,146179,bfbe773bf1cd82b7,1,  ● Arcane Mage integration test: example log › ArcanePowerCasts › matches the suggestions snapshot,True,0.7100,runner_env_config,2026-10-03T09:58:56.890476+00:00
wowanalyzer,1648076361_c0bbbc7ff648bb8319136e6620648748f37e700d,react-app-rewired,1,6813,660fb780ad00b2c0,3,  ● Brewmaster Monk integration test: example log › KegOfTheHeavens › matches the statistic snapshot,False,0.9100,none,2026-10-03T09:58:57.031535+00:00
wowanalyzer,1648076361_c0bbbc7ff648bb8319136e6620648748f37e700d,react-app-rewired,1,6854,0932a3fc8351d53e,3,  ● Brewmaster Monk integration test: example log › KegOfTheHeavens › matches the suggestions snapshot,False,0.9100,none,2026-10-03T09:58:57.211293+00:00
wowanalyzer,1648328599_5da2e7c418ba905d0b3d3fe02a7ca53d8607dac4,react-app-rewired,1,6463,5763175a6780f633,8,  ● Blood Death Knight integration test: example log › CrimsonRuneWeapon › matches the statistic snapshot,False,0.8800,none,2026-10-03T09:58:57.318212+00:00
wowanalyzer,1648328599_5da2e7c418ba905d0b3d3fe02a7ca53d8607dac4,react-app-rewired,1,6500,a1da64aa3eb47ab9,8,  ● Blood Death Knight integration test: example log › CrimsonRuneWeapon › matches the suggestions snapshot,False,0.8900,none,2026-10-03T09:58:57.488151+00:00
wowanalyzer,1648932959_b9bd95c83f0e5cb87e4549024d52ed182b1903e1,react-app-rewired,1,284,9c825d2563d87a96,2,  ● lowRankSpells › starts empty,False,0.8500,none,2026-10-03T09:58:57.638524+00:00
wowanalyzer,1648932959_b9bd95c83f0e5cb87e4549024d52ed182b1903e1,react-app-rewired,1,298,76414ba95dbe665d,2,  ● lowRankSpells › fails on low rank spells,False,0.8500,none,2026-10-03T09:58:57.811620+00:00
wowanalyzer,1648932959_b9bd95c83f0e5cb87e4549024d52ed182b1903e1,react-app-rewired,1,312,ff5b5fc5dd5b91e1,2,  ● lowRankSpells › ignores unrelated spells,False,0.8500,none,2026-10-03T09:58:57.933782+00:00
wowanalyzer,1648932959_b9bd95c83f0e5cb87e4549024d52ed182b1903e1,react-app-rewired,1,326,12a4592858c599d2,2,  ● lowRankSpells › passes on the main spell,False,0.8500,none,2026-10-03T09:58:58.073935+00:00
wowanalyzer,1648932959_b9bd95c83f0e5cb87e4549024d52ed182b1903e1,react-app-rewired,1,340,9f0d7be282f8cad4,2,  ● lowRankSpells › ignores other player's spells,False,0.7600,none,2026-10-03T09:58:58.256471+00:00
wowanalyzer,1650171608_1a7ac8550535c70dad8e6b7697b57546de8c940f,react-app-rewired,1,3806,1f2f56c49860a282,14,  ● Shadow Priest integration test: example log › EffusiveAnimaAccelerator › matches the statistic snapshot,False,0.9000,none,2026-10-03T09:58:58.442972+00:00
wowanalyzer,1650171608_1a7ac8550535c70dad8e6b7697b57546de8c940f,react-app-rewired,1,3843,1888b8a99c998b80,14,  ● Shadow Priest integration test: example log › EffusiveAnimaAccelerator › matches the suggestions snapshot,False,0.9000,none,2026-10-03T09:58:58.583348+00:00
wowanalyzer,1650884505_ef89f21f7c09944124c3f8cc38996b50627b6a16,react-app-rewired,1,297,6dc2d9899169316e,18,  ● Survival Hunter integration test: Multi Target › ShadowgraspTotem › matches the statistic snapshot,False,0.8900,none,2026-10-03T09:58:58.711831+00:00
wowanalyzer,1650889282_7f140dc7a646025db127afeee2661d2c9d5de8a8,react-app-rewired,1,304,888a07967da9e3bc,21,  ● Unholy Death Knight integration test: example log › InscrutableQuantumDevice › matches the statistic snapshot,False,0.8900,none,2026-10-03T09:58:58.841274+00:00
wowanalyzer,1653071016_c559316941855921d88ceb98ba04488b9ed22692,react-app-rewired,1,1263,4995752722a98744,13,  ● Holy Paladin integration test: example log › EnemiesHealth › matches the statistic snapshot,False,0.8800,none,2026-10-03T09:58:58.997630+00:00
wowanalyzer,1653071016_c559316941855921d88ceb98ba04488b9ed22692,react-app-rewired,1,1303,f0f33903e34d5aa9,13,  ● Holy Paladin integration test: example log › EnemiesHealth › matches the suggestions snapshot,False,0.8900,none,2026-10-03T09:58:59.159589+00:00
wowanalyzer,1653071016_c559316941855921d88ceb98ba04488b9ed22692,react-app-rewired,1,4063,cd66bb87a44f59eb,13,  ● Holy Paladin integration test: example log › AscendedVigor › matches the statistic snapshot,False,0.9000,none,2026-10-03T09:58:59.397301+00:00
wowanalyzer,1653071016_c559316941855921d88ceb98ba04488b9ed22692,react-app-rewired,1,4103,0cec2c00c25ba6c8,13,  ● Holy Paladin integration test: example log › AscendedVigor › matches the suggestions snapshot,False,0.8900,none,2026-10-03T09:58:59.453734+00:00
wowanalyzer,1653071016_c559316941855921d88ceb98ba04488b9ed22692,react-app-rewired,1,4343,5a0198878d2450b7,13,  ● Holy Paladin integration test: example log › InscrutableQuantumDevice › matches the suggestions snapshot,False,0.8800,none,2026-10-03T09:58:59.593829+00:00
wowanalyzer,1653071016_c559316941855921d88ceb98ba04488b9ed22692,react-app-rewired,1,4503,4d4902fa2bfdd1c3,13,  ● Holy Paladin integration test: example log › ShadowgraspTotem › matches the suggestions snapshot,False,0.9000,none,2026-10-03T09:58:59.755023+00:00
wowanalyzer,1653071016_c559316941855921d88ceb98ba04488b9ed22692,react-app-rewired,1,4543,d11adef554423579,13,  ● Holy Paladin integration test: example log › SoullettingRuby › matches the statistic snapshot,False,0.8900,none,2026-10-03T09:58:59.929176+00:00
wowanalyzer,1653071016_c559316941855921d88ceb98ba04488b9ed22692,react-app-rewired,1,4583,afc5ad75d919605c,13,  ● Holy Paladin integration test: example log › SoullettingRuby › matches the suggestions snapshot,False,0.8900,none,2026-10-03T09:59:00.072434+00:00
wowanalyzer,1653071016_c559316941855921d88ceb98ba04488b9ed22692,react-app-rewired,1,4623,e623c5823c0120ff,13,  ● Holy Paladin integration test: example log › CodexOfTheFirstTechnique › matches the statistic snapshot,False,0.8900,none,2026-10-03T09:59:00.193296+00:00
wowanalyzer,1653071016_c559316941855921d88ceb98ba04488b9ed22692,react-app-rewired,1,4663,cdca92f236affb2d,13,  ● Holy Paladin integration test: example log › CodexOfTheFirstTechnique › matches the suggestions snapshot,False,0.8900,none,2026-10-03T09:59:00.356513+00:00
wowanalyzer,1653071016_c559316941855921d88ceb98ba04488b9ed22692,react-app-rewired,1,4703,5da82e306149b64f,13,  ● Holy Paladin integration test: example log › BloodSplatteredScale › matches the statistic snapshot,False,0.9000,none,2026-10-03T09:59:00.519853+00:00
wowanalyzer,1653071016_c559316941855921d88ceb98ba04488b9ed22692,react-app-rewired,1,4743,ee6d053c06c2ddaa,13,  ● Holy Paladin integration test: example log › BloodSplatteredScale › matches the suggestions snapshot,False,0.9000,none,2026-10-03T09:59:00.671257+00:00
wowanalyzer,1653071016_c559316941855921d88ceb98ba04488b9ed22692,react-app-rewired,1,7023,f59e277168f11cd7,6,  ● Holy Paladin integration test: example log › HolyPowerPerMinute › matches the statistic snapshot,False,0.8900,none,2026-10-03T09:59:00.788881+00:00
wowanalyzer,1653071016_c559316941855921d88ceb98ba04488b9ed22692,react-app-rewired,1,7063,39d9a0d7194c143e,6,  ● Holy Paladin integration test: example log › HolyPowerPerMinute › matches the suggestions snapshot,False,0.8900,none,2026-10-03T09:59:01.028658+00:00
wowanalyzer,1653071016_c559316941855921d88ceb98ba04488b9ed22692,react-app-rewired,1,7103,09fa56027b368892,6,  ● Holy Paladin integration test: example log › MaraadsCastRatio › matches the statistic snapshot,False,0.8700,none,2026-10-03T09:59:01.129570+00:00
wowanalyzer,1653071016_c559316941855921d88ceb98ba04488b9ed22692,react-app-rewired,1,7143,cc0f0e71faa1b3ac,6,  ● Holy Paladin integration test: example log › MaraadsCastRatio › matches the suggestions snapshot,False,0.8900,none,2026-10-03T09:59:01.257362+00:00
wowanalyzer,1653071016_c559316941855921d88ceb98ba04488b9ed22692,react-app-rewired,1,7183,7cd55b584af28ecd,6,  ● Holy Paladin integration test: example log › MaraadsOverheal › matches the statistic snapshot,False,0.8900,none,2026-10-03T09:59:01.394445+00:00
wowanalyzer,1653071016_c559316941855921d88ceb98ba04488b9ed22692,react-app-rewired,1,7503,6136db8cbabb14de,6,  ● Holy Paladin integration test: example log › VanquishersHammer › matches the statistic snapshot,False,0.8900,none,2026-10-03T09:59:01.674157+00:00
wowanalyzer,1653071016_c559316941855921d88ceb98ba04488b9ed22692,react-app-rewired,1,7223,1710a27660a6cad5,6,  ● Holy Paladin integration test: example log › MaraadsOverheal › matches the suggestions snapshot,False,0.8900,none,2026-10-03T09:59:01.857821+00:00
wowanalyzer,1653071016_c559316941855921d88ceb98ba04488b9ed22692,react-app-rewired,1,7543,9f9c9a8abd121a31,6,  ● Holy Paladin integration test: example log › VanquishersHammer › matches the suggestions snapshot,False,0.8800,none,2026-10-03T09:59:01.866015+00:00
wowanalyzer,1653071016_c559316941855921d88ceb98ba04488b9ed22692,react-app-rewired,1,7583,3565e49102ba9904,6,  ● Holy Paladin integration test: example log › VanquishersHammerAnalysis › matches the statistic snapshot,False,0.8800,none,2026-10-03T09:59:02.017538+00:00
wowanalyzer,1653071016_c559316941855921d88ceb98ba04488b9ed22692,react-app-rewired,1,7623,ac44a65ae3979ca6,6,  ● Holy Paladin integration test: example log › VanquishersHammerAnalysis › matches the suggestions snapshot,False,0.8900,none,2026-10-03T09:59:02.180894+00:00
wowanalyzer,1653071016_c559316941855921d88ceb98ba04488b9ed22692,react-app-rewired,1,7663,b0a185a2640c9a29,6,  ● Holy Paladin integration test: example log › UntemperedDedication › matches the statistic snapshot,False,0.8800,none,2026-10-03T09:59:02.323085+00:00
wowanalyzer,1653071016_c559316941855921d88ceb98ba04488b9ed22692,react-app-rewired,1,7703,e2dcb7b00c22da80,6,  ● Holy Paladin integration test: example log › UntemperedDedication › matches the suggestions snapshot,False,0.8900,none,2026-10-03T09:59:02.535511+00:00
wowanalyzer,1653071016_c559316941855921d88ceb98ba04488b9ed22692,react-app-rewired,1,7743,ef8a8718d92ce55e,6,  ● Holy Paladin integration test: example log › Tier28FourSet › matches the statistic snapshot,False,0.9000,none,2026-10-03T09:59:02.597815+00:00
wowanalyzer,1653071016_c559316941855921d88ceb98ba04488b9ed22692,react-app-rewired,1,7783,48bd2dfbf3110d84,6,  ● Holy Paladin integration test: example log › Tier28FourSet › matches the suggestions snapshot,False,0.8900,none,2026-10-03T09:59:02.710685+00:00
wowanalyzer,1653071016_c559316941855921d88ceb98ba04488b9ed22692,react-app-rewired,1,16970,cb07eb89fc757a8f,3,  ● Marksmanship Hunter integration test: Single Target ›  › matches the statistic snapshot,False,0.8800,none,2026-10-03T09:59:02.888360+00:00
wowanalyzer,1653071016_c559316941855921d88ceb98ba04488b9ed22692,react-app-rewired,1,17010,d3318b49fd11b8f7,3,  ● Marksmanship Hunter integration test: Single Target ›  › matches the suggestions snapshot,False,0.8700,none,2026-10-03T09:59:03.044379+00:00
wowanalyzer,1655584219_3de0458184b02afc3c512db8112909f151b7fa4b,react-app-rewired,1,5288,1610a0fa101873de,11,  ● Brewmaster Monk integration test: example log › EarthbreakersImpact › matches the statistic snapshot,False,0.8800,none,2026-10-03T09:59:03.242042+00:00
wowanalyzer,1655584219_3de0458184b02afc3c512db8112909f151b7fa4b,react-app-rewired,1,5333,7149a3e299a3de4c,11,  ● Brewmaster Monk integration test: example log › EarthbreakersImpact › matches the suggestions snapshot,False,0.8900,none,2026-10-03T09:59:03.352708+00:00
wowanalyzer,1655584219_3de0458184b02afc3c512db8112909f151b7fa4b,react-app-rewired,1,5378,04621bd5eff61969,11,  ● Brewmaster Monk integration test: example log › TheFirstSigil › matches the statistic snapshot,False,0.8900,none,2026-10-03T09:59:03.534406+00:00
wowanalyzer,1655584219_3de0458184b02afc3c512db8112909f151b7fa4b,react-app-rewired,1,5423,cf9edb2fb91b482a,11,  ● Brewmaster Monk integration test: example log › TheFirstSigil › matches the suggestions snapshot,False,0.8900,none,2026-10-03T09:59:03.679559+00:00
wowanalyzer,1655584219_3de0458184b02afc3c512db8112909f151b7fa4b,react-app-rewired,1,5918,1b32aa0712eaedef,1,  ● Brewmaster Monk integration test: example log › MysticTouch › matches the statistic snapshot,False,0.8800,none,2026-10-03T09:59:03.809913+00:00
wowanalyzer,1655584219_3de0458184b02afc3c512db8112909f151b7fa4b,react-app-rewired,1,5963,9b81e0a51bc24705,1,  ● Brewmaster Monk integration test: example log › MysticTouch › matches the suggestions snapshot,False,0.8800,none,2026-10-03T09:59:03.972088+00:00
wowanalyzer,1655584219_3de0458184b02afc3c512db8112909f151b7fa4b,react-app-rewired,1,6008,41d01591cc7912f8,1,  ● Brewmaster Monk integration test: example log › DampenHarm › matches the statistic snapshot,False,0.8900,none,2026-10-03T09:59:04.167547+00:00
wowanalyzer,1655584219_3de0458184b02afc3c512db8112909f151b7fa4b,react-app-rewired,1,6053,99bcaadc63a705f5,1,  ● Brewmaster Monk integration test: example log › DampenHarm › matches the suggestions snapshot,False,0.8900,none,2026-10-03T09:59:04.237581+00:00
wowanalyzer,1655584219_3de0458184b02afc3c512db8112909f151b7fa4b,react-app-rewired,1,7448,d454849971b1f90d,1,  ● Brewmaster Monk integration test: example log › InvokersDelight › matches the statistic snapshot,False,0.8800,none,2026-10-03T09:59:04.398646+00:00
wowanalyzer,1655584219_3de0458184b02afc3c512db8112909f151b7fa4b,react-app-rewired,1,7493,afba7ddbf1f7bdd5,1,  ● Brewmaster Monk integration test: example log › InvokersDelight › matches the suggestions snapshot,False,0.8900,none,2026-10-03T09:59:04.574116+00:00
wowanalyzer,1655584219_3de0458184b02afc3c512db8112909f151b7fa4b,react-app-rewired,1,8708,df7d4fc301cbb4e1,1,  ● Brewmaster Monk integration test: example log › PurifyingBrewProblems › matches the statistic snapshot,False,0.8900,none,2026-10-03T09:59:04.714685+00:00
wowanalyzer,1655584219_3de0458184b02afc3c512db8112909f151b7fa4b,react-app-rewired,1,8753,9cfa869211606d62,1,  ● Brewmaster Monk integration test: example log › PurifyingBrewProblems › matches the suggestions snapshot,False,0.8900,none,2026-10-03T09:59:04.920017+00:00
wowanalyzer,1659976772_c57c5e7968b8a95a38f29b3d79220033b1f06324,react-app-rewired,1,743,0fbcf36d72d689bc,9,  ● Test suite failed to run,False,0.5900,none,2026-10-03T09:59:04.998295+00:00
wowanalyzer,1660606223_171caacd9599f040a485af7838d44bd9afe48a75,react-app-rewired,1,4545,268eeada1dc0b335,10,  ● Holy Paladin integration test: example log › CacheOfAcquiredTreasures › matches the statistic snapshot,False,0.8800,none,2026-10-03T09:59:05.151533+00:00
wowanalyzer,1660606223_171caacd9599f040a485af7838d44bd9afe48a75,react-app-rewired,1,4582,ca5cfc71b94b3598,10,  ● Holy Paladin integration test: example log › CacheOfAcquiredTreasures › matches the suggestions snapshot,False,0.8800,none,2026-10-03T09:59:05.312008+00:00
wowanalyzer,1660606223_171caacd9599f040a485af7838d44bd9afe48a75,react-app-rewired,1,5951,90f1049af644d245,4,  ● Holy Paladin integration test: example log › HealingPerHolyPower › matches the statistic snapshot,False,0.8800,none,2026-10-03T09:59:05.489834+00:00
wowanalyzer,1661007545_3b81f2a8b3f294ad445abc0aeef3ddf36ef0e902,react-app-rewired,1,16882,ac5dece312209d7f,6,  ● Unholy Death Knight integration test: example log › EternalHunger › matches the statistic snapshot,False,0.8600,none,2026-10-03T09:59:05.739319+00:00
wowanalyzer,1660606223_171caacd9599f040a485af7838d44bd9afe48a75,react-app-rewired,1,5988,0ff4cf3298dee3e7,4,  ● Holy Paladin integration test: example log › HealingPerHolyPower › matches the suggestions snapshot,False,0.8800,none,2026-10-03T09:59:05.770360+00:00
wowanalyzer,1661007545_3b81f2a8b3f294ad445abc0aeef3ddf36ef0e902,react-app-rewired,1,16927,4260a3b77c2822bb,6,  ● Unholy Death Knight integration test: example log › EternalHunger › matches the suggestions snapshot,False,0.8700,none,2026-10-03T09:59:05.964424+00:00
wowanalyzer,1661007545_3b81f2a8b3f294ad445abc0aeef3ddf36ef0e902,react-app-rewired,1,26199,18425856430c006f,6,  ● Blood Death Knight integration test: example log › EndlessRuneWaltz › matches the statistic snapshot,False,0.8800,none,2026-10-03T09:59:06.083785+00:00
wowanalyzer,1661007545_3b81f2a8b3f294ad445abc0aeef3ddf36ef0e902,react-app-rewired,1,26244,7e2736632b85f17c,6,  ● Blood Death Knight integration test: example log › EndlessRuneWaltz › matches the suggestions snapshot,False,0.8600,none,2026-10-03T09:59:06.192403+00:00
wowanalyzer,1661007545_3b81f2a8b3f294ad445abc0aeef3ddf36ef0e902,react-app-rewired,1,26559,788d68f4da60af78,6,  ● Blood Death Knight integration test: example log › WitheringPlague › matches the statistic snapshot,False,0.8600,none,2026-10-03T09:59:06.366814+00:00
wowanalyzer,1661007545_3b81f2a8b3f294ad445abc0aeef3ddf36ef0e902,react-app-rewired,1,26604,e2c3d1a4d6f6f495,6,  ● Blood Death Knight integration test: example log › WitheringPlague › matches the suggestions snapshot,False,0.8600,none,2026-10-03T09:59:06.595884+00:00
wowanalyzer,1661302860_ac3cb48e482dede4a2954b3e7547428869f1df4d,react-app-rewired,1,415,a961add3264f01bd,7,  ● core/Modules/SpellUsable › custom events › a spell having a charge restored while there's still another charge recha,False,0.9300,none,2026-10-03T09:59:06.645790+00:00
wowanalyzer,1662479120_9f56ed45e958667b07a7da66ac596a21c92b65b0,react-app-rewired,1,258,282317fffe84be5d,3,  ● Test suite failed to run,False,0.5400,module_resolution,2026-10-03T09:59:06.879406+00:00
wowanalyzer,1662479120_9f56ed45e958667b07a7da66ac596a21c92b65b0,react-app-rewired,1,272,86ffc6c1cadff2da,123,  ● Test suite failed to run,False,0.5800,module_resolution,2026-10-03T09:59:07.049240+00:00
wowanalyzer,1662479120_9f56ed45e958667b07a7da66ac596a21c92b65b0,react-app-rewired,1,287,cc5c6b8aa7719f56,124,  ● Test suite failed to run,False,0.6400,module_resolution,2026-10-03T09:59:07.102471+00:00
wowanalyzer,1662479120_9f56ed45e958667b07a7da66ac596a21c92b65b0,react-app-rewired,1,301,b0093b63116705d3,124,  ● Test suite failed to run,False,0.5200,module_resolution,2026-10-03T09:59:07.238487+00:00
wowanalyzer,1662479120_9f56ed45e958667b07a7da66ac596a21c92b65b0,react-app-rewired,1,318,fe455dd66e9b69e1,123,  ● Test suite failed to run,False,0.5700,module_resolution,2026-10-03T09:59:07.386881+00:00
wowanalyzer,1662479120_9f56ed45e958667b07a7da66ac596a21c92b65b0,react-app-rewired,1,333,62361aeabea25c24,4,  ● Test suite failed to run,False,0.6800,module_resolution,2026-10-03T09:59:07.583898+00:00
wowanalyzer,1662479120_9f56ed45e958667b07a7da66ac596a21c92b65b0,react-app-rewired,1,350,0e8f5dd46b1fa8f6,124,  ● Test suite failed to run,False,0.7100,none,2026-10-03T09:59:07.717881+00:00
wowanalyzer,1663098940_e95db314189d2302eb977f9a641f0005fcbdce01,react-app-rewired,1,312,69b971fca44b2a9e,13,  ● Test suite failed to run,False,0.8600,none,2026-10-03T09:59:07.976774+00:00
wowanalyzer,1662757369_b6f7418b0bd2f52d75e8e067beb0952d19238a50,react-app-rewired,1,340,a30a6e355311900b,1,  ● Rushing Jade Wind › should be active for a user with the talent,False,0.8600,none,2026-10-03T09:59:08.018133+00:00
wowanalyzer,1664890594_18d178c9c5e81d404d486438370e5a1324b33a94,react-app-rewired,1,261,ca3f4f264323e800,7,  ● Test suite failed to run,False,0.8800,none,2026-10-03T09:59:08.166633+00:00
wowanalyzer,1665332139_965131c7e868b8acf3a56866765d34847ca7273f,react-app-rewired,1,377,504516efa1e0b51e,123,  ● Test suite failed to run,False,0.6300,none,2026-10-03T09:59:08.333033+00:00
wowanalyzer,1665332139_965131c7e868b8acf3a56866765d34847ca7273f,react-app-rewired,1,561,8b4d2c9541be639c,122,  ● Test suite failed to run,False,0.7700,none,2026-10-03T09:59:08.509882+00:00
wowanalyzer,1672352959_ef485df09e5fd5088b80d4850be055d2a64cea58,react-app-rewired,1,393,d84582b43b728c96,3,  ● Test suite failed to run,False,0.6400,none,2026-10-03T09:59:08.623062+00:00
wowanalyzer,1672352959_ef485df09e5fd5088b80d4850be055d2a64cea58,react-app-rewired,1,637,6ca50f5ac411e06d,3,  ● Test suite failed to run,False,0.6500,none,2026-10-03T09:59:08.777076+00:00
wowanalyzer,1673987601_460aba00b5d7225d732289aa91332c05c2ba035e,react-app-rewired,1,348,53da76755786809d,11,  ● Test suite failed to run,False,0.6500,runner_env_config,2026-10-03T09:59:08.905684+00:00
wowanalyzer,1675120009_34e4e183b1082679137469b119d0aa4b541074e9,react-app-rewired,1,276,ec71a59d6273f53c,9,  ● Brewmaster.Stagger › total amount of stagger taken with no events,False,0.8900,none,2026-10-03T09:59:09.036135+00:00
wowanalyzer,1675120009_34e4e183b1082679137469b119d0aa4b541074e9,react-app-rewired,1,292,cac3c06000eafb0b,9,  ● Brewmaster.Stagger › total amount of stagger taken with no stagger,False,0.9000,none,2026-10-03T09:59:09.220070+00:00
wowanalyzer,1675120009_34e4e183b1082679137469b119d0aa4b541074e9,react-app-rewired,1,308,86009617de050224,9,  ● Brewmaster.Stagger › total amount of stagger damage taken,False,0.9000,none,2026-10-03T09:59:09.335519+00:00
wowanalyzer,1675120009_34e4e183b1082679137469b119d0aa4b541074e9,react-app-rewired,1,324,52d34c49360c13dd,9,"  ● Brewmaster.Stagger › track how much damage in total is absorbed by stagger, with no stagger absorbs",False,0.9000,none,2026-10-03T09:59:09.475240+00:00
wowanalyzer,1675120009_34e4e183b1082679137469b119d0aa4b541074e9,react-app-rewired,1,340,b51a535b45b33074,9,  ● Brewmaster.Stagger › track how much damage in total is absorbed by stagger,False,0.8900,none,2026-10-03T09:59:09.643231+00:00
wowanalyzer,1675120009_34e4e183b1082679137469b119d0aa4b541074e9,react-app-rewired,1,356,52b29dc64da8cf7c,9,  ● Brewmaster.Stagger › track how much physical damage was staggered,False,0.8900,none,2026-10-03T09:59:09.863687+00:00
wowanalyzer,1675120009_34e4e183b1082679137469b119d0aa4b541074e9,react-app-rewired,1,372,61b144ce30211b1e,9,  ● Brewmaster.Stagger › track how much magical damage was staggered,False,0.8900,none,2026-10-03T09:59:10.105894+00:00
wowanalyzer,1675120009_34e4e183b1082679137469b119d0aa4b541074e9,react-app-rewired,1,388,9e3fb7685552a563,9,  ● Brewmaster.Stagger › Tracks the amount of stagger missing from the fight,False,0.9000,none,2026-10-03T09:59:10.232414+00:00
wowanalyzer,1680812993_c8fe3cafb079fd101ead8030fc9a12383b177dba,react-app-rewired,1,296,0436c32a061ddaab,16,  ● App › renders without crashing,False,0.8700,none,2026-10-03T09:59:10.240115+00:00
wowanalyzer,1680812993_c8fe3cafb079fd101ead8030fc9a12383b177dba,react-app-rewired,1,412,eb5e284b018d19d3,1,                TypeError: Cannot read properties of undefined (reading 'id'),False,0.8900,none,2026-10-03T09:59:10.430925+00:00
wowanalyzer,1683314752_a05613550a76f998b6509c0c151a12cde9ad393c,react-app-rewired,1,261,c57547bd97203549,3,  ● Basic APL Check › Perfect Play › should have a complete list of successes,False,0.8900,none,2026-10-03T09:59:10.521604+00:00
wowanalyzer,1683314752_a05613550a76f998b6509c0c151a12cde9ad393c,react-app-rewired,1,330,ed3a4d4f06360cfa,3,  ● Basic APL Check › Extra Filler Cast › should have identity equality on the cast event,False,0.8800,none,2026-10-03T09:59:10.670237+00:00
wowanalyzer,1683314752_a05613550a76f998b6509c0c151a12cde9ad393c,react-app-rewired,1,344,8d333a7204d6eba7,3,  ● Basic APL Check › Many Extra Filler Casts › should report a violation for each extra filler cast,False,0.8900,none,2026-10-03T09:59:10.856307+00:00
wowanalyzer,1683586067_d1ece37dce78ee63d5234811c6412540dd98eab3,react-app-rewired,1,412,08d11eca12b7f82a,2,                TypeError: Cannot read properties of undefined (reading 'nickname'),False,0.9100,none,2026-10-03T09:59:10.981036+00:00
wowanalyzer,1686063048_7a72314f38f662bfd299cbe6a6eea681dc236caa,react-app-rewired,1,412,40d6eccb045fd01b,1,                TypeError: Cannot read properties of undefined (reading 'id'),False,0.8900,none,2026-10-03T09:59:11.157022+00:00
wowanalyzer,1686763771_3046606c6c4e6a8b0caaf9da1afede58068ebbc4,react-app-rewired,1,429,45089dd529174fe8,2,                TypeError: window.gtag is not a function,False,0.7800,runner_env_config,2026-10-03T09:59:11.333004+00:00
wowanalyzer,1687100786_92b655feac37ac4300b12c5dcad87b725bf6c77b,react-app-rewired,1,257,d17abc57d5b30643,6,  ● stats › scales secondary stat correctly,False,0.9200,none,2026-10-03T09:59:11.468643+00:00
wowanalyzer,1687100786_92b655feac37ac4300b12c5dcad87b725bf6c77b,react-app-rewired,1,271,74f5d21b1cec4bd4,8,  ● stats › scales secondary stat for Jewelry correctly,False,0.9200,none,2026-10-03T09:59:11.611890+00:00
wowanalyzer,1687104521_e02002c8edcf1581736e60921a3c016638406f59,react-app-rewired,1,261,62c37fe1ca66a30e,1,  ● stats › scales primary stat correctly,False,0.8900,none,2026-10-03T09:59:11.768442+00:00
wowanalyzer,1687813384_077f4587618ebad2d63544635cfecf16baece14b,react-app-rewired,1,511,a595501754570a56,5,"                TypeError: (0 , _react2.useLingui) is not a function",False,0.7700,none,2026-10-03T09:59:11.959284+00:00
wowanalyzer,1691711201_00e6ae2d7dabb5c8d13082e7a64959c272037f54,react-app-rewired,1,864,43350769d4ffbfef,5,  ● core/Modules/SpellUsable › public API › cooldownRemaining on a spell not on cooldown returns 0,False,0.8900,none,2026-10-03T09:59:12.057112+00:00
wowanalyzer,1691711201_00e6ae2d7dabb5c8d13082e7a64959c272037f54,react-app-rewired,1,1048,46df257012d30efd,5,"  ● core/Modules/SpellUsable › Haste scaling cooldowns › CDRs are applied at the current haste, cooldown scales based on",False,0.8700,none,2026-10-03T09:59:12.290479+00:00
wowanalyzer,1691711201_00e6ae2d7dabb5c8d13082e7a64959c272037f54,react-app-rewired,1,1104,f3618e6768801ea9,4,  ● Shaman/Restoration/Modules/Spells/HealingRain › can detect ticks,False,0.8500,none,2026-10-03T09:59:12.353129+00:00
wowanalyzer,1692657827_3d72574815f1d4d5924f28f99af6fa7423b42f57,react-app-rewired,1,488,cab5b6bb30acbc47,1,              TypeError: Cannot read properties of undefined (reading 'nickname'),False,0.9200,none,2026-10-03T09:59:12.504996+00:00
wowanalyzer,1694900656_fb294fdab5d167743d114e95542bfc895c5b7265,react-app-rewired,1,610,ae899bd2e303cc12,1,  ● Test suite failed to run,True,0.6300,node_runtime_syntax,2026-10-03T09:59:12.639239+00:00
wowanalyzer,1694900656_fb294fdab5d167743d114e95542bfc895c5b7265,react-app-rewired,1,1354,23fa34ba82832984,1,  ● Test suite failed to run,True,0.5700,node_runtime_syntax,2026-10-03T09:59:12.824742+00:00
wowanalyzer,1695255444_9ccf3ad7b9a8e9b8aab7f5a98d50899c5972e42f,react-app-rewired,1,1264,ce5829ff99295677,2,  ● Brewmaster/HealingDone › healing done with no events,False,0.9100,none,2026-10-03T09:59:12.934820+00:00
wowanalyzer,1695255444_9ccf3ad7b9a8e9b8aab7f5a98d50899c5972e42f,react-app-rewired,1,1306,7135352326f954d1,2,  ● Brewmaster/HealingDone › healing done with only non-stagger absorbs,False,0.8900,none,2026-10-03T09:59:13.246462+00:00
wowanalyzer,1695255444_9ccf3ad7b9a8e9b8aab7f5a98d50899c5972e42f,react-app-rewired,1,1327,8e76ec5c109453f5,2,  ● Brewmaster/HealingDone › healing done with only stagger absorbs,False,0.8900,none,2026-10-03T09:59:13.381336+00:00
wowanalyzer,1695255444_9ccf3ad7b9a8e9b8aab7f5a98d50899c5972e42f,react-app-rewired,1,1348,ca1d21f6fd7b433e,2,  ● Brewmaster/HealingDone › healing done with only boss damage,False,0.9000,none,2026-10-03T09:59:13.543758+00:00
wowanalyzer,1695255444_9ccf3ad7b9a8e9b8aab7f5a98d50899c5972e42f,react-app-rewired,1,1369,e69d8aa2f2e1d168,2,  ● Brewmaster/HealingDone › healing done with boss damage and stagger absorbs,False,0.8900,none,2026-10-03T09:59:13.847381+00:00
wowanalyzer,1695255444_9ccf3ad7b9a8e9b8aab7f5a98d50899c5972e42f,react-app-rewired,1,1285,60953e2744e41064,2,  ● Brewmaster/HealingDone › healing done with only healing events,False,0.9000,none,2026-10-03T09:59:13.915296+00:00
wowanalyzer,1695255444_9ccf3ad7b9a8e9b8aab7f5a98d50899c5972e42f,react-app-rewired,1,1390,9efa249835a9808e,2,  ● Brewmaster/HealingDone › healing done with only stagger dot,False,0.8900,none,2026-10-03T09:59:13.941418+00:00
wowanalyzer,1695255444_9ccf3ad7b9a8e9b8aab7f5a98d50899c5972e42f,react-app-rewired,1,1411,3ea9f88268cfdf79,2,  ● Brewmaster/HealingDone › healing done taken for the fight,False,0.8700,none,2026-10-03T09:59:13.978641+00:00
wowanalyzer,1695255444_9ccf3ad7b9a8e9b8aab7f5a98d50899c5972e42f,react-app-rewired,1,1605,fc9bb35e205787c4,2,  ● Brewmaster/DamageTaken › damage taken with no events,False,0.9000,none,2026-10-03T09:59:14.175307+00:00
wowanalyzer,1695255444_9ccf3ad7b9a8e9b8aab7f5a98d50899c5972e42f,react-app-rewired,1,1626,45f417964c33ff70,2,  ● Brewmaster/DamageTaken › damage taken with only healing events,False,0.9000,none,2026-10-03T09:59:14.348835+00:00
wowanalyzer,1695255444_9ccf3ad7b9a8e9b8aab7f5a98d50899c5972e42f,react-app-rewired,1,1647,07530b3907a66972,2,  ● Brewmaster/DamageTaken › damage taken with only non-stagger absorbs,False,0.8900,none,2026-10-03T09:59:14.456964+00:00
wowanalyzer,1695255444_9ccf3ad7b9a8e9b8aab7f5a98d50899c5972e42f,react-app-rewired,1,1668,55c0df9b4fa46b07,2,  ● Brewmaster/DamageTaken › damage taken with only stagger absorbs,False,0.8800,none,2026-10-03T09:59:14.602228+00:00
wowanalyzer,1695255444_9ccf3ad7b9a8e9b8aab7f5a98d50899c5972e42f,react-app-rewired,1,1689,ac08867346c91675,2,  ● Brewmaster/DamageTaken › damage taken with only boss damage,False,0.9000,none,2026-10-03T09:59:14.814645+00:00
wowanalyzer,1695255444_9ccf3ad7b9a8e9b8aab7f5a98d50899c5972e42f,react-app-rewired,1,1710,79b3bcf86af4d3d7,2,  ● Brewmaster/DamageTaken › damage taken with boss damage and stagger absorbs,False,0.8900,none,2026-10-03T09:59:14.878833+00:00
wowanalyzer,1695255444_9ccf3ad7b9a8e9b8aab7f5a98d50899c5972e42f,react-app-rewired,1,1731,30070b6869858983,2,  ● Brewmaster/DamageTaken › damage taken with only stagger dot,False,0.8800,none,2026-10-03T09:59:15.016628+00:00
wowanalyzer,1695255444_9ccf3ad7b9a8e9b8aab7f5a98d50899c5972e42f,react-app-rewired,1,1752,54220ab502298984,2,  ● Brewmaster/DamageTaken › total damage taken for the fight,False,0.8900,none,2026-10-03T09:59:15.178862+00:00
wowanalyzer,1701052826_90d92d4d4f2619fe3e75796bdec4886b458fcf50,react-app-rewired,1,371,d368f2937b1b838b,1,  ● Test suite failed to run,False,0.6800,none,2026-10-03T09:59:15.350626+00:00
wowanalyzer,1701052826_90d92d4d4f2619fe3e75796bdec4886b458fcf50,react-app-rewired,1,396,49fcbf33a7deb069,1,  ● Test suite failed to run,False,0.7200,module_resolution,2026-10-03T09:59:15.524135+00:00
wowanalyzer,1701052826_90d92d4d4f2619fe3e75796bdec4886b458fcf50,react-app-rewired,1,423,fc22acfa59a7852f,1,  ● Test suite failed to run,False,0.7500,none,2026-10-03T09:59:15.688644+00:00
wowanalyzer,1701052826_90d92d4d4f2619fe3e75796bdec4886b458fcf50,react-app-rewired,1,477,1a49f2ca37229d62,1,  ● Test suite failed to run,False,0.6700,none,2026-10-03T09:59:15.813765+00:00
wowanalyzer,1701052826_90d92d4d4f2619fe3e75796bdec4886b458fcf50,react-app-rewired,1,504,5af53fcef5a56fa5,1,  ● Test suite failed to run,False,0.7000,none,2026-10-03T09:59:15.920761+00:00
wowanalyzer,1701052826_90d92d4d4f2619fe3e75796bdec4886b458fcf50,react-app-rewired,1,531,91279dea11929f09,1,  ● Test suite failed to run,False,0.7300,none,2026-10-03T09:59:16.109137+00:00
wowanalyzer,1701052826_90d92d4d4f2619fe3e75796bdec4886b458fcf50,react-app-rewired,1,585,4c0847eefa3914ef,1,  ● Test suite failed to run,False,0.6900,none,2026-10-03T09:59:16.234376+00:00
wowanalyzer,1701052826_90d92d4d4f2619fe3e75796bdec4886b458fcf50,react-app-rewired,1,612,73537b6750448b88,1,  ● Test suite failed to run,False,0.6800,none,2026-10-03T09:59:16.382021+00:00
wowanalyzer,1701052826_90d92d4d4f2619fe3e75796bdec4886b458fcf50,react-app-rewired,1,639,45bb7b6edafe4a0a,1,  ● Test suite failed to run,False,0.6800,none,2026-10-03T09:59:16.566706+00:00
wowanalyzer,1701052826_90d92d4d4f2619fe3e75796bdec4886b458fcf50,react-app-rewired,1,666,bcc9c92711e77c86,1,  ● Test suite failed to run,False,0.6900,none,2026-10-03T09:59:16.667272+00:00
wowanalyzer,1701052826_90d92d4d4f2619fe3e75796bdec4886b458fcf50,react-app-rewired,1,693,262311be09ba7431,1,  ● Test suite failed to run,False,0.6800,none,2026-10-03T09:59:16.897560+00:00
wowanalyzer,1701052826_90d92d4d4f2619fe3e75796bdec4886b458fcf50,react-app-rewired,1,720,86e6bb2259f02e0a,1,  ● Test suite failed to run,False,0.7100,module_resolution,2026-10-03T09:59:16.996383+00:00
wowanalyzer,1718035812_1a68eb3c9c7d26ed811928474738b35554f9f8b6,vitest,1,512,78b2ae7f987a59cc,1,TypeError: Cannot read properties of undefined (reading 'id'),False,0.8700,none,2026-10-03T09:59:17.187334+00:00
wowanalyzer,1718035812_1a68eb3c9c7d26ed811928474738b35554f9f8b6,vitest,1,528,c44cf276dcde784c,2,TypeError: Cannot read properties of undefined (reading 'entryIds'),False,0.9100,none,2026-10-03T09:59:17.278720+00:00
wowanalyzer,1761417490_9d3323c4e4c4de5558965cc235d17b4d449147ce,vitest,1,618,bf45f31b3ea9f2f1,2,TypeError: Cannot read properties of undefined (reading 'Regular'),False,0.8800,none,2026-10-03T09:59:17.417029+00:00
wowanalyzer,1762356836_c4d219fc7edc012ed2c00c4d444e8f880a419e32,vitest,1,736,615564b7c420b033,2,TypeError: Cannot read properties of undefined (reading 'id'),False,0.8900,none,2026-10-03T09:59:17.600802+00:00
