project,run_id,suite,exit_code,failure_index,line_number,keyword,label,labeled_at,fingerprint,occurrences,auto_rule_id
apollo-client,1612898515_a08cb7372af917cd5cedf221bd781bd925874cc5,src_unit,1,1,1545,  ● Query component › should not persist previous result errors when a subsequent valid result is received,acceptable,2026-09-07T08:04:23.171113+00:00,45da62a5ba17ed08,21,7302e05056e0
apollo-client,1612898515_a08cb7372af917cd5cedf221bd781bd925874cc5,src_unit,1,2,1962,  ● [queries] loading › correctly sets loading state on remounted network-only query,acceptable,2026-09-07T08:04:23.171671+00:00,7172b33c70c8507b,5,7302e05056e0
apollo-client,1616529854_1572c95eee1b89bb4338782797bc4a00c12106c4,src_unit,1,3,844,  ● optimistic mutation results › optimistic updates using `update` › final update ignores optimistic data,acceptable,2026-09-07T08:04:23.172792+00:00,300d3e1cef76d75a,2,3b48c956d8c7
apollo-client,1616529854_1572c95eee1b89bb4338782797bc4a00c12106c4,src_unit,1,4,2744,  ● optimistic mutation results › optimistic updates using `update` › final update ignores optimistic data,acceptable,2026-09-07T08:04:23.173097+00:00,605a21cb3ce4ff99,2,3b48c956d8c7
apollo-client,1616529854_87d52610ad47ebad25bc948318de7a5749278e2c,src_unit,1,5,991,  ● EntityStore › gracefully handles eviction amid optimistic updates,acceptable,2026-09-07T08:04:23.173344+00:00,a7b22b133144301c,1,3b48c956d8c7
apollo-client,1617639526_22ee1b10eeed1ebb84e74cc430574ba990e5293b,src_unit,1,6,1793,  ● useSubscription Hook › should handle immediate completions with multiple subscriptions gracefully,acceptable,2026-09-07T08:08:03.869572+00:00,e38c7d3827216030,2,
apollo-client,1619204319_8e1cf16207e0c7f737b7c3b842b42e07d481b0d9,src_unit,1,7,2369,  ● useReactiveVar Hook › useEffect › works with multiple synchronous calls,acceptable,2026-09-07T08:08:03.870686+00:00,fbc1d76fe931695b,1,d5414eddad83
apollo-client,1619204319_8e1cf16207e0c7f737b7c3b842b42e07d481b0d9,src_unit,1,8,2666,  ● useReactiveVar Hook › useEffect › works with multiple synchronous calls,acceptable,2026-09-07T08:08:03.870956+00:00,a87265ccec40e7cf,2,d5414eddad83
apollo-client,1621013786_897e36eeb225ef530fd514f000b35be770e08427,src_unit,1,9,1222,  ● writing to the store › properly normalizes a query with variables,acceptable,2026-09-07T08:08:03.871205+00:00,d9ac4c6c02d916c7,1,3b48c956d8c7
apollo-client,1621013786_897e36eeb225ef530fd514f000b35be770e08427,src_unit,1,10,1250,  ● writing to the store › properly normalizes a query with default values,acceptable,2026-09-07T08:08:03.871442+00:00,90fc49690d178e7a,1,3b48c956d8c7
apollo-client,1621013786_897e36eeb225ef530fd514f000b35be770e08427,src_unit,1,11,1278,  ● writing to the store › properly normalizes a mutation with object or array parameters and variables,acceptable,2026-09-07T08:08:03.871677+00:00,e2b37f70e2b9b289,1,3b48c956d8c7
apollo-client,1621013786_897e36eeb225ef530fd514f000b35be770e08427,src_unit,1,12,1392,  ● reading from the store › runs a basic query with arguments,acceptable,2026-09-07T08:08:18.625565+00:00,e930768dfbd53716,1,
apollo-client,1621013786_897e36eeb225ef530fd514f000b35be770e08427,src_unit,1,13,1426,  ● reading from the store › runs a basic query with default values for arguments,acceptable,2026-09-07T08:08:27.693353+00:00,be1639a62129ff4e,1,78f20ed9694c
apollo-client,1621013786_897e36eeb225ef530fd514f000b35be770e08427,src_unit,1,14,2956,  ● getStoreKeyName › should return a deterministic version of the store key name no matter which order the args object properties are in,acceptable,2026-09-07T08:08:27.693796+00:00,f0a77a1741b02e4a,1,3b48c956d8c7
apollo-client,1621370388_3936f04842eb9b57fcda4cead477ecb336e19181,src_unit,1,15,785,  ● QueryManager › refetchQueries › should not warn and continue when an unknown query name is asked to refetch,acceptable,2026-09-07T08:08:27.694198+00:00,3dcc6de11abbb1b1,10,7302e05056e0
apollo-client,1621370388_3936f04842eb9b57fcda4cead477ecb336e19181,src_unit,1,16,803,  ● QueryManager › refetchQueries › should ignore without warning a query name that is asked to refetch with no active subscriptions,acceptable,2026-09-07T08:08:27.694605+00:00,d8165513619e613a,4,7302e05056e0
apollo-client,1621370388_3936f04842eb9b57fcda4cead477ecb336e19181,src_unit,1,17,820,  ● QueryManager › refetchQueries › also works with a query document and variables,acceptable,2026-09-07T08:08:27.695095+00:00,1850fb27b91418b4,5,0302427b54f5
apollo-client,1621370388_3936f04842eb9b57fcda4cead477ecb336e19181,src_unit,1,18,843,  ● QueryManager › refetchQueries › also works with a conditional function that returns an array of refetches,acceptable,2026-09-07T08:08:27.695570+00:00,a5028757f5bc8c74,5,0302427b54f5
apollo-client,1621370388_3936f04842eb9b57fcda4cead477ecb336e19181,src_unit,1,19,866,"  ● QueryManager › refetchQueries › should refetch using the specified context, if provided",acceptable,2026-09-07T08:08:27.696013+00:00,a0231b69cc20d163,5,0302427b54f5
apollo-client,1621370388_3936f04842eb9b57fcda4cead477ecb336e19181,src_unit,1,20,1513,  ● General Mutation testing › allows a refetchQueries prop as string and variables have updated,acceptable,2026-09-07T08:08:27.696341+00:00,1d8d785d9eca0aa0,20,0302427b54f5
apollo-client,1621370388_3936f04842eb9b57fcda4cead477ecb336e19181,src_unit,1,21,1536,  ● General Mutation testing › allows refetchQueries to be passed to the mutate function,acceptable,2026-09-07T08:08:27.696658+00:00,9f41caf7ec2c5bce,18,0302427b54f5
apollo-client,1621370388_3936f04842eb9b57fcda4cead477ecb336e19181,src_unit,1,22,2331,  ● graphql(mutation) update queries › will run `refetchQueries` for a recycled queries,acceptable,2026-09-07T08:08:27.696984+00:00,ede3f816a4d930ff,6,0302427b54f5
apollo-client,1621370388_55bc6bede21c57b1f9265f1287ac762fcfd8c7b8,src_unit,1,23,785,  ● QueryManager › refetching specified queries › returns a promise resolving when all queries have been refetched,acceptable,2026-09-07T08:08:27.697290+00:00,638f8e33f4a356e9,3,3b48c956d8c7
apollo-client,1621370388_55bc6bede21c57b1f9265f1287ac762fcfd8c7b8,src_unit,1,24,1789,  ● General Mutation testing › allows a refetchQueries prop,acceptable,2026-09-07T08:08:27.697607+00:00,e73aaf7eafa1b408,39,0302427b54f5
apollo-client,1621370389_01b13c70b7092c50fd402a23bfd98f29302012c7,src_unit,1,25,2010,  ● client.refetchQueries › can return true from onQueryUpdated when using options.updateCache,acceptable,2026-09-07T08:08:27.697912+00:00,be1c90583bc2de9e,3,7302e05056e0
apollo-client,1622039370_aeaeedcc7b552b350663153ddf0182980e102357,src_unit,1,26,1941,  ● no-cache › does not update the cache on a mutation,acceptable,2026-09-07T08:08:27.698242+00:00,b65b72e6dd135da0,1,3b48c956d8c7
apollo-client,1622666613_e673f8b78e30bb2fd78c3bc66fb2ee8a487ac5b9,src_unit,1,27,726,  ● QueryManager › refetchQueries › should ignore (with warning) a query named in refetchQueries that has no active subscriptions,acceptable,2026-09-07T08:08:27.698590+00:00,76dd7b12f7d8d256,1,a188c70daff8
apollo-client,1622681479_f7392140e64cc6d594cd28be65c7c58bcafa9705,src_unit,1,28,1093,  ● useQuery Hook › Polling › should start polling when skip goes from true to false,acceptable,2026-09-07T08:08:27.698920+00:00,3572d164360a3eae,1,7302e05056e0
apollo-client,1623959614_666ed72554cdd17524f2ec7c5460a724067d059b,src_unit,1,29,1968,  ● happy path › memoizes between requests,acceptable,2026-09-07T08:08:50.948038+00:00,6c72e5c5d24a01c1,17,
apollo-client,1624387634_d11ea159d66d73e99b1f51f15792372ca1a1b1cb,src_unit,1,30,969,  ● client › should warn if server returns wrong data,acceptable,2026-09-07T08:08:50.949303+00:00,a9eb7fbce122f088,3,979a71ca11ef
apollo-client,1624387634_d11ea159d66d73e99b1f51f15792372ca1a1b1cb,src_unit,1,31,1910,  ● writing to the store › writeResultToStore shape checking › should warn when it receives the wrong data with non-union fragments,acceptable,2026-09-07T08:08:50.949739+00:00,5c5405fe7567a4be,2,b3c0cec5ba84
apollo-client,1624387634_d11ea159d66d73e99b1f51f15792372ca1a1b1cb,src_unit,1,32,1928,  ● writing to the store › writeResultToStore shape checking › should warn when it receives the wrong data inside a fragment,acceptable,2026-09-07T08:08:50.950177+00:00,dcb4f9e04e0b542e,2,b3c0cec5ba84
apollo-client,1624387634_d11ea159d66d73e99b1f51f15792372ca1a1b1cb,src_unit,1,33,1946,  ● writing to the store › writeResultToStore shape checking › should warn if a result is missing __typename when required,acceptable,2026-09-07T08:08:50.950594+00:00,549890743fb97b98,2,b3c0cec5ba84
apollo-client,1624387634_d11ea159d66d73e99b1f51f15792372ca1a1b1cb,src_unit,1,34,2182,  ● ApolloClient › writeQuery › should warn when the data provided does not match the query shape,acceptable,2026-09-07T08:08:50.951025+00:00,bcce47f987503679,2,b3c0cec5ba84
apollo-client,1624387634_d11ea159d66d73e99b1f51f15792372ca1a1b1cb,src_unit,1,35,2200,  ● ApolloClient › writeFragment › should warn when the data provided does not match the fragment shape,acceptable,2026-09-07T08:08:50.951463+00:00,dc382d50d13ca9fc,2,b3c0cec5ba84
apollo-client,1624387634_d11ea159d66d73e99b1f51f15792372ca1a1b1cb,src_unit,1,36,2411,  ● mutation results › should warn when the result fields don't match the query fields,acceptable,2026-09-07T08:08:50.951939+00:00,09a33f56dff47dc0,3,979a71ca11ef
apollo-client,1624387634_d11ea159d66d73e99b1f51f15792372ca1a1b1cb,src_unit,1,37,3634,  ● roundtrip › fragments › should throw an error on two of the same inline fragment types,acceptable,2026-09-07T08:08:50.952413+00:00,0f1e58a8bf0f8031,2,b3c0cec5ba84
apollo-client,1624387634_d11ea159d66d73e99b1f51f15792372ca1a1b1cb,src_unit,1,38,3691,  ● roundtrip › fragments › should throw on error on two of the same spread fragment types,acceptable,2026-09-07T08:08:50.952896+00:00,0daaf0f3dd96581e,2,b3c0cec5ba84
apollo-client,1624387634_d11ea159d66d73e99b1f51f15792372ca1a1b1cb,src_unit,1,39,4543,  ● writing to the store › writeResultToStore shape checking › should warn when it receives the wrong data with non-union fragments,acceptable,2026-09-07T08:08:50.953369+00:00,0c534ffcc11c6bc2,2,b3c0cec5ba84
apollo-client,1624387634_d11ea159d66d73e99b1f51f15792372ca1a1b1cb,src_unit,1,40,4651,  ● roundtrip › fragments › should throw an error on two of the same inline fragment types,acceptable,2026-09-07T08:08:50.953811+00:00,f9e6ed22ab7c259c,2,b3c0cec5ba84
apollo-client,1624461173_13301dfc83d865b27f0c19842a3c360b95535f15,src_unit,1,41,531,  ● @connection › default settings › allows setting nextFetchPolicy in defaultOptions,acceptable,2026-09-07T08:08:50.954232+00:00,b6be9a01ae900976,3,7302e05056e0
apollo-client,1624461173_13301dfc83d865b27f0c19842a3c360b95535f15,src_unit,1,42,736,  ● ObservableQuery › refetch › cache-and-network refetch should run @client(always: true) resolvers when network request fails,acceptable,2026-09-07T08:08:50.954637+00:00,e9ba38115c07be01,3,3b48c956d8c7
apollo-client,1624461173_13301dfc83d865b27f0c19842a3c360b95535f15,src_unit,1,43,2887,  ● @connection › default settings › allows setting nextFetchPolicy in defaultOptions,acceptable,2026-09-07T08:08:50.955057+00:00,0c485091d355139c,3,7302e05056e0
apollo-client,1624461173_43d64356e656c42bd28523394e07c1c0584aa4b2,src_unit,1,44,2554,  ● Query component › props allow › onCompleted with data,acceptable,2026-09-07T08:08:50.955461+00:00,71fd437476b6ed9e,2,3b48c956d8c7
apollo-client,1624461173_43d64356e656c42bd28523394e07c1c0584aa4b2,src_unit,1,45,2604,  ● Query component › should update › with data while loading,acceptable,2026-09-07T08:08:50.955874+00:00,1436ed872db6f7f0,12,7302e05056e0
apollo-client,1624461173_43d64356e656c42bd28523394e07c1c0584aa4b2,src_unit,1,46,2649,  ● Query component › should update › should update if a manual `refetch` is triggered after a state change,acceptable,2026-09-07T08:08:50.956290+00:00,e290e05d8ebaa4ba,10,7302e05056e0
apollo-client,1624461173_43d64356e656c42bd28523394e07c1c0584aa4b2,src_unit,1,47,2725,  ● Query component › should support mixing setState and onCompleted,acceptable,2026-09-07T08:08:50.956751+00:00,8d14f183c2763b3d,10,b0f49ea42274
apollo-client,1624461173_43d64356e656c42bd28523394e07c1c0584aa4b2,src_unit,1,48,2769,  ● Query component › should not repeatedly call onError if setState in it,acceptable,2026-09-07T08:08:50.957202+00:00,6747c98b0b8ce358,26,7302e05056e0
apollo-client,1624461173_43d64356e656c42bd28523394e07c1c0584aa4b2,src_unit,1,49,3015,  ● [queries] skip › allows you to skip then unskip a query with opts syntax,acceptable,2026-09-07T08:08:50.957628+00:00,ce9a1dcdda133c9e,17,7302e05056e0
apollo-client,1624461173_43d64356e656c42bd28523394e07c1c0584aa4b2,src_unit,1,50,3434,  ● graphql(mutation) query integration › allows for updating queries from a mutation automatically,acceptable,2026-09-07T08:08:50.958071+00:00,d9becda7149f9178,4,7302e05056e0
apollo-client,1624461173_56ac597a1d88ae4705f9dca1f95204b5de7ff36a,src_unit,1,51,938,  ● useQuery Hook › Previous data › should persist result.previousData across multiple results,acceptable,2026-09-07T08:08:50.958506+00:00,2e68b795bcaeb98d,4,7302e05056e0
apollo-client,1624461173_56ac597a1d88ae4705f9dca1f95204b5de7ff36a,src_unit,1,52,1332,  ● mutation results › does not fail if one of the previous queries did not complete correctly,acceptable,2026-09-07T08:08:50.958962+00:00,f4d84c2b44ae616d,3,3b48c956d8c7
apollo-client,1624461173_d76c5a719244f0014867244ab09ebb0371017200,src_unit,1,53,736,  ● ObservableQuery › refetch › calls fetchRequest with fetchPolicy `no-cache` when using `no-cache` fetch policy,acceptable,2026-09-07T08:08:50.959411+00:00,80309644800dc767,1,7302e05056e0
apollo-client,1624461173_d76c5a719244f0014867244ab09ebb0371017200,src_unit,1,54,2002,  ● no-cache › when notifyOnNetworkStatusChange is set › gives appropriate networkStatus for watched queries,acceptable,2026-09-07T08:08:50.959932+00:00,57374d8b913fd03f,1,3b48c956d8c7
apollo-client,1624461173_e0e0390de7a15f6b2f943514ac1b16212f0c38d8,src_unit,1,55,2530,  ● useQuery Hook SSR › should skip both SSR tree rendering and SSR component rendering if `ssr` option is `false` and `ssrMode` is `true`,acceptable,2026-09-07T08:08:50.960395+00:00,4bcef3e1556ac527,1,7302e05056e0
apollo-client,1625171057_622880dad4ed39f2bd589dae0329156a51bdc119,src_unit,1,56,1348,  ● useMutation Hook › refetching queries › refetchQueries with operation names should update cache after unmount,acceptable,2026-09-07T08:08:50.960866+00:00,e4da84a22205419a,1,3b48c956d8c7
apollo-client,1625171057_622880dad4ed39f2bd589dae0329156a51bdc119,src_unit,1,57,2483,  ● useMutation Hook › refetching queries › refetchQueries with operation names should update cache after unmount,acceptable,2026-09-07T08:08:50.961338+00:00,7354e1ae96a00b66,1,3b48c956d8c7
apollo-client,1625171062_c94c8233cf46ddbf92bcd3562d8c71f61ce85613,src_unit,1,58,1530,  ● useMutation Hook › refetching queries › refetchQueries with document nodes should update cache,acceptable,2026-09-07T08:08:50.963209+00:00,1ffa16bd512c090e,6,7302e05056e0
apollo-client,1625171062_c94c8233cf46ddbf92bcd3562d8c71f61ce85613,src_unit,1,59,2553,  ● useMutation Hook › refetching queries › refetchQueries with document nodes should update cache,acceptable,2026-09-07T08:08:50.963702+00:00,066d67183c3bd576,7,7302e05056e0
apollo-client,1625847575_1ab0161871b3bdafb6b9c0feedf852e395edaad0,src_unit,1,60,615,  ● ObservableQuery › refetch › calls fetchRequest with fetchPolicy `network-only` when using a non-networked fetch policy,acceptable,2026-09-07T08:08:50.964216+00:00,ae224d208e4bf441,1,3b48c956d8c7
apollo-client,1627921563_c92825b5f82b9cbf7876fde1a82165b8e136f377,src_unit,1,61,865,  ● useQuery Hook › polling › should stop polling when component is unmounted in Strict Mode,acceptable,2026-09-07T08:08:50.964754+00:00,c8bf6f6f28927886,2,d82723855f3a
apollo-client,1627934255_b472ebee98fac31a510e339d7afbf9b91d2b8e97,src_unit,1,62,867,  ● useQuery Hook › General use › should work with ssr: false,acceptable,2026-09-07T08:08:50.965325+00:00,6b02be0f30f52afb,12,b15e911da92b
apollo-client,1628094866_117e7213b12df1bf4c099957a57d0e869ea3d4a6,src_unit,1,63,664,  ● useQuery Hook › General use › should keep `no-cache` results when the tree is re-rendered,acceptable,2026-09-07T08:08:50.965807+00:00,1c80d1919cf501c4,4,7302e05056e0
apollo-client,1628107144_634a203eabd37d47c1cb0883bc105103ebec75d2,src_unit,1,64,758,  ● useQuery Hook › General use › changing queries,acceptable,2026-09-07T08:08:50.966402+00:00,26f8e3ad09307580,19,b15e911da92b
apollo-client,1628810757_a371406b0bfdaac533afae1160e5af7c0e46a448,src_unit,1,65,414,  ● type policies › can specify nested keyFields with alias,acceptable,2026-09-07T08:08:50.966993+00:00,55402162cfb15dea,1,9e38e3fc6d60
apollo-client,1629145601_2d5e49812083f26f53c2b462115c9f7314228b16,src_unit,1,66,670,  ● useQuery Hook › General use › should work with variables,acceptable,2026-09-07T08:08:50.967505+00:00,f4c58c4c39281791,4,7302e05056e0
apollo-client,1629145601_2d5e49812083f26f53c2b462115c9f7314228b16,src_unit,1,67,690,  ● useQuery Hook › General use › should return the same results for the same variables,acceptable,2026-09-07T08:08:50.968067+00:00,60478845ec63fd8f,4,7302e05056e0
apollo-client,1629145601_2d5e49812083f26f53c2b462115c9f7314228b16,src_unit,1,68,710,  ● useQuery Hook › General use › should work with variables 2,acceptable,2026-09-07T08:08:50.968590+00:00,3c6ffb578216de49,4,7302e05056e0
apollo-client,1629145601_2d5e49812083f26f53c2b462115c9f7314228b16,src_unit,1,69,730,  ● useQuery Hook › Missing Fields › should log debug messages about MissingFieldErrors from the cache,acceptable,2026-09-07T08:08:50.969134+00:00,6316ebf3ac140429,7,7302e05056e0
apollo-client,1629145601_2d5e49812083f26f53c2b462115c9f7314228b16,src_unit,1,70,750,  ● useQuery Hook › Previous data › should be cleared when variables change causes cache miss,acceptable,2026-09-07T08:08:50.969673+00:00,c90fba9dce0ad390,5,7302e05056e0
apollo-client,1629145601_2d5e49812083f26f53c2b462115c9f7314228b16,src_unit,1,71,2416,  ● [queries] lifecycle › reruns the query if it changes,acceptable,2026-09-07T08:08:50.970448+00:00,d3d1b82c606be02e,11,a280f0aae076
apollo-client,1629145601_2d5e49812083f26f53c2b462115c9f7314228b16,src_unit,1,72,2458,  ● [queries] lifecycle › rebuilds the queries on prop change when using `options`,acceptable,2026-09-07T08:08:50.971454+00:00,6bb6d97661673be5,7,8c2a8f1c1bb2
apollo-client,1629145601_2d5e49812083f26f53c2b462115c9f7314228b16,src_unit,1,73,2494,  ● [queries] lifecycle › reruns the query if just the variables change,acceptable,2026-09-07T08:08:50.972364+00:00,25af08aac510f285,14,a280f0aae076
apollo-client,1629145601_2d5e49812083f26f53c2b462115c9f7314228b16,src_unit,1,74,2536,  ● [queries] lifecycle › reruns the queries on prop change when using passed props,acceptable,2026-09-07T08:08:50.973043+00:00,11df645a963a7051,12,8c2a8f1c1bb2
apollo-client,1629145601_2d5e49812083f26f53c2b462115c9f7314228b16,src_unit,1,75,2687,  ● [queries] loading › should set the networkStatus to 2 (setVariables) when the query variables are changed,acceptable,2026-09-07T08:08:50.973685+00:00,2b1d8ebcbd3d4f8b,11,a280f0aae076
apollo-client,1629145601_2d5e49812083f26f53c2b462115c9f7314228b16,src_unit,1,76,2729,  ● [queries] loading › resets the loading state after a refetched query,acceptable,2026-09-07T08:08:50.974419+00:00,b8f58df757759fef,9,8c2a8f1c1bb2
apollo-client,1629153635_04209ffbc4a1d0ec55062be413f9eb6792cc2c41,src_unit,1,77,861,  ● useQuery Hook › Error handling › should pass along GraphQL errors,acceptable,2026-09-07T08:08:50.975092+00:00,b28763e7bc7a2937,14,1aa2c543d46d
apollo-client,1629153635_04209ffbc4a1d0ec55062be413f9eb6792cc2c41,src_unit,1,78,883,  ● useQuery Hook › Error handling › should only call onError callbacks once,acceptable,2026-09-07T08:08:50.975748+00:00,9a1054f7ec0123bd,14,1aa2c543d46d
apollo-client,1629153635_04209ffbc4a1d0ec55062be413f9eb6792cc2c41,src_unit,1,79,905,  ● useQuery Hook › Error handling › should persist errors on re-render if they are still valid,acceptable,2026-09-07T08:08:50.976415+00:00,249825c049f9ae5c,15,1aa2c543d46d
apollo-client,1629153635_04209ffbc4a1d0ec55062be413f9eb6792cc2c41,src_unit,1,80,927,  ● useQuery Hook › Error handling › should persist errors on re-render with inline onError/onCompleted callbacks,acceptable,2026-09-07T08:08:50.977089+00:00,10b76c45b055b1fa,15,1aa2c543d46d
apollo-client,1629153635_04209ffbc4a1d0ec55062be413f9eb6792cc2c41,src_unit,1,81,949,  ● useQuery Hook › Error handling › should render multiple errors when refetching,acceptable,2026-09-07T08:08:50.977744+00:00,e067b649dbf6509b,14,1aa2c543d46d
apollo-client,1629153635_04209ffbc4a1d0ec55062be413f9eb6792cc2c41,src_unit,1,82,971,  ● useQuery Hook › Error handling › should render the same error on refetch,acceptable,2026-09-07T08:08:50.978447+00:00,08d026e195af1aa3,14,1aa2c543d46d
apollo-client,1629153635_04209ffbc4a1d0ec55062be413f9eb6792cc2c41,src_unit,1,83,993,  ● useQuery Hook › Error handling › should render data and errors with refetch,acceptable,2026-09-07T08:08:50.979144+00:00,c399ba4fcd2f1782,17,1aa2c543d46d
apollo-client,1629153635_04209ffbc4a1d0ec55062be413f9eb6792cc2c41,src_unit,1,84,1015,  ● useQuery Hook › Refetching › refetching after an error,acceptable,2026-09-07T08:08:50.979845+00:00,e32da3b7ac480f49,21,1aa2c543d46d
apollo-client,1629153635_04209ffbc4a1d0ec55062be413f9eb6792cc2c41,src_unit,1,85,1678,  ● Query component › result provides › error,acceptable,2026-09-07T08:08:50.980460+00:00,69a84089121f081b,20,3b48c956d8c7
apollo-client,1629153635_04209ffbc4a1d0ec55062be413f9eb6792cc2c41,src_unit,1,86,1729,  ● Query component › should be able to refetch after there was a network error,acceptable,2026-09-07T08:08:50.981172+00:00,e05995c8398bba5a,22,6949fe435208
apollo-client,1629153635_04209ffbc4a1d0ec55062be413f9eb6792cc2c41,src_unit,1,87,2344,  ● [queries] errors › uncaught exceptions › does not log when you change variables resulting in an error,acceptable,2026-09-07T08:08:50.981882+00:00,21385598f155b15b,26,6949fe435208
apollo-client,1629153635_04209ffbc4a1d0ec55062be413f9eb6792cc2c41,src_unit,1,88,2401,  ● [queries] errors › passes any cached data when there is a GraphQL error,acceptable,2026-09-07T08:08:50.982600+00:00,3a67563b53c2ec60,20,6949fe435208
apollo-client,1629153635_04209ffbc4a1d0ec55062be413f9eb6792cc2c41,src_unit,1,89,2458,  ● [queries] errors › can refetch after there was a network error,acceptable,2026-09-07T08:08:50.983309+00:00,b7953af7f905903f,21,8c2a8f1c1bb2
apollo-client,1629153635_04209ffbc4a1d0ec55062be413f9eb6792cc2c41,src_unit,1,90,2514,  ● [queries] errors › does not throw/console.err an error after a component that received a network error is unmounted,acceptable,2026-09-07T08:08:50.984023+00:00,23f4cf579433445e,20,6949fe435208
apollo-client,1629153635_04209ffbc4a1d0ec55062be413f9eb6792cc2c41,src_unit,1,91,2571,  ● [queries] errors › correctly sets loading state on remount after a network error,acceptable,2026-09-07T08:09:11.373807+00:00,74757d10ed3b4fc5,20,
apollo-client,1629153635_04209ffbc4a1d0ec55062be413f9eb6792cc2c41,src_unit,1,92,3007,  ● General use › should error if the variables in the mock and component do not match,acceptable,2026-09-07T08:09:11.375533+00:00,cf90220ac0bcdc00,19,b0e89a7de6f5
apollo-client,1629153635_04209ffbc4a1d0ec55062be413f9eb6792cc2c41,src_unit,1,93,3070,  ● General use › should error if the variables do not deep equal,acceptable,2026-09-07T08:09:11.376545+00:00,ccf97dfc6e1b90bb,19,b0e89a7de6f5
apollo-client,1629153635_04209ffbc4a1d0ec55062be413f9eb6792cc2c41,src_unit,1,94,3133,  ● General use › should support mocking a network error,acceptable,2026-09-07T08:09:11.377211+00:00,b8dfa902cc2d8f95,15,3b48c956d8c7
apollo-client,1629153635_04209ffbc4a1d0ec55062be413f9eb6792cc2c41,src_unit,1,95,3192,"  ● General use › should return ""No more mocked responses"" errors in response",acceptable,2026-09-07T08:09:11.379755+00:00,b8736ec4980da187,19,b0e89a7de6f5
apollo-client,1629153635_04209ffbc4a1d0ec55062be413f9eb6792cc2c41,src_unit,1,96,3252,"  ● General use › should return ""Mocked response should contain"" errors in response",acceptable,2026-09-07T08:09:11.380529+00:00,a755c845be26cad0,19,b0e89a7de6f5
apollo-client,1629153635_04209ffbc4a1d0ec55062be413f9eb6792cc2c41,src_unit,1,97,3304,  ● General use › should pipe exceptions thrown in custom onError functions through the link chain,acceptable,2026-09-07T08:09:11.381290+00:00,b1a1ad686ace49c1,19,b0e89a7de6f5
apollo-client,1629153635_04209ffbc4a1d0ec55062be413f9eb6792cc2c41,src_unit,1,98,3455,"  ● useLazyQuery Hook › should fetch data each time the execution function is called, when using a ""network-only"" fetch policy",acceptable,2026-09-07T08:09:11.383105+00:00,632af5019c499f51,30,7302e05056e0
apollo-client,1629153635_2bd2d2b1076afdb3209f36d5f24997eca05841ef,src_unit,1,99,2383,  ● [queries] errors › will not log a warning when there is an error that is not caught in the render method when using query,acceptable,2026-09-07T08:09:11.383845+00:00,74a54dd9fcb5757e,15,8c2a8f1c1bb2
apollo-client,1629153635_2bd2d2b1076afdb3209f36d5f24997eca05841ef,src_unit,1,100,3169,  ● General use › should error if the query in the mock and component do not match,acceptable,2026-09-07T08:09:11.386378+00:00,708abf0f8fcb3084,9,b0e89a7de6f5
apollo-client,1629153635_5526f933aa18998ffbc52eee28eb5f89ae1b0a7f,src_unit,1,101,2300,  ● [queries] errors › passes any GraphQL errors in props,acceptable,2026-09-07T08:09:11.387168+00:00,0a7b8469ee69d0c1,11,6949fe435208
apollo-client,1629153635_599cd40352fc14b3cb7d8339d39a18e68a7fbc57,src_unit,1,102,415,  ● Test suite failed to run,acceptable,2026-09-07T08:09:11.387979+00:00,402a5592845bbd67,11,7db0192d9aa9
apollo-client,1629153636_14cf3420a8d1e5430bb04b3eadf73ea772a2b146,src_unit,1,103,1901,  ● useLazyQuery Hook › should allow for the query to start with polling,acceptable,2026-09-07T08:09:11.389613+00:00,577db7dba15f19eb,13,7302e05056e0
apollo-client,1629153636_2730e24ebde4077d97836d5277819bfa23c7b1e4,src_unit,1,104,694,  ● useQuery Hook › Partial refetch › should attempt a refetch when data is missing and partialRefetch is true,acceptable,2026-09-07T08:09:11.390313+00:00,dc675ebffa2a276d,9,7302e05056e0
apollo-client,1629153636_2730e24ebde4077d97836d5277819bfa23c7b1e4,src_unit,1,105,714,  ● useQuery Hook › Partial refetch › should attempt a refetch when data is missing and partialRefetch is true 2,acceptable,2026-09-07T08:09:11.392564+00:00,e649b872ae8248b1,9,7302e05056e0
apollo-client,1629153636_2730e24ebde4077d97836d5277819bfa23c7b1e4,src_unit,1,106,734,"  ● useQuery Hook › Partial refetch › should attempt a refetch when data is missing, partialRefetch is true and addTypename is false for the cache",acceptable,2026-09-07T08:09:11.393270+00:00,c73b549f9c5ab5e6,10,7302e05056e0
apollo-client,1629153636_4fcb5e38c0a1aa8753d791f66f5aecc07711b18a,src_unit,1,107,1971,  ● Query component › calls the children prop,acceptable,2026-09-07T08:09:11.394082+00:00,e44516ccea08bee9,8,b0e89a7de6f5
apollo-client,1629153636_4fcb5e38c0a1aa8753d791f66f5aecc07711b18a,src_unit,1,108,2088,  ● Query component › should update › if props change,acceptable,2026-09-07T08:09:11.396383+00:00,b3b53020c87ed1ef,7,3b48c956d8c7
apollo-client,1629153636_4fcb5e38c0a1aa8753d791f66f5aecc07711b18a,src_unit,1,109,2135,  ● Query component › should update › if the query changes,acceptable,2026-09-07T08:09:11.397114+00:00,3c03f7e65db93cb6,7,3b48c956d8c7
apollo-client,1629153636_4fcb5e38c0a1aa8753d791f66f5aecc07711b18a,src_unit,1,110,2397,"  ● Query component › Partial refetching › should attempt a refetch when the query result was marked as being partial, the returned data was reset to an empty Object by the Apollo Client QueryManager (due to a cache miss), and the `partialRefetch` prop is `true`",acceptable,2026-09-07T08:09:11.397950+00:00,9cce1c211f8f4b4b,7,b0e89a7de6f5
apollo-client,1629153636_4fcb5e38c0a1aa8753d791f66f5aecc07711b18a,src_unit,1,111,3607,  ● [queries] lifecycle › reruns the query if it changes,acceptable,2026-09-07T08:09:11.398684+00:00,637a9314e5ea5c68,9,7302e05056e0
apollo-client,1629153636_4fcb5e38c0a1aa8753d791f66f5aecc07711b18a,src_unit,1,112,3823,  ● queries › should update query variables when props change,acceptable,2026-09-07T08:09:11.399431+00:00,6472c4dd8869d41c,8,3b48c956d8c7
apollo-client,1629153636_4fcb5e38c0a1aa8753d791f66f5aecc07711b18a,src_unit,1,113,4017,  ● [queries] errors › uncaught exceptions › does not log when you change variables resulting in an error,acceptable,2026-09-07T08:09:11.402159+00:00,cb5ef9cbed305de8,3,8c2a8f1c1bb2
apollo-client,1629153636_4fcb5e38c0a1aa8753d791f66f5aecc07711b18a,src_unit,1,114,4163,  ● [queries] errors › errorPolicy › passes any GraphQL errors in props along with data [component],acceptable,2026-09-07T08:09:11.403034+00:00,961f39a845283b1a,4,6949fe435208
apollo-client,1629153636_4fcb5e38c0a1aa8753d791f66f5aecc07711b18a,src_unit,1,115,4718,  ● [queries] loading › should set the networkStatus to 2 (setVariables) when the query variables are changed,acceptable,2026-09-07T08:09:11.403780+00:00,16ec0fb157c8505c,8,7302e05056e0
apollo-client,1629153636_4fcb5e38c0a1aa8753d791f66f5aecc07711b18a,src_unit,1,116,4842,"  ● [queries] loading › correctly sets loading state on component with changed variables, unchanged result, and network-only",acceptable,2026-09-07T08:09:11.405727+00:00,c00fdd546ae03596,8,7302e05056e0
apollo-client,1629153636_4fcb5e38c0a1aa8753d791f66f5aecc07711b18a,src_unit,1,117,5206,"  ● SSR › `getDataFromTree` › should pass any GraphQL errors in props along with data during a SSR when errorPolicy=""all""",acceptable,2026-09-07T08:09:11.406613+00:00,d3631a6c1e7e7672,3,5684d9235cf3
apollo-client,1629153636_4fcb5e38c0a1aa8753d791f66f5aecc07711b18a,src_unit,1,118,6122,  ● [queries] skip › supports using props for skipping which are used in options,acceptable,2026-09-07T08:09:11.409108+00:00,770a5538b8aaffc5,16,3b48c956d8c7
apollo-client,1629153636_4fcb5e38c0a1aa8753d791f66f5aecc07711b18a,src_unit,1,119,6850,"  ● SSR › `getDataFromTree` › should pass any GraphQL errors in props along with data during a SSR when errorPolicy=""all""",acceptable,2026-09-07T08:09:11.409989+00:00,e76ed8b57e8dd4cc,3,5684d9235cf3
apollo-client,1629153636_8263a1e3ace940ea8e1651b891fbb62583a625b6,src_unit,1,120,1762,  ● should update › if the client changes,acceptable,2026-09-07T08:09:11.410828+00:00,68b53138067be3eb,3,8c2a8f1c1bb2
apollo-client,1629153636_8263a1e3ace940ea8e1651b891fbb62583a625b6,src_unit,1,121,1797,  ● should update › if the query changes,acceptable,2026-09-07T08:09:11.412502+00:00,e16c8398b21a5d82,3,8c2a8f1c1bb2
apollo-client,1629153636_8263a1e3ace940ea8e1651b891fbb62583a625b6,src_unit,1,122,1832,  ● should update › if the variables change,acceptable,2026-09-07T08:09:11.413367+00:00,0a6fee4bf4d8f2f6,5,8c2a8f1c1bb2
apollo-client,1629153636_8263a1e3ace940ea8e1651b891fbb62583a625b6,src_unit,1,123,1991,  ● useSubscription Hook › should create a subscription after skip has changed from true to a falsy value,acceptable,2026-09-07T08:09:11.414760+00:00,5df08dd63e7a578c,2,7302e05056e0
apollo-client,1629153636_a5dd4034caffc52695e3f23b7b9345fea9a26624,src_unit,1,124,2563,  ● Query component › Partial refetching › should not refetch when an empty partial is returned if the `partialRefetch` prop is false/not set,acceptable,2026-09-07T08:09:11.415606+00:00,78052183970ab375,3,3b48c956d8c7
apollo-client,1629153636_a5dd4034caffc52695e3f23b7b9345fea9a26624,src_unit,1,125,2622,  ● Query component › should keep data for a `Query` component using `no-cache` when the tree is re-rendered,acceptable,2026-09-07T08:09:11.418019+00:00,5524f3bf6ec19e3d,4,7302e05056e0
apollo-client,1630079379_69b33367e68c70961b6889e0f128b9654291b7b9,src_unit,1,126,679,  ● useQuery Hook › General use › should not use the cache when using `network-only`,acceptable,2026-09-07T08:09:11.418799+00:00,51f070e125b8d3ab,2,7302e05056e0
apollo-client,1630337829_082894d86368d1b9079859773b205b60e7158d50,src_unit,1,127,976,  ● useQuery Hook › General use › should not error when forcing an update with React >= 16.13.0,acceptable,2026-09-07T08:09:11.419587+00:00,cb7513d5d0a8020d,4,7302e05056e0
apollo-client,1630337829_082894d86368d1b9079859773b205b60e7158d50,src_unit,1,128,995,  ● useQuery Hook › General use › should not hang when ssrMode is true but the cache is not populated for some reason,acceptable,2026-09-07T08:09:11.422330+00:00,e21ea3ddfa2a88c4,2,b15e911da92b
apollo-client,1630337829_082894d86368d1b9079859773b205b60e7158d50,src_unit,1,129,1927,  ● [queries] loading › correctly sets loading state on remounted component with changed variables,acceptable,2026-09-07T08:09:11.423547+00:00,38421335692f6043,4,7302e05056e0
apollo-client,1630337829_082894d86368d1b9079859773b205b60e7158d50,src_unit,1,130,2088,  ● useLazyQuery Hook › should work with cache-and-network fetch policy,acceptable,2026-09-07T08:09:11.426735+00:00,0afb79615d1f79a4,3,7302e05056e0
apollo-client,1632409175_975da0ea9e470986388b104c5170345f40763b7d,src_unit,1,131,414,  ● type policies › can read from foreign references using read helper,acceptable,2026-09-07T08:09:11.428919+00:00,6669cf5cc8b49af3,2,7302e05056e0
apollo-client,1632409175_975da0ea9e470986388b104c5170345f40763b7d,src_unit,1,132,615,  ● QueryManager › will return referentially equivalent data if nothing changed in a refetch,acceptable,2026-09-07T08:09:11.429854+00:00,11f24992af71c4aa,2,7302e05056e0
apollo-client,1632409175_975da0ea9e470986388b104c5170345f40763b7d,src_unit,1,133,731,  ● useQuery Hook › canonical cache results › can be disabled via useQuery options,acceptable,2026-09-07T08:09:11.432877+00:00,108693cefe500153,3,7302e05056e0
apollo-client,1632409175_975da0ea9e470986388b104c5170345f40763b7d,src_unit,1,134,927,  ● InMemoryCache#modify › should allow invalidation using details.INVALIDATE,acceptable,2026-09-07T08:09:11.433748+00:00,aa010fd7826c5077,2,7302e05056e0
apollo-client,1632409175_975da0ea9e470986388b104c5170345f40763b7d,src_unit,1,135,946,  ● ReactiveVar and makeVar › should work with resultCaching disabled (unusual),acceptable,2026-09-07T08:09:11.434612+00:00,25a2f5a34b1e22b3,2,7302e05056e0
apollo-client,1632409175_975da0ea9e470986388b104c5170345f40763b7d,src_unit,1,136,1045,"  ● EntityStore › should reclaim no-longer-reachable, unretained entities",acceptable,2026-09-07T08:09:11.436890+00:00,983972934f60551d,2,7302e05056e0
apollo-client,1632409175_975da0ea9e470986388b104c5170345f40763b7d,src_unit,1,137,1064,  ● EntityStore › allows evicting specific fields,acceptable,2026-09-07T08:09:11.437741+00:00,298673e5a47f835d,2,7302e05056e0
apollo-client,1632409175_975da0ea9e470986388b104c5170345f40763b7d,src_unit,1,138,1292,  ● reading from the store › propagates eviction signals to parent queries,acceptable,2026-09-07T08:09:11.440020+00:00,d1a29c804150834b,3,7302e05056e0
apollo-client,1632409175_975da0ea9e470986388b104c5170345f40763b7d,src_unit,1,139,1313,  ● reading from the store › returns === results for different queries,acceptable,2026-09-07T08:09:11.440881+00:00,9c51386ec02ef428,2,7302e05056e0
apollo-client,1632409175_975da0ea9e470986388b104c5170345f40763b7d,src_unit,1,140,2092,  ● optimistic cache layers › return === results for repeated reads,acceptable,2026-09-07T08:09:11.441716+00:00,e7c4ae00731371ce,2,7302e05056e0
apollo-client,1632409175_975da0ea9e470986388b104c5170345f40763b7d,src_unit,1,141,2111,  ● optimistic cache layers › dirties appropriate IDs when optimistic layers are removed,acceptable,2026-09-07T08:09:11.443876+00:00,f4588bbaf35fbcba,2,7302e05056e0
apollo-client,1632409175_975da0ea9e470986388b104c5170345f40763b7d,src_unit,1,142,2822,"  ● EntityStore › should reclaim no-longer-reachable, unretained entities",acceptable,2026-09-07T08:09:11.444733+00:00,c7f6f29a4e31227d,2,7302e05056e0
apollo-client,1632753945_6ec967d09c83295d594c14e7eed09c98922f285b,src_unit,1,143,506,  ● useQuery Hook › Pagination › regression test for issue #8600,acceptable,2026-09-07T08:09:11.447145+00:00,1724a01d59676003,2,378fb5f1c6a6
apollo-client,1632753945_6ec967d09c83295d594c14e7eed09c98922f285b,src_unit,1,144,966,  ● client › should merge fragments on root query,acceptable,2026-09-07T08:09:11.448137+00:00,f68f421dfdc32cfa,1,378fb5f1c6a6
apollo-client,1632753945_6ec967d09c83295d594c14e7eed09c98922f285b,src_unit,1,145,1164,  ● writing to the store › correctly merges fragment fields along multiple paths,acceptable,2026-09-07T08:09:11.449304+00:00,988246062758666d,1,378fb5f1c6a6
apollo-client,1632753945_6ec967d09c83295d594c14e7eed09c98922f285b,src_unit,1,146,1229,  ● writing to the store › regression test for issue #8600,acceptable,2026-09-07T08:09:11.450324+00:00,40ed0030cf6baa2b,1,378fb5f1c6a6
apollo-client,1632753945_6ec967d09c83295d594c14e7eed09c98922f285b,src_unit,1,147,1281,  ● writing to the store › should respect id fields added by fragments,acceptable,2026-09-07T08:09:11.451333+00:00,319b42f4ac84b546,1,378fb5f1c6a6
apollo-client,1632753945_6ec967d09c83295d594c14e7eed09c98922f285b,src_unit,1,148,1458,  ● reading from the store › runs a nested query with multiple fragments,acceptable,2026-09-07T08:09:11.452332+00:00,99334459cf6b362b,1,378fb5f1c6a6
apollo-client,1632753945_6ec967d09c83295d594c14e7eed09c98922f285b,src_unit,1,149,1491,  ● reading from the store › distinguishes between missing @client and non-@client fields,acceptable,2026-09-07T08:09:11.453224+00:00,3cec960fb41d3d4b,1,3b48c956d8c7
apollo-client,1632753945_6ec967d09c83295d594c14e7eed09c98922f285b,src_unit,1,150,1890,  ● diffing queries against the store › issue #4081 › should not return results containing cycles,acceptable,2026-09-07T08:09:11.454247+00:00,1dc7293b9c1db160,1,378fb5f1c6a6
apollo-client,1632753945_6ec967d09c83295d594c14e7eed09c98922f285b,src_unit,1,151,3308,  ● diffing queries against the store › issue #4081 › should not return results containing cycles,acceptable,2026-09-07T08:09:11.455299+00:00,6e473b478675cd0a,1,378fb5f1c6a6
apollo-client,1635966939_f25b3d244dc3643f1e46a4693562c16d7b27913a,src_unit,1,152,770,  ● Cache › cache.updateQuery and cache.updateFragment › should be batched,acceptable,2026-09-07T08:09:11.458341+00:00,c36bb2f4f8bf4f13,1,634d68591e9f
apollo-client,1635966939_f25b3d244dc3643f1e46a4693562c16d7b27913a,src_unit,1,153,1010,"  ● EntityStore › supports toReference(obj, true) to persist obj",acceptable,2026-09-07T08:09:11.461545+00:00,d52d18d9a86a2fdd,1,634d68591e9f
apollo-client,1635977018_278ba5fd223f133e53dbef2bc840e38c4dbee735,src_unit,1,154,491,  ● useQuery Hook › General use › should handle a simple query,reevaluated_acceptable,2026-09-07T08:09:37.674161+00:00,144b74528f4e16b0,1,
apollo-client,1635977018_278ba5fd223f133e53dbef2bc840e38c4dbee735,src_unit,1,155,515,  ● useQuery Hook › General use › should read and write results from the cache,reevaluated_acceptable,2026-09-07T08:09:37.676767+00:00,b844b76381890e68,1,69ee34478976
apollo-client,1635977018_278ba5fd223f133e53dbef2bc840e38c4dbee735,src_unit,1,156,539,  ● useQuery Hook › General use › should preserve functions between renders,reevaluated_acceptable,2026-09-07T08:09:37.678220+00:00,69c9258462940166,1,69ee34478976
apollo-client,1635977018_278ba5fd223f133e53dbef2bc840e38c4dbee735,src_unit,1,157,563,  ● useQuery Hook › General use › should set called to true by default,reevaluated_acceptable,2026-09-07T08:09:37.679496+00:00,734f9c08a7092dc0,1,69ee34478976
apollo-client,1635977018_278ba5fd223f133e53dbef2bc840e38c4dbee735,src_unit,1,158,679,  ● useQuery Hook › General use › should tear down the query on unmount,reevaluated_acceptable,2026-09-07T08:09:37.680666+00:00,c7431bde3cf162df,2,69ee34478976
apollo-client,1635977018_278ba5fd223f133e53dbef2bc840e38c4dbee735,src_unit,1,159,775,  ● useQuery Hook › General use › `cache-and-network` fetch policy,reevaluated_acceptable,2026-09-07T08:09:37.681822+00:00,a1d65dd1114ee716,1,69ee34478976
apollo-client,1635977018_278ba5fd223f133e53dbef2bc840e38c4dbee735,src_unit,1,160,823,  ● useQuery Hook › General use › should use the cache when in ssrMode and fetchPolicy is `network-only`,reevaluated_acceptable,2026-09-07T08:09:37.683016+00:00,0f62dc8870ab3f05,1,69ee34478976
apollo-client,1635977018_278ba5fd223f133e53dbef2bc840e38c4dbee735,src_unit,1,161,871,  ● useQuery Hook › polling › should support polling,reevaluated_acceptable,2026-09-07T08:09:37.684211+00:00,dbaea0e17ce40b3e,2,69ee34478976
apollo-client,1635977018_278ba5fd223f133e53dbef2bc840e38c4dbee735,src_unit,1,162,895,  ● useQuery Hook › polling › should start polling when skip goes from true to false,reevaluated_acceptable,2026-09-07T08:09:37.685412+00:00,2c9d4bb848cdf529,5,69ee34478976
apollo-client,1635977018_278ba5fd223f133e53dbef2bc840e38c4dbee735,src_unit,1,163,919,  ● useQuery Hook › polling › should stop polling when component unmounts,reevaluated_acceptable,2026-09-07T08:09:37.686727+00:00,77a7f850eeaba755,22,69ee34478976
apollo-client,1635977018_278ba5fd223f133e53dbef2bc840e38c4dbee735,src_unit,1,164,967,  ● useQuery Hook › polling › should start and stop polling in Strict Mode,reevaluated_acceptable,2026-09-07T08:09:37.688477+00:00,c1245fc763aa8546,1,69ee34478976
apollo-client,1635977018_278ba5fd223f133e53dbef2bc840e38c4dbee735,src_unit,1,165,991,  ● useQuery Hook › polling › should not throw an error if stopPolling is called manually,reevaluated_acceptable,2026-09-07T08:09:37.690384+00:00,9b4c8900b902677f,1,69ee34478976
apollo-client,1635977018_278ba5fd223f133e53dbef2bc840e38c4dbee735,src_unit,1,166,1111,  ● useQuery Hook › Error handling › should not persist errors when variables change,reevaluated_acceptable,2026-09-07T08:09:37.692141+00:00,fffa7f7d133adaba,2,69ee34478976
apollo-client,1635977018_278ba5fd223f133e53dbef2bc840e38c4dbee735,src_unit,1,167,1207,  ● useQuery Hook › Error handling › should call onCompleted when variables change,reevaluated_acceptable,2026-09-07T08:09:37.693917+00:00,4f6401ebfb2472d6,2,69ee34478976
apollo-client,1635977018_278ba5fd223f133e53dbef2bc840e38c4dbee735,src_unit,1,168,1231,  ● useQuery Hook › Pagination › should fetchMore with updateQuery,reevaluated_acceptable,2026-09-07T08:09:37.695789+00:00,6d8f3d51b634c921,1,69ee34478976
apollo-client,1635977018_278ba5fd223f133e53dbef2bc840e38c4dbee735,src_unit,1,169,1255,  ● useQuery Hook › Pagination › should fetchMore with updateQuery and notifyOnNetworkStatusChange,reevaluated_acceptable,2026-09-07T08:09:37.697735+00:00,27957abb67638a72,2,69ee34478976
apollo-client,1635977018_278ba5fd223f133e53dbef2bc840e38c4dbee735,src_unit,1,170,1279,  ● useQuery Hook › Pagination › fetchMore with concatPagination,reevaluated_acceptable,2026-09-07T08:09:37.699597+00:00,c5ac49009aedf15e,2,69ee34478976
apollo-client,1635977018_278ba5fd223f133e53dbef2bc840e38c4dbee735,src_unit,1,171,1303,  ● useQuery Hook › Pagination › fetchMore with concatPagination and notifyOnNetworkStatusChange,reevaluated_acceptable,2026-09-07T08:09:37.701479+00:00,cd91963b79df5066,3,69ee34478976
apollo-client,1635977018_278ba5fd223f133e53dbef2bc840e38c4dbee735,src_unit,1,172,1351,  ● useQuery Hook › Refetching › refetching with different variables,reevaluated_acceptable,2026-09-07T08:09:37.703401+00:00,88a61940b4064a3e,3,69ee34478976
apollo-client,1635977018_278ba5fd223f133e53dbef2bc840e38c4dbee735,src_unit,1,173,1399,"  ● useQuery Hook › Refetching › refetchWritePolicy › should support explicit ""overwrite""",reevaluated_acceptable,2026-09-07T08:09:37.705229+00:00,9458bcab4ba58709,3,69ee34478976
apollo-client,1635977018_278ba5fd223f133e53dbef2bc840e38c4dbee735,src_unit,1,174,1423,"  ● useQuery Hook › Refetching › refetchWritePolicy › should support explicit ""merge""",reevaluated_acceptable,2026-09-07T08:09:37.706489+00:00,499f182cfd22354f,2,69ee34478976
apollo-client,1635977018_278ba5fd223f133e53dbef2bc840e38c4dbee735,src_unit,1,175,1447,"  ● useQuery Hook › Refetching › refetchWritePolicy › should assume default refetchWritePolicy value is ""overwrite""",reevaluated_acceptable,2026-09-07T08:09:37.707718+00:00,61edd69b5a77ea25,3,69ee34478976
apollo-client,1635977018_278ba5fd223f133e53dbef2bc840e38c4dbee735,src_unit,1,176,1471,  ● useQuery Hook › Callbacks › onCompleted is called once with cached data,reevaluated_acceptable,2026-09-07T08:09:37.708967+00:00,d030bab32c0fde2b,1,69ee34478976
apollo-client,1635977018_278ba5fd223f133e53dbef2bc840e38c4dbee735,src_unit,1,177,1495,  ● useQuery Hook › Callbacks › onCompleted is called once despite state changes,reevaluated_acceptable,2026-09-07T08:09:37.710180+00:00,9c08a03f0924bb5f,1,69ee34478976
apollo-client,1635977018_278ba5fd223f133e53dbef2bc840e38c4dbee735,src_unit,1,178,1519,  ● useQuery Hook › Callbacks › should not call onCompleted if skip is true,reevaluated_acceptable,2026-09-07T08:09:37.711387+00:00,6907903154ceb073,2,69ee34478976
apollo-client,1635977018_278ba5fd223f133e53dbef2bc840e38c4dbee735,src_unit,1,179,1543,  ● useQuery Hook › Callbacks › should not make extra network requests when `onCompleted` is defined with a `network-only` fetch policy,reevaluated_acceptable,2026-09-07T08:09:37.712621+00:00,8fe34f07055f91e8,2,69ee34478976
apollo-client,1635977018_278ba5fd223f133e53dbef2bc840e38c4dbee735,src_unit,1,180,1567,  ● useQuery Hook › Callbacks › onCompleted should work with polling,reevaluated_acceptable,2026-09-07T08:09:37.713832+00:00,dc0bbc26d7a34d21,2,69ee34478976
apollo-client,1635977018_278ba5fd223f133e53dbef2bc840e38c4dbee735,src_unit,1,181,1591,  ● useQuery Hook › Optimistic data › should display rolled back optimistic data when an error occurs,reevaluated_acceptable,2026-09-07T08:09:37.715051+00:00,7a8b65f0f3702b7e,1,69ee34478976
apollo-client,1635977018_278ba5fd223f133e53dbef2bc840e38c4dbee735,src_unit,1,182,1687,  ● useQuery Hook › Client Resolvers › should receive up to date @client(always: true) fields on entity update,reevaluated_acceptable,2026-09-07T08:09:37.716284+00:00,f2d4decb15795259,1,69ee34478976
apollo-client,1635977018_278ba5fd223f133e53dbef2bc840e38c4dbee735,src_unit,1,183,1711,  ● useQuery Hook › Skipping › should skip running a query when `skip` is `true`,reevaluated_acceptable,2026-09-07T08:09:37.717501+00:00,4308d00f01760ad0,4,69ee34478976
apollo-client,1635977018_278ba5fd223f133e53dbef2bc840e38c4dbee735,src_unit,1,184,1735,  ● useQuery Hook › Skipping › should not make network requests when `skip` is `true`,reevaluated_acceptable,2026-09-07T08:09:37.718765+00:00,2202a43948336238,2,69ee34478976
apollo-client,1635977018_278ba5fd223f133e53dbef2bc840e38c4dbee735,src_unit,1,185,1759,  ● useQuery Hook › Skipping › should tear down the query if `skip` is `true`,reevaluated_acceptable,2026-09-07T08:09:37.720034+00:00,f87f8e838fd8d7a6,3,69ee34478976
apollo-client,1635977018_278ba5fd223f133e53dbef2bc840e38c4dbee735,src_unit,1,186,1783,  ● useQuery Hook › Skipping › should treat fetchPolicy standby like skip,reevaluated_acceptable,2026-09-07T08:09:37.721284+00:00,e1f09b2fd57ade75,2,69ee34478976
apollo-client,1635977018_278ba5fd223f133e53dbef2bc840e38c4dbee735,src_unit,1,187,1807,  ● useQuery Hook › Skipping › should not refetch when skip is true,reevaluated_acceptable,2026-09-07T08:09:37.722526+00:00,6e53ddb67acbeda0,1,69ee34478976
apollo-client,1635977018_278ba5fd223f133e53dbef2bc840e38c4dbee735,src_unit,1,188,1855,  ● useQuery Hook › Missing Fields › should return partial cache data when `returnPartialData` is true,reevaluated_acceptable,2026-09-07T08:09:37.723774+00:00,16607376a6764306,1,69ee34478976
apollo-client,1635977018_278ba5fd223f133e53dbef2bc840e38c4dbee735,src_unit,1,189,1879,  ● useQuery Hook › Missing Fields › should not return partial cache data when `returnPartialData` is false,reevaluated_acceptable,2026-09-07T08:09:37.725036+00:00,54335f0e149856b1,1,69ee34478976
apollo-client,1635977018_278ba5fd223f133e53dbef2bc840e38c4dbee735,src_unit,1,190,1898,  ● useQuery Hook › Previous data › should persist previous data when a query is re-run,reevaluated_acceptable,2026-09-07T08:09:37.726301+00:00,107be4630c66d99b,2,69ee34478976
apollo-client,1635977018_278ba5fd223f133e53dbef2bc840e38c4dbee735,src_unit,1,191,1994,  ● useQuery Hook › multiple useQuery calls per component › cache-first for both,reevaluated_acceptable,2026-09-07T08:09:37.727571+00:00,76e9a96dc7892a23,1,69ee34478976
apollo-client,1635977018_278ba5fd223f133e53dbef2bc840e38c4dbee735,src_unit,1,192,2019,"  ● useQuery Hook › multiple useQuery calls per component › cache-first first, cache-and-network second",reevaluated_acceptable,2026-09-07T08:09:37.729211+00:00,3a89a43a76f2da2f,1,69ee34478976
apollo-client,1635977018_278ba5fd223f133e53dbef2bc840e38c4dbee735,src_unit,1,193,2044,"  ● useQuery Hook › multiple useQuery calls per component › cache-first first, network-only second",reevaluated_acceptable,2026-09-07T08:09:37.731272+00:00,680984d3cff8e8dd,1,69ee34478976
apollo-client,1635977018_278ba5fd223f133e53dbef2bc840e38c4dbee735,src_unit,1,194,2069,  ● useQuery Hook › multiple useQuery calls per component › cache-and-network for both,reevaluated_acceptable,2026-09-07T08:09:37.733304+00:00,8a33a6c0069d1762,2,69ee34478976
apollo-client,1635977018_278ba5fd223f133e53dbef2bc840e38c4dbee735,src_unit,1,195,2094,"  ● useQuery Hook › multiple useQuery calls per component › cache-and-network first, cache-first second",reevaluated_acceptable,2026-09-07T08:09:37.735133+00:00,c2bd4fdb75f1716b,1,69ee34478976
apollo-client,1635977018_278ba5fd223f133e53dbef2bc840e38c4dbee735,src_unit,1,196,2119,"  ● useQuery Hook › multiple useQuery calls per component › cache-and-network first, network-only second",reevaluated_acceptable,2026-09-07T08:09:37.736486+00:00,4336498b594fadab,2,69ee34478976
apollo-client,1635977018_278ba5fd223f133e53dbef2bc840e38c4dbee735,src_unit,1,197,2144,  ● useQuery Hook › multiple useQuery calls per component › network-only for both,reevaluated_acceptable,2026-09-07T08:09:37.737791+00:00,cf6b64793aa50484,2,69ee34478976
apollo-client,1635977018_278ba5fd223f133e53dbef2bc840e38c4dbee735,src_unit,1,198,2169,"  ● useQuery Hook › multiple useQuery calls per component › network-only first, cache-first second",reevaluated_acceptable,2026-09-07T08:09:37.739102+00:00,92c89b780de40131,1,69ee34478976
apollo-client,1635977018_278ba5fd223f133e53dbef2bc840e38c4dbee735,src_unit,1,199,2194,"  ● useQuery Hook › multiple useQuery calls per component › network-only first, cache-and-network second",reevaluated_acceptable,2026-09-07T08:09:37.740417+00:00,2a3b1ad7667471e8,2,69ee34478976
apollo-client,1635977018_278ba5fd223f133e53dbef2bc840e38c4dbee735,src_unit,1,200,2581,  ● client › invokes onResetStore callbacks before notifying queries during resetStore call,acceptable,2026-09-07T08:10:13.451556+00:00,8437786eee4b5f92,1,
apollo-client,1635977018_278ba5fd223f133e53dbef2bc840e38c4dbee735,src_unit,1,201,2759,  ● Query component › calls the children prop,reevaluated_acceptable,2026-09-07T08:10:13.454097+00:00,a680cabf50d5ad96,1,69ee34478976
apollo-client,1635977018_278ba5fd223f133e53dbef2bc840e38c4dbee735,src_unit,1,202,2779,  ● Query component › renders using the children prop,reevaluated_acceptable,2026-09-07T08:10:13.455935+00:00,fdbec58b2508fbe4,1,69ee34478976
apollo-client,1635977018_278ba5fd223f133e53dbef2bc840e38c4dbee735,src_unit,1,203,2799,  ● Query component › result provides › client,reevaluated_acceptable,2026-09-07T08:10:13.457730+00:00,d3f7bbcdf6c4839a,1,69ee34478976
apollo-client,1635977018_278ba5fd223f133e53dbef2bc840e38c4dbee735,src_unit,1,204,2839,  ● Query component › result provides › refetch,reevaluated_acceptable,2026-09-07T08:10:13.459593+00:00,1511b298d7cd4e4a,2,69ee34478976
apollo-client,1635977018_278ba5fd223f133e53dbef2bc840e38c4dbee735,src_unit,1,205,2859,  ● Query component › result provides › fetchMore,reevaluated_acceptable,2026-09-07T08:10:13.461408+00:00,1a31a3927b11f273,1,69ee34478976
apollo-client,1635977018_278ba5fd223f133e53dbef2bc840e38c4dbee735,src_unit,1,206,2879,  ● Query component › result provides › startPolling,reevaluated_acceptable,2026-09-07T08:10:13.463148+00:00,a5442125bde0c6b3,2,69ee34478976
apollo-client,1635977018_278ba5fd223f133e53dbef2bc840e38c4dbee735,src_unit,1,207,2899,  ● Query component › result provides › stopPolling,reevaluated_acceptable,2026-09-07T08:10:13.464916+00:00,f10ab7d16c5e261f,1,69ee34478976
apollo-client,1635977018_278ba5fd223f133e53dbef2bc840e38c4dbee735,src_unit,1,208,2919,  ● Query component › result provides › updateQuery,reevaluated_acceptable,2026-09-07T08:10:13.466625+00:00,8b9c02c416b54449,1,69ee34478976
apollo-client,1635977018_278ba5fd223f133e53dbef2bc840e38c4dbee735,src_unit,1,209,2939,  ● Query component › props allow › custom fetch-policy,reevaluated_acceptable,2026-09-07T08:10:13.468379+00:00,500b354026405ffd,1,69ee34478976
apollo-client,1635977018_278ba5fd223f133e53dbef2bc840e38c4dbee735,src_unit,1,210,2962,  ● Query component › props allow › default fetch-policy,reevaluated_acceptable,2026-09-07T08:10:13.470137+00:00,ce4d8fcc0eb5a1d8,1,69ee34478976
apollo-client,1635977018_278ba5fd223f133e53dbef2bc840e38c4dbee735,src_unit,1,211,2985,  ● Query component › props allow › notifyOnNetworkStatusChange,reevaluated_acceptable,2026-09-07T08:10:13.471642+00:00,66396b06a86f399e,1,69ee34478976
apollo-client,1635977018_278ba5fd223f133e53dbef2bc840e38c4dbee735,src_unit,1,212,3005,  ● Query component › props allow › pollInterval,reevaluated_acceptable,2026-09-07T08:10:13.472983+00:00,ed15c6e2eb8813c3,2,69ee34478976
apollo-client,1635977018_278ba5fd223f133e53dbef2bc840e38c4dbee735,src_unit,1,213,3025,  ● Query component › props allow › skip,reevaluated_acceptable,2026-09-07T08:10:13.474778+00:00,9d7dc809110be1a7,2,69ee34478976
apollo-client,1635977018_278ba5fd223f133e53dbef2bc840e38c4dbee735,src_unit,1,214,3066,  ● Query component › props allow › onError with data,reevaluated_acceptable,2026-09-07T08:10:13.480518+00:00,25bd271793c8eb2c,1,69ee34478976
apollo-client,1635977018_278ba5fd223f133e53dbef2bc840e38c4dbee735,src_unit,1,215,3086,  ● Query component › props disallow › Mutation provided as query,acceptable,2026-09-07T08:10:13.482358+00:00,826130599b2ebd8c,1,b3c0cec5ba84
apollo-client,1635977018_278ba5fd223f133e53dbef2bc840e38c4dbee735,src_unit,1,216,3108,  ● Query component › props disallow › Subscription provided as query,acceptable,2026-09-07T08:10:13.484020+00:00,667b6d052c0ddd5b,1,b3c0cec5ba84
apollo-client,1635977018_278ba5fd223f133e53dbef2bc840e38c4dbee735,src_unit,1,217,3130,  ● Query component › props disallow › onCompleted with error,reevaluated_acceptable,2026-09-07T08:10:13.485851+00:00,f0cad79e14bd4170,1,69ee34478976
apollo-client,1635977018_278ba5fd223f133e53dbef2bc840e38c4dbee735,src_unit,1,218,3150,  ● Query component › props disallow › onError with error,reevaluated_acceptable,2026-09-07T08:10:13.487700+00:00,16807bc2d49660bd,2,69ee34478976
apollo-client,1635977018_278ba5fd223f133e53dbef2bc840e38c4dbee735,src_unit,1,219,3253,  ● Query component › should error if the query changes type to a subscription,reevaluated_acceptable,2026-09-07T08:10:13.489495+00:00,273eaa83d7a864fb,1,69ee34478976
apollo-client,1635977018_278ba5fd223f133e53dbef2bc840e38c4dbee735,src_unit,1,220,3413,  ● Query component › Return partial data › should not return partial cache data when `returnPartialData` is false,reevaluated_acceptable,2026-09-07T08:10:13.491338+00:00,084b2c3d691ee17f,1,69ee34478976
apollo-client,1635977018_278ba5fd223f133e53dbef2bc840e38c4dbee735,src_unit,1,221,3431,  ● Query component › Return partial data › should return partial cache data when `returnPartialData` is true,reevaluated_acceptable,2026-09-07T08:10:13.493148+00:00,732687959d202b65,1,69ee34478976
apollo-client,1635977018_278ba5fd223f133e53dbef2bc840e38c4dbee735,src_unit,1,222,3693,  ● ApolloClient › constructor › will throw an error if cache is not passed in,reevaluated_acceptable,2026-09-07T08:10:13.494734+00:00,a34da5af0811ae10,1,69ee34478976
apollo-client,1635977018_278ba5fd223f133e53dbef2bc840e38c4dbee735,src_unit,1,223,3727,  ● ApolloClient › constructor › should create an `HttpLink` instance if `uri` is provided,reevaluated_acceptable,2026-09-07T08:10:13.496276+00:00,24995a1d2ef8cd71,1,69ee34478976
apollo-client,1635977018_278ba5fd223f133e53dbef2bc840e38c4dbee735,src_unit,1,224,3761,  ● ApolloClient › constructor › should accept `link` over `uri` if both are provided,reevaluated_acceptable,2026-09-07T08:10:13.498387+00:00,78c862fbb4395219,1,69ee34478976
apollo-client,1635977018_278ba5fd223f133e53dbef2bc840e38c4dbee735,src_unit,1,225,3795,  ● ApolloClient › constructor › should create an empty Link if `uri` and `link` are not provided,reevaluated_acceptable,2026-09-07T08:10:13.499821+00:00,671734e128e91e19,1,69ee34478976
apollo-client,1635977018_278ba5fd223f133e53dbef2bc840e38c4dbee735,src_unit,1,226,3931,  ● General Mutation testing › pick prop client over context client,reevaluated_acceptable,2026-09-07T08:10:13.501679+00:00,a5789af8ae4dc670,1,69ee34478976
apollo-client,1635977018_278ba5fd223f133e53dbef2bc840e38c4dbee735,src_unit,1,227,3954,  ● General Mutation testing › performs a mutation,reevaluated_acceptable,2026-09-07T08:10:13.504004+00:00,1d120a9703e3fce8,1,69ee34478976
apollo-client,1635977018_278ba5fd223f133e53dbef2bc840e38c4dbee735,src_unit,1,228,3974,  ● General Mutation testing › can bind only the mutation and not rerender by props,reevaluated_acceptable,2026-09-07T08:10:13.506229+00:00,0d6b2fcbb8d25893,1,69ee34478976
apollo-client,1635977018_278ba5fd223f133e53dbef2bc840e38c4dbee735,src_unit,1,229,3992,  ● General Mutation testing › returns a resolved promise when calling the mutation function,reevaluated_acceptable,2026-09-07T08:10:13.507690+00:00,a43bc3604800edfa,1,69ee34478976
apollo-client,1635977018_278ba5fd223f133e53dbef2bc840e38c4dbee735,src_unit,1,230,4015,  ● General Mutation testing › returns rejected promise when calling the mutation function,reevaluated_acceptable,2026-09-07T08:10:13.509164+00:00,51a53fb4ef3772a4,1,69ee34478976
apollo-client,1635977018_278ba5fd223f133e53dbef2bc840e38c4dbee735,src_unit,1,231,4038,  ● General Mutation testing › only shows result for the latest mutation that is in flight,reevaluated_acceptable,2026-09-07T08:10:13.510575+00:00,b12adc620d8aab85,1,69ee34478976
apollo-client,1635977018_278ba5fd223f133e53dbef2bc840e38c4dbee735,src_unit,1,232,4061,  ● General Mutation testing › only shows the error for the latest mutation in flight,reevaluated_acceptable,2026-09-07T08:10:13.512023+00:00,dc301c40ad7e8fae,1,69ee34478976
apollo-client,1635977018_278ba5fd223f133e53dbef2bc840e38c4dbee735,src_unit,1,233,4084,  ● General Mutation testing › calls the onCompleted prop as soon as the mutation is complete,reevaluated_acceptable,2026-09-07T08:10:13.513443+00:00,5fc49809eef3febd,1,69ee34478976
apollo-client,1635977018_278ba5fd223f133e53dbef2bc840e38c4dbee735,src_unit,1,234,4107,  ● General Mutation testing › renders result of the children render prop,reevaluated_acceptable,2026-09-07T08:10:13.514938+00:00,e9ea841b6451a1fe,1,69ee34478976
apollo-client,1635977018_278ba5fd223f133e53dbef2bc840e38c4dbee735,src_unit,1,235,4125,  ● General Mutation testing › renders an error state,reevaluated_acceptable,2026-09-07T08:10:13.516398+00:00,75d1815064af7503,1,69ee34478976
apollo-client,1635977018_278ba5fd223f133e53dbef2bc840e38c4dbee735,src_unit,1,236,4148,  ● General Mutation testing › renders an error state and throws when encountering graphql errors,reevaluated_acceptable,2026-09-07T08:10:13.517835+00:00,aabf7719c4c2c0f8,1,69ee34478976
apollo-client,1635977018_278ba5fd223f133e53dbef2bc840e38c4dbee735,src_unit,1,237,4171,  ● General Mutation testing › renders an error state and does not throw when encountering graphql errors when errorPolicy=all,reevaluated_acceptable,2026-09-07T08:10:13.519274+00:00,ca8a78328235f4a7,1,69ee34478976
apollo-client,1635977018_278ba5fd223f133e53dbef2bc840e38c4dbee735,src_unit,1,238,4194,  ● General Mutation testing › renders an error state and throws when encountering network errors when errorPolicy=all,reevaluated_acceptable,2026-09-07T08:10:13.520720+00:00,6801c738d5644ce9,1,69ee34478976
apollo-client,1635977018_278ba5fd223f133e53dbef2bc840e38c4dbee735,src_unit,1,239,4240,  ● General Mutation testing › performs a mutation with variables prop,reevaluated_acceptable,2026-09-07T08:10:13.522190+00:00,a040657dca98002a,1,69ee34478976
apollo-client,1635977018_278ba5fd223f133e53dbef2bc840e38c4dbee735,src_unit,1,240,4263,  ● General Mutation testing › allows passing a variable to the mutate function,reevaluated_acceptable,2026-09-07T08:10:13.523642+00:00,980e32484e5f8a8e,1,69ee34478976
apollo-client,1635977018_278ba5fd223f133e53dbef2bc840e38c4dbee735,src_unit,1,241,4286,  ● General Mutation testing › allows an optimistic response prop,reevaluated_acceptable,2026-09-07T08:10:13.525453+00:00,1b6921afb6edf2c5,1,69ee34478976
apollo-client,1635977018_278ba5fd223f133e53dbef2bc840e38c4dbee735,src_unit,1,242,4309,  ● General Mutation testing › allows passing an optimistic response to the mutate function,reevaluated_acceptable,2026-09-07T08:10:13.526935+00:00,fd7a007a6b94f4f8,1,69ee34478976
apollo-client,1635977018_278ba5fd223f133e53dbef2bc840e38c4dbee735,src_unit,1,243,4398,  ● General Mutation testing › has an update prop for updating the store after the mutation,reevaluated_acceptable,2026-09-07T08:10:13.528521+00:00,aad5186324a0b86c,1,69ee34478976
apollo-client,1635977018_278ba5fd223f133e53dbef2bc840e38c4dbee735,src_unit,1,244,4421,  ● General Mutation testing › allows update to be passed to the mutate function,reevaluated_acceptable,2026-09-07T08:10:13.531381+00:00,26073186ef24b8fc,1,69ee34478976
apollo-client,1635977018_278ba5fd223f133e53dbef2bc840e38c4dbee735,src_unit,1,245,4444,  ● General Mutation testing › allows for overriding the options passed in the props by passing them in the mutate function,reevaluated_acceptable,2026-09-07T08:10:13.533227+00:00,4efbfb470f305971,1,69ee34478976
apollo-client,1635977018_278ba5fd223f133e53dbef2bc840e38c4dbee735,src_unit,1,246,4467,  ● General Mutation testing › updates if the client changes,reevaluated_acceptable,2026-09-07T08:10:13.534921+00:00,6038313ab71cb003,1,69ee34478976
apollo-client,1635977018_278ba5fd223f133e53dbef2bc840e38c4dbee735,src_unit,1,247,4490,  ● General Mutation testing › uses client from props instead of one provided by context,reevaluated_acceptable,2026-09-07T08:10:13.536455+00:00,e9fb00b175d31e13,1,69ee34478976
apollo-client,1635977018_278ba5fd223f133e53dbef2bc840e38c4dbee735,src_unit,1,248,4508,  ● General Mutation testing › errors if a query is passed instead of a mutation,acceptable,2026-09-07T08:10:13.538083+00:00,b7e0222236acf746,1,b3c0cec5ba84
apollo-client,1635977018_278ba5fd223f133e53dbef2bc840e38c4dbee735,src_unit,1,249,4530,  ● General Mutation testing › errors when changing from mutation to a query,reevaluated_acceptable,2026-09-07T08:10:13.539760+00:00,cee7be52df53b1df,1,69ee34478976
apollo-client,1635977018_278ba5fd223f133e53dbef2bc840e38c4dbee735,src_unit,1,250,4548,  ● General Mutation testing › errors if a subscription is passed instead of a mutation,acceptable,2026-09-07T08:10:13.542124+00:00,4a91c8930efffdf0,1,b3c0cec5ba84
apollo-client,1635977018_278ba5fd223f133e53dbef2bc840e38c4dbee735,src_unit,1,251,4570,  ● General Mutation testing › errors when changing from mutation to a subscription,reevaluated_acceptable,2026-09-07T08:10:13.544721+00:00,aaf238ba6c4376fe,1,69ee34478976
apollo-client,1635977018_278ba5fd223f133e53dbef2bc840e38c4dbee735,src_unit,1,252,4588,  ● General Mutation testing › after it has been unmounted › calls the onCompleted prop after the mutation is complete,reevaluated_acceptable,2026-09-07T08:10:13.547198+00:00,ffc77c74dce2890b,1,69ee34478976
apollo-client,1635977018_278ba5fd223f133e53dbef2bc840e38c4dbee735,src_unit,1,253,4630,  ● Test suite failed to run,reevaluated_acceptable,2026-09-07T08:10:13.548778+00:00,ca534a2853f3b483,1,69ee34478976
apollo-client,1635977018_278ba5fd223f133e53dbef2bc840e38c4dbee735,src_unit,1,254,5004,  ● Test suite failed to run,reevaluated_acceptable,2026-09-07T08:10:31.560043+00:00,a3fd80b21f2b10b9,1,
apollo-client,1635977018_278ba5fd223f133e53dbef2bc840e38c4dbee735,src_unit,1,255,5066,  ● useMutation Hook › General use › should be able to call mutations as an effect,reevaluated_acceptable,2026-09-07T08:10:31.562806+00:00,2e9237ff6372c449,1,69ee34478976
apollo-client,1635977018_278ba5fd223f133e53dbef2bc840e38c4dbee735,src_unit,1,256,5090,  ● useMutation Hook › General use › should ensure the mutation callback function has a stable identity,reevaluated_acceptable,2026-09-07T08:10:31.564690+00:00,aaf1f985a8ebd4e6,2,69ee34478976
apollo-client,1635977018_278ba5fd223f133e53dbef2bc840e38c4dbee735,src_unit,1,257,5114,  ● useMutation Hook › General use › should resolve mutate function promise with mutation results,reevaluated_acceptable,2026-09-07T08:10:31.566402+00:00,d13f3debeb4e0edc,1,69ee34478976
apollo-client,1635977018_278ba5fd223f133e53dbef2bc840e38c4dbee735,src_unit,1,258,5138,  ● useMutation Hook › General use › mutate function upon error › resolves with the resulting data and errors,reevaluated_acceptable,2026-09-07T08:10:31.568057+00:00,8d6adb73e8faa259,1,69ee34478976
apollo-client,1635977018_278ba5fd223f133e53dbef2bc840e38c4dbee735,src_unit,1,259,5162,  ● useMutation Hook › General use › mutate function upon error › should reject when errorPolicy is 'none',reevaluated_acceptable,2026-09-07T08:10:31.569656+00:00,066d53be18eb188c,1,69ee34478976
apollo-client,1635977018_278ba5fd223f133e53dbef2bc840e38c4dbee735,src_unit,1,260,5186,  ● useMutation Hook › General use › mutate function upon error › should resolve with 'data' and 'error' properties when errorPolicy is 'all',reevaluated_acceptable,2026-09-07T08:10:31.571991+00:00,f351af00b1cf9317,1,69ee34478976
apollo-client,1635977018_278ba5fd223f133e53dbef2bc840e38c4dbee735,src_unit,1,261,5210,  ● useMutation Hook › General use › should return the current client instance in the result object,reevaluated_acceptable,2026-09-07T08:10:31.574442+00:00,384937acf1849049,1,69ee34478976
apollo-client,1635977018_278ba5fd223f133e53dbef2bc840e38c4dbee735,src_unit,1,262,5234,  ● useMutation Hook › General use › should merge provided variables,reevaluated_acceptable,2026-09-07T08:10:31.576388+00:00,91370c8f53897790,1,69ee34478976
apollo-client,1635977018_278ba5fd223f133e53dbef2bc840e38c4dbee735,src_unit,1,263,5258,  ● useMutation Hook › General use › should be possible to reset the mutation,reevaluated_acceptable,2026-09-07T08:10:31.578076+00:00,f20c35fde45376ba,1,69ee34478976
apollo-client,1635977018_278ba5fd223f133e53dbef2bc840e38c4dbee735,src_unit,1,264,5282,  ● useMutation Hook › ROOT_MUTATION cache data › should be removed by default after the mutation,reevaluated_acceptable,2026-09-07T08:10:31.579778+00:00,4ca2f6d76199ea5c,1,69ee34478976
apollo-client,1635977018_278ba5fd223f133e53dbef2bc840e38c4dbee735,src_unit,1,265,5306,  ● useMutation Hook › ROOT_MUTATION cache data › can be preserved by passing keepRootFields: true,reevaluated_acceptable,2026-09-07T08:10:31.581590+00:00,648521e8ba7d1c89,1,69ee34478976
apollo-client,1635977018_278ba5fd223f133e53dbef2bc840e38c4dbee735,src_unit,1,266,5330,  ● useMutation Hook › Update function › should be called with the provided variables,reevaluated_acceptable,2026-09-07T08:10:31.583514+00:00,7bd674660d04f8c6,1,69ee34478976
apollo-client,1635977018_278ba5fd223f133e53dbef2bc840e38c4dbee735,src_unit,1,267,5353,  ● useMutation Hook › Update function › should be called with the provided context,reevaluated_acceptable,2026-09-07T08:10:31.585249+00:00,3b8a7b4fd7614c0e,1,69ee34478976
apollo-client,1635977018_278ba5fd223f133e53dbef2bc840e38c4dbee735,src_unit,1,268,5373,  ● useMutation Hook › Update function › If context is not provided › should be undefined,reevaluated_acceptable,2026-09-07T08:10:31.587525+00:00,2af5461efd06ce65,1,69ee34478976
apollo-client,1635977018_278ba5fd223f133e53dbef2bc840e38c4dbee735,src_unit,1,269,5393,  ● useMutation Hook › Optimistic response › should support optimistic response handling,reevaluated_acceptable,2026-09-07T08:10:31.589525+00:00,929410daaf2d538f,1,69ee34478976
apollo-client,1635977018_278ba5fd223f133e53dbef2bc840e38c4dbee735,src_unit,1,270,5436,  ● useMutation Hook › Optimistic response › should be called with the provided context,reevaluated_acceptable,2026-09-07T08:10:31.591354+00:00,137a64515f8fe706,1,69ee34478976
apollo-client,1635977018_278ba5fd223f133e53dbef2bc840e38c4dbee735,src_unit,1,271,5479,  ● useMutation Hook › refetching queries › can pass onQueryUpdated to useMutation,reevaluated_acceptable,2026-09-07T08:10:31.594101+00:00,bea620adce7214ed,3,69ee34478976
apollo-client,1635977018_278ba5fd223f133e53dbef2bc840e38c4dbee735,src_unit,1,272,5503,  ● useMutation Hook › refetching queries › refetchQueries with operation names should update cache,reevaluated_acceptable,2026-09-07T08:10:31.596195+00:00,65d9ec5e1398faed,1,69ee34478976
apollo-client,1635977018_278ba5fd223f133e53dbef2bc840e38c4dbee735,src_unit,1,273,5551,  ● useMutation Hook › refetching queries › refetchQueries should update cache after unmount,reevaluated_acceptable,2026-09-07T08:10:31.597902+00:00,a6ab4f851e2bfda8,1,69ee34478976
apollo-client,1635977018_278ba5fd223f133e53dbef2bc840e38c4dbee735,src_unit,1,274,5575,  ● useMutation Hook › refetching queries › using onQueryUpdated callback should not prevent cache broadcast,reevaluated_acceptable,2026-09-07T08:10:31.599768+00:00,e120f060bef57095,1,69ee34478976
apollo-client,1635977018_278ba5fd223f133e53dbef2bc840e38c4dbee735,src_unit,1,275,5674,  ● Test suite failed to run,acceptable,2026-09-07T08:11:06.991221+00:00,abb6f8dd3d5e127c,1,
apollo-client,1635977018_278ba5fd223f133e53dbef2bc840e38c4dbee735,src_unit,1,276,5865,  ● [queries] lifecycle › stays subscribed to updates after irrelevant prop changes,reevaluated_acceptable,2026-09-07T08:11:06.993336+00:00,4fb320228cdbd8a4,2,69ee34478976
apollo-client,1635977018_278ba5fd223f133e53dbef2bc840e38c4dbee735,src_unit,1,277,5885,  ● [queries] lifecycle › correctly rebuilds props on remount,reevaluated_acceptable,2026-09-07T08:11:06.996276+00:00,509f404b8d36fa0d,2,69ee34478976
apollo-client,1635977018_278ba5fd223f133e53dbef2bc840e38c4dbee735,src_unit,1,278,5925,  ● [queries] lifecycle › handles synchronous racecondition with prefilled data from the server,reevaluated_acceptable,2026-09-07T08:11:06.997988+00:00,2941b17ff3569b6b,1,69ee34478976
apollo-client,1635977018_278ba5fd223f133e53dbef2bc840e38c4dbee735,src_unit,1,279,5945,  ● [queries] lifecycle › handles asynchronous racecondition with prefilled data from the server,reevaluated_acceptable,2026-09-07T08:11:06.999664+00:00,74f7e53a90ca609b,1,69ee34478976
apollo-client,1635977018_278ba5fd223f133e53dbef2bc840e38c4dbee735,src_unit,1,280,6018,  ● [queries] skip › continues to not subscribe to a skipped query when props change,reevaluated_acceptable,2026-09-07T08:11:07.001323+00:00,574797e1a8dc1363,2,69ee34478976
apollo-client,1635977018_278ba5fd223f133e53dbef2bc840e38c4dbee735,src_unit,1,281,6058,"  ● [queries] skip › doesn't run options or props when skipped, including option.client",reevaluated_acceptable,2026-09-07T08:11:07.002985+00:00,62d61c0e939464c2,2,69ee34478976
apollo-client,1635977018_278ba5fd223f133e53dbef2bc840e38c4dbee735,src_unit,1,282,6078,  ● [queries] skip › doesn't run options or props when skipped even if the component updates,reevaluated_acceptable,2026-09-07T08:11:07.004700+00:00,f5611819107619ef,2,69ee34478976
apollo-client,1635977018_278ba5fd223f133e53dbef2bc840e38c4dbee735,src_unit,1,283,6098,  ● [queries] skip › allows you to skip a query without running it (alternate syntax),reevaluated_acceptable,2026-09-07T08:11:07.006368+00:00,be399e9021ccc66a,2,69ee34478976
apollo-client,1635977018_278ba5fd223f133e53dbef2bc840e38c4dbee735,src_unit,1,284,6118,  ● [queries] skip › allows you to skip then unskip a query with top-level syntax,reevaluated_acceptable,2026-09-07T08:11:07.008026+00:00,69020afd2f7b5bf3,1,69ee34478976
apollo-client,1635977018_278ba5fd223f133e53dbef2bc840e38c4dbee735,src_unit,1,285,6138,  ● [queries] skip › allows you to skip then unskip a query with new options (top-level syntax),reevaluated_acceptable,2026-09-07T08:11:07.009738+00:00,7e72a02c2af0aee9,4,69ee34478976
apollo-client,1635977018_278ba5fd223f133e53dbef2bc840e38c4dbee735,src_unit,1,286,6177,  ● [queries] skip › removes the injected props if skip becomes true,reevaluated_acceptable,2026-09-07T08:11:07.011426+00:00,cf6d082883d4d709,3,69ee34478976
apollo-client,1635977018_278ba5fd223f133e53dbef2bc840e38c4dbee735,src_unit,1,287,6200,  ● [queries] skip › allows you to unmount a skipped query,reevaluated_acceptable,2026-09-07T08:11:07.013117+00:00,62078499f95bfe6d,1,69ee34478976
apollo-client,1635977018_278ba5fd223f133e53dbef2bc840e38c4dbee735,src_unit,1,288,6248,  ● [queries] loading › exposes networkStatus as a part of the props api,reevaluated_acceptable,2026-09-07T08:11:07.014790+00:00,4811bd3d026055d0,1,69ee34478976
apollo-client,1635977018_278ba5fd223f133e53dbef2bc840e38c4dbee735,src_unit,1,289,6268,  ● [queries] loading › should set the initial networkStatus to 1 (loading),reevaluated_acceptable,2026-09-07T08:11:07.016523+00:00,bb5b6e2692297827,1,69ee34478976
apollo-client,1635977018_278ba5fd223f133e53dbef2bc840e38c4dbee735,src_unit,1,290,6288,  ● [queries] loading › should set the networkStatus to 7 (ready) when the query is loaded,reevaluated_acceptable,2026-09-07T08:11:07.018249+00:00,18e5ee55e284ac0d,1,69ee34478976
apollo-client,1635977018_278ba5fd223f133e53dbef2bc840e38c4dbee735,src_unit,1,291,6466,  ● [queries] errors › does not swallow children errors,reevaluated_acceptable,2026-09-07T08:11:07.019972+00:00,1132dcb076118cda,1,69ee34478976
apollo-client,1635977018_278ba5fd223f133e53dbef2bc840e38c4dbee735,src_unit,1,292,6486,  ● [queries] errors › can unmount without error,reevaluated_acceptable,2026-09-07T08:11:07.022728+00:00,d1d0ef0b57961453,1,69ee34478976
apollo-client,1635977018_278ba5fd223f133e53dbef2bc840e38c4dbee735,src_unit,1,293,6645,  ● [queries] errors › errorPolicy › passes any GraphQL errors in props along with data,reevaluated_acceptable,2026-09-07T08:11:07.025563+00:00,4140e1abcea20283,1,69ee34478976
apollo-client,1635977018_278ba5fd223f133e53dbef2bc840e38c4dbee735,src_unit,1,294,6723,  ● queries › includes the variables in the props,reevaluated_acceptable,2026-09-07T08:11:07.027804+00:00,dc6423d91f50c103,1,69ee34478976
apollo-client,1635977018_278ba5fd223f133e53dbef2bc840e38c4dbee735,src_unit,1,295,6763,  ● queries › executes a query,reevaluated_acceptable,2026-09-07T08:11:07.029569+00:00,ed3ee97be8c44c3b,2,69ee34478976
apollo-client,1635977018_278ba5fd223f133e53dbef2bc840e38c4dbee735,src_unit,1,296,6783,  ● queries › executes a query with two root fields,reevaluated_acceptable,2026-09-07T08:11:07.031311+00:00,b6b3bff567562378,1,69ee34478976
apollo-client,1635977018_278ba5fd223f133e53dbef2bc840e38c4dbee735,src_unit,1,297,6803,  ● queries › maps props as variables if they match,reevaluated_acceptable,2026-09-07T08:11:07.033058+00:00,b4445008c27ec848,1,69ee34478976
apollo-client,1635977018_278ba5fd223f133e53dbef2bc840e38c4dbee735,src_unit,1,298,6823,  ● queries › doesn't care about the order of variables in a request,reevaluated_acceptable,2026-09-07T08:11:07.034793+00:00,f4ab8359b19c8bf5,1,69ee34478976
apollo-client,1635977018_278ba5fd223f133e53dbef2bc840e38c4dbee735,src_unit,1,299,6843,  ● queries › allows falsy values in the mapped variables from props,reevaluated_acceptable,2026-09-07T08:11:07.036580+00:00,9995db8f1e21a167,1,69ee34478976
apollo-client,1635977018_278ba5fd223f133e53dbef2bc840e38c4dbee735,src_unit,1,300,6863,  ● queries › doesn't error on optional required props,reevaluated_acceptable,2026-09-07T08:11:07.038336+00:00,b0166e062989a23e,1,69ee34478976
apollo-client,1635977018_278ba5fd223f133e53dbef2bc840e38c4dbee735,src_unit,1,301,6884,  ● queries › allows context through updates,reevaluated_acceptable,2026-09-07T08:11:07.040079+00:00,bf0670832a10003b,1,69ee34478976
apollo-client,1635977018_278ba5fd223f133e53dbef2bc840e38c4dbee735,src_unit,1,302,6904,  ● queries › stores the component name,reevaluated_acceptable,2026-09-07T08:11:07.041814+00:00,fc68d6440ad6ff4d,1,69ee34478976
apollo-client,1635977018_278ba5fd223f133e53dbef2bc840e38c4dbee735,src_unit,1,303,6924,  ● queries › passes context to the link,reevaluated_acceptable,2026-09-07T08:11:07.043574+00:00,8ba7a0800eb6dd60,1,69ee34478976
apollo-client,1635977018_278ba5fd223f133e53dbef2bc840e38c4dbee735,src_unit,1,304,7019,  ● Test suite failed to run,reevaluated_acceptable,2026-09-07T08:11:07.045361+00:00,67c5b5147b27957c,1,4ba438342341
apollo-client,1635977018_278ba5fd223f133e53dbef2bc840e38c4dbee735,src_unit,1,305,7026,  ● Test suite failed to run,acceptable,2026-09-07T08:11:14.836032+00:00,4e26ac008b8ce7b7,1,
apollo-client,1635977018_278ba5fd223f133e53dbef2bc840e38c4dbee735,src_unit,1,306,7125,  ● useLazyQuery Hook › should hold query execution until manually triggered,reevaluated_acceptable,2026-09-07T08:11:14.838290+00:00,d8444a9ae8618467,2,69ee34478976
apollo-client,1635977018_278ba5fd223f133e53dbef2bc840e38c4dbee735,src_unit,1,307,7149,  ● useLazyQuery Hook › should set `called` to false by default,reevaluated_acceptable,2026-09-07T08:11:14.840280+00:00,27f6aa861b008d6e,2,69ee34478976
apollo-client,1635977018_278ba5fd223f133e53dbef2bc840e38c4dbee735,src_unit,1,308,7173,  ● useLazyQuery Hook › should set `called` to true after calling the lazy execute function,reevaluated_acceptable,2026-09-07T08:11:14.842297+00:00,8e2c9c643c534b5a,2,69ee34478976
apollo-client,1635977018_278ba5fd223f133e53dbef2bc840e38c4dbee735,src_unit,1,309,7197,  ● useLazyQuery Hook › should override `skip` if lazy mode execution function is called,reevaluated_acceptable,2026-09-07T08:11:14.844276+00:00,2b1afb9a6cb520b5,2,69ee34478976
apollo-client,1635977018_278ba5fd223f133e53dbef2bc840e38c4dbee735,src_unit,1,310,7221,"  ● useLazyQuery Hook › should use variables defined in hook options (if any), when running the lazy execution function",reevaluated_acceptable,2026-09-07T08:11:14.846284+00:00,d7a8bfc8e720f682,2,69ee34478976
apollo-client,1635977018_278ba5fd223f133e53dbef2bc840e38c4dbee735,src_unit,1,311,7245,"  ● useLazyQuery Hook › should use variables passed into lazy execution function, overriding similar variables defined in Hook options",reevaluated_acceptable,2026-09-07T08:11:14.848286+00:00,ccd9768d771a52e6,2,69ee34478976
apollo-client,1635977018_278ba5fd223f133e53dbef2bc840e38c4dbee735,src_unit,1,312,7293,  ● useLazyQuery Hook › should persist previous data when a query is re-run,reevaluated_acceptable,2026-09-07T08:11:14.850316+00:00,57553cd46128607a,3,69ee34478976
apollo-client,1635977018_278ba5fd223f133e53dbef2bc840e38c4dbee735,src_unit,1,313,7389,  ● useLazyQuery Hook › should return a promise from the execution function which resolves with the result,reevaluated_acceptable,2026-09-07T08:11:14.853374+00:00,8dec30ba19335a95,2,69ee34478976
apollo-client,1635977018_278ba5fd223f133e53dbef2bc840e38c4dbee735,src_unit,1,314,7445,  ● useSubscription Hook › should handle a simple subscription properly,reevaluated_acceptable,2026-09-07T08:11:14.855368+00:00,3ef6bca1b674233e,1,69ee34478976
apollo-client,1635977018_278ba5fd223f133e53dbef2bc840e38c4dbee735,src_unit,1,315,7469,  ● useSubscription Hook › should cleanup after the subscription component has been unmounted,reevaluated_acceptable,2026-09-07T08:11:14.857406+00:00,de4c6113d9e0885e,1,69ee34478976
apollo-client,1635977018_278ba5fd223f133e53dbef2bc840e38c4dbee735,src_unit,1,316,7493,  ● useSubscription Hook › should never execute a subscription with the skip option,reevaluated_acceptable,2026-09-07T08:11:14.859458+00:00,7d736e1d3359adaa,1,69ee34478976
apollo-client,1635977018_278ba5fd223f133e53dbef2bc840e38c4dbee735,src_unit,1,317,7541,  ● useSubscription Hook › should share context set in options,reevaluated_acceptable,2026-09-07T08:11:14.861506+00:00,cfa68d5062c4e47a,1,69ee34478976
apollo-client,1635977018_278ba5fd223f133e53dbef2bc840e38c4dbee735,src_unit,1,318,7589,  ● useSubscription Hook › should handle immediate completions gracefully,reevaluated_acceptable,2026-09-07T08:11:14.863521+00:00,3029f9c86889f2d9,1,69ee34478976
apollo-client,1635977018_278ba5fd223f133e53dbef2bc840e38c4dbee735,src_unit,1,319,7652,  ● executes the subscription,reevaluated_acceptable,2026-09-07T08:11:14.865624+00:00,8909f25cf29a2cc4,2,69ee34478976
apollo-client,1635977018_278ba5fd223f133e53dbef2bc840e38c4dbee735,src_unit,1,320,7672,  ● calls onSubscriptionData if given,reevaluated_acceptable,2026-09-07T08:11:14.867611+00:00,e6b687500787178f,1,69ee34478976
apollo-client,1635977018_278ba5fd223f133e53dbef2bc840e38c4dbee735,src_unit,1,321,7692,  ● should call onSubscriptionComplete if specified,reevaluated_acceptable,2026-09-07T08:11:14.869495+00:00,d8b835942242c129,1,69ee34478976
apollo-client,1635977018_278ba5fd223f133e53dbef2bc840e38c4dbee735,src_unit,1,322,7712,  ● executes subscription for the variables passed in the props,reevaluated_acceptable,2026-09-07T08:11:14.871506+00:00,6c2633f7b2a35f70,1,69ee34478976
apollo-client,1635977018_278ba5fd223f133e53dbef2bc840e38c4dbee735,src_unit,1,323,7732,  ● does not execute if variables have not changed,reevaluated_acceptable,2026-09-07T08:11:14.873558+00:00,f8a9df0f9f1b3785,1,69ee34478976
apollo-client,1635977018_278ba5fd223f133e53dbef2bc840e38c4dbee735,src_unit,1,324,7752,  ● renders an error,reevaluated_acceptable,2026-09-07T08:11:14.875580+00:00,75ddc38819396eda,1,69ee34478976
apollo-client,1635977018_278ba5fd223f133e53dbef2bc840e38c4dbee735,src_unit,1,325,7852,  ● should not update › if shouldResubscribe returns false,reevaluated_acceptable,2026-09-07T08:11:14.877632+00:00,7bbeb2d7fb217baf,2,69ee34478976
apollo-client,1635977018_278ba5fd223f133e53dbef2bc840e38c4dbee735,src_unit,1,326,7893,  ● General use › should mock the data,reevaluated_acceptable,2026-09-07T08:11:14.879676+00:00,920b34b407ad382c,1,69ee34478976
apollo-client,1635977018_278ba5fd223f133e53dbef2bc840e38c4dbee735,src_unit,1,327,7913,  ● General use › should allow querying with the typename,reevaluated_acceptable,2026-09-07T08:11:14.881758+00:00,f1e44380362fa054,1,69ee34478976
apollo-client,1635977018_278ba5fd223f133e53dbef2bc840e38c4dbee735,src_unit,1,328,7933,  ● General use › should allow using a custom cache,reevaluated_acceptable,2026-09-07T08:11:14.883829+00:00,b1df4348dad32d1a,1,69ee34478976
apollo-client,1635977018_278ba5fd223f133e53dbef2bc840e38c4dbee735,src_unit,1,329,7993,  ● General use › should not error if the variables match but have different order,reevaluated_acceptable,2026-09-07T08:11:14.885922+00:00,1d09ac89d16026bb,1,69ee34478976
apollo-client,1635977018_278ba5fd223f133e53dbef2bc840e38c4dbee735,src_unit,1,330,8053,  ● General use › should pass down props prop in mock as props for the component,reevaluated_acceptable,2026-09-07T08:11:14.887797+00:00,3874af3c8db80f58,1,69ee34478976
apollo-client,1635977018_278ba5fd223f133e53dbef2bc840e38c4dbee735,src_unit,1,331,8071,  ● General use › should not crash on unmount if there is no query manager,reevaluated_acceptable,2026-09-07T08:11:14.889869+00:00,00692005069a6b2f,1,69ee34478976
apollo-client,1635977018_278ba5fd223f133e53dbef2bc840e38c4dbee735,src_unit,1,332,8089,  ● General use › should support returning mocked results from a function,reevaluated_acceptable,2026-09-07T08:11:14.891951+00:00,755dc7a724f7b597,1,69ee34478976
apollo-client,1635977018_278ba5fd223f133e53dbef2bc840e38c4dbee735,src_unit,1,333,8149,  ● General use › should support custom error handling using setOnError,reevaluated_acceptable,2026-09-07T08:11:14.894115+00:00,33297b490645a843,1,69ee34478976
apollo-client,1635977018_278ba5fd223f133e53dbef2bc840e38c4dbee735,src_unit,1,334,8209,  ● @client testing › should support @client fields with field policies,reevaluated_acceptable,2026-09-07T08:11:14.896019+00:00,056247eb568706cc,1,69ee34478976
apollo-client,1635977018_278ba5fd223f133e53dbef2bc840e38c4dbee735,src_unit,1,335,8261,  ● [queries] observableQuery › will recycle `ObservableQuery`s when re-rendering the entire tree,reevaluated_acceptable,2026-09-07T08:11:14.897853+00:00,ad07f37415b4d174,1,69ee34478976
apollo-client,1635977018_278ba5fd223f133e53dbef2bc840e38c4dbee735,src_unit,1,336,8304,  ● [queries] observableQuery › not overly rerender,reevaluated_acceptable,2026-09-07T08:11:14.899763+00:00,1e376abe15e2e068,1,69ee34478976
apollo-client,1635977018_278ba5fd223f133e53dbef2bc840e38c4dbee735,src_unit,1,337,8327,  ● [queries] observableQuery › does rerender if query returns differnt result,reevaluated_acceptable,2026-09-07T08:11:14.901660+00:00,e7fe26b944fcb6c3,1,69ee34478976
apollo-client,1635977018_278ba5fd223f133e53dbef2bc840e38c4dbee735,src_unit,1,338,8362,  ● graphql(mutation) update queries › will run `update` for a previously mounted component,reevaluated_acceptable,2026-09-07T08:11:14.903611+00:00,a8500b76aaa7df78,1,69ee34478976
apollo-client,1635977018_278ba5fd223f133e53dbef2bc840e38c4dbee735,src_unit,1,339,8415,  ● graphql(mutation) query integration › allows for passing optimisticResponse for a mutation,reevaluated_acceptable,2026-09-07T08:11:14.905516+00:00,f94b0861a63799ea,1,69ee34478976
apollo-client,1635977018_278ba5fd223f133e53dbef2bc840e38c4dbee735,src_unit,1,340,8475,  ● graphql(mutation) query integration › should be able to override the internal `ignoreResults` setting,reevaluated_acceptable,2026-09-07T08:11:14.907425+00:00,4731b74c483ab359,1,69ee34478976
apollo-client,1635977018_278ba5fd223f133e53dbef2bc840e38c4dbee735,src_unit,1,341,8509,  ● shared operations › withApollo › passes apollo-client to props,reevaluated_acceptable,2026-09-07T08:11:14.909343+00:00,7a082988274587bf,1,69ee34478976
apollo-client,1635977018_278ba5fd223f133e53dbef2bc840e38c4dbee735,src_unit,1,342,8527,  ● shared operations › binds two queries to props,reevaluated_acceptable,2026-09-07T08:11:14.911305+00:00,64bb8715950ff466,1,69ee34478976
apollo-client,1635977018_278ba5fd223f133e53dbef2bc840e38c4dbee735,src_unit,1,343,8545,  ● shared operations › binds two queries to props with different syntax,reevaluated_acceptable,2026-09-07T08:11:14.913232+00:00,7ba3a8ba4043c0cf,1,69ee34478976
apollo-client,1635977018_278ba5fd223f133e53dbef2bc840e38c4dbee735,src_unit,1,344,8563,  ● shared operations › binds two operations to props,reevaluated_acceptable,2026-09-07T08:11:14.915150+00:00,9bb4baac9058542c,1,69ee34478976
apollo-client,1635977018_278ba5fd223f133e53dbef2bc840e38c4dbee735,src_unit,1,345,8581,  ● shared operations › allows options to take an object,reevaluated_acceptable,2026-09-07T08:11:14.917040+00:00,d51645518284b54b,2,69ee34478976
apollo-client,1635977018_278ba5fd223f133e53dbef2bc840e38c4dbee735,src_unit,1,346,8599,  ● shared operations › compose › binds two queries to props with different syntax,reevaluated_acceptable,2026-09-07T08:11:14.918955+00:00,1b1a935fe030baca,1,69ee34478976
apollo-client,1635977018_278ba5fd223f133e53dbef2bc840e38c4dbee735,src_unit,1,347,8641,  ● [queries] api › exposes refetch as part of the props api,reevaluated_acceptable,2026-09-07T08:11:14.920901+00:00,4368574de0f11027,1,69ee34478976
apollo-client,1635977018_278ba5fd223f133e53dbef2bc840e38c4dbee735,src_unit,1,348,8681,  ● [queries] api › exposes fetchMore as part of the props api,reevaluated_acceptable,2026-09-07T08:11:14.922903+00:00,a6cc8494905bd864,1,69ee34478976
apollo-client,1635977018_278ba5fd223f133e53dbef2bc840e38c4dbee735,src_unit,1,349,8701,  ● [queries] api › reruns props function after query results change via fetchMore,reevaluated_acceptable,2026-09-07T08:11:14.925505+00:00,937a6215da497afb,1,69ee34478976
apollo-client,1635977018_278ba5fd223f133e53dbef2bc840e38c4dbee735,src_unit,1,350,8755,  ● Test suite failed to run,acceptable,2026-09-07T08:11:19.117326+00:00,a7664268ae6fd5d7,9,
apollo-client,1635977018_278ba5fd223f133e53dbef2bc840e38c4dbee735,src_unit,1,351,8848,  ● graphql(mutation) › binds a mutation to props,reevaluated_acceptable,2026-09-07T08:11:19.119991+00:00,c461585f58d08e20,1,69ee34478976
apollo-client,1635977018_278ba5fd223f133e53dbef2bc840e38c4dbee735,src_unit,1,352,8866,  ● graphql(mutation) › binds a mutation result to props,reevaluated_acceptable,2026-09-07T08:11:19.122211+00:00,d816f61ed51db9c8,1,69ee34478976
apollo-client,1635977018_278ba5fd223f133e53dbef2bc840e38c4dbee735,src_unit,1,353,8884,  ● graphql(mutation) › binds a mutation to props with a custom name,reevaluated_acceptable,2026-09-07T08:11:19.126042+00:00,0b4046584cfb3224,1,69ee34478976
apollo-client,1635977018_278ba5fd223f133e53dbef2bc840e38c4dbee735,src_unit,1,354,8902,  ● graphql(mutation) › binds a mutation to custom props,reevaluated_acceptable,2026-09-07T08:11:19.129374+00:00,8d690c0cccf360d8,1,69ee34478976
apollo-client,1635977018_278ba5fd223f133e53dbef2bc840e38c4dbee735,src_unit,1,355,8920,  ● graphql(mutation) › does not swallow children errors,reevaluated_acceptable,2026-09-07T08:11:19.133083+00:00,54c387208597d168,1,69ee34478976
apollo-client,1635977018_278ba5fd223f133e53dbef2bc840e38c4dbee735,src_unit,1,356,8956,  ● graphql(mutation) › can execute a mutation with variables from props,reevaluated_acceptable,2026-09-07T08:11:19.136548+00:00,8fb346b513a7edc4,1,69ee34478976
apollo-client,1635977018_278ba5fd223f133e53dbef2bc840e38c4dbee735,src_unit,1,357,8974,  ● graphql(mutation) › can execute a mutation with variables from BOTH options and arguments,reevaluated_acceptable,2026-09-07T08:11:19.141396+00:00,670ff5ff650b8e22,1,69ee34478976
apollo-client,1635977018_278ba5fd223f133e53dbef2bc840e38c4dbee735,src_unit,1,358,9000,  ● [queries] updateQuery › exposes updateQuery as part of the props api,reevaluated_acceptable,2026-09-07T08:11:19.143531+00:00,cacb45000a0a5b98,1,69ee34478976
apollo-client,1635977018_278ba5fd223f133e53dbef2bc840e38c4dbee735,src_unit,1,359,9020,  ● [queries] updateQuery › exposes updateQuery as part of the props api during componentWillMount,reevaluated_acceptable,2026-09-07T08:11:19.145606+00:00,6d007ac27b5058c9,1,69ee34478976
apollo-client,1635977018_278ba5fd223f133e53dbef2bc840e38c4dbee735,src_unit,1,360,9060,  ● [queries] updateQuery › allows updating query results after query has finished (early binding),reevaluated_acceptable,2026-09-07T08:11:19.147757+00:00,6b63c42f6e11881e,1,69ee34478976
apollo-client,1635977018_278ba5fd223f133e53dbef2bc840e38c4dbee735,src_unit,1,361,9080,  ● [queries] updateQuery › allows updating query results after query has finished,reevaluated_acceptable,2026-09-07T08:11:19.149764+00:00,d6893868d621cbc6,1,69ee34478976
apollo-client,1635977018_278ba5fd223f133e53dbef2bc840e38c4dbee735,src_unit,1,362,9166,  ● [queries] reducer › allows custom mapping of a result to props,reevaluated_acceptable,2026-09-07T08:11:19.151905+00:00,ffe021fe7c3c8042,1,69ee34478976
apollo-client,1635977018_278ba5fd223f133e53dbef2bc840e38c4dbee735,src_unit,1,363,9206,  ● [queries] reducer › allows custom mapping of a result to props 2,reevaluated_acceptable,2026-09-07T08:11:19.155152+00:00,2dbfba989b5bd8b0,1,69ee34478976
apollo-client,1635977018_278ba5fd223f133e53dbef2bc840e38c4dbee735,src_unit,1,364,9226,  ● [queries] reducer › passes the prior props to the result-props mapper,reevaluated_acceptable,2026-09-07T08:11:19.157809+00:00,a5ba37a8b5fe9416,1,69ee34478976
apollo-client,1635977018_278ba5fd223f133e53dbef2bc840e38c4dbee735,src_unit,1,365,9269,  ● client option › renders with client from options,reevaluated_acceptable,2026-09-07T08:11:19.160034+00:00,be9e5ee5106fe0dd,1,69ee34478976
apollo-client,1635977018_278ba5fd223f133e53dbef2bc840e38c4dbee735,src_unit,1,366,9307,  ● client option › ignores client from context if client from options is present,reevaluated_acceptable,2026-09-07T08:11:19.162108+00:00,a1b6ac7758d92b44,1,69ee34478976
apollo-client,1635977018_278ba5fd223f133e53dbef2bc840e38c4dbee735,src_unit,1,367,9327,  ● client option › exposes refetch as part of the props api,reevaluated_acceptable,2026-09-07T08:11:19.164267+00:00,f957c9415b79380d,1,69ee34478976
apollo-client,1635977018_278ba5fd223f133e53dbef2bc840e38c4dbee735,src_unit,1,368,9370,  ● [queries] polling › allows a polling query to be created,reevaluated_acceptable,2026-09-07T08:11:19.166389+00:00,56be61201efc7c4d,2,69ee34478976
apollo-client,1635977018_278ba5fd223f133e53dbef2bc840e38c4dbee735,src_unit,1,369,9390,  ● [queries] polling › exposes stopPolling as part of the props api,reevaluated_acceptable,2026-09-07T08:11:19.168475+00:00,4839789ac0d9580a,1,69ee34478976
apollo-client,1635977018_278ba5fd223f133e53dbef2bc840e38c4dbee735,src_unit,1,370,9410,  ● [queries] polling › exposes startPolling as part of the props api,reevaluated_acceptable,2026-09-07T08:11:19.170554+00:00,8750ff9ae53203d2,1,69ee34478976
apollo-client,1635977018_278ba5fd223f133e53dbef2bc840e38c4dbee735,src_unit,1,371,9459,  ● graphql(mutation) lifecycle › allows falsy values in the mapped variables from props,reevaluated_acceptable,2026-09-07T08:11:19.172670+00:00,e3ed3a0426782415,1,69ee34478976
apollo-client,1635977018_278ba5fd223f133e53dbef2bc840e38c4dbee735,src_unit,1,372,9499,  ● graphql(mutation) lifecycle › rebuilds the mutation on prop change when using `options`,reevaluated_acceptable,2026-09-07T08:11:19.174810+00:00,c8745bd0e41485f6,1,69ee34478976
apollo-client,1635977018_278ba5fd223f133e53dbef2bc840e38c4dbee735,src_unit,1,373,9517,  ● graphql(mutation) lifecycle › can execute a mutation with custom variables,reevaluated_acceptable,2026-09-07T08:11:19.177037+00:00,ebc42c06c3c34405,1,69ee34478976
apollo-client,1635977018_278ba5fd223f133e53dbef2bc840e38c4dbee735,src_unit,1,374,9569,  ● <ApolloProvider /> Component › should render children components,reevaluated_acceptable,2026-09-07T08:11:19.179246+00:00,c72bb708915c65f4,1,69ee34478976
apollo-client,1635977018_278ba5fd223f133e53dbef2bc840e38c4dbee735,src_unit,1,375,9587,  ● <ApolloProvider /> Component › should support the 2.0,reevaluated_acceptable,2026-09-07T08:11:19.181444+00:00,c69c7a7bba0cc38b,1,69ee34478976
apollo-client,1635977018_278ba5fd223f133e53dbef2bc840e38c4dbee735,src_unit,1,376,9605,  ● <ApolloProvider /> Component › should require a client,acceptable,2026-09-07T08:11:19.183502+00:00,ac74142ade295418,1,b3c0cec5ba84
apollo-client,1635977018_278ba5fd223f133e53dbef2bc840e38c4dbee735,src_unit,1,377,9645,  ● <ApolloProvider /> Component › should add the client to the children context,reevaluated_acceptable,2026-09-07T08:11:19.185690+00:00,0b5f637c0b172b5a,1,69ee34478976
apollo-client,1635977018_278ba5fd223f133e53dbef2bc840e38c4dbee735,src_unit,1,378,9663,  ● <ApolloProvider /> Component › should update props when the client changes,reevaluated_acceptable,2026-09-07T08:11:19.189103+00:00,98f3f4befa36ee7b,1,69ee34478976
apollo-client,1635977018_278ba5fd223f133e53dbef2bc840e38c4dbee735,src_unit,1,379,9727,  ● fragments › correctly fetches a query with inline fragments,reevaluated_acceptable,2026-09-07T08:11:19.191214+00:00,e322441b364fd830,1,69ee34478976
apollo-client,1635977018_278ba5fd223f133e53dbef2bc840e38c4dbee735,src_unit,1,380,9796,  ● <ApolloConsumer /> component › has a render prop,reevaluated_acceptable,2026-09-07T08:11:19.193340+00:00,7f8007a04d11bc03,1,69ee34478976
apollo-client,1635977018_278ba5fd223f133e53dbef2bc840e38c4dbee735,src_unit,1,381,9814,  ● <ApolloConsumer /> component › renders the content in the children prop,reevaluated_acceptable,2026-09-07T08:11:19.196502+00:00,18b4fe6007ae657c,1,69ee34478976
apollo-client,1635977018_278ba5fd223f133e53dbef2bc840e38c4dbee735,src_unit,1,382,9832,  ● <ApolloConsumer /> component › errors if there is no client in the context,acceptable,2026-09-07T08:11:19.199517+00:00,6d4aad0e0412831e,1,b3c0cec5ba84
apollo-client,1635977018_278ba5fd223f133e53dbef2bc840e38c4dbee735,src_unit,1,384,9876,  ● mockSubscriptionLink › should work with multiple subscribers to the same mock websocket,reevaluated_acceptable,2026-09-07T08:11:32.787451+00:00,b0576766cb571a93,2,69ee34478976
apollo-client,1635977018_278ba5fd223f133e53dbef2bc840e38c4dbee735,src_unit,1,386,9956,  ● useApolloClient Hook › should return a client instance from the context if available,reevaluated_acceptable,2026-09-07T08:12:00.217006+00:00,395ad47838aff9c5,1,69ee34478976
apollo-client,1635977018_278ba5fd223f133e53dbef2bc840e38c4dbee735,src_unit,1,387,9974,  ● useApolloClient Hook › should error if a client instance can't be found in the context,reevaluated_acceptable,2026-09-07T08:12:00.219906+00:00,0b94c0088a4e0beb,1,69ee34478976
apollo-client,1635977018_278ba5fd223f133e53dbef2bc840e38c4dbee735,src_unit,1,388,10009,  ● Test suite failed to run,reevaluated_acceptable,2026-09-07T08:12:00.222183+00:00,fc1b3087449523e8,1,69ee34478976
apollo-client,1635977018_278ba5fd223f133e53dbef2bc840e38c4dbee735,src_unit,1,390,10061,  ● Test suite failed to run,reevaluated_acceptable,2026-09-07T08:12:00.229323+00:00,2c57a2e54bacacdf,1,69ee34478976
apollo-client,1635977018_278ba5fd223f133e53dbef2bc840e38c4dbee735,src_unit,1,383,9855,  ● Test suite failed to run,acceptable,2026-09-07T08:11:32.784519+00:00,23b8d71d04a75bef,1,
apollo-client,1635977018_278ba5fd223f133e53dbef2bc840e38c4dbee735,src_unit,1,385,9937,  ● toPromise › return error call as Promise rejection,reevaluated_acceptable,2026-09-07T08:12:00.213428+00:00,487a975bffd8c1d9,1,
apollo-client,1635977018_278ba5fd223f133e53dbef2bc840e38c4dbee735,src_unit,1,389,10036,  ● fromPromise › return Promise rejection as error call,reevaluated_acceptable,2026-09-07T08:12:00.224549+00:00,0a52ba59148e3bfc,1,bb2b1dc24837
apollo-client,1635977018_278ba5fd223f133e53dbef2bc840e38c4dbee735,src_unit,1,391,10084,  ● fromError › acts as error call,reevaluated_acceptable,2026-09-07T08:12:00.232851+00:00,6cdefb933dbf286f,1,bb2b1dc24837
apollo-client,1635977018_278ba5fd223f133e53dbef2bc840e38c4dbee735,src_unit,1,392,10109,  ● useReactiveVar Hook › works with one component,reevaluated_acceptable,2026-09-07T08:12:00.235567+00:00,4d44c57a3023544d,1,69ee34478976
apollo-client,1635977018_278ba5fd223f133e53dbef2bc840e38c4dbee735,src_unit,1,393,10129,  ● useReactiveVar Hook › works when two components share a variable,reevaluated_acceptable,2026-09-07T08:12:00.239372+00:00,f3392060a6942272,1,69ee34478976
apollo-client,1635977018_278ba5fd223f133e53dbef2bc840e38c4dbee735,src_unit,1,394,10171,  ● useReactiveVar Hook › does not update if component has been unmounted,reevaluated_acceptable,2026-09-07T08:12:00.243277+00:00,8bab23103781ff21,1,69ee34478976
apollo-client,1635977018_278ba5fd223f133e53dbef2bc840e38c4dbee735,src_unit,1,395,10191,  ● useReactiveVar Hook › useEffect › works if updated higher in the component tree,reevaluated_acceptable,2026-09-07T08:12:00.247240+00:00,36024a87d6a8a76a,1,69ee34478976
apollo-client,1635977018_278ba5fd223f133e53dbef2bc840e38c4dbee735,src_unit,1,396,10234,  ● useReactiveVar Hook › useEffect › works if updated lower in the component tree,reevaluated_acceptable,2026-09-07T08:12:00.251116+00:00,8cdc238d22c48a65,1,69ee34478976
apollo-client,1635977018_278ba5fd223f133e53dbef2bc840e38c4dbee735,src_unit,1,397,10277,  ● useReactiveVar Hook › useEffect › works with strict mode,reevaluated_acceptable,2026-09-07T08:12:00.255004+00:00,c5c2efaf38ef0d18,1,69ee34478976
apollo-client,1635977018_278ba5fd223f133e53dbef2bc840e38c4dbee735,src_unit,1,398,10366,  ● useQuery Hook › General use › should handle a simple query,reevaluated_acceptable,2026-09-07T08:12:00.258772+00:00,590efdd7aa6c3467,1,69ee34478976
apollo-client,1635977018_278ba5fd223f133e53dbef2bc840e38c4dbee735,src_unit,1,399,12943,  ● General Mutation testing › pick prop client over context client,reevaluated_acceptable,2026-09-07T08:12:00.262338+00:00,d5e19a29941054a3,1,69ee34478976
apollo-client,1635977018_278ba5fd223f133e53dbef2bc840e38c4dbee735,src_unit,1,400,13642,  ● Test suite failed to run,reevaluated_acceptable,2026-09-07T08:12:00.265930+00:00,e8b9e2c3e7aad358,1,69ee34478976
apollo-client,1635977018_278ba5fd223f133e53dbef2bc840e38c4dbee735,src_unit,1,401,13662,  ● Test suite failed to run,reevaluated_acceptable,2026-09-07T08:12:00.269599+00:00,16ca2c942872e0ad,1,69ee34478976
apollo-client,1635977018_278ba5fd223f133e53dbef2bc840e38c4dbee735,src_unit,1,402,14247,  ● Test suite failed to run,reevaluated_acceptable,2026-09-07T08:12:35.530254+00:00,a4025f4006011d68,1,
apollo-client,1635977018_278ba5fd223f133e53dbef2bc840e38c4dbee735,src_unit,1,403,14517,  ● [queries] skip › allows you to skip a query without running it,reevaluated_acceptable,2026-09-07T08:12:35.535007+00:00,8c7055dbcd17e007,2,69ee34478976
apollo-client,1635977018_278ba5fd223f133e53dbef2bc840e38c4dbee735,src_unit,1,404,14740,  ● [queries] loading › exposes networkStatus as a part of the props api,reevaluated_acceptable,2026-09-07T08:12:35.537346+00:00,c2aadb4ccb755cc2,1,69ee34478976
apollo-client,1635977018_278ba5fd223f133e53dbef2bc840e38c4dbee735,src_unit,1,405,15161,  ● queries › binds a query to props,reevaluated_acceptable,2026-09-07T08:12:35.539605+00:00,59091f9442c0fffe,1,69ee34478976
apollo-client,1635977018_278ba5fd223f133e53dbef2bc840e38c4dbee735,src_unit,1,406,15437,  ● Test suite failed to run,reevaluated_acceptable,2026-09-07T08:12:35.541906+00:00,84fec6e8fdba44ae,1,4ba438342341
apollo-client,1635977018_278ba5fd223f133e53dbef2bc840e38c4dbee735,src_unit,1,407,15444,  ● Test suite failed to run,reevaluated_acceptable,2026-09-07T08:12:46.064277+00:00,6c8d3a1bae4c02b0,1,
apollo-client,1635977018_278ba5fd223f133e53dbef2bc840e38c4dbee735,src_unit,1,408,15460,  ● useLazyQuery Hook › should hold query execution until manually triggered,reevaluated_acceptable,2026-09-07T08:12:46.067703+00:00,f3e94a2f371a331a,2,69ee34478976
apollo-client,1635977018_278ba5fd223f133e53dbef2bc840e38c4dbee735,src_unit,1,409,15749,  ● useSubscription Hook › should handle a simple subscription properly,reevaluated_acceptable,2026-09-07T08:12:46.070188+00:00,ed88e6598f1381fb,1,69ee34478976
apollo-client,1635977018_278ba5fd223f133e53dbef2bc840e38c4dbee735,src_unit,1,410,15942,  ● executes the subscription,reevaluated_acceptable,2026-09-07T08:12:46.072527+00:00,1ad4d7c3835fa1f7,10,69ee34478976
apollo-client,1635977018_278ba5fd223f133e53dbef2bc840e38c4dbee735,src_unit,1,411,16163,  ● General use › should mock the data,reevaluated_acceptable,2026-09-07T08:12:46.074850+00:00,eda30916f47be2a9,1,69ee34478976
apollo-client,1635977018_278ba5fd223f133e53dbef2bc840e38c4dbee735,src_unit,1,412,16500,  ● [queries] observableQuery › will recycle `ObservableQuery`s when re-rendering the entire tree,reevaluated_acceptable,2026-09-07T08:12:46.077143+00:00,4d01934e4c6e75bb,1,69ee34478976
apollo-client,1635977018_278ba5fd223f133e53dbef2bc840e38c4dbee735,src_unit,1,413,16634,  ● graphql(mutation) query integration › allows for passing optimisticResponse for a mutation,reevaluated_acceptable,2026-09-07T08:12:46.079395+00:00,8b9c0e8afb8f3638,1,69ee34478976
apollo-client,1635977018_278ba5fd223f133e53dbef2bc840e38c4dbee735,src_unit,1,414,16718,  ● shared operations › withApollo › passes apollo-client to props,reevaluated_acceptable,2026-09-07T08:12:46.081652+00:00,7804f34bda410d5a,1,69ee34478976
apollo-client,1635977018_278ba5fd223f133e53dbef2bc840e38c4dbee735,src_unit,1,415,16908,  ● Test suite failed to run,reevaluated_acceptable,2026-09-07T08:12:46.084013+00:00,bd0382e8e7509fb3,1,69ee34478976
apollo-client,1635977018_278ba5fd223f133e53dbef2bc840e38c4dbee735,src_unit,1,416,17061,  ● [queries] updateQuery › exposes updateQuery as part of the props api,reevaluated_acceptable,2026-09-07T08:12:46.086314+00:00,da9a7e06f9f101d5,1,69ee34478976
apollo-client,1635977018_278ba5fd223f133e53dbef2bc840e38c4dbee735,src_unit,1,417,17162,  ● [queries] reducer › allows custom mapping of a result to props,reevaluated_acceptable,2026-09-07T08:12:46.088613+00:00,5f76b9834a37f782,1,69ee34478976
apollo-client,1635977018_278ba5fd223f133e53dbef2bc840e38c4dbee735,src_unit,1,418,17243,  ● client option › renders with client from options,reevaluated_acceptable,2026-09-07T08:12:46.090902+00:00,1c2f6e37a28fba79,1,69ee34478976
apollo-client,1635977018_278ba5fd223f133e53dbef2bc840e38c4dbee735,src_unit,1,419,17460,  ● <ApolloProvider /> Component › should render children components,reevaluated_acceptable,2026-09-07T08:12:46.093183+00:00,8cd2cd663fb761b2,1,69ee34478976
apollo-client,1635977018_278ba5fd223f133e53dbef2bc840e38c4dbee735,src_unit,1,420,17653,  ● Test suite failed to run,reevaluated_acceptable,2026-09-07T08:13:12.971086+00:00,49b6950e5505a34f,1,e5f41769a7ef
apollo-client,1635977018_278ba5fd223f133e53dbef2bc840e38c4dbee735,src_unit,1,421,17734,  ● Test suite failed to run,reevaluated_acceptable,2026-09-07T08:13:12.974037+00:00,366d8d0421c628cf,1,69ee34478976
apollo-client,1635977018_278ba5fd223f133e53dbef2bc840e38c4dbee735,src_unit,1,422,17768,  ● Test suite failed to run,reevaluated_acceptable,2026-09-07T08:13:12.977706+00:00,356eed85d1d63223,1,69ee34478976
apollo-client,1635977018_278ba5fd223f133e53dbef2bc840e38c4dbee735,src_unit,1,423,17803,  ● useReactiveVar Hook › works with one component,reevaluated_acceptable,2026-09-07T08:13:12.981212+00:00,3d93892bbc1e4f21,1,69ee34478976
apollo-client,1637104126_7f0d459c7b3b94c5de1561433c006a6efa017007,src_unit,1,424,593,  ● client › can be loaded via require,reevaluated_acceptable,2026-09-07T08:13:24.335903+00:00,56f18b9fe82e453d,8,
apollo-client,1637104126_7f0d459c7b3b94c5de1561433c006a6efa017007,src_unit,1,425,914,  ● Test suite failed to run,reevaluated_acceptable,2026-09-07T08:13:24.339793+00:00,a01b83fe427c1c10,8,90f536af8e50
apollo-client,1637104126_7f0d459c7b3b94c5de1561433c006a6efa017007,src_unit,1,426,1217,  ● Test suite failed to run,reevaluated_acceptable,2026-09-07T08:13:24.342217+00:00,58579e3b4a603bb8,8,90f536af8e50
apollo-client,1637104126_7f0d459c7b3b94c5de1561433c006a6efa017007,src_unit,1,427,1236,  ● Test suite failed to run,reevaluated_acceptable,2026-09-07T08:13:24.344769+00:00,24963a45c8259fe9,8,90f536af8e50
apollo-client,1637104126_7f0d459c7b3b94c5de1561433c006a6efa017007,src_unit,1,428,1492,  ● Test suite failed to run,reevaluated_acceptable,2026-09-07T08:13:24.347356+00:00,71bd416a693762cd,8,90f536af8e50
apollo-client,1637104126_7f0d459c7b3b94c5de1561433c006a6efa017007,src_unit,1,429,1606,  ● Test suite failed to run,reevaluated_acceptable,2026-09-07T08:13:24.350073+00:00,9c8cd00a2deeb7da,8,90f536af8e50
apollo-client,1637104126_7f0d459c7b3b94c5de1561433c006a6efa017007,src_unit,1,430,1629,  ● Test suite failed to run,reevaluated_acceptable,2026-09-07T08:13:24.354272+00:00,2d217092761c9b4e,8,90f536af8e50
apollo-client,1637104126_7f0d459c7b3b94c5de1561433c006a6efa017007,src_unit,1,431,1691,  ● Test suite failed to run,reevaluated_acceptable,2026-09-07T08:13:24.358400+00:00,995f11d4cd491c9b,8,90f536af8e50
apollo-client,1637104126_7f0d459c7b3b94c5de1561433c006a6efa017007,src_unit,1,432,1716,  ● Test suite failed to run,reevaluated_acceptable,2026-09-07T08:13:24.361013+00:00,360fa414a8fcf599,8,90f536af8e50
apollo-client,1637104126_7f0d459c7b3b94c5de1561433c006a6efa017007,src_unit,1,433,1738,  ● Test suite failed to run,reevaluated_acceptable,2026-09-07T08:13:24.363575+00:00,721b2f3a93613b65,8,90f536af8e50
apollo-client,1637104126_7f0d459c7b3b94c5de1561433c006a6efa017007,src_unit,1,434,1809,  ● Test suite failed to run,reevaluated_acceptable,2026-09-07T08:13:24.366187+00:00,0153a35a63abd652,8,90f536af8e50
apollo-client,1637104126_7f0d459c7b3b94c5de1561433c006a6efa017007,src_unit,1,435,1921,  ● Test suite failed to run,reevaluated_acceptable,2026-09-07T08:13:24.368735+00:00,ef09dc454ca68c00,13,90f536af8e50
apollo-client,1637104126_7f0d459c7b3b94c5de1561433c006a6efa017007,src_unit,1,436,1943,  ● Test suite failed to run,reevaluated_acceptable,2026-09-07T08:13:24.371531+00:00,eff54513e4757b6c,8,90f536af8e50
apollo-client,1637104126_7f0d459c7b3b94c5de1561433c006a6efa017007,src_unit,1,437,1975,  ● Test suite failed to run,reevaluated_acceptable,2026-09-07T08:13:24.375098+00:00,b029c2e65a276507,8,90f536af8e50
apollo-client,1637104126_7f0d459c7b3b94c5de1561433c006a6efa017007,src_unit,1,438,2035,  ● Test suite failed to run,reevaluated_acceptable,2026-09-07T08:13:24.379458+00:00,b5e4e8d5dafd1a70,8,90f536af8e50
apollo-client,1637104126_7f0d459c7b3b94c5de1561433c006a6efa017007,src_unit,1,439,2060,  ● Test suite failed to run,reevaluated_acceptable,2026-09-07T08:13:24.382763+00:00,cff54abdeb2e2b15,8,90f536af8e50
apollo-client,1637104126_7f0d459c7b3b94c5de1561433c006a6efa017007,src_unit,1,440,2085,  ● Test suite failed to run,reevaluated_acceptable,2026-09-07T08:13:24.386136+00:00,0fb02614905ff6cb,8,90f536af8e50
apollo-client,1637104126_7f0d459c7b3b94c5de1561433c006a6efa017007,src_unit,1,441,2118,  ● Test suite failed to run,reevaluated_acceptable,2026-09-07T08:13:24.388738+00:00,f56eee743abee70e,8,90f536af8e50
apollo-client,1637104126_7f0d459c7b3b94c5de1561433c006a6efa017007,src_unit,1,442,2271,  ● Test suite failed to run,reevaluated_acceptable,2026-09-07T08:13:24.391374+00:00,f86909412a0a1b8a,8,90f536af8e50
apollo-client,1637104126_7f0d459c7b3b94c5de1561433c006a6efa017007,src_unit,1,443,2307,  ● Test suite failed to run,reevaluated_acceptable,2026-09-07T08:13:24.394024+00:00,b4dbbfe6139f8c5c,8,90f536af8e50
apollo-client,1637104126_7f0d459c7b3b94c5de1561433c006a6efa017007,src_unit,1,444,2341,  ● Test suite failed to run,reevaluated_acceptable,2026-09-07T08:13:24.396690+00:00,d57cc2e683dc4e9c,8,90f536af8e50
apollo-client,1637104126_7f0d459c7b3b94c5de1561433c006a6efa017007,src_unit,1,445,2401,  ● Test suite failed to run,reevaluated_acceptable,2026-09-07T08:13:24.399336+00:00,6cc6a0cf649b5c8c,8,90f536af8e50
apollo-client,1637104126_7f0d459c7b3b94c5de1561433c006a6efa017007,src_unit,1,446,2437,  ● Test suite failed to run,reevaluated_acceptable,2026-09-07T08:13:24.401749+00:00,2ac99cd3bb20a64d,8,90f536af8e50
apollo-client,1637104126_7f0d459c7b3b94c5de1561433c006a6efa017007,src_unit,1,447,2474,  ● Test suite failed to run,reevaluated_acceptable,2026-09-07T08:13:24.404185+00:00,4c53da4d7d93d6d5,8,90f536af8e50
apollo-client,1637104126_7f0d459c7b3b94c5de1561433c006a6efa017007,src_unit,1,448,2502,  ● Test suite failed to run,reevaluated_acceptable,2026-09-07T08:13:24.406621+00:00,134e10eac90ddfae,8,90f536af8e50
apollo-client,1637104126_7f0d459c7b3b94c5de1561433c006a6efa017007,src_unit,1,449,2538,  ● Test suite failed to run,reevaluated_acceptable,2026-09-07T08:13:24.409108+00:00,07aa1297bd1404ae,8,90f536af8e50
apollo-client,1637104126_7f0d459c7b3b94c5de1561433c006a6efa017007,src_unit,1,450,2580,  ● Test suite failed to run,reevaluated_acceptable,2026-09-07T08:13:24.412157+00:00,59b6fee6ff1870aa,8,90f536af8e50
apollo-client,1637104126_7f0d459c7b3b94c5de1561433c006a6efa017007,src_unit,1,451,2624,  ● Test suite failed to run,reevaluated_acceptable,2026-09-07T08:13:24.415110+00:00,e4e0a7611d4bb219,8,90f536af8e50
apollo-client,1637104126_7f0d459c7b3b94c5de1561433c006a6efa017007,src_unit,1,452,2649,  ● Test suite failed to run,reevaluated_acceptable,2026-09-07T08:13:24.417561+00:00,b015656c91850e9e,8,90f536af8e50
apollo-client,1637104126_7f0d459c7b3b94c5de1561433c006a6efa017007,src_unit,1,453,2691,  ● Test suite failed to run,reevaluated_acceptable,2026-09-07T08:13:24.420132+00:00,c1ebba08e4392b85,8,90f536af8e50
apollo-client,1637104126_7f0d459c7b3b94c5de1561433c006a6efa017007,src_unit,1,454,2716,  ● Test suite failed to run,reevaluated_acceptable,2026-09-07T08:13:24.423712+00:00,68735467375d49a9,8,90f536af8e50
apollo-client,1637104126_7f0d459c7b3b94c5de1561433c006a6efa017007,src_unit,1,455,2801,  ● Test suite failed to run,reevaluated_acceptable,2026-09-07T08:13:24.427419+00:00,2097d8e1a53c26d7,8,90f536af8e50
apollo-client,1637104126_7f0d459c7b3b94c5de1561433c006a6efa017007,src_unit,1,456,2826,  ● Test suite failed to run,reevaluated_acceptable,2026-09-07T08:13:24.431466+00:00,2eb978fa2ddadc5f,8,90f536af8e50
apollo-client,1637104126_7f0d459c7b3b94c5de1561433c006a6efa017007,src_unit,1,457,2882,  ● Test suite failed to run,reevaluated_acceptable,2026-09-07T08:13:24.434255+00:00,d225204bcc3a0d4f,8,90f536af8e50
apollo-client,1637104126_7f0d459c7b3b94c5de1561433c006a6efa017007,src_unit,1,458,2918,  ● Test suite failed to run,reevaluated_acceptable,2026-09-07T08:13:24.436890+00:00,2f532d08d44f1e13,8,90f536af8e50
apollo-client,1637104126_7f0d459c7b3b94c5de1561433c006a6efa017007,src_unit,1,459,2976,  ● Test suite failed to run,reevaluated_acceptable,2026-09-07T08:13:24.439392+00:00,d139c028b51bb870,10,90f536af8e50
apollo-client,1637104126_7f0d459c7b3b94c5de1561433c006a6efa017007,src_unit,1,460,3018,  ● Test suite failed to run,reevaluated_acceptable,2026-09-07T08:13:24.441891+00:00,95783e0b65742aad,8,90f536af8e50
apollo-client,1637104126_7f0d459c7b3b94c5de1561433c006a6efa017007,src_unit,1,461,3040,  ● Test suite failed to run,reevaluated_acceptable,2026-09-07T08:13:24.444372+00:00,35d561bbed01d5ed,8,90f536af8e50
apollo-client,1637104126_7f0d459c7b3b94c5de1561433c006a6efa017007,src_unit,1,462,3059,  ● Test suite failed to run,reevaluated_acceptable,2026-09-07T08:13:24.446833+00:00,b718afd7076f35ba,8,90f536af8e50
apollo-client,1637104126_7f0d459c7b3b94c5de1561433c006a6efa017007,src_unit,1,463,3081,  ● Test suite failed to run,reevaluated_acceptable,2026-09-07T08:13:24.449310+00:00,22a1d32e0de2aacc,8,90f536af8e50
apollo-client,1637104126_7f0d459c7b3b94c5de1561433c006a6efa017007,src_unit,1,464,3104,  ● Test suite failed to run,reevaluated_acceptable,2026-09-07T08:13:24.451812+00:00,db86619b3291edb2,8,90f536af8e50
apollo-client,1637104126_7f0d459c7b3b94c5de1561433c006a6efa017007,src_unit,1,465,3127,  ● Test suite failed to run,reevaluated_acceptable,2026-09-07T08:13:24.454329+00:00,f16b8f26eaa1910a,8,90f536af8e50
apollo-client,1637104126_7f0d459c7b3b94c5de1561433c006a6efa017007,src_unit,1,466,3152,  ● Test suite failed to run,reevaluated_acceptable,2026-09-07T08:13:24.456811+00:00,15ae77909f2f56b1,8,90f536af8e50
apollo-client,1637104126_7f0d459c7b3b94c5de1561433c006a6efa017007,src_unit,1,467,3177,  ● Test suite failed to run,reevaluated_acceptable,2026-09-07T08:13:24.459533+00:00,9b0a660bb26dd011,8,90f536af8e50
apollo-client,1637104126_7f0d459c7b3b94c5de1561433c006a6efa017007,src_unit,1,468,3199,  ● Test suite failed to run,reevaluated_acceptable,2026-09-07T08:13:24.462208+00:00,cf8b05bcc072a94b,8,90f536af8e50
apollo-client,1637104126_7f0d459c7b3b94c5de1561433c006a6efa017007,src_unit,1,469,3246,  ● Test suite failed to run,reevaluated_acceptable,2026-09-07T08:13:24.464737+00:00,5bf2c8827c0c858e,13,90f536af8e50
apollo-client,1637104126_7f0d459c7b3b94c5de1561433c006a6efa017007,src_unit,1,470,3268,  ● Test suite failed to run,reevaluated_acceptable,2026-09-07T08:13:24.467262+00:00,e28da13e4a57dcab,8,90f536af8e50
apollo-client,1637104126_7f0d459c7b3b94c5de1561433c006a6efa017007,src_unit,1,471,3289,  ● Test suite failed to run,reevaluated_acceptable,2026-09-07T08:13:24.469755+00:00,9974f98b41812d74,8,90f536af8e50
apollo-client,1637104126_7f0d459c7b3b94c5de1561433c006a6efa017007,src_unit,1,472,3314,  ● Test suite failed to run,reevaluated_acceptable,2026-09-07T08:13:24.472521+00:00,36e21738e6df5ca8,8,90f536af8e50
apollo-client,1637104126_7f0d459c7b3b94c5de1561433c006a6efa017007,src_unit,1,473,3339,  ● Test suite failed to run,reevaluated_acceptable,2026-09-07T08:13:24.474983+00:00,babdb12ff6230271,8,90f536af8e50
apollo-client,1637104126_7f0d459c7b3b94c5de1561433c006a6efa017007,src_unit,1,474,3364,  ● Test suite failed to run,reevaluated_acceptable,2026-09-07T08:13:24.477475+00:00,85142fc1252eee32,8,90f536af8e50
apollo-client,1637104126_7f0d459c7b3b94c5de1561433c006a6efa017007,src_unit,1,475,3389,  ● Test suite failed to run,reevaluated_acceptable,2026-09-07T08:13:24.480392+00:00,216084cdb18f066c,8,90f536af8e50
apollo-client,1637104126_7f0d459c7b3b94c5de1561433c006a6efa017007,src_unit,1,476,3414,  ● Test suite failed to run,reevaluated_acceptable,2026-09-07T08:13:24.482887+00:00,9aabced852dffd05,8,90f536af8e50
apollo-client,1637104126_7f0d459c7b3b94c5de1561433c006a6efa017007,src_unit,1,477,3439,  ● Test suite failed to run,reevaluated_acceptable,2026-09-07T08:13:24.485355+00:00,ef4da054c50798aa,8,90f536af8e50
apollo-client,1637104126_7f0d459c7b3b94c5de1561433c006a6efa017007,src_unit,1,478,3464,  ● Test suite failed to run,reevaluated_acceptable,2026-09-07T08:13:24.487905+00:00,113b911e0eac723a,8,90f536af8e50
apollo-client,1637104126_7f0d459c7b3b94c5de1561433c006a6efa017007,src_unit,1,479,3489,  ● Test suite failed to run,reevaluated_acceptable,2026-09-07T08:13:24.490415+00:00,9dacebeb3ee5bb79,8,90f536af8e50
apollo-client,1637104126_7f0d459c7b3b94c5de1561433c006a6efa017007,src_unit,1,480,3514,  ● Test suite failed to run,reevaluated_acceptable,2026-09-07T08:13:24.492955+00:00,ad40aebb76120acb,8,90f536af8e50
apollo-client,1637104126_7f0d459c7b3b94c5de1561433c006a6efa017007,src_unit,1,481,3535,  ● Test suite failed to run,reevaluated_acceptable,2026-09-07T08:13:24.495502+00:00,5a4658cab1f2771d,8,90f536af8e50
apollo-client,1637104126_7f0d459c7b3b94c5de1561433c006a6efa017007,src_unit,1,482,3560,  ● Test suite failed to run,reevaluated_acceptable,2026-09-07T08:13:24.498023+00:00,44757a8f88b8ea81,8,90f536af8e50
apollo-client,1637104126_7f0d459c7b3b94c5de1561433c006a6efa017007,src_unit,1,483,3582,  ● Test suite failed to run,reevaluated_acceptable,2026-09-07T08:13:24.500517+00:00,2cc1ea9435397f78,8,90f536af8e50
apollo-client,1637104126_7f0d459c7b3b94c5de1561433c006a6efa017007,src_unit,1,484,3607,  ● Test suite failed to run,reevaluated_acceptable,2026-09-07T08:13:24.503045+00:00,40b739067807a17a,8,90f536af8e50
apollo-client,1637104126_7f0d459c7b3b94c5de1561433c006a6efa017007,src_unit,1,485,3632,  ● Test suite failed to run,reevaluated_acceptable,2026-09-07T08:13:24.505592+00:00,9f1ff2e732c7201f,8,90f536af8e50
apollo-client,1637104126_7f0d459c7b3b94c5de1561433c006a6efa017007,src_unit,1,486,3657,  ● Test suite failed to run,reevaluated_acceptable,2026-09-07T08:13:24.508109+00:00,b510a85f0de7e392,8,90f536af8e50
apollo-client,1637104126_7f0d459c7b3b94c5de1561433c006a6efa017007,src_unit,1,487,3682,  ● Test suite failed to run,reevaluated_acceptable,2026-09-07T08:13:24.510634+00:00,4581d182d4b57f45,8,90f536af8e50
apollo-client,1637104126_7f0d459c7b3b94c5de1561433c006a6efa017007,src_unit,1,488,3704,  ● Test suite failed to run,reevaluated_acceptable,2026-09-07T08:13:24.513213+00:00,49bcdf36bbf931ca,8,90f536af8e50
apollo-client,1637104126_7f0d459c7b3b94c5de1561433c006a6efa017007,src_unit,1,489,3729,  ● Test suite failed to run,reevaluated_acceptable,2026-09-07T08:13:24.515769+00:00,39b7a23c83b62539,8,90f536af8e50
apollo-client,1637104126_7f0d459c7b3b94c5de1561433c006a6efa017007,src_unit,1,490,3752,  ● Test suite failed to run,reevaluated_acceptable,2026-09-07T08:13:24.518312+00:00,f9d3834bf7942132,8,90f536af8e50
apollo-client,1637104126_7f0d459c7b3b94c5de1561433c006a6efa017007,src_unit,1,491,3773,  ● Test suite failed to run,reevaluated_acceptable,2026-09-07T08:13:24.520872+00:00,9ee1e959a158f01e,8,90f536af8e50
apollo-client,1637104126_7f0d459c7b3b94c5de1561433c006a6efa017007,src_unit,1,492,3794,  ● Test suite failed to run,reevaluated_acceptable,2026-09-07T08:13:24.523400+00:00,56a7cba44f87b27b,8,90f536af8e50
apollo-client,1637104126_7f0d459c7b3b94c5de1561433c006a6efa017007,src_unit,1,493,3819,  ● Test suite failed to run,reevaluated_acceptable,2026-09-07T08:13:24.526704+00:00,7a65c6af39857846,8,90f536af8e50
apollo-client,1638466758_2b0c4126d58d546cdc4ab7ac1e12eb1f25abc153,src_unit,1,494,1323,  ● useMutation Hook › General use › should ensure the mutation callback function has a stable identity no matter what,acceptable,2026-09-07T08:13:36.256774+00:00,363f4964d36a5ec5,4,
apollo-client,1638466758_32b1c9107c33a6a2f428c34f2f69dee25c4d61a0,src_unit,1,495,1409,  ● useMutation Hook › Callbacks › should never allow onCompleted handler to be stale,acceptable,2026-09-07T08:13:36.260122+00:00,0d3c190f722ab4ca,3,d82723855f3a
apollo-client,1642006092_e17ccab05e71a3215dabf200192cfc9f913ebe0f,src_unit,1,496,1771,  ● OperationBatcher › should correctly batch multiple queries,acceptable,2026-09-07T08:13:36.262584+00:00,3a6afd85eb68d363,1,7302e05056e0
apollo-client,1642006092_e17ccab05e71a3215dabf200192cfc9f913ebe0f,src_unit,1,497,1789,  ● OperationBatcher › should cancel multiple queries in queue when unsubscribing and let pass still subscribed one,acceptable,2026-09-07T08:13:48.375102+00:00,823aac38fcfb757b,1,
apollo-client,1642006092_e17ccab05e71a3215dabf200192cfc9f913ebe0f,src_unit,1,498,1825,  ● BatchLink › correctly follows batch interval,acceptable,2026-09-07T08:14:11.695206+00:00,013eca0a266b187c,1,046e1aff9aa1
apollo-client,1642761359_29f61a9353e1d4a8abd7da12d26b3544f73b7b46,src_unit,1,499,1959,  ● useLazyQuery Hook › should have matching results from execution function and hook,acceptable,2026-09-07T08:14:11.698253+00:00,993f1627b53c7582,2,3b48c956d8c7
apollo-client,1643730861_299910b734bda49579cf13c34411edea375e9242,src_unit,1,500,1976,  ● useLazyQuery Hook › the promise should not cause an unhandled rejection,acceptable,2026-09-07T08:14:21.294069+00:00,a8dd465f3a79b8d6,2,
apollo-client,1643730920_659dec7289589a1df139614c0a8c804709892602,src_unit,1,501,690,  ● useQuery Hook › Missing Fields › should not return partial cache data when `returnPartialData` is false and new variables are passed in,acceptable,2026-09-07T08:14:21.298656+00:00,f3d8272c5878d18d,1,7302e05056e0
apollo-client,1648577196_53a246bb449b830f6c33c408b881ab45332078c0,src_unit,1,502,579,  ● type policies › field policies › can handle Relay-style pagination,acceptable,2026-09-07T08:14:55.693762+00:00,a7e5ab756595dd47,1,
apollo-client,1648577196_53a246bb449b830f6c33c408b881ab45332078c0,src_unit,1,503,2482,  ● fetchMore on an observable query › triggers new result with async new variables › field policy,acceptable,2026-09-07T08:14:55.697809+00:00,3b5a5e2c5518419f,1,68da1bb52127
apollo-client,1648577196_53a246bb449b830f6c33c408b881ab45332078c0,src_unit,1,504,2501,  ● fetchMore on an observable query › basic fetchMore results merging › field policy,acceptable,2026-09-07T08:14:55.700749+00:00,90ad9b9d1f4af776,1,68da1bb52127
apollo-client,1648577196_53a246bb449b830f6c33c408b881ab45332078c0,src_unit,1,505,2520,  ● fetchMore on an observable query › fetchMore interaction with network fetch policies › cache-and-network,acceptable,2026-09-07T08:14:55.705114+00:00,f3ceae234a741736,1,68da1bb52127
apollo-client,1648577196_53a246bb449b830f6c33c408b881ab45332078c0,src_unit,1,506,2539,  ● fetchMore on an observable query › fetchMore interaction with network fetch policies › cache-and-network with notifyOnNetworkStatusChange: true,acceptable,2026-09-07T08:14:55.707719+00:00,a8ee7623f0b5f482,1,3b48c956d8c7
apollo-client,1648577196_53a246bb449b830f6c33c408b881ab45332078c0,src_unit,1,507,2579,  ● fetchMore on an observable query › fetchMore interaction with network fetch policies › network-only,acceptable,2026-09-07T08:14:55.710567+00:00,75d406e39ab869ce,1,68da1bb52127
apollo-client,1648577196_53a246bb449b830f6c33c408b881ab45332078c0,src_unit,1,508,2598,  ● fetchMore on an observable query › fetchMore interaction with network fetch policies › network-only with notifyOnNetworkStatusChange: true,acceptable,2026-09-07T08:14:55.713137+00:00,8ab2d34684d17764,1,3b48c956d8c7
apollo-client,1648577196_53a246bb449b830f6c33c408b881ab45332078c0,src_unit,1,509,2638,  ● fetchMore on an observable query › fetchMore passes new args to field merge function,acceptable,2026-09-07T08:14:55.716069+00:00,527ff5ee51b7dab8,1,68da1bb52127
apollo-client,1648577196_53a246bb449b830f6c33c408b881ab45332078c0,src_unit,1,510,2656,  ● fetchMore on an observable query with connection › fetchMore with connection results merging › field policy,acceptable,2026-09-07T08:14:55.718730+00:00,957396095f924473,1,68da1bb52127
apollo-client,1648577196_53a246bb449b830f6c33c408b881ab45332078c0,src_unit,1,511,2675,  ● fetchMore on an observable query with connection › will set the network status to `fetchMore` › field policy,acceptable,2026-09-07T08:14:55.721253+00:00,4241aa3022ec8b59,1,7302e05056e0
apollo-client,1648577196_53a246bb449b830f6c33c408b881ab45332078c0,src_unit,1,512,3214,  ● fetchMore on an observable query › triggers new result with async new variables › field policy,acceptable,2026-09-07T08:14:55.723991+00:00,df724816e5c485c5,1,68da1bb52127
apollo-client,1649097001_4be1901c350dfbac5b6486e842af68e90b79df82,src_unit,1,513,1990,  ● useLazyQuery Hook › the promise should reject with errors the “way useMutation does”,acceptable,2026-09-07T08:15:28.107260+00:00,3f0ade557661b14a,3,
apollo-client,1649890610_bdb6d0fb0184c1f1f6a2d66e1d1326e2a9cd4ea5,src_unit,1,514,984,  ● useQuery Hook › General use › should not error when forcing an update with React >= 16.13.0,acceptable,2026-09-07T08:15:35.865446+00:00,13748598d493fdaf,1,
apollo-client,1649890610_bdb6d0fb0184c1f1f6a2d66e1d1326e2a9cd4ea5,src_unit,1,515,1123,  ● useQuery Hook › options.defaultOptions › can provide individual default variables,acceptable,2026-09-07T08:15:48.070252+00:00,db3d1e3210f4d155,2,
apollo-client,1649890610_bdb6d0fb0184c1f1f6a2d66e1d1326e2a9cd4ea5,src_unit,1,516,1763,  ● useQuery Hook › Skipping › should refetch when skip is true,acceptable,2026-09-07T08:15:58.953079+00:00,6bd8c2a30209d472,1,
apollo-client,1649890610_bdb6d0fb0184c1f1f6a2d66e1d1326e2a9cd4ea5,src_unit,1,517,1810,  ● useQuery Hook › Skipping › should set correct initialFetchPolicy even if skip:true,acceptable,2026-09-07T08:15:58.958241+00:00,30dbac5017ac97f1,1,a016b5c724ef
apollo-client,1649890610_bdb6d0fb0184c1f1f6a2d66e1d1326e2a9cd4ea5,src_unit,1,518,1937,  ● useQuery Hook › defaultOptions › should allow polling options to be passed to the client,acceptable,2026-09-07T08:15:58.962900+00:00,3f6f8d0f4f548687,2,7302e05056e0
apollo-client,1649890624_07bb759648c9f4790b405550b470f95631ddcfd1,src_unit,1,519,4776,  ● useLazyQuery Hook SSR › should run query only after calling the lazy mode execute function,acceptable,2026-09-07T08:15:58.965836+00:00,1b89afc1a6997e47,1,3b48c956d8c7
apollo-client,1649972939_85ae61f66bef4c281b28a897f8f7386bc13e7b7e,src_unit,1,520,739,  ● useQuery Hook › General use › useQuery produces the expected frames when variables change,acceptable,2026-09-07T08:15:58.969385+00:00,f23fae7260833484,3,3b48c956d8c7
apollo-client,1650560772_1089b2f0defc5a3eee8c05df9b35f120e8266211,src_unit,1,521,2597,  ● Test suite failed to run,reevaluated_acceptable,2026-09-07T08:16:11.405364+00:00,5fe17029cac2380b,1,
apollo-client,1650560772_1089b2f0defc5a3eee8c05df9b35f120e8266211,src_unit,1,522,2780,  ● Test suite failed to run,reevaluated_acceptable,2026-09-07T08:16:11.409735+00:00,9bd54666e40658fb,1,19787f7ec960
apollo-client,1651613253_6695b02c61130804f5fbd2926f1787bf74bbcd50,src_unit,1,523,825,  ● useQuery Hook › options.defaultOptions › defaultOptions do not confuse useQuery when unskipping a query (issue #9635),acceptable,2026-09-07T08:16:11.412644+00:00,0c47acf7b11da45e,1,3b48c956d8c7
apollo-client,1651613373_7427f657b14813b1cc91bbbd68f27d1409e712c0,src_unit,1,524,2692,  ● useLazyQuery Hook › options.defaultOptions › defaultOptions do not confuse useLazyQuery,acceptable,2026-09-07T08:16:11.415208+00:00,714ab14cf24fa1e3,1,7302e05056e0
apollo-client,1651613373_7427f657b14813b1cc91bbbd68f27d1409e712c0,src_unit,1,525,4646,  ● useLazyQuery Hook › options.defaultOptions › defaultOptions do not confuse useLazyQuery,acceptable,2026-09-07T08:16:11.417722+00:00,3683fdf241aeeeaa,1,7302e05056e0
apollo-client,1652135709_44df04d2bbb0cf19efb148a18ac7d5adbbff9315,src_unit,1,526,825,  ● useQuery Hook › General use › should not return stale variables when stored in state,acceptable,2026-09-07T08:16:11.420358+00:00,afd94c13fe4a9d57,6,7302e05056e0
apollo-client,1652734407_39f7bffdf695eab03b590c1cfe077081f56b10c1,src_unit,1,527,2249,  ● executes subscription for the variables passed in the props,acceptable,2026-09-07T08:16:11.423748+00:00,afce70aae9f0d0ab,1,7302e05056e0
apollo-client,1652734407_39f7bffdf695eab03b590c1cfe077081f56b10c1,src_unit,1,528,2290,  ● does not execute if variables have not changed,acceptable,2026-09-07T08:16:11.426357+00:00,350782ee0024a6f0,1,7302e05056e0
apollo-client,1652734407_39f7bffdf695eab03b590c1cfe077081f56b10c1,src_unit,1,529,2330,  ● renders an error,acceptable,2026-09-07T08:16:11.428908+00:00,bda361d0ec57044b,1,7302e05056e0
apollo-client,1652734407_39f7bffdf695eab03b590c1cfe077081f56b10c1,src_unit,1,530,2756,  ● subscriptions › resubscribes to a subscription,acceptable,2026-09-07T08:16:11.431524+00:00,aa1a0d758bf6acd7,20,b0f49ea42274
apollo-client,1654630682_bbd948169355dc75d079418c5b1808a7b77eb3a8,src_unit,1,531,1236,  ● useMutation Hook › refetching queries › refetchQueries should work with BatchHttpLink,acceptable,2026-09-07T08:16:11.434178+00:00,6812cd5b4ff0b7ca,1,d5414eddad83
apollo-client,1654630682_bbd948169355dc75d079418c5b1808a7b77eb3a8,src_unit,1,532,2885,  ● useMutation Hook › refetching queries › refetchQueries should work with BatchHttpLink,acceptable,2026-09-07T08:16:11.436961+00:00,584d67190ce5bd58,1,d5414eddad83
apollo-client,1655229543_1d691f7d22a6e699e8f38fe7d4ae8720c00daf9e,src_unit,1,533,607,  ● ObservableQuery › refetch › resets fetchPolicy when variables change when using nextFetchPolicy,acceptable,2026-09-07T08:16:11.440102+00:00,94a1241c7427d11c,2,7302e05056e0
apollo-client,1655229543_1d691f7d22a6e699e8f38fe7d4ae8720c00daf9e,src_unit,1,534,1682,  ● nextFetchPolicy › transitions network-only to cache-first (not using defaults),acceptable,2026-09-07T08:16:11.443203+00:00,4d174c23cbc965c1,1,7302e05056e0
apollo-client,1655229543_1d691f7d22a6e699e8f38fe7d4ae8720c00daf9e,src_unit,1,535,1701,  ● nextFetchPolicy › transitions network-only to cache-first (using defaults),acceptable,2026-09-07T08:16:11.445777+00:00,57c818c51a0c4ee3,1,7302e05056e0
apollo-client,1655229543_1d691f7d22a6e699e8f38fe7d4ae8720c00daf9e,src_unit,1,536,1720,  ● nextFetchPolicy › transitions network-only to nextFetchPolicyNetworkOnlyToCacheFirst (not using defaults),acceptable,2026-09-07T08:16:11.448430+00:00,ced80338b49c7ebc,1,7302e05056e0
apollo-client,1655229543_1d691f7d22a6e699e8f38fe7d4ae8720c00daf9e,src_unit,1,537,1739,  ● nextFetchPolicy › transitions network-only to nextFetchPolicyNetworkOnlyToCacheFirst (using defaults),acceptable,2026-09-07T08:16:11.451887+00:00,4f8b72c25e9db095,1,7302e05056e0
apollo-client,1663779363_abecb11601f286e414101a3bc5b53017e7eb1499,config_unit,1,538,833,  ● Test suite failed to run,reevaluated_acceptable,2026-09-07T08:16:39.259809+00:00,42d44648fbb57418,1,
apollo-client,1663779363_abecb11601f286e414101a3bc5b53017e7eb1499,config_unit,1,539,3995,  ● Test suite failed to run,reevaluated_acceptable,2026-09-07T08:16:39.265422+00:00,8ce1b95da873c643,1,dbb32d579aef
apollo-client,1663779365_32b4acd70a246c83fe2ea7a065a4e88902330c67,config_unit,1,540,1019,  ● writing to the store › does not swallow errors other than field errors,acceptable,2026-09-07T08:16:39.268449+00:00,5426c1e49da413de,1,b3c0cec5ba84
apollo-client,1664677304_279bb3167d3eee7b7e25d884fc09bec90c4b7b57,config_unit,1,541,2874,  ● useSubscription Hook › prefers 'onComplete' when using 'onComplete' and 'onSubscriptionComplete' together,acceptable,2026-09-07T08:16:39.271449+00:00,04df9a36f6a152f7,1,d82723855f3a
apollo-client,1670621385_64cb88a4b6be8640c4e0d753dd06ddf4c25a2bc3,config_unit,1,542,705,  ● useQuery Hook › Callbacks › onCompleted should fire when polling with notifyOnNetworkStatusChange: true,acceptable,2026-09-07T08:16:39.274784+00:00,873b435c99942315,6,7302e05056e0
apollo-client,1673293301_1b694f1b0e56c64d504db311fcba9311c35f0dd4,config_unit,1,543,1283,  ● useQuery Hook › General use › useQuery produces the expected renders initially,acceptable,2026-09-07T08:16:39.278838+00:00,adb8d487771cab20,2,7302e05056e0
apollo-client,1673558417_d5f54c86fffe99f75edb64539344e125535602e6,config_unit,1,544,1537,"  ● useLazyQuery Hook › network errors › handles errorPolicy:""ignore"" appropriately",acceptable,2026-09-07T08:16:39.281742+00:00,9ec123deaf33a558,1,7302e05056e0
apollo-client,1674155436_29ff9f67d1ec6d1f35d648fef34780cd8dbeb377,config_unit,1,545,1083,"  ● writing to the store › ""Cache data maybe lost..."" warnings › should not warn when scalar fields are updated",acceptable,2026-09-07T08:16:39.284714+00:00,d4416d918126cc4a,162,b0e89a7de6f5
apollo-client,1674160445_8f79bb2547e549dadb9451c0541f174668a92bf1,config_unit,1,546,1572,"  ● useLazyQuery Hook › network errors › handles errorPolicy:""none"" appropriately",acceptable,2026-09-07T08:16:39.287629+00:00,6fc21de0134e7ecd,1,7302e05056e0
apollo-client,1675690972_42070787ba58ad5b7088a5ce68d9e90b64e6694c,config_unit,1,547,3241,  ● exports of public entry points › @apollo/client/utilities/globals,acceptable,2026-09-07T08:16:39.290640+00:00,908606defa11a458,1,b0e89a7de6f5
apollo-client,1676499902_4d92c5f837371bdc9a7ae2671a8674bffa06363b,config_unit,1,548,2360,  ● Basic resolver capabilities › should handle @client fields inside fragments,acceptable,2026-09-07T08:16:39.293750+00:00,c57e03cb6818f7f3,3,68da1bb52127
apollo-client,1676499903_61fe074f81fbc9e847a7818b66c1954497768f03,config_unit,1,549,3050,  ● removeClientSetsFromDocument › should remove @client and __typename only fragment when fragment precedes query,acceptable,2026-09-07T08:16:39.296682+00:00,bfcbc6637aa3f883,1,7302e05056e0
apollo-client,1681420647_bc54588f03e89c947a7cd213234e6624772fe3cc,config_unit,1,550,5862,"  ● useSuspenseQuery › enables canonical results when canonizeResults is ""true""",acceptable,2026-09-07T08:16:46.536387+00:00,c30d00b3be06f7e7,1,
apollo-client,1681420647_bc54588f03e89c947a7cd213234e6624772fe3cc,config_unit,1,551,5881,  ● useSuspenseQuery › can disable canonical results when the cache's canonizeResults setting is true,acceptable,2026-09-07T08:16:46.540878+00:00,97320a5b589853a3,1,e5a329cfcbe4
apollo-client,1681420647_bc54588f03e89c947a7cd213234e6624772fe3cc,config_unit,1,552,5900,"  ● useSuspenseQuery › does not suspend when data is in the cache and using a ""cache-first"" fetch policy",acceptable,2026-09-07T08:16:56.290550+00:00,212a51fa6ce1123d,1,
apollo-client,1681420647_bc54588f03e89c947a7cd213234e6624772fe3cc,config_unit,1,553,5923,  ● useSuspenseQuery › responds to cache updates when data is already in the cache while using a cache-first fetch policy,acceptable,2026-09-07T08:16:56.294909+00:00,b022c5be64272b23,1,e5a329cfcbe4
apollo-client,1681420647_bc54588f03e89c947a7cd213234e6624772fe3cc,config_unit,1,554,5942,"  ● useSuspenseQuery › does not suspend deferred queries with data in the cache and using a ""cache-first"" fetch policy",acceptable,2026-09-07T08:16:56.299233+00:00,2b534920b34fc1a8,1,73bce11901a4
apollo-client,1694637976_5e8b5e09e504e2780e02526acba792b340a571a4,config_unit,1,556,2323,  ● QueryManager › should not write unchanged network results to cache,acceptable,2026-09-07T08:17:30.690241+00:00,7eef6b4e7479ffb1,1,3b48c956d8c7
apollo-client,1696532723_f6b9953dbaa5d3a8f8716e4f4ad9f41f13e1fe1e,config_unit,1,557,2455,  ● useBackgroundQuery › refetch › can refetch after error is encountered,acceptable,2026-09-07T08:17:40.355462+00:00,48c0b8ded89624ac,1,
apollo-client,1705511777_9f5f8013e749d115bb419a3854f0c22348f53d26,config_unit,1,558,2352,  ● refetch › throws errors when errors are returned after calling `refetch`,acceptable,2026-09-07T08:17:51.006343+00:00,33cf1f1be0568eaf,6,
apollo-client,1713955089_8df6013b6b45452ec058fab3e068b5b6d6c493f7,config_unit,1,559,6270,  ● General use › should pass the variables to the variableMatcher,acceptable,2026-09-07T08:18:16.559971+00:00,f0c8a4bf46560f35,1,
apollo-client,1713955089_8df6013b6b45452ec058fab3e068b5b6d6c493f7,config_unit,1,560,6330,  ● General use › should use a mock if the variableMatcher returns true,acceptable,2026-09-07T08:18:16.564584+00:00,2b895bad90c75b3e,1,5b4457e428ca
apollo-client,1713955089_8df6013b6b45452ec058fab3e068b5b6d6c493f7,config_unit,1,561,6390,  ● General use › should error if the variableMatcher returns false,acceptable,2026-09-07T08:18:16.567786+00:00,f2d419a4c05a82ac,1,5b4457e428ca
apollo-client,1715964164_ad6392424ddbeb6f91b165c806251490e1cdd69e,config_unit,1,562,1309,  ● useQuery Hook › polling › stops polling when component unmounts in strict mode with cache-and-network fetch policy,acceptable,2026-09-07T08:18:16.570658+00:00,142648a3d0966918,8,d82723855f3a
apollo-client,1718190850_7fb7939edb7ca8f4273b75554f96ea9936731458,config_unit,1,563,4430,  ● works with startTransition to change variables,acceptable,2026-09-07T08:18:58.080174+00:00,4bd020b2adc36744,1,d5414eddad83
apollo-client,1718190850_7fb7939edb7ca8f4273b75554f96ea9936731458,config_unit,1,564,9810,  ● works with startTransition to change variables,acceptable,2026-09-07T08:18:58.083704+00:00,501f5bf6255f1ee7,1,d5414eddad83
apollo-client,1719308454_573fab4f13a3644b269966ecb6377046b35c9bea,config_unit,1,565,4431,  ● `refetch` works with startTransition to allow React to show stale UI until finished suspending,acceptable,2026-09-07T08:20:10.989065+00:00,cf4b158f004be784,1,
apollo-client,1719308454_573fab4f13a3644b269966ecb6377046b35c9bea,config_unit,1,566,9481,  ● `refetch` works with startTransition to allow React to show stale UI until finished suspending,acceptable,2026-09-07T08:20:10.999094+00:00,7621dc1f27c257ac,1,379aba042aba
apollo-client,1719997458_06d98acb3d7cf758220675297d4f02c24a3981c1,config_unit,1,567,1212,  ● useQuery Hook › <React.StrictMode> › double-rendering should not trigger duplicate network requests,acceptable,2026-09-07T08:20:11.002731+00:00,193b65a9fec2f7ad,13,7302e05056e0
apollo-client,1719997458_8bb445c7ff6aac518b39b701ac73ede16ea70044,config_unit,1,568,412,  ● useSuspenseQuery › throws network errors by default,acceptable,2026-09-07T08:20:11.005852+00:00,8e5a1b56dde49a2d,3,7302e05056e0
apollo-client,1720700187_78332be32a9af0da33eb3e4100e7a76c3eac2496,config_unit,1,569,6243,  ● properly uses `updateQuery` when calling `fetchMore`,acceptable,2026-09-07T08:20:11.010236+00:00,cbaf1a41ebbd9c65,1,642cb11acaa0
apollo-client,1720700187_78332be32a9af0da33eb3e4100e7a76c3eac2496,config_unit,1,570,15004,  ● properly uses `updateQuery` when calling `fetchMore`,acceptable,2026-09-07T08:20:11.016060+00:00,940cbae6d1f62948,1,642cb11acaa0
apollo-client,1721690063_f7aed4ff873ac70fa9192f1cfbee013d1800a2bd,config_unit,1,571,1375,  ● useQuery Hook › polling › stops polling when component unmounts with cache-and-network fetch policy,acceptable,2026-09-07T08:20:11.021539+00:00,a38f7d0f693c6e91,2,d82723855f3a
apollo-client,1723216186_b19f4921372a2e395ed483b1e70c9e2b8b6ad4f4,config_unit,1,572,417,  ● useSuspenseQuery › `refetch` works with startTransition to allow React to show stale UI until finished suspending,acceptable,2026-09-07T08:20:11.025612+00:00,63e88b13d26f9a84,4,379aba042aba
apollo-client,1725305331_3fdc3816b18dc8fff7e6f966e399a625e4b7a9e7,config_unit,1,573,12734,  ● useFragment › can rerender individual list elements,acceptable,2026-09-07T08:20:11.029113+00:00,a0f4a1ea2a7e1b69,1,3b48c956d8c7
apollo-client,1727198089_ca911fe4a3424b135a95d500f35705f6492ed5e2,config_unit,1,574,7233,  ● data masking › masks partial data returned from data on errors with errorPolicy `all`,acceptable,2026-09-07T08:20:11.032396+00:00,a880e258d87ff9a0,5,3b48c956d8c7
apollo-client,1727198090_fd41f960cab8af2e03abc51271dfeef37f947886,config_unit,1,575,15103,  ● masks partial data returned from data on errors with errorPolicy `all`,acceptable,2026-09-07T08:20:11.035752+00:00,e025a319c59b1788,1,3b48c956d8c7
apollo-client,1727198090_fd41f960cab8af2e03abc51271dfeef37f947886,config_unit,1,576,16129,  ● masks partial data returned from data on errors with errorPolicy `all`,acceptable,2026-09-07T08:20:11.039274+00:00,7eb1a23a90ed76b3,1,3b48c956d8c7
apollo-client,1727200517_c28dd60f0435ac6e4faecd608b4bed363347eb13,config_unit,1,577,14187,  ● masks partial data returned from data on errors with errorPolicy `all`,acceptable,2026-09-07T08:20:11.042798+00:00,8ff98a793ce66a14,1,3b48c956d8c7
apollo-client,1727200517_c28dd60f0435ac6e4faecd608b4bed363347eb13,config_unit,1,578,16169,  ● masks partial data returned from data on errors with errorPolicy `all`,acceptable,2026-09-07T08:20:11.046203+00:00,a08637c1af790875,1,3b48c956d8c7
apollo-client,1694637976_5e8b5e09e504e2780e02526acba792b340a571a4,config_unit,1,555,2309,  ● QueryManager › should not return stale data when we orphan a real-id node in the store with a real-id node,acceptable,2026-09-07T08:21:18.125263+00:00,dc778e901306e462,1,
apollo-client,1731014116_ba70b6254862fae884457d9356c65c15497a4e89,config_unit,1,579,490,  ● useSuspenseQuery › masks queries when dataMasking is `true`,acceptable,2026-09-07T08:21:38.324317+00:00,61b7e43423f9f0aa,2,
apollo-client,1731014116_ba70b6254862fae884457d9356c65c15497a4e89,config_unit,1,580,509,  ● useSuspenseQuery › does not mask query when dataMasking is `false`,acceptable,2026-09-07T08:21:39.030124+00:00,0a1c13b4a4e2493e,2,
apollo-client,1731014116_ba70b6254862fae884457d9356c65c15497a4e89,config_unit,1,581,528,  ● useSuspenseQuery › does not mask query by default,acceptable,2026-09-07T08:21:39.587437+00:00,4cd94fee163a3d09,2,
apollo-client,1731014116_ba70b6254862fae884457d9356c65c15497a4e89,config_unit,1,582,547,  ● useSuspenseQuery › masks queries updated by the cache,acceptable,2026-09-07T08:21:53.931962+00:00,b647830898225200,2,
apollo-client,1731014116_ba70b6254862fae884457d9356c65c15497a4e89,config_unit,1,583,566,  ● useSuspenseQuery › does not rerender when updating field in named fragment,acceptable,2026-09-07T08:21:53.937071+00:00,0caff0396449553f,2,9b1e2a70a1d3
apollo-client,1731014116_ba70b6254862fae884457d9356c65c15497a4e89,config_unit,1,584,585,  ● useSuspenseQuery › masks result from cache when using with cache-first fetch policy,acceptable,2026-09-07T08:21:53.942226+00:00,205c4e5d61f9d43f,2,9b1e2a70a1d3
apollo-client,1731014116_ba70b6254862fae884457d9356c65c15497a4e89,config_unit,1,585,604,  ● useSuspenseQuery › masks cache and network result when using cache-and-network fetch policy,acceptable,2026-09-07T08:21:53.947950+00:00,089944704273cb1b,2,9b1e2a70a1d3
apollo-client,1731014116_ba70b6254862fae884457d9356c65c15497a4e89,config_unit,1,586,623,  ● useSuspenseQuery › masks partial cache data when returnPartialData is `true`,acceptable,2026-09-07T08:21:53.951219+00:00,2465688ec2e78b67,2,9b1e2a70a1d3
apollo-client,1731014116_ba70b6254862fae884457d9356c65c15497a4e89,config_unit,1,587,1864,  ● useQuery Hook › data masking › masks queries when dataMasking is `true`,acceptable,2026-09-07T08:21:53.954839+00:00,0ab92c03c399cdbd,3,9b1e2a70a1d3
apollo-client,1731014116_ba70b6254862fae884457d9356c65c15497a4e89,config_unit,1,588,1883,  ● useQuery Hook › data masking › does not mask query when dataMasking is `false`,acceptable,2026-09-07T08:21:53.959015+00:00,a30f96956979b775,2,9b1e2a70a1d3
apollo-client,1731014116_ba70b6254862fae884457d9356c65c15497a4e89,config_unit,1,589,1902,  ● useQuery Hook › data masking › does not mask query by default,acceptable,2026-09-07T08:21:53.962221+00:00,afd834f39fe72a2d,2,9b1e2a70a1d3
apollo-client,1731014116_ba70b6254862fae884457d9356c65c15497a4e89,config_unit,1,590,1921,  ● useQuery Hook › data masking › masks queries updated by the cache,acceptable,2026-09-07T08:21:53.965941+00:00,962f9e62d375e948,2,9b1e2a70a1d3
apollo-client,1731014116_ba70b6254862fae884457d9356c65c15497a4e89,config_unit,1,591,1940,  ● useQuery Hook › data masking › does not rerender when updating field in named fragment,acceptable,2026-09-07T08:21:53.969214+00:00,04b16bc9e68b3167,2,9b1e2a70a1d3
apollo-client,1731014116_ba70b6254862fae884457d9356c65c15497a4e89,config_unit,1,592,1959,  ● useQuery Hook › data masking › masks result from cache when using with cache-first fetch policy,acceptable,2026-09-07T08:21:53.972448+00:00,79a238d573862b3b,2,9b1e2a70a1d3
apollo-client,1731014116_ba70b6254862fae884457d9356c65c15497a4e89,config_unit,1,593,1978,  ● useQuery Hook › data masking › masks result from cache when using with cache-only fetch policy,acceptable,2026-09-07T08:21:53.975705+00:00,a8fef57980269eee,2,9b1e2a70a1d3
apollo-client,1731014116_ba70b6254862fae884457d9356c65c15497a4e89,config_unit,1,594,1997,  ● useQuery Hook › data masking › masks cache and network result when using cache-and-network fetch policy,acceptable,2026-09-07T08:21:53.980995+00:00,ce99da9d23456a04,2,9b1e2a70a1d3
apollo-client,1731014116_ba70b6254862fae884457d9356c65c15497a4e89,config_unit,1,595,2016,  ● useQuery Hook › data masking › masks partial cache data when returnPartialData is `true`,acceptable,2026-09-07T08:21:53.985877+00:00,2a78d1a58f87193d,2,9b1e2a70a1d3
apollo-client,1731014116_ba70b6254862fae884457d9356c65c15497a4e89,config_unit,1,596,2035,  ● useQuery Hook › data masking › masks partial data returned from data on errors with errorPolicy `all`,acceptable,2026-09-07T08:21:53.991809+00:00,42094cf5aa0d745d,2,9b1e2a70a1d3
apollo-client,1731014116_ba70b6254862fae884457d9356c65c15497a4e89,config_unit,1,597,3260,  ● masks queries when dataMasking is `true`,acceptable,2026-09-07T08:22:06.500804+00:00,bbe7e4901a9cd777,1,
apollo-client,1731014116_ba70b6254862fae884457d9356c65c15497a4e89,config_unit,1,598,3279,  ● does not mask query when dataMasking is `false`,acceptable,2026-09-07T08:22:06.507611+00:00,2d893a268f7e9f72,1,1e2e5fb50d61
apollo-client,1731014116_ba70b6254862fae884457d9356c65c15497a4e89,config_unit,1,599,3298,  ● does not mask query by default,acceptable,2026-09-07T08:22:06.511601+00:00,edcbd79ab4c07853,1,1e2e5fb50d61
apollo-client,1731014116_ba70b6254862fae884457d9356c65c15497a4e89,config_unit,1,600,3317,  ● masks queries updated by the cache,acceptable,2026-09-07T08:22:06.518162+00:00,3bfdd65b1ac66e61,1,1e2e5fb50d61
apollo-client,1731014116_ba70b6254862fae884457d9356c65c15497a4e89,config_unit,1,601,3336,  ● does not rerender when updating field in named fragment,acceptable,2026-09-07T08:22:06.521809+00:00,f8acdb3c8767da2e,1,1e2e5fb50d61
apollo-client,1731014116_ba70b6254862fae884457d9356c65c15497a4e89,config_unit,1,602,3355,  ● masks result from cache when using with cache-first fetch policy,acceptable,2026-09-07T08:22:06.526150+00:00,d911b590aac4f11c,1,1e2e5fb50d61
apollo-client,1731014116_ba70b6254862fae884457d9356c65c15497a4e89,config_unit,1,603,3374,  ● masks cache and network result when using cache-and-network fetch policy,acceptable,2026-09-07T08:22:06.531720+00:00,711402186674102f,1,1e2e5fb50d61
apollo-client,1731014116_ba70b6254862fae884457d9356c65c15497a4e89,config_unit,1,604,3393,  ● masks partial cache data when returnPartialData is `true`,acceptable,2026-09-07T08:22:06.535138+00:00,db4aed7dcc7a57b0,1,1e2e5fb50d61
apollo-client,1731014116_ba70b6254862fae884457d9356c65c15497a4e89,config_unit,1,605,3412,  ● masks partial data returned from data on errors with errorPolicy `all`,acceptable,2026-09-07T08:22:06.538524+00:00,c6790fe7ada8c027,1,1e2e5fb50d61
apollo-client,1731014116_ba70b6254862fae884457d9356c65c15497a4e89,config_unit,1,606,3468,  ● masks queries when dataMasking is `true`,acceptable,2026-09-07T08:22:06.542332+00:00,8077d2364fd0a752,1,1e2e5fb50d61
apollo-client,1731014116_ba70b6254862fae884457d9356c65c15497a4e89,config_unit,1,607,8471,  ● data masking › masks data returned from useMutation when dataMasking is `true`,acceptable,2026-09-07T08:22:14.786699+00:00,e65d37cb528b55b5,2,
apollo-client,1731014116_ba70b6254862fae884457d9356c65c15497a4e89,config_unit,1,608,8490,  ● data masking › does not mask data returned from useMutation when dataMasking is `false`,acceptable,2026-09-07T08:22:14.791347+00:00,d19764a1ac55c8ec,2,358ecac7d142
apollo-client,1731014116_ba70b6254862fae884457d9356c65c15497a4e89,config_unit,1,609,8509,"  ● data masking › passes masked data to onCompleted, does not pass masked data to update",acceptable,2026-09-07T08:22:14.796742+00:00,f7332233284c8212,2,358ecac7d142
apollo-client,1731014116_ba70b6254862fae884457d9356c65c15497a4e89,config_unit,1,610,9073,  ● masks result when dataMasking is `true`,acceptable,2026-09-07T08:22:44.279013+00:00,a4875a7f41412b3c,1,
apollo-client,1731014116_ba70b6254862fae884457d9356c65c15497a4e89,config_unit,1,611,9092,  ● does not mask result when dataMasking is `false`,acceptable,2026-09-07T08:22:48.230982+00:00,e3346f0ba96e74ce,1,
apollo-client,1731014116_ba70b6254862fae884457d9356c65c15497a4e89,config_unit,1,612,9111,  ● does not mask results by default,acceptable,2026-09-07T08:22:48.235350+00:00,8a31ad93da3d836d,1,f12ed81f6b48
apollo-client,1731014116_ba70b6254862fae884457d9356c65c15497a4e89,config_unit,1,613,9131,  ● masks result when dataMasking is `true`,acceptable,2026-09-07T08:22:48.238680+00:00,57b6bd8b0b4797ef,1,f12ed81f6b48
apollo-client,1731014116_ba70b6254862fae884457d9356c65c15497a4e89,config_unit,1,614,9919,  ● useLazyQuery Hook › data masking › does not mask queries when dataMasking is `false`,acceptable,2026-09-07T08:22:48.241950+00:00,ca663448ab1db5b6,2,358ecac7d142
apollo-client,1731014116_ba70b6254862fae884457d9356c65c15497a4e89,config_unit,1,615,9938,  ● useLazyQuery Hook › data masking › does not mask queries by default,acceptable,2026-09-07T08:22:48.245278+00:00,e78b074732656e64,2,358ecac7d142
apollo-client,1731014116_ba70b6254862fae884457d9356c65c15497a4e89,config_unit,1,616,13190,  ● data masking › masks data returned when dataMasking is `true`,acceptable,2026-09-07T08:22:48.248510+00:00,2a24af78e36ecca3,2,358ecac7d142
apollo-client,1731014116_ba70b6254862fae884457d9356c65c15497a4e89,config_unit,1,617,13209,  ● data masking › does not mask data returned from subscriptions when dataMasking is `false`,acceptable,2026-09-07T08:22:48.251821+00:00,dfeb3255c53857db,2,358ecac7d142
apollo-client,1731014116_ba70b6254862fae884457d9356c65c15497a4e89,config_unit,1,618,13228,  ● data masking › masks data passed to onData callback when dataMasking is `true`,acceptable,2026-09-07T08:22:48.255945+00:00,dab5f5c516ee004e,2,358ecac7d142
apollo-client,1731014116_ba70b6254862fae884457d9356c65c15497a4e89,config_unit,1,619,13247,  ● data masking › uses unmasked data when using the @unmask directive,acceptable,2026-09-07T08:22:48.259242+00:00,b72575b589b17b3e,2,358ecac7d142
apollo-client,1731014116_ba70b6254862fae884457d9356c65c15497a4e89,config_unit,1,620,15603,  ● useFragment › returns correct data when options change,acceptable,2026-09-07T08:22:54.883297+00:00,48bd046770bae29d,1,
apollo-client,1731014116_ba70b6254862fae884457d9356c65c15497a4e89,config_unit,1,621,15622,  ● useFragment › does not rerender when fields with @nonreactive change,acceptable,2026-09-07T08:22:54.889801+00:00,0256be91f85bf12c,1,d44cc72f6cb9
apollo-client,1731014116_ba70b6254862fae884457d9356c65c15497a4e89,config_unit,1,622,15641,  ● useFragment › does not rerender when fields with @nonreactive on nested fragment change,acceptable,2026-09-07T08:22:54.893257+00:00,f14f03dc9280c2be,1,d44cc72f6cb9
apollo-client,1731014116_ba70b6254862fae884457d9356c65c15497a4e89,config_unit,1,623,15660,  ● useFragment › warns when passing parent object to `from` when key fields are missing,acceptable,2026-09-07T08:22:54.898305+00:00,aefb1cadb107f74e,2,d44cc72f6cb9
apollo-client,1731014116_ba70b6254862fae884457d9356c65c15497a4e89,config_unit,1,624,15679,  ● data masking › returns masked fragment when data masking is enabled,acceptable,2026-09-07T08:22:54.901943+00:00,6b9e906e3ddd5aab,2,d44cc72f6cb9
apollo-client,1731014116_ba70b6254862fae884457d9356c65c15497a4e89,config_unit,1,625,15698,  ● data masking › does not rerender for cache writes to masked fields,acceptable,2026-09-07T08:22:54.905295+00:00,23e80073fbd343be,2,d44cc72f6cb9
apollo-client,1731014116_ba70b6254862fae884457d9356c65c15497a4e89,config_unit,1,626,15717,  ● data masking › updates child fragments for cache updates to masked fields,acceptable,2026-09-07T08:23:03.322021+00:00,bb63f0186094c733,2,
apollo-client,1731014116_ba70b6254862fae884457d9356c65c15497a4e89,config_unit,1,627,15736,  ● has the same timing as `useQuery` › both in same component,acceptable,2026-09-07T08:23:07.110326+00:00,1c6ca1bd6798a1bd,1,
apollo-client,1731014116_ba70b6254862fae884457d9356c65c15497a4e89,config_unit,1,628,15755,"  ● has the same timing as `useQuery` › `useQuery` in parent, `useFragment` in child",acceptable,2026-09-07T08:23:07.115175+00:00,71e139499cdc8c2f,1,9329e629bbab
apollo-client,1731014116_ba70b6254862fae884457d9356c65c15497a4e89,config_unit,1,629,19685,  ● masks queries when dataMasking is `true`,acceptable,2026-09-07T08:23:07.121298+00:00,0a3cf6c4e2d123a6,1,1e2e5fb50d61
apollo-client,1731014116_ba70b6254862fae884457d9356c65c15497a4e89,config_unit,1,630,19857,  ● masks queries when dataMasking is `true`,acceptable,2026-09-07T08:23:07.125108+00:00,6ee50e3dac2388c1,1,1e2e5fb50d61
apollo-client,1731014116_ba70b6254862fae884457d9356c65c15497a4e89,config_unit,1,631,20394,  ● masks result when dataMasking is `true`,acceptable,2026-09-07T08:23:07.132275+00:00,752c1f584dc3f521,1,f12ed81f6b48
apollo-client,1731014116_ba70b6254862fae884457d9356c65c15497a4e89,config_unit,1,632,20452,  ● masks result when dataMasking is `true`,acceptable,2026-09-07T08:23:07.135968+00:00,48b2746398f33c7f,1,f12ed81f6b48
apollo-client,1733331198_7bcde69848dead02b8af2305bcf0a1a87c99dbc8,config_unit,1,633,2595,  ● masks queries when dataMasking is `true`,reevaluated_acceptable,2026-09-07T08:23:28.047581+00:00,3de9ebd5f9f84ed7,1,
apollo-client,1733331198_7bcde69848dead02b8af2305bcf0a1a87c99dbc8,config_unit,1,634,2618,  ● masks queries when dataMasking is `true`,acceptable,2026-09-07T08:23:33.583098+00:00,d75109d69b1a9b52,1,
apollo-client,1733331198_7bcde69848dead02b8af2305bcf0a1a87c99dbc8,config_unit,1,635,2624,  ● does not mask query when dataMasking is `false`,reevaluated_acceptable,2026-09-07T08:23:41.648506+00:00,faa2500cb0f3fe81,1,
apollo-client,1733331198_7bcde69848dead02b8af2305bcf0a1a87c99dbc8,config_unit,1,636,2647,  ● does not mask query when dataMasking is `false`,reevaluated_acceptable,2026-09-07T08:23:41.653348+00:00,b4ceef157b65f62e,1,ca7c2450013e
apollo-client,1733331198_7bcde69848dead02b8af2305bcf0a1a87c99dbc8,config_unit,1,637,2653,  ● does not mask query by default,reevaluated_acceptable,2026-09-07T08:23:41.658457+00:00,6a4c194fcf6b4653,1,ca7c2450013e
apollo-client,1733331198_7bcde69848dead02b8af2305bcf0a1a87c99dbc8,config_unit,1,638,2676,  ● does not mask query by default,reevaluated_acceptable,2026-09-07T08:23:41.662006+00:00,68801ffce94fe19b,1,ca7c2450013e
apollo-client,1733331198_7bcde69848dead02b8af2305bcf0a1a87c99dbc8,config_unit,1,639,2682,  ● masks queries updated by the cache,reevaluated_acceptable,2026-09-07T08:23:41.665518+00:00,bde23e8a25f97fd9,1,ca7c2450013e
apollo-client,1733331198_7bcde69848dead02b8af2305bcf0a1a87c99dbc8,config_unit,1,640,2705,  ● masks queries updated by the cache,reevaluated_acceptable,2026-09-07T08:23:41.669054+00:00,0091f3ead1e122e7,1,ca7c2450013e
apollo-client,1733331198_7bcde69848dead02b8af2305bcf0a1a87c99dbc8,config_unit,1,641,2711,  ● does not rerender when updating field in named fragment,reevaluated_acceptable,2026-09-07T08:23:41.673600+00:00,9c0f61f3f22c3215,1,ca7c2450013e
apollo-client,1733331198_7bcde69848dead02b8af2305bcf0a1a87c99dbc8,config_unit,1,642,2734,  ● does not rerender when updating field in named fragment,reevaluated_acceptable,2026-09-07T08:23:41.679811+00:00,170fff80ac5b539b,1,ca7c2450013e
apollo-client,1733331198_7bcde69848dead02b8af2305bcf0a1a87c99dbc8,config_unit,1,643,2740,  ● masks result from cache when using with cache-first fetch policy,reevaluated_acceptable,2026-09-07T08:23:41.685733+00:00,f777563f146ffd03,1,ca7c2450013e
apollo-client,1733331198_7bcde69848dead02b8af2305bcf0a1a87c99dbc8,config_unit,1,644,2763,  ● masks result from cache when using with cache-first fetch policy,reevaluated_acceptable,2026-09-07T08:23:41.691134+00:00,698637439b5f9729,1,ca7c2450013e
apollo-client,1733331198_7bcde69848dead02b8af2305bcf0a1a87c99dbc8,config_unit,1,645,2769,  ● masks cache and network result when using cache-and-network fetch policy,reevaluated_acceptable,2026-09-07T08:23:41.696770+00:00,572a41478a8c3766,1,ca7c2450013e
apollo-client,1733331198_7bcde69848dead02b8af2305bcf0a1a87c99dbc8,config_unit,1,646,2792,  ● masks cache and network result when using cache-and-network fetch policy,reevaluated_acceptable,2026-09-07T08:23:41.700684+00:00,4e28558bd9f07d30,1,ca7c2450013e
apollo-client,1733331198_7bcde69848dead02b8af2305bcf0a1a87c99dbc8,config_unit,1,647,2798,  ● masks partial cache data when returnPartialData is `true`,reevaluated_acceptable,2026-09-07T08:23:41.704100+00:00,1fda91473ecf95cb,1,ca7c2450013e
apollo-client,1733331198_7bcde69848dead02b8af2305bcf0a1a87c99dbc8,config_unit,1,648,2821,  ● masks partial cache data when returnPartialData is `true`,reevaluated_acceptable,2026-09-07T08:23:41.707510+00:00,948a770a5f094df2,1,ca7c2450013e
apollo-client,1733331198_7bcde69848dead02b8af2305bcf0a1a87c99dbc8,config_unit,1,649,2827,  ● masks partial data returned from data on errors with errorPolicy `all`,reevaluated_acceptable,2026-09-07T08:23:41.710854+00:00,900bf3e6f959b971,1,ca7c2450013e
apollo-client,1733331198_7bcde69848dead02b8af2305bcf0a1a87c99dbc8,config_unit,1,650,2850,  ● masks partial data returned from data on errors with errorPolicy `all`,reevaluated_acceptable,2026-09-07T08:23:41.714261+00:00,14d46f2e869a3cf8,1,ca7c2450013e
apollo-client,1733331198_7bcde69848dead02b8af2305bcf0a1a87c99dbc8,config_unit,1,651,3112,  ● masks partial data returned from data on errors with errorPolicy `all`,acceptable,2026-09-07T08:23:48.518608+00:00,861aaa2c000fd820,1,
apollo-client,1733331198_7bcde69848dead02b8af2305bcf0a1a87c99dbc8,config_unit,1,652,3537,  ● Test suite failed to run,reevaluated_acceptable,2026-09-07T08:23:48.522798+00:00,8df10a16b74ff402,1,4ba438342341
apollo-client,1733331198_7bcde69848dead02b8af2305bcf0a1a87c99dbc8,config_unit,1,653,3588,  ● Test suite failed to run,reevaluated_acceptable,2026-09-07T08:23:48.526238+00:00,40c8fb76b68325b6,1,4ba438342341
apollo-client,1733331198_7bcde69848dead02b8af2305bcf0a1a87c99dbc8,config_unit,1,654,4204,  ● Test suite failed to run,reevaluated_acceptable,2026-09-07T08:23:48.530811+00:00,b32b428899c24e21,1,4ba438342341
apollo-client,1733331198_7bcde69848dead02b8af2305bcf0a1a87c99dbc8,config_unit,1,655,4420,  ● Test suite failed to run,reevaluated_acceptable,2026-09-07T08:23:48.534143+00:00,039e0ff9f4fb32b5,1,4ba438342341
apollo-client,1733331198_7bcde69848dead02b8af2305bcf0a1a87c99dbc8,config_unit,1,656,4464,  ● Test suite failed to run,reevaluated_acceptable,2026-09-07T08:23:48.537409+00:00,062fa1cdb70b8ad8,1,4ba438342341
apollo-client,1733331198_7bcde69848dead02b8af2305bcf0a1a87c99dbc8,config_unit,1,657,4903,  ● Test suite failed to run,reevaluated_acceptable,2026-09-07T08:23:48.540723+00:00,4cfe0aefcfa124cb,1,4ba438342341
apollo-client,1733331198_7bcde69848dead02b8af2305bcf0a1a87c99dbc8,config_unit,1,658,4990,  ● Test suite failed to run,reevaluated_acceptable,2026-09-07T08:23:48.544286+00:00,8a5c7f1d3d28d2a1,1,4ba438342341
apollo-client,1733331198_7bcde69848dead02b8af2305bcf0a1a87c99dbc8,config_unit,1,659,5342,  ● Test suite failed to run,reevaluated_acceptable,2026-09-07T08:23:48.547842+00:00,1e0b89439b21e55b,1,4ba438342341
apollo-client,1733331198_7bcde69848dead02b8af2305bcf0a1a87c99dbc8,config_unit,1,660,5434,  ● useFragment › allows `null` as valid `from` value without warning,acceptable,2026-09-07T08:23:55.690112+00:00,712bcd19f60bee62,1,
apollo-client,1733331198_7bcde69848dead02b8af2305bcf0a1a87c99dbc8,config_unit,1,661,5453,  ● useFragment › properly handles changing from null to valid from value,acceptable,2026-09-07T08:23:56.912304+00:00,c38c92e995a52e17,1,
apollo-client,1733331198_7bcde69848dead02b8af2305bcf0a1a87c99dbc8,config_unit,1,662,8767,  ● masks queries when dataMasking is `true`,reevaluated_acceptable,2026-09-07T08:23:56.916365+00:00,407ab885e66bede2,1,ca7c2450013e
apollo-client,1733331198_7bcde69848dead02b8af2305bcf0a1a87c99dbc8,config_unit,1,663,9022,  ● masks partial data returned from data on errors with errorPolicy `all`,reevaluated_acceptable,2026-09-07T08:23:56.919866+00:00,c4eb010a7d8a7453,1,ca7c2450013e
apollo-client,1733331198_7bcde69848dead02b8af2305bcf0a1a87c99dbc8,config_unit,1,664,9284,  ● masks partial data returned from data on errors with errorPolicy `all`,reevaluated_acceptable,2026-09-07T08:23:56.923144+00:00,3c3040353d6e7293,1,4ba438342341
apollo-client,1733331198_7bcde69848dead02b8af2305bcf0a1a87c99dbc8,config_unit,1,665,9363,  ● Test suite failed to run,reevaluated_acceptable,2026-09-07T08:23:56.930742+00:00,e006f8ad0c2bbf90,1,4ba438342341
apollo-client,1733331198_7bcde69848dead02b8af2305bcf0a1a87c99dbc8,config_unit,1,666,9370,  ● Test suite failed to run,reevaluated_acceptable,2026-09-07T08:23:56.934105+00:00,b5e6a3b01a963136,1,4ba438342341
apollo-client,1733335930_5e5595326c4637b16e41f83cc3e4e5497d401047,config_unit,1,667,776,  ● useSuspenseQuery › properly resolves when `skip` becomes false when returning a result that is deeply equal to data in the cache,acceptable,2026-09-07T08:23:56.937299+00:00,794a7d4fa90ecf2a,2,d5414eddad83
apollo-client,1734025620_68a7b4a11ae89e8f19f0b7c76669289b9327009a,config_unit,1,668,853,  ● useSuspenseQuery › allows custom query key so two components that share same query and variables do not interfere with each other,acceptable,2026-09-07T08:23:56.940445+00:00,b0a275007ef46aef,1,d5414eddad83
apollo-client,1737578782_75f9e5fbb3870558c3a4fbd979cfcab02fee3a23,config_unit,1,669,3054,  ● re-suspends multiple times when calling `refetch` multiple times,acceptable,2026-09-07T08:23:56.943950+00:00,ab631be74a0cdab1,1,a261d36bc334
apollo-client,1737578782_75f9e5fbb3870558c3a4fbd979cfcab02fee3a23,config_unit,1,670,5377,  ● re-suspends multiple times when calling `refetch` multiple times,acceptable,2026-09-07T08:23:56.948219+00:00,1fea791c347cac9d,1,a261d36bc334
apollo-client,1738007404_7f71d7e769620501690bf55f4ce6488587b8ff65,config_unit,1,671,3054,  ● `refetch` works with startTransition to allow React to show stale UI until finished suspending,acceptable,2026-09-07T08:23:56.951963+00:00,27641a33c5ede9c8,1,379aba042aba
apollo-client,1738007404_7f71d7e769620501690bf55f4ce6488587b8ff65,config_unit,1,672,5434,  ● `refetch` works with startTransition to allow React to show stale UI until finished suspending,acceptable,2026-09-07T08:23:56.955455+00:00,189a0e6f4dc1408a,1,379aba042aba
apollo-client,1738100460_86469a25abb72dbd68adff3554e3909036e77eee,config_unit,1,673,3052,  ● `fetchMore` works with startTransition to allow React to show stale UI until finished suspending,acceptable,2026-09-07T08:23:56.958909+00:00,64a63a80526ae5bf,1,379aba042aba
apollo-client,1738100460_86469a25abb72dbd68adff3554e3909036e77eee,config_unit,1,674,4467,  ● `fetchMore` works with startTransition to allow React to show stale UI until finished suspending,acceptable,2026-09-07T08:23:56.962359+00:00,67352ebcb90a93ae,1,379aba042aba
apollo-client,1738177694_109bde64df741c533a467749667ed6e469c7448e,config_unit,1,675,3067,  ● `refetch` works with startTransition to allow React to show stale UI until finished suspending,acceptable,2026-09-07T08:23:56.965565+00:00,80fb329ec3c8054d,1,d5414eddad83
apollo-client,1738177694_109bde64df741c533a467749667ed6e469c7448e,config_unit,1,676,5424,  ● `refetch` works with startTransition to allow React to show stale UI until finished suspending,acceptable,2026-09-07T08:23:56.968728+00:00,9ffe942de13a76ae,1,d5414eddad83
apollo-client,1738342846_f88e807ab9c0a58a63befc6ea2efc6f238e10603,config_unit,1,677,851,  ● ObservableQuery › setOptions › does not break refetch,acceptable,2026-09-07T08:26:00.473106+00:00,ed46d88766eaa1a1,1,
apollo-client,1738342846_f88e807ab9c0a58a63befc6ea2efc6f238e10603,config_unit,1,678,879,  ● ObservableQuery › setOptions › rerenders with new variables then shows correct data for previous variables,acceptable,2026-09-07T08:26:00.477781+00:00,f4438fbd8dd7f3a0,1,f2686b58bdab
apollo-client,1738342846_f88e807ab9c0a58a63befc6ea2efc6f238e10603,config_unit,1,679,907,  ● ObservableQuery › setOptions › does a network request if fetchPolicy is cache-only then store is reset then fetchPolicy becomes not cache-only,acceptable,2026-09-07T08:26:00.481549+00:00,55b185e2e8e972e1,1,f2686b58bdab
apollo-client,1738342846_f88e807ab9c0a58a63befc6ea2efc6f238e10603,config_unit,1,680,935,  ● ObservableQuery › setVariables › reruns query if the variables change,acceptable,2026-09-07T08:26:00.485720+00:00,aa64f1dd449e721c,1,f2686b58bdab
apollo-client,1738342846_f88e807ab9c0a58a63befc6ea2efc6f238e10603,config_unit,1,681,963,  ● ObservableQuery › setVariables › sets networkStatus to `setVariables` when fetching,acceptable,2026-09-07T08:26:00.491318+00:00,d3cd523e196701a0,1,f2686b58bdab
apollo-client,1738342846_f88e807ab9c0a58a63befc6ea2efc6f238e10603,config_unit,1,682,991,  ● ObservableQuery › setVariables › sets networkStatus to `setVariables` when calling refetch with new variables,acceptable,2026-09-07T08:26:00.496663+00:00,972e5103917244b7,1,f2686b58bdab
apollo-client,1738342846_f88e807ab9c0a58a63befc6ea2efc6f238e10603,config_unit,1,683,1019,  ● ObservableQuery › refetch › calls ObservableQuery.next even after hitting cache,acceptable,2026-09-07T08:26:00.500332+00:00,2144575c7250e8b1,1,f2686b58bdab
apollo-client,1738711279_c01da5da639d4d9e882d380573b7876df4a1d65b,config_unit,1,684,3571,  ● schema proxy › returns GraphQL errors,acceptable,2026-09-07T08:26:00.504248+00:00,656a359924240e1b,7,a261d36bc334
apollo-client,1738948215_a24ef9474f8f7a864f8b866563f8f7e661d2533f,config_unit,1,685,2615,  ● re-suspends multiple times when calling `refetch` multiple times,acceptable,2026-09-07T08:26:00.507814+00:00,82f762705a0c92aa,1,a261d36bc334
apollo-client,1738948215_a24ef9474f8f7a864f8b866563f8f7e661d2533f,config_unit,1,686,4696,  ● re-suspends multiple times when calling `refetch` multiple times,acceptable,2026-09-07T08:26:00.511524+00:00,9e7ca3d930881a8c,1,a261d36bc334
apollo-client,1738962362_fa7e6b8ad374a145e9ff8e5b1e5159f9d591cb26,config_unit,1,687,3242,  ● uses updateQuery to update the result of the query with no-cache queries,acceptable,2026-09-07T08:26:00.516765+00:00,cd9158e3d4f41ad6,1,f2686b58bdab
apollo-client,1738962362_fa7e6b8ad374a145e9ff8e5b1e5159f9d591cb26,config_unit,1,688,3798,  ● uses updateQuery to update the result of the query with no-cache queries,acceptable,2026-09-07T08:26:00.520504+00:00,88d67f474409d872,1,f2686b58bdab
apollo-client,1739471221_84cc504439957f389d0ffa13e036a01fbfcb24e8,config_unit,1,689,694,  ● ObservableQuery › updateQuery › should be able to determine if the previous result is complete,acceptable,2026-09-07T08:26:00.523939+00:00,4a7d26e89be32690,1,3b48c956d8c7
apollo-client,1739471221_84cc504439957f389d0ffa13e036a01fbfcb24e8,config_unit,1,690,2068,  ● ApolloClient › queryDeduplication › deduplicates queries as long as a query still has deferred chunks,acceptable,2026-09-07T08:26:17.566042+00:00,1b55adbc8eea4314,1,f2686b58bdab
apollo-client,1739471221_84cc504439957f389d0ffa13e036a01fbfcb24e8,config_unit,1,691,2848,  ● validates the GraphQL document is a fragment,acceptable,2026-09-07T08:26:25.416666+00:00,2687edcc9d4bcc76,1,
apollo-client,1739471221_84cc504439957f389d0ffa13e036a01fbfcb24e8,config_unit,1,692,3021,  ● validates the GraphQL document is a fragment,acceptable,2026-09-07T08:26:25.422049+00:00,0169fd3fc3b95cc1,1,1f413ecc4907
apollo-client,1739471221_84cc504439957f389d0ffa13e036a01fbfcb24e8,config_unit,1,693,3622,  ● validates the GraphQL document is a fragment,acceptable,2026-09-07T08:26:25.425917+00:00,168438f77c5ee547,1,1f413ecc4907
apollo-client,1739471221_84cc504439957f389d0ffa13e036a01fbfcb24e8,config_unit,1,694,3668,  ● validates the GraphQL document is a fragment,acceptable,2026-09-07T08:26:25.435582+00:00,8fcb9332f33af321,1,1f413ecc4907
apollo-client,1741699549_16ee78f590af214853c085c8a60f8ef502442c08,config_unit,1,695,692,  ● ObservableQuery › setVariables › does not invalidate the currentResult errors if the variables change,acceptable,2026-09-07T08:26:50.401211+00:00,06f0137dbf1087c9,2,
apollo-client,1741699549_16ee78f590af214853c085c8a60f8ef502442c08,config_unit,1,696,728,  ● ObservableQuery › currentResult › returns errors with data if errorPolicy is all,acceptable,2026-09-07T08:26:50.408812+00:00,1a578b21f03c4e5a,2,461d55ff9773
apollo-client,1741699549_16ee78f590af214853c085c8a60f8ef502442c08,config_unit,1,697,768,"  ● useQuery Hook › Error handling › calls `onCompleted` with partial data but avoids calling `onError` when using an `errorPolicy` set to ""ignore""",acceptable,2026-09-07T08:26:50.412299+00:00,d50a0dfb1cee8f61,1,d82723855f3a
apollo-client,1741699549_16ee78f590af214853c085c8a60f8ef502442c08,config_unit,1,698,788,"  ● useQuery Hook › Error handling › calls `onError` when returning GraphQL errors while using an `errorPolicy` set to ""all""",acceptable,2026-09-07T08:26:50.419651+00:00,d0515b9486cb5f0f,1,d82723855f3a
apollo-client,1741699549_16ee78f590af214853c085c8a60f8ef502442c08,config_unit,1,699,808,"  ● useQuery Hook › Error handling › calls `onError` but not `onCompleted` when returning partial data with GraphQL errors while using an `errorPolicy` set to ""all""",acceptable,2026-09-07T08:26:50.423129+00:00,96afbc53e5ff57b3,1,d82723855f3a
apollo-client,1741699549_16ee78f590af214853c085c8a60f8ef502442c08,config_unit,1,700,828,  ● useQuery Hook › Error handling › calls `onError` a single time when refetching returns a successful result,acceptable,2026-09-07T08:26:50.426550+00:00,47d056c1421bac56,1,d82723855f3a
apollo-client,1741701025_9ec9584b20e2aaf453974c6327448a1ef1b802f0,config_unit,1,701,2129,  ● throws errors when errors are returned after calling `refetch`,acceptable,2026-09-07T08:26:50.430294+00:00,a0fa14382d9f08ff,1,a261d36bc334
apollo-client,1741701025_9ec9584b20e2aaf453974c6327448a1ef1b802f0,config_unit,1,702,3179,  ● throws errors when errors are returned after calling `refetch`,acceptable,2026-09-07T08:26:50.433940+00:00,63bb18561278ce67,1,a261d36bc334
apollo-client,1742489607_5e8ec56ccaf740b4a3f5aec826ea87fc1218e735,config_unit,1,703,7629,  ● useQuery Hook › General use › returns correct result when cache updates after changing variables and skipping query,acceptable,2026-09-07T08:27:17.250998+00:00,d1bd6e919c03c4bf,1,461d55ff9773
apollo-client,1742844687_3f384a90a635490dcb4a40ade55250f8b882a9ce,config_unit,1,704,15790,  ● useSuspenseQuery › properly resolves `refetch` when returning a result that is deeply equal to data in the cache,acceptable,2026-09-07T08:27:17.254960+00:00,f4e02ab7bd16f88b,2,d5414eddad83
apollo-client,1744307102_11e884b7ef4713d1d4e385ab1e5534cf07ebe3d0,config_unit,1,705,17545,  ● ObservableQuery › reobserve › to change pollInterval › starts polling if goes from 0 -> something,acceptable,2026-09-07T08:27:17.258658+00:00,bf043a470f31c915,1,f2686b58bdab
apollo-client,1744307102_11e884b7ef4713d1d4e385ab1e5534cf07ebe3d0,config_unit,1,706,17564,  ● ObservableQuery › refetch › warnings about refetch({ variables }) › should warn if passed { variables } and query does not declare any variables,acceptable,2026-09-07T08:27:17.264423+00:00,2a7b14d1813e09ff,1,d82723855f3a
apollo-client,1744307102_11e884b7ef4713d1d4e385ab1e5534cf07ebe3d0,config_unit,1,707,17584,  ● ObservableQuery › refetch › warnings about refetch({ variables }) › should warn if passed { variables } and query does not declare $variables,acceptable,2026-09-07T08:27:17.268502+00:00,eb1f0936c87dcedf,1,d82723855f3a
apollo-client,1744307102_11e884b7ef4713d1d4e385ab1e5534cf07ebe3d0,config_unit,1,708,17604,  ● ObservableQuery › refetch › warnings about refetch({ variables }) › should not warn if passed { variables } and query declares $variables,acceptable,2026-09-07T08:27:31.381571+00:00,91d67e6f0985f08e,1,
apollo-client,1744907931_87d052108b51714a5f7015d4051732d0effa3fc5,config_unit,1,709,2187,  ● useSuspenseQuery › properly resolves `fetchMore` when returning a result that is deeply equal to data in the cache,acceptable,2026-09-07T08:27:31.387662+00:00,ff3f3a3c777834db,1,d5414eddad83
apollo-client,1744911533_99d72bfdb38e3d9679f60b9acb065a84e3b42fd6,config_unit,1,710,3055,  ● throws when error is returned,acceptable,2026-09-07T08:27:31.392005+00:00,242b6be978f869ba,1,a261d36bc334
apollo-client,1744911533_99d72bfdb38e3d9679f60b9acb065a84e3b42fd6,config_unit,1,711,4105,  ● throws when error is returned,acceptable,2026-09-07T08:27:31.395750+00:00,4e6391f5bce46701,1,a261d36bc334
apollo-client,1745337875_ce4b488bef13f2f5ce1b348d8c3196e198165dd6,config_unit,1,712,2774,  ● throws errors when errors are returned after calling `refetch`,acceptable,2026-09-07T08:27:31.399650+00:00,dfb6e02ebdb6db8f,1,a261d36bc334
apollo-client,1745337875_ce4b488bef13f2f5ce1b348d8c3196e198165dd6,config_unit,1,713,4105,  ● throws errors when errors are returned after calling `refetch`,acceptable,2026-09-07T08:27:31.403346+00:00,ff6e80985e390caa,1,a261d36bc334
apollo-client,1748472608_fca4d2cdb5aa742cf87a0a7e28852971f6e92a75,config_unit,1,714,331,  ● useSuspenseQuery › throws graphql errors returned by deferred queries,acceptable,2026-09-07T08:27:31.406730+00:00,95a8fb7908edc080,1,7302e05056e0
apollo-client,1750281272_bbb2b61d259da54560a79813b130a977dae10523,config_unit,1,715,3660,  ● prefers configured delay over default delay,acceptable,2026-09-07T08:27:44.874763+00:00,385d26d7f5fb1864,1,f2686b58bdab
apollo-client,1750281272_bbb2b61d259da54560a79813b130a977dae10523,config_unit,1,716,4527,  ● prefers configured delay over default delay,acceptable,2026-09-07T08:27:44.878791+00:00,185b085e75735bab,1,f2686b58bdab
apollo-client,1751273153_9c859b085cc7e2b16ae30dad324cf04fb320012f,config_unit,1,717,3572,  ● fetchMore on an observable query › triggers new result with async new variables › updateQuery,acceptable,2026-09-07T08:27:44.882795+00:00,1400b18dc87de267,2,f2686b58bdab
apollo-client,1751357228_5ff16fbdd97f08e9beb3ef9b6cc2282a8c99d01d,config_unit,1,718,2349,  ● ApolloClient › refetchQueries › should refetch using the original query context (if any),acceptable,2026-09-07T08:27:44.886688+00:00,2e1474e67d708acb,1,f2686b58bdab
apollo-client,1752591786_454ec78b751853da07243174a6f9bdc4535e7e8f,config_unit,1,719,1584,"  ● useSuspenseQuery › clears errors when changing variables and errorPolicy is set to ""all""",acceptable,2026-09-07T08:27:58.702905+00:00,e458b4e7b3faf82b,2,
apollo-client,1753263006_8ce31fae54b1ae76c557f361cc946858cb2ff66b,config_unit,1,720,2529,  ● throws errors when errors are returned after calling `refetch`,acceptable,2026-09-07T08:27:58.707744+00:00,35678faebce6663b,1,a261d36bc334
apollo-client,1753263006_8ce31fae54b1ae76c557f361cc946858cb2ff66b,config_unit,1,721,4100,  ● throws errors when errors are returned after calling `refetch`,acceptable,2026-09-07T08:27:58.711593+00:00,2f130c8bd42274ef,1,a261d36bc334
apollo-client,1753279677_1f2644113d2b7d57d6db1338ce94de95b4e33d53,config_unit,1,722,1587,  ● useSuspenseQuery › can refetch and respond to cache updates after encountering an error in an incremental chunk for a deferred query when `errorPolicy` is `all`,acceptable,2026-09-07T08:27:58.717638+00:00,74c3601a231cecd3,1,7baff60edf41
apollo-client,1753719767_0a2d0f4418d646ab3fcba5fba48ae2eb09214c35,config_unit,1,723,3665,  ● waits to return result based on static delay,acceptable,2026-09-07T08:27:58.722219+00:00,a2d1f8a43d3ccac5,1,f2686b58bdab
apollo-client,1753719767_0a2d0f4418d646ab3fcba5fba48ae2eb09214c35,config_unit,1,724,4115,  ● waits to return result based on static delay,acceptable,2026-09-07T08:27:58.726055+00:00,2770e5dfd1f4e4fc,1,f2686b58bdab
apollo-client,1754412512_ede7e0cc21ba09ea2b9724607626fdf0dc62e4e4,config_unit,1,725,2529,  ● throws errors when errors are returned after calling `refetch`,acceptable,2026-09-07T08:27:58.729817+00:00,8dcb4d45025fe99c,1,a261d36bc334
apollo-client,1754412512_ede7e0cc21ba09ea2b9724607626fdf0dc62e4e4,config_unit,1,726,4293,  ● throws errors when errors are returned after calling `refetch`,acceptable,2026-09-07T08:27:58.733676+00:00,2c0cf18c04270ac1,1,a261d36bc334
apollo-client,1754412736_07bfe0d8e2df1a8ee4dedb58be423c596c224ca7,config_unit,1,727,3924,  ● RetryLink › handles protocol errors from multipart subscriptions,acceptable,2026-09-07T08:27:58.737419+00:00,ed0be3141a34aa86,8,f2686b58bdab
apollo-client,1755246270_b0055613c1f4837e994d2d0756348d553e2f302f,config_unit,1,728,2867,  ● throws errors when errors are returned after calling `refetch`,acceptable,2026-09-07T08:27:58.741181+00:00,e2d894cbb767ad45,1,a261d36bc334
apollo-client,1755246270_b0055613c1f4837e994d2d0756348d553e2f302f,config_unit,1,729,4631,  ● throws errors when errors are returned after calling `refetch`,acceptable,2026-09-07T08:27:58.745039+00:00,daf7be7ae33223a2,1,a261d36bc334
apollo-client,1755747366_2dd31cc68260801922ceb2094d755101e27e77cd,config_unit,1,730,21880,  ● `fetchMore` works with startTransition to allow React to show stale UI until finished suspending,acceptable,2026-09-07T08:27:58.748502+00:00,7c48d63cb1b76f2b,1,d5414eddad83
apollo-client,1755747366_2dd31cc68260801922ceb2094d755101e27e77cd,config_unit,1,731,68974,  ● `fetchMore` works with startTransition to allow React to show stale UI until finished suspending,acceptable,2026-09-07T08:27:58.751979+00:00,d9e45e81703942ed,1,d5414eddad83
apollo-client,1756322000_de367f4af03a5ca2add764264df5431cd5629674,config_unit,1,732,2864,  ● `fetchMore` works with startTransition to allow React to show stale UI until finished suspending,acceptable,2026-09-07T08:27:58.755452+00:00,f852a08710039abf,1,d5414eddad83
apollo-client,1756322000_de367f4af03a5ca2add764264df5431cd5629674,config_unit,1,733,4668,  ● `fetchMore` works with startTransition to allow React to show stale UI until finished suspending,acceptable,2026-09-07T08:27:58.759595+00:00,74fc2ef7ca28b7d7,1,d5414eddad83
apollo-client,1756481342_cd5529285a53ac51d4b0cb6496552bf0b47006b3,config_unit,1,734,2875,  ● works with startTransition to change variables,acceptable,2026-09-07T08:27:58.765370+00:00,7edde722f80ba7f0,1,d5414eddad83
apollo-client,1756481342_cd5529285a53ac51d4b0cb6496552bf0b47006b3,config_unit,1,735,4674,  ● works with startTransition to change variables,acceptable,2026-09-07T08:27:58.769020+00:00,23b142adea185cd6,1,d5414eddad83
apollo-client,1756486118_d5d970a06838c689481de93d436e91105b7c16fe,config_unit,1,736,4005,  ● waits to return result based on static delay,acceptable,2026-09-07T08:27:58.772896+00:00,22a75f2d8b5fdf5a,1,f2686b58bdab
apollo-client,1756486118_d5d970a06838c689481de93d436e91105b7c16fe,config_unit,1,737,4649,  ● waits to return result based on static delay,acceptable,2026-09-07T08:27:58.776732+00:00,ac76ca874ae1e6c7,1,f2686b58bdab
apollo-client,1759258311_a3ea1c2127b4ffeed05447b480b56421f26a332a,config_unit,1,738,2868,  ● `fetchMore` works with startTransition to allow React to show stale UI until finished suspending,acceptable,2026-09-07T08:27:58.780420+00:00,7387170141800d8d,1,d5414eddad83
apollo-client,1759258311_a3ea1c2127b4ffeed05447b480b56421f26a332a,config_unit,1,739,4672,  ● `fetchMore` works with startTransition to allow React to show stale UI until finished suspending,acceptable,2026-09-07T08:27:58.783949+00:00,f1042c66e96c6242,1,d5414eddad83
apollo-client,1761579301_45ebb52bcb84b81ce3a066204456c2e20f3d4c98,config_unit,1,740,2952,  ● `refetch` works with startTransition to allow React to show stale UI until finished suspending,acceptable,2026-09-07T08:27:58.787907+00:00,9f99cfe17326884a,1,379aba042aba
apollo-client,1761579301_45ebb52bcb84b81ce3a066204456c2e20f3d4c98,config_unit,1,741,5140,  ● `refetch` works with startTransition to allow React to show stale UI until finished suspending,acceptable,2026-09-07T08:27:58.792838+00:00,d220ee0e3008c60d,1,379aba042aba
apollo-client,1763407912_3fadf4582f0f86fa755d64cf53b5eec3591be0c1,config_unit,1,742,2868,  ● throws errors when errors are returned after calling `refetch`,acceptable,2026-09-07T08:27:58.796815+00:00,97d91ae1ddc8c7f6,1,a261d36bc334
apollo-client,1763407912_3fadf4582f0f86fa755d64cf53b5eec3591be0c1,config_unit,1,743,4639,  ● throws errors when errors are returned after calling `refetch`,acceptable,2026-09-07T08:27:58.800763+00:00,1b13e3103a5368f3,1,a261d36bc334
apollo-client,1765904318_0775976eba7df6781d5af28124e6bc885cfa0c40,config_unit,1,744,2619,  ● `fetchMore` works with startTransition to allow React to show stale UI until finished suspending,acceptable,2026-09-07T08:27:58.804297+00:00,a4ddb124456b57e0,1,d5414eddad83
apollo-client,1765904318_0775976eba7df6781d5af28124e6bc885cfa0c40,config_unit,1,745,4232,  ● `fetchMore` works with startTransition to allow React to show stale UI until finished suspending,acceptable,2026-09-07T08:27:58.807879+00:00,6a9e1f30cc2a9761,1,d5414eddad83
apollo-client,1765969074_54be1114f9559c0ce035082ba547d56d5d10d269,config_unit,1,746,2021,  ● ApolloClient › onQueryUpdated › should refetch using the original query context (if any),acceptable,2026-09-07T08:27:58.811945+00:00,91449129af9f62db,1,f2686b58bdab
apollo-client,1766085129_9b426d6741dc56f2750a3b54e2f950d03e9be789,config_unit,1,747,2018,  ● applies changed `refetchWritePolicy` to next fetch when changing between renders,acceptable,2026-09-07T08:27:58.818149+00:00,d8b42b2561a98c89,1,a261d36bc334
apollo-client,1766085129_9b426d6741dc56f2750a3b54e2f950d03e9be789,config_unit,1,748,4696,  ● applies changed `refetchWritePolicy` to next fetch when changing between renders,acceptable,2026-09-07T08:27:58.822222+00:00,6930d8a635c0662a,1,a261d36bc334
apollo-client,1766399793_a50e1ce5c2a7204e7649a2ec4f7f3576cc4521de,config_unit,1,749,4351,  ● HttpLink › Multipart responses › subscriptions › whatwg stream bodies,acceptable,2026-09-07T08:27:58.826252+00:00,e0401a1f755094bd,1,f2686b58bdab
